Report Date,Route,Time,Day,Location,Incident,Min Delay,Min Gap,Direction,Vehicle
2019-02-01,985,00:00:00,Friday,31 Glen Watford,Utilized Off Route,1,1,,9069
2019-02-01,54,00:00:00,Friday,Lawrence & Bev Stanton Blvd.,Diversion,5,10,B/W,
2019-02-01,90,00:14:00,Friday,Oakwood and Vaughan,Mechanical,10,20,SB,1288
2019-02-01,112,01:14:00,Friday,renforth and carlingview,Utilized Off Route,20,40,N/B,8056
2019-02-01,63,01:42:00,Friday,Ossington Station,Utilized Off Route,10,20,SB,8219
2019-02-01,35,01:43:00,Friday,Jane Stn,Utilized Off Route,15,30,N/B,3366
2019-02-01,89,01:48:00,Friday,Keele stn,Utilized Off Route,10,20,N/B,1018
2019-02-01,320,01:56:00,Friday,SYON,Utilized Off Route,4,11,S/B,1041
2019-02-01,325,02:57:00,Friday,30 Thorncliffe Park,Diversion,30,60,B/W,
2019-02-01,395,03:15:00,Friday,Dean Park and Meadowvale,Diversion,30,60,N/B,1333
2019-02-01,54,04:00:00,Friday,Lawrence & Leslie,Diversion,1353,1363,W/B,
2019-02-01,54,04:00:00,Friday,Lawrence & Ben Stanton,Diversion,1212,1222,BW,
2019-02-01,54,04:00:00,Friday,54 Lawrence ave East route,General Delay,5,10,B/W,
2019-02-01,35,04:15:00,Friday,Route,General Delay,5,10,B/W,3177
2019-02-01,110,04:45:00,Friday,gardner at lakeshore exit.,Mechanical,1,1,E/B,8099
2019-02-01,707,04:47:00,Friday,MLGA,Utilized Off Route,1,1,E/B,1665
2019-02-01,24,04:49:00,Friday,STLV,Late Leaving Garage,21,42,S/B,7408
2019-02-01,65,04:50:00,Friday,CAST,Late Leaving Garage,13,26,S/B,8474
2019-02-01,86,04:54:00,Friday,Meadowvale Rd/401,Diversion,391,401,B/W,
2019-02-01,47,04:56:00,Friday,Yorkdale,Late Leaving Garage,20,30,S/B,1035
2019-02-01,102,05:00:00,Friday,Warden Stn,Mechanical,20,40,N/B,8469
2019-02-01,710,05:02:00,Friday,EGGA,Utilized Off Route,1,1,N/B,8784
2019-02-01,87,05:03:00,Friday,BSTN,Late Leaving Garage,5,10,E/B,8599
2019-02-01,39,05:03:00,Friday,BDFI,Utilized Off Route,10,29,S/B,1771
2019-02-01,299,05:06:00,Friday,Wilson Division,Utilized Off Route,1,1,E/B,8167
2019-02-01,81,05:06:00,Friday,Thorncliffe PK and millwood,Diversion,1,1,N/B,8932
2019-02-01,81,05:06:00,Friday,Birchmount Division,Utilized Off Route,5,10,S/B,8563
2019-02-01,116,05:08:00,Friday,EGGA,Utilized Off Route,12,24,O/B,8769
2019-02-01,31,05:09:00,Friday,GSTN,Late Leaving Garage,20,40,S/B,8454
2019-02-01,167,05:09:00,Friday,PSTL,Late Leaving Garage,2,46,S/B,8477
2019-02-01,354,05:10:00,Friday,Lawrence and McCowan,Diversion,1,1,B/W,8648
2019-02-01,706,05:10:00,Friday,Birchmount Division,Utilized Off Route,1,1,S/B,8529
2019-02-01,85,05:12:00,Friday,Sheppard and Neilson,Utilized Off Route,10,20,E/B,1284
2019-02-01,87,05:12:00,Friday,Birchmount Division,Utilized Off Route,5,10,E/B,8599
2019-02-01,17,05:14:00,Friday,Birchmount Division,Utilized Off Route,13,26,S/B,8939
2019-02-01,17,05:14:00,Friday,Warden Stn,Mechanical,7,14,N/B,8588
2019-02-01,52,05:15:00,Friday,Lawrence ave and Weston Rd,Late Leaving Garage,10,10,E/B,8185
2019-02-01,35,05:17:00,Friday,Jane Stn,Mechanical,5,10,,3131
2019-02-01,87,05:18:00,Friday,Birchmount Division,Utilized Off Route,5,10,E/B,9236
2019-02-01,95,05:20:00,Friday,KNRD,Utilized Off Route,10,20,W/B,1713
2019-02-01,102,05:22:00,Friday,WSTN,Utilized Off Route,20,40,N/B,8403
2019-02-01,34,05:26:00,Friday,Eglinton/Victoria Park,Utilized Off Route,4,8,S/B,8716
2019-02-01,16,05:26:00,Friday,BRGA,Mechanical,9,18,N/B,8476
2019-02-01,116,05:27:00,Friday,Kennedy STN,Utilized Off Route,12,13,E/B,8709
2019-02-01,60,05:28:00,Friday,,Mechanical,12,12,,3302
2019-02-01,939,05:30:00,Friday,MLGA,Utilized Off Route,7,14,W/B,1782
2019-02-01,337,05:30:00,Friday,8th street and lakeshore,Mechanical,15,30,N/B,8081
2019-02-01,25,05:31:00,Friday,Pape Station,Late Leaving Garage,7,12,N/B,8841
2019-02-01,52,05:32:00,Friday,Lawrence Station,Utilized Off Route,15,30,W/B,8207
2019-02-01,167,05:35:00,Friday,Birchmount and Lawrence,Mechanical,23,46,N/B,8477
2019-02-01,24,05:35:00,Friday,CSVP,Late Leaving Garage,13,26,N/B,8481
2019-02-01,65,05:35:00,Friday,Castle Frank stn,Mechanical,13,26,S/B,8464
2019-02-01,900,05:36:00,Friday,kipling stn,Mechanical,14,28,N/B,8011
2019-02-01,25,05:36:00,Friday,EGGA,Utilized Off Route,5,10,O/B,8753
2019-02-01,90,05:37:00,Friday,St.Clair West Station,Utilized Off Route,10,20,N/B,8378
2019-02-01,53,05:41:00,Friday,PAMK,Utilized Off Route,5,10,W/B,3422
2019-02-01,133,05:45:00,Friday,MLGA,Utilized Off Route,11,22,S/B,1775
2019-02-01,939,05:47:00,Friday,STC,Late Leaving Garage,5,10,W/B,1679
2019-02-01,59,05:48:00,Friday,,Late Leaving Garage,15,30,,3292
2019-02-01,35,05:50:00,Friday,Pioneer Village,Late Leaving Garage,9,9,,3254
2019-02-01,41,05:50:00,Friday,Keele / Wilson,Mechanical,13,26,N/B,9053
2019-02-01,66,05:50:00,Friday,old mills tn,Mechanical,17,17,S/B,8071
2019-02-01,88,05:50:00,Friday,THORNCLIFFE PARK,Diversion,1,1,B/W,
2019-02-01,81,05:51:00,Friday,Pape stn,Mechanical,5,10,N/B,8546
2019-02-01,986,05:52:00,Friday,Kennedy STN,Late Leaving Garage,5,10,E/B,8831
2019-02-01,63,05:57:00,Friday,Eglinton Stn,Utilized Off Route,15,30,,1248
2019-02-01,929,05:58:00,Friday,Dufferin and Lawrence,Mechanical,19,38,N/B,9142
2019-02-01,42,05:59:00,Friday,McCowan and Victoria Park,Late Leaving Garage,12,24,E/B,1242
2019-02-01,986,06:00:00,Friday,Meadowvale Rd/401,Diversion,233,238,B/W,
2019-02-01,85,06:03:00,Friday,Meadowvale loop,Utilized Off Route,16,32,W/B,1720
2019-02-01,68,06:04:00,Friday,WAST,Late Leaving Garage,21,47,NB,8805
2019-02-01,52,06:05:00,Friday,Lawrence  & Jane,Utilized Off Route,15,30,W/B,8364
2019-02-01,929,06:07:00,Friday,Dufferin and Lawrence,Mechanical,9,18,N/B,9043
2019-02-01,63,06:10:00,Friday,Ossington Stn,Utilized Off Route,11,22,,8205
2019-02-01,44,06:10:00,Friday,Colonel Sam Smith Loop,Late Leaving Garage,8,16,N/B,7965
2019-02-01,51,06:14:00,Friday,Wilson Garage,Late Leaving Garage,17,34,,1248
2019-02-01,29,06:15:00,Friday,Wilson stn,Mechanical,8,16,N/B,9031
2019-02-01,92,06:17:00,Friday,Woodbine South / WOOD,Mechanical,15,30,S/B,8561
2019-02-01,11,06:17:00,Friday,Sunnybrook Hospital,Mechanical,15,30,S/B,8219
2019-02-01,37,06:18:00,Friday,burnhathorpe at East mall,Mechanical,1,1,N/B,8015
2019-02-01,96,06:19:00,Friday,Finch and Humber,Late Leaving Garage,7,14,E/B,3203
2019-02-01,32,06:20:00,Friday,PINE,Late Leaving Garage,6,11,E/B,1360
2019-02-01,939,06:20:00,Friday,FSTN,Late Leaving Garage,8,15,E/B,1714
2019-02-01,116,06:21:00,Friday,Staines Rd/Morningside Ave,Late Leaving Garage,3,9,N/B,8826
2019-02-01,66,06:22:00,Friday,Old mill stn,Mechanical,14,28,S/B,7954
2019-02-01,95,06:22:00,Friday,ELRT,Utilized Off Route,7,14,W/B,1741
2019-02-01,929,06:25:00,Friday,Dufferin and Lawrence,Mechanical,9,18,N/B,9137
2019-02-01,610,06:25:00,Friday,EGGA,Utilized Off Route,1,1,O/B,8874
2019-02-01,89,06:25:00,Friday,Weston / Albion,Utilized Off Route,6,12,S/B,1603
2019-02-01,68,06:26:00,Friday,WAST,Late Leaving Garage,5,10,NB,8754
2019-02-01,925,06:27:00,Friday,Pape Station,Late Leaving Garage,8,16,N/B,8631
2019-02-01,38,06:27:00,Friday,STC,Mechanical,11,22,N/B,1548
2019-02-01,51,06:27:00,Friday,Steeles and Freshmedow,Late Leaving Garage,16,33,,1286
2019-02-01,905,06:30:00,Friday,Kennedy STN,Late Leaving Garage,10,20,E/B,8930
2019-02-01,45,06:31:00,Friday,Kipling and Dixon,Mechanical,22,44,N/B,7931
2019-02-01,87,06:32:00,Friday,WSTN,Mechanical,20,40,N/B,8465
2019-02-01,47,06:32:00,Friday,Lansdowne Stn,Utilized Off Route,15,30,N/B,1133
2019-02-01,36,06:32:00,Friday,Arrow garage POD Finch W stn,Utilized Off Route,2,4,W/B,3366
2019-02-01,75,06:33:00,Friday,Bloor & Queenspark,Utilized Off Route,5,10,S/B,8124
2019-02-01,45,06:33:00,Friday,Kipling and Finch,Mechanical,6,12,S/B,7911
2019-02-01,939,06:34:00,Friday,MSNS,Late Leaving Garage,7,14,W/B,3437
2019-02-01,610,06:35:00,Friday,EGGA,Utilized Off Route,1,1,O/B,8783
2019-02-01,32,06:36:00,Friday,Eglinton / Caledonia,Utilized Off Route,6,12,eb,1605
2019-02-01,44,06:38:00,Friday,Kipling Station,Utilized Off Route,7,14,S/B,8041
2019-02-01,36,06:38:00,Friday,Weston & Finch,Utilized Off Route,2,5,W/B,3251
2019-02-01,168,06:38:00,Friday,Dundas West Stn,Utilized Off Route,5,10,N/B,1064
2019-02-01,35,06:39:00,Friday,Jane Stn,Utilized Off Route,1,1,,3282
2019-02-01,116,06:40:00,Friday,Conlins Rd/Ellesmere Rd,Late Leaving Garage,22,47,E/B,8710
2019-02-01,89,06:40:00,Friday,Keele stn,Utilized Off Route,6,12,N/B,1072
2019-02-01,45,06:40:00,Friday,Kipling Station to Steeles,General Delay,1,1,B/W,
2019-02-01,60,06:40:00,Friday,,Utilized Off Route,1,1,,3244
2019-02-01,22,06:41:00,Friday,Coxwell and Gerrard,Investigation,6,12,S/B,5448
2019-02-01,64,06:41:00,Friday,Main Street / MSTN,Mechanical,10,20,S/B,8955
2019-02-01,939,06:42:00,Friday,FSTN,Mechanical,5,10,E/B,1620
2019-02-01,53,06:43:00,Friday,Middlefield & Steeles,Mechanical,1,1,W/B,3433
2019-02-01,186,06:45:00,Friday,Humber College,Utilized Off Route,9,19,E/B,3355
2019-02-01,935,06:45:00,Friday,,Late Leaving Garage,7,14,,3239
2019-02-01,32,06:45:00,Friday,Jane and Eglinton,Mechanical,6,12,E/B,1110
2019-02-01,40,06:46:00,Friday,Dundas w stn,Utilized Off Route,6,12,W/B,7961
2019-02-01,162,06:46:00,Friday,Donway and Lawrence,Mechanical,30,60,E/B,8332
2019-02-01,36,06:47:00,Friday,Milvan & Finch,Utilized Off Route,1,5,W/B,3107
2019-02-01,186,06:48:00,Friday,Humber college,Late Leaving Garage,10,20,E/B,3128
2019-02-01,32,06:50:00,Friday,Keele and Eglinton,Utilized Off Route,6,9,E/B,1002
2019-02-01,927,06:51:00,Friday,Martin Grove & Finch POD Humber College,Utilized Off Route,3,7,S/B,3261
2019-02-01,995,06:54:00,Friday,SCLP,Late Leaving Garage,9,18,W/B,3423
2019-02-01,32,06:55:00,Friday,Eglinton West Stn.,Mechanical,9,21,E/B,1125
2019-02-01,161,06:55:00,Friday,Jane / Alliance,Utilized Off Route,13,26,W/B,1134
2019-02-01,57,06:58:00,Friday,MIDS,Late Leaving Garage,9,17,S/B,8913
2019-02-01,68,06:58:00,Friday,Warden / Comstock,Late Leaving Garage,5,9,NB,8708
2019-02-01,89,07:00:00,Friday,Keele stn,Utilized Off Route,6,12,N/B,1603
2019-02-01,79,07:00:00,Friday,Runnymede stn .,Utilized Off Route,4,8,N/B,1114
2019-02-01,720,07:00:00,Friday,EGGA,Utilized Off Route,1,1,O/B,8886
2019-02-01,52,07:00:00,Friday,Lawrence Station to Westwood Mall,General Delay,20,30,B/W,
2019-02-01,122,07:00:00,Friday,FENELON DR.LOOP(DON MILS/GRAYDN),Late Leaving Garage,12,24,W/B,8101
2019-02-01,17,07:00:00,Friday,Birchmount Road / WAST,General Delay,7,14,B/W,
2019-02-01,14,07:00:00,Friday,14-Glencairn route,General Delay,15,20,B/W,
2019-02-01,939,07:04:00,Friday,Finch and Pharmacy,Investigation,1,6,W/B,1684
2019-02-01,113,07:05:00,Friday,MSTN,Late Leaving Garage,12,24,E/B,8525
2019-02-01,984,07:05:00,Friday,Rivalda and Sheppard,Late Leaving Garage,10,19,W/B,3257
2019-02-01,37,07:05:00,Friday,Kipling Station,Utilized Off Route,22,44,N/B,8090
2019-02-01,63,07:05:00,Friday,Eglinton Stn,Late Leaving Garage,10,19,,8366
2019-02-01,113,07:05:00,Friday,MSTN,Mechanical,12,24,E/B,8525
2019-02-01,76,07:07:00,Friday,Royal York Station,Utilized Off Route,12,24,S/B,8064
2019-02-01,186,07:07:00,Friday,Humber College,Late Leaving Garage,10,20,E/B,3149
2019-02-01,905,07:10:00,Friday,Kennedy STN,Late Leaving Garage,10,20,E/B,8728
2019-02-01,54,07:10:00,Friday,ESTN,Late Leaving Garage,9,18,EB,8742
2019-02-01,902,07:11:00,Friday,Warden Stn,Late Leaving Garage,10,20,N/B,8477
2019-02-01,945,07:12:00,Friday,Steeles and Kipling Loop,Utilized Off Route,5,10,S/B,8027
2019-02-01,32,07:12:00,Friday,WEEG,Mechanical,6,11,E/B,1148
2019-02-01,106,07:14:00,Friday,Sheppard W Stn,Mechanical,7,15,,8330
2019-02-01,945,07:17:00,Friday,Kipling Station,Utilized Off Route,5,10,N/B,7921
2019-02-01,702,07:18:00,Friday,Kipling Station,Utilized Off Route,1,1,S/B,8037
2019-02-01,40,07:20:00,Friday,Dundas West Station,Utilized Off Route,8,16,W/B,7962
2019-02-01,44,07:20:00,Friday,Evans and Kipling,Utilized Off Route,8,16,N/B,7942
2019-02-01,937,07:25:00,Friday,poplar heights at islington,Mechanical,10,20,N/B,8031
2019-02-01,44,07:25:00,Friday,Colonel Sam Smith Loop,Utilized Off Route,5,10,N/B,8022
2019-02-01,87,07:27:00,Friday,Cosburn Avenue / MSTN / BSTN,Utilized Off Route,5,10,W/B,9208
2019-02-01,45,07:27:00,Friday,Kipling Station,Utilized Off Route,22,44,N/B,7949
2019-02-01,143,07:30:00,Friday,Downtown Beach Express,Late Leaving Garage,0,0,W/B,8547
2019-02-01,141,07:32:00,Friday,Redpath on Eglinton,Late Leaving Garage,25,25,S/B,1039
2019-02-01,121,07:35:00,Friday,FORT YORK/GZOWSKI,Mechanical,12,24,E/B,8951
2019-02-01,73,07:35:00,Friday,evans and Royal York,Mechanical,3,6,S/B,8613
2019-02-01,63,07:40:00,Friday,Eglinton/Oakwood and Dundas to Queen,General Delay,10,20,B/W,
2019-02-01,989,07:40:00,Friday,Weston / Steeles,Utilized Off Route,12,24,N/B,1263
2019-02-01,67,07:44:00,Friday,Ellesmere / Pharmacy,Investigation,17,34,N/B,8848
2019-02-01,902,07:48:00,Friday,Warden Stn.,Mechanical,10,20,N/B,8400
2019-02-01,35,07:50:00,Friday,Jane and Lawrence,Mechanical,5,10,N/B,3133
2019-02-01,902,07:55:00,Friday,Birchmount Garage,Mechanical,10,20,N/B,8537
2019-02-01,122,08:00:00,Friday,York Mills Station to ROYWOOD DR AND FENSIDE DR.,General Delay,17,30,B/W,
2019-02-01,87,08:00:00,Friday,COSBURN ROUTE,General Delay,15,,B/W,
2019-02-01,121,08:00:00,Friday,FORT YORK ROUTE,General Delay,15,,B/W,
2019-02-01,12,08:00:00,Friday,Kingston Route,General Delay,10,1,B/W,
2019-02-01,91,08:00:00,Friday,WOODBINE ROUTE,General Delay,10,,B/W,
2019-02-01,62,08:00:00,Friday,MORTIMER ROUTE,General Delay,10,,B/W,
2019-02-01,41,08:00:00,Friday,Entire Route,General Delay,20,40,BW,
2019-02-01,24,08:00:00,Friday,Victoria Park Route,General Delay,10,1,B/W,
2019-02-01,23,08:00:00,Friday,DAWES RD ROUTE,General Delay,10,0,B/W,
2019-02-01,924,08:00:00,Friday,Victoria Park Express Route,General Delay,15,1,B/W,
2019-02-01,89,08:00:00,Friday,Entire Route,General Delay,13,26,BW,
2019-02-01,32,08:00:00,Friday,Entire route,General Delay,10,30,B/W,
2019-02-01,9,08:00:00,Friday,Bellamy Road / WAST / STC,General Delay,15,30,B/W,
2019-02-01,6,08:00:00,Friday,NB on Bay at Queens Quay,Investigation,1,1,N/B,1423
2019-02-01,127,08:00:00,Friday,Entire Route,General Delay,25,50,BW,
2019-02-01,115,08:00:00,Friday,York Mills Station to BANNATYNE DR. AT SILVERGROVE RD.,General Delay,21,41,B/W,
2019-02-01,54,08:02:00,Friday,ESTN,Mechanical,9,18,EB,8654
2019-02-01,707,08:06:00,Friday,STC,Utilized Off Route,1,1,S/B,1636
2019-02-01,121,08:10:00,Friday,FORT YORK/SPADINA,Mechanical,12,24,E/B,8520
2019-02-01,16,08:12:00,Friday,McCowan Road / WAST,Investigation,9,18,N/B,8413
2019-02-01,32,08:12:00,Friday,Eglinton West Stn.,Mechanical,6,11,E/B,1081
2019-02-01,29,08:16:00,Friday,Dufferin and Melbourne,Investigation,8,16,N/B,9104
2019-02-01,133,08:21:00,Friday,Neilson and Ellesmere Rd,Investigation,11,22,S/B,1656
2019-02-01,66,08:24:00,Friday,old mill stn,Mechanical,12,24,S/B,7943
2019-02-01,32,08:26:00,Friday,WEEG,Mechanical,6,11,E/B,1066
2019-02-01,25,08:26:00,Friday,Pape Station,Mechanical,5,10,N/B,8737
2019-02-01,110,08:30:00,Friday,long branch loop,Mechanical,23,47,N/B,8612
2019-02-01,108,08:30:00,Friday,Driftwood & Yewtree,Diversion,1,1,B/W,3226
2019-02-01,16,08:30:00,Friday,McCowan Road / WAST,General Delay,9,18,B/W,
2019-02-01,29,08:40:00,Friday,spinghurst to Peele,General Delay,8,16,N/B,9025
2019-02-01,168,08:40:00,Friday,Avon loop,Mechanical,5,10,S/B,1416
2019-02-01,925,08:45:00,Friday,Pape Station / Freshmeadow and Don Mills,General Delay,20,30,B/W,8859
2019-02-01,25,08:45:00,Friday,Don Mills / Pape Station,General Delay,20,30,B/W,8847
2019-02-01,95,08:50:00,Friday,KNRD,Utilized Off Route,1,1,W/B,1326
2019-02-01,129,08:57:00,Friday,McCowan and Finch,Mechanical,7,21,N/B,1398
2019-02-01,41,09:00:00,Friday,Keele stn,Mechanical,9,18,N/B,9046
2019-02-01,25,09:00:00,Friday,PSTN to DONS,General Delay,20,29,B/W,
2019-02-01,925,09:00:00,Friday,PSTN to FMDM,General Delay,20,30,B/W,
2019-02-01,70,09:00:00,Friday,CSTN to CRAG,General Delay,17,34,B/W,
2019-02-01,100,09:00:00,Friday,BSTN to DMWF,General Delay,20,26,B/W,8657
2019-02-01,54,09:05:00,Friday,Lawrence & Pharmacy,Mechanical,9,18,NB,8744
2019-02-01,954,09:08:00,Friday,Lawrence / Morningside,Mechanical,9,18,WB,8809
2019-02-01,53,09:08:00,Friday,PAMK,Utilized Off Route,5,13,W/B,1622
2019-02-01,133,09:12:00,Friday,Scarborough Town Centre,Mechanical,11,12,N/B,1775
2019-02-01,45,09:30:00,Friday,Kipling Station,Mechanical,1,1,N/B,8052
2019-02-01,42,09:37:00,Friday,McCowan and McNicoll,Mechanical,11,22,W/B,1285
2019-02-01,24,09:37:00,Friday,Dawes,Mechanical,30,60,S/B,8445
2019-02-01,45,09:50:00,Friday,Kipling Station,Mechanical,10,20,N/B,8036
2019-02-01,39,10:00:00,Friday,V.P On Finch,Mechanical,7,14,W/B,1759
2019-02-01,59,10:18:00,Friday,OAKW,Mechanical,23,40,E/B,3137
2019-02-01,32,10:20:00,Friday,Gabian way on Eglinton,Investigation,10,20,E/B,1073
2019-02-01,60,10:22:00,Friday,PVST,Mechanical,6,12,E/B,3356
2019-02-01,711,10:30:00,Friday,Wilson Garage,Utilized Off Route,1,1,B/W,8115
2019-02-01,32,10:30:00,Friday,Ronald on Eglinton,Mechanical,10,20,W/B,1033
2019-02-01,711,10:30:00,Friday,Wilson Garage,Utilized Off Route,1,1,B/W,8366
2019-02-01,720,10:40:00,Friday,Eglinton Yard,Utilized Off Route,1,1,O/B,8652
2019-02-01,720,10:40:00,Friday,Eglinton Yard,Utilized Off Route,1,1,O/B,8622
2019-02-01,716,10:42:00,Friday,Birchmount Division,Utilized Off Route,1,1,S/B,9228
2019-02-01,87,10:47:00,Friday,MSTN,Utilized Off Route,10,20,W/B,9216
2019-02-01,72,10:47:00,Friday,CAEA,Utilized Off Route,16,32,N/B,8567
2019-02-01,57,10:57:00,Friday,Midland Ave/McNicoll Ave,Investigation,13,26,S/B,8816
2019-02-01,925,11:06:00,Friday,Pape Station,Mechanical,10,20,N/B,8727
2019-02-01,129,11:15:00,Friday,McCowan and Finch,Diversion,65,93,N/B,1537
2019-02-01,98,11:30:00,Friday,ENTIRE ROUTE,General Delay,10,10,B/W,
2019-02-01,57,11:43:00,Friday,Kennedy STN,Mechanical,13,26,N/B,8913
2019-02-01,100,11:57:00,Friday,Grenoble/Vendome Place,Investigation,6,12,N/B,8723
2019-02-01,7,12:07:00,Friday,Bathurst Station,Investigation,10,20,N/B,9000
2019-02-01,711,12:07:00,Friday,Eglinton Station,Utilized Off Route,1,1,NB,8231
2019-02-01,38,12:15:00,Friday,Scarborough Town Centre,Mechanical,12,24,E/B,1658
2019-02-01,45,12:23:00,Friday,Kipling and Bloor,Mechanical,10,20,N/B,8055
2019-02-01,67,12:30:00,Friday,Crossland / Reddins,Mechanical,15,30,S/B,8736
2019-02-01,72,12:38:00,Friday,Pape at Eastern Ave.,Mechanical,8,16,S/B,8567
2019-02-01,17,12:38:00,Friday,Birchmount Road / WAST,Mechanical,0,0,N/B,9221
2019-02-01,12,12:39:00,Friday,Gilder and Eglinton,Investigation,22,44,N/B,9237
2019-02-01,30,12:58:00,Friday,Kipling Station,Mechanical,30,60,E/B,8089
2019-02-01,52,13:00:00,Friday,Wilson Garage,Utilized Off Route,1,1,W/B,8197
2019-02-01,44,13:02:00,Friday,Kipling Station,Utilized Off Route,6,12,S/B,7965
2019-02-01,704,13:02:00,Friday,Arrow garage,Utilized Off Route,1,1,E/B,3151
2019-02-01,704,13:03:00,Friday,Arrow garage,Utilized Off Route,1,1,E/B,3223
2019-02-01,701,13:05:00,Friday,Wilson Garage,Utilized Off Route,1,1,S/B,8167
2019-02-01,704,13:06:00,Friday,,Utilized Off Route,1,1,,3106
2019-02-01,709,13:08:00,Friday,Mount Dennis Garage,Utilized Off Route,1,1,W/B,1036
2019-02-01,134,13:08:00,Friday,STC,Utilized Off Route,6,13,E/B,1225
2019-02-01,56,13:09:00,Friday,Eglinton Station,Utilized Off Route,18,36,E/B,1365
2019-02-01,719,13:09:00,Friday,Eglintion West Stn,Utilized Off Route,1,1,W/B,1417
2019-02-01,719,13:09:00,Friday,Eg West Stn,Utilized Off Route,1,1,W/B,1536
2019-02-01,54,13:09:00,Friday,ESTN,Utilized Off Route,12,24,E/B,8744
2019-02-01,52,13:10:00,Friday,Lawrence Station,Investigation,19,38,WB,8137
2019-02-01,609,13:11:00,Friday,Mount Denis Garage,Utilized Off Route,1,1,W/B,1024
2019-02-01,719,13:12:00,Friday,Eglinton West Stn,Utilized Off Route,1,1,W/B,1094
2019-02-01,52,13:13:00,Friday,Dixon rd and HWY 427,Mechanical,14,28,W/B,1217
2019-02-01,111,13:14:00,Friday,east mall and rathburn,Utilized Off Route,15,30,S/B,8013
2019-02-01,111,13:14:00,Friday,kpst,Utilized Off Route,14,28,N/B,7956
2019-02-01,81,13:15:00,Friday,THRN - Thornchiffe Park,Utilized Off Route,11,22,S/B,8548
2019-02-01,25,13:15:00,Friday,Don Mills Station,Utilized Off Route,9,18,S/B,8659
2019-02-01,707,13:15:00,Friday,STC,Utilized Off Route,1,1,W/B,1331
2019-02-01,25,13:15:00,Friday,Pape Station,Utilized Off Route,9,18,N/B,8716
2019-02-01,87,13:17:00,Friday,MSTN - Cosburn Avenue,Utilized Off Route,10,20,W/B,9208
2019-02-01,710,13:18:00,Friday,EGGA,Utilized Off Route,1,1,W/B,8888
2019-02-01,706,13:20:00,Friday,BRGA - RAD,Utilized Off Route,1,1,E/B,8570
2019-02-01,95,13:20:00,Friday,York Mills Station,Utilized Off Route,16,32,B/W,1320
2019-02-01,706,13:24:00,Friday,BRGA - RAD,Utilized Off Route,1,1,W/B,8514
2019-02-01,63,13:27:00,Friday,Ossington Stn,Utilized Off Route,8,17,,8165
2019-02-01,75,13:28:00,Friday,Bloor & Sherbourne,Utilized Off Route,7,14,N/B,1253
2019-02-01,939,13:28:00,Friday,FSTN,Utilized Off Route,5,10,E/B,1333
2019-02-01,34,13:30:00,Friday,ESTN,Utilized Off Route,10,20,E/B,8819
2019-02-01,52,13:39:00,Friday,Lawrence Station,Utilized Off Route,14,28,W/B,1279
2019-02-01,54,13:43:00,Friday,Lawrence and Warden,Investigation,10,20,W/B,8636
2019-02-01,165,13:55:00,Friday,Yorkmills Station,Utilized Off Route,10,20,W/B,3191
2019-02-01,45,14:00:00,Friday,Kipling Station to Steeles Loop,General Delay,11,16,B/W,
2019-02-01,37,14:00:00,Friday,Islington Station to Steeles and Humberwood Loop,General Delay,15,25,B/W,
2019-02-01,53,14:00:00,Friday,Finch stn,Utilized Off Route,10,15,E/B,1632
2019-02-01,87,14:00:00,Friday,Main Station,General Delay,15,1,B/W,
2019-02-01,39,14:00:00,Friday,39 Finch Route-All Branch,General Delay,20,34,B/W,1322
2019-02-01,939,14:00:00,Friday,939 Finch Express all Branch,General Delay,20,34,B/W,1333
2019-02-01,104,14:00:00,Friday,sheppard stn to Wilson stn,General Delay,30,15,B/W,
2019-02-01,6,14:00:00,Friday,Entire Route,General Delay,20,30,B/W,
2019-02-01,96,14:00:00,Friday,Wilson Station,General Delay,1,1,E/B,3272
2019-02-01,36,14:00:00,Friday,Finch west route,General Delay,6,18,B/W,
2019-02-01,927,14:00:00,Friday,927 Hwy Express,General Delay,6,18,B/W,
2019-02-01,80,14:00:00,Friday,Keele Station to Sherway Gardens,General Delay,15,39,B/W,
2019-02-01,600,14:00:00,Friday,WLGA,Utilized Off Route,1,1,WB,1290
2019-02-01,168,14:00:00,Friday,Entire Route,General Delay,20,27,B/W,
2019-02-01,165,14:00:00,Friday,Wilson Station,General Delay,1,1,E/B,
2019-02-01,902,14:06:00,Friday,Markham and Ellesmere,Investigation,15,30,N/B,8537
2019-02-01,610,14:15:00,Friday,Kenn,Utilized Off Route,1,1,N/B,8683
2019-02-01,7,14:31:00,Friday,Rockford,Mechanical,9,18,N/B,9007
2019-02-01,165,14:34:00,Friday,Barmac and Steeles,Investigation,10,20,E/B,3193
2019-02-01,32,14:40:00,Friday,Michael Power SS,Mechanical,5,10,W/B,1035
2019-02-01,939,14:40:00,Friday,STC SRT,Mechanical,11,22,W/B,1679
2019-02-01,944,14:45:00,Friday,Colonel Sam Smith Loop,Mechanical,10,20,N/B,8065
2019-02-01,109,14:45:00,Friday,Rainee and Flemington,Mechanical,18,36,S/B,8108
2019-02-01,32,14:49:00,Friday,Mount Dennis to Eglinton Station,Investigation,8,16,W/B,1014
2019-02-01,95,14:53:00,Friday,Kingston Rd Loop,Late Leaving Garage,10,20,B/W,1615
2019-02-01,116,14:58:00,Friday,Kenn Stn,Investigation,1,1,N/B,8666
2019-02-01,23,15:00:00,Friday,Main Station,General Delay,10,1,B/W,
2019-02-01,24,15:00:00,Friday,Victoria Park and Eglinton,General Delay,28,36,B/W,
2019-02-01,91,15:00:00,Friday,Woodbine station,General Delay,15,1,B/W,
2019-02-01,102,15:00:00,Friday,Ellesmere,General Delay,25,25,N/B,
2019-02-01,52,15:00:00,Friday,Lawrence Station to Westwood Mall all branches,General Delay,10,30,B/W,
2019-02-01,126,15:00:00,Friday,All Route,General Delay,390,405,B/W,
2019-02-01,7,15:00:00,Friday,Bathurst route,General Delay,30,25,B/W,
2019-02-01,109,15:00:00,Friday,Rainee route,General Delay,20,35,B/W,
2019-02-01,90,15:00:00,Friday,Vaughan road route,General Delay,20,15,B/W,
2019-02-01,75,15:00:00,Friday,Sherbourne route,General Delay,20,30,B/W,
2019-02-01,62,15:00:00,Friday,Main Station,General Delay,15,1,B/W,
2019-02-01,954,15:00:00,Friday,Lawrence and Ben Stanton,Diversion,300,311,W/B,8656
2019-02-01,29,15:00:00,Friday,All route,General Delay,390,398,B/W,
2019-02-01,929,15:00:00,Friday,All Route,General Delay,390,410,B/W,
2019-02-01,902,15:00:00,Friday,Kennedy/St.Clair,General Delay,15,15,N/B,
2019-02-01,91,15:00:00,Friday,Sandra and O'connor,General Delay,15,1,B/W,
2019-02-01,32,15:01:00,Friday,Emmett and Verona,Mechanical,8,16,E/B,1116
2019-02-01,52,15:01:00,Friday,Church and Jane,Late Leaving Garage,7,20,E/B,1228
2019-02-01,39,15:10:00,Friday,McNicoll and V.P,Late Leaving Garage,14,28,N/B,1724
2019-02-01,116,15:10:00,Friday,MNEL,Late Leaving Garage,4,1,S/B,8912
2019-02-01,32,15:10:00,Friday,Mount Dennis to Keele/Eglinton,Mechanical,9,18,W/B,1139
2019-02-01,6,15:15:00,Friday,DDUP,Late Leaving Garage,8,13,S/B,1133
2019-02-01,102,15:15:00,Friday,Kennedy/St.Clair,Diversion,119,138,N/B,
2019-02-01,902,15:15:00,Friday,Kennedy/St.clair,Diversion,119,134,N/B,
2019-02-01,25,15:17:00,Friday,DONS,Mechanical,9,18,S/B,8716
2019-02-01,53,15:18:00,Friday,PAMK,Late Leaving Garage,6,11,W/B,1766
2019-02-01,39,15:20:00,Friday,Finch Station,Mechanical,14,28,E/B,1807
2019-02-01,939,15:21:00,Friday,Morningside and Nightstar,Late Leaving Garage,12,24,W/B,
2019-02-01,45,15:22:00,Friday,"Atwell Dr, west of Carlingview",Diversion,21,33,E/B,8045
2019-02-01,905,15:23:00,Friday,u of t Lopp,Mechanical,9,18,N/B,8835
2019-02-01,985,15:26:00,Friday,DONS,Late Leaving Garage,9,18,E/B,
2019-02-01,116,15:29:00,Friday,Kenn,Mechanical,25,50,N/B,8678
2019-02-01,53,15:30:00,Friday,FSTN to MOFI,General Delay,20,30,B/W,
2019-02-01,72,15:30:00,Friday,"Bay, Carlaw",General Delay,22,22,N/B,
2019-02-01,95,15:38:00,Friday,York Mills Station,General Delay,1,1,B/W,1566
2019-02-01,87,15:39:00,Friday,Main Station,Investigation,6,11,B/W,9208
2019-02-01,117,15:42:00,Friday,Allness and Delmont,Investigation,12,24,S/B,8347
2019-02-01,95,15:43:00,Friday,York Mills Station,Mechanical,10,20,B/W,1238
2019-02-01,74,15:45:00,Friday,Lawrence stn,Utilized Off Route,17,34,E/B,8121
2019-02-01,24,15:47:00,Friday,Victoria Park Station,Late Leaving Garage,7,16,N/B,8424
2019-02-01,47,15:47:00,Friday,Lappin and Lansdown,Investigation,27,54,N/B,1050
2019-02-01,952,15:48:00,Friday,Lawrence Station,Late Leaving Garage,12,24,SB,8104
2019-02-01,70,15:48:00,Friday,O'Connor/St. Clair,Investigation,17,34,S/B,8804
2019-02-01,122,15:54:00,Friday,York Mills Station,Late Leaving Garage,11,23,E/B,8336
2019-02-01,116,16:00:00,Friday,Kenn to Morningside/Ellesmere,General Delay,25,1,B/W,
2019-02-01,127,16:00:00,Friday,Davenport Route,General Delay,30,50,W/B,
2019-02-01,989,16:00:00,Friday,Weston Road Express,General Delay,30,40,N/B,
2019-02-01,63,16:00:00,Friday,63 Ossington route,General Delay,8,16,SB,8349
2019-02-01,64,16:00:00,Friday,MSTN,Mechanical,8,16,S/B,9206
2019-02-01,74,16:00:00,Friday,Lawrence stn,General Delay,23,41,E/B,
2019-02-01,134,16:00:00,Friday,FDFI t oSTC,General Delay,25,35,B/W,
2019-02-01,134,16:00:00,Friday,STC,Diversion,62,80,B/W,
2019-02-01,169,16:00:00,Friday,Commander and Mc Cowan,General Delay,30,60,BW,8216
2019-02-01,14,16:00:00,Friday,Glencairn Route,General Delay,30,47,W/B,
2019-02-01,161,16:00:00,Friday,Rogers Road Route,General Delay,30,39,E/B,
2019-02-01,89,16:00:00,Friday,Weston Road,General Delay,30,40,N/B,
2019-02-01,941,16:00:00,Friday,Keele Express Route,General Delay,30,45,N/B,
2019-02-01,41,16:00:00,Friday,Keele Route,General Delay,30,38,N/B,
2019-02-01,913,16:00:00,Friday,FDFI to STC,General Delay,20,35,B/W,
2019-02-01,913,16:00:00,Friday,STC,Diversion,62,67,B/W,
2019-02-01,56,16:00:00,Friday,Eglinton Stn to Donlands Stn,General Delay,23,41,B/W,
2019-02-01,26,16:00:00,Friday,Entire Route,General Delay,20,35,B/W,
2019-02-01,63,16:00:00,Friday,Eglinton stn to Atlantic/King,General Delay,30,46,B/W,
2019-02-01,30,16:00:00,Friday,KPSN,Mechanical,21,42,E/B,8038
2019-02-01,51,16:00:00,Friday,eglinton Ave to lawrence Ave,General Delay,24,42,B/W,
2019-02-01,11,16:00:00,Friday,Lawrence Ave to York Mills,General Delay,29,43,B/W,
2019-02-01,5,16:00:00,Friday,Eglinton Ave to Queen park Circle,General Delay,25,45,B/W,
2019-02-01,121,16:00:00,Friday,Fron and Bay,General Delay,15,1,B/W,
2019-02-01,21,16:01:00,Friday,STC,Investigation,11,22,S/B,3403
2019-02-01,134,16:01:00,Friday,STC,Investigation,5,10,E/B,9099
2019-02-01,17,16:02:00,Friday,Bonis and Birchmount,Investigation,8,16,N/B,9209
2019-02-01,165,16:04:00,Friday,Yorkmills Station,Late Leaving Garage,8,16,W/B,3149
2019-02-01,52,16:04:00,Friday,terminal 1 Airport,Late Leaving Garage,14,20,E/B,8217
2019-02-01,36,16:05:00,Friday,FARR,Mechanical,6,12,E/B,9117
2019-02-01,913,16:09:00,Friday,CECO,Investigation,5,10,W/B,9099
2019-02-01,36,16:10:00,Friday,FWSN,Mechanical,5,10,W/B,3163
2019-02-01,35,16:10:00,Friday,JNST,Late Leaving Garage,5,10,,3276
2019-02-01,935,16:15:00,Friday,Route,General Delay,10,20,B/W,3172
2019-02-01,63,16:18:00,Friday,East Liberty and Prandello,Utilized Off Route,8,16,NB,8319
2019-02-01,130,16:20:00,Friday,STC to MDSL,General Delay,16,40,B/W,
2019-02-01,132,16:20:00,Friday,STC to HPSE,General Delay,12,35,B/W,
2019-02-01,35,16:22:00,Friday,JNST,Utilized Off Route,5,10,N/B,3291
2019-02-01,927,16:23:00,Friday,Kipling station,Utilized Off Route,6,12,N/B,3327
2019-02-01,47,16:25:00,Friday,EARL,Utilized Off Route,7,14,S/B,1020
2019-02-01,41,16:29:00,Friday,Keele Station,Utilized Off Route,12,24,N/B,9034
2019-02-01,85,16:30:00,Friday,Sheppard Stn to Rouge Hill Go,General Delay,15,40,B/W,
2019-02-01,65,16:30:00,Friday,"Parliament, CAST to BKFR",General Delay,22,33,B/W,
2019-02-01,143,16:30:00,Friday,"Adelaide, Eastern, Queen",General Delay,50,75,B/W,
2019-02-01,17,16:30:00,Friday,Birchmount form WAST to WLAS,General Delay,24,32,B/W,
2019-02-01,12,16:36:00,Friday,Birchmount and Kingston,Mechanical,17,34,S/B,8591
2019-02-01,10,16:40:00,Friday,Don Mills Station,Late Leaving Garage,10,20,E/B,8161
2019-02-01,97,16:41:00,Friday,yorkmills to queens quay,General Delay,30,60,B/W,
2019-02-01,54,16:46:00,Friday,Lawrence and Vic Park,Mechanical,11,21,W/B,8674
2019-02-01,63,16:54:00,Friday,Eglinton West Station,Investigation,8,16,NB,8178
2019-02-01,52,17:00:00,Friday,Lawrence Ave and Bathurst St,Late Leaving Garage,20,20,W/B,1363
2019-02-01,9,17:00:00,Friday,Bellamy from STC to WAST,General Delay,48,64,B/W,
2019-02-01,16,17:00:00,Friday,McCowan from STC to WAST,General Delay,24,32,B/W,
2019-02-01,17,17:07:00,Friday,Eglinton and Birchmount,Investigation,8,16,S/B,8560
2019-02-01,9,17:09:00,Friday,McCowan and Trident,Mechanical,16,32,N/B,8463
2019-02-01,37,17:12:00,Friday,"On Islington, at St. Andrews",Mechanical,20,40,N/B,7934
2019-02-01,903,17:14:00,Friday,Kennedy Station,General Delay,1,1,B/W,1715
2019-02-01,63,17:21:00,Friday,King and Strachan,Investigation,8,16,S/B,8361
2019-02-01,127,17:21:00,Friday,Davenport at Rains,Emergency Services,20,40,W/B,1098
2019-02-01,90,17:21:00,Friday,St Clair West station,Utilized Off Route,5,10,WB,8211
2019-02-01,127,17:37:00,Friday,Davenport at Rains,Utilized Off Route,1,1,W/B,1098
2019-02-01,105,17:47:00,Friday,Sheppard West Station,Mechanical,12,23,N/B,8344
2019-02-01,38,17:55:00,Friday,Mccowan/Ellesmere,Mechanical,13,26,E/B,1640
2019-02-01,80,17:59:00,Friday,Sherway Gardens,Mechanical,30,60,E/B,7974
2019-02-01,95,18:00:00,Friday,YKMS to KNRD (Entire line),General Delay,40,53,B/W,
2019-02-01,7,18:00:00,Friday,Steeles,Mechanical,9,18,S/B,9000
2019-02-01,39,18:00:00,Friday,Birchmount and Finch Av,Diversion,30,44,W/B,1778
2019-02-01,995,18:00:00,Friday,YKMS to KNRD,General Delay,20,40,B/W,
2019-02-01,144,18:00:00,Friday,JVRM to  VPPV,General Delay,20,40,B/W,
2019-02-01,92,18:11:00,Friday,Columbine on Woodbine,Investigation,9,18,N/B,9224
2019-02-01,32,18:12:00,Friday,Locksley and Eglinton,Mechanical,9,18,E/B,1017
2019-02-01,63,18:14:00,Friday,Dundas  to Queen along Ossington ave,Diversion,8,16,BW,8349
2019-02-01,54,18:18:00,Friday,Lawrence and Brockley,Investigation,11,21,E/B,8658
2019-02-01,35,18:25:00,Friday,Jane and Firgrove,Mechanical,5,10,S/B,3131
2019-02-01,35,18:25:00,Friday,Jane and Finch,Mechanical,5,10,N/B,3184
2019-02-01,32,18:34:00,Friday,Pine and Lawrence,Mechanical,9,18,E/B,1100
2019-02-01,38,18:37:00,Friday,RHGO,Mechanical,13,26,W/B,1723
2019-02-01,927,18:41:00,Friday,Kipling station,Mechanical,6,12,N/B,3253
2019-02-01,38,18:44:00,Friday,RHGO,Mechanical,13,26,W/B,1611
2019-02-01,32,18:49:00,Friday,Eglinton West Station,Utilized Off Route,1,1,B/W,1094
2019-02-01,900,18:50:00,Friday,KPSN,Late Leaving Garage,9,18,N/B,8000
2019-02-01,117,18:53:00,Friday,Sheppard West Station,Utilized Off Route,12,24,NB,8314
2019-02-01,935,18:54:00,Friday,JNST,Utilized Off Route,10,20,N/B,3120
2019-02-01,90,18:58:00,Friday,Oakwood and Vaughan,Utilized Off Route,6,12,WB,8211
2019-02-01,35,18:59:00,Friday,JNST,Utilized Off Route,5,10,N/B,3289
2019-02-01,32,19:05:00,Friday,ESTN,Utilized Off Route,1,1,B/W,1417
2019-02-01,42,19:07:00,Friday,McNicoll and Bayview,Utilized Off Route,12,24,WB,8354
2019-02-01,116,19:10:00,Friday,Morningview Trail and Morningside,Investigation,7,14,N/B,8660
2019-02-01,75,19:14:00,Friday,Bloor,Utilized Off Route,6,12,SB,8355
2019-02-01,900,19:16:00,Friday,QUEENSWAY GARAGE,Utilized Off Route,9,18,N/B,8000
2019-02-01,74,19:20:00,Friday,Doncliffe Loop,Utilized Off Route,18,36,sb,1290
2019-02-01,45,19:20:00,Friday,KPSN,Utilized Off Route,9,18,N/B,8079
2019-02-01,927,19:20:00,Friday,Kipling station,Utilized Off Route,10,20,N/B,3288
2019-02-01,68,19:20:00,Friday,Angus Glen,Diversion,1,31,B/W,8688
2019-02-01,129,19:29:00,Friday,McCowan and Steeles Loop,Mechanical,5,18,S/B,1809
2019-02-01,45,19:29:00,Friday,kpsn,Mechanical,9,18,N/B,8052
2019-02-01,43,19:30:00,Friday,STC,Investigation,15,30,S/B,8721
2019-02-01,60,19:30:00,Friday,Peterkaiser/Steeles,Mechanical,9,18,W/B,3138
2019-02-01,937,19:30:00,Friday,Islington Station,Utilized Off Route,11,22,N/B,8062
2019-02-01,29,19:30:00,Friday,Dufferin and Bloor,Investigation,9,18,N/B,9030
2019-02-01,701,19:30:00,Friday,Wilson station,Utilized Off Route,1,1,S/B,8167
2019-02-01,89,19:30:00,Friday,Keele Station,Utilized Off Route,10,20,N/B,1120
2019-02-01,929,19:30:00,Friday,Dufferin and Bloor,Utilized Off Route,10,20,S/B,9148
2019-02-01,929,19:37:00,Friday,Dufferin and Bloor,Investigation,10,20,S/B,9036
2019-02-01,106,19:38:00,Friday,Sheppard west station,Utilized Off Route,1,1,S/B,8163
2019-02-01,42,19:38:00,Friday,Finch Station,Utilized Off Route,13,26,S/B,8329
2019-02-01,935,19:43:00,Friday,JNST,Utilized Off Route,10,20,N/B,3120
2019-02-01,606,20:17:00,Friday,Roncey,Utilized Off Route,1,1,B/W,8942
2019-02-01,60,20:22:00,Friday,PVST,Mechanical,9,18,W/B,3201
2019-02-01,925,20:30:00,Friday,PSTN,Mechanical,10,20,N/B,8872
2019-02-01,7,20:30:00,Friday,Bathurst and Wilson,Utilized Off Route,10,20,NB,8133
2019-02-01,87,20:31:00,Friday,Coxwell and Cosburn,Mechanical,10,20,E/B,9204
2019-02-01,116,20:35:00,Friday,Kenn,Utilized Off Route,10,20,N/B,8694
2019-02-01,56,20:42:00,Friday,Donlands Ave and Plains Rd,Diversion,54,74,B/W,1328
2019-02-01,53,20:51:00,Friday,MIST,Mechanical,9,13,W/B,1623
2019-02-01,33,21:01:00,Friday,St Clair West Station,Investigation,30,60,EB,8208
2019-02-01,90,21:07:00,Friday,St Clair West Station,Utilized Off Route,8,16,WB,1362
2019-02-01,127,21:10:00,Friday,Davenport @ Marchmount,Emergency Services,47,69,W/B,1002
2019-02-01,127,21:10:00,Friday,Davenport at Marchmount,Emergency Services,47,69,N/B,1086
2019-02-01,83,21:15:00,Friday,Strathcona and Jones,Mechanical,15,30,S/B,8940
2019-02-01,51,21:27:00,Friday,Leslie and Lawrence,Diversion,,,N/B,
2019-02-01,60,21:34:00,Friday,Newton and Yonge,Investigation,9,18,N/B,3157
2019-02-01,116,21:36:00,Friday,kenn,Utilized Off Route,10,20,N/B,8666
2019-02-01,63,21:41:00,Friday,Ossington and college,Emergency Services,10,20,S/B,1280
2019-02-01,36,21:54:00,Friday,FSTN,Late Leaving Garage,10,20,W/B,3310
2019-02-01,32,21:55:00,Friday,Atlas and Eglinton,Mechanical,9,18,E/B,1073
2019-02-01,701,22:00:00,Friday,Wilson  Division,Utilized Off Route,1,1,E/B,8325
2019-02-01,133,22:09:00,Friday,MOFI,Mechanical,9,18,N/B,1514
2019-02-01,83,22:20:00,Friday,Strathcona and Jones,Mechanical,15,30,S/B,8949
2019-02-01,64,22:21:00,Friday,Williamson and Southwood,Mechanical,20,40,S/B,9213
2019-02-01,87,22:25:00,Friday,MSTN,Utilized Off Route,10,20,W/B,9208
2019-02-01,62,22:27:00,Friday,Main stn,Mechanical,20,40,N/B,8482
2019-02-01,168,22:30:00,Friday,Entire Route,General Delay,15,25,B/W,
2019-02-01,87,22:59:00,Friday,Birchmount Garage,Utilized Off Route,10,20,B/W,9236
2019-02-01,102,22:59:00,Friday,Markham/ yorkmills,Utilized Off Route,10,20,N/B,8531
2019-02-01,606,23:02:00,Friday,Warden Station,Utilized Off Route,1,1,B/W,8586
2019-02-01,54,23:05:00,Friday,ESTN,Utilized Off Route,20,40,E/B,8817
2019-02-01,36,23:20:00,Friday,HWLP,Mechanical,9,18,E/B,3166
2019-02-01,98,23:23:00,Friday,Finch and Willowdale,Mechanical,30,60,N/B,8211
2019-02-01,34,23:25:00,Friday,Eglinton Station,Mechanical,10,20,E/B,8780
2019-02-01,100,23:25:00,Friday,Broadview station,Mechanical,10,20,N/B,8770
2019-02-01,100,23:37:00,Friday,Broadview station,Mechanical,10,20,N/B,8780
2019-02-01,85,23:40:00,Friday,DONS,Mechanical,10,20,E/B,1559
2019-02-01,7,23:51:00,Friday,Bathurst and Sheppard,Emergency Services,10,20,NB,9000
2019-02-02,47,00:15:00,Saturday,EARL,Investigation,20,40,S/B,1023
2019-02-02,39,01:53:00,Saturday,Wayside and Finch,Emergency Services,9,18,W/B,1573
2019-02-02,606,02:00:00,Saturday,Kennedy Stn,Utilized Off Route,0,0,,8586
2019-02-02,320,02:13:00,Saturday,QQYU,Utilized Off Route,3,6,N/B,8657
2019-02-02,52,02:20:00,Saturday,Lawrence Stn,Mechanical,1,1,W/B,8331
2019-02-02,322,02:31:00,Saturday,Bingham Loop,Mechanical,30,60,B/W,8417
2019-02-02,54,04:00:00,Saturday,54 Lawrence route,General Delay,1,1,B/W,
2019-02-02,54,04:00:00,Saturday,Lawrence & Leslie,Diversion,1,1,W/B,
2019-02-02,300,04:00:00,Saturday,Bloor-Danforth,General Delay,20,40,B/W,
2019-02-02,24,04:17:00,Saturday,BING,Late Leaving Garage,10,20,N/B,8402
2019-02-02,96,05:04:00,Saturday,WILS,Late Leaving Garage,12,38,W/B,3283
2019-02-02,54,05:20:00,Saturday,EGGA,Utilized Off Route,9,18,W/B,8715
2019-02-02,102,05:21:00,Saturday,SEMK,Late Leaving Garage,10,20,S/B,8400
2019-02-02,52,05:24:00,Saturday,LAWRENCE AVE. AT YONGE ST.,Late Leaving Garage,21,21,W/B,1375
2019-02-02,52,05:33:00,Saturday,TOLLINGTON RD & MARTIN GROVE RD,Late Leaving Garage,24,24,E/B,1279
2019-02-02,110,05:35:00,Saturday,Islington Station,Late Leaving Garage,15,15,S/B,7968
2019-02-02,133,05:38:00,Saturday,MOFI,Late Leaving Garage,12,24,W/B,1769
2019-02-02,22,05:41:00,Saturday,CSTN,Late Leaving Garage,10,20,S/B,9207
2019-02-02,16,05:45:00,Saturday,WSTN,Late Leaving Garage,15,30,N/B,8478
2019-02-02,126,05:45:00,Saturday,St.Clair W Stn,Late Leaving Garage,30,30,S/B,1516
2019-02-02,300,05:48:00,Saturday,DDAN,Mechanical,20,40,W/B,8671
2019-02-02,56,06:00:00,Saturday,Eglinton Station,Late Leaving Garage,30,30,E/B,8199
2019-02-02,93,06:02:00,Saturday,SCOC,Late Leaving Garage,8,1,N/B,8437
2019-02-02,160,06:05:00,Saturday,Bathurst and Steeles,Mechanical,30,60,S/B,1285
2019-02-02,83,06:08:00,Saturday,DSTN,Late Leaving Garage,15,30,S/B,8502
2019-02-02,85,06:13:00,Saturday,SLP,Late Leaving Garage,8,15,W/B,1650
2019-02-02,85,06:20:00,Saturday,SLP,Late Leaving Garage,7,19,W/B,1644
2019-02-02,1,06:30:00,Saturday,Wellington st,Mechanical,1,1,N/B,8013
2019-02-02,102,06:31:00,Saturday,SEMK,Late Leaving Garage,10,20,S/B,8444
2019-02-02,927,06:40:00,Saturday,Steeles loop,Late Leaving Garage,20,40,S/B,3305
2019-02-02,15,06:52:00,Saturday,Sherway Gardens,Mechanical,30,60,E/B,7918
2019-02-02,935,07:28:00,Saturday,PVST,Late Leaving Garage,10,20,S/B,3264
2019-02-02,95,07:44:00,Saturday,Warden on Ellesmere,Mechanical,14,28,E/B,1332
2019-02-02,85,07:47:00,Saturday,MCSH,Mechanical,30,60,W/B,1569
2019-02-02,116,07:51:00,Saturday,MSNS,Mechanical,10,20,S/B,8702
2019-02-02,43,07:58:00,Saturday,KENN,Mechanical,10,20,NB,8839
2019-02-02,939,08:03:00,Saturday,Finch Station,Late Leaving Garage,1,8,B/W,1662
2019-02-02,81,08:04:00,Saturday,PSTN,Late Leaving Garage,7,14,N/B,8574
2019-02-02,88,08:05:00,Saturday,THORNCLIFFE PARK,Diversion,630,645,B/W,
2019-02-02,81,08:15:00,Saturday,THRN,Diversion,999,999,N/B,
2019-02-02,939,08:18:00,Saturday,Scarborough Town Center,Late Leaving Garage,1,7,B/W,1782
2019-02-02,17,08:21:00,Saturday,Warden Stn,Late Leaving Garage,13,26,N/B,5878
2019-02-02,47,08:40:00,Saturday,Lansdowne and Wallace,Diversion,45,53,N/B,1039
2019-02-02,85,08:53:00,Saturday,Shorting Road EB on Sheppard,Mechanical,7,15,E/B,1644
2019-02-02,34,09:00:00,Saturday,34_Eglinton East Route,General Delay,17,25,B/W,
2019-02-02,100,09:00:00,Saturday,100-Flemington Route,General Delay,15,25,B/W,
2019-02-02,36,09:05:00,Saturday,Humberwood loop,Late Leaving Garage,5,10,W/B,3102
2019-02-02,89,09:10:00,Saturday,Keele stn,Investigation,10,20,N/B,1407
2019-02-02,168,09:20:00,Saturday,Avon Loop,Late Leaving Garage,10,20,N/B,1149
2019-02-02,53,09:28:00,Saturday,Finch Station,Late Leaving Garage,25,50,B/W,1651
2019-02-02,984,09:40:00,Saturday,Sheppard & Faywood,Mechanical,13,26,E/B,3341
2019-02-02,935,09:45:00,Saturday,JNST,Late Leaving Garage,10,20,N/B,3261
2019-02-02,707,09:48:00,Saturday,Borough Drive and Triton,Investigation,1,1,B/W,1224
2019-02-02,52,10:00:00,Saturday,Lawrence Station to MCNAUGHTON AVE. AT VICTORY CR.,General Delay,15,25,B/W,
2019-02-02,22,10:00:00,Saturday,Coxwell staiton,Mechanical,10,1,B/W,
2019-02-02,81,10:00:00,Saturday,Thorncliff route,General Delay,10,1,S/B,
2019-02-02,706,10:15:00,Saturday,Warden station,Utilized Off Route,1,1,S/B,9222
2019-02-02,25,10:19:00,Saturday,PSTN,Utilized Off Route,10,20,N/B,8874
2019-02-02,165,10:25:00,Saturday,WILS,Emergency Services,10,20,E/B,3312
2019-02-02,41,10:32:00,Saturday,KSTN,Late Leaving Garage,10,20,N/B,1354
2019-02-02,124,11:00:00,Saturday,Lawrence Station to Sunnybrook Hospital,General Delay,15,35,B/W,
2019-02-02,24,11:00:00,Saturday,VP STN,General Delay,15,1,B/W,
2019-02-02,12,11:00:00,Saturday,Kingston Road Route,General Delay,10,1,B/W,
2019-02-02,53,11:30:00,Saturday,MOFI-PAMK-FSTN-PAMK-MOFI,General Delay,15,30,B/W,
2019-02-02,706,11:37:00,Saturday,RONCY,Utilized Off Route,1,1,S/B,9222
2019-02-02,720,11:40:00,Saturday,Don Mills/Eglinton,Utilized Off Route,1,1,W/B,8850
2019-02-02,32,11:42:00,Saturday,Pine and Lawrecnce,Mechanical,9,18,E/B,1262
2019-02-02,26,12:00:00,Saturday,Entire route,General Delay,24,44,B/W,
2019-02-02,168,12:00:00,Saturday,Entire route,General Delay,9,24,N/B,
2019-02-02,161,12:00:00,Saturday,Entire route,General Delay,15,35,B/W,
2019-02-02,935,12:00:00,Saturday,Entire 935 Jane Express Route,General Delay,20,40,B/W,
2019-02-02,89,12:00:00,Saturday,Entire route,General Delay,7,27,B/W,
2019-02-02,35,12:00:00,Saturday,Entire 35 Jane Street Route,General Delay,20,38,B/W,
2019-02-02,89,12:01:00,Saturday,ALWS,Late Leaving Garage,7,14,S/B,1030
2019-02-02,96,12:10:00,Saturday,YKMS,Late Leaving Garage,15,30,W/B,3259
2019-02-02,36,12:17:00,Saturday,Humberwood loop,Late Leaving Garage,5,10,E/B,3128
2019-02-02,34,12:20:00,Saturday,Eglinton Station,Mechanical,8,16,E/B,8835
2019-02-02,83,12:21:00,Saturday,Leslie and Lakeshore,Diversion,10,26,N/B,8935
2019-02-02,43,12:21:00,Saturday,Kennedy / Lawrence,Investigation,10,20,SB,8887
2019-02-02,900,12:24:00,Saturday,qsga,Late Leaving Garage,7,14,S/B,8000
2019-02-02,96,12:40:00,Saturday,YKMS,Late Leaving Garage,15,30,W/B,3125
2019-02-02,939,12:52:00,Saturday,STC,Mechanical,6,12,W/B,1559
2019-02-02,39,13:00:00,Saturday,39 Finch Route-All Branch,General Delay,14,28,B/W,1712
2019-02-02,939,13:00:00,Saturday,939 Finch Express-All Branch,General Delay,14,28,B/W,1577
2019-02-02,47,13:00:00,Saturday,Entire Route,General Delay,27,52,B/W,
2019-02-02,52,13:09:00,Saturday,Terminal 1,Late Leaving Garage,14,28,E/B,1351
2019-02-02,12,13:14:00,Saturday,VP STN,Mechanical,15,30,E/B,9203
2019-02-02,25,13:30:00,Saturday,Overlea and Throncliff,General Delay,360,370,B/W,
2019-02-02,24,13:35:00,Saturday,Victoria Park stn,Late Leaving Garage,7,14,N/B,8459
2019-02-02,41,13:43:00,Saturday,KEEG,Mechanical,9,18,N/B,1532
2019-02-02,85,13:45:00,Saturday,Sheppard - Malvern gate,Mechanical,20,40,E/B,1678
2019-02-02,85,13:50:00,Saturday,Sheppard - Grand Marshall,Investigation,5,10,E/B,1650
2019-02-02,41,14:00:00,Saturday,Entire route,General Delay,8,23,B/W,
2019-02-02,129,14:00:00,Saturday,Scarborough Town Center,General Delay,12,24,B/W,1744
2019-02-02,80,14:00:00,Saturday,Keele Station,General Delay,15,39,B/W,
2019-02-02,86,14:00:00,Saturday,Lawrence E/Valia Rd.,Mechanical,22,44,E/B,8806
2019-02-02,32,14:08:00,Saturday,Eglinton and Scott,Mechanical,9,18,E/B,1076
2019-02-02,87,14:15:00,Saturday,Cosburn,General Delay,10,20,W/B,8548
2019-02-02,63,14:18:00,Saturday,Ossington between dundas and queen,General Delay,5,10,,
2019-02-02,63,14:30:00,Saturday,Dundas to Queen,Diversion,5,10,,
2019-02-02,34,14:30:00,Saturday,Wynford and Donmills,Investigation,15,30,W/B,8724
2019-02-02,53,14:30:00,Saturday,MOFI to FSTN,General Delay,20,35,B/W,
2019-02-02,86,14:38:00,Saturday,KENN,Utilized Off Route,7,14,E/B,8659
2019-02-02,84,15:00:00,Saturday,Entire route,General Delay,10,28,B/W,
2019-02-02,984,15:00:00,Saturday,Entire route,General Delay,12,22,B/W,
2019-02-02,165,15:00:00,Saturday,Entire route,General Delay,16,28,B/W,
2019-02-02,96,15:00:00,Saturday,Entire Route,General Delay,22,44,B/W,
2019-02-02,54,15:49:00,Saturday,RTLS,Investigation,10,20,W/B,8655
2019-02-02,87,15:50:00,Saturday,Coxwell,Mechanical,10,20,E/B,8558
2019-02-02,7,15:54:00,Saturday,Dupont,Investigation,9,16,S/B,8158
2019-02-02,102,15:57:00,Saturday,st clair and brimley,Mechanical,10,20,S/B,8480
2019-02-02,11,16:00:00,Saturday,Bayview route,General Delay,30,30,B/W,
2019-02-02,36,16:00:00,Saturday,Finch and Driftwood,Investigation,4,9,E/B,3193
2019-02-02,127,16:00:00,Saturday,Davenport Route,General Delay,30,52,E/B,
2019-02-02,7,16:00:00,Saturday,Bathurst route,General Delay,30,25,B/W,
2019-02-02,710,16:06:00,Saturday,Eglinton station,Utilized Off Route,1,1,N/B,8817
2019-02-02,720,16:07:00,Saturday,Don Mills station,Utilized Off Route,1,1,N/B,8774
2019-02-02,60,16:10:00,Saturday,Finch stn,Utilized Off Route,10,19,N/B,3298
2019-02-02,41,16:10:00,Saturday,P. Village,Utilized Off Route,8,17,S/B,1503
2019-02-02,32,16:10:00,Saturday,Eglinton and Marlee,Utilized Off Route,9,18,E/B,1099
2019-02-02,38,16:22:00,Saturday,STC,Investigation,9,18,E/B,1596
2019-02-02,29,16:30:00,Saturday,Dufferin Loop,Mechanical,3,6,N/B,9038
2019-02-02,123,16:30:00,Saturday,Kipling stn,Mechanical,20,40,S/B,7938
2019-02-02,29,16:34:00,Saturday,Dufferin Loop,Mechanical,4,8,N/B,9031
2019-02-02,60,16:40:00,Saturday,Steeles and Hilda,Investigation,9,19,E/B,3291
2019-02-02,95,16:43:00,Saturday,Gisburn and Parkwoods,Mechanical,13,26,B/W,1871
2019-02-02,131,17:15:00,Saturday,Scarborough Town Center,General Delay,1,1,B/W,1796
2019-02-02,35,17:25:00,Saturday,Jane Street and Steeles Ave West,Investigation,8,16,N/B,3112
2019-02-02,52,17:29:00,Saturday,Lawrence and Benton Rd,Investigation,17,34,W/B,1340
2019-02-02,108,17:35:00,Saturday,Sheppard and Allen,Investigation,16,32,E/B,3128
2019-02-02,77,17:36:00,Saturday,Runnymede Station,Investigation,24,48,S/B,1236
2019-02-02,43,17:38:00,Saturday,KENN,Mechanical,10,20,N/B,8643
2019-02-02,935,17:39:00,Saturday,Jane Station,Mechanical,11,22,N/B,3206
2019-02-02,86,17:46:00,Saturday,Eglinton & Cedar,Mechanical,7,14,E/B,8737
2019-02-02,11,18:24:00,Saturday,Davisville station,Mechanical,15,30,N/B,8351
2019-02-02,24,18:29:00,Saturday,Victoria Park stn,Mechanical,7,14,N/B,8552
2019-02-02,34,18:30:00,Saturday,Eglintn and Lebovic,Mechanical,8,16,W/B,8749
2019-02-02,95,18:41:00,Saturday,Markham and Ellesmere,General Delay,1,1,B/W,1316
2019-02-02,29,18:42:00,Saturday,Wilson Station,Mechanical,3,6,S/B,9052
2019-02-02,111,19:00:00,Saturday,Kipling Station to Willowridge,General Delay,15,35,B/W,
2019-02-02,29,19:00:00,Saturday,Dufferin at Rogers,Emergency Services,4,8,N/B,9142
2019-02-02,35,19:13:00,Saturday,FJAN,Late Leaving Garage,6,12,S/B,3323
2019-02-02,54,19:18:00,Saturday,Leslie/Eglinton,Investigation,10,20,E/B,8845
2019-02-02,72,19:24:00,Saturday,CAEA,Utilized Off Route,18,36,S/B,8537
2019-02-02,710,19:26:00,Saturday,Broadview station,Utilized Off Route,1,1,E/B,8817
2019-02-02,22,19:28:00,Saturday,Coxwell station,Utilized Off Route,10,20,S/B,8568
2019-02-02,985,19:31:00,Saturday,Birchmount and Steeles,Mechanical,12,24,E/B,9080
2019-02-02,985,19:31:00,Saturday,Birchmount and Sheppard,Mechanical,1,1,E/B,9065
2019-02-02,54,19:41:00,Saturday,Ellington,Mechanical,10,20,W/B,8675
2019-02-02,67,19:58:00,Saturday,Victoria Park station,Mechanical,24,48,N/B,8780
2019-02-02,111,20:00:00,Saturday,Kipling stn,General Delay,1,1,S/B,7914
2019-02-02,702,20:01:00,Saturday,Longbranch,Utilized Off Route,1,1,N/B,7931
2019-02-02,37,20:33:00,Saturday,Islington Station,Diversion,349,362,B/W,
2019-02-02,50,20:33:00,Saturday,Islington Station,Diversion,295,325,B/W,
2019-02-02,110,20:33:00,Saturday,Islington Station,Diversion,387,397,B/W,
2019-02-02,35,20:44:00,Saturday,Jane Stn,Utilized Off Route,6,12,N/B,3239
2019-02-02,704,20:45:00,Saturday,Pioneer Village stn,Utilized Off Route,1,1,W/B,3342
2019-02-02,927,20:50:00,Saturday,Kipling stn,Utilized Off Route,10,20,N/B,3344
2019-02-02,702,20:50:00,Saturday,Kipling stn,Utilized Off Route,1,1,N/B,8433
2019-02-02,52,20:55:00,Saturday,Westway and Kipling,Utilized Off Route,10,20,W/B,8212
2019-02-02,89,21:00:00,Saturday,Keele Station,Utilized Off Route,10,20,S/B,1104
2019-02-02,32,21:00:00,Saturday,Renforth Station,Utilized Off Route,10,20,E/B,1422
2019-02-02,45,21:07:00,Saturday,Kipling stn,Utilized Off Route,10,20,N/B,7961
2019-02-02,29,21:09:00,Saturday,Dufferin at Bloor,Utilized Off Route,8,16,S/B,9025
2019-02-02,39,21:12:00,Saturday,Sewells and Little Rd,Late Leaving Garage,14,28,B/W,1366
2019-02-02,24,21:24:00,Saturday,Garage,Mechanical,1,1,N/B,8489
2019-02-02,44,21:35:00,Saturday,Kipling stn,Utilized Off Route,10,20,S/B,7925
2019-02-02,52,21:54:00,Saturday,Lawrence West Station,Mechanical,20,40,W/B,8196
2019-02-02,24,22:20:00,Saturday,VPST,Utilized Off Route,10,20,N/B,8407
2019-02-02,89,22:52:00,Saturday,Weston at Birdstone,Mechanical,10,20,N/B,1030
2019-02-02,34,23:00:00,Saturday,Eglinton station,Utilized Off Route,10,20,,8822
2019-02-02,709,23:10:00,Saturday,Bloor and Royal York,Utilized Off Route,1,1,W/B,1266
2019-02-02,47,23:17:00,Saturday,Lansdown and Bloor,Investigation,10,20,S/B,1075
2019-02-02,29,23:32:00,Saturday,Dufferin at Dupont,Investigation,8,16,N/B,9052
2019-02-02,57,23:39:00,Saturday,Midland & Wainfleet,Emergency Services,30,60,S/B,8686
2019-02-02,43,23:50:00,Saturday,Kennedy station,Utilized Off Route,10,20,S/B,8827
2019-02-03,129,00:06:00,Sunday,McCowan and Sheppard,Mechanical,10,20,S/B,1719
2019-02-03,84,00:40:00,Sunday,SHJA,Mechanical,10,20,W/B,3217
2019-02-03,320,02:24:00,Sunday,syon,Mechanical,4,8,S/B,1099
2019-02-03,329,03:19:00,Sunday,Dufferin/Steeles,Mechanical,30,60,S/B,1039
2019-02-03,320,03:35:00,Sunday,Finch/Yonge,Diversion,1,1,N/B,8882
2019-02-03,12,04:00:00,Sunday,Kingston Rd an Victoria Pk,Diversion,20,37,B/W,8442
2019-02-03,352,04:27:00,Sunday,T3,Mechanical,30,60,E/B,8170
2019-02-03,11,04:35:00,Sunday,Gould and Yonge,Investigation,15,30,NB,1285
2019-02-03,96,04:57:00,Sunday,Wilson Stn,Late Leaving Garage,21,42,W/B,3331
2019-02-03,36,05:49:00,Sunday,Humberwood Loop,Late Leaving Garage,11,,E/B,3328
2019-02-03,32,06:44:00,Sunday,Renforth Stn,Mechanical,30,60,E/B,1419
2019-02-03,63,06:53:00,Sunday,bloor,Investigation,12,24,N/B,8375
2019-02-03,54,07:00:00,Sunday,Lawrencew & Leslie,Diversion,999,999,W/B,8637
2019-02-03,36,07:07:00,Sunday,Humberwood Lopp,Late Leaving Garage,9,19,E/B,3192
2019-02-03,102,07:13:00,Sunday,Steeles/Markham,Late Leaving Garage,10,20,S/B,8463
2019-02-03,42,07:18:00,Sunday,Vic park,Mechanical,24,48,W/B,8179
2019-02-03,54,07:23:00,Sunday,Starspray Loop,Utilized Off Route,13,13,W/B,8896
2019-02-03,12,07:30:00,Sunday,BRGA,Mechanical,15,30,S/B,8452
2019-02-03,102,07:32:00,Sunday,Warden Stn,Mechanical,10,20,S/B,8448
2019-02-03,86,07:35:00,Sunday,Meadowvale Loop,Utilized Off Route,10,20,S/B,8713
2019-02-03,12,07:41:00,Sunday,BRGA,Mechanical,15,30,S/B,9201
2019-02-03,102,07:42:00,Sunday,BRGA,Mechanical,10,20,N/B,8447
2019-02-03,94,07:43:00,Sunday,CastleFrank Stn,Late Leaving Garage,6,6,W/B,1033
2019-02-03,77,07:47:00,Sunday,Windermere Place,Late Leaving Garage,24,24,N/B,1046
2019-02-03,63,07:50:00,Sunday,EG WSTN,Utilized Off Route,10,20,S/B,1246
2019-02-03,73,07:50:00,Sunday,Royal York and Evans,Late Leaving Garage,10,20,S/B,7923
2019-02-03,120,07:55:00,Sunday,Sheppard and Jane,Late Leaving Garage,30,60,E/B,3186
2019-02-03,32,07:56:00,Sunday,Renforth Stn,Utilized Off Route,10,20,E/B,1575
2019-02-03,37,07:56:00,Sunday,Humberwood Loop,Utilized Off Route,15,30,S/B,8433
2019-02-03,63,08:00:00,Sunday,atkinson / eglinton wstn,General Delay,8,16,B/W,
2019-02-03,102,08:00:00,Sunday,Warden station,Late Leaving Garage,10,20,N/B,8447
2019-02-03,112,08:03:00,Sunday,Carlingview at International,Late Leaving Garage,20,40,S/B,8035
2019-02-03,42,08:06:00,Sunday,Finch at Bathurst,Mechanical,10,20,E/B,1246
2019-02-03,169,08:11:00,Sunday,donmills stn,Mechanical,30,60,E/B,1365
2019-02-03,925,08:16:00,Sunday,Don Mills & Freshmeadow,Utilized Off Route,10,20,S/B,8901
2019-02-03,95,08:20:00,Sunday,SCLP,Late Leaving Garage,20,40,W/B,1377
2019-02-03,25,08:24:00,Sunday,Pape Station,Utilized Off Route,9,16,N/B,8815
2019-02-03,939,08:25:00,Sunday,Finch and Seneca Drive,Mechanical,8,16,E/B,1663
2019-02-03,40,08:33:00,Sunday,Dundas West Station,Late Leaving Garage,11,22,W/B,7968
2019-02-03,102,08:38:00,Sunday,warden station,Utilized Off Route,10,20,S/B,8457
2019-02-03,41,08:40:00,Sunday,PVSTN,Late Leaving Garage,11,23,S/B,1359
2019-02-03,25,08:49:00,Sunday,Don Mills & Freshmeadow,Utilized Off Route,9,18,S/B,8768
2019-02-03,165,08:57:00,Sunday,YKMS,Late Leaving Garage,9,18,W/B,3212
2019-02-03,22,09:04:00,Sunday,Coxwell station,Mechanical,10,20,S/B,8419
2019-02-03,97,09:04:00,Sunday,finch / dufferin,Mechanical,30,60,E/B,8199
2019-02-03,36,09:05:00,Sunday,Finch W Stn,Mechanical,7,14,,3291
2019-02-03,6,09:17:00,Sunday,DDVP,Late Leaving Garage,18,36,S/B,1043
2019-02-03,52,09:24:00,Sunday,LAW W STN,Late Leaving Garage,10,20,W/B,1314
2019-02-03,24,09:46:00,Sunday,Victoria park station,Mechanical,9,18,S/B,8578
2019-02-03,165,09:50:00,Sunday,165 Weston Road Toute,General Delay,9,28,B/W,
2019-02-03,96,09:50:00,Sunday,96 Wilson Route,General Delay,9,30,B/W,
2019-02-03,83,10:00:00,Sunday,Jones Route,General Delay,10,1,B/W,
2019-02-03,65,10:00:00,Sunday,Parliament route,General Delay,10,1,B/W,
2019-02-03,35,10:00:00,Sunday,Route 35,General Delay,10,20,B/W,
2019-02-03,935,10:00:00,Sunday,Route 195,General Delay,10,20,B/W,
2019-02-03,22,10:00:00,Sunday,coxwell route,General Delay,10,1,B/W,
2019-02-03,37,10:02:00,Sunday,Islington Station,Mechanical,18,36,N/B,7922
2019-02-03,900,10:06:00,Sunday,Kipling station,Mechanical,8,16,N/B,8011
2019-02-03,23,10:12:00,Sunday,DAWES/BETH,Emergency Services,12,24,N/B,8513
2019-02-03,7,10:24:00,Sunday,Ancona St / Finch,Mechanical,10,20,S/B,9011
2019-02-03,95,10:30:00,Sunday,Ellesmere / Markham,Mechanical,20,40,W/B,1816
2019-02-03,52,10:55:00,Sunday,Lawrence ave W /Pine,Investigation,20,40,W/B,1368
2019-02-03,93,11:00:00,Sunday,PARKVIEW HILLS ROUTE,General Delay,10,,B/W,8957
2019-02-03,23,11:00:00,Sunday,DAWES RD ROUTE,General Delay,10,1,B/W,
2019-02-03,85,11:06:00,Sunday,Sheppard - Progress,Investigation,8,23,E/B,1500
2019-02-03,24,11:25:00,Sunday,Finch and Victoria Pk,Mechanical,9,18,S/B,8400
2019-02-03,79,11:42:00,Sunday,Scarlette and East Dr,Mechanical,10,20,S/B,1137
2019-02-03,129,11:55:00,Sunday,McCowan / Finch,Mechanical,10,20,S/B,1565
2019-02-03,69,12:00:00,Sunday,WARDEN SOUTH ROUTE,General Delay,10,,B/W,
2019-02-03,89,12:05:00,Sunday,Keele and Dundas,Investigation,10,20,S/B,1042
2019-02-03,47,12:15:00,Sunday,Bowie and Caledonia,Investigation,10,20,N/B,1590
2019-02-03,935,12:20:00,Sunday,incident @: Wilson & Jane  bus holding @  Jane & Lawrence,Investigation,10,20,S/B,3136
2019-02-03,165,12:24:00,Sunday,YKMS,Late Leaving Garage,9,18,W/B,3158
2019-02-03,95,12:25:00,Sunday,,Mechanical,16,33,W/B,1631
2019-02-03,24,12:46:00,Sunday,Victoria Pk and Eglinton,Mechanical,8,16,N/B,8934
2019-02-03,53,12:51:00,Sunday,Leslie/Steeles,Mechanical,6,12,E/B,1316
2019-02-03,32,12:53:00,Sunday,Eg W Stn,Late Leaving Garage,20,40,W/B,1421
2019-02-03,168,13:10:00,Sunday,St Clair and Old Weston Rd,Investigation,9,18,N/B,1273
2019-02-03,96,13:11:00,Sunday,Wilson and Bathurst,Investigation,9,18,E/B,3198
2019-02-03,52,13:28:00,Sunday,Lalwrence W stn,Mechanical,14,28,E/B,1390
2019-02-03,89,13:30:00,Sunday,Weston and eglinton,Mechanical,10,20,S/B,1205
2019-02-03,32,13:35:00,Sunday,Eg. W Stn,Mechanical,10,20,W/B,1422
2019-02-03,96,13:50:00,Sunday,YKMS,Mechanical,9,18,W/B,3365
2019-02-03,79,13:53:00,Sunday,Scarlette and Yorkleigh ave,Investigation,12,24,S/B,1536
2019-02-03,68,13:55:00,Sunday,warden Station,Utilized Off Route,1,1,N/B,8811
2019-02-03,77,13:56:00,Sunday,RUST,Investigation,24,44,S/B,1356
2019-02-03,34,14:00:00,Sunday,Eglinton stn,Mechanical,9,18,E/B,8788
2019-02-03,36,14:15:00,Sunday,Finch and Highway 400,Diversion,1,1,W/B,3227
2019-02-03,43,14:15:00,Sunday,Progress & William Kitche Road,Diversion,15,30,E/B,8876
2019-02-03,60,14:39:00,Sunday,Steeles Loop and Martin Grove,Mechanical,10,20,E/B,3118
2019-02-03,32,14:50:00,Sunday,Eglinton and Weston,Mechanical,10,20,E/B,1614
2019-02-03,47,15:15:00,Sunday,Keele and Eglinton,Mechanical,18,36,S/B,1066
2019-02-03,7,15:30:00,Sunday,Bathurst and Wilson,Investigation,8,15,S/B,9021
2019-02-03,32,15:45:00,Sunday,Eglinton stn,Mechanical,10,20,W/B,1017
2019-02-03,97,15:54:00,Sunday,The Esplanade and Yonge,Investigation,15,30,N/B,8174
2019-02-03,39,16:17:00,Sunday,Baylawn and Finch,Investigation,16,32,W/B,1774
2019-02-03,43,16:20:00,Sunday,kennedy,Mechanical,8,16,S/B,8690
2019-02-03,60,16:22:00,Sunday,Pioneer Village Station,Utilized Off Route,10,20,W/B,3329
2019-02-03,900,16:27:00,Sunday,KIPLING STN,Late Leaving Garage,7,14,N/B,8007
2019-02-03,59,16:31:00,Sunday,Oak & Weston,Investigation,30,60,W/B,3221
2019-02-03,108,16:46:00,Sunday,Sheppard W stn,Utilized Off Route,9,18,W/B,3319
2019-02-03,29,16:47:00,Sunday,King/Dufferin,Mechanical,5,9,S/B,9101
2019-02-03,40,16:48:00,Sunday,Runnymede loop,Mechanical,10,20,E/B,7968
2019-02-03,900,17:06:00,Sunday,Kipling stn,Mechanical,7,14,N/B,7957
2019-02-03,53,17:17:00,Sunday,PAMK,Mechanical,6,12,E/B,1726
2019-02-03,71,17:19:00,Sunday,INMD,Mechanical,24,48,S/B,1378
2019-02-03,165,17:22:00,Sunday,Finch and Jne,Mechanical,9,18,S/B,3158
2019-02-03,60,17:51:00,Sunday,Steeles Loop and Martin Grove,Mechanical,10,20,E/B,3324
2019-02-03,11,18:05:00,Sunday,Bayview Loop at Steeles,Mechanical,30,60,S/B,8124
2019-02-03,52,18:25:00,Sunday,Lawrence W stn,Utilized Off Route,7,14,W/B,8389
2019-02-03,40,18:30:00,Sunday,Junction route,General Delay,15,30,B/W,
2019-02-03,39,18:38:00,Sunday,Mccowan/Finch,Diversion,6,22,E/B,1327
2019-02-03,939,19:05:00,Sunday,MCFI,Diversion,37,47,W/B,
2019-02-03,807,19:10:00,Sunday,University Avenue and College,Mechanical,1,1,S/B,8547
2019-02-03,807,19:13:00,Sunday,Wilson and Jane,Investigation,1,1,E/B,3295
2019-02-03,129,19:16:00,Sunday,MCST,Investigation,60,120,N/B,1565
2019-02-03,129,19:19:00,Sunday,MCFI,Diversion,143,203,N/B,1788
2019-02-03,21,19:25:00,Sunday,STC,Mechanical,158,48,S/B,1622
2019-02-03,985,19:51:00,Sunday,Midland/Sheppard,Mechanical,16,39,W/B,9070
2019-02-03,111,20:00:00,Sunday,MartinGrove,General Delay,1,1,N/B,
2019-02-03,82,20:03:00,Sunday,Crescent and Cluny,Diversion,30,60,EB,8151
2019-02-03,102,20:31:00,Sunday,parkcrest and kingston road,Mechanical,1,1,S/B,8524
2019-02-03,37,20:49:00,Sunday,Humberwood Loop,Mechanical,20,40,S/B,8057
2019-02-03,7,20:50:00,Sunday,Bathurst Station,Utilized Off Route,9,18,SB,1381
2019-02-03,701,20:50:00,Sunday,Ossington Station,Utilized Off Route,1,1,SB,8361
2019-02-03,36,21:12:00,Sunday,Humberwood Loop,Late Leaving Garage,7,14,E/B,3133
2019-02-03,60,21:26:00,Sunday,Pioneer Village Station,Mechanical,14,28,W/B,3329
2019-02-03,168,21:30:00,Sunday,Avon Loop,Mechanical,12,24,S/B,1056
2019-02-03,85,21:43:00,Sunday,Burbank on Sheppard,Investigation,20,40,W/B,1741
2019-02-03,63,22:06:00,Sunday,Atlantic and King,Mechanical,10,20,NB,8395
2019-02-03,7,22:14:00,Sunday,Greenwin Village,Mechanical,10,20,SB,9015
2019-02-03,97,22:38:00,Sunday,Hilda and Steeles,Mechanical,30,60,SB,8363
2019-02-03,34,22:58:00,Sunday,Eglinton and Rosemount,Mechanical,11,21,E/B,8779
2019-02-03,52,23:08:00,Sunday,Wilson Garage,Utilized Off Route,20,40,WB,8196
2019-02-03,129,23:10:00,Sunday,STC,Mechanical,10,20,N/B,1788
2019-02-03,38,23:26:00,Sunday,STC,Investigation,13,26,E/B,1561
2019-02-03,53,23:37:00,Sunday,FSTN,Mechanical,20,40,E/B,1753
2019-02-04,322,01:57:00,Monday,BING,Mechanical,30,30,E/B,8587
2019-02-04,302,03:03:00,Monday,Bingham Loop,Mechanical,30,60,N/B,8482
2019-02-04,102,03:58:00,Monday,SEMK,Late Leaving Garage,20,40,S/B,8417
2019-02-04,102,04:18:00,Monday,BRGA,Mechanical,20,40,N/B,8456
2019-02-04,17,04:52:00,Monday,BIST,Late Leaving Garage,33,6,N/B,9205
2019-02-04,41,04:57:00,Monday,PVST,Mechanical,16,27,S/B,9034
2019-02-04,54,05:00:00,Monday,Lawrence & Leslie,Diversion,1178,1183,W/B,8892
2019-02-04,300,05:09:00,Monday,Kennedy Station,Late Leaving Garage,30,30,W/B,8054
2019-02-04,107,05:11:00,Monday,,Late Leaving Garage,26,26,,3197
2019-02-04,9,05:17:00,Monday,WSTN,Late Leaving Garage,15,30,N/B,8468
2019-02-04,9,05:17:00,Monday,BRGA,Mechanical,15,30,N/B,8468
2019-02-04,71,05:23:00,Monday,RBLR,Late Leaving Garage,11,11,N/B,1260
2019-02-04,25,05:25:00,Monday,EGGA,Late Leaving Garage,1,1,N/B,8644
2019-02-04,94,05:33:00,Monday,Oss Stn,Late Leaving Garage,13,13,E/B,1408
2019-02-04,300,05:33:00,Monday,Broadview Station,Mechanical,15,15,W/B,8010
2019-02-04,96,05:33:00,Monday,FIHU,Late Leaving Garage,13,15,E/B,3360
2019-02-04,300,05:33:00,Monday,DDAN,Late Leaving Garage,10,10,W/B,8685
2019-02-04,84,05:34:00,Monday,RISH,Late Leaving Garage,15,29,W/B,3230
2019-02-04,110,05:35:00,Monday,Evans and Islington Ave,Late Leaving Garage,10,19,S/B,8045
2019-02-04,72,05:37:00,Monday,PSTN,Late Leaving Garage,9,18,S/B,8553
2019-02-04,9,05:41:00,Monday,STC,Mechanical,20,35,S/B,8487
2019-02-04,126,05:45:00,Monday,St . Clair West Stn,Late Leaving Garage,15,30,S/B,1021
2019-02-04,12,05:46:00,Monday,Victoria Pk Stn,Mechanical,7,14,W/B,8529
2019-02-04,47,05:48:00,Monday,Queen and Lansdowne,Late Leaving Garage,18,36,N/B,1076
2019-02-04,52,05:50:00,Monday,Lawrence Station,Late Leaving Garage,15,30,W/B,1282
2019-02-04,80,05:56:00,Monday,Sherway Gardens,Mechanical,26,53,S/B,8611
2019-02-04,10,05:56:00,Monday,DONS,Mechanical,15,30,N/B,1309
2019-02-04,134,05:59:00,Monday,Crow trail and Contrelle Den,Mechanical,18,36,W/B,1658
2019-02-04,939,06:00:00,Monday,939 Finch Express-All Branch,General Delay,8,16,B/W,1769
2019-02-04,39,06:00:00,Monday,39 Finch Route All Branch,General Delay,20,40,B/W,1740
2019-02-04,925,06:00:00,Monday,JSTE,Late Leaving Garage,1,10,S/B,3342
2019-02-04,186,06:01:00,Monday,HLDG,Late Leaving Garage,11,20,E/B,3328
2019-02-04,939,06:02:00,Monday,STC SRT,Late Leaving Garage,8,16,W/B,1769
2019-02-04,902,06:02:00,Monday,WSTN,Late Leaving Garage,10,20,N/B,8453
2019-02-04,21,06:05:00,Monday,STC,Late Leaving Garage,20,20,S/B,3433
2019-02-04,96,06:08:00,Monday,FARR,Mechanical,23,27,W/B,3198
2019-02-04,12,06:12:00,Monday,Victoria Pk Station,Mechanical,14,28,E/B,8591
2019-02-04,32,06:15:00,Monday,ESTN,Mechanical,6,11,W/B,1409
2019-02-04,20,06:17:00,Monday,BRGA,Mechanical,11,22,W/B,8556
2019-02-04,32,06:21:00,Monday,EMMT,Mechanical,11,21,E/B,1549
2019-02-04,15,06:25:00,Monday,Sherway Gardens,Mechanical,12,24,E/B,7911
2019-02-04,68,06:27:00,Monday,Warden Loop,Late Leaving Garage,5,10,S/B,8821
2019-02-04,76,06:27:00,Monday,Evans and Royal York,Late Leaving Garage,9,18,S/B,8617
2019-02-04,929,06:30:00,Monday,Dufferin Gate,Mechanical,9,18,N/B,9147
2019-02-04,23,06:32:00,Monday,Main Station,Late Leaving Garage,6,12,N/B,
2019-02-04,21,06:32:00,Monday,stc,Late Leaving Garage,10,20,S/B,8782
2019-02-04,939,06:34:00,Monday,Morningside and Nightstar,Late Leaving Garage,8,16,B/W,
2019-02-04,89,06:35:00,Monday,Keele Station,Late Leaving Garage,6,12,N/B,1063
2019-02-04,40,06:38:00,Monday,Runnymede Loop,Late Leaving Garage,6,15,E/B,8020
2019-02-04,16,06:39:00,Monday,Carlslake crescent,Mechanical,9,18,S/B,8445
2019-02-04,954,06:39:00,Monday,Lawrence SRT Station,Mechanical,9,18,E/B,8865
2019-02-04,124,06:40:00,Monday,Wilson Garage,Mechanical,6,12,E/B,8303
2019-02-04,902,06:42:00,Monday,WSTN,Late Leaving Garage,10,20,N/B,8418
2019-02-04,34,06:44:00,Monday,Eglinton & Don Mills,Mechanical,4,8,E/B,8749
2019-02-04,995,06:45:00,Monday,University Loop,Late Leaving Garage,9,18,W/B,1792
2019-02-04,902,06:52:00,Monday,WSTN,Late Leaving Garage,10,20,N/B,8457
2019-02-04,47,06:53:00,Monday,Yorkdale,Mechanical,18,36,S/B,1146
2019-02-04,24,06:54:00,Monday,Don Mills Station,Utilized Off Route,13,26,S/B,8402
2019-02-04,36,06:55:00,Monday,Finch W Stn,Mechanical,5,10,,9105
2019-02-04,26,06:59:00,Monday,Jane Stn,Late Leaving Garage,13,26,E/B,1208
2019-02-04,100,07:07:00,Monday,Don Mills & Wynford Drive,Late Leaving Garage,3,7,S/B,8641
2019-02-04,6,07:12:00,Monday,Queens Quay and Dockside,Mechanical,5,10,N/B,1046
2019-02-04,6,07:14:00,Monday,Davenport and Dupont,Late Leaving Garage,5,10,S/B,1143
2019-02-04,36,07:14:00,Monday,,Investigation,5,10,,9129
2019-02-04,7,07:17:00,Monday,wilson garage,Late Leaving Garage,8,18,N/B,9004
2019-02-04,905,07:20:00,Monday,Kennedy STN,Late Leaving Garage,10,20,N/B,8751
2019-02-04,84,07:30:00,Monday,On Sheppard  East of Allen Road,Investigation,19,38,W/B,3353
2019-02-04,129,07:38:00,Monday,STC,Utilized Off Route,28,56,N/B,1824
2019-02-04,54,07:45:00,Monday,Eglinton from Eglinton Stn - Leslie,General Delay,15,22,E/B,
2019-02-04,90,08:00:00,Monday,st clair wstn to oakwood,General Delay,3,7,B/W,
2019-02-04,109,08:00:00,Monday,eglinton wstn to nuptune,General Delay,6,11,B/W,
2019-02-04,51,08:00:00,Monday,Eglinton Stn to Leslie Ave,General Delay,21,33,E/B,
2019-02-04,39,08:04:00,Monday,Pineway and Finch Av,Mechanical,20,40,W/B,1740
2019-02-04,41,08:15:00,Monday,Keele Station to PVST,General Delay,20,32,B/W,
2019-02-04,109,08:19:00,Monday,eglinton wstn,Mechanical,19,40,N/B,1247
2019-02-04,995,08:22:00,Monday,Brimpley and Elesmere,Mechanical,9,18,W/B,1731
2019-02-04,70,08:24:00,Monday,O'Connor at Sandra,Investigation,17,34,S/B,8853
2019-02-04,32,08:30:00,Monday,Entire route,General Delay,6,26,B/W,
2019-02-04,25,08:30:00,Monday,PSTN to FMDM,General Delay,15,21,B/W,8706
2019-02-04,941,08:30:00,Monday,Keele Station to PVST,General Delay,20,30,B/W,
2019-02-04,925,08:30:00,Monday,PSTN to FMDM,General Delay,20,30,B/W,8710
2019-02-04,102,08:30:00,Monday,Markham Route,General Delay,10,1,B/W,
2019-02-04,902,08:30:00,Monday,Markham Route Express,General Delay,15,1,B/W,
2019-02-04,111,08:32:00,Monday,Kipling Station,Mechanical,12,24,N/B,8033
2019-02-04,63,08:54:00,Monday,oakwood and St.Clair,Investigation,9,18,S/B,8117
2019-02-04,32,08:55:00,Monday,REGW,Utilized Off Route,6,11,E/B,1410
2019-02-04,35,08:59:00,Monday,Jane Street North of Giltspur,Investigation,9,18,N/B,3141
2019-02-04,131,09:05:00,Monday,Scarborough Town Centre,Mechanical,8,16,S/B,3431
2019-02-04,12,09:07:00,Monday,Victoria Pk stn,Mechanical,1,1,N/B,8595
2019-02-04,21,09:19:00,Monday,STC,Mechanical,14,28,N/B,1787
2019-02-04,89,09:53:00,Monday,Keele Station,Mechanical,10,20,N/B,1089
2019-02-04,108,10:00:00,Monday,Jane and Driftwood,Investigation,11,22,E/B,3241
2019-02-04,26,10:00:00,Monday,Annette and Keele,Mechanical,20,40,W/B,1208
2019-02-04,102,10:00:00,Monday,WSTN,Mechanical,20,40,N/B,8466
2019-02-04,32,10:39:00,Monday,Oakwood and Eglinton,Emergency Services,13,26,E/B,1140
2019-02-04,106,10:45:00,Monday,Finch and Sentinel,Mechanical,8,16,N/B,1237
2019-02-04,34,10:49:00,Monday,Eglinton & Pharmacy,Mechanical,8,16,W/B,8742
2019-02-04,83,10:51:00,Monday,Boultbee,Investigation,16,32,S/B,8535
2019-02-04,117,11:00:00,Monday,Kodiak Cres between Sheppard and Whitehorse Rd,Diversion,1,40,B/W,
2019-02-04,7,11:00:00,Monday,wilson ave,Mechanical,8,16,S/B,9007
2019-02-04,108,11:06:00,Monday,Allen Rd and Sheppard,Investigation,7,14,W/B,3356
2019-02-04,7,11:40:00,Monday,glencairn to viewmount,Diversion,50,58,S/B,9018
2019-02-04,14,11:40:00,Monday,Bathurst ( Glencairn to Viewmount),Diversion,27,54,W/B,1023
2019-02-04,7,11:50:00,Monday,Barton,Investigation,8,16,N/B,9000
2019-02-04,7,12:00:00,Monday,bathurst stn,Mechanical,10,20,N/B,9014
2019-02-04,63,12:18:00,Monday,Ossington Station,Utilized Off Route,8,16,SB,1231
2019-02-04,77,13:04:00,Monday,Kennedy and Bloor,Investigation,13,26,N/B,1345
2019-02-04,54,13:32:00,Monday,Eglinton Station,Mechanical,12,24,E/B,8680
2019-02-04,704,13:34:00,Monday,JNST,Utilized Off Route,1,1,N/B,3167
2019-02-04,45,13:37:00,Monday,Kipling and Albion,Investigation,10,20,N/B,7949
2019-02-04,709,13:39:00,Monday,KSTN,Utilized Off Route,1,1,N/B,1590
2019-02-04,600,13:40:00,Monday,Spadina/Harbord,Utilized Off Route,1,1,W/B,1059
2019-02-04,52,13:43:00,Monday,Goreway and Morningstar,Investigation,14,28,E/B,8107
2019-02-04,54,13:50:00,Monday,Don Mills & Donway South,Investigation,12,24,S/B,8914
2019-02-04,40,13:50:00,Monday,Dundas West Station,Utilized Off Route,10,20,W/B,7934
2019-02-04,118,14:00:00,Monday,Route 118,General Delay,11,36,B/W,
2019-02-04,165,14:00:00,Monday,Route 165,General Delay,25,33,B/W,
2019-02-04,186,14:00:00,Monday,Route 186,General Delay,16,26,B/W,
2019-02-04,96,14:00:00,Monday,Route 96,General Delay,14,23,B/W,
2019-02-04,54,14:05:00,Monday,EGGA,Late Leaving Garage,1,1,,8693
2019-02-04,102,14:07:00,Monday,Warden station,Late Leaving Garage,1,1,S/B,8458
2019-02-04,36,14:16:00,Monday,Finch and Arrow,Mechanical,5,11,E/B,9132
2019-02-04,73,14:19:00,Monday,Claireport,Mechanical,11,21,S/B,8043
2019-02-04,97,14:21:00,Monday,Bloor and Yonge,Mechanical,1,1,S/B,8367
2019-02-04,45,14:29:00,Monday,Kipling Station,Utilized Off Route,11,22,N/B,7952
2019-02-04,95,14:30:00,Monday,KNRD to YKMS,General Delay,20,30,B/W,
2019-02-04,6,14:36:00,Monday,Davenport at Dupont,Late Leaving Garage,3,6,S/B,1090
2019-02-04,95,14:38:00,Monday,PJPS,Late Leaving Garage,7,8,W/B,1683
2019-02-04,927,14:40:00,Monday,Humber College,Mechanical,11,11,S/B,3282
2019-02-04,48,14:40:00,Monday,Michael Power School,Investigation,5,10,E/B,7944
2019-02-04,88,14:44:00,Monday,SSTN,Late Leaving Garage,6,12,E/B,1355
2019-02-04,60,14:44:00,Monday,FSTN,Mechanical,8,16,W/B,3301
2019-02-04,995,14:52:00,Monday,YKMS,Late Leaving Garage,5,14,E/B,3426
2019-02-04,902,14:53:00,Monday,milner and sheppard,Mechanical,15,30,S/B,8957
2019-02-04,24,15:00:00,Monday,Eglinton Ave,General Delay,25,1,N/B,
2019-02-04,131,15:00:00,Monday,STC to SWMO,General Delay,15,25,B/W,
2019-02-04,64,15:00:00,Monday,Main stn,General Delay,10,10,S/B,
2019-02-04,989,15:00:00,Monday,Signet and Steeles,Late Leaving Garage,10,20,S/B,1423
2019-02-04,60,15:00:00,Monday,60 steeles west route,General Delay,7,18,B/W,
2019-02-04,55,15:00:00,Monday,All Along the route,General Delay,8,23,B/W,
2019-02-04,84,15:00:00,Monday,84 Sheppard weest,General Delay,7,15,B/W,
2019-02-04,95,15:06:00,Monday,YOCE,Late Leaving Garage,8,8,E/B,3431
2019-02-04,34,15:06:00,Monday,ESTN,Late Leaving Garage,4,9,E/B,8910
2019-02-04,132,15:11:00,Monday,Scar Town Centre Station,Late Leaving Garage,12,25,E/B,1794
2019-02-04,63,15:11:00,Monday,Ossington Station,Mechanical,9,18,SB,8199
2019-02-04,16,15:12:00,Monday,Elfreda/ St.Clair,Investigation,12,24,N/B,8500
2019-02-04,902,15:12:00,Monday,Warden staiton,Late Leaving Garage,1,1,S/B,8546
2019-02-04,935,15:17:00,Monday,Pioneer Village Station,Late Leaving Garage,9,18,S/B,3254
2019-02-04,9,15:18:00,Monday,STC,Mechanical,12,21,N/B,8487
2019-02-04,95,15:18:00,Monday,ELRT,Late Leaving Garage,10,10,W/B,1756
2019-02-04,939,15:18:00,Monday,Sheppard and McCowan,Mechanical,9,18,B/W,1823
2019-02-04,106,15:20:00,Monday,Sheppard West,Late Leaving Garage,10,20,NB,8121
2019-02-04,37,15:21:00,Monday,Islington station,Late Leaving Garage,11,22,N/B,7944
2019-02-04,941,15:22:00,Monday,Finch West Station,Late Leaving Garage,14,28,S/B,1041
2019-02-04,38,15:25:00,Monday,Ellesmere/Morningside,Mechanical,9,22,E/B,3400
2019-02-04,9,15:30:00,Monday,Bellamy route,General Delay,15,15,S/B,
2019-02-04,29,15:30:00,Monday,Dufferin and St Clair,Mechanical,7,15,N/B,9138
2019-02-04,63,15:38:00,Monday,Eglinton West Station,Utilized Off Route,8,16,SB,1347
2019-02-04,87,15:42:00,Monday,Westlake and Hampstead,Mechanical,5,10,,8560
2019-02-04,945,15:45:00,Monday,2677 kipling ave,Investigation,9,18,N/B,8035
2019-02-04,54,15:45:00,Monday,Eglinton and Foreman,Investigation,10,20,E/B,8761
2019-02-04,131,15:50:00,Monday,Littles and Old Finch,Mechanical,10,26,N/B,1573
2019-02-04,112,15:55:00,Monday,renforth stn,Mechanical,16,32,S/B,8029
2019-02-04,168,16:00:00,Monday,Symington Route,General Delay,14,21,B/W,
2019-02-04,63,16:00:00,Monday,Eglinton West Station,General Delay,8,16,NB,1216
2019-02-04,9,16:00:00,Monday,Corporate,Mechanical,4,23,S/B,8468
2019-02-04,97,16:00:00,Monday,Entire Route,General Delay,20,30,B/W,
2019-02-04,75,16:00:00,Monday,Along route,General Delay,29,35,B/W,
2019-02-04,41,16:00:00,Monday,Keele Stn to St. Clair and N/B Keele & Eglinton,General Delay,15,27,B/W,
2019-02-04,63,16:02:00,Monday,Atlantic and King,Utilized Off Route,8,16,NB,8174
2019-02-04,112,16:05:00,Monday,KPST,Mechanical,10,20,N/B,7948
2019-02-04,704,16:06:00,Monday,JNST,Utilized Off Route,1,1,N/B,3249
2019-02-04,45,16:13:00,Monday,kipling coming from garage,Late Leaving Garage,14,28,N/B,7911
2019-02-04,95,16:15:00,Monday,KNRD,Late Leaving Garage,9,18,W/B,1299
2019-02-04,937,16:36:00,Monday,Islington Station,Investigation,11,22,N/B,8050
2019-02-04,939,16:41:00,Monday,Morningside and Finch,Mechanical,12,24,B/W,3416
2019-02-04,89,16:45:00,Monday,Keele and Dundas,Investigation,10,20,S/B,1403
2019-02-04,23,16:50:00,Monday,Dawes and Danforth,Investigation,7,14,S/B,8589
2019-02-04,900,16:55:00,Monday,terminal 3,Mechanical,8,16,S/B,8007
2019-02-04,42,17:00:00,Monday,Enter 42A Route,General Delay,15,30,B/W,
2019-02-04,952,17:00:00,Monday,Lawrence route,General Delay,12,24,B/W,
2019-02-04,52,17:00:00,Monday,Lawrence Ave E Route,General Delay,14,14,,
2019-02-04,989,17:00:00,Monday,KSTN,Utilized Off Route,10,20,N/B,1356
2019-02-04,36,17:08:00,Monday,Humberwood Loop,Mechanical,6,13,E/B,9123
2019-02-04,87,17:12:00,Monday,Main,Utilized Off Route,5,10,,9222
2019-02-04,52,17:19:00,Monday,Lawrence Stn,Mechanical,14,28,,8160
2019-02-04,131,17:21:00,Monday,McCowan and 401 Exit,Mechanical,9,18,N/B,3402
2019-02-04,85,17:28:00,Monday,Sheppard - Markham,Investigation,16,31,W/B,1284
2019-02-04,73,17:39:00,Monday,Weston rd at Oak st,Mechanical,14,28,N/B,7921
2019-02-04,59,17:42:00,Monday,Ingram Dr & Kincouy St.,Investigation,15,28,E/B,3140
2019-02-04,44,18:10:00,Monday,kpst,Mechanical,10,20,N/B,8612
2019-02-04,96,18:11:00,Monday,martin grove & Westhumber,Diversion,32,41,E/B,
2019-02-04,186,18:11:00,Monday,Martin Grove & Westhumber,Diversion,32,42,E/B,
2019-02-04,7,18:14:00,Monday,Bathurst /Eglinton,Mechanical,9,17,N/B,9011
2019-02-04,36,18:20:00,Monday,Finch and Wilmington,Mechanical,6,11,W/B,3274
2019-02-04,133,18:39:00,Monday,Neilson/Sheppard,Mechanical,7,15,S/B,1569
2019-02-04,73,18:39:00,Monday,mimico and lakeshore,Mechanical,14,28,E/B,7976
2019-02-04,36,19:20:00,Monday,Finch and Weston,Mechanical,6,12,W/B,9120
2019-02-04,53,19:21:00,Monday,Dudley Ave and Steeles,Mechanical,10,5,W/B,1596
2019-02-04,134,19:24:00,Monday,STC,Mechanical,24,48,N/B,1724
2019-02-04,36,19:32:00,Monday,Finch and Arrow rd,Mechanical,6,13,E/B,9121
2019-02-04,68,19:35:00,Monday,Warden and Mcnicoll,Diversion,241,251,B/W,
2019-02-04,21,19:36:00,Monday,BMST,Mechanical,12,24,S/B,3420
2019-02-04,29,19:40:00,Monday,Dufferin and Rogers,Mechanical,8,15,N/B,9104
2019-02-04,95,19:58:00,Monday,SCLP,Mechanical,14,28,W/B,1817
2019-02-04,53,20:30:00,Monday,FSTN - MOFI,General Delay,5,10,B/W,
2019-02-04,97,20:30:00,Monday,Glenforest and Yonge,Investigation,15,30,N/B,1370
2019-02-04,97,20:45:00,Monday,Roslin and Yonge,Diversion,125,140,N/B,
2019-02-04,24,20:58:00,Monday,Victoria Park Station,Utilized Off Route,0,0,B/W,8402
2019-02-04,90,21:12:00,Monday,St Clair West Station,Utilized Off Route,8,16,WB,8328
2019-02-04,52,21:42:00,Monday,Lawrence Stn,Mechanical,8,11,W/B,1248
2019-02-04,11,21:54:00,Monday,Davisville stn,Mechanical,15,29,N/B,8208
2019-02-04,102,22:06:00,Monday,Warden Station,Utilized Off Route,30,60,B/W,8529
2019-02-04,85,22:10:00,Monday,SLP,Mechanical,15,31,W/B,1414
2019-02-04,52,22:12:00,Monday,Lawrence West Station,Utilized Off Route,10,20,WB,8395
2019-02-04,28,22:20:00,Monday,Bayview /Nesbitt,Diversion,1,1,B/W,8210
2019-02-04,929,22:24:00,Monday,Dufferinand Wilson,Emergency Services,10,20,N/B,9147
2019-02-04,29,22:25:00,Monday,Dufferin and Wilson,Diversion,70,79,N/B,
2019-02-04,131,23:05:00,Monday,Washburn and Tapscott,Mechanical,15,30,E/B,1582
2019-02-04,72,23:25:00,Monday,front and bay,Mechanical,18,36,S/B,9207
2019-02-05,44,00:06:00,Tuesday,col smith loop,Investigation,10,20,N/B,8068
2019-02-05,36,00:22:00,Tuesday,Finch West Station,Mechanical,10,20,W/B,3105
2019-02-05,20,00:50:00,Tuesday,kennedy station,Emergency Services,1,1,S/B,9210
2019-02-05,300,01:52:00,Tuesday,Kennedy Stn,Mechanical,20,40,W/B,1769
2019-02-05,320,01:55:00,Tuesday,SYON,Utilized Off Route,3,7,S/B,8950
2019-02-05,606,02:07:00,Tuesday,Kennedy Station,Utilized Off Route,1,1,W/B,8602
2019-02-05,300,02:09:00,Tuesday,Broadview Station,Utilized Off Route,10,20,W/B,1263
2019-02-05,334,04:30:00,Tuesday,NWGT,Late Leaving Garage,30,60,,8709
2019-02-05,29,04:36:00,Tuesday,Dufferin and Lawrence,Late Leaving Garage,11,24,N/B,9045
2019-02-05,9,04:47:00,Tuesday,BRGA,Late Leaving Garage,15,30,S/B,8419
2019-02-05,320,04:48:00,Tuesday,Wilson and Yonge,Mechanical,15,30,S/B,1227
2019-02-05,7,04:49:00,Tuesday,wilson garage,Late Leaving Garage,27,54,S/B,9010
2019-02-05,47,04:52:00,Tuesday,Yorkdale,Late Leaving Garage,40,40,S/B,1325
2019-02-05,9,04:53:00,Tuesday,STC,Late Leaving Garage,20,40,S/B,8412
2019-02-05,167,05:09:00,Tuesday,Steeles,Late Leaving Garage,0,46,S/B,8425
2019-02-05,169,05:15:00,Tuesday,Wilson Garage,Mechanical,30,60,E/B,8387
2019-02-05,111,05:25:00,Tuesday,Martingrove and Eglinton Ave West,Late Leaving Garage,14,34,E/B,7917
2019-02-05,48,05:30:00,Tuesday,Mill Road Loop at Rathburn,Late Leaving Garage,12,22,E/B,7906
2019-02-05,300,05:33:00,Tuesday,DDAN,Late Leaving Garage,10,10,W/B,8635
2019-02-05,102,05:34:00,Tuesday,WSTN,Late Leaving Garage,20,40,N/B,8496
2019-02-05,131,05:38:00,Tuesday,MORNG,Late Leaving Garage,8,16,E/B,3414
2019-02-05,24,05:39:00,Tuesday,Steeles,Utilized Off Route,17,34,S/B,8481
2019-02-05,43,05:39:00,Tuesday,Kennedy Station,Utilized Off Route,14,24,N/B,8901
2019-02-05,48,05:42:00,Tuesday,Mill Rd Loop,Late Leaving Garage,12,24,E/B,8040
2019-02-05,135,05:46:00,Tuesday,Warden stn,Mechanical,0,20,S/B,8485
2019-02-05,924,05:57:00,Tuesday,BRGA,Late Leaving Garage,9,18,S/B,9215
2019-02-05,127,05:57:00,Tuesday,Spadina Station,Late Leaving Garage,17,34,N/B,1415
2019-02-05,90,05:58:00,Tuesday,wilson garage,Late Leaving Garage,5,10,S/B,1270
2019-02-05,68,06:00:00,Tuesday,Eglinton Yard,Late Leaving Garage,1,1,S/B,8657
2019-02-05,939,06:00:00,Tuesday,939 Finch Express-All Branch,General Delay,10,18,B/W,1394
2019-02-05,39,06:00:00,Tuesday,39 Finch route-All Branch,General Delay,10,24,B/W,1683
2019-02-05,21,06:05:00,Tuesday,STC,Mechanical,20,35,S/B,3405
2019-02-05,39,06:10:00,Tuesday,Finch Station,Late Leaving Garage,15,30,E/B,1683
2019-02-05,112,06:10:00,Tuesday,KPSN,Late Leaving Garage,14,28,N/B,8429
2019-02-05,28,06:12:00,Tuesday,bayview / nesbit,Diversion,184,209,S/B,8142
2019-02-05,102,06:14:00,Tuesday,WSTN,Late Leaving Garage,20,40,N/B,8489
2019-02-05,79,06:15:00,Tuesday,Pine / lawrence,Mechanical,4,8,S/B,1147
2019-02-05,39,06:21:00,Tuesday,Baldoon and Finch Av,Late Leaving Garage,15,30,E/B,1535
2019-02-05,939,06:22:00,Tuesday,Shorting and Sheppard Av,Mechanical,8,16,W/B,1825
2019-02-05,160,06:27:00,Tuesday,centre,Investigation,20,40,S/B,8197
2019-02-05,32,06:30:00,Tuesday,Eglinton West Stn.,Mechanical,13,19,W/B,1137
2019-02-05,85,06:35:00,Tuesday,Sheppard Loop,Late Leaving Garage,16,32,W/B,1526
2019-02-05,108,06:40:00,Tuesday,Grandravine and Sentinel,Mechanical,11,22,W/B,3145
2019-02-05,88,06:41:00,Tuesday,Thorncliff PK,Mechanical,4,8,N/B,8198
2019-02-05,63,06:46:00,Tuesday,EWST,Late Leaving Garage,3,6,S/B,1234
2019-02-05,87,06:47:00,Tuesday,Main stn,Utilized Off Route,5,10,W/B,9230
2019-02-05,937,06:50:00,Tuesday,Islington Station,Mechanical,10,20,E/B,8068
2019-02-05,85,06:53:00,Tuesday,Don Mills Station,Late Leaving Garage,16,32,E/B,1787
2019-02-05,62,07:00:00,Tuesday,Mortimer and Woodmount,Diversion,10,1,W/B,8556
2019-02-05,939,07:01:00,Tuesday,Finch Avenue and Sandhurst Circle,Mechanical,10,20,B/W,1778
2019-02-05,5,07:07:00,Tuesday,Ave Rd and Charles St W,Investigation,13,26,N/B,8382
2019-02-05,54,07:23:00,Tuesday,Eglinton Station,Mechanical,9,18,E/B,8781
2019-02-05,127,07:27:00,Tuesday,Spadina Station,Mechanical,17,34,N/B,1095
2019-02-05,82,07:30:00,Tuesday,rosedale stn / summerhill,General Delay,4,9,B/W,
2019-02-05,54,07:45:00,Tuesday,Eglinton from Leslie to Eglinton Stn,General Delay,15,22,BW,
2019-02-05,63,07:50:00,Tuesday,Dundas to E.Liberty,General Delay,140,1,S/B,
2019-02-05,109,08:00:00,Tuesday,eglinton wstn / bathurst,General Delay,6,12,B/W,
2019-02-05,79,08:00:00,Tuesday,Entire Route,General Delay,13,26,BW,
2019-02-05,14,08:00:00,Tuesday,Davisville Station - Caledonia at Glencarin,General Delay,20,40,B/W,
2019-02-05,25,08:00:00,Tuesday,PSTN to DONS,General Delay,20,26,N/B,
2019-02-05,60,08:15:00,Tuesday,Pioneer Village,Emergency Services,10,20,,3272
2019-02-05,54,08:17:00,Tuesday,Lawrence SRT Station,Mechanical,9,18,E/B,8803
2019-02-05,57,08:26:00,Tuesday,Midland Ave/Midwest Rd,Mechanical,8,17,N/B,8857
2019-02-05,51,08:26:00,Tuesday,Freshmeadows at Don Mills Rd,Mechanical,15,33,S/B,8108
2019-02-05,925,08:30:00,Tuesday,PSTN to FMDM,General Delay,20,30,B/W,
2019-02-05,41,08:30:00,Tuesday,Keele Station - Pioneer Villege,General Delay,20,30,B/W,
2019-02-05,939,08:30:00,Tuesday,Nightstar and Morningside,Mechanical,8,16,W/B,3424
2019-02-05,902,08:30:00,Tuesday,Markham Express Route,General Delay,15,1,B/W,
2019-02-05,102,08:30:00,Tuesday,Markham Route,General Delay,15,1,B/W,
2019-02-05,54,08:39:00,Tuesday,Lawrence & Carnforth,Investigation,9,18,E/B,8686
2019-02-05,118,08:40:00,Tuesday,Jane and Wilson,Mechanical,20,40,W/B,3274
2019-02-05,85,08:46:00,Tuesday,Don Mill station,Mechanical,16,31,E/B,1320
2019-02-05,925,08:53:00,Tuesday,PSTN,Investigation,10,20,N/B,8920
2019-02-05,41,08:55:00,Tuesday,Keele at Gulliver,Investigation,20,40,S/B,9032
2019-02-05,925,09:00:00,Tuesday,PSTN,Investigation,10,20,N/B,8889
2019-02-05,97,09:00:00,Tuesday,Yonge & Eglinton,General Delay,25,55,B/W,
2019-02-05,40,09:20:00,Tuesday,Dundas west station,Mechanical,10,20,W/B,7946
2019-02-05,75,10:02:00,Tuesday,dundas,Investigation,5,10,S/B,8127
2019-02-05,129,10:15:00,Tuesday,Milner and McCowan,Mechanical,25,50,N/B,1779
2019-02-05,939,10:20:00,Tuesday,Finch Station,Mechanical,9,18,W/B,1402
2019-02-05,939,10:22:00,Tuesday,Leslie and Finch,Mechanical,9,18,E/B,1701
2019-02-05,89,10:22:00,Tuesday,Albion rd at Weston,Mechanical,10,20,S/B,1380
2019-02-05,32,10:25:00,Tuesday,Eglinton West Stn.,Mechanical,10,20,W/B,1208
2019-02-05,129,10:27:00,Tuesday,Milner and McCowan,Utilized Off Route,7,21,N/B,1550
2019-02-05,939,10:34:00,Tuesday,McCowan and Finch,Mechanical,9,18,E/B,1739
2019-02-05,939,10:57:00,Tuesday,STC SRT,Utilized Off Route,9,18,W/B,1795
2019-02-05,902,11:12:00,Tuesday,Eglinton,Diversion,133,143,S/B,
2019-02-05,102,11:12:00,Tuesday,Eglinton,Diversion,133,153,S/B,
2019-02-05,12,11:15:00,Tuesday,Barkdeen,Mechanical,22,44,W/B,9210
2019-02-05,39,11:20:00,Tuesday,Neilson and Crowtrail,Mechanical,12,24,E/B,1396
2019-02-05,40,11:38:00,Tuesday,Dundas west,Utilized Off Route,10,20,B/W,7927
2019-02-05,45,11:38:00,Tuesday,Kipling stn,Utilized Off Route,15,30,B/W,8057
2019-02-05,704,11:38:00,Tuesday,Jane Station,Utilized Off Route,0,0,N/B,3317
2019-02-05,90,11:39:00,Tuesday,st clair wstn,Utilized Off Route,8,16,N/B,8204
2019-02-05,40,11:43:00,Tuesday,Dundas West Station,Utilized Off Route,10,20,W/B,7927
2019-02-05,704,11:44:00,Tuesday,FWSN,Utilized Off Route,1,1,W/B,3303
2019-02-05,38,11:45:00,Tuesday,STC,Mechanical,13,26,W/B,1312
2019-02-05,47,11:50:00,Tuesday,Earlscourt loop,Utilized Off Route,15,30,S/B,1353
2019-02-05,35,11:53:00,Tuesday,Jan and Annette Avenue,Investigation,7,14,N/B,3218
2019-02-05,38,11:54:00,Tuesday,Markham and Ellesmere,Mechanical,12,24,E/B,1540
2019-02-05,609,11:55:00,Tuesday,PINE,Utilized Off Route,1,1,E/B,1139
2019-02-05,57,11:56:00,Tuesday,Kennedy STN,Mechanical,13,26,N/B,8727
2019-02-05,100,11:56:00,Tuesday,Broadview Station,Utilized Off Route,6,2,N/B,8919
2019-02-05,606,11:57:00,Tuesday,Victoria Park stn,Utilized Off Route,0,0,W/B,8561
2019-02-05,610,11:58:00,Tuesday,Grenoble and Spanbridge,Utilized Off Route,1,1,N/B,8917
2019-02-05,606,11:59:00,Tuesday,Pape stn,Utilized Off Route,1,1,N/B,8602
2019-02-05,939,12:00:00,Tuesday,STC SRT,Mechanical,9,18,E/B,1803
2019-02-05,104,12:00:00,Tuesday,Finch and Wilmigton,Investigation,15,30,,8153
2019-02-05,706,12:03:00,Tuesday,Castle Frank stn,Utilized Off Route,0,0,N/B,8554
2019-02-05,45,12:10:00,Tuesday,KPSN,Utilized Off Route,15,30,N/B,8057
2019-02-05,720,12:10:00,Tuesday,PSTN,Utilized Off Route,1,1,N/B,8676
2019-02-05,706,12:20:00,Tuesday,Main stn,Utilized Off Route,0,0,N/B,8941
2019-02-05,606,12:20:00,Tuesday,BRGA,Utilized Off Route,0,0,W/B,8565
2019-02-05,44,12:24:00,Tuesday,KPSN,Mechanical,6,12,S/B,8028
2019-02-05,43,12:25:00,Tuesday,Progress & Midland,Mechanical,15,30,W/B,8787
2019-02-05,63,12:50:00,Tuesday,St Clair & Oakwood loop,Diversion,9,244,N/B,1355
2019-02-05,711,13:05:00,Tuesday,Eglinton Station,Utilized Off Route,1,1,S/B,8205
2019-02-05,601,13:05:00,Tuesday,Wilson Station,Utilized Off Route,1,1,S/B,1351
2019-02-05,706,13:20:00,Tuesday,Main stn,Utilized Off Route,0,0,W/B,9232
2019-02-05,85,13:34:00,Tuesday,Slp,Mechanical,14,21,W/B,1414
2019-02-05,85,13:36:00,Tuesday,DONS,Mechanical,7,21,W/B,1607
2019-02-05,39,13:58:00,Tuesday,Sewells and Littles,Mechanical,11,22,B/W,1567
2019-02-05,363,14:00:00,Tuesday,Eglinton West Station,Diversion,1,1,N/B,1390
2019-02-05,96,14:00:00,Tuesday,Route 96,General Delay,19,28,B/W,
2019-02-05,165,14:00:00,Tuesday,Route 165,General Delay,25,33,B/W,
2019-02-05,186,14:00:00,Tuesday,Route 186,General Delay,16,26,B/W,
2019-02-05,54,14:05:00,Tuesday,Eglinton Garage,Late Leaving Garage,1,1,,8837
2019-02-05,710,14:08:00,Tuesday,Broadview Station,Utilized Off Route,1,1,N/B,8767
2019-02-05,45,14:11:00,Tuesday,KPSN,Investigation,10,20,N/B,7943
2019-02-05,64,14:30:00,Tuesday,Main stn,General Delay,10,10,N/B,
2019-02-05,953,14:34:00,Tuesday,Brebuf College,Late Leaving Garage,1,1,S/B,9082
2019-02-05,34,14:48:00,Tuesday,Eglinton Garage,Late Leaving Garage,1,1,,8766
2019-02-05,941,14:51:00,Tuesday,Finch West Station,Mechanical,14,28,S/B,1263
2019-02-05,941,15:00:00,Tuesday,Keele St. / Donald Ave.,Investigation,13,26,S/B,1134
2019-02-05,89,15:00:00,Tuesday,Weston road /Ray Ave.,Mechanical,10,20,N/B,1406
2019-02-05,75,15:00:00,Tuesday,Sherbourne route,General Delay,20,15,B/W,
2019-02-05,14,15:02:00,Tuesday,Caledonia / Glencairn,Late Leaving Garage,10,20,E/B,1359
2019-02-05,985,15:02:00,Tuesday,Donmills Stn,Late Leaving Garage,4,8,E/B,9059
2019-02-05,36,15:03:00,Tuesday,Finch Ave W and Topcliff Ave,Investigation,5,11,E/B,9110
2019-02-05,903,15:10:00,Tuesday,Kennedy Station,Investigation,9,18,N/B,3449
2019-02-05,73,15:11:00,Tuesday,kipling and evans,Mechanical,14,28,E/B,8053
2019-02-05,307,15:12:00,Tuesday,St Clair and Bathurst,Mechanical,30,60,N/B,9021
2019-02-05,34,15:14:00,Tuesday,Eglinton & Mt Pleasant,Late Leaving Garage,4,9,E/B,8766
2019-02-05,32,15:22:00,Tuesday,EWST,Mechanical,8,17,W/B,1042
2019-02-05,95,15:24:00,Tuesday,Silverdale crescent on York Mills,Mechanical,8,16,E/B,2321
2019-02-05,60,15:26:00,Tuesday,FSTN,Investigation,8,16,W/B,9120
2019-02-05,86,15:34:00,Tuesday,KENN,Late Leaving Garage,16,32,N/B,8746
2019-02-05,985,15:35:00,Tuesday,Don Mills Station,Mechanical,9,18,E/B,9074
2019-02-05,96,15:37:00,Tuesday,Elmhurst & Islington,Mechanical,11,22,E/B,3118
2019-02-05,320,15:41:00,Tuesday,Steeles and Yonge,Utilized Off Route,3,7,S/B,1347
2019-02-05,42,15:43:00,Tuesday,Yonge and Drewry,Investigation,13,26,S/B,8113
2019-02-05,34,15:54:00,Tuesday,Eglinton SQ.,Investigation,4,9,W/B,8712
2019-02-05,38,15:55:00,Tuesday,STC,Mechanical,13,26,E/B,1733
2019-02-05,97,16:00:00,Tuesday,Entire route,General Delay,30,60,B/W,
2019-02-05,12,16:00:00,Tuesday,12 Kingston Rd,General Delay,10,1,N/B,
2019-02-05,935,16:00:00,Tuesday,Jane & Lambton,Mechanical,10,20,S/B,3153
2019-02-05,35,16:10:00,Tuesday,JNST,Late Leaving Garage,10,20,N/B,3287
2019-02-05,935,16:35:00,Tuesday,JNST,Mechanical,10,20,N/B,3163
2019-02-05,7,16:45:00,Tuesday,Finch ave,Mechanical,9,18,S/B,9006
2019-02-05,21,16:45:00,Tuesday,Simnecole and Brimley,Mechanical,11,22,N/B,1796
2019-02-05,953,16:59:00,Tuesday,"On Steeles, at Kennedy",Investigation,7,15,W/B,9071
2019-02-05,32,17:02:00,Tuesday,ESTN,Mechanical,9,18,W/B,1087
2019-02-05,29,17:10:00,Tuesday,Dufferin and Queen,Mechanical,7,15,N/B,9026
2019-02-05,28,17:49:00,Tuesday,Bayview and Nesbitt,Diversion,461,481,B/W,
2019-02-05,52,17:50:00,Tuesday,Lawrence W Stn,Mechanical,3,10,E/B,8110
2019-02-05,116,17:56:00,Tuesday,KENN,Mechanical,3,7,N/B,8667
2019-02-05,710,17:58:00,Tuesday,Comstock,Utilized Off Route,1,1,W/B,8767
2019-02-05,44,18:00:00,Tuesday,Lakeshore,Utilized Off Route,10,20,B/W,7924
2019-02-05,45,18:00:00,Tuesday,Kipling stn,Utilized Off Route,10,20,B/W,8067
2019-02-05,116,18:00:00,Tuesday,KENN,Utilized Off Route,5,10,E/B,8791
2019-02-05,37,18:00:00,Tuesday,Islington stn,Utilized Off Route,13,26,B/W,8022
2019-02-05,900,18:00:00,Tuesday,Kipling stn,Utilized Off Route,10,20,B/W,8010
2019-02-05,73,18:00:00,Tuesday,Royal york stb,Utilized Off Route,14,28,B/W,8026
2019-02-05,607,18:00:00,Tuesday,stc,Utilized Off Route,1,1,W/B,1703
2019-02-05,720,18:00:00,Tuesday,Coxwell STN,Utilized Off Route,1,1,N/B,8779
2019-02-05,607,18:00:00,Tuesday,stc,Utilized Off Route,1,1,W/B,1559
2019-02-05,6,18:01:00,Tuesday,QQ @ Lower Sherbourne,Utilized Off Route,7,14,N/B,1018
2019-02-05,75,18:02:00,Tuesday,Jarvis and Queens Quay,Utilized Off Route,6,12,N/B,8124
2019-02-05,43,18:03:00,Tuesday,Kennedy station,Utilized Off Route,132,141,,8632
2019-02-05,35,18:05:00,Tuesday,JNST,Utilized Off Route,10,20,N/B,3280
2019-02-05,553,18:05:00,Tuesday,Dufferin and Lawrence,Utilized Off Route,1,1,N/B,1009
2019-02-05,81,18:05:00,Tuesday,TH65,Utilized Off Route,9,18,E/B,9232
2019-02-05,12,18:05:00,Tuesday,victoria park station,Utilized Off Route,17,34,E/B,8959
2019-02-05,600,18:05:00,Tuesday,PVST,Utilized Off Route,1,1,W/B,3360
2019-02-05,116,18:07:00,Tuesday,KENN,Utilized Off Route,10,20,E/B,8678
2019-02-05,88,18:07:00,Tuesday,St Clair Station,Utilized Off Route,12,24,NB,8102
2019-02-05,36,18:07:00,Tuesday,Finch Station,Utilized Off Route,5,11,W/B,3150
2019-02-05,34,18:08:00,Tuesday,KENN,Utilized Off Route,4,9,W/B,8724
2019-02-05,112,18:09:00,Tuesday,Kipling stn,Mechanical,8,16,N/B,8049
2019-02-05,12,18:10:00,Tuesday,victoria park station,Utilized Off Route,17,34,E/B,9221
2019-02-05,610,18:10:00,Tuesday,Warden station,Utilized Off Route,1,1,E/B,8898
2019-02-05,902,18:10:00,Tuesday,warden station,Utilized Off Route,10,20,E/B,8562
2019-02-05,606,18:10:00,Tuesday,coxwell station,Utilized Off Route,1,1,E/B,8540
2019-02-05,102,18:10:00,Tuesday,warden station,Utilized Off Route,20,40,E/B,8578
2019-02-05,709,18:10:00,Tuesday,Bloor and Lansdowne,Utilized Off Route,1,1,E/B,1265
2019-02-05,929,18:10:00,Tuesday,Dufferin Loop,Utilized Off Route,10,20,N/B,9151
2019-02-05,94,18:10:00,Tuesday,CastleFrank Stn,Utilized Off Route,8,16,E/B,1050
2019-02-05,903,18:11:00,Tuesday,Kennedy station,Utilized Off Route,9,18,N/B,1547
2019-02-05,985,18:12:00,Tuesday,Scar Town Centre Station,Utilized Off Route,9,18,W/B,1366
2019-02-05,60,18:12:00,Tuesday,FSTN,Utilized Off Route,8,16,W/B,3213
2019-02-05,720,18:15:00,Tuesday,Ct Clair and O'Connor,Utilized Off Route,1,1,S/B,8876
2019-02-05,165,18:15:00,Tuesday,YKMS stn,Utilized Off Route,8,16,W/B,3191
2019-02-05,68,18:15:00,Tuesday,Warden Station,Utilized Off Route,120,126,78612,8885
2019-02-05,11,18:15:00,Tuesday,Davisville Station,Utilized Off Route,14,28,EB,1319
2019-02-05,186,18:15:00,Tuesday,Wilson stn,Utilized Off Route,10,21,W/B,3146
2019-02-05,913,18:15:00,Tuesday,STC,Utilized Off Route,5,10,E/B,9089
2019-02-05,122,18:20:00,Tuesday,York Mills Station,Utilized Off Route,12,24,EB,1236
2019-02-05,74,18:20:00,Tuesday,Doncliffe Loop,Utilized Off Route,17,34,NB,8205
2019-02-05,129,18:20:00,Tuesday,Scarborough Town Center,Utilized Off Route,4,8,B/W,1550
2019-02-05,35,18:20:00,Tuesday,JNST,Utilized Off Route,10,20,N/B,3287
2019-02-05,89,18:20:00,Tuesday,Weston Road / Albion Road,Utilized Off Route,10,20,S/B,1023
2019-02-05,25,18:20:00,Tuesday,Pape STN,Utilized Off Route,6,11,N/B,8759
2019-02-05,52,18:23:00,Tuesday,Wilson Garage,Utilized Off Route,7,14,WB,8200
2019-02-05,46,18:28:00,Tuesday,Steeles Loop,Mechanical,11,22,S/B,3232
2019-02-05,37,18:29:00,Tuesday,islington and finch,Investigation,10,20,N/B,8058
2019-02-05,42,18:31:00,Tuesday,Dynamic and Mc Nicoll,Utilized Off Route,13,26,WB,8201
2019-02-05,939,18:36:00,Tuesday,Scarborough Town Center,Utilized Off Route,6,12,B/W,1394
2019-02-05,53,18:38:00,Tuesday,"On Passmore, at Markham",Mechanical,5,10,E/B,1514
2019-02-05,32,18:55:00,Tuesday,ESTN,Utilized Off Route,9,17,W/B,1267
2019-02-05,102,19:02:00,Tuesday,warden station,Mechanical,1,1,S/B,8454
2019-02-05,25,19:07:00,Tuesday,Don Mills STN,Mechanical,4,9,N/B,8737
2019-02-05,39,19:46:00,Tuesday,Sandhurst and Finch,Mechanical,14,28,B/W,1712
2019-02-05,80,19:48:00,Tuesday,sherway gardens,Mechanical,30,60,E/B,8082
2019-02-05,79,20:13:00,Tuesday,Lawrence at Weston,Investigation,1,1,E/B,1142
2019-02-05,88,20:18:00,Tuesday,Brentcliffe and Wicksteed,Investigation,15,28,W/B,8102
2019-02-05,96,20:56:00,Tuesday,Carrier loop,Mechanical,21,41,E/B,3188
2019-02-05,21,21:00:00,Tuesday,Brimley and Lawrence,Diversion,32,46,S/B,1567
2019-02-05,985,21:02:00,Tuesday,STC,Mechanical,12,24,W/B,1701
2019-02-05,94,21:13:00,Tuesday,Wellesley @ Jarvis,Investigation,9,18,E/B,1090
2019-02-05,22,21:30:00,Tuesday,Coxwell Station,Utilized Off Route,10,20,B/W,8483
2019-02-05,905,21:44:00,Tuesday,KENN,Mechanical,13,26,N/B,8888
2019-02-05,607,23:00:00,Tuesday,STC,Utilized Off Route,1,1,,1559
2019-02-06,300,01:00:00,Wednesday,Terminal 3 to Kennedy Stn,Diversion,390,410,B/W,
2019-02-06,927,01:30:00,Wednesday,Steeles Loop,Utilized Off Route,1,1,S/B,3140
2019-02-06,385,02:40:00,Wednesday,Meadovwale Loop,Mechanical,30,60,W/B,1550
2019-02-06,300,03:28:00,Wednesday,The East Mall and Valhalla,Investigation,20,40,S/B,8575
2019-02-06,299,04:00:00,Wednesday,Wilson Division,Utilized Off Route,1,1,S/B,8125
2019-02-06,102,04:17:00,Wednesday,STMC,Late Leaving Garage,20,40,N/B,8475
2019-02-06,300,04:17:00,Wednesday,T3,Late Leaving Garage,20,40,E/B,8872
2019-02-06,35,04:19:00,Wednesday,PVST,Utilized Off Route,10,20,S/B,3252
2019-02-06,300,04:24:00,Wednesday,KENN,Mechanical,20,40,W/B,8049
2019-02-06,701,04:30:00,Wednesday,Wilson Division,Utilized Off Route,1,1,S/B,1228
2019-02-06,341,04:36:00,Wednesday,Ian Macdonald and Northwest Gate,Investigation,1,1,E/B,9031
2019-02-06,102,04:38:00,Wednesday,SEMK,Late Leaving Garage,22,44,S/B,8404
2019-02-06,102,04:44:00,Wednesday,WSTN,Late Leaving Garage,15,30,N/B,8447
2019-02-06,72,04:45:00,Wednesday,PSTN,Late Leaving Garage,30,60,S/B,8949
2019-02-06,68,04:48:00,Wednesday,Warden & Danforth,Mechanical,1,1,N/B,8863
2019-02-06,47,04:52:00,Wednesday,Yorkdale,Late Leaving Garage,40,40,S/B,1379
2019-02-06,34,04:55:00,Wednesday,Eglinton Yard,Utilized Off Route,8,26,E/B,8670
2019-02-06,600,05:00:00,Wednesday,Wilosn Division,Utilized Off Route,1,1,S/B,8303
2019-02-06,704,05:00:00,Wednesday,,Utilized Off Route,1,1,,3324
2019-02-06,939,05:00:00,Wednesday,93 Finch Express-All Branch,General Delay,10,18,B/W,1318
2019-02-06,39,05:00:00,Wednesday,39 Finch Route-All Branch,General Delay,10,24,B/W,1539
2019-02-06,21,05:05:00,Wednesday,STC,Late Leaving Garage,20,20,sb,3416
2019-02-06,707,05:05:00,Wednesday,Malvern Yard,Utilized Off Route,1,1,B/W,1708
2019-02-06,600,05:10:00,Wednesday,,Utilized Off Route,1,1,,3251
2019-02-06,607,05:14:00,Wednesday,Malvern Yard,Utilized Off Route,1,1,B/W,1687
2019-02-06,31,05:15:00,Wednesday,POOF,Late Leaving Garage,15,30,N/B,8456
2019-02-06,79,05:20:00,Wednesday,PINE,Late Leaving Garage,20,20,S/B,1121
2019-02-06,35,05:20:00,Wednesday,,Utilized Off Route,5,10,,3272
2019-02-06,35,05:20:00,Wednesday,,Utilized Off Route,5,10,,3277
2019-02-06,24,05:20:00,Wednesday,BRGA,Mechanical,13,26,N/B,8444
2019-02-06,45,05:22:00,Wednesday,Steeles and Kipling,Utilized Off Route,11,23,N/B,8067
2019-02-06,21,05:25:00,Wednesday,STC,Utilized Off Route,20,40,S/B,3473
2019-02-06,87,05:25:00,Wednesday,Birchmount Garage,Utilized Off Route,5,10,E/B,8518
2019-02-06,24,05:27:00,Wednesday,BRGA,Mechanical,14,28,N/B,8544
2019-02-06,36,05:27:00,Wednesday,,Utilized Off Route,5,10,,3226
2019-02-06,131,05:29:00,Wednesday,Morningside / Morningview Trali,Late Leaving Garage,15,30,E/B,1756
2019-02-06,89,05:30:00,Wednesday,Weston / Albion,Late Leaving Garage,15,30,S/B,1417
2019-02-06,100,05:30:00,Wednesday,EGGA,Utilized Off Route,12,24,N/B,8887
2019-02-06,35,05:30:00,Wednesday,JNST,Utilized Off Route,5,18,N/B,3366
2019-02-06,56,05:32:00,Wednesday,eglinton station,Utilized Off Route,16,32,E/B,8344
2019-02-06,108,05:33:00,Wednesday,,Utilized Off Route,12,24,,3270
2019-02-06,39,05:35:00,Wednesday,Baldoon and Finch Av,Utilized Off Route,7,14,B/W,1658
2019-02-06,34,05:35:00,Wednesday,Eglinton Yard,Utilized Off Route,4,6,O/B,8791
2019-02-06,134,05:36:00,Wednesday,Scarborough Town Centre,Utilized Off Route,15,30,E/B,1331
2019-02-06,105,05:36:00,Wednesday,Dufferin and Steeles,Utilized Off Route,11,22,S/B,
2019-02-06,25,05:36:00,Wednesday,EGGA,Utilized Off Route,5,10,N/B,8707
2019-02-06,43,05:39:00,Wednesday,Kennedy Station,Utilized Off Route,14,26,N/B,8708
2019-02-06,111,05:39:00,Wednesday,Martingrove and Eglinton Ave W,Late Leaving Garage,10,24,S/B,7972
2019-02-06,66,05:40:00,Wednesday,Lakeshore and marine Parade,Utilized Off Route,6,12,N/B,8038
2019-02-06,95,05:43:00,Wednesday,Scarborough Loop,Utilized Off Route,8,16,W/B,3422
2019-02-06,34,05:43:00,Wednesday,Eglinton Yard,Utilized Off Route,4,8,O/B,8857
2019-02-06,129,05:43:00,Wednesday,SLMC,Utilized Off Route,5,11,S/B,1323
2019-02-06,57,05:44:00,Wednesday,Eglinton Yard,Utilized Off Route,8,16,O/B,8709
2019-02-06,43,05:47:00,Wednesday,Kennedy & Passmore,Utilized Off Route,20,30,N/B,8726
2019-02-06,60,05:47:00,Wednesday,,Utilized Off Route,7,14,,3264
2019-02-06,81,05:48:00,Wednesday,Birchmount Garage,Utilized Off Route,6,12,N/B,8943
2019-02-06,121,05:48:00,Wednesday,Birchmount Garage,Utilized Off Route,14,28,E/B,8955
2019-02-06,41,05:49:00,Wednesday,Keele stn,Investigation,10,21,N/B,9145
2019-02-06,12,05:49:00,Wednesday,BRGA,Utilized Off Route,14,28,N/B,8502
2019-02-06,88,05:50:00,Wednesday,St.Clair Station,Utilized Off Route,10,20,E/B,1270
2019-02-06,7,05:50:00,Wednesday,bathurst stn to steeles,Utilized Off Route,11,26,B/W,9002
2019-02-06,88,05:51:00,Wednesday,Wilson Division,Utilized Off Route,11,22,S/B,8343
2019-02-06,72,05:53:00,Wednesday,Birchmount Garage,Utilized Off Route,8,16,N/B,9230
2019-02-06,165,05:53:00,Wednesday,,Utilized Off Route,5,11,,3249
2019-02-06,72,05:53:00,Wednesday,Birchmount Garage,Utilized Off Route,8,16,S/B,9230
2019-02-06,132,05:55:00,Wednesday,SEBW,Utilized Off Route,25,37,W/B,1759
2019-02-06,68,05:57:00,Wednesday,warden stn,Late Leaving Garage,5,10,N/B,8795
2019-02-06,110,05:57:00,Wednesday,LONG BRANCH,Late Leaving Garage,23,33,N/B,8073
2019-02-06,34,05:58:00,Wednesday,Kennedy station,Mechanical,5,9,W/B,8770
2019-02-06,925,05:58:00,Wednesday,EGGA,Late Leaving Garage,1,1,N/B,8727
2019-02-06,66,06:00:00,Wednesday,Old Mill stn,Utilized Off Route,20,41,S/B,7926
2019-02-06,74,06:00:00,Wednesday,St.Clair Station,Utilized Off Route,15,30,N/B,1309
2019-02-06,91,06:00:00,Wednesday,Birchmount Garage,Utilized Off Route,12,24,N/B,9233
2019-02-06,68,06:00:00,Wednesday,Warden Station,Utilized Off Route,16,27,N/B,8828
2019-02-06,117,06:02:00,Wednesday,Sheppard W Station,Utilized Off Route,10,20,N/B,
2019-02-06,132,06:07:00,Wednesday,Sewells and Brenyon Way,Utilized Off Route,13,26,B/W,1759
2019-02-06,66,06:07:00,Wednesday,Lakeshore and Marine Parade,Utilized Off Route,7,16,N/B,8038
2019-02-06,89,06:08:00,Wednesday,ALWS,Utilized Off Route,8,14,S/B,1040
2019-02-06,32,06:08:00,Wednesday,PINE,Utilized Off Route,7,13,E/B,1110
2019-02-06,43,06:09:00,Wednesday,Kennedy Station,Utilized Off Route,10,20,N/B,8899
2019-02-06,52,06:09:00,Wednesday,Dixon and Celestine,Emergency Services,3,10,,1241
2019-02-06,100,06:10:00,Wednesday,Don Mills and Wynford,Late Leaving Garage,3,7,S/B,8722
2019-02-06,607,06:10:00,Wednesday,Malvern Yard,Utilized Off Route,1,1,B/W,1710
2019-02-06,42,06:11:00,Wednesday,Wilson Division,Utilized Off Route,12,24,W/B,1249
2019-02-06,54,06:11:00,Wednesday,Eglinton Station,Utilized Off Route,9,15,E/B,8737
2019-02-06,129,06:13:00,Wednesday,SLMC,Utilized Off Route,5,10,S/B,1748
2019-02-06,61,06:13:00,Wednesday,Wilson Division,Utilized Off Route,10,20,S/B,8158
2019-02-06,102,06:14:00,Wednesday,WSTN,Late Leaving Garage,20,40,N/B,8932
2019-02-06,37,06:16:00,Wednesday,Steeles and Islington Station,Utilized Off Route,8,17,S/B,8098
2019-02-06,109,06:16:00,Wednesday,wilson garage,Late Leaving Garage,24,1,S/B,8349
2019-02-06,106,06:18:00,Wednesday,Pioneer Village Station,Utilized Off Route,7,14,S/B,
2019-02-06,48,06:18:00,Wednesday,Mill Rd Loop,Late Leaving Garage,12,24,E/B,7928
2019-02-06,36,06:22:00,Wednesday,,Emergency Services,5,10,,9123
2019-02-06,11,06:25:00,Wednesday,bayview / lawrence,Diversion,36,51,S/B,8381
2019-02-06,53,06:26:00,Wednesday,Finch Station,Utilized Off Route,6,12,E/B,1206
2019-02-06,984,06:27:00,Wednesday,Rivalda and Sheppard,Late Leaving Garage,10,0,W/B,3150
2019-02-06,168,06:29:00,Wednesday,Avon loop,Late Leaving Garage,6,11,S/B,1043
2019-02-06,165,06:31:00,Wednesday,FWES,Late Leaving Garage,11,21,N/B,3247
2019-02-06,49,06:32:00,Wednesday,Markland and Bloor,Late Leaving Garage,5,0,E/B,8040
2019-02-06,104,06:34:00,Wednesday,Wilson Station,Utilized Off Route,14,24,S/B,8110
2019-02-06,116,06:35:00,Wednesday,Kennedy STN,Late Leaving Garage,6,13,E/B,8866
2019-02-06,56,06:35:00,Wednesday,Eglinton Station,Mechanical,19,38,E/B,8187
2019-02-06,89,06:38:00,Wednesday,ALWS,Mechanical,6,12,S/B,1417
2019-02-06,11,06:39:00,Wednesday,wilson garage,Utilized Off Route,7,14,N/B,8200
2019-02-06,124,06:40:00,Wednesday,Wilson Division,Mechanical,6,12,S/B,8117
2019-02-06,39,06:40:00,Wednesday,Finch Station,Mechanical,15,30,E/B,1539
2019-02-06,32,06:42:00,Wednesday,PINE,Utilized Off Route,5,11,E/B,1061
2019-02-06,124,06:46:00,Wednesday,Lawrence & Mildenhall,Diversion,45,57,E/B,
2019-02-06,40,06:46:00,Wednesday,Dundas west station,Utilized Off Route,6,12,W/B,7945
2019-02-06,32,06:50:00,Wednesday,EWST,Utilized Off Route,10,21,W/B,1102
2019-02-06,14,06:52:00,Wednesday,Bath / Roselawn,Investigation,1,1,W/B,1075
2019-02-06,24,06:52:00,Wednesday,BrGa,Utilized Off Route,10,20,N/B,8501
2019-02-06,952,06:55:00,Wednesday,Lawrence Station,Late Leaving Garage,11,22,W/B,1293
2019-02-06,52,07:00:00,Wednesday,Whole Route - All branches,General Delay,15,30,B/W,
2019-02-06,115,07:00:00,Wednesday,Whole Route,General Delay,20,40,B/W,
2019-02-06,122,07:00:00,Wednesday,Whole Route,General Delay,18,27,B/W,
2019-02-06,78,07:00:00,Wednesday,Whole Route,General Delay,30,45,B/W,
2019-02-06,23,07:00:00,Wednesday,Dawes and Danforth,General Delay,10,1,B/W,
2019-02-06,87,07:00:00,Wednesday,Broadview and Cosburn,General Delay,15,1,B/W,
2019-02-06,69,07:00:00,Wednesday,Warden and Kingston,General Delay,10,1,B/W,
2019-02-06,960,07:00:00,Wednesday,Pioneer Village Stn,Mechanical,10,20,W/B,3241
2019-02-06,121,07:00:00,Wednesday,Front and Bay,General Delay,20,1,B/W,
2019-02-06,952,07:00:00,Wednesday,Whole Route,General Delay,22,33,B/W,
2019-02-06,124,07:00:00,Wednesday,Lawrence Station,Mechanical,6,12,E/B,8195
2019-02-06,95,07:00:00,Wednesday,YorkMills Stn,Utilized Off Route,7,14,E/B,1713
2019-02-06,91,07:00:00,Wednesday,Woodbine and Oconnor,General Delay,10,1,B/W,
2019-02-06,960,07:00:00,Wednesday,Entire 960 Route Bothways,General Delay,15,23,B/W,
2019-02-06,6,07:00:00,Wednesday,Bay Route,General Delay,20,30,B/W,
2019-02-06,939,07:00:00,Wednesday,Kennedy and Finch,Mechanical,9,18,W/B,1534
2019-02-06,60,07:00:00,Wednesday,Entire 60 Steeles Route Bothways,General Delay,18,24,B/W,
2019-02-06,84,07:00:00,Wednesday,Entire 84 Sheppard West Route Bothways,General Delay,16,25,B/W,
2019-02-06,984,07:00:00,Wednesday,Entire 984 Sheppard West Express Route Bothways,General Delay,15,25,B/W,
2019-02-06,68,07:00:00,Wednesday,Kennedy Station,Mechanical,5,10,N/B,8755
2019-02-06,108,07:00:00,Wednesday,Entire 108 Driftwood Route Bothways,General Delay,17,23,B/W,
2019-02-06,607,07:10:00,Wednesday,Malvern Yard,Utilized Off Route,1,1,W/B,1573
2019-02-06,607,07:10:00,Wednesday,Malvern Yard,Utilized Off Route,1,1,B/W,1573
2019-02-06,600,07:10:00,Wednesday,,Utilized Off Route,1,1,,3263
2019-02-06,68,07:10:00,Wednesday,Warden Station,Mechanical,5,11,N/B,8854
2019-02-06,945,07:15:00,Wednesday,Kipling and Highway 409,Mechanical,6,11,S/B,7962
2019-02-06,939,07:18:00,Wednesday,Finch/ Tollerton Ave,Mechanical,12,24,W/B,1743
2019-02-06,45,07:25:00,Wednesday,Kipling Station to Steeles Loop,General Delay,9,14,B/W,
2019-02-06,11,07:27:00,Wednesday,Davisville Stn,Utilized Off Route,2,17,N/B,8166
2019-02-06,6,07:28:00,Wednesday,Davenport and Dupont,Utilized Off Route,5,10,S/B,1052
2019-02-06,90,07:30:00,Wednesday,st clair wstn / oakwood,General Delay,6,9,B/W,
2019-02-06,21,07:30:00,Wednesday,Kennedy Station to Steeles,General Delay,10,25,B/W,
2019-02-06,133,07:30:00,Wednesday,STC to Morningside and Finch,General Delay,11,26,B/W,
2019-02-06,129,07:30:00,Wednesday,STC to MMRC,General Delay,15,43,B/W,
2019-02-06,38,07:30:00,Wednesday,STC to Rouge Hill Go Station,General Delay,15,28,B/W,
2019-02-06,26,07:32:00,Wednesday,St George Stn,Mechanical,14,28,W/B,1380
2019-02-06,141,07:42:00,Wednesday,ASIM,Mechanical,30,60,N/B,1133
2019-02-06,69,07:50:00,Wednesday,Birchmount and Danforth,Mechanical,12,24,S/B,8951
2019-02-06,6,07:52:00,Wednesday,Davenport and Dupont,Utilized Off Route,5,10,S/B,1142
2019-02-06,32,07:57:00,Wednesday,ESTN,Utilized Off Route,6,12,W/B,1088
2019-02-06,945,07:58:00,Wednesday,Kipling and Beaverbrook,Mechanical,6,11,S/B,8013
2019-02-06,6,07:58:00,Wednesday,Davenport and Dupont,Mechanical,5,10,N/B,1410
2019-02-06,160,08:00:00,Wednesday,wilson stn / clarke,General Delay,8,16,B/W,
2019-02-06,22,08:00:00,Wednesday,Coxwell Route,General Delay,10,1,B/W,
2019-02-06,35,08:00:00,Wednesday,Entire 35 Jane Route,General Delay,15,25,B/W,
2019-02-06,64,08:00:00,Wednesday,Main Street / MSTN,General Delay,8,16,B/W,
2019-02-06,25,08:00:00,Wednesday,PSTN to DONS,General Delay,30,35,B/W,
2019-02-06,925,08:00:00,Wednesday,PSTN to FMDM,General Delay,30,40,B/W,
2019-02-06,72,08:00:00,Wednesday,Pape Station,General Delay,10,1,B/W,
2019-02-06,65,08:00:00,Wednesday,Parliament Street / CAST,General Delay,13,26,B/W,
2019-02-06,81,08:00:00,Wednesday,Thorncliffe Park,General Delay,10,1,B/W,
2019-02-06,902,08:00:00,Wednesday,Markham Express Route,General Delay,15,1,B/W,
2019-02-06,102,08:00:00,Wednesday,Markham Route,General Delay,15,1,B/W,
2019-02-06,135,08:00:00,Wednesday,Gerrard Street / MSTN / WAST,General Delay,20,40,B/W,
2019-02-06,31,08:00:00,Wednesday,Greenwood / GSTN,General Delay,12,24,B/W,
2019-02-06,9,08:00:00,Wednesday,Bellamy Road / WAST / STC,General Delay,15,30,B/W,
2019-02-06,7,08:00:00,Wednesday,bathurst stn / steeles,General Delay,6,14,B/W,
2019-02-06,17,08:00:00,Wednesday,Birchmount Road / WAST,General Delay,7,14,B/W,
2019-02-06,16,08:00:00,Wednesday,Bellamy Road / WAST / STC,General Delay,8,16,B/W,
2019-02-06,75,08:00:00,Wednesday,maple / queen quay,General Delay,6,12,B/W,
2019-02-06,109,08:00:00,Wednesday,eglinton wstn / neptune,General Delay,5,11,B/W,
2019-02-06,143,08:00:00,Wednesday,Downtown Beach Express / NEVL,General Delay,15,30,B/W,
2019-02-06,82,08:00:00,Wednesday,rosedale stn / summerhill,General Delay,4,9,B/W,
2019-02-06,15,08:00:00,Wednesday,Entire Route,General Delay,20,,B/W,
2019-02-06,11,08:00:00,Wednesday,Davisville Stn to Steeles Loop,General Delay,22,37,B/W,
2019-02-06,54,08:00:00,Wednesday,Eglinton Station - StarsprayLoop,General Delay,15,22,BW,
2019-02-06,49,08:00:00,Wednesday,Kipling Station and Bloor at Markland,General Delay,8,15,B/W,
2019-02-06,68,08:00:00,Wednesday,Warden Stn - Warden Loop,General Delay,10,15,BW,
2019-02-06,24,08:00:00,Wednesday,Victoria Park Station to steeles.,General Delay,1,1,B/W,
2019-02-06,51,08:00:00,Wednesday,Eglinton Stn to Freshmeadows /Don Mills Rd,General Delay,21,40,B/W,
2019-02-06,29,08:00:00,Wednesday,Entire Route,General Delay,20,40,B/W,
2019-02-06,5,08:00:00,Wednesday,Eglinton Stn to Queen Park Circle,General Delay,20,35,B/W,
2019-02-06,56,08:00:00,Wednesday,Eglinton Stn to Don lands Stn,General Delay,23,39,B/W,
2019-02-06,100,08:02:00,Wednesday,Don Mills & Wynford,Mechanical,3,7,S/B,8920
2019-02-06,85,08:03:00,Wednesday,Sheppard and Bessarion,Investigation,15,30,E/B,1500
2019-02-06,11,08:12:00,Wednesday,Davisvrille Stn,Mechanical,15,30,NB,8105
2019-02-06,954,08:15:00,Wednesday,Starspaty Loop - Lawrence SRT Station,General Delay,10,19,BW,
2019-02-06,29,08:15:00,Wednesday,Dufferin / Davenport,Diversion,205,215,N/B,9136
2019-02-06,63,08:15:00,Wednesday,Ossington Station,Mechanical,7,14,S/B,8334
2019-02-06,939,08:20:00,Wednesday,Midland and Finch,Mechanical,10,20,B/W,1739
2019-02-06,63,08:30:00,Wednesday,ENTIRE ROUTE,General Delay,0,0,B/W,
2019-02-06,935,08:30:00,Wednesday,935 Jane Express Route,General Delay,15,25,B/W,
2019-02-06,124,08:30:00,Wednesday,lawrence & Bayview,General Delay,33,35,B/W,
2019-02-06,104,08:30:00,Wednesday,ENTIRE ROUTE,General Delay,1,1,B/W,
2019-02-06,169,08:30:00,Wednesday,ENTIRE ROUTE,General Delay,1,1,B/W,
2019-02-06,941,08:31:00,Wednesday,KEWI,Utilized Off Route,12,24,N/B,1054
2019-02-06,47,08:31:00,Wednesday,SLAN,Mechanical,18,36,S/B,1090
2019-02-06,704,08:40:00,Wednesday,Jane and Finch,Mechanical,0,0,S/B,3288
2019-02-06,161,08:43:00,Wednesday,Dupont,Mechanical,12,24,S/B,1035
2019-02-06,32,08:50:00,Wednesday,Richardson on Eglinton,Mechanical,5,11,E/B,1005
2019-02-06,75,08:50:00,Wednesday,lakeshore / lower jarvis,Diversion,56,61,N/B,8139
2019-02-06,941,08:54:00,Wednesday,KELW,Utilized Off Route,13,13,S/B,1081
2019-02-06,63,08:58:00,Wednesday,Ossington and Hallam,Investigation,10,20,S/B,8366
2019-02-06,56,08:59:00,Wednesday,Laird Dr and Kenrae Rd,Mechanical,17,34,S/B,8203
2019-02-06,54,09:00:00,Wednesday,Eglinton Station,Mechanical,9,18,E/B,8676
2019-02-06,995,09:00:00,Wednesday,YorkMills Stn,Investigation,1,1,E/B,3421
2019-02-06,32,09:00:00,Wednesday,Scott and Kane stops on Eglinton going EB,Diversion,610,616,E/B,
2019-02-06,47,09:00:00,Wednesday,SLAN,Utilized Off Route,28,56,N/B,1026
2019-02-06,70,09:00:00,Wednesday,CSTN to WAST/CRAG,General Delay,20,40,B/W,
2019-02-06,102,09:05:00,Wednesday,WSTN,Mechanical,20,40,N/B,8472
2019-02-06,85,09:08:00,Wednesday,Malvern Gate,Mechanical,16,32,W/B,1396
2019-02-06,600,09:10:00,Wednesday,,Utilized Off Route,1,1,,3161
2019-02-06,600,09:10:00,Wednesday,,Utilized Off Route,1,1,,3161
2019-02-06,24,09:16:00,Wednesday,VP Station,Utilized Off Route,10,20,S/B,8484
2019-02-06,44,09:18:00,Wednesday,Evans and Kipling,Mechanical,1,1,N/B,8047
2019-02-06,43,09:20:00,Wednesday,Kennedy Station,Utilized Off Route,9,19,E/B,8899
2019-02-06,29,09:25:00,Wednesday,Dufferin / Lawrence,Utilized Off Route,10,20,S/B,9136
2019-02-06,162,09:30:00,Wednesday,Lawrence & Yonge,General Delay,1,1,B/W,
2019-02-06,74,09:30:00,Wednesday,Mt.Pleasant & St.Clair,General Delay,1,1,B/W,
2019-02-06,125,09:30:00,Wednesday,Yonge & Finch,General Delay,1,1,B/W,
2019-02-06,97,09:30:00,Wednesday,Yonge & Eglinton,General Delay,1,1,B/W,
2019-02-06,98,09:30:00,Wednesday,York Mills & Leslie,General Delay,1,1,B/W,
2019-02-06,88,09:30:00,Wednesday,Throncliff & Overlea,General Delay,1,1,B/W,
2019-02-06,42,09:30:00,Wednesday,Kennedy & Midland,General Delay,1,1,B/W,
2019-02-06,63,09:33:00,Wednesday,Ossington Station,Utilized Off Route,5,14,S/B,8213
2019-02-06,32,09:40:00,Wednesday,Eglinton West STn.,Mechanical,6,12,W/B,1010
2019-02-06,43,09:40:00,Wednesday,Kennedy Station,Utilized Off Route,12,24,N/B,8845
2019-02-06,63,09:47:00,Wednesday,Ossington and College,Investigation,6,12,12,6
2019-02-06,52,09:47:00,Wednesday,Lawrenc station,Utilized Off Route,16,32,W/B,1227
2019-02-06,96,09:53:00,Wednesday,Wilson and Ridge road,Mechanical,20,40,E/B,3123
2019-02-06,25,09:55:00,Wednesday,PSTN,Utilized Off Route,9,18,N/B,8811
2019-02-06,85,10:00:00,Wednesday,Sheppard and kennedy,Utilized Off Route,14,21,E/B,1756
2019-02-06,85,10:00:00,Wednesday,Don Mills,Utilized Off Route,7,14,E/B,1778
2019-02-06,75,10:15:00,Wednesday,sherbourne / bloor,Utilized Off Route,5,10,S/B,8346
2019-02-06,53,10:15:00,Wednesday,Finch Stn,Utilized Off Route,4,8,E/B,1804
2019-02-06,41,10:18:00,Wednesday,KEEG,Mechanical,9,18,N/B,9054
2019-02-06,11,10:21:00,Wednesday,Steeles loop,Diversion,30,42,S/B,1382
2019-02-06,95,10:25:00,Wednesday,Laurentide and York Mills,Mechanical,16,32,E/B,1326
2019-02-06,95,10:30:00,Wednesday,York Mills to Kingston Loop,General Delay,25,41,B/W,
2019-02-06,716,10:30:00,Wednesday,Garage,Utilized Off Route,1,1,W/B,8451
2019-02-06,95,10:35:00,Wednesday,Markham and Ellesmere,Mechanical,16,32,E/B,1807
2019-02-06,85,10:36:00,Wednesday,Malvern Gate,Utilized Off Route,28,56,E/B,1386
2019-02-06,109,10:51:00,Wednesday,lawrence wstn,Mechanical,10,20,N/B,8349
2019-02-06,927,11:02:00,Wednesday,Martin Grove and Finch,Investigation,6,12,,3133
2019-02-06,52,11:38:00,Wednesday,Lawrence Stn,Investigation,18,36,E/B,8100
2019-02-06,47,11:50:00,Wednesday,EARL,Utilized Off Route,7,15,S/B,1268
2019-02-06,24,11:51:00,Wednesday,VICT - Victoria Park Avenue,Utilized Off Route,10,20,N/B,8454
2019-02-06,905,11:56:00,Wednesday,Kennedy STN,Utilized Off Route,8,16,E/B,8644
2019-02-06,35,11:58:00,Wednesday,Jane Station,Utilized Off Route,7,14,N/B,3326
2019-02-06,606,12:00:00,Wednesday,Garage,Utilized Off Route,1,1,W/B,9229
2019-02-06,100,12:00:00,Wednesday,Broadview station,Utilized Off Route,6,12,N/B,8706
2019-02-06,704,12:00:00,Wednesday,Jane Station,Utilized Off Route,0,0,N/B,3285
2019-02-06,34,12:00:00,Wednesday,Kennedy station,Utilized Off Route,8,16,W/B,8751
2019-02-06,601,12:00:00,Wednesday,Wilson Garage,Utilized Off Route,1,1,S/B,1226
2019-02-06,709,12:00:00,Wednesday,MDGA,Utilized Off Route,1,1,W/B,1555
2019-02-06,925,12:00:00,Wednesday,PSTN,Utilized Off Route,10,20,N/B,8643
2019-02-06,701,12:00:00,Wednesday,Wilson Garage,Utilized Off Route,1,1,S/B,8125
2019-02-06,65,12:08:00,Wednesday,BKFR / Parliament Street,Utilized Off Route,13,26,N/B,8538
2019-02-06,716,12:10:00,Wednesday,VICT - Metrolinx RAD,Utilized Off Route,1,1,N/B,8451
2019-02-06,24,12:10:00,Wednesday,Victoria Pk Station,Utilized Off Route,10,20,S/B,8454
2019-02-06,89,12:12:00,Wednesday,ALWS,Mechanical,10,20,S/B,1356
2019-02-06,91,12:16:00,Wednesday,Woodbine,Mechanical,25,50,,8523
2019-02-06,63,12:45:00,Wednesday,Eglinton W Station,Utilized Off Route,8,16,S/B,8213
2019-02-06,929,12:45:00,Wednesday,Springhurst Loop,Mechanical,10,20,N/B,1141
2019-02-06,71,12:54:00,Wednesday,RUST,Mechanical,23,46,N/B,1082
2019-02-06,93,12:59:00,Wednesday,Oconnor,Investigation,25,50,N/B,8576
2019-02-06,102,13:00:00,Wednesday,CECO,Mechanical,20,40,S/B,8400
2019-02-06,76,13:00:00,Wednesday,Royal York station to Lakeshore at Mimico,General Delay,20,30,B/W,
2019-02-06,37,13:00:00,Wednesday,Islington Station to Humberwood loop to Steeles,General Delay,15,30,B/W,
2019-02-06,73,13:00:00,Wednesday,Royal York station to Calireport at Albion,General Delay,20,35,B/W,
2019-02-06,11,13:01:00,Wednesday,Bayview Ave and Finch Ave,Investigation,12,24,N/B,1247
2019-02-06,60,13:11:00,Wednesday,Pioneer Village Stn,Investigation,8,16,W/B,3141
2019-02-06,32,13:11:00,Wednesday,Eglinton West Stn.,Mechanical,10,20,E/B,1055
2019-02-06,11,13:12:00,Wednesday,Steeles Loop,Mechanical,12,24,S/B,24
2019-02-06,985,13:24:00,Wednesday,Don Mills station,Mechanical,11,22,E/B,9087
2019-02-06,129,13:26:00,Wednesday,South Unionville,Diversion,47,75,N/B,1651
2019-02-06,21,13:28:00,Wednesday,STC,Mechanical,14,28,S/B,1775
2019-02-06,32,13:30:00,Wednesday,Black Creek and Trethewey,Utilized Off Route,10,20,E/B,1208
2019-02-06,100,13:33:00,Wednesday,Broadview station,Utilized Off Route,6,12,N/B,8722
2019-02-06,31,13:35:00,Wednesday,Greenwood and Queen,Mechanical,12,24,S/B,8426
2019-02-06,985,13:36:00,Wednesday,Donmills Stn,Mechanical,11,22,E/B,9087
2019-02-06,87,13:47:00,Wednesday,Cosburn Avenue / MSTN,Utilized Off Route,10,20,W/B,9216
2019-02-06,102,13:50:00,Wednesday,WSTN,Utilized Off Route,10,20,N/B,8466
2019-02-06,73,13:51:00,Wednesday,Albion at Thistledown,Mechanical,10,21,N/B,8431
2019-02-06,54,14:00:00,Wednesday,54 Lawrence ave East route,General Delay,1,1,B/W,
2019-02-06,96,14:00:00,Wednesday,Route 96,General Delay,15,26,B/W,
2019-02-06,954,14:00:00,Wednesday,954 Lawrence Express route,General Delay,1,1,B/W,0
2019-02-06,165,14:00:00,Wednesday,Route 165,General Delay,15,23,B/W,
2019-02-06,43,14:00:00,Wednesday,43 Kennedy route,General Delay,1,1,B/W,
2019-02-06,118,14:00:00,Wednesday,Route 118,General Delay,22,42,B/W,
2019-02-06,68,14:00:00,Wednesday,68 Warden route,General Delay,1,1,B/W,
2019-02-06,610,14:02:00,Wednesday,EGGA,Utilized Off Route,1,1,N/B,8909
2019-02-06,31,14:03:00,Wednesday,Dundas and Greenwood,Mechanical,12,24,N/B,8476
2019-02-06,11,14:05:00,Wednesday,Steeles Loop,Late Leaving Garage,10,13,S/B,1368
2019-02-06,47,14:05:00,Wednesday,Earlscourt Loop,Mechanical,10,20,S/B,1422
2019-02-06,36,14:05:00,Wednesday,Jane and Finch,Mechanical,5,10,EB,9120
2019-02-06,110,14:09:00,Wednesday,Islington station,Utilized Off Route,10,22,S/B,8068
2019-02-06,67,14:15:00,Wednesday,EGGA,Utilized Off Route,10,20,B/W,8701
2019-02-06,72,14:16:00,Wednesday,Pape Avenue / PSTN,Utilized Off Route,16,32,S/B,8556
2019-02-06,53,14:21:00,Wednesday,Berbuf College,Utilized Off Route,2,2,E/B,1396
2019-02-06,57,14:23:00,Wednesday,KENN,Utilized Off Route,8,16,N/B,8660
2019-02-06,42,14:24:00,Wednesday,Wilson Garage,Utilized Off Route,13,26,S/B,8150
2019-02-06,47,14:25:00,Wednesday,St Clair and Lansdowne,Mechanical,15,30,S/B,1409
2019-02-06,116,14:28:00,Wednesday,KENN,Mechanical,8,17,E/B,8897
2019-02-06,129,14:30:00,Wednesday,STC,Utilized Off Route,4,14,N/B,1333
2019-02-06,34,14:35:00,Wednesday,ESTN,Late Leaving Garage,5,9,E/B,8853
2019-02-06,34,14:35:00,Wednesday,Eglinton station,Utilized Off Route,4,9,E/B,8853
2019-02-06,72,14:35:00,Wednesday,Garage,Utilized Off Route,8,16,W/B,8596
2019-02-06,52,14:36:00,Wednesday,Church and Jane,Late Leaving Garage,8,16,E/B,1314
2019-02-06,95,14:38:00,Wednesday,YOCE,Utilized Off Route,10,20,E/B,1341
2019-02-06,57,14:39:00,Wednesday,KENN,Utilized Off Route,9,18,N/B,8721
2019-02-06,41,14:39:00,Wednesday,KSTN,Mechanical,9,18,N/B,9149
2019-02-06,34,14:40:00,Wednesday,KENN,Late Leaving Garage,5,10,W/B,8901
2019-02-06,34,14:40:00,Wednesday,Kennedy station,Utilized Off Route,5,10,W/B,8901
2019-02-06,123,14:40:00,Wednesday,Kipling Station,Mechanical,21,42,S/B,7948
2019-02-06,87,14:42:00,Wednesday,Garage,Utilized Off Route,6,12,W/B,9200
2019-02-06,42,14:42:00,Wednesday,Wilson Garage,Utilized Off Route,13,26,S/B,8150
2019-02-06,100,14:43:00,Wednesday,Don Mills & Wynford,Utilized Off Route,6,11,S/B,8800
2019-02-06,902,14:45:00,Wednesday,Warden stn,Late Leaving Garage,10,20,W/B,8560
2019-02-06,54,14:45:00,Wednesday,54 Lawrence East ave route,Utilized Off Route,11,21,WB,8783
2019-02-06,95,14:45:00,Wednesday,KRND,Utilized Off Route,10,20,E/B,3412
2019-02-06,67,14:45:00,Wednesday,EGGA,Utilized Off Route,10,20,B/W,8761
2019-02-06,186,14:46:00,Wednesday,St Basil the great CS,Utilized Off Route,21,33,W/B,3240
2019-02-06,112,14:46:00,Wednesday,Renforth Station,Utilized Off Route,18,30,S/B,8079
2019-02-06,161,14:46:00,Wednesday,JAAL,Late Leaving Garage,13,24,E/B,1420
2019-02-06,112,14:46:00,Wednesday,Renforth Station,Utilized Off Route,1,1,S/B,8079
2019-02-06,84,14:51:00,Wednesday,Steeles & Signet,Investigation,15,30,E/B,3256
2019-02-06,85,14:52:00,Wednesday,Don Mills station,Utilized Off Route,16,29,E/B,1673
2019-02-06,12,14:52:00,Wednesday,Warden and Kingston Rd,Mechanical,17,34,E/B,8540
2019-02-06,32,14:52:00,Wednesday,PINE,Utilized Off Route,8,16,E/B,1062
2019-02-06,53,14:54:00,Wednesday,FSTN- PAMK,Utilized Off Route,4,4,W/B,1396
2019-02-06,34,14:54:00,Wednesday,KENN,Late Leaving Garage,3,8,W/B,8668
2019-02-06,6,14:56:00,Wednesday,Dupont and Davenport,Late Leaving Garage,1,8,S/B,1536
2019-02-06,121,14:58:00,Wednesday,Garage,Utilized Off Route,15,32,W/B,9204
2019-02-06,165,14:59:00,Wednesday,Steeles & Weston,Utilized Off Route,8,16,S/B,3195
2019-02-06,54,14:59:00,Wednesday,54 Lawrence ave East route,Utilized Off Route,10,21,EB,8651
2019-02-06,92,15:00:00,Wednesday,Garage,Utilized Off Route,9,18,S/B,8561
2019-02-06,109,15:00:00,Wednesday,Rainee route,General Delay,20,25,B/W,
2019-02-06,90,15:00:00,Wednesday,Vaughan road route,General Delay,20,10,B/W,
2019-02-06,75,15:00:00,Wednesday,Sherbourne route,General Delay,20,18,B/W,
2019-02-06,95,15:00:00,Wednesday,YKMS,Utilized Off Route,10,20,E/B,1320
2019-02-06,46,15:00:00,Wednesday,Kipling Station,Utilized Off Route,11,26,NB,3226
2019-02-06,32,15:01:00,Wednesday,EMMT,Utilized Off Route,8,16,E/B,1360
2019-02-06,34,15:03:00,Wednesday,KENN,Late Leaving Garage,2,7,W/B,8639
2019-02-06,941,15:05:00,Wednesday,FWSN,Mechanical,14,28,S/B,1038
2019-02-06,75,15:05:00,Wednesday,Bloor and Sherbourne,Mechanical,6,12,S/B,1276
2019-02-06,25,15:06:00,Wednesday,EGGA,Utilized Off Route,5,10,B/W,8892
2019-02-06,73,15:07:00,Wednesday,Evans at Royal York,Utilized Off Route,7,13,B/W,8072
2019-02-06,11,15:09:00,Wednesday,Davisville Stn,Utilized Off Route,14,28,N/B,1309
2019-02-06,81,15:09:00,Wednesday,Thorncilff  and overlea,Mechanical,11,22,W/B,8946
2019-02-06,116,15:10:00,Wednesday,MNEL,Utilized Off Route,10,20,S/B,8712
2019-02-06,131,15:10:00,Wednesday,KENN,Utilized Off Route,9,18,E/B,1644
2019-02-06,25,15:11:00,Wednesday,PSTN,Late Leaving Garage,6,11,B/W,8653
2019-02-06,23,15:11:00,Wednesday,Garage,Utilized Off Route,7,18,W/B,8535
2019-02-06,20,15:11:00,Wednesday,MSTN,Utilized Off Route,14,28,E/B,8942
2019-02-06,132,15:11:00,Wednesday,Scar Town Centre Station,Utilized Off Route,12,25,E/B,1718
2019-02-06,39,15:12:00,Wednesday,MCVP,Utilized Off Route,14,28,W/B,1630
2019-02-06,36,15:15:00,Wednesday,Jane and Finch,Utilized Off Route,5,9,WB,3349
2019-02-06,49,15:15:00,Wednesday,Mill rd loop,Mechanical,30,40,B/W,8065
2019-02-06,11,15:16:00,Wednesday,Davisville Stn,Utilized Off Route,14,28,N/B,1221
2019-02-06,29,15:16:00,Wednesday,Dufferin and Lawrence,Diversion,8,16,S/B,1067
2019-02-06,113,15:16:00,Wednesday,Garage,Utilized Off Route,11,22,W/B,8519
2019-02-06,186,15:16:00,Wednesday,YKMS stn,Utilized Off Route,21,33,W/B,3335
2019-02-06,32,15:17:00,Wednesday,EMMT,Utilized Off Route,8,16,E/B,1423
2019-02-06,937,15:18:00,Wednesday,islington stn,Mechanical,11,22,N/B,8066
2019-02-06,10,15:25:00,Wednesday,Van Horne and Bickerton,Utilized Off Route,15,30,E/B,1257
2019-02-06,939,15:27:00,Wednesday,FSTN,Late Leaving Garage,12,24,E/B,1514
2019-02-06,133,15:28:00,Wednesday,STC,Mechanical,7,15,E/B,1648
2019-02-06,21,15:28:00,Wednesday,Brimley and Sheppard,Mechanical,9,25,N/B,1816
2019-02-06,6,15:28:00,Wednesday,Dupont and Davenport,Late Leaving Garage,9,14,S/B,1123
2019-02-06,5,15:30:00,Wednesday,Eglinton Stn,General Delay,10,30,B/W,
2019-02-06,161,15:43:00,Wednesday,JAAL,Utilized Off Route,13,26,E/B,1112
2019-02-06,131,15:50:00,Wednesday,Morningview Trail and Morning side.,Mechanical,9,18,E/B,1240
2019-02-06,24,15:58:00,Wednesday,St Clair and Victoria Park,Mechanical,1,1,N/B,8484
2019-02-06,63,16:00:00,Wednesday,Oakwood and Eglinton,General Delay,10,20,BW,8176
2019-02-06,111,16:00:00,Wednesday,111 East mall route,General Delay,20,30,B/W,8021
2019-02-06,100,16:00:00,Wednesday,BSTN,General Delay,15,21,B/W,
2019-02-06,145,16:00:00,Wednesday,Kipling/Lakeshore to Spadina and Richmond,General Delay,20,50,B/W,
2019-02-06,49,16:00:00,Wednesday,49 Bloor route,General Delay,15,25,B/W,8065
2019-02-06,45,16:00:00,Wednesday,Kipling route,General Delay,25,35,B/W,7967
2019-02-06,66,16:00:00,Wednesday,66 Route,General Delay,20,45,B/W,8057
2019-02-06,952,16:00:00,Wednesday,LSTA,Late Leaving Garage,12,24,,8323
2019-02-06,945,16:00:00,Wednesday,945 Kipling route,General Delay,30,40,B/W,8048
2019-02-06,112,16:00:00,Wednesday,112 West mall,General Delay,20,30,B/W,8041
2019-02-06,36,16:02:00,Wednesday,Finch Station,Mechanical,6,12,WB,3152
2019-02-06,118,16:02:00,Wednesday,Wilson & Dufferin,Mechanical,25,50,W/B,3309
2019-02-06,45,16:02:00,Wednesday,Steeles Loop,Utilized Off Route,14,28,S/B,8096
2019-02-06,953,16:05:00,Wednesday,MOFI,Late Leaving Garage,15,30,W/B,9054
2019-02-06,6,16:15:00,Wednesday,Bay and Elm,Utilized Off Route,13,25,N/B,1142
2019-02-06,6,16:20:00,Wednesday,Bay and Front,Utilized Off Route,13,26,N/B,1123
2019-02-06,35,16:20:00,Wednesday,St.Clair,Utilized Off Route,10,20,N/B,3112
2019-02-06,39,16:24:00,Wednesday,NECR,Mechanical,14,28,W/B,1680
2019-02-06,84,16:30:00,Wednesday,Jane & Sheppard,Utilized Off Route,14,28,E/B,3236
2019-02-06,168,16:30:00,Wednesday,Avon Loop,Utilized Off Route,8,15,S/B,1416
2019-02-06,168,16:30:00,Wednesday,Dundas west stn,Utilized Off Route,7,14,N/B,1090
2019-02-06,45,16:30:00,Wednesday,Steeles,Mechanical,10,20,B/W,8024
2019-02-06,47,16:30:00,Wednesday,St.Clair & Lansdowne,Utilized Off Route,13,26,S/B,1420
2019-02-06,902,16:30:00,Wednesday,warden stn,Mechanical,10,20,W/B,8493
2019-02-06,112,16:32:00,Wednesday,Renforth stn,Investigation,10,20,B/W,8041
2019-02-06,52,16:38:00,Wednesday,Lawrence and Scarlette,Mechanical,14,28,E/B,8197
2019-02-06,79,16:40:00,Wednesday,St.Clair & Runnymede,Utilized Off Route,14,29,N/B,1258
2019-02-06,29,16:40:00,Wednesday,Wilson Stn,Mechanical,7,14,S/B,1560
2019-02-06,96,16:47:00,Wednesday,York Mills rd East  of Yonge,Investigation,11,22,E/B,3342
2019-02-06,32,16:48:00,Wednesday,REGW,Mechanical,8,15,E/B,1586
2019-02-06,111,16:50:00,Wednesday,Kipling stn,Mechanical,10,20,B/W,8021
2019-02-06,131,16:55:00,Wednesday,Shempreter and McLevin,Investigation,7,18,S/B,1391
2019-02-06,60,17:00:00,Wednesday,Steeles and Dufferin,Utilized Off Route,7,14,EB,3170
2019-02-06,7,17:01:00,Wednesday,Bathurst station,Mechanical,9,18,N/B,9008
2019-02-06,160,17:11:00,Wednesday,Chabad Gate,Diversion,100,114,N/B,8389
2019-02-06,36,17:15:00,Wednesday,Humberline and Finch,Mechanical,6,12,EB,9131
2019-02-06,5,17:18:00,Wednesday,Eglinton Stn,Utilized Off Route,20,40,S/B,1251
2019-02-06,905,17:21:00,Wednesday,U of T loop,Emergency Services,13,26,S/B,8888
2019-02-06,95,17:32:00,Wednesday,Don Mills and York Mills,Investigation,1,1,E/B,1682
2019-02-06,123,17:46:00,Wednesday,on shorncliffe,Mechanical,16,32,N/B,8616
2019-02-06,22,17:51:00,Wednesday,CSTN,Utilized Off Route,8,16,S/B,8478
2019-02-06,32,18:05:00,Wednesday,Kane/Eglinton,Investigation,1,1,E/B,1122
2019-02-06,21,18:06:00,Wednesday,KENN,Mechanical,11,22,N/B,3446
2019-02-06,87,18:12:00,Wednesday,MSTN,Utilized Off Route,6,12,W/B,8947
2019-02-06,95,18:15:00,Wednesday,KRND,Mechanical,14,28,W/B,1312
2019-02-06,21,18:15:00,Wednesday,Lawrence and Brimley,Mechanical,1,1,S/B,3429
2019-02-06,95,18:15:00,Wednesday,Kennedy and Ellesmere,Investigation,10,20,W/B,1206
2019-02-06,24,18:23:00,Wednesday,VPST,Utilized Off Route,9,18,N/B,8482
2019-02-06,102,18:30:00,Wednesday,WAST,Utilized Off Route,20,40,E/B,8462
2019-02-06,73,18:40:00,Wednesday,mimico lakeshore,Mechanical,7,14,W/B,7976
2019-02-06,95,18:45:00,Wednesday,Leslie and York Mills,Mechanical,9,18,W/B,1818
2019-02-06,29,19:00:00,Wednesday,Dufferin and Lawrence,Investigation,7,14,N/B,9054
2019-02-06,46,19:00:00,Wednesday,Steeles and Martingrove Loop,Mechanical,18,36,SB,3212
2019-02-06,165,19:33:00,Wednesday,YKMS stn,Utilized Off Route,10,20,W/B,3289
2019-02-06,30,19:40:00,Wednesday,High Park,Mechanical,30,60,W/B,7927
2019-02-06,112,20:27:00,Wednesday,Renforth dr,Mechanical,10,20,S/B,8612
2019-02-06,927,21:01:00,Wednesday,Martingrove and Steeles,Investigation,10,20,SB,3333
2019-02-06,929,21:29:00,Wednesday,Dufferin and Hunter,Diversion,10,20,N/B,9023
2019-02-06,113,21:34:00,Wednesday,KENN,Emergency Services,20,40,W/B,9236
2019-02-06,96,21:37:00,Wednesday,Wilson & Garratt,Investigation,1,1,W/B,3266
2019-02-06,42,21:39:00,Wednesday,Birchmont & McNicoll,Diversion,40,50,W/B,
2019-02-06,45,21:50:00,Wednesday,Kipling stn,Utilized Off Route,9,18,N/B,8003
2019-02-06,704,22:00:00,Wednesday,Finch Station,Utilized Off Route,1,1,E/B,3360
2019-02-06,604,22:30:00,Wednesday,Queen Shuttle,Utilized Off Route,1,1,,3149
2019-02-06,609,22:30:00,Wednesday,Queen Shuttle,Utilized Off Route,1,1,,1618
2019-02-06,53,22:40:00,Wednesday,MOFI,Mechanical,19,38,W/B,1739
2019-02-06,34,22:41:00,Wednesday,KENN,Investigation,10,20,W/B,8770
2019-02-06,60,23:53:00,Wednesday,Finch Station,Investigation,17,34,W/B,3312
2019-02-07,29,00:40:00,Thursday,Dufferin and Lawrence,Mechanical,9,18,S/B,9031
2019-02-07,300,01:23:00,Thursday,Bathurst and Bloor Street,Diversion,305,335,B/W,
2019-02-07,102,03:58:00,Thursday,SEMK,Late Leaving Garage,20,40,S/B,8485
2019-02-07,52,04:38:00,Thursday,Dufferin and Lawrence,Late Leaving Garage,10,10,N/B,8347
2019-02-07,7,04:55:00,Thursday,GRWN,Late Leaving Garage,27,63,S/B,9009
2019-02-07,116,04:58:00,Thursday,Eglinton Yard,Late Leaving Garage,1,1,O/B,8850
2019-02-07,102,04:59:00,Thursday,WSTN,Late Leaving Garage,20,40,N/B,8491
2019-02-07,939,05:00:00,Thursday,939 Finch Express-All Branch,General Delay,10,18,B/W,1565
2019-02-07,39,05:00:00,Thursday,39 Finch Route-All Branch,General Delay,10,24,B/W,1238
2019-02-07,9,05:02:00,Thursday,WSTN,Late Leaving Garage,15,30,N/B,8502
2019-02-07,54,05:03:00,Thursday,Yonge and York Mills,Late Leaving Garage,15,30,S/B,8891
2019-02-07,116,05:08:00,Thursday,Kennedy Rd/Eglinton Ave E,Late Leaving Garage,12,13,E/B,8671
2019-02-07,96,05:08:00,Thursday,Jane and Sheppard,Mechanical,15,30,E/B,3367
2019-02-07,102,05:14:00,Thursday,WSTN,Late Leaving Garage,20,40,N/B,8450
2019-02-07,95,05:14:00,Thursday,Yorkmills,Late Leaving Garage,11,41,W/B,1207
2019-02-07,97,05:19:00,Thursday,Wilson Garage,Mechanical,30,60,N/B,8305
2019-02-07,45,05:22:00,Thursday,Steeles and Kipling Loop,Utilized Off Route,11,23,S/B,7946
2019-02-07,129,05:24:00,Thursday,Steeles and McCowan,Late Leaving Garage,13,1,S/B,1803
2019-02-07,53,05:25:00,Thursday,Finch Stn,Late Leaving Garage,5,20,S/B,1607
2019-02-07,22,05:26:00,Thursday,CSTN,Late Leaving Garage,10,20,S/B,8456
2019-02-07,95,05:28:00,Thursday,Scarborough Loop,Late Leaving Garage,21,41,W/B,3418
2019-02-07,52,05:28:00,Thursday,Wilson Garage,Utilized Off Route,15,30,W/B,8138
2019-02-07,76,05:28:00,Thursday,Evans and Royla York,Utilized Off Route,7,20,S/B,7977
2019-02-07,90,05:29:00,Thursday,St.Clair West Stn,Mechanical,16,16,N/B,8386
2019-02-07,51,05:30:00,Thursday,ESTN,Late Leaving Garage,18,38,N/B,8324
2019-02-07,39,05:31:00,Thursday,Baldoon and Finch,Late Leaving Garage,10,20,E/B,1238
2019-02-07,113,05:31:00,Thursday,MSTN,Late Leaving Garage,12,24,E/B,8455
2019-02-07,87,05:32:00,Thursday,Main Station,Utilized Off Route,5,10,B/W,8601
2019-02-07,112,05:38:00,Thursday,Eglinton and Renforth,Mechanical,14,1,W/B,8045
2019-02-07,116,05:39:00,Thursday,Kennedy STN,Utilized Off Route,12,24,E/B,8670
2019-02-07,953,05:44:00,Thursday,Morningside and Finch,Late Leaving Garage,18,31,W/B,1768
2019-02-07,24,05:46:00,Thursday,Victoria Park Station,Late Leaving Garage,6,12,N/B,8417
2019-02-07,121,05:46:00,Thursday,PRGT,Late Leaving Garage,14,28,E/B,9220
2019-02-07,94,05:46:00,Thursday,Ossington Station,Late Leaving Garage,13,26,S/B,1010
2019-02-07,24,05:50:00,Thursday,Victoria Park Station,Late Leaving Garage,14,28,N/B,8479
2019-02-07,168,05:52:00,Thursday,Avon Loop,Late Leaving Garage,5,10,S/B,1205
2019-02-07,52,05:54:00,Thursday,Lawrence Station,Late Leaving Garage,15,30,W/B,8129
2019-02-07,87,05:57:00,Thursday,Main Station,Mechanical,5,10,W/B,8537
2019-02-07,73,05:58:00,Thursday,Lakeshore and Symons,Mechanical,7,13,E/B,7971
2019-02-07,7,06:00:00,Thursday,Sheppard and Bathurst,Mechanical,1,1,S/B,9019
2019-02-07,11,06:00:00,Thursday,DVSTN,Utilized Off Route,15,35,N/B,1235
2019-02-07,76,06:01:00,Thursday,Evans and Royal York,Late Leaving Garage,6,13,S/B,8070
2019-02-07,25,06:04:00,Thursday,Don Mills & Freshmeadow,Late Leaving Garage,6,12,E/B,8693
2019-02-07,939,06:04:00,Thursday,Morningside and Nightstar,Late Leaving Garage,8,16,E/B,1565
2019-02-07,34,06:06:00,Thursday,Eglinton station,Late Leaving Garage,4,8,E/B,8660
2019-02-07,938,06:13:00,Thursday,STC SRT,Late Leaving Garage,8,16,E/B,1635
2019-02-07,28,06:15:00,Thursday,Davisville Stn,Late Leaving Garage,30,30,N/B,1215
2019-02-07,952,06:19:00,Thursday,Terminal 3,Late Leaving Garage,11,22,E/B,8201
2019-02-07,167,06:21:00,Thursday,Steeles Loop - PSTL,Mechanical,24,48,S/B,8476
2019-02-07,14,06:23:00,Thursday,GLEN,Mechanical,23,46,E/B,1038
2019-02-07,100,06:24:00,Thursday,Broadview station,Late Leaving Garage,6,15,N/B,8860
2019-02-07,32,06:25:00,Thursday,PINE,Utilized Off Route,5,11,E/B,1109
2019-02-07,939,06:26:00,Thursday,Morningside and Nightstar,Late Leaving Garage,8,16,E/B,1299
2019-02-07,51,06:27:00,Thursday,FMDM,Late Leaving Garage,17,33,N/B,8348
2019-02-07,68,06:27:00,Thursday,Warden and Steeles Loop,Late Leaving Garage,6,11,S/B,8663
2019-02-07,160,06:27:00,Thursday,WLSTN,Late Leaving Garage,20,40,N/B,1228
2019-02-07,115,06:29:00,Thursday,York Mills Station,Late Leaving Garage,20,40,E/B,1223
2019-02-07,929,06:33:00,Thursday,Dufferin / Lawence,Late Leaving Garage,8,15,N/B,9026
2019-02-07,36,06:39:00,Thursday,Humber College,Mechanical,5,10,W/B,9120
2019-02-07,24,06:42:00,Thursday,Victoria Park Station,Late Leaving Garage,10,20,W/B,8447
2019-02-07,995,06:42:00,Thursday,Scarborough U of T loop,Late Leaving Garage,9,18,W/B,1650
2019-02-07,985,06:48:00,Thursday,Don Mills Station,Late Leaving Garage,10,20,S/B,9072
2019-02-07,939,06:55:00,Thursday,Morningside and Nightstar,Late Leaving Garage,7,14,E/B,3432
2019-02-07,952,06:55:00,Thursday,Lawrence Station,Late Leaving Garage,11,22,W/B,8153
2019-02-07,939,06:57:00,Thursday,Finch/Tapscott,Investigation,12,24,W/B,3436
2019-02-07,62,07:00:00,Thursday,Emergency Water Repair,Diversion,1,1,B/W,8531
2019-02-07,6,07:20:00,Thursday,Davenport / Dupont,Late Leaving Garage,6,12,S/B,1269
2019-02-07,28,07:20:00,Thursday,Davisville Stn,Late Leaving Garage,20,40,S/B,8322
2019-02-07,929,07:22:00,Thursday,Dufferin / Queen,Mechanical,9,18,N/B,9054
2019-02-07,45,07:40:00,Thursday,Kipling Station,General Delay,9,17,B/W,
2019-02-07,7,07:40:00,Thursday,Wilson and Bathurst,Mechanical,9,18,S/B,9021
2019-02-07,35,07:42:00,Thursday,Sheppard,Investigation,8,17,S/B,3369
2019-02-07,32,07:50:00,Thursday,PINE,Mechanical,5,11,E/B,1273
2019-02-07,120,07:55:00,Thursday,Maniza and Powell Avenue,Investigation,0,0,W/B,3360
2019-02-07,54,07:57:00,Thursday,Bessborough and Eglinton,Investigation,9,18,W/B,8746
2019-02-07,109,08:00:00,Thursday,109 Ranee Route-All Branch,General Delay,20,40,B/W,8361
2019-02-07,90,08:00:00,Thursday,90 Vaughan Route-All branch,General Delay,16,36,B/W,8387
2019-02-07,51,08:00:00,Thursday,Eglinton Stn to Freahmeadows/Don Mills Rd,General Delay,0,0,B/W,
2019-02-07,75,08:00:00,Thursday,75 Sherbourn Route-All Branch,General Delay,15,20,B/W,8326
2019-02-07,935,08:14:00,Thursday,Jane and Weston Road,Emergency Services,7,14,S/B,3134
2019-02-07,34,08:23:00,Thursday,Eglinton & Sloane,Investigation,5,9,W/B,8800
2019-02-07,94,08:30:00,Thursday,Castlefrank Station - Ossington Station,General Delay,17,30,B/W,
2019-02-07,168,08:30:00,Thursday,Dundas West Station - Avon Loop,General Delay,15,30,B/W,
2019-02-07,102,08:30:00,Thursday,Markham Route,General Delay,10,1,B/W,
2019-02-07,6,08:30:00,Thursday,Davenport/Dupont to Queens Quay/ Sherbourne,General Delay,17,27,B/W,1075
2019-02-07,902,08:30:00,Thursday,Markham Express Route,General Delay,15,1,B/W,
2019-02-07,161,08:30:00,Thursday,Various locations ( Oakwood - Davenport to St Clair),General Delay,15,20,B/W,
2019-02-07,79,08:30:00,Thursday,Various locations,General Delay,17,24,B/W,
2019-02-07,75,08:40:00,Thursday,Carlton and Sherbourne,Mechanical,5,10,S/B,1347
2019-02-07,111,08:45:00,Thursday,Valhalla and East Mall,Mechanical,12,24,S/B,8029
2019-02-07,21,08:46:00,Thursday,Sherac and Brimley,Investigation,10,15,N/B,3446
2019-02-07,41,08:50:00,Thursday,KELW,Mechanical,12,32,S/B,9149
2019-02-07,60,08:54:00,Thursday,Carpenter & Steeles,Investigation,8,16,E/B,3239
2019-02-07,26,09:00:00,Thursday,Jane Station  - St. George Station,General Delay,15,30,B/W,
2019-02-07,11,09:10:00,Thursday,Bayview Ave and Craig Crescent,Diversion,,,N/B,8208
2019-02-07,32,09:19:00,Thursday,Northcliff on Eglinton,Investigation,6,11,E/B,1068
2019-02-07,91,09:26:00,Thursday,York Mills and Valleywood,Mechanical,12,24,S/B,8532
2019-02-07,74,09:30:00,Thursday,Mt.Pleasant & Merton,Mechanical,19,38,N/B,8367
2019-02-07,168,09:53:00,Thursday,Avon Loop,Mechanical,10,20,S/B,1090
2019-02-07,85,10:21:00,Thursday,Don Mills station,Mechanical,7,21,E/B,1602
2019-02-07,63,10:29:00,Thursday,Ossington and Manchester,Mechanical,9,18,N/B,1319
2019-02-07,927,10:50:00,Thursday,Queens Plate drive,Investigation,5,10,W/B,
2019-02-07,116,11:10:00,Thursday,Kennedy STN,Emergency Services,10,20,E/B,8782
2019-02-07,104,11:20:00,Thursday,Ansford and Wilson Heights,Mechanical,15,30,S/B,1318
2019-02-07,29,11:37:00,Thursday,Dufferin / Eglinton,Investigation,8,15,N/B,9104
2019-02-07,6,12:58:00,Thursday,Davenport / Dupont,Mechanical,9,18,S/B,1421
2019-02-07,52,13:05:00,Thursday,TOLLINGTON AND MARTIN GROVE,Mechanical,14,28,E/B,8139
2019-02-07,67,13:17:00,Thursday,Pharmacy & Sunridge,Investigation,15,30,N/B,8884
2019-02-07,45,13:45:00,Thursday,Kipling Station,Mechanical,20,40,N/B,8027
2019-02-07,39,13:52:00,Thursday,MCFI,Mechanical,12,18,W/B,1688
2019-02-07,72,14:00:00,Thursday,PSTN,Utilized Off Route,16,32,S/B,9223
2019-02-07,54,14:13:00,Thursday,Lawrence and Carnforth rd.,Investigation,12,24,E/B,8799
2019-02-07,110,14:14:00,Thursday,Evan and evans,Late Leaving Garage,5,10,N/B,8073
2019-02-07,927,14:26:00,Thursday,Kipling Station,Mechanical,12,24,N/B,3313
2019-02-07,133,14:28:00,Thursday,Neilson and Sheppard,Mechanical,11,22,S/B,1644
2019-02-07,81,14:32:00,Thursday,MILL,Late Leaving Garage,9,18,N/B,9236
2019-02-07,95,14:36:00,Thursday,ELRT STN,Mechanical,10,20,E/B,1666
2019-02-07,88,14:38:00,Thursday,THRN,Mechanical,8,14,E/B,1222
2019-02-07,24,14:45:00,Thursday,Don Mills Station,Mechanical,15,30,S/B,8493
2019-02-07,36,14:55:00,Thursday,Finch Station,Late Leaving Garage,5,10,W/B,3293
2019-02-07,79,14:57:00,Thursday,Runnymede stn,Late Leaving Garage,8,16,N/B,1261
2019-02-07,53,14:58:00,Thursday,BREB,Late Leaving Garage,4,7,E/B,3402
2019-02-07,133,14:58:00,Thursday,Morningside and Neilson,Mechanical,30,30,S/B,1393
2019-02-07,102,15:00:00,Thursday,Birkdale,Mechanical,16,32,W/B,1311
2019-02-07,90,15:00:00,Thursday,Vaughan road route,General Delay,10,10,B/W,
2019-02-07,134,15:00:00,Thursday,STC-CECO-FDFI-STC,General Delay,27,54,B/W,
2019-02-07,913,15:00:00,Thursday,CECO-STC,General Delay,6,11,B/W,
2019-02-07,53,15:00:00,Thursday,PAMK-FSTN-PAMK,General Delay,5,11,B/W,
2019-02-07,95,15:00:00,Thursday,95 Yorkmills stn to Kingston loop,General Delay,15,15,B/W,
2019-02-07,75,15:00:00,Thursday,Sherbourne route,General Delay,10,18,B/W,
2019-02-07,42,15:08:00,Thursday,FSTN,Mechanical,13,27,E/B,8181
2019-02-07,16,15:10:00,Thursday,Morningside and Ellesmere,Mechanical,5,10,S/B,8773
2019-02-07,24,15:10:00,Thursday,Victoria Park Station,Late Leaving Garage,15,30,S/B,8457
2019-02-07,42,15:12:00,Thursday,MCVP,Late Leaving Garage,13,26,W/B,8113
2019-02-07,937,15:14:00,Thursday,ISTN,Late Leaving Garage,11,22,N/B,8048
2019-02-07,953,15:17:00,Thursday,Baylawn and Finch,Mechanical,15,30,E/B,9068
2019-02-07,989,15:20:00,Thursday,KSTN,Late Leaving Garage,10,20,N/B,1353
2019-02-07,17,15:22:00,Thursday,Birchmount Road / WAST,Late Leaving Garage,8,16,N/B,8458
2019-02-07,65,15:26:00,Thursday,Parliament Street / CAST,Mechanical,11,22,S/B,8454
2019-02-07,29,15:27:00,Thursday,Dufferin and Martin,Investigation,7,14,N/B,9046
2019-02-07,62,15:30:00,Thursday,62 Mortimer Route,General Delay,22,44,B/W,
2019-02-07,69,15:30:00,Thursday,69 Warden South A and B,General Delay,11,22,B/W,
2019-02-07,91,15:30:00,Thursday,91 Woodbine Route,General Delay,14,28,B/W,
2019-02-07,93,15:30:00,Thursday,93 Parkview Hills,General Delay,30,60,B/W,
2019-02-07,23,15:30:00,Thursday,23 Dawes Route,General Delay,7,14,B/W,
2019-02-07,92,15:30:00,Thursday,92 Woodbine South,General Delay,9,18,B/W,
2019-02-07,87,15:30:00,Thursday,87 Cosburn Route,General Delay,10,20,B/W,
2019-02-07,121,15:30:00,Thursday,121 Fort York Esplanade,General Delay,15,30,B/W,
2019-02-07,116,15:36:00,Thursday,Morningside and nightstar,Mechanical,6,11,S/B,8707
2019-02-07,52,15:37:00,Thursday,T3,Mechanical,15,16,,8324
2019-02-07,35,15:37:00,Thursday,Pioneer Village Station,Late Leaving Garage,10,20,S/B,3330
2019-02-07,125,15:49:00,Thursday,ANTI,Mechanical,10,20,W/B,1270
2019-02-07,52,15:51:00,Thursday,Lawrence Stn,Mechanical,14,27,,8392
2019-02-07,109,15:51:00,Thursday,Eglinton west station,Mechanical,14,28,N/B,1296
2019-02-07,927,15:51:00,Thursday,Humber College,Mechanical,12,24,S/B,3276
2019-02-07,37,15:57:00,Thursday,Steeles loop,Investigation,11,22,S/B,8018
2019-02-07,24,15:58:00,Thursday,Victoria Park Station,Mechanical,15,30,N/B,8472
2019-02-07,97,16:00:00,Thursday,Eglinton to QQYO,General Delay,30,60,B/W,
2019-02-07,924,16:00:00,Thursday,924 Victoria Park Express,General Delay,15,1,W/B,
2019-02-07,24,16:00:00,Thursday,24 Victoria Park Ave,General Delay,10,1,B/W,
2019-02-07,952,16:00:00,Thursday,Lawrence stn,Late Leaving Garage,12,24,,8177
2019-02-07,34,16:00:00,Thursday,Bayview to Don Mills,General Delay,20,26,B/W,
2019-02-07,102,16:00:00,Thursday,markham / kimgstion to shappard,General Delay,10,20,B/W,
2019-02-07,60,16:00:00,Thursday,Entire 60 Steeles W Route Bothways,General Delay,13,19,B/W,
2019-02-07,960,16:00:00,Thursday,Entire 960 Steeles W Express Route,General Delay,17,25,B/W,
2019-02-07,36,16:00:00,Thursday,Finch Stn to Finch West Stn,General Delay,30,35,B/W,
2019-02-07,54,16:00:00,Thursday,Lawrence,General Delay,45,55,B/W,
2019-02-07,902,16:00:00,Thursday,ST Clair / markham road to shappard,General Delay,10,20,,
2019-02-07,900,16:10:00,Thursday,427 at 401,Investigation,9,18,S/B,8009
2019-02-07,133,16:14:00,Thursday,STC,Mechanical,8,16,E/B,1224
2019-02-07,129,16:14:00,Thursday,STC,Investigation,8,13,N/B,1404
2019-02-07,12,16:15:00,Thursday,Victoria Park Station,Utilized Off Route,25,30,N/B,8495
2019-02-07,86,16:29:00,Thursday,Markham and Eglinton,Investigation,16,32,E/B,8876
2019-02-07,40,16:30:00,Thursday,From Runnymede Loop To DWST,General Delay,8,16,B/W,7909
2019-02-07,83,16:30:00,Thursday,Jones from Donsland Station to Lakeshore Garage,General Delay,24,36,B/W,
2019-02-07,64,16:30:00,Thursday,Main Street from MSTN to QUEEN,General Delay,16,24,B/W,
2019-02-07,17,16:30:00,Thursday,Birchmount from WAST to Steeles,General Delay,16,24,B/W,
2019-02-07,16,16:30:00,Thursday,McCowan from WAST to STC,General Delay,18,27,B/W,
2019-02-07,9,16:30:00,Thursday,Bellamy from WAST to STC,General Delay,32,48,B/W,
2019-02-07,902,16:30:00,Thursday,warden station,Mechanical,10,20,,
2019-02-07,939,16:32:00,Thursday,WAFI,Mechanical,12,24,W/B,1596
2019-02-07,102,16:40:00,Thursday,warden station,Utilized Off Route,20,40,,8440
2019-02-07,116,16:45:00,Thursday,Kennedy STN,Mechanical,5,11,E/B,8877
2019-02-07,52,16:45:00,Thursday,Royal York,Mechanical,14,28,,8371
2019-02-07,702,16:50:00,Thursday,Royal York and Lakeshore.,Utilized Off Route,1,2,E/B,8067
2019-02-07,67,16:58:00,Thursday,Pharmacy and Brain Ave,Investigation,10,20,N/B,8875
2019-02-07,67,16:58:00,Thursday,Pharmacy and Brain ave,Diversion,173,183,B/W,
2019-02-07,67,16:58:00,Thursday,Pharmacy and Trestleside Grove,Investigation,10,20,S/B,8759
2019-02-07,63,17:00:00,Thursday,Eglinton west stn and King,General Delay,22,30,B/W,
2019-02-07,160,17:00:00,Thursday,Bathurst north route,General Delay,20,40,B/W,
2019-02-07,900,17:16:00,Thursday,Kipling stn,Mechanical,8,16,B/W,8011
2019-02-07,935,17:26:00,Thursday,PVST,Investigation,10,20,S/B,3178
2019-02-07,63,17:27:00,Thursday,St.Clair and oakwood,Mechanical,8,16,N/B,8123
2019-02-07,600,17:27:00,Thursday,PVST,Investigation,1,1,S/B,3200
2019-02-07,79,17:30:00,Thursday,Runnymede stn,Mechanical,15,30,N/B,1043
2019-02-07,7,17:38:00,Thursday,Drewry,Mechanical,9,18,N/B,8100
2019-02-07,32,17:50:00,Thursday,Eglinton and Caledonia,Mechanical,9,17,E/B,1040
2019-02-07,165,18:00:00,Thursday,York Mills Station to Barmac and Steeles,General Delay,28,36,B/W,
2019-02-07,186,18:00:00,Thursday,York Mills Station to Humber College,General Delay,26,37,B/W,
2019-02-07,96,18:00:00,Thursday,York Mills Station to all branches,General Delay,42,64,B/W,
2019-02-07,900,18:16:00,Thursday,Kipling stn,Mechanical,8,16,N/B,8011
2019-02-07,38,18:17:00,Thursday,STC,Mechanical,13,26,E/B,1701
2019-02-07,56,18:20:00,Thursday,Eglinton Station,Utilized Off Route,20,39,S/B,1234
2019-02-07,7,18:23:00,Thursday,Stafford,Mechanical,9,18,N/B,9017
2019-02-07,169,18:25:00,Thursday,brimley & commander,Diversion,45,75,E/B,8112
2019-02-07,116,18:33:00,Thursday,Kingston and Guildwood Parkway.,Investigation,6,11,E/B,8835
2019-02-07,939,18:34:00,Thursday,Dufferin Street/ York University Busway,Investigation,12,24,W/B,1795
2019-02-07,12,18:40:00,Thursday,Haig Ave and Kingston RD,Mechanical,25,50,E/B,8409
2019-02-07,73,18:54:00,Thursday,Royal York station,Investigation,15,30,N/B,8070
2019-02-07,43,19:31:00,Thursday,STC,Mechanical,15,30,S/B,8644
2019-02-07,44,20:20:00,Thursday,Lakeshore,Mechanical,10,20,N/B,8435
2019-02-07,168,21:39:00,Thursday,Weston Rd at Rogers Rd,Mechanical,10,20,S/B,1073
2019-02-07,100,21:44:00,Thursday,BSTN,Utilized Off Route,9,18,N/B,8895
2019-02-07,79,22:07:00,Thursday,Runnymede stn,Emergency Services,15,30,N/B,1111
2019-02-07,87,22:40:00,Thursday,Kennedy Station,Mechanical,10,20,S/B,8594
2019-02-07,106,22:45:00,Thursday,Sheppard & chesswood,Diversion,60,78,B/W,8173
2019-02-07,9,22:46:00,Thursday,Birhmount road and Danforth Rd,Investigation,1,1,S/B,8408
2019-02-07,84,22:50:00,Thursday,Sheppard and Chesswood,Diversion,25,35,BW,
2019-02-07,108,22:50:00,Thursday,Sheppard and Chesswood,Diversion,25,40,WB,
2019-02-07,87,22:50:00,Thursday,Main Station,Mechanical,10,20,W/B,8594
2019-02-07,107,22:55:00,Thursday,Sheppard and Chesswood,Diversion,55,85,B/W,
2019-02-08,34,00:48:00,Friday,ESTN,Mechanical,10,20,E/B,8908
2019-02-08,39,01:10:00,Friday,McCowan Rd and Sandhurst,Emergency Services,9,18,E/B,1579
2019-02-08,320,04:30:00,Friday,Entire Route,General Delay,33,48,BW,
2019-02-08,7,04:55:00,Friday,GRWN,Late Leaving Garage,27,63,S/B,9009
2019-02-08,939,05:00:00,Friday,Scarborough Town Center,Mechanical,8,16,B/W,1664
2019-02-08,84,05:02:00,Friday,Arrow road,Late Leaving Garage,5,10,S/B,3203
2019-02-08,927,05:02:00,Friday,martin gove,Late Leaving Garage,20,40,S/B,3201
2019-02-08,168,05:10:00,Friday,AVLP,Late Leaving Garage,10,20,S/B,1074
2019-02-08,25,05:20:00,Friday,Pape Station,Late Leaving Garage,14,29,E/B,8650
2019-02-08,68,05:26:00,Friday,Warden and Danforth,Mechanical,19,45,N/B,8720
2019-02-08,4,05:27:00,Friday,Arrow rd,Late Leaving Garage,5,10,W/B,3206
2019-02-08,43,05:30:00,Friday,Kennedy Station,Late Leaving Garage,5,16,N/B,8865
2019-02-08,111,05:39:00,Friday,MGEG,Late Leaving Garage,14,28,S/B,8040
2019-02-08,30,05:40:00,Friday,hpst,Late Leaving Garage,20,40,W/B,8072
2019-02-08,47,05:41:00,Friday,YRKDL,Mechanical,15,24,S/B,1022
2019-02-08,39,05:44:00,Friday,Baldoon and Finch,Late Leaving Garage,20,40,B/W,3412
2019-02-08,106,05:50:00,Friday,PVST,Late Leaving Garage,13,13,S/B,1315
2019-02-08,7,05:56:00,Friday,GRWN,Late Leaving Garage,9,18,S/B,9006
2019-02-08,90,06:03:00,Friday,St.Clair West Stn,Late Leaving Garage,7,15,N/B,8328
2019-02-08,68,06:06:00,Friday,Warden and Steeles Loop,Late Leaving Garage,5,11,S/B,8899
2019-02-08,32,06:07:00,Friday,Mount Dennis to Renforth Station,Mechanical,6,12,E/B,1006
2019-02-08,84,06:07:00,Friday,SHEP,Late Leaving Garage,10,20,W/B,3181
2019-02-08,32,06:08:00,Friday,Mount Dennis to Pine and Lawrence,Mechanical,6,12,E/B,1562
2019-02-08,41,06:08:00,Friday,PVST,Mechanical,11,23,S/B,9031
2019-02-08,939,06:10:00,Friday,McCowan and Finch,Late Leaving Garage,5,10,B/W,1310
2019-02-08,52,06:10:00,Friday,Braecrest/The WestWay,Mechanical,20,35,E/B,1369
2019-02-08,44,06:10:00,Friday,Colonel Sam Smith Loop,Late Leaving Garage,8,16,N/B,7928
2019-02-08,36,06:14:00,Friday,Finch west stn,Late Leaving Garage,17,34,S/B,3310
2019-02-08,122,06:14:00,Friday,Roywood/Underpass,Mechanical,12,12,W/B,1328
2019-02-08,82,06:15:00,Friday,Crescent Rd and Rosedale Cres,Diversion,1,1,S/B,8143
2019-02-08,25,06:16:00,Friday,Don Mills & Freshmeadow,Late Leaving Garage,6,12,E/B,8895
2019-02-08,939,06:17:00,Friday,Finch Station,Late Leaving Garage,7,14,B/W,3414
2019-02-08,117,06:20:00,Friday,Sheppard W Station,Mechanical,10,20,N/B,1218
2019-02-08,102,06:22:00,Friday,Warden stn,Mechanical,20,40,N/B,8479
2019-02-08,63,06:23:00,Friday,Eglinton W Station,Late Leaving Garage,3,6,S/B,1389
2019-02-08,43,06:25:00,Friday,Kennedy Station,Late Leaving Garage,5,10,N/B,8659
2019-02-08,122,06:26:00,Friday,Roywood /Underpass,Utilized Off Route,12,24,W/B,8163
2019-02-08,129,06:29:00,Friday,STC,Mechanical,5,15,S/B,1782
2019-02-08,944,06:30:00,Friday,Kipling Station,Late Leaving Garage,10,20,S/B,8406
2019-02-08,88,06:31:00,Friday,Wilson Ave an Transit Rd,Investigation,1,1,W/B,8152
2019-02-08,167,06:32:00,Friday,Pharmacy / Steeles Loop,Late Leaving Garage,24,48,S/B,8407
2019-02-08,115,06:39:00,Friday,Bannatyne/Silvergrove,Late Leaving Garage,20,20,W/B,8112
2019-02-08,11,06:40:00,Friday,Sunnybrook Hospital,Late Leaving Garage,16,29,S/B,8391
2019-02-08,905,06:40:00,Friday,KENN,Late Leaving Garage,10,20,E/B,8855
2019-02-08,122,06:42:00,Friday,York Mills stn,Mechanical,9,18,E/B,8341
2019-02-08,160,06:43:00,Friday,WILS,Mechanical,20,40,N/B,1364
2019-02-08,162,06:45:00,Friday,Wilson Garage,Mechanical,30,60,S/B,8335
2019-02-08,985,06:48:00,Friday,Mccowan/Sheppard,Mechanical,1,10,E/B,9094
2019-02-08,939,06:48:00,Friday,Scarborough Town Center,Mechanical,4,8,B/W,1393
2019-02-08,24,06:51:00,Friday,Victoria Park Station,Mechanical,10,20,B/W,8493
2019-02-08,941,06:55:00,Friday,KSTN,Mechanical,11,24,N/B,1069
2019-02-08,39,06:59:00,Friday,Sewells and Littles,Late Leaving Garage,10,20,B/W,1649
2019-02-08,935,07:00:00,Friday,PVST,Late Leaving Garage,8,16,S/B,3317
2019-02-08,939,07:06:00,Friday,Scarborough Town Center,Late Leaving Garage,7,14,B/W,1402
2019-02-08,41,07:18:00,Friday,KELW,Mechanical,12,23,S/B,9149
2019-02-08,939,07:18:00,Friday,McCowan and Sheppard,Mechanical,8,16,B/W,1738
2019-02-08,73,07:22:00,Friday,Royal york and Evans,Late Leaving Garage,7,14,S/B,7960
2019-02-08,5,07:24:00,Friday,Eglinton Stn,Investigation,13,26,S/B,8330
2019-02-08,53,07:24:00,Friday,FSTN,Mechanical,5,10,W/B,1609
2019-02-08,54,07:25:00,Friday,Lawrence East Station,Mechanical,9,18,W/B,8909
2019-02-08,109,07:30:00,Friday,Eglinton and Lawrence at Marlee,General Delay,180,1,B/W,
2019-02-08,941,07:40:00,Friday,FWSN,Mechanical,12,22,S/B,1423
2019-02-08,95,07:40:00,Friday,Fernside and YorkMills,Mechanical,7,14,W/B,1414
2019-02-08,89,07:50:00,Friday,KSTN,Mechanical,6,12,N/B,1348
2019-02-08,129,07:55:00,Friday,STC,Mechanical,10,15,S/B,3411
2019-02-08,34,07:55:00,Friday,Kennedy station,Mechanical,4,8,W/B,8737
2019-02-08,57,07:56:00,Friday,Midland/Eglinton,Mechanical,9,17,S/B,8921
2019-02-08,168,07:57:00,Friday,DWSTN,Investigation,5,10,N/B,1073
2019-02-08,32,08:00:00,Friday,Dufferin to Bathurst on Eglinton,General Delay,30,1,B/W,
2019-02-08,42,08:00:00,Friday,Micnicoll & Kennedy,Mechanical,12,24,E/B,1365
2019-02-08,168,08:00:00,Friday,DWSTN,General Delay,362,372,B/W,
2019-02-08,168,08:00:00,Friday,DWSTN,Investigation,6,11,N/B,1037
2019-02-08,92,08:09:00,Friday,Humbercollge terminal,Mechanical,5,10,N/B,3341
2019-02-08,16,08:12:00,Friday,St. Clair and Danforth,Mechanical,9,18,N/B,8480
2019-02-08,32,08:13:00,Friday,Renforth Station,Mechanical,6,12,E/B,1254
2019-02-08,96,08:19:00,Friday,YKMS,Mechanical,9,18,W/B,3108
2019-02-08,29,08:23:00,Friday,Princess Gates.,Mechanical,7,14,N/B,9035
2019-02-08,89,08:23:00,Friday,WRAY,Mechanical,6,12,S/B,1264
2019-02-08,939,08:27:00,Friday,Birchmount and Finch,Mechanical,10,20,B/W,1794
2019-02-08,29,08:38:00,Friday,Dufferin at Ascot,Investigation,8,16,S/B,9141
2019-02-08,75,08:40:00,Friday,South and Glen Dr,Utilized Off Route,5,9,S/B,1214
2019-02-08,186,08:42:00,Friday,HLDG,Mechanical,10,20,E/B,3312
2019-02-08,56,08:45:00,Friday,Donlands Stn,Mechanical,12,25,N/B,8388
2019-02-08,56,08:53:00,Friday,Donlands Stn,Mechanical,12,24,N/B,1384
2019-02-08,54,08:54:00,Friday,Susan and Lawrence,Investigation,9,18,W/B,8705
2019-02-08,995,09:00:00,Friday,YMBV,Mechanical,9,18,W/B,3405
2019-02-08,41,09:00:00,Friday,Keele & Eglinton,General Delay,25,1,N/B,
2019-02-08,45,09:06:00,Friday,Kipling Station,Mechanical,19,38,N/B,8045
2019-02-08,90,09:10:00,Friday,St.Clair West Stn,Mechanical,4,8,N/B,8184
2019-02-08,116,09:21:00,Friday,Staines/ Morningside,Emergency Services,5,15,E/B,8732
2019-02-08,49,09:26:00,Friday,Kipling Station,Mechanical,16,32,W/B,7910
2019-02-08,45,09:30:00,Friday,Kipling Station,Mechanical,1,1,N/B,8056
2019-02-08,47,09:32:00,Friday,SLAN,Mechanical,9,19,N/B,1149
2019-02-08,57,09:39:00,Friday,Midland/Prudential,Investigation,9,17,S/B,8626
2019-02-08,86,09:41:00,Friday,Kingston/Lawson,Investigation,10,20,E/B,8699
2019-02-08,62,09:45:00,Friday,Mortimer - GlebeMount - WoodMount,Diversion,1,1,B/W,8569
2019-02-08,73,09:55:00,Friday,Royal York station,Investigation,11,21,N/B,7906
2019-02-08,985,09:56:00,Friday,Shick Court and Progress,Investigation,11,22,W/B,9077
2019-02-08,169,10:35:00,Friday,Scarborough Town Centre Station,Mechanical,30,60,E/B,8102
2019-02-08,85,10:43:00,Friday,Sheppard and Markham,Mechanical,7,21,W/B,1678
2019-02-08,21,10:45:00,Friday,STC,Mechanical,14,28,N/B,1400
2019-02-08,76,10:53:00,Friday,Queensway and Royal York,Investigation,30,60,S/B,7953
2019-02-08,169,11:30:00,Friday,McNicol Railway Crossing,Diversion,1,1,B/W,
2019-02-08,7,11:40:00,Friday,Bathurst and Claxton,Investigation,10,19,S/B,9004
2019-02-08,122,11:44:00,Friday,York Mills /Leslie,Mechanical,17,34,E/B,8163
2019-02-08,63,11:45:00,Friday,Eglinton W Station,Mechanical,8,16,S/B,8205
2019-02-08,24,12:15:00,Friday,Sheppard / Victoria Park,Investigation,10,20,S/B,8441
2019-02-08,35,12:21:00,Friday,PVST,Mechanical,9,18,S/B,3291
2019-02-08,90,13:00:00,Friday,St Clair W Station,Utilized Off Route,8,16,N/B,8389
2019-02-08,33,13:00:00,Friday,St Clair W Station,Mechanical,30,60,N/B,8357
2019-02-08,43,13:15:00,Friday,Sheppard and Kennedy,Investigation,10,20,S/B,8729
2019-02-08,939,13:16:00,Friday,McCowan/Sheppard,Investigation,9,17,N/B,1701
2019-02-08,39,13:30:00,Friday,FSTN,Investigation,12,18,E/B,1298
2019-02-08,112,13:37:00,Friday,Kipling Station,Mechanical,20,40,N/B,8071
2019-02-08,902,13:58:00,Friday,warden Station,Mechanical,10,20,S/B,8579
2019-02-08,186,14:29:00,Friday,Keele and Wilson,Mechanical,11,22,W/B,3215
2019-02-08,78,14:30:00,Friday,York Mills stn,Mechanical,30,60,E/B,8394
2019-02-08,121,14:30:00,Friday,Front and Bay,General Delay,20,1,B/W,
2019-02-08,42,14:42:00,Friday,BVCU,Late Leaving Garage,13,26,W/B,8107
2019-02-08,924,14:45:00,Friday,STLV,Late Leaving Garage,9,18,N/B,8485
2019-02-08,34,14:46:00,Friday,Eglinton & Mt. Pleasant,Late Leaving Garage,7,8,W/B,8639
2019-02-08,11,14:52:00,Friday,Davisville station,Mechanical,14,28,N/B,8307
2019-02-08,97,14:54:00,Friday,Gould and Yonge,Diversion,40,70,N/B,
2019-02-08,35,14:54:00,Friday,Jane and Wilson,Investigation,4,8,N/B,3315
2019-02-08,7,14:55:00,Friday,Wilson ave,Mechanical,9,18,N/B,9013
2019-02-08,6,14:56:00,Friday,Devenport @ Dupont,Mechanical,4,8,S/B,1043
2019-02-08,925,14:59:00,Friday,Pape Station,Late Leaving Garage,8,16,N/B,8748
2019-02-08,902,15:00:00,Friday,shappard /markham,General Delay,10,20,N/B,
2019-02-08,36,15:00:00,Friday,Finch and Jayzell,Mechanical,6,12,W/B,9115
2019-02-08,91,15:00:00,Friday,Woodbine and Oconnor,General Delay,20,1,B/W,
2019-02-08,134,15:00:00,Friday,PRSH,Mechanical,15,30,E/B,1565
2019-02-08,102,15:00:00,Friday,markhan and shappard,General Delay,10,20,,
2019-02-08,34,15:05:00,Friday,Eglinton station,Late Leaving Garage,11,22,E/B,8923
2019-02-08,96,15:06:00,Friday,Wilson Heights,Mechanical,22,44,E/B,3196
2019-02-08,953,15:12:00,Friday,PAMK,Mechanical,15,30,W/B,9078
2019-02-08,9,15:13:00,Friday,McCowan and Consilium Place,Mechanical,19,38,S/B,8411
2019-02-08,116,15:15:00,Friday,Eglinton Ave at Brimley,Mechanical,25,50,E/B,8868
2019-02-08,116,15:15:00,Friday,Eglinton and Brimley,Utilized Off Route,5,10,E/B,8900
2019-02-08,88,15:20:00,Friday,SSTN,Mechanical,12,24,E/B,8173
2019-02-08,985,15:22:00,Friday,DONS,Mechanical,9,18,E/B,9068
2019-02-08,165,15:23:00,Friday,Old Weston and Steeles,Mechanical,8,16,E/B,3220
2019-02-08,31,15:25:00,Friday,Dorothy and Greenwood,Mechanical,10,20,N/B,8458
2019-02-08,46,15:25:00,Friday,Steeles Loop at Martin Grove,Mechanical,11,22,S/B,3122
2019-02-08,129,15:29:00,Friday,STC,Mechanical,9,18,N/B,1500
2019-02-08,90,15:30:00,Friday,Vaughan road route,General Delay,15,10,B/W,
2019-02-08,68,15:30:00,Friday,Warden and Ellesmere,Mechanical,16,21,N/B,8871
2019-02-08,75,15:30:00,Friday,Sherbourne route,General Delay,20,20,B/W,
2019-02-08,109,15:30:00,Friday,Rainee route,General Delay,20,20,B/W,
2019-02-08,11,15:33:00,Friday,Sunnybrook Hospital,Mechanical,7,14,S/B,8388
2019-02-08,129,15:42:00,Friday,McCowan and Steeles,Mechanical,8,13,S/B,1828
2019-02-08,112,15:54:00,Friday,Renforth Station,Mechanical,16,32,S/B,7942
2019-02-08,116,15:54:00,Friday,Morningside and Ellesmere,Utilized Off Route,6,11,S/B,8852
2019-02-08,80,15:57:00,Friday,Queensway and North Queen,Mechanical,28,56,W/B,8032
2019-02-08,30,16:00:00,Friday,30 Lamton route,General Delay,20,60,B/W,8608
2019-02-08,41,16:00:00,Friday,Entire Route,General Delay,20,30,B/W,
2019-02-08,145,16:00:00,Friday,Entire Downtown Humber Bay Exp Route,General Delay,30,60,B/W,7934
2019-02-08,24,16:00:00,Friday,24 Victoria Park Ave,General Delay,15,1,B/W,
2019-02-08,12,16:00:00,Friday,12 Kingston Road,General Delay,10,1,B/W,
2019-02-08,29,16:04:00,Friday,Dufferin and Eglinton,Investigation,8,16,N/B,9102
2019-02-08,143,16:04:00,Friday,John and Richmond,Investigation,25,50,W/B,8595
2019-02-08,41,16:06:00,Friday,Annette and Keele,Mechanical,1,1,N/B,9049
2019-02-08,168,16:15:00,Friday,Symington Route,General Delay,20,27,B/W,
2019-02-08,65,16:19:00,Friday,BKFR,Utilized Off Route,11,22,N/B,8410
2019-02-08,86,16:24:00,Friday,Kingston Road and morning side,Investigation,16,32,E/B,8699
2019-02-08,63,16:25:00,Friday,Eglinton west station to King Street,General Delay,1,1,B/W,
2019-02-08,79,16:30:00,Friday,Entire route,General Delay,8,14,B/W,
2019-02-08,186,16:30:00,Friday,York Mills Station to Humber College,General Delay,25,36,B/W,
2019-02-08,36,16:33:00,Friday,Finch Station,Mechanical,6,11,W/B,3356
2019-02-08,122,16:33:00,Friday,Yorkmills Stn,Mechanical,12,23,,8345
2019-02-08,96,16:40:00,Friday,York Mills Station to all branches,General Delay,41,63,B/W,
2019-02-08,63,16:40:00,Friday,Shaw and ossington,Mechanical,8,16,S/B,1370
2019-02-08,939,16:44:00,Friday,FWSTN,Mechanical,12,24,W/B,1799
2019-02-08,59,16:47:00,Friday,CHJA,Mechanical,28,56,E/B,3198
2019-02-08,935,16:48:00,Friday,Beverly Hills Drive,Diversion,10,56,N/B,
2019-02-08,35,16:48:00,Friday,Beverly Hills,Diversion,10,56,N/B,3222
2019-02-08,134,16:48:00,Friday,STC,Mechanical,5,10,E/B,9076
2019-02-08,54,16:49:00,Friday,Lawrence and Port Union,Investigation,10,20,,8853
2019-02-08,165,17:00:00,Friday,York Mills Station to Barmac and Steeles,General Delay,33,41,B/W,
2019-02-08,37,17:00:00,Friday,Rexdale to Humber loop,General Delay,1,1,S/B,
2019-02-08,89,17:00:00,Friday,Entire Route,General Delay,20,30,B/W,
2019-02-08,39,17:07:00,Friday,OFIN,Late Leaving Garage,14,28,W/B,1658
2019-02-08,32,17:15:00,Friday,Jane and Emmett,Utilized Off Route,8,16,E/B,1060
2019-02-08,57,17:19:00,Friday,Kennedy STN,Mechanical,8,16,N/B,8633
2019-02-08,902,17:56:00,Friday,st clair and birchmount,Investigation,9,10,S/B,8488
2019-02-08,954,18:20:00,Friday,Starspray loop,Mechanical,11,22,W/B,8873
2019-02-08,112,18:28:00,Friday,West mall at Hoilday dr,Mechanical,10,20,S/B,7965
2019-02-08,41,18:39:00,Friday,Annette and Keele,Investigation,12,23,S/B,9046
2019-02-08,45,18:40:00,Friday,Kipling stn,Utilized Off Route,9,18,N/B,7919
2019-02-08,900,18:40:00,Friday,Kipling stn,Utilized Off Route,9,18,N/B,8010
2019-02-08,900,18:50:00,Friday,Kipling Stn,Late Leaving Garage,9,18,N/B,8010
2019-02-08,929,18:53:00,Friday,Dufferin and Ranee,Investigation,10,20,N/B,9050
2019-02-08,79,19:04:00,Friday,Jane and Wolner,Mechanical,9,18,N/B,1149
2019-02-08,79,19:05:00,Friday,Runneymede and st.clair,Mechanical,14,28,N/B,1149
2019-02-08,111,19:12:00,Friday,Eastmall and Burnhampthorpe,Investigation,14,28,N/B,8083
2019-02-08,68,19:15:00,Friday,Warden and Ellesmere,Mechanical,20,40,N/B,8792
2019-02-08,35,19:15:00,Friday,Sheppard,Emergency Services,10,20,N/B,3220
2019-02-08,160,19:43:00,Friday,Bathurst and Shepard,Mechanical,24,48,N/B,8176
2019-02-08,66,19:59:00,Friday,Marine Parade.Lakeshore Blvd,Investigation,20,40,N/B,7961
2019-02-08,130,20:30:00,Friday,Scarborough Town Centre,Mechanical,22,44,N/B,1607
2019-02-08,133,20:38:00,Friday,Neilson and Sheppard,Mechanical,9,18,N/B,1636
2019-02-08,89,20:40:00,Friday,Oak and Weston,Diversion,20,29,N/B,
2019-02-08,73,20:50:00,Friday,Weston/Oak  St,Diversion,20,30,N/B,7966
2019-02-08,63,21:10:00,Friday,St.Clair and oakwood,Mechanical,10,20,S/B,8166
2019-02-08,26,21:42:00,Friday,Jane Station,Mechanical,30,60,E/B,1100
2019-02-08,66,22:00:00,Friday,Lakeshore and Parklawn,General Delay,1,1,N/B,
2019-02-08,165,22:02:00,Friday,Finch and Weston,Mechanical,10,20,N/B,3152
2019-02-08,95,22:36:00,Friday,Kennedy and Ellesmere Rd,Mechanical,14,14,W/B,1792
2019-02-08,98,23:30:00,Friday,Steeles & Yonge,Mechanical,30,60,S/B,8371
2019-02-09,87,00:05:00,Saturday,MSTN,Utilized Off Route,10,20,W/B,9214
2019-02-09,83,00:25:00,Saturday,DONS,Mechanical,15,30,S/B,8936
2019-02-09,83,00:45:00,Saturday,DONS,Mechanical,15,30,S/B,9237
2019-02-09,24,01:19:00,Saturday,O'Connor and Victoria Park,Emergency Services,20,40,S/B,8931
2019-02-09,87,01:20:00,Saturday,BRST,Utilized Off Route,10,1,E/B,9214
2019-02-09,41,01:30:00,Saturday,KSTN,Mechanical,30,50,N/B,9101
2019-02-09,23,01:45:00,Saturday,VPST,Utilized Off Route,1,1,N/B,8567
2019-02-09,36,01:50:00,Saturday,Finch and Wilmington,Emergency Services,10,20,EB,3127
2019-02-09,320,02:08:00,Saturday,Yonge and Finch,Mechanical,4,7,NB,8197
2019-02-09,329,02:19:00,Saturday,Dufferin and Liberty,Diversion,184,214,BW,9024
2019-02-09,320,02:25:00,Saturday,Yonge and St. Clair,Mechanical,5,8,NB,8344
2019-02-09,52,02:40:00,Saturday,Wilson and Dufferin,Utilized Off Route,1,1,EB,8354
2019-02-09,320,02:56:00,Saturday,Yonge and Queens Quay,Mechanical,4,7,NB,1033
2019-02-09,320,03:48:00,Saturday,Yonge and Finch,Mechanical,4,7,NB,8155
2019-02-09,29,04:20:00,Saturday,Dufferin and Temple,Diversion,43,53,B/W,
2019-02-09,113,05:05:00,Saturday,Main Station,Late Leaving Garage,30,60,E/B,8473
2019-02-09,29,05:11:00,Saturday,Dufferin and Lawrence,Late Leaving Garage,10,20,N/B,9141
2019-02-09,96,05:16:00,Saturday,WILS,Late Leaving Garage,18,30,W/B,3236
2019-02-09,86,05:31:00,Saturday,Eglinton Yard,Late Leaving Garage,1,1,S/B,8712
2019-02-09,161,05:38:00,Saturday,OSTN,Late Leaving Garage,8,22,N/B,1021
2019-02-09,16,05:45:00,Saturday,Warden Station,Late Leaving Garage,11,22,N/B,8407
2019-02-09,25,05:50:00,Saturday,Pape Station,Late Leaving Garage,20,30,N/B,8643
2019-02-09,161,05:52:00,Saturday,OSTN,Late Leaving Garage,14,27,N/B,1137
2019-02-09,45,05:58:00,Saturday,queensway garage,Mechanical,10,20,N/B,
2019-02-09,28,06:00:00,Saturday,Davisville stn,Mechanical,30,60,S/B,8114
2019-02-09,37,06:04:00,Saturday,humberwood loop,Mechanical,30,52,N/B,8434
2019-02-09,94,06:08:00,Saturday,OSTN,Late Leaving Garage,18,18,E/B,1086
2019-02-09,46,06:10:00,Saturday,Steeles Loop and Martingrove,Late Leaving Garage,20,35,S/B,3299
2019-02-09,707,06:13:00,Saturday,STC,Utilized Off Route,1,1,W/B,1513
2019-02-09,47,06:14:00,Saturday,YRKDL,Late Leaving Garage,18,36,S/B,1129
2019-02-09,43,06:16:00,Saturday,Kennedy Station,Utilized Off Route,10,20,S/B,8676
2019-02-09,43,06:17:00,Saturday,Passmore and Kennedy,Late Leaving Garage,10,20,S/B,8676
2019-02-09,706,06:17:00,Saturday,Line 2 - SRT,Utilized Off Route,1,1,B/W,8522
2019-02-09,16,06:17:00,Saturday,Line 2 - SRT,Utilized Off Route,15,30,S/B,9239
2019-02-09,95,06:21:00,Saturday,Scarborough U of T Loop,Late Leaving Garage,14,28,B/W,1565
2019-02-09,710,06:21:00,Saturday,Eglinton garage,Utilized Off Route,1,1,N/B,8740
2019-02-09,32,06:29:00,Saturday,EWSTN,Mechanical,10,20,W/B,1358
2019-02-09,85,06:30:00,Saturday,Meadowvale and Sheppard,Utilized Off Route,1,1,B/W,1818
2019-02-09,39,06:30:00,Saturday,SELI,Late Leaving Garage,14,28,W/B,1662
2019-02-09,32,06:33:00,Saturday,REGW,Mechanical,10,20,E/B,1287
2019-02-09,32,06:35:00,Saturday,Keele and Eglinton,Mechanical,10,20,E/B,1422
2019-02-09,100,06:43:00,Saturday,O'Connor & Glenwood,Mechanical,9,18,W/B,8856
2019-02-09,106,07:40:00,Saturday,Sheppard West Station,Mechanical,11,22,E/B,1383
2019-02-09,95,08:15:00,Saturday,Scarborough U of T Loop,Mechanical,14,28,B/W,1568
2019-02-09,133,08:24:00,Saturday,Scarborough Town Center,Emergency Services,12,24,B/W,1666
2019-02-09,84,08:43:00,Saturday,Sheppard Station,Mechanical,10,20,W/B,3220
2019-02-09,113,08:54:00,Saturday,Main Station,Late Leaving Garage,16,32,E/B,8457
2019-02-09,22,08:59:00,Saturday,Coxwell Station,Late Leaving Garage,9,18,S/B,8491
2019-02-09,36,09:16:00,Saturday,ARGA,Late Leaving Garage,7,14,E/B,3113
2019-02-09,24,09:30:00,Saturday,Steeles / Victoria Park,Late Leaving Garage,9,18,S/B,8404
2019-02-09,63,09:45:00,Saturday,Ossington/College,Mechanical,6,12,S/B,8360
2019-02-09,126,10:00:00,Saturday,St. Clair and Christie,General Delay,240,260,B/W,
2019-02-09,54,10:09:00,Saturday,Starspray Loop,Late Leaving Garage,16,33,W/B,8802
2019-02-09,115,10:10:00,Saturday,York Mills stn,Mechanical,30,60,E/B,8303
2019-02-09,96,10:30:00,Saturday,York Mills Station to all branches,General Delay,35,45,B/W,
2019-02-09,165,10:30:00,Saturday,York Mills Station to Barmac and Steeles,General Delay,24,34,B/W,
2019-02-09,53,10:32:00,Saturday,Passmore and Markham,Mechanical,8,16,B/W,1540
2019-02-09,63,10:40:00,Saturday,Oakwood/St. Clair,Mechanical,5,11,S/B,8165
2019-02-09,97,11:00:00,Saturday,Entire Yonge St Route,General Delay,20,20,B/W,8185
2019-02-09,29,11:08:00,Saturday,BLDF,Mechanical,5,11,S/B,9041
2019-02-09,40,11:32:00,Saturday,Dundas West Station,Investigation,13,24,E/B,7959
2019-02-09,75,11:37:00,Saturday,Sherbourne and Bloor,Investigation,10,20,N/B,8152
2019-02-09,29,11:40:00,Saturday,WILS,Mechanical,5,10,S/B,9147
2019-02-09,129,11:59:00,Saturday,SLMC,Mechanical,13,20,S/B,1803
2019-02-09,121,12:00:00,Saturday,FORT YORK/SPADINA,General Delay,10,,E/B,
2019-02-09,93,12:00:00,Saturday,PARKVIEW HILLS ROUTE,General Delay,10,0,B/W,8592
2019-02-09,129,12:03:00,Saturday,SLMC,Late Leaving Garage,3,15,S/B,1739
2019-02-09,12,12:07:00,Saturday,Kingston / Victoria Park,Investigation,30,60,S/B,8525
2019-02-09,108,12:11:00,Saturday,PVST,Mechanical,16,36,E/B,3322
2019-02-09,60,12:31:00,Saturday,Finch Station,Late Leaving Garage,10,19,W/B,332
2019-02-09,60,12:38:00,Saturday,Signal Hill and Steeles,Late Leaving Garage,10,20,E/B,3329
2019-02-09,41,12:39:00,Saturday,Mount Dennis to Pioneer Village Station,Late Leaving Garage,9,18,N/B,1503
2019-02-09,29,12:42:00,Saturday,DLAW,Mechanical,4,7,N/B,9150
2019-02-09,63,13:00:00,Saturday,Entire Ossington Route,General Delay,15,30,B/W,8335
2019-02-09,5,13:00:00,Saturday,Entire Avenue Road South,General Delay,20,40,B/W,1221
2019-02-09,17,13:52:00,Saturday,Foxridge and Birchmount,Investigation,15,30,S/B,8938
2019-02-09,29,14:14:00,Saturday,Dufferin & Auburn,Mechanical,13,29,S/B,9142
2019-02-09,134,14:22:00,Saturday,Lapsley on Sheppard,Investigation,15,30,N/B,1725
2019-02-09,935,14:25:00,Saturday,Bloor and Jane,Investigation,9,18,W/B,3222
2019-02-09,60,14:35:00,Saturday,Steeles and Keele,Utilized Off Route,4,9,W/B,3207
2019-02-09,161,14:50:00,Saturday,Bloor and Ossington,Diversion,30,45,S/B,1110
2019-02-09,108,15:01:00,Saturday,PVST,Mechanical,16,32,E/B,3191
2019-02-09,6,15:03:00,Saturday,Bay & St Joseph,Investigation,14,28,N/B,1019
2019-02-09,131,15:04:00,Saturday,Sewells/ Brenyon way,Mechanical,14,28,W/B,1766
2019-02-09,110,15:53:00,Saturday,ISTN,Mechanical,18,36,N/B,7931
2019-02-09,15,15:59:00,Saturday,Evans and Treeview,Investigation,30,60,E/B,7933
2019-02-09,48,16:20:00,Saturday,Royal York and Government,Investigation,30,60,N/B,7933
2019-02-09,25,16:33:00,Saturday,St. Dennis/Don Mills,Investigation,8,17,N/B,8769
2019-02-09,720,16:36:00,Saturday,Kennedy station,Utilized Off Route,1,1,W/B,8813
2019-02-09,716,16:37:00,Saturday,VPST,Utilized Off Route,1,1,B/W,8585
2019-02-09,24,16:43:00,Saturday,Eglintion and Victoria park,Investigation,7,14,N/B,9209
2019-02-09,22,16:43:00,Saturday,Bingham Loop,Utilized Off Route,8,16,B/W,8410
2019-02-09,720,16:45:00,Saturday,CSTN,Utilized Off Route,1,1,S/B,8709
2019-02-09,130,17:15:00,Saturday,STC,Mechanical,30,60,N/B,1652
2019-02-09,73,17:22:00,Saturday,CPAL,Mechanical,10,20,W/B,7941
2019-02-09,41,17:22:00,Saturday,Keele and Rogers,Investigation,8,16,N/B,1075
2019-02-09,161,17:34:00,Saturday,Caledonia and Rogers,Mechanical,15,30,E/B,1062
2019-02-09,29,17:55:00,Saturday,Bentworth and Dufferin,Mechanical,4,7,S/B,9031
2019-02-09,102,18:10:00,Saturday,Eglinton Ave,Mechanical,10,20,N/B,8468
2019-02-09,29,18:16:00,Saturday,Queen and Dufferin,Investigation,5,8,N/B,9024
2019-02-09,30,18:30:00,Saturday,"On Dundas, at Mabelle",Diversion,412,442,B/W,
2019-02-09,1,19:00:00,Saturday,Davisville,General Delay,20,20,B/W,
2019-02-09,35,19:09:00,Saturday,Stanley,Emergency Services,8,15,S/B,3202
2019-02-09,22,19:20:00,Saturday,Coxwell Station,Investigation,10,20,N/B,8575
2019-02-09,112,19:21:00,Saturday,Kipling Station,Mechanical,20,40,N/B,7972
2019-02-09,6,19:25:00,Saturday,Dundas and Bay,Mechanical,14,28,N/B,1555
2019-02-09,85,20:08:00,Saturday,Meadowvale and Sheppard,Investigation,20,40,W/B,1723
2019-02-09,985,20:09:00,Saturday,DONS,Mechanical,12,24,E/B,9092
2019-02-09,121,20:19:00,Saturday,cherry / front,Mechanical,20,40,N/B,8526
2019-02-09,14,20:30:00,Saturday,Entire Route,General Delay,15,35,B/W,
2019-02-09,34,20:35:00,Saturday,KENN,Mechanical,10,20,WB,8757
2019-02-09,35,20:58:00,Saturday,Jane and Lawrence,Mechanical,10,20,SB,3243
2019-02-09,89,21:20:00,Saturday,KSTN,Mechanical,10,20,N/B,1325
2019-02-09,102,21:20:00,Saturday,warden station,Mechanical,10,20,N/B,8487
2019-02-09,89,21:20:00,Saturday,Keele stn,Mechanical,10,20,N/B,1325
2019-02-09,52,21:21:00,Saturday,Lawrence W Stn,Mechanical,10,20,W/B,8170
2019-02-09,54,21:43:00,Saturday,McCowan and Lawrence,Mechanical,19,36,E/B,8645
2019-02-09,39,22:53:00,Saturday,Finch/Longmore,Mechanical,8,16,W/B,1715
2019-02-09,807,23:16:00,Saturday,Lawrence,Mechanical,0,0,B/W,9238
2019-02-10,116,00:00:00,Sunday,Morningside between Milner & Military Trail,Diversion,1,1,B/W,
2019-02-10,80,00:20:00,Sunday,"On Parkside Drive, at Geoffrey",Diversion,98,128,B/W,
2019-02-10,89,00:40:00,Sunday,KSTN,Utilized Off Route,10,20,N/B,1103
2019-02-10,80,00:43:00,Sunday,"On High Park Blvd., at Sunnyside",Investigation,30,60,W/B,7932
2019-02-10,129,01:20:00,Sunday,STC,Mechanical,20,40,N/B,1585
2019-02-10,312,02:10:00,Sunday,Dundas West Station,Mechanical,30,60,WB,1070
2019-02-10,89,02:47:00,Sunday,Eglinton and Weston,Diversion,27,27,SB,1013
2019-02-10,41,02:57:00,Sunday,1050 Weston Rd,Utilized Off Route,1,1,N/B,1075
2019-02-10,116,03:29:00,Sunday,175 Alexmuir Blvd,Utilized Off Route,1,1,,8638
2019-02-10,320,03:44:00,Sunday,QQYU,Utilized Off Route,1,1,N/B,1318
2019-02-10,24,05:38:00,Sunday,BRGA,Mechanical,12,24,N/B,8412
2019-02-10,47,05:50:00,Sunday,Earslcourt loop,Late Leaving Garage,20,40,S/B,1266
2019-02-10,161,05:50:00,Sunday,Oss Stn,Late Leaving Garage,20,20,W/B,1356
2019-02-10,300,06:00:00,Sunday,DDAN,Late Leaving Garage,12,32,W/B,8731
2019-02-10,102,06:49:00,Sunday,BRGA,Mechanical,60,120,N/B,8427
2019-02-10,300,07:02:00,Sunday,T3,Late Leaving Garage,8,8,E/B,8645
2019-02-10,53,07:19:00,Sunday,FSTN,Late Leaving Garage,18,18,E/B,1763
2019-02-10,21,07:21:00,Sunday,BMST,Late Leaving Garage,22,22,S/B,1641
2019-02-10,54,07:23:00,Sunday,Starspray Loop,Utilized Off Route,1,1,W/B,8691
2019-02-10,12,07:44:00,Sunday,Victoria Park Station,Late Leaving Garage,30,60,E/B,8422
2019-02-10,38,07:44:00,Sunday,BMST,Late Leaving Garage,14,36,S/B,1391
2019-02-10,104,07:48:00,Sunday,wilson garage,Late Leaving Garage,15,30,N/B,1321
2019-02-10,939,07:51:00,Sunday,STC,Late Leaving Garage,8,16,W/B,1645
2019-02-10,54,07:53:00,Sunday,Starspray Loop,Utilized Off Route,20,37,W/B,8793
2019-02-10,47,07:55:00,Sunday,YRKDL,Mechanical,20,40,S/B,1052
2019-02-10,985,07:57:00,Sunday,DONS,Late Leaving Garage,15,15,E/B,9083
2019-02-10,98,07:58:00,Sunday,Goulding / Cactus,Late Leaving Garage,0,60,N/B,8304
2019-02-10,704,08:00:00,Sunday,Pioneer Village,Utilized Off Route,1,1,,3302
2019-02-10,939,08:05:00,Sunday,Finch and Brimley,Utilized Off Route,8,16,W/B,1645
2019-02-10,939,08:05:00,Sunday,Finch West Stn,Late Leaving Garage,16,32,E/B,1682
2019-02-10,707,08:08:00,Sunday,STC,Utilized Off Route,1,1,W/B,1810
2019-02-10,95,08:08:00,Sunday,YKMS,Utilized Off Route,20,40,E/B,1339
2019-02-10,704,08:10:00,Sunday,Finch Stn,Utilized Off Route,1,1,,3319
2019-02-10,706,08:13:00,Sunday,Line 4 Shuttle,Utilized Off Route,1,1,B/W,8579
2019-02-10,54,08:15:00,Sunday,Lawrence & Morningside,Emergency Services,20,37,W/B,8793
2019-02-10,160,08:18:00,Sunday,Wilson stn,Late Leaving Garage,36,1,N/B,1233
2019-02-10,25,08:25:00,Sunday,Don Mills Station,Utilized Off Route,10,19,S/B,8667
2019-02-10,52,08:30:00,Sunday,lawrence / Weston,Mechanical,15,30,W/B,1246
2019-02-10,52,08:30:00,Sunday,Lawrence west stn,Utilized Off Route,12,24,W/B,1340
2019-02-10,51,08:32:00,Sunday,Eglinton / leslie,Mechanical,19,38,N/B,8389
2019-02-10,52,08:34:00,Sunday,wilson garage,Late Leaving Garage,15,30,N/B,1246
2019-02-10,52,08:34:00,Sunday,weston rd,Mechanical,15,30,W/B,1246
2019-02-10,935,08:37:00,Sunday,Jane Station,Late Leaving Garage,9,18,N/B,3177
2019-02-10,75,08:37:00,Sunday,wellesley,Mechanical,20,40,N/B,8347
2019-02-10,52,08:45:00,Sunday,Lawrence stn,Utilized Off Route,20,40,W/B,1334
2019-02-10,52,08:53:00,Sunday,wilson garage,Late Leaving Garage,10,20,N/B,1278
2019-02-10,54,09:16:00,Sunday,Eglinton Station,Mechanical,16,32,E/B,8854
2019-02-10,704,09:17:00,Sunday,ARGA,Utilized Off Route,1,1,W/B,3217
2019-02-10,710,09:20:00,Sunday,Eglinton Station,Utilized Off Route,1,1,E/B,8652
2019-02-10,116,09:27:00,Sunday,Stains and Morningside,Utilized Off Route,8,15,S/B,8885
2019-02-10,25,09:34:00,Sunday,Freshmeadow & Don Mills,Mechanical,9,18,W/B,8773
2019-02-10,96,10:00:00,Sunday,96 Wilson Route,General Delay,8,25,B/W,
2019-02-10,165,10:00:00,Sunday,165 Weston Road Route,General Delay,12,32,B/W,
2019-02-10,63,10:00:00,Sunday,queen / eglinton wstn,General Delay,6,14,B/W,
2019-02-10,35,10:00:00,Sunday,Route 35,General Delay,10,20,B/W,
2019-02-10,97,10:00:00,Sunday,davisville stn / steeles,General Delay,7,14,B/W,
2019-02-10,39,10:01:00,Sunday,McCowan and Finch,Investigation,15,32,E/B,1664
2019-02-10,63,10:04:00,Sunday,queen,Utilized Off Route,8,16,S/B,8170
2019-02-10,73,10:05:00,Sunday,Royal york stn,Mechanical,10,20,S/B,7906
2019-02-10,85,10:24:00,Sunday,Don Mills Stn,Mechanical,20,40,W/B,1802
2019-02-10,97,10:24:00,Sunday,sheppard ave,Utilized Off Route,30,60,S/B,8108
2019-02-10,30,10:43:00,Sunday,"On Dundas, at Islington",Diversion,164,194,E/B,7917
2019-02-10,73,10:55:00,Sunday,Royal York at Bloor,Mechanical,10,20,S/B,8037
2019-02-10,53,10:59:00,Sunday,Steeles/Yonge,Mechanical,27,54,W/B,1337
2019-02-10,89,11:00:00,Sunday,Lawrence & Weston,Diversion,480,490,B/W,1202
2019-02-10,84,11:00:00,Sunday,Route 84,General Delay,13,23,B/W,
2019-02-10,29,11:10:00,Sunday,Eversfiled and Dufferin,Mechanical,7,13,S/B,9031
2019-02-10,57,11:38:00,Sunday,2466 Eglinton Ave East,Investigation,17,35,W/B,8781
2019-02-10,66,11:44:00,Sunday,Lakeshore and Marine Parade,Mechanical,20,40,N/B,7963
2019-02-10,134,12:03:00,Sunday,STC,Late Leaving Garage,15,30,N/B,1720
2019-02-10,985,12:16:00,Sunday,STC,Late Leaving Garage,11,23,W/B,9059
2019-02-10,89,12:30:00,Sunday,Keele Station,Investigation,10,20,N/B,1049
2019-02-10,133,12:37:00,Sunday,Sewels and Neilson,Mechanical,10,20,N/B,1793
2019-02-10,33,12:51:00,Sunday,heath,Mechanical,30,60,N/B,8163
2019-02-10,90,12:53:00,Sunday,st clair wstn,Utilized Off Route,8,16,N/B,8117
2019-02-10,90,13:00:00,Sunday,St . Clair West stn,Utilized Off Route,8,16,W/B,8139
2019-02-10,29,13:20:00,Sunday,DLAW,Late Leaving Garage,6,13,N/B,9027
2019-02-10,67,13:30:00,Sunday,Rannock and Pharmacy,Diversion,94,104,S/B,8926
2019-02-10,100,13:45:00,Sunday,Pape and O'Connor,Investigation,117,127,S/B,8922
2019-02-10,8,13:50:00,Sunday,Don Mills / O'Connor,Investigation,30,60,E/B,8488
2019-02-10,87,14:00:00,Sunday,Broadview Station,Utilized Off Route,10,20,E/B,8581
2019-02-10,7,14:53:00,Sunday,Bathurst and Wilson,Mechanical,7,14,s/b,8214
2019-02-10,50,15:04:00,Sunday,Mill Rd Loop,Investigation,17,34,E/B,8615
2019-02-10,985,15:04:00,Sunday,STC,Mechanical,12,24,W/B,9080
2019-02-10,102,15:06:00,Sunday,Major Mackenzie / Markham Rd.,Investigation,60,120,S/B,8476
2019-02-10,40,16:32:00,Sunday,Dundas at keele st,Investigation,10,20,W/B,8065
2019-02-10,32,16:44:00,Sunday,Hilltop and Eglinton,Investigation,1,1,W/B,1093
2019-02-10,53,17:15:00,Sunday,Markham/Steeles,Mechanical,24,48,W/B,1632
2019-02-10,86,18:24:00,Sunday,KENN,Mechanical,16,32,E/B,8877
2019-02-10,95,18:37:00,Sunday,Bayview on Yorkmills,Investigation,17,34,W/B,1795
2019-02-10,108,19:22:00,Sunday,Driftwood & Stong,Investigation,15,25,N/B,3314
2019-02-10,52,19:52:00,Sunday,Lawrence W stn,Mechanical,20,40,W/B,8321
2019-02-10,97,20:12:00,Sunday,Ykms,Mechanical,30,60,S/B,8163
2019-02-10,600,20:55:00,Sunday,Lawrence and Yonge,Investigation,1,1,N/B,3310
2019-02-10,95,21:23:00,Sunday,Morningside on Ellesmere,Investigation,10,20,W/B,1393
2019-02-10,85,22:13:00,Sunday,Malvern Street on Sheppard,Mechanical,20,40,W/B,1577
2019-02-10,60,22:28:00,Sunday,Finch Station,Utilized Off Route,18,36,W/B,3149
2019-02-10,34,22:45:00,Sunday,Eglinton and Ionview,Emergency Services,10,20,E/B,8821
2019-02-10,60,22:56:00,Sunday,Finch Station,Utilized Off Route,18,36,W/B,3142
2019-02-10,900,23:04:00,Sunday,Kipling Station,Utilized Off Route,9,17,N/B,8005
2019-02-10,86,23:15:00,Sunday,KENN,Investigation,9,19,EB,8683
2019-02-10,47,23:39:00,Sunday,EARL,Mechanical,20,40,S/B,1108
2019-02-11,95,00:38:00,Monday,Fernside and York Mills,Mechanical,10,20,E/B,1596
2019-02-11,83,00:48:00,Monday,DONLANDS STATION,Mechanical,15,30,S/B,8487
2019-02-11,336,03:39:00,Monday,Humber College,Mechanical,30,60,W/B,1726
2019-02-11,341,03:44:00,Monday,Ingram and Keele,Diversion,30,146,N/B,1019
2019-02-11,300,04:25:00,Monday,Pape stn,Mechanical,10,20,W/B,7921
2019-02-11,87,04:48:00,Monday,BRGA,Mechanical,5,10,B/W,9207
2019-02-11,116,04:50:00,Monday,Eglinton Yard,Late Leaving Garage,1,1,O/B,8909
2019-02-11,85,04:50:00,Monday,Neilson Rd-Sheppard Av,Mechanical,15,30,W/B,1589
2019-02-11,39,05:00:00,Monday,39 Finch Route-All Branch,General Delay,10,24,B/W,3425
2019-02-11,939,05:00:00,Monday,939 Finch Express-All Branch,General Delay,10,18,B/W,1393
2019-02-11,65,05:12:00,Monday,BRGA,Late Leaving Garage,13,26,B/W,8402
2019-02-11,953,05:17:00,Monday,Moring Side and Ficnh,Late Leaving Garage,14,27,E/B,9099
2019-02-11,30,05:20:00,Monday,High Park Station,Late Leaving Garage,,20,EW,8072
2019-02-11,76,05:24:00,Monday,Royal York Station,Late Leaving Garage,,8,S/B,8039
2019-02-11,118,05:30:00,Monday,WILS,Late Leaving Garage,1,20,W/B,3207
2019-02-11,17,05:34:00,Monday,BRGA,Mechanical,7,14,B/W,8558
2019-02-11,60,05:36:00,Monday,Finch Stn,Late Leaving Garage,7,14,,3193
2019-02-11,63,05:36:00,Monday,wilson garage,Late Leaving Garage,13,26,S/B,8182
2019-02-11,165,05:37:00,Monday,FWES,Late Leaving Garage,1,12,W/B,3290
2019-02-11,954,05:39:00,Monday,Starspray Loop,Late Leaving Garage,1,1,W/B,8873
2019-02-11,26,05:40:00,Monday,St.George Stn,Mechanical,20,20,W/B,1045
2019-02-11,7,05:42:00,Monday,wilson garage,Late Leaving Garage,9,18,S/B,9009
2019-02-11,32,05:45:00,Monday,PINE,Late Leaving Garage,10,19,E/B,1095
2019-02-11,106,05:45:00,Monday,pioneer stn,Mechanical,12,24,S/B,1227
2019-02-11,112,05:46:00,Monday,Carlingview and International,Mechanical,,14,S/B,7921
2019-02-11,5,05:47:00,Monday,Wilson Garage,Mechanical,13,26,S/B,8390
2019-02-11,116,05:47:00,Monday,Guildwood Pkwy/Rowatson Rd,Mechanical,12,13,E/B,8842
2019-02-11,7,05:50:00,Monday,wilson garage,Late Leaving Garage,8,16,S/B,9016
2019-02-11,94,05:52:00,Monday,Queens Park,Late Leaving Garage,6,13,E/B,1356
2019-02-11,927,05:53:00,Monday,Kipling stn,Late Leaving Garage,5,10,N/B,3233
2019-02-11,102,05:54:00,Monday,Ellesmere,Mechanical,20,40,N/B,8468
2019-02-11,73,05:55:00,Monday,Albion and Claireport,Late Leaving Garage,13,32,S/B,8406
2019-02-11,38,05:57:00,Monday,Rouge Hill Go,Late Leaving Garage,10,20,W/B,1735
2019-02-11,952,05:57:00,Monday,Lawrence station,Late Leaving Garage,11,22,W/B,8104
2019-02-11,939,05:58:00,Monday,McCowan and Sheppard,Late Leaving Garage,8,16,W/B,1393
2019-02-11,102,06:00:00,Monday,Midland and st.Clair,Mechanical,20,40,S/B,8489
2019-02-11,106,06:02:00,Monday,wilson garage,Late Leaving Garage,7,14,S/B,8159
2019-02-11,51,06:05:00,Monday,ESTN,Late Leaving Garage,17,34,N/B,1286
2019-02-11,60,06:05:00,Monday,,Mechanical,14,23,,3392
2019-02-11,35,06:06:00,Monday,PVST,Late Leaving Garage,1,9,W/B,3139
2019-02-11,43,06:10:00,Monday,Scarborough Town Station,Late Leaving Garage,17,27,W/B,8692
2019-02-11,989,06:12:00,Monday,SIGT,Late Leaving Garage,12,24,S/B,1202
2019-02-11,133,06:14:00,Monday,Morningside Ave at Finch Ave East,Late Leaving Garage,11,22,S/B,1404
2019-02-11,39,06:18:00,Monday,McNicoll and Victoria Pk,Late Leaving Garage,10,20,N/B,3436
2019-02-11,116,06:20:00,Monday,Kennedy STN,Late Leaving Garage,9,10,E/B,8894
2019-02-11,32,06:36:00,Monday,REGW,Mechanical,6,11,E/B,1205
2019-02-11,39,06:38:00,Monday,Baldoon and Finch,Late Leaving Garage,10,14,E/B,1651
2019-02-11,95,06:40:00,Monday,Kingston and Morning Side Loop,Mechanical,7,14,W/B,1807
2019-02-11,63,06:40:00,Monday,Queen and Ossington St,Mechanical,5,22,N/B,8313
2019-02-11,24,06:40:00,Monday,Victoria Pk Station,Mechanical,5,10,B/W,8934
2019-02-11,32,06:41:00,Monday,REGW,Mechanical,6,12,E/B,1071
2019-02-11,32,06:42:00,Monday,PINE,Late Leaving Garage,5,11,E/B,1024
2019-02-11,79,06:44:00,Monday,Pine / Lawrence,Late Leaving Garage,9,18,S/B,1380
2019-02-11,6,06:45:00,Monday,Townsley loop,Investigation,4,8,S/B,1038
2019-02-11,21,06:45:00,Monday,Brimely Ave at Steele Ave East,Late Leaving Garage,8,16,S/B,3422
2019-02-11,100,06:46:00,Monday,Don Mills & Wynford Drive,Late Leaving Garage,3,7,S/B,8684
2019-02-11,104,06:46:00,Monday,SWST,Mechanical,14,28,N/B,8336
2019-02-11,939,06:46:00,Monday,STC SRT,Late Leaving Garage,8,16,W/B,1827
2019-02-11,81,06:49:00,Monday,PSTN,Mechanical,5,10,N/B,9205
2019-02-11,63,06:49:00,Monday,EWST,Late Leaving Garage,3,6,S/B,8394
2019-02-11,39,06:53:00,Monday,Old Finch and Mroningview Trl,Late Leaving Garage,15,30,W/B,1640
2019-02-11,939,06:56:00,Monday,Nightstar and Morningside,Late Leaving Garage,8,16,W/B,1391
2019-02-11,57,06:57:00,Monday,Midland SRT STN,Investigation,9,17,S/B,8747
2019-02-11,954,06:57:00,Monday,Laerence SRT Station,Mechanical,9,18,E/B,8639
2019-02-11,960,07:00:00,Monday,Pioneer Village Station,Late Leaving Garage,8,16,E/B,3143
2019-02-11,39,07:00:00,Monday,Bridletown Cir-Finch,Mechanical,10,20,W/B,1793
2019-02-11,11,07:00:00,Monday,Davisville Stn Steeles Loop,General Delay,18,20,B/W,
2019-02-11,51,07:00:00,Monday,Leslis Ave and Long wood Rd ( York Mills),General Delay,35,37,SB,
2019-02-11,186,07:07:00,Monday,HLDG,Late Leaving Garage,9,18,E/B,3341
2019-02-11,59,07:15:00,Monday,Keele and Ingram,Mechanical,24,48,W/B,3261
2019-02-11,26,07:18:00,Monday,St.George Stn,Late Leaving Garage,14,28,W/B,1562
2019-02-11,63,07:30:00,Monday,Ossington Stn,Mechanical,10,20,N/B,8182
2019-02-11,985,07:33:00,Monday,DONS,Late Leaving Garage,10,20,E/B,9064
2019-02-11,14,07:34:00,Monday,Glencairn Stn,Mechanical,16,32,W/B,1084
2019-02-11,73,07:35:00,Monday,Royal York and Evans,Late Leaving Garage,3,6,S/B,8057
2019-02-11,39,07:45:00,Monday,HWY 404 and Finch,Investigation,15,30,E/B,3414
2019-02-11,953,07:53:00,Monday,WB on Steeles at Dudley,Mechanical,14,27,W/B,9074
2019-02-11,85,07:53:00,Monday,Sheppard and Aragon,Mechanical,16,32,E/B,1312
2019-02-11,84,07:54:00,Monday,Weston and Bradstock,Mechanical,9,18,E/B,3191
2019-02-11,89,07:55:00,Monday,Weston / coulter,Mechanical,6,12,S/B,1149
2019-02-11,24,08:00:00,Monday,Victoria Park bothways,General Delay,20,1,B/W,
2019-02-11,5,08:00:00,Monday,Ave Rd and St Clair Ave,General Delay,16,26,S/B,8306
2019-02-11,64,08:00:00,Monday,Main,General Delay,15,15,W/B,
2019-02-11,90,08:00:00,Monday,st clair wstn,General Delay,4,7,B/W,
2019-02-11,129,08:00:00,Monday,McCowan Rd at Finch Ave East,Mechanical,7,14,N/B,1715
2019-02-11,121,08:00:00,Monday,FORT YORK ROUTE,General Delay,10,,B/W,
2019-02-11,82,08:00:00,Monday,rosedale stn / summerhill,General Delay,7,14,B/W,
2019-02-11,160,08:00:00,Monday,wilson stn / clarke,General Delay,6,12,B/W,
2019-02-11,945,08:01:00,Monday,Kipling and Stevenson,Emergency Services,6,12,S/B,8021
2019-02-11,87,08:15:00,Monday,COSBURN ROUTE,General Delay,10,,B/W,
2019-02-11,43,08:15:00,Monday,Kennedy & Huntingwood,Investigation,10,20,S/B,8830
2019-02-11,84,08:23:00,Monday,Fenmat and Norelco,Investigation,20,40,S/B,3149
2019-02-11,165,08:28:00,Monday,Wilson and Bathurst,Emergency Services,5,10,E/B,3129
2019-02-11,91,08:30:00,Monday,WOODBINE ROUTE,General Delay,10,0,B/W,
2019-02-11,22,08:30:00,Monday,Coxwell Station,General Delay,8,1,B/W,
2019-02-11,83,08:30:00,Monday,Jones,General Delay,15,15,B/W,
2019-02-11,102,08:30:00,Monday,Markham Route,General Delay,15,1,B/W,
2019-02-11,902,08:30:00,Monday,Markham Express,General Delay,15,1,B/W,
2019-02-11,939,08:30:00,Monday,Victoria Pk-Finch,Emergency Services,8,16,W/B,1672
2019-02-11,985,08:32:00,Monday,Sheppard and Warden,Investigation,10,20,W/B,9093
2019-02-11,32,08:34:00,Monday,Egl / Cal,Utilized Off Route,6,12,E/B,1084
2019-02-11,39,08:52:00,Monday,Sandhurst Circle and Finch,Investigation,5,10,B/W,1686
2019-02-11,22,08:55:00,Monday,DF and Coxwell,Mechanical,10,20,S/B,8440
2019-02-11,41,09:00:00,Monday,Keele Station - Pioneer Village Station,General Delay,23,46,B/W,
2019-02-11,60,09:06:00,Monday,Martin Grove and Steeles,Emergency Services,7,14,,3339
2019-02-11,64,09:19:00,Monday,Main stn,Mechanical,8,16,S/B,8455
2019-02-11,21,09:30:00,Monday,Scarborough Town Center,Mechanical,25,50,S/B,1320
2019-02-11,39,09:35:00,Monday,Sewells Rd-Littles,Mechanical,17,34,W/B,1284
2019-02-11,72,09:44:00,Monday,PSTN,Mechanical,16,32,S/B,8519
2019-02-11,60,09:46:00,Monday,Martin Grove and Steeles,Investigation,7,14,E/B,3339
2019-02-11,102,10:07:00,Monday,WSTN,Utilized Off Route,23,46,N/B,8500
2019-02-11,939,10:18:00,Monday,STC SRT,Mechanical,9,18,W/B,1393
2019-02-11,72,10:21:00,Monday,Yonge and lakeshore,Diversion,126,142,N/B,
2019-02-11,72,10:32:00,Monday,PSTN,Utilized Off Route,16,32,S/B,8530
2019-02-11,925,10:33:00,Monday,Overlea and Don Mills,Mechanical,10,20,N/B,8833
2019-02-11,900,10:35:00,Monday,Kipling Station,Investigation,10,20,N/B,8003
2019-02-11,46,10:48:00,Monday,Martin Grove and Steeles,Diversion,42,61,,3305
2019-02-11,70,10:51:00,Monday,Craighton and Rannock,Diversion,18,36,E/B,8801
2019-02-11,70,10:51:00,Monday,Craighton and Rannock,Investigation,18,36,E/B,8801
2019-02-11,38,10:56:00,Monday,Scarborough Town Center,Mechanical,12,24,E/B,1542
2019-02-11,186,11:02:00,Monday,WILS,Investigation,1,1,W/B,3196
2019-02-11,87,11:30:00,Monday,warden station,Utilized Off Route,10,20,S/B,8512
2019-02-11,7,11:59:00,Monday,st clair / bathurst,Investigation,10,20,S/B,9020
2019-02-11,38,12:21:00,Monday,Scarborough Town Center,Emergency Services,11,22,E/B,1332
2019-02-11,95,12:31:00,Monday,Ellesmere and Neilson,Investigation,16,32,E/B,1650
2019-02-11,609,12:50:00,Monday,PINE,Mechanical,1,1,E/B,1356
2019-02-11,89,12:51:00,Monday,Weston / Albion,Mechanical,10,20,S/B,1013
2019-02-11,68,13:08:00,Monday,Warden Station,Mechanical,10,20,N/B,8729
2019-02-11,29,14:08:00,Monday,Dufferin / Lawrence,Late Leaving Garage,7,15,S/B,9042
2019-02-11,54,14:13:00,Monday,Lawrence and Warden,Mechanical,12,24,E/B,8798
2019-02-11,122,14:34:00,Monday,york mills stn,Late Leaving Garage,11,22,E/B,1328
2019-02-11,902,14:45:00,Monday,warden station,Mechanical,10,20,S/B,8476
2019-02-11,102,14:46:00,Monday,warden station,Utilized Off Route,14,28,S/B,8449
2019-02-11,115,15:00:00,Monday,York Mills Station to BANNATYNE DR. AT SILVERGROVE RD.,General Delay,13,33,B/W,
2019-02-11,52,15:00:00,Monday,Lawrence Station to West Wood Mall,General Delay,19,30,B/W,
2019-02-11,60,15:00:00,Monday,60 Steeles West Route,General Delay,8,20,B/W,
2019-02-11,84,15:05:00,Monday,84 Sheppard West Route,General Delay,8,20,B/W,
2019-02-11,95,15:06:00,Monday,YOCE,Late Leaving Garage,8,8,E/B,3400
2019-02-11,63,15:10:00,Monday,Eglinton W. Stn,Mechanical,4,8,S/B,8117
2019-02-11,953,15:10:00,Monday,MOFI,Late Leaving Garage,15,30,W/B,9095
2019-02-11,79,15:12:00,Monday,Runnymede stn,Late Leaving Garage,22,37,N/B,1036
2019-02-11,131,15:14:00,Monday,KENN,Late Leaving Garage,9,9,N/B,3429
2019-02-11,939,15:14:00,Monday,Morningside and Finch,Late Leaving Garage,8,11,B/W,1207
2019-02-11,34,15:14:00,Monday,Eglinton & Mt Pleasant,Late Leaving Garage,5,9,E/B,8753
2019-02-11,131,15:23:00,Monday,KENN,Late Leaving Garage,9,18,N/B,1763
2019-02-11,75,15:26:00,Monday,Carlton/Sherbourne,Mechanical,4,10,S/B,8319
2019-02-11,952,15:30:00,Monday,Lawrence Station to Airport,General Delay,42,52,B/W,
2019-02-11,989,15:32:00,Monday,Keele Station,Late Leaving Garage,10,20,N/B,1111
2019-02-11,52,15:32:00,Monday,Terminal 1,Late Leaving Garage,14,20,E/B,8179
2019-02-11,52,15:39:00,Monday,The Westwat and Martin Grove Rd,Diversion,96,109,B/W,
2019-02-11,29,15:40:00,Monday,Dufferin Loop,Mechanical,7,15,N/B,9103
2019-02-11,64,15:41:00,Monday,Kingston/ Main stn,Mechanical,8,16,B/W,8543
2019-02-11,46,15:45:00,Monday,Westway,Diversion,81,91,,3141
2019-02-11,143,16:00:00,Monday,143 Richmond and Peter - Yonge and Adelaide,General Delay,15,1,B/W,
2019-02-11,54,16:00:00,Monday,Lawrence,General Delay,23,33,B/W,
2019-02-11,12,16:00:00,Monday,12 Kingston Road,General Delay,12,1,B/W,
2019-02-11,165,16:03:00,Monday,Weston and Finch,Investigation,8,16,S/B,3286
2019-02-11,87,16:04:00,Monday,main staiton,Utilized Off Route,6,12,S/B,8535
2019-02-11,46,16:10:00,Monday,Dixon Kipling,Mechanical,5,10,E/B,3364
2019-02-11,66,16:12:00,Monday,Old Mill Stn,Emergency Services,15,30,S/B,8038
2019-02-11,109,16:15:00,Monday,Dufferin/Lawrence,Mechanical,22,44,N/B,8304
2019-02-11,122,16:30:00,Monday,York Mills Station to ROYWOOD DR AND FENSIDE DR.,General Delay,23,35,B/W,
2019-02-11,134,16:45:00,Monday,STC,Mechanical,18,36,E/B,1665
2019-02-11,16,17:14:00,Monday,Scarborough Town Centre,Mechanical,9,17,B/W,8411
2019-02-11,43,17:20:00,Monday,Kennedy station,Mechanical,8,16,N/B,8846
2019-02-11,83,17:37:00,Monday,Lakeshore Garage,Mechanical,12,24,B/W,8451
2019-02-11,130,18:00:00,Monday,Middlefield Steeles Loop,Mechanical,16,32,S/B,1799
2019-02-11,953,18:12:00,Monday,FSTN-MOFI,Mechanical,15,30,E/B,9094
2019-02-11,77,18:12:00,Monday,Windermere/Morningside,Emergency Services,9,19,N/B,1413
2019-02-11,88,18:13:00,Monday,LDMR,Mechanical,12,24,E/B,8115
2019-02-11,60,18:27:00,Monday,PVST,Mechanical,8,16,W/B,3108
2019-02-11,900,18:39:00,Monday,queensway,Late Leaving Garage,9,18,W/B,8010
2019-02-11,160,18:46:00,Monday,Wilson stn,Mechanical,18,40,N/B,8201
2019-02-11,32,18:49:00,Monday,EWST,Mechanical,10,19,W/B,1087
2019-02-11,24,18:55:00,Monday,Eglinton Ave,Investigation,9,18,N/B,8474
2019-02-11,905,19:15:00,Monday,KENN,Diversion,12,21,E/B,
2019-02-11,86,19:15:00,Monday,KENN,Diversion,12,20,E/B,
2019-02-11,116,19:15:00,Monday,KENN,Diversion,12,18,E/B,
2019-02-11,984,19:15:00,Monday,Sheppard and Yatescastle,Mechanical,9,17,W/B,3326
2019-02-11,57,19:15:00,Monday,KENN,Diversion,12,20,N/B,
2019-02-11,29,19:30:00,Monday,Dufferin and Hallam,Investigation,4,12,S/B,9045
2019-02-11,29,19:38:00,Monday,Dufferin Loop,Emergency Services,5,13,N/B,9149
2019-02-11,5,20:35:00,Monday,Avenue Rd and Davenport Rd,Diversion,10,32,N/B,
2019-02-11,939,20:53:00,Monday,STC,Utilized Off Route,9,18,W/B,1550
2019-02-11,116,21:10:00,Monday,KENN,Mechanical,10,20,E/B,8630
2019-02-11,60,21:23:00,Monday,VillageGate/Steeles,Investigation,9,18,E/B,3280
2019-02-11,95,21:41:00,Monday,SCLP,Mechanical,10,20,W/B,1607
2019-02-11,939,21:42:00,Monday,Finch and Dufferin,Investigation,13,26,B/W,1393
2019-02-11,985,21:48:00,Monday,STC,Mechanical,13,25,E/B,1656
2019-02-11,6,21:49:00,Monday,Queens Quay @ Dockside,Mechanical,15,30,E/B,1038
2019-02-11,135,21:50:00,Monday,Malvern and Gerrard,Diversion,1,1,B/W,
2019-02-11,95,21:50:00,Monday,SCLP,Utilized Off Route,14,28,W/B,1509
2019-02-11,95,22:52:00,Monday,Ellesmere and Dewey,Mechanical,0,0,W/B,1612
2019-02-11,11,23:00:00,Monday,Davisville Station to Bayview and Steeles,General Delay,15,45,B/W,
2019-02-11,70,23:00:00,Monday,Warden STN,General Delay,30,60,B/W,
2019-02-11,7,23:17:00,Monday,Roselawn,Investigation,10,20,N/B,8132
2019-02-11,56,23:20:00,Monday,Donlands Station,General Delay,24,48,N/B,8313
2019-02-11,25,23:30:00,Monday,Pape STN,Utilized Off Route,9,18,N/B,8827
2019-02-12,7,00:18:00,Tuesday,Bathurst and Steeles,Utilized Off Route,1,1,S/B,8100
2019-02-12,63,00:25:00,Tuesday,Ossington Station,Utilized Off Route,10,20,S/B,8111
2019-02-12,25,00:30:00,Tuesday,Clock Tower,Diversion,114,125,N/B,
2019-02-12,39,01:25:00,Tuesday,Seneca College / Finch,Mechanical,9,18,W/B,1337
2019-02-12,60,01:49:00,Tuesday,FSTN,Mechanical,28,36,W/B,3209
2019-02-12,322,03:55:00,Tuesday,Broadview Station,Investigation,30,60,E/B,8602
2019-02-12,320,03:56:00,Tuesday,STEELES/YONGE,Mechanical,3,6,S/B,8812
2019-02-12,337,04:55:00,Tuesday,Lakeshore/islinton,Late Leaving Garage,15,30,N/B,8097
2019-02-12,108,04:56:00,Tuesday,Pioneer Village Station,Late Leaving Garage,6,0,S/B,3194
2019-02-12,300,05:00:00,Tuesday,Bathurst/Bloor,Mechanical,25,50,W/B,1088
2019-02-12,39,05:00:00,Tuesday,39 Finch Route-All Branch,General Delay,10,20,B/W,1791
2019-02-12,939,05:00:00,Tuesday,939 Finch Express All Branch,General Delay,10,18,B/W,1648
2019-02-12,134,05:03:00,Tuesday,Tappscott and Crow Trail,Late Leaving Garage,18,36,S/B,1619
2019-02-12,161,05:06:00,Tuesday,JAAL,Late Leaving Garage,9,9,E/B,1123
2019-02-12,21,05:15:00,Tuesday,Brimley and Steeles,Late Leaving Garage,20,20,S/B,3438
2019-02-12,17,05:19:00,Tuesday,Warden stn,Late Leaving Garage,9,27,B/W,9206
2019-02-12,12,05:20:00,Tuesday,Victoria Pk Station,Mechanical,14,28,N/B,8603
2019-02-12,52,05:21:00,Tuesday,Martingrove and the westway,Late Leaving Garage,20,40,W/B,9016
2019-02-12,7,05:27:00,Tuesday,wilson garage,Late Leaving Garage,20,30,S/B,8306
2019-02-12,117,05:30:00,Tuesday,Wilson Garage,Mechanical,20,40,S/B,9009
2019-02-12,118,05:30:00,Tuesday,WILS,Late Leaving Garage,1,20,W/B,3160
2019-02-12,81,05:31:00,Tuesday,PSTN,Mechanical,14,28,N/B,8515
2019-02-12,39,05:38:00,Tuesday,Baldoon and Finch,Late Leaving Garage,10,20,E/B,1335
2019-02-12,165,05:39:00,Tuesday,FWES,Late Leaving Garage,1,10,W/B,3276
2019-02-12,85,05:40:00,Tuesday,Rouge Hill Go Station,Late Leaving Garage,16,29,W/B,1535
2019-02-12,47,05:44:00,Tuesday,Queen and Lansdowne,Late Leaving Garage,4,9,N/B,1149
2019-02-12,32,05:45:00,Tuesday,PINE,Late Leaving Garage,10,19,E/B,1103
2019-02-12,165,05:47:00,Tuesday,FWES,Late Leaving Garage,10,20,W/B,3216
2019-02-12,9,05:51:00,Tuesday,McCowan/ Kingston,Mechanical,15,30,B/W,8445
2019-02-12,53,05:53:00,Tuesday,Passmore and Markham,Late Leaving Garage,5,10,W/B,1680
2019-02-12,110,05:55:00,Tuesday,Islington Station,Mechanical,,10,S/B,7957
2019-02-12,945,06:00:00,Tuesday,Steeles Loop,Late Leaving Garage,0,5,S/B,8040
2019-02-12,54,06:02:00,Tuesday,Eglinton Station,Mechanical,9,18,E/B,8729
2019-02-12,102,06:05:00,Tuesday,WSTN,Late Leaving Garage,19,38,N/B,8407
2019-02-12,35,06:06:00,Tuesday,Pioneer Village Station,Late Leaving Garage,0,0,S/B,3202
2019-02-12,104,06:06:00,Tuesday,Wilson Stn,Late Leaving Garage,14,32,N/B,1251
2019-02-12,39,06:08:00,Tuesday,McNicoll and V.P,Late Leaving Garage,10,20,E/B,3417
2019-02-12,52,06:09:00,Tuesday,LAWRENCE STATION,Late Leaving Garage,7,14,W/B,1367
2019-02-12,88,06:10:00,Tuesday,Wilson Garage,Mechanical,4,8,S/B,8323
2019-02-12,986,06:11:00,Tuesday,Meadowvale Loop (S LP),Late Leaving Garage,5,10,S/B,8813
2019-02-12,54,06:15:00,Tuesday,Lawrence & Morningside,Mechanical,60,63,E/B,8712
2019-02-12,60,06:17:00,Tuesday,Finch Station,Late Leaving Garage,8,16,W/B,9133
2019-02-12,20,06:20:00,Tuesday,Kingston rd and brimley,Mechanical,11,22,W/B,8454
2019-02-12,96,06:20:00,Tuesday,HUML,Mechanical,1,25,W/B,3213
2019-02-12,165,06:21:00,Tuesday,YKMS,Late Leaving Garage,5,10,W/B,3105
2019-02-12,32,06:24:00,Tuesday,REGW,Mechanical,6,12,E/B,1028
2019-02-12,20,06:24:00,Tuesday,Kennedy Station,Mechanical,19,38,E/B,8479
2019-02-12,168,06:29:00,Tuesday,Avon loop,Late Leaving Garage,6,11,S/B,1064
2019-02-12,78,06:29:00,Tuesday,York Mills station,Late Leaving Garage,10,20,E/B,8325
2019-02-12,122,06:31:00,Tuesday,York Mills Stn,Late Leaving Garage,9,18,E/B,8154
2019-02-12,902,06:32:00,Tuesday,WSTN,Late Leaving Garage,10,20,N/B,8450
2019-02-12,100,06:33:00,Tuesday,Broadview Station,Utilized Off Route,4,10,N/B,8796
2019-02-12,25,06:34:00,Tuesday,PSTN,Utilized Off Route,6,11,S/B,8728
2019-02-12,87,06:35:00,Tuesday,Main stn,Utilized Off Route,5,10,W/B,9234
2019-02-12,86,06:39:00,Tuesday,Kennedy STN,Late Leaving Garage,1,1,E/B,8760
2019-02-12,42,06:40:00,Tuesday,Silver Star & Mcnicoll,Diversion,13,25,B/W,
2019-02-12,84,06:40:00,Tuesday,Sheppard Station,Late Leaving Garage,9,18,W/B,3289
2019-02-12,102,06:42:00,Tuesday,WSTN,Mechanical,20,40,N/B,8403
2019-02-12,72,06:49:00,Tuesday,Pape stn,Utilized Off Route,15,30,W/B,9223
2019-02-12,939,06:50:00,Tuesday,Finch Station,Late Leaving Garage,8,16,E/B,1698
2019-02-12,92,06:50:00,Tuesday,WOODBINE STATION,Late Leaving Garage,9,18,S/B,
2019-02-12,96,06:55:00,Tuesday,CARR,Late Leaving Garage,22,44,E/B,3233
2019-02-12,41,06:57:00,Tuesday,Keele / Rogers,Mechanical,12,23,N/B,9049
2019-02-12,186,06:58:00,Tuesday,HLDG,Late Leaving Garage,10,20,W/B,1111
2019-02-12,67,07:00:00,Tuesday,VICT to CROS,General Delay,1,1,B/W,
2019-02-12,925,07:00:00,Tuesday,PSTN to FMDM,General Delay,1,1,B/W,
2019-02-12,719,07:00:00,Tuesday,MDGA,Mechanical,1,1,E/B,1044
2019-02-12,70,07:00:00,Tuesday,CSTN to CRAG/WAST,General Delay,1,1,B/W,
2019-02-12,25,07:00:00,Tuesday,PSTN to FMDM,General Delay,1,1,B/W,
2019-02-12,935,07:01:00,Tuesday,Pioneer Village Station,Late Leaving Garage,8,16,S/B,3148
2019-02-12,902,07:02:00,Tuesday,WSTN,Late Leaving Garage,10,20,N/B,8473
2019-02-12,102,07:04:00,Tuesday,WSTN,Late Leaving Garage,20,40,N/B,
2019-02-12,144,07:05:00,Tuesday,COPL,Late Leaving Garage,6,26,S/B,8662
2019-02-12,106,07:07:00,Tuesday,Sheppard and Downsview Park,Mechanical,7,15,N/B,8391
2019-02-12,995,07:09:00,Tuesday,Scarborough Loop,Mechanical,9,18,W/B,3432
2019-02-12,506,07:20:00,Tuesday,Eglinton Yard,Late Leaving Garage,1,1,OB,8845
2019-02-12,16,07:22:00,Tuesday,Warden stn,Mechanical,9,18,B/W,8412
2019-02-12,17,07:27:00,Tuesday,Ellesmere,Mechanical,7,21,B/W,8578
2019-02-12,41,07:30:00,Tuesday,All Along the route,General Delay,11,22,B/W,
2019-02-12,89,07:30:00,Tuesday,Entire route,General Delay,10,20,B/W,
2019-02-12,161,07:30:00,Tuesday,Entire Route,General Delay,13,26,B/W,
2019-02-12,14,07:30:00,Tuesday,Entire Route,General Delay,16,32,B/W,
2019-02-12,127,07:30:00,Tuesday,Entire Route,General Delay,20,40,B/W,
2019-02-12,57,07:32:00,Tuesday,Sheppard Ave E/Midland Ave,Mechanical,9,17,S/B,8856
2019-02-12,11,07:37:00,Tuesday,Bayview and Wellness Ave,Mechanical,15,30,S/B,8201
2019-02-12,709,07:40:00,Tuesday,Eglinton West Stn.,Mechanical,1,1,E/B,1011
2019-02-12,161,07:51:00,Tuesday,JAAL,Mechanical,12,24,W/B,1084
2019-02-12,54,08:00:00,Tuesday,Lawrence & Warden,Mechanical,9,18,W/B,8673
2019-02-12,92,08:00:00,Tuesday,WOODBINE S ROUTE,General Delay,10,,B/W,
2019-02-12,60,08:00:00,Tuesday,60 Steeles West,General Delay,8,25,B/W,
2019-02-12,82,08:00:00,Tuesday,rosedale stn - summerhill,General Delay,12,22,B/W,
2019-02-12,90,08:00:00,Tuesday,st clair wstn to oakwood,General Delay,4,8,B/W,
2019-02-12,84,08:00:00,Tuesday,84 Sheppard west,General Delay,7,20,B/W,
2019-02-12,995,08:13:00,Tuesday,Markham and Ellesmere,Mechanical,11,22,W/B,1686
2019-02-12,95,08:14:00,Tuesday,YKMS,Utilized Off Route,14,28,E/B,1338
2019-02-12,120,08:30:00,Tuesday,120 Calvington,General Delay,25,55,B/W,
2019-02-12,160,08:30:00,Tuesday,bathurst / wilson ave.,Diversion,1,1,N/B,1867
2019-02-12,123,08:32:00,Tuesday,Kipling Station,Mechanical,19,38,N/B,8088
2019-02-12,100,08:40:00,Tuesday,Don Mills & Wynford Drive,Investigation,4,7,S/B,8731
2019-02-12,94,08:48:00,Tuesday,CastleFrank Stn,Mechanical,6,13,W/B,1074
2019-02-12,29,08:50:00,Tuesday,Entire Route,General Delay,25,50,BW,
2019-02-12,34,08:53:00,Tuesday,Kennedy Station,Mechanical,4,8,W/B,8894
2019-02-12,20,08:55:00,Tuesday,Birchmount and Highview,Mechanical,11,22,E/B,8416
2019-02-12,960,09:00:00,Tuesday,Steeles west express,General Delay,12,30,B/W,
2019-02-12,83,09:00:00,Tuesday,"Jones,Carlaw",General Delay,15,15,B/W,
2019-02-12,108,09:00:00,Tuesday,108 Driftwood,General Delay,7,19,B/W,
2019-02-12,984,09:00:00,Tuesday,Sheppard weest express,General Delay,9,22,B/W,
2019-02-12,42,09:08:00,Tuesday,Maybrook & Mcnicoll,Diversion,35,47,E/B,
2019-02-12,134,09:08:00,Tuesday,WB on Progerss and Consillium,Mechanical,4,8,W/B,9080
2019-02-12,134,09:10:00,Tuesday,Finch and Baldoon,Mechanical,22,44,W/B,1779
2019-02-12,52,09:22:00,Tuesday,Lawrence West Stn,Mechanical,13,26,W/B,8180
2019-02-12,41,09:27:00,Tuesday,Keele Station,Mechanical,9,18,N/B,9038
2019-02-12,12,09:32:00,Tuesday,Kingston and Markham,Mechanical,30,60,W/B,9238
2019-02-12,925,09:36:00,Tuesday,FMDM,Emergency Services,10,20,S/B,8687
2019-02-12,116,09:37:00,Tuesday,Kennedy STN,Mechanical,1,1,E/B,8714
2019-02-12,96,09:40:00,Tuesday,CARR,Mechanical,16,36,E/B,3257
2019-02-12,900,09:44:00,Tuesday,Kipling Station,Mechanical,10,20,N/B,8000
2019-02-12,64,09:53:00,Tuesday,Queeen and Wineva,Diversion,12,22,B/W,8485
2019-02-12,929,09:55:00,Tuesday,Dufferin / Davenport,Diversion,280,290,N/B,9027
2019-02-12,22,10:00:00,Tuesday,Coxwell Route,General Delay,10,1,B/W,
2019-02-12,75,10:00:00,Tuesday,queen / maple,General Delay,5,8,B/W,
2019-02-12,72,10:00:00,Tuesday,Pape Route,General Delay,15,1,B/W,
2019-02-12,64,10:00:00,Tuesday,Southwood/Glen Stewart,Diversion,,,B/W,
2019-02-12,902,10:00:00,Tuesday,Markham Express Route,General Delay,15,1,B/W,
2019-02-12,81,10:00:00,Tuesday,Thorncliffe park Route,General Delay,10,1,B/W,
2019-02-12,47,10:06:00,Tuesday,Eglinton,Mechanical,11,22,N/B,1040
2019-02-12,67,10:15:00,Tuesday,Dolphin and Pharmacy,Diversion,1,1,N/B,8739
2019-02-12,109,10:20:00,Tuesday,hotspur / bathurst,Investigation,10,20,S/B,8134
2019-02-12,118,10:24:00,Tuesday,Wilson and Keele,Mechanical,25,50,W/B,3183
2019-02-12,63,10:25:00,Tuesday,Ossington Stn,Utilized Off Route,9,17,N/B,8196
2019-02-12,609,10:30:00,Tuesday,CAEG,Utilized Off Route,1,1,E/B,1095
2019-02-12,112,10:30:00,Tuesday,Kipling Station,Mechanical,1,1,N/B,8084
2019-02-12,609,10:35:00,Tuesday,ALWS,Utilized Off Route,1,1,E/B,1023
2019-02-12,87,10:37:00,Tuesday,MAIN STATION,Mechanical,10,20,W/B,9230
2019-02-12,600,10:40:00,Tuesday,Keele Stn,Utilized Off Route,1,1,S/B,1276
2019-02-12,63,10:40:00,Tuesday,ATKI,Utilized Off Route,9,17,N/B,1375
2019-02-12,75,10:49:00,Tuesday,Lawrence Ave and Mt Pleasant,Investigation,1,1,W/B,8305
2019-02-12,161,10:49:00,Tuesday,Rogers @ Dufferin,Investigation,17,35,W/B,1575
2019-02-12,43,10:54:00,Tuesday,Kennedy Station,Mechanical,1,1,N/B,8765
2019-02-12,63,11:00:00,Tuesday,Various Locations Along Route,General Delay,20,30,B/W,
2019-02-12,69,11:00:00,Tuesday,BIRCHMOUNT/DANFORTH,Mechanical,11,22,N/B,9208
2019-02-12,63,11:00:00,Tuesday,EWST to ATKI,General Delay,1,1,B/W,
2019-02-12,32,11:00:00,Tuesday,Eglinton and Scott,Emergency Services,5,999,E/B,
2019-02-12,68,11:05:00,Tuesday,Warden Loop,Mechanical,10,20,S/B,8663
2019-02-12,54,11:18:00,Tuesday,Lawrecne SRT Station,Mechanical,12,24,W/B,8751
2019-02-12,925,11:20:00,Tuesday,Don Mills/Overlea Blvd,Mechanical,10,20,N/B,8680
2019-02-12,11,11:25:00,Tuesday,Davisville Station,Utilized Off Route,30,60,N/B,8185
2019-02-12,116,11:26:00,Tuesday,Morningside Ave/Nightstar Rd,Mechanical,10,20,S/B,8711
2019-02-12,70,11:34:00,Tuesday,CSTN,Mechanical,20,40,N/B,8770
2019-02-12,47,11:35:00,Tuesday,Caledonia / Davenport,Diversion,1,1,N/B,1092
2019-02-12,43,11:37:00,Tuesday,Kennedy & Passmore,Utilized Off Route,1,1,S/B,8765
2019-02-12,609,11:50:00,Tuesday,MDGA,Utilized Off Route,1,1,E/B,1082
2019-02-12,41,12:00:00,Tuesday,Keele at Yore rd,Mechanical,9,18,N/B,9137
2019-02-12,102,12:00:00,Tuesday,Markham Route,General Delay,15,1,B/W,
2019-02-12,41,12:00:00,Tuesday,Keele at Irving,Mechanical,9,18,N/B,9102
2019-02-12,41,12:00:00,Tuesday,Keele at Yore Rd,Mechanical,9,18,N/B,9045
2019-02-12,85,12:00:00,Tuesday,Don Mills,Utilized Off Route,1,1,B/W,1602
2019-02-12,100,12:08:00,Tuesday,Linkwood & St Dennis,Mechanical,6,12,S/B,8759
2019-02-12,100,12:08:00,Tuesday,Linkwood & St Dennis,Diversion,6,12,S/B,
2019-02-12,134,12:14:00,Tuesday,Bushbay and McCowan,Mechanical,4,8,W/B,1540
2019-02-12,57,12:22:00,Tuesday,Kennedy STN,Mechanical,1,1,N/B,8725
2019-02-12,41,12:23:00,Tuesday,Keele at Eglinton,Diversion,91,102,N/B,
2019-02-12,20,12:24:00,Tuesday,Eglinton and Midland,Mechanical,16,32,E/B,8466
2019-02-12,47,12:30:00,Tuesday,St.Clair to Yorkdale,General Delay,60,60,B/W,
2019-02-12,41,12:34:00,Tuesday,Weston / St Clair,Mechanical,9,18,S/B,9036
2019-02-12,52,12:42:00,Tuesday,The Westway,Investigation,1,1,E/B,1352
2019-02-12,68,12:43:00,Tuesday,Warden & Finch,Emergency Services,10,20,S/B,8687
2019-02-12,47,12:50:00,Tuesday,Lansdowne at Davenport,Diversion,60,67,N/B,1067
2019-02-12,47,12:50:00,Tuesday,Lansdowne and Davenport,Diversion,60,67,N/B,1063
2019-02-12,47,12:50:00,Tuesday,Lansdowne at Davenport,Diversion,60,67,N/B,1281
2019-02-12,47,12:50:00,Tuesday,Lansdowne at Davenport,Diversion,60,67,N/B,1034
2019-02-12,63,12:50:00,Tuesday,Oakwood Loop,Diversion,1,1,B/W,
2019-02-12,52,12:50:00,Tuesday,Lawrence and Scarlett,Investigation,14,28,E/B,9006
2019-02-12,117,13:00:00,Tuesday,SWST to Dufferin and Steeles,General Delay,15,27,B/W,
2019-02-12,54,13:00:00,Tuesday,Lawrence & North Service Road,Investigation,12,24,W/B,8624
2019-02-12,41,13:00:00,Tuesday,Keele at Lawrence,Mechanical,11,22,N/B,9056
2019-02-12,54,13:00:00,Tuesday,Lawrence & North Service Road (by SRT Station),Diversion,111,121,W/B,8809
2019-02-12,95,13:04:00,Tuesday,York Mills route,General Delay,30,60,B/W,1631
2019-02-12,70,13:08:00,Tuesday,WAST,Mechanical,20,40,W/B,8710
2019-02-12,52,13:17:00,Tuesday,Scarlett and Lawrence,Diversion,496,505,W/B,
2019-02-12,900,13:20:00,Tuesday,Kipling Station and T3,General Delay,10,20,B/W,
2019-02-12,905,13:24:00,Tuesday,Kennedy STN,Mechanical,8,16,E/B,8804
2019-02-12,37,13:26:00,Tuesday,islington and chestnut hills,Mechanical,19,38,N/B,7969
2019-02-12,939,13:30:00,Tuesday,STC SRT,Mechanical,,,E/B,1567
2019-02-12,108,13:30:00,Tuesday,Grandravine and Derrydown,Investigation,7,14,E/B,3251
2019-02-12,905,13:32:00,Tuesday,Kennedy STN,Mechanical,8,16,E/B,8774
2019-02-12,41,13:35:00,Tuesday,Keele at Glenlake,Mechanical,9,18,N/B,9147
2019-02-12,52,13:45:00,Tuesday,Lawrence West Station,Mechanical,14,28,W/B,9016
2019-02-12,41,13:45:00,Tuesday,Keele at Rogers,Mechanical,9,18,N/B,9137
2019-02-12,52,13:45:00,Tuesday,Lawrence West Station,Diversion,305,320,B/W,
2019-02-12,95,13:49:00,Tuesday,Ellesmere and Crocus Dr.,Diversion,98,108,B/W,1807
2019-02-12,53,13:56:00,Tuesday,Silver Star and steeles,Mechanical,4,4,E/B,9087
2019-02-12,167,13:59:00,Tuesday,Don Mills Station,Mechanical,24,48,E/B,8400
2019-02-12,26,14:00:00,Tuesday,Dupont Route,General Delay,20,40,B/W,
2019-02-12,24,14:00:00,Tuesday,24 Victoria Park Ave,General Delay,10,1,B/W,
2019-02-12,17,14:00:00,Tuesday,Birchmount,General Delay,15,15,B/W,
2019-02-12,64,14:00:00,Tuesday,Kingston/ Southwood,General Delay,15,15,N/B,
2019-02-12,65,14:00:00,Tuesday,65 Parliament,General Delay,15,15,N/B,
2019-02-12,168,14:00:00,Tuesday,Symington Route,General Delay,10,20,B/W,
2019-02-12,16,14:00:00,Tuesday,McCowan,General Delay,15,15,B/W,
2019-02-12,90,14:00:00,Tuesday,Vaughan road route,General Delay,15,12,B/W,
2019-02-12,12,14:00:00,Tuesday,12 Kingston Rd,General Delay,10,1,B/W,
2019-02-12,94,14:00:00,Tuesday,Wellesley Route,General Delay,7,14,B/W,
2019-02-12,9,14:00:00,Tuesday,Bellamy,General Delay,15,15,N/B,
2019-02-12,97,14:00:00,Tuesday,,General Delay,30,60,B/W,
2019-02-12,6,14:00:00,Tuesday,Bay Route,General Delay,11,22,B/W,
2019-02-12,15,14:02:00,Tuesday,on ry at evans,General Delay,22,44,N/B,7971
2019-02-12,83,14:03:00,Tuesday,Leslie/ Mosley,Investigation,16,32,N/B,8438
2019-02-12,109,14:15:00,Tuesday,Lawrence west station,Diversion,60,75,B/W,
2019-02-12,32,14:20:00,Tuesday,Kane/Eglinton,Mechanical,8,16,E/B,1062
2019-02-12,32,14:20:00,Tuesday,Kane/Eglinton,Mechanical,7,15,E/B,1345
2019-02-12,54,14:21:00,Tuesday,RTLS,Diversion,154,164,W/B,
2019-02-12,86,14:22:00,Tuesday,CORO,Mechanical,25,53,W/B,8641
2019-02-12,37,14:22:00,Tuesday,garage queensway,Mechanical,11,22,W/B,7963
2019-02-12,134,14:24:00,Tuesday,STC,Mechanical,7,13,W/B,9090
2019-02-12,134,14:29:00,Tuesday,Bushby and Mccowan,Diversion,16,31,W/B,1645
2019-02-12,45,14:30:00,Tuesday,Kipling Station to Steeles Loop,General Delay,10,15,W/B,
2019-02-12,52,14:32:00,Tuesday,Lawrence Ave / Demarco,Mechanical,14,28,E/B,9006
2019-02-12,95,14:36:00,Tuesday,KNRD,Late Leaving Garage,10,20,W/B,1702
2019-02-12,60,14:41:00,Tuesday,Finch and Young,Investigation,8,16,W/B,9121
2019-02-12,116,14:44:00,Tuesday,KENN,Mechanical,12,22,E/B,8904
2019-02-12,34,14:48:00,Tuesday,Eglinton/Mount Pleasant,Late Leaving Garage,4,9,W/B,8886
2019-02-12,54,14:50:00,Tuesday,Lawrence and Brimley,Mechanical,11,22,E/B,8762
2019-02-12,68,14:50:00,Tuesday,Warden Station,Investigation,10,20,,8687
2019-02-12,37,14:50:00,Tuesday,Eglinton & Don Mills,Mechanical,8,16,W/B,8723
2019-02-12,120,14:51:00,Tuesday,Jane and Sheppard,Mechanical,30,60,N/B,3155
2019-02-12,86,14:54:00,Tuesday,KENN,Mechanical,6,13,E/B,8648
2019-02-12,902,15:00:00,Tuesday,Markham road express,General Delay,20,1,B/W,
2019-02-12,133,15:00:00,Tuesday,Neilson Route,General Delay,7,14,B/W,
2019-02-12,129,15:00:00,Tuesday,STC-SLMC-MMRC-STC,General Delay,27,54,B/W,
2019-02-12,21,15:00:00,Tuesday,Kennedy to STC-BMST,General Delay,11,22,B/W,
2019-02-12,122,15:00:00,Tuesday,York Mills Station to ROYWOOD DR AND FENSIDE DR.,General Delay,31,42,B/W,
2019-02-12,81,15:00:00,Tuesday,Thorncliff route,General Delay,10,1,N/B,
2019-02-12,853,15:00:00,Tuesday,Bay view and Steeles,Mechanical,8,15,W/B,9069
2019-02-12,38,15:00:00,Tuesday,STC-RHGO,General Delay,12,24,B/W,
2019-02-12,72,15:00:00,Tuesday,Pape route,General Delay,10,1,B/W,
2019-02-12,52,15:00:00,Tuesday,Lawrence Station to West Wood Mall,General Delay,30,45,B/W,
2019-02-12,23,15:00:00,Tuesday,Dawes route,General Delay,10,1,B/W,
2019-02-12,62,15:00:00,Tuesday,Mortimer Route,General Delay,10,1,B/W,
2019-02-12,102,15:00:00,Tuesday,Markham road,General Delay,20,1,B/W,
2019-02-12,52,15:01:00,Tuesday,CHURCH ST. AT JANE ST.,Late Leaving Garage,7,14,E/B,8208
2019-02-12,34,15:01:00,Tuesday,Kennedy Station,Mechanical,5,13,W/B,8683
2019-02-12,995,15:02:00,Tuesday,York Mills and Bay view,Investigation,9,18,E/B,3434
2019-02-12,168,15:07:00,Tuesday,Avon Loop (Rogers/Weston),Mechanical,7,14,S/B,1410
2019-02-12,953,15:10:00,Tuesday,FSTN,Mechanical,15,30,W/B,9086
2019-02-12,25,15:11:00,Tuesday,Fenelon Loop/Graydon Hall,Diversion,1,1,S/B,8629
2019-02-12,120,15:12:00,Tuesday,Sheppard and Sentinel,Mechanical,24,48,E/B,3310
2019-02-12,32,15:18:00,Tuesday,Vesta/Eglinton,Mechanical,9,17,W/B,1052
2019-02-12,129,15:20:00,Tuesday,McNicoll on McCowan,Mechanical,7,14,N/B,1402
2019-02-12,24,15:24:00,Tuesday,Finch Ave,Mechanical,9,18,E/B,8453
2019-02-12,102,15:25:00,Tuesday,Milner and Markham,Mechanical,20,40,S/B,8498
2019-02-12,32,15:26:00,Tuesday,Vesta,Diversion,1,1,W/B,
2019-02-12,68,15:27:00,Tuesday,Warden and Comstock,Mechanical,10,20,S/B,8895
2019-02-12,53,15:30:00,Tuesday,FSTN- MOFI,General Delay,11,36,B/W,
2019-02-12,952,15:30:00,Tuesday,Lawrence Station to Airport,General Delay,15,25,B/W,
2019-02-12,10,15:31:00,Tuesday,Van Horn and Brian ave,Mechanical,15,30,E/B,8204
2019-02-12,21,15:34:00,Tuesday,STC,Late Leaving Garage,12,24,N/B,
2019-02-12,86,15:35:00,Tuesday,KENN,Mechanical,16,32,N/B,8785
2019-02-12,52,15:37:00,Tuesday,Terminal 1,Late Leaving Garage,7,20,E/B,8188
2019-02-12,6,15:38:00,Tuesday,Bay at Queen,Investigation,1,1,N/B,1590
2019-02-12,67,15:40:00,Tuesday,Pharmacy at Dolphine,Mechanical,10,20,N/B,8913
2019-02-12,68,15:41:00,Tuesday,Warden and Roper rd,Mechanical,7,14,N/B,8773
2019-02-12,953,15:42:00,Tuesday,Vic Park and Steeles,Mechanical,6,11,E/B,9097
2019-02-12,553,15:45:00,Tuesday,Dupont and Dundas,Utilized Off Route,1,1,E/B,1258
2019-02-12,168,15:45:00,Tuesday,Ossington Station,Utilized Off Route,7,14,N/B,1111
2019-02-12,929,15:45:00,Tuesday,Dufferin and Lawrence,Mechanical,10,20,S/B,9149
2019-02-12,63,15:46:00,Tuesday,Ossington Stn,Emergency Services,8,21,N/B,1395
2019-02-12,35,15:51:00,Tuesday,JNST,Utilized Off Route,10,20,N/B,3105
2019-02-12,109,15:51:00,Tuesday,Eglinton west station,Late Leaving Garage,11,22,N/B,1219
2019-02-12,60,15:52:00,Tuesday,Steeles and Fenmar,Investigation,8,16,E/B,9135
2019-02-12,66,15:52:00,Tuesday,berry and park lawn,Investigation,10,20,W/B,7906
2019-02-12,41,15:53:00,Tuesday,PVST,Investigation,12,24,N/B,9035
2019-02-12,116,15:55:00,Tuesday,KENN,Mechanical,28,53,E/B,8798
2019-02-12,78,16:00:00,Tuesday,York Mills Station to CARLUKE CR. AT FIFESHIRE RD.E.,General Delay,17,31,B/W,
2019-02-12,601,16:09:00,Tuesday,OSTN,Mechanical,1,1,E/B,8150
2019-02-12,80,16:12:00,Tuesday,howard park and parkside,Mechanical,30,60,W/B,7918
2019-02-12,106,16:28:00,Tuesday,Tuscan Gate,Mechanical,10,20,E/B,9021
2019-02-12,134,16:30:00,Tuesday,STC- FDFI,General Delay,20,48,B/W,
2019-02-12,70,16:30:00,Tuesday,O'Connor at Amsterdam,Mechanical,17,34,N/B,8710
2019-02-12,131,16:35:00,Tuesday,Washburn way,Mechanical,9,18,N/B,1798
2019-02-12,39,16:36:00,Tuesday,Finch Station,General Delay,1,1,B/W,1710
2019-02-12,134,16:36:00,Tuesday,STC,Mechanical,5,10,E/B,9098
2019-02-12,939,16:36:00,Tuesday,Finch Station,General Delay,1,1,B/W,1649
2019-02-12,927,16:37:00,Tuesday,RC27,Mechanical,6,12,S/B,3235
2019-02-12,171,16:40:00,Tuesday,Mt. Dennis,Mechanical,20,40,W/B,1413
2019-02-12,11,16:44:00,Tuesday,Bayview Ave and Craig Cresent,Mechanical,7,14,N/B,8181
2019-02-12,25,16:50:00,Tuesday,PSTN,Utilized Off Route,5,11,N/B,8678
2019-02-12,47,16:50:00,Tuesday,Yorkdale,Mechanical,27,54,S/B,1034
2019-02-12,913,16:55:00,Tuesday,Bushby and Mccowan,Mechanical,9,18,W/B,9090
2019-02-12,953,17:00:00,Tuesday,Brenham Cr and Bayview Ave,Mechanical,15,30,W/B,9084
2019-02-12,939,17:06:00,Tuesday,Birchmount and Finch,Mechanical,11,22,B/W,1324
2019-02-12,29,17:15:00,Tuesday,Dufferin gate Loop,Mechanical,7,15,S/B,9050
2019-02-12,47,17:15:00,Tuesday,St Clair and Lansdowne,Investigation,5,10,S/B,1065
2019-02-12,131,17:20:00,Tuesday,Neilson stop,Mechanical,9,18,S/B,1609
2019-02-12,116,17:20:00,Tuesday,Kingston and Eglinton,Mechanical,12,24,W/B,8926
2019-02-12,116,17:23:00,Tuesday,MSNS,Mechanical,7,13,S/B,8675
2019-02-12,905,17:24:00,Tuesday,Kingston and Celeste,Mechanical,9,18,N/B,8788
2019-02-12,116,17:37:00,Tuesday,Morningside and Ellesmere,Diversion,349,359,N/B,
2019-02-12,87,17:40:00,Tuesday,main station,Utilized Off Route,6,12,E/B,8594
2019-02-12,36,17:40:00,Tuesday,Humberline,Diversion,20,30,W/B,3147
2019-02-12,905,17:40:00,Tuesday,ellesmere and morningside,Diversion,348,362,B/W,
2019-02-12,100,17:42:00,Tuesday,BSTN,Utilized Off Route,1,1,N/B,8753
2019-02-12,81,17:43:00,Tuesday,pape station,Utilized Off Route,9,18,E/B,9232
2019-02-12,25,17:45:00,Tuesday,PSTN,Utilized Off Route,5,11,N/B,8906
2019-02-12,116,17:46:00,Tuesday,KENN,Mechanical,7,13,E/B,8888
2019-02-12,86,17:46:00,Tuesday,KENN,Utilized Off Route,16,32,E/B,8786
2019-02-12,66,17:50:00,Tuesday,humber/park lawn  loop,Mechanical,10,20,W/B,7909
2019-02-12,36,17:52:00,Tuesday,Arrow rd,Mechanical,5,10,W/B,3270
2019-02-12,52,17:56:00,Tuesday,Lawrence West Station,Mechanical,13,27,E/B,1370
2019-02-12,12,17:58:00,Tuesday,St Clair Ave and Kingston Rd,Mechanical,25,50,E/B,8526
2019-02-12,953,18:03:00,Tuesday,Middlefield and Steeles,Mechanical,15,30,W/B,9070
2019-02-12,102,18:05:00,Tuesday,warden station,Utilized Off Route,20,40,N/B,8407
2019-02-12,47,18:09:00,Tuesday,Yordale,Investigation,27,54,S/B,1010
2019-02-12,66,18:15:00,Tuesday,humber loop,Utilized Off Route,15,30,W/B,7966
2019-02-12,116,18:21:00,Tuesday,Guildwood and Prince Philip,Mechanical,25,55,W/B,8648
2019-02-12,7,18:23:00,Tuesday,Greenwin Village,Mechanical,9,18,S/B,8190
2019-02-12,63,18:24:00,Tuesday,Atlantic / King,Utilized Off Route,10,20,N/B,8196
2019-02-12,162,18:30:00,Tuesday,Donway and Lawrence,Mechanical,30,60,N/B,1246
2019-02-12,607,18:30:00,Tuesday,STC,Utilized Off Route,1,1,E/B,1803
2019-02-12,42,18:30:00,Tuesday,DYMC,Utilized Off Route,13,26,E/B,8155
2019-02-12,54,18:35:00,Tuesday,Lawrence and Eglinton,Utilized Off Route,10,20,W/B,8802
2019-02-12,939,18:36:00,Tuesday,Pharmacy and Finch,Investigation,6,12,B/W,1559
2019-02-12,25,18:36:00,Tuesday,PSTN,Utilized Off Route,5,11,N/B,8789
2019-02-12,116,18:36:00,Tuesday,1285 Morningside,Mechanical,6,13,N/B,8675
2019-02-12,90,18:37:00,Tuesday,St.Clair west station,Utilized Off Route,5,10,N/B,8376
2019-02-12,711,18:38:00,Tuesday,Wilson Garage,Utilized Off Route,1,1,E/B,8189
2019-02-12,32,18:39:00,Tuesday,ESTN,Utilized Off Route,9,18,W/B,1052
2019-02-12,89,18:40:00,Tuesday,Albion Road & Weston road,Utilized Off Route,10,20,S/B,1268
2019-02-12,701,18:40:00,Tuesday,Wilson Garage,Utilized Off Route,1,1,E/B,8351
2019-02-12,900,18:45:00,Tuesday,Kipling stn,Utilized Off Route,8,16,B/W,8005
2019-02-12,44,18:45:00,Tuesday,Kipling stn,Utilized Off Route,10,20,B/W,7926
2019-02-12,110,18:45:00,Tuesday,Long branch loop,Utilized Off Route,18,36,B/W,8057
2019-02-12,119,18:45:00,Tuesday,Jane and Wilson,Investigation,1,1,E/B,3193
2019-02-12,73,18:45:00,Tuesday,Royal york,Utilized Off Route,14,28,B/W,7974
2019-02-12,47,18:47:00,Tuesday,EARL,Utilized Off Route,20,40,S/B,1067
2019-02-12,6,18:50:00,Tuesday,Davenport @ Dupont,Utilized Off Route,15,30,N/B,1267
2019-02-12,35,18:50:00,Tuesday,JNST,Utilized Off Route,5,10,N/B,3112
2019-02-12,34,18:51:00,Tuesday,KENN,Utilized Off Route,9,14,W/B,8760
2019-02-12,134,18:52:00,Tuesday,STC,Utilized Off Route,5,10,E/B,1708
2019-02-12,24,18:53:00,Tuesday,victoria park station,Utilized Off Route,9,18,N/B,8716
2019-02-12,39,18:54:00,Tuesday,Morningside and Sewell,Utilized Off Route,17,34,B/W,1721
2019-02-12,16,18:55:00,Tuesday,warden station,Utilized Off Route,11,22,N/B,8525
2019-02-12,553,18:55:00,Tuesday,Dufferin and St. Clair,Utilized Off Route,1,1,N/B,1071
2019-02-12,96,18:55:00,Tuesday,Yorkmills Station,Utilized Off Route,22,44,W/B,3359
2019-02-12,121,19:00:00,Tuesday,121 Fort York,General Delay,20,1,B/W,
2019-02-12,53,19:00:00,Tuesday,Markham and Steeles,Diversion,5,10,W/B,1741
2019-02-12,935,19:02:00,Tuesday,JNST,Utilized Off Route,10,20,N/B,3243
2019-02-12,116,19:02:00,Tuesday,KENN,Mechanical,10,20,E/B,8667
2019-02-12,57,19:03:00,Tuesday,KENN,Utilized Off Route,14,30,N/B,8745
2019-02-12,85,19:04:00,Tuesday,Malvern Gate - Sheppard,Utilized Off Route,16,31,W/B,1386
2019-02-12,927,19:05:00,Tuesday,KPSN,Utilized Off Route,10,20,N/B,3113
2019-02-12,34,19:05:00,Tuesday,Concorde Place,Utilized Off Route,12,24,E/B,8761
2019-02-12,161,19:05:00,Tuesday,Ossington stn,Investigation,16,32,N/B,1380
2019-02-12,110,19:10:00,Tuesday,long braNCH LOOP,Utilized Off Route,18,36,W/B,8057
2019-02-12,15,19:11:00,Tuesday,Evans at Kipling,Mechanical,15,30,E/B,7950
2019-02-12,34,19:12:00,Tuesday,ESTN,Mechanical,5,9,E/B,8807
2019-02-12,60,19:20:00,Tuesday,FSTN,Utilized Off Route,8,16,W/B,3210
2019-02-12,60,19:20:00,Tuesday,FSTN,Utilized Off Route,7,14,W/B,3210
2019-02-12,71,19:20:00,Tuesday,Guns Loop,Diversion,110,130,S/B,
2019-02-12,60,19:25:00,Tuesday,Steeles and Hwy 400,Diversion,8,20,B/W,
2019-02-12,995,19:30:00,Tuesday,Ellesmere and Kennedy,Utilized Off Route,10,20,E/B,1400
2019-02-12,710,19:30:00,Tuesday,KENN,Utilized Off Route,0,0,N/B,8755
2019-02-12,100,19:34:00,Tuesday,KENN,Utilized Off Route,1,1,E/B,8927
2019-02-12,939,19:35:00,Tuesday,Scarborough Town Center,Utilized Off Route,13,26,B/W,1653
2019-02-12,54,19:53:00,Tuesday,RTLS,Utilized Off Route,14,28,N/B,8925
2019-02-12,73,20:00:00,Tuesday,Royal york,Utilized Off Route,20,40,B/W,7973
2019-02-12,45,20:00:00,Tuesday,Kipling stn,Utilized Off Route,10,20,B/W,8607
2019-02-12,73,20:00:00,Tuesday,Royal york,Utilized Off Route,10,20,B/W,7973
2019-02-12,34,20:00:00,Tuesday,KENN,Utilized Off Route,1,1,E/B,8782
2019-02-12,985,20:00:00,Tuesday,Scar Town Centre Station,Mechanical,12,24,W/B,9077
2019-02-12,45,20:00:00,Tuesday,Kipling stn,Utilized Off Route,10,20,B/W,8024
2019-02-12,95,20:00:00,Tuesday,YKMS to KNRD,General Delay,20,40,B/W,
2019-02-12,38,20:03:00,Tuesday,Conference Blvd and Port Union,Mechanical,9,18,B/W,1774
2019-02-12,97,20:06:00,Tuesday,FSTN,Utilized Off Route,30,60,N/B,8163
2019-02-12,601,20:10:00,Tuesday,St.Clair station,Utilized Off Route,1,1,N/B,8175
2019-02-12,60,20:13:00,Tuesday,Finch stn,Utilized Off Route,5,10,W/B,9116
2019-02-12,29,20:15:00,Tuesday,Wilson stn,Utilized Off Route,8,16,S/B,1070
2019-02-12,929,20:15:00,Tuesday,Dufferin stn,Emergency Services,10,20,S/B,9023
2019-02-12,53,20:15:00,Tuesday,FSTN,Utilized Off Route,5,10,S/B,1404
2019-02-12,32,20:15:00,Tuesday,ESTN,Utilized Off Route,9,19,W/B,1099
2019-02-12,36,20:18:00,Tuesday,Finch stn,Utilized Off Route,5,10,W/B,3323
2019-02-12,24,20:19:00,Tuesday,victoria park station,Utilized Off Route,8,16,N/B,8603
2019-02-12,121,20:21:00,Tuesday,MLCH,Utilized Off Route,20,40,E/B,9235
2019-02-12,7,20:21:00,Tuesday,Greenwin Village,Utilized Off Route,10,19,N/B,8388
2019-02-12,32,20:25:00,Tuesday,ESTN,Utilized Off Route,9,18,W/B,1054
2019-02-12,41,20:25:00,Tuesday,Poineer village station,Utilized Off Route,17,34,S/B,9035
2019-02-12,165,20:30:00,Tuesday,Wilson Station,Utilized Off Route,10,20,E/B,3329
2019-02-12,26,20:30:00,Tuesday,JNST,Utilized Off Route,24,48,E/B,1110
2019-02-12,35,20:34:00,Tuesday,JNST,Utilized Off Route,8,16,N/B,3306
2019-02-12,96,20:40:00,Tuesday,Yorkmills Station,Utilized Off Route,19,34,W/B,3142
2019-02-12,60,20:41:00,Tuesday,SLPM,Mechanical,9,18,W/B,9130
2019-02-12,86,20:44:00,Tuesday,KENN,Mechanical,10,19,N/B,8785
2019-02-12,79,20:45:00,Tuesday,Eglinton and Scarlett,Utilized Off Route,24,48,N/B,1325
2019-02-12,134,20:58:00,Tuesday,Washburn and Tapscott,Mechanical,24,48,S/B,1645
2019-02-12,985,21:00:00,Tuesday,Sheppard and Midland,Mechanical,12,24,W/B,9079
2019-02-12,927,21:05:00,Tuesday,KPSN,Utilized Off Route,10,20,N/B,3338
2019-02-12,24,21:20:00,Tuesday,Victoria Park Station,Utilized Off Route,7,14,B/W,8455
2019-02-12,52,21:26:00,Tuesday,Lawrence West Station,Mechanical,11,23,W/B,9006
2019-02-12,84,21:30:00,Tuesday,Sheppard and Seely,Mechanical,9,18,E/B,3340
2019-02-12,11,22:00:00,Tuesday,Davisville Station to Bayview and Steeles,General Delay,23,53,B/W,
2019-02-12,905,22:08:00,Tuesday,KENN,Mechanical,13,26,E/B,8788
2019-02-12,25,22:15:00,Tuesday,Don Mills and Goodview,Mechanical,9,18,S/B,8682
2019-02-12,37,22:15:00,Tuesday,isst,Utilized Off Route,12,47,S/B,7963
2019-02-12,86,22:20:00,Tuesday,KENN,Mechanical,9,19,E/B,8626
2019-02-12,97,22:40:00,Tuesday,Eglinton and Yonge,Investigation,30,60,S/B,8163
2019-02-12,47,22:42:00,Tuesday,Lansdowne at Dupont,Mechanical,1,1,S/B,1329
2019-02-12,55,23:00:00,Tuesday,Old Dundas  street /Lundy Ave,Diversion,159,189,B/W,
2019-02-12,37,23:00:00,Tuesday,Humberwood / Rexdale,Investigation,20,40,N/B,7957
2019-02-12,53,23:03:00,Tuesday,Lauraleaf and Steeles,Emergency Services,19,38,W/B,1654
2019-02-12,95,23:06:00,Tuesday,Silverdale / York Mills,Mechanical,10,20,E/B,1794
2019-02-12,123,23:10:00,Tuesday,Long branch loop,Mechanical,15,30,E/B,7916
2019-02-12,95,23:30:00,Tuesday,Silverdale and York Mills,Mechanical,10,20,E/B,1794
2019-02-12,95,23:34:00,Tuesday,Don Mills and York Mills,Diversion,5,25,E/B,
2019-02-12,32,23:38:00,Tuesday,EWST,Mechanical,30,60,W/B,1605
2019-02-12,116,23:43:00,Tuesday,Morningside and ellesmere,Mechanical,10,20,N/B,8675
2019-02-12,59,23:50:00,Tuesday,CHJA,Mechanical,30,60,W/B,3275
2019-02-13,95,00:09:00,Wednesday,Neilson/Ellesmere,Mechanical,10,20,W/B,1601
2019-02-13,72,00:21:00,Wednesday,Eastern Ave and Carlaw Ave,Emergency Services,9,18,B/W,9217
2019-02-13,32,00:34:00,Wednesday,Renfortrh station,Mechanical,10,20,E/B,1049
2019-02-13,39,01:24:00,Wednesday,Pharmacy and Finch,Investigation,10,20,W/B,1629
2019-02-13,116,01:39:00,Wednesday,Guildwood Parkway and Prince Philips,Mechanical,10,20,N/B,8675
2019-02-13,320,01:49:00,Wednesday,Steeles and Yonge,Mechanical,7,14,S/B,8367
2019-02-13,320,02:01:00,Wednesday,Yonge and Eglinton,Utilized Off Route,7,14,S/B,8131
2019-02-13,116,02:25:00,Wednesday,Morningside and Nightstar,Mechanical,0,0,S/B,8892
2019-02-13,320,02:29:00,Wednesday,SYON,Mechanical,7,14,S/B,8367
2019-02-13,339,02:30:00,Wednesday,NECR,Investigation,30,30,W/B,1629
2019-02-13,610,04:30:00,Wednesday,Eglinton Yard,Utilized Off Route,1,1,E/B,8688
2019-02-13,710,04:30:00,Wednesday,Eglinton Yard,Utilized Off Route,1,1,E/B,8759
2019-02-13,336,04:36:00,Wednesday,,Late Leaving Garage,20,40,,3192
2019-02-13,102,04:44:00,Wednesday,WSTN,Late Leaving Garage,15,30,N/B,8423
2019-02-13,9,04:53:00,Wednesday,STC,Late Leaving Garage,20,40,S/B,8461
2019-02-13,54,04:59:00,Wednesday,Lawrence & Morningside,Late Leaving Garage,30,30,W/B,8918
2019-02-13,610,05:00:00,Wednesday,Eglinton Yard,Utilized Off Route,1,1,E/B,8916
2019-02-13,20,05:00:00,Wednesday,MSTN,Late Leaving Garage,20,40,E/B,8438
2019-02-13,34,05:00:00,Wednesday,Eglinton station,Late Leaving Garage,10,1,see,8728
2019-02-13,39,05:00:00,Wednesday,39 Finch Route-All Branch,General Delay,20,34,B/W,1657
2019-02-13,939,05:00:00,Wednesday,939 Finch Express-All Branch,General Delay,20,29,B/W,
2019-02-13,84,05:02:00,Wednesday,Sheppard and Arrow,Late Leaving Garage,0,0,E/B,3283
2019-02-13,610,05:10:00,Wednesday,Eglinton Yard,Utilized Off Route,1,1,E/B,8697
2019-02-13,96,05:12:00,Wednesday,FIHU,Late Leaving Garage,10,15,E/B,3308
2019-02-13,63,05:15:00,Wednesday,strachan / king,Mechanical,13,0,S/B,1216
2019-02-13,12,05:19:00,Wednesday,KRBR,Late Leaving Garage,15,30,E/B,8524
2019-02-13,79,05:20:00,Wednesday,PINE,Late Leaving Garage,17,17,S/B,1048
2019-02-13,25,05:25:00,Wednesday,EGGA,Late Leaving Garage,7,15,N/B,8706
2019-02-13,116,05:26:00,Wednesday,Staines Rd/Morningside Ave,Late Leaving Garage,8,16,S/B,8623
2019-02-13,165,05:37:00,Wednesday,FWES,Late Leaving Garage,5,10,W/B,3285
2019-02-13,100,05:38:00,Wednesday,Don Mills & Wynford,Late Leaving Garage,8,4,S/B,
2019-02-13,43,05:39:00,Wednesday,Kennedy Station,Utilized Off Route,14,24,N/B,8888
2019-02-13,94,05:39:00,Wednesday,CastleFrank Stn,Late Leaving Garage,13,13,W/B,1418
2019-02-13,29,05:39:00,Wednesday,Dufferin / Lawrence,Late Leaving Garage,8,15,N/B,9145
2019-02-13,52,05:40:00,Wednesday,Terminal 3 airport,Mechanical,22,45,E/B,8183
2019-02-13,939,05:43:00,Wednesday,McCowan and Sheppard,Late Leaving Garage,8,16,W/B,1244
2019-02-13,20,05:43:00,Wednesday,BRGA,Mechanical,13,26,N/B,8419
2019-02-13,68,05:44:00,Wednesday,Warden Loop,Late Leaving Garage,19,40,S/B,8926
2019-02-13,11,05:46:00,Wednesday,wilson / avenue rd,Investigation,25,25,S/B,8219
2019-02-13,32,05:47:00,Wednesday,REGW,Utilized Off Route,8,16,E/B,1264
2019-02-13,118,05:50:00,Wednesday,WILS,Late Leaving Garage,20,40,W/B,3260
2019-02-13,925,05:51:00,Wednesday,EGGA,Late Leaving Garage,1,1,N/B,8854
2019-02-13,116,05:53:00,Wednesday,Eglinton Ave E/McCowan Rd,Emergency Services,12,24,E/B,8730
2019-02-13,84,05:56:00,Wednesday,Sheppard and Arrow,Late Leaving Garage,7,14,E/B,3363
2019-02-13,110,05:56:00,Wednesday,Islington Station,Mechanical,20,40,N/B,7952
2019-02-13,25,05:58:00,Wednesday,DMIL,Late Leaving Garage,5,7,S/B,8701
2019-02-13,51,06:00:00,Wednesday,Eglinton Station,Late Leaving Garage,17,34,N/B,8112
2019-02-13,54,06:00:00,Wednesday,Lawrence & Greencrest,Late Leaving Garage,9,18,E/B,8820
2019-02-13,989,06:00:00,Wednesday,SIGT,Late Leaving Garage,12,12,S/B,1034
2019-02-13,122,06:00:00,Wednesday,York Mils Station to Roywood Dr & Fenside,General Delay,30,40,B/W,
2019-02-13,14,06:00:00,Wednesday,Caledonia & Glencairn,Late Leaving Garage,23,46,E/B,1050
2019-02-13,72,06:01:00,Wednesday,PSTN,Late Leaving Garage,7,14,S/B,
2019-02-13,39,06:01:00,Wednesday,Balddon and Finch Av,Late Leaving Garage,20,20,E/B,1612
2019-02-13,106,06:03:00,Wednesday,Pioneer Village Station,Late Leaving Garage,12,24,S/B,1252
2019-02-13,102,06:05:00,Wednesday,WSTN,Late Leaving Garage,19,38,N/B,8412
2019-02-13,47,06:06:00,Wednesday,Caledonia and Lawrence,Mechanical,9,18,S/B,1145
2019-02-13,44,06:06:00,Wednesday,KPSN,Late Leaving Garage,7,14,S/B,
2019-02-13,57,06:08:00,Wednesday,Midland Ave/Steeles Ave E,Late Leaving Garage,8,16,S/B,8872
2019-02-13,123,06:08:00,Wednesday,KPSN,Late Leaving Garage,1,32,S/B,7967
2019-02-13,43,06:09:00,Wednesday,Kennedy Station,Utilized Off Route,10,20,N/B,8748
2019-02-13,95,06:09:00,Wednesday,Scarborough Loop,Late Leaving Garage,7,14,W/B,1531
2019-02-13,110,06:10:00,Wednesday,Islington Station,Utilized Off Route,12,24,S/B,8617
2019-02-13,43,06:10:00,Wednesday,Scarborough Town Station,Late Leaving Garage,17,27,W/B,8637
2019-02-13,61,06:13:00,Wednesday,Wilson Garage,Mechanical,10,20,E/B,8119
2019-02-13,102,06:14:00,Wednesday,WSTN,Late Leaving Garage,20,40,N/B,8425
2019-02-13,89,06:16:00,Wednesday,Weston / Albion,Utilized Off Route,12,24,S/B,1111
2019-02-13,986,06:17:00,Wednesday,Kennedy STN,Late Leaving Garage,5,10,E/B,8751
2019-02-13,935,06:19:00,Wednesday,Wilson,Investigation,10,20,sb,3131
2019-02-13,117,06:20:00,Wednesday,Martin Ross and Flint,Mechanical,10,20,N/B,9019
2019-02-13,43,06:20:00,Wednesday,Scarborough Town Station,Late Leaving Garage,10,32,W/B,8894
2019-02-13,937,06:20:00,Wednesday,Islington Station,Late Leaving Garage,10,20,N/B,8072
2019-02-13,954,06:20:00,Wednesday,Eglinton Yard,Late Leaving Garage,1,1,W/B,8631
2019-02-13,47,06:21:00,Wednesday,Lansdowne and Bloor,Mechanical,18,36,N/B,1074
2019-02-13,165,06:21:00,Wednesday,YKMS,Late Leaving Garage,5,10,W/B,3107
2019-02-13,93,06:22:00,Wednesday,Hackberry St and Woodbine Heights Blvd,Diversion,153,183,SB,8567
2019-02-13,989,06:24:00,Wednesday,SIGT,Late Leaving Garage,12,24,S/B,1329
2019-02-13,132,06:25:00,Wednesday,STC SRT,Mechanical,12,24,68134,1650
2019-02-13,129,06:26:00,Wednesday,Major Mackenzie to STC,General Delay,30,42,B/W,
2019-02-13,68,06:27:00,Wednesday,Warden Loop,Late Leaving Garage,5,10,S/B,8669
2019-02-13,60,06:30:00,Wednesday,Steeles Loop to Finch Station,General Delay,17,22,B/W,
2019-02-13,106,06:30:00,Wednesday,Pioneer Village Station,Mechanical,8,16,N/B,8356
2019-02-13,162,06:31:00,Wednesday,Wilson Garage,Mechanical,30,60,E/B,8147
2019-02-13,995,06:33:00,Wednesday,Scarborough Loop,Late Leaving Garage,10,18,W/B,1394
2019-02-13,33,06:36:00,Wednesday,Spadina and Eglinton,Late Leaving Garage,30,60,S/B,1388
2019-02-13,924,06:36:00,Wednesday,VP Station,Mechanical,10,20,N/B,9214
2019-02-13,75,06:36:00,Wednesday,wilson garage,Late Leaving Garage,10,19,S/B,1375
2019-02-13,169,06:39:00,Wednesday,Nugget and McCowan,Mechanical,20,40,W/B,1235
2019-02-13,939,06:39:00,Wednesday,Morningside and Staines,Investigation,8,16,W/B,3416
2019-02-13,86,06:40:00,Wednesday,Eglinton Ave E/Midland Ave,Diversion,43,56,E/B,
2019-02-13,986,06:40:00,Wednesday,Eglinton Ave E/Midland Ave,Diversion,43,48,E/B,
2019-02-13,78,06:40:00,Wednesday,York Mills Station,Late Leaving Garage,10,20,N/B,1276
2019-02-13,116,06:40:00,Wednesday,Eglinton Ave E/Midland Ave,Diversion,43,50,E/B,
2019-02-13,905,06:40:00,Wednesday,Eglinton Ave E/Midland Ave,Diversion,43,51,E/B,
2019-02-13,87,06:42:00,Wednesday,Main Station,Utilized Off Route,5,10,NB,9225
2019-02-13,116,06:43:00,Wednesday,Eglinton Ave E/Bellamy Rd,Emergency Services,7,13,W/B,8843
2019-02-13,924,06:43:00,Wednesday,Victoria Pk Station.,Late Leaving Garage,10,20,N/B,9217
2019-02-13,35,06:44:00,Wednesday,Weston Road and Jane,Investigation,9,18,N/B,3295
2019-02-13,935,06:46:00,Wednesday,Pioneer Village Station,Late Leaving Garage,8,16,S/B,3200
2019-02-13,985,06:46:00,Wednesday,Meadowvale Loop,Late Leaving Garage,10,20,W/B,1504
2019-02-13,21,06:47:00,Wednesday,Midland and Eglinton,Diversion,43,53,N/B,3422
2019-02-13,44,06:48:00,Wednesday,CSSL,Mechanical,7,14,N/B,7926
2019-02-13,939,06:49:00,Wednesday,STC SRT,Mechanical,8,16,W/B,1607
2019-02-13,70,06:49:00,Wednesday,WAST,Mechanical,17,34,W/B,8729
2019-02-13,12,06:51:00,Wednesday,Eglinton and Midland,Diversion,1,1,E/B,8524
2019-02-13,945,06:53:00,Wednesday,KPSN,Mechanical,6,12,N/B,7934
2019-02-13,941,06:55:00,Wednesday,KSTN,Mechanical,11,24,N/B,1010
2019-02-13,134,06:56:00,Wednesday,STC,Utilized Off Route,4,8,E/B,9059
2019-02-13,112,06:59:00,Wednesday,RENFORTH AND GENTIAN,Mechanical,15,30,N/B,7969
2019-02-13,986,07:00:00,Wednesday,Kennedy to Sheppard Loop,General Delay,15,20,B/W,
2019-02-13,905,07:00:00,Wednesday,Kennedy to U of T Scarborough,General Delay,20,28,B/W,
2019-02-13,945,07:00:00,Wednesday,ENTIRE ROUTE,General Delay,6,40,B/W,
2019-02-13,95,07:00:00,Wednesday,Entire Route,General Delay,15,35,B/W,
2019-02-13,28,07:00:00,Wednesday,Davis ville Stn to The Brickworks,General Delay,21,40,B/W,
2019-02-13,61,07:00:00,Wednesday,Eglinton Stn to Bombay loop,General Delay,16,26,B/W,
2019-02-13,116,07:00:00,Wednesday,Kennedy to Night Star,General Delay,20,30,B/W,
2019-02-13,43,07:00:00,Wednesday,Kennedy Station,Utilized Off Route,10,20,N/B,8894
2019-02-13,57,07:00:00,Wednesday,Kennedy to Midland,General Delay,15,28,B/W,
2019-02-13,86,07:00:00,Wednesday,Kennedy to Toronto Zoo,General Delay,20,33,B/W,
2019-02-13,45,07:00:00,Wednesday,ENTIRE ROUTE,General Delay,22,50,B/W,
2019-02-13,133,07:00:00,Wednesday,STC SRT,Utilized Off Route,11,22,E/B,1335
2019-02-13,38,07:00:00,Wednesday,STC SRT,Utilized Off Route,11,22,E/B,1343
2019-02-13,95,07:00:00,Wednesday,Kennedy and Yorkmills,Utilized Off Route,7,14,W/B,1712
2019-02-13,954,07:00:00,Wednesday,Starspray Loop & Lawrence SRT Station,General Delay,12,21,B/W,
2019-02-13,54,07:00:00,Wednesday,Starsptay Loop & Eglinton Station,General Delay,20,29,B/W,
2019-02-13,43,07:00:00,Wednesday,Kennedy Station & Steeles,General Delay,8,18,B/W,
2019-02-13,900,07:00:00,Wednesday,ENTIRE ROUTE,General Delay,10,40,B/W,
2019-02-13,44,07:00:00,Wednesday,entire route,General Delay,5,25,B/W,
2019-02-13,111,07:00:00,Wednesday,Entire Route,General Delay,20,,B/W,
2019-02-13,944,07:00:00,Wednesday,ENTIRE ROUTE,General Delay,7,30,B/W,
2019-02-13,112,07:00:00,Wednesday,ENTIRE ROUTE,General Delay,20,50,B/W,
2019-02-13,11,07:00:00,Wednesday,Davisville Stn to Steeles loop,General Delay,17,20,B/W,
2019-02-13,51,07:00:00,Wednesday,Eglinton Stn to Freshmeadows/Don Mills,General Delay,20,25,B/W,
2019-02-13,56,07:00:00,Wednesday,Eglinton Stn to Donland Stn,General Delay,19,25,B/W,
2019-02-13,5,07:00:00,Wednesday,Eglinton Stn to Queen park Circle,General Delay,18,22,B/W,1
2019-02-13,30,07:00:00,Wednesday,ENTIRE ROUTE,General Delay,20,50,B/W,
2019-02-13,34,07:01:00,Wednesday,Kennedy station,Utilized Off Route,4,9,W/B,8809
2019-02-13,116,07:01:00,Wednesday,KENN,Utilized Off Route,12,24,E/B,8886
2019-02-13,12,07:02:00,Wednesday,Kennedy Station,Utilized Off Route,14,28,E/B,9231
2019-02-13,125,07:02:00,Wednesday,Antibess,Utilized Off Route,10,20,E/B,8348
2019-02-13,902,07:02:00,Wednesday,WSTN,Late Leaving Garage,10,20,N/B,8964
2019-02-13,75,07:03:00,Wednesday,wilson / yorkmills,Utilized Off Route,5,9,N/B,1375
2019-02-13,939,07:04:00,Wednesday,Nightstart and Morningside,Late Leaving Garage,7,14,E/B,1308
2019-02-13,47,07:05:00,Wednesday,SLAN,Mechanical,18,36,S/B,1017
2019-02-13,116,07:08:00,Wednesday,Kennedy STN,Mechanical,7,13,E/B,8727
2019-02-13,606,07:08:00,Wednesday,BRGA,Utilized Off Route,1,1,B/W,8549
2019-02-13,985,07:09:00,Wednesday,Meadowvale Loop,Investigation,10,20,W/B,1393
2019-02-13,54,07:09:00,Wednesday,Eglinton Station,Late Leaving Garage,9,18,E/B,8845
2019-02-13,85,07:10:00,Wednesday,RHGO to Sheppard Station,General Delay,9,25,B/W,
2019-02-13,71,07:10:00,Wednesday,INMD,Mechanical,18,31,S/B,1058
2019-02-13,116,07:10:00,Wednesday,Guildwood Pkwy/Prince Philip Blvd,Emergency Services,25,50,W/B,8900
2019-02-13,985,07:10:00,Wednesday,DONS to STC -DONS to SLP,General Delay,10,20,B/W,
2019-02-13,720,07:25:00,Wednesday,Kennedy Station,Utilized Off Route,1,1,N/B,8693
2019-02-13,116,07:27:00,Wednesday,kennedy STN,Utilized Off Route,12,24,E/B,8841
2019-02-13,111,07:30:00,Wednesday,Kipling Station,Mechanical,12,24,N/B,7909
2019-02-13,123,07:30:00,Wednesday,Kipling station and entire route,General Delay,20,,B/W,
2019-02-13,15,07:30:00,Wednesday,Entire route,General Delay,25,,B/W,
2019-02-13,607,07:30:00,Wednesday,MGAT,Utilized Off Route,1,1,B/W,1707
2019-02-13,131,07:33:00,Wednesday,Tapscott and Washburn,Mechanical,8,16,E/B,9098
2019-02-13,52,07:34:00,Wednesday,Lawrence West stn,Mechanical,7,22,W/B,8140
2019-02-13,52,07:38:00,Wednesday,Lawrence stn,Mechanical,15,30,W/B,8160
2019-02-13,102,07:42:00,Wednesday,WSTN,Mechanical,20,40,N/B,8416
2019-02-13,102,07:45:00,Wednesday,Midland and St.Clair,Mechanical,20,40,N/B,8412
2019-02-13,32,07:45:00,Wednesday,Entire route,General Delay,6,31,B/W,
2019-02-13,102,07:57:00,Wednesday,CECO,Utilized Off Route,20,40,S/B,8545
2019-02-13,75,08:00:00,Wednesday,queen / maple,General Delay,6,11,B/W,
2019-02-13,87,08:00:00,Wednesday,Broadview and Cosburn,General Delay,15,1,B/W,
2019-02-13,144,08:00:00,Wednesday,COPL/NESS to ASIM,General Delay,20,40,B/W,8656
2019-02-13,82,08:00:00,Wednesday,rosedale stn / summerhill,General Delay,9,18,B/W,
2019-02-13,25,08:00:00,Wednesday,PSTN to FMDM,General Delay,30,36,B/W,8804
2019-02-13,160,08:00:00,Wednesday,wilson stn / clarke,General Delay,7,15,B/W,
2019-02-13,109,08:00:00,Wednesday,eglinton wstn / nuptune,General Delay,5,11,B/W,
2019-02-13,925,08:00:00,Wednesday,PSTN to FMDM,General Delay,30,40,B/W,8854
2019-02-13,7,08:00:00,Wednesday,bathurst stn / steeles,General Delay,6,10,B/W,
2019-02-13,69,08:00:00,Wednesday,Warden and St Clair,General Delay,10,1,B/W,
2019-02-13,70,08:00:00,Wednesday,CSTN to WAST/CRAG,General Delay,20,34,B/W,8784
2019-02-13,121,08:00:00,Wednesday,Front and Bay,General Delay,25,1,B/W,
2019-02-13,16,08:00:00,Wednesday,McCowan Road / WAST / STC,General Delay,9,18,B/W,
2019-02-13,14,08:00:00,Wednesday,ENTIRE ROUTE,General Delay,15,20,B/W,
2019-02-13,12,08:00:00,Wednesday,Both ways on Route,General Delay,20,1,B/W,
2019-02-13,102,08:00:00,Wednesday,Markham Route,General Delay,20,1,B/W,
2019-02-13,79,08:00:00,Wednesday,various locations,General Delay,20,27,B/W,
2019-02-13,109,08:00:00,Wednesday,eglinton wstn / bathurst,General Delay,6,12,B/W,
2019-02-13,9,08:00:00,Wednesday,Bellamy Road / WAST / STC,General Delay,15,30,B/W,
2019-02-13,47,08:00:00,Wednesday,various locations,General Delay,15,20,B/W,
2019-02-13,17,08:00:00,Wednesday,Birchmount Road / WAST,General Delay,13,26,B/W,
2019-02-13,161,08:00:00,Wednesday,various locations,General Delay,20,25,B/W,
2019-02-13,90,08:00:00,Wednesday,st clair wstn / oakwood,General Delay,4,8,B/W,
2019-02-13,24,08:00:00,Wednesday,BW Victoria Park,General Delay,20,1,B/W,
2019-02-13,924,08:00:00,Wednesday,BW Victoria Park,General Delay,20,1,B/W,
2019-02-13,902,08:00:00,Wednesday,Markham Express Route,General Delay,20,1,B/W,
2019-02-13,54,08:06:00,Wednesday,Lawrence & Brimley,Investigation,9,18,W/B,8794
2019-02-13,89,08:30:00,Wednesday,Entire route,General Delay,15,1,B/W,
2019-02-13,22,08:30:00,Wednesday,Coxwell Route,General Delay,10,1,B/W,
2019-02-13,72,08:30:00,Wednesday,Pape Route,General Delay,15,1,B/W,
2019-02-13,41,08:30:00,Wednesday,Entire route,General Delay,20,1,B/W,
2019-02-13,81,08:30:00,Wednesday,Thorncliffe Park,General Delay,10,1,B/W,
2019-02-13,29,08:30:00,Wednesday,Entire Route,General Delay,15,30,BW,
2019-02-13,12,08:34:00,Wednesday,Bingham Loop Exit,Investigation,14,28,W/B,9206
2019-02-13,12,08:39:00,Wednesday,Bingham Loop.,Diversion,1,1,W/B,8524
2019-02-13,39,08:40:00,Wednesday,Sandhurst Cir and Finch,Investigation,10,20,E/B,3436
2019-02-13,129,08:42:00,Wednesday,Steeles and McCowan,Mechanical,6,12,E/B,9097
2019-02-13,72,08:50:00,Wednesday,Cherry St and Commissioner St,Utilized Off Route,15,30,SB,8512
2019-02-13,719,08:54:00,Wednesday,CAEG,Investigation,1,1,E/B,1562
2019-02-13,87,08:54:00,Wednesday,Greenwood and Cosburn,Investigation,5,10,E/B,9225
2019-02-13,165,08:57:00,Wednesday,Wilson and Bathurst,Mechanical,5,10,W/B,3326
2019-02-13,134,08:58:00,Wednesday,On Brimley at Sr. Andrew Road,Mechanical,4,8,N/B,9059
2019-02-13,63,09:00:00,Wednesday,ENTIRE ROUTE,General Delay,1,1,B/W,
2019-02-13,144,09:00:00,Wednesday,Richmond at Church,Investigation,1,1,W/B,8780
2019-02-13,905,09:00:00,Wednesday,Scarborough College loop (U of T Scarborough),Late Leaving Garage,6,14,E/B,8674
2019-02-13,143,09:00:00,Wednesday,Downtown Beach Express,General Delay,15,30,W/B,
2019-02-13,102,09:00:00,Wednesday,WSTN,Utilized Off Route,20,40,N/B,8545
2019-02-13,24,09:03:00,Wednesday,Victoria Pk and St Clair,Mechanical,6,12,S/B,8482
2019-02-13,53,09:04:00,Wednesday,WB on Steeles at Willowdale,Emergency Services,5,10,E/B,1735
2019-02-13,144,09:09:00,Wednesday,Richmond at York St.,Investigation,1,1,W/B,8830
2019-02-13,63,09:10:00,Wednesday,Oakwood Loop,Mechanical,6,12,S/B,1231
2019-02-13,32,09:10:00,Wednesday,Eglinton West Stn.,Mechanical,5,11,E/B,1079
2019-02-13,11,09:10:00,Wednesday,Bayview and Manor,Investigation,15,30,S/B,1210
2019-02-13,38,09:19:00,Wednesday,RHGO to STC,General Delay,20,33,B/W,
2019-02-13,63,09:25:00,Wednesday,Eglinton W Station,Mechanical,8,16,S/B,1237
2019-02-13,50,09:30:00,Wednesday,Entire route,General Delay,10,30,W/B,7923
2019-02-13,989,09:32:00,Wednesday,Weston & Lawrence,Investigation,12,24,N/B,1329
2019-02-13,85,09:43:00,Wednesday,Lawrence and East Ave,Diversion,14,19,W/B,1658
2019-02-13,133,09:57:00,Wednesday,STC to Morningside and Finch,General Delay,21,32,B/W,
2019-02-13,131,10:00:00,Wednesday,Nugget Route,General Delay,30,60,B/W,9067
2019-02-13,939,10:00:00,Wednesday,STC SRT,Mechanical,9,18,W/B,1550
2019-02-13,54,10:02:00,Wednesday,Lawrence & Carnforth,Investigation,12,24,E/B,8724
2019-02-13,123,10:15:00,Wednesday,LONG BRANCH,Mechanical,22,44,N/B,8012
2019-02-13,116,10:21:00,Wednesday,Eglinton Ave E/Markham Rd,Emergency Services,10,20,E/B,8634
2019-02-13,102,10:23:00,Wednesday,Eglinton,Mechanical,20,40,N/B,8493
2019-02-13,42,10:30:00,Wednesday,Mcnicoll & Bramblerbrook,Diversion,46,58,B/W,
2019-02-13,929,10:40:00,Wednesday,Dufferin  / Eglinton,Mechanical,10,20,S/B,9052
2019-02-13,63,10:45:00,Wednesday,King and Atlantic,Mechanical,8,16,S/B,8145
2019-02-13,59,11:02:00,Wednesday,On Benton South of Lawrence,Investigation,22,44,S/B,3177
2019-02-13,52,11:09:00,Wednesday,Lawrence West stn,Mechanical,14,28,W/B,9006
2019-02-13,21,11:11:00,Wednesday,STC to Kennedy Station,General Delay,30,44,B/W,
2019-02-13,41,11:12:00,Wednesday,KELW,Mechanical,9,18,N/B,9045
2019-02-13,939,11:20:00,Wednesday,Finch Station,Mechanical,9,18,W/B,1753
2019-02-13,925,11:27:00,Wednesday,PSTN,Investigation,10,20,N/B,8698
2019-02-13,116,11:39:00,Wednesday,Guildwood pkwy/Prince Philip Blvd,Emergency Services,10,20,W/B,8640
2019-02-13,939,11:40:00,Wednesday,STC SRT,Mechanical,9,18,W/B,1338
2019-02-13,39,11:50:00,Wednesday,Sabdhurst Cir-Finch Av,Mechanical,14,28,W/B,1542
2019-02-13,92,11:53:00,Wednesday,Woodbine Station,Investigation,12,24,B/W,9223
2019-02-13,42,11:55:00,Wednesday,Mcnicoll & Bramblebrook,General Delay,63,75,B/W,
2019-02-13,54,11:58:00,Wednesday,Lawrence & Warden,Mechanical,12,24,E/B,8690
2019-02-13,25,12:18:00,Wednesday,DONS,Mechanical,8,16,B/W,8772
2019-02-13,60,12:25:00,Wednesday,Alness & Steeles,Mechanical,8,16,W/B,9120
2019-02-13,17,12:33:00,Wednesday,Birchmount Rd and Lawrence Ave East,Investigation,13,26,SB,9235
2019-02-13,905,12:39:00,Wednesday,Kennedy STN,Emergency Services,8,16,E/B,8674
2019-02-13,39,12:39:00,Wednesday,Bayview and Finch,Mechanical,18,36,W/B,1687
2019-02-13,902,12:40:00,Wednesday,Eglinton and Markham,Investigation,15,30,S/B,8405
2019-02-13,86,12:45:00,Wednesday,Eglinton Ave E/Markham Rd,Diversion,22,32,E/B,
2019-02-13,905,12:45:00,Wednesday,Eglinton Ave E/Markham Rd,Diversion,22,30,E/B,
2019-02-13,116,12:45:00,Wednesday,Eglinton Ave E/Markham Rd,Diversion,22,32,E/B,
2019-02-13,34,12:50:00,Wednesday,Eglinton & Rumsey,Investigation,20,40,W/B,8738
2019-02-13,32,12:59:00,Wednesday,EVER,Mechanical,13,26,E/B,1072
2019-02-13,7,13:15:00,Wednesday,eglinton / bathurst,Mechanical,10,20,S/B,8141
2019-02-13,84,13:20:00,Wednesday,Senlac & Sheppard,Investigation,10,20,W/B,3314
2019-02-13,602,13:21:00,Wednesday,Kipling Station,Utilized Off Route,1,1,S/B,7957
2019-02-13,38,13:22:00,Wednesday,STC,Mechanical,15,28,W/B,1632
2019-02-13,12,13:25:00,Wednesday,Victoria Park and Gerrard,Investigation,33,66,N/B,9231
2019-02-13,40,13:26:00,Wednesday,Runnymede Loop,Utilized Off Route,10,20,E/B,8067
2019-02-13,44,13:30:00,Wednesday,Kipling Station,Utilized Off Route,7,14,S/B,8076
2019-02-13,32,13:34:00,Wednesday,KEEG,Mechanical,10,20,E/B,1325
2019-02-13,46,14:10:00,Wednesday,Martingrove and Eglinton,Mechanical,15,30,SB,3185
2019-02-13,25,14:10:00,Wednesday,PSTN,Investigation,6,12,N/B,8628
2019-02-13,9,14:21:00,Wednesday,Scarborough Centre Station,Late Leaving Garage,20,39,EB,8465
2019-02-13,118,14:29:00,Wednesday,Arcot & Tandridge,Investigation,25,50,E/B,3101
2019-02-13,95,14:30:00,Wednesday,YOCE,Late Leaving Garage,8,16,E/B,3416
2019-02-13,47,14:40:00,Wednesday,YKDL,Mechanical,1,1,S/B,1024
2019-02-13,12,14:47:00,Wednesday,Bracken and Bingham,Investigation,7,16,N/B,8427
2019-02-13,34,14:48:00,Wednesday,Mount pleasant,Late Leaving Garage,12,12,W/B,8810
2019-02-13,75,14:48:00,Wednesday,Bloor,Mechanical,4,9,S/B,1230
2019-02-13,20,14:49:00,Wednesday,Garage,Mechanical,1,1,E/B,8940
2019-02-13,45,14:49:00,Wednesday,Colonel Sam Smith Loop,Mechanical,6,9,N/B,7909
2019-02-13,116,14:52:00,Wednesday,Eglinton Yard,Mechanical,1,1,,8860
2019-02-13,52,14:53:00,Wednesday,Lawrence Station,Mechanical,6,20,E/B,1314
2019-02-13,52,15:00:00,Wednesday,Lawrence West Station,General Delay,20,37,B/W,
2019-02-13,36,15:00:00,Wednesday,Milvan to Oakdale,General Delay,25,32,BW,
2019-02-13,134,15:00:00,Wednesday,STC- FDFI,General Delay,20,48,B/W,
2019-02-13,96,15:00:00,Wednesday,Route 96,General Delay,11,22,W/B,
2019-02-13,53,15:00:00,Wednesday,FSTN-MOFI,General Delay,11,36,B/W,
2019-02-13,52,15:01:00,Wednesday,Lawrence West Station,Late Leaving Garage,7,11,E/B,1250
2019-02-13,106,15:03:00,Wednesday,Sentinel and Finch,Late Leaving Garage,1,1,S/B,9014
2019-02-13,41,15:06:00,Wednesday,KSTN,Mechanical,9,18,N/B,9152
2019-02-13,32,15:10:00,Wednesday,KEEG,Late Leaving Garage,9,17,W/B,1092
2019-02-13,20,15:11:00,Wednesday,Garage,Late Leaving Garage,11,28,E/B,8560
2019-02-13,6,15:15:00,Wednesday,DDUP,Late Leaving Garage,8,13,S/B,1080
2019-02-13,123,15:16:00,Wednesday,Shureway GND,Mechanical,10,20,W/B,7914
2019-02-13,55,15:17:00,Wednesday,Old dundas and  Lundy,Mechanical,30,60,N/B,1095
2019-02-13,43,15:25:00,Wednesday,Progress and Midland (one stop before),Investigation,16,32,N/B,8716
2019-02-13,26,15:28:00,Wednesday,Christie and Dupont,Mechanical,18,36,E/B,1269
2019-02-13,35,15:28:00,Wednesday,Exbury,Mechanical,7,14,S/B,3197
2019-02-13,6,15:28:00,Wednesday,DDUP,Late Leaving Garage,8,13,S/B,1532
2019-02-13,11,15:37:00,Wednesday,Davisville Station,Late Leaving Garage,7,14,N/B,8155
2019-02-13,90,15:38:00,Wednesday,Oakwood and Vaughan,Mechanical,5,10,S/B,8137
2019-02-13,6,15:39:00,Wednesday,DDUP,Utilized Off Route,8,13,S/B,1146
2019-02-13,995,15:40:00,Wednesday,YKMS,Late Leaving Garage,10,20,E/B,1206
2019-02-13,953,15:42:00,Wednesday,FSTN,Late Leaving Garage,15,30,E/B,1569
2019-02-13,25,15:44:00,Wednesday,DONS,Late Leaving Garage,5,16,S/B,8819
2019-02-13,32,15:45:00,Wednesday,Eglinton at Ennerdale,Mechanical,8,16,W/B,1038
2019-02-13,900,15:49:00,Wednesday,Term 1 airport,Mechanical,10,20,S/B,8006
2019-02-13,32,15:55:00,Wednesday,KEEG,Mechanical,9,16,E/B,1023
2019-02-13,53,15:58:00,Wednesday,Steeles and Hendersen,Investigation,6,11,W/B,1612
2019-02-13,115,16:00:00,Wednesday,York Mills Station to BANNATYNE DR. AT SILVERGROVE RD.,General Delay,15,35,B/W,
2019-02-13,122,16:00:00,Wednesday,York Mills Station to ROYWOOD DR AND FENSIDE DR.,General Delay,15,33,B/W,
2019-02-13,30,16:00:00,Wednesday,30 Lamton route,General Delay,20,45,B/W,8084
2019-02-13,35,16:06:00,Wednesday,JNST,Late Leaving Garage,10,20,N/B,3140
2019-02-13,54,16:08:00,Wednesday,Kenndy and Lawerence,Investigation,11,21,W/B,8749
2019-02-13,939,16:10:00,Wednesday,BIFI,Mechanical,12,24,E/B,3439
2019-02-13,941,16:11:00,Wednesday,Keele Station,Mechanical,14,28,N/B,1053
2019-02-13,24,16:11:00,Wednesday,VPST,Mechanical,1,1,N/B,8947
2019-02-13,24,16:24:00,Wednesday,VPST,Mechanical,1,1,N/B,8424
2019-02-13,129,16:28:00,Wednesday,Steeles Loop,Mechanical,5,9,S/B,9098
2019-02-13,70,16:37:00,Wednesday,Pharnacy and Craigton,Mechanical,17,34,B/W,8736
2019-02-13,6,16:47:00,Wednesday,SHQQ,Utilized Off Route,6,13,N/B,1035
2019-02-13,52,16:47:00,Wednesday,Lawrence West Station,Mechanical,21,42,W/B,8371
2019-02-13,42,16:48:00,Wednesday,Finch station,Mechanical,13,26,W/B,8125
2019-02-13,32,17:16:00,Wednesday,Hilltop/Eglinton,Mechanical,9,17,W/B,1028
2019-02-13,97,17:24:00,Wednesday,Yonge & Eglinton,Investigation,30,60,N/B,1374
2019-02-13,985,17:29:00,Wednesday,Sheppard - McCowan,Mechanical,9,18,W/B,9076
2019-02-13,96,17:38:00,Wednesday,Humberline and Woodlot Crescent,Diversion,24,44,B/W,3313
2019-02-13,63,17:56:00,Wednesday,Atlantic and Liberty,Mechanical,4,8,N/B,8163
2019-02-13,102,18:00:00,Wednesday,Shappard and markham/ ……,General Delay,10,20,N/B,
2019-02-13,600,18:01:00,Wednesday,Sherbourne Station,Utilized Off Route,1,1,E/B,8376
2019-02-13,123,18:02:00,Wednesday,Kipling stn,Mechanical,10,20,B/W,8034
2019-02-13,553,18:08:00,Wednesday,Dufferin and Dupont,Utilized Off Route,1,1,N/B,1141
2019-02-13,47,18:09:00,Wednesday,Yorkdale,Mechanical,27,57,S/B,1024
2019-02-13,553,18:10:00,Wednesday,Springhurst Loop,Utilized Off Route,1,1,N/B,1419
2019-02-13,711,18:11:00,Wednesday,Ossington Station,Utilized Off Route,1,1,N/B,1248
2019-02-13,86,18:12:00,Wednesday,KENN,Mechanical,10,20,E/B,8783
2019-02-13,32,18:12:00,Wednesday,REGW,Mechanical,9,17,W/B,1079
2019-02-13,42,18:14:00,Wednesday,Finch Stn,Mechanical,13,26,E/B,8128
2019-02-13,131,18:15:00,Wednesday,SWMO,Mechanical,9,18,S/B,3445
2019-02-13,98,18:26:00,Wednesday,Steeles Loop,Mechanical,30,60,N/B,1387
2019-02-13,44,18:30:00,Wednesday,Kipling stn,Mechanical,10,20,N/B,8033
2019-02-13,902,18:30:00,Wednesday,Shappard and Markham,General Delay,7,14,N/B,
2019-02-13,63,18:30:00,Wednesday,Ossington Station,General Delay,1,1,N/B,1340
2019-02-13,133,18:39:00,Wednesday,Neilson Rd and Sheppard Ave,Mechanical,8,15,N/B,3431
2019-02-13,123,18:44:00,Wednesday,Kipling stn,Mechanical,10,20,W/B,7915
2019-02-13,389,18:50:00,Wednesday,Gunns road and Weston road,Investigation,8,16,N/B,1071
2019-02-13,102,18:51:00,Wednesday,kingstion and Markham Road,Mechanical,20,40,N/B,8404
2019-02-13,85,18:54:00,Wednesday,Sheppard Meadowvale Loop,Mechanical,23,39,W/B,1548
2019-02-13,935,18:57:00,Wednesday,JNST,Utilized Off Route,10,20,N/B,3127
2019-02-13,6,19:00:00,Wednesday,TWLP,Utilized Off Route,1,1,N/B,1354
2019-02-13,63,19:00:00,Wednesday,Ossington Station,Utilized Off Route,10,18,N/B,1340
2019-02-13,89,19:00:00,Wednesday,Keele station,Utilized Off Route,9,18,N/B,1068
2019-02-13,707,19:00:00,Wednesday,FWST,Utilized Off Route,1,1,S/B,1760
2019-02-13,607,19:00:00,Wednesday,STC,Utilized Off Route,1,1,E/B,1660
2019-02-13,35,19:03:00,Wednesday,JNST,Utilized Off Route,4,12,N/B,3128
2019-02-13,44,19:07:00,Wednesday,Lakeshore / Kipling,Utilized Off Route,10,20,B/W,7948
2019-02-13,73,19:07:00,Wednesday,Royal York Station,Utilized Off Route,11,22,N/B,8032
2019-02-13,12,19:08:00,Wednesday,VPST,Mechanical,18,36,S/B,8475
2019-02-13,7,19:09:00,Wednesday,Bathurst Station,Utilized Off Route,9,18,N/B,8196
2019-02-13,6,19:30:00,Wednesday,Entire Route,General Delay,20,35,B/W,
2019-02-13,60,19:30:00,Wednesday,Yonge Steeles Loop,Mechanical,8,16,W/B,9117
2019-02-13,34,19:41:00,Wednesday,BIEG,Investigation,5,11,E/B,8708
2019-02-13,29,20:09:00,Wednesday,Dufferin and Sylvan ave,Mechanical,8,16,S/B,9140
2019-02-13,93,20:20:00,Wednesday,Woodbine Heights and Hackberry,General Delay,15,30,B/W,8567
2019-02-13,91,20:54:00,Wednesday,Bermondsey and Eglinton,Mechanical,1,1,S/B,8501
2019-02-13,96,21:04:00,Wednesday,Kipling and John Garland,Mechanical,38,57,N/B,3135
2019-02-13,62,21:13:00,Wednesday,Mortimer from Greenwood to Coxwell,Diversion,20,40,B/W,
2019-02-13,11,22:00:00,Wednesday,Davisville Station to Bayview and Steeles,General Delay,29,59,B/W,
2019-02-13,124,22:38:00,Wednesday,From lawrence Stn to Sunnybrooke,General Delay,10,30,B/W,8382
2019-02-13,84,22:45:00,Wednesday,SWST,Mechanical,10,20,E/B,3160
2019-02-13,91,22:52:00,Wednesday,Woodbine Station,Investigation,30,60,N/B,9213
2019-02-13,25,23:01:00,Wednesday,Rochefort and Don Mills,Investigation,9,18,N/B,8905
2019-02-13,36,23:15:00,Wednesday,Humberline and Woodlot Crescent,Emergency Services,10,20,WB,3226
2019-02-13,24,23:26:00,Wednesday,VPST,Investigation,9,18,N/B,8424
2019-02-13,106,23:27:00,Wednesday,Sheppard West Station,Mechanical,18,36,N/B,1204
2019-02-14,900,00:00:00,Thursday,Kipling stn,Utilized Off Route,10,20,N/B,8009
2019-02-14,32,01:05:00,Thursday,ESTN,Utilized Off Route,1,1,BW,1379
2019-02-14,320,02:54:00,Thursday,Yonge/Summerhill,Mechanical,4,8,N/B,8174
2019-02-14,320,03:00:00,Thursday,Yonge/Wellington,Mechanical,3,6,N/B,8523
2019-02-14,87,04:05:00,Thursday,East York Acres,Diversion,5,10,B/W,9225
2019-02-14,353,04:21:00,Thursday,NWGT,Late Leaving Garage,30,60,W/B,1802
2019-02-14,395,04:40:00,Thursday,SLP,Late Leaving Garage,30,30,W/B,1393
2019-02-14,9,04:47:00,Thursday,Warden Station,Late Leaving Garage,15,30,B/W,8490
2019-02-14,29,04:47:00,Thursday,Dufferin / Lawrence,Late Leaving Garage,11,30,S/B,9054
2019-02-14,46,04:49:00,Thursday,Steeles loop,Late Leaving Garage,24,49,W/B,3105
2019-02-14,953,04:51:00,Thursday,NWGT,Late Leaving Garage,30,30,W/B,9068
2019-02-14,22,04:57:00,Thursday,Coxwell Station,Late Leaving Garage,20,40,E/B,8438
2019-02-14,87,04:57:00,Thursday,Broadview Station,Late Leaving Garage,5,10,E/B,9222
2019-02-14,85,05:00:00,Thursday,Sheppard Station,Late Leaving Garage,20,40,E/B,1602
2019-02-14,39,05:00:00,Thursday,39 finch Route-All Branch,General Delay,20,34,B/W,1766
2019-02-14,939,05:00:00,Thursday,STC SRT,General Delay,20,29,E/B,1732
2019-02-14,45,05:02:00,Thursday,Steeles and Kipling,Late Leaving Garage,11,23,S/B,8031
2019-02-14,134,05:13:00,Thursday,Tapscott and Crow Trail,Late Leaving Garage,18,38,E/B,1712
2019-02-14,42,05:13:00,Thursday,DYMC,Late Leaving Garage,25,25,W/B,1389
2019-02-14,7,05:14:00,Thursday,Bathurst and Wilson,Late Leaving Garage,20,20,S/B,9014
2019-02-14,34,05:15:00,Thursday,Eglinton station,Late Leaving Garage,8,16,E/B,8892
2019-02-14,107,05:17:00,Thursday,Pioneer Village,Late Leaving Garage,1,19,W/B,3167
2019-02-14,9,05:22:00,Thursday,Warden Station,Late Leaving Garage,15,30,N/B,8480
2019-02-14,112,05:30:00,Thursday,Renforth Station,Late Leaving Garage,15,30,N/B,8015
2019-02-14,102,05:34:00,Thursday,WSTN,Late Leaving Garage,20,40,N/B,8501
2019-02-14,21,05:35:00,Thursday,Steeles Loop,Late Leaving Garage,20,40,S/B,1674
2019-02-14,52,05:35:00,Thursday,Braecrest and the westway,Late Leaving Garage,15,30,E/B,1214
2019-02-14,131,05:38:00,Thursday,MORN,Late Leaving Garage,12,25,E/B,3411
2019-02-14,48,05:40:00,Thursday,Valiant and Royal York,Investigation,12,34,S/B,7467
2019-02-14,25,05:43:00,Thursday,DMIL,Late Leaving Garage,5,13,S/B,8918
2019-02-14,68,05:44:00,Thursday,Warden nd Steeles Loop,Late Leaving Garage,19,35,S/B,8823
2019-02-14,112,05:45:00,Thursday,Renforth Station,Mechanical,14,29,S/B,8074
2019-02-14,24,05:46:00,Thursday,Victoria Park Station,Late Leaving Garage,6,12,N/B,8425
2019-02-14,939,05:49:00,Thursday,Brimley and Finch,Mechanical,8,16,W/B,1520
2019-02-14,36,05:50:00,Thursday,Arrow rdx,Late Leaving Garage,5,10,W/B,9110
2019-02-14,68,05:51:00,Thursday,Warden Station,Late Leaving Garage,5,10,N/B,8904
2019-02-14,939,05:51:00,Thursday,McCowan and Sheppard,Late Leaving Garage,8,16,W/B,1612
2019-02-14,924,05:53:00,Thursday,Steeles / Victoria Park,Late Leaving Garage,10,20,S/B,9233
2019-02-14,49,05:55:00,Thursday,Markland and Bloor,Late Leaving Garage,15,30,N/B,8068
2019-02-14,112,05:56:00,Thursday,Kipling Station,Late Leaving Garage,,14,N/B,7969
2019-02-14,41,05:57:00,Thursday,Pioneer Village,Mechanical,12,23,S/B,9053
2019-02-14,11,06:00:00,Thursday,DVSN,Late Leaving Garage,15,35,N/B,8213
2019-02-14,109,06:00:00,Thursday,LWSTN,Late Leaving Garage,15,15,S/B,8378
2019-02-14,168,06:00:00,Thursday,Dundas West Station - Avon Loop,General Delay,5,10,B/W,
2019-02-14,17,06:00:00,Thursday,Birchmount Road and Bay Mills Blvd,Diversion,100,120,SB,8557
2019-02-14,24,06:02:00,Thursday,Victoria Park Station,Late Leaving Garage,10,20,N/B,8938
2019-02-14,16,06:02:00,Thursday,Warden Station,Late Leaving Garage,9,18,EB,8950
2019-02-14,85,06:03:00,Thursday,Sheppard Loop,Utilized Off Route,16,32,W/B,1630
2019-02-14,7,06:03:00,Thursday,BWIL,Late Leaving Garage,9,28,S/B,9005
2019-02-14,939,06:04:00,Thursday,Morningside and Staines,Late Leaving Garage,8,16,W/B,1238
2019-02-14,69,06:10:00,Thursday,WSTN,Late Leaving Garage,12,24,S/B,8572
2019-02-14,39,06:10:00,Thursday,Finch Station,Late Leaving Garage,15,30,E/B,3449
2019-02-14,989,06:12:00,Thursday,SIGT,Late Leaving Garage,12,24,S/B,1419
2019-02-14,36,06:15:00,Thursday,Finch & Dufferin,General Delay,31,37,W/B,
2019-02-14,953,06:17:00,Thursday,MOFI,Late Leaving Garage,13,31,W/B,1651
2019-02-14,32,06:17:00,Thursday,ESTN,Late Leaving Garage,5,11,E/B,1549
2019-02-14,939,06:19:00,Thursday,Morningside and Nightstar,Late Leaving Garage,8,16,W/B,1748
2019-02-14,5,06:20:00,Thursday,Eglinton stn,Late Leaving Garage,13,26,S/B,8318
2019-02-14,929,06:20:00,Thursday,Dufferin / College,Mechanical,9,18,S/B,9152
2019-02-14,7,06:24:00,Thursday,BATH,Late Leaving Garage,8,17,N/B,9004
2019-02-14,89,06:26:00,Thursday,KSTN,Late Leaving Garage,6,12,N/B,1203
2019-02-14,944,06:26:00,Thursday,Kiplin South Express / KPSN,Late Leaving Garage,10,20,S/B,7950
2019-02-14,78,06:29:00,Thursday,York Mills Station,Late Leaving Garage,10,20,N/B,8338
2019-02-14,48,06:30:00,Thursday,Mill Rd Loop,Late Leaving Garage,12,24,E/B,8072
2019-02-14,68,06:32:00,Thursday,Ellington and Warden,Mechanical,21,47,N/B,8729
2019-02-14,954,06:35:00,Thursday,Starspray Loop,Late Leaving Garage,9,18,W/B,8850
2019-02-14,85,06:35:00,Thursday,Sheppard Loop,Late Leaving Garage,16,32,W/B,1707
2019-02-14,902,06:37:00,Thursday,WSTN,Late Leaving Garage,10,20,N/B,8441
2019-02-14,129,06:38:00,Thursday,Steeles Loop,Utilized Off Route,10,15,S/B,1333
2019-02-14,20,06:39:00,Thursday,Main Station,Late Leaving Garage,11,22,E/B,8936
2019-02-14,11,06:41:00,Thursday,DVSN,Late Leaving Garage,15,32,N/B,1250
2019-02-14,54,06:42:00,Thursday,Lawrence East Station,Mechanical,9,18,E/B,8785
2019-02-14,95,06:43:00,Thursday,Ellesmere RT,Late Leaving Garage,7,14,S/B,3444
2019-02-14,960,06:45:00,Thursday,Finch stn,Late Leaving Garage,1,8,W/B,3252
2019-02-14,41,06:45:00,Thursday,KEEG,Mechanical,12,21,N/B,9049
2019-02-14,927,06:48:00,Thursday,Kipling stn,Late Leaving Garage,5,10,S/B,3115
2019-02-14,45,06:52:00,Thursday,Kipling North / KPSN,Late Leaving Garage,6,12,B/W,8062
2019-02-14,12,06:55:00,Thursday,Victoria Park Station,Mechanical,30,60,E/B,9212
2019-02-14,939,06:58:00,Thursday,STC SRT,Late Leaving Garage,7,14,W/B,1732
2019-02-14,39,06:58:00,Thursday,Old Finch and Morningview Trl,Late Leaving Garage,15,30,E/B,1738
2019-02-14,145,07:00:00,Thursday,Peter and Adelaide,Diversion,30,60,E/B,8004
2019-02-14,6,07:00:00,Thursday,Queen to Front,General Delay,20,1,B/W,
2019-02-14,24,07:00:00,Thursday,Victoria Park Station,Mechanical,14,28,N/B,8492
2019-02-14,953,07:03:00,Thursday,FSTN,Late Leaving Garage,13,26,E/B,9091
2019-02-14,913,07:04:00,Thursday,STC,Late Leaving Garage,6,11,E/B,9088
2019-02-14,34,07:06:00,Thursday,Eglinton & Bayview,Investigation,4,8,W/B,8632
2019-02-14,939,07:11:00,Thursday,Morningside and Nightstar,Late Leaving Garage,8,16,W/B,3422
2019-02-14,134,07:16:00,Thursday,CECO,Late Leaving Garage,6,11,E/B,9088
2019-02-14,44,07:20:00,Thursday,Kipling South / KPSN,Late Leaving Garage,4,8,B/W,7951
2019-02-14,86,07:30:00,Thursday,Route 86,General Delay,10,16,W/B,
2019-02-14,121,07:30:00,Thursday,Font and Bay,General Delay,30,1,B/W,
2019-02-14,143,07:30:00,Thursday,Neville Loop,Late Leaving Garage,15,30,WB,8548
2019-02-14,986,07:30:00,Thursday,Route 986,General Delay,10,15,W/B,
2019-02-14,32,07:40:00,Thursday,CAEG,Investigation,10,21,W/B,1070
2019-02-14,49,07:45:00,Thursday,Kipling Station,Mechanical,7,14,B/W,7934
2019-02-14,88,07:52:00,Thursday,St clair Stn,Mechanical,11,22,E/B,8308
2019-02-14,939,07:58:00,Thursday,STC SRT,Mechanical,8,16,W/B,1612
2019-02-14,11,08:00:00,Thursday,Davisville Stn to Steeles Loop,General Delay,18,25,B/W,
2019-02-14,129,08:00:00,Thursday,STC,Mechanical,10,20,N/B,1333
2019-02-14,51,08:00:00,Thursday,Eglinton Stn to Freshmeadows /Don Mills,General Delay,18,32,B/W,
2019-02-14,32,08:00:00,Thursday,Entire route,General Delay,6,31,B/W,
2019-02-14,93,08:00:00,Thursday,Woodbine and Oconnor,General Delay,10,1,B/W,
2019-02-14,126,08:00:00,Thursday,Entire Route,General Delay,20,40,B/W,
2019-02-14,143,08:00:00,Thursday,Neville Looop,General Delay,15,1,WB,8538
2019-02-14,5,08:00:00,Thursday,Eglinton Stn to Queen Parlk Circle,General Delay,18,30,B/W,
2019-02-14,168,08:00:00,Thursday,Bloor and Dundas West,General Delay,20,1,B/W,
2019-02-14,61,08:00:00,Thursday,Bombay loop and Eglington Stn,General Delay,19,34,B/W,
2019-02-14,61,08:02:00,Thursday,Ave Rd and Wilson Ave,Investigation,10,20,N/B,8207
2019-02-14,39,08:05:00,Thursday,Morningside and Finch,Mechanical,14,28,E/B,3431
2019-02-14,53,08:10:00,Thursday,Markham and Steele,Mechanical,5,10,E/B,1534
2019-02-14,32,08:12:00,Thursday,REGW,Mechanical,6,11,E/B,1038
2019-02-14,43,08:13:00,Thursday,Radnor and Kennedy,Investigation,10,20,N/B,8802
2019-02-14,9,08:15:00,Thursday,Bellamy Road Route,General Delay,15,30,BW,
2019-02-14,82,08:15:00,Thursday,On Crescent Rd from Cluney to South Dr,Diversion,1,1,B/W,
2019-02-14,6,08:25:00,Thursday,Sherbourne / Queens Quay,Utilized Off Route,5,9,N/B,1502
2019-02-14,63,08:27:00,Thursday,King and Atlantic,Utilized Off Route,6,12,S/B,8125
2019-02-14,34,08:28:00,Thursday,Eglinton & Don Mills,Investigation,10,20,E/B,8806
2019-02-14,143,08:28:00,Thursday,Adelaide St West on Duncan,Investigation,15,30,EB,8511
2019-02-14,47,08:30:00,Thursday,LANS,Utilized Off Route,4,8,S/B,1618
2019-02-14,25,08:30:00,Thursday,PSTN to FMDM,General Delay,20,26,B/W,8918
2019-02-14,75,08:30:00,Thursday,Sherbourne between Wellesley to Carlton,Diversion,1,1,B/W,
2019-02-14,74,08:30:00,Thursday,St Clair Stn,Utilized Off Route,15,30,N/B,8192
2019-02-14,75,08:30:00,Thursday,sherbourne between Wellesley to Carlton,General Delay,30,20,B/W,
2019-02-14,925,08:30:00,Thursday,PSTN to FMDM,General Delay,25,35,B/W,8858
2019-02-14,90,08:30:00,Thursday,St.Clair West to Oakwood and Vaughan,General Delay,90,94,B/W,
2019-02-14,29,08:30:00,Thursday,Entire Route,General Delay,18,36,BW,
2019-02-14,64,08:30:00,Thursday,Main Route,General Delay,8,16,BW,
2019-02-14,26,08:30:00,Thursday,Annette to Spadina,General Delay,30,1,B/W,
2019-02-14,102,08:30:00,Thursday,Markham Route,General Delay,15,1,B/W,
2019-02-14,902,08:30:00,Thursday,Markham Route express,General Delay,15,1,B/W,
2019-02-14,22,08:30:00,Thursday,Coxwell Route,General Delay,10,1,B/W,
2019-02-14,939,08:33:00,Thursday,Finch Station,Mechanical,8,16,E/B,3446
2019-02-14,7,08:35:00,Thursday,Greenwin Village and Bathurst,Mechanical,9,18,S/B,9021
2019-02-14,131,08:42:00,Thursday,Morning Side and Morning View,Mechanical,8,16,S/B,3450
2019-02-14,90,08:55:00,Thursday,St.Clair West Stn,Investigation,4,8,N/B,8330
2019-02-14,607,08:56:00,Thursday,Leslie and 401,Utilized Off Route,1,1,E/B,1810
2019-02-14,134,08:57:00,Thursday,STC,Utilized Off Route,4,8,N/B,1802
2019-02-14,43,08:58:00,Thursday,Kennedy Station,Utilized Off Route,10,23,N/B,8721
2019-02-14,706,08:58:00,Thursday,CAST STN,Utilized Off Route,1,1,N/B,8517
2019-02-14,610,08:58:00,Thursday,Eglinton garage,Utilized Off Route,1,1,E/B,8767
2019-02-14,94,09:00:00,Thursday,Wellesley to Castlefrank,General Delay,25,1,B/W,
2019-02-14,939,09:00:00,Thursday,Finch and Edith Vale Dr,Mechanical,8,16,E/B,1809
2019-02-14,65,09:00:00,Thursday,Parliament Route,General Delay,13,26,BW,
2019-02-14,70,09:00:00,Thursday,CSTN to WAST/CRAG,General Delay,20,37,B/W,
2019-02-14,995,09:00:00,Thursday,Kennedy and Ellemere,Utilized Off Route,9,18,E/B,1721
2019-02-14,607,09:01:00,Thursday,Yonge and Eglinton,Utilized Off Route,1,1,E/B,1386
2019-02-14,125,09:02:00,Thursday,Finch stn,Mechanical,8,15,W/B,8214
2019-02-14,43,09:03:00,Thursday,Lawrence RT Station,Utilized Off Route,10,20,S/B,8802
2019-02-14,86,09:03:00,Thursday,Kennedy station,Utilized Off Route,10,14,E/B,8839
2019-02-14,47,09:03:00,Thursday,Summit Ave,Emergency Services,18,36,N/B,1088
2019-02-14,62,09:05:00,Thursday,Coxwell and Mortimer,Diversion,62,1,W/B,8519
2019-02-14,16,09:08:00,Thursday,STC,Utilized Off Route,9,18,S/B,8484
2019-02-14,75,09:10:00,Thursday,South Drive and Glen,Utilized Off Route,5,10,N/B,8168
2019-02-14,7,09:11:00,Thursday,Bathurst / Lawrence Ave,Mechanical,8,19,N/B,9010
2019-02-14,102,09:12:00,Thursday,WSTN,Utilized Off Route,15,30,N/B,8488
2019-02-14,169,09:13:00,Thursday,Don Mills Station,Utilized Off Route,17,35,W/B,1328
2019-02-14,70,09:17:00,Thursday,Coxwell at Sammon,Investigation,17,34,N/B,8855
2019-02-14,952,09:18:00,Thursday,Lawrence West Stn,Utilized Off Route,11,22,E/B,8216
2019-02-14,70,09:20:00,Thursday,Mortimer and Coxwell,Diversion,44,61,B/W,8698
2019-02-14,79,09:20:00,Thursday,Bloor,Investigation,9,18,N/B,1345
2019-02-14,42,09:20:00,Thursday,Victoria Park and McNicoll,Utilized Off Route,11,23,W/B,1211
2019-02-14,96,09:21:00,Thursday,Humber College,Investigation,20,40,W/B,3226
2019-02-14,42,09:25:00,Thursday,Finch Station,Utilized Off Route,0,0,E/B,8108
2019-02-14,952,09:29:00,Thursday,Lawrence West Stn,Utilized Off Route,1,1,E/B,1249
2019-02-14,95,09:30:00,Thursday,EB on route,Investigation,1,1,E/B,1542
2019-02-14,37,09:30:00,Thursday,Islington Station,Mechanical,20,40,N/B,8067
2019-02-14,123,09:38:00,Thursday,Sherway Gardens,Mechanical,21,42,N/B,7925
2019-02-14,178,09:44:00,Thursday,Birchmount Road and Timberbank Blvd,Investigation,35,66,SB,9234
2019-02-14,939,09:45:00,Thursday,Neilson and Morningside,Investigation,1,1,S/B,1748
2019-02-14,52,09:46:00,Thursday,Lawrence and Pine,Mechanical,24,48,E/B,1293
2019-02-14,168,09:46:00,Thursday,Dundas West Station,Diversion,52,62,N/B,
2019-02-14,24,09:46:00,Thursday,Steeles / Victoria Park,Utilized Off Route,10,20,S/B,8402
2019-02-14,16,09:47:00,Thursday,Scarborough Centre Station,Mechanical,12,24,EB,8532
2019-02-14,84,09:51:00,Thursday,Yonge Sheppard Stn,Utilized Off Route,8,16,W/B,3282
2019-02-14,186,09:52:00,Thursday,WILS,Utilized Off Route,10,20,E/B,3211
2019-02-14,610,09:52:00,Thursday,McCowan station,Utilized Off Route,1,1,W/B,8767
2019-02-14,90,09:52:00,Thursday,St.Clair West,Utilized Off Route,1,1,N/B,8307
2019-02-14,607,09:55:00,Thursday,STC,Utilized Off Route,1,1,S/B,1810
2019-02-14,607,09:55:00,Thursday,STC,Utilized Off Route,1,1,S/B,1386
2019-02-14,29,09:56:00,Thursday,Dufferin / Lawrence,Utilized Off Route,9,15,BW,9138
2019-02-14,90,09:56:00,Thursday,St.Clair West Stn,Utilized Off Route,4,8,N/B,8311
2019-02-14,704,09:56:00,Thursday,JNST,Utilized Off Route,1,1,E/B,3355
2019-02-14,32,09:58:00,Thursday,PINE,Utilized Off Route,10,20,E/B,1415
2019-02-14,87,09:59:00,Thursday,BSTN,Utilized Off Route,10,20,E/B,8571
2019-02-14,25,10:00:00,Thursday,Don Mills station,Utilized Off Route,8,16,N/B,8770
2019-02-14,25,10:00:00,Thursday,Pape station,Utilized Off Route,9,18,N/B,8758
2019-02-14,607,10:00:00,Thursday,Bloor and Gerrard,Utilized Off Route,1,1,S/B,1385
2019-02-14,42,10:00:00,Thursday,Yonge and Sheppard Ave,Utilized Off Route,1,1,W/B,1211
2019-02-14,40,10:00:00,Thursday,Dundas West Station,Utilized Off Route,10,20,W/B,8433
2019-02-14,34,10:02:00,Thursday,Eglinton station,Utilized Off Route,1,1,E/B,8857
2019-02-14,952,10:02:00,Thursday,Lawrence West Stn,Utilized Off Route,11,22,E/B,8144
2019-02-14,607,10:02:00,Thursday,Bloor and Keele,Utilized Off Route,1,1,S/B,1609
2019-02-14,72,10:04:00,Thursday,FRBY,Utilized Off Route,16,32,N/B,8454
2019-02-14,121,10:05:00,Thursday,PRGT,Utilized Off Route,20,40,E/B,8594
2019-02-14,719,10:05:00,Thursday,EWST,Utilized Off Route,1,1,E/B,1094
2019-02-14,100,10:05:00,Thursday,Broadview station,Utilized Off Route,1,1,S/B,8831
2019-02-14,108,10:06:00,Thursday,Pioneer Village Stn,Utilized Off Route,10,20,S/B,3337
2019-02-14,36,10:06:00,Thursday,Finch west stn,Mechanical,5,10,W/B,9120
2019-02-14,45,10:06:00,Thursday,Kipling Station,Utilized Off Route,10,20,N/B,7912
2019-02-14,606,10:08:00,Thursday,CSTN,Utilized Off Route,1,1,S/B,9222
2019-02-14,29,10:10:00,Thursday,Dufferin / Lawrence,Utilized Off Route,9,15,N/B,9141
2019-02-14,52,10:11:00,Thursday,Lawrence West Stn,Mechanical,15,30,E/B,8139
2019-02-14,52,10:29:00,Thursday,Lawrence and Pine,Mechanical,14,28,E/B,1293
2019-02-14,24,10:30:00,Thursday,Victoria Park / Draycott,Mechanical,10,20,N/B,8473
2019-02-14,41,10:35:00,Thursday,Keele & Tilbury,Mechanical,9,18,S/B,9043
2019-02-14,95,10:45:00,Thursday,York Mills route,General Delay,25,50,B/W,1719
2019-02-14,95,11:05:00,Thursday,SCLP,Mechanical,16,32,W/B,1573
2019-02-14,52,11:05:00,Thursday,Martin Grove and Dixon,Mechanical,13,26,W/B,8391
2019-02-14,40,11:10:00,Thursday,Lambton,Utilized Off Route,10,20,N/B,8433
2019-02-14,186,11:17:00,Thursday,WILS,Investigation,10,20,W/B,3136
2019-02-14,29,11:25:00,Thursday,Dufferin and Dupont,Mechanical,9,18,N/B,1379
2019-02-14,22,11:59:00,Thursday,QUCO,Mechanical,8,16,N/B,8493
2019-02-14,89,12:03:00,Thursday,WRAY,Mechanical,10,20,S/B,1614
2019-02-14,29,12:10:00,Thursday,Dufferin / St . Clair,Mechanical,8,15,S/B,9146
2019-02-14,706,12:35:00,Thursday,506 - Street Car,Utilized Off Route,1,1,B/W,9234
2019-02-14,606,12:35:00,Thursday,506 - Street Car,Utilized Off Route,1,1,B/W,8525
2019-02-14,710,12:41:00,Thursday,Eglinton Garage,Utilized Off Route,1,1,N/B,8788
2019-02-14,610,12:41:00,Thursday,PSTN,Utilized Off Route,1,1,N/B,8788
2019-02-14,7,12:42:00,Thursday,Bathurst and Wilson,Emergency Services,10,20,N/B,1235
2019-02-14,100,12:42:00,Thursday,Broadview station,Utilized Off Route,3,12,N/B,8866
2019-02-14,935,12:48:00,Thursday,Jane and Exbury,Mechanical,10,20,S/B,3230
2019-02-14,75,12:50:00,Thursday,Sherbourne and Bloor,Emergency Services,1,1,N/B,1375
2019-02-14,133,13:13:00,Thursday,STC,Mechanical,11,22,N/B,1782
2019-02-14,41,13:17:00,Thursday,Keele & North Park,Mechanical,9,18,N/B,9142
2019-02-14,41,13:24:00,Thursday,KSTN,Mechanical,9,18,N/B,9033
2019-02-14,112,13:40:00,Thursday,Renforth stn,Mechanical,20,40,B/W,8098
2019-02-14,89,13:42:00,Thursday,Weston & Church,Investigation,10,20,N/B,1118
2019-02-14,110,13:50:00,Thursday,JUDSON,Mechanical,18,36,N/B,8029
2019-02-14,186,13:52:00,Thursday,Wilson and King High,Investigation,11,22,W/B,3345
2019-02-14,6,14:00:00,Thursday,Bay Route,General Delay,20,31,S/B,
2019-02-14,73,14:00:00,Thursday,Albion and Islington,Mechanical,10,20,E/B,8036
2019-02-14,97,14:00:00,Thursday,entire route,General Delay,30,60,B/W,
2019-02-14,94,14:00:00,Thursday,Wellesley Route,General Delay,20,26,E/B,
2019-02-14,88,14:00:00,Thursday,entire route,General Delay,12,24,B/W,
2019-02-14,5,14:00:00,Thursday,entire route,General Delay,30,60,B/W,
2019-02-14,12,14:00:00,Thursday,12 Kingston Rd,General Delay,15,1,B/W,
2019-02-14,168,14:00:00,Thursday,Symington Route,General Delay,20,30,S/B,
2019-02-14,30,14:00:00,Thursday,30 route,General Delay,30,60,B/W,8083
2019-02-14,124,14:00:00,Thursday,Lawrence Station to Sunnybrook Hospital,General Delay,11,31,B/W,
2019-02-14,26,14:00:00,Thursday,Dupont Route,General Delay,20,38,E/B,
2019-02-14,25,14:03:00,Thursday,Leith Hill and Don Mills,Investigation,7,14,N/B,8836
2019-02-14,39,14:10:00,Thursday,,Mechanical,12,18,E/B,1641
2019-02-14,7,14:12:00,Thursday,Hillcrest,Investigation,9,18,N/B,9022
2019-02-14,29,14:26:00,Thursday,Dufferin / Clever,Investigation,8,15,S/B,9140
2019-02-14,36,14:27:00,Thursday,Arrow Garage,Mechanical,5,10,S/B,3311
2019-02-14,706,14:28:00,Thursday,WSTN,Utilized Off Route,1,1,N/B,8536
2019-02-14,54,14:28:00,Thursday,Lawrence and Scarborough Golf Club,Late Leaving Garage,20,30,W/B,8733
2019-02-14,88,14:28:00,Thursday,Millwood and Sutherland,Investigation,12,24,W/B,8395
2019-02-14,88,14:28:00,Thursday,Millwood and Sutherland,Investigation,12,24,E/B,8205
2019-02-14,606,14:30:00,Thursday,CASTN,Utilized Off Route,1,1,N/B,9239
2019-02-14,716,14:30:00,Thursday,VPST,Utilized Off Route,1,1,N/B,8558
2019-02-14,34,14:30:00,Thursday,Eglinton station,Utilized Off Route,4,9,W/B,8625
2019-02-14,607,14:31:00,Thursday,MGATE,Utilized Off Route,1,1,W/B,1803
2019-02-14,707,14:32:00,Thursday,ELRT,Utilized Off Route,1,1,W/B,1639
2019-02-14,610,14:32:00,Thursday,Midland and Steeles,Utilized Off Route,1,1,S/B,8794
2019-02-14,34,14:32:00,Thursday,Eglinton station,Utilized Off Route,4,9,W/B,8825
2019-02-14,606,14:33:00,Thursday,PSTN,Utilized Off Route,1,1,N/B,8525
2019-02-14,7,14:34:00,Thursday,Wilson ave,Utilized Off Route,9,19,S/B,9005
2019-02-14,134,14:34:00,Thursday,CECO,Utilized Off Route,6,11,E/B,1802
2019-02-14,17,14:34:00,Thursday,WSTN,Utilized Off Route,12,20,N/B,8464
2019-02-14,100,14:36:00,Thursday,Don Mills & Wynford,Utilized Off Route,6,11,W/B,8731
2019-02-14,87,14:36:00,Thursday,BRGA,Utilized Off Route,6,12,N/B,9223
2019-02-14,720,14:37:00,Thursday,Midland and Steeles,Utilized Off Route,1,1,S/B,8689
2019-02-14,995,14:38:00,Thursday,YKMS,Utilized Off Route,10,20,E/B,1612
2019-02-14,710,14:39:00,Thursday,RTLS,Utilized Off Route,1,1,E/B,8788
2019-02-14,134,14:42:00,Thursday,CECO,Utilized Off Route,5,11,E/B,9058
2019-02-14,939,14:43:00,Thursday,STC,Utilized Off Route,9,20,W/B,1500
2019-02-14,43,14:44:00,Thursday,SRT,Utilized Off Route,15,29,S/B,8738
2019-02-14,54,14:44:00,Thursday,RTLS,Mechanical,10,20,E/B,8759
2019-02-14,14,14:45:00,Thursday,Glencairn & Caledonia,Late Leaving Garage,16,32,E/B,1549
2019-02-14,63,14:48:00,Thursday,Dupont and Ossington,Mechanical,8,16,N/B,1217
2019-02-14,6,14:49:00,Thursday,Davenport/Dupont,Late Leaving Garage,5,10,S/B,1361
2019-02-14,41,14:55:00,Thursday,KELW,Mechanical,9,18,S/B,1032
2019-02-14,52,14:59:00,Thursday,Lawrence Station,Mechanical,7,13,W/B,8139
2019-02-14,54,15:00:00,Thursday,Eglinton and Laird,General Delay,57,67,B/W,
2019-02-14,52,15:00:00,Thursday,Lawrence Station to West Wood Mall,General Delay,42,55,B/W,
2019-02-14,78,15:00:00,Thursday,York Mills Station to CARLUKE CR. AT FIFESHIRE RD.E.,General Delay,16,31,B/W,
2019-02-14,122,15:00:00,Thursday,York Mills Station to ROYWOOD DR AND FENSIDE DR.,General Delay,15,28,B/W,
2019-02-14,115,15:00:00,Thursday,York Mills Station to BANNATYNE DR. AT SILVERGROVE RD.,General Delay,27,40,B/W,
2019-02-14,952,15:00:00,Thursday,Lawrence Station to Pearson Airport,General Delay,48,60,B/W,
2019-02-14,134,15:00:00,Thursday,STC-CECO-FDFI,General Delay,15,30,B/W,
2019-02-14,32,15:00:00,Thursday,Entire Route,General Delay,25,30,B/W,
2019-02-14,53,15:00:00,Thursday,MOFI-PAMK-FSTN-PAMK-MOFI,General Delay,5,11,E/B,
2019-02-14,913,15:00:00,Thursday,CECO TO STC,General Delay,6,11,B/W,
2019-02-14,167,15:00:00,Thursday,167 Pharmacy North,General Delay,15,1,B/W,
2019-02-14,95,15:01:00,Thursday,Birchmount on Ellesmere,Mechanical,16,32,W/B,1779
2019-02-14,113,15:03:00,Thursday,Main Station,Late Leaving Garage,11,22,N/B,9213
2019-02-14,121,15:05:00,Thursday,Fort York Esplanade,Diversion,20,40,,
2019-02-14,97,15:05:00,Thursday,DSVN,Emergency Services,30,60,N/B,8389
2019-02-14,15,15:08:00,Thursday,ESCH,Late Leaving Garage,8,16,S/B,7916
2019-02-14,116,15:08:00,Thursday,Kennedy STN,Mechanical,1,6,E/B,8857
2019-02-14,15,15:08:00,Thursday,Renforth and Rahtburn,Mechanical,15,30,N/B,8035
2019-02-14,20,15:11:00,Thursday,Main Station,Late Leaving Garage,14,28,N/B,9223
2019-02-14,12,15:11:00,Thursday,Wakehood St,Mechanical,12,24,N/B,8564
2019-02-14,109,15:12:00,Thursday,Bathurst and Neptune,Mechanical,11,22,E/B,8355
2019-02-14,97,15:17:00,Thursday,Yonge and College,Diversion,148,178,B/W,
2019-02-14,49,15:18:00,Thursday,Bloor Street West / KPSN,Late Leaving Garage,10,20,B/W,
2019-02-14,34,15:19:00,Thursday,Eglinton station,Late Leaving Garage,9,22,E/B,8779
2019-02-14,106,15:20:00,Thursday,Sheppard West Station,Late Leaving Garage,10,20,NB,1216
2019-02-14,45,15:31:00,Thursday,Kipling North / KPSN,Late Leaving Garage,15,30,B/W,
2019-02-14,952,15:32:00,Thursday,Terminal 3,Late Leaving Garage,12,24,E/B,8387
2019-02-14,92,15:39:00,Thursday,Queen,Investigation,9,18,N/B,9226
2019-02-14,10,15:40:00,Thursday,st clair and Brimerly,Investigation,10,20,E/B,8500
2019-02-14,945,15:42:00,Thursday,Kipling at Dixon,Emergency Services,10,20,N/B,7914
2019-02-14,952,15:44:00,Thursday,Terminal 3,Mechanical,12,24,E/B,8384
2019-02-14,32,15:50:00,Thursday,Jane and Emmett,Utilized Off Route,8,16,E/B,1022
2019-02-14,25,15:52:00,Thursday,PSTN,Mechanical,5,11,B/W,8649
2019-02-14,127,16:00:00,Thursday,Entire Route,General Delay,15,35,BW,
2019-02-14,65,16:00:00,Thursday,Parliament from CAST TO BKFR,General Delay,22,33,B/W,
2019-02-14,102,16:00:00,Thursday,St clair and Kingstion …,General Delay,10,20,E/B,
2019-02-14,41,16:00:00,Thursday,Entire Route,General Delay,20,30,B/W,
2019-02-14,89,16:00:00,Thursday,Entire Route,General Delay,20,30,B/W,
2019-02-14,143,16:00:00,Thursday,"Eaastern, Queen, Adelaide",General Delay,50,75,B/W,
2019-02-14,9,16:00:00,Thursday,Bellamy from STC to WAST,General Delay,32,48,B/W,
2019-02-14,941,16:00:00,Thursday,Entire Route,General Delay,20,30,B/W,
2019-02-14,17,16:00:00,Thursday,Birchmount from Steeles to WAST,General Delay,40,48,B/W,
2019-02-14,989,16:00:00,Thursday,Entire Route,General Delay,20,30,B/W,
2019-02-14,100,16:00:00,Thursday,BSTN to DMWF,General Delay,20,25,B/W,
2019-02-14,16,16:00:00,Thursday,McCowan from STC to WAST,General Delay,32,40,B/W,
2019-02-14,902,16:00:00,Thursday,sheppard and Markham,General Delay,10,20,E/B,
2019-02-14,11,16:00:00,Thursday,11 Bayview Route,General Delay,25,35,B/W,
2019-02-14,953,16:00:00,Thursday,FSTN-PAMK-MOFI-FSTN,General Delay,9,18,B/W,
2019-02-14,15,16:00:00,Thursday,Kipling to Sherway Gardens,General Delay,1,1,N/B,
2019-02-14,24,16:00:00,Thursday,24 Victoria Park,General Delay,20,1,B/W,
2019-02-14,70,16:00:00,Thursday,"Oconnor bridge, Pharmacy and Eg",General Delay,12,28,B/W,
2019-02-14,34,16:00:00,Thursday,Bayview to Don Mills,General Delay,30,36,B/W,
2019-02-14,56,16:00:00,Thursday,56 Leaside Route,General Delay,25,35,B/W,
2019-02-14,35,16:00:00,Thursday,Jane Street,General Delay,10,35,bw,
2019-02-14,935,16:00:00,Thursday,Jane Street,General Delay,10,35,N/B,
2019-02-14,60,16:00:00,Thursday,Entire 60 Steeles West Route Bothways,General Delay,17,22,B/W,
2019-02-14,49,16:00:00,Thursday,49 Route,General Delay,15,30,B/W,8068
2019-02-14,75,16:17:00,Thursday,Parliament at Aberdeen,Investigation,7,14,N/B,8169
2019-02-14,36,16:20:00,Thursday,Finch & Goldfinch,Mechanical,6,12,W/B,3197
2019-02-14,90,16:22:00,Thursday,St.Clair west station,Mechanical,5,10,N/B,1285
2019-02-14,35,16:29:00,Thursday,Finch,Investigation,10,20,N/B,3187
2019-02-14,63,16:37:00,Thursday,From Eglinton West station to King and Strachan,General Delay,25,35,B/W,
2019-02-14,10,16:39:00,Thursday,Don Mills Station,Utilized Off Route,10,20,EB,1252
2019-02-14,989,16:40:00,Thursday,KSTN,Mechanical,10,20,N/B,1085
2019-02-14,39,16:42:00,Thursday,Finch/Bayview,Investigation,14,28,E/B,1333
2019-02-14,116,16:44:00,Thursday,Kennedy STN,Utilized Off Route,1,3,E/B,8857
2019-02-14,186,17:00:00,Thursday,York Mills Station to Humber College,General Delay,36,47,B/W,
2019-02-14,72,17:00:00,Thursday,lake shore and chery,General Delay,1,1,W/B,
2019-02-14,96,17:00:00,Thursday,York Mills Station to all branches,General Delay,47,69,B/W,
2019-02-14,165,17:00:00,Thursday,York Mills Station to Barmac and Steeles,General Delay,33,41,B/W,
2019-02-14,80,17:00:00,Thursday,Sherway Gardens,General Delay,1,1,W/B,
2019-02-14,29,17:17:00,Thursday,Dufferin and Dupont,Mechanical,8,16,S/B,9140
2019-02-14,29,17:25:00,Thursday,Dufferin and Glencarin,Mechanical,8,16,S/B,9054
2019-02-14,29,17:25:00,Thursday,Dufferin and Glencarin,Mechanical,8,16,S/B,9054
2019-02-14,94,17:25:00,Thursday,Wellesley at Yonge St.,Mechanical,8,16,E/B,1092
2019-02-14,23,17:32:00,Thursday,Donora,Emergency Services,7,14,N/B,8583
2019-02-14,6,17:40:00,Thursday,Queens Quay at Lower Sherbourne,Mechanical,6,12,N/B,1423
2019-02-14,54,17:43:00,Thursday,Lawrence and Kennedy,Investigation,11,22,W/B,8811
2019-02-14,132,17:48:00,Thursday,Hupfield - Sewells,Investigation,12,25,S/B,1794
2019-02-14,995,18:03:00,Thursday,York Mills route,General Delay,25,50,B/W,1535
2019-02-14,110,18:04:00,Thursday,Evans and Islington Ave,Late Leaving Garage,10,18,S/B,8018
2019-02-14,7,18:22:00,Thursday,Lawrence west station,Mechanical,9,18,S/B,9008
2019-02-14,21,18:25:00,Thursday,Brimely Ave at Steele Ave East,Investigation,12,24,S/B,1829
2019-02-14,72,18:29:00,Thursday,pape and dandfoth,Mechanical,8,16,E/B,8468
2019-02-14,553,18:40:00,Thursday,Dufferin and Dupont,Utilized Off Route,1,1,N/B,1115
2019-02-14,16,18:43:00,Thursday,Eglinton and McCowan,Mechanical,1,1,N/B,8455
2019-02-14,168,18:55:00,Thursday,Weston Rd at Rogers (Avon Loop),Emergency Services,8,16,S/B,1029
2019-02-14,108,19:13:00,Thursday,Pioneer Village Station,Mechanical,16,32,E/B,3137
2019-02-14,63,19:16:00,Thursday,Eglinton West,Mechanical,10,20,S/B,8386
2019-02-14,90,19:26:00,Thursday,Oakwood and Vaughan,Diversion,60,68,S/B,8336
2019-02-14,63,19:38:00,Thursday,Queen and Shaw,Investigation,10,20,S/B,1387
2019-02-14,86,19:46:00,Thursday,North Service RD ( Kennedy STN),Investigation,10,20,W/B,8646
2019-02-14,31,19:54:00,Thursday,Linsmore and Danforth,Mechanical,10,20,S/B,8491
2019-02-14,121,20:00:00,Thursday,121 Fort York,General Delay,20,1,B/W,
2019-02-14,83,20:23:00,Thursday,Danforth and Jones,Emergency Services,15,30,W/B,8416
2019-02-14,935,20:33:00,Thursday,Weston Road,Investigation,9,18,S/B,3270
2019-02-14,129,20:33:00,Thursday,Scarborough Town Center,Utilized Off Route,6,12,N/B,1665
2019-02-14,704,20:55:00,Thursday,JNST,Utilized Off Route,1,1,N/B,3316
2019-02-14,32,20:55:00,Thursday,Pine and Lawrence,Utilized Off Route,9,18,E/B,1416
2019-02-14,929,20:55:00,Thursday,Springhurst Loop,Utilized Off Route,10,20,S/B,9045
2019-02-14,47,20:56:00,Thursday,Lansdowne at Queen,Utilized Off Route,10,20,N/B,1272
2019-02-14,73,21:00:00,Thursday,Royal york stn,Utilized Off Route,10,20,N/B,7974
2019-02-14,702,21:00:00,Thursday,Kipling Stn,Utilized Off Route,1,1,N/B,7934
2019-02-14,900,21:00:00,Thursday,Kipling stn,Utilized Off Route,10,20,N/B,8007
2019-02-14,89,21:00:00,Thursday,KSTN,Utilized Off Route,10,20,N/B,1118
2019-02-14,96,21:00:00,Thursday,JAWI,Utilized Off Route,15,30,E/B,3220
2019-02-14,52,21:05:00,Thursday,Lawrence ave and Scarlett Ave,Utilized Off Route,12,24,E/B,1314
2019-02-14,35,21:07:00,Thursday,Jane Station,Utilized Off Route,9,18,N/B,3284
2019-02-14,7,21:12:00,Thursday,Bathurst station,Utilized Off Route,9,18,N/B,9022
2019-02-14,90,22:20:00,Thursday,SC.W,Investigation,10,20,N/B,8210
2019-02-14,29,22:25:00,Thursday,Dufferin and Lawrence,Diversion,9,18,S/B,9138
2019-02-14,102,22:30:00,Thursday,WAST,Utilized Off Route,10,20,E/B,8447
2019-02-14,11,22:46:00,Thursday,DSVN,Mechanical,30,60,N/B,8307
2019-02-14,24,22:50:00,Thursday,VPST,Utilized Off Route,9,18,N/B,8463
2019-02-14,129,23:30:00,Thursday,Scarborough Town Center,Mechanical,10,20,N/B,1657
2019-02-14,95,23:41:00,Thursday,Silverdale Cr and York Mill Rd,Emergency Services,10,20,E/B,1324
2019-02-14,66,23:45:00,Thursday,Old Mill,Mechanical,20,40,S/B,7947
2019-02-14,600,23:59:00,Thursday,WLGA,Utilized Off Route,1,1,NB,1226
2019-02-14,701,23:59:00,Thursday,WLGA,Utilized Off Route,1,1,NB,8125
2019-02-15,79,00:26:00,Friday,Pine and Lawrence,Mechanical,15,30,S/B,1532
2019-02-15,45,00:30:00,Friday,Kipling stn,Mechanical,10,20,N/B,8083
2019-02-15,79,01:01:00,Friday,Edinborough and Scarlett,Investigation,1,1,S/B,1050
2019-02-15,16,01:10:00,Friday,WAST,Mechanical,15,30,N/B,8532
2019-02-15,300,01:24:00,Friday,Yonge and Bloor Street,Diversion,333,363,BW,
2019-02-15,52,01:31:00,Friday,Westway & Martingrove,Mechanical,18,35,S/B,1241
2019-02-15,54,01:44:00,Friday,Don Mills and Lawernce,Investigation,1,1,E/B,8631
2019-02-15,84,02:15:00,Friday,Arrow Garage,Utilized Off Route,1,1,N/A,3154
2019-02-15,320,02:24:00,Friday,Yonge and Steeles,Mechanical,4,7,SB,8307
2019-02-15,35,02:33:00,Friday,Jane and Finch,Emergency Services,1,1,SB,3288
2019-02-15,320,03:24:00,Friday,Yonge and Lawrence,Emergency Services,3,7,SB,1216
2019-02-15,53,04:10:00,Friday,PAMK,Late Leaving Garage,15,15,W/B,1665
2019-02-15,320,04:30:00,Friday,Queens Quay to Steeles,General Delay,25,40,NB,
2019-02-15,312,04:35:00,Friday,St. Clair and Lansdowne,Diversion,55,85,WB,1093
2019-02-15,704,04:45:00,Friday,Arrow rd,Utilized Off Route,1,1,S/B,3364
2019-02-15,709,04:45:00,Friday,Gunn's loop,Utilized Off Route,1,1,E/B,1536
2019-02-15,96,04:50:00,Friday,FIHU,Mechanical,15,15,E/B,3150
2019-02-15,600,04:54:00,Friday,kpst,Utilized Off Route,1,2,E/B,8615
2019-02-15,29,04:56:00,Friday,Wilson Station,Utilized Off Route,10,20,S/B,9024
2019-02-15,700,05:00:00,Friday,gunns loop,Utilized Off Route,1,2,E/B,8084
2019-02-15,609,05:00:00,Friday,Gunn's Loop,Utilized Off Route,1,1,E/B,1041
2019-02-15,608,05:00:00,Friday,Gunn's Loop,Utilized Off Route,1,1,E/B,1633
2019-02-15,35,05:00:00,Friday,Jane stn,Utilized Off Route,5,10,S/B,3139
2019-02-15,53,05:00:00,Friday,Finch Station,Late Leaving Garage,5,10,B/W,7745
2019-02-15,39,05:05:00,Friday,Malvern Garage,Late Leaving Garage,10,20,B/W,3417
2019-02-15,60,05:09:00,Friday,Martin grove,Late Leaving Garage,5,10,W/B,3161
2019-02-15,112,05:10:00,Friday,gunns loop,Utilized Off Route,14,28,E/B,8021
2019-02-15,9,05:10:00,Friday,Warden stn,Late Leaving Garage,15,30,N/B,8945
2019-02-15,600,05:12:00,Friday,Arrow rd,Utilized Off Route,1,1,S/B,3212
2019-02-15,30,05:14:00,Friday,HIGH PARK STN,Late Leaving Garage,20,40,W/B,8043
2019-02-15,75,05:18:00,Friday,Sherbourne between Wellesley and Carlton,Diversion,1,1,B/W,
2019-02-15,607,05:35:00,Friday,Scarborough Town Center,Utilized Off Route,1,1,B/W,1666
2019-02-15,34,05:36:00,Friday,Eglinton & Sloane,Mechanical,40,55,W/B,8743
2019-02-15,87,05:38:00,Friday,LINE 2 - BSTN TO KSTN,Utilized Off Route,5,10,E/B,9223
2019-02-15,72,05:38:00,Friday,LINE 2 - BSTN TO KSTN,Utilized Off Route,7,14,W/B,8515
2019-02-15,87,05:38:00,Friday,LINE 2 - BSTN TO KSTN,Utilized Off Route,5,10,E/B,9228
2019-02-15,87,05:38:00,Friday,LINE 2 - BSTN TO KSTN,Utilized Off Route,5,10,E/B,9208
2019-02-15,706,05:38:00,Friday,LINE 2 - BSTN TO KSTN,Utilized Off Route,1,1,B/W,8583
2019-02-15,606,05:38:00,Friday,LINE 2 - BSTN TO KSTN,Utilized Off Route,1,1,B/W,8589
2019-02-15,706,05:38:00,Friday,LINE 2 - BSTN TO KSTN,Utilized Off Route,1,1,B/W,8531
2019-02-15,709,05:40:00,Friday,Lansdowne and Bloor,Utilized Off Route,1,1,E/B,1536
2019-02-15,609,05:40:00,Friday,KESC,Utilized Off Route,1,1,E/B,1041
2019-02-15,75,05:40:00,Friday,Carlton to Gerrard,Diversion,60,67,B/W,
2019-02-15,60,05:40:00,Friday,Martin Grove,Late Leaving Garage,5,10,B/W,9108
2019-02-15,609,05:40:00,Friday,St.Clair West and Dufferin,Utilized Off Route,1,1,E/B,1633
2019-02-15,704,05:40:00,Friday,Keele st,Utilized Off Route,1,1,S/B,3364
2019-02-15,300,05:40:00,Friday,keele stn,Utilized Off Route,1,1,E/B,8615
2019-02-15,29,05:41:00,Friday,Princess Gates,Utilized Off Route,9,18,N/B,9036
2019-02-15,602,05:43:00,Friday,keele stn,Utilized Off Route,1,1,E/B,8084
2019-02-15,108,05:43:00,Friday,STON,Late Leaving Garage,15,35,W/B,3348
2019-02-15,35,05:44:00,Friday,keele,Utilized Off Route,1,1,S/B,3139
2019-02-15,52,05:44:00,Friday,Wilson Div,Utilized Off Route,16,31,W/B,8313
2019-02-15,57,05:44:00,Friday,Eglinton garage POD Steeles & Midland,Utilized Off Route,8,16,S/B,8845
2019-02-15,112,05:45:00,Friday,keele stn,Utilized Off Route,14,32,E/B,8021
2019-02-15,34,05:45:00,Friday,Eglinton Garage,Utilized Off Route,4,9,E/B,8894
2019-02-15,601,05:46:00,Friday,Wilson div,Utilized Off Route,1,1,W/B,8371
2019-02-15,60,05:47:00,Friday,SGHL,Late Leaving Garage,8,16,E/B,3100
2019-02-15,135,05:47:00,Friday,Main stn,Late Leaving Garage,20,20,N/B,8946
2019-02-15,102,05:47:00,Friday,Warden stn,Late Leaving Garage,10,,N/B,8447
2019-02-15,86,05:47:00,Friday,Eglinton garage POD Toronto zoo,Utilized Off Route,18,,S/B,8803
2019-02-15,600,05:47:00,Friday,Keele st,Utilized Off Route,1,1,S/B,3212
2019-02-15,100,05:49:00,Friday,Broadview STN,Utilized Off Route,14,28,E/B,8637
2019-02-15,105,05:50:00,Friday,DUST,Late Leaving Garage,12,28,S/B,8194
2019-02-15,929,05:50:00,Friday,Dufferin Station,Utilized Off Route,9,17,S/B,9037
2019-02-15,6,05:50:00,Friday,College and Bay,Utilized Off Route,12,23,S/B,1081
2019-02-15,77,05:50:00,Friday,Mount Dennis to Runnymede Station,Late Leaving Garage,10,20,S/B,1068
2019-02-15,44,05:50:00,Friday,keele stn,Utilized Off Route,9,16,E/B,8430
2019-02-15,116,05:50:00,Friday,Eglinton garage POD Stines & Morningside,Utilized Off Route,6,19,S/B,8797
2019-02-15,53,05:50:00,Friday,PAMK,Utilized Off Route,4,9,W/B,1540
2019-02-15,52,05:51:00,Friday,Wilson div,Utilized Off Route,15,27,W/B,1211
2019-02-15,60,05:52:00,Friday,FSTN,Late Leaving Garage,7,14,W/B,3129
2019-02-15,939,05:53:00,Friday,Malvern Garage,Utilized Off Route,1,1,B/W,1707
2019-02-15,43,05:55:00,Friday,Scarborough Town Center,Utilized Off Route,17,27,S/B,8710
2019-02-15,60,05:57:00,Friday,ARGA,Utilized Off Route,8,15,E/B,3313
2019-02-15,45,05:58:00,Friday,keele stn,Utilized Off Route,22,44,E/B,8052
2019-02-15,25,05:58:00,Friday,Eglinton Garage,Utilized Off Route,6,11,E/B,8708
2019-02-15,95,05:58:00,Friday,KNRD,Utilized Off Route,7,14,W/B,1611
2019-02-15,34,06:00:00,Friday,Eglinton station,Late Leaving Garage,4,9,E/B,8643
2019-02-15,11,06:00:00,Friday,DVSN,Late Leaving Garage,15,35,N/B,1389
2019-02-15,75,06:00:00,Friday,Jarvis and Queens Quay,Late Leaving Garage,15,30,N/B,8133
2019-02-15,109,06:00:00,Friday,LAWST,Late Leaving Garage,15,25,S/B,8380
2019-02-15,937,06:00:00,Friday,keele stn,Utilized Off Route,10,20,E/B,8061
2019-02-15,169,06:00:00,Friday,STC,Late Leaving Garage,20,50,N/B,1369
2019-02-15,46,06:00:00,Friday,Kipling stn,Utilized Off Route,1,1,N/B,3197
2019-02-15,169,06:00:00,Friday,Scarborough Town Center,Late Leaving Garage,20,50,W/B,1369
2019-02-15,57,06:00:00,Friday,Eglinton garage POD Steeles & Midland,Late Leaving Garage,9,17,S/B,8826
2019-02-15,14,06:00:00,Friday,CALE,Late Leaving Garage,23,46,W/B,
2019-02-15,14,06:00:00,Friday,Whole route,General Delay,40,60,B/W,
2019-02-15,52,06:01:00,Friday,Lawrence W stn,Utilized Off Route,20,35,W/B,8213
2019-02-15,35,06:02:00,Friday,JNST,Utilized Off Route,9,18,N/B,3236
2019-02-15,939,06:02:00,Friday,Scarborough Town Center,Utilized Off Route,1,1,B/W,1741
2019-02-15,90,06:03:00,Friday,Sc.West Stn,Late Leaving Garage,7,15,N/B,8304
2019-02-15,41,06:03:00,Friday,Keele Station,Utilized Off Route,11,21,N/B,9051
2019-02-15,129,06:05:00,Friday,Scarborough Town Ontario,Utilized Off Route,1,1,B/W,1817
2019-02-15,63,06:05:00,Friday,Ossington stn,Utilized Off Route,13,28,N/B,8344
2019-02-15,63,06:05:00,Friday,Ossington Stn,Utilized Off Route,12,25,S/B,8344
2019-02-15,7,06:06:00,Friday,BATH,Late Leaving Garage,9,9,N/B,9013
2019-02-15,986,06:07:00,Friday,Eglinton garage POD Meadovale loop,Late Leaving Garage,5,10,W/B,8773
2019-02-15,68,06:11:00,Friday,Warden and Steeles Loop,Late Leaving Garage,11,19,S/B,8690
2019-02-15,32,06:14:00,Friday,Mount Dennis to Pine,Late Leaving Garage,6,12,E/B,1030
2019-02-15,32,06:15:00,Friday,Mount Dennis to Emmett and Jane,Late Leaving Garage,6,12,W/B,1268
2019-02-15,122,06:15:00,Friday,York Mills stn,Mechanical,9,9,E/B,
2019-02-15,82,06:15:00,Friday,Crescent Rd between Cluny and Wrentham Pl,Diversion,1,1,B/W,
2019-02-15,112,06:17:00,Friday,"On The West Mall, at Evans",Mechanical,14,28,S/B,7968
2019-02-15,945,06:18:00,Friday,"Steeles Loop, at Kipling",Late Leaving Garage,5,11,S/B,8053
2019-02-15,12,06:19:00,Friday,Victoria Prk stn,Late Leaving Garage,14,28,N/B,8496
2019-02-15,72,06:19:00,Friday,Pape stn,Late Leaving Garage,7,14,S/B,8408
2019-02-15,953,06:21:00,Friday,PAMK,Late Leaving Garage,14,14,W/B,9089
2019-02-15,85,06:21:00,Friday,DONS,Utilized Off Route,8,16,E/B,1519
2019-02-15,34,06:22:00,Friday,Eglinton & Wynford,Mechanical,4,8,W/B,8729
2019-02-15,300,06:22:00,Friday,Bloor and Landsdown,Emergency Services,11,21,E/B,8697
2019-02-15,7,06:24:00,Friday,BATH,Late Leaving Garage,8,17,N/B,1213
2019-02-15,20,06:27:00,Friday,Main stn,Late Leaving Garage,11,22,E/B,8961
2019-02-15,42,06:30:00,Friday,Dynamic and McNicoll,Utilized Off Route,12,24,W/B,1250
2019-02-15,75,06:30:00,Friday,South Drive/Glen to Jarvis and Queens Quay,General Delay,1,1,B/W,
2019-02-15,25,06:33:00,Friday,Pape Station,Investigation,6,11,N/B,8697
2019-02-15,852,06:36:00,Friday,Lawrence stn,Mechanical,11,22,W/B,1302
2019-02-15,131,06:36:00,Friday,Finch and Morningside,Mechanical,8,16,B/W,3446
2019-02-15,32,06:41:00,Friday,Mount Dennis to Emmett and Jane,Mechanical,11,22,E/B,1087
2019-02-15,32,06:41:00,Friday,Mount Dennis to Renforth Station,Late Leaving Garage,6,12,E/B,1095
2019-02-15,960,06:44:00,Friday,Finch west stn,Late Leaving Garage,5,10,E/B,3304
2019-02-15,960,06:45:00,Friday,Finch Station,Late Leaving Garage,8,1,W/B,3367
2019-02-15,75,06:48:00,Friday,South Drive  and Glen Dr,Mechanical,5,20,S/B,8355
2019-02-15,36,06:49:00,Friday,Finch west st,Mechanical,5,10,E/B,9130
2019-02-15,913,06:58:00,Friday,STC,Late Leaving Garage,6,6,E/B,9095
2019-02-15,47,07:02:00,Friday,Lawrence and Caledonia,Mechanical,9,18,S/B,1262
2019-02-15,14,07:08:00,Friday,DVSN,Mechanical,20,36,W/B,1123
2019-02-15,952,07:09:00,Friday,Lawrence stn,Mechanical,11,22,W/B,8376
2019-02-15,108,07:22:00,Friday,SWST,Late Leaving Garage,12,24,W/B,3211
2019-02-15,186,07:22:00,Friday,Walsh & Weston,Mechanical,10,20,W/B,3282
2019-02-15,34,07:22:00,Friday,Eglinton station,Mechanical,4,8,E/B,8915
2019-02-15,89,07:26:00,Friday,KSTN,Mechanical,6,12,N/B,1019
2019-02-15,995,07:33:00,Friday,Parkwoods Villa abd York Mills,Mechanical,8,17,W/B,1657
2019-02-15,941,07:45:00,Friday,KSTN,Utilized Off Route,12,26,N/B,9104
2019-02-15,47,07:45:00,Friday,Dupont,Utilized Off Route,4,8,S/B,1013
2019-02-15,602,07:45:00,Friday,Islington Station,Utilized Off Route,1,2,S/B,8615
2019-02-15,939,07:49:00,Friday,Finch Station,Mechanical,8,16,B/W,1792
2019-02-15,63,07:49:00,Friday,King and Atlantic,Utilized Off Route,4,8,N/B,1241
2019-02-15,90,07:55:00,Friday,Sc.West Stn,Utilized Off Route,5,10,N/B,1215
2019-02-15,32,07:55:00,Friday,Renforth Station,Mechanical,5,10,E/B,1421
2019-02-15,46,08:05:00,Friday,Kiling stn,Utilized Off Route,5,10,S/B,3115
2019-02-15,935,08:06:00,Friday,Jane and Dundas,Mechanical,7,14,N/B,3252
2019-02-15,900,08:06:00,Friday,kpst,Mechanical,10,20,W/B,8011
2019-02-15,82,08:10:00,Friday,Crescent from Cluney to Wrentham Pl,Diversion,1,1,B/W,
2019-02-15,953,08:19:00,Friday,McCowan and Steeles,Mechanical,14,27,W/B,9063
2019-02-15,22,08:22:00,Friday,Coxwell and Gerrard,Investigation,8,16,E/B,8598
2019-02-15,94,08:30:00,Friday,"Yonge, Bay. Queenspark",General Delay,30,40,B/W,
2019-02-15,36,08:30:00,Friday,Humberwood loop,Mechanical,5,10,E/B,9119
2019-02-15,168,08:30:00,Friday,"Bloor, Davenport, St. Clair",General Delay,40,50,B/W,
2019-02-15,29,08:30:00,Friday,Wilson Station,Mechanical,8,15,S/B,9046
2019-02-15,186,08:33:00,Friday,HLDG,Mechanical,10,20,E/B,3113
2019-02-15,960,08:40:00,Friday,Finch Stn,Mechanical,10,20,E/B,3367
2019-02-15,92,08:55:00,Friday,Woodbine Station,Mechanical,9,18,S/B,8579
2019-02-15,65,09:00:00,Friday,Parliament Route,General Delay,13,26,BW,
2019-02-15,83,09:00:00,Friday,Jones Route,General Delay,16,32,BW,
2019-02-15,29,09:17:00,Friday,Dufferin / Rosemount,Mechanical,8,16,S/B,9024
2019-02-15,24,09:20:00,Friday,Victoria Park / Paget,Mechanical,10,20,S/B,8430
2019-02-15,133,09:23:00,Friday,STC,Mechanical,11,22,N/B,1322
2019-02-15,168,09:28:00,Friday,Antler and Syminton,Investigation,5,10,N/B,1142
2019-02-15,38,09:45:00,Friday,STC,Investigation,12,24,E/B,1660
2019-02-15,24,09:50:00,Friday,Lawrence / Victoria Park,Investigation,10,20,S/B,8443
2019-02-15,25,10:03:00,Friday,PSTN,Utilized Off Route,9,18,B/W,8633
2019-02-15,11,10:12:00,Friday,Bayview and Sheppard Ave E,Investigation,12,24,N/B,8126
2019-02-15,41,10:18:00,Friday,KEEG,Mechanical,9,18,N/B,9148
2019-02-15,129,10:22:00,Friday,STC,Mechanical,14,21,N/B,1654
2019-02-15,75,10:35:00,Friday,South Drive Glen Drive,Mechanical,5,9,S/B,8355
2019-02-15,37,10:54:00,Friday,isst,Mechanical,19,38,N/B,7922
2019-02-15,46,11:02:00,Friday,Albion,Investigation,19,38,S/B,3165
2019-02-15,134,11:04:00,Friday,fdfi,Mechanical,15,30,W/B,1336
2019-02-15,96,11:06:00,Friday,Wilson & Faywood Ave,Diversion,5,10,E/B,
2019-02-15,42,11:08:00,Friday,McNicoll Ave and Birchmount Rd,Mechanical,20,40,E/B,1250
2019-02-15,123,11:11:00,Friday,kipling station,Mechanical,20,40,E/B,8034
2019-02-15,7,11:12:00,Friday,Bathurst and Nine,Investigation,10,19,N/B,1213
2019-02-15,124,11:20:00,Friday,Lawrence West Station,Mechanical,20,40,E/B,1317
2019-02-15,61,11:24:00,Friday,Avenue rd and Old Orchard Grove,Investigation,15,30,N/B,8160
2019-02-15,900,11:26:00,Friday,t3,Mechanical,10,20,E/B,8009
2019-02-15,133,11:44:00,Friday,MOFI,Mechanical,11,22,S/B,1393
2019-02-15,32,11:59:00,Friday,Martin Grove and Eglinton,Investigation,10,20,E/B,1035
2019-02-15,16,12:00:00,Friday,McCowan Route,General Delay,12,24,BW,
2019-02-15,109,12:00:00,Friday,Route 109,General Delay,20,20,B/W,
2019-02-15,89,12:23:00,Friday,KEEG,Mechanical,10,20,S/B,1012
2019-02-15,41,12:30:00,Friday,Keele & Eglinton,General Delay,20,1,B/W,
2019-02-15,89,12:36:00,Friday,ALWS,Mechanical,10,20,S/B,1093
2019-02-15,115,12:40:00,Friday,York Mills stn,Mechanical,20,40,E/B,8143
2019-02-15,41,13:13:00,Friday,Keele & Gracefield,Investigation,9,18,S/B,9023
2019-02-15,95,13:14:00,Friday,Kennedy on Ellesmere,Investigation,8,16,E/B,1655
2019-02-15,7,13:40:00,Friday,Bathurst & Wilson,Mechanical,10,19,N/B,9019
2019-02-15,35,13:41:00,Friday,PVST,Mechanical,7,14,S/B,3182
2019-02-15,63,13:54:00,Friday,Ossington and Bruce,Investigation,1,1,S/B,8218
2019-02-15,35,14:00:00,Friday,35 Jane Route,General Delay,10,25,B/W,
2019-02-15,60,14:00:00,Friday,Entire 60 Steeles West Route Bothways,General Delay,18,23,B/W,
2019-02-15,935,14:00:00,Friday,935 Jane Express,General Delay,7,20,B/W,
2019-02-15,97,14:00:00,Friday,entire route,General Delay,30,60,B/W,
2019-02-15,6,14:14:00,Friday,Davenport at Dupont,Mechanical,5,10,S/B,1125
2019-02-15,47,14:19:00,Friday,Yorkdale Station,Mechanical,4,8,S/B,1107
2019-02-15,107,14:20:00,Friday,SWST,Mechanical,19,49,S/B,3262
2019-02-15,168,14:23:00,Friday,Weston Rd at Rogers Rd (Avon Loop),Mechanical,10,20,N/B,1576
2019-02-15,17,14:27:00,Friday,Warden Station,Investigation,13,26,EB,9225
2019-02-15,97,14:27:00,Friday,DVSN,Late Leaving Garage,30,60,N/B,8395
2019-02-15,35,14:30:00,Friday,JNST,Late Leaving Garage,10,15,N/B,3345
2019-02-15,56,14:42:00,Friday,Donland Station,Mechanical,15,33,N/B,1395
2019-02-15,71,14:43:00,Friday,Industry st,Late Leaving Garage,19,30,S/B,1123
2019-02-15,95,14:46:00,Friday,YOCI,Late Leaving Garage,10,20,W/B,3416
2019-02-15,37,14:58:00,Friday,Islington stn,Late Leaving Garage,11,22,N/B,7968
2019-02-15,53,14:58:00,Friday,BREB,Mechanical,2,4,E/B,3433
2019-02-15,953,14:59:00,Friday,BSTL,Late Leaving Garage,9,9,W/B,
2019-02-15,75,15:00:00,Friday,Sherbourne route,General Delay,20,20,B/W,
2019-02-15,71,15:00:00,Friday,Runnymede stn,General Delay,15,30,B/W,
2019-02-15,32,15:00:00,Friday,Entire Route,General Delay,20,25,B/W,
2019-02-15,52,15:00:00,Friday,Lawrence Station to West Wood Mall,General Delay,19,35,B/W,
2019-02-15,24,15:00:00,Friday,24 Victoria Park Ave,General Delay,15,1,B/W,
2019-02-15,953,15:03:00,Friday,BREB,Late Leaving Garage,3,5,E/B,
2019-02-15,953,15:04:00,Friday,FSTN,Late Leaving Garage,15,15,E/B,
2019-02-15,11,15:05:00,Friday,Davisville station,Mechanical,7,14,N/B,8394
2019-02-15,77,15:09:00,Friday,Windermere Pl,Late Leaving Garage,9,19,N/B,1264
2019-02-15,79,15:14:00,Friday,Scarlett and Eglinton,Mechanical,8,16,S/B,1127
2019-02-15,53,15:16:00,Friday,Moore Park,Investigation,5,11,E/B,1537
2019-02-15,72,15:20:00,Friday,cherry /comm,Mechanical,7,14,N/B,8493
2019-02-15,924,15:27:00,Friday,Victoria Park Station,Late Leaving Garage,9,18,W/B,8485
2019-02-15,80,15:28:00,Friday,Parkside and Ridout,Diversion,30,60,B/W,7979
2019-02-15,70,15:30:00,Friday,Both ways on route,General Delay,18,34,B/W,
2019-02-15,21,15:34:00,Friday,STC,Late Leaving Garage,11,19,N/B,1745
2019-02-15,63,15:40:00,Friday,Oakwood Loop,Mechanical,8,16,N/B,8154
2019-02-15,32,15:45:00,Friday,Eglinton west stn,Utilized Off Route,8,16,W/B,1113
2019-02-15,176,15:45:00,Friday,Manitoba st,Diversion,180,180,E/B,8617
2019-02-15,944,15:45:00,Friday,Kipling stn,Mechanical,10,20,B/W,7974
2019-02-15,985,15:53:00,Friday,DONS,Mechanical,9,18,E/B,9062
2019-02-15,34,16:00:00,Friday,Kenddy Stn to Eglinton Stn B/W,General Delay,25,1,B/W,
2019-02-15,30,16:00:00,Friday,30 Lampton Route,General Delay,30,60,N/B,8043
2019-02-15,80,16:00:00,Friday,Howard Park and Bloor,General Delay,1,1,B/W,
2019-02-15,160,16:00:00,Friday,Bathrust north route,General Delay,20,25,B/W,
2019-02-15,96,16:02:00,Friday,York Mills Station,Utilized Off Route,22,44,W/B,3150
2019-02-15,12,16:13:00,Friday,Bingham Ave,Investigation,17,34,B/W,8416
2019-02-15,29,16:15:00,Friday,Springhurst Loop,Diversion,9,18,S/B,9032
2019-02-15,80,16:17:00,Friday,Indian Grove and Indian Trail,Investigation,24,48,N/B,7979
2019-02-15,53,16:20:00,Friday,Yonge and Steeles,Investigation,6,11,W/B,1630
2019-02-15,7,16:27:00,Friday,Douglas,Mechanical,9,18,N/B,9000
2019-02-15,989,16:27:00,Friday,Bradstock and Weston,Investigation,10,20,N/B,1521
2019-02-15,113,16:29:00,Friday,Birchmount Rd and Danforth Road,Diversion,44,55,W/B,8451
2019-02-15,927,16:34:00,Friday,Kipling Station,Investigation,6,12,S/B,3316
2019-02-15,29,16:44:00,Friday,Dufferin and Wyngold,Mechanical,8,16,S/B,9041
2019-02-15,34,16:45:00,Friday,Brentcliff and Eglinton,Emergency Services,4,9,E/B,8721
2019-02-15,39,16:50:00,Friday,Finch Station,Late Leaving Garage,10,20,B/W,1609
2019-02-15,85,16:53:00,Friday,Sheppard and Scunthorpe,Mechanical,10,18,W/B,1787
2019-02-15,54,16:54:00,Friday,Lawrence and Brimley,Investigation,10,20,E/B,8631
2019-02-15,54,16:54:00,Friday,Lawrence and Greencedar circt,Investigation,10,20,E/B,8669
2019-02-15,6,17:06:00,Friday,Queens Quay at Lower Sherbourne,Mechanical,7,14,N/B,1070
2019-02-15,6,17:06:00,Friday,Queens Quat at Lower Sherbourne,Mechanical,7,14,N/B,1089
2019-02-15,939,17:07:00,Friday,Finch/ Sandhurst Circle,Mechanical,6,12,W/B,1733
2019-02-15,63,17:07:00,Friday,Eglinton west station to front street,General Delay,20,36,B/W,
2019-02-15,36,17:12:00,Friday,FSTN,Mechanical,5,11,E/B,3183
2019-02-15,186,17:12:00,Friday,Albion and Elmhurst,Investigation,11,22,W/B,3193
2019-02-15,100,17:13:00,Friday,Deauville and St Dennis,Emergency Services,1,1,S/B,8754
2019-02-15,52,17:15:00,Friday,Dixon Rd at HWY 401,Investigation,7,13,E/B,1277
2019-02-15,96,17:15:00,Friday,York Mills Station to all branches,General Delay,50,62,B/W,
2019-02-15,165,17:15:00,Friday,York Mills Station to Barmac and Steeles,General Delay,23,31,B/W,
2019-02-15,134,17:28:00,Friday,PRSH,Mechanical,17,34,W/B,1404
2019-02-15,85,17:35:00,Friday,SLP,Utilized Off Route,15,31,W/B,1519
2019-02-15,17,17:50:00,Friday,WAST,Mechanical,1,1,N/B,8941
2019-02-15,100,17:53:00,Friday,Millwood and Overlea,Investigation,6,12,S/B,8930
2019-02-15,53,18:06:00,Friday,PAMK,Mechanical,5,11,W/B,1245
2019-02-15,34,18:08:00,Friday,Kenn Stn,Mechanical,4,9,W/B,8764
2019-02-15,118,18:20:00,Friday,Wilson Station,Mechanical,25,50,W/B,3305
2019-02-15,32,18:30:00,Friday,Renforth stn,Mechanical,8,17,E/B,1420
2019-02-15,127,18:30:00,Friday,Oakwood and Davenport,Mechanical,20,40,W/B,1050
2019-02-15,952,18:42:00,Friday,Scarlett Rd / Lawrence Ave,Mechanical,12,24,W/B,8347
2019-02-15,52,19:09:00,Friday,Lawrence Station,Emergency Services,1,1,W/B,8323
2019-02-15,161,19:14:00,Friday,JAAL,Mechanical,1,1,E/B,1068
2019-02-15,29,19:45:00,Friday,Dufferin and Dupont,Mechanical,8,16,N/B,9143
2019-02-15,702,19:48:00,Friday,Kipling Station,Utilized Off Route,1,2,S/B,8084
2019-02-15,929,19:53:00,Friday,Dufferin and Dupont,Mechanical,8,16,S/B,9037
2019-02-15,87,20:00:00,Friday,87 Cosburn,General Delay,10,1,B/W,
2019-02-15,117,20:00:00,Friday,Whitehorse Rd and RimRock Rd,Investigation,16,28,S/B,8318
2019-02-15,95,20:11:00,Friday,Kennedy and Ellesmere Rd,Investigation,14,28,E/B,1730
2019-02-15,97,20:30:00,Friday,DVSN,Investigation,30,60,N/B,8353
2019-02-15,102,20:30:00,Friday,Warden station,Utilized Off Route,10,20,N/B,8953
2019-02-15,929,20:30:00,Friday,Dufferin and Lawrence,Mechanical,8,16,N/B,9103
2019-02-15,43,20:31:00,Friday,Kennedy station,Mechanical,10,20,N/B,8888
2019-02-15,108,20:58:00,Friday,Pioneer Village Station,Investigation,18,36,EB,3302
2019-02-15,161,21:00:00,Friday,Weston and Rogers,Diversion,75,95,E/B,
2019-02-15,161,21:00:00,Friday,Entire Route,General Delay,15,35,B/W,
2019-02-15,63,21:10:00,Friday,Ossington Station,Utilized Off Route,10,20,S/B,8308
2019-02-15,168,21:20:00,Friday,Weston Rd at Rogers Rd,Diversion,53,73,B/W,1281
2019-02-15,63,21:22:00,Friday,Queen and Ossington,Utilized Off Route,10,20,S/B,8196
2019-02-15,70,21:53:00,Friday,Cosburn and Coxwell,Mechanical,30,60,B/W,8796
2019-02-15,63,22:00:00,Friday,Shaw and Queen,Investigation,10,20,N/B,8165
2019-02-15,11,22:00:00,Friday,Davisville station to Steeels loop,General Delay,28,58,B/W,
2019-02-15,95,22:02:00,Friday,Birchwood Ave and York Mills Rd,Mechanical,10,20,E/B,1550
2019-02-15,36,22:16:00,Friday,FSTN,Late Leaving Garage,10,19,W/B,3369
2019-02-15,96,22:24:00,Friday,Humberline Loop,Mechanical,29,48,E/B,3208
2019-02-15,24,22:32:00,Friday,VPST,Utilized Off Route,9,18,N/B,8415
2019-02-15,11,22:53:00,Friday,Davisville station,Mechanical,15,30,E/B,8201
2019-02-15,34,22:54:00,Friday,Kenn Stn,Mechanical,10,20,B/W,8642
2019-02-15,11,23:00:00,Friday,SUNY,Mechanical,30,60,N/B,1383
2019-02-15,71,23:23:00,Friday,Rock cliff and Outlook,Emergency Services,20,40,N/B,1605
2019-02-15,95,23:39:00,Friday,Victoria Park Ave and Ellesmere Rd,Emergency Services,10,20,W/B,1377
2019-02-16,26,00:05:00,Saturday,High Park and Annette,Diversion,115,145,B/W,
2019-02-16,34,00:10:00,Saturday,Lebovic Ave,Emergency Services,10,20,E/B,8672
2019-02-16,30,00:10:00,Saturday,High park and Annette,Diversion,90,90,B/W,7910
2019-02-16,89,00:35:00,Saturday,Annette and Keele,Utilized Off Route,10,20,S/B,1555
2019-02-16,47,01:00:00,Saturday,QNLA,Utilized Off Route,1,1,N/B,1273
2019-02-16,34,01:03:00,Saturday,Ionview and Eglinton,Investigation,10,20,W/B,8638
2019-02-16,60,01:35:00,Saturday,Pioneer Village Station,Investigation,17,34,EB,3104
2019-02-16,39,02:01:00,Saturday,Finch Station,Mechanical,9,18,E/B,1636
2019-02-16,320,02:17:00,Saturday,Yonge and Steeles,Utilized Off Route,4,7,SWB,8113
2019-02-16,396,02:30:00,Saturday,Martingrove and Steeles Loop,Mechanical,30,60,SB,3211
2019-02-16,363,02:59:00,Saturday,Ossington and Davenport,Investigation,1,1,NB,8204
2019-02-16,302,04:23:00,Saturday,McCowan Rd and Lawrence Ave,Investigation,30,60,S/B,8401
2019-02-16,300,04:28:00,Saturday,Sherbourne Street to Mt. Pleasant on Bloor,Diversion,139,169,W/B,8061
2019-02-16,84,04:43:00,Saturday,Rivalda and Sheppard,Mechanical,30,60,S/B,3316
2019-02-16,168,04:51:00,Saturday,AVLP,Late Leaving Garage,15,15,S/B,1014
2019-02-16,108,05:26:00,Saturday,Sheppard West Station,Late Leaving Garage,0,15,N/B,3152
2019-02-16,39,05:28:00,Saturday,BDFI,Late Leaving Garage,15,30,W/B,1702
2019-02-16,300,05:30:00,Saturday,qsga,Mechanical,10,20,W/B,8035
2019-02-16,126,05:45:00,Saturday,SCW,Late Leaving Garage,30,60,S/B,1529
2019-02-16,106,06:01:00,Saturday,Sheppard West Stn,Late Leaving Garage,13,26,N/B,8350
2019-02-16,90,06:10:00,Saturday,Oakwood and Vaughan,Late Leaving Garage,12,12,S/B,1399
2019-02-16,32,06:18:00,Saturday,EEWST,Late Leaving Garage,10,20,W/B,1046
2019-02-16,53,06:41:00,Saturday,FSTN,Late Leaving Garage,64,83,E/B,1299
2019-02-16,32,06:45:00,Saturday,EGWSTN,Mechanical,10,20,E/B,1082
2019-02-16,35,07:01:00,Saturday,JNST,Mechanical,8,16,N/B,3315
2019-02-16,129,08:39:00,Saturday,STC,Late Leaving Garage,6,13,N/B,1245
2019-02-16,68,09:03:00,Saturday,3325 Warden Ave,Emergency Services,39,78,N/B,8751
2019-02-16,168,09:14:00,Saturday,DWST,Late Leaving Garage,10,20,N/B,1149
2019-02-16,73,09:15:00,Saturday,RYST,Mechanical,10,20,S/B,7955
2019-02-16,29,09:20:00,Saturday,DLAW,Late Leaving Garage,6,11,N/B,9033
2019-02-16,74,09:20:00,Saturday,St Clair Stn,Late Leaving Garage,18,38,N/B,1271
2019-02-16,68,09:24:00,Saturday,3325 Warden Ave,Diversion,1,1,B/W,8751
2019-02-16,123,09:25:00,Saturday,KPSN,Mechanical,20,40,W/B,8012
2019-02-16,133,09:25:00,Saturday,Scarborough Centre RT,Mechanical,10,20,E/B,1244
2019-02-16,80,09:34:00,Saturday,qway garage,Mechanical,27,54,N/B,8065
2019-02-16,52,10:36:00,Saturday,Lawrence stn,Late Leaving Garage,20,40,W/B,8318
2019-02-16,65,11:00:00,Saturday,Parliament Roue,General Delay,16,32,BW,
2019-02-16,83,11:00:00,Saturday,Jones Route,General Delay,15,30,BW,
2019-02-16,95,11:06:00,Saturday,YKMS,Mechanical,14,28,E/B,1225
2019-02-16,63,11:18:00,Saturday,Ossington and Bruce,Investigation,6,12,N/B,1351
2019-02-16,53,11:27:00,Saturday,Markham & Passmore,Mechanical,17,25,E/B,1802
2019-02-16,7,11:35:00,Saturday,Bathurst and Wilson,Late Leaving Garage,9,18,S/B,8376
2019-02-16,37,11:54:00,Saturday,islington and barkwin,Investigation,20,40,N/B,8063
2019-02-16,127,12:05:00,Saturday,Townley Loop,Investigation,22,44,E/B,1033
2019-02-16,709,12:28:00,Saturday,Symington & Davenport,Investigation,1,1,N/B,1032
2019-02-16,52,12:28:00,Saturday,Lawrence W /Dufferin,Investigation,11,31,W/B,8326
2019-02-16,32,12:35:00,Saturday,Renforth and Eglinton,Mechanical,9,18,E/B,1261
2019-02-16,96,12:40:00,Saturday,YKMS,Late Leaving Garage,15,30,W/B,3105
2019-02-16,52,12:42:00,Saturday,Lawrence,Mechanical,17,34,W/B,8189
2019-02-16,133,12:45:00,Saturday,STC,Mechanical,9,18,E/B,1294
2019-02-16,70,13:00:00,Saturday,Craigton Drive,General Delay,8,1,S/B,
2019-02-16,44,13:19:00,Saturday,KPSN,Mechanical,9,18,S/B,7945
2019-02-16,68,13:20:00,Saturday,WAST,Mechanical,10,20,N/B,8833
2019-02-16,706,13:25:00,Saturday,VPSTN,Utilized Off Route,1,1,N/B,9236
2019-02-16,67,13:37:00,Saturday,Victoria Park station,Utilized Off Route,10,20,S/B,8795
2019-02-16,85,13:45:00,Saturday,DONS,Mechanical,5,10,E/B,1802
2019-02-16,900,14:00:00,Saturday,Airport Road and Jetliner,General Delay,1,1,N/B,
2019-02-16,121,14:00:00,Saturday,FORT YORK ROUTE,General Delay,25,,B/W,
2019-02-16,85,14:14:00,Saturday,Sheppard and Birchmount,Mechanical,20,40,E/B,1714
2019-02-16,129,14:18:00,Saturday,STC,Mechanical,6,12,N/B,1332
2019-02-16,133,14:20:00,Saturday,STC,Mechanical,9,18,E/B,1713
2019-02-16,77,14:20:00,Saturday,Runnymede and Morningside,Diversion,96,120,S/B,1140
2019-02-16,57,14:43:00,Saturday,South shield,Investigation,14,28,N/B,8837
2019-02-16,85,14:52:00,Saturday,BZO,Utilized Off Route,10,15,W/B,1565
2019-02-16,126,15:00:00,Saturday,All along the route,General Delay,15,45,B/W,1529
2019-02-16,23,15:00:00,Saturday,DAWES RD ROUTE,General Delay,15,0,B/W,
2019-02-16,87,15:00:00,Saturday,COSBURN ROUTE,General Delay,15,,B/W,
2019-02-16,52,15:00:00,Saturday,Lawrence Station to  MCNAUGHTON AVE. AT VICTORY CR.,General Delay,26,39,B/W,
2019-02-16,95,15:04:00,Saturday,SCLP,Mechanical,13,26,W/B,1519
2019-02-16,33,15:18:00,Saturday,Roselawn and Chaplain,Investigation,30,60,S/B,8393
2019-02-16,39,15:30:00,Saturday,FSTN,Mechanical,14,28,E/B,1712
2019-02-16,12,15:30:00,Saturday,st clair Mildland,General Delay,7,14,,
2019-02-16,60,15:35:00,Saturday,Pioneer Village Station,Mechanical,9,18,E/B,3162
2019-02-16,37,15:41:00,Saturday,Steeles and Islington S/b at the 1st stop.,Emergency Services,20,40,S/B,7930
2019-02-16,116,15:47:00,Saturday,Kenn Stn,Mechanical,1,1,N/B,8802
2019-02-16,29,16:08:00,Saturday,Dundas and Dufferin,Mechanical,1,1,N/B,9143
2019-02-16,63,16:15:00,Saturday,Eglinton West Station to King,General Delay,19,24,B/W,
2019-02-16,79,16:44:00,Saturday,PINE,Mechanical,24,48,S/B,1549
2019-02-16,71,16:50:00,Saturday,Lamton and Rockcliff,Investigation,16,32,E/B,1137
2019-02-16,32,16:50:00,Saturday,Eglinton Station,Emergency Services,9,18,W/B,1614
2019-02-16,127,17:18:00,Saturday,SPST,Mechanical,1,1,E/B,1106
2019-02-16,927,17:27:00,Saturday,Steeles Loop and Martin Grove,Late Leaving Garage,10,20,S/B,3359
2019-02-16,95,17:33:00,Saturday,Gander/Ellesmere,Mechanical,13,26,E/B,1645
2019-02-16,75,17:50:00,Saturday,Bloor /Sherbourne,Utilized Off Route,10,20,S/B,8381
2019-02-16,169,18:00:00,Saturday,Scarbourough Town Centre,Mechanical,30,60,W/B,1375
2019-02-16,81,18:00:00,Saturday,pape station,Investigation,7,14,N/B,8585
2019-02-16,7,18:05:00,Saturday,Bathurst/Finch,Mechanical,7,15,S/B,9005
2019-02-16,108,18:11:00,Saturday,Murray Ross,Diversion,33,47,E/B,3226
2019-02-16,56,18:15:00,Saturday,Donland Station,Mechanical,21,45,N/B,1296
2019-02-16,935,18:19:00,Saturday,Pioneer Village Station,Mechanical,9,18,S/B,3125
2019-02-16,54,18:30:00,Saturday,ESTN,Mechanical,14,27,E/B,8882
2019-02-16,53,18:31:00,Saturday,Markham and Steeles,Mechanical,6,16,W/B,1622
2019-02-16,63,18:40:00,Saturday,E.W STN,Mechanical,5,10,S/B,8191
2019-02-16,111,19:00:00,Saturday,Kipling Station to Willowridge,General Delay,15,35,B/W,
2019-02-16,124,19:00:00,Saturday,Lawrence Station to Sunnybrook Hospital,General Delay,10,30,B/W,
2019-02-16,29,19:05:00,Saturday,Dupont and Dufferin,Mechanical,1,1,N/B,9151
2019-02-16,86,19:07:00,Saturday,Meadowvale Loop,Mechanical,9,18,S/B,8824
2019-02-16,606,19:40:00,Saturday,MSTN,Utilized Off Route,1,1,S/B,8562
2019-02-16,706,19:41:00,Saturday,MSTN,Utilized Off Route,1,1,S/B,9236
2019-02-16,25,19:42:00,Saturday,PSTN,Utilized Off Route,8,17,B/W,8677
2019-02-16,168,19:56:00,Saturday,AVLP,Mechanical,8,16,S/B,1560
2019-02-16,14,20:00:00,Saturday,Entire Route,General Delay,15,35,B/W,
2019-02-16,56,20:00:00,Saturday,Eglinton Station to Donland Station,General Delay,19,43,B/W,
2019-02-16,26,20:03:00,Saturday,Annette and Indian Ave,Mechanical,24,48,W/B,1043
2019-02-16,32,20:35:00,Saturday,Eglinton and Keele,Mechanical,10,20,E/B,1416
2019-02-16,89,20:45:00,Saturday,Jane and Weston,Mechanical,1,1,N/B,1058
2019-02-16,107,20:48:00,Saturday,Sheppard West Station,Investigation,30,60,W/B,3192
2019-02-16,131,21:00:00,Saturday,STC-McCowan and 401,General Delay,15,30,N/B,
2019-02-16,100,21:09:00,Saturday,William Morgan and overlea Blvd,Mechanical,9,18,S/B,8877
2019-02-16,134,21:17:00,Saturday,McCowan and 401,Diversion,58,22,N/B,
2019-02-16,52,21:19:00,Saturday,Lawrence West Station,Utilized Off Route,10,20,W/B,8389
2019-02-16,54,21:42:00,Saturday,Midland and Lawrence,Investigation,20,40,B/W,8875
2019-02-16,36,22:28:00,Saturday,Finch and Milvan,Investigation,8,16,W/B,3354
2019-02-16,100,22:45:00,Saturday,BSTN,Utilized Off Route,10,20,B/W,8804
2019-02-16,90,22:45:00,Saturday,St.Clair West to Vaughn rd,General Delay,19,29,B/W,
2019-02-16,29,23:24:00,Saturday,Springhurst Loop,Mechanical,1,1,S/B,9100
2019-02-16,606,23:44:00,Saturday,MSTN,Utilized Off Route,1,1,S/B,8533
2019-02-16,34,23:45:00,Saturday,Kenn Stn,Mechanical,10,20,W/B,8785
2019-02-16,65,23:58:00,Saturday,Parliament and Richmond,Investigation,15,30,S/B,9215
2019-02-17,32,00:02:00,Sunday,PINE,Mechanical,20,40,E/B,1555
2019-02-17,129,00:06:00,Sunday,Steeles and McCowan Rd,Mechanical,10,20,S/B,1245
2019-02-17,89,00:12:00,Sunday,Dundas and Keele,Mechanical,1,1,S/B,1013
2019-02-17,985,00:13:00,Sunday,Sheppard/Warden,Investigation,21,42,E/B,1715
2019-02-17,29,00:36:00,Sunday,Dundas and Dufferin,Mechanical,1,1,S/B,9100
2019-02-17,14,00:45:00,Sunday,Chaplin/Roselawn,Investigation,20,40,W/B,1529
2019-02-17,32,01:00:00,Sunday,E.W STN,Mechanical,10,20,E/B,1054
2019-02-17,85,01:55:00,Sunday,Don Mills Station,Mechanical,30,30,W/B,1274
2019-02-17,63,02:00:00,Sunday,E.w Stn,Mechanical,10,20,N/B,8385
2019-02-17,385,02:28:00,Sunday,Sheppard Station,Mechanical,30,30,E/B,1274
2019-02-17,116,03:43:00,Sunday,Kennedy Station,Utilized Off Route,1,1,N/B,8761
2019-02-17,312,04:21:00,Sunday,St. Clair Stn,Emergency Services,24,54,E/B,1349
2019-02-17,62,05:45:00,Sunday,MORTIMER/DONLANDS,Investigation,15,30,W/B,8583
2019-02-17,334,05:50:00,Sunday,Finch and Finchdene,Emergency Services,1,1,,8773
2019-02-17,38,07:12:00,Sunday,Rouge Hil Go,Mechanical,20,20,S/B,1643
2019-02-17,37,07:12:00,Sunday,Islington Station,Mechanical,24,48,N/B,8042
2019-02-17,32,07:15:00,Sunday,Eg Stn,Late Leaving Garage,30,60,W/B,1101
2019-02-17,75,07:25:00,Sunday,wilson garage,Late Leaving Garage,20,0,S/B,8331
2019-02-17,53,07:27:00,Sunday,Steeles and Passmore,Mechanical,18,36,B/W,1550
2019-02-17,29,07:28:00,Sunday,Dufferrin / Lawrence,Mechanical,7,14,N/B,9137
2019-02-17,34,07:36:00,Sunday,Kennedy Station,Late Leaving Garage,15,25,W/B,8771
2019-02-17,32,07:36:00,Sunday,Renforth Stn,Mechanical,10,20,E/B,1419
2019-02-17,33,07:40:00,Sunday,wilson garage,Late Leaving Garage,30,60,S/B,1364
2019-02-17,54,07:48:00,Sunday,Leslie and Lawrwence,Mechanical,15,15,E/B,8909
2019-02-17,66,07:50:00,Sunday,Humber Loop,Late Leaving Garage,20,40,N/B,7934
2019-02-17,110,07:50:00,Sunday,Islington and Evans,Mechanical,20,40,S/B,7950
2019-02-17,106,08:05:00,Sunday,finch,Mechanical,15,30,S/B,8107
2019-02-17,985,08:23:00,Sunday,Scarborough Town Center,Mechanical,15,30,B/W,9089
2019-02-17,94,08:35:00,Sunday,Harbord and Bathurst,Investigation,12,25,E/B,1379
2019-02-17,45,08:38:00,Sunday,Kipling Station,General Delay,8,16,N/B,8094
2019-02-17,168,08:41:00,Sunday,Avon loop,Mechanical,10,20,S/B,1050
2019-02-17,97,09:03:00,Sunday,wilson garage,Late Leaving Garage,30,60,S/B,8110
2019-02-17,116,09:21:00,Sunday,Morningside and Stains,Late Leaving Garage,8,15,S/B,8842
2019-02-17,105,09:32:00,Sunday,wilson garage,Late Leaving Garage,15,30,N/B,8192
2019-02-17,706,09:38:00,Sunday,VPSTN,Utilized Off Route,1,1,S/B,8535
2019-02-17,25,09:46:00,Sunday,PSTN,Utilized Off Route,9,18,N/B,8908
2019-02-17,90,09:51:00,Sunday,wilson garage,Late Leaving Garage,12,24,N/B,8219
2019-02-17,7,09:51:00,Sunday,wilson garage,Late Leaving Garage,10,20,S/B,8141
2019-02-17,63,10:00:00,Sunday,eglinton stn / liberty,General Delay,9,16,B/W,
2019-02-17,95,10:00:00,Sunday,Scarborough Loop,Mechanical,10,20,W/B,1245
2019-02-17,55,10:30:00,Sunday,Lundy & Warren,Diversion,90,120,B/W,1014
2019-02-17,64,10:38:00,Sunday,BRGA,Late Leaving Garage,14,28,S/B,8447
2019-02-17,43,10:52:00,Sunday,Silverstar and Passmore,Mechanical,10,20,S/B,8731
2019-02-17,121,11:00:00,Sunday,FORT YORK ROUTE,General Delay,20,,B/W,
2019-02-17,23,11:30:00,Sunday,DAWES ROUTE,General Delay,10,,B/W,
2019-02-17,53,11:42:00,Sunday,Mccowan/Steeles,Mechanical,27,54,W/B,1686
2019-02-17,111,11:47:00,Sunday,East Mall and Rathburn,Diversion,13,26,N/B,8077
2019-02-17,60,11:51:00,Sunday,Finch Stn,Late Leaving Garage,11,21,W/B,3227
2019-02-17,711,11:56:00,Sunday,Eglinton Station,Utilized Off Route,1,1,S/B,1363
2019-02-17,711,11:56:00,Sunday,Eglinton Station,Utilized Off Route,1,1,S/B,8174
2019-02-17,704,12:03:00,Sunday,Finch/Weston Rd,Utilized Off Route,1,260,E/B,3329
2019-02-17,23,12:06:00,Sunday,FERRIS,Late Leaving Garage,10,16,S/B,8518
2019-02-17,704,12:10:00,Sunday,Sheppard stn,Utilized Off Route,1,1,W/B,3106
2019-02-17,133,12:24:00,Sunday,Morning Side and Finch,Mechanical,10,20,S/B,1730
2019-02-17,52,12:32:00,Sunday,Lawrence W stn,Mechanical,7,14,W/B,8101
2019-02-17,52,12:32:00,Sunday,Martin grove/ West way,Mechanical,7,17,E/B,1285
2019-02-17,116,12:35:00,Sunday,Kennedy Station,Late Leaving Garage,10,20,E/B,8917
2019-02-17,34,12:48:00,Sunday,ESTN,Mechanical,10,20,E/B,8767
2019-02-17,52,12:49:00,Sunday,Lawrence W stn,Mechanical,20,40,W/B,8194
2019-02-17,52,12:58:00,Sunday,Lawrence W/Ralph,Investigation,14,28,W/B,1215
2019-02-17,716,13:02:00,Sunday,VPSTN,Utilized Off Route,1,1,S/B,9233
2019-02-17,704,13:15:00,Sunday,Arrow garage,Late Leaving Garage,1,1,B/W,3206
2019-02-17,47,13:55:00,Sunday,St.Clair / Lannsdowne Ave.,Investigation,18,36,S/B,1305
2019-02-17,32,13:59:00,Sunday,Keele and Eglinton,Investigation,10,20,E/B,1121
2019-02-17,91,14:12:00,Sunday,YORK MILLS/LOCHINVAR CR,Mechanical,24,48,S/B,8584
2019-02-17,72,14:14:00,Sunday,pape station,Mechanical,18,36,S/B,8492
2019-02-17,34,14:48:00,Sunday,DVP on Eglinton,Investigation,8,16,E/B,8819
2019-02-17,112,15:02:00,Sunday,Kipling stn,Mechanical,20,40,N/B,7918
2019-02-17,52,15:06:00,Sunday,Lawrence W stn,Mechanical,7,14,W/B,8382
2019-02-17,8,15:49:00,Sunday,Broadview and Pretoria,Investigation,0,0,S/B,8454
2019-02-17,36,15:50:00,Sunday,Humberwood Loop and Humberline,Mechanical,5,10,W/B,3268
2019-02-17,62,15:58:00,Sunday,broadview/browning,Investigation,15,30,N/B,8583
2019-02-17,63,16:08:00,Sunday,E.W Stn to King,General Delay,32,39,B/W,
2019-02-17,95,16:13:00,Sunday,Valleywoods/York Mills Rd,Investigation,17,34,W/B,1567
2019-02-17,47,16:20:00,Sunday,Seaforth/Lansdowne,Diversion,115,125,S/B,
2019-02-17,709,16:29:00,Sunday,Earls court Loop,Utilized Off Route,1,1,B/W,1018
2019-02-17,47,16:45:00,Sunday,O'Hara/Seaforth,Investigation,18,36,S/B,1410
2019-02-17,53,16:59:00,Sunday,PAMK,Mechanical,12,18,W/B,1225
2019-02-17,89,18:51:00,Sunday,Oak and Weston,Investigation,8,10,S/B,1093
2019-02-17,7,19:12:00,Sunday,Bathurst & Greenwin Village,Investigation,9,17,S/B,8313
2019-02-17,706,19:41:00,Sunday,MSTN,Utilized Off Route,1,1,S/B,9236
2019-02-17,111,20:00:00,Sunday,MARTINGROVE AND EGLINGTON,General Delay,1,1,N/B,
2019-02-17,168,20:25:00,Sunday,Davenport and Perth,Investigation,12,24,N/B,1503
2019-02-17,710,20:31:00,Sunday,KENN,Utilized Off Route,1,1,B/W,8803
2019-02-17,706,20:33:00,Sunday,pape station,Utilized Off Route,1,1,S/B,8553
2019-02-17,25,20:35:00,Sunday,PAPE,Utilized Off Route,9,17,N/B,8805
2019-02-17,104,20:37:00,Sunday,Wilson stn to shepp west stn,General Delay,20,40,B/W,
2019-02-17,37,20:49:00,Sunday,"On Islington, at Rexdale",Investigation,30,60,N/B,7954
2019-02-17,129,21:55:00,Sunday,McCowan Rd and Bullock Dr,Investigation,40,80,N/B,1566
2019-02-17,129,22:00:00,Sunday,Steeles Loop,Utilized Off Route,10,20,N/B,1774
2019-02-17,65,23:02:00,Sunday,Castle Frank Station,Mechanical,15,30,S/B,8453
2019-02-18,24,00:13:00,Monday,Victoria Park and Ivordale,Mechanical,10,20,S/B,8461
2019-02-18,25,00:18:00,Monday,Thorncliffe Park,Mechanical,10,20,N/B,8770
2019-02-18,44,00:23:00,Monday,"On Kipling, at The Queensway",Diversion,114,124,B/W,
2019-02-18,329,01:45:00,Monday,Transit road across from Wilson garage,Investigation,30,60,S/B,1062
2019-02-18,37,02:09:00,Monday,Islington/Westway,Mechanical,15,30,S/B,7976
2019-02-18,65,04:48:00,Monday,CAST,Late Leaving Garage,30,60,S/B,8449
2019-02-18,72,04:59:00,Monday,PSTN,Late Leaving Garage,18,26,S/B,8438
2019-02-18,60,05:16:00,Monday,SLPM,Late Leaving Garage,16,32,E/B,3356
2019-02-18,35,05:20:00,Monday,Jane and Sheppard,Utilized Off Route,14,28,N/B,3343
2019-02-18,43,05:27:00,Monday,Kennedy & Passmore,Late Leaving Garage,30,32,S/B,8715
2019-02-18,102,05:33:00,Monday,SEMK,Late Leaving Garage,10,20,S/B,8474
2019-02-18,121,05:35:00,Monday,PRGT,Late Leaving Garage,26,52,E/B,8572
2019-02-18,109,05:38:00,Monday,wilson garage,Late Leaving Garage,18,,S/B,1382
2019-02-18,169,05:38:00,Monday,wilson garage,Late Leaving Garage,30,,S/B,8325
2019-02-18,102,05:42:00,Monday,WSTN,Late Leaving Garage,10,20,N/B,8478
2019-02-18,20,05:42:00,Monday,MSTN,Late Leaving Garage,24,48,E/B,8964
2019-02-18,22,05:45:00,Monday,CSTN,Late Leaving Garage,15,30,S/B,8453
2019-02-18,16,05:45:00,Monday,WSTN,Late Leaving Garage,15,30,N/B,8950
2019-02-18,92,05:45:00,Monday,WOOD,Late Leaving Garage,12,24,S/B,8568
2019-02-18,102,06:02:00,Monday,WSTN,Late Leaving Garage,10,20,N/B,8422
2019-02-18,52,06:04:00,Monday,wilson garage,Late Leaving Garage,32,54,E/B,1201
2019-02-18,56,06:06:00,Monday,Eglinton / Redpath,Mechanical,30,60,E/B,1249
2019-02-18,91,06:06:00,Monday,WOOD,Late Leaving Garage,24,48,N/B,8587
2019-02-18,72,06:10:00,Monday,PSTN,Late Leaving Garage,19,32,S/B,8416
2019-02-18,48,06:12:00,Monday,Mill Road Loop,Late Leaving Garage,32,64,E/B,8088
2019-02-18,112,06:15:00,Monday,Carlingview at International,Late Leaving Garage,30,60,S/B,8099
2019-02-18,63,06:17:00,Monday,Eglinton wstn,Mechanical,8,16,S/B,8371
2019-02-18,102,06:22:00,Monday,WSTN,Late Leaving Garage,10,20,N/B,8946
2019-02-18,47,06:30:00,Monday,Dufferin and Bridgeland,Mechanical,16,32,E/B,1071
2019-02-18,100,06:34:00,Monday,Grenoble & Spanbridge,Late Leaving Garage,10,20,S/B,8698
2019-02-18,24,06:39:00,Monday,Steeles,Utilized Off Route,2,40,S/B,8410
2019-02-18,63,06:40:00,Monday,Wilson garage,Utilized Off Route,8,16,S/B,8371
2019-02-18,39,06:40:00,Monday,Finch Station,Utilized Off Route,22,44,E/B,1592
2019-02-18,25,06:41:00,Monday,Don Mills Station,Utilized Off Route,15,30,N/B,8820
2019-02-18,34,06:43:00,Monday,Eglinton Station,Utilized Off Route,18,36,E/B,8877
2019-02-18,52,06:47:00,Monday,lawrence wstn,Utilized Off Route,10,20,W/B,1201
2019-02-18,133,06:49:00,Monday,Morningside and Finch,Late Leaving Garage,12,24,W/B,1343
2019-02-18,86,06:55:00,Monday,Kennedy Station,Late Leaving Garage,10,20,E/B,8740
2019-02-18,32,07:00:00,Monday,Weston and Eglinton,Mechanical,30,60,W/B,1502
2019-02-18,61,07:06:00,Monday,Bombay loop,Mechanical,20,40,S/B,1369
2019-02-18,53,07:06:00,Monday,Morningside and Finch,Utilized Off Route,24,48,W/B,1333
2019-02-18,39,07:07:00,Monday,Morningside and Old Finch,Investigation,16,32,W/B,1657
2019-02-18,52,07:20:00,Monday,lawrence wstn,Mechanical,15,30,E/B,1247
2019-02-18,7,07:26:00,Monday,Bathurst & Laurelcrest,Mechanical,10,20,S/B,1253
2019-02-18,50,07:30:00,Monday,Islington Station,Mechanical,17,35,W/B,8432
2019-02-18,96,07:45:00,Monday,York Mills Station,Late Leaving Garage,21,42,W/B,3324
2019-02-18,39,07:45:00,Monday,Baldoon and Finch,Late Leaving Garage,16,32,E/B,1636
2019-02-18,34,07:56:00,Monday,Eglinton Station,Late Leaving Garage,9,18,E/B,8743
2019-02-18,76,07:56:00,Monday,Royal York and Evans,Late Leaving Garage,5,10,S/B,7950
2019-02-18,43,07:58:00,Monday,Kennedy & McNicoll,Diversion,1016,1024,S/B,
2019-02-18,54,08:00:00,Monday,Eglinton Station,Mechanical,30,60,E/B,8886
2019-02-18,165,08:02:00,Monday,Finch and Weston Road,Late Leaving Garage,9,18,N/B,3300
2019-02-18,96,08:04:00,Monday,HUML,Late Leaving Garage,9,18,E/B,3260
2019-02-18,86,08:05:00,Monday,Kennedy Station,Mechanical,10,20,E/B,8738
2019-02-18,29,08:21:00,Monday,Dufferin and Lawrence,Late Leaving Garage,7,14,N/B,9102
2019-02-18,89,08:34:00,Monday,Keele and St. Clair,Investigation,15,30,N/B,1078
2019-02-18,939,08:47:00,Monday,STC SRT,Late Leaving Garage,8,16,E/B,1207
2019-02-18,97,08:49:00,Monday,Davisville Stn,Late Leaving Garage,22,44,N/B,1365
2019-02-18,96,08:50:00,Monday,York Mills Station,Late Leaving Garage,20,40,W/B,3243
2019-02-18,81,08:51:00,Monday,Birchmount Garage,Late Leaving Garage,9,17,N/B,8585
2019-02-18,38,09:17:00,Monday,STC SRT,Mechanical,12,24,E/B,1818
2019-02-18,97,09:23:00,Monday,York Mills Stn,Mechanical,22,44,S/B,8330
2019-02-18,29,09:35:00,Monday,Dufferin and Lawrence,Mechanical,7,14,S/B,9101
2019-02-18,43,09:40:00,Monday,Scarborough Centre RT,Late Leaving Garage,15,30,S/B,8878
2019-02-18,54,09:47:00,Monday,Starspray Loop,Late Leaving Garage,16,32,W/B,8793
2019-02-18,108,10:10:00,Monday,Driftwood and Driftwood Court,Investigation,15,30,W/B,3342
2019-02-18,91,10:25:00,Monday,Yorkmills and Silverdale,Investigation,24,48,N/B,8581
2019-02-18,168,10:35:00,Monday,Avon Loop,Mechanical,9,19,S/B,1074
2019-02-18,87,10:45:00,Monday,Main stn,Utilized Off Route,10,20,S/B,8558
2019-02-18,111,10:54:00,Monday,Kipling Station,Mechanical,15,30,N/B,8069
2019-02-18,111,11:06:00,Monday,kpst,Mechanical,20,40,N/B,7937
2019-02-18,83,11:15:00,Monday,Lakeshore Garage,Mechanical,15,30,S/B,8471
2019-02-18,52,11:32:00,Monday,lawrence wstn,Mechanical,4,8,E/B,8168
2019-02-18,68,11:46:00,Monday,Warden & Angus Glen,Mechanical,44,88,S/B,8707
2019-02-18,89,12:00:00,Monday,Weston and Church,Diversion,65,70,B/W,
2019-02-18,59,12:04:00,Monday,Weston and Church,Diversion,60,90,,3178
2019-02-18,63,12:18:00,Monday,Canniff and Strachan Ave,Mechanical,8,16,S/B,8338
2019-02-18,52,12:28:00,Monday,wilson / dufferin,Mechanical,0,10,E/B,8388
2019-02-18,62,12:30:00,Monday,Broadview stn,Late Leaving Garage,15,30,N/B,8562
2019-02-18,53,12:31:00,Monday,FSTN,Mechanical,6,12,E/B,1807
2019-02-18,24,12:33:00,Monday,Consumers Road,Investigation,10,20,N/B,8447
2019-02-18,116,12:35:00,Monday,Kennedy Station,Utilized Off Route,7,13,E/B,8733
2019-02-18,87,12:35:00,Monday,Main Station,Utilized Off Route,10,20,N/B,8540
2019-02-18,52,12:36:00,Monday,wilson garage,Late Leaving Garage,8,16,S/B,8178
2019-02-18,92,12:52:00,Monday,Gerrard St and Woodbine Ave,Diversion,48,60,B/W,8568
2019-02-18,939,13:04:00,Monday,Leslie and Finch,Investigation,16,32,B/W,1781
2019-02-18,63,13:08:00,Monday,Between hallam and Dupon on Ossington,Diversion,10,17,B/W,
2019-02-18,52,13:48:00,Monday,lawrence wstn,Mechanical,3,6,W/B,8202
2019-02-18,98,14:15:00,Monday,SHEP,Mechanical,30,60,E/B,8104
2019-02-18,52,14:47:00,Monday,Lawrence approaching Bathurst,Investigation,14,28,W/B,8372
2019-02-18,121,14:57:00,Monday,Parliament/ Front,Mechanical,15,30,N/B,8515
2019-02-18,87,15:05:00,Monday,Main Station,Mechanical,10,20,W/B,8401
2019-02-18,81,15:14:00,Monday,PSTN,Utilized Off Route,9,18,B/W,9227
2019-02-18,25,15:18:00,Monday,PAPE,Utilized Off Route,9,18,N/B,8732
2019-02-18,65,16:00:00,Monday,65 Parliament St,General Delay,10,1,B/W,
2019-02-18,25,16:07:00,Monday,DONS,Mechanical,9,18,S/B,8903
2019-02-18,32,16:10:00,Monday,Pine,Mechanical,10,20,E/B,1136
2019-02-18,39,16:15:00,Monday,Page and Finch,Mechanical,16,32,B/W,1592
2019-02-18,34,16:19:00,Monday,KENN,Mechanical,8,16,W/B,8788
2019-02-18,14,18:00:00,Monday,Entire Route,General Delay,25,50,B/W,
2019-02-18,63,18:08:00,Monday,Spadina & College,Utilized Off Route,7,13,S/B,1388
2019-02-18,95,18:20:00,Monday,Ellesmere and Birchmount,Diversion,10,27,W/B,1710
2019-02-18,906,18:29:00,Monday,Byng Ave,Investigation,1,1,W/B,8492
2019-02-18,53,18:36:00,Monday,PAMK,Mechanical,6,18,W/B,1726
2019-02-18,72,18:55:00,Monday,Pape Station,Mechanical,18,36,W/B,8416
2019-02-18,84,20:00:00,Monday,Sheppard and Yonge,Mechanical,10,20,E/B,3321
2019-02-18,84,20:08:00,Monday,Sheppard West Station,Mechanical,10,20,E/B,3249
2019-02-18,165,20:23:00,Monday,Northgate Drive,Investigation,10,20,E/B,3112
2019-02-18,53,20:35:00,Monday,Kennedy & Steeles,Mechanical,19,38,W/B,1240
2019-02-18,95,20:45:00,Monday,Markham and Ellesmere,Mechanical,10,20,W/B,1224
2019-02-18,53,20:58:00,Monday,PAMK,Mechanical,19,38,W/B,1333
2019-02-18,73,21:34:00,Monday,royal youk & evans,Mechanical,20,40,N/B,7957
2019-02-18,87,21:59:00,Monday,Eastdale and Secord,Diversion,10,20,E/B,8552
2019-02-18,72,22:26:00,Monday,Danforth and Catherines,Mechanical,18,36,N/B,8516
2019-02-18,116,22:37:00,Monday,Guildwood/Livingston,Mechanical,10,20,N/B,8696
2019-02-18,102,22:45:00,Monday,Markham and Cougar,Mechanical,10,20,N/B,8422
2019-02-19,29,02:00:00,Tuesday,Dufferin and Wilson Ht's,Mechanical,7,14,S/B,9048
2019-02-19,341,02:30:00,Tuesday,PVST,Emergency Services,30,60,S/B,1019
2019-02-19,53,03:51:00,Tuesday,NWGT,Late Leaving Garage,30,60,W/B,1385
2019-02-19,102,04:37:00,Tuesday,Markham and Select,Mechanical,20,40,S/B,8468
2019-02-19,320,04:44:00,Tuesday,SYON,Late Leaving Garage,15,30,S/B,1018
2019-02-19,320,04:51:00,Tuesday,YEGL,Late Leaving Garage,15,30,S/B,1342
2019-02-19,39,05:00:00,Tuesday,39 Finch Route-All Branch,General Delay,20,34,B/W,3420
2019-02-19,939,05:00:00,Tuesday,939 Finch Express-All Branch,General Delay,20,29,B/W,1530
2019-02-19,95,05:00:00,Tuesday,SHEP,Late Leaving Garage,20,20,E/B,1566
2019-02-19,68,05:07:00,Tuesday,Warden & Danforth,Late Leaving Garage,8,8,N/B,8821
2019-02-19,91,05:24:00,Tuesday,Cassandra and Underhill,Late Leaving Garage,1,1,N/B,9234
2019-02-19,32,05:26:00,Tuesday,KEEG,Mechanical,4,11,E/B,1049
2019-02-19,32,05:26:00,Tuesday,ESTN,Late Leaving Garage,19,33,W/B,32
2019-02-19,113,05:31:00,Tuesday,BRGA,Mechanical,12,24,E/B,8444
2019-02-19,24,05:32:00,Tuesday,BRGA,Mechanical,10,20,N/B,8456
2019-02-19,12,05:34:00,Tuesday,BRGA,Mechanical,30,60,S/B,8934
2019-02-19,16,05:35:00,Tuesday,Warden stn,Late Leaving Garage,20,30,N/B,8942
2019-02-19,91,05:36:00,Tuesday,Woodbine North / WOOD,Late Leaving Garage,8,16,B/W,8601
2019-02-19,110,05:37:00,Tuesday,Long Branch Loop,Late Leaving Garage,10,20,N/B,7970
2019-02-19,165,05:37:00,Tuesday,FWES,Late Leaving Garage,15,25,W/B,3144
2019-02-19,81,05:41:00,Tuesday,MILL,Late Leaving Garage,5,10,N/B,8558
2019-02-19,60,05:42:00,Tuesday,Martin Grove Loop,Late Leaving Garage,10,20,,3277
2019-02-19,15,05:45:00,Tuesday,Sherway Gardens,Late Leaving Garage,,23,E/B,7937
2019-02-19,131,05:54:00,Tuesday,Sewells and Tapscott,Mechanical,18,15,S/B,3439
2019-02-19,39,05:54:00,Tuesday,Finch Station,Late Leaving Garage,15,15,E/B,3420
2019-02-19,36,05:55:00,Tuesday,,Late Leaving Garage,4,10,,9113
2019-02-19,84,05:55:00,Tuesday,Finch and Arrow,Late Leaving Garage,18,0,N/B,3184
2019-02-19,64,05:57:00,Tuesday,Main Street / MSTN,Late Leaving Garage,11,22,S/B,8460
2019-02-19,52,05:58:00,Tuesday,Terminal 1,Late Leaving Garage,15,30,W/B,8127
2019-02-19,91,05:58:00,Tuesday,Woodbine North - WOOD,Late Leaving Garage,12,24,B/W,8938
2019-02-19,165,05:58:00,Tuesday,SIGT,Late Leaving Garage,5,10,W/B,3140
2019-02-19,97,05:58:00,Tuesday,Drewry & Yonge,Mechanical,30,60,S/B,1340
2019-02-19,89,05:59:00,Tuesday,Keele Station,Late Leaving Garage,6,12,N/B,1047
2019-02-19,12,06:00:00,Tuesday,Kingston Road / VICT,Late Leaving Garage,14,24,B/W,8427
2019-02-19,45,06:03:00,Tuesday,Kipling and Bethrtidge,Mechanical,20,30,N/B,7976
2019-02-19,81,06:06:00,Tuesday,Thorncliffe Park / PSTN,Late Leaving Garage,6,12,B/W,8455
2019-02-19,132,06:07:00,Tuesday,Sewells and Brenyonway,Late Leaving Garage,12,24,E/B,1589
2019-02-19,39,06:08:00,Tuesday,Old Finch and Morningside,Late Leaving Garage,15,30,E/B,3417
2019-02-19,89,06:08:00,Tuesday,Keele Station,Late Leaving Garage,6,12,N/B,1041
2019-02-19,165,06:10:00,Tuesday,FWES,Late Leaving Garage,5,10,E/B,3211
2019-02-19,108,06:10:00,Tuesday,STON,Late Leaving Garage,22,44,W/B,3354
2019-02-19,43,06:10:00,Tuesday,Scarborough Town Station,Mechanical,17,27,W/B,8930
2019-02-19,902,06:10:00,Tuesday,WSTN,Mechanical,10,20,N/B,8963
2019-02-19,35,06:16:00,Tuesday,JNST,Late Leaving Garage,9,19,N/B,3238
2019-02-19,32,06:19:00,Tuesday,KEEG,Late Leaving Garage,7,14,E/B,1068
2019-02-19,116,06:21:00,Tuesday,Morningside and Stains,Mechanical,6,9,S/B,8910
2019-02-19,24,06:21:00,Tuesday,Victoria Park Station.,Mechanical,4,8,N/B,8458
2019-02-19,42,06:23:00,Tuesday,Wilson Garage,Mechanical,12,24,N/B,1201
2019-02-19,939,06:31:00,Tuesday,STC SRT,Late Leaving Garage,8,16,E/B,1530
2019-02-19,186,06:34:00,Tuesday,YKMS,Late Leaving Garage,1,10,W/B,3135
2019-02-19,939,06:34:00,Tuesday,Morningside and Nightstar,Late Leaving Garage,8,16,W/B,3413
2019-02-19,939,06:35:00,Tuesday,FSTN,Late Leaving Garage,8,16,E/B,1501
2019-02-19,165,06:36:00,Tuesday,YKMS,Late Leaving Garage,5,10,W/B,3105
2019-02-19,985,06:39:00,Tuesday,STC,Late Leaving Garage,14,24,W/B,9085
2019-02-19,52,06:39:00,Tuesday,lawrence Station,Late Leaving Garage,12,24,W/B,1390
2019-02-19,939,06:40:00,Tuesday,Finch Station,Late Leaving Garage,8,16,E/B,3444
2019-02-19,39,06:43:00,Tuesday,Finch Av-Milliken Go track,Mechanical,15,30,W/B,3419
2019-02-19,84,06:44:00,Tuesday,Sheppard West Station,Mechanical,10,20,E/B,3296
2019-02-19,100,06:46:00,Tuesday,Don Mills & Wynford Drive,Late Leaving Garage,3,7,S/B,8760
2019-02-19,12,06:50:00,Tuesday,Kingston Road / VICT,Late Leaving Garage,14,28,B/W,8952
2019-02-19,102,06:51:00,Tuesday,CECO,Utilized Off Route,20,40,S/B,8414
2019-02-19,902,06:52:00,Tuesday,WSTN,Late Leaving Garage,10,20,N/B,8512
2019-02-19,21,06:53:00,Tuesday,BMST,Late Leaving Garage,8,16,S/B,1712
2019-02-19,939,06:56:00,Tuesday,STC SRT,Late Leaving Garage,8,16,W/B,1792
2019-02-19,47,06:56:00,Tuesday,Earlscourt loop,Investigation,4,9,S/B,1048
2019-02-19,11,06:56:00,Tuesday,Davisville Stn,Mechanical,15,30,N/B,1279
2019-02-19,954,06:57:00,Tuesday,Lawrence SRT Station,Late Leaving Garage,9,16,E/B,8855
2019-02-19,39,07:00:00,Tuesday,Neilson and Crow trail,Mechanical,5,10,W/B,1519
2019-02-19,935,07:01:00,Tuesday,Pioneer Village Station,Late Leaving Garage,8,16,S/B,3267
2019-02-19,5,07:02:00,Tuesday,Eglinton Stn,Mechanical,13,26,S/B,1381
2019-02-19,902,07:02:00,Tuesday,WSTN,Late Leaving Garage,10,20,N/B,8455
2019-02-19,984,07:05:00,Tuesday,Rivalda and Sheppard,Late Leaving Garage,10,20,W/B,3229
2019-02-19,29,07:11:00,Tuesday,Dufferin and Lawrence,Late Leaving Garage,9,18,N/B,9045
2019-02-19,12,07:13:00,Tuesday,Brimeley and Danforth,Investigation,14,28,N/B,8441
2019-02-19,106,07:15:00,Tuesday,Pioneer Village,Mechanical,8,15,S/B,8336
2019-02-19,985,07:38:00,Tuesday,Don Mills station,Late Leaving Garage,10,20,E/B,9095
2019-02-19,32,07:44:00,Tuesday,Eglinton and Heddington Ave.,Mechanical,7,14,W/B,1262
2019-02-19,144,07:45:00,Tuesday,COPL,Late Leaving Garage,4,24,S/B,8793
2019-02-19,130,07:48:00,Tuesday,Steeles and Middlefield,Mechanical,16,32,S/B,1778
2019-02-19,29,07:52:00,Tuesday,Dufferin and Dupont,Mechanical,7,14,S/B,9102
2019-02-19,39,07:55:00,Tuesday,Neilson and Crow Trail,Mechanical,15,30,W/B,3406
2019-02-19,145,07:56:00,Tuesday,Addelaide and Bathurst,Diversion,144,176,E/B,
2019-02-19,24,08:00:00,Tuesday,Victoria park Ave BW,General Delay,15,1,B/W,
2019-02-19,41,08:00:00,Tuesday,Keele Station - Pioneer Village Station,General Delay,26,38,B/W,
2019-02-19,121,08:00:00,Tuesday,FORT YROK ROUTE,General Delay,20,,B/W,
2019-02-19,87,08:00:00,Tuesday,COSBURN ROUTE,General Delay,10,,B/W,
2019-02-19,70,08:00:00,Tuesday,CSTN to WAST/CRAG,General Delay,30,47,B/W,8701
2019-02-19,62,08:00:00,Tuesday,MORTIMER ROUTE,General Delay,10,0,B/W,
2019-02-19,161,08:05:00,Tuesday,Rogers / Nairn Ave,Diversion,105,117,E/B,1067
2019-02-19,29,08:14:00,Tuesday,Dufferin and Auburn,Mechanical,8,16,S/B,9023
2019-02-19,935,08:18:00,Tuesday,On Jane Street N of Dundas,Investigation,7,14,N/B,3163
2019-02-19,82,08:26:00,Tuesday,bloor / sherbourne,Mechanical,20,40,N/B,8149
2019-02-19,75,08:30:00,Tuesday,queen quay to maple,General Delay,6,11,B/W,
2019-02-19,160,08:30:00,Tuesday,wilson stn to clarke,General Delay,7,14,B/W,
2019-02-19,22,08:30:00,Tuesday,Coxwell Route,General Delay,10,1,B/W,
2019-02-19,902,08:30:00,Tuesday,Markham Express,General Delay,15,1,B/W,
2019-02-19,90,08:30:00,Tuesday,st clair wstn to oakwood,General Delay,4,9,B/W,
2019-02-19,72,08:30:00,Tuesday,Pape Route,General Delay,10,1,B/W,
2019-02-19,81,08:30:00,Tuesday,Thorncliffe,General Delay,10,1,B/W,
2019-02-19,924,08:30:00,Tuesday,Victoria park and Eglinton Ave.,General Delay,10,1,N/B,
2019-02-19,102,08:30:00,Tuesday,Markham Route,General Delay,15,1,B/W,
2019-02-19,34,08:34:00,Tuesday,Eglinton & Don Mills,Mechanical,4,8,E/B,8879
2019-02-19,87,08:43:00,Tuesday,Broadview stn,Utilized Off Route,5,10,S/B,9209
2019-02-19,87,08:47:00,Tuesday,MAN STATION,Utilized Off Route,10,20,W/B,8538
2019-02-19,73,08:50:00,Tuesday,Kennedy & Pentilley,Investigation,10,20,S/B,8880
2019-02-19,34,09:12:00,Tuesday,Eglinton & Laird,Investigation,4,9,W/B,8759
2019-02-19,75,09:13:00,Tuesday,maple,Utilized Off Route,5,10,S/B,1388
2019-02-19,43,09:19:00,Tuesday,Kennedy Station,Investigation,12,24,N/B,8908
2019-02-19,82,09:20:00,Tuesday,rosedale stn,Mechanical,20,40,S/B,1388
2019-02-19,22,09:48:00,Tuesday,CSTN,Mechanical,8,16,S/B,8492
2019-02-19,929,09:50:00,Tuesday,Dufferin and College,Mechanical,10,20,S/B,9050
2019-02-19,85,09:51:00,Tuesday,Sheppard and Scunthrope,Investigation,7,13,E/B,1738
2019-02-19,85,10:08:00,Tuesday,Sheppard and Markham,Investigation,28,56,E/B,1809
2019-02-19,52,10:18:00,Tuesday,Lawrence and weston,Mechanical,15,30,W/B,1372
2019-02-19,32,10:39:00,Tuesday,KEEG,Mechanical,11,22,W/B,1287
2019-02-19,63,10:39:00,Tuesday,Strachan and Douro St,Utilized Off Route,8,17,S/B,8142
2019-02-19,94,10:45:00,Tuesday,Wellesley and Jarvis,Diversion,266,273,07,1071
2019-02-19,63,10:45:00,Tuesday,Strachan/Duoro st,Utilized Off Route,8,17,S/B,1297
2019-02-19,88,11:00:00,Tuesday,220 Wicksteed Ave,General Delay,18,33,B/W,
2019-02-19,80,11:25:00,Tuesday,Keele Station,Mechanical,24,48,W/B,8072
2019-02-19,86,11:40:00,Tuesday,Kenn Stn,Mechanical,1,1,N/B,8770
2019-02-19,24,11:42:00,Tuesday,Victoria Park and Finch Ave.,Investigation,10,20,S/B,8940
2019-02-19,161,12:00:00,Tuesday,Ossington Station to Jane and Alliance,General Delay,23,36,B/W,
2019-02-19,95,12:00:00,Tuesday,Bellamy on Ellesmere,Mechanical,7,14,W/B,3416
2019-02-19,75,12:08:00,Tuesday,collage,Mechanical,7,14,N/B,1352
2019-02-19,709,12:10:00,Tuesday,MDGA,Late Leaving Garage,1,1,W/B,1044
2019-02-19,75,12:11:00,Tuesday,Queen quay,Mechanical,7,14,N/B,1293
2019-02-19,63,12:24:00,Tuesday,Oakwood Loop,Diversion,32,39,B/W,
2019-02-19,63,12:25:00,Tuesday,Oakwood loop,Diversion,8,17,N/B,8208
2019-02-19,45,12:52:00,Tuesday,Disco & Carlingview,Emergency Services,19,38,W/B,8022
2019-02-19,939,13:04:00,Tuesday,Dufferin and Finch Av,Mechanical,9,18,W/B,1759
2019-02-19,905,13:20:00,Tuesday,Lawernce and Kingston,Investigation,5,16,E/B,8662
2019-02-19,73,13:29:00,Tuesday,Albion & Martin Grove,Investigation,10,21,W/B,8611
2019-02-19,935,13:30:00,Tuesday,Pioneer Village Station,Mechanical,10,20,N/B,3155
2019-02-19,89,13:30:00,Tuesday,Keele Station / Weston at Albion,General Delay,24,44,B/W,1053
2019-02-19,52,13:34:00,Tuesday,Lawrence West Station,Mechanical,14,28,E/B,8201
2019-02-19,25,13:35:00,Tuesday,Overlea Blvd and Thorncliffe Park W.,Diversion,25,33,N/B,8780
2019-02-19,925,13:35:00,Tuesday,Overlea Blvd and Thorncliffe Park W.,Diversion,25,35,N/B,
2019-02-19,100,13:35:00,Tuesday,Overlea & Thorncliffe,Diversion,26,32,E/B,
2019-02-19,110,13:36:00,Tuesday,queensway garage,Late Leaving Garage,12,24,N/B,7940
2019-02-19,7,13:41:00,Tuesday,Drewery and bathurst,Investigation,8,16,N/B,1235
2019-02-19,32,13:43:00,Tuesday,Northcliffe Blvd,Mechanical,11,22,E/B,1074
2019-02-19,606,13:50:00,Tuesday,BRGA,Utilized Off Route,1,1,B/W,8561
2019-02-19,610,13:53:00,Tuesday,CSTN,Utilized Off Route,1,1,N/B,8701
2019-02-19,706,14:00:00,Tuesday,Donlands stn,Utilized Off Route,1,1,B/W,9209
2019-02-19,118,14:00:00,Tuesday,Route 118,General Delay,11,36,B/W,
2019-02-19,186,14:00:00,Tuesday,Route 186,General Delay,15,26,B/W,
2019-02-19,97,14:00:00,Tuesday,entire route,General Delay,30,60,B/W,
2019-02-19,88,14:00:00,Tuesday,entire route,General Delay,6,12,B/W,
2019-02-19,96,14:00:00,Tuesday,Route 96,General Delay,15,26,B/W,
2019-02-19,165,14:00:00,Tuesday,Route 165,General Delay,15,23,B/W,
2019-02-19,900,14:02:00,Tuesday,Kipling stn,Mechanical,10,20,N/B,8007
2019-02-19,9,14:21:00,Tuesday,STC,Late Leaving Garage,20,39,S/B,8495
2019-02-19,85,14:21:00,Tuesday,Markham and Sheppard,Mechanical,7,22,E/B,1655
2019-02-19,63,14:27:00,Tuesday,Davenport and Ossington,Mechanical,9,17,N/B,1250
2019-02-19,64,14:27:00,Tuesday,Main stn,Late Leaving Garage,9,17,S/B,8492
2019-02-19,97,14:27:00,Tuesday,DVSN,Late Leaving Garage,30,60,N/B,8125
2019-02-19,104,14:30:00,Tuesday,Wilson Stn,Late Leaving Garage,13,23,N/B,1315
2019-02-19,160,14:34:00,Tuesday,Wilson stn,Late Leaving Garage,9,28,N/B,8215
2019-02-19,26,14:34:00,Tuesday,Dupont Route,General Delay,20,38,B/W,
2019-02-19,95,14:46:00,Tuesday,YOCI,Late Leaving Garage,6,10,W/B,3421
2019-02-19,929,14:51:00,Tuesday,MMCL,Late Leaving Garage,24,1,S/B,9036
2019-02-19,24,14:52:00,Tuesday,Dawes Rd,Investigation,9,18,N/B,8501
2019-02-19,12,14:52:00,Tuesday,BRGA,Late Leaving Garage,10,20,N/B,8957
2019-02-19,24,14:52:00,Tuesday,Victoria Park Station,Investigation,1,1,N/B,8411
2019-02-19,34,14:54:00,Tuesday,KENN,Late Leaving Garage,3,8,W/B,8835
2019-02-19,129,14:54:00,Tuesday,STC,Late Leaving Garage,17,29,N/B,1579
2019-02-19,12,14:57:00,Tuesday,Falmouth Ave,Mechanical,13,26,E/B,8450
2019-02-19,32,14:59:00,Tuesday,PINE,Late Leaving Garage,10,20,E/B,1096
2019-02-19,63,15:00:00,Tuesday,St.Clair oakwood,Mechanical,8,17,N/B,8376
2019-02-19,16,15:00:00,Tuesday,Danforth Rd/ Savaren,General Delay,15,15,B/W,
2019-02-19,82,15:00:00,Tuesday,Rosedale station to Summerhill / Mclennan,General Delay,30,50,B/W,
2019-02-19,54,15:00:00,Tuesday,Lawrence Ave East,General Delay,56,66,B/W,
2019-02-19,143,15:00:00,Tuesday,143 Downtown Express Route,General Delay,15,0,B/W,
2019-02-19,51,15:01:00,Tuesday,FMDM,Late Leaving Garage,19,34,E/B,8355
2019-02-19,84,15:02:00,Tuesday,WEBR,Mechanical,10,20,E/B,3329
2019-02-19,131,15:02:00,Tuesday,Morningside,Late Leaving Garage,9,18,N/B,1292
2019-02-19,927,15:02:00,Tuesday,Kipling Station,Late Leaving Garage,12,24,N/B,3182
2019-02-19,79,15:03:00,Tuesday,PINE,Mechanical,1,1,S/B,1112
2019-02-19,95,15:06:00,Tuesday,ELRT,Late Leaving Garage,5,9,W/B,1766
2019-02-19,45,15:07:00,Tuesday,Disco & Atwell,Mechanical,14,28,N/B,8076
2019-02-19,125,15:07:00,Tuesday,BAAN,Late Leaving Garage,10,20,E/B,8141
2019-02-19,900,15:09:00,Tuesday,Kipling stn,Mechanical,9,18,N/B,8072
2019-02-19,11,15:09:00,Tuesday,Davisville stn,Late Leaving Garage,7,14,N/B,8192
2019-02-19,29,15:15:00,Tuesday,Rogers and Dufferin,Mechanical,7,15,S/B,9056
2019-02-19,22,15:29:00,Tuesday,Queen and Coxwell,Diversion,1,1,n,
2019-02-19,64,15:30:00,Tuesday,"Main, Southwood",General Delay,13,13,B/W,
2019-02-19,127,15:30:00,Tuesday,Davenport/Symington to Townsley Loop,General Delay,40,60,B/W,
2019-02-19,116,15:37:00,Tuesday,KENN,Late Leaving Garage,7,13,N/B,8771
2019-02-19,127,15:48:00,Tuesday,Davenport and Symington,Investigation,20,40,E/B,1017
2019-02-19,121,16:00:00,Tuesday,121 Fort York -Esplanade,General Delay,20,40,B/W,
2019-02-19,12,16:00:00,Tuesday,12 Kingston Road,General Delay,12,1,B/W,
2019-02-19,102,16:00:00,Tuesday,markham route,General Delay,15,1,B/W,
2019-02-19,72,16:00:00,Tuesday,Pape route,General Delay,15,1,B/W,
2019-02-19,22,16:00:00,Tuesday,Coxwell route,General Delay,15,1,B/W,
2019-02-19,902,16:00:00,Tuesday,warden station,General Delay,15,1,B/W,
2019-02-19,10,16:00:00,Tuesday,DONS,Late Leaving Garage,15,30,N/B,8323
2019-02-19,34,16:00:00,Tuesday,Bayview to Don Mills,General Delay,30,30,B/W,
2019-02-19,47,16:05:00,Tuesday,St Clair and Lansdowne,Investigation,5,10,S/B,1079
2019-02-19,929,16:10:00,Tuesday,Bloor mad Dufferin,Investigation,10,20,S/B,9025
2019-02-19,937,16:11:00,Tuesday,queensway garage,Mechanical,11,22,N/B,8057
2019-02-19,939,16:15:00,Tuesday,Morningside and Finch,Mechanical,12,24,B/W,3409
2019-02-19,122,16:25:00,Tuesday,Yorkmills Stn,Mechanical,11,23,,1236
2019-02-19,55,16:30:00,Tuesday,Jane and Annette,General Delay,15,30,N/B,
2019-02-19,52,16:31:00,Tuesday,Wilson Garage,Late Leaving Garage,3,10,,8214
2019-02-19,989,16:40:00,Tuesday,KSTN,Utilized Off Route,10,20,N/B,1378
2019-02-19,86,16:46:00,Tuesday,Kingston and Cromwell,Investigation,16,32,W/B,8901
2019-02-19,29,16:47:00,Tuesday,Keywest and Dufferin,Investigation,8,15,S/B,9138
2019-02-19,63,16:51:00,Tuesday,EWST stn to King,General Delay,34,42,B/W,
2019-02-19,73,16:58:00,Tuesday,ROYAL YORK AT BLOOR,Diversion,14,28,N/B,7961
2019-02-19,142,17:00:00,Tuesday,Bombay Loop,Mechanical,30,60,S/B,8302
2019-02-19,122,17:06:00,Tuesday,Yorkmills Stn,Investigation,11,23,,1277
2019-02-19,123,17:19:00,Tuesday,Longbranch Loop,Mechanical,16,32,N/B,7921
2019-02-19,39,17:22:00,Tuesday,Neilson and Crow Trail,Mechanical,14,28,B/W,1403
2019-02-19,94,17:24:00,Tuesday,Wellesley at Bay,Emergency Services,1,1,E/B,1100
2019-02-19,87,17:39:00,Tuesday,Main,Mechanical,6,12,,8582
2019-02-19,39,17:39:00,Tuesday,Sewells and Littles,Mechanical,14,28,B/W,1718
2019-02-19,54,17:40:00,Tuesday,Lawrence and Brimley,Emergency Services,10,20,E/B,8649
2019-02-19,985,17:45:00,Tuesday,DONS to STC - SLP,General Delay,9,28,B/W,
2019-02-19,85,17:45:00,Tuesday,Sheppard Stn to RHGO,General Delay,9,20,B/W,
2019-02-19,29,17:46:00,Tuesday,Hallam and Dufferin,Mechanical,8,13,N/B,9055
2019-02-19,113,17:48:00,Tuesday,Patterson Ave,Investigation,11,22,E/B,8443
2019-02-19,6,17:50:00,Tuesday,Bay at King,Investigation,7,14,N/B,1260
2019-02-19,52,17:50:00,Tuesday,Lawrence and Caledonia,Mechanical,7,21,,8329
2019-02-19,939,17:58:00,Tuesday,Finch Station,Mechanical,12,24,B/W,1333
2019-02-19,80,18:00:00,Tuesday,parkside and high park blvd,General Delay,28,56,N/B,8063
2019-02-19,98,18:03:00,Tuesday,King,Mechanical,8,16,N/B,8130
2019-02-19,706,18:06:00,Tuesday,BRGA,Utilized Off Route,1,1,N/B,8411
2019-02-19,606,18:06:00,Tuesday,BRGA,Utilized Off Route,1,1,N/B,8460
2019-02-19,116,18:07:00,Tuesday,KENN,Utilized Off Route,6,13,E/B,8897
2019-02-19,100,18:08:00,Tuesday,BSTN,Utilized Off Route,6,12,N/B,8893
2019-02-19,41,18:10:00,Tuesday,Keele and Rogers rd,General Delay,14,28,N/B,9052
2019-02-19,939,18:15:00,Tuesday,Finch Station,Mechanical,8,16,B/W,1567
2019-02-19,161,18:19:00,Tuesday,Dovercourt and Hallam,Investigation,13,26,S/B,1116
2019-02-19,600,18:20:00,Tuesday,Gunns Road,Investigation,1,1,S/B,1088
2019-02-19,87,18:38:00,Tuesday,Lumsden Ave and Main St,Investigation,10,20,E/B,8949
2019-02-19,168,19:40:00,Tuesday,DWST,Diversion,45,55,S/B,
2019-02-19,133,20:02:00,Tuesday,Neilson and Ellesmere,Investigation,9,18,N/B,1701
2019-02-19,80,20:30:00,Tuesday,sherway garage,Diversion,30,60,E/B,7912
2019-02-19,21,20:34:00,Tuesday,Eglinton and Midland,Mechanical,12,24,E/B,1712
2019-02-19,63,20:44:00,Tuesday,Ossington stn,Investigation,10,20,N/B,8372
2019-02-19,939,21:11:00,Tuesday,McCowan and Sheppard,Mechanical,13,26,B/W,1715
2019-02-19,47,21:22:00,Tuesday,Lansdowne at St Clair,Mechanical,10,20,N/B,1419
2019-02-19,7,21:40:00,Tuesday,Steeles,Investigation,8,16,N/B,8350
2019-02-19,7,21:40:00,Tuesday,Steeles,Investigation,8,16,S/B,8350
2019-02-19,89,22:10:00,Tuesday,Keele and Dundas,Investigation,10,20,S/B,1044
2019-02-19,6,22:40:00,Tuesday,Bay at Adelaide,Mechanical,20,40,N/B,1411
2019-02-19,94,23:24:00,Tuesday,Ossington Station,Utilized Off Route,9,18,E/B,1071
2019-02-19,929,23:36:00,Tuesday,Dufferin and Eglinton,Mechanical,10,20,S/B,9140
2019-02-20,25,00:12:00,Wednesday,DONS,Mechanical,9,18,S/B,8701
2019-02-20,165,01:15:00,Wednesday,YKMS,Mechanical,20,40,W/B,3277
2019-02-20,45,01:16:00,Wednesday,Kipling North / KPSN,Utilized Off Route,10,20,N/B,8026
2019-02-20,45,01:40:00,Wednesday,Kipling North / KPSN,Utilized Off Route,10,20,N/B,8020
2019-02-20,123,02:35:00,Wednesday,KPST,Utilized Off Route,10,20,E/B,8048
2019-02-20,312,04:07:00,Wednesday,St.clair/caledonia,Diversion,30,60,W/B,1144
2019-02-20,332,04:13:00,Wednesday,Eglinton/Spadina,Mechanical,30,60,W/B,1098
2019-02-20,300,04:14:00,Wednesday,Kennedy Station,Late Leaving Garage,10,20,W/B,8958
2019-02-20,102,04:40:00,Wednesday,BRGA,Mechanical,15,30,E/B,8441
2019-02-20,34,04:42:00,Wednesday,EGGA,Investigation,1,1,W/B,8652
2019-02-20,87,04:45:00,Wednesday,BRGA,Mechanical,5,10,E/B,8574
2019-02-20,39,05:00:00,Wednesday,39 Finch Route-All Branch,General Delay,20,34,B/W,3429
2019-02-20,939,05:00:00,Wednesday,939 Finch Express-All Branch,General Delay,20,29,B/W,1318
2019-02-20,29,05:06:00,Wednesday,Dufferin and Roselawn,Mechanical,9,19,N/B,9044
2019-02-20,39,05:15:00,Wednesday,Finch Station,Late Leaving Garage,15,15,E/B,3429
2019-02-20,337,05:17:00,Wednesday,LAK8,Late Leaving Garage,15,30,N/B,8095
2019-02-20,48,05:20:00,Wednesday,Mill Rd Loop,Late Leaving Garage,0,10,E/B,8432
2019-02-20,165,05:22:00,Wednesday,SIGT,Late Leaving Garage,5,10,W/B,3200
2019-02-20,85,05:26:00,Wednesday,slp,Late Leaving Garage,15,32,W/B,1636
2019-02-20,22,05:26:00,Wednesday,Casci Ave,Investigation,10,20,S/B,8400
2019-02-20,300,05:26:00,Wednesday,KPSN,Late Leaving Garage,10,10,E/B,1095
2019-02-20,85,05:27:00,Wednesday,RHGO,Late Leaving Garage,13,13,W/B,1396
2019-02-20,38,05:27:00,Wednesday,RHGO,Late Leaving Garage,15,30,W/B,1787
2019-02-20,72,05:30:00,Wednesday,PSTN,Late Leaving Garage,7,14,S/B,9239
2019-02-20,131,05:30:00,Wednesday,MORN,Late Leaving Garage,9,18,E/B,1291
2019-02-20,32,05:35:00,Wednesday,PINE,Late Leaving Garage,9,9,E/B,1575
2019-02-20,110,05:37:00,Wednesday,Long Branch Loop,Late Leaving Garage,,10,N/B,7978
2019-02-20,929,05:38:00,Wednesday,Dufferin and Lawrence,Late Leaving Garage,9,18,S/B,9151
2019-02-20,11,05:39:00,Wednesday,wilson garage,Late Leaving Garage,15,30,N/B,1276
2019-02-20,94,05:39:00,Wednesday,Queens Park,Late Leaving Garage,6,6,E/B,1413
2019-02-20,15,05:40:00,Wednesday,Royal York Station,Late Leaving Garage,,30,W/B,8429
2019-02-20,36,05:43:00,Wednesday,Finch W Stn,Late Leaving Garage,17,34,,3225
2019-02-20,113,05:43:00,Wednesday,MSTN,Late Leaving Garage,12,24,E/B,8932
2019-02-20,22,05:44:00,Wednesday,CSTN,Late Leaving Garage,8,785,S/B,8510
2019-02-20,112,05:45:00,Wednesday,Kipling Station,Late Leaving Garage,,14,N/B,7955
2019-02-20,939,05:46:00,Wednesday,McCowan and Sheppard,Late Leaving Garage,7,15,W/B,1318
2019-02-20,15,05:54:00,Wednesday,Mill Loop,Late Leaving Garage,12,24,E/B,8052
2019-02-20,132,05:55:00,Wednesday,Sewells Rd-Brenyonway,Late Leaving Garage,12,24,S/B,1724
2019-02-20,92,05:56:00,Wednesday,BRGA,Mechanical,15,30,E/B,8550
2019-02-20,85,05:56:00,Wednesday,rhgo,Late Leaving Garage,16,32,W/B,1341
2019-02-20,47,05:58:00,Wednesday,Queen and Lansdowne,Investigation,18,36,S/B,1063
2019-02-20,14,06:00:00,Wednesday,Caledonia and Eglinton,Late Leaving Garage,23,46,E/B,1353
2019-02-20,939,06:02:00,Wednesday,STC SRT,Late Leaving Garage,6,12,W/B,3420
2019-02-20,902,06:02:00,Wednesday,WSTN,Late Leaving Garage,10,20,N/B,8949
2019-02-20,102,06:05:00,Wednesday,WSTN,Late Leaving Garage,19,38,N/B,8963
2019-02-20,924,06:07:00,Wednesday,VP STN,Late Leaving Garage,10,20,N/B,8957
2019-02-20,100,06:07:00,Wednesday,Don Mills & Wynford,Late Leaving Garage,3,7,S/B,8786
2019-02-20,110,06:08:00,Wednesday,Evans,Mechanical,5,10,S/B,8614
2019-02-20,34,06:08:00,Wednesday,Eglinton & Mt. Pleasant,Investigation,5,9,W/B,8850
2019-02-20,35,06:11:00,Wednesday,Arrow Garage,Late Leaving Garage,10,20,N/B,3269
2019-02-20,69,06:13:00,Wednesday,BRGA,Mechanical,7,14,E/B,8438
2019-02-20,69,06:15:00,Wednesday,DNSA,Late Leaving Garage,6,12,N/B,8938
2019-02-20,34,06:20:00,Wednesday,Eglinton station,Late Leaving Garage,10,20,S/B,8806
2019-02-20,95,06:24:00,Wednesday,KNRD,Late Leaving Garage,8,16,W/B,3406
2019-02-20,939,06:26:00,Wednesday,Morningside and Nightstar,Late Leaving Garage,8,16,W/B,1292
2019-02-20,38,06:29:00,Wednesday,stc,Mechanical,11,21,E/B,1809
2019-02-20,941,06:30:00,Wednesday,KSTN,Late Leaving Garage,11,23,N/B,9051
2019-02-20,52,06:32:00,Wednesday,Airport and Jetliner,Investigation,29,58,W/B,8210
2019-02-20,11,06:33:00,Wednesday,wilson garage,Late Leaving Garage,16,32,N/B,8213
2019-02-20,95,06:35:00,Wednesday,ELRT,Late Leaving Garage,8,16,E/B,3411
2019-02-20,32,06:37:00,Wednesday,KEEG,Late Leaving Garage,7,14,E/B,1261
2019-02-20,29,06:37:00,Wednesday,Dufferin and Lawrence,Late Leaving Garage,25,48,S/B,9144
2019-02-20,44,06:38:00,Wednesday,Evans,Late Leaving Garage,5,10,S/B,6610
2019-02-20,95,06:38:00,Wednesday,ELRT,Late Leaving Garage,8,16,W/B,1303
2019-02-20,133,06:38:00,Wednesday,stc,Mechanical,11,22,N/B,1520
2019-02-20,23,06:38:00,Wednesday,MSTN,Late Leaving Garage,5,10,N/B,
2019-02-20,102,06:39:00,Wednesday,WSTN,Late Leaving Garage,20,40,N/B,8945
2019-02-20,6,06:39:00,Wednesday,Davenport and Dupont,Late Leaving Garage,6,11,S/B,1118
2019-02-20,985,06:46:00,Wednesday,dons,Late Leaving Garage,10,20,E/B,9077
2019-02-20,953,06:48:00,Wednesday,Markham and Passmore,Late Leaving Garage,14,27,W/B,1561
2019-02-20,902,07:02:00,Wednesday,WSTN,Late Leaving Garage,10,20,N/B,
2019-02-20,21,07:02:00,Wednesday,stc,Late Leaving Garage,10,20,S/B,1672
2019-02-20,29,07:11:00,Wednesday,Dufferin and Lawrence,Late Leaving Garage,4,13,S/B,9034
2019-02-20,64,07:11:00,Wednesday,Main Route,Late Leaving Garage,1,1,BW,0
2019-02-20,102,07:12:00,Wednesday,WSTN,Utilized Off Route,20,40,N/B,8563
2019-02-20,90,07:22:00,Wednesday,st clair w stn,Utilized Off Route,4,8,N/B,8201
2019-02-20,93,07:31:00,Wednesday,Woodbine stn,Mechanical,13,,N/B,8560
2019-02-20,95,07:34:00,Wednesday,SCLP,Late Leaving Garage,11,21,W/B,1726
2019-02-20,29,07:37:00,Wednesday,Dufferin and Bridgeland,Investigation,8,15,S/B,9142
2019-02-20,87,07:39:00,Wednesday,Main stn,Utilized Off Route,5,10,N/B,8551
2019-02-20,71,07:40:00,Wednesday,St. Clair and Runnymede,Emergency Services,18,36,S/B,1258
2019-02-20,52,07:41:00,Wednesday,Lawrence West Stn,Mechanical,15,30,W/B,8326
2019-02-20,35,07:50:00,Wednesday,Pioneer Village,Mechanical,7,14,S/B,3206
2019-02-20,90,08:00:00,Wednesday,st clair wstn to oakwood lp,General Delay,4,8,B/W,
2019-02-20,51,08:00:00,Wednesday,Eglinton Stn to Freshmeadows/Don Mills Rd,General Delay,22,34,B/W,
2019-02-20,75,08:00:00,Wednesday,Queen Quay to Maple,General Delay,6,12,B/W,
2019-02-20,109,08:00:00,Wednesday,neptune to eglinton wstn,General Delay,4,8,B/W,
2019-02-20,90,08:00:00,Wednesday,st clair wstn,Utilized Off Route,4,8,N/B,1228
2019-02-20,168,08:04:00,Wednesday,Dundas W Stn,Utilized Off Route,5,11,N/B,1423
2019-02-20,47,08:08:00,Wednesday,Queen and Lansdowne,Utilized Off Route,4,9,N/B,1408
2019-02-20,63,08:21:00,Wednesday,King and Atlantic,Utilized Off Route,10,20,N/B,8206
2019-02-20,62,08:21:00,Wednesday,Glebemount,Investigation,15,30,N/B,9212
2019-02-20,710,08:26:00,Wednesday,Don Mills & Eglinton,Utilized Off Route,1,1,E/B,8916
2019-02-20,720,08:28:00,Wednesday,PSTN,Utilized Off Route,1,1,N/B,8818
2019-02-20,22,08:30:00,Wednesday,Coxwell Route,General Delay,10,1,B/W,
2019-02-20,902,08:30:00,Wednesday,Markham Express Route,General Delay,15,1,B/W,
2019-02-20,102,08:30:00,Wednesday,Markham Route,General Delay,15,1,B/W,
2019-02-20,53,08:31:00,Wednesday,Steeles and Markham,Investigation,6,11,E/B,1294
2019-02-20,102,08:33:00,Wednesday,CECO,Mechanical,20,40,S/B,8450
2019-02-20,167,08:38:00,Wednesday,Pharmacy and Huntingwood,Mechanical,24,48,N/B,8476
2019-02-20,63,08:44:00,Wednesday,Ossington Station,Investigation,1,1,S/B,8346
2019-02-20,117,08:50:00,Wednesday,Pioneer Village Station,Mechanical,10,20,S/B,8364
2019-02-20,53,08:51:00,Wednesday,MOFI,Late Leaving Garage,23,1,W/B,1676
2019-02-20,169,09:00:00,Wednesday,Don Mills and Van Horne,Diversion,1,1,E/B,
2019-02-20,53,09:08:00,Wednesday,Finch Station,Mechanical,6,12,E/B,1240
2019-02-20,42,09:09:00,Wednesday,Finch Stn,Utilized Off Route,12,12,E/B,8149
2019-02-20,35,09:13:00,Wednesday,jane/Wilson,Emergency Services,0,0,N/B,3206
2019-02-20,15,09:18:00,Wednesday,Sherway Gardens,Mechanical,22,34,E/B,7946
2019-02-20,939,09:50:00,Wednesday,STC SRT,Mechanical,9,18,W/B,1318
2019-02-20,161,09:52:00,Wednesday,Oakwood & Burlington,Mechanical,17,35,W/B,1091
2019-02-20,63,10:33:00,Wednesday,Ossington Station,Utilized Off Route,9,18,N/B,8206
2019-02-20,7,10:37:00,Wednesday,greenwin village,Mechanical,8,16,S/B,8383
2019-02-20,41,10:44:00,Wednesday,Rogers & Weston,Mechanical,9,18,S/B,9050
2019-02-20,63,10:45:00,Wednesday,Ossington and Hallam,Investigation,1,1,S/B,1390
2019-02-20,121,10:46:00,Wednesday,Front and Cherry,Investigation,20,20,N/B,9211
2019-02-20,38,10:56:00,Wednesday,stc,Mechanical,13,26,E/B,1206
2019-02-20,43,11:01:00,Wednesday,Kennedy Station,Investigation,15,30,N/B,8789
2019-02-20,902,11:05:00,Wednesday,Eglinton,Mechanical,15,30,N/B,8491
2019-02-20,929,11:05:00,Wednesday,Wilson Station,Mechanical,10,20,S/B,9137
2019-02-20,29,11:08:00,Wednesday,Dufferin and Windgold,Investigation,7,14,S/B,9144
2019-02-20,186,11:16:00,Wednesday,Islington,Mechanical,10,20,E/B,3290
2019-02-20,57,11:17:00,Wednesday,Kennedy STN,Investigation,13,26,N/B,8777
2019-02-20,12,11:20:00,Wednesday,Kennedy Station,Investigation,20,40,W/B,8939
2019-02-20,701,11:30:00,Wednesday,Wilson Division,Utilized Off Route,1,1,S/B,8183
2019-02-20,75,11:32:00,Wednesday,shuter,Investigation,8,16,N/B,1290
2019-02-20,63,11:37:00,Wednesday,Ossington and Dundas,Mechanical,9,18,S/B,1399
2019-02-20,7,11:50:00,Wednesday,wilson,Mechanical,8,16,S/B,8303
2019-02-20,86,11:56:00,Wednesday,Meadowvale/Kingston,Emergency Services,10,20,S/B,8821
2019-02-20,719,12:00:00,Wednesday,EARL,Utilized Off Route,5,10,S/B,1203
2019-02-20,709,12:00:00,Wednesday,Mt.dennis,Utilized Off Route,5,10,S/B,1536
2019-02-20,602,12:25:00,Wednesday,Islington Station,Utilized Off Route,1,1,E/B,8081
2019-02-20,39,12:30:00,Wednesday,Mnarkham Rd-Finch Av,Mechanical,7,14,W/B,1666
2019-02-20,702,12:32:00,Wednesday,Queensway Division,Utilized Off Route,1,1,E/B,7909
2019-02-20,73,12:38:00,Wednesday,Albion/,Investigation,5,10,S/B,8061
2019-02-20,16,12:44:00,Wednesday,Danforth Road and Brimley Road,Investigation,12,24,SB,8415
2019-02-20,116,12:56:00,Wednesday,Morningside Ave/Guildwood Pkwy,Mechanical,25,50,E/B,8859
2019-02-20,64,13:00:00,Wednesday,Main Route,General Delay,0,20,BW,0
2019-02-20,80,13:19:00,Wednesday,queensway at islington,Investigation,24,48,W/B,8056
2019-02-20,116,13:20:00,Wednesday,Morningside Ave/Ellesmere Rd,Utilized Off Route,1,1,S/B,8894
2019-02-20,601,13:20:00,Wednesday,Doncliffe Loop,Utilized Off Route,1,1,S/B,8197
2019-02-20,65,13:20:00,Wednesday,Berkeley St and Front St East,Mechanical,13,26,NB,9235
2019-02-20,32,13:22:00,Wednesday,REGW,Mechanical,11,22,E/B,1356
2019-02-20,53,13:22:00,Wednesday,Bluffwood and Steeles,Mechanical,23,46,E/B,1530
2019-02-20,94,13:40:00,Wednesday,QSPK,Utilized Off Route,6,13,E/B,1590
2019-02-20,553,13:45:00,Wednesday,MDGA,Utilized Off Route,1,1,S/B,1125
2019-02-20,100,13:45:00,Wednesday,Broadview station,Utilized Off Route,6,12,S/B,8665
2019-02-20,610,13:50:00,Wednesday,PSTN,Utilized Off Route,1,1,N/B,8712
2019-02-20,701,13:50:00,Wednesday,St Clair W Station,Utilized Off Route,1,1,S/B,8376
2019-02-20,610,13:55:00,Wednesday,Pape and Motimer,Investigation,1,1,S/B,8712
2019-02-20,73,13:55:00,Wednesday,Queensway,Utilized Off Route,5,10,S/B,8061
2019-02-20,939,13:55:00,Wednesday,MCSH,Mechanical,8,17,N/B,1318
2019-02-20,52,13:57:00,Wednesday,Lawrence Station,Utilized Off Route,14,28,W/B,1275
2019-02-20,96,14:00:00,Wednesday,Route 96,General Delay,13,24,B/W,
2019-02-20,165,14:00:00,Wednesday,Route 165,General Delay,15,23,B/W,
2019-02-20,601,14:00:00,Wednesday,Wilson Garage,Utilized Off Route,1,1,S/B,8333
2019-02-20,75,14:00:00,Wednesday,Jarvis/ Queens Quay to South Dr/Glen Rd,General Delay,30,38,B/W,
2019-02-20,82,14:00:00,Wednesday,Rosedale Station to Summerhill/Maclennan,General Delay,30,50,B/W,
2019-02-20,186,14:00:00,Wednesday,Route 186,General Delay,10,19,B/W,
2019-02-20,54,14:00:00,Wednesday,54 Lawrence ave East route,General Delay,5,10,B/W,
2019-02-20,7,14:01:00,Wednesday,Bathurst Station,Mechanical,8,16,N/B,1204
2019-02-20,600,14:05:00,Wednesday,MDGA,Utilized Off Route,1,1,S/B,1072
2019-02-20,600,14:15:00,Wednesday,Mount Dennis Garage,Utilized Off Route,1,1,S/B,1555
2019-02-20,900,14:17:00,Wednesday,Kipling stn,Utilized Off Route,5,10,S/B,8007
2019-02-20,600,14:20:00,Wednesday,MDGA,Utilized Off Route,1,1,S/B,1059
2019-02-20,65,14:32:00,Wednesday,Parliament and Front St East,Mechanical,13,26,NB,8515
2019-02-20,129,14:34:00,Wednesday,stc,Late Leaving Garage,4,8,N/B,1294
2019-02-20,95,14:35:00,Wednesday,Markham rd. on Ellesmere,Mechanical,14,28,E/B,1303
2019-02-20,42,14:38:00,Wednesday,Finch stn,Mechanical,13,26,N/B,8392
2019-02-20,95,14:38:00,Wednesday,YOCE,Late Leaving Garage,9,18,E/B,3434
2019-02-20,100,14:43:00,Wednesday,Don Mills & Wynford,Utilized Off Route,6,11,S/B,8901
2019-02-20,102,14:46:00,Wednesday,WSTN,Utilized Off Route,20,40,N/B,8441
2019-02-20,24,14:49:00,Wednesday,Victoria park station,Mechanical,9,18,N/B,8411
2019-02-20,941,14:51:00,Wednesday,FWSN,Mechanical,14,28,S/B,1121
2019-02-20,38,14:51:00,Wednesday,Mornelle Crt and Ellesmere,Mechanical,12,24,W/B,1720
2019-02-20,100,14:51:00,Wednesday,Don Mills & Wynfored,Late Leaving Garage,6,11,S/B,8901
2019-02-20,29,14:54:00,Wednesday,Dufflerin and Lawrence,Late Leaving Garage,3,9,S/B,
2019-02-20,53,14:54:00,Wednesday,Brebeuf College,Mechanical,4,4,E/B,1312
2019-02-20,54,14:59:00,Wednesday,ESTN,Utilized Off Route,10,21,EB,8752
2019-02-20,10,15:00:00,Wednesday,Don Mills and Van Horne,Diversion,1,1,E/B,
2019-02-20,52,15:00:00,Wednesday,Lawrwence Station to West wood Mall,General Delay,19,35,B/W,
2019-02-20,122,15:00:00,Wednesday,York Mills Station to ROYWOOD DR AND FENSIDE DR.,General Delay,16,28,B/W,
2019-02-20,903,15:01:00,Wednesday,Kennedy Station,Late Leaving Garage,9,18,N/B,3449
2019-02-20,34,15:03:00,Wednesday,Eglinton station,Utilized Off Route,4,7,E/B,8736
2019-02-20,15,15:15:00,Wednesday,Bishop Allen School,Mechanical,10,17,N/B,8431
2019-02-20,116,15:20:00,Wednesday,KENN,Utilized Off Route,12,24,E/B,8814
2019-02-20,23,15:22:00,Wednesday,BRGA,Late Leaving Garage,7,14,,8590
2019-02-20,115,15:30:00,Wednesday,York Mills Station to BANNATYNE DR. AT SILVERGROVE RD.,General Delay,10,30,B/W,
2019-02-20,49,15:48:00,Wednesday,Bloor West / KPSN,Mechanical,9,18,W/B,7956
2019-02-20,102,16:00:00,Wednesday,Markham and Eglintion,Investigation,20,40,N/B,8994
2019-02-20,72,16:00:00,Wednesday,qyeen quay and young,General Delay,7,14,N/B,
2019-02-20,924,16:00:00,Wednesday,Victoria park & Eglinton to Sheppard,General Delay,9,18,B/W,
2019-02-20,24,16:00:00,Wednesday,Victoria park & Eglinton to Sheppard,General Delay,7,14,B/W,
2019-02-20,610,16:00:00,Wednesday,EGGA,Utilized Off Route,1,1,B/W,8854
2019-02-20,952,16:00:00,Wednesday,Terminal 3 To Lawrence Station,General Delay,28,40,B/W,
2019-02-20,78,16:00:00,Wednesday,York Mills Station to CARLUKE CR. AT FIFESHIRE RD.E.,General Delay,20,35,B/W,
2019-02-20,34,16:00:00,Wednesday,Bayview to Don Mills,General Delay,20,25,B/W,
2019-02-20,53,16:28:00,Wednesday,Edgar woods Rd and Steeles Ave,Investigation,5,10,E/B,1799
2019-02-20,26,16:30:00,Wednesday,Entire Route,General Delay,20,35,B/W,
2019-02-20,97,16:30:00,Wednesday,Ykms stn to Queens Quay,General Delay,22,52,B/W,
2019-02-20,989,16:30:00,Wednesday,Entre route,General Delay,20,30,B/W,
2019-02-20,102,16:30:00,Wednesday,St Clair and  kingstion,General Delay,10,20,N/B,
2019-02-20,42,16:38:00,Wednesday,Finch Stn,Utilized Off Route,13,26,S/B,1229
2019-02-20,24,16:43:00,Wednesday,Eglinton / Victoria park,Mechanical,16,32,N/B,8443
2019-02-20,168,16:50:00,Wednesday,Turnberry and Old Weston,Mechanical,7,14,N/B,1016
2019-02-20,88,16:59:00,Wednesday,St.Clair to Thorncliff,General Delay,23,29,B/W,
2019-02-20,124,17:00:00,Wednesday,Lawrence Station to Sunnybrook Hospital,General Delay,14,34,B/W,
2019-02-20,85,17:00:00,Wednesday,DONS to SHEP,General Delay,16,32,B/W,
2019-02-20,985,17:06:00,Wednesday,Sheppard & Settlers,Investigation,9,18,E/B,9081
2019-02-20,37,17:12:00,Wednesday,Steeles loop,Mechanical,11,22,S/B,7944
2019-02-20,989,17:35:00,Wednesday,Weston and Albion,Utilized Off Route,10,20,N/B,1272
2019-02-20,95,17:38:00,Wednesday,KNRD Loop,Mechanical,10,20,W/B,1322
2019-02-20,985,17:40:00,Wednesday,STC,Investigation,9,18,E/B,9072
2019-02-20,985,17:45:00,Wednesday,DONS to STC -SLP,General Delay,9,27,B/W,
2019-02-20,52,18:00:00,Wednesday,Queensquay and Yonge,Utilized Off Route,1,1,N/B,8208
2019-02-20,95,18:00:00,Wednesday,York Mills route,General Delay,20,40,B/W,1393
2019-02-20,45,18:01:00,Wednesday,kpst,Utilized Off Route,11,22,W/B,8013
2019-02-20,129,18:08:00,Wednesday,McCowan and Pitsfield,Mechanical,17,34,S/B,1323
2019-02-20,953,18:16:00,Wednesday,Middlefield Rd and Steeles Ave,Mechanical,15,30,W/B,9083
2019-02-20,60,18:19:00,Wednesday,Finch  Stn,Utilized Off Route,8,16,W/B,3172
2019-02-20,116,18:21:00,Wednesday,KENN,Utilized Off Route,10,20,N/B,8662
2019-02-20,952,18:24:00,Wednesday,Terminal 3,Mechanical,12,24,E/B,8310
2019-02-20,953,18:24:00,Wednesday,Bayview and Steels Ave,Investigation,7,15,E/B,9067
2019-02-20,924,18:25:00,Wednesday,Victoria park and Finch,Mechanical,9,18,N/B,8450
2019-02-20,6,18:30:00,Wednesday,Entire Route,General Delay,15,30,B/W,
2019-02-20,85,18:40:00,Wednesday,DONS,Investigation,16,32,W/B,1793
2019-02-20,116,18:58:00,Wednesday,MSNS,Utilized Off Route,5,15,S/B,8726
2019-02-20,7,19:00:00,Wednesday,humber loop,Utilized Off Route,1,1,S/B,7909
2019-02-20,34,19:07:00,Wednesday,KENN,Emergency Services,5,9,W/B,8829
2019-02-20,60,19:15:00,Wednesday,Finch Stn,Mechanical,8,16,W/B,3321
2019-02-20,929,19:50:00,Wednesday,Wilson Ave and Transit Way,Investigation,10,20,S/B,1107
2019-02-20,24,20:03:00,Wednesday,Steeles loop at Victoria park,Utilized Off Route,9,18,S/B,8475
2019-02-20,43,20:08:00,Wednesday,KENN,Utilized Off Route,10,20,NB,8753
2019-02-20,73,20:10:00,Wednesday,royal york stn,Utilized Off Route,10,20,S/B,7966
2019-02-20,45,20:15:00,Wednesday,Kipling South / KPSN,Utilized Off Route,10,20,S/B,8435
2019-02-20,72,21:15:00,Wednesday,queen and carlaw,Emergency Services,18,36,S/B,9238
2019-02-20,53,21:15:00,Wednesday,McCowan Rd and Steeles Ave,Utilized Off Route,5,10,E/B,3427
2019-02-20,43,21:21:00,Wednesday,Kennedy & Jade st.,Investigation,10,20,SB,8794
2019-02-20,165,21:58:00,Wednesday,YKMS stn,Utilized Off Route,10,20,E/B,3198
2019-02-20,94,22:00:00,Wednesday,CAST,Utilized Off Route,9,18,W/B,1202
2019-02-20,102,22:00:00,Wednesday,Birchmount Yard,Utilized Off Route,10,20,S/B,8941
2019-02-20,52,22:00:00,Wednesday,Lawrence Station,Utilized Off Route,14,28,W/B,1278
2019-02-20,168,22:00:00,Wednesday,Entire Route,General Delay,20,30,B/W,
2019-02-20,34,22:01:00,Wednesday,ESTN,Utilized Off Route,7,14,E/B,8851
2019-02-20,54,22:05:00,Wednesday,ESTN,Utilized Off Route,19,39,E/B,8760
2019-02-20,39,22:05:00,Wednesday,FSTN,Utilized Off Route,1,10,E/B,1824
2019-02-20,32,22:06:00,Wednesday,ESTN,Utilized Off Route,11,28,W/B,1575
2019-02-20,84,22:08:00,Wednesday,Sheppard stn,Utilized Off Route,10,20,E/B,3204
2019-02-20,33,22:10:00,Wednesday,St Clair W Stn,Utilized Off Route,20,40,,8169
2019-02-20,25,22:10:00,Wednesday,PSTN,Utilized Off Route,1,1,N/B,8925
2019-02-20,52,22:22:00,Wednesday,Lawrence West Station,Mechanical,14,28,W/B,1216
2019-02-20,927,22:40:00,Wednesday,Finch and Hwy 27,Mechanical,10,20,SB,3305
2019-02-20,32,23:04:00,Wednesday,Lascelles/Eglinton,Mechanical,11,22,W/B,1136
2019-02-20,167,23:12:00,Wednesday,Don Mills Station,Mechanical,30,60,N/B,8944
2019-02-20,24,23:23:00,Wednesday,Sheppard and Victoria Park,Utilized Off Route,9,18,S/B,8455
2019-02-20,36,23:30:00,Wednesday,Finch and Ardwick,Investigation,1,1,EB,3137
2019-02-20,38,23:55:00,Wednesday,Morningside and Ellesmere,Diversion,40,52,E/B,1787
2019-02-20,95,23:57:00,Wednesday,Morningside / Ellesmere,Diversion,43,55,EB,
2019-02-21,85,00:04:00,Thursday,East Ave and Maberly Cres,Investigation,8,24,E/B,1718
2019-02-21,85,00:15:00,Thursday,East and Maberley,Diversion,37,53,E/B,1684
2019-02-21,16,00:48:00,Thursday,STC,Mechanical,15,30,S/B,8529
2019-02-21,32,01:21:00,Thursday,Lawrence and Jane,Emergency Services,1,1,E/B,1092
2019-02-21,23,01:27:00,Thursday,Plaxton and Ferris,Investigation,15,30,N/B,8601
2019-02-21,312,02:40:00,Thursday,OLDWESTON TO CALEDONIA,Diversion,170,200,W/B,1357
2019-02-21,60,04:50:00,Thursday,Steeles and Martin Grove Loop,Late Leaving Garage,1,19,W/B,3264
2019-02-21,20,05:00:00,Thursday,MSTN,Late Leaving Garage,20,40,E/B,8510
2019-02-21,39,05:00:00,Thursday,39 Finch Route-All Branch,General Delay,20,34,B/W,3433
2019-02-21,52,05:00:00,Thursday,Bathurst and Lawrence,Late Leaving Garage,17,27,W/B,8142
2019-02-21,939,05:00:00,Thursday,939 Finch Express-All Branch,General Delay,20,29,B/W,3425
2019-02-21,35,05:06:00,Thursday,MGRC,Late Leaving Garage,1,26,S/B,3230
2019-02-21,54,05:07:00,Thursday,Lawrence & Morningside,Mechanical,15,15,E/B,8680
2019-02-21,17,05:09:00,Thursday,Warden Station,Late Leaving Garage,9,18,N/B,8554
2019-02-21,29,05:10:00,Thursday,DMBL,Late Leaving Garage,12,24,N/B,9055
2019-02-21,102,05:14:00,Thursday,WSTN,Late Leaving Garage,20,40,N/B,8411
2019-02-21,31,05:15:00,Thursday,POOF,Late Leaving Garage,15,30,S/B,8512
2019-02-21,32,05:17:00,Thursday,REGW,Late Leaving Garage,9,9,E/B,1047
2019-02-21,52,05:17:00,Thursday,Lawrence and Yonge,Late Leaving Garage,15,15,W/B,8328
2019-02-21,165,05:19:00,Thursday,WILS,Late Leaving Garage,5,10,W/B,3279
2019-02-21,84,05:21:00,Thursday,SARR,Late Leaving Garage,6,12,E/B,3193
2019-02-21,61,05:26:00,Thursday,Bombay and Avenue,Late Leaving Garage,12,12,W/B,8113
2019-02-21,24,05:28:00,Thursday,DAVP,Late Leaving Garage,5,10,N/B,8957
2019-02-21,95,05:29:00,Thursday,KNRD,Late Leaving Garage,7,16,W/B,1679
2019-02-21,134,05:31:00,Thursday,Tapscott and Crow Trail,Late Leaving Garage,18,36,N/B,3446
2019-02-21,113,05:32:00,Thursday,Main Station,Late Leaving Garage,14,28,E/B,8514
2019-02-21,102,05:34:00,Thursday,Warden Station,Late Leaving Garage,20,40,E/B,8935
2019-02-21,110,05:35:00,Thursday,Evans and Islington,Late Leaving Garage,10,19,S/B,7942
2019-02-21,41,05:35:00,Thursday,Murray Ray and Sentinel,Mechanical,11,22,S/B,9136
2019-02-21,24,05:35:00,Thursday,Consumers / Victoria Park,Late Leaving Garage,13,26,N/B,8958
2019-02-21,939,05:36:00,Thursday,McCowan and Sheppard,Late Leaving Garage,8,16,W/B,1622
2019-02-21,32,05:38:00,Thursday,Jane and Eglinton,Mechanical,9,9,E/B,1047
2019-02-21,7,05:38:00,Thursday,GRWN,Late Leaving Garage,21,48,S/B,1363
2019-02-21,47,05:39:00,Thursday,QNLA,Late Leaving Garage,19,19,N/B,1356
2019-02-21,160,05:43:00,Thursday,Wilson Stn,Late Leaving Garage,20,40,N/B,1289
2019-02-21,131,05:48:00,Thursday,Old Finch and Morningview,Late Leaving Garage,8,15,S/B,
2019-02-21,6,05:50:00,Thursday,DDUP,Late Leaving Garage,11,22,S/B,1208
2019-02-21,88,05:50:00,Thursday,Thorncliffe and Overlea,Late Leaving Garage,20,20,W/B,8134
2019-02-21,94,05:52:00,Thursday,QSPK,Late Leaving Garage,13,26,E/B,1084
2019-02-21,929,05:52:00,Thursday,Mount Dennis to Dufferin and Lawrence,Late Leaving Garage,9,18,S/B,9033
2019-02-21,995,05:55:00,Thursday,SCLP,Late Leaving Garage,10,20,W/B,1726
2019-02-21,952,05:57:00,Thursday,Terminal 3,Late Leaving Garage,11,22,E/B,8332
2019-02-21,76,05:58:00,Thursday,Mimico Ave and Royal York Rd,Emergency Services,6,13,N/B,7925
2019-02-21,925,06:00:00,Thursday,FMDM,Late Leaving Garage,10,10,S/B,8827
2019-02-21,902,06:02:00,Thursday,WSTN,Late Leaving Garage,10,20,N/B,8952
2019-02-21,90,06:03:00,Thursday,SCW. Stn,Late Leaving Garage,7,15,N/B,1221
2019-02-21,88,06:06:00,Thursday,Laird and Moore,Late Leaving Garage,9,9,W/B,8386
2019-02-21,43,06:06:00,Thursday,Kennedy Station,Utilized Off Route,10,20,N/B,8721
2019-02-21,134,06:07:00,Thursday,Washburn Way and Sheppard,Mechanical,18,36,S/B,3446
2019-02-21,95,06:08:00,Thursday,KNRD,Utilized Off Route,8,16,W/B,1306
2019-02-21,63,06:09:00,Thursday,Eglinton West Station,Late Leaving Garage,3,6,S/B,8123
2019-02-21,6,06:12:00,Thursday,DDUP,Late Leaving Garage,11,22,S/B,1305
2019-02-21,88,06:15:00,Thursday,Laird and Moore,Late Leaving Garage,11,22,W/B,8353
2019-02-21,186,06:20:00,Thursday,HLDG,Late Leaving Garage,10,20,E/B,3316
2019-02-21,21,06:20:00,Thursday,McCowan and Sheppard,General Delay,42,56,W/B,
2019-02-21,129,06:20:00,Thursday,McCowan and Sheppard,Diversion,42,57,N/B,
2019-02-21,985,06:20:00,Thursday,Mccowan and Sheppard,General Delay,20,30,bw,
2019-02-21,116,06:21:00,Thursday,Staines Rd/Morningside Ave,Late Leaving Garage,2,8,N/B,8748
2019-02-21,941,06:21:00,Thursday,Keele Station,Mechanical,11,22,N/B,9104
2019-02-21,91,06:24:00,Thursday,Cassandra Blvd at Underhill Dr,Late Leaving Garage,12,24,NB,9202
2019-02-21,939,06:26:00,Thursday,Morningside and Nightstar,Late Leaving Garage,7,14,W/B,1639
2019-02-21,929,06:27:00,Thursday,Bowie and Dufferin,Mechanical,9,8,N/B,9044
2019-02-21,939,06:28:00,Thursday,McCowan and Sheppard,Diversion,47,54,W/B,1541
2019-02-21,168,06:29:00,Thursday,AVLP,Late Leaving Garage,5,11,S/B,1148
2019-02-21,939,06:31:00,Thursday,STC SRT,Late Leaving Garage,7,14,W/B,1741
2019-02-21,952,06:33:00,Thursday,Lawrence Station,Late Leaving Garage,11,22,W/B,8149
2019-02-21,131,06:34:00,Thursday,McCowan & Sheppard,Diversion,22,30,N/B,
2019-02-21,95,06:38:00,Thursday,ELRT,Late Leaving Garage,8,16,W/B,3434
2019-02-21,939,06:39:00,Thursday,STC SRT,Late Leaving Garage,7,14,E/B,3443
2019-02-21,82,06:40:00,Thursday,Crescent Rd between Cluny Dr and South Dr,Diversion,1,1,S/B,1390
2019-02-21,32,06:41:00,Thursday,REGW,Late Leaving Garage,7,14,E/B,1103
2019-02-21,63,06:43:00,Thursday,Eglinton West Station,Late Leaving Garage,3,6,S/B,8392
2019-02-21,32,06:45:00,Thursday,EMMT,Late Leaving Garage,11,22,E/B,1056
2019-02-21,927,06:48:00,Thursday,Martin Grove and Royal Crest,Late Leaving Garage,5,10,S/B,3292
2019-02-21,6,06:48:00,Thursday,DDUP,Late Leaving Garage,4,7,S/B,1032
2019-02-21,939,06:49:00,Thursday,Morningside and Nightstar,Late Leaving Garage,7,14,W/B,3434
2019-02-21,75,06:50:00,Thursday,Bloor and Sherbourne,Late Leaving Garage,9,14,S/B,1247
2019-02-21,68,06:51:00,Thursday,Warden & Eglinton,Investigation,6,11,S/B,8625
2019-02-21,995,06:52:00,Thursday,SCLP,Late Leaving Garage,10,21,W/B,1402
2019-02-21,925,06:52:00,Thursday,FMDM,Late Leaving Garage,8,16,S/B,8813
2019-02-21,960,06:52:00,Thursday,Pioneer Villiage Station,Late Leaving Garage,8,18,E/B,3254
2019-02-21,36,06:54:00,Thursday,Humberwood Loop,Late Leaving Garage,5,9,E/B,9132
2019-02-21,7,06:55:00,Thursday,Bathurst and Wilson,Mechanical,7,13,S/B,8355
2019-02-21,165,06:57:00,Thursday,YKMS,Late Leaving Garage,5,10,W/B,3116
2019-02-21,130,07:00:00,Thursday,130 Middlefield Route-All Branch,General Delay,40,60,B/W,1320
2019-02-21,144,07:00:00,Thursday,Overlea and Don Mills,Diversion,1,1,S/B,8887
2019-02-21,47,07:03:00,Thursday,Earlscourt loop,Mechanical,7,14,S/B,1068
2019-02-21,953,07:03:00,Thursday,McCowan and Sheppard,Late Leaving Garage,14,27,E/B,9079
2019-02-21,94,07:06:00,Thursday,Jarvis and Wellesley,Diversion,35,41,E/B,
2019-02-21,65,07:11:00,Thursday,CastleFrank Station,Mechanical,13,26,SB,8491
2019-02-21,124,07:18:00,Thursday,Lawrence Station,Mechanical,6,12,W/B,1252
2019-02-21,939,07:24:00,Thursday,STC SRT,Mechanical,7,17,W/B,1240
2019-02-21,88,07:24:00,Thursday,St Clair Station,Mechanical,11,22,E/B,8386
2019-02-21,143,07:30:00,Thursday,Neville Loop,Late Leaving Garage,15,30,WB,9214
2019-02-21,9,07:35:00,Thursday,St. Clair Ave East and Jeanette St,Mechanical,15,30,EB,8501
2019-02-21,84,07:45:00,Thursday,Sheppard/Yonge,Mechanical,4,9,E/B,3168
2019-02-21,954,07:46:00,Thursday,Lawrence & Markham,Mechanical,9,18,E/B,8757
2019-02-21,76,07:54:00,Thursday,Royal York Stn,Mechanical,6,13,S/B,7971
2019-02-21,85,07:55:00,Thursday,Yorkmills & Bayview,Mechanical,8,16,W/B,1566
2019-02-21,143,08:00:00,Thursday,143 Downton - Beaches Express Route,General Delay,15,30,BW,0
2019-02-21,168,08:00:00,Thursday,St. Clair and Old Weston,General Delay,180,185,B/W,
2019-02-21,62,08:00:00,Thursday,Broadview/mortimer to Pape/Mortimer,General Delay,9,9,B/W,
2019-02-21,74,08:00:00,Thursday,St Clair Station,General Delay,1,1,E/B,1204
2019-02-21,144,08:10:00,Thursday,Wynford Heights and Concorde Place,Investigation,10,20,S/B,8887
2019-02-21,96,08:13:00,Thursday,Humber College Blvd and Lynmont Rd,Investigation,20,40,E/B,3312
2019-02-21,52,08:13:00,Thursday,Caledonia/Lawrence,Mechanical,23,46,W/B,8328
2019-02-21,12,08:21:00,Thursday,Wooddale / Victoria Park,Mechanical,14,28,B/W,1207
2019-02-21,952,08:23:00,Thursday,Lawrence West Stn,Mechanical,11,22,E/B,8303
2019-02-21,95,08:28:00,Thursday,YKMS to KNRD,General Delay,30,38,B/W,
2019-02-21,902,08:30:00,Thursday,Markham Route express,General Delay,15,1,B/W,
2019-02-21,22,08:30:00,Thursday,Coxwell Route,General Delay,10,1,B/W,
2019-02-21,134,08:30:00,Thursday,Lee Centre,Mechanical,4,8,W/B,1577
2019-02-21,75,08:30:00,Thursday,Sherbourne from Queens Quay to Glen Drive,General Delay,180,1,B/W,
2019-02-21,109,08:30:00,Thursday,Marlee at Eglinton and at Lawrence,General Delay,1,1,B/W,
2019-02-21,24,08:30:00,Thursday,180 Yorklands Acre,Investigation,12,24,52038,9221
2019-02-21,90,08:30:00,Thursday,St.Clair ave and Vaughan Rd,General Delay,90,1,S/B,
2019-02-21,102,08:30:00,Thursday,Markham Route,General Delay,15,1,B/W,
2019-02-21,123,08:35:00,Thursday,Long Branch,Mechanical,18,36,N/B,7954
2019-02-21,939,08:39:00,Thursday,STC SRT,Mechanical,7,14,W/B,1582
2019-02-21,121,09:00:00,Thursday,Front,General Delay,20,20,B/W,
2019-02-21,41,09:00:00,Thursday,KEEG,General Delay,30,1,N/B,
2019-02-21,70,09:00:00,Thursday,CSTN to WAST/CRAG,General Delay,15,25,B/W,8699
2019-02-21,95,09:30:00,Thursday,Ellesmere & Markham,Mechanical,8,16,W/B,1716
2019-02-21,54,10:00:00,Thursday,Lawrence SRT Station,Mechanical,4,7,W/B,8909
2019-02-21,84,10:05:00,Thursday,Sheppard West Stn,Mechanical,8,18,W/B,3103
2019-02-21,32,10:23:00,Thursday,EVER,Mechanical,13,26,W/B,1039
2019-02-21,129,10:36:00,Thursday,Scarborough Town Center,Mechanical,7,21,N/B,1589
2019-02-21,32,10:48:00,Thursday,REGW,Mechanical,11,22,E/B,1348
2019-02-21,60,10:56:00,Thursday,Steels/Dufferin,Investigation,9,18,E/B,3122
2019-02-21,999,10:59:00,Thursday,Keele and Rustic,Investigation,1,1,N/B,1352
2019-02-21,106,11:00:00,Thursday,Shepperd West Station,Mechanical,12,24,N/B,8185
2019-02-21,87,11:20:00,Thursday,East York acres,Diversion,,,B/W,
2019-02-21,29,11:42:00,Thursday,Dufferin and Alma Ave.,Investigation,7,14,S/B,9140
2019-02-21,76,12:07:00,Thursday,mimico and lakeshore,Mechanical,10,21,sn,7977
2019-02-21,25,12:19:00,Thursday,McNicoll and Don Mills,Mechanical,10,20,S/B,8654
2019-02-21,63,12:28:00,Thursday,Ossington and College,Mechanical,9,18,N/B,8357
2019-02-21,929,12:37:00,Thursday,Brandon and  Dufferin,Mechanical,10,20,S/B,9100
2019-02-21,39,12:37:00,Thursday,Finch Station,Mechanical,18,36,E/B,3433
2019-02-21,95,12:45:00,Thursday,Neilson on Ellesmere,Mechanical,7,14,W/B,3442
2019-02-21,95,12:53:00,Thursday,MKEL,Mechanical,7,14,W/B,1327
2019-02-21,30,12:57:00,Thursday,Kipling Stn,Mechanical,30,60,E/B,7924
2019-02-21,85,13:11:00,Thursday,DONS,Mechanical,22,44,W/B,1572
2019-02-21,123,13:23:00,Thursday,Sherway Gardens,Mechanical,21,42,S/B,8064
2019-02-21,35,13:45:00,Thursday,Jane & Alliance,Investigation,8,15,N/B,3365
2019-02-21,97,14:00:00,Thursday,entire route,General Delay,30,60,B/W,
2019-02-21,75,14:00:00,Thursday,South/Glen Dr to Jarvis/Queens Quay,General Delay,40,48,B/W,
2019-02-21,61,14:00:00,Thursday,entire route,General Delay,15,30,B/W,
2019-02-21,74,14:00:00,Thursday,entire route,General Delay,17,34,B/W,
2019-02-21,88,14:00:00,Thursday,entire route,General Delay,12,24,B/W,
2019-02-21,82,14:00:00,Thursday,Rosedale to Summerhill / Maclennan,General Delay,30,40,B/W,
2019-02-21,16,14:06:00,Thursday,Warden Station,Mechanical,12,24,EB,8472
2019-02-21,100,14:07:00,Thursday,Don Mills & Wynford,Mechanical,6,12,S/B,8908
2019-02-21,927,14:26:00,Thursday,Kipling stn,Late Leaving Garage,12,24,,3190
2019-02-21,123,14:26:00,Thursday,Sherway Gardens,Late Leaving Garage,17,34,N/B,8073
2019-02-21,39,14:33:00,Thursday,MCVP,Late Leaving Garage,14,14,W/B,3436
2019-02-21,186,14:35:00,Thursday,Wilson Station,Mechanical,11,22,E/B,3287
2019-02-21,123,14:35:00,Thursday,North Queen and The East Mall,Investigation,13,26,W/B,7934
2019-02-21,186,14:50:00,Thursday,Starview Lane and Rockbank,Investigation,11,22,W/B,3217
2019-02-21,91,14:50:00,Thursday,BRGA,Late Leaving Garage,6,12,,9232
2019-02-21,941,14:51:00,Thursday,FWSN,Late Leaving Garage,14,28,S/B,1152
2019-02-21,131,14:52:00,Thursday,Kennedy Station,Late Leaving Garage,9,18,N/B,1299
2019-02-21,90,15:00:00,Thursday,St Clair West stn to Oakwood/Vaughan,General Delay,30,35,B/W,
2019-02-21,924,15:00:00,Thursday,Victoria Park Station,Late Leaving Garage,9,18,N/B,8952
2019-02-21,36,15:00:00,Thursday,Finch W Stn,Late Leaving Garage,12,12,,3138
2019-02-21,110,15:00:00,Thursday,Islington \and Bloor,General Delay,1,1,B/W,8607
2019-02-21,109,15:00:00,Thursday,Neptune/Bathurst to Eglinton West Stn,General Delay,30,40,B/W,
2019-02-21,913,15:00:00,Thursday,CECO-STC,General Delay,5,10,B/W,
2019-02-21,52,15:00:00,Thursday,Lawrence Statiion to West Wood Mall,General Delay,27,40,B/W,
2019-02-21,115,15:00:00,Thursday,York Mills Station to BANNATYNE DR. AT SILVERGROVE RD.,General Delay,17,37,B/W,
2019-02-21,92,15:00:00,Thursday,BRGA,Late Leaving Garage,9,18,,9221
2019-02-21,12,15:00:00,Thursday,12 Kingston Road,General Delay,20,1,B/W,
2019-02-21,134,15:00:00,Thursday,STC-CECO-FDFI-STC,General Delay,15,30,B/W,
2019-02-21,131,15:02:00,Thursday,Morningside,Late Leaving Garage,4,14,N/B,1702
2019-02-21,924,15:03:00,Thursday,Steeles Loop,Late Leaving Garage,1,1,E/B,8944
2019-02-21,113,15:03:00,Thursday,Main Station,Late Leaving Garage,11,22,S/B,8952
2019-02-21,62,15:06:00,Thursday,BRGA,Late Leaving Garage,15,30,,8569
2019-02-21,903,15:10:00,Thursday,Kennedy 3.32,Late Leaving Garage,9,18,N/B,1577
2019-02-21,20,15:11:00,Thursday,Main Station,Late Leaving Garage,14,28,E/B,8407
2019-02-21,23,15:13:00,Thursday,BRGA,Late Leaving Garage,7,14,,8562
2019-02-21,20,15:15:00,Thursday,Birchmount and Highview,Late Leaving Garage,14,28,NB,8947
2019-02-21,939,15:15:00,Thursday,FSTN,Mechanical,12,24,E/B,3411
2019-02-21,68,15:16:00,Thursday,warden and Steeles Loop,Late Leaving Garage,5,10,S/B,8746
2019-02-21,34,15:17:00,Thursday,Eglinton station,Late Leaving Garage,5,9,E/B,8758
2019-02-21,112,15:18:00,Thursday,Elmbrook and Wellesworth,Investigation,15,30,S/B,7959
2019-02-21,84,15:19:00,Thursday,Sheppard and Yonge,Mechanical,26,52,W/B,3109
2019-02-21,36,15:19:00,Thursday,Finch Ave W,Emergency Services,6,12,,9133
2019-02-21,952,15:24:00,Thursday,Lawrence Station,Late Leaving Garage,12,24,W/B,1352
2019-02-21,32,15:28:00,Thursday,E.W STN,Mechanical,9,18,W/B,1016
2019-02-21,113,15:30:00,Thursday,Kennedy Station,Mechanical,11,22,W/B,8400
2019-02-21,32,15:30:00,Thursday,Entire Route,General Delay,19,29,W/B,
2019-02-21,989,15:30:00,Thursday,KSTN,Late Leaving Garage,10,20,N/B,1136
2019-02-21,63,15:30:00,Thursday,Atlantic Avenue & King St. to Eglinton West Station,General Delay,25,33,B/W,
2019-02-21,89,15:35:00,Thursday,Keele & Humberside,Mechanical,10,20,N/B,1262
2019-02-21,47,15:40:00,Thursday,Lansdowne at Bridgeland,Mechanical,13,26,N/B,1586
2019-02-21,61,15:55:00,Thursday,BOMB,Investigation,13,27,S/B,8168
2019-02-21,924,15:57:00,Thursday,St Bede's Rd,Investigation,9,18,B/W,8541
2019-02-21,24,15:57:00,Thursday,Stt Bede's Road,Diversion,49,58,N/B,9235
2019-02-21,12,15:58:00,Thursday,Victoria Park Station,Late Leaving Garage,7,14,S/B,
2019-02-21,167,16:00:00,Thursday,167 Pharmacy north,General Delay,15,1,S/B,
2019-02-21,102,16:00:00,Thursday,st  clair to  shappard,General Delay,7,14,B/W,
2019-02-21,96,16:00:00,Thursday,York Mills Station,General Delay,37,59,B/W,
2019-02-21,34,16:00:00,Thursday,Bayview to Don Mills,General Delay,20,25,B/W,
2019-02-21,165,16:00:00,Thursday,York Mills Station to Barmac and Steeles,General Delay,23,31,B/W,
2019-02-21,952,16:00:00,Thursday,Lawrence Station to Pearson Airport,General Delay,21,32,B/W,
2019-02-21,122,16:00:00,Thursday,York Mills Station to ROYWOOD DR AND FENSIDE DR.,General Delay,23,35,B/W,
2019-02-21,78,16:00:00,Thursday,York Mills Station to CARLUKE CR. AT FIFESHIRE RD.E.,General Delay,12,27,B/W,
2019-02-21,937,16:07:00,Thursday,Steeles Loop,Investigation,11,22,S/B,7971
2019-02-21,121,16:26:00,Thursday,Mill and Cherry,Mechanical,15,30,B/W,9202
2019-02-21,16,16:27:00,Thursday,Warden station,Mechanical,8,16,N/B,8497
2019-02-21,24,16:30:00,Thursday,Don Mills Station,Mechanical,15,30,S/B,8471
2019-02-21,22,16:30:00,Thursday,Coxwell and Gerrerd,General Delay,8,16,B/W,
2019-02-21,88,16:30:00,Thursday,SSTN,Mechanical,12,24,E/B,8187
2019-02-21,72,16:30:00,Thursday,lake shore and Bay,General Delay,7,14,B/W,
2019-02-21,63,16:34:00,Thursday,Eglinton West Station,Mechanical,8,16,S/B,8381
2019-02-21,32,16:35:00,Thursday,KEEG,Mechanical,1,1,W/B,1379
2019-02-21,60,16:42:00,Thursday,Steeles before Norfinch,Mechanical,8,16,W/B,3252
2019-02-21,63,16:50:00,Thursday,"On Ossington, at Acores",Mechanical,4,8,N/B,8209
2019-02-21,16,17:00:00,Thursday,Kennedy and danforth to STC,General Delay,16,32,B/W,
2019-02-21,9,17:00:00,Thursday,Warden Station to Lawrence and Bellamy,General Delay,16,32,B/W,
2019-02-21,122,17:03:00,Thursday,York Mills Station,Investigation,11,22,E/B,1215
2019-02-21,12,17:06:00,Thursday,St Clair Ave and Brimley,Investigation,17,34,E/B,8486
2019-02-21,35,17:09:00,Thursday,Firgrove Crescent,Mechanical,10,20,S/B,3100
2019-02-21,945,17:15:00,Thursday,Kipling at Rexdale,Investigation,10,20,S/B,7960
2019-02-21,72,17:25:00,Thursday,Bay Street and Harbour street,Utilized Off Route,8,16,N/B,8585
2019-02-21,35,17:29:00,Thursday,Jane and Wilson,Emergency Services,10,20,N/B,3316
2019-02-21,24,17:36:00,Thursday,Lawrence Ave,Investigation,9,18,B/W,8936
2019-02-21,110,17:39:00,Thursday,Longbranch,Investigation,24,48,E/B,8076
2019-02-21,121,17:45:00,Thursday,Fort York Blvd,Investigation,15,30,E/B,8577
2019-02-21,74,17:55:00,Thursday,SSTN,Mechanical,17,34,E/B,1241
2019-02-21,102,18:00:00,Thursday,warden station,Utilized Off Route,20,40,B/W,
2019-02-21,34,18:22:00,Thursday,Sloan and eglinton,Investigation,4,8,W/B,8656
2019-02-21,44,18:30:00,Thursday,Kipling at Queenway,Emergency Services,10,20,S/B,8030
2019-02-21,986,18:37:00,Thursday,Meadowvale Loop,Mechanical,10,20,S/B,8833
2019-02-21,60,18:37:00,Thursday,Jane and Steeles,Diversion,33,40,W/B,3132
2019-02-21,32,18:44:00,Thursday,KEEG,Mechanical,1,1,W/B,1124
2019-02-21,11,18:50:00,Thursday,Bayview and York Mills,Investigation,14,28,N/B,8389
2019-02-21,54,18:55:00,Thursday,Lawrence and Scarborough Golf Club,Mechanical,11,26,E/B,8840
2019-02-21,47,18:56:00,Thursday,Davenport and Lansdowme,Investigation,7,14,S/B,1089
2019-02-21,32,19:04:00,Thursday,Caledonia and Eglinton,Investigation,10,20,W/B,1078
2019-02-21,115,19:10:00,Thursday,York Mills Rd and Bayview Ave,Diversion,40,60,E/B,
2019-02-21,122,19:10:00,Thursday,York Mills Rd and Bayview Ave,Diversion,40,60,E/B,
2019-02-21,95,19:10:00,Thursday,Bay view on York Mills,Diversion,45,56,E/B,7
2019-02-21,126,19:15:00,Thursday,St. Clair West Station,Diversion,30,60,S/B,1093
2019-02-21,995,19:18:00,Thursday,Bayou on York Mills,Diversion,32,43,E/B,1730
2019-02-21,39,19:21:00,Thursday,MCFI,Mechanical,14,28,E/B,1818
2019-02-21,130,19:30:00,Thursday,STC,Mechanical,22,44,S/B,1224
2019-02-21,39,19:31:00,Thursday,FSTN,Mechanical,14,26,E/B,1703
2019-02-21,14,20:06:00,Thursday,Chaplin north of Eglinton,Mechanical,24,48,N/B,1002
2019-02-21,24,20:20:00,Thursday,Yardely Ave,Mechanical,9,18,S/B,8955
2019-02-21,32,20:45:00,Thursday,Entire Route,General Delay,18,28,B/W,
2019-02-21,47,20:50:00,Thursday,earlscourt loop,Utilized Off Route,20,40,S/B,1072
2019-02-21,47,20:51:00,Thursday,yorkdale,Utilized Off Route,20,40,S/B,1109
2019-02-21,83,21:17:00,Thursday,Lake shore Garage on Commissoner,Investigation,15,30,N/B,8556
2019-02-21,29,21:45:00,Thursday,Springhurst Loop,Investigation,8,16,N/B,9053
2019-02-21,41,22:06:00,Thursday,Lawrence and Keele,Mechanical,1,1,N/B,9149
2019-02-21,32,22:09:00,Thursday,KEEG,Mechanical,1,1,W/B,1079
2019-02-21,6,22:12:00,Thursday,Bay at Temperance,Investigation,15,30,N/B,1265
2019-02-21,56,22:20:00,Thursday,Eglinton Station,Investigation,25,45,E/B,1362
2019-02-21,118,22:20:00,Thursday,Wilson Station,Mechanical,24,46,W/B,3231
2019-02-21,85,22:41:00,Thursday,MGAT,Mechanical,16,32,W/B,1667
2019-02-21,16,22:54:00,Thursday,Warden Station,Mechanical,15,30,N/B,8523
2019-02-21,7,23:45:00,Thursday,GRWN,Mechanical,9,18,S/B,1222
2019-02-21,96,23:46:00,Thursday,Wilson and Bathurst to Collinson,Diversion,152,172,E/B,3280
2019-02-21,165,23:46:00,Thursday,Wilson and Bathurst to Collinson,Diversion,179,189,E/B,3116
2019-02-22,84,01:03:00,Friday,Sheppard-Yonge Station,Utilized Off Route,10,20,WB,3339
2019-02-22,95,01:10:00,Friday,Neilson and Ellesmere Rd,Mechanical,10,20,W/B,1294
2019-02-22,88,01:12:00,Friday,Welland and St Clair,Mechanical,21,42,SB,1309
2019-02-22,396,01:15:00,Friday,Bathurst and Wilson,Diversion,245,275,BW,
2019-02-22,312,01:40:00,Friday,St. Clair at Silverthorn,Diversion,230,260,WB,1122
2019-02-22,320,02:51:00,Friday,Yonge and Berwick,Emergency Services,3,7,SB,8154
2019-02-22,312,03:20:00,Friday,Yonge and St. Clair,Mechanical,23,53,WB,1349
2019-02-22,320,03:40:00,Friday,St. Clair and Yonge,Utilized Off Route,3,7,NB,1410
2019-02-22,300,03:57:00,Friday,Broadview Ave and Bloor Street,Mechanical,30,30,W/B,8471
2019-02-22,300,04:41:00,Friday,Birchmount and Danforth Rd,Mechanical,26,26,W/B,8552
2019-02-22,337,05:04:00,Friday,Lakeshore and 8th Street,Late Leaving Garage,10,20,N/B,8406
2019-02-22,6,05:07:00,Friday,DDUP,Late Leaving Garage,20,40,S/B,1208
2019-02-22,63,05:11:00,Friday,canniff st and stranchan ave,Late Leaving Garage,10,21,N/B,8387
2019-02-22,131,05:16:00,Friday,MORN,Late Leaving Garage,13,13,W/B,1274
2019-02-22,160,05:25:00,Friday,WILSON AVE and COLLINSON Street.,Diversion,15,35,B/W,
2019-02-22,12,05:26:00,Friday,Birchmount garage,Late Leaving Garage,6,0,S/B,9202
2019-02-22,24,05:29:00,Friday,Bingham Loop,Late Leaving Garage,10,20,N/B,8515
2019-02-22,167,05:35:00,Friday,Steeles,Late Leaving Garage,0,0,S/B,8962
2019-02-22,110,05:35:00,Friday,Islington and Evans,Late Leaving Garage,10,20,S/B,8613
2019-02-22,12,05:37:00,Friday,MTPA,Late Leaving Garage,0,0,S/B,8457
2019-02-22,131,05:38:00,Friday,MORN,Late Leaving Garage,9,17,W/B,1577
2019-02-22,47,05:39:00,Friday,QNLA,Mechanical,18,18,N/B,1629
2019-02-22,102,05:42:00,Friday,WAST,Late Leaving Garage,20,40,S/B,8487
2019-02-22,165,05:47:00,Friday,FWES,Late Leaving Garage,3,13,N/B,3269
2019-02-22,104,05:48:00,Friday,Wilson Stn,Late Leaving Garage,18,18,N/B,8116
2019-02-22,30,05:49:00,Friday,Kipling Station,Late Leaving Garage,21,21,E/B,8026
2019-02-22,300,05:50:00,Friday,Wilmar Rd and Bloor Street,Mechanical,10,40,E/B,8450
2019-02-22,89,05:52:00,Friday,KSTN,Mechanical,10,20,N/B,1536
2019-02-22,939,05:52:00,Friday,McCowan and Sheppard,Mechanical,8,16,E/B,3426
2019-02-22,86,05:53:00,Friday,Eglinton Garage,Late Leaving Garage,1,1,E/B,8691
2019-02-22,939,05:58:00,Friday,Scarborough Town Center,Late Leaving Garage,8,16,W/B,1760
2019-02-22,121,05:58:00,Friday,BRGA,Late Leaving Garage,0,15,S/B,9225
2019-02-22,939,06:00:00,Friday,McCowan and Sheppard,Late Leaving Garage,7,14,W/B,3422
2019-02-22,12,06:00:00,Friday,Victoria Park stn,Late Leaving Garage,,17,SB,8445
2019-02-22,24,06:04:00,Friday,Victoria Park Station,Late Leaving Garage,13,26,N/B,8932
2019-02-22,15,06:04:00,Friday,Royal York and Bloor,Mechanical,12,24,S/B,8434
2019-02-22,88,06:06:00,Friday,Laird and Moore,Late Leaving Garage,9,9,W/B,1317
2019-02-22,131,06:08:00,Friday,MORN,Late Leaving Garage,8,8,W/B,1741
2019-02-22,924,06:08:00,Friday,Steeles / Victoria Park,Late Leaving Garage,10,20,S/B,9210
2019-02-22,939,06:14:00,Friday,Finch Station,Late Leaving Garage,8,16,W/B,1207
2019-02-22,14,06:14:00,Friday,Chaplin & Eglinton,Mechanical,16,32,W/B,1099
2019-02-22,953,06:17:00,Friday,MOFI,Late Leaving Garage,13,27,W/B,9097
2019-02-22,953,06:17:00,Friday,MOFI,Late Leaving Garage,18,31,W/B,9080
2019-02-22,985,06:18:00,Friday,DONS,Late Leaving Garage,0,10,E/B,9085
2019-02-22,104,06:28:00,Friday,sheppard W station,Mechanical,14,28,S/B,8338
2019-02-22,106,06:30:00,Friday,Sheppard W station,Late Leaving Garage,7,14,N/B,8352
2019-02-22,165,06:31:00,Friday,FWES,Late Leaving Garage,4,10,N/B,3127
2019-02-22,32,06:32:00,Friday,Pine and Lawerence,Late Leaving Garage,7,14,E/B,1020
2019-02-22,89,06:32:00,Friday,KSTN,Late Leaving Garage,6,12,N/B,1089
2019-02-22,86,06:38:00,Friday,Danforth Rd and Eglinton Ave,Mechanical,21,34,W/B,8919
2019-02-22,75,06:38:00,Friday,sherbourne and shuter,Investigation,21,36,S/B,1288
2019-02-22,11,06:40:00,Friday,Sunnybrook Hospital,Late Leaving Garage,23,39,S/B,1395
2019-02-22,102,06:42:00,Friday,Warden stn,Mechanical,20,40,SB,8478
2019-02-22,112,06:48:00,Friday,Kipling Station,Mechanical,14,28,N/B,8049
2019-02-22,937,06:50:00,Friday,Islington Station,Late Leaving Garage,10,20,N/B,8065
2019-02-22,54,06:59:00,Friday,Lawrance Ave E and Brockley Dr,Investigation,9,18,E/B,8710
2019-02-22,905,07:00:00,Friday,Kennedy Station,Late Leaving Garage,10,20,E/B,8686
2019-02-22,125,07:03:00,Friday,Finch Station,Late Leaving Garage,6,13,N/B,8191
2019-02-22,124,07:06:00,Friday,Lawrence Station,Late Leaving Garage,6,12,W/B,1231
2019-02-22,79,07:09:00,Friday,Pine and Lawrence,Mechanical,9,18,,1104
2019-02-22,985,07:09:00,Friday,Meadowvale loop,Late Leaving Garage,10,20,W/B,9063
2019-02-22,32,07:20:00,Friday,Jane and Eglinton,Mechanical,7,14,E/B,1254
2019-02-22,100,07:20:00,Friday,Broadview Station,Mechanical,3,7,N/B,8819
2019-02-22,143,07:30:00,Friday,143 Downtown Beaches Express,General Delay,1,1,BW,0
2019-02-22,85,07:57:00,Friday,McCowan and Sheppard,Mechanical,16,32,E/B,1335
2019-02-22,21,07:58:00,Friday,STC,Mechanical,10,20,S/B,3406
2019-02-22,73,08:00:00,Friday,Dixon Rd at St. Phillips,General Delay,30,50,N/B,
2019-02-22,73,08:05:00,Friday,Dixon Rd and St Phillip,Diversion,98,111,N/B,8072
2019-02-22,24,08:20:00,Friday,Victoria Park / Belmore,Mechanical,14,18,N/B,8932
2019-02-22,945,08:22:00,Friday,Kipling Station,Mechanical,6,11,N/B,7979
2019-02-22,56,08:26:00,Friday,Eglinton Stn,Mechanical,19,38,E/B,8120
2019-02-22,945,08:49:00,Friday,Kipling Station,Utilized Off Route,5,11,N/B,7977
2019-02-22,24,08:50:00,Friday,Eglinton / Victoria Park,Mechanical,16,32,N/B,8479
2019-02-22,986,08:52:00,Friday,McCowan Rd and Eglinton Ave,Mechanical,5,10,E/B,8866
2019-02-22,25,08:54:00,Friday,Don Mills Station,Mechanical,8,15,N/B,8916
2019-02-22,86,08:56:00,Friday,Kennedy Station,Mechanical,4,11,N/B,8809
2019-02-22,75,09:00:00,Friday,Lower Jarvis and Queens Quay,General Delay,90,97,B/W,
2019-02-22,109,09:00:00,Friday,Eglinton West stn to Neptune/Bathurst,General Delay,30,40,B/W,
2019-02-22,16,09:00:00,Friday,McCowan Route,General Delay,12,24,BW,
2019-02-22,52,09:04:00,Friday,Lawernce West Stn.,Mechanical,15,23,E/B,8349
2019-02-22,7,09:05:00,Friday,Bathurst Station,Mechanical,8,16,N/B,8114
2019-02-22,41,09:07:00,Friday,Old Weston & Rockwell,Mechanical,9,18,N/B,9142
2019-02-22,89,09:09:00,Friday,Weston & King,Investigation,6,12,N/B,1109
2019-02-22,935,09:25:00,Friday,Jane and Sheppard,Mechanical,10,20,S/B,3259
2019-02-22,719,09:35:00,Friday,Eglinton West Stn,Utilized Off Route,1,1,B/W,1034
2019-02-22,704,09:36:00,Friday,YKMS,Utilized Off Route,1,1,W/B,3358
2019-02-22,47,09:38:00,Friday,EARL,Utilized Off Route,4,8,S/B,1268
2019-02-22,36,09:48:00,Friday,Janeq,Mechanical,5,10,W/B,9114
2019-02-22,33,09:50:00,Friday,st clair west station,Utilized Off Route,20,41,N/B,1248
2019-02-22,161,10:25:00,Friday,Silverthorne,Mechanical,17,34,W/B,1031
2019-02-22,57,10:34:00,Friday,Broadbent and Midland Ave,Mechanical,13,26,N/B,8862
2019-02-22,35,10:40:00,Friday,JNST,Mechanical,7,14,N/B,3100
2019-02-22,22,10:50:00,Friday,Bloor and Danforth,Investigation,8,16,SB,8463
2019-02-22,900,10:54:00,Friday,Terminal 3,Investigation,10,20,S/B,8008
2019-02-22,22,10:56:00,Friday,Coxwell and danforth,Diversion,8,16,S/B,8408
2019-02-22,36,11:05:00,Friday,Driftwood,Investigation,5,10,E/B,9113
2019-02-22,20,11:15:00,Friday,Kennedy Station,Mechanical,16,32,W/B,9224
2019-02-22,130,11:30:00,Friday,Middlefield and Arbor gate,Diversion,40,55,W/B,1572
2019-02-22,70,11:47:00,Friday,O'Connor & St Clair,Investigation,18,36,N/B,8918
2019-02-22,75,11:56:00,Friday,Lake Shore and Sherbourne,Diversion,96,103,S/B,
2019-02-22,116,12:04:00,Friday,Morningside / KENN,Mechanical,10,20,B/W,8646
2019-02-22,133,12:17:00,Friday,NECR,Mechanical,22,33,W/B,1239
2019-02-22,110,12:20:00,Friday,Islington and Queensway,Investigation,18,36,S/B,8084
2019-02-22,606,12:23:00,Friday,WSTN,Utilized Off Route,1,1,N/B,8583
2019-02-22,716,12:23:00,Friday,VPST,Utilized Off Route,1,1,N/B,9237
2019-02-22,52,12:24:00,Friday,Lawrence West Stn.,Mechanical,14,28,E/B,8332
2019-02-22,610,12:25:00,Friday,PSTN,Utilized Off Route,1,1,S/B,8671
2019-02-22,12,12:25:00,Friday,Gerrard / Victoria Park,Investigation,22,44,S/B,8944
2019-02-22,168,12:34:00,Friday,Davenport and Symington,Investigation,10,20,S/B,1021
2019-02-22,939,12:35:00,Friday,SCARBOROUGH TOWN CENTER,Investigation,9,18,B/W,1760
2019-02-22,100,12:38:00,Friday,Broadview station,Utilized Off Route,6,12,N/B,8801
2019-02-22,72,12:45:00,Friday,Pape stn,Mechanical,16,32,S/B,8582
2019-02-22,67,12:50:00,Friday,Pharmach & Kellyvale,Investigation,15,30,S/B,8792
2019-02-22,20,12:55:00,Friday,Midland / Verdun,Investigation,16,32,N/B,8461
2019-02-22,72,12:56:00,Friday,pape stn,Utilized Off Route,16,32,S/B,9208
2019-02-22,54,13:35:00,Friday,Leslie and Lawrence,Mechanical,12,24,S/B,8877
2019-02-22,56,13:36:00,Friday,Millwood  bridge North of Pape,Investigation,18,36,N/B,1230
2019-02-22,60,13:36:00,Friday,Rossdean & Steeles,Investigation,8,15,E/B,3221
2019-02-22,75,14:00:00,Friday,Jarvis/Queens Quay to South/Glen Dr,General Delay,30,36,B/W,
2019-02-22,97,14:00:00,Friday,Hilda and Steeles,Mechanical,30,60,SB,8388
2019-02-22,88,14:00:00,Friday,entire route,General Delay,6,12,B/W,
2019-02-22,109,14:00:00,Friday,Eglinton West stn to Neptune/Bathurst,General Delay,30,41,B/W,
2019-02-22,97,14:00:00,Friday,entire route,General Delay,30,60,B/W,
2019-02-22,116,14:00:00,Friday,Kennedy STN,Mechanical,10,20,E/B,8672
2019-02-22,82,14:00:00,Friday,Rosedale to  SUMMERHILL AVE. AT MACLENNAN Rosedale to  SUMMERHILL AVE/ MACLENNAN,General Delay,30,40,B/W,
2019-02-22,47,14:11:00,Friday,Yorkdale Stn,Mechanical,7,14,S/B,1082
2019-02-22,34,14:16:00,Friday,Eglinton & Sloane,Investigation,4,9,W/B,8892
2019-02-22,94,14:22:00,Friday,Castle Frank Station,Mechanical,7,14,W/B,1095
2019-02-22,88,14:38:00,Friday,SSTN,Late Leaving Garage,6,12,W/B,8124
2019-02-22,95,14:38:00,Friday,YOCE 3.14P,Late Leaving Garage,10,19,E/B,3402
2019-02-22,72,14:39:00,Friday,Carlaw and Queen,Mechanical,16,32,N/B,8570
2019-02-22,95,14:49:00,Friday,YOCI 3.06P W/B,Mechanical,11,22,W/B,1630
2019-02-22,29,14:54:00,Friday,Duff and Lawrence,Late Leaving Garage,5,10,S/B,9149
2019-02-22,39,14:58:00,Friday,MCVP,Late Leaving Garage,14,14,W/B,3405
2019-02-22,913,15:00:00,Friday,CECO-STC,General Delay,5,11,B/W,
2019-02-22,52,15:00:00,Friday,Lawrence Station to West Wood Mall,General Delay,20,32,B/W,
2019-02-22,12,15:00:00,Friday,12 Kingston Road,General Delay,10,1,B/W,
2019-02-22,24,15:00:00,Friday,24 Victoria Park Ave,General Delay,10,1,B/W,
2019-02-22,134,15:00:00,Friday,STC-CECO-FDFI,General Delay,15,30,B/W,
2019-02-22,90,15:00:00,Friday,St. Clair West stn to Oakwood/Vaughan,General Delay,30,35,B/W,
2019-02-22,25,15:01:00,Friday,Pape Station,Mechanical,9,18,N/B,8621
2019-02-22,953,15:04:00,Friday,FSTN,Mechanical,15,30,E/B,9071
2019-02-22,11,15:09:00,Friday,Bayview and Steeles loop,Mechanical,11,21,S/B,1373
2019-02-22,95,15:16:00,Friday,ELRT 3.33,Late Leaving Garage,11,22,W/B,1200
2019-02-22,52,15:17:00,Friday,Lawrence station,Mechanical,7,14,W/B,8160
2019-02-22,924,15:18:00,Friday,Victoria Park Station,Late Leaving Garage,9,18,B/W,8459
2019-02-22,939,15:21:00,Friday,STC,Mechanical,12,24,W/B,1323
2019-02-22,45,15:28:00,Friday,Kipling stn,Mechanical,14,29,B/W,7962
2019-02-22,45,15:28:00,Friday,Kipling Station,Mechanical,14,29,N/B,7962
2019-02-22,115,15:30:00,Friday,York Mills Station to BANNATYNE DR. AT SILVERGROVE RD.,General Delay,20,40,B/W,
2019-02-22,122,15:30:00,Friday,York mIlls Station to ROYWOOD DR AND FENSIDE DR.,General Delay,14,26,B/W,
2019-02-22,54,15:33:00,Friday,Lawrence and Tremont,Mechanical,10,20,W/B,8737
2019-02-22,952,15:36:00,Friday,lawrence station,Late Leaving Garage,12,24,W/B,8367
2019-02-22,104,15:41:00,Friday,Sheppard West Station,Diversion,11,22,SB,1246
2019-02-22,96,15:46:00,Friday,York Mills Station,Mechanical,22,44,E/B,3220
2019-02-22,106,15:48:00,Friday,Sheppard West Station,Diversion,10,20,SB,8325
2019-02-22,84,15:50:00,Friday,Jane & Sheppard,Investigation,10,20,W/B,3152
2019-02-22,48,15:50:00,Friday,KINGSWAY AND ANGLESEY,Diversion,18,36,N/B,7946
2019-02-22,117,15:51:00,Friday,Sheppard West station,Diversion,20,40,NB,8335
2019-02-22,85,15:55:00,Friday,Sheppard and Warden Ave,Investigation,16,32,E/B,1701
2019-02-22,34,15:55:00,Friday,Kennedy station,Late Leaving Garage,4,9,W/B,8836
2019-02-22,41,16:00:00,Friday,Entire Route,General Delay,20,30,B/W,
2019-02-22,168,16:00:00,Friday,Symington Route,General Delay,20,27,B/W,
2019-02-22,73,16:00:00,Friday,Weston rd at  401,General Delay,15,25,B/W,
2019-02-22,54,16:00:00,Friday,Lawrence ave e,General Delay,38,48,B/W,
2019-02-22,91,16:00:00,Friday,91 Woodbine North,General Delay,14,28,B/W,
2019-02-22,89,16:00:00,Friday,Entire Route,General Delay,20,30,B/W,
2019-02-22,952,16:00:00,Friday,Lawrence Station to Pearson Airport,General Delay,24,36,B/W,
2019-02-22,34,16:00:00,Friday,34 Eglinton Route,General Delay,5,10,B/W,
2019-02-22,49,16:00:00,Friday,49 Bloor,General Delay,20,30,B/W,7967
2019-02-22,63,16:00:00,Friday,Eglinton West Station,General Delay,8,10,EB,1301
2019-02-22,35,16:07:00,Friday,Jane and Finch,Investigation,7,14,S/B,3334
2019-02-22,12,16:07:00,Friday,Gerrard St,Investigation,1,1,B/W,8944
2019-02-22,32,16:15:00,Friday,Jane and Eglinton,Utilized Off Route,10,20,W/B,1132
2019-02-22,32,16:15:00,Friday,Jane and Eglinton,Mechanical,10,20,W/B,1132
2019-02-22,122,16:25:00,Friday,York Mills Station,Mechanical,11,22,E/B,8143
2019-02-22,121,16:29:00,Friday,MLCH,Utilized Off Route,15,30,N/B,9225
2019-02-22,102,16:30:00,Friday,St clair/ Kingstion,General Delay,10,20,E/B,
2019-02-22,941,16:30:00,Friday,Entire Route,General Delay,15,30,B/W,
2019-02-22,989,16:30:00,Friday,Entire Route,General Delay,20,30,B/W,
2019-02-22,63,16:30:00,Friday,Ossington Station,Utilized Off Route,8,16,NB,1346
2019-02-22,87,16:32:00,Friday,BSTN,Utilized Off Route,6,12,N/B,9216
2019-02-22,34,16:33:00,Friday,Eglinton & Laird,Utilized Off Route,4,9,EB,8682
2019-02-22,63,16:35:00,Friday,Queen and Shaw,Utilized Off Route,8,16,NB,1277
2019-02-22,40,16:43:00,Friday,Runnymede loop,Mechanical,7,15,E/B,7968
2019-02-22,924,16:46:00,Friday,Sheppard Ave,Mechanical,9,18,B/W,8474
2019-02-22,70,16:47:00,Friday,Cosburn and Coxwell,Mechanical,17,34,E/B,8680
2019-02-22,953,16:49:00,Friday,FSTN,Mechanical,16,31,E/B,9097
2019-02-22,72,17:00:00,Friday,Cherry and Commssionner,General Delay,7,16,E/B,
2019-02-22,55,17:00:00,Friday,Entire Route,General Delay,15,30,B/W,
2019-02-22,118,17:05:00,Friday,Wilson Station,Mechanical,25,50,W/B,3107
2019-02-22,39,17:07:00,Friday,OFIN,Late Leaving Garage,14,28,W/B,3439
2019-02-22,131,17:20:00,Friday,Nugget and Shorting,Mechanical,9,18,W/B,1674
2019-02-22,32,17:22:00,Friday,Trathwey and Clear View Drive,Investigation,10,20,N/B,1067
2019-02-22,12,17:24:00,Friday,Victoria Park Station,Utilized Off Route,17,34,S/B,8494
2019-02-22,110,17:30:00,Friday,Titan,Investigation,12,24,N/B,7955
2019-02-22,118,17:30:00,Friday,Wilson Station to Thistledown and Albion,General Delay,45,70,B/W,
2019-02-22,165,17:30:00,Friday,York Mills Station to Barmac and Steeles,General Delay,34,42,B/W,
2019-02-22,96,17:30:00,Friday,York Mills Station to all branches,General Delay,47,69,B/W,
2019-02-22,186,17:30:00,Friday,York Mills Station to Humber College,General Delay,36,50,B/W,
2019-02-22,710,17:36:00,Friday,Lawrence and Morningside,Utilized Off Route,1,1,,8835
2019-02-22,100,17:42:00,Friday,DMWF,Utilized Off Route,6,12,S/B,8801
2019-02-22,720,17:42:00,Friday,KENN,Utilized Off Route,1,1,W/B,8800
2019-02-22,34,17:45:00,Friday,KENN STATION,Utilized Off Route,4,9,W/B,8892
2019-02-22,95,17:45:00,Friday,Ellesmere RT,Utilized Off Route,11,22,W/B,1792
2019-02-22,12,17:45:00,Friday,Military Trail,Utilized Off Route,25,50,N/B,8439
2019-02-22,44,17:45:00,Friday,Kipling stn,Utilized Off Route,10,20,B/W,7931
2019-02-22,74,17:45:00,Friday,St Clair Station,Utilized Off Route,17,34,NB,8156
2019-02-22,716,17:49:00,Friday,BRGA,Utilized Off Route,1,1,S/B,8562
2019-02-22,43,17:50:00,Friday,Kennedy station,Utilized Off Route,15,30,N/B,8734
2019-02-22,122,17:50:00,Friday,York Mills Rd and Lesmill Rd,Utilized Off Route,11,22,W/B,8134
2019-02-22,116,17:55:00,Friday,Kennedy STN,Utilized Off Route,3,6,E/B,8822
2019-02-22,57,17:55:00,Friday,Midland RT,Utilized Off Route,8,16,S/B,8862
2019-02-22,133,17:55:00,Friday,STC,Utilized Off Route,9,18,E/B,1684
2019-02-22,939,17:57:00,Friday,STC,Utilized Off Route,6,13,W/B,1656
2019-02-22,116,18:00:00,Friday,Kennedy STN,Utilized Off Route,5,11,E/B,8677
2019-02-22,606,18:00:00,Friday,Mc.Cowas stn to Kennedy Stn,Utilized Off Route,1,1,S/B,9210
2019-02-22,607,18:00:00,Friday,STC,Utilized Off Route,1,1,B/W,3433
2019-02-22,45,18:00:00,Friday,Kipling stn,Mechanical,10,20,B/W,8031
2019-02-22,701,18:01:00,Friday,VPGB,Utilized Off Route,1,1,E/B,8144
2019-02-22,131,18:01:00,Friday,STC,Utilized Off Route,9,18,S/B,1683
2019-02-22,924,18:05:00,Friday,VPST,Utilized Off Route,9,18,N/B,8560
2019-02-22,52,18:08:00,Friday,West Wood Mall,Mechanical,19,36,E/B,1383
2019-02-22,165,18:09:00,Friday,Tippet and Wilson,Investigation,1,1,E/B,3124
2019-02-22,7,18:09:00,Friday,Bathurst stn,Utilized Off Route,8,15,N/B,1237
2019-02-22,56,18:10:00,Friday,Eglinton Station,Utilized Off Route,19,38,EB,1314
2019-02-22,52,18:10:00,Friday,Lawrence West Station,Mechanical,14,28,E/B,1321
2019-02-22,129,18:15:00,Friday,McCowan and Sheppard,Utilized Off Route,4,9,N/B,1782
2019-02-22,52,18:15:00,Friday,Lawrence West Station,Mechanical,13,26,E/B,8355
2019-02-22,707,18:25:00,Friday,MIST,Utilized Off Route,1,1,W/B,1766
2019-02-22,102,18:30:00,Friday,Centennial collage,Utilized Off Route,20,40,N/B,8421
2019-02-22,42,18:31:00,Friday,DYMC,Utilized Off Route,14,27,E/B,1228
2019-02-22,900,18:43:00,Friday,Kipling stn,Mechanical,10,20,N/B,8007
2019-02-22,985,18:44:00,Friday,SLP,Mechanical,9,27,W/B,9090
2019-02-22,710,18:48:00,Friday,RTLS,Utilized Off Route,1,1,,8835
2019-02-22,985,18:55:00,Friday,SLP,Mechanical,9,18,W/B,9088
2019-02-22,37,19:00:00,Friday,Steeles loop,Mechanical,9,18,S/B,8064
2019-02-22,709,19:11:00,Friday,Eglinton West,Utilized Off Route,1,1,W/B,1272
2019-02-22,89,19:16:00,Friday,KSTN,Utilized Off Route,10,20,N/B,1378
2019-02-22,939,19:18:00,Friday,FSTN,Mechanical,13,26,E/B,3442
2019-02-22,92,19:33:00,Friday,Woodbine and Queen,Investigation,9,18,S/B,9206
2019-02-22,20,19:35:00,Friday,BRGA,Investigation,1,1,,9214
2019-02-22,929,19:46:00,Friday,Wilson Station,Mechanical,10,20,S/B,9035
2019-02-22,96,19:59:00,Friday,Finch and Humberline,Diversion,102,124,S/B,3191
2019-02-22,24,20:00:00,Friday,Victoria Park Station,Utilized Off Route,7,14,N/B,8943
2019-02-22,72,20:00:00,Friday,Queen quay and  lake shore,Diversion,198,216,E/B,8522
2019-02-22,939,20:09:00,Friday,FWST,Mechanical,13,26,E/B,1702
2019-02-22,35,20:37:00,Friday,JNST,Utilized Off Route,9,18,N/B,3118
2019-02-22,939,20:42:00,Friday,W of Brahms on Finch E,Diversion,13,76,W/B,
2019-02-22,39,20:42:00,Friday,W of Brahms on Finch E,Diversion,14,,W/B,
2019-02-22,46,20:46:00,Friday,Kipling stn,Utilized Off Route,1,1,S/B,3285
2019-02-22,121,21:00:00,Friday,121 Fortyork,General Delay,20,1,S/B,
2019-02-22,96,21:08:00,Friday,Wilson and Alingham,Investigation,1,1,W/B,3224
2019-02-22,85,22:20:00,Friday,Meadowvale and Sheppard,Investigation,16,32,W/B,1504
2019-02-22,32,22:33:00,Friday,Todd Baylis,Investigation,178,36,W/B,1142
2019-02-22,37,22:35:00,Friday,MARTINGROVE AND REXDALE,Investigation,22,44,S/B,7917
2019-02-22,124,23:00:00,Friday,Lawrence Station to Sunnybrook Hospital,General Delay,11,31,B/W,
2019-02-22,11,23:00:00,Friday,Davisville Station to Steels Loop,General Delay,14,44,B/W,
2019-02-22,87,23:00:00,Friday,Main stn,Utilized Off Route,10,20,E/B,8588
2019-02-22,168,23:16:00,Friday,Davenport at Osler,Mechanical,15,30,N/B,1023
2019-02-22,7,23:55:00,Friday,Greewin Village,Mechanical,8,16,SB,8185
2019-02-23,32,00:06:00,Saturday,REGW,Emergency Services,10,20,W/B,1094
2019-02-23,312,01:40:00,Saturday,St. Clair and Silverthorn,Diversion,230,260,WB,1115
2019-02-23,320,02:28:00,Saturday,Yonge and Steeles,Investigation,3,7,SB,8725
2019-02-23,300,02:29:00,Saturday,Broadview Station,Utilized Off Route,10,10,W/B,8071
2019-02-23,307,02:40:00,Saturday,Bathurst and Bloor,Diversion,23,53,NB,8123
2019-02-23,336,03:05:00,Saturday,Bathurst and Finch,Investigation,30,60,WB,1294
2019-02-23,320,03:24:00,Saturday,Yonge and Moore Park,Investigation,3,7,SB,1288
2019-02-23,300,03:29:00,Saturday,Sherbourne and Bloor Street,Emergency Services,20,40,W/B,8026
2019-02-23,320,03:30:00,Saturday,Yonge and North York Centre,Mechanical,4,7,NB,1227
2019-02-23,320,03:44:00,Saturday,Yonge and Queens Quay,Mechanical,4,7,SB,8797
2019-02-23,96,05:05:00,Saturday,Yorkmills stn,Late Leaving Garage,5,10,W/B,3216
2019-02-23,11,05:20:00,Saturday,Davisville Station,Late Leaving Garage,30,30,E/B,8380
2019-02-23,396,05:24:00,Saturday,William Cragg,Emergency Services,20,40,W/B,3339
2019-02-23,24,05:28:00,Saturday,Danforth / Victoria Park,Late Leaving Garage,20,40,N/B,8438
2019-02-23,69,05:30:00,Saturday,Danforth / Birchmount,Late Leaving Garage,20,40,N/B,8490
2019-02-23,89,05:30:00,Saturday,ALWS,Late Leaving Garage,20,30,S/B,1412
2019-02-23,165,05:31:00,Saturday,YKMS,Late Leaving Garage,1,15,W/B,3251
2019-02-23,68,05:31:00,Saturday,WLAS,Late Leaving Garage,5,5,E/B,8680
2019-02-23,63,05:38:00,Saturday,Caniff and Strachan,Late Leaving Garage,10,20,E/B,8373
2019-02-23,706,05:39:00,Saturday,SRT - LINE 4 - STC,Utilized Off Route,1,1,B/W,9233
2019-02-23,61,05:40:00,Saturday,Eglinton Station,Late Leaving Garage,25,25,N/B,8161
2019-02-23,707,05:41:00,Saturday,Scarborough Town Center,Utilized Off Route,1,1,B/W,1504
2019-02-23,707,05:42:00,Saturday,Scarborough Town Center,Utilized Off Route,1,1,B/W,1721
2019-02-23,710,05:45:00,Saturday,EGGA,Utilized Off Route,1,1,E/B,8682
2019-02-23,86,05:48:00,Saturday,KENN,Utilized Off Route,10,20,E/B,8706
2019-02-23,60,05:52:00,Saturday,Drewry,Investigation,5,10,W/B,3181
2019-02-23,71,05:53:00,Saturday,RBUR,Late Leaving Garage,13,13,N/B,1065
2019-02-23,87,05:58:00,Saturday,Broadview Station,Late Leaving Garage,10,20,E/B,8550
2019-02-23,16,06:00:00,Saturday,McCowan Route,General Delay,1,1,BW,0
2019-02-23,32,06:14:00,Saturday,Jane and Eglinton,Mechanical,10,20,E/B,1044
2019-02-23,935,06:15:00,Saturday,Pioneer Vilage stn,Late Leaving Garage,5,10,S/B,3287
2019-02-23,122,06:15:00,Saturday,York Mills stn,Late Leaving Garage,15,15,E/B,8151
2019-02-23,93,06:16:00,Saturday,St. Clair and O'Connor,Late Leaving Garage,1,25,EB,8481
2019-02-23,35,06:16:00,Saturday,PVST,Late Leaving Garage,11,20,S/B,3285
2019-02-23,41,06:17:00,Saturday,FWSTN,Late Leaving Garage,16,31,S/B,1071
2019-02-23,75,06:35:00,Saturday,South Drive and Glen Rd,Mechanical,15,30,N/B,8339
2019-02-23,935,06:38:00,Saturday,PVST,Late Leaving Garage,10,20,S/B,3113
2019-02-23,91,06:38:00,Saturday,Valley Woods Rd at York Mills Road,Late Leaving Garage,24,48,EB,8571
2019-02-23,63,06:48:00,Saturday,Canneff and King,Late Leaving Garage,8,16,N/B,8338
2019-02-23,927,06:50:00,Saturday,Kiplings tn,Late Leaving Garage,5,10,N/B,3125
2019-02-23,131,06:58:00,Saturday,Scarborough Town Center,Mechanical,18,36,B/W,1394
2019-02-23,50,07:35:00,Saturday,MBLP,Mechanical,15,30,E/B,7917
2019-02-23,935,07:50:00,Saturday,JNST,Mechanical,10,20,N/B,3189
2019-02-23,29,07:56:00,Saturday,DLAW,Late Leaving Garage,6,11,N/B,9032
2019-02-23,165,08:24:00,Saturday,YKMS,Mechanical,10,20,W/B,3357
2019-02-23,26,08:27:00,Saturday,Dufferin and Dupont,Investigation,15,30,E/B,1358
2019-02-23,16,08:58:00,Saturday,Scarborough Centre Station,Late Leaving Garage,13,25,EB,9207
2019-02-23,63,09:00:00,Saturday,Oakwood and Vaughan,Mechanical,7,14,S/B,8376
2019-02-23,74,09:02:00,Saturday,Doncliffe Loop,Mechanical,20,40,N/B,1230
2019-02-23,16,09:04:00,Saturday,Warden Station / Scarborough Centre Station,Late Leaving Garage,11,23,BW,8943
2019-02-23,29,09:05:00,Saturday,DLAW,Late Leaving Garage,5,10,N/B,9104
2019-02-23,113,09:06:00,Saturday,Main Station,Late Leaving Garage,24,37,EB,8461
2019-02-23,134,09:14:00,Saturday,Progress and Markham,Mechanical,15,30,B/W,1674
2019-02-23,939,09:24:00,Saturday,STC,Mechanical,14,28,W/B,1322
2019-02-23,67,09:30:00,Saturday,Pharmacy and Lawrence,Investigation,10,20,N/B,8634
2019-02-23,52,09:46:00,Saturday,Lawrence stn,Mechanical,20,40,W/B,8113
2019-02-23,43,09:47:00,Saturday,EGGA,Late Leaving Garage,7,17,N/B,8865
2019-02-23,52,09:57:00,Saturday,Lawrence W stn,Mechanical,20,40,E/B,8316
2019-02-23,12,10:24:00,Saturday,Victoria park station,Investigation,15,30,S/B,8568
2019-02-23,87,10:33:00,Saturday,EAST YORK ACRES,Diversion,5,15,W/B,8597
2019-02-23,75,10:42:00,Saturday,Jarvis and Queens Quay,Mechanical,13,31,N/B,8322
2019-02-23,53,11:00:00,Saturday,Finch Station,Mechanical,8,25,E/B,1514
2019-02-23,17,11:00:00,Saturday,Birchmount Route,General Delay,1,1,BW,0
2019-02-23,28,11:08:00,Saturday,Bayview and Sutherland,Investigation,30,60,S/B,8333
2019-02-23,110,11:14:00,Saturday,ISTN,Mechanical,18,36,S/B,7946
2019-02-23,43,11:24:00,Saturday,Kennedy at Ranstone,Investigation,10,20,N/B,8899
2019-02-23,168,11:29:00,Saturday,Old Weston and Davenport,Investigation,9,18,S/B,1064
2019-02-23,85,11:32:00,Saturday,Scunthorpe and  Sheppard,Investigation,5,10,B/W,1533
2019-02-23,716,11:35:00,Saturday,WSTN,Utilized Off Route,1,1,S/B,8472
2019-02-23,935,11:38:00,Saturday,Jane and Eglinton,Mechanical,9,18,N/B,3146
2019-02-23,73,11:44:00,Saturday,La Rose and Griggsden Rd.,Emergency Services,30,60,E/B,7937
2019-02-23,63,11:48:00,Saturday,Eglinton W Station,Mechanical,6,12,S/B,8373
2019-02-23,7,11:54:00,Saturday,Greenwin Village,Mechanical,8,15,S/B,8395
2019-02-23,72,12:00:00,Saturday,Pape station,General Delay,15,1,B/W,
2019-02-23,35,12:00:00,Saturday,Pioneer Village to Jane Station,General Delay,10,20,BW,
2019-02-23,89,12:01:00,Saturday,Mount Dennis to Albion/Weston,Late Leaving Garage,7,14,S/B,1059
2019-02-23,36,12:17:00,Saturday,Humberwood loop,Late Leaving Garage,5,10,W/B,3212
2019-02-23,34,12:30:00,Saturday,Eglinton and Sloane,General Delay,17,24,W/B,
2019-02-23,80,12:30:00,Saturday,Parklawn and the Queensway,General Delay,20,0,B/W,
2019-02-23,32,12:30:00,Saturday,Dufferin and Eglinton,General Delay,30,40,B/W,
2019-02-23,54,12:41:00,Saturday,LSGR,Late Leaving Garage,14,17,W/B,8689
2019-02-23,82,12:50:00,Saturday,Cluny Drive and Roxborough Dr E,Diversion,1,1,B/W,8207
2019-02-23,100,13:00:00,Saturday,overlea,General Delay,19,28,W/B,
2019-02-23,94,13:00:00,Saturday,Various Intersections,General Delay,30,45,B/W,
2019-02-23,939,13:10:00,Saturday,STC,Late Leaving Garage,12,24,E/B,1292
2019-02-23,939,13:20:00,Saturday,FSTN,Mechanical,6,12,E/B,1519
2019-02-23,95,13:24:00,Saturday,Ken/Ellesmere,Mechanical,13,26,E/B,1500
2019-02-23,102,13:35:00,Saturday,warden station,Late Leaving Garage,10,20,N/B,8950
2019-02-23,85,13:49:00,Saturday,Bzoo,Mechanical,5,10,W/B,1509
2019-02-23,52,13:51:00,Saturday,lawrence W stn,Mechanical,17,34,E/B,1365
2019-02-23,85,13:55:00,Saturday,Morningside and Sheppard,Mechanical,22,44,E/B,1807
2019-02-23,985,14:00:00,Saturday,STC-Don Mills-STC,General Delay,10,20,B/W,
2019-02-23,21,14:00:00,Saturday,Brimley Route,General Delay,9,18,B/W,
2019-02-23,75,14:00:00,Saturday,Jarvis/Queens Quay to South/Glen Dr.,General Delay,20,50,B/W,
2019-02-23,82,14:00:00,Saturday,Rosedale Stn to-Summerhill ave/Mmaclennan ave.,General Delay,20,40,B/W,
2019-02-23,85,14:00:00,Saturday,Don Mills-SLP-RHGO-Don Mills,General Delay,22,44,B/W,
2019-02-23,25,14:00:00,Saturday,24 Victoria Park Ave,General Delay,15,1,W/B,
2019-02-23,12,14:00:00,Saturday,12 Kingston Road,General Delay,15,1,W/B,
2019-02-23,87,14:00:00,Saturday,COSBURN ROUTE,General Delay,8,,B/W,
2019-02-23,23,14:00:00,Saturday,DAWES ROUTE,General Delay,5,,B/W,
2019-02-23,57,14:22:00,Saturday,Midland & Sheppard,Emergency Services,14,28,N/B,8859
2019-02-23,89,14:25:00,Saturday,Keele Station,Mechanical,10,20,N/B,1260
2019-02-23,116,14:27:00,Saturday,Kennedy station,Mechanical,1,1,W/B,8802
2019-02-23,41,14:56:00,Saturday,Junction and Keele,Investigation,9,18,S/B,1576
2019-02-23,121,15:00:00,Saturday,Fort York,General Delay,15,1,B/W,
2019-02-23,7,15:00:00,Saturday,Bathurst stn to Greenwin Village/Bathurst,General Delay,30,37,B/W,
2019-02-23,52,15:00:00,Saturday,Lawrence Station to MCNAUGHTON AVE. AT VICTORY CR.,General Delay,27,31,B/W,
2019-02-23,63,15:00:00,Saturday,ENTIRE ROUTE,General Delay,5,10,B/W,
2019-02-23,94,15:09:00,Saturday,Wellesley and Gervais,Mechanical,13,26,wb,1045
2019-02-23,34,15:15:00,Saturday,Sloan and Eglinton,Investigation,9,18,W/B,8674
2019-02-23,41,15:23:00,Saturday,Keele and Eglinton,Investigation,8,16,N/B,1070
2019-02-23,131,15:42:00,Saturday,STC,Mechanical,14,28,N/B,1394
2019-02-23,165,16:00:00,Saturday,Weston road and Wilson Avenue,General Delay,8,32,,
2019-02-23,29,16:00:00,Saturday,Entire Route,General Delay,30,35,B/W,
2019-02-23,96,16:00:00,Saturday,Wilson Avenue,General Delay,7,32,,
2019-02-23,65,16:15:00,Saturday,Berkeley and Front,Mechanical,11,22,N/B,8598
2019-02-23,11,16:16:00,Saturday,Davisville Stn,Investigation,30,60,N/B,8187
2019-02-23,36,16:50:00,Saturday,Humberwood  and Humberline Dr.,Investigation,5,10,W/B,3175
2019-02-23,24,16:51:00,Saturday,Victoria Park Station,Mechanical,7,14,W/B,8421
2019-02-23,60,17:42:00,Saturday,Finch Station,Mechanical,9,18,W/B,3196
2019-02-23,16,17:54:00,Saturday,STC,Mechanical,9,18,S/B,9218
2019-02-23,37,18:00:00,Saturday,Rexdale and Islington,General Delay,1,1,B/W,
2019-02-23,939,18:07:00,Saturday,McCowan/Milner,Investigation,12,24,E/B,1391
2019-02-23,37,18:21:00,Saturday,ISLINGTON STN,Investigation,13,26,N/B,8616
2019-02-23,86,18:26:00,Saturday,KENN,Mechanical,7,14,NB,8675
2019-02-23,83,18:55:00,Saturday,Jones and Df,Mechanical,15,30,S/B,8551
2019-02-23,85,18:55:00,Saturday,Shorting on Sheppard,Emergency Services,11,16,E/B,1331
2019-02-23,124,19:00:00,Saturday,Lawrence Station to Sunnybrook Hospital,General Delay,14,34,B/W,
2019-02-23,22,19:06:00,Saturday,Kingston Rd and Queen St,Investigation,10,20,B/W,8961
2019-02-23,36,19:44:00,Saturday,Finch and Keele,Investigation,1,1,W/B,3267
2019-02-23,56,20:00:00,Saturday,Eglinton Station to Donland Station,General Delay,16,40,B/W,
2019-02-23,40,20:00:00,Saturday,Dundas w stn,General Delay,1,1,B/W,8035
2019-02-23,14,20:00:00,Saturday,Entire Route,General Delay,15,35,B/W,
2019-02-23,65,20:04:00,Saturday,Castle Frank Station,Mechanical,15,30,S/B,9236
2019-02-23,37,20:30:00,Saturday,Rexdale and Bergamot,Diversion,10,20,B/W,7944
2019-02-23,24,20:30:00,Saturday,Victoria Park Station,Utilized Off Route,9,18,B/W,8944
2019-02-23,12,20:30:00,Saturday,Victoria Park Station,Utilized Off Route,17,34,S/B,8568
2019-02-23,52,20:32:00,Saturday,Lawrence Ave W and Varna Dr,Mechanical,10,30,E/B,8348
2019-02-23,9,20:52:00,Saturday,Warden Station,Mechanical,18,36,N/B,8933
2019-02-23,29,21:02:00,Saturday,Raine and Dufferin,Investigation,1,1,N/B,1357
2019-02-23,15,21:17:00,Saturday,Westmall and Evans,Mechanical,30,60,N/B,7916
2019-02-23,22,21:20:00,Saturday,Coxwell Station,Utilized Off Route,10,20,B/W,9228
2019-02-23,91,21:54:00,Saturday,Curity and O'Connor,Investigation,30,60,N/B,8589
2019-02-23,24,22:20:00,Saturday,VPST,Utilized Off Route,10,20,B/W,8472
2019-02-23,35,22:28:00,Saturday,Jane and Weston,Emergency Services,10,20,NB,3176
2019-02-23,29,22:30:00,Saturday,EXWL,Mechanical,9,18,N/B,9024
2019-02-23,62,22:35:00,Saturday,Chisholm Ave,Investigation,20,30,B/W,8419
2019-02-23,102,22:40:00,Saturday,Warden station,Utilized Off Route,10,20,N/B,8411
2019-02-23,25,22:43:00,Saturday,DONS,Mechanical,10,20,S/B,8830
2019-02-23,45,23:03:00,Saturday,kpst,Utilized Off Route,10,20,S/B,7967
2019-02-23,129,23:30:00,Saturday,STC,Mechanical,10,20,N/B,1292
2019-02-23,85,23:59:00,Saturday,Don Mills Station,Mechanical,20,40,WE,1703
2019-02-24,307,01:11:00,Sunday,Bathurst and Greenwin Village,Mechanical,30,60,SB,8108
2019-02-24,320,01:57:00,Sunday,QQYO,Mechanical,8,16,N/B,8140
2019-02-24,320,02:15:00,Sunday,Yonge and Steeles,Emergency Services,3,7,SB,9052
2019-02-24,300,02:45:00,Sunday,Dundas Street and Resurrection Rd,Diversion,203,233,W/B,9227
2019-02-24,341,03:14:00,Sunday,Keele and Rogers,Mechanical,60,30,SB,1618
2019-02-24,300,04:00:00,Sunday,Danforth Bloor Night Bus,General Delay,15,1,B/W,
2019-02-24,335,04:20:00,Sunday,Ian MacDonald and Chimneystack,Emergency Services,30,60,SB,3113
2019-02-24,324,04:27:00,Sunday,Danforth Rd and Victoria Park Ave,Investigation,30,60,N/B,8543
2019-02-24,300,05:44:00,Sunday,Bloor and Brock,Mechanical,19,38,W/B,8471
2019-02-24,30,06:00:00,Sunday,Six Points interchange,Diversion,1,1,W/B,7946
2019-02-24,320,06:00:00,Sunday,Route 320,General Delay,15,19,B/W,
2019-02-24,86,06:14:00,Sunday,Kenn Stn,Mechanical,13,26,N/B,8735
2019-02-24,53,06:24:00,Sunday,MOFI,Late Leaving Garage,27,54,W/B,1294
2019-02-24,300,06:37:00,Sunday,Danforth Ave and Danforth Road,Late Leaving Garage,30,60,W/B,8049
2019-02-24,81,06:38:00,Sunday,BRGA,Mechanical,30,60,N/B,8591
2019-02-24,168,06:40:00,Sunday,DWSTN,Late Leaving Garage,20,40,N/B,1000
2019-02-24,21,07:09:00,Sunday,BMST,Late Leaving Garage,12,24,S/B,1316
2019-02-24,102,07:13:00,Sunday,Select / Markham,Late Leaving Garage,10,20,S/B,8526
2019-02-24,31,07:14:00,Sunday,Greenwood Station,Late Leaving Garage,30,60,S/B,8959
2019-02-24,32,07:15:00,Sunday,Eg Stn,Late Leaving Garage,30,60,W/B,1072
2019-02-24,122,07:15:00,Sunday,Wilson Garage,Mechanical,30,60,E/B,8343
2019-02-24,102,07:22:00,Sunday,Warden Station,Late Leaving Garage,60,120,N/B,8461
2019-02-24,54,07:23:00,Sunday,Starspray Loop,Utilized Off Route,10,10,W/B,8726
2019-02-24,16,07:24:00,Sunday,Warden Station,Late Leaving Garage,17,34,B/W,8475
2019-02-24,20,07:25:00,Sunday,Kennedy Station,Mechanical,26,52,W/B,8495
2019-02-24,112,07:27:00,Sunday,Carlingview at International,Late Leaving Garage,20,40,W/B,8614
2019-02-24,300,07:30:00,Sunday,Danforth and Glebemount Ave,Diversion,50,80,W/B,
2019-02-24,102,07:31:00,Sunday,BRGA,Mechanical,13,26,E/B,8963
2019-02-24,129,07:36:00,Sunday,SLMC,Late Leaving Garage,12,24,S/B,1752
2019-02-24,16,07:41:00,Sunday,Warden Station,Late Leaving Garage,17,34,N/B,8961
2019-02-24,69,07:43:00,Sunday,Danforth / Birchmount,Late Leaving Garage,10,20,B/W,8549
2019-02-24,54,07:53:00,Sunday,Starspray Loop,Utilized Off Route,30,41,W/B,8894
2019-02-24,86,07:55:00,Sunday,Kenn Stn,Utilized Off Route,10,20,N/B,8674
2019-02-24,939,07:59:00,Sunday,STC,Late Leaving Garage,8,16,E/B,1569
2019-02-24,21,08:08:00,Sunday,Kennedy Station,Mechanical,12,24,N/B,1206
2019-02-24,46,08:14:00,Sunday,Arrow garage POD Steeles loop,Late Leaving Garage,16,32,S/B,3287
2019-02-24,939,08:15:00,Sunday,STC,Late Leaving Garage,16,32,B/W,1559
2019-02-24,102,08:15:00,Sunday,Sheppard / Markham,Mechanical,10,20,B/W,8954
2019-02-24,38,08:16:00,Sunday,RHGO,Late Leaving Garage,12,24,W/B,1209
2019-02-24,24,08:35:00,Sunday,Victoria Park Station,Mechanical,10,20,N/B,8403
2019-02-24,22,08:35:00,Sunday,Coxwell / Queen,Mechanical,10,20,N/B,8465
2019-02-24,47,08:35:00,Sunday,YRKDL,Late Leaving Garage,20,40,S/B,1353
2019-02-24,45,08:38:00,Sunday,Kipling Station,General Delay,8,16,N/B,8097
2019-02-24,102,08:44:00,Sunday,Warden Station,Late Leaving Garage,10,20,B/W,9202
2019-02-24,25,08:49:00,Sunday,Pape Station,Utilized Off Route,9,18,N/B,8620
2019-02-24,43,08:53:00,Sunday,Scarborough Town Station,Utilized Off Route,10,10,W/B,8809
2019-02-24,63,09:00:00,Sunday,ossington stn,General Delay,8,14,B/W,
2019-02-24,9,09:04:00,Sunday,Warden Station,Mechanical,24,48,N/B,8412
2019-02-24,36,09:07:00,Sunday,FWES,Late Leaving Garage,7,14,E/B,3247
2019-02-24,927,09:10:00,Sunday,Arrow garage POD Kipling stn,Late Leaving Garage,10,20,N/B,3153
2019-02-24,41,09:15:00,Sunday,PVSTN,Late Leaving Garage,11,23,S/B,1560
2019-02-24,69,09:28:00,Sunday,Danforth / Birchmount,Mechanical,10,20,E/B,8532
2019-02-24,20,09:57:00,Sunday,Danforth Rd and Dawes,Investigation,24,48,E/B,8535
2019-02-24,43,10:09:00,Sunday,Kennedy Station,Mechanical,10,20,N/B,8850
2019-02-24,36,10:47:00,Sunday,Arrow garage POD Finch W  stn,Late Leaving Garage,5,10,W/B,3145
2019-02-24,7,10:53:00,Sunday,Bathurst & Bainbridge,Mechanical,9,18,N/B,1219
2019-02-24,939,11:03:00,Sunday,STC,Mechanical,16,32,W/B,1313
2019-02-24,60,11:28:00,Sunday,Finch stn,Late Leaving Garage,10,20,W/B,3100
2019-02-24,85,11:34:00,Sunday,Donmills Station,Mechanical,4,11,E/B,1607
2019-02-24,935,11:35:00,Sunday,Jane Stn,Emergency Services,10,20,,3101
2019-02-24,111,11:39:00,Sunday,Kipling Station,Mechanical,15,30,N/B,8027
2019-02-24,52,11:39:00,Sunday,Lawrence W stn,Mechanical,20,40,E/B,8206
2019-02-24,24,11:50:00,Sunday,BRGA,Mechanical,8,16,N/B,8521
2019-02-24,85,12:02:00,Sunday,Toronto Zoo,Late Leaving Garage,5,10,W/B,1284
2019-02-24,47,12:03:00,Sunday,Queen and Lansdowne,Late Leaving Garage,9,18,N/B,1361
2019-02-24,927,12:24:00,Sunday,Finch & Martin Grove,Mechanical,1,1,W/B,3314
2019-02-24,7,12:29:00,Sunday,Greenville Village,Mechanical,8,16,S/B,8118
2019-02-24,63,12:30:00,Sunday,wilson garage,Mechanical,6,12,S/B,1399
2019-02-24,6,12:30:00,Sunday,Davenport and Dupont,Late Leaving Garage,14,29,S/B,1020
2019-02-24,36,12:34:00,Sunday,Humberwood & Morningstar,Diversion,29,34,W/B,
2019-02-24,55,12:51:00,Sunday,Jane and St.Marks,Mechanical,40,80,N/B,1081
2019-02-24,64,12:52:00,Sunday,Queen and Wineva,Investigation,1,1,N/B,8960
2019-02-24,93,12:58:00,Sunday,WOODBINE STATION,Mechanical,24,24,N/B,8582
2019-02-24,121,13:00:00,Sunday,fort york route,General Delay,10,,B/W,
2019-02-24,60,13:03:00,Sunday,Steeles & Bathurst.,Mechanical,1,1,W/B,3203
2019-02-24,41,13:14:00,Sunday,Mount Dennis to Keele Station,Late Leaving Garage,10,20,N/B,1098
2019-02-24,111,13:16:00,Sunday,Kipling Station,Mechanical,13,26,N/B,8011
2019-02-24,32,13:20:00,Sunday,Pine and Lawrence,Mechanical,10,20,E/B,1044
2019-02-24,32,13:20:00,Sunday,Pine and Lawrence,Mechanical,10,20,E/B,1044
2019-02-24,7,13:27:00,Sunday,Bthurst & Finch,Mechanical,7,14,S/B,8348
2019-02-24,97,14:04:00,Sunday,Finch,Mechanical,30,60,N/B,8362
2019-02-24,53,14:06:00,Sunday,Steeles Avenue East and Middlefield,Emergency Services,6,12,W/B,1817
2019-02-24,96,14:11:00,Sunday,Kipling and John Garland,Diversion,9,18,B/W,
2019-02-24,162,14:14:00,Sunday,Bayview / Lawrence,Diversion,30,60,B/W,1347
2019-02-24,124,14:14:00,Sunday,Bayview/Lawrence,Diversion,,,B/W,
2019-02-24,38,14:19:00,Sunday,Ellesmere Rd at McCowan Rd,Mechanical,10,20,W/B,1209
2019-02-24,11,14:35:00,Sunday,Davisville Stn,Mechanical,15,30,N/B,8182
2019-02-24,68,14:40:00,Sunday,Warden Station,Mechanical,1,1,N/B,8872
2019-02-24,16,14:43:00,Sunday,Ellesmere and Mccowan,Investigation,12,24,S/B,8961
2019-02-24,702,14:50:00,Sunday,Kipling Station,Utilized Off Route,1,1,B/W,7933
2019-02-24,719,14:54:00,Sunday,EGWSTN,Utilized Off Route,1,1,W/B,1261
2019-02-24,73,14:58:00,Sunday,Lakeshore and Mimico,Utilized Off Route,10,20,N/B,8070
2019-02-24,927,15:00:00,Sunday,KPSN,Utilized Off Route,10,20,N/B,3307
2019-02-24,37,15:15:00,Sunday,Woodbine Race track,Investigation,12,24,N/B,7948
2019-02-24,95,15:25:00,Sunday,YKMS,Investigation,17,34,E/B,1526
2019-02-24,11,15:32:00,Sunday,Bayview Ave and Lawrence Ave,Diversion,268,283,B/W,
2019-02-24,719,15:34:00,Sunday,Humber Loop,Utilized Off Route,1,1,W/B,1261
2019-02-24,905,15:42:00,Sunday,Midland and Eglinton,Investigation,11,22,E/B,8794
2019-02-24,85,15:45:00,Sunday,Shorting on Sheppard,Mechanical,5,16,W/B,1306
2019-02-24,63,15:45:00,Sunday,Ossington and College,Utilized Off Route,7,14,SB,1388
2019-02-24,90,15:48:00,Sunday,Oakwood and Vaughan,Utilized Off Route,8,16,SB,8210
2019-02-24,939,15:59:00,Sunday,FSTN,Mechanical,8,16,E/B,1787
2019-02-24,88,16:00:00,Sunday,St Clair Stn to Thorncliffe Pk. At Overlea Blvd,General Delay,11,33,B/W,
2019-02-24,29,16:08:00,Sunday,Dufferin Mall,Investigation,4,8,S/B,9040
2019-02-24,41,16:43:00,Sunday,Keele Station,Investigation,11,22,N/B,1349
2019-02-24,123,17:00:00,Sunday,Kipling Station,Mechanical,20,40,W/B,8072
2019-02-24,34,17:30:00,Sunday,Eglinton at Kennedy,Investigation,9,18,E/B,8818
2019-02-24,34,17:40:00,Sunday,Kennedy and Eglinton,Diversion,5,14,E/B,8748
2019-02-24,52,17:50:00,Sunday,Dixon/Islington,Mechanical,14,28,E/B,1296
2019-02-24,86,17:51:00,Sunday,Kinston and Lawrence,Investigation,9,19,S/B,8865
2019-02-24,40,18:00:00,Sunday,Dundas West Station to Runnymede Loop,General Delay,15,25,B/W,
2019-02-24,95,18:13:00,Sunday,Midland on Ellesmere,Mechanical,17,34,W/B,1274
2019-02-24,85,18:22:00,Sunday,Morningside and Sheppard,Mechanical,6,11,E/B,1385
2019-02-24,39,19:05:00,Sunday,Finch Ave East at Scottfield Dr,Mechanical,16,32,E/B,1672
2019-02-24,24,19:11:00,Sunday,Parkwoodvillage and vict pk,Investigation,10,20,S/B,8931
2019-02-24,100,19:26:00,Sunday,DMWF,Mechanical,4,10,S/B,8803
2019-02-24,35,20:06:00,Sunday,PVST,Utilized Off Route,7,14,S/B,3210
2019-02-24,38,20:53:00,Sunday,STC,Mechanical,8,16,E/B,1707
2019-02-24,52,21:42:00,Sunday,Lawrence Station,Mechanical,20,40,WB,8270
2019-02-24,129,21:45:00,Sunday,McNicoll on McCowan,Investigation,40,80,N/B,1322
2019-02-24,129,21:52:00,Sunday,McNicoll,Utilized Off Route,20,30,N/B,1756
2019-02-24,87,21:56:00,Sunday,Main Station,Mechanical,10,20,E/B,8537
2019-02-24,102,22:40:00,Sunday,Markham and James Scott Road,Diversion,0,0,N/B,8448
2019-02-24,85,22:45:00,Sunday,Markham and Sheppard,Mechanical,20,38,E/B,1327
2019-02-24,41,23:04:00,Sunday,Pioneer Village Station,Mechanical,12,24,S/B,1051
2019-02-24,102,23:16:00,Sunday,Warden Station,Emergency Services,10,20,N/B,8526
2019-02-24,24,23:21:00,Sunday,Victoria Park Station,Mechanical,10,20,N/B,8558
2019-02-25,41,00:01:00,Monday,keele station,Utilized Off Route,20,40,N/B,9104
2019-02-25,63,00:03:00,Monday,Ossington Station,Utilized Off Route,10,20,SB,8134
2019-02-25,52,00:16:00,Monday,Lawrence West Station,Mechanical,20,40,EB,8176
2019-02-25,85,01:26:00,Monday,Grand Marshall & Sheppard,Diversion,57,77,E/B,1331
2019-02-25,320,01:57:00,Monday,QQYO,Mechanical,8,16,N/B,8140
2019-02-25,102,04:18:00,Monday,WSTN,Late Leaving Garage,20,40,N/B,8527
2019-02-25,20,04:40:00,Monday,BRGA,Late Leaving Garage,20,40,N/B,8932
2019-02-25,89,04:45:00,Monday,KSTN,Late Leaving Garage,30,60,N/B,1406
2019-02-25,47,04:45:00,Monday,Earlscourt loop,Late Leaving Garage,30,30,S/B,1268
2019-02-25,29,04:47:00,Monday,Dufferin and Lawrence,Late Leaving Garage,10,21,N/B,9035
2019-02-25,102,04:47:00,Monday,McCowan and Steeles,Investigation,20,40,N/B,8482
2019-02-25,40,04:56:00,Monday,Dundas St West Station,Mechanical,,24,sb,8077
2019-02-25,81,05:00:00,Monday,MILL,Late Leaving Garage,20,40,N/B,8420
2019-02-25,39,05:00:00,Monday,39 Finch Route-All Branch,General Delay,20,34,B/W,1337
2019-02-25,112,05:00:00,Monday,Renforth Station,Late Leaving Garage,0,15,sb,8042
2019-02-25,939,05:00:00,Monday,939 Finch Express-All Branch,General Delay,20,29,B/W,1653
2019-02-25,102,05:00:00,Monday,WSTN,Late Leaving Garage,20,40,N/B,8463
2019-02-25,52,05:05:00,Monday,Weston and Lawrence,Late Leaving Garage,8,16,E/B,8331
2019-02-25,68,05:05:00,Monday,Warden Loo[,Mechanical,1,1,S/B,8665
2019-02-25,168,05:06:00,Monday,Dundas St West Station,Utilized Off Route,10,20,N/B,1360
2019-02-25,95,05:09:00,Monday,Kingston Rd and Ellesmere,Late Leaving Garage,11,22,W/B,3417
2019-02-25,70,05:12:00,Monday,CSTN,Late Leaving Garage,20,39,NB,8782
2019-02-25,63,05:12:00,Monday,East Liberty St,Mechanical,13,26,S/B,8161
2019-02-25,24,05:14:00,Monday,BRGA,Late Leaving Garage,13,26,N/B,8490
2019-02-25,9,05:17:00,Monday,WSTN,Late Leaving Garage,15,30,N/B,8524
2019-02-25,135,05:20:00,Monday,MSTN,Late Leaving Garage,20,40,E/B,8466
2019-02-25,30,05:20:00,Monday,Six Points Interchange,Diversion,1,1,W/B,8061
2019-02-25,47,05:20:00,Monday,Queen and Lansdowne,Late Leaving Garage,10,20,N/B,1092
2019-02-25,111,05:21:00,Monday,Martingrove and Eglinton Ave West,Late Leaving Garage,10,24,N/B,8076
2019-02-25,29,05:22:00,Monday,DMBL,Late Leaving Garage,12,23,N/B,9032
2019-02-25,32,05:22:00,Monday,KEEG,Late Leaving Garage,4,8,E/B,1144
2019-02-25,133,05:30:00,Monday,stc,Mechanical,20,20,N/B,1333
2019-02-25,110,05:35:00,Monday,Evans and Islington,Late Leaving Garage,10,19,S/B,8032
2019-02-25,43,05:36:00,Monday,Kennedy Station,Utilized Off Route,14,24,N/B,8622
2019-02-25,11,05:37:00,Monday,wilson garage,Late Leaving Garage,15,30,S/B,8301
2019-02-25,52,05:38:00,Monday,Lawrence and Yonge,Late Leaving Garage,12,24,W/B,1372
2019-02-25,160,05:39:00,Monday,wilson garage,Late Leaving Garage,20,40,N/B,1220
2019-02-25,17,05:43:00,Monday,WSTN,Late Leaving Garage,7,14,N/B,8530
2019-02-25,17,05:43:00,Monday,BRGA,Late Leaving Garage,14,28,N/B,8932
2019-02-25,7,05:47:00,Monday,wilson garage,Late Leaving Garage,13,28,S/B,8212
2019-02-25,60,05:47:00,Monday,,Late Leaving Garage,7,14,,3323
2019-02-25,59,05:48:00,Monday,Jane and Church,Late Leaving Garage,24,48,,3327
2019-02-25,32,05:52:00,Monday,REGW,Late Leaving Garage,7,15,E/B,1063
2019-02-25,85,05:52:00,Monday,RHGO,Late Leaving Garage,16,32,W/B,1574
2019-02-25,133,05:52:00,Monday,mofi,Late Leaving Garage,24,36,S/B,1818
2019-02-25,86,05:57:00,Monday,Eglinton Yard,Late Leaving Garage,1,1,OB,8881
2019-02-25,924,06:00:00,Monday,BRGA,Late Leaving Garage,10,20,N/B,8941
2019-02-25,8,06:01:00,Monday,PLCO,Late Leaving Garage,30,60,S/B,8534
2019-02-25,24,06:04:00,Monday,BRGA,Mechanical,13,26,N/B,8449
2019-02-25,32,06:06:00,Monday,REGW,Late Leaving Garage,13,20,E/B,1349
2019-02-25,986,06:07:00,Monday,Eglinton Ave E/Markham Rd,Emergency Services,11,27,W/B,8860
2019-02-25,929,06:07:00,Monday,DLAW,Late Leaving Garage,9,18,N/B,9046
2019-02-25,43,06:09:00,Monday,Kennedy Station,Utilized Off Route,1,1,N/B,8883
2019-02-25,6,06:12:00,Monday,Davenport and Dupont,Utilized Off Route,11,22,S/B,1027
2019-02-25,133,06:14:00,Monday,mofi,Late Leaving Garage,24,24,S/B,1519
2019-02-25,86,06:15:00,Monday,Kennedy STN,Late Leaving Garage,18,36,E/B,8627
2019-02-25,121,06:16:00,Monday,Princess Gates,Late Leaving Garage,14,28,N/B,9208
2019-02-25,16,06:16:00,Monday,Warden stn,Mechanical,98,18,N/B,8957
2019-02-25,47,06:17:00,Monday,Lansdowne and Dupont,Mechanical,5,9,S/B,1555
2019-02-25,36,06:17:00,Monday,,Late Leaving Garage,5,10,,9116
2019-02-25,32,06:19:00,Monday,KEEG,Late Leaving Garage,7,14,E/B,1054
2019-02-25,952,06:19:00,Monday,Terminal 3,Late Leaving Garage,11,22,E/B,8373
2019-02-25,59,06:19:00,Monday,LA.W,Late Leaving Garage,25,50,W/B,3140
2019-02-25,36,06:20:00,Monday,,Late Leaving Garage,5,10,,9132
2019-02-25,16,06:20:00,Monday,Warden stn,Late Leaving Garage,9,18,N/B,8472
2019-02-25,32,06:27:00,Monday,REGW,Late Leaving Garage,7,14,E/B,
2019-02-25,24,06:28:00,Monday,BRGA,Late Leaving Garage,8,16,N/B,8570
2019-02-25,168,06:29:00,Monday,Avon loop,Late Leaving Garage,6,11,S/B,1258
2019-02-25,73,06:30:00,Monday,Oak and  Weston Rd,Mechanical,13,26,S/B,7908
2019-02-25,929,06:33:00,Monday,DLAW,Late Leaving Garage,9,17,S/B,9148
2019-02-25,929,06:33:00,Monday,DLAW,Late Leaving Garage,8,17,N/B,9034
2019-02-25,939,06:33:00,Monday,Finch Station,Mechanical,8,16,E/B,1366
2019-02-25,952,06:33:00,Monday,Lawrence Station,Late Leaving Garage,11,22,W/B,8195
2019-02-25,97,06:34:00,Monday,Yonge & Belsize,Diversion,102,132,S/B,
2019-02-25,75,06:36:00,Monday,wilson garage,Late Leaving Garage,5,10,S/B,8387
2019-02-25,985,06:36:00,Monday,dons,Late Leaving Garage,10,10,E/B,9099
2019-02-25,20,06:39:00,Monday,BRGA,Late Leaving Garage,11,22,E/B,8511
2019-02-25,6,06:39:00,Monday,Davenport and Dupont,Late Leaving Garage,6,11,S/B,1272
2019-02-25,939,06:40:00,Monday,Finch Station,Late Leaving Garage,8,16,E/B,1779
2019-02-25,11,06:41:00,Monday,wilson garage,Late Leaving Garage,7,14,N/B,8367
2019-02-25,989,06:41:00,Monday,Weston / Jane,Mechanical,12,24,S/B,1121
2019-02-25,12,06:45:00,Monday,Kingston RD and Lawrence,Mechanical,30,60,N/B,8471
2019-02-25,63,06:46:00,Monday,EWST,Mechanical,9,19,S/B,8384
2019-02-25,989,06:49:00,Monday,Weston / Ray,Diversion,56,68,S/B,1145
2019-02-25,89,06:49:00,Monday,Weston / Ray,Diversion,56,66,S/B,
2019-02-25,129,06:49:00,Monday,Finch,Mechanical,10,15,N/B,1326
2019-02-25,939,06:50:00,Monday,Finch Station,Late Leaving Garage,7,14,E/B,1320
2019-02-25,32,06:55:00,Monday,REGW,Mechanical,7,14,E/B,1133
2019-02-25,50,07:00:00,Monday,DUNDAS AND CORDOVA,General Delay,25,30,B/W,
2019-02-25,47,07:02:00,Monday,YRKDL,Mechanical,18,36,S/B,1132
2019-02-25,902,07:02:00,Monday,WSTN,Late Leaving Garage,10,20,N/B,8522
2019-02-25,102,07:04:00,Monday,WSTN,Late Leaving Garage,20,40,N/B,8516
2019-02-25,126,07:05:00,Monday,SCW,Investigation,17,34,S/B,1357
2019-02-25,32,07:07:00,Monday,Pine and Lawrence,Mechanical,7,14,E/B,1049
2019-02-25,927,07:09:00,Monday,Martin Grove Loop,Mechanical,6,12,,3106
2019-02-25,902,07:12:00,Monday,WSTN,Late Leaving Garage,10,20,N/B,8411
2019-02-25,47,07:13:00,Monday,Lawrence,Mechanical,18,36,S/B,1002
2019-02-25,47,07:17:00,Monday,Dupont,Mechanical,4,8,S/B,1516
2019-02-25,109,07:23:00,Monday,marlee / whitmore,Mechanical,20,40,S/B,1351
2019-02-25,109,07:23:00,Monday,marlee / whitmore,Mechanical,20,40,S/B,1351
2019-02-25,953,07:29:00,Monday,PAMK,Mechanical,13,27,W/B,9097
2019-02-25,935,07:31:00,Monday,Trethewey Drive,Mechanical,8,16,N/B,3284
2019-02-25,39,07:38:00,Monday,Neilson and crow Trail,Mechanical,4,14,S/B,1774
2019-02-25,939,07:40:00,Monday,McCowan and Finch,Mechanical,8,16,W/B,1366
2019-02-25,39,07:45:00,Monday,McNicoll and VP,Mechanical,10,20,W/B,3416
2019-02-25,985,07:45:00,Monday,Sheppard and Midland,Mechanical,10,20,W/B,9093
2019-02-25,939,07:47:00,Monday,STC SRT,Mechanical,8,16,W/B,1320
2019-02-25,54,07:52:00,Monday,Lawrence & Tower,Mechanical,9,18,W/B,8702
2019-02-25,52,07:54:00,Monday,Dixon and Kipling,Mechanical,15,30,E/B,8121
2019-02-25,165,07:57:00,Monday,Weston and Habitant,Investigation,5,10,W/B,3324
2019-02-25,54,07:57:00,Monday,Eglinton & Holly,Investigation,9,18,E/B,8800
2019-02-25,90,08:00:00,Monday,st clair wstn / oakwood,General Delay,3,7,B/W,
2019-02-25,37,08:00:00,Monday,Islington and Bloor,General Delay,20,0,B/W,
2019-02-25,24,08:00:00,Monday,Victoria Pk to Steeles,General Delay,20,1,B/W,
2019-02-25,937,08:00:00,Monday,Islington and Bloor,General Delay,25,1,B/W,
2019-02-25,143,08:05:00,Monday,Beech and Queen,Mechanical,15,30,N/B,8582
2019-02-25,64,08:10:00,Monday,Queen and Wineva,Utilized Off Route,8,16,N/B,8954
2019-02-25,939,08:30:00,Monday,STC SRT,Mechanical,9,18,W/B,1643
2019-02-25,75,08:30:00,Monday,queen quay / maple,General Delay,4,9,B/W,
2019-02-25,41,08:30:00,Monday,Keel Station to Pioneer Village Station,General Delay,9,18,B/W,9145
2019-02-25,94,08:35:00,Monday,Wellesley between Bay and Yonge,Diversion,84,90,B/W,
2019-02-25,133,08:39:00,Monday,stc,Mechanical,11,22,S/B,1238
2019-02-25,952,08:43:00,Monday,Terminal 3,Mechanical,11,22,E/B,8180
2019-02-25,97,09:00:00,Monday,Yonge & Wellesley & Yonge & Shuter,General Delay,38,68,B/W,
2019-02-25,97,09:00:00,Monday,Yonge & Wellesley / Yonge & Shuter,Diversion,54,84,B/W,
2019-02-25,25,09:00:00,Monday,Don Mills & York Mills,Emergency Services,5,11,SB,8732
2019-02-25,6,09:02:00,Monday,Queens Quay and Jarvis,Mechanical,5,10,N/B,1273
2019-02-25,75,09:03:00,Monday,sherbourne / esplanade,Diversion,1,1,S/B,8371
2019-02-25,129,09:19:00,Monday,stc,Mechanical,6,16,N/B,1339
2019-02-25,985,09:22:00,Monday,Sheppard and York land,Investigation,10,40,W/B,9084
2019-02-25,985,09:24:00,Monday,stc,Mechanical,10,20,S/B,9091
2019-02-25,72,09:36:00,Monday,PSTN,Mechanical,16,32,S/B,8587
2019-02-25,133,09:40:00,Monday,stc,Mechanical,11,22,S/B,1333
2019-02-25,134,10:05:00,Monday,FDFI,Mechanical,14,32,S/B,1701
2019-02-25,102,10:06:00,Monday,CECO,Mechanical,20,40,S/B,8414
2019-02-25,165,10:19:00,Monday,Wilson at Lexfield,Investigation,1,1,W/B,3200
2019-02-25,43,10:20:00,Monday,Midland & Steeles,Mechanical,10,20,S/B,8910
2019-02-25,47,10:20:00,Monday,Dupont,Investigation,7,14,S/B,1098
2019-02-25,100,10:20:00,Monday,Flemingdom Park / BSTN,Mechanical,6,12,N/B,8778
2019-02-25,939,10:20:00,Monday,STC SRT,Mechanical,9,18,E/B,1343
2019-02-25,116,10:24:00,Monday,Brimley and Eglinton,Investigation,10,20,W/B,8910
2019-02-25,47,10:25:00,Monday,Dupont,Investigation,15,30,S/B,1067
2019-02-25,131,10:52:00,Monday,STC,Mechanical,14,27,E/B,1274
2019-02-25,24,10:54:00,Monday,Victoria Pk and Eglinton,Mechanical,10,20,N/B,9201
2019-02-25,929,10:54:00,Monday,EXWL,Mechanical,10,20,N/B,9053
2019-02-25,939,10:57:00,Monday,STC SRT,Mechanical,9,8,W/B,1706
2019-02-25,95,11:00:00,Monday,YKMS to KNRD,General Delay,15,29,B/W,
2019-02-25,53,11:04:00,Monday,Finch Station,Mechanical,6,12,E/B,1341
2019-02-25,54,11:12:00,Monday,Orton Park & Lawrence,Investigation,12,24,W/B,8805
2019-02-25,46,11:14:00,Monday,,Emergency Services,19,38,,3136
2019-02-25,29,11:30:00,Monday,Springhurst Loop,Mechanical,8,16,S/B,9137
2019-02-25,97,11:30:00,Monday,Berwick & Yonge,Investigation,30,60,S/B,8112
2019-02-25,939,11:32:00,Monday,McCowan and Sheppard,Emergency Services,9,8,E/B,3454
2019-02-25,133,11:34:00,Monday,stc,Mechanical,11,23,N/B,1519
2019-02-25,112,11:38:00,Monday,Westmall and Wellesworth,Investigation,20,40,N/B,8015
2019-02-25,939,11:45:00,Monday,Don Mills and Finch,Mechanical,9,18,E/B,1320
2019-02-25,939,11:46:00,Monday,STC,Mechanical,4,8,W/B,1343
2019-02-25,22,11:46:00,Monday,CSTN,Mechanical,8,16,S/B,8470
2019-02-25,34,11:50:00,Monday,Eglinton Avenue E / ESTN,Investigation,8,16,E/B,8903
2019-02-25,42,11:59:00,Monday,Finch Stn,Utilized Off Route,16,32,E/B,8326
2019-02-25,120,12:00:00,Monday,Sheppard and magellan,Mechanical,30,60,E/B,3363
2019-02-25,600,12:10:00,Monday,KSTN,Utilized Off Route,1,1,S/B,1130
2019-02-25,602,12:12:00,Monday,Longbranch Loop,Utilized Off Route,1,1,B/W,8079
2019-02-25,602,12:12:00,Monday,Queensway Division,Utilized Off Route,1,1,wb,7937
2019-02-25,29,12:15:00,Monday,Wilson Upper,Mechanical,7,15,S/B,9044
2019-02-25,939,12:17:00,Monday,Don Mills and Finch,Mechanical,9,18,E/B,1541
2019-02-25,939,12:25:00,Monday,STC SRT,Mechanical,9,18,E/B,1538
2019-02-25,7,12:35:00,Monday,bathurst stn,Mechanical,8,16,N/B,8150
2019-02-25,24,12:48:00,Monday,Victoria Pk and Ellesmere ave,Mechanical,10,20,N/B,8471
2019-02-25,929,12:48:00,Monday,Dufferin & St Clair,Mechanical,10,20,S/B,9041
2019-02-25,129,12:48:00,Monday,Finch and McCowan,Mechanical,7,14,S/B,1748
2019-02-25,32,12:52:00,Monday,EWSTN,Mechanical,11,22,E/B,1034
2019-02-25,601,13:13:00,Monday,Yonge/Davenport,Investigation,1,1,W/B,8302
2019-02-25,601,13:15:00,Monday,Eglinton and Oakwood,Investigation,1,1,E/B,
2019-02-25,85,13:15:00,Monday,Markham and Sheppard,Mechanical,7,14,W/B,1713
2019-02-25,87,13:31:00,Monday,Main,Mechanical,10,20,,8592
2019-02-25,37,13:35:00,Monday,Islington Station,Mechanical,19,38,N/B,7975
2019-02-25,25,13:41:00,Monday,Pape Station,Investigation,9,18,NB,8756
2019-02-25,72,13:41:00,Monday,PSTN,Investigation,16,32,S/B,9206
2019-02-25,160,13:43:00,Monday,Bathurst/Clarke,Investigation,25,50,S/B,8396
2019-02-25,116,13:50:00,Monday,Kennedy STN,Mechanical,10,20,E/B,8671
2019-02-25,97,14:00:00,Monday,entire route,General Delay,30,60,B/W,
2019-02-25,96,14:00:00,Monday,Route 96,General Delay,12,23,B/W,
2019-02-25,165,14:00:00,Monday,Route 165,General Delay,15,23,B/W,
2019-02-25,35,14:15:00,Monday,On JNW Noert ho Firgrive S.,Investigation,7,14,S/B,3231
2019-02-25,75,14:30:00,Monday,Esplanade/ Frederick,Mechanical,7,14,N/B,8202
2019-02-25,953,14:35:00,Monday,PAMK,Late Leaving Garage,6,13,W/B,9087
2019-02-25,95,14:38:00,Monday,PJPS,Late Leaving Garage,3,10,W/B,1225
2019-02-25,121,14:48:00,Monday,Prince's Gate,Late Leaving Garage,18,34,N/B,8522
2019-02-25,953,14:49:00,Monday,BSTL -PAMK,Late Leaving Garage,15,30,E/B,9081
2019-02-25,29,14:50:00,Monday,Princess Gate,Mechanical,8,16,S/B,9036
2019-02-25,36,14:53:00,Monday,Keele and Finch,Late Leaving Garage,6,13,W/B,9108
2019-02-25,32,14:58:00,Monday,Write Ave and Jane St,Investigation,10,20,W/B,1037
2019-02-25,59,14:58:00,Monday,Lawrence West Station,Late Leaving Garage,30,60,W/B,3220
2019-02-25,68,14:59:00,Monday,Warden and Steeles Loop,Late Leaving Garage,8,23,S/B,8804
2019-02-25,50,15:00:00,Monday,Islington Station to Mill Road Loop,General Delay,20,33,B/W,
2019-02-25,12,15:00:00,Monday,Neil McNeil high school,Late Leaving Garage,0,0,N/B,8479
2019-02-25,37,15:00:00,Monday,Islington Station to Steeles and Humberwood Loop,General Delay,20,32,B/W,
2019-02-25,110,15:00:00,Monday,Islington Station to Lakeshore and Long Branch Loop,General Delay,20,32,B/W,
2019-02-25,939,15:01:00,Monday,Brimley,Mechanical,9,20,W/B,1323
2019-02-25,67,15:02:00,Monday,Crossland at Penworth,Mechanical,8,10,S/B,8651
2019-02-25,7,15:03:00,Monday,Bathurst /Wilson,Mechanical,7,15,N/B,1251
2019-02-25,45,15:04:00,Monday,royal york stn,Investigation,3,6,N/B,8082
2019-02-25,31,15:07:00,Monday,Greenwood stn,Late Leaving Garage,0,0,N/B,8962
2019-02-25,131,15:12:00,Monday,STC,Late Leaving Garage,10,14,S/B,1547
2019-02-25,65,15:12:00,Monday,Castle Frank stn,Late Leaving Garage,11,22,N/B,8585
2019-02-25,95,15:14:00,Monday,YOCE,Late Leaving Garage,10,21,E/B,3412
2019-02-25,903,15:14:00,Monday,KENN,Late Leaving Garage,9,9,N/B,1318
2019-02-25,106,15:20:00,Monday,SWST,Late Leaving Garage,10,20,N/B,8336
2019-02-25,941,15:21:00,Monday,Finch west station,Mechanical,14,28,S/B,1345
2019-02-25,168,15:28:00,Monday,Weston Rd at Rogers Rd,Late Leaving Garage,7,14,S/B,1265
2019-02-25,36,15:30:00,Monday,Finch West Station,Mechanical,5,10,E/B,3197
2019-02-25,52,15:31:00,Monday,Lawrence Stn,Mechanical,4,11,,8382
2019-02-25,953,15:34:00,Monday,FSTN,Mechanical,15,30,E/B,9085
2019-02-25,120,15:58:00,Monday,KEWI,Mechanical,22,44,E/B,3250
2019-02-25,50,16:00:00,Monday,Islington Station to Mill road loop,General Delay,15,30,B/W,
2019-02-25,40,16:05:00,Monday,Dundas West staion,Investigation,7,15,W/B,7919
2019-02-25,32,16:11:00,Monday,Todd Baylis and Trethwey,Investigation,9,18,W/B,1626
2019-02-25,165,16:15:00,Monday,Weston & Steeles,Diversion,21,26,N/B,
2019-02-25,32,16:20:00,Monday,ESTN,Mechanical,10,20,W/B,1039
2019-02-25,53,16:23:00,Monday,Yonge and Steeles,Mechanical,6,11,E/B,3414
2019-02-25,52,16:31:00,Monday,Lawrence Stn,Late Leaving Garage,20,20,,8175
2019-02-25,142,16:40:00,Monday,Avenue Rd and Brookedale Ave.,Diversion,152,182,BW,
2019-02-25,61,16:40:00,Monday,Avenue Rd and Brookdale Ave.,Diversion,153,167,BW,
2019-02-25,32,16:40:00,Monday,Alameda and Eglinton,Mechanical,9,16,W/B,1046
2019-02-25,71,16:55:00,Monday,INMD,Mechanical,19,34,S/B,1018
2019-02-25,63,17:00:00,Monday,Ossington Station,General Delay,8,16,BW,
2019-02-25,134,17:00:00,Monday,STC,Mechanical,5,10,E/B,1326
2019-02-25,63,17:05:00,Monday,Eglinton West Station,Mechanical,8,16,SB,8356
2019-02-25,24,17:11:00,Monday,Victoria Park Station,Mechanical,1,1,N/B,8598
2019-02-25,89,17:13:00,Monday,weston road and Junction,Investigation,10,20,N/B,1020
2019-02-25,985,17:18:00,Monday,STC,Mechanical,9,18,W/B,9090
2019-02-25,116,17:18:00,Monday,Kenn STN,Mechanical,10,25,E/B,8884
2019-02-25,116,17:20:00,Monday,Kenn STN,Utilized Off Route,12,24,E/B,8627
2019-02-25,32,17:22:00,Monday,PINE,Utilized Off Route,9,18,E/B,1069
2019-02-25,606,17:24:00,Monday,WSTN,Utilized Off Route,1,1,S/B,9210
2019-02-25,610,17:25:00,Monday,WAST,Utilized Off Route,1,1,N/B,8782
2019-02-25,720,17:57:00,Monday,Victoria Park STN,Utilized Off Route,1,1,N/B,8713
2019-02-25,63,18:05:00,Monday,Shaw and Queen,Investigation,8,16,NB,8187
2019-02-25,66,18:30:00,Monday,Old Mill Station,General Delay,10,25,B/W,
2019-02-25,104,18:32:00,Monday,Finch and Faywood,Emergency Services,15,30,NB,1384
2019-02-25,602,18:40:00,Monday,isst,Utilized Off Route,1,1,E/B,8613
2019-02-25,702,18:40:00,Monday,kpst,Utilized Off Route,1,1,E/B,8077
2019-02-25,704,18:40:00,Monday,Kipling and Steeles,Utilized Off Route,1,1,E/B,3192
2019-02-25,704,18:40:00,Monday,FJAN,Utilized Off Route,1,1,S/B,3187
2019-02-25,935,18:40:00,Monday,JNST,Utilized Off Route,10,20,N/B,3295
2019-02-25,26,18:40:00,Monday,Jane Station,Utilized Off Route,14,28,E/B,1075
2019-02-25,600,18:40:00,Monday,Jane and Sheppard,Utilized Off Route,1,1,E/B,3130
2019-02-25,63,18:41:00,Monday,Ossington Station,Utilized Off Route,3,6,NB,1226
2019-02-25,707,18:41:00,Monday,FSTN,Utilized Off Route,1,1,S/B,1653
2019-02-25,607,18:41:00,Monday,STC,Utilized Off Route,1,1,W/B,1676
2019-02-25,706,18:41:00,Monday,VICT,Utilized Off Route,1,1,S/B,8589
2019-02-25,606,18:41:00,Monday,VICT,Utilized Off Route,1,1,S/B,9239
2019-02-25,606,18:41:00,Monday,WSTN,Utilized Off Route,1,1,S/B,8408
2019-02-25,607,18:41:00,Monday,STC,Utilized Off Route,1,1,W/B,3442
2019-02-25,720,18:42:00,Monday,Old Mills Station,Utilized Off Route,1,1,,8655
2019-02-25,989,18:42:00,Monday,Rogers road and weston road,Utilized Off Route,10,20,N/B,1112
2019-02-25,165,18:43:00,Monday,Barmac & Steeles,Utilized Off Route,8,16,S/B,3165
2019-02-25,600,18:44:00,Monday,Wdilson div,Utilized Off Route,1,1,N/B,8130
2019-02-25,7,18:45:00,Monday,Bathurst stn,Utilized Off Route,7,15,N/B,1364
2019-02-25,900,18:45:00,Monday,kpst,Utilized Off Route,9,18,E/B,8003
2019-02-25,44,18:45:00,Monday,kpst,Utilized Off Route,5,10,E/B,7962
2019-02-25,117,18:48:00,Monday,Dufferin and Steeles,Utilized Off Route,10,20,SB,8389
2019-02-25,9,18:48:00,Monday,88 Corporate Drive,Investigation,16,32,N/B,8524
2019-02-25,929,18:50:00,Monday,Springhurst,Utilized Off Route,10,20,N/B,9040
2019-02-25,37,18:50:00,Monday,ISST,Utilized Off Route,18,40,E/B,7975
2019-02-25,702,18:50:00,Monday,kpst,Utilized Off Route,1,1,E/B,8077
2019-02-25,35,18:50:00,Monday,JNST,Utilized Off Route,8,18,N/B,3291
2019-02-25,168,18:52:00,Monday,Dundas West Station,Utilized Off Route,7,14,S/B,1360
2019-02-25,46,18:52:00,Monday,Kipling Station,Utilized Off Route,13,25,N/B,3280
2019-02-25,63,18:53:00,Monday,Atlantic and King,Utilized Off Route,9,18,NB,8123
2019-02-25,32,18:54:00,Monday,PINE,Utilized Off Route,10,20,E/B,1348
2019-02-25,927,18:55:00,Monday,Kipling Station,Utilized Off Route,6,9,W/B,3312
2019-02-25,720,18:55:00,Monday,PSTN,Utilized Off Route,1,1,N/B,8713
2019-02-25,63,18:55:00,Monday,Wilson Garage,Utilized Off Route,10,20,SB,8306
2019-02-25,42,18:57:00,Monday,DYMC,Utilized Off Route,13,26,E/B,8326
2019-02-25,25,19:00:00,Monday,PSTN,Utilized Off Route,8,17,N/B,8854
2019-02-25,40,19:00:00,Monday,Dundas West Station to Runnymede Loop,General Delay,15,25,B/W,
2019-02-25,937,19:00:00,Monday,hwy 27,Utilized Off Route,1,1,E/B,8006
2019-02-25,36,19:03:00,Monday,Humberwood Loop,Mechanical,6,12,E/B,9132
2019-02-25,34,19:05:00,Monday,ESTN,Utilized Off Route,15,29,B/W,8885
2019-02-25,79,19:06:00,Monday,Runnymede stn,Utilized Off Route,13,26,N/B,1416
2019-02-25,609,19:08:00,Monday,Albion road / weston,Utilized Off Route,1,1,S/B,9037
2019-02-25,100,19:15:00,Monday,BSTN,Utilized Off Route,9,18,B/W,8861
2019-02-25,89,19:16:00,Monday,weston Road / Eglinton Ave,Diversion,10,20,N/B,1606
2019-02-25,71,19:20:00,Monday,Weston and Eglinton,Diversion,65,87,B/W,
2019-02-25,46,19:23:00,Monday,Kipling Station,Utilized Off Route,1,1,N/B,3149
2019-02-25,929,19:40:00,Monday,Bloor at Old Mill Trail,Investigation,10,20,E/B,9040
2019-02-25,36,19:53:00,Monday,Finch and Pearldale,Investigation,3,8,W/B,9107
2019-02-25,36,19:55:00,Monday,Pearldale and Finch,Investigation,8,16,W/B,9135
2019-02-25,36,20:15:00,Monday,Pearldale and Finch,Diversion,1,1,W/B,9106
2019-02-25,12,20:27:00,Monday,Bingam loop,Emergency Services,10,20,S/B,8517
2019-02-25,8,20:50:00,Monday,Scarbourgh Gold Club and Kingston,Investigation,1,1,E/B,8792
2019-02-25,72,20:52:00,Monday,pape station,Mechanical,18,36,S/B,8416
2019-02-25,39,21:00:00,Monday,Neilson and Finch,Mechanical,16,32,W/B,1294
2019-02-25,900,21:19:00,Monday,shaver and dundas w/b,Mechanical,9,18,W/B,8002
2019-02-25,123,21:41:00,Monday,Sherway Gate at Evans,Investigation,24,48,N/B,7947
2019-02-25,985,21:48:00,Monday,STC,Mechanical,13,25,W/B,1548
2019-02-25,109,22:04:00,Monday,Eglinton w stn,Mechanical,25,50,N/B,1210
2019-02-25,6,22:04:00,Monday,Davenport at Avenue Rd,Investigation,15,30,S/B,1203
2019-02-25,95,22:19:00,Monday,Gander / Ellesmere,Mechanical,1,6,W/B,3415
2019-02-25,939,22:27:00,Monday,STC,Investigation,9,18,W/B,1531
2019-02-25,63,22:27:00,Monday,Eglinton W stn,Utilized Off Route,11,22,S/B,8176
2019-02-25,53,22:37:00,Monday,FSTN,Mechanical,18,28,E/B,1679
2019-02-25,93,23:14:00,Monday,Finch Stn,Mechanical,9,18,E/B,1794
2019-02-25,90,23:15:00,Monday,St Cair West Station,Diversion,10,20,EB,8373
2019-02-25,90,23:15:00,Monday,St Clair West station,Mechanical,1,1,EB,1293
2019-02-25,161,23:17:00,Monday,Keele st. Rogers Rd.,Mechanical,20,40,E/B,1129
2019-02-26,29,00:00:00,Tuesday,Wilson stn,Mechanical,9,18,S/B,9034
2019-02-26,22,00:01:00,Tuesday,bingam loop,Utilized Off Route,10,20,S/B,8570
2019-02-26,84,00:01:00,Tuesday,Sheppard/Yonge,Utilized Off Route,10,20,W/B,3224
2019-02-26,53,00:05:00,Tuesday,FSTN,Utilized Off Route,18,36,E/B,1500
2019-02-26,32,00:10:00,Tuesday,Eglinton W Stn,Mechanical,11,22,E/B,1102
2019-02-26,36,00:11:00,Tuesday,FSTN,Emergency Services,10,20,W/B,3359
2019-02-26,36,00:18:00,Tuesday,FWSN,Mechanical,10,20,W/B,3216
2019-02-26,29,01:46:00,Tuesday,Weston Rd / Dufferin,Mechanical,7,14,S/B,9052
2019-02-26,307,02:05:00,Tuesday,Bathurst/Davenport,Emergency Services,15,1,S/B,8393
2019-02-26,116,02:23:00,Tuesday,Morningisde/Ellesmere,Investigation,10,20,N/B,8827
2019-02-26,353,03:44:00,Tuesday,Dufferin / Steeles,Mechanical,30,60,W/B,1240
2019-02-26,102,03:58:00,Tuesday,SEMK,Late Leaving Garage,20,40,S/B,8946
2019-02-26,20,04:27:00,Tuesday,Main Station,Late Leaving Garage,20,40,E/B,8449
2019-02-26,939,05:00:00,Tuesday,939 Finch Express-All Branch,General Delay,20,29,B/W,3448
2019-02-26,39,05:00:00,Tuesday,39 Finch Route All Branch,General Delay,20,34,B/W,3440
2019-02-26,9,05:02:00,Tuesday,WSN,Late Leaving Garage,15,30,N/B,8473
2019-02-26,336,05:06:00,Tuesday,Albion/Finch,Diversion,1,1,E/B,1685
2019-02-26,24,05:08:00,Tuesday,Consumers and Victoria park,Late Leaving Garage,13,26,S/B,8400
2019-02-26,95,05:09:00,Tuesday,Ellesmere and Kingston Rd loop,Late Leaving Garage,9,18,B/W,3450
2019-02-26,107,05:11:00,Tuesday,Wilson Stn,Late Leaving Garage,26,26,,3313
2019-02-26,167,05:14:00,Tuesday,PSTL,Late Leaving Garage,24,48,E/B,8410
2019-02-26,133,05:19:00,Tuesday,MOFI,Late Leaving Garage,11,31,S/B,1339
2019-02-26,30,05:20:00,Tuesday,Six Points Interchange,Diversion,1,1,W/B,8070
2019-02-26,53,05:25:00,Tuesday,PAMK,Mechanical,5,10,W/B,1299
2019-02-26,39,05:27:00,Tuesday,Neilson and Crow Trail,Mechanical,10,20,W/B,1703
2019-02-26,16,05:27:00,Tuesday,WSTN,Late Leaving Garage,18,36,N/B,8527
2019-02-26,95,05:29:00,Tuesday,KNRD,Late Leaving Garage,7,16,W/B,1824
2019-02-26,85,05:30:00,Tuesday,RHGO,Late Leaving Garage,13,13,W/B,1377
2019-02-26,927,05:30:00,Tuesday,Martin Grove and Steeles,Late Leaving Garage,19,38,,3265
2019-02-26,939,05:38:00,Tuesday,Finch Stn,Mechanical,6,13,E/B,1655
2019-02-26,131,05:38:00,Tuesday,MORN,Late Leaving Garage,8,17,S/B,3467
2019-02-26,12,05:40:00,Tuesday,BARK,Late Leaving Garage,18,36,E/B,8510
2019-02-26,29,05:40:00,Tuesday,Dufferin & St Clair,Mechanical,8,16,N/B,9044
2019-02-26,131,05:40:00,Tuesday,MORN,Late Leaving Garage,12,23,E/B,3467
2019-02-26,39,05:41:00,Tuesday,Baldoon and Finch,Late Leaving Garage,10,20,W/B,3428
2019-02-26,104,05:43:00,Tuesday,wilson garage,Late Leaving Garage,18,0,N/B,8120
2019-02-26,12,05:44:00,Tuesday,Kennedy Station,Late Leaving Garage,14,28,E/B,8532
2019-02-26,22,05:44:00,Tuesday,CSTN,Late Leaving Garage,8,16,S/B,8487
2019-02-26,47,05:44:00,Tuesday,Queen and Lansdowne,Mechanical,8,118,N/B,1121
2019-02-26,995,05:44:00,Tuesday,KNRD,Late Leaving Garage,8,16,W/B,1827
2019-02-26,34,05:46:00,Tuesday,Eglinton STN,Late Leaving Garage,11,27,E/B,8789
2019-02-26,21,05:49:00,Tuesday,bmst,Late Leaving Garage,20,40,S/B,3401
2019-02-26,924,05:50:00,Tuesday,Victoria park Station,Late Leaving Garage,10,20,S/B,8424
2019-02-26,96,05:57:00,Tuesday,FIHU,Late Leaving Garage,10,20,E/B,3311
2019-02-26,121,06:00:00,Tuesday,PRGT,Late Leaving Garage,14,28,E/B,8571
2019-02-26,939,06:02:00,Tuesday,STC SRT,Late Leaving Garage,8,16,W/B,3434
2019-02-26,924,06:03:00,Tuesday,Victoria Pk Station,Late Leaving Garage,10,20,N/B,8528
2019-02-26,35,06:06:00,Tuesday,PVST,Late Leaving Garage,1,9,S/B,3101
2019-02-26,32,06:19:00,Tuesday,Keele & Eglinton,Mechanical,4,34,E/B,1018
2019-02-26,36,06:23:00,Tuesday,Finch W Stn,Mechanical,17,34,,9110
2019-02-26,32,06:27:00,Tuesday,Renforth Stn,Mechanical,7,14,E/B,1139
2019-02-26,925,06:28:00,Tuesday,Don Mills & Freshmeadow,Late Leaving Garage,8,16,S/B,8699
2019-02-26,42,06:28:00,Tuesday,Wilson Garage,Mechanical,12,24,N/B,1319
2019-02-26,95,06:30:00,Tuesday,ELRT,Late Leaving Garage,8,16,W/B,1656
2019-02-26,43,06:31:00,Tuesday,Scarborough Town Station,Mechanical,10,20,W/B,8777
2019-02-26,89,06:32:00,Tuesday,Keele Station,Late Leaving Garage,6,12,N/B,1259
2019-02-26,23,06:32:00,Tuesday,MSTN,Late Leaving Garage,6,12,N/B,8545
2019-02-26,63,06:33:00,Tuesday,EWST,Late Leaving Garage,3,6,S/B,1214
2019-02-26,91,06:35:00,Tuesday,Woodbine stn,Late Leaving Garage,12,16,N/B,9201
2019-02-26,32,06:37:00,Tuesday,Keele & Eglinton,Mechanical,14,18,E/B,1075
2019-02-26,985,06:43:00,Tuesday,stc,Late Leaving Garage,10,20,W/B,9064
2019-02-26,6,06:48:00,Tuesday,Mount Dennis to Davenport/Dupont,Late Leaving Garage,4,8,S/B,1350
2019-02-26,63,06:49:00,Tuesday,EWST,Late Leaving Garage,3,6,S/B,1289
2019-02-26,73,07:00:00,Tuesday,Entire Royal York North Route (76 also impacted),General Delay,15,30,B/W,7948
2019-02-26,7,07:01:00,Tuesday,wilson division,Late Leaving Garage,8,16,S/B,
2019-02-26,95,07:02:00,Tuesday,ELRT,Late Leaving Garage,8,16,W/B,1817
2019-02-26,41,07:05:00,Tuesday,Keele / Eglinton,Mechanical,12,23,S/B,152
2019-02-26,14,07:07:00,Tuesday,Caledonia,Mechanical,16,32,E/B,1345
2019-02-26,96,07:08:00,Tuesday,Hinton and Fordwich,Investigation,18,36,W/B,3350
2019-02-26,96,07:11:00,Tuesday,Hinton and Fordwich,Investigation,18,36,W/B,3213
2019-02-26,29,07:11:00,Tuesday,DLAW,Late Leaving Garage,7,15,N/B,9149
2019-02-26,939,07:13:00,Tuesday,STC SRT,Late Leaving Garage,8,16,W/B,1803
2019-02-26,51,07:13:00,Tuesday,Eglinton stn,Mechanical,17,34,N/B,8205
2019-02-26,26,07:18:00,Tuesday,Mount Dennis to St.George Station,Late Leaving Garage,14,28,W/B,1273
2019-02-26,129,07:25:00,Tuesday,stc,Mechanical,10,15,S/B,1778
2019-02-26,45,07:26:00,Tuesday,Kipling and Genthorn,Mechanical,22,44,N/B,8613
2019-02-26,39,07:30:00,Tuesday,Neilson and Crown Trail,Mechanical,10,15,W/B,1318
2019-02-26,939,07:30:00,Tuesday,Midland and Finch,Mechanical,8,16,E/B,1795
2019-02-26,995,07:33:00,Tuesday,Leslie and York Mills,Mechanical,11,22,W/B,1761
2019-02-26,95,07:40:00,Tuesday,ELRT,Late Leaving Garage,8,16,S/B,1653
2019-02-26,36,07:44:00,Tuesday,Arrow and Finch,Mechanical,5,10,,9105
2019-02-26,84,07:50:00,Tuesday,Sheppard and Rivalda,Investigation,10,20,E/B,3205
2019-02-26,21,07:53:00,Tuesday,stc,Mechanical,8,16,S/B,3413
2019-02-26,41,08:00:00,Tuesday,Keele Station - Pioneer Village station,General Delay,25,43,B/W,
2019-02-26,87,08:15:00,Tuesday,BARRINGTON/SECORD,Mechanical,5,10,W/B,9212
2019-02-26,113,08:23:00,Tuesday,Kennedy Station,Mechanical,12,24,W/B,8523
2019-02-26,945,08:24:00,Tuesday,Kipling and Dixon,Mechanical,6,12,N/B,7976
2019-02-26,75,08:30:00,Tuesday,queen quay / maple,General Delay,4,9,B/W,
2019-02-26,121,08:30:00,Tuesday,FORT YORK ROUTE,General Delay,10,,B/W,
2019-02-26,90,08:30:00,Tuesday,st clair wstn / oakwood,General Delay,4,7,B/W,
2019-02-26,32,08:31:00,Tuesday,Keele & Eglinton,Mechanical,7,14,W/B,1100
2019-02-26,63,08:44:00,Tuesday,Ossington Stn,Mechanical,9,19,S/B,8387
2019-02-26,63,08:50:00,Tuesday,King and Shaw to Queen and Shaw,General Delay,50,1,S/B,
2019-02-26,902,08:54:00,Tuesday,WSTN,Mechanical,10,20,N/B,8470
2019-02-26,93,08:54:00,Tuesday,ST CLAIR/DORIS,Investigation,30,60,S/B,9206
2019-02-26,75,09:00:00,Tuesday,front / sherbourne,Diversion,360,365,S/B,8355
2019-02-26,102,09:12:00,Tuesday,WSTN,Mechanical,15,30,N/B,8931
2019-02-26,609,09:30:00,Tuesday,MDGA,Utilized Off Route,1,1,B/W,1208
2019-02-26,600,09:30:00,Tuesday,Keele Station,Utilized Off Route,1,1,S/B,1406
2019-02-26,24,09:40:00,Tuesday,Victoria Park Station,Mechanical,10,20,S/B,8400
2019-02-26,944,09:40:00,Tuesday,Kipling Station,Utilized Off Route,8,16,S/B,8049
2019-02-26,602,09:40:00,Tuesday,Queensway Garage,Utilized Off Route,1,1,S/B,7954
2019-02-26,39,09:57:00,Tuesday,Sewells Rd and Old Finch,Mechanical,18,35,W/B,1298
2019-02-26,53,10:11:00,Tuesday,FSTN to MOFI,General Delay,20,25,B/W,
2019-02-26,16,10:18:00,Tuesday,STC,Mechanical,12,24,N/B,8418
2019-02-26,84,10:29:00,Tuesday,SWST,Mechanical,8,16,W/B,3307
2019-02-26,45,10:40:00,Tuesday,Kipling Station,Mechanical,10,20,N/B,8609
2019-02-26,161,10:49:00,Tuesday,Dufferin,Investigation,18,36,W/B,1023
2019-02-26,39,10:54:00,Tuesday,Kennedy and Finch Av,Investigation,6,12,WB,1537
2019-02-26,113,11:04:00,Tuesday,Main Station,Investigation,1,1,S/B,8595
2019-02-26,130,11:07:00,Tuesday,McCowan/Middlefield,Diversion,83,98,S/B,1707
2019-02-26,54,11:08:00,Tuesday,Lawrence SRT Station,Mechanical,1,1,E/B,8845
2019-02-26,610,11:20:00,Tuesday,Pape STN,Utilized Off Route,1,1,,8666
2019-02-26,716,11:21:00,Tuesday,Victoria Park stn,Utilized Off Route,0,0,N/B,8602
2019-02-26,12,11:22:00,Tuesday,Victoria Pk Station,Mechanical,22,44,E/B,8589
2019-02-26,710,11:25:00,Tuesday,Eglinton Yard,Utilized Off Route,1,1,,8781
2019-02-26,606,11:36:00,Tuesday,BRGA,Utilized Off Route,0,0,N/B,9216
2019-02-26,927,12:02:00,Tuesday,,Investigation,6,12,,3211
2019-02-26,101,12:13:00,Tuesday,Sheppard and Chesswood,Investigation,0,0,E/B,3246
2019-02-26,85,12:17:00,Tuesday,Markham and Sheppard,Mechanical,14,21,E/B,1324
2019-02-26,54,12:25:00,Tuesday,ORTON PARK AND THORNBECK DRIVE,Mechanical,12,24,S/B,8736
2019-02-26,49,12:42:00,Tuesday,Bloor and Neilson Dr.,Investigation,15,30,E/B,7972
2019-02-26,86,12:45:00,Tuesday,DANFORTH AND EGLINTON,Investigation,10,20,E/B,8829
2019-02-26,34,12:47:00,Tuesday,Eglinton Ave E / KENN,Mechanical,0,0,W/B,8713
2019-02-26,39,12:50:00,Tuesday,Finch Station,Mechanical,18,36,E/B,3422
2019-02-26,65,12:53:00,Tuesday,Castle Frank stn,Mechanical,13,26,N/B,8485
2019-02-26,929,13:10:00,Tuesday,Dufferin & Liberty,Mechanical,10,20,N/B,9038
2019-02-26,9,13:33:00,Tuesday,Warden stn,Mechanical,23,46,N/B,8936
2019-02-26,704,13:40:00,Tuesday,Steeles and Jane,Investigation,1,1,E/B,3107
2019-02-26,39,13:47:00,Tuesday,Trudy and Finch,Mechanical,6,12,E/B,1550
2019-02-26,89,13:50:00,Tuesday,Gunns Loop,Investigation,10,20,S/B,1114
2019-02-26,32,13:53:00,Tuesday,PINE,Emergency Services,11,22,E/B,1090
2019-02-26,25,13:56:00,Tuesday,Pape & Cosburn,Investigation,9,18,N/B,8650
2019-02-26,96,14:00:00,Tuesday,Route 96,General Delay,20,31,B/W,
2019-02-26,124,14:00:00,Tuesday,entire route,General Delay,8,16,B/W,
2019-02-26,12,14:00:00,Tuesday,12 Kingston Road,General Delay,15,1,B/W,
2019-02-26,118,14:00:00,Tuesday,Route 118,General Delay,16,41,B/W,
2019-02-26,186,14:00:00,Tuesday,Route 186,General Delay,17,28,B/W,
2019-02-26,97,14:00:00,Tuesday,entire route,General Delay,30,60,B/W,
2019-02-26,165,14:00:00,Tuesday,Route 165,General Delay,16,24,B/W,
2019-02-26,905,14:24:00,Tuesday,Kingston and Lawernce,Investigation,10,16,W/B,8705
2019-02-26,34,14:25:00,Tuesday,Eglinton Ave E / KENN,Mechanical,0,0,W/B,8878
2019-02-26,73,14:26:00,Tuesday,Clairport and albion,Mechanical,11,22,S/B,7948
2019-02-26,32,14:27:00,Tuesday,ESTN,Late Leaving Garage,5,14,W/B,1095
2019-02-26,54,14:29:00,Tuesday,Eglinton Station,Late Leaving Garage,9,18,E/B,8772
2019-02-26,95,14:38:00,Tuesday,YOCE 3.14P,Mechanical,9,18,E/B,3441
2019-02-26,902,14:45:00,Tuesday,warden station,Mechanical,10,20,S/B,8598
2019-02-26,69,14:46:00,Tuesday,Kingston and Manderley,Diversion,15,30,E/B,9205
2019-02-26,960,14:52:00,Tuesday,PVST,Late Leaving Garage,8,16,E/B,3143
2019-02-26,134,14:53:00,Tuesday,STC,Late Leaving Garage,5,10,E/B,1779
2019-02-26,927,14:53:00,Tuesday,Martin Grove and Silverstone,Mechanical,6,12,S/B,3170
2019-02-26,24,14:56:00,Tuesday,BRGA,Late Leaving Garage,1,1,N/B,8520
2019-02-26,24,14:56:00,Tuesday,Senator High School,Late Leaving Garage,9,18,N/B,8410
2019-02-26,53,14:58:00,Tuesday,BREB,Late Leaving Garage,2,9,E/B,1341
2019-02-26,24,15:00:00,Tuesday,24 Victoria Park Ave,General Delay,15,1,B/W,
2019-02-26,64,15:00:00,Tuesday,Main and Southwood,General Delay,15,15,B/W,
2019-02-26,39,15:04:00,Tuesday,EB on Sheppard at Bay Lawn,Investigation,14,28,W/B,1787
2019-02-26,11,15:09:00,Tuesday,Davisville station,Mechanical,7,14,N/B,8300
2019-02-26,25,15:11:00,Tuesday,Don Mills and Eglinton,Mechanical,8,12,N/B,8854
2019-02-26,73,15:13:00,Tuesday,Weston rd at Oak st,Late Leaving Garage,13,27,S/B,8608
2019-02-26,63,15:14:00,Tuesday,EWST,Late Leaving Garage,8,12,S/B,8154
2019-02-26,41,15:15:00,Tuesday,Keele Station,Mechanical,9,18,N/B,9049
2019-02-26,72,15:20:00,Tuesday,pape station,Late Leaving Garage,14,28,S/B,8534
2019-02-26,97,15:21:00,Tuesday,YONGE AND ELM,Investigation,30,60,N/B,1253
2019-02-26,20,15:35:00,Tuesday,kennedy station,Mechanical,14,28,S/B,8482
2019-02-26,24,15:39:00,Tuesday,Navaho Drive,Investigation,1,1,B/W,8514
2019-02-26,924,15:40:00,Tuesday,vict pk stn,Late Leaving Garage,9,18,S/B,8955
2019-02-26,12,15:40:00,Tuesday,Birchcliff Ave,Diversion,20,37,B/W,9207
2019-02-26,939,15:41:00,Tuesday,McCowan and Finch,Mechanical,8,16,W/B,3424
2019-02-26,78,15:45:00,Tuesday,Yorkmills Stn,Late Leaving Garage,15,30,`,1278
2019-02-26,145,15:45:00,Tuesday,Adelaide and Spadina,Late Leaving Garage,15,45,E/B,8088
2019-02-26,60,15:57:00,Tuesday,PVST,Late Leaving Garage,8,16,E/B,9105
2019-02-26,17,15:58:00,Tuesday,comstock and birchmount,Investigation,9,18,S/B,8488
2019-02-26,22,16:00:00,Tuesday,coxwell route,General Delay,10,1,B/W,
2019-02-26,69,16:00:00,Tuesday,Birchcliffe,Diversion,17,34,W/B,8595
2019-02-26,109,16:00:00,Tuesday,Rainee route,General Delay,30,30,B/W,
2019-02-26,75,16:00:00,Tuesday,Sherbourne route,General Delay,20,15,B/W,
2019-02-26,63,16:19:00,Tuesday,Oakwood Loop,General Delay,8,16,NB,8372
2019-02-26,54,16:19:00,Tuesday,Lawrence and Bellamy,Investigation,10,20,E/B,8901
2019-02-26,35,16:22:00,Tuesday,SHJA,Mechanical,5,10,S/B,3291
2019-02-26,39,16:26:00,Tuesday,SB at Victoria Park at Finch,Mechanical,14,28,S/B,3467
2019-02-26,160,16:28:00,Tuesday,Wilson station,Mechanical,20,40,N/B,1288
2019-02-26,45,16:30:00,Tuesday,Steeles loop,Mechanical,10,20,S/B,8027
2019-02-26,24,16:35:00,Tuesday,Victoria Park Station,Mechanical,9,18,N/B,8515
2019-02-26,12,16:40:00,Tuesday,Victoria Park Station,Mechanical,25,50,N/B,8437
2019-02-26,709,16:50:00,Tuesday,Jane/Trethewey,Utilized Off Route,1,1,E/B,1029
2019-02-26,935,16:52:00,Tuesday,FJAN,Investigation,10,20,N/B,3311
2019-02-26,110,17:49:00,Tuesday,bering ave on islington,Investigation,14,28,N/B,8064
2019-02-26,600,18:03:00,Tuesday,Queens Quay at Lower Sherbourne,Mechanical,5,10,N/B,1025
2019-02-26,11,18:18:00,Tuesday,Davisville Station,Mechanical,14,28,N/B,1277
2019-02-26,7,18:42:00,Tuesday,Greenwin village and Bathurst,Mechanical,9,18,S/B,1364
2019-02-26,109,18:45:00,Tuesday,Lawrence west station,Mechanical,20,40,S/B,8200
2019-02-26,16,19:00:00,Tuesday,lawrence and mccowan,Mechanical,11,22,S/B,8401
2019-02-26,929,19:12:00,Tuesday,Dufferin and Queen,Investigation,9,18,N/B,9045
2019-02-26,34,19:17:00,Tuesday,Jonesville cres.,Investigation,5,9,W/B,8664
2019-02-26,73,19:28:00,Tuesday,weston on albion,Mechanical,7,14,N/B,8030
2019-02-26,701,19:33:00,Tuesday,Rosedale station,Utilized Off Route,1,1,N/B,1352
2019-02-26,709,19:35:00,Tuesday,ESTN,Utilized Off Route,1,1,W/B,1029
2019-02-26,63,19:37:00,Tuesday,Ossington Station,Utilized Off Route,10,20,NB,8372
2019-02-26,929,19:38:00,Tuesday,Wilson Stn,Utilized Off Route,9,18,S/B,1603
2019-02-26,86,19:38:00,Tuesday,KINGSTON AND OVERTURE,Emergency Services,16,32,E/B,8788
2019-02-26,941,19:40:00,Tuesday,Keele Station,Utilized Off Route,1,1,N/B,1144
2019-02-26,7,20:01:00,Tuesday,Bathurst station,Utilized Off Route,9,18,N/B,8183
2019-02-26,87,20:10:00,Tuesday,main station,Utilized Off Route,10,20,S/B,8544
2019-02-26,32,20:14:00,Tuesday,PINE,Mechanical,10,20,E/B,1586
2019-02-26,900,20:49:00,Tuesday,Dundas at Subway cr,Mechanical,9,18,E/B,8007
2019-02-26,60,21:06:00,Tuesday,Yonge/Moore Park,Mechanical,15,30,S/B,9109
2019-02-26,16,21:17:00,Tuesday,Warden Station,Investigation,11,22,N/B,8941
2019-02-26,102,22:00:00,Tuesday,warden staito n,Investigation,30,60,N/B,9200
2019-02-26,16,23:37:00,Tuesday,St. Clair and Kennedy,Investigation,15,30,S/B,8535
2019-02-26,89,23:59:00,Tuesday,StClair and Weston Road,Investigation,10,20,N/B,1378
2019-02-27,98,01:04:00,Wednesday,Willowdale and Abitibi,Mechanical,30,60,SB,8351
2019-02-27,32,01:09:00,Wednesday,Marlee ave. / Eglinton Ave.,Mechanical,20,40,E/B,1259
2019-02-27,11,01:09:00,Wednesday,Sunnbrook Hospital,Investigation,30,60,SB,8108
2019-02-27,38,01:09:00,Wednesday,STC,Mechanical,13,26,E/B,1682
2019-02-27,320,02:27:00,Wednesday,College/yonge,Emergency Services,7,14,S/B,8197
2019-02-27,300,04:32:00,Wednesday,Byng and Danforth,Investigation,10,10,W/B,8401
2019-02-27,24,04:46:00,Wednesday,Princess Gate,Mechanical,12,26,E/B,8491
2019-02-27,939,05:00:00,Wednesday,939 Finch Express-All Branch,General Delay,20,29,B/W,3501
2019-02-27,30,05:00:00,Wednesday,Six Points Interchange,Diversion,1,1,W/B,8022
2019-02-27,39,05:00:00,Wednesday,39 Finch Route All Branch,General Delay,20,34,B/W,3402
2019-02-27,41,05:05:00,Wednesday,Keele Stn,Late Leaving Garage,12,32,N/B,9026
2019-02-27,7,05:11:00,Wednesday,Greenwin village,Late Leaving Garage,27,57,S/B,8360
2019-02-27,62,05:14:00,Wednesday,CMOR,Late Leaving Garage,15,30,N/B,9206
2019-02-27,91,05:17:00,Wednesday,WOOD,Late Leaving Garage,30,60,N/B,8592
2019-02-27,121,05:38:00,Wednesday,Princess Gate,Mechanical,16,32,E/B,8563
2019-02-27,30,05:40:00,Wednesday,Kipling Stn,Late Leaving Garage,21,42,E/B,8068
2019-02-27,924,05:50:00,Wednesday,Victoria Pk and Steeles,Mechanical,10,20,N/B,8441
2019-02-27,29,05:51:00,Wednesday,PRGT,Mechanical,9,18,N/B,9100
2019-02-27,986,05:52:00,Wednesday,Kennedy STN,Late Leaving Garage,5,6,E/B,8884
2019-02-27,85,05:56:00,Wednesday,RHGO,Late Leaving Garage,16,32,B/W,1807
2019-02-27,85,05:56:00,Wednesday,Willow ale and Sheppard,Mechanical,15,15,W/B,1667
2019-02-27,64,05:57:00,Wednesday,Main Station,Late Leaving Garage,11,22,NB,8941
2019-02-27,87,05:57:00,Wednesday,Main Station,Utilized Off Route,5,10,nb,9205
2019-02-27,165,05:58:00,Wednesday,SIGT,Late Leaving Garage,5,10,E/B,3216
2019-02-27,924,06:00:00,Wednesday,Steeles and Victoria Pk,Mechanical,10,20,N/B,8935
2019-02-27,100,06:00:00,Wednesday,100 Flemingdon Park route,General Delay,15,30,B/W,
2019-02-27,34,06:00:00,Wednesday,34 Eglinton East route,General Delay,15,30,B/W,
2019-02-27,81,06:00:00,Wednesday,MILL,Late Leaving Garage,5,10,N/B,8494
2019-02-27,91,06:00:00,Wednesday,Cassandra and Underhill,Mechanical,12,24,W/B,8448
2019-02-27,39,06:01:00,Wednesday,Baldoon and Finch,Late Leaving Garage,20,40,B/W,1393
2019-02-27,939,06:05:00,Wednesday,STC SRT,Mechanical,8,16,W/B,1401
2019-02-27,32,06:07:00,Wednesday,ESTN,Mechanical,6,13,W/B,1503
2019-02-27,132,06:07:00,Wednesday,Sewells and Brenyonway,Late Leaving Garage,12,24,W/B,1404
2019-02-27,77,06:09:00,Wednesday,RUST,Late Leaving Garage,9,18,S/B,1080
2019-02-27,165,06:13:00,Wednesday,ORWE,Mechanical,5,10,E/B,3221
2019-02-27,95,06:15:00,Wednesday,Bayview and York Mills,Investigation,8,19,E/B,3457
2019-02-27,82,06:15:00,Wednesday,Rosedale stn to Summerhill ave/Mmaclennan ave.,General Delay,30,40,B/W,
2019-02-27,939,06:20:00,Wednesday,Victoria Park to Pharmacy on Finch,Diversion,160,168,B/W,1622
2019-02-27,39,06:20:00,Wednesday,Vitoria Park to Pharmacy on Finch,Diversion,160,178,B/W,1718
2019-02-27,989,06:20:00,Wednesday,Keele stn,Utilized Off Route,10,20,N/B,1072
2019-02-27,37,06:21:00,Wednesday,Islington Station,Late Leaving Garage,22,42,N/B,8099
2019-02-27,37,06:21:00,Wednesday,Islington Stn,Late Leaving Garage,20,42,N/B,7934
2019-02-27,902,06:22:00,Wednesday,WSTN,Late Leaving Garage,10,20,N/B,8525
2019-02-27,117,06:22:00,Wednesday,Sheppard W Station,Late Leaving Garage,10,20,N/B,8183
2019-02-27,702,06:23:00,Wednesday,Kipling Station,Utilized Off Route,1,1,E/B,8047
2019-02-27,29,06:26:00,Wednesday,EXWL,Mechanical,22,30,N/B,9044
2019-02-27,47,06:27:00,Wednesday,Lansdowne / Queen,Utilized Off Route,9,18,N/B,1529
2019-02-27,32,06:27:00,Wednesday,REGW,Utilized Off Route,7,14,S/B,1039
2019-02-27,90,06:28:00,Wednesday,St Clair West Stn,Utilized Off Route,4,8,N/B,8300
2019-02-27,40,06:29:00,Wednesday,Runnymede Loop,Utilized Off Route,6,15,E/B,8076
2019-02-27,35,06:30:00,Wednesday,Jane Station,Utilized Off Route,9,18,N/B,3315
2019-02-27,902,06:32:00,Wednesday,WSTN,Late Leaving Garage,10,20,N/B,9234
2019-02-27,131,06:38:00,Wednesday,McLevin and Morningside,Mechanical,8,16,S/B,1400
2019-02-27,30,06:40:00,Wednesday,Dundas and Dunbloor Rd,Mechanical,1,1,W/B,8050
2019-02-27,939,06:40:00,Wednesday,Finch Station,Late Leaving Garage,8,15,E/B,3426
2019-02-27,905,06:40:00,Wednesday,Eglinton Yard,Late Leaving Garage,1,1,OB,8663
2019-02-27,52,06:45:00,Wednesday,Lawrence Station,Utilized Off Route,8,16,W/B,1302
2019-02-27,33,06:45:00,Wednesday,Mayfair and Vesta,Late Leaving Garage,20,40,S/B,8209
2019-02-27,905,06:50:00,Wednesday,Kennedy STN,Mechanical,10,20,E/B,8839
2019-02-27,20,06:50:00,Wednesday,Main Station,Mechanical,11,22,E/B,8518
2019-02-27,35,06:53:00,Wednesday,Eglinton Avenue,Mechanical,9,18,N/B,3315
2019-02-27,123,07:00:00,Wednesday,Entire Sherway Gardens Route,General Delay,25,50,B/W,7949
2019-02-27,48,07:00:00,Wednesday,Entire Rathburn Route,General Delay,25,50,B/W,7950
2019-02-27,66,07:00:00,Wednesday,Entire Prince Edward Route,General Delay,20,40,B/W,7949
2019-02-27,76,07:00:00,Wednesday,Entire Royal York South Route,General Delay,20,40,B/W,7920
2019-02-27,73,07:00:00,Wednesday,Entire Royal York North Route,General Delay,20,40,B/W,7920
2019-02-27,15,07:00:00,Wednesday,Entire Evans Route,General Delay,25,50,B/W,7921
2019-02-27,95,07:02:00,Wednesday,ELRT,Late Leaving Garage,8,16,W/B,3437
2019-02-27,95,07:03:00,Wednesday,SCLP,Late Leaving Garage,10,21,W/B,1685
2019-02-27,66,07:07:00,Wednesday,Old Mill Stn,Mechanical,15,30,S/B,7940
2019-02-27,51,07:13:00,Wednesday,Eglinton Staion,Mechanical,23,46,N/B,8197
2019-02-27,95,07:18:00,Wednesday,Sandfield and York Mills,Mechanical,8,16,W/B,3414
2019-02-27,165,07:18:00,Wednesday,Weston at Fenmar,Diversion,5,10,E/B,3240
2019-02-27,131,07:22:00,Wednesday,MVOF,Late Leaving Garage,8,16,W/B,1238
2019-02-27,56,07:26:00,Wednesday,Eglinton Station,Late Leaving Garage,3,6,E/B,8128
2019-02-27,6,07:28:00,Wednesday,Davenport and Dupont,Late Leaving Garage,5,10,S/B,1353
2019-02-27,79,07:30:00,Wednesday,entire route,General Delay,20,30,B/W,
2019-02-27,122,07:30:00,Wednesday,Whole route,General Delay,18,27,B/W,
2019-02-27,161,07:30:00,Wednesday,entire route,General Delay,20,25,B/W,
2019-02-27,14,07:30:00,Wednesday,entire route,General Delay,15,20,B/W,
2019-02-27,109,07:30:00,Wednesday,Eglinton W stn to Neptune/Bathurs,General Delay,25,35,B/W,
2019-02-27,47,07:30:00,Wednesday,ENTIRE ROUTE,General Delay,20,30,B/W,
2019-02-27,995,07:34:00,Wednesday,SCLP,Late Leaving Garage,11,21,W/B,1322
2019-02-27,49,07:35:00,Wednesday,Kipling Station and Bloor/Markland,General Delay,20,28,B/W,
2019-02-27,32,07:36:00,Wednesday,Eglinton West Stn.,Emergency Services,7,14,E/B,1096
2019-02-27,94,07:47:00,Wednesday,CastleFrank Stn,Mechanical,13,26,W/B,1036
2019-02-27,85,07:48:00,Wednesday,Meadowvale Loop,Mechanical,16,32,W/B,1397
2019-02-27,900,07:49:00,Wednesday,Kipling Station,Mechanical,10,20,N/B,8000
2019-02-27,89,08:00:00,Wednesday,Entire Route,General Delay,25,50,BW,
2019-02-27,83,08:00:00,Wednesday,Jones Route,General Delay,25,0,B/W,
2019-02-27,925,08:00:00,Wednesday,PSTN to FMDM,General Delay,20,30,B/W,8655
2019-02-27,31,08:00:00,Wednesday,Greenwood Route,General Delay,25,0,B/W,
2019-02-27,64,08:00:00,Wednesday,Southwood and Kingston,General Delay,25,0,B/W,
2019-02-27,70,08:00:00,Wednesday,CSTN to WAST/CRAG,General Delay,15,32,B/W,8836
2019-02-27,65,08:00:00,Wednesday,Parliament Route,General Delay,35,0,B/W,
2019-02-27,135,08:00:00,Wednesday,Gerrard Route,General Delay,25,0,B/W,
2019-02-27,9,08:00:00,Wednesday,Bellamy Route,General Delay,35,0,B/W,
2019-02-27,16,08:00:00,Wednesday,McCowan Route,General Delay,35,0,B/W,
2019-02-27,45,08:00:00,Wednesday,Kipling Station to Steeles,General Delay,13,19,B/W,
2019-02-27,17,08:00:00,Wednesday,Birchmount Route,General Delay,35,0,B/W,
2019-02-27,37,08:00:00,Wednesday,Entire route,General Delay,30,,B/W,
2019-02-27,112,08:00:00,Wednesday,Kipling Station and Renforth,General Delay,12,22,B/W,
2019-02-27,127,08:00:00,Wednesday,Entire Route,General Delay,25,50,BW,
2019-02-27,25,08:00:00,Wednesday,PSTN to DONS/FMDM,General Delay,20,25,B/W,8906
2019-02-27,41,08:00:00,Wednesday,Entire Route,General Delay,30,60,BW,
2019-02-27,90,08:00:00,Wednesday,St Clair W Stn to Oakwood/Vaughan,General Delay,20,30,B/W,
2019-02-27,7,08:00:00,Wednesday,Bathurst stn to Steeles,General Delay,20,30,B/W,
2019-02-27,6,08:00:00,Wednesday,Bay route,General Delay,30,40,B/W,
2019-02-27,168,08:00:00,Wednesday,Symington route,General Delay,20,40,B/W,
2019-02-27,94,08:00:00,Wednesday,Wellesley route,General Delay,20,20,B/W,
2019-02-27,26,08:00:00,Wednesday,Dupont route,General Delay,25,25,B/W,
2019-02-27,116,08:00:00,Wednesday,Kennedy STN,Mechanical,6,13,E/B,8653
2019-02-27,75,08:00:00,Wednesday,Sherbourne stn to Jarvis/Queens Quay,General Delay,30,40,B/W,
2019-02-27,11,08:00:00,Wednesday,davisville stn to steeles loop,General Delay,30,40,B/W,
2019-02-27,55,08:00:00,Wednesday,Entire Route,General Delay,20,40,BW,
2019-02-27,52,08:00:00,Wednesday,Whole route,General Delay,48,73,B/W,
2019-02-27,12,08:00:00,Wednesday,Kingston Rd and Danforth,General Delay,1,1,B/W,
2019-02-27,24,08:00:00,Wednesday,Victoria Pk Stn to sheppard,General Delay,15,1,B/W,
2019-02-27,131,08:02:00,Wednesday,Morningview and Finch,Mechanical,8,16,S/B,1332
2019-02-27,30,08:15:00,Wednesday,High Park to Kipling Station,General Delay,28,54,B/W,
2019-02-27,70,08:20:00,Wednesday,WAST,Mechanical,17,34,W/B,8891
2019-02-27,939,08:20:00,Wednesday,STC SRT,Mechanical,8,16,E/B,1306
2019-02-27,95,08:22:00,Wednesday,ELKE,Mechanical,11,21,W/B,3431
2019-02-27,37,08:25:00,Wednesday,Islington Stn,Utilized Off Route,10,20,N/B,7971
2019-02-27,21,08:25:00,Wednesday,stc,Mechanical,8,16,N/B,3448
2019-02-27,984,08:28:00,Wednesday,Weston Road and Bradstock,Mechanical,9,18,E/B,3154
2019-02-27,42,08:29:00,Wednesday,Finch Station,Mechanical,12,24,N/B,1347
2019-02-27,929,08:30:00,Wednesday,Entire route,General Delay,20,1,B/W,
2019-02-27,29,08:30:00,Wednesday,Entire route,General Delay,15,1,B/W,
2019-02-27,102,08:30:00,Wednesday,Markham Route,General Delay,15,1,B/W,
2019-02-27,905,08:30:00,Wednesday,Kennedy STN to U of T Loop,General Delay,15,25,B/W,
2019-02-27,22,08:30:00,Wednesday,Coxwell Route,General Delay,10,1,B/W,
2019-02-27,81,08:30:00,Wednesday,Thorncliffe Park Route,General Delay,10,1,B/W,
2019-02-27,72,08:30:00,Wednesday,Pape Route,General Delay,10,1,B/W,
2019-02-27,116,08:30:00,Wednesday,Kennedy STN to Morningside Ave/Nightstar Rd (All branches),General Delay,15,25,B/W,
2019-02-27,902,08:30:00,Wednesday,Markham Express Route,General Delay,10,1,B/W,
2019-02-27,86,08:30:00,Wednesday,Kennedy STN to Toronto Zoo (All branches affected),General Delay,15,25,B/W,
2019-02-27,69,08:30:00,Wednesday,Warden South Route,General Delay,10,1,B/W,
2019-02-27,35,08:38:00,Wednesday,Jane and Finch,Mechanical,9,18,N/B,3110
2019-02-27,702,08:40:00,Wednesday,Kipling Station,Utilized Off Route,1,1,S/B,8047
2019-02-27,986,08:46:00,Wednesday,Kingston Rd/Eglinton Ave E,Investigation,5,10,E/B,8638
2019-02-27,75,08:48:00,Wednesday,South and Glen Dr,Utilized Off Route,5,9,S/B,8131
2019-02-27,609,08:50:00,Wednesday,JAAL,Utilized Off Route,1,1,E/B,1412
2019-02-27,720,08:50:00,Wednesday,CSTN,Utilized Off Route,1,1,S/B,8628
2019-02-27,100,08:55:00,Wednesday,Broadview station,Utilized Off Route,6,13,N/B,8843
2019-02-27,129,08:55:00,Wednesday,Alanbull square,Emergency Services,6,13,S/B,1323
2019-02-27,42,08:59:00,Wednesday,Finch Station,Utilized Off Route,8,16,N/B,
2019-02-27,168,08:59:00,Wednesday,Avon loop,Mechanical,7,13,S/B,1069
2019-02-27,72,09:00:00,Wednesday,PSTN,General Delay,10,1,B/W,
2019-02-27,143,09:00:00,Wednesday,143 Route,General Delay,45,0,B/W,
2019-02-27,121,09:00:00,Wednesday,Front and Bay,General Delay,15,1,B/W,
2019-02-27,23,09:00:00,Wednesday,Main Station,General Delay,10,1,,
2019-02-27,62,09:00:00,Wednesday,Main Station,General Delay,10,1,,
2019-02-27,6,09:00:00,Wednesday,Queens Quay and Dockside,Utilized Off Route,5,10,N/B,1067
2019-02-27,47,09:08:00,Wednesday,YRKDL,Mechanical,12,24,S/B,1254
2019-02-27,95,09:12:00,Wednesday,YKMS to KNRD,General Delay,20,40,B/W,
2019-02-27,995,09:12:00,Wednesday,YKMS to SCLP,General Delay,15,25,B/W,
2019-02-27,12,09:19:00,Wednesday,Kingston Rd and Victoria Pk,Mechanical,14,28,W/B,8462
2019-02-27,133,09:21:00,Wednesday,Morningside and Finch,Mechanical,11,22,S/B,1724
2019-02-27,62,09:22:00,Wednesday,Broadview at Pretoria ave,Mechanical,15,29,E/B,9206
2019-02-27,87,09:30:00,Wednesday,East York Acres,Diversion,630,645,,
2019-02-27,63,09:30:00,Wednesday,ENTIRE ROUTE,General Delay,8,16,B/W,
2019-02-27,47,09:40:00,Wednesday,Lawrence,Utilized Off Route,22,44,S/B,1108
2019-02-27,935,10:00:00,Wednesday,Entire 935 Jane Express Route,General Delay,20,30,B/W,
2019-02-27,35,10:00:00,Wednesday,Entire 35 Jane Route,General Delay,15,25,B/W,
2019-02-27,85,10:00:00,Wednesday,Don Mills station,Mechanical,14,21,E/B,1337
2019-02-27,54,10:00:00,Wednesday,Eglinton Station - Starspray Loop,General Delay,20,29,bw,
2019-02-27,68,10:00:00,Wednesday,Warden Station - Warden Loop,General Delay,12,22,bw,
2019-02-27,96,10:09:00,Wednesday,CARR,Investigation,18,36,E/B,3127
2019-02-27,131,10:15:00,Wednesday,Nugget Route,General Delay,20,40,B/W,3450
2019-02-27,133,10:16:00,Wednesday,MOFI,Mechanical,11,22,S/B,1653
2019-02-27,44,10:17:00,Wednesday,Kipling Station,Utilized Off Route,6,13,S/B,8083
2019-02-27,15,10:25:00,Wednesday,Evans/Wickman (QNSY DIV),Mechanical,22,44,W/B,8014
2019-02-27,102,10:30:00,Wednesday,Kingston and Markham,Investigation,18,36,N/B,8957
2019-02-27,133,11:00:00,Wednesday,STC to MOFI,General Delay,25,40,bw,
2019-02-27,38,11:00:00,Wednesday,STC to RHGO,General Delay,25,35,bw,
2019-02-27,21,11:00:00,Wednesday,BMST to KENN,General Delay,15,29,bw,
2019-02-27,129,11:00:00,Wednesday,STC to MMRC,General Delay,25,53,bw,
2019-02-27,60,11:14:00,Wednesday,Bathurst & Steeles,Investigation,8,16,E/B,3357
2019-02-27,97,11:15:00,Wednesday,Yonge & Eglinton,General Delay,30,60,B/W,
2019-02-27,52,11:18:00,Wednesday,Dixon and Royal york,Investigation,13,26,W/B,8191
2019-02-27,985,11:20:00,Wednesday,Don Mills to STC,General Delay,15,26,B/W,
2019-02-27,41,11:24:00,Wednesday,Keele / Greenbrook(Canon Jackson),Investigation,9,18,S/B,9024
2019-02-27,47,11:25:00,Wednesday,Lans Stn,Mechanical,8,16,N/B,1116
2019-02-27,61,11:29:00,Wednesday,Ave and Duplex,General Delay,19,34,B/W,
2019-02-27,42,11:30:00,Wednesday,Yonge & Finch,General Delay,15,27,B/W,
2019-02-27,85,11:30:00,Wednesday,DONS to RHGO,General Delay,25,53,bw,
2019-02-27,98,11:30:00,Wednesday,Sheppard & Yonge,General Delay,26,56,B/W,
2019-02-27,162,11:30:00,Wednesday,Yonge & Lawrence,General Delay,21,51,B/W,
2019-02-27,85,11:31:00,Wednesday,DONS,Emergency Services,28,56,E/B,1651
2019-02-27,60,11:42:00,Wednesday,Gerry Fitzgerald & Steeles,Investigation,8,15,E/B,3309
2019-02-27,21,11:43:00,Wednesday,Brimley and Sheppard,Investigation,156,38,N/B,3454
2019-02-27,124,11:45:00,Wednesday,Yonge and Lawrence,General Delay,15,30,B/W,
2019-02-27,935,11:48:00,Wednesday,Jane and Wilson,Investigation,9,18,N/B,3301
2019-02-27,51,12:00:00,Wednesday,ENTIRE ROUTE,General Delay,0,0,B/W,
2019-02-27,79,12:00:00,Wednesday,Entire Route,General Delay,30,1,B/W,
2019-02-27,95,12:03:00,Wednesday,York Mills and DVP,Investigation,7,14,W/B,1322
2019-02-27,36,12:11:00,Wednesday,Martin Grove and Finch,Investigation,5,10,,9129
2019-02-27,929,12:13:00,Wednesday,DLAW,Mechanical,10,20,N/B,9048
2019-02-27,24,12:14:00,Wednesday,Victoria Park and sunrise ave,Investigation,10,20,NB,8414
2019-02-27,46,12:22:00,Wednesday,Viking Rd,Investigation,19,38,NB,3146
2019-02-27,129,12:22:00,Wednesday,stc,Mechanical,7,14,N/B,1679
2019-02-27,60,12:30:00,Wednesday,Entire 60 Steeles West Route Bothways,General Delay,20,28,B/W,
2019-02-27,108,12:30:00,Wednesday,Entire 108 Driftwood Route Bothways,General Delay,16,22,B/W,
2019-02-27,84,12:30:00,Wednesday,Entire 84 Sheppard West Route Bothways,General Delay,18,24,B/W,
2019-02-27,41,12:31:00,Wednesday,Keele / Lawrence,Investigation,9,18,N/B,9052
2019-02-27,41,12:35:00,Wednesday,Keele / lawrence,Diversion,9,18,N/B,9152
2019-02-27,49,12:38:00,Wednesday,Kipling Station,Mechanical,15,30,B/W,7962
2019-02-27,53,12:39:00,Wednesday,Putnam Gate and Steeles,Diversion,82,88,W/B,1781
2019-02-27,939,12:43:00,Wednesday,Finch Av-Gordon Baker,Diversion,72,81,E/B,1306
2019-02-27,39,12:43:00,Wednesday,Finch and Gordon Baker,Diversion,72,90,E/B,1686
2019-02-27,709,12:45:00,Wednesday,St. Clair / Lansdowne,Mechanical,1,1,E/B,1287
2019-02-27,134,12:58:00,Wednesday,Progress and Sheppard,Mechanical,15,30,S/B,9082
2019-02-27,42,13:00:00,Wednesday,Maybrook & McNicoll,Diversion,432,445,E/B,
2019-02-27,47,13:01:00,Wednesday,Caledonia at Rogers,Investigation,15,30,N/B,1139
2019-02-27,32,13:03:00,Wednesday,Outside Eglinton West STn.,Investigation,9,20,E/B,1350
2019-02-27,115,13:18:00,Wednesday,Davean and Woodsworth,General Delay,20,40,S/B,8125
2019-02-27,115,13:18:00,Wednesday,Davean and Woodsworth,Diversion,396,416,S/B,
2019-02-27,92,13:19:00,Wednesday,Lake Shore Blvd East and Queen St East,Investigation,12,24,WB,8404
2019-02-27,88,13:35:00,Wednesday,St.Clair at Mt Pleasant,Investigation,15,30,W/B,1346
2019-02-27,53,13:40:00,Wednesday,FSTN to MOFI,General Delay,20,30,B/W,
2019-02-27,63,13:45:00,Wednesday,Oakwood Loop,Mechanical,9,18,S/B,8113
2019-02-27,47,13:46:00,Wednesday,CAEG,Mechanical,15,30,N/B,1033
2019-02-27,16,13:52:00,Wednesday,St. Clair Ave and Birchmount Road,Investigation,12,24,WB,8466
2019-02-27,47,13:57:00,Wednesday,Keith/Caledonia,Mechanical,15,30,N/B,1020
2019-02-27,67,13:58:00,Wednesday,CROS,Mechanical,15,30,S/B,8724
2019-02-27,47,14:00:00,Wednesday,Caledonia/Eglinton,Diversion,310,325,B/W,
2019-02-27,56,14:00:00,Wednesday,Eglinton Station to Donlands Station,General Delay,30,45,B/W,
2019-02-27,134,14:00:00,Wednesday,STC - FIDI,General Delay,18,20,B/W,
2019-02-27,43,14:00:00,Wednesday,Kennedy Station to Steeles and STC,General Delay,12,12,B/W,
2019-02-27,165,14:00:00,Wednesday,Route 165,General Delay,35,43,N/B,
2019-02-27,90,14:00:00,Wednesday,Vaughan road route,General Delay,20,15,B/W,
2019-02-27,96,14:00:00,Wednesday,Route 96,General Delay,30,40,B/W,
2019-02-27,118,14:00:00,Wednesday,Route 118,General Delay,30,55,B/W,
2019-02-27,68,14:00:00,Wednesday,Warden Station to Angus Glen,General Delay,16,16,B/W,
2019-02-27,54,14:00:00,Wednesday,Eglinton Station to Starspray,General Delay,20,20,B/W,
2019-02-27,47,14:00:00,Wednesday,Entire Route,General Delay,20,35,B/W,
2019-02-27,11,14:00:00,Wednesday,Bayview route,General Delay,30,30,B/W,
2019-02-27,109,14:00:00,Wednesday,Rainee route,General Delay,30,30,B/W,
2019-02-27,75,14:00:00,Wednesday,Sherbourne route,General Delay,30,20,B/W,
2019-02-27,57,14:00:00,Wednesday,Kenn Stn to Midland and Steels,General Delay,23,1,B/W,
2019-02-27,82,14:00:00,Wednesday,Rosedale route,General Delay,20,40,B/W,
2019-02-27,939,14:05:00,Wednesday,STC SRT,Mechanical,9,18,W/B,1631
2019-02-27,85,14:05:00,Wednesday,Don Mills Station,Mechanical,14,21,E/B,1812
2019-02-27,69,14:09:00,Wednesday,Birchmount and Danforth,Mechanical,11,22,S/B,8514
2019-02-27,42,14:15:00,Wednesday,birchmont and kennedy along mcnicoll,Diversion,13,38,B/W,
2019-02-27,37,14:25:00,Wednesday,ryst,General Delay,11,22,N/B,7972
2019-02-27,26,14:30:00,Wednesday,Entire Route,General Delay,20,35,B/W,
2019-02-27,81,14:32:00,Wednesday,MILL,Late Leaving Garage,9,18,N/B,8501
2019-02-27,42,14:32:00,Wednesday,Finch station to dynamic drive,General Delay,20,32,B/W,
2019-02-27,6,14:36:00,Wednesday,DDUP,Late Leaving Garage,8,13,S/B,1051
2019-02-27,96,14:43:00,Wednesday,Wilson & Dufferin,Mechanical,1,1,E/B,3283
2019-02-27,32,14:45:00,Wednesday,Lawrence and Pine,Mechanical,15,30,E/B,1005
2019-02-27,109,14:45:00,Wednesday,Eglinton West station,Mechanical,11,22,N/B,8135
2019-02-27,22,14:50:00,Wednesday,Dundas/ and Coxwell,Diversion,8,16,B/W,
2019-02-27,100,14:53:00,Wednesday,DMWF,Mechanical,5,11,S/B,8739
2019-02-27,941,15:00:00,Wednesday,Entire Route,General Delay,20,35,B/W,
2019-02-27,6,15:00:00,Wednesday,Entire Route,General Delay,20,30,B/W,
2019-02-27,34,15:00:00,Wednesday,Eglinton station,Mechanical,4,9,E/B,8744
2019-02-27,161,15:00:00,Wednesday,Entire Route,General Delay,20,35,B/W,
2019-02-27,115,15:00:00,Wednesday,York Mills Station to  BANNATYNE DR. AT SILVERGROVE RD.,General Delay,22,42,B/W,
2019-02-27,89,15:00:00,Wednesday,Entitre Route,General Delay,20,30,B/W,
2019-02-27,122,15:00:00,Wednesday,York Mills Station to  ROYWOOD DR AND FENSIDE DR.,General Delay,40,52,B/W,
2019-02-27,78,15:00:00,Wednesday,York Mills Station to CARLUKE CR. AT FIFESHIRE RD.E.,General Delay,18,33,B/W,
2019-02-27,41,15:00:00,Wednesday,Entire Route,General Delay,20,30,B/W,
2019-02-27,52,15:00:00,Wednesday,Lawrence Station to West Wood Mall,General Delay,39,42,B/W,
2019-02-27,989,15:00:00,Wednesday,Entire Route,General Delay,20,30,B/W,
2019-02-27,74,15:06:00,Wednesday,St.Clair stn to doncliff loop,General Delay,17,37,B/W,
2019-02-27,32,15:10:00,Wednesday,Marlee/Eglinton,Mechanical,10,20,E/B,1082
2019-02-27,7,15:11:00,Wednesday,Greenwin village and Bathurst,Late Leaving Garage,9,18,S/B,1216
2019-02-27,29,15:13:00,Wednesday,Dufferin and King,Investigation,7,18,N/B,9054
2019-02-27,985,15:19:00,Wednesday,Sheppard - Pharmacy,Investigation,11,22,W/B,9073
2019-02-27,939,15:21:00,Wednesday,Finch/Longmore,Mechanical,12,24,E/B,1541
2019-02-27,952,15:24:00,Wednesday,Lawrence Station,Late Leaving Garage,12,24,W/B,8131
2019-02-27,100,15:26:00,Wednesday,St. Dennis/Linkwood lane,Mechanical,5,11,S/B,8894
2019-02-27,952,15:30:00,Wednesday,Lawrence Station to Pearson Airport,General Delay,53,66,B/W,
2019-02-27,929,15:30:00,Wednesday,Dufferin route,General Delay,30,1,B/W,
2019-02-27,25,15:34:00,Wednesday,EGGA,Emergency Services,5,11,E/B,8755
2019-02-27,23,15:35:00,Wednesday,23 Dawes Route,General Delay,7,14,B/W,
2019-02-27,87,15:35:00,Wednesday,87 Cosburn Route,General Delay,10,20,B/W,
2019-02-27,121,15:35:00,Wednesday,121 Fort York Esplanade,General Delay,20,40,B/W,
2019-02-27,87,15:35:00,Wednesday,East York Acres,Diversion,10,20,B/W,
2019-02-27,91,15:35:00,Wednesday,91 Woodbine Route,General Delay,14,28,B/W,
2019-02-27,72,15:35:00,Wednesday,72 Pape Route,General Delay,17,14,B/W,
2019-02-27,62,15:35:00,Wednesday,62 Mortimer,General Delay,22,44,B/W,
2019-02-27,64,15:36:00,Wednesday,Southwood Dr and Glen Ames,Diversion,327,335,Fis,8437
2019-02-27,35,15:37:00,Wednesday,Pioneer Village Station,Late Leaving Garage,10,2,S/B,3178
2019-02-27,11,15:37:00,Wednesday,Davisville station,Mechanical,7,14,N/B,1374
2019-02-27,609,15:38:00,Wednesday,JNST,Utilized Off Route,1,1,E/B,1325
2019-02-27,131,15:39:00,Wednesday,Morningside,Late Leaving Garage,9,18,N/B,1225
2019-02-27,35,15:40:00,Wednesday,Jane Station,Late Leaving Garage,10,20,N/B,3241
2019-02-27,952,15:44:00,Wednesday,Terminal 3,Late Leaving Garage,12,24,E/B,1279
2019-02-27,702,15:45:00,Wednesday,Kipling stn,Utilized Off Route,1,1,B/W,7941
2019-02-27,7,15:45:00,Wednesday,Dupont,Diversion,180,189,N/B,8346
2019-02-27,900,15:45:00,Wednesday,Kipling sstn,Utilized Off Route,10,20,B/W,8614
2019-02-27,73,15:45:00,Wednesday,Royal york stn,Utilized Off Route,10,20,B/W,8079
2019-02-27,602,15:45:00,Wednesday,Kipling,Utilized Off Route,1,1,B/W,7979
2019-02-27,719,15:46:00,Wednesday,Eglinton at Islington,Investigation,1,1,E/B,1045
2019-02-27,63,15:48:00,Wednesday,Ossington Station,Utilized Off Route,8,16,SB,1371
2019-02-27,70,15:49:00,Wednesday,CSTN,Mechanical,17,34,E/B,8715
2019-02-27,42,15:50:00,Wednesday,Silverview & Cummer,Investigation,12,33,W/B,1227
2019-02-27,986,16:00:00,Wednesday,Eglinton and Markham,Investigation,10,20,E/B,8926
2019-02-27,102,16:00:00,Wednesday,St Clair / Kingstion,General Delay,10,20,,
2019-02-27,113,16:00:00,Wednesday,Transway and Kennedy,Investigation,11,22,S/B,8569
2019-02-27,81,16:00:00,Wednesday,pape station to o Millwood bridge,General Delay,11,22,B/W,
2019-02-27,106,16:00:00,Wednesday,Sheppard West station,General Delay,10,20,NB,8216
2019-02-27,111,16:00:00,Wednesday,111 east mall,General Delay,40,50,B/W,8036
2019-02-27,945,16:00:00,Wednesday,Kipling express,General Delay,40,50,B/W,8004
2019-02-27,900,16:00:00,Wednesday,900 AIRPORT,General Delay,40,50,B/W,8000
2019-02-27,123,16:00:00,Wednesday,123 shorncliffe,General Delay,40,50,B/W,8053
2019-02-27,44,16:00:00,Wednesday,44 kipling,General Delay,40,50,B/W,8090
2019-02-27,30,16:00:00,Wednesday,30 Lampton,General Delay,40,60,B/W,8050
2019-02-27,117,16:00:00,Wednesday,Dufferin and Steeles,General Delay,12,24,S/B,1253
2019-02-27,90,16:00:00,Wednesday,St. Clair West station,Utilized Off Route,5,10,N/B,8200
2019-02-27,112,16:00:00,Wednesday,112 west mall,General Delay,40,40,B/W,8022
2019-02-27,45,16:00:00,Wednesday,Kipling route,General Delay,40,50,S/B,8607
2019-02-27,54,16:00:00,Wednesday,Lawrence RT,Mechanical,12,20,W/B,8660
2019-02-27,902,16:00:00,Wednesday,St Clair and Kingstion,General Delay,10,20,B/W,
2019-02-27,104,16:00:00,Wednesday,Wilson Station,General Delay,14,28,NB,1369
2019-02-27,88,16:01:00,Wednesday,Bayview & Moore,Utilized Off Route,6,12,W/B,8132
2019-02-27,79,16:05:00,Wednesday,RUST,Utilized Off Route,14,28,N/B,1353
2019-02-27,954,16:15:00,Wednesday,954 Lawrence East EXPRESS route,General Delay,1,1,B/W,
2019-02-27,85,16:17:00,Wednesday,Sheppard - Shorting,Investigation,16,36,W/B,1639
2019-02-27,68,16:24:00,Wednesday,Warden Station,Mechanical,13,20,N/B,8622
2019-02-27,85,16:27:00,Wednesday,Don Mills Station,Mechanical,16,32,E/B,1589
2019-02-27,60,16:32:00,Wednesday,Steeles & Peter Kaiser,Investigation,8,16,E/B,3138
2019-02-27,83,16:33:00,Wednesday,Donlands Station,Mechanical,12,24,S/B,8481
2019-02-27,91,16:34:00,Wednesday,2 Valleywoods Road,Mechanical,14,28,N/B,8592
2019-02-27,122,16:44:00,Wednesday,Graydon Hall Rd and Don Mills Rd,Diversion,95,110,E/B,
2019-02-27,43,16:45:00,Wednesday,Scarborough Centre RT,Mechanical,15,30,S/B,8704
2019-02-27,34,16:46:00,Wednesday,St. Dennis/Linkwood Lane.,Mechanical,11,22,E/B,8853
2019-02-27,711,16:48:00,Wednesday,Bloor and Ossington,Utilized Off Route,1,1,EB,8350
2019-02-27,29,16:49:00,Wednesday,dufferin,General Delay,7,1,,
2019-02-27,64,16:55:00,Wednesday,Southwood and Kingston,Diversion,0,0,N/B,8521
2019-02-27,36,17:00:00,Wednesday,Entire Route,General Delay,60,67,BW,9105
2019-02-27,105,17:00:00,Wednesday,Sheppard West station,General Delay,11,22,NB,1382
2019-02-27,927,17:00:00,Wednesday,Entire Route,General Delay,60,70,BW,3229
2019-02-27,22,17:00:00,Wednesday,Lower Gerrad to Queen,General Delay,9,18,B/W,
2019-02-27,46,17:00:00,Wednesday,Entire Route,General Delay,45,56,BW,3281
2019-02-27,90,17:06:00,Wednesday,St.Clair west station,Mechanical,5,10,N/B,8118
2019-02-27,39,17:07:00,Wednesday,OFIN,Late Leaving Garage,14,28,W/B,1712
2019-02-27,79,17:11:00,Wednesday,Pritchard and castleton,Diversion,9,15,B/W,1132
2019-02-27,24,17:20:00,Wednesday,Steeles and Victoria Park,Investigation,9,18,S/B,8414
2019-02-27,45,17:20:00,Wednesday,Kipling at Pricess margrett,Mechanical,9,18,S/B,8613
2019-02-27,24,17:25:00,Wednesday,steeles and Victoria park,Investigation,7,14,B/W,8414
2019-02-27,111,17:30:00,Wednesday,East mall at Burnhanthorpe,Investigation,10,20,S/B,8001
2019-02-27,989,17:43:00,Wednesday,Keele Station,Utilized Off Route,14,28,N/B,1418
2019-02-27,89,17:50:00,Wednesday,KSTN,Utilized Off Route,10,20,N/B,1576
2019-02-27,21,17:55:00,Wednesday,Kennedy Station,Mechanical,11,22,N/B,3414
2019-02-27,38,17:56:00,Wednesday,Morningside and Ellesmere Rd,Mechanical,13,26,E/B,1311
2019-02-27,109,18:02:00,Wednesday,Eglinton West station,Mechanical,11,22,N/B,8111
2019-02-27,41,18:21:00,Wednesday,Keele/Annette,Mechanical,12,24,S/B,9137
2019-02-27,117,18:24:00,Wednesday,Steeles and Alness,Mechanical,12,24,WB,1253
2019-02-27,52,18:25:00,Wednesday,Lawrence Station,Mechanical,15,30,W/B,8104
2019-02-27,127,18:25:00,Wednesday,Symington/Davenport,Investigation,1,1,E/B,1085
2019-02-27,122,18:27:00,Wednesday,ROYWOOD DR AND FENSIDE DR.,Mechanical,12,24,W/B,1355
2019-02-27,32,18:28:00,Wednesday,Marlee/Eglinton,Mechanical,10,20,E/B,1410
2019-02-27,952,18:30:00,Wednesday,Lawrence Station,Mechanical,12,24,W/B,1212
2019-02-27,52,18:33:00,Wednesday,Lawrence Ave w and Culford Rd,Investigation,12,24,W/B,8207
2019-02-27,104,18:38:00,Wednesday,Wilson Station,Mechanical,15,30,NB,1369
2019-02-27,112,18:49:00,Wednesday,Kipling station,Mechanical,8,37,N/B,7922
2019-02-27,7,19:20:00,Wednesday,Wilson,Mechanical,9,18,N/B,1271
2019-02-27,165,19:28:00,Wednesday,Steeles & weston,Mechanical,1,1,S/B,3249
2019-02-27,52,19:30:00,Wednesday,Lawrence Station,Mechanical,22,44,W/B,8373
2019-02-27,116,19:46:00,Wednesday,Kenn Stn,Investigation,1,1,E/B,8880
2019-02-27,32,19:51:00,Wednesday,Marlee,Mechanical,10,20,E/B,1603
2019-02-27,112,19:58:00,Wednesday,Kipling Station,Mechanical,15,30,N/B,8022
2019-02-27,925,19:58:00,Wednesday,DONS,Mechanical,9,19,S/B,8687
2019-02-27,29,20:03:00,Wednesday,Wingold and Lansdowne,Emergency Services,8,16,N,9139
2019-02-27,60,20:12:00,Wednesday,Steels/Alness,Investigation,9,18,E/B,3330
2019-02-27,60,20:12:00,Wednesday,Alness/Steeles,Investigation,9,18,E/B,3330
2019-02-27,41,20:13:00,Wednesday,Pioneer village station,Mechanical,17,34,S/B,9047
2019-02-27,129,20:19:00,Wednesday,Huntingwood Dr and McCowan Rd,Mechanical,6,18,S/B,1534
2019-02-27,89,20:30:00,Wednesday,Wilson/Albion,Mechanical,8,16,S/B,1109
2019-02-27,86,20:38:00,Wednesday,Lawernce and Kingston,Investigation,1,1,W/B,8833
2019-02-27,905,20:42:00,Wednesday,U of T Loop,Investigation,1,1,W/B,8669
2019-02-27,73,21:00:00,Wednesday,bloor and royal york.,General Delay,15,30,N/B,8081
2019-02-27,46,21:09:00,Wednesday,Steeles and Martingrove,Mechanical,17,34,SB,3270
2019-02-27,102,21:10:00,Wednesday,Warden Station,Utilized Off Route,10,20,B/W,8401
2019-02-27,95,21:20:00,Wednesday,MKEL,Mechanical,14,28,W/B,1632
2019-02-27,939,21:22:00,Wednesday,STC,Investigation,13,26,W/B,1607
2019-02-27,94,21:30:00,Wednesday,CAST,Mechanical,10,20,W/B,1590
2019-02-27,11,21:32:00,Wednesday,Bayviw and Lawrence,Mechanical,15,29,S/B,8105
2019-02-27,63,21:42:00,Wednesday,Eglinton West Station,Mechanical,5,10,NB,1371
2019-02-27,32,21:44:00,Wednesday,REGW,Mechanical,10,20,E/B,1099
2019-02-27,168,22:00:00,Wednesday,Entire Route,General Delay,20,30,B/W,
2019-02-27,15,22:21:00,Wednesday,ryst,General Delay,20,40,N/B,8064
2019-02-27,67,22:23:00,Wednesday,Pharm and Crossland,Mechanical,23,46,S/B,8652
2019-02-27,108,22:50:00,Wednesday,SWST,Mechanical,16,32,S/B,3235
2019-02-27,53,23:03:00,Wednesday,Maxome-MOFI,Mechanical,18,32,E/B,1593
2019-02-27,53,23:03:00,Wednesday,Maxome and Steeles,Mechanical,18,32,E/B,1593
2019-02-27,54,23:17:00,Wednesday,RTLS,Mechanical,20,40,EB,8829
2019-02-27,94,23:42:00,Wednesday,OSTN,Mechanical,9,18,E/B,1348
2019-02-28,43,00:18:00,Thursday,KENN,Mechanical,10,20,NB,8666
2019-02-28,91,00:38:00,Thursday,Woodbine station,Mechanical,30,60,N/B,8554
2019-02-28,86,01:16:00,Thursday,KENN,Emergency Services,9,19,E/B,8710
2019-02-28,54,02:15:00,Thursday,Markham and Lawrence,Investigation,,,E/B,8849
2019-02-28,343,03:10:00,Thursday,Kennedy and Finch,Diversion,55,85,S/B,
2019-02-28,300,03:13:00,Thursday,Main / Danforth,Investigation,10,40,E/B,7930
2019-02-28,320,03:29:00,Thursday,Steels/Yonge,Mechanical,4,7,W/B,1406
2019-02-28,300,03:54:00,Thursday,DDAN,Investigation,20,40,E/B,8008
2019-02-28,102,04:35:00,Thursday,Warden Station,Late Leaving Garage,15,30,E/B,8479
2019-02-28,45,04:59:00,Thursday,Steeles and Kipling Loop,Late Leaving Garage,11,25,S/B,8093
2019-02-28,39,05:00:00,Thursday,39 Finch Route-All Branch,General Delay,20,34,B/W,3457
2019-02-28,939,05:00:00,Thursday,939 Finch Express-All Branch,General Delay,20,29,B/W,3420
2019-02-28,395,05:05:00,Thursday,Morninside/Ellesmere,Mechanical,30,60,W/B,3455
2019-02-28,12,05:19:00,Thursday,KRBR,Late Leaving Garage,18,36,W/B,9210
2019-02-28,116,05:20:00,Thursday,KNEG / Eglinton and Kingston,Late Leaving Garage,6,12,N/B,8876
2019-02-28,39,05:21:00,Thursday,Baldoon and Finch,Late Leaving Garage,10,20,E/B,1244
2019-02-28,100,05:23:00,Thursday,Don Mills & Wynford,Late Leaving Garage,12,27,W/B,8897
2019-02-28,16,05:27:00,Thursday,WSTN,Late Leaving Garage,18,36,N/B,8403
2019-02-28,300,05:31:00,Thursday,Bloor/Jane,Mechanical,7,15,E/B,1077
2019-02-28,17,05:35:00,Thursday,SMCG,Late Leaving Garage,7,14,S/B,8463
2019-02-28,64,05:36:00,Thursday,MSTN,Late Leaving Garage,11,2,S/B,8410
2019-02-28,130,05:40:00,Thursday,MDSL,Late Leaving Garage,20,20,S/B,1335
2019-02-28,165,05:47:00,Thursday,FWES,Late Leaving Garage,5,10,W/B,3254
2019-02-28,135,05:50:00,Thursday,Main Station,Late Leaving Garage,20,40,E/B,8523
2019-02-28,52,05:50:00,Thursday,Breacrest and the Westway,Late Leaving Garage,15,30,E/B,1342
2019-02-28,17,05:50:00,Thursday,WSTN,Late Leaving Garage,14,28,N/B,8455
2019-02-28,32,05:51:00,Thursday,PINE,Utilized Off Route,7,14,E/B,1139
2019-02-28,69,05:52:00,Thursday,KRBI,Late Leaving Garage,12,24,S/B,9211
2019-02-28,68,05:53:00,Thursday,Warden Loop at Steeles,Late Leaving Garage,9,2,S/B,8866
2019-02-28,73,05:55:00,Thursday,Claireport and Albion,Mechanical,13,32,S/B,7933
2019-02-28,11,06:00:00,Thursday,DVSN,Utilized Off Route,15,35,N/B,1363
2019-02-28,14,06:00:00,Thursday,CALE,Late Leaving Garage,23,46,E/B,1125
2019-02-28,952,06:00:00,Thursday,Lawrence Station,Late Leaving Garage,11,22,W/B,1376
2019-02-28,28,06:00:00,Thursday,DVSN,Late Leaving Garage,30,60,S/B,8392
2019-02-28,61,06:01:00,Thursday,Bombay loop,Late Leaving Garage,11,22,S/B,8307
2019-02-28,52,06:01:00,Thursday,Lawrence Station,Late Leaving Garage,23,46,W/B,8328
2019-02-28,902,06:02:00,Thursday,WSTN,Late Leaving Garage,10,20,N/B,8439
2019-02-28,160,06:03:00,Thursday,WLSTN,Late Leaving Garage,20,40,N/B,8306
2019-02-28,24,06:04:00,Thursday,Victoria Park Station,Late Leaving Garage,13,26,N/B,8417
2019-02-28,900,06:04:00,Thursday,Kipling Station,Late Leaving Garage,10,20,N/B,7965
2019-02-28,34,06:04:00,Thursday,Kennedy station,Late Leaving Garage,4,8,W/B,8711
2019-02-28,102,06:05:00,Thursday,WSTN,Late Leaving Garage,19,38,N/B,8490
2019-02-28,35,06:06:00,Thursday,PVST,Late Leaving Garage,1,7,S/B,3176
2019-02-28,57,06:08:00,Thursday,MIDS - Midland and Steeles,Late Leaving Garage,8,16,S/B,8821
2019-02-28,79,06:10:00,Thursday,Pine & Lawrence,Late Leaving Garage,20,28,S/B,1379
2019-02-28,39,06:10:00,Thursday,Finch Station,Late Leaving Garage,15,30,E/B,3419
2019-02-28,112,06:10:00,Thursday,Kipling Station,Mechanical,14,28,S/B,7961
2019-02-28,124,06:10:00,Thursday,lawrence stn,Late Leaving Garage,12,24,E/B,8373
2019-02-28,34,06:11:00,Thursday,Eglinton station,Late Leaving Garage,4,13,E/B,8745
2019-02-28,106,06:11:00,Thursday,SWST,Utilized Off Route,12,25,N/B,8389
2019-02-28,8,06:12:00,Thursday,Plains / Coxwell,Late Leaving Garage,30,60,B/W,8931
2019-02-28,927,06:13:00,Thursday,Kipling Station,Late Leaving Garage,10,20,N/B,3214
2019-02-28,90,06:19:00,Thursday,OKLP,Late Leaving Garage,4,8,S/B,8309
2019-02-28,96,06:19:00,Thursday,Finch and Humberline Drive,Late Leaving Garage,13,26,E/B,3257
2019-02-28,939,06:20:00,Thursday,STC SRT,Late Leaving Garage,8,16,W/B,3401
2019-02-28,952,06:22:00,Thursday,Lawrence Station,Late Leaving Garage,11,22,W/B,8161
2019-02-28,60,06:22:00,Thursday,Signal Hill,Late Leaving Garage,7,14,E/B,3268
2019-02-28,127,06:23:00,Thursday,Old Weston / Townsley loop,Investigation,17,34,N/B,1136
2019-02-28,36,06:23:00,Thursday,Finch West Station,Late Leaving Garage,5,10,W/B,9130
2019-02-28,95,06:24:00,Thursday,Kingston Rd-Loop and Ellesmere Rd,Late Leaving Garage,8,6,S/B,3415
2019-02-28,39,06:25:00,Thursday,OFIN,Late Leaving Garage,15,30,W/B,1339
2019-02-28,7,06:26:00,Thursday,GRWN,Late Leaving Garage,8,16,S/B,8219
2019-02-28,89,06:26:00,Thursday,Keele stn,Utilized Off Route,6,12,N/B,1134
2019-02-28,87,06:28:00,Thursday,MSTN,Mechanical,5,10,E/B,9228
2019-02-28,186,06:29:00,Thursday,HLDG,Late Leaving Garage,10,20,E/B,3359
2019-02-28,95,06:32:00,Thursday,Ellesmere Loop,Mechanical,8,16,W/B,3455
2019-02-28,95,06:32:00,Thursday,KNRD,Mechanical,8,16,W/B,3455
2019-02-28,902,06:32:00,Thursday,WSTN,Late Leaving Garage,10,20,N/B,8456
2019-02-28,39,06:33:00,Thursday,Don Mills and Finch,Mechanical,15,30,W/B,3419
2019-02-28,939,06:34:00,Thursday,Morningside and Nightstar,Late Leaving Garage,8,16,W/B,3505
2019-02-28,186,06:34:00,Thursday,YKMS,Late Leaving Garage,1,10,W/B,3205
2019-02-28,54,06:36:00,Thursday,EGLINTON AND BRUCE PARK,Mechanical,12,24,W/B,8678
2019-02-28,39,06:38:00,Thursday,McNicoll and Victoria Park,Late Leaving Garage,10,20,W/B,3449
2019-02-28,44,06:38:00,Thursday,Evans and Kipling,Late Leaving Garage,7,14,N/B,7926
2019-02-28,925,06:39:00,Thursday,Pape stn,Late Leaving Garage,8,16,N/B,8839
2019-02-28,939,06:39:00,Thursday,STC SRT,Late Leaving Garage,8,16,W/B,3467
2019-02-28,939,06:40:00,Thursday,Finch Station,Late Leaving Garage,8,16,W/B,3416
2019-02-28,902,06:42:00,Thursday,WSTN,Late Leaving Garage,10,20,N/B,8934
2019-02-28,72,06:46:00,Thursday,pape station,Investigation,9,18,N/B,8593
2019-02-28,32,06:46:00,Thursday,PINE,Late Leaving Garage,7,14,E/B,1010
2019-02-28,937,06:46:00,Thursday,Islington and Steeles,Mechanical,,10,S/B,8076
2019-02-28,60,06:49:00,Thursday,PV,Investigation,5,10,E/B,
2019-02-28,985,06:49:00,Thursday,Sheppard Loop,Late Leaving Garage,10,20,W/B,9068
2019-02-28,36,06:49:00,Thursday,Humberwood loop,Mechanical,5,10,E/B,3194
2019-02-28,24,06:50:00,Thursday,Victoria Park / Jonesville,Investigation,10,20,S/B,8513
2019-02-28,939,06:50:00,Thursday,Finch Station,Late Leaving Garage,8,16,E/B,1232
2019-02-28,186,06:53:00,Thursday,York Mills Station,Late Leaving Garage,10,20,W/B,3102
2019-02-28,57,06:58:00,Thursday,MIDS / Midland and Steeles,Late Leaving Garage,9,18,S/B,8921
2019-02-28,54,07:00:00,Thursday,ENTIRE ROUTE,General Delay,30,55,B/W,
2019-02-28,61,07:00:00,Thursday,Eglinton Stn to Bombay Loop,General Delay,20,32,B/W,
2019-02-28,68,07:00:00,Thursday,entire route,General Delay,22,50,B/W,
2019-02-28,98,07:00:00,Thursday,Pekham/Cactus to Steeles/Yonge,General Delay,40,50,B/W,
2019-02-28,56,07:00:00,Thursday,Eglinton Stn to Don Mills Stn,General Delay,18,27,B/W,
2019-02-28,43,07:00:00,Thursday,ENTIRE ROUTE,General Delay,12,40,B/W,
2019-02-28,51,07:00:00,Thursday,Eglinbton Stn to Freshmeadows/Don Mills Rd,General Delay,18,36,B/W,
2019-02-28,5,07:00:00,Thursday,Eglinton Stn to Queen Park Circle,General Delay,16,32,B/W,
2019-02-28,124,07:00:00,Thursday,Lawrence stn to Sunnybrook hospital,General Delay,30,36,B/W,
2019-02-28,11,07:00:00,Thursday,Davisville Stn to Steeles Loop,General Delay,16,32,B/W,
2019-02-28,71,07:10:00,Thursday,INMD,Mechanical,18,36,S/B,1100
2019-02-28,939,07:13:00,Thursday,STC SRT,Late Leaving Garage,8,16,W/B,3452
2019-02-28,24,07:17:00,Thursday,Victoria Park Station,Mechanical,10,20,N/B,8546
2019-02-28,68,07:24:00,Thursday,WARDEN STN,Mechanical,30,60,N/B,8643
2019-02-28,14,07:24:00,Thursday,Davisville station,Mechanical,16,32,W/B,1067
2019-02-28,935,07:24:00,Thursday,Pioneer Village Station,Late Leaving Garage,7,14,S/B,3302
2019-02-28,905,07:26:00,Thursday,Eglinton East Express,Mechanical,10,20,E/B,8639
2019-02-28,45,07:27:00,Thursday,Kipling Station,Mechanical,22,44,N/B,7914
2019-02-28,945,07:28:00,Thursday,Kipling Station,Mechanical,5,10,N/B,7939
2019-02-28,97,07:30:00,Thursday,Hilda/ Steeles to Queens Quay/Yonge,General Delay,30,60,B/W,
2019-02-28,125,07:30:00,Thursday,Finch stn to Antibes/ Torresdale,General Delay,20,27,B/W,
2019-02-28,79,07:30:00,Thursday,Pine,Mechanical,9,18,S/B,1106
2019-02-28,96,07:33:00,Thursday,YKMS,Late Leaving Garage,20,40,W/B,3141
2019-02-28,35,07:38:00,Thursday,Jane and Finch,Investigation,9,18,S/B,3217
2019-02-28,42,07:40:00,Thursday,Eglinton stn to Dynamic,General Delay,18,22,B/W,
2019-02-28,12,07:43:00,Thursday,Victoria Park Station,Mechanical,30,60,E/B,8516
2019-02-28,109,07:45:00,Thursday,Eglinton West Stn to Lawrence West Stn,General Delay,195,1,B/W,
2019-02-28,109,07:45:00,Thursday,Marlee and Eglinton,General Delay,1,1,B/W,
2019-02-28,86,07:45:00,Thursday,Scarborough / KENN,General Delay,6,12,B/W,
2019-02-28,986,07:45:00,Thursday,Scarborough Express / KENN,General Delay,5,10,B/W,
2019-02-28,30,07:46:00,Thursday,High Park Station,Mechanical,21,42,E/B,7919
2019-02-28,937,07:56:00,Thursday,Islington Station,Mechanical,10,20,S/B,8432
2019-02-28,16,08:00:00,Thursday,McCowan Road Route,General Delay,9,18,BW,
2019-02-28,7,08:00:00,Thursday,Eglinton and Bathurst to Sheppard and Bathurst,General Delay,240,1,B/W,
2019-02-28,53,08:00:00,Thursday,Finch Staition / Morningside and Finch,General Delay,25,50,B/W,
2019-02-28,50,08:00:00,Thursday,Islington and Bloor,General Delay,20,25,B/W,
2019-02-28,9,08:00:00,Thursday,Bellamy Road Route,General Delay,15,30,BW,
2019-02-28,91,08:00:00,Thursday,Woodbine Station,General Delay,10,1,B/W,
2019-02-28,25,08:00:00,Thursday,Don Mills,General Delay,18,18,N/B,
2019-02-28,132,08:00:00,Thursday,STC to HPSE,General Delay,8,16,B/W,
2019-02-28,131,08:00:00,Thursday,Nugget Route,General Delay,20,40,B/W,1239
2019-02-28,127,08:00:00,Thursday,Entire Route,General Delay,25,50,BW,
2019-02-28,985,08:00:00,Thursday,Don Mills to RHGO,General Delay,10,20,B/W,
2019-02-28,111,08:00:00,Thursday,Kipling and Aukland anf Martingrove and Eglinton,General Delay,20,,B/W,
2019-02-28,89,08:00:00,Thursday,Entire Route,General Delay,15,30,BW,
2019-02-28,41,08:00:00,Thursday,Entire Route,General Delay,20,40,BW,
2019-02-28,61,08:00:00,Thursday,Eglinton stn to Bombay loop,General Delay,40,50,B/W,
2019-02-28,5,08:00:00,Thursday,Eglinton stn to Queens Park/Treasury,General Delay,15,28,B/W,
2019-02-28,116,08:00:00,Thursday,Morningside / KENN,General Delay,8,16,B/W,
2019-02-28,85,08:00:00,Thursday,Don Mills to RHGO,General Delay,10,20,B/W,
2019-02-28,15,08:00:00,Thursday,Entire Route,General Delay,25,,S/B,
2019-02-28,62,08:00:00,Thursday,Main Station,General Delay,10,1,B/W,
2019-02-28,995,08:00:00,Thursday,York MIll Station/Scarb. Coll. Loop,General Delay,25,50,W/B,
2019-02-28,121,08:00:00,Thursday,PRGT,General Delay,15,1,B/W,
2019-02-28,925,08:00:00,Thursday,Don Mills,General Delay,16,16,B/W,
2019-02-28,143,08:00:00,Thursday,Downtown - Beaches Express,General Delay,15,30,BW,0
2019-02-28,87,08:00:00,Thursday,Main Station,General Delay,13,1,B/W,
2019-02-28,95,08:00:00,Thursday,York Mills Route,General Delay,95,25,B/W,1332
2019-02-28,939,08:01:00,Thursday,Estelle and Finch,Investigation,8,16,E/B,1609
2019-02-28,44,08:02:00,Thursday,Kipling Stn,Mechanical,5,10,S/B,7926
2019-02-28,929,08:02:00,Thursday,WILS,Mechanical,9,18,S/B,9102
2019-02-28,929,08:14:00,Thursday,Exhibition Loop,Mechanical,9,18,N/B,9147
2019-02-28,42,08:17:00,Thursday,finch stn,Mechanical,12,24,E/B,8211
2019-02-28,165,08:22:00,Thursday,WILS,Mechanical,5,10,E/B,3322
2019-02-28,985,08:25:00,Thursday,Progress /Midland,Mechanical,10,20,W/B,9065
2019-02-28,52,08:25:00,Thursday,Lawrence and Glenmount,Investigation,14,28,E/B,1342
2019-02-28,902,08:30:00,Thursday,Markham Express Route,General Delay,15,1,B/W,
2019-02-28,72,08:30:00,Thursday,Pape Route,General Delay,10,1,B/W,
2019-02-28,945,08:30:00,Thursday,Kipling and Rexdale,Mechanical,6,12,N/B,8611
2019-02-28,22,08:30:00,Thursday,Coxwell Route,General Delay,10,1,B/W,
2019-02-28,102,08:30:00,Thursday,Markham Route,General Delay,15,1,B/W,
2019-02-28,90,08:30:00,Thursday,St.Clair/Oakwood,General Delay,90,11,B/W,
2019-02-28,32,08:30:00,Thursday,Entire route,General Delay,10,25,B/W,
2019-02-28,995,08:30:00,Thursday,Warden / Ellesmere,Mechanical,11,21,E/B,1682
2019-02-28,70,08:30:00,Thursday,O'Connor,General Delay,16,16,B/W,
2019-02-28,81,08:30:00,Thursday,Thornclifffe Route,General Delay,10,1,B/W,
2019-02-28,112,08:31:00,Thursday,Danish Cres. And Wellesworth,Mechanical,14,28,E/B,8006
2019-02-28,67,08:34:00,Thursday,1222 Pharmacy,Investigation,17,34,N/B,8863
2019-02-28,133,08:41:00,Thursday,MOFI to STC,General Delay,10,21,B/W,
2019-02-28,944,08:42:00,Thursday,Col Sam Loop,Mechanical,8,15,S/B,7910
2019-02-28,76,08:59:00,Thursday,Evans and Royal York,Mechanical,27,54,S/B,7974
2019-02-28,63,09:00:00,Thursday,Eglinton Ave W,General Delay,1,1,B/W,
2019-02-28,35,09:00:00,Thursday,Jane 35 Route,General Delay,15,24,B/W,
2019-02-28,900,09:04:00,Thursday,Kipling Station,Mechanical,10,20,N/B,8000
2019-02-28,7,09:19:00,Thursday,Lawrence and Bathurst St,Mechanical,8,16,N/B,8172
2019-02-28,54,09:20:00,Thursday,BAYVIEW AND EGLINTON,Investigation,9,18,E/B,8800
2019-02-28,935,09:30:00,Thursday,935 Jane Express Route,General Delay,15,25,B/W,
2019-02-28,24,09:53:00,Thursday,Steeles / Victoria Park,Utilized Off Route,10,20,S/B,8521
2019-02-28,102,09:54:00,Thursday,WSTN,Utilized Off Route,20,40,N/B,8464
2019-02-28,131,09:57:00,Thursday,Neilson / Tapscott,Mechanical,8,16,S/B,1239
2019-02-28,7,10:01:00,Thursday,GRWN,Mechanical,8,16,S/B,1288
2019-02-28,129,10:03:00,Thursday,MMRC to STC,General Delay,16,21,B/W,
2019-02-28,111,10:18:00,Thursday,Martingrove and Willowridge,Mechanical,14,28,S/B,8430
2019-02-28,134,10:18:00,Thursday,Baldoon / Finch,Mechanical,7,14,S/B,1393
2019-02-28,71,10:24:00,Thursday,RUST,Mechanical,23,46,N/B,1018
2019-02-28,51,10:25:00,Thursday,ENTIRE ROUTE,General Delay,1,1,B/W,
2019-02-28,11,10:42:00,Thursday,DVSN,Mechanical,12,24,N/B,1369
2019-02-28,25,10:50:00,Thursday,Pape stn,Mechanical,9,18,N/B,8784
2019-02-28,110,10:55:00,Thursday,Islington Station,Mechanical,18,36,S/B,8037
2019-02-28,100,10:57:00,Thursday,Broadview station,Mechanical,6,12,N/B,8854
2019-02-28,29,10:59:00,Thursday,Wilson Station,Mechanical,8,16,S/B,9142
2019-02-28,100,11:00:00,Thursday,Wynford Heights & Wynford Dr.,Investigation,6,12,N/B,8897
2019-02-28,24,11:00:00,Thursday,Consumers / Victoria Park,Mechanical,10,20,S/B,8437
2019-02-28,65,11:03:00,Thursday,Castle Frank Station,Mechanical,13,26,SB,8420
2019-02-28,43,11:05:00,Thursday,KENNEDY STN,Mechanical,12,24,E/B,8901
2019-02-28,112,11:12:00,Thursday,The Westmall at Bloor St W,Investigation,20,40,S/B,7907
2019-02-28,606,11:16:00,Thursday,MSTN,Utilized Off Route,1,1,S/B,8584
2019-02-28,710,11:17:00,Thursday,Eglinton garage,Utilized Off Route,1,1,W/B,8788
2019-02-28,939,11:18:00,Thursday,Finch and Seneca Coll loop,Mechanical,9,18,E/B,3454
2019-02-28,100,11:20:00,Thursday,Broadview station,Utilized Off Route,6,12,S/B,8899
2019-02-28,43,11:40:00,Thursday,KENNEDY STN,Mechanical,12,24,E/B,8847
2019-02-28,28,11:45:00,Thursday,BRCK,General Delay,15,30,N/B,8158
2019-02-28,32,11:53:00,Thursday,Eglinton West Stn.,Mechanical,11,21,N/B,1101
2019-02-28,929,11:54:00,Thursday,Dufferin and Glen Park,Mechanical,10,20,N/B,9055
2019-02-28,45,11:59:00,Thursday,Kipling and Rexdale,Diversion,60,65,N/B,7927
2019-02-28,24,12:15:00,Thursday,O'Connor / Victoria Park,Mechanical,10,20,N/B,9210
2019-02-28,25,12:24:00,Thursday,Don Mills & Duncan Mill,Mechanical,9,18,S/B,8890
2019-02-28,929,12:25:00,Thursday,Wilson Station,Mechanical,10,20,S/B,9147
2019-02-28,38,12:38:00,Thursday,Lawson Rd,Mechanical,12,24,S/B,1547
2019-02-28,95,12:40:00,Thursday,MKEL,Mechanical,14,28,W/B,3406
2019-02-28,124,12:48:00,Thursday,Sunnybrook Hospital,Mechanical,9,18,S/B,8312
2019-02-28,116,13:00:00,Thursday,Morningside and Kingston,Mechanical,10,20,W/B,8649
2019-02-28,720,13:02:00,Thursday,Don Mills & Freshmeadow,Mechanical,1,1,S/B,3
2019-02-28,45,13:14:00,Thursday,Disco and Atwell,Mechanical,20,40,S/B,8014
2019-02-28,54,13:20:00,Thursday,BARRYMORE AND LAWRENCE,Mechanical,12,24,W/B,8701
2019-02-28,22,13:30:00,Thursday,Coxwell Route,General Delay,15,1,B/W,
2019-02-28,44,13:35:00,Thursday,Kipling Station,Utilized Off Route,7,13,S/B,8097
2019-02-28,70,13:53:00,Thursday,St Clair & O'Connor,Investigation,18,36,N/B,8730
2019-02-28,80,14:00:00,Thursday,Keele stn,General Delay,1,1,W/B,7954
2019-02-28,26,14:00:00,Thursday,Dupont Route,General Delay,30,48,B/W,
2019-02-28,97,14:00:00,Thursday,entire route,General Delay,30,60,B/W,
2019-02-28,37,14:00:00,Thursday,Bloor and Islington,General Delay,1,1,B/W,
2019-02-28,12,14:00:00,Thursday,12 Kingston road,General Delay,15,1,B/W,
2019-02-28,94,14:00:00,Thursday,Wellesley Route,General Delay,20,27,B/W,
2019-02-28,47,14:00:00,Thursday,Lansdowne Route,General Delay,20,27,B/W,
2019-02-28,125,14:00:00,Thursday,entire route,General Delay,10,20,B/W,
2019-02-28,124,14:00:00,Thursday,entire route,General Delay,8,16,B/W,
2019-02-28,6,14:00:00,Thursday,Bay Route,General Delay,20,27,B/W,
2019-02-28,88,14:00:00,Thursday,entire route,General Delay,6,12,B/W,
2019-02-28,61,14:00:00,Thursday,entire route,General Delay,15,30,B/W,
2019-02-28,168,14:00:00,Thursday,Symington Route,General Delay,30,37,B/W,
2019-02-28,5,14:00:00,Thursday,entire route,General Delay,30,60,B/W,
2019-02-28,53,14:13:00,Thursday,Finch Station,Mechanical,6,13,N/B,1401
2019-02-28,52,14:18:00,Thursday,Terminal 3,Mechanical,14,28,E/B,8321
2019-02-28,31,14:22:00,Thursday,Greeenwood Ave and Ivy Ave,Mechanical,12,24,NB,8471
2019-02-28,66,14:24:00,Thursday,OLDM,Mechanical,15,30,S/B,7932
2019-02-28,35,14:28:00,Thursday,Jane Station,Mechanical,7,14,N/B,3234
2019-02-28,52,14:36:00,Thursday,Church and Jane,Late Leaving Garage,8,16,eb,8217
2019-02-28,12,14:40:00,Thursday,Kennedy Station,Late Leaving Garage,13,26,E/B,8535
2019-02-28,100,14:43:00,Thursday,DMWF,Late Leaving Garage,5,11,S/B,8876
2019-02-28,132,14:51:00,Thursday,Milner ave,Investigation,24,48,Note,1533
2019-02-28,95,14:52:00,Thursday,YKMS station,Mechanical,12,24,E/B,1827
2019-02-28,70,14:54:00,Thursday,WSTN,Mechanical,19,38,,8801
2019-02-28,11,14:59:00,Thursday,Bayview and Steeles,Mechanical,10,20,S/B,8357
2019-02-28,122,15:00:00,Thursday,York Mills Station to  ROYWOOD DR AND FENSIDE DR.,General Delay,25,37,B/W,
2019-02-28,79,15:00:00,Thursday,Entire Route,General Delay,20,35,B/W,
2019-02-28,52,15:00:00,Thursday,Lawrence Station to West Wood Mall,General Delay,28,40,B/W,
2019-02-28,913,15:00:00,Thursday,CECO-STC,General Delay,5,11,W/B,
2019-02-28,115,15:00:00,Thursday,York Mills Station to  BANNATYNE DR. AT SILVERGROVE RD.,General Delay,7,27,B/W,
2019-02-28,54,15:00:00,Thursday,Lawrence Ave East,General Delay,41,51,B/W,
2019-02-28,75,15:00:00,Thursday,Sherbourne route,General Delay,15,10,BW,
2019-02-28,610,15:02:00,Thursday,BSTN,Utilized Off Route,1,1,N/B,8735
2019-02-28,610,15:03:00,Thursday,Warden Station,Utilized Off Route,1,1,,8928
2019-02-28,54,15:04:00,Thursday,Lawrence east RT Station,Late Leaving Garage,40,1,E/B,8646
2019-02-28,600,15:04:00,Thursday,Pioneer Village Station,Utilized Off Route,0,0,S/B,3138
2019-02-28,600,15:05:00,Thursday,Construction RAD,Utilized Off Route,1,1,B/W,3345
2019-02-28,607,15:05:00,Thursday,Ellesmere and V.P,Utilized Off Route,1,1,W/B,1713
2019-02-28,606,15:05:00,Thursday,WSTN,Utilized Off Route,1,1,N/B,8961
2019-02-28,600,15:05:00,Thursday,Construction RAD,Utilized Off Route,1,1,B/W,3206
2019-02-28,716,15:06:00,Thursday,VPST,Utilized Off Route,1,1,N/B,8933
2019-02-28,125,15:07:00,Thursday,BAAN,Late Leaving Garage,10,20,W/B,1348
2019-02-28,701,15:08:00,Thursday,Eglinton West station,Utilized Off Route,1,1,W/B,1257
2019-02-28,45,15:09:00,Thursday,Kipling Station,Mechanical,4,15,N/B,7937
2019-02-28,121,15:09:00,Thursday,PRGT,Utilized Off Route,20,40,N/B,9235
2019-02-28,704,15:10:00,Thursday,Steeles and Barmac,Utilized Off Route,1,1,,3285
2019-02-28,79,15:10:00,Thursday,RUST,Diversion,120,126,S/B,
2019-02-28,720,15:10:00,Thursday,Kennedy STN,Utilized Off Route,1,1,E/B,8915
2019-02-28,63,15:10:00,Thursday,EGLINTON W STATION,Utilized Off Route,8,16,S/B,1373
2019-02-28,600,15:10:00,Thursday,Wilson station,Utilized Off Route,1,1,S/B,8126
2019-02-28,32,15:10:00,Thursday,Heddington and Eglinton,Mechanical,9,18,N/B,1112
2019-02-28,989,15:10:00,Thursday,Keele stn,Utilized Off Route,10,20,N/B,1416
2019-02-28,607,15:10:00,Thursday,FSTN,Utilized Off Route,1,1,E/B,1745
2019-02-28,29,15:10:00,Thursday,PRGT,Utilized Off Route,7,15,S/B,9144
2019-02-28,607,15:10:00,Thursday,STC,Utilized Off Route,1,1,B/W,1312
2019-02-28,46,15:11:00,Thursday,Kipling Station,Utilized Off Route,7,18,N/B,3340
2019-02-28,702,15:11:00,Thursday,Kipling Sstation,Utilized Off Route,1,1,S/B,8605
2019-02-28,941,15:12:00,Thursday,Keele station,Utilized Off Route,15,30,N/B,1078
2019-02-28,609,15:13:00,Thursday,St. Clair and Dufferin,Utilized Off Route,1,1,S/B,1023
2019-02-28,87,15:13:00,Thursday,BSTN,Utilized Off Route,6,12,N/B,8552
2019-02-28,65,15:14:00,Thursday,CASTN,Utilized Off Route,11,22,N/B,8521
2019-02-28,704,15:15:00,Thursday,Wilson Station,Utilized Off Route,1,1,S/B,3330
2019-02-28,720,15:15:00,Thursday,Kennedy STN,Utilized Off Route,1,1,E/B,8710
2019-02-28,55,15:15:00,Thursday,Entire Route,General Delay,20,35,B/W,
2019-02-28,610,15:15:00,Thursday,CSTN,Utilized Off Route,1,1,B/W,8685
2019-02-28,63,15:15:00,Thursday,KING AND ATLANTIC,Utilized Off Route,8,16,N/B,8387
2019-02-28,168,15:15:00,Thursday,Runnymede and St Clair,Utilized Off Route,7,14,S/B,1130
2019-02-28,26,15:15:00,Thursday,Jane stn,Utilized Off Route,8,16,N/B,1075
2019-02-28,95,15:16:00,Thursday,ELRT,Late Leaving Garage,6,11,W/B,1394
2019-02-28,72,15:16:00,Thursday,PSTN,Utilized Off Route,7,14,N/B,8566
2019-02-28,85,15:17:00,Thursday,Rouge Hill GO Station,Utilized Off Route,16,32,W/B,1714
2019-02-28,112,15:17:00,Thursday,Kipling Staion,Utilized Off Route,20,40,N/B,7956
2019-02-28,35,15:17:00,Thursday,Jane Station,Utilized Off Route,10,20,N/B,3324
2019-02-28,123,15:19:00,Thursday,Sherway Gardens,Utilized Off Route,15,36,S/B,8606
2019-02-28,902,15:20:00,Thursday,warden statoin,Late Leaving Garage,10,20,N/B,8456
2019-02-28,45,15:20:00,Thursday,Kipling Station,Utilized Off Route,14,28,N/B,7946
2019-02-28,600,15:20:00,Thursday,Keele Station,Utilized Off Route,1,1,S/B,7965
2019-02-28,100,15:20:00,Thursday,BSTN,Utilized Off Route,5,11,N/B,8835
2019-02-28,64,15:20:00,Thursday,Main Station,Investigation,8,16,SB,8410
2019-02-28,71,15:20:00,Thursday,Runnymede stn,General Delay,10,20,N/B,1141
2019-02-28,89,15:20:00,Thursday,Keele station,Utilized Off Route,10,20,N/B,1085
2019-02-28,71,15:20:00,Thursday,Runnymede stn,Diversion,10,20,S/B,1141
2019-02-28,39,15:21:00,Thursday,FSTN,Utilized Off Route,14,28,E/B,1339
2019-02-28,25,15:22:00,Thursday,PSTN,Utilized Off Route,6,17,B/W,8926
2019-02-28,20,15:23:00,Thursday,Main Station,Late Leaving Garage,14,28,E/B,8601
2019-02-28,79,15:25:00,Thursday,RUST,Utilized Off Route,15,29,N/B,1120
2019-02-28,34,15:25:00,Thursday,ESTN,Utilized Off Route,11,22,E/B,8794
2019-02-28,35,15:27:00,Thursday,Jane Station,Utilized Off Route,10,20,N/B,3300
2019-02-28,939,15:27:00,Thursday,FSTN,Late Leaving Garage,12,24,E/B,1385
2019-02-28,75,15:27:00,Thursday,Sherbourne and Bloor,Utilized Off Route,7,14,S/B,1217
2019-02-28,63,15:30:00,Thursday,Ossington and College,Utilized Off Route,8,16,S/B,1251
2019-02-28,95,15:30:00,Thursday,YKMS,Utilized Off Route,10,20,W/B,1403
2019-02-28,22,15:30:00,Thursday,coxwell  and Gerrard,General Delay,8,16,N/B,
2019-02-28,134,15:30:00,Thursday,STC-CECO-FDFI,General Delay,15,30,B/W,
2019-02-28,90,15:31:00,Thursday,Oakwood and Vaughan,Utilized Off Route,5,10,S/B,8212
2019-02-28,21,15:34:00,Thursday,STC,Late Leaving Garage,11,22,N/B,1661
2019-02-28,32,15:40:00,Thursday,Kane and Eglinton,Investigation,10,20,E/B,1254
2019-02-28,85,15:40:00,Thursday,Don Mills Station,Utilized Off Route,16,32,W/B,1794
2019-02-28,72,15:40:00,Thursday,Commissioner /cherry,General Delay,16,32,N/B,
2019-02-28,952,15:44:00,Thursday,Termninal 3,Late Leaving Garage,12,24,E/B,1382
2019-02-28,989,15:45:00,Thursday,Weston /  Finch,Investigation,10,20,S/B,1080
2019-02-28,924,15:46:00,Thursday,Victoria Park Station,Late Leaving Garage,9,18,E/B,9206
2019-02-28,21,15:47:00,Thursday,Brimley and Eglinton,Mechanical,13,24,N/B,3437
2019-02-28,29,15:53:00,Thursday,Rogers and Dufferin,Mechanical,8,16,S/B,9025
2019-02-28,102,16:00:00,Thursday,Sheppard and Markham road,General Delay,10,20,N/B,
2019-02-28,87,16:00:00,Thursday,87 Cosburn Route,General Delay,10,20,B/W,
2019-02-28,50,16:00:00,Thursday,Islington Station to Mill road loop,General Delay,15,30,B/W,
2019-02-28,952,16:00:00,Thursday,Lawrence Station to Pearson Airport,General Delay,29,41,B/W,
2019-02-28,49,16:00:00,Thursday,49 Bloor,General Delay,15,30,B/W,8048
2019-02-28,30,16:00:00,Thursday,30 Lamton,General Delay,15,30,B/W,8042
2019-02-28,40,16:00:00,Thursday,Dundas West Station to Runneymede loop,General Delay,15,25,B/W,
2019-02-28,98,16:00:00,Thursday,entire route,General Delay,30,60,B/W,
2019-02-28,73,16:00:00,Thursday,Albion/Claireport to Lakeshore at Mimico,General Delay,15,25,B/W,
2019-02-28,995,16:11:00,Thursday,SCLP,Mechanical,11,22,W/B,1752
2019-02-28,145,16:30:00,Thursday,Kipling/Lakeshore to Richmond/Spadina,General Delay,15,45,B/W,
2019-02-28,54,16:32:00,Thursday,Lawrence and Morningside,Mechanical,10,20,E/B,8921
2019-02-28,168,16:36:00,Thursday,Weston Rd at Rogers,Mechanical,7,14,N/B,1051
2019-02-28,902,16:37:00,Thursday,centenial  Collage,Emergency Services,10,20,N/B,8510
2019-02-28,133,16:39:00,Thursday,STC,Mechanical,7,14,W/B,1813
2019-02-28,902,16:40:00,Thursday,Markham and Eglintion,Mechanical,10,20,N/B,8473
2019-02-28,937,16:46:00,Thursday,Islington and Vanhill,Investigation,11,22,S/B,8035
2019-02-28,113,16:48:00,Thursday,North Service road ( Kennedy Station),Investigation,1,1,E/B,8489
2019-02-28,95,16:50:00,Thursday,Neilson RD on Ellesmere,Mechanical,10,20,E/B,1531
2019-02-28,46,16:55:00,Thursday,Kipling Station,Utilized Off Route,11,22,N/B,3154
2019-02-28,42,17:00:00,Thursday,Harold Evans and Gordan Baker,Mechanical,13,26,S/B,8208
2019-02-28,63,17:00:00,Thursday,Eglinton West Stn to King,General Delay,28,38,S/B,
2019-02-28,104,17:10:00,Thursday,Sheppard west stn to wilson stn,General Delay,26,40,B/W,
2019-02-28,927,17:10:00,Thursday,Dundas and The East Mall,Mechanical,12,24,W/B,3250
2019-02-28,168,17:15:00,Thursday,Davenport at Old Weston Rd.,Mechanical,7,14,E/B,1626
2019-02-28,945,17:16:00,Thursday,Kipling Station,Mechanical,8,16,N/B,7906
2019-02-28,35,17:17:00,Thursday,PVST,Investigation,10,20,S/B,3281
2019-02-28,35,17:17:00,Thursday,PVST,Investigation,10,20,S/B,3286
2019-02-28,72,17:19:00,Thursday,Military Trail,Investigation,14,39,E/B,8574
2019-02-28,107,17:35:00,Thursday,Carnarctic Dr and Petrolia Rd,Diversion,1,1,B/W,3297
2019-02-28,953,17:35:00,Thursday,MKST,Mechanical,953,13,W/B,9097
2019-02-28,76,17:42:00,Thursday,Mimico at Lakeshore,Mechanical,7,14,N/B,8044
2019-02-28,113,17:46:00,Thursday,531 Danforth Rd,Investigation,1,1,E/B,8445
2019-02-28,32,18:05:00,Thursday,Pine and Lawrence,Utilized Off Route,10,20,E/B,1536
2019-02-28,989,18:14:00,Thursday,Northland Ave / Weston road,Mechanical,10,20,N/B,1345
2019-02-28,94,18:20:00,Thursday,Parliament at Bloor,Mechanical,8,16,W/B,1378
2019-02-28,36,18:32:00,Thursday,Finch and Sentinel,Mechanical,6,12,W/B,3354
2019-02-28,112,18:35:00,Thursday,Carlingview / Dixon,Mechanical,10,20,S/B,8084
2019-02-28,109,18:54:00,Thursday,Lawrence West Station,Utilized Off Route,12,44,S/B,1290
2019-02-28,91,19:00:00,Thursday,Woodbine Station,Mechanical,14,28,,9203
2019-02-28,35,19:20:00,Thursday,Finch,Mechanical,10,20,S/B,3217
2019-02-28,52,19:25:00,Thursday,Lawrence Station,Mechanical,11,23,W/B,8155
2019-02-28,52,19:54:00,Thursday,Lawence ave w and Keele St,Mechanical,11,23,W/B,8382
2019-02-28,95,20:28:00,Thursday,Leslie Street and York Mills RD,Mechanical,14,28,E/B,3432
2019-02-28,54,20:45:00,Thursday,Eglinton and Sutherland,Mechanical,13,26,E/B,8620
2019-02-28,609,20:48:00,Thursday,RUST,Utilized Off Route,1,1,N/B,1023
2019-02-28,37,20:50:00,Thursday,Islington stn,Utilized Off Route,20,40,N/B,8017
2019-02-28,89,20:50:00,Thursday,Keele station,Utilized Off Route,8,16,N/B,1084
2019-02-28,110,20:52:00,Thursday,Islington stn,Utilized Off Route,22,44,S/B,8038
2019-02-28,35,20:54:00,Thursday,JNST,Utilized Off Route,10,20,N/B,3308
2019-02-28,32,20:54:00,Thursday,Eglinton W stn,Mechanical,6,12,W/B,1349
2019-02-28,95,20:55:00,Thursday,Bayview Ave and York Mills Rd,Mechanical,14,28,E/B,3444
2019-02-28,63,21:01:00,Thursday,Ossington station,Utilized Off Route,10,20,N/B,8148
2019-02-28,7,21:01:00,Thursday,Bathurst station,Utilized Off Route,9,18,N/B,1230
2019-02-28,123,21:25:00,Thursday,Kipling stn,Emergency Services,15,30,W/B,8080
2019-02-28,54,21:44:00,Thursday,Lawrence and Birchmount,Mechanical,13,26,E/B,8832
2019-02-28,54,21:49:00,Thursday,Lawrence and Birchmount,Mechanical,13,26,E/B,8892
2019-02-28,124,22:00:00,Thursday,Lawrence Station to Sunnybrook hospital,General Delay,9,29,B/W,
2019-02-28,72,22:04:00,Thursday,pape station,Mechanical,20,40,N/B,8858
2019-02-28,38,22:06:00,Thursday,Lawson and Port Union,Mechanical,12,24,E/B,1596
2019-02-28,72,22:31:00,Thursday,pape station,Mechanical,18,36,N/B,8455
2019-02-28,29,23:25:00,Thursday,Dundas and Dufferin,Investigation,8,17,S/B,9023
2019-02-28,29,23:29:00,Thursday,Dufferin and Bloor,Investigation,8,17,N/B,9052
2019-02-28,24,23:44:00,Thursday,VPST,Utilized Off Route,10,20,N/B,8904
2019-02-28,102,23:45:00,Thursday,Nugget /Markham,Emergency Services,10,20,N/B,8551
2019-02-28,11,23:45:00,Thursday,Davisville station to steeles,General Delay,30,60,B/W,
