Report Date,Route,Time,Day,Location,Incident ID,Incident,Delay,Gap,Direction,Vehicle
2019-04-01,76,00:27:00,Monday,mimico and lakeshore,5,Investigation,25,50,S/B,7949
2019-04-01,135,00:55:00,Monday,MSTN,1,Mechanical,30,60,E/B,8448
2019-04-01,87,01:05:00,Monday,MSTN,4,Utilized Off Route,10,20,W/B,8937
2019-04-01,64,01:23:00,Monday,MSTN,4,Utilized Off Route,20,40,S/B,8948
2019-04-01,320,01:30:00,Monday,Yonge/Dundas,3,Diversion,243,273,B/W,
2019-04-01,332,03:23:00,Monday,Weston/Eglinton,3,Diversion,90,120,E/B,1633
2019-04-01,21,03:54:00,Monday,Kennedy Station,9,,11,22,N/B,3400
2019-04-01,68,04:48:00,Monday,Warden & Danforth,9,,12,12,N/B,8629
2019-04-01,168,04:50:00,Monday,Avon loop,9,,10,10,S/B,1626
2019-04-01,39,04:52:00,Monday,Baldoon and Finch,9,,19,19,E/B,3518
2019-04-01,134,04:55:00,Monday,TARC,9,,18,18,W/B,9086
2019-04-01,36,04:56:00,Monday,FARR,9,,10,20,E/B,3290
2019-04-01,939,05:00:00,Monday,939 Finch Express-All Branch,8,General Delay,10,18,B/W,1327
2019-04-01,39,05:00:00,Monday,39 Finch route-All Branch,8,General Delay,14,28,B/W,3518
2019-04-01,40,05:05:00,Monday,Dundas west,1,Mechanical,12,20,W/B,7951
2019-04-01,320,05:08:00,Monday,Yonge and Eglinton,9,,4,8,N/B,8338
2019-04-01,87,05:25:00,Monday,Broadview Statoin,9,,5,10,NB,8946
2019-04-01,22,05:30:00,Monday,Coxwell Ave and Gerrard St East,3,Diversion,330,338,NB,
2019-04-01,134,05:32:00,Monday,TARC,9,,18,34,N/B,9077
2019-04-01,96,05:35:00,Monday,Jane and Wilson,1,Mechanical,19,37,W/B,3268
2019-04-01,96,05:35:00,Monday,Finch and Humberline,9,,12,14,E/B,3317
2019-04-01,25,05:36:00,Monday,PSTN,9,,1,1,N/B,8789
2019-04-01,87,05:40:00,Monday,Broadview Station,9,,5,10,NB,8465
2019-04-01,32,05:40:00,Monday,ESTN,9,,14,24,W/B,1349
2019-04-01,39,05:41:00,Monday,Baldoon and Finch,9,,7,14,E/B,1361
2019-04-01,36,05:44:00,Monday,YEGL,9,,11,26,S/B,8720
2019-04-01,53,05:45:00,Monday,PAMK,9,,5,11,W/B,3454
2019-04-01,12,05:46:00,Monday,Kennedy stn,9,,7,14,,8484
2019-04-01,68,05:46:00,Monday,Warden Station,1,Mechanical,1,1,N/B,8721
2019-04-01,60,05:56:00,Monday,SLPM,9,,10,31,E/B,3329
2019-04-01,165,05:58:00,Monday,Signet and Steeles,9,,3,12,W/B,3183
2019-04-01,47,05:59:00,Monday,Yorkdale,9,,18,36,S/B,1144
2019-04-01,82,05:59:00,Monday,rosedale stn,9,,25,0,S/B,8368
2019-04-01,129,06:00:00,Monday,STC,9,,6,16,N/B,1565
2019-04-01,88,06:06:00,Monday,Laird and Mcrae,9,,9,18,S/B,1282
2019-04-01,32,06:06:00,Monday,PINE,9,,4,6,E/B,1076
2019-04-01,52,06:08:00,Monday,LSTA,1,Mechanical,15,23,W/B,8349
2019-04-01,39,06:10:00,Monday,Finch Station,9,,17,34,E/B,1596
2019-04-01,985,06:13:00,Monday,STC,9,,14,14,W/B,9068
2019-04-01,54,06:15:00,Monday,Eglinton Station,9,,9,18,E/B,8685
2019-04-01,939,06:16:00,Monday,STC SRT,9,,8,16,E/B,1327
2019-04-01,953,06:17:00,Monday,MOFI,9,,18,31,W/B,9071
2019-04-01,95,06:24:00,Monday,KNRD,9,,8,16,W/B,3415
2019-04-01,54,06:24:00,Monday,Eglinton Station,4,Utilized Off Route,9,18,E/B,8720
2019-04-01,54,06:27:00,Monday,Lawrence & Scarb Golf Club,9,,9,18,E/B,8738
2019-04-01,186,06:29:00,Monday,Humber College,9,,10,19,E/B,3158
2019-04-01,941,06:29:00,Monday,Keele Station,9,,11,23,N/B,1074
2019-04-01,43,06:29:00,Monday,Kennedy Station,9,,10,20,N/B,8630
2019-04-01,100,06:29:00,Monday,DMWF,9,,4,7,S/B,8678
2019-04-01,79,06:35:00,Monday,Pine & Lawrence,9,,12,24,S/B,1205
2019-04-01,111,06:36:00,Monday,Kipling stn,1,Mechanical,12,24,N/B,8040
2019-04-01,53,06:36:00,Monday,STMC,1,Mechanical,4,10,W/B,9088
2019-04-01,46,06:36:00,Monday,KPSN,9,,11,22,N/B,3131
2019-04-01,995,06:42:00,Monday,U-F-T SCLP Loop,9,,10,20,W/B,1631
2019-04-01,939,06:42:00,Monday,Finch Station,9,,8,16,E/B,1577
2019-04-01,7,06:43:00,Monday,Bathurst & Lawrence,1,Mechanical,7,14,N/B,1283
2019-04-01,91,06:45:00,Monday,wood bine station,9,,1,1,N/B,8556
2019-04-01,939,06:50:00,Monday,Finch Station,9,,8,16,E/B,3405
2019-04-01,95,06:54:00,Monday,ELRT,9,,8,16,W/B,1668
2019-04-01,96,06:55:00,Monday,Carrier Loop,9,,19,37,E/B,3346
2019-04-01,85,06:55:00,Monday,McCowan and Sheppard,1,Mechanical,11,27,W/B,1781
2019-04-01,29,06:59:00,Monday,Dufferin & St Clair,5,Investigation,8,16,S/B,9027
2019-04-01,927,07:04:00,Monday,HWY 27 and Belfield,1,Mechanical,7,13,7,3315
2019-04-01,100,07:07:00,Monday,DMWF,9,,4,7,S/B,8726
2019-04-01,985,07:08:00,Monday,stc,6,Emergency Services,10,20,W/B,9098
2019-04-01,908,07:10:00,Monday,Warden Station,9,,10,20,EB,3101
2019-04-01,73,07:10:00,Monday,Clairport,1,Mechanical,10,20,S/B,8017
2019-04-01,100,07:14:00,Monday,DMWF,9,,4,7,S/B,8649
2019-04-01,995,07:24:00,Monday,U-F-T SCLP Loop,1,Mechanical,10,20,W/B,1640
2019-04-01,36,07:35:00,Monday,Humber Wood,1,Mechanical,4,9,E/B,9134
2019-04-01,91,07:36:00,Monday,woodbine station,1,Mechanical,20,40,N/B,8402
2019-04-01,24,07:45:00,Monday,victoria park atlair,1,Mechanical,7,14,,8955
2019-04-01,609,07:47:00,Monday,QNLA,4,Utilized Off Route,1,1,N/B,1056
2019-04-01,610,07:49:00,Monday,DMWF,4,Utilized Off Route,1,1,E/B,8729
2019-04-01,33,07:50:00,Monday,St Clair W stn,4,Utilized Off Route,20,40,N/B,8360
2019-04-01,6,07:52:00,Monday,Davenport and Dupont,6,Emergency Services,5,10,S/B,1045
2019-04-01,39,07:55:00,Monday,Finch Station,9,,15,30,E/B,3425
2019-04-01,90,07:57:00,Monday,St Clair W stn,4,Utilized Off Route,4,8,N/B,8198
2019-04-01,90,08:00:00,Monday,st clair wstn / oakwood,8,General Delay,4,8,B/W,
2019-04-01,7,08:00:00,Monday,bathurst stn / steeles,8,General Delay,8,16,B/W,
2019-04-01,160,08:00:00,Monday,clarke / wilson stn,8,General Delay,10,20,B/W,
2019-04-01,75,08:00:00,Monday,queen quay / maple,8,General Delay,6,12,B/W,
2019-04-01,47,08:05:00,Monday,Caledonia and Lawrence,1,Mechanical,18,36,N/B,1417
2019-04-01,34,08:05:00,Monday,ESTN,4,Utilized Off Route,4,8,E/B,8752
2019-04-01,45,08:15:00,Monday,SLPK,1,Mechanical,22,44,S/B,8036
2019-04-01,129,08:18:00,Monday,STC,6,Emergency Services,15,30,S/B,9070
2019-04-01,91,08:21:00,Monday,Railside and Lawrence,1,Mechanical,1,1,wb,8552
2019-04-01,60,08:37:00,Monday,Yonge,5,Investigation,5,10,W/B,3191
2019-04-01,131,08:45:00,Monday,Tapscott and McLevin,3,Diversion,19,27,S/B,1533
2019-04-01,905,08:50:00,Monday,Markham Road and Eglinton Ave East,1,Mechanical,10,20,NB,8460
2019-04-01,34,09:00:00,Monday,Route 34- Eglinton East,8,General Delay,24,29,B/W,
2019-04-01,606,09:30:00,Monday,Donmills station,4,Utilized Off Route,1,1,N/B,8963
2019-04-01,87,09:34:00,Monday,BSTN,4,Utilized Off Route,10,20,N/B,8529
2019-04-01,100,09:38:00,Monday,BSTN,4,Utilized Off Route,6,12,N/B,8756
2019-04-01,25,09:39:00,Monday,PSTN,4,Utilized Off Route,9,18,N/B,8826
2019-04-01,706,09:40:00,Monday,Jarvis and Adelaide,4,Utilized Off Route,1,1,N/B,8530
2019-04-01,126,09:48:00,Monday,Chriistie & St Clair,4,Utilized Off Route,17,34,S/B,1096
2019-04-01,124,10:00:00,Monday,Entire Route,8,General Delay,9,18,B/W,
2019-04-01,37,10:03:00,Monday,Islington and Steeles,1,Mechanical,21,42,S/B,7957
2019-04-01,110,10:22:00,Monday,Islington stn,1,Mechanical,9,18,S/B,7963
2019-04-01,96,10:30:00,Monday,Wilson and Clayson,1,Mechanical,7,20,E/B,3137
2019-04-01,133,10:40:00,Monday,stc,1,Mechanical,11,22,N/B,1639
2019-04-01,52,10:55:00,Monday,TOMG,1,Mechanical,14,28,E/B,8112
2019-04-01,53,10:57:00,Monday,Steeles and Henderson,1,Mechanical,5,17,W/B,1593
2019-04-01,167,11:00:00,Monday,John and  Leslie,5,Investigation,20,40,,9216
2019-04-01,86,11:18:00,Monday,KENN STN,1,Mechanical,25,50,E/B,8907
2019-04-01,116,11:30:00,Monday,KENN STN,4,Utilized Off Route,10,20,E/B,8807
2019-04-01,900,11:33:00,Monday,KPSN,5,Investigation,9,18,E/B,8007
2019-04-01,133,11:45:00,Monday,stc,1,Mechanical,11,22,N/B,1772
2019-04-01,124,11:53:00,Monday,Mildenhall and Lawrence,5,Investigation,9,18,E/B,8216
2019-04-01,44,12:01:00,Monday,TORLAKE AND KIPLING,5,Investigation,7,14,S/B,8613
2019-04-01,108,12:10:00,Monday,Shoreham,3,Diversion,31,40,W/B,3139
2019-04-01,45,12:10:00,Monday,KPSN,6,Emergency Services,10,20,N/B,8053
2019-04-01,939,12:25:00,Monday,Sheppard and McCowan,1,Mechanical,9,18,NB,3417
2019-04-01,38,12:41:00,Monday,RHGO,1,Mechanical,12,25,W/B,1667
2019-04-01,121,13:00:00,Monday,Front  york  street/,8,General Delay,10,20,B/W,
2019-04-01,25,13:21:00,Monday,DONS,5,Investigation,8,16,N/B,8918
2019-04-01,50,13:31:00,Monday,Islington Station,1,Mechanical,,32,,7946
2019-04-01,165,13:32:00,Monday,Yonge and Wilson,5,Investigation,10,20,E/B,3183
2019-04-01,124,13:33:00,Monday,Sunnybrook Hospital,1,Mechanical,9,18,W/B,8439
2019-04-01,129,13:34:00,Monday,Major Mackenzie and Mccowan,1,Mechanical,28,56,S/B,1658
2019-04-01,75,13:36:00,Monday,Bloor & Sherbourne,5,Investigation,7,14,S/B,8204
2019-04-01,96,13:38:00,Monday,Wilson Station,1,Mechanical,20,40,E/B,1224
2019-04-01,47,14:00:00,Monday,Tycos and Caledonia,8,General Delay,25,30,B/W,
2019-04-01,122,14:19:00,Monday,YKMS,1,Mechanical,15,30,E/B,8177
2019-04-01,124,14:20:00,Monday,Lawrence,1,Mechanical,9,18,W/B,8349
2019-04-01,113,14:27:00,Monday,Kennedy Station,1,Mechanical,23,46,W/B,3104
2019-04-01,900,14:30:00,Monday,KPSN,1,Mechanical,10,20,S/B,8001
2019-04-01,72,14:43:00,Monday,pape station,9,,14,28,S/B,8574
2019-04-01,129,14:43:00,Monday,McNicoll on McCowan,5,Investigation,7,17,N/B,9070
2019-04-01,60,14:50:00,Monday,Keele,9,,5,10,W/B,3283
2019-04-01,116,14:50:00,Monday,MNEL,9,,10,10,N/B,1802
2019-04-01,43,14:51:00,Monday,3241 Kennedy Rd,6,Emergency Services,5,8,N/B,8816
2019-04-01,35,14:51:00,Monday,ARGA,1,Mechanical,4,10,E/B,3357
2019-04-01,43,14:57:00,Monday,3241 Kennedy Rd,3,Diversion,5,40,N/B,8816
2019-04-01,39,14:58:00,Monday,MCVP,1,Mechanical,14,14,W/B,1728
2019-04-01,44,14:59:00,Monday,KPSN,1,Mechanical,7,14,S/B,8062
2019-04-01,102,15:00:00,Monday,Markham Road / WAST,8,General Delay,10,10,B/W,
2019-04-01,52,15:00:00,Monday,WMALL to LSTN,8,General Delay,10,23,W/B,
2019-04-01,924,15:00:00,Monday,steels and vp,9,,9,18,S/B,9238
2019-04-01,952,15:00:00,Monday,Terminal 3 to Lawrence station,8,General Delay,12,24,B/W,
2019-04-01,129,15:00:00,Monday,STC- MCST-MMRC,8,General Delay,17,34,N/B,
2019-04-01,23,15:00:00,Monday,Dawes Road / MSTN,8,General Delay,10,20,B/W,
2019-04-01,34,15:01:00,Monday,ESTN,1,Mechanical,5,9,E/B,8691
2019-04-01,72,15:01:00,Monday,Pape station,1,Mechanical,7,14,S/B,8494
2019-04-01,38,15:03:00,Monday,STC,9,,9,18,E/B,3407
2019-04-01,71,15:08:00,Monday,Mount Dennis to Gunn's Loop,9,,19,38,S/B,1413
2019-04-01,32,15:10:00,Monday,Mount Dennis to Keele and Eglinton,9,,1,2,E/B,1144
2019-04-01,25,15:12:00,Monday,Don Mills Rd/Wynford Dr,5,Investigation,7,13,N/B,8775
2019-04-01,134,15:15:00,Monday,STC,9,,6,10,E/B,3458
2019-04-01,941,15:15:00,Monday,On Keele at Lawrence,5,Investigation,1,1,S/B,1074
2019-04-01,39,15:28:00,Monday,Neilson/Crow trail,1,Mechanical,14,28,W/B,1580
2019-04-01,133,15:31:00,Monday,STC,9,,8,15,E/B,3471
2019-04-01,134,15:38:00,Monday,CECO,1,Mechanical,5,10,W/B,1559
2019-04-01,109,15:39:00,Monday,Eglinton West Station,1,Mechanical,11,22,N/B,1234
2019-04-01,89,16:00:00,Monday,Entire Route,8,General Delay,15,30,BW,
2019-04-01,83,16:00:00,Monday,83 Jones,8,General Delay,10,1,W/B,
2019-04-01,10,16:00:00,Monday,Don Mills Station,1,Mechanical,15,30,E/B,8158
2019-04-01,41,16:00:00,Monday,Entire Route,8,General Delay,15,30,BW,
2019-04-01,91,16:00:00,Monday,91 Woobinw Ave,8,General Delay,15,1,N/B,
2019-04-01,6,16:10:00,Monday,Bay and Elm,3,Diversion,25,30,S/B,
2019-04-01,106,16:20:00,Monday,Sheppard West Stn,1,Mechanical,11,22,N/B,8396
2019-04-01,34,16:52:00,Monday,Kennedy and Eglinton,6,Emergency Services,4,8,E/B,8772
2019-04-01,32,16:53:00,Monday,Pine and Lawrence,1,Mechanical,10,20,E/B,1144
2019-04-01,100,16:56:00,Monday,BSTN,1,Mechanical,6,12,N/B,8649
2019-04-01,88,17:00:00,Monday,St.Clair Stn,1,Mechanical,12,24,W/B,8344
2019-04-01,145,17:00:00,Monday,Royal York to Richmond and Spadina,8,General Delay,14,44,B/W,
2019-04-01,186,17:13:00,Monday,Jane and Wilson,1,Mechanical,11,21,E/B,3172
2019-04-01,116,17:15:00,Monday,Markham & Kingston,4,Utilized Off Route,12,24,W/B,8780
2019-04-01,23,17:15:00,Monday,Danforth and Main,1,Mechanical,0,0,N/B,8402
2019-04-01,129,17:27:00,Monday,STC,1,Mechanical,17,34,N/B,1565
2019-04-01,89,17:30:00,Monday,Weston / Albion,1,Mechanical,10,20,E/B,1009
2019-04-01,131,17:40:00,Monday,MCSH,1,Mechanical,9,18,N/B,1596
2019-04-01,14,17:40:00,Monday,Glencairn /  Danesbury,5,Investigation,16,31,E/B,1516
2019-04-01,900,17:40:00,Monday,,1,Mechanical,8,16,W/B,8011
2019-04-01,42,17:40:00,Monday,Victoria Park Mcnicoll,1,Mechanical,13,26,N/B,1278
2019-04-01,135,17:46:00,Monday,Gerrard st and Victoria Park Ave,5,Investigation,20,40,W/B,8600
2019-04-01,124,17:50:00,Monday,Lawrence to sunnybrook,8,General Delay,18,26,B/W,
2019-04-01,954,17:50:00,Monday,STSP,1,Mechanical,11,22,W/B,8887
2019-04-01,34,17:52:00,Monday,Lebovic and Eglinton,1,Mechanical,4,8,W/B,8791
2019-04-01,56,18:25:00,Monday,Donlands Stn,1,Mechanical,21,21,N/B,8327
2019-04-01,985,18:28:00,Monday,S LP,1,Mechanical,9,18,W/B,9058
2019-04-01,52,18:29:00,Monday,Terminal 3,1,Mechanical,6,18,E/B,1279
2019-04-01,929,18:30:00,Monday,Wilson stn,1,Mechanical,10,20,S/B,9033
2019-04-01,42,18:30:00,Monday,Finch Station,1,Mechanical,13,26,N/B,1286
2019-04-01,17,18:32:00,Monday,Rougside Promenade,3,Diversion,38,76,N/B,8572
2019-04-01,927,19:01:00,Monday,Humber College,1,Mechanical,12,24,,3359
2019-04-01,29,19:10:00,Monday,Princess Gate,4,Utilized Off Route,8,15,N/B,9145
2019-04-01,72,19:13:00,Monday,Pape Avenue / PSTN,1,Mechanical,18,36,S/B,3111
2019-04-01,12,19:17:00,Monday,Victoria park station,1,Mechanical,18,36,S/B,8935
2019-04-01,104,19:21:00,Monday,Finch and Dufferin,3,Diversion,20,40,B/W,
2019-04-01,38,19:25:00,Monday,RHGO,1,Mechanical,9,18,W/B,1817
2019-04-01,939,20:14:00,Monday,Finch Ave W/Dufferin St,3,Diversion,13,186,W/B,1668
2019-04-01,25,20:33:00,Monday,Pape STN,5,Investigation,9,17,N/B,8771
2019-04-01,15,21:32:00,Monday,Anglesey Blvd and Royal York,5,Investigation,30,60,W/B,8090
2019-04-01,121,21:40:00,Monday,Blue Jay Way,3,Diversion,20,40,B/W,
2019-04-01,102,21:47:00,Monday,Markham Road / WAST,9,,10,20,N/B,8408
2019-04-01,96,22:20:00,Monday,Holyoake Cres and Humberline Drive,3,Diversion,29,48,B/W,3265
2019-04-01,36,22:26:00,Monday,Humber College and Humberline,3,Diversion,25,35,,9106
2019-04-01,96,23:19:00,Monday,Carrier Loop,1,Mechanical,20,40,E/B,3302
2019-04-02,24,00:00:00,Tuesday,Oconnor and Victoria parck,5,Investigation,12,24,N/B,8935
2019-04-02,29,00:30:00,Tuesday,Dufferin and Lawrence,1,Mechanical,10,19,S/B,9048
2019-04-02,53,01:18:00,Tuesday,Waggoners Wells Lane and Steeles Ave,3,Diversion,92,110,B/W,1759
2019-04-02,45,01:20:00,Tuesday,panorama and kipling,5,Investigation,10,20,N/B,8043
2019-04-02,353,01:51:00,Tuesday,Waggoners Wells Lane and Steeles Ave,3,Diversion,209,239,B/W,1772
2019-04-02,300,02:13:00,Tuesday,Terminal #3 Pearson Airport,6,Emergency Services,20,20,E/B,8003
2019-04-02,39,04:00:00,Tuesday,39 Finch Route-All Branch,8,General Delay,14,28,B/W,1333
2019-04-02,320,04:00:00,Tuesday,Adelaide,1,Mechanical,4,8,N/B,1351
2019-04-02,939,04:00:00,Tuesday,939 Finch Express-All Branch,8,General Delay,10,18,B/W,1548
2019-04-02,29,04:36:00,Tuesday,Dufferin and Lawrence,9,,11,24,N/B,9137
2019-04-02,38,04:57:00,Tuesday,RHGO,9,,15,15,W/B,1657
2019-04-02,102,04:59:00,Tuesday,warden stn,1,Mechanical,20,40,N/B,3103
2019-04-02,52,05:03:00,Tuesday,Pearson Airport Terminal 1,9,,13,26,E/B,8190
2019-04-02,17,05:09:00,Tuesday,warden station,9,,30,60,N/B,8513
2019-04-02,29,05:10:00,Tuesday,Dufferin and Bloor,9,,12,24,N/B,9023
2019-04-02,60,05:11:00,Tuesday,FSTN,9,,12,24,E/B,3295
2019-04-02,900,05:30:00,Tuesday,Kipling stn,4,Utilized Off Route,10,20,N/B,8008
2019-04-02,110,05:37:00,Tuesday,Longbranch loop,9,,10,20,N/B,8045
2019-04-02,34,05:39:00,Tuesday,ESTN,1,Mechanical,12,24,E/B,8875
2019-04-02,125,05:39:00,Tuesday,Bathurst at Antibes,9,,18,36,S/B,8205
2019-04-02,36,05:44:00,Tuesday,HWLP,9,,5,9,W/B,9116
2019-04-02,47,05:44:00,Tuesday,Queen and Lansdowne,9,,4,9,N/B,1144
2019-04-02,94,05:46:00,Tuesday,CastleFrank Stn,9,,6,13,W/B,1097
2019-04-02,55,05:46:00,Tuesday,Jane Stn.,1,Mechanical,30,60,N/B,1084
2019-04-02,77,05:50:00,Tuesday,RUST,9,,15,25,S/B,1002
2019-04-02,54,05:57:00,Tuesday,Eglinton Station,1,Mechanical,9,18,E/B,8699
2019-04-02,34,06:02:00,Tuesday,ESTN,9,,4,8,E/B,8787
2019-04-02,145,06:05:00,Tuesday,Kipling at Lakeshore,5,Investigation,30,30,E/B,7950
2019-04-02,5,06:07:00,Tuesday,Eglinton Station,9,,13,26,S/B,8213
2019-04-02,108,06:10:00,Tuesday,Stong and Driftwood,9,,8,20,W/B,3364
2019-04-02,68,06:12:00,Tuesday,Warden & Steeles,1,Mechanical,5,11,S/B,8823
2019-04-02,122,06:15:00,Tuesday,YKMS,9,,11,23,E/B,8315
2019-04-02,102,06:15:00,Tuesday,warden station,1,Mechanical,19,38,N/B,8434
2019-04-02,924,06:17:00,Tuesday,warden station,9,,5,10,N/B,3101
2019-04-02,34,06:20:00,Tuesday,KENN,9,,4,8,W/B,8767
2019-04-02,165,06:21:00,Tuesday,York Mills Station,9,,5,11,W/B,3217
2019-04-02,82,06:21:00,Tuesday,wilson garage,9,,25,,S/B,8210
2019-04-02,54,06:24:00,Tuesday,Eglinton Station,4,Utilized Off Route,9,18,E/B,8853
2019-04-02,44,06:27:00,Tuesday,CSSL,4,Utilized Off Route,7,14,N/B,8608
2019-04-02,74,06:30:00,Tuesday,St Clair Station,9,,15,30,N/B,8155
2019-04-02,75,06:37:00,Tuesday,wilson garage,9,,10,20,S/B,8145
2019-04-02,125,06:38:00,Tuesday,BAAN,9,,10,21,E/B,1371
2019-04-02,54,06:38:00,Tuesday,Eglinton Station,4,Utilized Off Route,9,18,E/B,8822
2019-04-02,32,06:42:00,Tuesday,KEEG,1,Mechanical,1,1,E/B,1603
2019-04-02,29,06:47:00,Tuesday,DLAW,9,,7,15,N/B,9054
2019-04-02,902,06:50:00,Tuesday,wstn,9,,10,20,N/B,3106
2019-04-02,100,07:00:00,Tuesday,DMWF,9,,3,7,S/B,8639
2019-04-02,165,07:06:00,Tuesday,Barmac and Steeles,1,Mechanical,5,11,E/B,1238
2019-04-02,81,07:06:00,Tuesday,pape station,1,Mechanical,5,10,N/B,8432
2019-04-02,719,07:10:00,Tuesday,MDGA,1,Mechanical,1,1,E/B,1202
2019-04-02,60,07:32:00,Tuesday,FSTN,9,,7,14,W/B,3171
2019-04-02,900,07:37:00,Tuesday,T3,1,Mechanical,9,18,S/B,8001
2019-04-02,25,07:53:00,Tuesday,PSTN,1,Mechanical,5,11,N/B,8662
2019-04-02,90,08:00:00,Tuesday,st clair wstn / oakwood,8,General Delay,4,8,B/W,
2019-04-02,160,08:00:00,Tuesday,wilson stn / clarke,8,General Delay,9,18,B/W,
2019-04-02,122,08:09:00,Tuesday,ROUP,9,,12,24,E/B,1346
2019-04-02,129,08:23:00,Tuesday,McNicoll and McCowan,5,Investigation,15,30,S/B,9016
2019-04-02,11,08:27:00,Tuesday,Davisville Station,1,Mechanical,15,30,N/B,1280
2019-04-02,75,08:30:00,Tuesday,queen quay / maple,8,General Delay,6,12,B/W,
2019-04-02,719,08:35:00,Tuesday,Northcliff on Eglinton,5,Investigation,1,1,E/B,1039
2019-04-02,929,08:47:00,Tuesday,Dufferin & Eglinton,5,Investigation,10,20,S/B,9141
2019-04-02,24,09:19:00,Tuesday,victoria park and mcnicoll,1,Mechanical,10,20,E/B,8552
2019-04-02,38,09:27:00,Tuesday,Old Kingston Road and Watson,5,Investigation,11,23,E/B,1577
2019-04-02,35,09:40:00,Tuesday,Jane & Eddystone,6,Emergency Services,8,15,S/B,3203
2019-04-02,9,09:59:00,Tuesday,warden station,1,Mechanical,23,46,E/B,8502
2019-04-02,52,10:00:00,Tuesday,LWCA,1,Mechanical,14,26,W/B,8330
2019-04-02,95,10:19:00,Tuesday,Conlin's Rd,6,Emergency Services,20,40,E/B,3417
2019-04-02,36,10:36:00,Tuesday,Sentinel Road,5,Investigation,5,10,W/B,9129
2019-04-02,134,10:41:00,Tuesday,CECO Loop,1,Mechanical,6,12,W/B,9075
2019-04-02,129,10:47:00,Tuesday,Alton Towers,1,Mechanical,7,21,N/B,1392
2019-04-02,42,11:37:00,Tuesday,Finch Station,1,Mechanical,11,22,E/B,8371
2019-04-02,42,12:04:00,Tuesday,McNicoll and Ponymil,1,Mechanical,16,32,E/B,8326
2019-04-02,7,12:12:00,Tuesday,invermay,5,Investigation,8,16,N/B,8201
2019-04-02,133,12:48:00,Tuesday,Finch and Morningside,5,Investigation,13,26,SB,1398
2019-04-02,21,12:49:00,Tuesday,STC,1,Mechanical,25,50,N/B,3483
2019-04-02,37,13:19:00,Tuesday,Humberwood Loop,1,Mechanical,6,12,N/B,7931
2019-04-02,37,13:19:00,Tuesday,Humberwood loop,1,Mechanical,9,18,S/B,7931
2019-04-02,96,13:38:00,Tuesday,Humber College Blvd and Hwy 27,5,Investigation,20,40,W/B,3347
2019-04-02,102,14:00:00,Tuesday,markham &  Kingston,5,Investigation,20,30,s,8453
2019-04-02,34,14:11:00,Tuesday,Eglinton/Leslie,5,Investigation,8,16,W/B,8787
2019-04-02,52,14:16:00,Tuesday,Terminal 1,5,Investigation,14,28,E/B,8108
2019-04-02,95,14:17:00,Tuesday,YKMS,9,,11,23,E/B,3427
2019-04-02,22,14:18:00,Tuesday,Coxwell stn,1,Mechanical,8,16,S/B,8405
2019-04-02,24,14:24:00,Tuesday,Victoria Park and St. Clair,1,Mechanical,10,20,S/B,8520
2019-04-02,53,14:25:00,Tuesday,Malvern Garage,1,Mechanical,1,1,W/B,3420
2019-04-02,95,14:28:00,Tuesday,YKMS 3.03P,9,,8,16,E/B,1593
2019-04-02,7,14:30:00,Tuesday,Route 7,8,General Delay,16,23,B/W,
2019-04-02,129,14:34:00,Tuesday,stc,9,,4,8,N/B,3416
2019-04-02,6,14:36:00,Tuesday,DDUP,1,Mechanical,5,10,S/B,1590
2019-04-02,53,14:36:00,Tuesday,Kennedy and Finch,1,Mechanical,1,1,W/B,3512
2019-04-02,116,14:37:00,Tuesday,Midland and Eglinton,1,Mechanical,8,16,N/B,8847
2019-04-02,37,14:50:00,Tuesday,"On Islington, at Rexdale",5,Investigation,19,38,N/B,7927
2019-04-02,66,14:50:00,Tuesday,"On Lakeshore, at Marine Parade",1,Mechanical,14,33,N/B,8076
2019-04-02,24,14:51:00,Tuesday,Cassandra and Underhill,9,,6,6,S/B,8550
2019-04-02,26,14:51:00,Tuesday,STGE,9,,17,34,W/B,1273
2019-04-02,7,14:52:00,Tuesday,Bathurst & Patricia,5,Investigation,7,14,N/B,8201
2019-04-02,56,14:58:00,Tuesday,ESTN,9,,17,19,E/B,1301
2019-04-02,75,15:00:00,Tuesday,Route 75,8,General Delay,22,28,B/W,
2019-04-02,952,15:00:00,Tuesday,Terminal 3 to lawrence station,8,General Delay,12,24,B/W,
2019-04-02,122,15:00:00,Tuesday,YKMS yo Roywood,8,General Delay,12,24,B/W,
2019-04-02,70,15:00:00,Tuesday,O'Connor/Glenwood and Eglinton/Victoria Park,8,General Delay,30,47,B/W,
2019-04-02,52,15:00:00,Tuesday,WMALL to LSTN,8,General Delay,10,23,B/W,
2019-04-02,113,15:03:00,Tuesday,Main Station,9,,11,22,E/B,8529
2019-04-02,953,15:07:00,Tuesday,BREB,9,,4,4,E/B,9060
2019-04-02,985,15:08:00,Tuesday,Sheppard and Brown Spring,5,Investigation,9,18,W/B,9099
2019-04-02,953,15:10:00,Tuesday,MOFI,9,,15,30,W/B,9058
2019-04-02,129,15:24:00,Tuesday,MCFI,1,Mechanical,17,34,N/B,1813
2019-04-02,41,15:30:00,Tuesday,Nb On Keele at Maple Leaf,5,Investigation,1,1,N/B,1357
2019-04-02,85,15:46:00,Tuesday,SHEP,5,Investigation,16,32,E/B,1640
2019-04-02,53,15:56:00,Tuesday,Redlea and Steeles,5,Investigation,5,10,E/B,1725
2019-04-02,41,16:00:00,Tuesday,Entire Route,8,General Delay,15,30,BW,
2019-04-02,89,16:00:00,Tuesday,Entire Route,8,General Delay,15,30,BW,
2019-04-02,20,16:17:00,Tuesday,Main Station,1,Mechanical,14,28,E/B,8569
2019-04-02,32,16:20:00,Tuesday,Eglinton West Station,1,Mechanical,9,18,E/B,1008
2019-04-02,42,16:20:00,Tuesday,Finch stn,1,Mechanical,13,26,W/B,8371
2019-04-02,124,16:29:00,Tuesday,Lawrence to sunnybrook,8,General Delay,26,34,B/W,
2019-04-02,69,16:29:00,Tuesday,Warden Station,1,Mechanical,17,34,S/B,8442
2019-04-02,10,16:40:00,Tuesday,Don Mills stn,9,,10,20,E/B,8307
2019-04-02,97,16:40:00,Tuesday,ykms stn,1,Mechanical,30,60,N/B,1236
2019-04-02,54,16:45:00,Tuesday,STSP,1,Mechanical,10,20,W/B,8735
2019-04-02,61,17:00:00,Tuesday,Eglinton Stn to Bombay Loop,8,General Delay,17,12,W/B,
2019-04-02,95,17:11:00,Tuesday,W/b On York Mills west of Bayview,5,Investigation,11,22,W/B,3430
2019-04-02,97,17:20:00,Tuesday,Yorkmills to Queens Quay,8,General Delay,16,46,B/W,
2019-04-02,165,17:32:00,Tuesday,Clayson and Wilson,1,Mechanical,8,16,E/B,3207
2019-04-02,985,17:34:00,Tuesday,SLP,1,Mechanical,9,18,W/B,1327
2019-04-02,43,17:40:00,Tuesday,KENN,1,Mechanical,8,17,N/B,8835
2019-04-02,52,17:52:00,Tuesday,Lawrence station,1,Mechanical,14,27,W/B,8176
2019-04-02,165,18:08:00,Tuesday,Dufferin and Wilson,5,Investigation,1,1,W/B,3319
2019-04-02,100,18:08:00,Tuesday,BSTN,1,Mechanical,6,12,N/B,8813
2019-04-02,47,18:12:00,Tuesday,YRKDL,1,Mechanical,27,54,S/B,1265
2019-04-02,6,18:24:00,Tuesday,DDUP,5,Investigation,5,10,S/B,1529
2019-04-02,105,18:26:00,Tuesday,Sheppard West Stn,1,Mechanical,12,24,N/B,1214
2019-04-02,32,18:48:00,Tuesday,Northcliffe Blvd. and Eglinton,5,Investigation,10,20,E/B,1072
2019-04-02,56,19:01:00,Tuesday,Donlands Stn,5,Investigation,1,1,N/B,8145
2019-04-02,104,19:30:00,Tuesday,Wilson Station to Sheppard West Station,8,General Delay,25,40,B/W,
2019-04-02,68,20:40:00,Tuesday,WSTN,1,Mechanical,11,21,N/B,8821
2019-04-02,22,21:15:00,Tuesday,CSTN,1,Mechanical,10,20,S/B,8554
2019-04-02,54,21:23:00,Tuesday,Brockley and Lawrence,1,Mechanical,14,27,W/B,8726
2019-04-02,75,21:50:00,Tuesday,Bloor and Sherbourne,1,Mechanical,13,26,N/B,1234
2019-04-02,6,22:00:00,Tuesday,Bay and Front,8,General Delay,30,50,B/W,
2019-04-02,6,22:13:00,Tuesday,Bay and Gerrald,5,Investigation,10,20,N/B,1378
2019-04-02,63,22:20:00,Tuesday,Oakwood and Vaughan,5,Investigation,10,20,S/B,1288
2019-04-02,63,22:46:00,Tuesday,Ossington stn,1,Mechanical,11,22,S/B,1271
2019-04-02,41,23:04:00,Tuesday,PVST,1,Mechanical,20,40,S/B,9025
2019-04-02,84,23:16:00,Tuesday,WEBR,1,Mechanical,10,20,E/B,1274
2019-04-02,54,23:19:00,Tuesday,Morningside on Lawrence,1,Mechanical,17,37,E/B,8736
2019-04-03,121,00:10:00,Wednesday,Princess Gate Loop / Fort York Esplande,1,Mechanical,10,20,E/B,8465
2019-04-03,109,00:28:00,Wednesday,Glencairn and Marlee,3,Diversion,72,92,B/W,
2019-04-03,79,00:45:00,Wednesday,Runnymede/ Colbeck,1,Mechanical,30,60,N/B,1555
2019-04-03,53,00:50:00,Wednesday,Markham Rd and Steeles Ave,3,Diversion,33,51,E/B,1779
2019-04-03,53,01:10:00,Wednesday,Warbler Circle and Staines Rd,1,Mechanical,18,36,S/B,1779
2019-04-03,89,01:15:00,Wednesday,Weston / Denison,4,Utilized Off Route,10,20,N/B,1052
2019-04-03,34,01:56:00,Wednesday,KENN,1,Mechanical,19,36,W/B,8896
2019-04-03,41,02:13:00,Wednesday,Lawrence/Keele,5,Investigation,30,60,S/B,9020
2019-04-03,320,03:38:00,Wednesday,QQYO,1,Mechanical,4,8,N/B,8349
2019-04-03,300,04:03:00,Wednesday,Kennedy Stn,9,,10,35,W/B,8601
2019-04-03,332,04:25:00,Wednesday,Weston Road,6,Emergency Services,30,60,E/B,1107
2019-04-03,85,04:26:00,Wednesday,Neilson and Sheppard,1,Mechanical,20,40,W/B,1664
2019-04-03,939,04:27:00,Wednesday,Finch Station,1,Mechanical,12,24,B/W,1568
2019-04-03,39,04:30:00,Wednesday,39 Finch Route-All Branch,8,General Delay,14,28,B/W,3409
2019-04-03,939,04:30:00,Wednesday,939 Finch Express-All Branch,8,General Delay,10,18,B/W,1683
2019-04-03,79,05:00:00,Wednesday,MDGA,1,Mechanical,1,1,S/B,1008
2019-04-03,336,05:00:00,Wednesday,Humberwood,1,Mechanical,30,60,E/B,3449
2019-04-03,65,05:03:00,Wednesday,CAST,9,,14,28,S/B,9213
2019-04-03,54,05:10:00,Wednesday,Lawrence & scarb Golf Club,1,Mechanical,5,5,E/B,8889
2019-04-03,79,05:26:00,Wednesday,PINE,1,Mechanical,1,1,S/B,1099
2019-04-03,7,05:30:00,Wednesday,dufferin / gerry fitzgerold,1,Mechanical,27,54,S/B,8153
2019-04-03,132,05:31:00,Wednesday,Sewells and Brenyon Way,9,,12,24,E/B,1804
2019-04-03,5,05:32:00,Wednesday,Wilson Garage,1,Mechanical,13,26,S/B,1253
2019-04-03,94,05:39:00,Wednesday,Queens Park,9,,6,6,E/B,1078
2019-04-03,32,05:40:00,Wednesday,KEEG,1,Mechanical,1,1,E/B,1127
2019-04-03,48,05:42:00,Wednesday,427 at Renforth,1,Mechanical,12,24,N/B,8072
2019-04-03,64,05:47:00,Wednesday,MSTN,9,,11,22,S/B,8446
2019-04-03,36,05:50:00,Wednesday,HWLP,9,,5,9,E/B,9134
2019-04-03,52,05:52:00,Wednesday,,9,,23,45,W/B,8392
2019-04-03,41,05:53:00,Wednesday,KSTN,9,,11,25,N/B,9025
2019-04-03,129,05:54:00,Wednesday,stc,9,,6,15,W/B,1366
2019-04-03,37,06:00:00,Wednesday,Humberwood loop,1,Mechanical,15,30,N/B,8018
2019-04-03,81,06:06:00,Wednesday,Pape Station,9,,6,12,N/B,8551
2019-04-03,87,06:06:00,Wednesday,Broadview Station,1,Mechanical,5,10,E/B,3105
2019-04-03,36,06:08:00,Wednesday,FWSN,9,,5,9,W/B,9106
2019-04-03,39,06:10:00,Wednesday,Finch Station,9,,15,30,E/B,3469
2019-04-03,927,06:17:00,Wednesday,MGRC,9,,6,13,S/B,3249
2019-04-03,929,06:18:00,Wednesday,Dufferin & Liberty,5,Investigation,8,17,N/B,9146
2019-04-03,123,06:19:00,Wednesday,Kipling Station,9,,17,55,S/B,8088
2019-04-03,52,06:19:00,Wednesday,LSTA,9,,15,30,W/B,8333
2019-04-03,119,06:22:00,Wednesday,WILS,9,,20,40,W/B,1224
2019-04-03,168,06:29:00,Wednesday,Avon loop,9,,5,10,S/B,1093
2019-04-03,53,06:29:00,Wednesday,Passmore and Markham,9,,6,11,S/B,1793
2019-04-03,131,06:30:00,Wednesday,Scarborough Town Centre,9,,7,15,N/B,1630
2019-04-03,960,06:36:00,Wednesday,PVST,9,,10,20,E/B,1209
2019-04-03,86,06:39:00,Wednesday,Kennedy STN,1,Mechanical,6,12,E/B,8927
2019-04-03,939,06:41:00,Wednesday,Nightstar and Morningside,9,,8,16,W/B,3416
2019-04-03,49,06:42:00,Wednesday,Kipling Station,9,,12,21,W/B,7906
2019-04-03,939,06:46:00,Wednesday,STC SRT,9,,8,16,W/B,1662
2019-04-03,985,06:49:00,Wednesday,slp,9,,17,27,W/B,9068
2019-04-03,985,06:56:00,Wednesday,DONS,1,Mechanical,10,17,E/B,9075
2019-04-03,32,07:04:00,Wednesday,Eglinton West Stn.,5,Investigation,7,14,W/B,1129
2019-04-03,129,07:30:00,Wednesday,STC to MMRC,8,General Delay,20,35,bw,
2019-04-03,89,07:30:00,Wednesday,Keele Station - Albion at Weston,8,General Delay,20,30,B/W,
2019-04-03,161,07:30:00,Wednesday,Jane at Alliane - Ossington Station,8,General Delay,22,32,B/W,
2019-04-03,127,07:30:00,Wednesday,Spadina Station / Townsley Loop,8,General Delay,27,37,B/W,
2019-04-03,989,07:30:00,Wednesday,Keele Station / Steeles at Signet,8,General Delay,20,30,B/W,
2019-04-03,41,07:30:00,Wednesday,Keele Station - Pioneer Village Station,8,General Delay,20,30,B/W,1625
2019-04-03,169,07:52:00,Wednesday,McCowan and Nugget,5,Investigation,30,60,E/B,1216
2019-04-03,75,07:57:00,Wednesday,bloor,1,Mechanical,5,10,S/B,8125
2019-04-03,132,08:00:00,Wednesday,132 Milner Route,8,General Delay,20,26,B/W,1778
2019-04-03,82,08:00:00,Wednesday,maple / queen quay,8,General Delay,5,9,B/W,
2019-04-03,939,08:00:00,Wednesday,McCowan under SRT Bridge,3,Diversion,720,728,S/B,1662
2019-04-03,90,08:00:00,Wednesday,st clair wstn / oakwood,8,General Delay,3,7,B/W,
2019-04-03,82,08:00:00,Wednesday,rosedale stn / summerhill,8,General Delay,9,15,B/W,
2019-04-03,130,08:00:00,Wednesday,130 Middlefield Route,8,General Delay,16,32,B/W,1768
2019-04-03,16,08:21:00,Wednesday,McCowan and St.Andrews,1,Mechanical,9,18,N/B,8552
2019-04-03,34,08:30:00,Wednesday,Both ways on eglinton,8,General Delay,17,21,E/B,
2019-04-03,79,08:30:00,Wednesday,PINE,1,Mechanical,9,18,S/B,1074
2019-04-03,944,08:36:00,Wednesday,Kipling Station,5,Investigation,7,15,S/B,8414
2019-04-03,97,08:40:00,Wednesday,Yonge & Eglinton,5,Investigation,30,60,N/B,1390
2019-04-03,39,08:59:00,Wednesday,Neilson and Crow Trail,1,Mechanical,5,10,W/B,1404
2019-04-03,52,09:00:00,Wednesday,entire route,8,General Delay,14,28,W/B,
2019-04-03,129,09:12:00,Wednesday,STC,1,Mechanical,7,27,N/B,1402
2019-04-03,34,09:20:00,Wednesday,KENN,6,Emergency Services,8,16,W/B,8643
2019-04-03,85,09:31:00,Wednesday,DONS,1,Mechanical,22,44,W/B,1774
2019-04-03,47,09:50:00,Wednesday,Caledonia and Eglinton,5,Investigation,9,18,N/B,1102
2019-04-03,100,10:02:00,Wednesday,Thorncliffe and Overlea,5,Investigation,6,12,E/B,8863
2019-04-03,102,10:03:00,Wednesday,St. Clair and Brimley,1,Mechanical,20,40,E/B,8953
2019-04-03,32,10:10:00,Wednesday,Eglinton West Stn.,5,Investigation,11,22,E/B,1087
2019-04-03,995,10:30:00,Wednesday,UFT Loop,1,Mechanical,15,30,W/B,1654
2019-04-03,132,10:30:00,Wednesday,Milner and McCowan,3,Diversion,375,385,S/B,1804
2019-04-03,927,10:56:00,Wednesday,SLPM,1,Mechanical,6,12,S/B,3353
2019-04-03,49,11:00:00,Wednesday,entire route,8,General Delay,15,1,B/W,
2019-04-03,133,11:12:00,Wednesday,Neilson and Purple dusk,5,Investigation,11,22,S/B,1393
2019-04-03,32,11:20:00,Wednesday,PINE,1,Mechanical,11,22,E/B,1127
2019-04-03,85,11:32:00,Wednesday,mgat,1,Mechanical,7,21,W/B,1680
2019-04-03,79,11:35:00,Wednesday,PINE,1,Mechanical,24,48,S/B,1205
2019-04-03,186,11:59:00,Wednesday,Dufferin and Wilson,5,Investigation,11,22,E/B,3149
2019-04-03,53,12:00:00,Wednesday,Markham and Steeels EB,1,Mechanical,5,17,E/B,1673
2019-04-03,55,12:07:00,Wednesday,Jane & Weatherall,5,Investigation,20,40,N/B,1039
2019-04-03,95,12:16:00,Wednesday,Bayview,1,Mechanical,20,40,E/B,3423
2019-04-03,14,12:28:00,Wednesday,Glencairn and Marlee,3,Diversion,83,72,EB,1618
2019-04-03,22,12:30:00,Wednesday,Coxwell Station,1,Mechanical,8,16,S/B,8461
2019-04-03,116,12:30:00,Wednesday,Morningside at Ellesmere,5,Investigation,10,20,S/B,8898
2019-04-03,134,12:36:00,Wednesday,EB on Corporate Drive at Lee Centre sdrive,5,Investigation,7,13,E/B,9064
2019-04-03,32,13:02:00,Wednesday,Blackthorn Ave on Eglinton,5,Investigation,11,22,W/B,1045
2019-04-03,38,13:16:00,Wednesday,stc,1,Mechanical,12,25,W/B,1397
2019-04-03,72,13:20:00,Wednesday,Pape Station,1,Mechanical,16,32,S/B,8463
2019-04-03,102,13:40:00,Wednesday,Markham and St. Clair,1,Mechanical,20,40,N/B,8454
2019-04-03,56,13:51:00,Wednesday,ESTN,1,Mechanical,18,35,E/B,8300
2019-04-03,50,14:00:00,Wednesday,Islington Station to Mill Road Loop,8,General Delay,15,31,B/W,
2019-04-03,98,14:02:00,Wednesday,Cactus  / Peckham,5,Investigation,30,60,W/B,8195
2019-04-03,53,14:21:00,Wednesday,MLGA,1,Mechanical,1,1,E/B,3400
2019-04-03,941,14:26:00,Wednesday,Finch West Station,9,,12,24,S/B,1046
2019-04-03,95,14:30:00,Wednesday,MLGA,1,Mechanical,1,1,E/B,3421
2019-04-03,953,14:30:00,Wednesday,MLGA,1,Mechanical,1,1,E/B,9079
2019-04-03,53,14:31:00,Wednesday,MLGA,1,Mechanical,1,1,E/B,3451
2019-04-03,95,14:40:00,Wednesday,MLGA,1,Mechanical,1,1,E/B,3467
2019-04-03,95,14:45:00,Wednesday,MLGA,1,Mechanical,1,1,E/B,3401
2019-04-03,122,14:45:00,Wednesday,YKMS,9,,11,23,E/B,1346
2019-04-03,95,14:49:00,Wednesday,MLGA,1,Mechanical,1,1,E/B,3469
2019-04-03,81,14:49:00,Wednesday,Pape Station,1,Mechanical,10,20,N/B,8517
2019-04-03,95,14:50:00,Wednesday,MLGA,1,Mechanical,1,1,E/B,3423
2019-04-03,989,14:52:00,Wednesday,Keele Station,9,,10,20,N/B,1575
2019-04-03,941,14:53:00,Wednesday,Keele Station,9,,15,30,N/B,1049
2019-04-03,116,14:54:00,Wednesday,Morningside and Lawernce,1,Mechanical,10,20,N/B,8865
2019-04-03,20,14:54:00,Wednesday,Main Station,1,Mechanical,14,28,S/B,8569
2019-04-03,127,14:55:00,Wednesday,Townsley Loop,9,,20,40,E/B,1024
2019-04-03,109,14:56:00,Wednesday,Eglinton station,9,,16,32,N/B,8320
2019-04-03,98,15:00:00,Wednesday,PECK - SHEP - SYON,8,General Delay,20,35,B/W,
2019-04-03,160,15:00:00,Wednesday,Bathrust and Wilson,8,General Delay,24,48,B/W,
2019-04-03,61,15:00:00,Wednesday,Eglinton Stn to Bombay loop,8,General Delay,15,17,B/W,1
2019-04-03,7,15:00:00,Wednesday,Eglinton and Bathrust,8,General Delay,10,17,B/W,
2019-04-03,75,15:00:00,Wednesday,Lower jarvis and queens quay,8,General Delay,12,18,B/W,
2019-04-03,995,15:02:00,Wednesday,V.P,1,Mechanical,14,24,E/B,1324
2019-04-03,96,15:05:00,Wednesday,Wilson and Lexfield Ave,5,Investigation,1,1,W/B,3204
2019-04-03,95,15:09:00,Wednesday,MLGA,1,Mechanical,1,1,E/B,3469
2019-04-03,953,15:10:00,Wednesday,MOFI,9,,15,30,W/B,9066
2019-04-03,32,15:10:00,Wednesday,Keele and Eglinton,9,,10,20,W/B,1018
2019-04-03,186,15:12:00,Wednesday,Wilson Station,1,Mechanical,10,21,E/B,1245
2019-04-03,38,15:16:00,Wednesday,STC,1,Mechanical,13,26,E/B,1649
2019-04-03,5,15:18:00,Wednesday,Eglinton Stn,9,,20,40,S/B,8145
2019-04-03,54,15:20:00,Wednesday,Lawrence and fortune gate,1,Mechanical,10,20,E/B,8740
2019-04-03,60,15:25:00,Wednesday,Pioneer Village Station,1,Mechanical,9,18,E/B,3189
2019-04-03,96,15:29:00,Wednesday,YKMS 4.05P,9,,11,21,E/B,3429
2019-04-03,90,15:30:00,Wednesday,Duncan shops,9,,1,1,N/B,8160
2019-04-03,78,15:34:00,Wednesday,York Mills Station,9,,15,30,N/B,1217
2019-04-03,90,15:38:00,Wednesday,Oakwood and vaughan,9,,7,13,N/B,1309
2019-04-03,92,15:43:00,Wednesday,WOOD,1,Mechanical,9,18,S/B,8554
2019-04-03,134,15:47:00,Wednesday,99 cooperate Dr,1,Mechanical,5,10,E/B,1663
2019-04-03,96,15:48:00,Wednesday,Wilson Station,1,Mechanical,22,44,E/B,3261
2019-04-03,52,15:48:00,Wednesday,Terminal 1,1,Mechanical,6,12,E/B,8117
2019-04-03,108,15:50:00,Wednesday,Arleta and Sheppard,5,Investigation,15,30,S/B,3181
2019-04-03,29,15:56:00,Wednesday,Wilson Station,1,Mechanical,8,16,SB,9137
2019-04-03,12,15:57:00,Wednesday,Victoria Park and Swanwick,5,Investigation,17,34,S/B,8491
2019-04-03,42,15:57:00,Wednesday,Tiffield / McNicoll,5,Investigation,13,26,E/B,8174
2019-04-03,124,16:00:00,Wednesday,LSTA to Sunnybrook.,8,General Delay,20,30,B/W,
2019-04-03,35,16:04:00,Wednesday,pvst,1,Mechanical,10,20,S/B,1232
2019-04-03,131,16:08:00,Wednesday,Nugget route,1,Mechanical,1,1,S/B,3457
2019-04-03,41,16:11:00,Wednesday,PVST,4,Utilized Off Route,1,1,S/B,9046
2019-04-03,106,16:13:00,Wednesday,Sheppard w stn,1,Mechanical,11,22,N/B,1390
2019-04-03,129,16:24:00,Wednesday,Alton Towers/Mccowan,5,Investigation,17,34,S/B,3536
2019-04-03,77,16:25:00,Wednesday,Windermere and St. Olaves,5,Investigation,10,19,N/B,1105
2019-04-03,24,16:28:00,Wednesday,Victoria Park and Eglinton,1,Mechanical,16,32,N/B,8586
2019-04-03,10,16:40:00,Wednesday,Don Mills Stn,9,,10,20,E/B,1355
2019-04-03,21,16:45:00,Wednesday,STC,1,Mechanical,11,22,N/B,1672
2019-04-03,902,16:49:00,Wednesday,Warden station,1,Mechanical,10,20,S/B,8502
2019-04-03,29,16:50:00,Wednesday,Dufferin and Brandon,5,Investigation,7,14,NB,9145
2019-04-03,17,16:52:00,Wednesday,STLP,1,Mechanical,9,18,S/B,8450
2019-04-03,15,17:16:00,Wednesday,Royal York Station,1,Mechanical,14,28,N/B,7971
2019-04-03,54,17:54:00,Wednesday,STSP,1,Mechanical,13,27,W/B,8679
2019-04-03,68,18:02:00,Wednesday,Warden and 16th,3,Diversion,34,67,B/W,8644
2019-04-03,65,18:30:00,Wednesday,BKFR,4,Utilized Off Route,11,22,N/B,3105
2019-04-03,41,18:48:00,Wednesday,Keele / Gulliver,5,Investigation,10,20,S/B,9044
2019-04-03,29,19:09:00,Wednesday,Dufferin and Bowie avenue,1,Mechanical,7,14,SB,9020
2019-04-03,953,19:13:00,Wednesday,Vic Park and Steeles,5,Investigation,15,15,E/B,9066
2019-04-03,53,19:16:00,Wednesday,Yonge and Abitibi,5,Investigation,6,11,S/B,1825
2019-04-03,104,19:23:00,Wednesday,Finch and Dufferin,3,Diversion,25,40,B/W,
2019-04-03,21,19:43:00,Wednesday,STC,1,Mechanical,12,24,S/B,3427
2019-04-03,32,20:29:00,Wednesday,Jane and Eglinton,1,Mechanical,10,19,W/B,1045
2019-04-03,116,20:33:00,Wednesday,Markham & Eglinton,5,Investigation,1,1,W/B,8919
2019-04-03,34,20:33:00,Wednesday,Ionview/Eglinton,5,Investigation,7,14,E/B,8907
2019-04-03,38,21:17:00,Wednesday,Cedarview/Lawson,1,Mechanical,9,18,W/B,1761
2019-04-03,35,21:33:00,Wednesday,Jane & Chalkfarm Drive,3,Diversion,9,18,S/B,3354
2019-04-03,935,21:33:00,Wednesday,Jane & Chalkfarm drive,3,Diversion,9,18,S/B,3362
2019-04-03,54,21:38:00,Wednesday,STSP,1,Mechanical,15,26,W/B,8807
2019-04-03,89,22:00:00,Wednesday,Weston / McCormack,1,Mechanical,10,20,N/B,1034
2019-04-03,6,22:30:00,Wednesday,6 Bay route,8,General Delay,15,30,B/W,
2019-04-03,29,22:54:00,Wednesday,Wilson Station,6,Emergency Services,7,14,SB,9141
2019-04-03,70,22:58:00,Wednesday,Warden Station,5,Investigation,30,60,W/B,3118
2019-04-03,112,23:26:00,Wednesday,Royal York Station,1,Mechanical,16,32,S/B,8091
2019-04-03,25,23:39:00,Wednesday,Pape Station,4,Utilized Off Route,9,18,N/B,8871
2019-04-03,73,23:50:00,Wednesday,Mimco and Lakeshore BLVD,5,Investigation,20,40,N/B,8089
2019-04-04,84,00:01:00,Thursday,Webr,1,Mechanical,10,20,E/B,1209
2019-04-04,53,00:54:00,Thursday,Finch Station,1,Mechanical,18,36,EB,1609
2019-04-04,53,02:01:00,Thursday,Finch Station,6,Emergency Services,1,1,E/B,1766
2019-04-04,300,02:15:00,Thursday,Kipling Ave and Bloor Street,6,Emergency Services,10,20,E/B,8426
2019-04-04,320,02:47:00,Thursday,SYON,1,Mechanical,4,8,S/B,1081
2019-04-04,353,02:48:00,Thursday,Morningside and Staines Ave,6,Emergency Services,30,60,S/B,1788
2019-04-04,63,03:39:00,Thursday,Ossington / Harbord,6,Emergency Services,8,16,N/B,8107
2019-04-04,39,04:30:00,Thursday,39 Finch Route-All Branch,8,General Delay,14,28,B/W,1703
2019-04-04,939,04:30:00,Thursday,939 Finch Express-All Branch,8,General Delay,10,18,B/W,3480
2019-04-04,35,04:31:00,Thursday,Peter Kaiser and Steeles,9,,16,32,N/B,3284
2019-04-04,132,05:00:00,Thursday,132 Milner-All Branch,8,General Delay,20,26,B/W,1682
2019-04-04,130,05:00:00,Thursday,130 Middlefiled all Branch,8,General Delay,16,32,B/W,1547
2019-04-04,25,05:21:00,Thursday,DMWF,1,Mechanical,1,1,N/B,8917
2019-04-04,29,05:22:00,Thursday,DLAW,9,,8,16,S/B,9037
2019-04-04,72,05:30:00,Thursday,pape station,9,,16,32,S/B,8502
2019-04-04,85,05:31:00,Thursday,RHGO,9,,13,29,W/B,3437
2019-04-04,116,05:36:00,Thursday,KIOngston rd and Eglinton,5,Investigation,12,13,W/B,8922
2019-04-04,129,05:37:00,Thursday,slmc,9,,13,19,S/B,3408
2019-04-04,925,05:38:00,Thursday,PSTN,9,,9,9,N/B,8881
2019-04-04,113,05:41:00,Thursday,Main stn,9,,0,0,S/B,8543
2019-04-04,14,05:42:00,Thursday,GlenCairn Route,8,General Delay,277,293,B/W,
2019-04-04,14,05:42:00,Thursday,Glencairn Route,3,Diversion,277,293,B/W,
2019-04-04,20,05:45:00,Thursday,Kennedy and Park,5,Investigation,0,0,S/B,8436
2019-04-04,73,05:53:00,Thursday,LAMI,9,,6,12,N/B,8015
2019-04-04,132,05:55:00,Thursday,Sewells and Brenyone Way,9,,12,24,S/B,1641
2019-04-04,88,05:55:00,Thursday,laired and Macrea,9,,6,15,S/B,1229
2019-04-04,54,05:57:00,Thursday,ESTN,9,,9,18,E/B,8670
2019-04-04,63,05:59:00,Thursday,Eglinton W Stn,9,,5,10,,8143
2019-04-04,165,06:05:00,Thursday,York Mills Station,9,,5,15,W/B,3249
2019-04-04,939,06:06:00,Thursday,McCowan and Sheppard,9,,7,7,W/B,3480
2019-04-04,52,06:19:00,Thursday,LSTA,9,,15,30,W/B,8181
2019-04-04,939,06:20:00,Thursday,STC SRT,9,,7,14,W/B,1685
2019-04-04,17,06:20:00,Thursday,WSTN,1,Mechanical,6,12,N/B,3104
2019-04-04,32,06:23:00,Thursday,KEEG,9,,4,14,E/B,1107
2019-04-04,165,06:26:00,Thursday,York Mills Station,9,,5,10,W/B,3134
2019-04-04,36,06:26:00,Thursday,FWSN,9,,9,13,W/B,3354
2019-04-04,53,06:30:00,Thursday,PAMR,9,,6,12,W/B,1654
2019-04-04,929,06:32:00,Thursday,DLAW,9,,8,17,N/B,1140
2019-04-04,941,06:32:00,Thursday,Keele Station,9,,12,24,N/B,9145
2019-04-04,6,06:37:00,Thursday,Davenport at Dupont,9,,5,10,S/B,1104
2019-04-04,131,06:42:00,Thursday,STC 06H47,9,,7,17,EB,1218
2019-04-04,79,06:44:00,Thursday,PINE,1,Mechanical,9,18,S/B,1273
2019-04-04,60,06:45:00,Thursday,FSTN,9,,7,14,W/B,1207
2019-04-04,26,06:47:00,Thursday,Jane Station,1,Mechanical,14,28,E/B,1101
2019-04-04,944,06:50:00,Thursday,Kipling Station,9,,10,20,S/B,8089
2019-04-04,132,07:00:00,Thursday,McCowan under SRT Bridge,3,Diversion,300,310,S/B,1682
2019-04-04,52,07:00:00,Thursday,entire route,8,General Delay,12,24,B/W,
2019-04-04,130,07:00:00,Thursday,130Middlefiled-All Branch,3,Diversion,300,310,S/B,1547
2019-04-04,939,07:00:00,Thursday,939-Finch Express All Branch,3,Diversion,720,728,S/B,
2019-04-04,122,07:00:00,Thursday,entire route,8,General Delay,9,18,B/W,
2019-04-04,43,07:04:00,Thursday,Ken station,9,,10,20,N/B,8772
2019-04-04,14,07:08:00,Thursday,Davisville Station,9,,16,32,W/B,1081
2019-04-04,952,07:09:00,Thursday,LSTA,9,,11,22,W/B,1249
2019-04-04,73,07:15:00,Thursday,RYST,1,Mechanical,6,12,S/B,8073
2019-04-04,600,07:17:00,Thursday,Wilson garage,4,Utilized Off Route,1,1,,8357
2019-04-04,601,07:17:00,Thursday,St. Clair Stn,4,Utilized Off Route,1,1,N/B,8311
2019-04-04,80,07:34:00,Thursday,PARKSIDE AND ALGONQUIN,3,Diversion,80,50,B/W,
2019-04-04,80,07:34:00,Thursday,PARKSIDE AND ALGONQUIN,6,Emergency Services,30,60,N/B,7976
2019-04-04,73,07:39:00,Thursday,CPAL,1,Mechanical,13,26,S/B,8093
2019-04-04,144,07:55:00,Thursday,COPL,1,Mechanical,10,20,S/B,3115
2019-04-04,161,08:00:00,Thursday,Ossington Station - Jane Station,8,General Delay,27,39,B/W,
2019-04-04,941,08:00:00,Thursday,Keele Station - Finch West Station,8,General Delay,20,30,B/W,
2019-04-04,65,08:00:00,Thursday,Parliament route,8,General Delay,10,1,B/W,
2019-04-04,127,08:00:00,Thursday,Spadina Station - Townsley Loop,8,General Delay,27,44,B/W,
2019-04-04,41,08:00:00,Thursday,Keele Station - Pioneer Village Station,8,General Delay,20,30,B/W,
2019-04-04,89,08:00:00,Thursday,Keele Station - Albion at Weston,8,General Delay,20,30,B/W,
2019-04-04,989,08:00:00,Thursday,Keele Station - Steeles at Signet,8,General Delay,20,30,B/W,
2019-04-04,160,08:00:00,Thursday,Wilson/ Bathurst,8,General Delay,20,52,N/B,
2019-04-04,69,08:01:00,Thursday,Birchcliffe/ Kingston,1,Mechanical,12,25,S/B,8563
2019-04-04,29,08:23:00,Thursday,WILS,1,Mechanical,8,15,S/B,9100
2019-04-04,97,08:28:00,Thursday,Yorkmills Stn,1,Mechanical,30,60,S/B,8304
2019-04-04,143,08:30:00,Thursday,Downtown Express Route,8,General Delay,10,1,B/W,
2019-04-04,122,08:33:00,Thursday,ROYW,1,Mechanical,9,18,W/B,1375
2019-04-04,995,08:48:00,Thursday,SCLP,1,Mechanical,15,30,E/B,1680
2019-04-04,121,09:00:00,Thursday,Front,8,General Delay,0,0,S/B,
2019-04-04,29,09:04:00,Thursday,DLAW,9,,7,15,S/B,1044
2019-04-04,34,09:07:00,Thursday,GRSP,1,Mechanical,12,24,B/W,8748
2019-04-04,41,09:08:00,Thursday,Keele at Finch,1,Mechanical,10,20,N/B,9054
2019-04-04,122,09:25:00,Thursday,ROYW,1,Mechanical,12,24,W/B,1384
2019-04-04,72,09:50:00,Thursday,queen and pape,3,Diversion,60,76,B/W,
2019-04-04,53,10:04:00,Thursday,PAMK,1,Mechanical,6,18,WB,1793
2019-04-04,37,10:11:00,Thursday,HWLP,1,Mechanical,19,38,S/B,8614
2019-04-04,45,10:49:00,Thursday,Rexdale and Kipling Ave,5,Investigation,10,20,S/B,8036
2019-04-04,52,10:50:00,Thursday,LSTA,1,Mechanical,14,27,W/B,8144
2019-04-04,54,10:51:00,Thursday,Lawrence RT station,5,Investigation,12,24,W/B,8847
2019-04-04,9,10:51:00,Thursday,Warden Ellesmere,8,General Delay,15,30,E/B,1769
2019-04-04,37,11:01:00,Thursday,KIPLING AND RESOURCES,5,Investigation,19,38,N/B,8019
2019-04-04,85,11:09:00,Thursday,Massie and Sheppard,1,Mechanical,7,14,W/B,3402
2019-04-04,85,11:28:00,Thursday,Scunthorpe and Sheppard,5,Investigation,7,21,E/B,3448
2019-04-04,79,11:39:00,Thursday,RUST,1,Mechanical,24,48,N/B,1263
2019-04-04,47,11:59:00,Thursday,Lansdowne at Seaforth,1,Mechanical,15,30,S/B,1065
2019-04-04,53,12:40:00,Thursday,FSTN,1,Mechanical,6,12,EB,1808
2019-04-04,186,12:44:00,Thursday,Islington and Elmhurst,5,Investigation,11,22,W/B,3172
2019-04-04,52,12:45:00,Thursday,Lawrence W Stn,1,Mechanical,18,36,E/B,1248
2019-04-04,161,12:47:00,Thursday,Ossington Station,1,Mechanical,18,36,N/B,1205
2019-04-04,9,13:00:00,Thursday,Bellamy Route,8,General Delay,10,1,B/W,
2019-04-04,704,13:10:00,Thursday,Finch /station,1,Mechanical,0,0,W/B,3305
2019-04-04,165,13:18:00,Thursday,Finch & Weston,5,Investigation,10,20,S/B,3221
2019-04-04,59,13:20:00,Thursday,Lawrence & Caledonia,5,Investigation,24,48,W/B,3219
2019-04-04,45,13:26:00,Thursday,Kipling and Steeles,5,Investigation,10,20,S/B,8070
2019-04-04,112,13:36:00,Thursday,Wellesworth and Eringate,5,Investigation,153,20,S/B,7942
2019-04-04,927,13:38:00,Thursday,Kipling Stn,9,,6,12,,3167
2019-04-04,131,13:58:00,Thursday,mvof,1,Mechanical,9,18,S/B,1573
2019-04-04,160,14:00:00,Thursday,Bathrust and Wilson,8,General Delay,24,48,B/W,
2019-04-04,50,14:00:00,Thursday,Islington Station to Mill Road Loop,8,General Delay,15,31,B/W,
2019-04-04,80,14:00:00,Thursday,Keele Station to Sherway Gardens,8,General Delay,15,39,B/W,
2019-04-04,40,14:00:00,Thursday,Dundas West Station to Runnymede Loop,8,General Delay,15,25,B/W,
2019-04-04,17,14:00:00,Thursday,Birchmount Route,8,General Delay,15,1,B/W,
2019-04-04,609,14:20:00,Thursday,EARL,4,Utilized Off Route,1,1,S/B,1063
2019-04-04,995,14:22:00,Thursday,MLGA,1,Mechanical,1,1,E/B,3447
2019-04-04,609,14:25:00,Thursday,Lansdowe Station,4,Utilized Off Route,1,1,E/B,1407
2019-04-04,95,14:26:00,Thursday,PJPS,9,,19,20,W/B,1791
2019-04-04,902,14:30:00,Thursday,warden station,1,Mechanical,1,1,S/B,8460
2019-04-04,95,14:30:00,Thursday,MLGA,1,Mechanical,1,1,E/B,3466
2019-04-04,989,14:30:00,Thursday,Steeles at Signet,9,,10,20,S/B,1078
2019-04-04,161,14:30:00,Thursday,Rogers & Dufferin,3,Diversion,84,102,E/B,
2019-04-04,63,14:33:00,Thursday,Ossington Stn,4,Utilized Off Route,8,17,,8135
2019-04-04,63,14:41:00,Thursday,Ossington Stn,4,Utilized Off Route,8,17,N/B,8350
2019-04-04,134,14:41:00,Thursday,STC,1,Mechanical,16,26,N/B,9087
2019-04-04,88,14:42:00,Thursday,Wilson division,1,Mechanical,12,24,E/B,8315
2019-04-04,84,14:49:00,Thursday,Sheppard Station,9,,13,26,W/B,1200
2019-04-04,26,14:52:00,Thursday,STGE,9,,17,34,W/B,1423
2019-04-04,39,14:53:00,Thursday,Pharmacy and Finch,6,Emergency Services,14,28,B/W,1632
2019-04-04,131,14:55:00,Thursday,MLGA,1,Mechanical,1,1,E/B,1394
2019-04-04,84,14:55:00,Thursday,Sheppard and Arrow,1,Mechanical,10,20,W/B,3174
2019-04-04,116,15:00:00,Thursday,Morningside Ave/Lawrence Ave E,1,Mechanical,5,10,W/B,8814
2019-04-04,7,15:00:00,Thursday,Bathrust and Wilson,8,General Delay,13,20,B/W,
2019-04-04,952,15:00:00,Thursday,Whole route,8,General Delay,22,33,B/W,
2019-04-04,52,15:00:00,Thursday,Whole route,8,General Delay,36,48,B/W,
2019-04-04,168,15:00:00,Thursday,"St. Clair, old weston and Dundas",8,General Delay,25,30,B/W,
2019-04-04,75,15:00:00,Thursday,Lower jarvis and Queens quay,8,General Delay,14,20,B/W,
2019-04-04,995,15:00:00,Thursday,MLGA,1,Mechanical,1,1,E/B,3447
2019-04-04,50,15:03:00,Thursday,Islington Station,1,Mechanical,11,23,W/B,8061
2019-04-04,7,15:03:00,Thursday,Wilson and Laurentia,5,Investigation,5,11,E/B,1283
2019-04-04,86,15:08:00,Thursday,Eglinton Ave E/Gilder Dr,6,Emergency Services,16,32,W/B,8897
2019-04-04,939,15:15:00,Thursday,Scarbrough Town Center,9,,12,24,B/W,1683
2019-04-04,34,15:18:00,Thursday,GRSP,5,Investigation,10,20,E/B,8749
2019-04-04,43,15:23:00,Thursday,MIDS,9,,9,17,S/B,8872
2019-04-04,116,15:27:00,Thursday,Kennedy STN,1,Mechanical,25,50,E/B,8819
2019-04-04,90,15:30:00,Thursday,Duncan shops.,9,,1,15,N/B,8153
2019-04-04,17,15:30:00,Thursday,WSTN,1,Mechanical,14,28,N/B,9231
2019-04-04,116,15:32:00,Thursday,Kennedy STN,4,Utilized Off Route,12,24,E/B,8722
2019-04-04,44,15:39:00,Thursday,Kipling Station,4,Utilized Off Route,7,14,S/B,8056
2019-04-04,945,15:47:00,Thursday,Steele Loop,1,Mechanical,11,22,S/B,8060
2019-04-04,54,15:47:00,Thursday,RTLS,1,Mechanical,10,20,W/B,8697
2019-04-04,905,15:54:00,Thursday,Kennedy STN,1,Mechanical,9,18,E/B,8692
2019-04-04,24,15:58:00,Thursday,Lawrence and Victoria park,1,Mechanical,8,16,N/B,9224
2019-04-04,63,16:00:00,Thursday,EWST to ATKI,8,General Delay,20,40,B/W,
2019-04-04,34,16:00:00,Thursday,ESTN to KENN,8,General Delay,20,24,B/W,
2019-04-04,121,16:00:00,Thursday,bathurst street to Sherbourne street,8,General Delay,15,30,B/W,
2019-04-04,129,16:02:00,Thursday,SLMC,1,Mechanical,4,9,S/B,1579
2019-04-04,7,16:02:00,Thursday,Bathrust station,1,Mechanical,6,13,N/B,1230
2019-04-04,131,16:02:00,Thursday,Kennedy stn,1,Mechanical,1,1,E/B,1394
2019-04-04,925,16:07:00,Thursday,Don Mills station,1,Mechanical,8,16,S/B,8881
2019-04-04,937,16:07:00,Thursday,"Steeles Loop, at Islington",1,Mechanical,11,22,S/B,8090
2019-04-04,131,16:09:00,Thursday,STC,1,Mechanical,9,18,N/B,1341
2019-04-04,96,16:18:00,Thursday,HLDG,5,Investigation,22,44,E/B,3358
2019-04-04,95,16:30:00,Thursday,ELRT,1,Mechanical,10,20,W/B,1567
2019-04-04,40,16:37:00,Thursday,"On Dundas, at Runnymede",1,Mechanical,8,15,W/B,8020
2019-04-04,161,16:45:00,Thursday,Jane / Alliance,1,Mechanical,13,26,E/B,1129
2019-04-04,40,16:59:00,Thursday,"On Dundas, at Indian Rd.",5,Investigation,7,15,S/B,8614
2019-04-04,142,17:00:00,Thursday,B/W on Avenue Rd and  Unversity/Simcoe St to Richmond /Unversity Ave,8,General Delay,16,36,B/W,
2019-04-04,102,17:00:00,Thursday,Sheppard to steeles BW,8,General Delay,24,1,B/W,
2019-04-04,6,17:00:00,Thursday,Various intersections,8,General Delay,30,35,B/W,
2019-04-04,945,17:07:00,Thursday,Kipling and Steeles,1,Mechanical,8,16,S/B,7923
2019-04-04,124,17:15:00,Thursday,Lawrence stn to Sunnybrook,8,General Delay,15,23,B/W,
2019-04-04,165,17:15:00,Thursday,Barmac,1,Mechanical,8,16,E/B,3344
2019-04-04,925,17:20:00,Thursday,Don Mills station,1,Mechanical,8,16,S/B,8668
2019-04-04,96,17:25:00,Thursday,WILS,1,Mechanical,22,44,E/B,3357
2019-04-04,95,17:40:00,Thursday,YKMS,1,Mechanical,9,18,E/B,1744
2019-04-04,143,18:00:00,Thursday,143 Route,8,General Delay,15,0,B/W,
2019-04-04,44,18:10:00,Thursday,CSSL,1,Mechanical,5,10,N/B,8054
2019-04-04,985,18:15:00,Thursday,Morningside and Sheppard,1,Mechanical,9,18,W/B,9084
2019-04-04,15,18:35:00,Thursday,Mill Road Loop,1,Mechanical,14,28,E/B,7931
2019-04-04,84,19:11:00,Thursday,Wilson Heights and Sheppard,6,Emergency Services,7,17,EB,3183
2019-04-04,53,19:12:00,Thursday,FSTN,5,Investigation,20,41,E/B,1658
2019-04-04,47,19:17:00,Thursday,Bloor and Lansdown,3,Diversion,60,70,B/W,
2019-04-04,60,19:22:00,Thursday,Westminster and Steeles,1,Mechanical,8,15,WB,1316
2019-04-04,929,19:40:00,Thursday,Dufferin and Glencairn,5,Investigation,10,20,S/B,9055
2019-04-04,12,20:15:00,Thursday,Kingston Road and Victoria park,5,Investigation,18,36,N/B,8431
2019-04-04,85,20:24:00,Thursday,DONS,1,Mechanical,16,32,E/B,3507
2019-04-04,160,21:00:00,Thursday,Wilson and Bathrust,3,Diversion,26,50,B/W,
2019-04-04,52,21:00:00,Thursday,Lawrence and Caledonia,1,Mechanical,10,20,E/B,1370
2019-04-04,63,21:21:00,Thursday,Eglinton West Stn,1,Mechanical,8,16,N/B,8143
2019-04-04,20,21:32:00,Thursday,Midland / Danforth road,3,Diversion,23,46,N/B,
2019-04-04,929,21:34:00,Thursday,ufferin and Cartwright,5,Investigation,10,20,N/B,9104
2019-04-04,116,21:38:00,Thursday,Morningside Ave/Nightstar Rd,1,Mechanical,10,20,S/B,8925
2019-04-04,21,22:07:00,Thursday,STC,1,Mechanical,14,33,N/B,1326
2019-04-04,95,22:09:00,Thursday,Scarborough loop,1,Mechanical,14,28,WB,1672
2019-04-04,37,22:44:00,Thursday,"On Islington, at Allenby",1,Mechanical,24,48,N/B,8072
2019-04-04,11,22:51:00,Thursday,Bayview and Eglinton,5,Investigation,30,60,S/B,1374
2019-04-04,11,22:55:00,Thursday,Bayview and Eglinton,3,Diversion,15,45,S/B,
2019-04-05,300,00:00:00,Friday,Shaw street,3,Diversion,180,200,EB,8492
2019-04-05,169,00:10:00,Friday,Victoria Park and Van Horne,3,Diversion,1,1,E/B,
2019-04-05,9,00:25:00,Friday,Warden Station,1,Mechanical,30,60,S/B,8464
2019-04-05,85,00:51:00,Friday,Sheppard and Meadowvale,1,Mechanical,20,40,WB,3536
2019-04-05,45,01:16:00,Friday,Kipling Station,4,Utilized Off Route,10,20,N/B,8036
2019-04-05,324,02:00:00,Friday,Victoria Park and Van Horn,3,Diversion,30,60,BW,9225
2019-04-05,312,02:40:00,Friday,Dundas and Windermere,3,Diversion,30,60,BW,1013
2019-04-05,85,04:13:00,Friday,SLP,9,,30,30,W/B,3460
2019-04-05,171,04:20:00,Friday,Industry Dr,1,Mechanical,20,40,W/B,1088
2019-04-05,329,04:34:00,Friday,Manitoba and Nova Scotia,5,Investigation,30,60,E/B,9038
2019-04-05,96,04:58:00,Friday,ARGA,5,Investigation,5,10,E/B,3195
2019-04-05,102,05:00:00,Friday,warden staiton,9,,20,40,N/B,8490
2019-04-05,60,05:05:00,Friday,FSTN,9,,11,23,W/B,3185
2019-04-05,17,05:06:00,Friday,Warden stn,9,,3,0,N/B,9233
2019-04-05,22,05:16:00,Friday,coxwell station,9,,11,22,S/B,8602
2019-04-05,24,05:19:00,Friday,Steeles,9,,1,1,N/B,8597
2019-04-05,36,05:20:00,Friday,HWLP,9,,10,20,E/B,9123
2019-04-05,16,05:20:00,Friday,stc,9,,20,40,S/B,9231
2019-04-05,51,05:22:00,Friday,Eglinton and Bayview,6,Emergency Services,1,1,N/B,1243
2019-04-05,41,05:22:00,Friday,Keele / St. Clair,1,Mechanical,12,24,N/B,9044
2019-04-05,24,05:28:00,Friday,Consumers/ Victoria Park,9,,1,1,N/B,8553
2019-04-05,95,05:39:00,Friday,SCLP,9,,8,16,W/B,3459
2019-04-05,12,05:44:00,Friday,Victoria Park stn,9,,2,,S/B,9220
2019-04-05,24,05:46:00,Friday,victoria park stn,9,,6,12,N/B,3102
2019-04-05,929,05:48:00,Friday,Dufferine and Lawrence,9,,9,17,N/B,9151
2019-04-05,36,05:50:00,Friday,FWSN,9,,5,10,W/B,9121
2019-04-05,35,05:51:00,Friday,Pioneer Village Station,9,,5,10,S/B,3351
2019-04-05,95,06:00:00,Friday,ELRT,9,,14,1,W/B,1643
2019-04-05,129,06:00:00,Friday,STC,9,,6,16,N/B,9060
2019-04-05,29,06:01:00,Friday,Dufferin enand Lawrence,9,,9,17,N/B,9152
2019-04-05,39,06:08:00,Friday,MCVP,9,,10,10,W/B,3453
2019-04-05,115,06:09:00,Friday,Wilson Station,1,Mechanical,20,40,E/B,8371
2019-04-05,929,06:10:00,Friday,Princess Gate,1,Mechanical,9,17,N/B,9036
2019-04-05,989,06:12:00,Friday,Steeles at Signet,9,,12,24,S/B,1034
2019-04-05,43,06:14:00,Friday,Kennedy station,9,,10,20,N/B,8709
2019-04-05,32,06:23:00,Friday,Eglinton/Keele,9,,4,5,E/B,1039
2019-04-05,42,06:23:00,Friday,Finch Station,9,,12,24,E/B,8309
2019-04-05,21,06:29:00,Friday,BMST,1,Mechanical,14,22,S/B,3505
2019-04-05,12,06:30:00,Friday,Victoria Park stn,9,,3,,N/B,3109
2019-04-05,927,06:31:00,Friday,MGRC,9,,3,13,S/B,3339
2019-04-05,108,06:31:00,Friday,ARGA,1,Mechanical,12,24,E/B,3264
2019-04-05,985,06:32:00,Friday,SLP,9,,17,17,W/B,9059
2019-04-05,85,06:34:00,Friday,SLP,9,,16,32,W/B,3408
2019-04-05,32,06:34:00,Friday,Eglinton/Emmett,9,,10,20,W/B,1033
2019-04-05,954,06:35:00,Friday,Starspray Loop,9,,9,18,W/B,8809
2019-04-05,94,06:40:00,Friday,Castle Frank Station,1,Mechanical,1,1,W/B,1418
2019-04-05,88,06:57:00,Friday,Millwood and McCrea,9,,1,1,E/B,8198
2019-04-05,985,06:59:00,Friday,SLP,9,,10,20,W/B,1643
2019-04-05,15,07:07:00,Friday,Royal York Station,1,Mechanical,12,24,S/B,8089
2019-04-05,129,07:10:00,Friday,STC,1,Mechanical,10,15,N/B,1331
2019-04-05,73,07:14:00,Friday,Evans and Royal York,1,Mechanical,4,8,S/B,7967
2019-04-05,52,07:23:00,Friday,Lawrence Station,1,Mechanical,22,44,W/B,8355
2019-04-05,56,07:26:00,Friday,Eglinton Station,1,Mechanical,13,15,S/B,8108
2019-04-05,11,07:29:00,Friday,Davisville Station,1,Mechanical,3,19,N/B,8172
2019-04-05,141,07:30:00,Friday,Entire Mount Pleasant Express Route,8,General Delay,12,24,B/W,1039
2019-04-05,89,07:39:00,Friday,Weston / Edmund,1,Mechanical,6,12,N/B,1264
2019-04-05,95,07:40:00,Friday,ELRT,9,,7,8,W/B,1398
2019-04-05,60,07:42:00,Friday,FSTN,1,Mechanical,7,14,W/B,9134
2019-04-05,45,07:49:00,Friday,Kippling Station,1,Mechanical,22,40,N/B,8098
2019-04-05,85,07:50:00,Friday,MGAT,1,Mechanical,16,32,W/B,1649
2019-04-05,160,08:00:00,Friday,Bathurst/Wilson,8,General Delay,35,55,B/W,
2019-04-05,39,08:00:00,Friday,39 Route- All Branches,8,General Delay,15,30,B/W,
2019-04-05,41,08:00:00,Friday,Keele Station - Pioneer Village Station,8,General Delay,20,30,B/W,
2019-04-05,939,08:00:00,Friday,939 Route- All Express Buses,8,General Delay,9,17,B/W,
2019-04-05,100,08:21:00,Friday,BSTN,1,Mechanical,4,7,N/B,8693
2019-04-05,121,08:30:00,Friday,Front,8,General Delay,0,0,B/W,
2019-04-05,21,08:36:00,Friday,Brimley and 401,5,Investigation,8,16,N/B,1582
2019-04-05,63,08:44:00,Friday,Oakwood at St. Clair,5,Investigation,4,10,S/B,8396
2019-04-05,939,08:45:00,Friday,McCowan/Sheppard,3,Diversion,735,743,S/B,1727
2019-04-05,600,08:55:00,Friday,Keele/Lawrence,4,Utilized Off Route,1,1,S/B,1418
2019-04-05,602,08:55:00,Friday,Kipling Station,4,Utilized Off Route,1,1,S/B,7955
2019-04-05,989,09:01:00,Friday,Keele Station,4,Utilized Off Route,15,30,N/B,1273
2019-04-05,702,09:02:00,Friday,Kipling Station,4,Utilized Off Route,1,1,S/B,8019
2019-04-05,704,09:03:00,Friday,Dufferin and Wilson,4,Utilized Off Route,1,1,W/B,3248
2019-04-05,132,09:29:00,Friday,Milner and Markham,1,Mechanical,1,1,N/B,1414
2019-04-05,34,09:30:00,Friday,Route 34- Eglinton East,8,General Delay,15,24,B/W,
2019-04-05,85,09:41:00,Friday,MGAT,1,Mechanical,17,24,W/B,3437
2019-04-05,51,09:50:00,Friday,ESTN,1,Mechanical,25,47,N/B,1237
2019-04-05,36,10:00:00,Friday,Finch and Dufferin / Finch and Weston Road,8,General Delay,7,20,B/W,
2019-04-05,7,10:04:00,Friday,Bathurst/Wilson,1,Mechanical,9,18,S/B,8365
2019-04-05,23,10:11:00,Friday,main station,1,Mechanical,10,20,N/B,8402
2019-04-05,105,11:00:00,Friday,Dufferin at Finch,8,General Delay,15,32,B/W,
2019-04-05,104,11:00:00,Friday,Dufferin at Finch,8,General Delay,15,30,B/W,
2019-04-05,131,11:15:00,Friday,McCowan and Nugget,1,Mechanical,1,1,N/B,1530
2019-04-05,939,11:37:00,Friday,Finch/Dufferin,3,Diversion,563,571,W/B,3433
2019-04-05,34,11:57:00,Friday,Rosemount and Eg,5,Investigation,8,17,W/B,3120
2019-04-05,905,11:58:00,Friday,Eglinton at Brimley,1,Mechanical,8,16,WB,8850
2019-04-05,130,11:59:00,Friday,STC,1,Mechanical,21,42,N/B,1579
2019-04-05,73,12:20:00,Friday,Royal York and Evans,1,Mechanical,5,10,N/B,7976
2019-04-05,134,12:24:00,Friday,STC,1,Mechanical,6,13,W/B,1706
2019-04-05,26,12:30:00,Friday,Jane Station,1,Mechanical,1,1,E/B,1148
2019-04-05,35,12:32:00,Friday,Jane and Heathrow,1,Mechanical,7,14,N/B,3130
2019-04-05,102,12:38:00,Friday,warden station,5,Investigation,30,60,N/B,8931
2019-04-05,71,12:44:00,Friday,Runnymede Stn,8,General Delay,25,48,N/B,1086
2019-04-05,116,12:48:00,Friday,Eglinton at Guilder drive,6,Emergency Services,10,20,WB,8796
2019-04-05,186,12:52:00,Friday,Wilson/Bathurst,5,Investigation,11,22,E/B,3218
2019-04-05,21,13:15:00,Friday,STC,1,Mechanical,15,30,S/B,1366
2019-04-05,29,13:15:00,Friday,NB on Dufferine at Martin Stn,6,Emergency Services,1,1,N/B,9037
2019-04-05,939,13:20:00,Friday,Finch and Kennedy,1,Mechanical,12,24,B/W,1716
2019-04-05,134,13:36:00,Friday,CECO,1,Mechanical,7,13,W/B,9091
2019-04-05,7,13:39:00,Friday,Bathurst stn,1,Mechanical,8,16,N/B,8305
2019-04-05,110,13:40:00,Friday,Long Branch,1,Mechanical,18,36,N/B,8068
2019-04-05,41,13:58:00,Friday,Finch West Station,1,Mechanical,10,20,S/B,1122
2019-04-05,90,14:00:00,Friday,SC. W TO OKVN,8,General Delay,10,15,B/W,
2019-04-05,7,14:00:00,Friday,Bathrust station to Steeles,8,General Delay,12,20,B/W,
2019-04-05,50,14:00:00,Friday,Islington Station,8,General Delay,15,31,B/W,
2019-04-05,9,14:00:00,Friday,Bellamy Route,8,General Delay,10,1,B/W,
2019-04-05,160,14:00:00,Friday,Bathrust ans Wilson,8,General Delay,24,48,B/W,
2019-04-05,15,14:00:00,Friday,Mimico and Lakeshore to Mill Road Loop,8,General Delay,15,24,B/W,
2019-04-05,37,14:00:00,Friday,Islington Station to Steeles and Humberwood Loop,8,General Delay,15,34,B/W,
2019-04-05,16,14:00:00,Friday,Mc Cowan Route,8,General Delay,10,1,B/W,
2019-04-05,130,14:04:00,Friday,STC,1,Mechanical,21,42,S/B,1748
2019-04-05,96,14:20:00,Friday,MDNA,9,,5,10,W/B,1200
2019-04-05,353,14:20:00,Friday,Finch Station,1,Mechanical,30,30,EB,1609
2019-04-05,186,14:25:00,Friday,WILS,1,Mechanical,11,22,W/B,1274
2019-04-05,60,14:26:00,Friday,Pioneer Village Station,1,Mechanical,9,18,E/B,3227
2019-04-05,29,14:26:00,Friday,Princess Gate,1,Mechanical,8,15,N/B,1143
2019-04-05,322,14:28:00,Friday,941 Kingston Road,6,Emergency Services,30,60,WB,8547
2019-04-05,66,14:50:00,Friday,Lakeshore and Marine Parade,1,Mechanical,19,33,N/B,7914
2019-04-05,129,14:50:00,Friday,Bur Oak/Mccowan,5,Investigation,28,56,S/B,9060
2019-04-05,952,14:53:00,Friday,Lawrence Station,9,,12,24,W/B,8104
2019-04-05,75,15:00:00,Friday,Lower jarvis and sherbourne,8,General Delay,12,18,B/W,
2019-04-05,52,15:00:00,Friday,Whole route,8,General Delay,28,38,B/W,
2019-04-05,952,15:00:00,Friday,Whole route,8,General Delay,37,49,B/W,
2019-04-05,935,15:06:00,Friday,Jane & Maple,5,Investigation,9,18,N/B,3186
2019-04-05,9,15:10:00,Friday,Birchmount and Highview,9,,16,32,N/B,8435
2019-04-05,102,15:14:00,Friday,BW Shepard ave. to Steeles Ave.,8,General Delay,24,1,B/W,
2019-04-05,133,15:15:00,Friday,MOFI,1,Mechanical,7,15,W/B,1728
2019-04-05,11,15:16:00,Friday,DVSN,9,,7,14,N/B,8189
2019-04-05,77,15:20:00,Friday,Runnymede stn,1,Mechanical,10,20,S/B,1027
2019-04-05,989,15:32:00,Friday,Keele Station,1,Mechanical,10,20,N/B,1263
2019-04-05,924,15:37:00,Friday,Victoria Park Station,9,,9,18,N/B,8430
2019-04-05,122,15:43:00,Friday,York Mills station,9,,11,22,E/B,8189
2019-04-05,17,15:44:00,Friday,Warden Station,5,Investigation,36,72,N/B,8941
2019-04-05,29,15:50:00,Friday,Wilson Station,5,Investigation,8,15,S/B,1041
2019-04-05,29,15:50:00,Friday,Wilson Station,5,Investigation,8,15,S/B,9026
2019-04-05,985,15:52:00,Friday,SLP,9,,8,8,W/B,9079
2019-04-05,929,15:55:00,Friday,Dufferin and Lawrence,1,Mechanical,10,20,N/B,9146
2019-04-05,143,15:58:00,Friday,Richmond and Parliament,1,Mechanical,25,25,W/B,8459
2019-04-05,63,16:00:00,Friday,EWST to ATKI (all branches),8,General Delay,8,28,B/W,
2019-04-05,165,16:04:00,Friday,YKMS,9,,8,16,W/B,1320
2019-04-05,15,16:05:00,Friday,"On Royal York Road, at The Queensway",1,Mechanical,15,36,N/B,7919
2019-04-05,95,16:05:00,Friday,YKMS,1,Mechanical,11,21,E/B,1513
2019-04-05,937,16:07:00,Friday,"Steeles Loop, at Islington",1,Mechanical,11,22,S/B,8422
2019-04-05,32,16:10:00,Friday,Eglinton and Vesta,6,Emergency Services,9,19,W/B,1521
2019-04-05,34,16:21:00,Friday,Eglinton and Hanna,5,Investigation,4,9,E/B,8813
2019-04-05,90,16:27:00,Friday,St clair and Vaghan,5,Investigation,5,10,N/B,8306
2019-04-05,25,16:31:00,Friday,Don Mills Station,5,Investigation,4,9,N/B,8832
2019-04-05,165,16:34:00,Friday,Keele and Wilson,5,Investigation,8,16,W/B,1320
2019-04-05,7,16:45:00,Friday,Wilson Bathrust,1,Mechanical,8,15,N/B,8360
2019-04-05,7,17:12:00,Friday,Bathrust station,1,Mechanical,8,16,N/B,8346
2019-04-05,6,17:22:00,Friday,Bay and Grosvenor,1,Mechanical,5,10,N/B,1060
2019-04-05,900,17:27:00,Friday,Kipling stn,1,Mechanical,8,16,N/B,8010
2019-04-05,11,17:27:00,Friday,Steeles Loop,1,Mechanical,14,28,S/B,1253
2019-04-05,35,17:32:00,Friday,Jane & Lawrence,1,Mechanical,10,20,N/B,3136
2019-04-05,985,17:44:00,Friday,Markham and Sheppard,1,Mechanical,9,18,W/B,9099
2019-04-05,78,17:45:00,Friday,York Mills and Upper highland,1,Mechanical,15,30,N/B,1370
2019-04-05,160,18:00:00,Friday,Bathrust and Wilson,3,Diversion,216,230,E/B,
2019-04-05,32,18:30:00,Friday,Eglinton and Avenue,1,Mechanical,10,20,E/B,1053
2019-04-05,52,18:30:00,Friday,Lawrence West Station,1,Mechanical,7,14,E/B,8195
2019-04-05,32,18:35:00,Friday,Eglinton and Bathurst,1,Mechanical,10,19,W/B,1130
2019-04-05,87,18:42:00,Friday,Main Station,1,Mechanical,5,10,W/B,8949
2019-04-05,45,19:09:00,Friday,Kipling and Steeles,1,Mechanical,8,16,S/B,7967
2019-04-05,78,19:30:00,Friday,Upper canada and lord seaton,3,Diversion,1,1,B/W,
2019-04-05,79,20:06:00,Friday,Pine and Lawrence,1,Mechanical,24,48,S/B,1135
2019-04-05,86,21:19:00,Friday,Kennedy STN,6,Emergency Services,9,19,E/B,8759
2019-04-05,5,21:52:00,Friday,Ave Rd and Bloor st,1,Mechanical,22,22,S/B,8202
2019-04-05,42,21:52:00,Friday,Finch Stn,4,Utilized Off Route,16,32,E/B,1251
2019-04-05,45,22:39:00,Friday,Kipling and Hunting Ridge,1,Mechanical,10,20,N/B,8421
2019-04-05,52,22:50:00,Friday,Dixon and Islington,5,Investigation,19,38,E/B,8368
2019-04-05,24,23:51:00,Friday,Victoria Park and Van Horne,3,Diversion,4,0,B/W,8460
2019-04-05,104,23:59:00,Friday,Wilson stn,1,Mechanical,20,40,N/B,8144
2019-04-06,7,00:14:00,Saturday,Bathurst stn,6,Emergency Services,9,18,N/B,1270
2019-04-06,75,00:20:00,Saturday,Rosedale station,5,Investigation,30,60,E/B,8146
2019-04-06,300,01:30:00,Saturday,T3 to Kenn,8,General Delay,20,40,B/W,
2019-04-06,334,04:42:00,Saturday,FDFI,9,,30,30,W/B,8800
2019-04-06,63,05:10:00,Saturday,Oakwood and Eglinton,1,Mechanical,9,18,S/B,1204
2019-04-06,79,05:27:00,Saturday,Runnymede Station,1,Mechanical,1,1,N/B,1096
2019-04-06,167,05:40:00,Saturday,Steeles,9,,1,,B/W,8526
2019-04-06,89,05:40:00,Saturday,Keele Station,4,Utilized Off Route,10,20,N/B,1095
2019-04-06,24,05:50:00,Saturday,Victoria Park/ Van Horne,3,Diversion,152,162,B/W,
2019-04-06,7,05:53:00,Saturday,Bathurst and Wilson,9,,9,18,N/B,8328
2019-04-06,160,06:00:00,Saturday,Bathurst and Wilson,3,Diversion,1,1,N/B,
2019-04-06,78,06:00:00,Saturday,Tournament Dr & Link Rd,3,Diversion,300,330,B/W,
2019-04-06,108,06:08:00,Saturday,ARGA,1,Mechanical,30,60,E/B,1209
2019-04-06,169,06:10:00,Saturday,Victoria Park & Pleasant View,3,Diversion,132,202,B/W,
2019-04-06,32,06:13:00,Saturday,Eglinton and Chaplin,3,Diversion,9,18,B/W,1028
2019-04-06,63,06:24:00,Saturday,King and Atlnatic,1,Mechanical,6,12,N/B,1317
2019-04-06,83,06:25:00,Saturday,LSGA,3,Diversion,295,310,N/B,3113
2019-04-06,935,06:36:00,Saturday,jane stn,9,,5,10,N/B,3148
2019-04-06,161,07:06:00,Saturday,Humber Blvd and Lavine,5,Investigation,13,26,W/B,1358
2019-04-06,107,07:30:00,Saturday,Ceramic and Lepage,3,Diversion,30,60,B/W,
2019-04-06,927,08:02:00,Saturday,SLPM,1,Mechanical,10,20,S/B,3201
2019-04-06,29,08:04:00,Saturday,Dufferin at Lawrence,9,,5,10,S/B,9137
2019-04-06,25,08:13:00,Saturday,PSTN,1,Mechanical,9,17,N/B,8928
2019-04-06,939,08:35:00,Saturday,STC,9,,14,28,W/B,1766
2019-04-06,706,08:44:00,Saturday,Victoria Park Station,4,Utilized Off Route,1,1,N/B,8502
2019-04-06,706,08:46:00,Saturday,Warden Station,4,Utilized Off Route,1,1,N/B,8568
2019-04-06,54,08:49:00,Saturday,Eglinton station,4,Utilized Off Route,12,24,,8886
2019-04-06,707,08:49:00,Saturday,STC,4,Utilized Off Route,1,1,S/B,1667
2019-04-06,710,08:55:00,Saturday,Kenn Station,4,Utilized Off Route,1,1,B/W,8899
2019-04-06,37,08:57:00,Saturday,Humberwood loop,1,Mechanical,14,28,S/B,8613
2019-04-06,39,09:26:00,Saturday,Scottsfield and Finch,3,Diversion,231,243,B/W,1778
2019-04-06,116,09:28:00,Saturday,Kingston and Morningside,1,Mechanical,9,18,E/B,8886
2019-04-06,80,09:30:00,Saturday,Keele stn,1,Mechanical,20,40,W/B,7957
2019-04-06,72,09:30:00,Saturday,FRBY,4,Utilized Off Route,18,36,N/B,8544
2019-04-06,66,09:37:00,Saturday,Old Mill stn,1,Mechanical,20,40,S/B,8054
2019-04-06,51,09:42:00,Saturday,Eglinton Stn,5,Investigation,24,45,N/B,8354
2019-04-06,81,09:43:00,Saturday,Thorncliffe Park,5,Investigation,7,14,B/W,8479
2019-04-06,85,10:00:00,Saturday,Don Mills to Zoo-RHGO-Zoo-Don Mills Station,8,General Delay,30,60,B/W,
2019-04-06,985,10:00:00,Saturday,Don Mills to STC-Don Mills,8,General Delay,10,20,B/W,
2019-04-06,100,10:00:00,Saturday,Entire Route,8,General Delay,15,30,BW,
2019-04-06,53,10:00:00,Saturday,53 Route- All Branches,8,General Delay,25,50,B/W,
2019-04-06,34,10:00:00,Saturday,Entire Route.,8,General Delay,25,50,BW,
2019-04-06,67,10:00:00,Saturday,Entire Route,8,General Delay,25,50,BW,
2019-04-06,79,10:19:00,Saturday,Runnymede Station,5,Investigation,12,24,S/B,1026
2019-04-06,64,10:30:00,Saturday,Main Street Route,8,General Delay,10,1,B/W,
2019-04-06,65,10:30:00,Saturday,.Parliament route,8,General Delay,12,1,B/W,
2019-04-06,91,10:30:00,Saturday,Woodbine North Route,8,General Delay,15,1,B/W,
2019-04-06,83,10:30:00,Saturday,Jones Rouite,8,General Delay,10,1,B/W,
2019-04-06,47,10:34:00,Saturday,Earlscourt Loop,5,Investigation,16,32,S/B,1562
2019-04-06,32,10:45:00,Saturday,Eglinton West stn,1,Mechanical,10,20,E/B,1104
2019-04-06,24,10:46:00,Saturday,Finch,3,Diversion,0,0,B/W,8481
2019-04-06,94,10:59:00,Saturday,Queenspark and Welsley,8,General Delay,6,12,B/W,1105
2019-04-06,30,11:00:00,Saturday,Cordova and Dundas St West,8,General Delay,0,0,B/W,
2019-04-06,47,11:00:00,Saturday,Lansdowne and Bloor,8,General Delay,8,16,B/W,1015
2019-04-06,24,11:00:00,Saturday,Finch,8,General Delay,30,30,B/W,
2019-04-06,5,11:15:00,Saturday,Queenspark Circle East,3,Diversion,215,235,B/W,8360
2019-04-06,113,11:20:00,Saturday,Kennedy Station,1,Mechanical,30,60,W/B,8938
2019-04-06,90,11:26:00,Saturday,St Clair W Station,1,Mechanical,8,16,S/B,8107
2019-04-06,85,11:26:00,Saturday,Kirkham Ramp Near Zoo Rd on Ramp,5,Investigation,30,60,W/B,1541
2019-04-06,17,11:30:00,Saturday,Birchmount Route,8,General Delay,15,1,W/B,
2019-04-06,939,11:30:00,Saturday,VP and Finch,8,General Delay,50,64,B/W,
2019-04-06,39,11:30:00,Saturday,VP and Finch,8,General Delay,40,42,B/W,
2019-04-06,89,11:30:00,Saturday,"St. Clair, Dundas, Lawrence,",8,General Delay,25,35,B/W,
2019-04-06,41,11:30:00,Saturday,"St. Clair, Wilson, Sheppard, Dundas",8,General Delay,25,34,B/W,
2019-04-06,26,11:30:00,Saturday,Davenport and Dupont,8,General Delay,25,42,B/W,
2019-04-06,29,11:34:00,Saturday,Dufferin at Lawrence,1,Mechanical,5,10,S/B,9142
2019-04-06,939,11:45:00,Saturday,VP and Finch,3,Diversion,254,268,E/B,1788
2019-04-06,39,11:45:00,Saturday,VP and Finch,3,Diversion,254,266,E/B,1791
2019-04-06,85,11:53:00,Saturday,Zoo,3,Diversion,5,38,E/B,
2019-04-06,29,12:00:00,Saturday,Dufferin Route,8,General Delay,20,25,B/W,
2019-04-06,32,12:03:00,Saturday,Keele and Eglinton,1,Mechanical,10,20,E/B,1017
2019-04-06,132,12:09:00,Saturday,STC,1,Mechanical,30,60,S/B,1248
2019-04-06,36,12:12:00,Saturday,FWSN,1,Mechanical,5,10,W/B,3267
2019-04-06,108,12:14:00,Saturday,ARGA,1,Mechanical,16,32,E/B,1291
2019-04-06,24,12:15:00,Saturday,Victoria Park/ O'Connor,1,Mechanical,9,18,N/B,8427
2019-04-06,133,12:20:00,Saturday,Sheppard and Neilson,1,Mechanical,10,20,S/B,1682
2019-04-06,160,12:30:00,Saturday,Bathust and Wilson,8,General Delay,25,61,B/W,
2019-04-06,29,12:49:00,Saturday,Dufferin at Lawrence,9,,3,6,S/B,9141
2019-04-06,52,12:53:00,Saturday,Allen & Lawrence,8,General Delay,33,43,B/W,
2019-04-06,16,13:21:00,Saturday,Ellesmere,1,Mechanical,10,20,S/B,8500
2019-04-06,108,13:22:00,Saturday,Grandravine/Franklon Cres.,3,Diversion,78,86,E/B,3314
2019-04-06,52,13:45:00,Saturday,West way & Sandwell,5,Investigation,8,16,S/B,1364
2019-04-06,75,14:00:00,Saturday,Route 75,8,General Delay,24,34,B/W,
2019-04-06,7,14:00:00,Saturday,Route 7,8,General Delay,18,26,B/W,
2019-04-06,11,14:00:00,Saturday,Route 11,8,General Delay,16,31,B/W,
2019-04-06,90,14:00:00,Saturday,Route 90,8,General Delay,16,24,B/W,
2019-04-06,105,14:07:00,Saturday,Allen Road/Sheppard,5,Investigation,15,30,S/B,1288
2019-04-06,45,14:08:00,Saturday,Kipling Ave and Tabar,1,Mechanical,9,19,B/W,7971
2019-04-06,70,14:34:00,Saturday,CRAG,4,Utilized Off Route,44,44,S/B,8629
2019-04-06,127,14:45:00,Saturday,All along the route,8,General Delay,27,50,B/W,
2019-04-06,67,15:00:00,Saturday,Denton / Victoria Park,1,Mechanical,7,14,S/B,3125
2019-04-06,68,15:00:00,Saturday,68 Warden route,8,General Delay,20,40,B/W,
2019-04-06,121,15:01:00,Saturday,Bay and Front,5,Investigation,16,32,N/B,8599
2019-04-06,52,15:12:00,Saturday,Lawrence station,5,Investigation,17,34,W/B,8143
2019-04-06,53,15:20:00,Saturday,STDM,1,Mechanical,21,42,W/B,3410
2019-04-06,29,15:22:00,Saturday,Dufferin and Queen,5,Investigation,4,8,S/B,9144
2019-04-06,22,15:33:00,Saturday,Coxwell Avenue / CSTN,1,Mechanical,8,16,S/B,8437
2019-04-06,52,15:46:00,Saturday,Lawrence and Weston,5,Investigation,9,18,E/B,1372
2019-04-06,40,16:00:00,Saturday,Dundas West to Runnymede,8,General Delay,15,30,B/W,
2019-04-06,17,16:00:00,Saturday,"Eglinton Ave, to Finch Ave.",8,General Delay,15,30,B/W,
2019-04-06,63,16:00:00,Saturday,EWST to ATKI,8,General Delay,20,40,B/W,
2019-04-06,34,16:10:00,Saturday,Eglinton / Hakimi,5,Investigation,10,20,W/B,3128
2019-04-06,129,16:12:00,Saturday,STC,1,Mechanical,6,12,N/B,1550
2019-04-06,63,16:20:00,Saturday,Oakwood / Rogers,5,Investigation,6,12,N/B,1215
2019-04-06,34,16:22:00,Saturday,Kennedy stn,5,Investigation,10,20,W/B,8800
2019-04-06,94,17:00:00,Saturday,Castle Frank Station - Ossington Station,8,General Delay,23,36,B/W,
2019-04-06,126,17:00:00,Saturday,Christie Station - St. Clair Station,8,General Delay,45,75,B/W,
2019-04-06,131,17:06:00,Saturday,Scarborough Town Center,6,Emergency Services,14,28,B/W,1668
2019-04-06,939,17:14:00,Saturday,Finch Station,1,Mechanical,12,24,B/W,1706
2019-04-06,32,17:30:00,Saturday,Pine at Lawrence,1,Mechanical,9,18,S/B,1018
2019-04-06,17,17:44:00,Saturday,Warden station,9,,15,30,N/B,8561
2019-04-06,927,18:00:00,Saturday,KPSN,9,,10,20,N/B,3207
2019-04-06,89,19:15:00,Saturday,Lawrence and Weston,1,Mechanical,10,20,N/B,1380
2019-04-06,54,19:39:00,Saturday,Lawrence & Townley,5,Investigation,19,38,W/B,8681
2019-04-06,134,20:54:00,Saturday,FDFI,1,Mechanical,22,44,S/B,3472
2019-04-06,111,21:00:00,Saturday,Kipling Station to Willowridge and Richgrove,8,General Delay,10,30,B/W,
2019-04-06,81,21:14:00,Saturday,Pape and Millwood bridge,5,Investigation,12,24,N/B,3100
2019-04-07,7,00:00:00,Sunday,Bathurst at Dewlane Dr.,1,Mechanical,7,15,N/B,1231
2019-04-07,89,00:13:00,Sunday,Rogers and Weston,1,Mechanical,10,20,N/B,1120
2019-04-07,36,00:31:00,Sunday,Finch and Signet,5,Investigation,9,18,WB,3256
2019-04-07,89,01:20:00,Sunday,Keele and Annette,1,Mechanical,10,20,S/B,1605
2019-04-07,32,01:25:00,Sunday,Spadina and Eglinton,5,Investigation,16,32,E/B,1590
2019-04-07,300,06:00:00,Sunday,DDAN,9,,12,32,W/B,8846
2019-04-07,300,06:00:00,Sunday,Between T3 and Kennedy Stn,8,General Delay,25,40,B/W,
2019-04-07,52,06:54:00,Sunday,LAWRENCE AVE. AT YONGE ST.,9,,10,20,W/B,1210
2019-04-07,53,07:06:00,Sunday,MOFI,9,,27,54,W/B,1565
2019-04-07,14,07:11:00,Sunday,Davisville Station,1,Mechanical,25,50,E/B,1047
2019-04-07,130,07:34:00,Sunday,MDSL,9,,34,34,S/B,1752
2019-04-07,320,07:37:00,Sunday,SYON,1,Mechanical,3,6,S/B,8107
2019-04-07,161,07:42:00,Sunday,Dufferin and Rogers,5,Investigation,20,40,W/B,1208
2019-04-07,100,07:50:00,Sunday,Broadview station,9,,10,20,N/B,8824
2019-04-07,39,08:01:00,Sunday,FSTN,1,Mechanical,17,35,E/B,3472
2019-04-07,7,08:06:00,Sunday,Bathurst Station to Steels,8,General Delay,27,37,B/W,
2019-04-07,36,08:22:00,Sunday,FARR,9,,8,10,E/B,3269
2019-04-07,160,08:54:00,Sunday,Wilson Station,9,,36,72,N/B,1236
2019-04-07,32,08:55:00,Sunday,Eglinton and Kane,1,Mechanical,16,32,E/B,1017
2019-04-07,129,09:00:00,Sunday,STC,1,Mechanical,50,100,N/B,1775
2019-04-07,927,09:26:00,Sunday,Hwy27,5,Investigation,10,20,S/B,3204
2019-04-07,36,09:26:00,Sunday,Finch and HWY27,5,Investigation,9,19,W/B,7258
2019-04-07,900,09:27:00,Sunday,T3,1,Mechanical,8,16,S/B,8005
2019-04-07,29,09:35:00,Sunday,Manitoba @ Saskatchewan,1,Mechanical,7,14,N/B,9027
2019-04-07,32,09:47:00,Sunday,Eglinton Stn,1,Mechanical,9,18,E/B,1104
2019-04-07,37,09:50:00,Sunday,QUEENS PLATE AND HWY 27,1,Mechanical,13,26,N/B,7978
2019-04-07,9,09:50:00,Sunday,warden station,1,Mechanical,22,44,S/B,8496
2019-04-07,600,10:00:00,Sunday,Jane at Alliance,4,Utilized Off Route,5,10,E/B,7481
2019-04-07,602,10:00:00,Sunday,ISTN,4,Utilized Off Route,1,1,N/B,7955
2019-04-07,89,10:00:00,Sunday,Keele Station,4,Utilized Off Route,10,20,N/B,1532
2019-04-07,602,10:00:00,Sunday,qnsy,4,Utilized Off Route,1,1,N/B,8077
2019-04-07,602,10:00:00,Sunday,istn,4,Utilized Off Route,1,1,N/B,8016
2019-04-07,709,10:03:00,Sunday,Jane at Alliance,4,Utilized Off Route,5,10,E/B,1360
2019-04-07,81,10:22:00,Sunday,Finch,1,Mechanical,5,10,S/B,3290
2019-04-07,71,10:38:00,Sunday,Black Creek and Tretheway,5,Investigation,24,48,E/B,1090
2019-04-07,32,10:40:00,Sunday,Eglinton W Stn,1,Mechanical,10,20,E/B,1110
2019-04-07,161,10:46:00,Sunday,Rogers at Keele,5,Investigation,16,32,W/B,1065
2019-04-07,41,10:56:00,Sunday,Keele at Gulliver,5,Investigation,11,23,S/B,1000
2019-04-07,85,11:14:00,Sunday,Sheppard and Progress,1,Mechanical,8,24,E/B,1745
2019-04-07,35,11:20:00,Sunday,Jane Station,1,Mechanical,10,20,N/B,3290
2019-04-07,600,11:22:00,Sunday,WOODBINE CASINO,5,Investigation,1,1,S/B,7977
2019-04-07,939,11:27:00,Sunday,STC,1,Mechanical,16,32,W/B,1327
2019-04-07,52,11:30:00,Sunday,Allen to Scarlett,8,General Delay,10,20,W/B,
2019-04-07,600,11:42:00,Sunday,Yorkdale Mall,4,Utilized Off Route,1,1,S/B,1099
2019-04-07,63,11:46:00,Sunday,queen,4,Utilized Off Route,9,18,N/B,1226
2019-04-07,63,11:46:00,Sunday,queen,4,Utilized Off Route,9,18,N/B,1226
2019-04-07,32,11:59:00,Sunday,Keele and Eglinton,1,Mechanical,10,20,W/B,1085
2019-04-07,24,12:00:00,Sunday,victoria park,8,General Delay,10,1,B/W,
2019-04-07,90,12:02:00,Sunday,St Clair West Station,9,,8,16,N/B,1275
2019-04-07,108,12:09:00,Sunday,Shepperd west stn,1,Mechanical,5,10,S/B,3262
2019-04-07,52,12:11:00,Sunday,LA.W,9,,7,14,W/B,1257
2019-04-07,32,12:20:00,Sunday,Keele and Oakwood,1,Mechanical,10,20,W/B,1104
2019-04-07,111,12:20:00,Sunday,Kipling Station,9,,13,26,N/B,8611
2019-04-07,85,12:24:00,Sunday,BZO,1,Mechanical,5,16,W/B,1403
2019-04-07,602,12:40:00,Sunday,HUMBER LOOP,4,Utilized Off Route,1,1,S/B,7955
2019-04-07,602,12:44:00,Sunday,LONG BRANCH LOOP,4,Utilized Off Route,1,1,S/B,8077
2019-04-07,600,12:44:00,Sunday,KPSN,9,,1,1,N/B,3277
2019-04-07,45,12:45:00,Sunday,Kipling at Mount Olive,3,Diversion,10,17,S/B,7932
2019-04-07,935,12:46:00,Sunday,Jane Station,4,Utilized Off Route,9,17,N/B,1318
2019-04-07,100,13:00:00,Sunday,Route 100,8,General Delay,9,17,B/W,
2019-04-07,67,13:00:00,Sunday,Route 67,8,General Delay,12,29,B/W,
2019-04-07,34,13:00:00,Sunday,Route 34,8,General Delay,21,28,B/W,
2019-04-07,95,13:02:00,Sunday,Bayview and YorkMills,5,Investigation,17,34,E/B,1744
2019-04-07,120,13:12:00,Sunday,keele,1,Mechanical,30,60,E/B,3143
2019-04-07,6,13:26:00,Sunday,Davenport at Dupont,1,Mechanical,5,10,S/B,1024
2019-04-07,21,13:28:00,Sunday,Ellesmere and Brimley,1,Mechanical,18,36,S/B,1526
2019-04-07,925,13:30:00,Sunday,PSTN,1,Mechanical,10,20,NB,8714
2019-04-07,24,13:30:00,Sunday,lawrance  to shappard,8,General Delay,10,20,B/W,
2019-04-07,38,13:40:00,Sunday,Confrence Blvd and Portunion,3,Diversion,360,370,W/B,
2019-04-07,112,13:46:00,Sunday,Westmall at Civic Centre,3,Diversion,31,41,S/B,7947
2019-04-07,121,14:00:00,Sunday,Fort York Route,8,General Delay,10,1,B/W,
2019-04-07,96,14:15:00,Sunday,bathurst stn,1,Mechanical,5,10,E/B,3225
2019-04-07,60,14:21:00,Sunday,FSTN,1,Mechanical,10,20,W/B,1316
2019-04-07,112,14:47:00,Sunday,Westmall at civic Centre,3,Diversion,116,126,S/B,8417
2019-04-07,116,15:20:00,Sunday,Morningside & John Stoner Pkwy,1,Mechanical,6,13,S/B,8785
2019-04-07,55,15:31:00,Sunday,Jane Stn,1,Mechanical,20,40,N/B,1119
2019-04-07,126,15:45:00,Sunday,St. Clair West Station,1,Mechanical,30,60,S/B,1576
2019-04-07,50,15:57:00,Sunday,Mill road loop,1,Mechanical,18,36,E/B,7933
2019-04-07,32,16:10:00,Sunday,PINE,1,Mechanical,10,20,E/B,1329
2019-04-07,90,16:14:00,Sunday,Oakwood and Vaughan,1,Mechanical,8,16,S/B,1275
2019-04-07,51,16:30:00,Sunday,Leslie and Steeles,1,Mechanical,24,48,S/B,1250
2019-04-07,63,16:40:00,Sunday,Oakwood and Eglinton,5,Investigation,7,14,N/B,8306
2019-04-07,322,17:17:00,Sunday,Bingham Loop,9,,30,60,WB,8430
2019-04-07,602,17:38:00,Sunday,Kipling Station,4,Utilized Off Route,1,1,E/B,8077
2019-04-07,600,17:40:00,Sunday,MDGA,4,Utilized Off Route,1,1,S/B,1087
2019-04-07,600,17:42:00,Sunday,Arrow garage,4,Utilized Off Route,1,1,S/B,3261
2019-04-07,702,17:43:00,Sunday,Islington Station,4,Utilized Off Route,1,1,NB,8029
2019-04-07,39,17:49:00,Sunday,MCFI,1,Mechanical,16,32,W/B,3467
2019-04-07,89,17:50:00,Sunday,Weston at Bartonville,3,Diversion,20,30,S/B,
2019-04-07,602,17:50:00,Sunday,Queensway Garage,4,Utilized Off Route,1,1,NB,7939
2019-04-07,123,17:52:00,Sunday,Sherway Gardens,1,Mechanical,10,20,E/B,8049
2019-04-07,935,17:52:00,Sunday,Jane Station,4,Utilized Off Route,9,17,N/B,3235
2019-04-07,85,18:05:00,Sunday,MGAT,1,Mechanical,31,59,W/B,1398
2019-04-07,7,18:23:00,Sunday,Bewlese and Bathurst,1,Mechanical,8,16,N/B,1231
2019-04-07,7,19:29:00,Sunday,Bathurst and Davenport,5,Investigation,7,14,S/B,8329
2019-04-07,37,19:34:00,Sunday,Islington Station,1,Mechanical,12,24,N/B,8092
2019-04-07,95,20:35:00,Sunday,Ellesmere Cul- De- Sac Kingston Loop,1,Mechanical,10,20,W/B,3472
2019-04-07,54,20:59:00,Sunday,Lawrence & Greencrest,1,Mechanical,19,38,E/B,8861
2019-04-07,85,21:15:00,Sunday,DONS,1,Mechanical,20,40,W/B,1396
2019-04-07,600,22:22:00,Sunday,PVST,4,Utilized Off Route,1,1,E/B,3159
2019-04-07,89,22:35:00,Sunday,King Street and Weston,3,Diversion,90,100,B/W,
2019-04-07,60,22:57:00,Sunday,FSTN,1,Mechanical,18,36,W/B,3327
2019-04-07,53,22:59:00,Sunday,Markham Rd and Steeles Ave,1,Mechanical,20,40,W/B,1779
2019-04-07,24,23:46:00,Sunday,STLP,1,Mechanical,10,20,S/B,8486
2019-04-07,56,23:48:00,Sunday,Eglinton Stn,5,Investigation,24,48,E/B,1285
2019-04-07,52,23:48:00,Sunday,Lawrence W Stn,1,Mechanical,10,20,E/B,8359
2019-04-08,83,00:10:00,Monday,Leslie and Commisioners,3,Diversion,15,30,S/B,3109
2019-04-08,52,00:40:00,Monday,Blackcreek and Lawrence,3,Diversion,0,0,E/B,
2019-04-08,25,00:41:00,Monday,Don Mills & Freshmeadow,5,Investigation,10,20,S/B,8670
2019-04-08,168,01:00:00,Monday,Dundas W stn,8,General Delay,10,20,B/W,1061
2019-04-08,160,04:00:00,Monday,bathurst / wilson,3,Diversion,1,1,N/B,1328
2019-04-08,32,04:16:00,Monday,ESTN,9,,30,30,W/B,1007
2019-04-08,939,04:30:00,Monday,939 Finch Expredsds-All Branch,8,General Delay,10,18,B/W,1655
2019-04-08,39,04:30:00,Monday,39 Finch Route-All Branch,8,General Delay,14,18,B/W,3446
2019-04-08,36,04:45:00,Monday,FSTN,9,,10,1,W/B,9113
2019-04-08,85,04:46:00,Monday,Meadowvale and Sheppard,9,,15,30,B/W,3473
2019-04-08,36,04:48:00,Monday,FARR,9,,10,20,E/B,9106
2019-04-08,47,05:26:00,Monday,Yorkdale Mall,1,Mechanical,9,18,S/B,1068
2019-04-08,6,05:30:00,Monday,Davenport and Dupont,1,Mechanical,11,22,S/B,1625
2019-04-08,29,05:31:00,Monday,Dufferin & St Clair,1,Mechanical,10,19,S/B,9103
2019-04-08,45,05:32:00,Monday,SLPK,1,Mechanical,11,22,S/B,8076
2019-04-08,108,05:43:00,Monday,Stong and Driftwood,9,,15,35,W/B,3261
2019-04-08,87,05:45:00,Monday,Gladhill /Osboun,5,Investigation,5,10,E/B,8487
2019-04-08,60,05:53:00,Monday,SLPM,9,,10,20,E/B,3233
2019-04-08,21,05:55:00,Monday,STC,1,Mechanical,20,40,N/B,1504
2019-04-08,96,05:57:00,Monday,Finch and Humberline,9,,8,20,E/B,3337
2019-04-08,83,05:58:00,Monday,Donlands Station,9,,12,25,SB,8946
2019-04-08,929,05:58:00,Monday,DLAW,9,,8,17,N/B,9021
2019-04-08,5,06:00:00,Monday,Eglinton Station,9,,13,26,S/B,1375
2019-04-08,37,06:01:00,Monday,islington station,1,Mechanical,20,40,N/B,7959
2019-04-08,66,06:02:00,Monday,Old Mill Station,9,,12,24,S/B,7978
2019-04-08,36,06:04:00,Monday,FWST,9,,4,13,W/B,9120
2019-04-08,17,06:05:00,Monday,Warden Station,9,,7,14,N/B,8444
2019-04-08,7,06:05:00,Monday,wilson garage,9,,5,13,S/B,1221
2019-04-08,36,06:06:00,Monday,FWST,9,,11,17,W/B,1238
2019-04-08,90,06:08:00,Monday,wilson garage,9,,7,14,N/B,1257
2019-04-08,902,06:10:00,Monday,Warden Station,1,Mechanical,10,20,EB,8546
2019-04-08,72,06:10:00,Monday,Commissioners St and Don Roadway,5,Investigation,16,32,WB,8949
2019-04-08,900,06:14:00,Monday,KPSN,1,Mechanical,10,20,N/B,8000
2019-04-08,929,06:15:00,Monday,DLAW,9,,8,17,N/B,9026
2019-04-08,85,06:18:00,Monday,slp,9,,16,32,W/B,3410
2019-04-08,43,06:24:00,Monday,Kennedy Station,9,,5,10,N/B,8902
2019-04-08,97,06:24:00,Monday,York Mills Station,1,Mechanical,30,60,S/B,8215
2019-04-08,34,06:29:00,Monday,KENN,1,Mechanical,5,9,W/B,3116
2019-04-08,960,06:30:00,Monday,Finch Station,9,,10,1,W/B,3201
2019-04-08,927,06:34:00,Monday,HLDG,9,,13,26,,3195
2019-04-08,927,06:35:00,Monday,Martin Grove and Royal Crest,9,,13,19,N/B,3161
2019-04-08,60,06:48:00,Monday,SGHL,9,,7,14,E/B,3273
2019-04-08,939,06:50:00,Monday,STC SRT,9,,8,16,N/B,1750
2019-04-08,116,06:50:00,Monday,Kingston Rd and Guildwood,1,Mechanical,7,13,E/B,8865
2019-04-08,339,06:54:00,Monday,STC SRT,9,,8,16,N/B,1668
2019-04-08,142,07:00:00,Monday,Bombay Loop,1,Mechanical,30,60,S/B,8148
2019-04-08,132,07:00:00,Monday,132 Milner-All Branch,3,Diversion,141,164,B/W,1550
2019-04-08,130,07:00:00,Monday,130 Middlefield Route-All Branch,3,Diversion,141,163,B/W,1720
2019-04-08,939,07:00:00,Monday,McCowan under SRT bridge,3,Diversion,1,1,S/B,1611
2019-04-08,43,07:04:00,Monday,Kennedy Station,9,,5,10,N/B,8846
2019-04-08,53,07:05:00,Monday,Passmore and Markham,1,Mechanical,5,10,B/W,1501
2019-04-08,100,07:07:00,Monday,DMWF,4,Utilized Off Route,3,7,S/B,8733
2019-04-08,61,07:12:00,Monday,Bombay Loop,4,Utilized Off Route,10,22,S/B,8389
2019-04-08,116,07:21:00,Monday,Kennedy STN,6,Emergency Services,6,13,E/B,8806
2019-04-08,116,07:27:00,Monday,Kennedy STN,4,Utilized Off Route,6,7,E/B,8765
2019-04-08,90,07:30:00,Monday,st clair wstn / oakwood,8,General Delay,4,7,B/W,
2019-04-08,57,07:36:00,Monday,Kennedy STN,1,Mechanical,8,16,N/B,8722
2019-04-08,24,08:00:00,Monday,Eglintion at Victoria park,8,General Delay,7,14,E/B,
2019-04-08,85,08:28:00,Monday,Warden and Sheppard,1,Mechanical,16,32,E/B,3501
2019-04-08,6,08:30:00,Monday,Bay and Wellington,8,General Delay,10,20,N/B,1059
2019-04-08,34,08:30:00,Monday,Route 34- Eglinton East,8,General Delay,20,24,B/W,
2019-04-08,40,08:42:00,Monday,Runnymede Loop,1,Mechanical,7,14,E/B,8075
2019-04-08,63,09:29:00,Monday,Ossington/Queen,5,Investigation,7,10,S/B,8306
2019-04-08,14,09:31:00,Monday,On Lansdowne at Tyco,5,Investigation,1,1,W/B,1062
2019-04-08,67,09:42:00,Monday,Pharmacy/Comstock,5,Investigation,15,30,S/B,8699
2019-04-08,33,09:50:00,Monday,Eglinton/Spadina,1,Mechanical,20,40,S/B,8126
2019-04-08,132,10:10:00,Monday,STC SRT,1,Mechanical,16,32,E/B,1550
2019-04-08,85,10:12:00,Monday,SLP,1,Mechanical,7,14,W/B,3425
2019-04-08,60,10:22:00,Monday,Hidden Trail and Steeles,1,Mechanical,5,10,E/B,3313
2019-04-08,60,10:34:00,Monday,Hidden Trail and Steeles,1,Mechanical,5,10,E/B,3302
2019-04-08,54,10:55:00,Monday,Lawrence at Midland,3,Diversion,160,166,W/B,
2019-04-08,53,11:01:00,Monday,Finch Station,1,Mechanical,11,22,B/W,1580
2019-04-08,6,11:07:00,Monday,Bay and Hangerman st,5,Investigation,11,22,N/B,1555
2019-04-08,939,11:10:00,Monday,Finch Av -Kennedy,1,Mechanical,9,18,E/B,3439
2019-04-08,54,11:10:00,Monday,ESTN,8,General Delay,15,21,E/B,
2019-04-08,929,11:38:00,Monday,WILS,1,Mechanical,10,20,S/B,9138
2019-04-08,38,11:57:00,Monday,STC,1,Mechanical,12,24,W/B,1731
2019-04-08,41,11:57:00,Monday,SB on Weston at Gunns Road,5,Investigation,1,1,S/B,9018
2019-04-08,47,12:03:00,Monday,Yorkdale stn,1,Mechanical,15,30,N/B,1260
2019-04-08,85,12:10:00,Monday,Kennedy and sheppard,1,Mechanical,7,14,E/B,3416
2019-04-08,20,12:51:00,Monday,Kennedy station,1,Mechanical,10,20,E/B,8602
2019-04-08,53,12:56:00,Monday,MARKHAM AND STEELES,1,Mechanical,23,46,B/W,3442
2019-04-08,7,12:59:00,Monday,steeles,1,Mechanical,8,16,S/B,8340
2019-04-08,54,13:21:00,Monday,Lawrence RT,1,Mechanical,11,23,W/B,8693
2019-04-08,85,13:34:00,Monday,Meadowvale/Sheppard,6,Emergency Services,7,21,W/B,3410
2019-04-08,44,13:43:00,Monday,KIPLING AND TORLAKE,1,Mechanical,6,12,N/B,8042
2019-04-08,59,13:43:00,Monday,Oak & Weston,1,Mechanical,45,90,E/B,3188
2019-04-08,939,13:51:00,Monday,STC SRT,1,Mechanical,9,18,N/B,1655
2019-04-08,43,13:57:00,Monday,McNicoll on Kwennedy,1,Mechanical,8,18,N/B,8814
2019-04-08,168,14:00:00,Monday,"St.Clair, Dundas, Davenport",8,General Delay,25,35,B/W,
2019-04-08,165,14:00:00,Monday,Route 165,8,General Delay,18,26,Bw,
2019-04-08,96,14:00:00,Monday,Route 96,8,General Delay,19,30,Bw,
2019-04-08,35,14:03:00,Monday,Jane & Sheppard,5,Investigation,8,16,N/B,3131
2019-04-08,54,14:16:00,Monday,Kennedy on Lawrence,1,Mechanical,12,24,W/B,8747
2019-04-08,50,15:00:00,Monday,Islington Station to Mill Road Loop,8,General Delay,12,24,B/W,
2019-04-08,70,15:00:00,Monday,St.Clair/O'Connor to Woodbine/O'Connor as well as Victoria park/Eglinton,8,General Delay,20,37,B/W,
2019-04-08,122,15:00:00,Monday,YKMS to ROYW,8,General Delay,12,25,B/W,
2019-04-08,952,15:00:00,Monday,Airport to Lawrence station,8,General Delay,12,24,B/W,
2019-04-08,52,15:00:00,Monday,WMALL to LSTN,8,General Delay,13,20,B/W,
2019-04-08,118,15:00:00,Monday,Route 118,8,General Delay,11,36,BW,
2019-04-08,905,15:02:00,Monday,Eglinton & Brimley,1,Mechanical,7,16,E/B,8855
2019-04-08,71,15:08:00,Monday,Mount Dennis to Gunn's Loop,9,,19,38,S/B,1047
2019-04-08,54,15:09:00,Monday,ESTN,9,,10,20,E/B,8712
2019-04-08,79,15:20:00,Monday,Lawrence and Weston,1,Mechanical,14,38,N/B,1361
2019-04-08,984,15:20:00,Monday,Sheppard Station,9,,13,26,W/B,1303
2019-04-08,34,15:26:00,Monday,KENN,9,,4,9,W/B,8639
2019-04-08,127,15:34:00,Monday,Old / Weston / Davenport,5,Investigation,20,40,E/B,1202
2019-04-08,34,15:34:00,Monday,ESTN,9,,11,22,E/B,8621
2019-04-08,937,15:38:00,Monday,Islington Station,1,Mechanical,11,22,N/B,8047
2019-04-08,927,15:40:00,Monday,Kipling Stn,1,Mechanical,5,10,,3230
2019-04-08,78,15:45:00,Monday,YKMS,9,,15,30,W/B,8148
2019-04-08,67,15:48:00,Monday,Pharmacy Ave/Kellyvale Rd,3,Diversion,33,43,B/W,
2019-04-08,67,15:48:00,Monday,Pharmacy Ave/Kellyvale Rd,6,Emergency Services,10,20,N/B,3115
2019-04-08,144,15:51:00,Monday,Jarvis St and Richmond St,8,General Delay,20,40,BW,
2019-04-08,95,15:54:00,Monday,YKMS,1,Mechanical,11,21,E/B,3433
2019-04-08,900,15:56:00,Monday,Kipling Station,1,Mechanical,9,17,N/B,8007
2019-04-08,935,16:00:00,Monday,Jane/Maple Leaf,6,Emergency Services,10,20,N/B,3294
2019-04-08,38,16:09:00,Monday,Neilson and Ellesmere,3,Diversion,21,34,B/W,
2019-04-08,133,16:09:00,Monday,Neilson and Ellesmere,3,Diversion,21,29,B/W,
2019-04-08,25,16:11:00,Monday,Freshmeadow Dr/Don Mills rd,1,Mechanical,5,10,S/B,8652
2019-04-08,124,16:16:00,Monday,Lawrence to sunnybrook,8,General Delay,15,23,B/W,
2019-04-08,65,16:19:00,Monday,Parliament and Dundas,3,Diversion,11,22,N/B,8449
2019-04-08,104,16:27:00,Monday,Sheppared West Station,1,Mechanical,14,28,S/B,8361
2019-04-08,85,16:27:00,Monday,SHBR,5,Investigation,16,32,E/B,3458
2019-04-08,52,16:28:00,Monday,Lawrence station,5,Investigation,7,20,W/B,1270
2019-04-08,900,16:29:00,Monday,"Terminal Three, Pearson Airport",1,Mechanical,8,17,S/B,8008
2019-04-08,52,16:31:00,Monday,Lawrence station,9,,20,41,W/B,1229
2019-04-08,52,16:35:00,Monday,Dixon and Islinton,5,Investigation,7,35,W/B,8130
2019-04-08,939,16:35:00,Monday,Finch Ave/ Bayview Ave,1,Mechanical,12,24,W/B,1793
2019-04-08,129,16:41:00,Monday,MMRC,1,Mechanical,17,34,S/B,3460
2019-04-08,63,17:00:00,Monday,Atlantic/ King to Eglinton W Station,8,General Delay,40,50,B/W,
2019-04-08,39,17:07:00,Monday,OFIN,9,,14,28,W/B,1710
2019-04-08,72,17:14:00,Monday,Pape Avenue / PSTN,1,Mechanical,16,32,S/B,8466
2019-04-08,600,17:30:00,Monday,REGW,4,Utilized Off Route,1,1,B/W,1073
2019-04-08,89,17:30:00,Monday,Keele stn,4,Utilized Off Route,10,20,N/B,1090
2019-04-08,604,17:34:00,Monday,YKMS stn,4,Utilized Off Route,1,1,W/B,3303
2019-04-08,711,17:35:00,Monday,EWST,4,Utilized Off Route,1,1,S/B,8184
2019-04-08,6,17:35:00,Monday,King and Bay,4,Utilized Off Route,5,10,S/B,1132
2019-04-08,86,17:35:00,Monday,Coronation & Wallsend,1,Mechanical,19,35,W/B,8725
2019-04-08,63,17:35:00,Monday,Queen and Ossington,4,Utilized Off Route,8,16,S/B,8213
2019-04-08,95,17:36:00,Monday,Scarborough College Loop - Military Trail,1,Mechanical,10,20,W/B,1686
2019-04-08,706,17:36:00,Monday,Victoria Park and Ellesmere,4,Utilized Off Route,1,1,E/B,9215
2019-04-08,944,17:37:00,Monday,Kipling Station,4,Utilized Off Route,9,18,S/B,7971
2019-04-08,709,17:37:00,Monday,Davenport / Lansdowne,4,Utilized Off Route,1,1,WB,1093
2019-04-08,710,17:38:00,Monday,DMWF,4,Utilized Off Route,1,1,S/B,8919
2019-04-08,79,17:40:00,Monday,Runnymede stn,4,Utilized Off Route,14,29,N/B,1084
2019-04-08,100,17:40:00,Monday,BSTN,4,Utilized Off Route,6,12,N/B,8812
2019-04-08,600,17:40:00,Monday,JNST,4,Utilized Off Route,1,1,S/B,3347
2019-04-08,704,17:40:00,Monday,Finch W Stn,4,Utilized Off Route,1,1,,3162
2019-04-08,6,17:40:00,Monday,Bay and King,4,Utilized Off Route,5,10,N/B,1529
2019-04-08,35,17:42:00,Monday,JNST,4,Utilized Off Route,5,10,S/B,3173
2019-04-08,186,17:45:00,Monday,York Mills stn,4,Utilized Off Route,11,22,W/B,1306
2019-04-08,711,17:45:00,Monday,Atlantic & King,4,Utilized Off Route,1,1,S/B,1221
2019-04-08,44,17:45:00,Monday,Colonel Sam Smith Loop,4,Utilized Off Route,5,10,N/B,8093
2019-04-08,29,17:45:00,Monday,Springhurst Loop,1,Mechanical,7,15,N/B,9144
2019-04-08,40,17:49:00,Monday,Runnymede Loop,4,Utilized Off Route,8,15,E/B,8027
2019-04-08,601,17:50:00,Monday,SWST,4,Utilized Off Route,1,1,S/B,8340
2019-04-08,87,17:50:00,Monday,BRST,4,Utilized Off Route,6,12,E/B,8550
2019-04-08,7,17:54:00,Monday,BATH,4,Utilized Off Route,8,15,S/B,8122
2019-04-08,54,18:02:00,Monday,Don Avon on Eglinton Ave E,1,Mechanical,10,21,E/B,8842
2019-04-08,63,18:20:00,Monday,Atlantic and King,3,Diversion,40,50,S/B,
2019-04-08,12,18:32:00,Monday,Lawrence ave / Kingston Road,1,Mechanical,25,50,S/B,8540
2019-04-08,102,18:35:00,Monday,Eglinton and Markham,1,Mechanical,10,20,S/B,8402
2019-04-08,85,18:48:00,Monday,McCowan and Sheppard,1,Mechanical,16,32,E/B,3410
2019-04-08,63,18:50:00,Monday,Ossinton and Northumberland,5,Investigation,8,16,N/B,8166
2019-04-08,82,19:18:00,Monday,RSTN,1,Mechanical,20,20,E/B,8114
2019-04-08,116,19:29:00,Monday,Eglinton & Oswego,5,Investigation,5,10,W/B,8711
2019-04-08,12,19:30:00,Monday,Kingston road and Victoria park,4,Utilized Off Route,9,18,N/B,8599
2019-04-08,12,19:39:00,Monday,Eglinton / Brimley,4,Utilized Off Route,18,36,N/B,8961
2019-04-08,71,20:45:00,Monday,Gunn's Loop,1,Mechanical,22,44,S/B,1047
2019-04-08,32,20:53:00,Monday,Keele and Eglinton,1,Mechanical,7,14,E/B,1149
2019-04-08,56,21:25:00,Monday,Donlands Stn,5,Investigation,20,40,N/B,8105
2019-04-08,939,21:42:00,Monday,STC,1,Mechanical,13,26,W/B,1658
2019-04-08,102,21:50:00,Monday,Markham Road / WAST,9,,10,20,N/B,8466
2019-04-08,108,22:32:00,Monday,SWST,1,Mechanical,14,28,N/B,3338
2019-04-08,95,23:24:00,Monday,Markham and Ellesmere Rd,1,Mechanical,10,20,W/B,1721
2019-04-09,121,00:00:00,Tuesday,front and blue jay way,8,General Delay,7,14,S/B,
2019-04-09,84,00:17:00,Tuesday,Arrow Road,1,Mechanical,10,20,E/B,1274
2019-04-09,25,01:01:00,Tuesday,PSTN,5,Investigation,11,22,N/B,8749
2019-04-09,7,01:04:00,Tuesday,Bathurst Station,1,Mechanical,8,16,N/B,8133
2019-04-09,325,01:54:00,Tuesday,FMDM,5,Investigation,1,1,S/B,8749
2019-04-09,320,02:28:00,Tuesday,SYON,4,Utilized Off Route,3,7,S/B,8845
2019-04-09,320,03:01:00,Tuesday,Eglinton,1,Mechanical,3,6,S/B,8110
2019-04-09,939,04:30:00,Tuesday,939 Finch Express-All Branch,8,General Delay,10,18,BW,
2019-04-09,39,04:30:00,Tuesday,39-Finch Route-All Branch,8,General Delay,14,18,BW,
2019-04-09,35,04:31:00,Tuesday,Peter Kaiser and Steeles,9,,16,32,W/B,3136
2019-04-09,52,04:38:00,Tuesday,DUFFERIN ST. AT LAWRENCE AVE. W.,1,Mechanical,10,10,W/B,1399
2019-04-09,953,04:55:00,Tuesday,New Gale Gate at Finchdene Sq,9,,30,30,W/B,9090
2019-04-09,32,04:55:00,Tuesday,ESTN,9,,19,33,W/B,1046
2019-04-09,21,05:25:00,Tuesday,STC,9,,20,40,S/B,1656
2019-04-09,46,05:32:00,Tuesday,KPSN,9,,15,30,N/B,3285
2019-04-09,36,05:35:00,Tuesday,HWLP,9,,10,20,E/B,9132
2019-04-09,168,05:36:00,Tuesday,Davenport and Osler,1,Mechanical,10,20,N/B,1503
2019-04-09,53,05:40:00,Tuesday,Markham at Passmore,9,,5,10,W/B,1733
2019-04-09,165,05:40:00,Tuesday,York Mills Station,9,,10,20,W/B,3279
2019-04-09,64,05:45:00,Tuesday,Mian station,9,,11,22,S/B,8520
2019-04-09,73,05:48:00,Tuesday,Queensway at Evans,1,Mechanical,6,12,S/B,8615
2019-04-09,75,05:49:00,Tuesday,wilson garage,9,,22,87,S/B,1230
2019-04-09,36,05:49:00,Tuesday,FWST,9,,9,17,W/B,9108
2019-04-09,129,05:50:00,Tuesday,MCSH,9,,17,17,N/B,1716
2019-04-09,45,05:50:00,Tuesday,Kipling stn,1,Mechanical,12,20,N/B,8064
2019-04-09,939,05:57:00,Tuesday,STC SRT,9,,8,16,N/B,3428
2019-04-09,96,05:57:00,Tuesday,Finch and Humberline,9,,22,32,E/B,1209
2019-04-09,129,06:00:00,Tuesday,STC,9,,6,16,N/B,3430
2019-04-09,60,06:00:00,Tuesday,Signal Hill and Steeles,9,,8,1,E/B,3216
2019-04-09,88,06:15:00,Tuesday,MILLWOOD & OVERLEA,9,,15,15,E/B,8131
2019-04-09,32,06:23:00,Tuesday,KEEG,9,,4,10,E/B,1072
2019-04-09,61,06:30:00,Tuesday,Eglinton Station,1,Mechanical,10,20,N/B,8149
2019-04-09,142,06:30:00,Tuesday,Bombay Loop,9,,30,30,S/B,8181
2019-04-09,985,06:39:00,Tuesday,stc,9,,14,24,W/B,9084
2019-04-09,98,06:40:00,Tuesday,Sheppard station,5,Investigation,15,30,N/B,8324
2019-04-09,36,06:41:00,Tuesday,FWST,9,,9,13,wb,3211
2019-04-09,89,06:44:00,Tuesday,Albion and Weston,1,Mechanical,6,12,S/B,1005
2019-04-09,807,06:46:00,Tuesday,Clairport,1,Mechanical,11,22,S/B,8077
2019-04-09,65,06:48:00,Tuesday,Castlefrank Station,1,Mechanical,13,26,S/B,8522
2019-04-09,52,06:50:00,Tuesday,Westwood mall,1,Mechanical,22,45,,8373
2019-04-09,941,06:50:00,Tuesday,NB on Keele at Yrpes Road,5,Investigation,12,23,N/B,9136
2019-04-09,960,06:52:00,Tuesday,PVST,9,,10,18,E/B,3356
2019-04-09,36,06:54:00,Tuesday,HWLP,9,,4,9,E/B,3217
2019-04-09,939,06:55:00,Tuesday,Finch Station,9,,8,16,E/B,1787
2019-04-09,186,06:58:00,Tuesday,Humber College,9,,9,19,E/B,3333
2019-04-09,939,07:00:00,Tuesday,McCowan and under SRT Bridge,3,Diversion,,,S/B,1688
2019-04-09,130,07:00:00,Tuesday,130 Middlefield Route-All Branch,3,Diversion,300,320,S/B,1596
2019-04-09,50,07:00:00,Tuesday,50 route,8,General Delay,20,45,B/W,7953
2019-04-09,132,07:00:00,Tuesday,132 Milner Route-All Branch,3,Diversion,300,320,S/B,1548
2019-04-09,21,07:05:00,Tuesday,STC,1,Mechanical,8,16,N/B,1513
2019-04-09,100,07:07:00,Tuesday,Pottery/Broadview,6,Emergency Services,3,7,S/B,8888
2019-04-09,995,07:13:00,Tuesday,Scarb. Coll. Loop at Military Trail,9,,11,22,W/B,1655
2019-04-09,95,07:18:00,Tuesday,Morningside at Ellsmere,1,Mechanical,8,16,W/B,1782
2019-04-09,28,07:20:00,Tuesday,Davisville Station,1,Mechanical,20,40,S/B,1288
2019-04-09,954,07:24:00,Tuesday,Lawrence East RT,1,Mechanical,9,18,EB,8815
2019-04-09,41,07:25:00,Tuesday,Keele and Eglinton,8,General Delay,10,20,B/W,
2019-04-09,32,07:29:00,Tuesday,Dufferin and Eglinton,6,Emergency Services,12,21,W/B,1269
2019-04-09,985,07:29:00,Tuesday,stc,1,Mechanical,10,20,W/B,9097
2019-04-09,48,07:30:00,Tuesday,Anglesey at Wimbleeton,3,Diversion,1,1,B/W,8420
2019-04-09,96,07:37:00,Tuesday,Bathurst and Wilson,5,Investigation,18,37,W/B,3284
2019-04-09,939,07:52:00,Tuesday,McCowan and Sheppard,1,Mechanical,8,16,E/B,1649
2019-04-09,90,08:00:00,Tuesday,st clair wstn / oakwood loop,8,General Delay,4,7,B/W,
2019-04-09,160,08:00:00,Tuesday,wilson stn / clarke,3,Diversion,480,510,N/B,8107
2019-04-09,160,08:00:00,Tuesday,wilson stn / clarke,8,General Delay,8,18,B/W,
2019-04-09,97,08:15:00,Tuesday,YONGE ST. AT QUEEN'S QUAY to York Mills Station,8,General Delay,18,38,B/W,
2019-04-09,952,08:20:00,Tuesday,T3,1,Mechanical,11,22,,1399
2019-04-09,984,08:23:00,Tuesday,Weston & Bradstock,1,Mechanical,10,20,E/B,1292
2019-04-09,24,08:30:00,Tuesday,Victoria park and Eglintion,8,General Delay,7,14,S/B,
2019-04-09,131,08:34:00,Tuesday,McLevin and Malvern,3,Diversion,113,123,BV,3464
2019-04-09,34,09:00:00,Tuesday,Route 34- Eglinton East,8,General Delay,18,22,B/W,
2019-04-09,935,09:00:00,Tuesday,Jane & Eglinton,3,Diversion,27,37,N/B,3176
2019-04-09,75,09:00:00,Tuesday,queen / maple,8,General Delay,5,11,B/W,
2019-04-09,35,09:00:00,Tuesday,Jane & Eglinton,3,Diversion,25,43,N/B,3153
2019-04-09,129,09:23:00,Tuesday,McCowan and Sheppard,1,Mechanical,6,13,N/B,3466
2019-04-09,29,09:30:00,Tuesday,Dufferin & Shanly,1,Mechanical,8,15,S/B,9140
2019-04-09,134,09:31:00,Tuesday,Progress at Sheppard,3,Diversion,20,40,E/B,9083
2019-04-09,924,09:35:00,Tuesday,lawrance and Victoria park,1,Mechanical,10,20,S/B,8466
2019-04-09,62,09:44:00,Tuesday,Main Station,1,Mechanical,14,35,NB,8560
2019-04-09,165,10:26:00,Tuesday,Barmac and Steeles,1,Mechanical,10,20,E/B,3295
2019-04-09,60,10:43:00,Tuesday,Pioneer Village,1,Mechanical,5,10,E/B,3329
2019-04-09,115,10:56:00,Tuesday,Silver hills,1,Mechanical,20,40,,1226
2019-04-09,52,11:06:00,Tuesday,Keele and Lawrence,1,Mechanical,11,22,,8373
2019-04-09,32,11:12:00,Tuesday,Dynevor Road and Eglinton,6,Emergency Services,11,22,E/B,1101
2019-04-09,66,11:15:00,Tuesday,Park lawn at Queensway `,1,Mechanical,15,30,B/W,8021
2019-04-09,130,11:16:00,Tuesday,STC,1,Mechanical,19,38,N/B,1596
2019-04-09,36,11:24:00,Tuesday,HWLP,1,Mechanical,5,10,W/B,3228
2019-04-09,84,11:27:00,Tuesday,Keele,5,Investigation,5,10,W/B,3181
2019-04-09,935,11:30:00,Tuesday,Entire 935 Route Both Ways,8,General Delay,18,26,B/W,
2019-04-09,35,11:30:00,Tuesday,Entire 35 Jane Route Both Ways,8,General Delay,12,24,B/W,
2019-04-09,35,11:35:00,Tuesday,Jane & Maple Leaf,3,Diversion,229,236,B/W,
2019-04-09,935,11:35:00,Tuesday,Jane & Maple Leaf,3,Diversion,229,239,B/W,
2019-04-09,79,11:59:00,Tuesday,Pine & Lawrence,1,Mechanical,24,48,S/B,1095
2019-04-09,45,12:00:00,Tuesday,ENTIRE ROUTE,8,General Delay,10,30,B/W,
2019-04-09,47,12:05:00,Tuesday,Lansdowne and College,5,Investigation,7,15,N/B,1008
2019-04-09,32,12:07:00,Tuesday,Eglinton West Stn,1,Mechanical,11,22,E/B,1359
2019-04-09,36,12:10:00,Tuesday,Arrow,1,Mechanical,5,10,W/B,3140
2019-04-09,16,12:20:00,Tuesday,Danforth / Midland Railway Crossing,3,Diversion,12,24,B/W,8559
2019-04-09,110,12:28:00,Tuesday,Longbranch `,1,Mechanical,18,26,E/B,8041
2019-04-09,98,12:31:00,Tuesday,Goulding Ave and Cactus Ave,3,Diversion,30,60,S/B,
2019-04-09,40,12:37:00,Tuesday,Dundas west,1,Mechanical,7,14,B/W,8613
2019-04-09,36,12:38:00,Tuesday,Jane,1,Mechanical,5,10,W/B,9110
2019-04-09,57,12:46:00,Tuesday,Midland and Silverstar Blvd,5,Investigation,13,26,N/B,3118
2019-04-09,25,12:59:00,Tuesday,George henry Blvd.,5,Investigation,9,18,S/B,8806
2019-04-09,32,13:09:00,Tuesday,ESTN,1,Mechanical,11,22,W/B,1068
2019-04-09,32,13:43:00,Tuesday,Eglinton West Stn.,5,Investigation,13,26,W/B,1269
2019-04-09,32,13:43:00,Tuesday,Eglinton West Stn.,1,Mechanical,13,26,W/B,1058
2019-04-09,54,13:55:00,Tuesday,LAWA,1,Mechanical,12,24,W/B,3128
2019-04-09,75,14:00:00,Tuesday,Route 75,8,General Delay,15,21,B/W,
2019-04-09,109,14:00:00,Tuesday,Route 109,8,General Delay,15,27,B/W,
2019-04-09,90,14:00:00,Tuesday,Route 90,8,General Delay,11,16,B/W,
2019-04-09,7,14:00:00,Tuesday,Route 7,8,General Delay,8,15,B/W,
2019-04-09,53,14:30:00,Tuesday,PAMK,1,Mechanical,5,17,W/B,1802
2019-04-09,87,14:33:00,Tuesday,Broadview Station.,5,Investigation,10,20,E/B,9214
2019-04-09,995,14:33:00,Tuesday,SCLP,1,Mechanical,15,30,W/B,1726
2019-04-09,53,14:35:00,Tuesday,Steeles and McCowan,1,Mechanical,23,46,W/B,1323
2019-04-09,54,14:45:00,Tuesday,LWDM,1,Mechanical,12,24,W/B,3128
2019-04-09,41,14:45:00,Tuesday,Starting Point FESTN and KSTN,8,General Delay,10,20,B/W,
2019-04-09,52,14:50:00,Tuesday,Lawrence west station,1,Mechanical,12,35,E/B,8388
2019-04-09,70,15:00:00,Tuesday,Coxwell STN to Warden STN and Pharmacy/Craighton,8,General Delay,20,37,B/W,
2019-04-09,14,15:00:00,Tuesday,Starting point for route,8,General Delay,10,20,B/W,
2019-04-09,52,15:00:00,Tuesday,Jane and Lawrence,8,General Delay,20,40,B/W,
2019-04-09,952,15:00:00,Tuesday,Lawrence and Jane,8,General Delay,18,30,B/W,
2019-04-09,25,15:00:00,Tuesday,Pape STN to Freshmeadow Dr/Don Mills Rd,8,General Delay,15,21,B/W,
2019-04-09,925,15:00:00,Tuesday,Pape STN to Freshmeadow Dr/Don Mills Rd,8,General Delay,15,23,B/W,
2019-04-09,939,15:00:00,Tuesday,Mccowan and Finch,1,Mechanical,9,20,W/B,1607
2019-04-09,122,15:00:00,Tuesday,Yorkmills station to Roywood,8,General Delay,20,32,B/W,
2019-04-09,924,15:11:00,Tuesday,Victoria Pk Station,1,Mechanical,9,18,N/B,9224
2019-04-09,952,15:12:00,Tuesday,Lawrence station,1,Mechanical,12,24,W/B,1241
2019-04-09,32,15:14:00,Tuesday,Jane and Emmett,5,Investigation,9,18,E/B,1379
2019-04-09,23,15:21:00,Tuesday,Dawes Road / RXDR,9,,8,16,S/B,8529
2019-04-09,124,15:25:00,Tuesday,Lawrence stn,1,Mechanical,8,16,E/B,8146
2019-04-09,116,15:39:00,Tuesday,Morningside & Lawrence,9,,9,18,S/B,8790
2019-04-09,952,16:00:00,Tuesday,lawrence station,9,,12,24,W/B,8139
2019-04-09,89,16:00:00,Tuesday,Entire Route,8,General Delay,15,30,BW,
2019-04-09,985,16:00:00,Tuesday,Between DONS and STC,8,General Delay,25,30,B/W,
2019-04-09,41,16:00:00,Tuesday,Entire Route,8,General Delay,25,50,BW,
2019-04-09,52,16:00:00,Tuesday,Keele and Lawrence,1,Mechanical,12,25,E/B,8203
2019-04-09,36,16:00:00,Tuesday,Signet and Finch,8,General Delay,15,20,,
2019-04-09,7,16:11:00,Tuesday,Bathurst & Lytton,5,Investigation,8,15,N/B,1228
2019-04-09,41,16:20:00,Tuesday,PVST,4,Utilized Off Route,1,1,S/B,9021
2019-04-09,52,16:21:00,Tuesday,Lawrence and Keele,1,Mechanical,12,19,W/B,1387
2019-04-09,47,16:30:00,Tuesday,Seaforth and Lansdowne,3,Diversion,510,530,S/B,
2019-04-09,945,16:31:00,Tuesday,Kipling Station,1,Mechanical,8,16,N/B,8078
2019-04-09,702,17:00:00,Tuesday,Kipling Station,4,Utilized Off Route,1,1,B/W,7965
2019-04-09,44,17:00:00,Tuesday,CSSL,4,Utilized Off Route,5,10,N/B,8419
2019-04-09,37,17:01:00,Tuesday,Woodbine Casino,5,Investigation,20,40,,8614
2019-04-09,97,17:09:00,Tuesday,Ykmls to Queens Quay,8,General Delay,15,45,B/W,
2019-04-09,111,17:10:00,Tuesday,Kipling Station,4,Utilized Off Route,10,20,N/B,7952
2019-04-09,29,17:15:00,Tuesday,Dufferin and Hunter,5,Investigation,8,15,S/B,9144
2019-04-09,954,17:21:00,Tuesday,RTLS,1,Mechanical,11,22,E/B,8827
2019-04-09,87,17:25:00,Tuesday,Main Station.,1,Mechanical,5,10,W/B,8403
2019-04-09,21,17:26:00,Tuesday,BMST,1,Mechanical,9,18,S/B,3460
2019-04-09,43,17:27:00,Tuesday,Passmore and Kennedy,1,Mechanical,20,40,SB,8632
2019-04-09,53,17:30:00,Tuesday,PAMK,1,Mechanical,5,10,W/B,1686
2019-04-09,39,17:30:00,Tuesday,Sandhurst Circle east and Finch,5,Investigation,14,28,W/B,1807
2019-04-09,134,17:39:00,Tuesday,STC,1,Mechanical,16,32,E/B,9080
2019-04-09,97,18:00:00,Tuesday,Gerrard and Yonge,3,Diversion,170,200,N/B,
2019-04-09,54,18:12:00,Tuesday,Star Spray,9,,9,18,EB,8635
2019-04-09,43,18:20:00,Tuesday,Scarborough Town Center,1,Mechanical,10,20,EB,8880
2019-04-09,954,18:33:00,Tuesday,Starspray,9,,9,18,WB,8778
2019-04-09,133,19:03:00,Tuesday,STC,1,Mechanical,8,17,W/B,3436
2019-04-09,134,19:11:00,Tuesday,Progress and Markham,1,Mechanical,26,54,E/B,3461
2019-04-09,116,19:30:00,Tuesday,Kennedy Station,5,Investigation,10,20,E/B,8801
2019-04-09,95,20:00:00,Tuesday,Military Trail and Ellesmere Rd,1,Mechanical,14,28,E/B,1710
2019-04-09,63,20:34:00,Tuesday,Oakwood and Vaughan,6,Emergency Services,10,20,N/B,1237
2019-04-09,161,20:40:00,Tuesday,Jane / Alliance,5,Investigation,17,34,E/B,1096
2019-04-09,70,20:51:00,Tuesday,O'Connor Dr/Curity Ave,3,Diversion,25,47,B/W,
2019-04-09,169,21:00:00,Tuesday,Don Mills stn to Scarborough Town Centre stn,8,General Delay,30,60,B/W,
2019-04-09,167,21:08:00,Tuesday,Don Mills Station.,5,Investigation,30,60,S/B,8549
2019-04-09,169,21:10:00,Tuesday,McCowan and Commander,5,Investigation,30,60,N/B,8355
2019-04-09,24,21:40:00,Tuesday,Victoria Park and Steeles,4,Utilized Off Route,7,14,S/B,8527
2019-04-09,84,21:50:00,Tuesday,SWST,1,Mechanical,9,18,W/B,1225
2019-04-09,51,22:30:00,Tuesday,Eglinton Stn to Freshmeadow/ Don Mills,8,General Delay,25,50,B/W,
2019-04-09,132,22:30:00,Tuesday,Markham Rd and Milner Ave,3,Diversion,176,206,W/B,1548
2019-04-09,51,22:38:00,Tuesday,Eglinton Station,5,Investigation,25,50,N/B,8371
2019-04-09,34,22:39:00,Tuesday,ESTN,5,Investigation,10,20,E/B,8747
2019-04-09,56,22:40:00,Tuesday,Eglinton station,3,Diversion,40,65,W/B,1334
2019-04-09,32,22:40:00,Tuesday,Eglinton stn blocked,3,Diversion,35,45,E/B,1001
2019-04-09,34,22:45:00,Tuesday,ESTN,3,Diversion,10,20,E/B,8908
2019-04-09,34,23:00:00,Tuesday,ESTN,3,Diversion,17,27,E/B,8781
2019-04-09,34,23:00:00,Tuesday,ESTN,3,Diversion,10,20,E/B,8748
2019-04-09,61,23:00:00,Tuesday,Eglinton Stn,5,Investigation,18,36,N/B,1271
2019-04-10,121,00:00:00,Wednesday,young and front,8,General Delay,12,24,N/B,
2019-04-10,43,00:10:00,Wednesday,Midland Ave/Steeles Ave E,1,Mechanical,10,20,S/B,8857
2019-04-10,7,00:15:00,Wednesday,Greenwin village,1,Mechanical,8,16,S/B,8392
2019-04-10,122,00:35:00,Wednesday,York Mills Station,1,Mechanical,30,60,E/B,1374
2019-04-10,37,01:03:00,Wednesday,Islington and Satterly,3,Diversion,97,119,N/B,7972
2019-04-10,300,02:25:00,Wednesday,Kipling Station,6,Emergency Services,10,10,E/B,1051
2019-04-10,29,04:23:00,Wednesday,Dufferin and Lawrence,9,,13,43,N/B,9146
2019-04-10,939,04:30:00,Wednesday,939 Finch Express-All Branch,8,General Delay,10,18,B/W,3418
2019-04-10,39,04:30:00,Wednesday,39 Finch Route-All Branch,8,General Delay,14,18,B/W,3430
2019-04-10,36,04:43:00,Wednesday,FARR,9,,10,20,E/B,9117
2019-04-10,65,04:50:00,Wednesday,CAST,9,,12,26,S/B,8500
2019-04-10,165,05:05:00,Wednesday,WILS,1,Mechanical,10,10,W/B,3227
2019-04-10,63,05:05:00,Wednesday,Eglinton West Station,9,,15,15,S/B,8191
2019-04-10,84,05:15:00,Wednesday,SHEP,1,Mechanical,10,20,W/B,3249
2019-04-10,53,05:29:00,Wednesday,Markham Road and Passmore Rd,1,Mechanical,5,10,W/B,1501
2019-04-10,89,05:30:00,Wednesday,KSTN,9,,15,27,N/B,1147
2019-04-10,133,05:30:00,Wednesday,Neilson and sheppard,1,Mechanical,20,20,N/B,3503
2019-04-10,160,05:30:00,Wednesday,wilson stn / malple,3,Diversion,600,630,N/B,1381
2019-04-10,9,05:32:00,Wednesday,WSTN,9,,15,30,N/B,9221
2019-04-10,12,05:34:00,Wednesday,Miltary trail,9,,30,60,N/B,8427
2019-04-10,32,05:35:00,Wednesday,PINE,9,,8,8,E/B,1066
2019-04-10,25,05:36:00,Wednesday,PSTN,9,,5,10,N/B,8669
2019-04-10,110,05:37:00,Wednesday,Longbranch,1,Mechanical,10,20,S/B,8078
2019-04-10,74,05:45:00,Wednesday,ST Clair Station,9,,15,15,N/B,8143
2019-04-10,52,05:46:00,Wednesday,Dufferin and Lawrence,1,Mechanical,15,30,W/B,8205
2019-04-10,132,05:52:00,Wednesday,Markham Rd-Milner Av,3,Diversion,24,46,W/B,1397
2019-04-10,129,05:52:00,Wednesday,mmrc,9,,15,30,S/B,1662
2019-04-10,165,05:53:00,Wednesday,FEWS,9,,1,23,N/B,3200
2019-04-10,36,06:04:00,Wednesday,FWST,9,,8,17,W/B,9111
2019-04-10,47,06:08:00,Wednesday,yorkdale,1,Mechanical,18,36,S/B,1078
2019-04-10,985,06:13:00,Wednesday,stc,9,,14,14,W/B,9000
2019-04-10,900,06:14:00,Wednesday,Kipling stn,1,Mechanical,10,20,N/B,8002
2019-04-10,110,06:15:00,Wednesday,Islington stn,1,Mechanical,10,20,S/B,8052
2019-04-10,939,06:16:00,Wednesday,STC SRT,9,,8,16,W/B,1565
2019-04-10,32,06:23:00,Wednesday,KEEG,9,,7,14,E/B,1047
2019-04-10,63,06:27:00,Wednesday,Wilson Garage,1,Mechanical,3,6,,1237
2019-04-10,941,06:30:00,Wednesday,Keele Station to Finch West Station,8,General Delay,20,30,B/W,
2019-04-10,161,06:30:00,Wednesday,Jane Alliance - Ossington Station,8,General Delay,22,32,B/W,
2019-04-10,89,06:30:00,Wednesday,Keele Station - Albion at Weston,8,General Delay,20,30,B/W,
2019-04-10,41,06:30:00,Wednesday,Keele Station to Pioneer Villege Station,8,General Delay,20,30,B/W,
2019-04-10,989,06:30:00,Wednesday,Keele Station - Signet at Steeles,8,General Delay,20,30,B/W,
2019-04-10,14,06:32:00,Wednesday,Caledonia/Glencairn,9,,23,46,E/B,1084
2019-04-10,129,06:32:00,Wednesday,SLMC,1,Mechanical,5,15,S/B,3444
2019-04-10,86,06:33:00,Wednesday,Kennedy station,1,Mechanical,28,56,W/B,8679
2019-04-10,945,06:35:00,Wednesday,Steeles Loop,9,,7,13,S/B,8615
2019-04-10,32,06:35:00,Wednesday,Marlee on Eglinton,1,Mechanical,7,13,W/B,1019
2019-04-10,125,06:38:00,Wednesday,BATHURST ST. AT ANTIBES DR.,1,Mechanical,4,15,W/B,1399
2019-04-10,28,06:47:00,Wednesday,wilson garage,9,,20,40,S/B,
2019-04-10,927,06:49:00,Wednesday,KPSN,9,,7,13,N/B,3199
2019-04-10,939,06:50:00,Wednesday,Baylawn and Finch Av E,5,Investigation,8,16,W/B,1706
2019-04-10,927,06:54:00,Wednesday,Martin Grove/Royal Crest,9,,6,13,S/B,3143
2019-04-10,927,06:55:00,Wednesday,HLDG,1,Mechanical,6,9,N/B,3180
2019-04-10,120,07:00:00,Wednesday,Forthbridge and Calvington,3,Diversion,30,60,B/W,
2019-04-10,50,07:00:00,Wednesday,50 Route,8,General Delay,15,25,B/W,8043
2019-04-10,939,07:00:00,Wednesday,McCowan at SRT Bridge,3,Diversion,,,S/B,1795
2019-04-10,130,07:00:00,Wednesday,McCowan at SRT Bridge,3,Diversion,480,490,S/B,1787
2019-04-10,132,07:00:00,Wednesday,McCowan at SRT Bridge,3,Diversion,480,490,S/B,1397
2019-04-10,53,07:08:00,Wednesday,PAMK,9,,5,10,W/B,1547
2019-04-10,6,07:09:00,Wednesday,Bay and Queen,1,Mechanical,4,8,S/B,1050
2019-04-10,110,07:12:00,Wednesday,Islington stn,1,Mechanical,10,20,S/B,8082
2019-04-10,124,07:18:00,Wednesday,Lawrence Station,9,,6,12,E/B,8154
2019-04-10,125,07:22:00,Wednesday,Finch Station,9,,7,15,W/B,8206
2019-04-10,71,07:23:00,Wednesday,RUST,5,Investigation,18,36,N/B,1006
2019-04-10,985,07:33:00,Wednesday,dons,9,,10,20,E/B,9081
2019-04-10,53,07:50:00,Wednesday,Passmore and Markham Rd,1,Mechanical,5,10,W/B,1607
2019-04-10,52,07:50:00,Wednesday,Terminal 3,1,Mechanical,8,16,W/B,1252
2019-04-10,21,07:53:00,Wednesday,stc,6,Emergency Services,8,16,N/B,1561
2019-04-10,160,08:00:00,Wednesday,wilson stn / clarke,8,General Delay,9,18,B/W,
2019-04-10,90,08:00:00,Wednesday,st clair wstn / oakwood,8,General Delay,4,7,B/W,
2019-04-10,75,08:00:00,Wednesday,queen / maple,8,General Delay,4,7,B/W,
2019-04-10,25,08:10:00,Wednesday,FMDM,1,Mechanical,6,12,S/B,3128
2019-04-10,97,08:15:00,Wednesday,YONGE ST. AT QUEEN'S QUAY to York Mills Station,8,General Delay,14,34,B/W,
2019-04-10,925,08:35:00,Wednesday,Duncan Mills,1,Mechanical,8,16,S/B,8639
2019-04-10,112,08:44:00,Wednesday,Kipling Station,1,Mechanical,14,28,N/B,7942
2019-04-10,24,08:45:00,Wednesday,Finch and Victoria park,5,Investigation,10,20,N/B,8481
2019-04-10,952,09:21:00,Wednesday,Dixon and Islington,1,Mechanical,11,22,W/B,8111
2019-04-10,86,10:03:00,Wednesday,Kennedy STN,1,Mechanical,25,50,E/B,8823
2019-04-10,134,10:20:00,Wednesday,STC,1,Mechanical,7,14,S/B,9085
2019-04-10,50,10:28:00,Wednesday,MILL LOOP `,1,Mechanical,20,40,E/B,8086
2019-04-10,132,10:52:00,Wednesday,Milner and Markham rd.,3,Diversion,854,869,W/B,1397
2019-04-10,29,10:53:00,Wednesday,WILS,1,Mechanical,8,15,S/B,9021
2019-04-10,34,11:30:00,Wednesday,Both ways on EG,8,General Delay,16,24,B/W,
2019-04-10,935,11:30:00,Wednesday,Pioneer Village Stn,5,Investigation,10,20,S/B,3172
2019-04-10,39,11:48:00,Wednesday,Finch Av-Finchdene Sq,5,Investigation,6,12,W/B,3422
2019-04-10,68,12:16:00,Wednesday,Wardean and Canadian DR,1,Mechanical,30,60,NB,8858
2019-04-10,29,12:38:00,Wednesday,PRGT,1,Mechanical,7,15,N/B,9023
2019-04-10,126,12:46:00,Wednesday,Bathurst & St Clair,5,Investigation,30,30,S/B,1053
2019-04-10,45,12:55:00,Wednesday,Kipling and Steeles,4,Utilized Off Route,10,20,S/B,7967
2019-04-10,44,13:00:00,Wednesday,The Queensway and Kipling,8,General Delay,20,,S/B,
2019-04-10,6,13:03:00,Wednesday,DDUP,1,Mechanical,11,22,S/B,1094
2019-04-10,927,13:08:00,Wednesday,KPSN,1,Mechanical,5,11,N/B,3297
2019-04-10,42,13:20:00,Wednesday,McNicoll Ave and McCowan Ave,1,Mechanical,12,24,E/B,8100
2019-04-10,68,13:24:00,Wednesday,Angus Glen,5,Investigation,30,60,SB,8864
2019-04-10,610,13:30:00,Wednesday,PSTN,1,Mechanical,1,1,N/B,8875
2019-04-10,36,13:49:00,Wednesday,Humberwood Loop,1,Mechanical,5,10,EB,9121
2019-04-10,9,14:00:00,Wednesday,Bellamy Route,8,General Delay,10,1,B/W,
2019-04-10,64,14:00:00,Wednesday,Main Route,8,General Delay,10,1,B/W,
2019-04-10,32,14:00:00,Wednesday,Keele to Eglinton station,8,General Delay,12,21,B/W,
2019-04-10,50,14:00:00,Wednesday,Islington Station to Mill Road Loop,8,General Delay,15,31,B/W,
2019-04-10,160,14:00:00,Wednesday,Route  160,8,General Delay,25,49,B/W,
2019-04-10,16,14:00:00,Wednesday,McCowan Route,8,General Delay,10,1,B/W,
2019-04-10,80,14:00:00,Wednesday,Keele Station to Sherway Gardens,8,General Delay,15,39,B/W,
2019-04-10,92,14:00:00,Wednesday,Woodbinen South,8,General Delay,10,1,B/W,
2019-04-10,122,14:01:00,Wednesday,York Mills Station,1,Mechanical,17,34,E/B,1212
2019-04-10,110,14:10:00,Wednesday,Long Branch Loop,1,Mechanical,22,34,N/B,8069
2019-04-10,46,14:10:00,Wednesday,Albion & Martin Grove,6,Emergency Services,10,20,S/B,3253
2019-04-10,45,14:23:00,Wednesday,Kipling and Finch Ave,6,Emergency Services,9,19,S/B,8051
2019-04-10,60,14:25:00,Wednesday,Yonge and Steeles,6,Emergency Services,0,0,W/B,3295
2019-04-10,17,14:37:00,Wednesday,NMHS,9,,9,18,N/B,8525
2019-04-10,902,14:58:00,Wednesday,Warden Station,5,Investigation,10,20,N/B,8603
2019-04-10,109,15:00:00,Wednesday,Route 109,8,General Delay,15,26,B/W,
2019-04-10,47,15:00:00,Wednesday,QNLA,4,Utilized Off Route,7,14,N/B,1417
2019-04-10,75,15:00:00,Wednesday,Route 75,8,General Delay,15,21,B/W,
2019-04-10,73,15:00:00,Wednesday,Knobhill and Oak.,3,Diversion,1,13,S/B,7944
2019-04-10,47,15:00:00,Wednesday,QNLA,1,Mechanical,27,54,N/B,1015
2019-04-10,86,15:01:00,Wednesday,Kingston Rd & Old Kingston,5,Investigation,6,16,N/B,3120
2019-04-10,985,15:01:00,Wednesday,S LP,9,,9,18,W/B,9095
2019-04-10,63,15:06:00,Wednesday,Queen and Ossington,6,Emergency Services,4,8,S/B,8164
2019-04-10,125,15:07:00,Wednesday,Bathust and Antibes,9,,5,10,W/B,8115
2019-04-10,161,15:08:00,Wednesday,Jane at Alliance,9,,9,18,E/B,1114
2019-04-10,110,15:09:00,Wednesday,Islington Station,1,Mechanical,12,24,S/B,7969
2019-04-10,25,15:11:00,Wednesday,DOEG,1,Mechanical,6,12,N/B,8645
2019-04-10,53,15:15:00,Wednesday,Steeles and Markham,1,Mechanical,7,14,W/B,1327
2019-04-10,129,15:19:00,Wednesday,STC,9,,4,9,N/B,1658
2019-04-10,109,15:19:00,Wednesday,Wilson garage POD Eglinton west stn,9,,22,44,N/B,8368
2019-04-10,95,15:24:00,Wednesday,YKMS,1,Mechanical,10,20,E/B,1649
2019-04-10,169,15:25:00,Wednesday,Donmills Stn,1,Mechanical,30,60,E/B,1214
2019-04-10,60,15:28:00,Wednesday,Carpenter and Steeles,5,Investigation,8,16,E/B,9116
2019-04-10,80,15:42:00,Wednesday,Keele Station,1,Mechanical,30,54,W/B,7966
2019-04-10,145,15:45:00,Wednesday,Spadina and Adelaide,1,Mechanical,1,30,E/B,7918
2019-04-10,76,15:50:00,Wednesday,Lakeshore and Mimico,4,Utilized Off Route,7,14,N/B,7970
2019-04-10,44,15:51:00,Wednesday,kipling and queensway,5,Investigation,5,10,S/B,8020
2019-04-10,53,16:00:00,Wednesday,Finch Stn,9,,1,1,E/B,1501
2019-04-10,52,16:12:00,Wednesday,Lawrence Station,9,,21,42,W/B,8370
2019-04-10,46,16:16:00,Wednesday,Martingrove and Steeles,1,Mechanical,11,22,SB,3339
2019-04-10,52,16:20:00,Wednesday,Lawrence and Weston,1,Mechanical,14,28,E/B,8128
2019-04-10,36,16:25:00,Wednesday,Martingrove and Finch,4,Utilized Off Route,6,12,WB,3188
2019-04-10,143,16:30:00,Wednesday,Adelaide eastbound,8,General Delay,25,50,E/B,
2019-04-10,124,16:35:00,Wednesday,LSTA to SUNNYBROOK,1,Mechanical,1,1,B/W,8361
2019-04-10,24,16:38:00,Wednesday,Victoria Park Station,1,Mechanical,9,18,N/B,8427
2019-04-10,50,16:39:00,Wednesday,Islington Station,5,Investigation,12,25,N/B,7968
2019-04-10,95,16:40:00,Wednesday,Morningside on Ellesmere,1,Mechanical,10,20,W/B,3453
2019-04-10,10,16:40:00,Wednesday,Don Mills stn,9,,10,20,N/B,1315
2019-04-10,8,16:50:00,Wednesday,Milton and O Connor,3,Diversion,15,30,E/B,8436
2019-04-10,118,16:50:00,Wednesday,Jane and Wilson,5,Investigation,25,50,E/B,3239
2019-04-10,6,16:55:00,Wednesday,College and Bay,5,Investigation,13,26,N/B,1048
2019-04-10,141,17:00:00,Wednesday,Richmond/Jarvis to Eglinton,8,General Delay,15,45,N/B,
2019-04-10,41,17:00:00,Wednesday,PVST,4,Utilized Off Route,1,1,S/B,9045
2019-04-10,65,17:03:00,Wednesday,BKFR,4,Utilized Off Route,11,22,N/B,8521
2019-04-10,84,17:08:00,Wednesday,Arrow Road at Arrow Garage,1,Mechanical,26,52,S/B,3249
2019-04-10,85,17:10:00,Wednesday,MGAT,1,Mechanical,17,32,W/B,3427
2019-04-10,106,17:15:00,Wednesday,Sentinel and Cook rd,1,Mechanical,11,22,N/B,1220
2019-04-10,32,17:17:00,Wednesday,Eglinton and Keele,1,Mechanical,9,19,W/B,1143
2019-04-10,129,17:18:00,Wednesday,STC,1,Mechanical,4,9,N/B,3471
2019-04-10,52,17:30:00,Wednesday,Dixon and islington,1,Mechanical,14,28,W/B,1362
2019-04-10,102,17:35:00,Wednesday,Markam and Finch,3,Diversion,20,40,S/B,
2019-04-10,33,17:40:00,Wednesday,St Clair West Stn,1,Mechanical,20,40,N/B,8152
2019-04-10,37,17:44:00,Wednesday,Islington Station,4,Utilized Off Route,11,22,N/B,7977
2019-04-10,51,17:45:00,Wednesday,Leslie Stn,5,Investigation,18,36,S/B,8152
2019-04-10,711,17:46:00,Wednesday,Jarvis & Queens Quay,1,Mechanical,1,1,N/B,8143
2019-04-10,25,17:50:00,Wednesday,DONS,1,Mechanical,5,13,S/B,3123
2019-04-10,130,17:57:00,Wednesday,Middlefield and McCowan Rd,5,Investigation,16,32,W/B,3444
2019-04-10,7,18:01:00,Wednesday,Greenwin & Bathurst,1,Mechanical,8,15,S/B,8138
2019-04-10,35,18:15:00,Wednesday,SHJA,1,Mechanical,10,20,N/B,3282
2019-04-10,116,18:20:00,Wednesday,Morningside & West Hill,6,Emergency Services,10,20,S/B,8825
2019-04-10,46,18:21:00,Wednesday,Kipling and Rathburn,5,Investigation,11,22,NB,3277
2019-04-10,120,18:24:00,Wednesday,SHJA,1,Mechanical,22,44,E/B,3161
2019-04-10,989,18:37:00,Wednesday,Weston / Finch,5,Investigation,10,20,N/B,1503
2019-04-10,63,18:50:00,Wednesday,Ossington Stn,1,Mechanical,8,16,S/B,8126
2019-04-10,68,18:53:00,Wednesday,WAST,1,Mechanical,10,20,N/B,8868
2019-04-10,133,18:54:00,Wednesday,Neilson/Military Trail.,1,Mechanical,7,15,N/B,3508
2019-04-10,53,18:58:00,Wednesday,Steeles and Kennedy W/B,1,Mechanical,5,10,W/B,1596
2019-04-10,29,19:15:00,Wednesday,Dufferin and Wilson,1,Mechanical,8,16,N/B,9140
2019-04-10,133,19:21:00,Wednesday,Ellesmere/Bellamy,1,Mechanical,7,15,W/B,3480
2019-04-10,45,19:30:00,Wednesday,steeles loop,1,Mechanical,9,18,S/B,8098
2019-04-10,63,19:42:00,Wednesday,Ossington and Dewson (college),5,Investigation,10,20,S/B,8395
2019-04-10,96,19:45:00,Wednesday,Keele and Wilson,1,Mechanical,21,40,W/B,3229
2019-04-10,16,19:46:00,Wednesday,Brimorton and McCowan,3,Diversion,11,22,N/B,8943
2019-04-10,165,20:05:00,Wednesday,Weston and Zappacosta Dr,3,Diversion,10,55,E/B,3274
2019-04-10,165,20:05:00,Wednesday,Weston Rd and Zappacosta Dr,5,Investigation,10,19,E/B,3274
2019-04-10,40,20:14:00,Wednesday,runnymede loop,1,Mechanical,10,20,E/B,8015
2019-04-10,165,20:15:00,Wednesday,Weston Rd and Zappacosta Dr,5,Investigation,10,19,E/B,3138
2019-04-10,84,20:46:00,Wednesday,swst,1,Mechanical,9,18,W/B,1207
2019-04-10,35,21:18:00,Wednesday,PVST,9,,9,18,S/B,3293
2019-04-10,16,21:56:00,Wednesday,Trudelle and McCowan,3,Diversion,11,24,S/B,8546
2019-04-10,16,21:56:00,Wednesday,Weatherby and McCowan,3,Diversion,11,22,N/B,9223
2019-04-10,65,22:03:00,Wednesday,Parliament and Dundas,1,Mechanical,15,30,N/B,8496
2019-04-10,87,22:20:00,Wednesday,BRST,4,Utilized Off Route,10,20,E/B,8467
2019-04-10,927,23:49:00,Wednesday,Martingrove/Finch,6,Emergency Services,10,20,S/B,3220
2019-04-11,12,00:16:00,Thursday,Woodland Park,3,Diversion,22,153,W/B,8953
2019-04-11,21,01:00:00,Thursday,Kennedy Station,1,Mechanical,30,60,N/B,3465
2019-04-11,22,01:02:00,Thursday,Bingham Loop,4,Utilized Off Route,10,20,W/B,8559
2019-04-11,22,01:40:00,Thursday,Bingham Loop,4,Utilized Off Route,20,40,W/B,8940
2019-04-11,116,02:23:00,Thursday,Nightstar Rd and Morningside Ave,6,Emergency Services,10,20,S/B,8926
2019-04-11,302,03:15:00,Thursday,Brimley and St Clair,6,Emergency Services,30,60,NB,8594
2019-04-11,939,04:30:00,Thursday,939 Finch Express-All Branch,8,General Delay,10,18,B/W,1759
2019-04-11,39,04:30:00,Thursday,39 Finch Route-All Branch,8,General Delay,14,18,B/W,1658
2019-04-11,25,04:40:00,Thursday,Pape STN,9,,25,25,N/B,3121
2019-04-11,17,04:54:00,Thursday,wstn,9,,1,1,S/B,8462
2019-04-11,132,05:00:00,Thursday,Markham Rd-Milner Av,3,Diversion,1226,1241,W/B,1653
2019-04-11,160,05:00:00,Thursday,Wilson/Bathurst,3,Diversion,1,1,N/B,
2019-04-11,95,05:00:00,Thursday,KNRD,9,,9,9,E/B,1684
2019-04-11,39,05:04:00,Thursday,Neilson Rd-Crow Trail,9,,9,18,E/B,1658
2019-04-11,62,05:14:00,Thursday,main station,9,,1,1,S/B,8435
2019-04-11,94,05:14:00,Thursday,Queens Park Circle,1,Mechanical,19,38,E/B,1075
2019-04-11,25,05:23:00,Thursday,EGGA,9,,1,1,S/B,8681
2019-04-11,41,05:29:00,Thursday,KSTN,9,,12,24,N/B,9021
2019-04-11,925,05:31:00,Thursday,FMDM,9,,10,10,S/B,8651
2019-04-11,127,05:40:00,Thursday,Spadina Station,1,Mechanical,17,34,W/B,1088
2019-04-11,129,05:43:00,Thursday,slmc,9,,6,11,S/B,1327
2019-04-11,95,05:44:00,Thursday,KNRD,9,,8,16,W/B,1795
2019-04-11,47,05:47:00,Thursday,Yorkdale Station,1,Mechanical,9,18,S/B,1066
2019-04-11,25,05:48:00,Thursday,DONS,9,,1,1,S/B,8631
2019-04-11,52,05:48:00,Thursday,Lawrence West Station,9,,15,15,W/B,1370
2019-04-11,925,05:51:00,Thursday,FMDM,9,,8,18,S/B,8878
2019-04-11,32,05:53:00,Thursday,Greenbrook on Trethewey,1,Mechanical,9,16,E/B,1555
2019-04-11,85,05:53:00,Thursday,mgat,1,Mechanical,16,32,W/B,3536
2019-04-11,54,05:57:00,Thursday,Eglinton station,9,,10,19,E/B,8752
2019-04-11,88,05:58:00,Thursday,Thorncliff,9,,5,11,S/B,8115
2019-04-11,88,06:03:00,Thursday,Thorncliff,9,,4,9,S/B,1210
2019-04-11,95,06:08:00,Thursday,KNRD,6,Emergency Services,8,16,W/B,1794
2019-04-11,143,06:10:00,Thursday,Neviile Loop,9,,15,30,W/B,9233
2019-04-11,69,06:15:00,Thursday,Warden station,9,,1,1,S/B,8475
2019-04-11,929,06:24:00,Thursday,DLAW,9,,9,17,N/B,9019
2019-04-11,38,06:27:00,Thursday,STC,9,,7,18,E/B,1589
2019-04-11,36,06:31:00,Thursday,Finch west station,9,,9,18,,3191
2019-04-11,91,06:34:00,Thursday,woodbine station,9,,12,24,S/B,8955
2019-04-11,939,06:35:00,Thursday,STC SRT,9,,8,16,NB,1759
2019-04-11,124,06:40:00,Thursday,Lawrence Stn,9,,6,14,N/B,1283
2019-04-11,989,07:00:00,Thursday,Keele Station - Signet at Steeles,8,General Delay,20,30,B/W,
2019-04-11,41,07:00:00,Thursday,Keele Station - Pioneer Village Station,8,General Delay,20,30,B/W,
2019-04-11,130,07:00:00,Thursday,McCowan at SRT Bridge,3,Diversion,300,315,S/B,1339
2019-04-11,161,07:00:00,Thursday,Jane at Alliance - Ossington Station,8,General Delay,22,32,B/W,
2019-04-11,89,07:00:00,Thursday,Keele Station - Albion At Weston,8,General Delay,20,30,B/W,
2019-04-11,132,07:00:00,Thursday,McCowan at SRT Bridge,3,Diversion,300,315,S/B,1653
2019-04-11,941,07:00:00,Thursday,Keele Station - Finch West Station,8,General Delay,20,30,B/W,
2019-04-11,127,07:00:00,Thursday,Townsley Loop - Spadina Station,8,General Delay,27,37,B/W,
2019-04-11,939,07:00:00,Thursday,McCowan at SRT Bridge,3,Diversion,,,S/B,1719
2019-04-11,52,07:04:00,Thursday,Lawrence Station,1,Mechanical,15,30,W/B,1215
2019-04-11,41,07:06:00,Thursday,Pioneer Village Station,5,Investigation,12,24,S/B,9026
2019-04-11,41,07:06:00,Thursday,Finch West Station,5,Investigation,12,24,S/B,9145
2019-04-11,39,07:15:00,Thursday,Finch Station,9,,10,20,NB,1829
2019-04-11,130,07:16:00,Thursday,Middlefield And Steeles,9,,16,32,NB,1573
2019-04-11,63,07:18:00,Thursday,Ossington and Harbord,6,Emergency Services,,6,SB,8179
2019-04-11,52,07:26:00,Thursday,Lawrence West Station,1,Mechanical,23,45,E/B,8379
2019-04-11,986,07:32:00,Thursday,Kennedy STN,1,Mechanical,5,10,E/B,8691
2019-04-11,165,07:33:00,Thursday,Ormont / Weston,1,Mechanical,5,10,S/B,3343
2019-04-11,112,07:34:00,Thursday,Kipling Station,1,Mechanical,14,28,N/B,7923
2019-04-11,941,07:44:00,Thursday,Keele Station,1,Mechanical,12,24,N/B,9138
2019-04-11,85,07:54:00,Thursday,slp,1,Mechanical,16,32,W/B,1701
2019-04-11,121,08:00:00,Thursday,Fort York route,8,General Delay,10,1,B/W,
2019-04-11,902,08:00:00,Thursday,Markham Road Express Route,8,General Delay,10,20,BW,0
2019-04-11,108,08:03:00,Thursday,Driftwood/ Niska,5,Investigation,6,12,S/B,3317
2019-04-11,5,08:08:00,Thursday,Queens Park Circle,1,Mechanical,13,26,N/B,8190
2019-04-11,929,08:24:00,Thursday,DLAW,1,Mechanical,9,17,S/B,9024
2019-04-11,67,08:36:00,Thursday,VICT,1,Mechanical,8,17,N/B,8856
2019-04-11,102,09:00:00,Thursday,Markham Route,8,General Delay,10,20,BW,
2019-04-11,29,09:04:00,Thursday,DLAW,9,,7,15,S/B,9041
2019-04-11,42,09:10:00,Thursday,WB on Cummer approaching Yonge,5,Investigation,11,23,S/B,8204
2019-04-11,95,09:18:00,Thursday,YKMS,5,Investigation,1,1,E/B,3424
2019-04-11,85,09:20:00,Thursday,Baymills and Sheppard,5,Investigation,28,56,W/B,3449
2019-04-11,37,09:55:00,Thursday,EGLINTON AND ROYAL YORK,1,Mechanical,18,36,N/B,8423
2019-04-11,36,10:20:00,Thursday,Finch & Arrow road,1,Mechanical,5,10,EB,9122
2019-04-11,108,10:44:00,Thursday,Sheppard West Station,1,Mechanical,15,30,W/B,3317
2019-04-11,68,10:45:00,Thursday,Warden and Briddletown circle,5,Investigation,20,30,N/B,8838
2019-04-11,39,10:55:00,Thursday,Leslie and Finch,6,Emergency Services,6,12,W/B,3514
2019-04-11,122,11:00:00,Thursday,York Mills Station to Roywood/ Fenside,8,General Delay,25,42,B/W,
2019-04-11,39,11:00:00,Thursday,Longmore and Finch,6,Emergency Services,18,36,W/B,3446
2019-04-11,129,11:11:00,Thursday,STC,4,Utilized Off Route,28,56,N/B,1714
2019-04-11,105,11:21:00,Thursday,Sheppard W Stn,1,Mechanical,17,34,SB,8219
2019-04-11,133,11:21:00,Thursday,nshe,1,Mechanical,11,22,S/B,1802
2019-04-11,131,11:29:00,Thursday,STC,1,Mechanical,14,28,N/B,1680
2019-04-11,95,11:34:00,Thursday,Meadowvale,1,Mechanical,20,40,W/B,1396
2019-04-11,34,12:12:00,Thursday,ESTN,1,Mechanical,10,20,E/B,8830
2019-04-11,12,12:16:00,Thursday,Woodland Park rd,5,Investigation,22,44,E/B,8953
2019-04-11,12,12:29:00,Thursday,victoria park station,1,Mechanical,22,44,S/B,8490
2019-04-11,600,13:00:00,Thursday,Arrow Garage,9,,0,0,W/B,3304
2019-04-11,60,13:14:00,Thursday,Pioneer Village Station,1,Mechanical,9,18,E/B,3314
2019-04-11,35,13:29:00,Thursday,Jane & Dundas,5,Investigation,8,16,S/B,3286
2019-04-11,929,13:48:00,Thursday,Dufferin & Shanly,5,Investigation,10,20,N/B,9054
2019-04-11,53,13:55:00,Thursday,PAMK,1,Mechanical,12,18,W/B,1725
2019-04-11,83,14:00:00,Thursday,Jones,8,General Delay,10,1,B/W,
2019-04-11,47,14:00:00,Thursday,Bloor to Queen,8,General Delay,10,24,B/W,
2019-04-11,168,14:00:00,Thursday,DWST and AVLP,8,General Delay,10,17,B/W,
2019-04-11,9,14:05:00,Thursday,WSTN,1,Mechanical,23,46,N/B,8932
2019-04-11,87,14:29:00,Thursday,BRGA,1,Mechanical,10,20,N/B,8441
2019-04-11,6,14:30:00,Thursday,DDUP to SHQQ,8,General Delay,10,20,B/W,
2019-04-11,52,14:48:00,Thursday,Lawrence and Dufferin,1,Mechanical,14,28,W/B,1247
2019-04-11,25,14:54:00,Thursday,Don Mills and Clock Tower Rd,5,Investigation,1,1,N/B,8800
2019-04-11,952,14:57:00,Thursday,Terminal 1,9,,12,24,W/B,1286
2019-04-11,900,15:01:00,Thursday,Kipling Station,1,Mechanical,10,20,N/B,8001
2019-04-11,87,15:07:00,Thursday,Main station,5,Investigation,10,20,W/B,8533
2019-04-11,95,15:17:00,Thursday,Bay view,1,Mechanical,1,1,W/B,3501
2019-04-11,984,15:20:00,Thursday,Sheppard Station,9,,8,16,W/B,1316
2019-04-11,984,15:28:00,Thursday,Rivalda and Sheppard,9,,7,14,W/B,3148
2019-04-11,116,15:32:00,Thursday,Kennedy STN,9,,12,24,E/B,8734
2019-04-11,32,15:47:00,Thursday,Renforth stn,5,Investigation,9,18,E/B,1262
2019-04-11,32,15:47:00,Thursday,Renforth stn,5,Investigation,10,19,E/B,1361
2019-04-11,131,15:50:00,Thursday,SWMO,1,Mechanical,9,18,S/B,1829
2019-04-11,26,16:00:00,Thursday,JNST to STGE,8,General Delay,17,34,B/W,
2019-04-11,143,16:00:00,Thursday,143 Down Town Express,8,General Delay,15,1,B/W,
2019-04-11,61,16:00:00,Thursday,Lawrence Ave to 401,8,General Delay,10,12,B/W,
2019-04-11,51,16:00:00,Thursday,Eglinton Stn to Freshmeadows/Don Mills Rd,8,General Delay,22,40,B/W,
2019-04-11,11,16:00:00,Thursday,Davisvile Stn,8,General Delay,29,43,B/W,
2019-04-11,142,16:00:00,Thursday,Bombay Loop to Church/Richmond St,8,General Delay,22,30,B/W,
2019-04-11,40,16:06:00,Thursday,Dudas at Keele,5,Investigation,8,15,W/B,7938
2019-04-11,40,16:15:00,Thursday,Entire route,8,General Delay,7,20,B/W,
2019-04-11,986,16:18:00,Thursday,Kennedy STN,1,Mechanical,10,19,E/B,8639
2019-04-11,61,16:28:00,Thursday,Ave rd and Castlefield Ave,5,Investigation,12,24,N/B,1387
2019-04-11,41,16:30:00,Thursday,PVST,4,Utilized Off Route,1,1,S/B,9146
2019-04-11,90,16:35:00,Thursday,Bathurst and St.Clair,8,General Delay,10,15,W/B,8158
2019-04-11,35,16:35:00,Thursday,FJAN,1,Mechanical,5,10,S/B,3350
2019-04-11,61,16:40:00,Thursday,Ave Rd and St Clements Ave,5,Investigation,12,24,N/B,8302
2019-04-11,135,16:49:00,Thursday,Warden Station,1,Mechanical,1,1,W/B,8569
2019-04-11,124,16:54:00,Thursday,Lawrence Stn to Sunnybrook Hospital,8,General Delay,18,26,B/W,
2019-04-11,42,16:58:00,Thursday,Bayview and cummer,9,,13,26,E/B,8386
2019-04-11,102,17:06:00,Thursday,Eglinton and Markham rd.,5,Investigation,20,40,S/B,8434
2019-04-11,168,17:06:00,Thursday,Bloor and Symington,3,Diversion,34,42,W/B,
2019-04-11,144,17:08:00,Thursday,Peter & Adelaide,5,Investigation,20,40,N/B,8741
2019-04-11,32,17:10:00,Thursday,Jane and Emmett,4,Utilized Off Route,8,16,E/B,1129
2019-04-11,34,17:16:00,Thursday,Eglinton at Jonesville,5,Investigation,4,8,E/B,8864
2019-04-11,989,17:20:00,Thursday,Keele stn,4,Utilized Off Route,10,20,N/B,1606
2019-04-11,11,17:28:00,Thursday,Bayview Ave and Finch Ave,5,Investigation,14,28,N/B,8188
2019-04-11,73,17:30:00,Thursday,islington at albion,1,Mechanical,14,28,E/B,8035
2019-04-11,953,17:30:00,Thursday,FSTN-MOFI,8,General Delay,1,1,B/W,
2019-04-11,53,17:30:00,Thursday,FSTN- MOFI,8,General Delay,1,1,B/W,
2019-04-11,100,17:44:00,Thursday,DMWF,1,Mechanical,6,12,S/B,8694
2019-04-11,44,17:51:00,Thursday,Kipling Station,4,Utilized Off Route,5,10,S/B,8094
2019-04-11,129,17:52:00,Thursday,STC,1,Mechanical,4,9,N/B,3480
2019-04-11,83,17:57:00,Thursday,Strathcona Ave,5,Investigation,1,1,S/B,3111
2019-04-11,41,18:00:00,Thursday,Finch West stn,1,Mechanical,10,20,N/B,1325
2019-04-11,74,18:00:00,Thursday,St.Clair Stn,1,Mechanical,17,34,W/B,8349
2019-04-11,53,18:02:00,Thursday,Don Mills- WoodBine,3,Diversion,5,11,B/W,3518
2019-04-11,97,18:06:00,Thursday,Bay and Front,5,Investigation,30,60,S/B,8141
2019-04-11,12,18:06:00,Thursday,Victoria park station,5,Investigation,17,34,S/B,8947
2019-04-11,924,18:11:00,Thursday,Victoria park Station,5,Investigation,9,18,N/B,9222
2019-04-11,17,18:13:00,Thursday,Warden Station,1,Mechanical,10,46,N/B,9228
2019-04-11,44,18:14:00,Thursday,Kipling and Evans,5,Investigation,5,10,S/B,8039
2019-04-11,71,18:43:00,Thursday,Weston and Lambton,5,Investigation,19,38,S/B,1146
2019-04-11,72,18:51:00,Thursday,Pape Station.,1,Mechanical,8,16,N/B,8957
2019-04-11,112,19:02:00,Thursday,Kipling Station,1,Mechanical,8,16,N/B,8024
2019-04-11,87,19:05:00,Thursday,Main Station,1,Mechanical,10,20,W/B,8437
2019-04-11,902,19:06:00,Thursday,Markham and Lawrence Ave.,5,Investigation,10,20,N/B,8405
2019-04-11,75,19:30:00,Thursday,Bloor,3,Diversion,60,75,S/B,1231
2019-04-11,39,19:34:00,Thursday,Morningside and Old Finch,1,Mechanical,14,28,E/B,1609
2019-04-11,939,20:13:00,Thursday,Victoria Park and Finch,1,Mechanical,12,24,E/B,1704
2019-04-11,102,21:09:00,Thursday,Warden Station,1,Mechanical,20,40,N/B,8523
2019-04-11,35,21:16:00,Thursday,PVST,9,,9,18,S/B,3300
2019-04-11,63,21:18:00,Thursday,Ossington Station,4,Utilized Off Route,5,10,N/B,8334
2019-04-11,16,21:30:00,Thursday,Weatherby Ave,5,Investigation,11,22,N/B,8481
2019-04-11,68,21:35:00,Thursday,Cloverleaf and Warden,3,Diversion,1,1,S/B,8838
2019-04-11,168,22:00:00,Thursday,DWST to AVLP,8,General Delay,10,25,B/W,
2019-04-11,65,22:02:00,Thursday,Castle Frank Station,1,Mechanical,15,30,S/B,2112
2019-04-11,87,22:20:00,Thursday,Pape Ave,4,Utilized Off Route,10,20,W/B,8510
2019-04-12,193,00:00:00,Friday,STC,1,Mechanical,1,1,S/B,8441
2019-04-12,70,00:00:00,Friday,WAST,1,Mechanical,30,60,S/B,8662
2019-04-12,15,00:07:00,Friday,Royal York and Bloor,3,Diversion,30,60,B/W,8013
2019-04-12,76,00:07:00,Friday,Royal York and Bloor,3,Diversion,10,20,B/W,8074
2019-04-12,102,00:25:00,Friday,Warden Station,1,Mechanical,10,20,N/B,8466
2019-04-12,94,00:25:00,Friday,Harbord / Crawford,5,Investigation,10,20,E/B,1113
2019-04-12,86,00:57:00,Friday,Kingston/Livingston,5,Investigation,10,19,E/B,8659
2019-04-12,24,01:11:00,Friday,McNicoll Ave,3,Diversion,84,93,B/W,9214
2019-04-12,89,01:40:00,Friday,Keele stn,4,Utilized Off Route,10,20,N/B,1273
2019-04-12,52,01:50:00,Friday,TOMG,4,Utilized Off Route,1,1,,8177
2019-04-12,89,02:00:00,Friday,Runnymede stn,1,Mechanical,1,1,N/B,1273
2019-04-12,320,02:00:00,Friday,Yonge Street,8,General Delay,240,246,BW,8327
2019-04-12,161,02:05:00,Friday,Rockcliffe and Alliance,4,Utilized Off Route,1,1,E/B,1059
2019-04-12,116,02:10:00,Friday,Warden Station,6,Emergency Services,20,40,SB,8555
2019-04-12,32,04:12:00,Friday,Yonge at Berwick,5,Investigation,19,38,S/B,1137
2019-04-12,900,04:56:00,Friday,Kipling Station,9,,6,0,N/B,8006
2019-04-12,132,05:00:00,Friday,Markham and Milner,3,Diversion,1,1,WB,1385
2019-04-12,41,05:05:00,Friday,KEELE STN,9,,12,24,N/B,9101
2019-04-12,94,05:14:00,Friday,Queens Park Circle,9,,13,26,E/B,1013
2019-04-12,45,05:22:00,Friday,Steeles and Kipling Loop,1,Mechanical,11,22,S/B,8072
2019-04-12,176,05:23:00,Friday,New Castle and Windsor,9,,1,1,E/B,8043
2019-04-12,160,05:23:00,Friday,Bathurst and Wilson,3,Diversion,1,1,N/B,
2019-04-12,24,05:25:00,Friday,consumers and vp,9,,13,26,W/B,8602
2019-04-12,925,05:33:00,Friday,EGGA,9,,1,1,E/B,8756
2019-04-12,165,05:34:00,Friday,ARGA,1,Mechanical,6,12,E/B,3134
2019-04-12,70,05:39:00,Friday,CSTN,9,,19,36,E/B,8708
2019-04-12,32,05:42:00,Friday,KEELE AND EGLINTON,9,,7,14,N/B,1052
2019-04-12,45,05:44:00,Friday,Steeles and Kipling Loop,9,,11,22,S/B,8099
2019-04-12,110,05:45:00,Friday,Evans and Islington,9,,10,20,S/B,7965
2019-04-12,41,05:45:00,Friday,Keele Stn,1,Mechanical,10,22,N/B,9027
2019-04-12,186,05:50:00,Friday,ARGA,9,,11,22,E/B,3230
2019-04-12,84,05:50:00,Friday,ARGA,9,,6,11,E/B,3231
2019-04-12,52,05:52:00,Friday,LSTA,9,,12,12,E/B,1248
2019-04-12,939,05:57:00,Friday,STC,9,,8,8,W/B,1793
2019-04-12,88,05:58:00,Friday,Thorncliffe Park,9,,11,22,W/B,8378
2019-04-12,36,06:14:00,Friday,Finch West Station,9,,5,6,W/B,3236
2019-04-12,63,06:15:00,Friday,Eglinton W Stn,9,,5,10,,1252
2019-04-12,67,06:18:00,Friday,PHRA,1,Mechanical,17,34,S/B,8710
2019-04-12,925,06:19:00,Friday,EGGA,9,,1,1,E/B,8748
2019-04-12,79,06:25:00,Friday,Pine,9,,9,18,S/B,1145
2019-04-12,161,06:40:00,Friday,Jane and Alliance,1,Mechanical,12,24,E/B,1625
2019-04-12,944,06:40:00,Friday,Kipling Station,9,,10,20,S/B,8072
2019-04-12,52,06:43:00,Friday,LAW,1,Mechanical,22,22,E/B,8121
2019-04-12,939,06:47:00,Friday,Finch/Milliken Buld Railway crossing.,3,Diversion,28,36,B/W,1668
2019-04-12,100,06:53:00,Friday,DMWF,9,,3,7,S/B,8924
2019-04-12,39,06:55:00,Friday,Finch/Milliken Railway crossing,3,Diversion,20,35,B/W,1787
2019-04-12,985,06:56:00,Friday,Warden on Sheppard,1,Mechanical,14,24,E/B,9062
2019-04-12,6,06:56:00,Friday,Davenport at Dupont,9,,5,10,S/B,1142
2019-04-12,937,06:58:00,Friday,Steeles and Islington,5,Investigation,10,20,S/B,8011
2019-04-12,134,07:00:00,Friday,STC--FDFI-IRON-CECO-STC,8,General Delay,18,36,B/W,
2019-04-12,985,07:09:00,Friday,SLP,9,,10,20,W/B,9068
2019-04-12,985,07:13:00,Friday,Don Mills Station,9,,10,20,E/B,9092
2019-04-12,902,07:24:00,Friday,Warden Station,9,,10,20,N/B,8542
2019-04-12,913,07:30:00,Friday,STC to CECO,8,General Delay,4,9,E/B,
2019-04-12,85,07:33:00,Friday,Don Mills Station,1,Mechanical,16,32,E/B,1788
2019-04-12,102,07:37:00,Friday,Markham / Major MacKenzie,5,Investigation,20,40,S/B,3104
2019-04-12,6,07:37:00,Friday,Bay at Dundas,1,Mechanical,5,10,N/B,1595
2019-04-12,160,07:49:00,Friday,Promanade,1,Mechanical,20,40,S/B,8145
2019-04-12,939,07:50:00,Friday,McCowan/Triton,3,Diversion,730,738,S/B,1631
2019-04-12,960,07:52:00,Friday,Pioneer Village Station,1,Mechanical,10,20,E/B,3360
2019-04-12,75,08:00:00,Friday,Lower Jarvis/Esplanade,8,General Delay,28,33,N/B,
2019-04-12,600,08:00:00,Friday,Bay at Dundas,1,Mechanical,1,1,N/B,1595
2019-04-12,121,08:00:00,Friday,Fort York Route,8,General Delay,10,1,B/W,
2019-04-12,64,08:00:00,Friday,Main Route,8,General Delay,10,1,B/W,
2019-04-12,63,08:01:00,Friday,Eglinton W Stn,1,Mechanical,10,20,S/B,8191
2019-04-12,85,08:20:00,Friday,MCSH,1,Mechanical,16,32,W/B,1664
2019-04-12,6,08:30:00,Friday,Davenport at Dupont,1,Mechanical,10,20,S/B,1009
2019-04-12,35,08:31:00,Friday,Jane and Sheppard,5,Investigation,10,18,N/B,3298
2019-04-12,925,08:42:00,Friday,DONS,1,Mechanical,10,20,S/B,8694
2019-04-12,87,08:54:00,Friday,Cosburn and Woodbine,5,Investigation,5,10,W/B,8598
2019-04-12,11,09:08:00,Friday,Bayview and Broadway,5,Investigation,15,30,S/B,8387
2019-04-12,161,09:36:00,Friday,Bloor and Dovercourt,5,Investigation,12,24,N/B,1060
2019-04-12,79,09:50:00,Friday,On Lawrence at Weston Road,5,Investigation,1,1,E/B,1408
2019-04-12,39,09:50:00,Friday,Neilson/Crow Trail,1,Mechanical,12,18,W/B,1609
2019-04-12,939,09:54:00,Friday,Finch/Warden,1,Mechanical,9,17,W/B,3501
2019-04-12,134,10:15:00,Friday,Shepperd,3,Diversion,45,59,N/B,1661
2019-04-12,75,10:19:00,Friday,Queens Quay,1,Mechanical,4,8,N/B,1362
2019-04-12,935,10:38:00,Friday,Jane and Eglinton,5,Investigation,9,18,S/B,3155
2019-04-12,24,10:38:00,Friday,victoria park and steels,1,Mechanical,10,20,S/B,8533
2019-04-12,53,11:00:00,Friday,Passmore,1,Mechanical,5,10,W/B,1802
2019-04-12,905,11:00:00,Friday,KENN,1,Mechanical,8,16,EB,8847
2019-04-12,108,11:06:00,Friday,On Driftwood at Yorkwoods,5,Investigation,15,30,S/B,3327
2019-04-12,35,11:06:00,Friday,Jane and Eglinton,5,Investigation,7,14,S/B,3142
2019-04-12,85,11:41:00,Friday,Kennedy on Sheppard,1,Mechanical,7,14,E/B,3410
2019-04-12,929,11:45:00,Friday,NB On Dufferin approaching 401,8,General Delay,20,30,N/B,
2019-04-12,29,11:45:00,Friday,NB On Dufferin approaching 401,8,General Delay,20,28,N/B,
2019-04-12,94,11:51:00,Friday,Harbord at Spadina,5,Investigation,7,14,W/B,1068
2019-04-12,102,12:05:00,Friday,Neilson / Kingston,3,Diversion,10,20,B/W,8590
2019-04-12,902,12:05:00,Friday,NEILSON / KINGSTON,3,Diversion,15,30,B/W,8962
2019-04-12,34,12:05:00,Friday,Credit union Drive and Eglointon,5,Investigation,6,12,E/B,8661
2019-04-12,9,12:10:00,Friday,Kingston and St.Clair,3,Diversion,20,43,N/B,
2019-04-12,54,12:36:00,Friday,Lawrence and Pharmacy,1,Mechanical,10,20,E/B,8904
2019-04-12,32,13:16:00,Friday,RENFORTH STN,6,Emergency Services,10,20,E/B,1618
2019-04-12,102,13:35:00,Friday,Markham and Eglinton,1,Mechanical,30,60,E/B,8550
2019-04-12,94,13:58:00,Friday,Yonge,5,Investigation,8,16,W/B,1562
2019-04-12,17,14:20:00,Friday,Ellendale,3,Diversion,,,S/B,9217
2019-04-12,54,14:24:00,Friday,ESTN,5,Investigation,11,21,E/B,8764
2019-04-12,905,14:26:00,Friday,Kingston Rd/Eglinton Ave E,5,Investigation,9,17,W/B,8787
2019-04-12,67,14:30:00,Friday,CROS,1,Mechanical,12,22,S/B,8658
2019-04-12,95,14:30:00,Friday,YOCE,9,,8,22,E/B,3405
2019-04-12,65,14:31:00,Friday,CAST,9,,11,22,S/B,8557
2019-04-12,53,14:38:00,Friday,MIST,1,Mechanical,23,46,W/B,1794
2019-04-12,60,14:39:00,Friday,On Yonge at Steeles,1,Mechanical,10,20,W/B,1313
2019-04-12,88,14:40:00,Friday,St.Clair Stn,5,Investigation,12,24,E/B,8362
2019-04-12,6,14:45:00,Friday,Dockside drive,1,Mechanical,8,13,W/B,1353
2019-04-12,52,14:50:00,Friday,Lawrence and Apex,5,Investigation,14,28,W/B,8213
2019-04-12,125,14:50:00,Friday,Wilson Garage,9,,10,20,E/B,8186
2019-04-12,26,14:52:00,Friday,St George,9,,5,10,W/B,1146
2019-04-12,320,14:52:00,Friday,Queens Quay and Yonge,1,Mechanical,3,6,NB,8202
2019-04-12,89,14:53:00,Friday,Rogers and St Clair,8,General Delay,10,20,B/W,1420
2019-04-12,119,14:53:00,Friday,BTAR,9,,13,26,E/B,3293
2019-04-12,79,14:57:00,Friday,Runnymede Station,9,,15,33,N/B,1045
2019-04-12,111,14:59:00,Friday,Eglinton Ave West and the East Mall,1,Mechanical,10,20,S/B,8060
2019-04-12,160,15:00:00,Friday,"wilson rd, bathurst from wilson to finch",8,General Delay,24,48,B/W,
2019-04-12,75,15:00:00,Friday,entire line,8,General Delay,7,14,B/W,
2019-04-12,105,15:00:00,Friday,Gerry Fitzgerald and Dufferin,3,Diversion,11,22,N/B,
2019-04-12,600,15:03:00,Friday,Wilson Station,4,Utilized Off Route,0,0,W/B,3338
2019-04-12,609,15:05:00,Friday,Dundas west stn,4,Utilized Off Route,1,1,W/B,1379
2019-04-12,116,15:08:00,Friday,Kennedy STN,1,Mechanical,10,16,E/B,8628
2019-04-12,984,15:09:00,Friday,Rivalda and Sheppard,9,,8,16,W/B,3365
2019-04-12,719,15:10:00,Friday,Runnymede stn,4,Utilized Off Route,1,1,N/B,1361
2019-04-12,702,15:11:00,Friday,Kipling Station,4,Utilized Off Route,1,2,N/B,7925
2019-04-12,123,15:17:00,Friday,North Queen and The Queensway,1,Mechanical,14,28,N/B,8613
2019-04-12,52,15:22:00,Friday,Lawrence West Station,1,Mechanical,7,14,E/B,1371
2019-04-12,60,15:24:00,Friday,Finch Satation,9,,9,18,W/B,9106
2019-04-12,25,15:33:00,Friday,PSTN,1,Mechanical,6,12,N/B,8738
2019-04-12,71,15:41:00,Friday,Rockcliffe and Woolner,6,Emergency Services,19,38,S/B,1063
2019-04-12,85,15:48:00,Friday,SHEP,1,Mechanical,16,32,E/B,3409
2019-04-12,953,15:55:00,Friday,MOFI,9,,15,30,W/B,9094
2019-04-12,93,15:59:00,Friday,O'Connor Dr and Woodbine Ave,1,Mechanical,10,20,S/B,8538
2019-04-12,89,16:00:00,Friday,Entrire Route,8,General Delay,15,30,BW,
2019-04-12,143,16:00:00,Friday,143 Downtown Express,8,General Delay,10,1,B/W,
2019-04-12,17,16:00:00,Friday,17 Birchmount Road,8,General Delay,15,1,B/W,
2019-04-12,63,16:00:00,Friday,EWST to ATKI (all branches),8,General Delay,10,30,B/W,
2019-04-12,161,16:00:00,Friday,Entire route,8,General Delay,20,40,BW,
2019-04-12,62,16:13:00,Friday,Main Station,1,Mechanical,15,30,W/B,8559
2019-04-12,95,16:19:00,Friday,ELRT,1,Mechanical,10,20,W/B,1548
2019-04-12,945,16:22:00,Friday,Kipling Station,1,Mechanical,7,14,N/B,8609
2019-04-12,53,16:30:00,Friday,FSTN-MOFI,8,General Delay,1,1,B/W,
2019-04-12,953,16:30:00,Friday,FSTN-MOFI,8,General Delay,1,1,B/W,
2019-04-12,119,16:48:00,Friday,Jane and Keele,1,Mechanical,25,50,W/B,1292
2019-04-12,102,16:51:00,Friday,Markham Rd and Blakemanor.,1,Mechanical,20,40,S/B,8550
2019-04-12,60,16:54:00,Friday,Signal Hill,9,,8,16,E/B,1308
2019-04-12,142,16:54:00,Friday,Simceo St at Richmond,1,Mechanical,30,60,N/B,8355
2019-04-12,102,17:00:00,Friday,BW Markham rd.,8,General Delay,20,1,B/W,
2019-04-12,953,17:04:00,Friday,Woodbine,3,Diversion,5,11,E/B,9093
2019-04-12,23,17:07:00,Friday,Victoria Park and St clair.,1,Mechanical,7,14,E/B,8587
2019-04-12,24,17:15:00,Friday,Altair ave and Victoria park,1,Mechanical,9,18,S/B,9211
2019-04-12,952,17:16:00,Friday,Lawrence and Black Creek,6,Emergency Services,12,24,E/B,8131
2019-04-12,995,17:19:00,Friday,YORKMILLS STATION,1,Mechanical,10,20,E/B,1386
2019-04-12,21,17:21:00,Friday,STC,1,Mechanical,9,18,N/B,1393
2019-04-12,63,17:30:00,Friday,Eglinton West Station,5,Investigation,9,18,S/B,8312
2019-04-12,941,17:30:00,Friday,FWST,4,Utilized Off Route,1,1,S/B,1360
2019-04-12,79,17:40:00,Friday,Scarlett and Eglinton,1,Mechanical,15,30,N/B,1010
2019-04-12,95,17:45:00,Friday,ELRT,1,Mechanical,11,21,W/B,3451
2019-04-12,32,17:50:00,Friday,Eglinton and Spadina,1,Mechanical,10,19,E/B,1086
2019-04-12,61,17:52:00,Friday,Bombay loop,4,Utilized Off Route,14,28,S/B,8179
2019-04-12,51,18:08:00,Friday,Eglinton Ave and Laird Dr,5,Investigation,18,36,N/B,1257
2019-04-12,43,18:17:00,Friday,Kennedy Station,4,Utilized Off Route,9,17,N/B,3118
2019-04-12,720,18:17:00,Friday,KENN,4,Utilized Off Route,0,0,W/B,8744
2019-04-12,929,18:18:00,Friday,Wilson station,1,Mechanical,10,20,S/B,9021
2019-04-12,606,18:18:00,Friday,VPST,4,Utilized Off Route,1,1,S/B,8402
2019-04-12,707,18:21:00,Friday,Midland and Steeles,4,Utilized Off Route,1,1,B/W,1706
2019-04-12,707,18:21:00,Friday,MIDLAND AND STEELES,4,Utilized Off Route,1,1,E/B,1706
2019-04-12,600,18:21:00,Friday,Swells and Little,4,Utilized Off Route,1,1,E/B,1771
2019-04-12,600,18:25:00,Friday,FSTN,4,Utilized Off Route,1,1,,1216
2019-04-12,706,18:25:00,Friday,Main Station,4,Utilized Off Route,1,1,S/B,8483
2019-04-12,75,18:27:00,Friday,BLSH,1,Mechanical,6,12,N/B,8386
2019-04-12,607,18:30:00,Friday,Swells and Little,4,Utilized Off Route,1,1,B/W,1771
2019-04-12,953,18:44:00,Friday,Morningside and Finch,9,,13,26,WB,9094
2019-04-12,60,18:45:00,Friday,Yonge and Steeles,5,Investigation,8,16,WB,3171
2019-04-12,102,18:58:00,Friday,Warden Stn.,1,Mechanical,20,40,N/B,8949
2019-04-12,89,19:00:00,Friday,Keele stn,1,Mechanical,10,20,N/B,1103
2019-04-12,21,19:07:00,Friday,Brimley & Eglinton,1,Mechanical,9,18,S/B,1802
2019-04-12,35,19:11:00,Friday,Pioneer Village Station,5,Investigation,12,20,SB,3312
2019-04-12,72,19:25:00,Friday,Queens Quay and sherbourne.,1,Mechanical,10,20,E/B,8513
2019-04-12,39,19:25:00,Friday,Midland and Finch,3,Diversion,1,1,B/W,1803
2019-04-12,133,19:26:00,Friday,Mccowen & Ellesmere,1,Mechanical,9,18,E/B,3439
2019-04-12,111,19:32:00,Friday,Kipling Station,1,Mechanical,14,28,N/B,7963
2019-04-12,122,19:36:00,Friday,Duncan Mill Road and Lesmill,1,Mechanical,14,28,E/B,8316
2019-04-12,42,20:05:00,Friday,McCowan Station to Kennedy,4,Utilized Off Route,13,26,W/B,8150
2019-04-12,939,20:34:00,Friday,Victoria Park and Finch,5,Investigation,15,30,W/B,1719
2019-04-12,29,20:48:00,Friday,Dufferin outside Dufferin Mall,1,Mechanical,10,20,N/B,9024
2019-04-12,35,20:49:00,Friday,PVST,9,,9,18,S/B,3203
2019-04-12,121,21:00:00,Friday,Spadina Ave to Yonge st.,8,General Delay,15,30,B/W,
2019-04-12,43,21:16:00,Friday,KENN,1,Mechanical,10,20,N/B,8690
2019-04-12,101,21:30:00,Friday,75 Carl Hall Road (Downsview Park),3,Diversion,10,20,W/B,3208
2019-04-12,121,21:39:00,Friday,Blue Jays Way,3,Diversion,15,30,B/W,
2019-04-12,985,21:40:00,Friday,Sheppard and Consumers,5,Investigation,12,24,W/B,9085
2019-04-12,12,21:40:00,Friday,Brimley and Eglinton,5,Investigation,22,44,N/B,8583
2019-04-12,63,22:03:00,Friday,OSTN,5,Investigation,5,10,S/B,8206
2019-04-12,89,22:30:00,Friday,Keele / Humberside,5,Investigation,10,20,S/B,1098
2019-04-12,53,22:35:00,Friday,Don Mills and Steeles,1,Mechanical,22,39,E/B,1641
2019-04-12,25,23:11:00,Friday,Pape & Mortimer,5,Investigation,9,18,S/B,8788
2019-04-12,95,23:15:00,Friday,KNRD,1,Mechanical,10,20,W/B,1664
2019-04-12,45,23:20:00,Friday,Kipling and Bloor,6,Emergency Services,10,20,N/B,8615
2019-04-13,43,00:09:00,Saturday,Kennedy & Lawerence,1,Mechanical,10,20,N/B,8680
2019-04-13,307,02:45:00,Saturday,Entire Route - Incident at Eglinton/Bathurst,8,General Delay,90,120,BW,1230
2019-04-13,307,03:43:00,Saturday,Bathurst and Roselawn,6,Emergency Services,30,60,NB,1227
2019-04-13,161,05:12:00,Saturday,Jane and Alliance,9,,13,26,E/B,1049
2019-04-13,161,05:17:00,Saturday,Mount Dennis Garage,5,Investigation,13,26,N/B,1121
2019-04-13,26,05:18:00,Saturday,Dupont at Dufferin,5,Investigation,25,50,W/B,1078
2019-04-13,121,05:32:00,Saturday,MLCH,9,,19,38,N/B,8947
2019-04-13,47,05:40:00,Saturday,Yorkdale Station,9,,9,18,S/B,1258
2019-04-13,47,05:58:00,Saturday,Yorkdale Station,9,,18,36,S/B,1606
2019-04-13,52,06:01:00,Saturday,TOMG,9,,24,43,E/B,8370
2019-04-13,102,06:02:00,Saturday,warden station,9,,20,40,N/B,8941
2019-04-13,132,06:06:00,Saturday,Markham and Milner,3,Diversion,30,60,W/B,1585
2019-04-13,24,06:11:00,Saturday,BRGA,9,,1,1,N/B,9210
2019-04-13,9,06:30:00,Saturday,WSTN,9,,22,44,N/B,8531
2019-04-13,100,06:41:00,Saturday,Grenoble and Spanbridge,5,Investigation,9,18,S/B,8890
2019-04-13,134,06:53:00,Saturday,STC,1,Mechanical,23,45,N/B,3411
2019-04-13,47,07:51:00,Saturday,Earls Court Loop (St Clair at Lansdowne),5,Investigation,18,36,S/B,1410
2019-04-13,63,08:00:00,Saturday,Ossington between dundas and hallam,8,General Delay,5,10,B/W,
2019-04-13,24,08:00:00,Saturday,victoria park route,8,General Delay,10,1,B/W,
2019-04-13,34,08:06:00,Saturday,KENNEDY Station,1,Mechanical,17,34,E/B,8961
2019-04-13,127,08:27:00,Saturday,Davenport and Bathurst,3,Diversion,13,26,B/W,1013
2019-04-13,52,08:31:00,Saturday,Black creek and lawrence,5,Investigation,20,40,W/B,1302
2019-04-13,985,08:35:00,Saturday,Midland and Pitfield,5,Investigation,15,30,S/B,9064
2019-04-13,939,08:56:00,Saturday,Scarborough Town Centre,9,,14,28,W/B,1663
2019-04-13,134,08:56:00,Saturday,STC,1,Mechanical,22,51,E/B,1327
2019-04-13,34,09:00:00,Saturday,Bermondsey and Comstock,8,General Delay,30,40,B/W,
2019-04-13,161,09:06:00,Saturday,Dupont at Davenport,3,Diversion,15,30,N/B,1121
2019-04-13,32,09:30:00,Saturday,Eglinton Route,8,General Delay,20,25,B/W,
2019-04-13,32,09:44:00,Saturday,Eglinton West Station,1,Mechanical,5,10,E/B,1269
2019-04-13,34,09:50:00,Saturday,ESTN,1,Mechanical,8,16,E/B,8962
2019-04-13,129,10:00:00,Saturday,STC- Steeles-MMRC,8,General Delay,30,60,B/W,
2019-04-13,85,10:00:00,Saturday,DonMills Stn - Zoo-RHGO-Zoo-Don Mills Stn,8,General Delay,30,60,B/W,
2019-04-13,65,10:00:00,Saturday,Parliament Route,8,General Delay,10,1,B/W,
2019-04-13,95,10:00:00,Saturday,YKMS-SCLP-KNRD-YKMS,8,General Delay,14,28,B/W,
2019-04-13,87,10:00:00,Saturday,cosburn route,8,General Delay,10,1,B/W,
2019-04-13,52,10:00:00,Saturday,entire route,8,General Delay,10,20,B/W,
2019-04-13,53,10:00:00,Saturday,53 Steeles East- All Branches,8,General Delay,10,35,B/W,
2019-04-13,38,10:20:00,Saturday,STC,1,Mechanical,10,20,E/B,1582
2019-04-13,91,10:30:00,Saturday,Woodbine North,8,General Delay,15,1,B/W,
2019-04-13,64,10:30:00,Saturday,Main Route,8,General Delay,10,1,B/W,
2019-04-13,9,11:00:00,Saturday,Bellamy Route,8,General Delay,10,1,N/B,
2019-04-13,95,11:00:00,Saturday,Brimley on Ellesmere,1,Mechanical,14,28,W/B,1744
2019-04-13,16,11:00:00,Saturday,McCowan Route,8,General Delay,10,1,B/W,
2019-04-13,100,11:00:00,Saturday,100 Flemingdon,8,General Delay,15,1,B/W,
2019-04-13,80,11:00:00,Saturday,80 route,8,General Delay,20,45,B/W,8025
2019-04-13,66,11:00:00,Saturday,66 Route,8,General Delay,20,30,B/W,8063
2019-04-13,92,11:00:00,Saturday,Woodbine South,8,General Delay,10,1,B/W,
2019-04-13,935,11:00:00,Saturday,Lawrence,8,General Delay,15,20,B/W,
2019-04-13,83,11:00:00,Saturday,Jones Route,8,General Delay,15,1,B/W,
2019-04-13,17,11:00:00,Saturday,Birchmount Route,8,General Delay,15,1,B/W,
2019-04-13,73,11:00:00,Saturday,Royal york route,8,General Delay,25,35,B/W,8084
2019-04-13,73,11:00:00,Saturday,Royal york route,8,General Delay,25,35,B/W,8039
2019-04-13,67,11:00:00,Saturday,Eglinton Ave,8,General Delay,20,1,B/W,
2019-04-13,35,11:00:00,Saturday,Lawrence Ave,8,General Delay,15,30,B/W,
2019-04-13,6,11:18:00,Saturday,Queens Quay and Bay,1,Mechanical,15,30,N/B,1003
2019-04-13,121,11:21:00,Saturday,MLCH,9,,16,32,N/B,8498
2019-04-13,52,11:27:00,Saturday,WELW,5,Investigation,10,20,E/B,8370
2019-04-13,52,11:27:00,Saturday,Weston and Lawrence,5,Investigation,10,20,E/B,8370
2019-04-13,94,11:28:00,Saturday,Castle Frank Station,4,Utilized Off Route,6,12,W/B,1057
2019-04-13,126,11:30:00,Saturday,Christie Route,8,General Delay,15,45,B/W,
2019-04-13,29,11:34:00,Saturday,Dufferin and Lawrence,1,Mechanical,7,14,S/B,9144
2019-04-13,89,11:52:00,Saturday,KSTN,4,Utilized Off Route,10,20,N/B,1069
2019-04-13,89,11:53:00,Saturday,Keele Station,4,Utilized Off Route,10,20,N/B,1069
2019-04-13,29,11:54:00,Saturday,Dufferin and Bloor,5,Investigation,3,6,N/B,9045
2019-04-13,29,11:56:00,Saturday,Dufferin at Bloor,4,Utilized Off Route,3,6,S/B,9102
2019-04-13,29,11:56:00,Saturday,Dufferin and Lawrence,1,Mechanical,13,26,N/B,9036
2019-04-13,110,11:56:00,Saturday,Lakeshore at Islington,4,Utilized Off Route,10,20,N/B,8061
2019-04-13,701,11:58:00,Saturday,LA.W,4,Utilized Off Route,1,1,E/B,1304
2019-04-13,63,11:59:00,Saturday,Ossington and Queen,4,Utilized Off Route,5,10,S/B,1289
2019-04-13,57,12:00:00,Saturday,57 Middland,8,General Delay,15,1,B/W,
2019-04-13,41,12:00:00,Saturday,FWST to PVST,8,General Delay,20,30,B/W,
2019-04-13,23,12:00:00,Saturday,Dawes Road / MSTN,8,General Delay,10,20,BW,
2019-04-13,70,12:00:00,Saturday,70 O'Connor Drive,8,General Delay,15,1,B/W,
2019-04-13,85,12:06:00,Saturday,Don Mills Station,1,Mechanical,6,17,E/B,1501
2019-04-13,44,12:06:00,Saturday,Col Sam Smith Loop,4,Utilized Off Route,10,22,N/B,8095
2019-04-13,85,12:08:00,Saturday,ZOO,9,,5,11,W/B,1654
2019-04-13,96,12:10:00,Saturday,Wilson/Jane,8,General Delay,15,25,B/W,3324
2019-04-13,29,12:13:00,Saturday,Dufferin and Lawrence,1,Mechanical,14,28,S/B,9024
2019-04-13,45,12:30:00,Saturday,Rexdale and Albion,8,General Delay,20,1,N/B,
2019-04-13,41,12:39:00,Saturday,PVST,4,Utilized Off Route,9,17,S/B,1273
2019-04-13,29,12:49:00,Saturday,Dufferin and Lawrence,1,Mechanical,3,6,N/B,9044
2019-04-13,30,13:00:00,Saturday,Cordova and Dundas and Runnymede Dundas,8,General Delay,25,,B/W,
2019-04-13,89,13:00:00,Saturday,KSTN,8,General Delay,20,30,B/W,
2019-04-13,11,13:15:00,Saturday,Bayview & Eglinton,5,Investigation,10,20,B/W,1384
2019-04-13,108,13:23:00,Saturday,Arleta and Grandravine,5,Investigation,16,32,W/B,3155
2019-04-13,75,13:30:00,Saturday,Route 75,8,General Delay,10,20,B/W,
2019-04-13,63,13:41:00,Saturday,Ossington Stn,1,Mechanical,5,10,N/B,1271
2019-04-13,7,14:00:00,Saturday,Route 7,8,General Delay,19,27,S/B,
2019-04-13,160,14:00:00,Saturday,Route 160,8,General Delay,15,51,B/W,
2019-04-13,90,14:00:00,Saturday,Route 90,8,General Delay,10,18,B/W,
2019-04-13,168,14:07:00,Saturday,DWST,4,Utilized Off Route,9,17,N/B,1002
2019-04-13,63,14:07:00,Saturday,Ossington and Harbord,4,Utilized Off Route,5,10,N/B,8395
2019-04-13,701,14:08:00,Saturday,Kipling Station,4,Utilized Off Route,1,1,N/B,8611
2019-04-13,701,14:08:00,Saturday,Royal York stn,1,Mechanical,1,1,N/B,8612
2019-04-13,701,14:09:00,Saturday,ESTN,4,Utilized Off Route,1,1,S/B,1236
2019-04-13,46,14:12:00,Saturday,KPSN,4,Utilized Off Route,17,34,N/B,3189
2019-04-13,89,14:12:00,Saturday,KSTN,4,Utilized Off Route,10,20,N/B,1356
2019-04-13,52,14:13:00,Saturday,LWJA,5,Investigation,14,28,W/B,8175
2019-04-13,35,14:18:00,Saturday,JNST,4,Utilized Off Route,7,14,N/B,3228
2019-04-13,96,14:26:00,Saturday,Wilson/Dufferin,4,Utilized Off Route,10,20,W/B,3309
2019-04-13,75,14:29:00,Saturday,Sherbourne & Bloor,4,Utilized Off Route,1,1,N/B,8383
2019-04-13,54,14:45:00,Saturday,Northfield and Orton Park,1,Mechanical,10,22,W/B,8762
2019-04-13,68,15:00:00,Saturday,Lawernce and Ellesmere,8,General Delay,25,35,B/W,
2019-04-13,168,15:00:00,Saturday,Rogers at Keele,8,General Delay,15,24,B/W,
2019-04-13,12,15:00:00,Saturday,BW on Route,8,General Delay,18,1,BW,
2019-04-13,165,15:30:00,Saturday,Albion/Walsh to York Mills station,8,General Delay,7,14,B/W,
2019-04-13,37,15:31:00,Saturday,Islington stn,1,Mechanical,15,30,N/B,8044
2019-04-13,81,15:57:00,Saturday,Thorncliffe Park / PSTN,1,Mechanical,0,0,N/B,8433
2019-04-13,89,15:58:00,Saturday,Keele at St. Clair,5,Investigation,10,20,N/B,1139
2019-04-13,121,16:00:00,Saturday,Both ways on Route,8,General Delay,20,1,BW,
2019-04-13,63,16:00:00,Saturday,EWST to ATKI,8,General Delay,5,16,B/W,
2019-04-13,85,16:00:00,Saturday,McCowan on Sheppard,1,Mechanical,11,16,E/B,1730
2019-04-13,123,16:20:00,Saturday,evans and browns line,1,Mechanical,10,20,N/B,6861
2019-04-13,44,16:26:00,Saturday,kipling station,1,Mechanical,9,18,N/B,8021
2019-04-13,716,16:30:00,Saturday,Victoria Park Stn.,4,Utilized Off Route,1,1,S/B,8566
2019-04-13,720,16:30:00,Saturday,Eglinton and Kennedy,4,Utilized Off Route,1,1,W/B,8842
2019-04-13,9,16:36:00,Saturday,Corporate drive and consillium,5,Investigation,24,48,N/B,9210
2019-04-13,15,16:36:00,Saturday,Evans and Kipling,5,Investigation,10,20,E/B,7974
2019-04-13,68,16:38:00,Saturday,WSTN,4,Utilized Off Route,10,20,N/B,8861
2019-04-13,24,16:40:00,Saturday,VP Station,4,Utilized Off Route,7,14,S/B,8482
2019-04-13,96,17:10:00,Saturday,Humber College Terminal,1,Mechanical,15,30,W/B,3365
2019-04-13,54,17:17:00,Saturday,RTLS,1,Mechanical,10,21,W/B,8811
2019-04-13,65,17:32:00,Saturday,Dundas / Parliament,3,Diversion,16,30,B/W,
2019-04-13,73,17:32:00,Saturday,Lakeshore and Mimico,1,Mechanical,10,20,N/B,8082
2019-04-13,121,17:51:00,Saturday,Front and Bluejays way,3,Diversion,16,32,W/B,8483
2019-04-13,89,18:10:00,Saturday,KSTN,1,Mechanical,10,20,N/B,1069
2019-04-13,168,18:15:00,Saturday,AVLP,1,Mechanical,8,17,S/B,1071
2019-04-13,6,18:19:00,Saturday,Bay / Richmond,5,Investigation,14,28,S/B,1029
2019-04-13,73,18:28:00,Saturday,Royal York and Mimico,1,Mechanical,10,20,S/B,8067
2019-04-13,711,18:44:00,Saturday,Oakwood and Lanark,5,Investigation,1,1,N/B,8184
2019-04-13,53,18:47:00,Saturday,FSTN,1,Mechanical,13,24,E/B,1579
2019-04-13,125,18:49:00,Saturday,Drewry and Yonge,5,Investigation,15,30,W/B,1301
2019-04-13,87,19:47:00,Saturday,Main Station,5,Investigation,10,20,E/B,8597
2019-04-13,5,19:50:00,Saturday,ESTN to QUPK,8,General Delay,22,44,B/W,
2019-04-13,37,20:10:00,Saturday,Islington Station and Rexdale,8,General Delay,18,28,B/W,
2019-04-13,37,20:11:00,Saturday,Islington and Eglinton,3,Diversion,138,144,S/B,8090
2019-04-13,43,20:25:00,Saturday,Kennedy & Eglinton,5,Investigation,15,30,N/B,8768
2019-04-13,97,20:37:00,Saturday,Davisville Station,5,Investigation,30,60,N/B,1364
2019-04-13,14,20:38:00,Saturday,Davisville stn,5,Investigation,24,48,W/B,1026
2019-04-13,7,21:00:00,Saturday,Bathurst & Finch,1,Mechanical,9,18,N/B,8316
2019-04-13,40,21:00:00,Saturday,Dundas West Station and Runnymede Loop,8,General Delay,15,30,B/W,
2019-04-13,52,21:19:00,Saturday,Lawrence West station,1,Mechanical,10,20,W/B,1278
2019-04-13,900,21:22:00,Saturday,kipling stn,1,Mechanical,10,20,E/B,8005
2019-04-13,85,21:35:00,Saturday,Birchmount and Sheppard,1,Mechanical,16,32,EB,1654
2019-04-13,37,22:05:00,Saturday,Islington Station,5,Investigation,24,47,N/B,8090
2019-04-13,54,22:55:00,Saturday,Railside Rd W & Lawernce,5,Investigation,1,1,E/B,8841
2019-04-13,85,23:01:00,Saturday,RHGO,1,Mechanical,20,20,WB,1615
2019-04-13,38,23:12:00,Saturday,STC,1,Mechanical,13,26,E/B,1611
2019-04-13,7,23:15:00,Saturday,Bathurst & Invermay,3,Diversion,,,N/B,
2019-04-13,43,23:29:00,Saturday,Kenn Station,5,Investigation,1,1,N/B,8625
2019-04-14,84,00:52:00,Sunday,Sheppard and Magellan,5,Investigation,10,20,EB,3255
2019-04-14,24,01:02:00,Sunday,Victoria park Station,1,Mechanical,10,20,N/B,9212
2019-04-14,37,01:56:00,Sunday,rexdale and islington,4,Utilized Off Route,11,22,S/B,8099
2019-04-14,320,01:57:00,Sunday,Yonge and Steeles,4,Utilized Off Route,5,19,SB,8178
2019-04-14,337,02:00:00,Sunday,Islington and 401,3,Diversion,49,79,SB,8014
2019-04-14,1,03:40:00,Sunday,Bathurst and Davenport,4,Utilized Off Route,1,1,NB,1423
2019-04-14,320,04:18:00,Sunday,Yonge and Steeles,9,,15,30,SB,8126
2019-04-14,363,04:19:00,Sunday,Davenport,1,Mechanical,30,60,N/B,1249
2019-04-14,96,04:44:00,Sunday,Wilson Station,9,,21,1,W/B,3231
2019-04-14,395,04:52:00,Sunday,Markham and Ellesmere,9,,12,24,WB,3460
2019-04-14,300,05:16:00,Sunday,Bloor and Ossington,4,Utilized Off Route,33,66,WB,8096
2019-04-14,334,05:37:00,Sunday,FDFI,9,,30,60,W/B,8872
2019-04-14,36,05:41:00,Sunday,FARR,9,,11,33,E/B,3194
2019-04-14,63,05:49:00,Sunday,Atlantic and King St,4,Utilized Off Route,12,24,N/B,1382
2019-04-14,300,06:00:00,Sunday,Between T3 and Kennedy Stn,8,General Delay,25,35,B/W,
2019-04-14,43,06:17:00,Sunday,Kennedy Station,4,Utilized Off Route,15,28,W/B,3128
2019-04-14,7,06:18:00,Sunday,Wilson Traffic Office,9,,1,1,S/B,1321
2019-04-14,89,06:26:00,Sunday,Keele Station,1,Mechanical,10,20,N/B,1098
2019-04-14,54,07:15:00,Sunday,Eglinton Station,1,Mechanical,10,10,E/B,3122
2019-04-14,320,07:19:00,Sunday,Steeles,6,Emergency Services,3,6,S/B,9034
2019-04-14,300,07:26:00,Sunday,EMBL,4,Utilized Off Route,5,10,E/B,8629
2019-04-14,706,07:30:00,Sunday,BRGA,4,Utilized Off Route,1,1,N/B,8576
2019-04-14,100,07:30:00,Sunday,Broadview Station,9,,10,20,N/B,8654
2019-04-14,709,07:40:00,Sunday,Dufferin and Eglinton,4,Utilized Off Route,5,10,S/B,1114
2019-04-14,300,07:44:00,Sunday,Bloor and Parliament,5,Investigation,11,16,E/B,8845
2019-04-14,116,07:50:00,Sunday,Kennedy station,9,,10,20,,8800
2019-04-14,35,07:52:00,Sunday,JNST,9,,10,20,N/B,7527
2019-04-14,54,07:53:00,Sunday,Starspray Loop,4,Utilized Off Route,30,50,W/B,8824
2019-04-14,34,07:53:00,Sunday,Eglinton Yard,5,Investigation,10,19,,8706
2019-04-14,25,08:05:00,Sunday,Don Mills & Freshmeadow,9,,15,25,S/B,8861
2019-04-14,132,08:06:00,Sunday,MKMI,3,Diversion,1,1,W/B,1728
2019-04-14,24,08:14:00,Sunday,victoria park station,1,Mechanical,1,1,S/B,8490
2019-04-14,41,08:20:00,Sunday,Caledonia at Lawrence,1,Mechanical,12,24,S/B,1018
2019-04-14,32,08:23:00,Sunday,Eglinton and Weston,1,Mechanical,10,20,E/B,1147
2019-04-14,7,08:30:00,Sunday,Bathurst Station to Steels,8,General Delay,14,24,B/W,
2019-04-14,165,08:35:00,Sunday,Finch/weston,9,,5,10,E/B,3219
2019-04-14,1,08:36:00,Sunday,Crescent circle,1,Mechanical,1,1,S/B,1204
2019-04-14,24,08:52:00,Sunday,victoria park station,1,Mechanical,9,18,N/B,8578
2019-04-14,1,09:28:00,Sunday,University,5,Investigation,1,1,S/B,8137
2019-04-14,985,09:50:00,Sunday,STC,1,Mechanical,15,30,E/B,9065
2019-04-14,36,10:00:00,Sunday,Jane,5,Investigation,7,13,E/B,3347
2019-04-14,65,10:00:00,Sunday,parliament route,8,General Delay,10,1,B/W,
2019-04-14,52,10:00:00,Sunday,MCNT TO LSTN,8,General Delay,10,20,B/W,
2019-04-14,63,10:00:00,Sunday,liberty / eglinton wstn,8,General Delay,9,18,B/W,
2019-04-14,79,10:24:00,Sunday,Runnymede Stn,1,Mechanical,24,48,N/B,1529
2019-04-14,160,10:30:00,Sunday,Wilson Station to BATHURST & CLARK-SOUTHBOUND STOP,8,General Delay,21,57,B/W,
2019-04-14,24,11:05:00,Sunday,Victoria park station,1,Mechanical,1,1,N/B,8456
2019-04-14,32,11:30:00,Sunday,Jane and Emmett,1,Mechanical,30,60,W/B,1066
2019-04-14,985,11:41:00,Sunday,STC,1,Mechanical,15,30,W/B,9065
2019-04-14,38,11:58:00,Sunday,Morningside and Ellesmere,6,Emergency Services,10,20,E/B,1609
2019-04-14,36,11:59:00,Sunday,FWST,5,Investigation,6,12,E/B,3146
2019-04-14,29,12:12:00,Sunday,Dufferin at Lawrence,1,Mechanical,4,8,S/B,1050
2019-04-14,985,12:16:00,Sunday,STC,5,Investigation,11,23,W/B,9062
2019-04-14,22,12:27:00,Sunday,Main and Kingston,3,Diversion,85,95,E/B,
2019-04-14,124,12:50:00,Sunday,Sunnybrooke hospital,1,Mechanical,20,40,W/B,1277
2019-04-14,26,13:10:00,Sunday,STGE,6,Emergency Services,22,44,W/B,1269
2019-04-14,710,13:12:00,Sunday,Warden & Finch,5,Investigation,1,1,S/B,8854
2019-04-14,29,13:17:00,Sunday,Princes' Gates,1,Mechanical,4,8,N/B,9040
2019-04-14,57,13:20:00,Sunday,Midland & Passmore,3,Diversion,1,1,SB,8726
2019-04-14,43,13:35:00,Sunday,Midland & Steeles,3,Diversion,88,98,S/B,8793
2019-04-14,127,13:53:00,Sunday,Davenport at Symington,5,Investigation,23,46,E/B,1081
2019-04-14,53,13:55:00,Sunday,Bayview and Steeles,1,Mechanical,13,19,W/B,1778
2019-04-14,41,14:00:00,Sunday,Keele at Eglinton,8,General Delay,20,30,B/W,
2019-04-14,34,14:00:00,Sunday,Wynford and Eglinton,5,Investigation,17,34,B/W,8720
2019-04-14,11,14:05:00,Sunday,Davisville Station,1,Mechanical,15,30,N/B,1231
2019-04-14,63,14:10:00,Sunday,bloor,5,Investigation,8,16,N/B,1278
2019-04-14,168,14:16:00,Sunday,DWST,1,Mechanical,9,18,N/B,1057
2019-04-14,42,14:27:00,Sunday,Mcnicol and Pharmacy,5,Investigation,16,32,E/B,8365
2019-04-14,95,14:32:00,Sunday,Scarborough College Loop,1,Mechanical,17,34,W/B,3448
2019-04-14,89,14:52:00,Sunday,KSTN,1,Mechanical,10,20,N/B,1084
2019-04-14,100,15:23:00,Sunday,Broadview Station,8,General Delay,1,1,B/W,3125
2019-04-14,77,15:35:00,Sunday,Morningside at Lavina,6,Emergency Services,24,48,E/B,1102
2019-04-14,79,15:36:00,Sunday,Runnymede Station,4,Utilized Off Route,12,24,S/B,1051
2019-04-14,71,15:42:00,Sunday,Runnymede Station,1,Mechanical,24,48,N/B,1410
2019-04-14,89,16:00:00,Sunday,KSTN,4,Utilized Off Route,10,20,N/B,1098
2019-04-14,600,16:00:00,Sunday,Bloor,1,Mechanical,1,1,N/B,9203
2019-04-14,32,16:04:00,Sunday,EWST,1,Mechanical,10,20,E/B,1095
2019-04-14,165,16:15:00,Sunday,Steeles,1,Mechanical,5,10,E/B,1313
2019-04-14,85,16:23:00,Sunday,Sheppard & McCowan,1,Mechanical,5,11,E/B,1366
2019-04-14,111,16:24:00,Sunday,Kipling Station,1,Mechanical,1,1,N/B,8026
2019-04-14,939,16:29:00,Sunday,Scarborough Town Center,1,Mechanical,12,24,B/W,1414
2019-04-14,702,16:35:00,Sunday,Kipling Station,4,Utilized Off Route,1,1,S/B,8097
2019-04-14,37,16:35:00,Sunday,Isst,4,Utilized Off Route,12,24,N/B,8066
2019-04-14,29,16:43:00,Sunday,Dufferin / livingstone( North of Eglinton),1,Mechanical,4,8,S/B,9142
2019-04-14,36,17:05:00,Sunday,Humberline at Holyoake,5,Investigation,5,10,E/B,3144
2019-04-14,29,17:40:00,Sunday,PRGT,1,Mechanical,4,8,N/B,9026
2019-04-14,36,17:48:00,Sunday,Finch at Weston,6,Emergency Services,5,10,E/B,3239
2019-04-14,600,17:48:00,Sunday,Yonge and Wellesly,5,Investigation,1,1,N/B,8565
2019-04-14,16,17:54:00,Sunday,McCowan and Lawerence,1,Mechanical,12,24,N/B,8586
2019-04-14,73,18:25:00,Sunday,royal york and bloor,1,Mechanical,10,20,N/B,7959
2019-04-14,161,18:29:00,Sunday,Jane / Alliance,1,Mechanical,18,36,E/B,1105
2019-04-14,925,18:30:00,Sunday,Don Mills & Donway,1,Mechanical,10,20,SB,8830
2019-04-14,52,18:30:00,Sunday,Law west station,1,Mechanical,7,14,W/B,8149
2019-04-14,68,18:48:00,Sunday,Warden & Ellesmere,1,Mechanical,10,18,NB,8747
2019-04-14,94,18:58:00,Sunday,Ossington stn,1,Mechanical,13,26,E/B,1258
2019-04-14,133,19:26:00,Sunday,Scarborough Centre RT,1,Mechanical,13,26,E/B,1664
2019-04-14,110,19:45:00,Sunday,long branch loop,1,Mechanical,30,60,N/B,8012
2019-04-14,55,19:55:00,Sunday,Jane stn,1,Mechanical,20,40,N/B,1096
2019-04-14,37,20:08:00,Sunday,woodbine race track,5,Investigation,19,38,S/B,8070
2019-04-14,89,20:55:00,Sunday,ALWS,1,Mechanical,10,20,S/B,1002
2019-04-14,110,21:00:00,Sunday,islington stn,1,Mechanical,30,60,N/B,7965
2019-04-14,25,21:00:00,Sunday,PSTN,1,Mechanical,8,17,N/B,8831
2019-04-14,92,21:05:00,Sunday,Woodbine and Gerard,3,Diversion,20,40,N/B,8410
2019-04-14,43,21:23:00,Sunday,Progress and Kennedy,5,Investigation,10,20,S/B,3128
2019-04-14,54,21:28:00,Sunday,Victoria Park/Lawrence,1,Mechanical,19,38,E/B,8759
2019-04-14,89,21:30:00,Sunday,ALWS,4,Utilized Off Route,10,20,S/B,1606
2019-04-14,600,21:40:00,Sunday,Wellington and York,1,Mechanical,1,1,W/B,1421
2019-04-14,939,21:43:00,Sunday,Finch Station,1,Mechanical,10,20,W/B,1788
2019-04-14,85,21:45:00,Sunday,Lamont and Sheppard Ave,1,Mechanical,20,40,E/B,1756
2019-04-14,71,21:49:00,Sunday,Industry st,1,Mechanical,20,40,S/B,1015
2019-04-14,95,21:50:00,Sunday,Ellesmere Cul-De-Sac Kingston Loop,9,,10,20,W/B,3464
2019-04-14,23,21:58:00,Sunday,Dawes and Park Vista,3,Diversion,337,352,S/B,8551
2019-04-14,60,22:00:00,Sunday,Steeles at Bathurst,1,Mechanical,9,18,E/B,3227
2019-04-14,21,22:05:00,Sunday,Brimley & Steeles,1,Mechanical,30,60,S/B,1663
2019-04-14,134,22:06:00,Sunday,Scarborough Town Centre,1,Mechanical,22,44,N/B,1339
2019-04-14,168,22:30:00,Sunday,Old Weston / St.Clair,5,Investigation,12,24,S/B,1118
2019-04-14,985,22:54:00,Sunday,Don Mills Station,1,Mechanical,21,42,E/B,9079
2019-04-14,45,23:00:00,Sunday,kpst,1,Mechanical,12,24,S/B,8611
2019-04-14,29,23:40:00,Sunday,Dufferin / Briar Hill,1,Mechanical,10,20,N/B,9055
2019-04-14,43,23:40:00,Sunday,Progress and Ellesmere,5,Investigation,10,20,S/B,3128
2019-04-14,600,23:45:00,Sunday,Yonge and College,5,Investigation,1,1,S/B,3343
2019-04-14,36,23:57:00,Sunday,FWSN,5,Investigation,10,20,W/B,3239
2019-04-15,913,00:00:00,Monday,Corporate drive and Lee Center Drive.,1,Mechanical,4,8,E/B,9079
2019-04-15,45,00:00:00,Monday,Kipling at Eglinton,1,Mechanical,13,26,N/B,8413
2019-04-15,113,00:00:00,Monday,MAIN STATION,5,Investigation,10,20,E/B,9237
2019-04-15,82,00:20:00,Monday,Rosedale Station,1,Mechanical,20,40,E/B,8354
2019-04-15,7,01:26:00,Monday,Bathurst and Glencairn,3,Diversion,1,1,B/W,
2019-04-15,307,01:38:00,Monday,Glencairn,3,Diversion,189,219,B/W,
2019-04-15,300,02:20:00,Monday,Bathurst Station,1,Mechanical,15,30,E/B,9238
2019-04-15,116,02:42:00,Monday,Kingston and Saunders Rd,6,Emergency Services,10,20,W/B,8772
2019-04-15,29,04:23:00,Monday,Dufferin and Lawrence,9,,13,43,N/B,9026
2019-04-15,7,04:23:00,Monday,wilson division,9,,30,0,S/B,8372
2019-04-15,46,04:25:00,Monday,Kipling Station,9,,24,1,N/B,3275
2019-04-15,7,04:32:00,Monday,wilson garage,9,,6,12,N/B,8386
2019-04-15,68,04:48:00,Monday,Wadren & Danforth,9,,17,17,N/B,8654
2019-04-15,132,05:00:00,Monday,Markham Rd-Milner,3,Diversion,,,W/B,1326
2019-04-15,39,05:00:00,Monday,39 Finch Route-All Branch,8,General Delay,14,18,BW,1735
2019-04-15,939,05:00:00,Monday,939 Finch Express-All Branch,8,General Delay,10,18,BW,1501
2019-04-15,96,05:05:00,Monday,Finch and Humberline,9,,10,25,E/B,3162
2019-04-15,100,05:21:00,Monday,Don Mills & Wynford,9,,15,27,E/B,8705
2019-04-15,54,05:21:00,Monday,Lawrence & Scarborough Golf,9,,30,35,E/B,8914
2019-04-15,108,05:23:00,Monday,Stong and Driftwood,9,,20,40,N/B,3160
2019-04-15,32,05:26:00,Monday,KEEG,9,,4,11,E/B,1123
2019-04-15,68,05:26:00,Monday,Warden & Danforth,9,,19,26,N/B,8633
2019-04-15,160,05:27:00,Monday,wilson / bathurst,3,Diversion,110,130,N/B,8160
2019-04-15,60,05:30:00,Monday,Steeles Loop and Martin Grove,9,,10,31,E/B,3299
2019-04-15,52,05:33:00,Monday,Wilson garage POD Braecrest and Royal York,9,,9,,E/B,1246
2019-04-15,300,05:33:00,Monday,DDAN,9,,25,35,W/B,8917
2019-04-15,36,05:42:00,Monday,FWSN,9,,16,1,W/B,9113
2019-04-15,97,05:45:00,Monday,Davisville Station,9,,30,30,N/B,8339
2019-04-15,32,05:49:00,Monday,KEEG,9,,9,16,E/B,1045
2019-04-15,35,05:50:00,Monday,Peter Kaiser & Steeles,1,Mechanical,8,16,N/B,3249
2019-04-15,6,05:50:00,Monday,Davenport and Dupont,1,Mechanical,11,22,S/B,1102
2019-04-15,925,05:53:00,Monday,FMDM,9,,3,11,S/B,8817
2019-04-15,54,05:54:00,Monday,Starspray Loop,9,,9,18,W/B,8913
2019-04-15,12,05:56:00,Monday,Vicrotia Park stn,9,,14,28,N/B,8451
2019-04-15,36,05:57:00,Monday,FWES,9,,18,1,E/B,9108
2019-04-15,186,05:58:00,Monday,Humber College,9,,11,1,E/B,3186
2019-04-15,97,06:00:00,Monday,Davisville Station,1,Mechanical,30,30,N/B,8217
2019-04-15,54,06:00:00,Monday,Lawrence & Scarborough Golf Club,9,,9,18,E/B,8898
2019-04-15,929,06:15:00,Monday,DLAW,1,Mechanical,8,17,N/B,9021
2019-04-15,69,06:15:00,Monday,warden station,9,,13,26,N/B,923
2019-04-15,989,06:17:00,Monday,Steeles and Weston Road,9,,12,24,S/B,1030
2019-04-15,60,06:21:00,Monday,Signal hill,9,,7,14,B/W,
2019-04-15,75,06:25:00,Monday,wilson garage,1,Mechanical,2,4,S/B,8317
2019-04-15,68,06:27:00,Monday,Warden Loop,9,,5,11,S/B,8698
2019-04-15,79,06:27:00,Monday,PINE,9,,9,17,S/B,1529
2019-04-15,116,06:29:00,Monday,Kennedy STN,1,Mechanical,6,13,E/B,8662
2019-04-15,42,06:30:00,Monday,DYNAMIC DR. AT MCNICOLL AVE.,9,,12,24,W/B,8155
2019-04-15,41,06:32:00,Monday,SB on Keele at Calvingotn Dr,1,Mechanical,12,23,S/B,9039
2019-04-15,68,06:34:00,Monday,Warden Station,9,,6,11,N/B,8624
2019-04-15,39,06:35:00,Monday,Finch Station,9,,5,10,E/B,1735
2019-04-15,953,06:43:00,Monday,FSTN,9,,13,27,E/B,9068
2019-04-15,100,06:46:00,Monday,dmwf,9,,3,7,S/B,8739
2019-04-15,68,06:49:00,Monday,Warden Station,9,,5,11,N/B,8712
2019-04-15,952,06:54:00,Monday,Lawrence w stn,1,Mechanical,11,22,E/B,1279
2019-04-15,131,06:56:00,Monday,Sewels and Neilson,1,Mechanical,8,15,E/B,1548
2019-04-15,939,07:00:00,Monday,9McCowan under SRT Bridge,3,Diversion,,,S/B,1756
2019-04-15,50,07:00:00,Monday,50 ROUTE,8,General Delay,20,30,B/W,8075
2019-04-15,52,07:00:00,Monday,Route 52,8,General Delay,11,20,B/W,
2019-04-15,132,07:00:00,Monday,McCowan under SRT Bridge,3,Diversion,,,W/B,1326
2019-04-15,100,07:00:00,Monday,DMWF,9,,3,7,S/B,8682
2019-04-15,130,07:00:00,Monday,McCowan under SRT Bridge,3,Diversion,,,W/B,1761
2019-04-15,122,07:00:00,Monday,Route 122,8,General Delay,15,26,B/W,
2019-04-15,952,07:00:00,Monday,Route 952,8,General Delay,13,22,B/W,
2019-04-15,7,07:05:00,Monday,wilson garage,9,,5,10,S/B,8301
2019-04-15,905,07:10:00,Monday,Kennedy STN,9,,10,20,E/B,8746
2019-04-15,124,07:18:00,Monday,Lawrence Station,9,,6,12,E/B,8127
2019-04-15,125,07:29:00,Monday,Finch Station,1,Mechanical,6,13,W/B,8318
2019-04-15,90,07:30:00,Monday,st clair wstn,8,General Delay,3,6,B/W,
2019-04-15,902,07:30:00,Monday,Markham Road Express Route,8,General Delay,10,20,BW,
2019-04-15,60,07:45:00,Monday,Steeles,9,,7,14,B/W,
2019-04-15,985,07:48:00,Monday,Pharmacy and Sheppard,1,Mechanical,10,20,E/B,9060
2019-04-15,925,07:59:00,Monday,Rochefort,5,Investigation,8,16,N/B,8857
2019-04-15,25,08:00:00,Monday,York Mills,8,General Delay,10,16,B/W,
2019-04-15,102,08:00:00,Monday,Markham Road Route,8,General Delay,10,20,BW,
2019-04-15,76,08:00:00,Monday,76 ROUTE,8,General Delay,10,20,B/W,7959
2019-04-15,24,08:00:00,Monday,Victoria amd Eglintion,8,General Delay,7,14,N/B,
2019-04-15,72,08:00:00,Monday,Pape Route,8,General Delay,15,30,BW,
2019-04-15,925,08:00:00,Monday,York Mills,8,General Delay,10,18,B/W,
2019-04-15,73,08:00:00,Monday,73 route,8,General Delay,9,18,B/W,7940
2019-04-15,82,08:00:00,Monday,rosedale stn / summerhill,8,General Delay,5,9,B/W,
2019-04-15,74,08:09:00,Monday,DONCLIFFE LOOP,1,Mechanical,15,30,S/B,8379
2019-04-15,95,08:16:00,Monday,KNRD,1,Mechanical,8,16,W/B,1682
2019-04-15,53,08:23:00,Monday,FSTN,1,Mechanical,6,11,E/B,1573
2019-04-15,21,08:26:00,Monday,Huntingwood and Brimley,1,Mechanical,8,16,S/B,3472
2019-04-15,34,08:30:00,Monday,Route 34- Eglinton East,8,General Delay,20,24,B/W,
2019-04-15,24,08:32:00,Monday,Mcnicole and Victoria park,1,Mechanical,10,20,N/B,8440
2019-04-15,925,08:44:00,Monday,York Mills,5,Investigation,8,16,S/B,8857
2019-04-15,34,08:48:00,Monday,DM/Eglinton,1,Mechanical,5,9,E/B,8671
2019-04-15,995,09:00:00,Monday,Don Mills and York Mills,3,Diversion,11,21,W/B,1825
2019-04-15,70,09:00:00,Monday,O'Connor/Woodbine and Victoria Pak/Eglinton,8,General Delay,15,25,B/W,
2019-04-15,113,09:16:00,Monday,Kennedy stn,5,Investigation,14,28,N/B,8402
2019-04-15,36,09:54:00,Monday,FWST,5,Investigation,9,13,W/B,3365
2019-04-15,131,09:55:00,Monday,STC SRT,1,Mechanical,13,26,N/B,1710
2019-04-15,32,09:55:00,Monday,Black Creek and Eglinton,1,Mechanical,11,22,W/B,1044
2019-04-15,85,10:19:00,Monday,SLP,1,Mechanical,7,21,W/B,1707
2019-04-15,7,11:00:00,Monday,lawrence ave,5,Investigation,8,16,S/B,8350
2019-04-15,134,11:18:00,Monday,STC,1,Mechanical,12,29,E/B,9000
2019-04-15,96,11:20:00,Monday,Humberline Loop,1,Mechanical,20,40,E/B,3291
2019-04-15,9,11:20:00,Monday,Kingston / McCowan,3,Diversion,23,46,N/B,8555
2019-04-15,132,11:22:00,Monday,STC,1,Mechanical,24,48,E/B,1326
2019-04-15,20,11:26:00,Monday,main station,1,Mechanical,15,30,N/B,8407
2019-04-15,160,11:59:00,Monday,wilson stn lower,1,Mechanical,25,50,N/B,8160
2019-04-15,939,12:22:00,Monday,Sheppard and McCowan,1,Mechanical,9,18,N/B,3437
2019-04-15,29,12:27:00,Monday,Dufferin & Eversfield,5,Investigation,8,15,S/B,9031
2019-04-15,96,12:38:00,Monday,Carrier Loop,1,Mechanical,20,40,W/B,3319
2019-04-15,929,12:40:00,Monday,Wilson & Transit,5,Investigation,10,20,S/B,9024
2019-04-15,929,12:45:00,Monday,Dufferin & Queen,8,General Delay,1,1,N/B,
2019-04-15,29,12:45:00,Monday,Dufferin & Queen,8,General Delay,1,1,N/B,
2019-04-15,60,12:50:00,Monday,Signal hill,1,Mechanical,5,10,E/B,1306
2019-04-15,53,13:05:00,Monday,Finch Station,1,Mechanical,6,12,E/B,1713
2019-04-15,68,13:11:00,Monday,Warden Station,5,Investigation,10,20,N/B,8670
2019-04-15,985,13:45:00,Monday,DONS,1,Mechanical,11,22,E/B,9078
2019-04-15,43,14:04:00,Monday,Kennedy Station,1,Mechanical,1,1,N/B,8878
2019-04-15,65,14:20:00,Monday,Esplanade and Front,1,Mechanical,13,26,N/B,8941
2019-04-15,32,14:27:00,Monday,ESTN,9,,5,14,W/B,1119
2019-04-15,35,14:30:00,Monday,ARGA,1,Mechanical,5,10,E/B,3295
2019-04-15,34,14:35:00,Monday,Eglinton/Brentcliffe,1,Mechanical,5,13,W/B,8964
2019-04-15,929,14:38:00,Monday,WILS,1,Mechanical,10,20,S/B,9024
2019-04-15,125,14:38:00,Monday,Antibes,1,Mechanical,16,26,E/B,8113
2019-04-15,952,15:00:00,Monday,Terminal 3 to Lawrence station,8,General Delay,15,27,B/W,
2019-04-15,52,15:00:00,Monday,Terminal 3 to Lawrence station,8,General Delay,10,20,B/W,
2019-04-15,95,15:03:00,Monday,YKMS,9,,10,20,E/B,3402
2019-04-15,924,15:09:00,Monday,Victoria park station,9,,9,18,N/B,9232
2019-04-15,984,15:09:00,Monday,Bradstock,9,,5,10,E/B,3313
2019-04-15,35,15:10:00,Monday,ARGA,1,Mechanical,4,9,E/B,1238
2019-04-15,37,15:10:00,Monday,Islington Station,1,Mechanical,11,22,N/B,8095
2019-04-15,25,15:16:00,Monday,Pape STN,9,,6,11,N/B,8774
2019-04-15,68,15:16:00,Monday,WLAS,9,,5,13,S/B,8891
2019-04-15,70,15:19:00,Monday,Coxwell STN,9,,16,33,N/B,8669
2019-04-15,985,15:21:00,Monday,STC,1,Mechanical,9,18,W/B,9066
2019-04-15,68,15:24:00,Monday,WAST,9,,26,51,N/B,8668
2019-04-15,39,15:26:00,Monday,MCVP,9,,14,28,E/B,3414
2019-04-15,34,15:26:00,Monday,KENN,9,,4,9,W/B,8637
2019-04-15,40,15:28:00,Monday,Dundas West Station,9,,7,15,W/B,8032
2019-04-15,142,15:30:00,Monday,Duncan shops.,9,,1,1,S/B,1309
2019-04-15,132,15:30:00,Monday,STC - HPSE,8,General Delay,12,46,B/W,
2019-04-15,995,15:30:00,Monday,Mccowan and Ellesmere,1,Mechanical,10,24,E/B,3507
2019-04-15,34,15:37:00,Monday,Warden and Eglinton,5,Investigation,4,8,W/B,8873
2019-04-15,112,15:39:00,Monday,International and Carlingview,5,Investigation,16,32,N/B,7937
2019-04-15,85,15:42:00,Monday,VP,1,Mechanical,16,32,E/B,3539
2019-04-15,939,15:45:00,Monday,Morningside and Nightstar,9,,8,16,W/B,1343
2019-04-15,939,15:54:00,Monday,Sheppard Ave and Finch Ave,1,Mechanical,6,12,N/B,1509
2019-04-15,50,15:55:00,Monday,Islington Station to Mill Road Loop,8,General Delay,12,24,B/W,
2019-04-15,116,15:55:00,Monday,MLAW,9,,6,12,N/B,8712
2019-04-15,6,16:00:00,Monday,Davenport at Dupont/Sherbourne at Queens Quay,8,General Delay,28,31,B/W,
2019-04-15,21,16:00:00,Monday,STC-BMST-STC,8,General Delay,9,18,B/W,
2019-04-15,75,16:00:00,Monday,Bloor & Shebourne,8,General Delay,17,23,B/W,
2019-04-15,41,16:00:00,Monday,Entire Route,8,General Delay,20,40,B/W,
2019-04-15,122,16:00:00,Monday,York mills station to Roywood,8,General Delay,15,27,B/W,
2019-04-15,989,16:00:00,Monday,Entire Route,8,General Delay,20,40,B/W,
2019-04-15,121,16:02:00,Monday,Bay and Front,5,Investigation,15,30,E/B,8472
2019-04-15,37,16:05:00,Monday,Islington station,1,Mechanical,11,22,N/B,7227
2019-04-15,87,16:12:00,Monday,Broadview station,5,Investigation,6,12,W/B,8535
2019-04-15,600,16:18:00,Monday,Yorkmills Station,4,Utilized Off Route,1,1,W/B,3255
2019-04-15,35,16:20:00,Monday,Jane/Sheppard,8,General Delay,10,15,N/B,3216
2019-04-15,945,16:20:00,Monday,kipling at steeles,1,Mechanical,8,15,S/B,7943
2019-04-15,600,16:20:00,Monday,Dufferin and Lawrence,4,Utilized Off Route,1,1,S/B,1017
2019-04-15,701,16:20:00,Monday,St.Clair West Station,4,Utilized Off Route,1,1,W/B,8378
2019-04-15,47,16:20:00,Monday,Lansdowne Station,4,Utilized Off Route,14,28,S/B,1067
2019-04-15,36,16:23:00,Monday,Dufferin and Finch,5,Investigation,5,10,,3144
2019-04-15,706,16:24:00,Monday,Warden Station,4,Utilized Off Route,1,1,W/B,8596
2019-04-15,6,16:25:00,Monday,Union Station,4,Utilized Off Route,3,13,S/B,1122
2019-04-15,63,16:27:00,Monday,King and Shaw,4,Utilized Off Route,8,16,S/B,8107
2019-04-15,121,16:30:00,Monday,121 route from MLCH to PRGT,8,General Delay,45,60,B/W,
2019-04-15,124,16:32:00,Monday,Lawrence stn to Sunnybrook,8,General Delay,17,25,B/W,
2019-04-15,35,16:38:00,Monday,JNST,4,Utilized Off Route,4,10,S/B,3327
2019-04-15,25,16:45:00,Monday,Pape STN,4,Utilized Off Route,1,1,N/B,8782
2019-04-15,100,16:50:00,Monday,BSTN,4,Utilized Off Route,6,12,N/B,8691
2019-04-15,25,16:55:00,Monday,Pape STN,4,Utilized Off Route,6,11,N/B,8780
2019-04-15,924,17:04:00,Monday,Curlew drive and Victoria park,5,Investigation,9,18,S/B,8580
2019-04-15,53,17:12:00,Monday,Finch Station,1,Mechanical,5,10,E/B,1526
2019-04-15,11,17:14:00,Monday,Bayview Ave and Soudan Ave,3,Diversion,55,59,B/W,
2019-04-15,63,17:30:00,Monday,Atlantic and King,4,Utilized Off Route,8,16,N/B,8174
2019-04-15,91,17:45:00,Monday,Valleywoods and York Mills,1,Mechanical,14,28,S/B,9201
2019-04-15,53,17:45:00,Monday,Steeles and Pharmacy,1,Mechanical,5,11,W/B,3420
2019-04-15,35,17:52:00,Monday,Jane/Exbury,6,Emergency Services,6,14,N/B,3301
2019-04-15,925,17:52:00,Monday,Don Mills STN,5,Investigation,8,16,S/B,8823
2019-04-15,905,17:56:00,Monday,Kenn Stn,5,Investigation,9,18,N/B,8882
2019-04-15,123,17:59:00,Monday,west mall cres and west mall,5,Investigation,11,22,E/B,8615
2019-04-15,72,18:00:00,Monday,Pape Avenue / PSTN,8,General Delay,10,20,B/W,
2019-04-15,25,18:06:00,Monday,Don Mills Rd/Parkway Forest Dr,6,Emergency Services,5,10,S/B,8880
2019-04-15,30,18:23:00,Monday,Scarlett and Dundas,1,Mechanical,30,60,E/B,8034
2019-04-15,42,18:40:00,Monday,Cummer and Maxome Ave,1,Mechanical,13,26,E/B,8120
2019-04-15,989,18:51:00,Monday,Weston / Oak,5,Investigation,10,20,N/B,1357
2019-04-15,600,18:52:00,Monday,Eglinton Station,4,Utilized Off Route,0,0,S/B,8351
2019-04-15,710,19:20:00,Monday,Kenn STN,4,Utilized Off Route,1,1,S/B,8918
2019-04-15,53,19:25:00,Monday,Steeles and Waggonwell,1,Mechanical,5,17,E/B,1531
2019-04-15,45,19:38:00,Monday,westway and kipling,5,Investigation,9,18,S/B,7972
2019-04-15,160,19:58:00,Monday,Clark & Bathurst,1,Mechanical,14,28,S/B,8352
2019-04-15,71,20:01:00,Monday,RUST,8,General Delay,22,22,S/B,1358
2019-04-15,50,20:03:00,Monday,Islington Station,1,Mechanical,15,30,W/B,8418
2019-04-15,86,20:09:00,Monday,Kenn Stn,5,Investigation,10,20,N/B,8848
2019-04-15,111,20:30:00,Monday,kipling stn,1,Mechanical,14,28,W/B,8419
2019-04-15,123,21:05:00,Monday,long branch loop,1,Mechanical,12,24,W/B,8422
2019-04-15,29,21:05:00,Monday,Princess Gate,1,Mechanical,8,16,N/B,9136
2019-04-15,37,21:08:00,Monday,Islington Station,1,Mechanical,23,46,N/B,7963
2019-04-15,73,21:18:00,Monday,La Rose and Scarlett,5,Investigation,30,60,S/B,7961
2019-04-15,63,21:28:00,Monday,Eglinton West Station,1,Mechanical,10,20,S/B,1384
2019-04-15,168,21:30:00,Monday,Dundas West Station - Avon Loop,8,General Delay,30,45,B/W,
2019-04-15,90,21:52:00,Monday,Jasmine & Oakwood,5,Investigation,8,16,N/B,8106
2019-04-15,88,22:10:00,Monday,St.Clair Stn,1,Mechanical,14,28,E/B,8392
2019-04-15,985,22:48:00,Monday,Scarborough Town Center,1,Mechanical,13,25,W/B,1676
2019-04-15,89,23:43:00,Monday,Weston / Wilby,1,Mechanical,10,20,S/B,1205
2019-04-16,54,00:32:00,Tuesday,ESTN,1,Mechanical,20,40,E/B,8818
2019-04-16,320,02:48:00,Tuesday,SYON,1,Mechanical,4,8,S/B,1317
2019-04-16,25,04:25:00,Tuesday,Eglinton Yard,9,,1,1,E/B,3125
2019-04-16,320,04:39:00,Tuesday,YKMS,9,,7,15,E/B,1214
2019-04-16,36,04:53:00,Tuesday,FARR,9,,10,20,E/B,9116
2019-04-16,91,05:00:00,Tuesday,Eglinton / Bermondsey Metrolinx,3,Diversion,24,48,B/W,8491
2019-04-16,939,05:00:00,Tuesday,939 Finch Express-All Branch,8,General Delay,10,18,BW,1656
2019-04-16,132,05:00:00,Tuesday,Markham Rd-Milner Av,3,Diversion,420,435,BW,1385
2019-04-16,39,05:00:00,Tuesday,39 Finch Route-All Branch,8,General Delay,10,14,BW,1793
2019-04-16,111,05:05:00,Tuesday,Eglinton / Martin gr,1,Mechanical,20,40,S/B,8086
2019-04-16,116,05:20:00,Tuesday,Kennedy and Eglinton,9,,7,19,E/B,8865
2019-04-16,45,05:22:00,Tuesday,Steeles,9,,10,20,S/B,1111
2019-04-16,25,05:23:00,Tuesday,EGGA,9,,1,1,W/B,8650
2019-04-16,53,05:30:00,Tuesday,FSTN to MOFI,8,General Delay,12,25,E/B,
2019-04-16,67,05:30:00,Tuesday,PHRA,9,,5,5,S/B,3118
2019-04-16,134,05:31:00,Tuesday,TARC,9,,18,36,W/B,9072
2019-04-16,300,05:33:00,Tuesday,DDAN,9,,25,35,W/B,8650
2019-04-16,54,05:39:00,Tuesday,Eglinton yard,9,,1,1,E/B,8819
2019-04-16,100,05:42:00,Tuesday,DMWF,9,,9,21,S/B,8909
2019-04-16,68,05:44:00,Tuesday,Warden Loop,1,Mechanical,19,35,S/B,8808
2019-04-16,38,05:45:00,Tuesday,STC SRT,1,Mechanical,15,30,S/B,1761
2019-04-16,939,05:57:00,Tuesday,STC SRT,9,,8,16,N/B,1656
2019-04-16,54,05:57:00,Tuesday,Starspray Loop,9,,9,15,W/B,8805
2019-04-16,953,05:59:00,Tuesday,MOFI,9,,13,31,W/B,9065
2019-04-16,12,06:00:00,Tuesday,Military Trail and Pan Am,9,,30,60,NB,9230
2019-04-16,7,06:01:00,Tuesday,wilson garage,9,,8,16,S/B,8389
2019-04-16,100,06:03:00,Tuesday,EGGA,9,,1,1,B/W,8691
2019-04-16,60,06:07:00,Tuesday,Signet,9,,16,11,E/B,3260
2019-04-16,600,06:20:00,Tuesday,600 Construction Vehicle,4,Utilized Off Route,1,1,,3169
2019-04-16,14,06:23:00,Tuesday,Mount dennis Garage,4,Utilized Off Route,23,46,E/B,1075
2019-04-16,610,06:23:00,Tuesday,KENN,4,Utilized Off Route,1,1,W/B,8782
2019-04-16,610,06:23:00,Tuesday,KENN,4,Utilized Off Route,1,1,W/B,8762
2019-04-16,701,06:23:00,Tuesday,Wilson div,4,Utilized Off Route,1,1,S/B,1344
2019-04-16,52,06:24:00,Tuesday,Lawrence West Stn,4,Utilized Off Route,15,31,W/B,8358
2019-04-16,41,06:24:00,Tuesday,NB on Keele at Lawrence,1,Mechanical,11,23,N/B,9030
2019-04-16,706,06:25:00,Tuesday,Line 1 - Main Line,4,Utilized Off Route,1,1,B/W,8558
2019-04-16,606,06:25:00,Tuesday,Line 1 - Main Line,4,Utilized Off Route,1,1,B/W,8593
2019-04-16,606,06:25:00,Tuesday,Line 1 - Main Line,4,Utilized Off Route,1,1,B/W,8500
2019-04-16,600,06:25:00,Tuesday,Eglinton stn,4,Utilized Off Route,1,1,S/B,8338
2019-04-16,87,06:25:00,Tuesday,Line 1 - Main Line,4,Utilized Off Route,5,10,B/W,9234
2019-04-16,606,06:25:00,Tuesday,Line 1 - Main Line,4,Utilized Off Route,1,1,B/W,8454
2019-04-16,601,06:25:00,Tuesday,Kipling stn,4,Utilized Off Route,1,1,B/W,8002
2019-04-16,945,06:25:00,Tuesday,Kipling stn,4,Utilized Off Route,10,20,B/W,8046
2019-04-16,609,06:25:00,Tuesday,WEEG,4,Utilized Off Route,1,1,E/B,1138
2019-04-16,937,06:25:00,Tuesday,Islinton stn,4,Utilized Off Route,10,20,B/W,7910
2019-04-16,706,06:25:00,Tuesday,Line 1 - Main Line,4,Utilized Off Route,1,1,B/W,8472
2019-04-16,601,06:25:00,Tuesday,Kipling stn,4,Utilized Off Route,1,1,B/W,8095
2019-04-16,29,06:26:00,Tuesday,WILS,4,Utilized Off Route,8,16,S/B,9049
2019-04-16,169,06:27:00,Tuesday,Don Mills stn,1,Mechanical,20,40,S/B,8301
2019-04-16,600,06:27:00,Tuesday,Wilson stn,4,Utilized Off Route,1,1,S/B,8371
2019-04-16,925,06:27:00,Tuesday,PSTn,4,Utilized Off Route,8,16,N/B,8670
2019-04-16,165,06:27:00,Tuesday,Wilson and Avenue Road,4,Utilized Off Route,5,10,E/B,3213
2019-04-16,600,06:27:00,Tuesday,FWST,4,Utilized Off Route,1,1,W/B,3341
2019-04-16,35,06:27:00,Tuesday,Jane Stn,4,Utilized Off Route,8,16,N/B,3299
2019-04-16,25,06:28:00,Tuesday,PSTN,4,Utilized Off Route,5,10,N/B,8642
2019-04-16,610,06:28:00,Tuesday,PSTN,4,Utilized Off Route,1,1,N/B,8928
2019-04-16,929,06:28:00,Tuesday,WILS,4,Utilized Off Route,9,17,S/B,9147
2019-04-16,89,06:29:00,Tuesday,Keele Stn,4,Utilized Off Route,6,12,N/B,1521
2019-04-16,21,06:29:00,Tuesday,Brimley and Steeles,9,,8,16,N/B,3508
2019-04-16,54,06:29:00,Tuesday,Eglinton Station,4,Utilized Off Route,9,18,E/B,8910
2019-04-16,600,06:30:00,Tuesday,Wilson Station,4,Utilized Off Route,1,1,W/B,3243
2019-04-16,600,06:30:00,Tuesday,Wilson Stn,4,Utilized Off Route,1,1,W/B,1285
2019-04-16,609,06:30:00,Tuesday,EARL,4,Utilized Off Route,1,1,E/B,1144
2019-04-16,32,06:30:00,Tuesday,EWST,4,Utilized Off Route,11,11,W/B,1137
2019-04-16,120,06:30:00,Tuesday,Giltspur and Jane,9,,30,60,E/B,3217
2019-04-16,601,06:30:00,Tuesday,STC SRT,4,Utilized Off Route,1,1,W/B,3503
2019-04-16,100,06:31:00,Tuesday,EGGA,9,,1,1,B/W,8768
2019-04-16,63,06:36:00,Tuesday,Eglinton w stn,1,Mechanical,3,6,S/B,1362
2019-04-16,186,06:39:00,Tuesday,Humber College,9,,9,19,E/B,3297
2019-04-16,59,06:40:00,Tuesday,Lawrence W Stn,4,Utilized Off Route,24,48,,3308
2019-04-16,96,06:41:00,Tuesday,,1,Mechanical,18,43,W/B,3290
2019-04-16,100,06:43:00,Tuesday,BSTN,4,Utilized Off Route,4,9,N/B,3117
2019-04-16,953,06:44:00,Tuesday,MOFI,9,,14,27,W/B,9069
2019-04-16,924,06:50:00,Tuesday,rowena and Victoria park,1,Mechanical,15,30,S/B,9203
2019-04-16,50,07:00:00,Tuesday,50 ROUTE,8,General Delay,20,40,B/W,8040
2019-04-16,132,07:00:00,Tuesday,McCowan Rd-Under SRT Bridge,3,Diversion,300,315,S/B,1385
2019-04-16,130,07:00:00,Tuesday,McGowan under SRT Bridge,3,Diversion,300,315,S/B,1759
2019-04-16,939,07:00:00,Tuesday,McCowan Rd-Under SRT Bridge,3,Diversion,1,1,S/B,1656
2019-04-16,935,07:00:00,Tuesday,Entire 935 Jane Express Route Both Ways,8,General Delay,17,27,B/W,
2019-04-16,35,07:00:00,Tuesday,Entire 35 Jane Route Both Ways,8,General Delay,13,22,B/W,
2019-04-16,60,07:11:00,Tuesday,FSTN,9,,7,14,W/B,1308
2019-04-16,39,07:15:00,Tuesday,Finch Station,9,,10,20,E/B,1793
2019-04-16,96,07:30:00,Tuesday,Islington and Elmhurst,5,Investigation,19,37,E/B,3223
2019-04-16,34,07:32:00,Tuesday,COPL,1,Mechanical,12,24,E/B,8680
2019-04-16,63,07:32:00,Tuesday,Eglinton W stn,1,Mechanical,9,19,S/B,8103
2019-04-16,73,07:35:00,Tuesday,Royal york at Evans,1,Mechanical,10,20,S/B,8085
2019-04-16,953,07:36:00,Tuesday,Steeles and Warden,1,Mechanical,6,11,E/B,9065
2019-04-16,953,07:36:00,Tuesday,Steeles and Old English Lane,5,Investigation,5,11,W/B,9098
2019-04-16,95,07:46:00,Tuesday,YKMS,1,Mechanical,8,16,E/B,1386
2019-04-16,32,07:47:00,Tuesday,Yorktown on Trethewey,5,Investigation,7,14,E/B,1575
2019-04-16,122,08:00:00,Tuesday,York Mills Stn to Don Mills Rd,8,General Delay,150,1,B/W,
2019-04-16,939,08:00:00,Tuesday,Bayview and Finch,3,Diversion,1,1,E/B,3447
2019-04-16,115,08:00:00,Tuesday,York Mills Stn to Don Mills Rd,8,General Delay,150,1,B/W,
2019-04-16,124,08:00:00,Tuesday,Lawrence Station to Sunnybrook Hospital,8,General Delay,18,24,B/W,
2019-04-16,34,08:00:00,Tuesday,Route 34- Eglinton East,8,General Delay,50,59,B/W,
2019-04-16,75,08:03:00,Tuesday,queen / maple,8,General Delay,6,10,B/W,
2019-04-16,953,08:04:00,Tuesday,Steeles and Pharmacy,1,Mechanical,5,11,E/B,9079
2019-04-16,952,08:05:00,Tuesday,Bathurst and Lawrence Ave,1,Mechanical,11,24,E/B,8175
2019-04-16,952,08:06:00,Tuesday,1st stop Westbound after Lawrence Stn,5,Investigation,1,1,W/B,1282
2019-04-16,35,08:15:00,Tuesday,Jane Stn,1,Mechanical,8,16,N/B,1200
2019-04-16,95,08:25:00,Tuesday,Don Mills on York Mills,1,Mechanical,4,7,W/B,1664
2019-04-16,97,08:30:00,Tuesday,YONGE ST. AT QUEEN'S QUAY to York Mills Station,8,General Delay,18,38,B/W,
2019-04-16,50,08:30:00,Tuesday,Islington Station to Mill road loop,8,General Delay,18,33,B/W,
2019-04-16,121,08:30:00,Tuesday,spandian/ front,8,General Delay,15,30,B/W,
2019-04-16,79,08:30:00,Tuesday,Entire route,8,General Delay,1,1,B/W,
2019-04-16,90,08:30:00,Tuesday,st clair wstn / oakwood,8,General Delay,4,8,B/W,
2019-04-16,102,08:30:00,Tuesday,Markham Road Route,8,General Delay,10,20,SB,0
2019-04-16,160,08:40:00,Tuesday,wilson stn / clark,8,General Delay,9,18,B/W,
2019-04-16,82,08:40:00,Tuesday,rosedale stn / summerhill,8,General Delay,5,9,B/W,
2019-04-16,53,08:51:00,Tuesday,MOFI,9,,23,23,W/B,3465
2019-04-16,70,09:00:00,Tuesday,"Coxwell STN to Craighton/Pharmacy, Warden STN",8,General Delay,20,37,B/W,
2019-04-16,87,09:08:00,Tuesday,luimden and main stn,5,Investigation,5,10,S/B,8542
2019-04-16,68,09:26:00,Tuesday,Warden Loop,1,Mechanical,5,10,S/B,8831
2019-04-16,20,09:40:00,Tuesday,high view / woodrow,1,Mechanical,10,20,S/B,8939
2019-04-16,26,09:58:00,Tuesday,Dupont and Bathurst,1,Mechanical,14,28,E/B,1272
2019-04-16,505,09:58:00,Tuesday,Broadview Station,1,Mechanical,4,8,W/B,8479
2019-04-16,5,10:00:00,Tuesday,EGLINTON STATION to ELM ST. AT ELIZABETH ST.,8,General Delay,19,49,B/W,
2019-04-16,41,10:26:00,Tuesday,Keele Stn,1,Mechanical,9,18,N/B,9102
2019-04-16,131,10:35:00,Tuesday,STC,1,Mechanical,14,28,N/B,1716
2019-04-16,41,10:36:00,Tuesday,Keele Stn,1,Mechanical,9,18,N/B,9102
2019-04-16,38,10:39:00,Tuesday,Rouge Hill GoLoop,1,Mechanical,12,24,N/B,1679
2019-04-16,995,11:04:00,Tuesday,Markham and Ellesmere,1,Mechanical,1,1,E/B,3469
2019-04-16,129,11:10:00,Tuesday,On Mc Cowan south of Sheppard,1,Mechanical,14,28,S/B,1611
2019-04-16,36,12:07:00,Tuesday,Bathurst,5,Investigation,6,12,E/B,3263
2019-04-16,35,12:30:00,Tuesday,Jane & Denison,5,Investigation,8,17,S/B,1239
2019-04-16,68,12:38:00,Tuesday,Warden & Eglinton,8,General Delay,15,25,N/B,
2019-04-16,35,12:57:00,Tuesday,Jane & Chalkfarm,5,Investigation,8,16,S/B,3269
2019-04-16,85,13:15:00,Tuesday,Morningside and Sheppard,1,Mechanical,7,14,W/B,3538
2019-04-16,77,13:26:00,Tuesday,RUST,1,Mechanical,13,26,S/B,1112
2019-04-16,15,14:00:00,Tuesday,Sherway Gardens to Mill Road Loop (at Rathburn),8,General Delay,15,24,B/W,
2019-04-16,96,14:00:00,Tuesday,Route 96,8,General Delay,17,28,B/W,
2019-04-16,84,14:00:00,Tuesday,Jane,1,Mechanical,5,10,E/B,3276
2019-04-16,80,14:00:00,Tuesday,Keele Station to Sherway Gardens,8,General Delay,15,39,B/W,
2019-04-16,50,14:00:00,Tuesday,Islington Station to Mill Road Loop (at Burnamthorpe),8,General Delay,15,31,B/W,
2019-04-16,37,14:00:00,Tuesday,Islington Station to Steeles and Humberwood Loop,8,General Delay,15,34,B/W,
2019-04-16,121,14:15:00,Tuesday,Fort york,3,Diversion,20,40,W/B,
2019-04-16,121,14:15:00,Tuesday,Fort York & Spadina  to  Bathurst & fort York,8,General Delay,20,40,B/W,
2019-04-16,24,14:20:00,Tuesday,NMHS,9,,4,8,N/B,8585
2019-04-16,133,14:29:00,Tuesday,Neilson and Sheppard,1,Mechanical,11,22,S/B,3525
2019-04-16,61,14:43:00,Tuesday,Wilson Garage,1,Mechanical,13,26,E/B,1219
2019-04-16,122,14:45:00,Tuesday,York mills station,9,,11,23,E/B,8344
2019-04-16,15,14:45:00,Tuesday,"On Evans, at Islington",5,Investigation,22,44,E/B,8072
2019-04-16,59,14:47:00,Tuesday,Lawrence West Stn,1,Mechanical,24,48,W/B,3323
2019-04-16,95,14:50:00,Tuesday,YOCE,9,,4,14,E/B,1653
2019-04-16,11,14:59:00,Tuesday,SBAV,9,,10,20,S/B,8321
2019-04-16,75,15:00:00,Tuesday,jarvis and queens quay,8,General Delay,7,14,S/B,
2019-04-16,165,15:00:00,Tuesday,Route 165,8,General Delay,18,26,B/W,
2019-04-16,186,15:00:00,Tuesday,Route 186,8,General Delay,11,22,B/W,
2019-04-16,925,15:00:00,Tuesday,Pape STN to Freshmeadow Dr/Don Mills Rd,8,General Delay,15,23,B/W,
2019-04-16,7,15:00:00,Tuesday,entire route,8,General Delay,7,15,B/W,
2019-04-16,952,15:00:00,Tuesday,Airport to Lawrence station.,8,General Delay,15,27,B/W,
2019-04-16,52,15:00:00,Tuesday,WMALL to LSTN,8,General Delay,20,40,B/W,
2019-04-16,25,15:00:00,Tuesday,Pape STN to Freshmeadow Dr/Don Mills Rd,8,General Delay,15,21,B/W,
2019-04-16,122,15:00:00,Tuesday,York mills station to Roywood,8,General Delay,15,27,E/B,
2019-04-16,160,15:00:00,Tuesday,entire route,8,General Delay,24,48,B/W,
2019-04-16,51,15:01:00,Tuesday,Freshmeadow/Don Mills,1,Mechanical,19,44,S/B,8328
2019-04-16,984,15:08:00,Tuesday,Bradstock,9,,5,10,E/B,3147
2019-04-16,986,15:20:00,Tuesday,Meadowvale Loop,5,Investigation,1,1,N/B,8854
2019-04-16,84,15:30:00,Tuesday,Shepperd west stn,1,Mechanical,5,10,E/B,1200
2019-04-16,924,15:38:00,Tuesday,Victoria park Station,9,,9,18,N/B,8400
2019-04-16,26,15:42:00,Tuesday,St. George Station,1,Mechanical,17,34,W/B,1633
2019-04-16,36,15:45:00,Tuesday,Finch W Stn,1,Mechanical,5,10,,3280
2019-04-16,121,15:49:00,Tuesday,Front and Bay,1,Mechanical,15,30,W/B,9203
2019-04-16,109,15:51:00,Tuesday,LA.W,9,,11,22,N/B,8203
2019-04-16,81,15:54:00,Tuesday,Thorncliffe Park,1,Mechanical,9,18,N/B,8592
2019-04-16,89,16:00:00,Tuesday,Entire Route,8,General Delay,15,30,B/W,
2019-04-16,935,16:00:00,Tuesday,Jane and Lawrence,8,General Delay,10,20,S/B,3353
2019-04-16,35,16:00:00,Tuesday,Lawrence,8,General Delay,10,20,S/B,1239
2019-04-16,51,16:00:00,Tuesday,Eglinton Stn to Freshmeadoows at Don Mills,8,General Delay,20,38,B/W,
2019-04-16,41,16:00:00,Tuesday,Entire Route,8,General Delay,20,40,B/W,
2019-04-16,29,16:25:00,Tuesday,Springhurst Loop,1,Mechanical,7,15,S/B,9056
2019-04-16,6,16:30:00,Tuesday,Danvenport at Dupont - Sherbourne at Queen Quay,8,General Delay,25,35,B/W,
2019-04-16,56,16:30:00,Tuesday,Eglinton Stn to Donlands Stn,8,General Delay,16,36,B/W,
2019-04-16,61,16:30:00,Tuesday,Eglinton Stn,8,General Delay,29,48,B/W,
2019-04-16,142,16:30:00,Tuesday,Bombay Loop to Church/Richmond,8,General Delay,25,55,B/W,
2019-04-16,11,16:30:00,Tuesday,Davsiville Stn to Steels loop,8,General Delay,20,34,B/W,
2019-04-16,168,16:30:00,Tuesday,Dundas West Station - Avon Loop,8,General Delay,17,27,B/W,
2019-04-16,78,16:45:00,Tuesday,YKMS,1,Mechanical,15,30,E/B,8145
2019-04-16,124,16:49:00,Tuesday,Lawrence to sunnybrook hospital,8,General Delay,18,26,B/W,
2019-04-16,60,16:54:00,Tuesday,Pioneer Village,1,Mechanical,5,10,E/B,3163
2019-04-16,46,16:54:00,Tuesday,Kipling,1,Mechanical,12,24,,3284
2019-04-16,60,16:54:00,Tuesday,Signal Hill,9,,5,10,E/B,3261
2019-04-16,48,16:57:00,Tuesday,"Mill Road Loop, at Rathburn",5,Investigation,14,28,E/B,8072
2019-04-16,5,17:00:00,Tuesday,Egliotn Stn to Queen park Circle,8,General Delay,16,28,B/W,
2019-04-16,130,17:12:00,Tuesday,Middle field and Mcnicolle,5,Investigation,16,32,N/B,1663
2019-04-16,122,17:16:00,Tuesday,York mills station,5,Investigation,11,23,E/B,8134
2019-04-16,95,17:20:00,Tuesday,YKMS,5,Investigation,11,21,E/B,3423
2019-04-16,953,17:27:00,Tuesday,PAMK,1,Mechanical,15,30,W/B,1712
2019-04-16,97,17:30:00,Tuesday,YKMLS to Queens Quay,8,General Delay,18,48,B/W,
2019-04-16,63,17:34:00,Tuesday,Ossinton Station,1,Mechanical,6,12,S/B,1271
2019-04-16,35,17:43:00,Tuesday,Jane and Weston,6,Emergency Services,10,20,S/B,3225
2019-04-16,41,17:45:00,Tuesday,Keele / Eglinton,1,Mechanical,10,20,N/B,1013
2019-04-16,62,17:56:00,Tuesday,Lumsden and Oak Park,5,Investigation,15,30,E/B,8599
2019-04-16,110,17:57:00,Tuesday,Islington Station,1,Mechanical,12,24,S/B,8061
2019-04-16,56,18:27:00,Tuesday,Laird Dr and Commercial Dr,5,Investigation,20,40,N/B,8307
2019-04-16,91,18:40:00,Tuesday,Woodbine Station,1,Mechanical,14,28,N/B,8516
2019-04-16,29,18:45:00,Tuesday,Princess Gate,1,Mechanical,7,15,N/B,9039
2019-04-16,44,18:45:00,Tuesday,KPSN,9,,7,14,S/B,7973
2019-04-16,73,19:04:00,Tuesday,"On Weston Road, at St. Phillips",1,Mechanical,7,14,S/B,7975
2019-04-16,60,19:40:00,Tuesday,Martingrove,3,Diversion,47,55,E/B,
2019-04-16,46,19:40:00,Tuesday,Martin Grove and Steeles,3,Diversion,47,57,,3212
2019-04-16,109,19:45:00,Tuesday,EWST,1,Mechanical,25,50,N/B,1282
2019-04-16,985,19:48:00,Tuesday,Sheppard and Vic Park,1,Mechanical,12,24,E/B,9066
2019-04-16,43,20:07:00,Tuesday,KENN,1,Mechanical,10,20,N/B,8922
2019-04-16,113,20:14:00,Tuesday,Kennedy Station,1,Mechanical,20,40,W/B,9207
2019-04-16,116,20:15:00,Tuesday,Morningside & Finch,5,Investigation,1,1,S/B,8886
2019-04-16,85,20:24:00,Tuesday,Dean Park,1,Mechanical,16,32,W/B,3406
2019-04-16,129,21:20:00,Tuesday,STC,1,Mechanical,7,12,N/B,1664
2019-04-16,85,21:21:00,Tuesday,Kennedy Rd,1,Mechanical,16,32,E/B,3440
2019-04-16,34,21:40:00,Tuesday,Eglinton/Jonesville,5,Investigation,6,12,E/B,8627
2019-04-16,32,22:15:00,Tuesday,ESTN,6,Emergency Services,1,1,E/B,1003
2019-04-16,45,22:20:00,Tuesday,Kipling and Steeles,5,Investigation,10,20,B/W,8615
2019-04-16,23,22:24:00,Tuesday,Danforth and Main,3,Diversion,1,1,E/B,
2019-04-16,113,22:35:00,Tuesday,Main Sytreet and Danforth Ave,3,Diversion,30,60,E/B,
2019-04-16,20,22:35:00,Tuesday,Main Street and Danforth Ave,3,Diversion,30,60,E/B,
2019-04-16,89,22:37:00,Tuesday,Keele stn,5,Investigation,10,20,S/B,1114
2019-04-16,505,22:43:00,Tuesday,Coxwell and Danforth,4,Utilized Off Route,1,1,E/B,8467
2019-04-16,100,22:47:00,Tuesday,BSTN,4,Utilized Off Route,10,20,N/B,8772
2019-04-16,100,23:00:00,Tuesday,St. Dennis and Deauville,5,Investigation,10,20,N/B,8657
2019-04-16,41,23:36:00,Tuesday,old Weston / St . Clair,1,Mechanical,10,20,N/B,9036
2019-04-16,905,23:39:00,Tuesday,KENN STN,5,Investigation,1,1,W/B,8920
2019-04-16,69,23:45:00,Tuesday,St.Clair and Birchmount,3,Diversion,40,48,B/W,
2019-04-17,168,00:00:00,Wednesday,Entire Route,8,General Delay,20,30,B/W,
2019-04-17,87,00:10:00,Wednesday,BRST,4,Utilized Off Route,10,20,E/B,9208
2019-04-17,100,00:14:00,Wednesday,BSTN,4,Utilized Off Route,10,20,N/B,8653
2019-04-17,38,00:16:00,Wednesday,Scarborough Town Centre,6,Emergency Services,13,26,E/B,1337
2019-04-17,300,03:02:00,Wednesday,Danforth and Byron Ave,5,Investigation,10,20,E/B,8412
2019-04-17,320,03:33:00,Wednesday,Wellesley,5,Investigation,3,6,N/B,1228
2019-04-17,39,04:52:00,Wednesday,Balloon and Finch,9,,19,19,E/B,1759
2019-04-17,91,05:00:00,Wednesday,Eglinton and Bermndsey,3,Diversion,999,999,B/W,
2019-04-17,39,05:00:00,Wednesday,39 Finch Route-All Branch,8,General Delay,10,14,B/W,1759
2019-04-17,939,05:00:00,Wednesday,939 Finch Express-All Branch,8,General Delay,10,18,B/W,1396
2019-04-17,116,05:03:00,Wednesday,STMO,9,,15,30,E/B,8747
2019-04-17,29,05:10:00,Wednesday,DMBL,9,,8,16,N/B,9055
2019-04-17,39,05:11:00,Wednesday,Baldoon and Finch,9,,19,38,E/B,1386
2019-04-17,17,05:17:00,Wednesday,Mountcastle Gate and Steeles,8,General Delay,7,14,N/B,
2019-04-17,41,05:17:00,Wednesday,KSTN,9,,12,24,N/B,9027
2019-04-17,52,05:18:00,Wednesday,MARTIN GROVE RD. AT THE WESTWAY,9,,28,56,E/B,8389
2019-04-17,116,05:20:00,Wednesday,Eglinton at Markham,1,Mechanical,1,10,W/B,8743
2019-04-17,100,05:21:00,Wednesday,Dzon Mills & Wynford,9,,15,27,E/B,8756
2019-04-17,25,05:23:00,Wednesday,EGGA,9,,1,1,W/B,8756
2019-04-17,43,05:25:00,Wednesday,Kennedy Station,9,,1,1,N/B,8649
2019-04-17,7,05:27:00,Wednesday,wilson division,9,,10,30,S/B,1389
2019-04-17,41,05:29:00,Wednesday,KSTN,9,,12,24,N/B,9037
2019-04-17,300,05:33:00,Wednesday,DDAN,9,,25,35,W/B,8756
2019-04-17,47,05:44:00,Wednesday,Queen and Lansdowne,1,Mechanical,4,9,N/B,1026
2019-04-17,953,05:46:00,Wednesday,Morningside and Nightstar,9,,13,26,W/B,9075
2019-04-17,83,05:52:00,Wednesday,LakeShore Garage,9,,13,25,NB,9230
2019-04-17,165,05:53:00,Wednesday,FWES,9,,11,23,N/B,
2019-04-17,41,05:57:00,Wednesday,PVST,9,,8,19,S/B,9103
2019-04-17,53,06:00:00,Wednesday,FSTN to MOFI,8,General Delay,15,26,,
2019-04-17,68,06:00:00,Wednesday,Eglinton yard,9,,1,1,E/B,8894
2019-04-17,36,06:00:00,Wednesday,HWLP,9,,4,9,E/B,9115
2019-04-17,954,06:05:00,Wednesday,Starspray Loop,9,,11,11,W/B,8796
2019-04-17,113,06:06:00,Wednesday,Auguste and dnaforth,5,Investigation,10,20,W/B,8959
2019-04-17,36,06:10:00,Wednesday,FSTN,9,,5,6,W/B,9135
2019-04-17,85,06:11:00,Wednesday,DONS,1,Mechanical,11,29,E/B,3426
2019-04-17,24,06:14:00,Wednesday,victoria park station,9,,5,10,W/B,8403
2019-04-17,32,06:17:00,Wednesday,PINE,9,,7,15,E/B,1359
2019-04-17,41,06:18:00,Wednesday,Keele stn,1,Mechanical,12,24,N/B,9036
2019-04-17,902,06:20:00,Wednesday,Warden Station,9,,10,20,EB,8513
2019-04-17,51,06:22:00,Wednesday,ESTN,9,,17,1,E/B,1213
2019-04-17,106,06:23:00,Wednesday,Pioneer Village,9,,8,16,S/B,8160
2019-04-17,89,06:24:00,Wednesday,Keele stn,1,Mechanical,6,12,N/B,1062
2019-04-17,902,06:30:00,Wednesday,Warden Station,9,,10,20,EB,8524
2019-04-17,36,06:30:00,Wednesday,FWSN,9,,8,17,W/B,1207
2019-04-17,88,06:30:00,Wednesday,THORNCLIFFE PK. AT OVERLEA BLVD,9,,11,11,W/B,8167
2019-04-17,945,06:35:00,Wednesday,Kipling and Steeles,9,,6,12,S/B,7918
2019-04-17,36,06:39:00,Wednesday,Islington,1,Mechanical,5,9,W/B,9110
2019-04-17,902,06:40:00,Wednesday,Warden Station,9,,10,20,EB,8586
2019-04-17,954,06:44:00,Wednesday,Starspray Loop,9,,9,18,W/B,8922
2019-04-17,960,06:52:00,Wednesday,PVST,9,,10,20,E/B,3336
2019-04-17,85,06:53:00,Wednesday,DONS,1,Mechanical,16,32,W/B,3464
2019-04-17,123,06:54:00,Wednesday,Browns Line/Evans,1,Mechanical,17,34,N/B,8086
2019-04-17,935,07:00:00,Wednesday,Entire 935 Jane Express Route Both Ways,8,General Delay,15,25,B/W,
2019-04-17,130,07:00:00,Wednesday,McCowan Under the SRT Bridge,3,Diversion,300,315,S/B,1327
2019-04-17,35,07:00:00,Wednesday,Entire 35 Jane Route Both Ways,8,General Delay,14,23,B/W,
2019-04-17,939,07:00:00,Wednesday,McCowan under the SRT Bridge,3,Diversion,,,S/B,1567
2019-04-17,132,07:00:00,Wednesday,McCowan under SRT Bridge,3,Diversion,300,315,S/B,1401
2019-04-17,14,07:01:00,Wednesday,Davisville stn,1,Mechanical,16,32,E/B,1020
2019-04-17,111,07:04:00,Wednesday,East Mall/Rathburn,1,Mechanical,12,24,N/B,8064
2019-04-17,96,07:07:00,Wednesday,YKMS,9,,9,18,W/B,3230
2019-04-17,116,07:27:00,Wednesday,Kennedy STN,1,Mechanical,6,13,E/B,8694
2019-04-17,602,07:28:00,Wednesday,KPSN,4,Utilized Off Route,1,1,S/B,8082
2019-04-17,123,07:28:00,Wednesday,Browns Line and Evans,4,Utilized Off Route,17,34,N/B,8071
2019-04-17,602,07:29:00,Wednesday,Islington Station,4,Utilized Off Route,1,1,S/B,7971
2019-04-17,719,07:30:00,Wednesday,MDGA,4,Utilized Off Route,1,1,E/B,1012
2019-04-17,108,07:30:00,Wednesday,PVST,5,Investigation,6,12,W/B,1298
2019-04-17,609,07:31:00,Wednesday,KSTN,4,Utilized Off Route,1,1,N/B,1053
2019-04-17,75,07:31:00,Wednesday,queen /lakeshore,4,Utilized Off Route,4,8,N/B,8353
2019-04-17,63,07:31:00,Wednesday,King and Shaw,4,Utilized Off Route,3,6,N/B,8387
2019-04-17,52,07:32:00,Wednesday,Breacrest and The Westway,4,Utilized Off Route,15,30,E/B,8317
2019-04-17,52,07:33:00,Wednesday,Lawrence West Stn,5,Investigation,15,30,E/B,8389
2019-04-17,54,07:35:00,Wednesday,Orton Park & Lawrence,1,Mechanical,1,1,W/B,8831
2019-04-17,119,07:40:00,Wednesday,WILS,1,Mechanical,20,40,W/B,1291
2019-04-17,144,07:42:00,Wednesday,NESS,9,,12,27,S/B,8723
2019-04-17,37,07:43:00,Wednesday,Islington at Lemsford,5,Investigation,22,44,N/B,7928
2019-04-17,985,07:45:00,Wednesday,DONS to SLP,8,General Delay,17,27,B/W,
2019-04-17,44,07:54:00,Wednesday,Kipling and Evans,1,Mechanical,5,10,N/B,8415
2019-04-17,937,07:55:00,Wednesday,Steeles Loop,4,Utilized Off Route,10,20,S/B,7942
2019-04-17,95,07:56:00,Wednesday,ELRT,9,,4,11,W/B,3467
2019-04-17,989,07:58:00,Wednesday,Weston and Bradstock,5,Investigation,12,24,N/B,1044
2019-04-17,75,08:00:00,Wednesday,queen quay / maple,8,General Delay,4,8,B/W,
2019-04-17,143,08:00:00,Wednesday,Downtown Express Route,8,General Delay,10,1,B/W,
2019-04-17,902,08:00:00,Wednesday,Markham Road Express Route,8,General Delay,10,20,BW,0
2019-04-17,36,08:06:00,Wednesday,Jane,1,Mechanical,9,17,W/B,9121
2019-04-17,168,08:06:00,Wednesday,Avon loop,1,Mechanical,5,10,N/B,1149
2019-04-17,32,08:11:00,Wednesday,Black Creek on Trethewey,1,Mechanical,7,14,E/B,1107
2019-04-17,95,08:13:00,Wednesday,Birchmount on Ellesmere,1,Mechanical,1,1,W/B,3443
2019-04-17,939,08:15:00,Wednesday,Maxome and Finch,5,Investigation,8,16,W/B,1400
2019-04-17,927,08:16:00,Wednesday,Royal Crest,1,Mechanical,6,13,W/B,3304
2019-04-17,90,08:21:00,Wednesday,st clair wstn,1,Mechanical,4,8,N/B,8140
2019-04-17,986,08:29:00,Wednesday,Eglinton at Mason,1,Mechanical,5,10,E/B,8905
2019-04-17,82,08:30:00,Wednesday,rosedale stn / summerhill,8,General Delay,4,8,B/W,
2019-04-17,24,08:30:00,Wednesday,Eglintion / Victoria park,8,General Delay,7,14,W/B,
2019-04-17,989,08:34:00,Wednesday,Keele Stn,1,Mechanical,12,24,N/B,1010
2019-04-17,68,08:39:00,Wednesday,Warden & Eglinton,8,General Delay,12,18,S/B,8822
2019-04-17,90,08:40:00,Wednesday,st clair wstn / oakwood,8,General Delay,4,8,B/W,
2019-04-17,41,09:00:00,Wednesday,Entire Route,8,General Delay,20,40,B/W,
2019-04-17,505,09:00:00,Wednesday,Spadina and Dundas,8,General Delay,0,0,B/W,
2019-04-17,85,09:30:00,Wednesday,Alanford and Birchmount,3,Diversion,154,28,bw,
2019-04-17,985,09:30:00,Wednesday,Allenford and Sheppard,3,Diversion,153,164,B/W,9083
2019-04-17,49,09:31:00,Wednesday,Bloor and Renforth,3,Diversion,88,100,W/B,8033
2019-04-17,29,09:50:00,Wednesday,DLAW,9,,7,15,N/B,9021
2019-04-17,168,10:00:00,Wednesday,Symington route,8,General Delay,15,20,B/W,
2019-04-17,44,10:13:00,Wednesday,Kipling Stn.,1,Mechanical,7,14,S/B,8031
2019-04-17,85,10:19:00,Wednesday,SLP,1,Mechanical,7,21,W/B,3466
2019-04-17,34,11:00:00,Wednesday,Eglinton Ave,8,General Delay,16,24,B/W,
2019-04-17,89,11:04:00,Wednesday,Keele stn,1,Mechanical,10,20,N/B,1082
2019-04-17,92,11:23:00,Wednesday,Corley Ave,5,Investigation,12,24,N/B,8943
2019-04-17,505,11:24:00,Wednesday,Broadview Station,1,Mechanical,4,8,W/B,8404
2019-04-17,68,11:38:00,Wednesday,Warden Station,1,Mechanical,1,1,N/B,8899
2019-04-17,95,11:50:00,Wednesday,York Mills and Sandover,1,Mechanical,10,20,E/B,1769
2019-04-17,83,12:00:00,Wednesday,LSGA,3,Diversion,480,458,N/B,
2019-04-17,122,12:00:00,Wednesday,Duncan Mill and Lesmill,8,General Delay,120,1,B/W,
2019-04-17,29,12:15:00,Wednesday,Dufferin & St Clair,5,Investigation,8,15,N/B,9052
2019-04-17,63,12:16:00,Wednesday,Ossington Stn,1,Mechanical,8,16,N/B,8372
2019-04-17,54,12:18:00,Wednesday,Lawrence & McCowan,1,Mechanical,12,24,E/B,8929
2019-04-17,89,12:45:00,Wednesday,Weston / Rogers,3,Diversion,45,55,N/B,1305
2019-04-17,17,13:00:00,Wednesday,Birchmount Route,8,General Delay,15,1,B/W,
2019-04-17,29,13:01:00,Wednesday,PRGT,1,Mechanical,8,15,N/B,9147
2019-04-17,52,13:12:00,Wednesday,Weston and Lawrence,5,Investigation,14,28,W/B,8317
2019-04-17,112,13:17:00,Wednesday,Kipling stn.,1,Mechanical,20,40,N/B,7946
2019-04-17,56,13:25:00,Wednesday,ESTN,1,Mechanical,1,1,W/B,1340
2019-04-17,72,13:44:00,Wednesday,Pape Station,5,Investigation,16,32,SB,8551
2019-04-17,165,13:51:00,Wednesday,Lady York Avenue,5,Investigation,0,0,E/B,3164
2019-04-17,72,13:52:00,Wednesday,Pape Station,5,Investigation,16,32,SB,8941
2019-04-17,80,14:00:00,Wednesday,Keele Station to Sherway Gardens,8,General Delay,15,39,B/W,
2019-04-17,15,14:00:00,Wednesday,Sherway Gardens to Mill Road Loop,8,General Delay,15,24,B/W,
2019-04-17,96,14:00:00,Wednesday,Route 96,8,General Delay,20,31,B/W,
2019-04-17,186,14:00:00,Wednesday,Route 186,8,General Delay,10,21,B/W,
2019-04-17,165,14:00:00,Wednesday,Route 165,8,General Delay,17,25,B/W,
2019-04-17,92,14:00:00,Wednesday,Woodbine South Route,8,General Delay,10,1,B/W,
2019-04-17,37,14:00:00,Wednesday,Islington Station to Steeles and Humberwood Loop,8,General Delay,15,34,B/W,
2019-04-17,6,14:00:00,Wednesday,Entire Route,8,General Delay,15,25,B/W,
2019-04-17,50,14:00:00,Wednesday,Islington Station to Mill Road Loop,8,General Delay,15,31,B/W,
2019-04-17,927,14:05:00,Wednesday,KPSN,9,,6,11,W/B,3354
2019-04-17,95,14:27:00,Wednesday,Sheppard and McCowan,1,Mechanical,1,1,W/B,3427
2019-04-17,89,14:28:00,Wednesday,MDGA,1,Mechanical,1,1,N/B,1113
2019-04-17,995,14:28:00,Wednesday,YKMS,9,,10,20,E/B,1779
2019-04-17,927,14:30:00,Wednesday,Royalcrest and Martingrove,9,,6,11,NB,3152
2019-04-17,47,14:30:00,Wednesday,Entire 47B and 47B route,8,General Delay,20,35,B/W,
2019-04-17,40,14:30:00,Wednesday,Dundas West Station,5,Investigation,10,20,N/B,7951
2019-04-17,69,14:34:00,Wednesday,Warden Station,1,Mechanical,13,24,N/B,3106
2019-04-17,60,14:37:00,Wednesday,Steeles Avenue W. at Norfinch,3,Diversion,48,57,E/B,3333
2019-04-17,131,14:37:00,Wednesday,Morningside,9,,2,14,N/B,1385
2019-04-17,924,14:42:00,Wednesday,Victoria Park and Steeles,9,,9,18,S/B,9222
2019-04-17,116,14:44:00,Wednesday,Eglinton & Bellamy,1,Mechanical,9,12,N/B,8671
2019-04-17,39,14:53:00,Wednesday,Gordan Baker and Finch,9,,14,28,B/W,1579
2019-04-17,941,14:54:00,Wednesday,Finch W stn,1,Mechanical,14,28,S/B,1137
2019-04-17,102,15:00:00,Wednesday,Sheppard to Steeles.,8,General Delay,20,1,W/B,
2019-04-17,118,15:00:00,Wednesday,Route 118,8,General Delay,16,41,B/W,
2019-04-17,36,15:00:00,Wednesday,Finch West Station,9,,10,10,WB,3369
2019-04-17,84,15:00:00,Wednesday,Norfinch at Steeles Avenue W.,3,Diversion,25,52,W/B,3198
2019-04-17,75,15:00:00,Wednesday,jarvis and queens quay,8,General Delay,6,12,B/W,
2019-04-17,952,15:00:00,Wednesday,Whole rotue,8,General Delay,40,52,B/W,
2019-04-17,60,15:00:00,Wednesday,Pioneer Village Station,1,Mechanical,10,20,E/B,3148
2019-04-17,52,15:00:00,Wednesday,Whole route,8,General Delay,50,60,B/W,
2019-04-17,15,15:05:00,Wednesday,Bishop Allen School,5,Investigation,10,20,N/B,8416
2019-04-17,109,15:07:00,Wednesday,EWST,9,,22,44,N/B,
2019-04-17,130,15:07:00,Wednesday,MDSL,1,Mechanical,14,28,E/B,1327
2019-04-17,131,15:10:00,Wednesday,Morningside,9,,4,14,N/B,3418
2019-04-17,85,15:13:00,Wednesday,Meadowvale Loop,1,Mechanical,13,26,W/B,3471
2019-04-17,186,15:15:00,Wednesday,Weston & Walsh,1,Mechanical,11,22,W/B,3142
2019-04-17,42,15:16:00,Wednesday,FSTN,1,Mechanical,13,26,E/B,8373
2019-04-17,95,15:18:00,Wednesday,KNRD,9,,11,21,N/B,
2019-04-17,985,15:22:00,Wednesday,DONS,9,,9,18,E/B,9088
2019-04-17,95,15:33:00,Wednesday,YKMS,1,Mechanical,1,1,E/B,1414
2019-04-17,31,15:35:00,Wednesday,GSTN,1,Mechanical,10,20,S/B,8487
2019-04-17,113,15:43:00,Wednesday,Kennedy and St. Clair,1,Mechanical,11,20,N/B,8522
2019-04-17,14,15:49:00,Wednesday,Roselawn / Bathurst,1,Mechanical,15,30,W/B,1075
2019-04-17,63,15:50:00,Wednesday,Ossington Station,1,Mechanical,9,18,N/B,1201
2019-04-17,945,16:00:00,Wednesday,Kipling and Albion,8,General Delay,10,18,B/W,
2019-04-17,11,16:00:00,Wednesday,Davisville stn to Steeles Loop,8,General Delay,35,49,B/W,
2019-04-17,45,16:00:00,Wednesday,Kipling and Albion,8,General Delay,15,29,B/W,
2019-04-17,46,16:00:00,Wednesday,Entire Route,8,General Delay,30,41,BW,3251
2019-04-17,46,16:00:00,Wednesday,Kipling and Bywood Drive,5,Investigation,11,22,SB,3201
2019-04-17,989,16:00:00,Wednesday,Entire Route,8,General Delay,15,30,BW,
2019-04-17,30,16:00:00,Wednesday,KPSN to High park station,8,General Delay,21,42,B/W,
2019-04-17,44,16:00:00,Wednesday,Kipling station to CS Loop,8,General Delay,10,15,B/W,
2019-04-17,63,16:00:00,Wednesday,Atlantic/ King to Eglinton W Station,8,General Delay,15,25,B/W,
2019-04-17,14,16:00:00,Wednesday,Entrie Route,8,General Delay,23,46,BW,
2019-04-17,61,16:00:00,Wednesday,Eglinton Stn to Bombay Loop,8,General Delay,15,29,B/W,
2019-04-17,24,16:01:00,Wednesday,Victoria Park and Eglinton,8,General Delay,20,,B/W,
2019-04-17,63,16:20:00,Wednesday,Oakwood Loop,1,Mechanical,8,16,S/B,8315
2019-04-17,143,16:30:00,Wednesday,Adelaide from Spadina to Coxwell,8,General Delay,50,75,B/W,
2019-04-17,51,16:30:00,Wednesday,Eglinton Stn to Freshmedows at Don Mills,8,General Delay,24,41,B/W,
2019-04-17,142,16:30:00,Wednesday,Richmond and Simcoe Streets,8,General Delay,30,50,B/W,
2019-04-17,706,16:30:00,Wednesday,Eglinton and Birchmount,5,Investigation,1,1,S/B,8495
2019-04-17,10,16:40:00,Wednesday,Don Mills stn to Brian Dr/ Van Horne,8,General Delay,5,15,B/W,
2019-04-17,6,16:45:00,Wednesday,SHQQ,4,Utilized Off Route,13,26,N/B,1043
2019-04-17,905,16:48:00,Wednesday,U of T Loop,1,Mechanical,10,20,S/B,8857
2019-04-17,32,17:00:00,Wednesday,Eglinton / Miranda,4,Utilized Off Route,8,16,E/B,1001
2019-04-17,65,17:00:00,Wednesday,Parliament from CAST to BKFR,8,General Delay,25,36,B/W,
2019-04-17,100,17:00:00,Wednesday,BSTN to DMWF,8,General Delay,20,26,B/W,8621
2019-04-17,12,17:01:00,Wednesday,Kingston Route,8,General Delay,15,0,B/W,
2019-04-17,63,17:02:00,Wednesday,Oakwood Loop,1,Mechanical,8,16,S/B,8158
2019-04-17,986,17:03:00,Wednesday,Meadowvale Loop,5,Investigation,10,20,S/B,8790
2019-04-17,65,17:03:00,Wednesday,BKFR,4,Utilized Off Route,11,22,N/B,8542
2019-04-17,85,17:09:00,Wednesday,Don Mills Station,1,Mechanical,1,1,E/B,3437
2019-04-17,10,17:29:00,Wednesday,Brian Dr / Margaret Ave,1,Mechanical,10,20,N/B,1290
2019-04-17,165,17:43:00,Wednesday,Weston & Lanyard,5,Investigation,8,16,N/B,3149
2019-04-17,186,17:45:00,Wednesday,Wilson & Avenue,1,Mechanical,8,16,W/B,1245
2019-04-17,945,17:54:00,Wednesday,Finch and kipling,1,Mechanical,8,16,S/B,7978
2019-04-17,32,17:57:00,Wednesday,Keele and Eglinton,9,,9,18,E/B,1281
2019-04-17,32,18:17:00,Wednesday,Jane and Eglinton,1,Mechanical,1,20,E/B,1359
2019-04-17,984,18:35:00,Wednesday,Sheppard yonge Stn,5,Investigation,6,12,W/B,3274
2019-04-17,925,19:01:00,Wednesday,Don Mills & Cliffwood,1,Mechanical,8,16,S/B,8755
2019-04-17,32,19:29:00,Wednesday,Eglinton Station,1,Mechanical,1,20,WB,1258
2019-04-17,36,19:39:00,Wednesday,Finch and Sentinel,1,Mechanical,8,16,WB,9120
2019-04-17,939,20:00:00,Wednesday,Don Mills and Finch,1,Mechanical,12,24,B/W,3472
2019-04-17,900,20:07:00,Wednesday,Terminal 1,1,Mechanical,10,20,S/B,8005
2019-04-17,34,20:11:00,Wednesday,KENN,6,Emergency Services,6,12,W/B,8624
2019-04-17,64,21:33:00,Wednesday,Queen and Wineva,5,Investigation,20,40,W/B,8478
2019-04-17,87,21:45:00,Wednesday,MSTN,4,Utilized Off Route,10,20,W/B,3107
2019-04-17,7,22:27:00,Wednesday,Bathurst and Fairlawn,6,Emergency Services,8,16,N/B,8184
2019-04-17,168,22:45:00,Wednesday,Entire Route,8,General Delay,20,30,B/W,
2019-04-17,6,23:00:00,Wednesday,Entire route,8,General Delay,20,40,B/W,
2019-04-17,24,23:01:00,Wednesday,Victoria Park and Ellesmere,5,Investigation,9,18,S/B,8556
2019-04-17,123,23:10:00,Wednesday,Long branch loop,1,Mechanical,10,20,N/B,8611
2019-04-17,94,23:24:00,Wednesday,OSTN,1,Mechanical,9,18,E/B,1031
2019-04-17,54,23:27:00,Wednesday,LAW RT,1,Mechanical,20,41,W/B,8861
2019-04-17,165,23:32:00,Wednesday,Old Weston & Steeles,5,Investigation,10,20,S/B,3318
2019-04-18,32,00:05:00,Thursday,Eglinton west stn,1,Mechanical,10,20,E/B,1273
2019-04-18,33,00:20:00,Thursday,SC. West Station,4,Utilized Off Route,20,40,N/B,8347
2019-04-18,511,00:56:00,Thursday,Bath Stn,1,Mechanical,5,10,S/B,1017
2019-04-18,29,01:00:00,Thursday,Dufferin / Wilson,5,Investigation,10,20,S/B,9047
2019-04-18,53,02:00:00,Thursday,Passmore Ave and Markham Rd,1,Mechanical,14,32,W/B,1713
2019-04-18,320,03:33:00,Thursday,Wellesley,5,Investigation,3,6,N/B,1228
2019-04-18,39,04:30:00,Thursday,39 Finch Route-All Branch,8,General Delay,10,14,B/W,1631
2019-04-18,939,04:30:00,Thursday,939 Finch Express-All Branch,8,General Delay,10,18,B/W,3460
2019-04-18,68,04:48:00,Thursday,Warden and Danforth,9,,6,1,N/B,8814
2019-04-18,91,05:00:00,Thursday,Eglinton and Bermondsey,3,Diversion,999,999,B/W,
2019-04-18,17,05:17:00,Thursday,Mountcastle Gate and Steeles,8,General Delay,7,14,N/B,
2019-04-18,50,05:22:00,Thursday,Mill road loop,9,,1,1,S/B,8020
2019-04-18,104,05:44:00,Thursday,Sheppard W Station,9,,11,22,E/B,8377
2019-04-18,924,05:48:00,Thursday,victoria park and steels,9,,10,20,S/B,8503
2019-04-18,92,05:48:00,Thursday,WOOD,9,,15,30,S/B,8946
2019-04-18,12,05:49:00,Thursday,barkdene hills,9,,12,24,S/B,8407
2019-04-18,52,05:50:00,Thursday,Caledonia/Lawrence,1,Mechanical,15,37,E/B,8367
2019-04-18,939,05:51:00,Thursday,McCowan and Sheppard,9,,8,15,W/B,1727
2019-04-18,989,05:52:00,Thursday,Signet and Steeles,1,Mechanical,12,24,S/B,1536
2019-04-18,127,05:53:00,Thursday,Spadina Stn,1,Mechanical,17,34,W/B,1095
2019-04-18,132,05:55:00,Thursday,Sewells and Brenyon Way,9,,14,28,W/B,1568
2019-04-18,939,05:57:00,Thursday,STC SRT,9,,8,16,W/B,3460
2019-04-18,96,06:00:00,Thursday,Wilson Station,1,Mechanical,5,15,E/B,1240
2019-04-18,81,06:06:00,Thursday,Pape Station,9,,13,23,NB,8473
2019-04-18,53,06:07:00,Thursday,Passmore and Markham Rd,9,,5,10,W/B,1679
2019-04-18,52,06:10:00,Thursday,BWEY,9,,20,36,E/B,8170
2019-04-18,122,06:15:00,Thursday,YKMS,9,,9,9,E/B,1279
2019-04-18,53,06:17:00,Thursday,Steeles and Don Mills,1,Mechanical,6,11,B/W,1607
2019-04-18,72,06:19:00,Thursday,Pape Station,9,,15,30,SB,8590
2019-04-18,43,06:20:00,Thursday,STC,9,,10,20,S/B,8705
2019-04-18,39,06:23:00,Thursday,Old Finch and Morningview Trl,9,,15,30,W/B,1631
2019-04-18,45,06:25:00,Thursday,Kipling And Steeles,9,,6,12,S/B,7962
2019-04-18,505,06:28:00,Thursday,Dundas West Stn,9,,4,9,E/B,8389
2019-04-18,84,06:30:00,Thursday,Shepperd stn,9,,10,20,W/B,3304
2019-04-18,995,06:33:00,Thursday,SCLP,9,,10,20,B/W,1402
2019-04-18,36,06:36:00,Thursday,Finch and Albion,5,Investigation,5,10,E/B,3294
2019-04-18,36,06:39:00,Thursday,Finch and Albion,3,Diversion,5,12,E/B,
2019-04-18,37,06:41:00,Thursday,ISTN,1,Mechanical,22,44,N/B,7951
2019-04-18,34,06:41:00,Thursday,KENN,9,,4,9,E/B,8815
2019-04-18,63,06:46:00,Thursday,Eglinton Stn,9,,3,6,,8154
2019-04-18,85,06:53:00,Thursday,DONS,1,Mechanical,16,32,E/B,3448
2019-04-18,939,07:00:00,Thursday,McCowan under SRT Bridge,3,Diversion,1,1,S/B,1735
2019-04-18,132,07:00:00,Thursday,McCowan under SRT Bridge,3,Diversion,300,315,S/B,1534
2019-04-18,130,07:00:00,Thursday,McCowan under SRT Bridge,3,Diversion,300,315,S/B,1589
2019-04-18,168,07:12:00,Thursday,Weston Rd at Rogers Rd,1,Mechanical,5,10,S/B,1142
2019-04-18,73,07:15:00,Thursday,FINCH AND ALBION,3,Diversion,60,47,W/B,
2019-04-18,6,07:28:00,Thursday,Davenport at Dupont,1,Mechanical,5,10,S/B,1625
2019-04-18,134,07:30:00,Thursday,STC to BDFI,8,General Delay,10,28,B/W,
2019-04-18,100,07:32:00,Thursday,Bater Ave and Broadview,5,Investigation,4,7,N/B,8670
2019-04-18,913,07:37:00,Thursday,CECO,1,Mechanical,6,9,W/B,1531
2019-04-18,716,07:47:00,Thursday,Victoria Park Station,4,Utilized Off Route,1,1,N/B,8950
2019-04-18,706,07:47:00,Thursday,Warden Station,4,Utilized Off Route,1,1,W/B,8578
2019-04-18,610,07:48:00,Thursday,ESTN,4,Utilized Off Route,1,1,,8910
2019-04-18,94,07:50:00,Thursday,Wellesley Route,8,General Delay,20,39,B/W,
2019-04-18,87,07:50:00,Thursday,Broadview Station,4,Utilized Off Route,5,10,E/B,8596
2019-04-18,26,07:50:00,Thursday,Dupont Route,8,General Delay,15,29,B/W,
2019-04-18,6,07:50:00,Thursday,Bay Route,8,General Delay,15,20,B/W,
2019-04-18,600,07:50:00,Thursday,Don Mills and Sheppard,4,Utilized Off Route,1,1,B/W,8305
2019-04-18,607,07:51:00,Thursday,Malvern Garage,4,Utilized Off Route,1,1,S/B,1795
2019-04-18,706,07:51:00,Thursday,Neville Loop,4,Utilized Off Route,1,1,N/B,8532
2019-04-18,710,07:51:00,Thursday,Warrden ave. and Eglinton ave east,4,Utilized Off Route,1,1,,8875
2019-04-18,610,07:51:00,Thursday,ESTN,4,Utilized Off Route,1,1,B/W,8862
2019-04-18,707,07:52:00,Thursday,STC SRT,4,Utilized Off Route,1,1,S/B,1791
2019-04-18,702,07:53:00,Thursday,ISTN,4,Utilized Off Route,1,1,N/B,8034
2019-04-18,63,07:53:00,Thursday,Oakwood loop,4,Utilized Off Route,8,14,S/B,8180
2019-04-18,87,07:54:00,Thursday,Main Station,4,Utilized Off Route,5,10,W/B,8427
2019-04-18,88,07:54:00,Thursday,Eglinton and Lairf,4,Utilized Off Route,5,11,S/B,8186
2019-04-18,600,07:54:00,Thursday,istn,4,Utilized Off Route,1,1,N/B,8613
2019-04-18,600,07:54:00,Thursday,kpsn,4,Utilized Off Route,1,1,N/B,8065
2019-04-18,72,07:55:00,Thursday,Pape Station,4,Utilized Off Route,8,16,S/B,8935
2019-04-18,945,07:55:00,Thursday,KPSN,4,Utilized Off Route,6,12,N/B,8059
2019-04-18,81,07:55:00,Thursday,Pape Station,4,Utilized Off Route,11,22,N/B,8562
2019-04-18,65,07:55:00,Thursday,Castlefrank Satation,3,Diversion,95,131,S/B,
2019-04-18,44,07:55:00,Thursday,KPSN,4,Utilized Off Route,5,10,S/B,7972
2019-04-18,100,07:55:00,Thursday,BSTN,4,Utilized Off Route,6,12,B/W,8756
2019-04-18,929,07:55:00,Thursday,PRGT,4,Utilized Off Route,9,17,N/B,9137
2019-04-18,7,07:56:00,Thursday,Bathlurst stn,4,Utilized Off Route,8,16,N/B,8128
2019-04-18,54,07:56:00,Thursday,ESTN,4,Utilized Off Route,12,18,W/B,8855
2019-04-18,94,07:56:00,Thursday,Castle Frank Station,4,Utilized Off Route,7,14,W/B,1059
2019-04-18,929,07:58:00,Thursday,PRGT,4,Utilized Off Route,8,17,N/B,9025
2019-04-18,925,07:58:00,Thursday,PSTN,4,Utilized Off Route,8,16,N/B,8672
2019-04-18,22,07:58:00,Thursday,Coxwell Station,4,Utilized Off Route,7,14,S/B,8456
2019-04-18,5,07:59:00,Thursday,St. Clair and Avenue,4,Utilized Off Route,13,26,S/B,8162
2019-04-18,90,07:59:00,Thursday,St Clair W stn,4,Utilized Off Route,4,8,N/B,8313
2019-04-18,94,07:59:00,Thursday,Castle Frank Station,4,Utilized Off Route,7,14,W/B,1064
2019-04-18,79,07:59:00,Thursday,RUST,4,Utilized Off Route,8,16,N/B,1054
2019-04-18,143,08:00:00,Thursday,Downtown Route express,8,General Delay,10,1,B/W,
2019-04-18,96,08:00:00,Thursday,York Mills Station,4,Utilized Off Route,18,37,W/B,3197
2019-04-18,25,08:00:00,Thursday,PSTN to DONS,8,General Delay,20,26,N/B,
2019-04-18,22,08:00:00,Thursday,Coxwell Station,4,Utilized Off Route,7,14,S/B,8566
2019-04-18,701,08:00:00,Thursday,Sheppard W Stn,4,Utilized Off Route,1,1,N/B,8315
2019-04-18,55,08:00:00,Thursday,VARS,4,Utilized Off Route,15,30,S/B,1083
2019-04-18,600,08:00:00,Thursday,FSTN,4,Utilized Off Route,1,1,W/B,3174
2019-04-18,6,08:00:00,Thursday,Davenport at Dupont,4,Utilized Off Route,10,20,S/B,1103
2019-04-18,924,08:00:00,Thursday,Victoria Park Station,4,Utilized Off Route,10,20,N,8503
2019-04-18,610,08:00:00,Thursday,PSTN,4,Utilized Off Route,1,1,N/B,8831
2019-04-18,600,08:00:00,Thursday,Wilson division,4,Utilized Off Route,1,1,S/B,8329
2019-04-18,925,08:00:00,Thursday,PSTN to FMDM,8,General Delay,20,30,N/B,
2019-04-18,64,08:00:00,Thursday,Main Route,8,General Delay,10,1,B/W,
2019-04-18,72,08:00:00,Thursday,Pape Route,8,General Delay,15,30,BW,0
2019-04-18,121,08:00:00,Thursday,Fort York Route,8,General Delay,20,1,S/B,
2019-04-18,24,08:00:00,Thursday,victoria park route,8,General Delay,20,1,S/B,
2019-04-18,92,08:00:00,Thursday,Woodbine South,8,General Delay,10,1,B/W,
2019-04-18,31,08:00:00,Thursday,Greenwood Route,8,General Delay,10,1,B/W,
2019-04-18,83,08:00:00,Thursday,Jones route,8,General Delay,10,1,B/W,
2019-04-18,937,08:01:00,Thursday,ISTN,4,Utilized Off Route,7,14,N/B,7953
2019-04-18,165,08:03:00,Thursday,York Mills Station,4,Utilized Off Route,6,11,W/B,3269
2019-04-18,160,08:03:00,Thursday,Wilson stn,1,Mechanical,20,40,N/B,8108
2019-04-18,52,08:03:00,Thursday,LSTA,4,Utilized Off Route,8,23,W/B,8182
2019-04-18,35,08:04:00,Thursday,jane stn,4,Utilized Off Route,5,10,N/B,3169
2019-04-18,52,08:05:00,Thursday,Lawrence West Stn,4,Utilized Off Route,10,17,W/B,8326
2019-04-18,900,08:05:00,Thursday,KPSN,4,Utilized Off Route,9,18,E/B,8005
2019-04-18,945,08:05:00,Thursday,kpsn,4,Utilized Off Route,6,12,N/B,7965
2019-04-18,54,08:06:00,Thursday,ESTN,4,Utilized Off Route,9,18,E/B,8809
2019-04-18,60,08:06:00,Thursday,FSTN,4,Utilized Off Route,7,14,W/B,1238
2019-04-18,600,08:07:00,Thursday,FSTN,4,Utilized Off Route,1,1,W/B,3290
2019-04-18,86,08:07:00,Thursday,Kingston and Eglinton,4,Utilized Off Route,18,36,E/B,8812
2019-04-18,986,08:07:00,Thursday,Kennedy STN,4,Utilized Off Route,5,10,E/B,8884
2019-04-18,23,08:08:00,Thursday,Main Station,4,Utilized Off Route,6,12,W/B,8514
2019-04-18,186,08:09:00,Thursday,York Mills Station,4,Utilized Off Route,10,19,W/B,3320
2019-04-18,98,08:09:00,Thursday,Yonge and Eglinton,4,Utilized Off Route,30,60,S/B,8204
2019-04-18,34,08:10:00,Thursday,KENN,4,Utilized Off Route,4,8,B/W,8623
2019-04-18,937,08:10:00,Thursday,ISTN,4,Utilized Off Route,7,14,N/B,8422
2019-04-18,61,08:10:00,Thursday,Eglinton Station,1,Mechanical,10,20,N/B,8175
2019-04-18,719,08:10:00,Thursday,ESTN,4,Utilized Off Route,1,1,W/B,1261
2019-04-18,39,08:10:00,Thursday,Sewells Rd-Littls Rd,4,Utilized Off Route,15,30,S/B,1799
2019-04-18,102,08:10:00,Thursday,warden station,6,Emergency Services,10,20,N/B,8513
2019-04-18,165,08:11:00,Thursday,York Mills Station,4,Utilized Off Route,6,11,W/B,3272
2019-04-18,41,08:11:00,Thursday,Pioneer Stn,4,Utilized Off Route,9,18,S/B,9144
2019-04-18,63,08:11:00,Thursday,Oakwood Loop,4,Utilized Off Route,6,9,S/B,8335
2019-04-18,79,08:12:00,Thursday,Scarlett & Lawrence,4,Utilized Off Route,8,16,N/B,1127
2019-04-18,32,08:12:00,Thursday,KEEG,4,Utilized Off Route,7,14,E/B,1606
2019-04-18,53,08:12:00,Thursday,FSTN,4,Utilized Off Route,5,10,E/B,1688
2019-04-18,7,08:14:00,Thursday,Bathurst stn,4,Utilized Off Route,8,16,N/B,1302
2019-04-18,925,08:14:00,Thursday,PSTN,4,Utilized Off Route,8,16,N/B,8669
2019-04-18,32,08:15:00,Thursday,KEEG,4,Utilized Off Route,7,14,W/B,1058
2019-04-18,989,08:15:00,Thursday,Keele stn,4,Utilized Off Route,12,24,N/B,1000
2019-04-18,60,08:15:00,Thursday,Bathurst Street,5,Investigation,7,14,W/B,3335
2019-04-18,609,08:15:00,Thursday,Finch W stn,4,Utilized Off Route,1,1,B/W,1074
2019-04-18,84,08:15:00,Thursday,Sheppard station,4,Utilized Off Route,5,10,W/B,3328
2019-04-18,34,08:16:00,Thursday,ESTN,4,Utilized Off Route,12,24,B/W,8726
2019-04-18,704,08:16:00,Thursday,York Mills Station,4,Utilized Off Route,1,1,W/B,3276
2019-04-18,995,08:16:00,Thursday,YKMS,4,Utilized Off Route,11,22,E/B,1567
2019-04-18,95,08:17:00,Thursday,YKMS,4,Utilized Off Route,4,8,E/B,1580
2019-04-18,25,08:20:00,Thursday,PSTN,4,Utilized Off Route,5,10,N/B,8649
2019-04-18,606,08:20:00,Thursday,Birchmount Garage,4,Utilized Off Route,1,1,W/B,8947
2019-04-18,84,08:22:00,Thursday,Shepperd stn,4,Utilized Off Route,5,10,W/B,1303
2019-04-18,53,08:23:00,Thursday,FSTN,4,Utilized Off Route,5,10,E/B,1683
2019-04-18,25,08:24:00,Thursday,PSTN,4,Utilized Off Route,6,12,N/B,8640
2019-04-18,607,08:25:00,Thursday,Don Mills and Sheppard,4,Utilized Off Route,1,1,S/B,3440
2019-04-18,32,08:32:00,Thursday,Widdicombe on Eglinton,1,Mechanical,7,14,E/B,1305
2019-04-18,134,08:33:00,Thursday,BDFI,1,Mechanical,18,36,S/B,9099
2019-04-18,600,08:36:00,Thursday,York Mills Station,4,Utilized Off Route,1,1,W/B,3305
2019-04-18,36,08:45:00,Thursday,FARR,3,Diversion,4,8,E/B,
2019-04-18,95,08:50:00,Thursday,YKMS,4,Utilized Off Route,6,10,E/B,1667
2019-04-18,63,08:50:00,Thursday,Ossington Stn,4,Utilized Off Route,3,10,N/B,8154
2019-04-18,85,08:53:00,Thursday,Don Mills station,4,Utilized Off Route,14,29,W/B,3474
2019-04-18,134,08:55:00,Thursday,BDFI,1,Mechanical,18,36,S/B,1666
2019-04-18,64,08:58:00,Thursday,QUWI,4,Utilized Off Route,7,14,N/B,8477
2019-04-18,37,09:05:00,Thursday,ISTN,1,Mechanical,13,26,N/B,7947
2019-04-18,169,09:15:00,Thursday,Donmills Stn,1,Mechanical,15,32,,8114
2019-04-18,953,09:15:00,Thursday,Finch and Midland,5,Investigation,1,1,E/B,1577
2019-04-18,186,09:21:00,Thursday,Martin Grove and John Garland,1,Mechanical,9,18,E/B,3142
2019-04-18,75,09:30:00,Thursday,Lower Jarvis,8,General Delay,45,50,S/B,
2019-04-18,65,09:30:00,Thursday,Parliament Route,8,General Delay,15,1,B/W,
2019-04-18,132,09:38:00,Thursday,Cinematic Drive,1,Mechanical,24,39,W/B,1568
2019-04-18,939,09:46:00,Thursday,STC,4,Utilized Off Route,4,9,N/B,1759
2019-04-18,75,09:51:00,Thursday,Bloor/Sherbourne,1,Mechanical,5,9,S/B,8190
2019-04-18,7,10:00:00,Thursday,Greenwinn Village,1,Mechanical,8,16,S/B,1241
2019-04-18,75,10:06:00,Thursday,Bloor /Sherbourne,4,Utilized Off Route,5,9,S/B,1296
2019-04-18,7,10:13:00,Thursday,Bathurst/Wilson,1,Mechanical,8,16,N/B,1315
2019-04-18,15,10:42:00,Thursday,Evans Ave & Browns Line,1,Mechanical,22,44,E/B,8015
2019-04-18,902,10:45:00,Thursday,Warden Station,1,Mechanical,15,30,EB,8463
2019-04-18,34,11:00:00,Thursday,Both ways on Eglinton,8,General Delay,16,24,B/W,
2019-04-18,72,11:00:00,Thursday,Warden Ave,8,General Delay,28,38,B/W,
2019-04-18,168,11:05:00,Thursday,Old Weston Rd at St Clair,1,Mechanical,10,20,S/B,1142
2019-04-18,68,11:06:00,Thursday,Warden and Huntingwood,5,Investigation,10,20,N/B,8850
2019-04-18,7,11:12:00,Thursday,Greenwin Village,1,Mechanical,8,16,S/B,8382
2019-04-18,995,11:13:00,Thursday,Ellesmere and Markham,1,Mechanical,15,30,W/B,3409
2019-04-18,929,11:18:00,Thursday,WILS,1,Mechanical,10,20,S/B,9020
2019-04-18,133,11:22:00,Thursday,STC,1,Mechanical,11,22,N/B,3431
2019-04-18,609,11:30:00,Thursday,SHQQ,4,Utilized Off Route,1,1,E/B,1555
2019-04-18,719,11:30:00,Thursday,EWST,4,Utilized Off Route,1,1,E/B,1260
2019-04-18,24,11:36:00,Thursday,Victoria park / Steeles,5,Investigation,10,20,N/B,9216
2019-04-18,42,11:36:00,Thursday,Sheppard to Don Mills Stn,4,Utilized Off Route,16,32,S/B,8148
2019-04-18,29,11:46:00,Thursday,PRGT,1,Mechanical,8,15,N/B,9045
2019-04-18,24,11:52:00,Thursday,victoria park and consumers,5,Investigation,30,60,S/B,9234
2019-04-18,85,11:59:00,Thursday,DONS,1,Mechanical,28,56,W/B,3534
2019-04-18,944,12:00:00,Thursday,Entire Route,8,General Delay,8,20,B/W,
2019-04-18,45,12:00:00,Thursday,entire route,8,General Delay,10,30,B/W,
2019-04-18,70,12:00:00,Thursday,Eglinton/Vic Park,8,General Delay,15,33,N/B,
2019-04-18,35,12:00:00,Thursday,Haney,8,General Delay,15,20,B/W,
2019-04-18,44,12:00:00,Thursday,Entire route,8,General Delay,6,20,B/W,
2019-04-18,102,12:00:00,Thursday,Markham Route,8,General Delay,10,20,BW,0
2019-04-18,122,12:25:00,Thursday,ROYW,5,Investigation,17,30,S/B,8191
2019-04-18,83,12:35:00,Thursday,LSGA,3,Diversion,85,97,N/B,
2019-04-18,12,12:40:00,Thursday,victoria park station,1,Mechanical,22,44,N/B,8531
2019-04-18,32,12:45:00,Thursday,WEEG,1,Mechanical,11,22,W/B,1132
2019-04-18,165,12:46:00,Thursday,Finch and Weston,5,Investigation,10,20,N/B,3340
2019-04-18,52,12:49:00,Thursday,Lawrence and Bolingbroke Rd,5,Investigation,14,28,E/B,8324
2019-04-18,41,13:22:00,Thursday,Entire Route,8,General Delay,35,70,B/W,
2019-04-18,35,13:27:00,Thursday,Sheppered,5,Investigation,5,10,N/B,1316
2019-04-18,995,13:28:00,Thursday,Kennedy on Ellesmere,5,Investigation,15,30,W/B,3540
2019-04-18,127,13:38:00,Thursday,Entire Route,8,General Delay,30,60,B/W,
2019-04-18,12,13:46:00,Thursday,victoria park station,1,Mechanical,22,44,S/B,8499
2019-04-18,75,14:00:00,Thursday,jarvix and queens quay,8,General Delay,7,14,B/W,
2019-04-18,116,14:00:00,Thursday,Route 116,8,General Delay,16,23,B/W,
2019-04-18,9,14:00:00,Thursday,Bellamy Route,8,General Delay,15,1,B/W,
2019-04-18,16,14:00:00,Thursday,McCowan Route,8,General Delay,10,1,B/W,
2019-04-18,83,14:00:00,Thursday,Jones Route,8,General Delay,10,1,B/W,
2019-04-18,37,14:00:00,Thursday,Islington Station to Steeles and Humberwood Loop,8,General Delay,15,34,B/W,
2019-04-18,50,14:00:00,Thursday,Islington Station to Mill Road Loop,8,General Delay,15,31,B/W,
2019-04-18,110,14:00:00,Thursday,Islington Station to Lakeshore and Long Branch,8,General Delay,15,37,B/W,
2019-04-18,35,14:00:00,Thursday,Sheppered,5,Investigation,5,10,N/B,3307
2019-04-18,15,14:00:00,Thursday,Sherway Gardens to Mill Road Loop,8,General Delay,15,24,B/W,
2019-04-18,17,14:00:00,Thursday,Birchmount Route,8,General Delay,15,1,B/W,
2019-04-18,925,14:00:00,Thursday,PSTN,1,Mechanical,10,20,N/B,8742
2019-04-18,80,14:00:00,Thursday,Keele Station to Sherway Gardens,8,General Delay,15,39,B/W,
2019-04-18,168,14:30:00,Thursday,Dundas West Station - Avon Loop,8,General Delay,15,22,B/W,
2019-04-18,6,14:30:00,Thursday,Dupont/ Davenport - Sherbourne at Queens Quay,8,General Delay,31,42,B/W,
2019-04-18,84,14:34:00,Thursday,Pioneer Village Station,9,,27,,E/B,3299
2019-04-18,129,14:42:00,Thursday,STC,9,,17,34,N/B,1712
2019-04-18,927,14:45:00,Thursday,Belfield and Hwy 27,5,Investigation,6,12,,3285
2019-04-18,986,15:00:00,Thursday,Route 986,8,General Delay,7,17,B/W,
2019-04-18,47,15:00:00,Thursday,Queen Street at Lansdowne - Yorkdale Station,8,General Delay,30,45,B/W,
2019-04-18,89,15:00:00,Thursday,Entrie Route,8,General Delay,20,40,B/W,
2019-04-18,26,15:00:00,Thursday,Jane Station to St. George Station,8,General Delay,27,37,B/W,
2019-04-18,32,15:00:00,Thursday,Entire Route,8,General Delay,25,30,B/W,
2019-04-18,57,15:00:00,Thursday,Route 57,8,General Delay,10,18,B/W,
2019-04-18,29,15:00:00,Thursday,Duuuerin and Lawrence to 401,8,General Delay,15,22,N/B,
2019-04-18,129,15:00:00,Thursday,129 McCowan North,8,General Delay,15,1,N/B,
2019-04-18,86,15:00:00,Thursday,Route 86,8,General Delay,8,24,B/W,
2019-04-18,85,15:00:00,Thursday,85 Sheppard to Don Mills,8,General Delay,10,1,B/W,
2019-04-18,905,15:00:00,Thursday,Route 905,8,General Delay,7,16,B/W,
2019-04-18,929,15:00:00,Thursday,Dufferin and Lawrence to 401,8,General Delay,15,25,N/B,
2019-04-18,52,15:00:00,Thursday,Whole route,8,General Delay,38,48,B/W,
2019-04-18,94,15:00:00,Thursday,Castlefrank Station to Ossington Station,8,General Delay,20,30,B/W,
2019-04-18,24,15:02:00,Thursday,Donmills Station,5,Investigation,16,32,S/B,9216
2019-04-18,113,15:05:00,Thursday,Main Station,1,Mechanical,11,22,E/B,9210
2019-04-18,133,15:19:00,Thursday,STC,9,,8,16,N/B,1531
2019-04-18,63,15:23:00,Thursday,Canniffe and Strachan,1,Mechanical,4,8,N/B,8318
2019-04-18,39,15:27:00,Thursday,Finch Station,8,General Delay,14,28,B/W,1791
2019-04-18,62,15:29:00,Thursday,Mortimer and Woodbine,5,Investigation,16,32,E/B,8433
2019-04-18,161,15:30:00,Thursday,Entire Route,8,General Delay,25,50,B/W,1262
2019-04-18,61,15:33:00,Thursday,Wilson and Avenue,5,Investigation,13,26,N/B,8366
2019-04-18,79,15:35:00,Thursday,Lawrence and Jane,1,Mechanical,15,29,E/B,1562
2019-04-18,52,15:37:00,Thursday,Lawrence West Station,1,Mechanical,14,28,E/B,1370
2019-04-18,952,15:41:00,Thursday,Lawrence Station,9,,12,24,W/B,8117
2019-04-18,63,15:45:00,Thursday,Ossington Station,1,Mechanical,12,24,S/B,8346
2019-04-18,43,15:49:00,Thursday,KENN,1,Mechanical,9,17,N/B,8661
2019-04-18,54,15:58:00,Thursday,Carnforth on Lawrence Ave East,1,Mechanical,10,20,W/B,8904
2019-04-18,100,16:00:00,Thursday,BSTN - DMWF,8,General Delay,25,30,B/W,
2019-04-18,97,16:00:00,Thursday,Ykmls to Queens Quay,8,General Delay,25,55,B/W,
2019-04-18,95,16:00:00,Thursday,York mills station to Kingston loop.,8,General Delay,14,28,W/B,
2019-04-18,160,16:00:00,Thursday,wilson heights and wilson,8,General Delay,24,48,B/W,
2019-04-18,939,16:00:00,Thursday,Finch West Station,8,General Delay,14,28,B/W,1630
2019-04-18,87,16:00:00,Thursday,Main Station to Broadview station,8,General Delay,15,30,B/W,
2019-04-18,945,16:00:00,Thursday,Entire Route,8,General Delay,25,33,B/W,
2019-04-18,165,16:04:00,Thursday,YKMS,9,,8,16,W/B,3305
2019-04-18,24,16:20:00,Thursday,St.Clair ave to Finch Ave.,8,General Delay,20,40,B/W,
2019-04-18,935,16:25:00,Thursday,JNST,1,Mechanical,10,20,N/B,3157
2019-04-18,7,16:25:00,Thursday,Steeles and Village Gate,5,Investigation,8,15,S/B,1215
2019-04-18,61,16:30:00,Thursday,Eglinton Stn to Bombay Loop,8,General Delay,22,36,B/W,
2019-04-18,56,16:30:00,Thursday,Eglinton Stn to Donlands Stn,8,General Delay,26,44,B/W,
2019-04-18,51,16:30:00,Thursday,Eglinton Stn to Freshmeodowsat Don Mills,8,General Delay,23,41,23,
2019-04-18,142,16:30:00,Thursday,Bombay loop to Church/Richmond,8,General Delay,36,66,B/W,
2019-04-18,11,16:30:00,Thursday,Davisville Stn to Steeles loop,8,General Delay,17,30,B/W,
2019-04-18,52,16:31:00,Thursday,Lawrence Station,9,,21,42,W/B,8108
2019-04-18,600,16:43:00,Thursday,Pine and Lawrence,6,Emergency Services,1,1,E/B,1555
2019-04-18,88,16:45:00,Thursday,Brentcliff and Wicksteed,8,General Delay,15,27,B/W,
2019-04-18,95,16:47:00,Thursday,YKMS,1,Mechanical,10,20,E/B,1645
2019-04-18,29,16:50:00,Thursday,Dufferin and St. Clair,1,Mechanical,8,15,S/B,9101
2019-04-18,935,17:00:00,Thursday,All along Jane Street,8,General Delay,1,20,B/W,
2019-04-18,35,17:00:00,Thursday,All along Jane Street,8,General Delay,5,10,B/W,
2019-04-18,63,17:04:00,Thursday,OSTN,4,Utilized Off Route,9,18,N/B,8154
2019-04-18,117,17:08:00,Thursday,SWST,1,Mechanical,12,24,N/B,8114
2019-04-18,123,17:09:00,Thursday,Brown's Line and Evans,1,Mechanical,16,32,N/B,8097
2019-04-18,995,17:14:00,Thursday,Brimley,5,Investigation,11,22,W/B,3538
2019-04-18,63,17:30:00,Thursday,EWST,4,Utilized Off Route,8,16,S/B,8194
2019-04-18,12,17:30:00,Thursday,Midland and Kingston road,1,Mechanical,25,50,E/B,8455
2019-04-18,133,17:36:00,Thursday,Markham Road,1,Mechanical,7,14,E/B,3417
2019-04-18,29,17:36:00,Thursday,Princess Gates,1,Mechanical,7,15,N/B,9104
2019-04-18,11,17:37:00,Thursday,Steeles Loop,1,Mechanical,14,28,S/B,8378
2019-04-18,29,17:45:00,Thursday,Dufferin and Wilson,1,Mechanical,8,16,N/B,9023
2019-04-18,902,17:50:00,Thursday,Warden Station.,1,Mechanical,10,20,S/B,8936
2019-04-18,929,17:52:00,Thursday,Dufferin and Bridgeland,5,Investigation,10,20,N/B,9138
2019-04-18,47,17:55:00,Thursday,Lansdowne at Dundas,6,Emergency Services,13,26,N/B,1053
2019-04-18,927,17:57:00,Thursday,,9,,13,26,,3158
2019-04-18,60,18:00:00,Thursday,Entire Steeles Route,8,General Delay,56,62,BW,3235
2019-04-18,95,18:00:00,Thursday,YKMS to SCLP,8,General Delay,15,25,W/B,
2019-04-18,110,18:09:00,Thursday,Islington Station,1,Mechanical,12,24,S/B,7965
2019-04-18,38,18:20:00,Thursday,Highland Creek,1,Mechanical,13,26,E/B,1707
2019-04-18,34,18:30:00,Thursday,LBEG,1,Mechanical,4,9,E/B,8730
2019-04-18,944,18:44:00,Thursday,KSTN,6,Emergency Services,9,18,S/B,8080
2019-04-18,95,18:45:00,Thursday,Ellemere and Claudis,1,Mechanical,12,24,W/B,1750
2019-04-18,131,18:48:00,Thursday,Mclevin and morningside,1,Mechanical,9,18,S/B,1672
2019-04-18,37,18:49:00,Thursday,"On Islington, at Rexdale",5,Investigation,18,28,N/B,8059
2019-04-18,95,19:40:00,Thursday,York mills and Victoria park,1,Mechanical,14,28,W/B,3467
2019-04-18,70,19:49:00,Thursday,Coxwell station,1,Mechanical,22,44,W/B,8710
2019-04-18,113,20:16:00,Thursday,Danforth road and Birchmount,1,Mechanical,20,40,E/B,8531
2019-04-18,21,20:35:00,Thursday,Ellesmere Rd,3,Diversion,25,39,N/B,1366
2019-04-18,47,21:00:00,Thursday,Queen ST/ Lansdowne,1,Mechanical,20,40,N/B,1049
2019-04-18,106,21:11:00,Thursday,Pioneer Village Station,1,Mechanical,20,40,S/B,1270
2019-04-18,17,21:41:00,Thursday,Birchmount and Eglinton,1,Mechanical,12,24,S/B,9211
2019-04-18,127,21:50:00,Thursday,Townsley Loop,1,Mechanical,20,40,E/B,1071
2019-04-18,985,21:51:00,Thursday,Sheppard & Consumer's Rd,1,Mechanical,12,24,E/B,3471
2019-04-18,511,21:52:00,Thursday,BATHURST STN,1,Mechanical,5,10,S/B,1148
2019-04-18,54,21:57:00,Thursday,Fortune Gate on Lawrence Ave East,1,Mechanical,14,27,W/B,8898
2019-04-18,59,22:00:00,Thursday,Lawrence West Station,1,Mechanical,30,60,W/B,3300
2019-04-18,89,22:00:00,Thursday,Weston / Jane,4,Utilized Off Route,10,20,S/B,1123
2019-04-18,70,22:18:00,Thursday,Coxwell & Plains Rd.,1,Mechanical,30,60,S/B,3126
2019-04-18,16,22:41:00,Thursday,Danforth and Savarin,5,Investigation,15,30,S/B,8604
2019-04-18,39,22:52:00,Thursday,FINCH STATION,1,Mechanical,9,18,B/W,1640
2019-04-18,36,22:56:00,Thursday,Driftwood and Finch,6,Emergency Services,10,20,,1206
2019-04-18,32,23:12:00,Thursday,Eglinton West stn,5,Investigation,11,22,W/B,1060
2019-04-18,73,23:22:00,Thursday,"On Albion, at Finch",5,Investigation,20,40,S/B,8082
2019-04-18,52,23:22:00,Thursday,Lawrence West Station,5,Investigation,18,36,E/B,8190
2019-04-18,24,23:25:00,Thursday,Victoria park and Lynvally Cres.,1,Mechanical,9,18,N/B,8568
2019-04-18,53,23:30:00,Thursday,Finch Station,4,Utilized Off Route,18,36,E/B,1509
2019-04-18,25,23:35:00,Thursday,Don Mills station,4,Utilized Off Route,9,18,N/B,8793
2019-04-18,68,23:37:00,Thursday,Arkona and Warden,4,Utilized Off Route,16,31,N/B,8875
2019-04-18,52,23:39:00,Thursday,Lawrence West Station,4,Utilized Off Route,18,36,E/B,8216
2019-04-18,85,23:39:00,Thursday,DNST,4,Utilized Off Route,18,36,W/B,3428
2019-04-18,39,23:40:00,Thursday,FINCH STATION,4,Utilized Off Route,9,18,B/W,3419
2019-04-18,84,23:40:00,Thursday,Sheppard Yonge Station,4,Utilized Off Route,10,20,WB,1209
2019-04-18,165,23:40:00,Thursday,YKMS,4,Utilized Off Route,10,20,W/B,3167
2019-04-18,57,23:43:00,Thursday,Midland and Sheppard,4,Utilized Off Route,16,32,S/B,8740
2019-04-18,102,23:50:00,Thursday,Markham and Progress,5,Investigation,15,30,N/B,8936
2019-04-18,102,23:53:00,Thursday,Steeles and Markham,4,Utilized Off Route,10,20,B/W,8560
2019-04-18,86,23:56:00,Thursday,Eglinton & McCowan Rd,5,Investigation,10,19,W/B,8824
2019-04-19,35,00:28:00,Friday,JNST,4,Utilized Off Route,9,18,N/B,3210
2019-04-19,47,00:35:00,Friday,lansdowne / Queen,4,Utilized Off Route,15,28,N/B,1380
2019-04-19,61,00:36:00,Friday,Eglinton Station,5,Investigation,18,36,NB,8372
2019-04-19,71,00:37:00,Friday,INMD,1,Mechanical,1,1,S/B,1067
2019-04-19,51,00:39:00,Friday,Leslie and Finch,5,Investigation,30,60,SB,8356
2019-04-19,7,01:14:00,Friday,Bathurst and Davenport,6,Emergency Services,10,20,NB,8150
2019-04-19,300,01:45:00,Friday,KENN TO T3,8,General Delay,20,40,B/W,
2019-04-19,300,02:04:00,Friday,kenn,5,Investigation,20,40,W/B,8604
2019-04-19,52,02:17:00,Friday,Martingrove and The Westway,6,Emergency Services,1,1,EB,8354
2019-04-19,320,03:00:00,Friday,Yonge and Queens Quay,1,Mechanical,3,7,N/B,1235
2019-04-19,320,04:41:00,Friday,SYON,9,,7,14,S/B,8882
2019-04-19,72,05:17:00,Friday,Pape Station,9,,9,18,S/B,8435
2019-04-19,116,05:35:00,Friday,KNEG 04H56,9,,20,20,EB,8658
2019-04-19,124,05:40:00,Friday,Lawrence stn,1,Mechanical,20,20,E/B,1340
2019-04-19,52,05:42:00,Friday,Lawrence stn,4,Utilized Off Route,16,34,W/B,8115
2019-04-19,100,05:50:00,Friday,BSTN 06H10,9,,10,10,NB,8705
2019-04-19,77,06:00:00,Friday,RUST,9,,24,24,S/B,1009
2019-04-19,94,06:03:00,Friday,OSTN,9,,12,12,E/B,1052
2019-04-19,91,06:14:00,Friday,Eglinton / Bermondsey Metrolinx,3,Diversion,1,1,B/W,8516
2019-04-19,109,06:16:00,Friday,Blossomfield/Flemington rd,3,Diversion,149,189,B/W,
2019-04-19,165,06:16:00,Friday,Finch and Weston,9,,22,45,N/B,3270
2019-04-19,70,06:20:00,Friday,CSTN 06H15,9,,15,30,NB,8731
2019-04-19,36,06:34:00,Friday,HWLP,1,Mechanical,9,18,E/B,3259
2019-04-19,100,06:35:00,Friday,DMWF 06H34,9,,10,20,SB,8623
2019-04-19,52,06:47:00,Friday,Terminal 1,1,Mechanical,20,30,E/B,8391
2019-04-19,900,06:50:00,Friday,Kipling Station,9,,11,22,N/B,8004
2019-04-19,112,07:02:00,Friday,The West Mall and Rathburn,1,Mechanical,20,40,N/B,7938
2019-04-19,129,07:20:00,Friday,STC,1,Mechanical,10,20,N/B,1504
2019-04-19,91,07:40:00,Friday,Sloane / Eglinton,1,Mechanical,24,48,B/W,8516
2019-04-19,29,07:41:00,Friday,Dufferin and Lawrence,1,Mechanical,10,20,S/B,9024
2019-04-19,985,07:57:00,Friday,DONS,9,,15,32,E/B,9069
2019-04-19,29,08:00:00,Friday,Dufferin and Lawrence,1,Mechanical,6,12,S/B,9040
2019-04-19,925,08:12:00,Friday,FMDM 08H25,9,,10,20,SB,8830
2019-04-19,935,08:44:00,Friday,Jane Station,4,Utilized Off Route,9,18,N/B,1311
2019-04-19,47,08:45:00,Friday,EARL,4,Utilized Off Route,10,20,S/B,1022
2019-04-19,33,08:45:00,Friday,St Clair W Stn,4,Utilized Off Route,20,40,,1228
2019-04-19,41,08:45:00,Friday,Keele stn,4,Utilized Off Route,12,24,N/B,1265
2019-04-19,35,08:46:00,Friday,Jane Station,4,Utilized Off Route,10,20,N/B,3316
2019-04-19,74,08:47:00,Friday,St Clair stn,4,Utilized Off Route,18,40,N/B,8183
2019-04-19,939,09:03:00,Friday,Finch Ave E/ Bayview Ave,1,Mechanical,16,32,E/B,1713
2019-04-19,81,09:08:00,Friday,PSTN,9,,8,16,N/B,3104
2019-04-19,36,09:14:00,Friday,HWLP,9,,6,12,E/B,3369
2019-04-19,36,09:16:00,Friday,FWSN,9,,6,12,W/B,3266
2019-04-19,55,10:11:00,Friday,Jane Station,1,Mechanical,20,40,E/B,1603
2019-04-19,54,10:15:00,Friday,ESTN,9,,16,32,EB,8657
2019-04-19,54,10:15:00,Friday,ESTN 10H28,9,,16,32,EB,8657
2019-04-19,91,10:22:00,Friday,Cassandra Blvd and Underhill,5,Investigation,24,48,S/B,9100
2019-04-19,72,10:30:00,Friday,PSTN,5,Investigation,18,36,S/B,8447
2019-04-19,25,10:30:00,Friday,PSTN,5,Investigation,9,18,NB,8878
2019-04-19,17,10:50:00,Friday,Warden station,1,Mechanical,18,36,N/B,8490
2019-04-19,70,10:59:00,Friday,Bermondsey on O'Connor,1,Mechanical,30,60,E/B,8742
2019-04-19,37,11:03:00,Friday,Kipling Station,1,Mechanical,25,50,S/B,7957
2019-04-19,35,11:16:00,Friday,Finch Avenue West,5,Investigation,10,20,N/B,3314
2019-04-19,102,11:17:00,Friday,WSTN,1,Mechanical,10,20,N/B,8463
2019-04-19,68,11:27:00,Friday,Warden & Steeles,1,Mechanical,44,78,NB,8900
2019-04-19,21,11:32:00,Friday,Brimley and Finch,1,Mechanical,22,44,S/B,1531
2019-04-19,85,11:34:00,Friday,DONS,1,Mechanical,11,17,E/B,1738
2019-04-19,807,11:50:00,Friday,Wilson Stn,1,Mechanical,5,10,S/B,8601
2019-04-19,807,11:50:00,Friday,Bathurst & St.Clair,5,Investigation,5,10,E/B,1501
2019-04-19,7,12:01:00,Friday,Bathurst stn,1,Mechanical,7,14,N/B,1212
2019-04-19,108,12:02:00,Friday,Pioneer Village Station,9,,9,18,S/B,3230
2019-04-19,14,12:10:00,Friday,Davisville stn,8,General Delay,20,40,W/B,1139
2019-04-19,32,12:40:00,Friday,Oakwood/Eglinton,5,Investigation,20,50,W/B,1014
2019-04-19,89,12:40:00,Friday,Keele stn,1,Mechanical,10,20,N/B,1055
2019-04-19,35,12:50:00,Friday,Jane Station,9,,10,20,N/B,3176
2019-04-19,29,12:56:00,Friday,Bloor and Dufferin,1,Mechanical,10,20,S/B,9147
2019-04-19,129,13:14:00,Friday,STC,1,Mechanical,9,18,N/B,1710
2019-04-19,63,13:24:00,Friday,King and Shaw,4,Utilized Off Route,7,13,S/B,8358
2019-04-19,41,13:25:00,Friday,Keele stn,4,Utilized Off Route,11,21,N/B,1083
2019-04-19,63,13:48:00,Friday,Eglinton Stn,5,Investigation,7,13,S/B,8330
2019-04-19,116,13:52:00,Friday,KENN,1,Mechanical,6,13,E/B,8697
2019-04-19,939,13:59:00,Friday,Finch Ave/Maxome Ave,1,Mechanical,16,32,W/B,5929
2019-04-19,95,15:30:00,Friday,Warden/York Mills,1,Mechanical,17,34,E/B,1792
2019-04-19,329,15:34:00,Friday,Wilson and Transit,5,Investigation,30,60,N/B,9030
2019-04-19,63,15:50:00,Friday,Atlantic and King,1,Mechanical,7,14,NB,8378
2019-04-19,22,16:31:00,Friday,CSTN,1,Mechanical,10,20,S/B,8529
2019-04-19,82,16:55:00,Friday,Rosedale Stn,5,Investigation,16,32,E/B,8381
2019-04-19,74,17:00:00,Friday,St.Clair Stn,4,Utilized Off Route,18,36,E/B,8183
2019-04-19,29,17:25:00,Friday,Springhurst Loop,3,Diversion,330,335,S/B,
2019-04-19,73,17:37:00,Friday,weston at walsh,1,Mechanical,10,20,W/B,8036
2019-04-19,45,17:50:00,Friday,westway and kipling,1,Mechanical,12,24,S/B,8079
2019-04-19,94,18:33:00,Friday,OSTN,1,Mechanical,12,24,W/B,1052
2019-04-19,32,19:15:00,Friday,Renforth stn,1,Mechanical,10,20,E/B,1325
2019-04-19,84,19:26:00,Friday,Sheppard-Yonge Station,5,Investigation,5,10,WB,3175
2019-04-19,37,21:10:00,Friday,Dixon and Islington,1,Mechanical,20,40,N/B,8073
2019-04-19,36,21:15:00,Friday,Finch and Bathurst,6,Emergency Services,7,14,E/B,3307
2019-04-19,134,22:02:00,Friday,Rosebank Dr and Progress Ave,1,Mechanical,22,44,S/B,1813
2019-04-19,32,22:14:00,Friday,REGW,6,Emergency Services,10,20,E/B,1132
2019-04-19,29,22:40:00,Friday,Dundas and Dufferin,1,Mechanical,10,20,N/B,9152
2019-04-20,96,00:00:00,Saturday,Route 96,8,General Delay,22,30,B/W,
2019-04-20,97,00:00:00,Saturday,Davisville Stn,1,Mechanical,15,30,NB,8392
2019-04-20,300,01:38:00,Saturday,Yonge and Bloor Street,3,Diversion,69,99,W/B,8723
2019-04-20,353,02:09:00,Saturday,Markham Rd and Steeles Ave,1,Mechanical,30,30,W/B,3488
2019-04-20,53,02:14:00,Saturday,Pharmacy Rd and Steeles Ave,1,Mechanical,20,40,E/B,1533
2019-04-20,29,04:32:00,Saturday,Wilson Station,9,,14,28,S/B,9030
2019-04-20,320,04:47:00,Saturday,Bay and Queens Quay,5,Investigation,5,10,N/B,1124
2019-04-20,96,04:58:00,Saturday,WILS,9,,9,18,W/B,3300
2019-04-20,60,05:12:00,Saturday,SLPM,9,,20,20,E/B,3315
2019-04-20,63,05:17:00,Saturday,Wilson Garage,1,Mechanical,10,20,S/B,1289
2019-04-20,39,05:28:00,Saturday,BDFI,9,,15,35,W/B,1327
2019-04-20,16,05:33:00,Saturday,warden station,9,,15,30,N/B,8942
2019-04-20,38,05:54:00,Saturday,RHGO,9,,12,24,W/B,1561
2019-04-20,69,05:55:00,Saturday,Kingston and Warden,1,Mechanical,20,40,S/B,8462
2019-04-20,47,05:56:00,Saturday,Yorkdale Station,9,,9,18,S/B,1065
2019-04-20,47,05:56:00,Saturday,Yorkdale Station,9,,18,36,S/B,1353
2019-04-20,38,05:58:00,Saturday,RHGO,9,,12,24,W/B,1341
2019-04-20,130,06:00:00,Saturday,STC,9,,30,30,N/B,1615
2019-04-20,30,06:00:00,Saturday,Kipling Station,5,Investigation,30,60,E/B,8059
2019-04-20,94,06:03:00,Saturday,Castle Frank Station,9,,7,14,W/B,1412
2019-04-20,79,06:05:00,Saturday,Runnymede Station,9,,25,50,N/B,1361
2019-04-20,108,06:08:00,Saturday,SWST,9,,7,14,W/B,3190
2019-04-20,37,06:13:00,Saturday,Islington stn,1,Mechanical,10,20,N/B,8612
2019-04-20,91,06:20:00,Saturday,Eglinton and Bermondsey,3,Diversion,999,999,B/W,8517
2019-04-20,32,06:25:00,Saturday,Tretheway at Todd Bayliss,1,Mechanical,10,20,W/B,1258
2019-04-20,112,06:34:00,Saturday,Carlingview and International,9,,17,34,S/B,8033
2019-04-20,63,06:35:00,Saturday,Wilson Garage,9,,6,11,,8366
2019-04-20,63,06:38:00,Saturday,Wilson Garage,9,,10,12,,1317
2019-04-20,134,06:53:00,Saturday,STC,1,Mechanical,23,45,N/B,1609
2019-04-20,925,07:24:00,Saturday,Don Mills and Freshmeadow,9,,12,24,N/B,8924
2019-04-20,167,07:36:00,Saturday,donmills station,1,Mechanical,30,60,S/B,8511
2019-04-20,900,07:55:00,Saturday,Kipling Station,1,Mechanical,10,20,N/B,8003
2019-04-20,39,07:55:00,Saturday,Brimley & Finch,1,Mechanical,14,28,W/B,1650
2019-04-20,32,07:56:00,Saturday,Eglinton at Oakwood,1,Mechanical,5,10,W/B,1532
2019-04-20,29,07:58:00,Saturday,Dufferin and Lawrence,1,Mechanical,5,10,S/B,9103
2019-04-20,96,08:00:00,Saturday,Entire Wilson Route,8,General Delay,20,40,B/W,3344
2019-04-20,165,08:00:00,Saturday,Entire Weston Road North Route,8,General Delay,15,30,B/W,3267
2019-04-20,925,08:00:00,Saturday,Pape station,1,Mechanical,15,1,N/B,8621
2019-04-20,709,08:07:00,Saturday,Ossington Station,1,Mechanical,1,1,W/B,1412
2019-04-20,939,08:13:00,Saturday,FWST,9,,14,14,E/B,3424
2019-04-20,37,08:57:00,Saturday,Islinton and steels,9,,14,28,S/B,8412
2019-04-20,36,09:16:00,Saturday,HWLP,9,,7,14,E/B,3233
2019-04-20,108,09:35:00,Saturday,Driftwood/Finch,1,Mechanical,13,26,S/B,3174
2019-04-20,53,09:35:00,Saturday,Midland and Steeles,1,Mechanical,26,44,W/B,1602
2019-04-20,63,09:35:00,Saturday,Eglinton Stn,9,,5,10,,8342
2019-04-20,36,09:54:00,Saturday,HWLP,9,,6,12,E/B,3337
2019-04-20,130,10:30:00,Saturday,STC,1,Mechanical,30,60,E/B,1615
2019-04-20,17,10:30:00,Saturday,Birchmount Route,8,General Delay,15,1,B/W,
2019-04-20,17,10:30:00,Saturday,Birtchmount Route,8,General Delay,15,1,B/W,
2019-04-20,70,10:33:00,Saturday,WAST,1,Mechanical,22,44,E/B,8658
2019-04-20,39,10:43:00,Saturday,FSTN,1,Mechanical,14,28,E/B,1547
2019-04-20,168,10:44:00,Saturday,DWST,1,Mechanical,10,20,N/B,1053
2019-04-20,9,11:00:00,Saturday,Bellamy Route,8,General Delay,10,1,B/W,
2019-04-20,134,11:03:00,Saturday,STC,1,Mechanical,15,30,E/B,1652
2019-04-20,95,11:06:00,Saturday,Parkington,1,Mechanical,14,28,E/B,1713
2019-04-20,104,11:10:00,Saturday,Finch Ave and Willington Ave,1,Mechanical,20,40,S/B,8115
2019-04-20,47,11:28:00,Saturday,Lansdowne at St Clair,1,Mechanical,9,18,N/B,1516
2019-04-20,41,11:30:00,Saturday,Keele at Eglinton ave west,8,General Delay,20,29,B/W,
2019-04-20,89,11:30:00,Saturday,Entire Route,8,General Delay,15,25,B/W,
2019-04-20,32,11:38:00,Saturday,Eglinton at Weston Rd,1,Mechanical,10,20,W/B,1141
2019-04-20,6,11:43:00,Saturday,Dupont and Davenport,1,Mechanical,14,28,S/B,1002
2019-04-20,7,11:44:00,Saturday,Sheppard Ave and Bathurst St,1,Mechanical,10,20,N/B,8194
2019-04-20,85,11:49:00,Saturday,Don Mills Station,9,,22,44,E/B,1550
2019-04-20,104,11:50:00,Saturday,Finch Ave and Wilmington Ave,1,Mechanical,20,40,S/B,8115
2019-04-20,127,11:52:00,Saturday,Townsley Loop,8,General Delay,11,22,B/W,1139
2019-04-20,64,12:00:00,Saturday,Main Route,8,General Delay,10,1,B/W,
2019-04-20,83,12:00:00,Saturday,Jones,8,General Delay,10,1,B/W,
2019-04-20,65,12:00:00,Saturday,Parliament Route,8,General Delay,10,1,B/W,
2019-04-20,44,12:07:00,Saturday,Kipling Station,9,,9,18,S/B,7928
2019-04-20,32,12:16:00,Saturday,Eglinton at Dufferin,1,Mechanical,8,16,E/B,1060
2019-04-20,96,12:21:00,Saturday,Finch/Humberline,1,Mechanical,16,31,W/B,1245
2019-04-20,37,12:22:00,Saturday,Islington stn,1,Mechanical,10,20,N/B,7913
2019-04-20,85,12:22:00,Saturday,Don Mills Station,9,,5,11,E/B,1630
2019-04-20,35,12:38:00,Saturday,Jane stn,1,Mechanical,5,10,S/B,1318
2019-04-20,96,13:05:00,Saturday,York Mills Stn,1,Mechanical,15,30,W/B,1292
2019-04-20,52,13:08:00,Saturday,Wilson Garage,9,,17,34,S/B,8327
2019-04-20,48,13:25:00,Saturday,Rathburn rd at Kipling Ave,5,Investigation,30,60,E/B,7927
2019-04-20,45,13:49:00,Saturday,Kipling Station,1,Mechanical,9,18,N/B,8013
2019-04-20,165,14:00:00,Saturday,Route 165,8,General Delay,18,25,B/W,
2019-04-20,35,14:00:00,Saturday,Jane route,8,General Delay,12,20,S/B,
2019-04-20,118,14:00:00,Saturday,Route 118,8,General Delay,20,50,B/W,
2019-04-20,47,14:20:00,Saturday,Lansdown and Davenport,4,Utilized Off Route,9,18,S/B,1024
2019-04-20,29,14:20:00,Saturday,Dufferin and Caledonia,8,General Delay,8,16,B/W,1046
2019-04-20,52,14:30:00,Saturday,Lawrence & Allen,8,General Delay,15,27,B/W,
2019-04-20,47,14:45:00,Saturday,Lansdown and Queen,4,Utilized Off Route,18,36,N/B,1562
2019-04-20,68,15:00:00,Saturday,68 Warden route,8,General Delay,20,40,B/W,
2019-04-20,29,15:07:00,Saturday,Dufferin and Bloor,1,Mechanical,6,12,N/B,9146
2019-04-20,110,15:17:00,Saturday,Islington Station,1,Mechanical,18,36,S/B,8058
2019-04-20,29,15:21:00,Saturday,Dufferin and Shanley,3,Diversion,8,16,S/B,9100
2019-04-20,47,15:30:00,Saturday,Lansdown and Queen,1,Mechanical,18,36,N/B,1272
2019-04-20,52,15:30:00,Saturday,Lawrence Station to Terminal 3 Airport,8,General Delay,15,25,B/W,
2019-04-20,29,15:45:00,Saturday,Dufferin and Shanly,3,Diversion,8,16,S/B,1067
2019-04-20,40,15:45:00,Saturday,Dundas West Station and Runnymede Loop,8,General Delay,12,22,B/W,
2019-04-20,90,15:55:00,Saturday,SC.W,5,Investigation,8,16,N/B,8134
2019-04-20,33,16:12:00,Saturday,St Clair Stn,3,Diversion,14,34,B/W,
2019-04-20,51,16:20:00,Saturday,Eglionton /Leslie to Freshmeoadws at Don Mills,8,General Delay,23,47,B/W,
2019-04-20,104,16:20:00,Saturday,Wilson Stn to Sheppard West Stn,8,General Delay,16,31,B/W,
2019-04-20,51,17:12:00,Saturday,Eglinton Ave and Mt Pleasant,1,Mechanical,24,48,N/B,8357
2019-04-20,161,17:40:00,Saturday,Ossington Station,1,Mechanical,15,30,N/B,1421
2019-04-20,52,17:48:00,Saturday,Lawrence West Station,5,Investigation,10,20,W/B,8121
2019-04-20,94,17:51:00,Saturday,Queenspark Circle,4,Utilized Off Route,7,13,E/B,1123
2019-04-20,29,18:15:00,Saturday,Lawrence and Dufferin,1,Mechanical,4,7,S/B,9148
2019-04-20,32,18:23:00,Saturday,Eglinton and Keele,1,Mechanical,8,16,W/B,1059
2019-04-20,21,18:52:00,Saturday,Kennedy Station,1,Mechanical,21,36,N/B,1715
2019-04-20,45,18:53:00,Saturday,Queensway Garage,1,Mechanical,10,20,N/B,7933
2019-04-20,85,19:50:00,Saturday,Sheppard Yonge,1,Mechanical,12,24,EB,1589
2019-04-20,22,20:57:00,Saturday,Coxwell Station,1,Mechanical,10,20,S/B,8432
2019-04-20,37,21:43:00,Saturday,Humberwood Loop,1,Mechanical,20,40,S/B,7951
2019-04-20,36,21:44:00,Saturday,Finch and Elana,5,Investigation,8,16,E/B,3351
2019-04-20,42,22:08:00,Saturday,McNicoll and Victoria Park,1,Mechanical,16,32,W/B,8380
2019-04-20,29,22:15:00,Saturday,Dundas and Dufferin,1,Mechanical,9,18,S/B,1125
2019-04-20,85,22:24:00,Saturday,Don Mills Station,5,Investigation,8,16,EB,1630
2019-04-20,123,22:55:00,Saturday,long branch loop,1,Mechanical,15,30,N/B,7943
2019-04-20,78,23:00:00,Saturday,York Mills Station,1,Mechanical,30,30,N/B,8302
2019-04-20,927,23:17:00,Saturday,KPSN,5,Investigation,10,20,W/B,3329
2019-04-21,121,00:00:00,Sunday,Princess,9,,15,30,N/B,8941
2019-04-21,97,00:47:00,Sunday,York Mills Station,1,Mechanical,15,15,S/B,8304
2019-04-21,52,01:23:00,Sunday,Tollington Rd and Martin Grove,5,Investigation,20,40,E/B,8121
2019-04-21,353,04:20:00,Sunday,Newgale Gate,9,,25,25,EB,1548
2019-04-21,320,04:22:00,Sunday,Yonge and Queens Quay,9,,15,30,NB,8706
2019-04-21,63,05:18:00,Sunday,CANNIFF ST. AND STRACHAN AVE.,9,,10,10,N/B,8158
2019-04-21,29,05:25:00,Sunday,Dufferin and Lawrence,9,,10,20,N/B,9042
2019-04-21,47,05:30:00,Sunday,EARL,9,,20,20,S/B,1060
2019-04-21,52,06:00:00,Sunday,LAWRENCE AVE. AT YONGE ST.,1,Mechanical,24,48,W/B,1212
2019-04-21,300,06:00:00,Sunday,Between T3 and Kennedy,8,General Delay,20,35,B/W,
2019-04-21,320,06:40:00,Sunday,Eglinton,1,Mechanical,3,6,N/B,9148
2019-04-21,302,07:21:00,Sunday,McCowan and Milner,5,Investigation,30,60,S/B,9211
2019-04-21,20,07:24:00,Sunday,Keddeny station,9,,24,48,N/B,9231
2019-04-21,354,07:35:00,Sunday,Markham and Lawrence,1,Mechanical,60,60,W/B,3121
2019-04-21,108,07:36:00,Sunday,Stong,9,,30,1,N/B,3322
2019-04-21,59,07:49:00,Sunday,CHJA,9,,30,60,N/B,3318
2019-04-21,32,07:50:00,Sunday,Eglinton and Royal York,1,Mechanical,30,45,W/B,1009
2019-04-21,75,07:52:00,Sunday,Bloor and Shebourne,1,Mechanical,20,20,S/B,8342
2019-04-21,29,08:00:00,Sunday,Dufferin at Lawrence,1,Mechanical,10,20,S/B,1107
2019-04-21,32,08:00:00,Sunday,Wright and Jane,9,,10,20,W/B,1025
2019-04-21,32,08:07:00,Sunday,Eg Stn,9,,10,23,W/B,1145
2019-04-21,29,08:10:00,Sunday,Dufferin at Dundas,1,Mechanical,1,1,N/B,9042
2019-04-21,985,08:12:00,Sunday,DONS,9,,15,30,W/B,9069
2019-04-21,54,08:15:00,Sunday,Eglinton Station,1,Mechanical,30,32,E/B,3121
2019-04-21,165,08:18:00,Sunday,Yorkmills station,1,Mechanical,5,10,W/B,3354
2019-04-21,35,08:32:00,Sunday,Shepperd,1,Mechanical,5,10,S/B,3341
2019-04-21,85,08:40:00,Sunday,DONS,9,,16,24,E/B,1827
2019-04-21,29,09:15:00,Sunday,Dufferin at Lawrence,1,Mechanical,7,14,S/B,1521
2019-04-21,43,09:25:00,Sunday,Scarb Town Station,1,Mechanical,1,30,W/B,8681
2019-04-21,985,09:59:00,Sunday,Midland and Sheppard,5,Investigation,15,30,W/B,9099
2019-04-21,985,10:00:00,Sunday,STC-DON MILLS-STC,8,General Delay,15,30,B/W,
2019-04-21,89,10:10:00,Sunday,Weston at Black Creek,1,Mechanical,10,20,S/B,1516
2019-04-21,53,11:00:00,Sunday,MOFI-PAMK-FSTN-PAMK-MOFI,8,General Delay,25,50,W/B,
2019-04-21,168,11:06:00,Sunday,Weston at Rogers,1,Mechanical,7,14,S/B,1411
2019-04-21,85,11:10:00,Sunday,MGAT,1,Mechanical,27,54,W/B,1664
2019-04-21,113,11:16:00,Sunday,kennedy and Kennark,1,Mechanical,20,40,N/B,8462
2019-04-21,24,11:45:00,Sunday,Sunrise and Victoria park station,1,Mechanical,7,14,N/B,8552
2019-04-21,24,11:50:00,Sunday,victoria park station,9,,7,10,N/B,8436
2019-04-21,72,11:53:00,Sunday,Pape Avenue / PSTN,5,Investigation,18,36,S/B,9233
2019-04-21,925,11:53:00,Sunday,PSTN,5,Investigation,10,20,NB,8742
2019-04-21,52,11:59:00,Sunday,Wilson Garage,9,,14,28,S/B,8121
2019-04-21,83,12:00:00,Sunday,83 Jones,8,General Delay,10,1,B/W,
2019-04-21,129,12:00:00,Sunday,STC,1,Mechanical,10,20,N/B,1676
2019-04-21,60,12:11:00,Sunday,FSTN,9,,5,10,W/B,3164
2019-04-21,108,12:16:00,Sunday,Shepperd west stn,9,,5,10,W/B,3231
2019-04-21,32,12:21:00,Sunday,Pine and Lawrence,1,Mechanical,9,18,E/B,1022
2019-04-21,72,12:28:00,Sunday,Pape Avenue / PSTN,4,Utilized Off Route,1,1,S/B,8433
2019-04-21,7,12:31:00,Sunday,Bathurst Station,9,,7,15,N/B,8206
2019-04-21,25,12:43:00,Sunday,Don Mills,5,Investigation,9,18,SB,8720
2019-04-21,29,12:44:00,Sunday,Dufferin at Lawrence,1,Mechanical,5,10,N/B,9147
2019-04-21,29,13:10:00,Sunday,Dufferin at Rogers,1,Mechanical,1,1,N/B,9045
2019-04-21,53,13:14:00,Sunday,MKST,1,Mechanical,25,50,W/B,1404
2019-04-21,102,13:20:00,Sunday,Markham Road / WAST,9,,0,0,N/B,9227
2019-04-21,41,13:30:00,Sunday,St. Clair/Old Weston,1,Mechanical,10,21,N/B,1128
2019-04-21,25,13:35:00,Sunday,PSTN 13H55,1,Mechanical,9,18,SB,8671
2019-04-21,92,13:40:00,Sunday,Queen St and Woodbine St,3,Diversion,141,146,S/B,8451
2019-04-21,64,13:50:00,Sunday,Queen St and Wineva,3,Diversion,120,125,S/B,8409
2019-04-21,22,13:50:00,Sunday,Coxwell Avenue / CSTN / BING,8,General Delay,10,20,B/W,
2019-04-21,67,13:59:00,Sunday,Victoria Park Station,1,Mechanical,1,1,N/B,8755
2019-04-21,41,14:35:00,Sunday,Murray Ross/Keele,1,Mechanical,11,21,N/B,1137
2019-04-21,38,14:48:00,Sunday,Helicon and Ellesmere,1,Mechanical,10,20,W/B,1808
2019-04-21,29,15:06:00,Sunday,Manitoba Dr at Nova Scotia,3,Diversion,4,9,B/W,
2019-04-21,133,15:15:00,Sunday,Blackbird Gate and Finch,1,Mechanical,10,20,S/B,1588
2019-04-21,96,15:28:00,Sunday,Wilson stn,5,Investigation,5,10,W/B,3343
2019-04-21,711,15:48:00,Sunday,Eglinton Station,4,Utilized Off Route,1,1,S/B,8330
2019-04-21,711,15:48:00,Sunday,Eglinton Station,4,Utilized Off Route,1,1,S/B,8394
2019-04-21,719,15:49:00,Sunday,SHQQ,4,Utilized Off Route,1,1,S/B,1262
2019-04-21,29,15:55:00,Sunday,EXWL,4,Utilized Off Route,5,9,S/B,1085
2019-04-21,121,16:12:00,Sunday,Fort York / Esplande - PRGT,4,Utilized Off Route,15,30,E/B,8942
2019-04-21,123,16:40:00,Sunday,Kipling Station,1,Mechanical,10,20,W/B,7911
2019-04-21,112,16:50:00,Sunday,on west mall s/b at bloor,5,Investigation,20,40,S/B,8018
2019-04-21,129,17:08:00,Sunday,STC,1,Mechanical,9,18,N/B,1577
2019-04-21,606,17:10:00,Sunday,Construction RAD,4,Utilized Off Route,1,1,B/W,8431
2019-04-21,39,17:23:00,Sunday,VPFI,1,Mechanical,16,32,W/B,1335
2019-04-21,73,18:00:00,Sunday,royal york and bloor,1,Mechanical,10,20,S/B,8093
2019-04-21,22,18:07:00,Sunday,Kingston Road and Elmer,5,Investigation,10,20,W/B,8597
2019-04-21,168,18:26:00,Sunday,Dupont/Symington,1,Mechanical,9,18,N/B,1079
2019-04-21,600,18:30:00,Sunday,MDGA,4,Utilized Off Route,1,1,S/B,1379
2019-04-21,600,18:30:00,Sunday,MDGA,4,Utilized Off Route,1,1,S/B,1059
2019-04-21,113,19:13:00,Sunday,Danforth and North Edgeley,3,Diversion,348,408,W/B,8555
2019-04-21,602,19:22:00,Sunday,Old Mill Station,4,Utilized Off Route,1,1,W/B,7923
2019-04-21,55,19:25:00,Sunday,Varsity Road,5,Investigation,20,40,S/B,1026
2019-04-21,102,19:52:00,Sunday,Linden and St. Clair,5,Investigation,10,20,W/B,8511
2019-04-21,36,20:16:00,Sunday,Finch and Milady,3,Diversion,47,51,B/W,3292
2019-04-21,41,20:30:00,Sunday,Old Weston at Turnberry,3,Diversion,93,114,N/B,
2019-04-21,168,20:30:00,Sunday,Old Weston/Turnberry,3,Diversion,93,105,B/W,
2019-04-21,63,20:30:00,Sunday,Atlantic and King,1,Mechanical,10,20,N/B,8341
2019-04-21,35,20:38:00,Sunday,Falstaff,5,Investigation,7,14,S/B,3147
2019-04-21,24,21:16:00,Sunday,Garage,9,,10,20,N/B,8943
2019-04-21,39,23:40:00,Sunday,Midland and Finch Ave,1,Mechanical,10,20,E/B,3488
2019-04-21,53,23:44:00,Sunday,Season Dr and Staines Rd,3,Diversion,93,113,S/B,1660
2019-04-21,133,23:44:00,Sunday,Seasons Dr and Staines Rd,3,Diversion,93,106,S/B,1759
2019-04-21,73,23:47:00,Sunday,mimico and lakeshore,1,Mechanical,20,40,N/B,8033
2019-04-22,32,00:50:00,Monday,Eglinton and Keele,1,Mechanical,10,20,W/B,1139
2019-04-22,112,01:06:00,Monday,kpst,5,Investigation,25,50,N/B,7909
2019-04-22,320,01:23:00,Monday,YEGL,1,Mechanical,12,24,S/B,8338
2019-04-22,32,01:40:00,Monday,Eglinton  west stn,1,Mechanical,10,20,W/B,1348
2019-04-22,320,02:16:00,Monday,Gould St,3,Diversion,54,70,N/B,1217
2019-04-22,320,03:06:00,Monday,Yonge Street/Eglinton,1,Mechanical,8,16,N/B,8823
2019-04-22,320,03:57:00,Monday,wilson garage,9,,15,30,S/B,1328
2019-04-22,45,04:20:00,Monday,Kipling and Steeles,1,Mechanical,15,45,S/B,8053
2019-04-22,68,04:48:00,Monday,Warden & Danforth,1,Mechanical,4,4,N/B,8856
2019-04-22,91,05:00:00,Monday,Bermondsey / Sloane / Eglinton,3,Diversion,24,48,B/W,8947
2019-04-22,54,05:03:00,Monday,Eglinton Yard,9,,1,1,E/B,8722
2019-04-22,41,05:08:00,Monday,PVST,9,,14,25,S/B,9042
2019-04-22,45,05:10:00,Monday,Kipling and Steeles,1,Mechanical,10,20,S/B,8068
2019-04-22,90,05:13:00,Monday,wilson garage,9,,20,0,S/B,8122
2019-04-22,41,05:17:00,Monday,KSTN,9,,12,24,N/B,9032
2019-04-22,25,05:18:00,Monday,FMDM,9,,5,17,S/B,8667
2019-04-22,112,05:21:00,Monday,Kipling stn,9,,15,15,N/B,8013
2019-04-22,70,05:22:00,Monday,CSTN,9,,7,26,S/B,8693
2019-04-22,25,05:23:00,Monday,DDAN,9,,1,1,W/B,8851
2019-04-22,117,05:27:00,Monday,DUST,9,,20,1,S/B,8392
2019-04-22,106,05:28:00,Monday,Sheppard west Station,9,,30,30,N/B,1296
2019-04-22,67,05:29:00,Monday,DAVP,9,,24,24,N/B,8790
2019-04-22,939,05:30:00,Monday,939-Finch Express Route-All Branch,8,General Delay,10,16,B/W,1397
2019-04-22,39,05:30:00,Monday,39 Finch Route-All Branch,8,General Delay,14,24,B/W,3515
2019-04-22,953,05:32:00,Monday,MOFI,9,,13,26,W/B,9064
2019-04-22,97,05:41:00,Monday,Hilda and Steels,9,,30,30,S/B,8192
2019-04-22,34,05:46:00,Monday,KENN,9,,4,8,W/B,8905
2019-04-22,116,05:49:00,Monday,STMO,9,,4,12,N/B,8960
2019-04-22,68,05:50:00,Monday,Warden Station,9,,6,12,N/B,8918
2019-04-22,125,05:57:00,Monday,BATHURST ST. AT ANTIBES DR.,9,,15,30,E/B,8389
2019-04-22,73,06:01:00,Monday,Evans/Royal York,9,,4,11,S/B,8002
2019-04-22,39,06:01:00,Monday,Baldoon and Finch,9,,20,40,E/B,3515
2019-04-22,132,06:07:00,Monday,Sewells and Brenyon Way,9,,11,22,E/B,3417
2019-04-22,47,06:08:00,Monday,Yorkdale,1,Mechanical,18,36,S/B,1329
2019-04-22,43,06:09:00,Monday,Kennedy Station,4,Utilized Off Route,10,20,N/B,8739
2019-04-22,953,06:09:00,Monday,FSTN,9,,7,14,W/B,9081
2019-04-22,54,06:09:00,Monday,Lawrence & Scarb Golf Club,9,,9,18,E/B,8780
2019-04-22,939,06:11:00,Monday,STC SRT,9,,8,16,E/B,1397
2019-04-22,60,06:14:00,Monday,Carpenter,1,Mechanical,14,33,E/B,1306
2019-04-22,34,06:15:00,Monday,ESTN,9,,5,17,E/B,8800
2019-04-22,54,06:15:00,Monday,Eglinton Station,9,,9,17,E/B,8808
2019-04-22,34,06:19:00,Monday,ESTN,1,Mechanical,4,8,W/B,8648
2019-04-22,54,06:21:00,Monday,Starspray Loop,9,,9,15,W/B,8641
2019-04-22,54,06:24:00,Monday,Eglinton Station,4,Utilized Off Route,9,19,E/B,8793
2019-04-22,985,06:25:00,Monday,STC,9,,14,14,W/B,9086
2019-04-22,89,06:26:00,Monday,Albion and Weston,1,Mechanical,6,12,S/B,1098
2019-04-22,941,06:29:00,Monday,Keele Stn,9,,11,23,N/B,1144
2019-04-22,91,06:34:00,Monday,woodbine station,9,,12,24,S/B,8520
2019-04-22,924,06:36:00,Monday,victoria park station,9,,10,20,S/B,8405
2019-04-22,36,06:40:00,Monday,HWLP,9,,5,9,E/B,9130
2019-04-22,42,06:41:00,Monday,Finch Station,9,,12,23,E/B,1302
2019-04-22,42,06:42:00,Monday,Dynamic and Mccnicol Ave,9,,12,24,W/B,8317
2019-04-22,929,06:42:00,Monday,DLAW,1,Mechanical,9,17,S/B,9024
2019-04-22,925,06:42:00,Monday,Overlea/Thorncliffe Park,1,Mechanical,8,16,N/B,8688
2019-04-22,54,06:45:00,Monday,Lawrence & Scrab Golf Club,9,,9,18,E/B,8802
2019-04-22,100,06:45:00,Monday,EGGA,9,,1,1,W/B,8652
2019-04-22,709,06:45:00,Monday,pioneer Village Stn,1,Mechanical,1,1,N/B,1413
2019-04-22,36,06:46:00,Monday,HWLP,9,,4,9,E/B,9108
2019-04-22,929,06:47:00,Monday,WILS,1,Mechanical,9,18,S/B,1002
2019-04-22,6,06:48:00,Monday,Davenport and Dupont,1,Mechanical,4,7,S/B,1146
2019-04-22,46,07:00:00,Monday,Kpsn,9,,11,22,N/B,3278
2019-04-22,141,07:10:00,Monday,ERED,9,,30,30,S/B,1048
2019-04-22,134,07:10:00,Monday,CECO,9,,4,8,W/B,1707
2019-04-22,7,07:15:00,Monday,sheppard / wilson,1,Mechanical,8,16,S/B,8340
2019-04-22,41,07:26:00,Monday,St. regis,5,Investigation,11,23,N/B,9143
2019-04-22,68,07:32:00,Monday,Warden & Manhattan,5,Investigation,5,11,S/B,8870
2019-04-22,42,07:37:00,Monday,Cummer and Bayview,1,Mechanical,12,24,E/B,1390
2019-04-22,95,07:40:00,Monday,ELRT,9,,1,8,W/B,3404
2019-04-22,86,07:51:00,Monday,Kennedy STN,1,Mechanical,18,36,E/B,8920
2019-04-22,134,07:55:00,Monday,CECO Coll Loop,1,Mechanical,4,8,W/B,1341
2019-04-22,116,08:06:00,Monday,Kennedy STN,5,Investigation,6,13,E/B,8960
2019-04-22,36,08:12:00,Monday,HWLP,1,Mechanical,5,10,E/B,9121
2019-04-22,39,08:20:00,Monday,McNicoll and Victoria Pk,1,Mechanical,10,20,N/B,1343
2019-04-22,989,08:27:00,Monday,Nb at Northland Ave,1,Mechanical,12,24,N/B,1411
2019-04-22,85,08:30:00,Monday,Malvern Gate,1,Mechanical,16,32,B/W,3438
2019-04-22,89,08:45:00,Monday,Northland Ave,4,Utilized Off Route,6,12,N/B,1032
2019-04-22,939,08:55:00,Monday,Pharmacy and Finch,1,Mechanical,8,16,N/B,1738
2019-04-22,32,09:09:00,Monday,KEEG,1,Mechanical,7,14,E/B,1205
2019-04-22,87,09:33:00,Monday,main station,1,Mechanical,10,20,N/B,8480
2019-04-22,36,09:51:00,Monday,FWSN,1,Mechanical,9,18,S/B,6859
2019-04-22,131,09:55:00,Monday,STC,1,Mechanical,13,27,N/B,3460
2019-04-22,50,10:00:00,Monday,Entire route,8,General Delay,10,25,B/W,
2019-04-22,32,10:18:00,Monday,Jane and Tretheway,1,Mechanical,11,22,E/B,1418
2019-04-22,52,10:47:00,Monday,Lawrence West Stn,1,Mechanical,14,28,E/B,1228
2019-04-22,17,10:58:00,Monday,Birchmount / St. Clair,1,Mechanical,14,28,N/B,3100
2019-04-22,34,11:00:00,Monday,Route 34- Eglinton East,8,General Delay,22,31,B/W,
2019-04-22,925,11:10:00,Monday,Eglinton/Barber greene,5,Investigation,10,20,S/B,8703
2019-04-22,60,11:25:00,Monday,Pioneer Village,5,Investigation,5,10,W/B,3157
2019-04-22,31,11:32:00,Monday,Greenwood / Athletic,1,Mechanical,12,24,S/B,8538
2019-04-22,73,11:41:00,Monday,RYST,1,Mechanical,10,21,N/B,8097
2019-04-22,32,11:44:00,Monday,EWST,1,Mechanical,11,22,E/B,1033
2019-04-22,11,11:51:00,Monday,steeles loop,1,Mechanical,12,24,S/B,8333
2019-04-22,62,11:54:00,Monday,Main Station,1,Mechanical,22,44,NB,8403
2019-04-22,104,11:58:00,Monday,Wilson stn,1,Mechanical,15,30,N/B,8365
2019-04-22,70,12:00:00,Monday,Victoria Park/Eglinton,8,General Delay,20,37,B/W,
2019-04-22,60,12:00:00,Monday,Keele,1,Mechanical,5,10,E/B,3177
2019-04-22,902,12:03:00,Monday,Markham Road and Ellesmere Rd,3,Diversion,56,71,EB,8533
2019-04-22,102,12:03:00,Monday,Markham Road and Ellesmere Rd,3,Diversion,33,53,EB,8510
2019-04-22,93,12:26:00,Monday,Woodbine / Mortimer,5,Investigation,25,50,S/B,8578
2019-04-22,47,13:19:00,Monday,EARL,1,Mechanical,7,15,S/B,1050
2019-04-22,52,13:49:00,Monday,Lawrence West Stn,1,Mechanical,14,28,E/B,8382
2019-04-22,186,13:50:00,Monday,Westhumber Blvd and Joshua Ave,3,Diversion,12,24,W/B,3202
2019-04-22,96,13:50:00,Monday,Moon Valley Dr and West Humber Blvd,3,Diversion,20,40,W/B,3316
2019-04-22,44,13:59:00,Monday,CSSL,4,Utilized Off Route,7,14,N/B,8019
2019-04-22,609,14:00:00,Monday,Mt. Dennis,4,Utilized Off Route,1,1,S/B,1098
2019-04-22,706,14:01:00,Monday,501 - Parklawn / Lakeshore,4,Utilized Off Route,1,1,B/W,8570
2019-04-22,609,14:02:00,Monday,Old Weston and St. Clair,4,Utilized Off Route,1,1,N/B,1050
2019-04-22,702,14:05:00,Monday,KPSN,4,Utilized Off Route,1,1,S/B,7923
2019-04-22,45,14:09:00,Monday,KPSN,1,Mechanical,10,20,N/B,8417
2019-04-22,41,14:13:00,Monday,At Rogers,1,Mechanical,9,18,S/B,9104
2019-04-22,110,14:20:00,Monday,Long Branch,9,,10,20,N/B,8419
2019-04-22,941,14:26:00,Monday,Finch West Stn,9,,14,28,S/B,1131
2019-04-22,93,14:30:00,Monday,Woodbine Station,1,Mechanical,25,50,B/W,8578
2019-04-22,72,14:32:00,Monday,Pape Station,5,Investigation,16,32,Sb,8603
2019-04-22,97,14:33:00,Monday,Wilson Garage,1,Mechanical,30,60,N/B,8207
2019-04-22,168,14:35:00,Monday,Symington and Dupont,1,Mechanical,10,20,N/B,1141
2019-04-22,47,14:37:00,Monday,QNLA,9,,23,46,N/B,1047
2019-04-22,52,14:39:00,Monday,Glenmount and Lawrence,5,Investigation,6,20,E/B,1363
2019-04-22,601,14:40:00,Monday,Wilson garge,1,Mechanical,1,1,B/W,
2019-04-22,161,14:55:00,Monday,Jane and Alliance,1,Mechanical,9,20,E/B,1077
2019-04-22,953,15:10:00,Monday,MOFI,9,,15,30,W/B,9057
2019-04-22,88,15:10:00,Monday,St.Clair Stn,1,Mechanical,12,24,E/B,8108
2019-04-22,25,15:11:00,Monday,Don Mills Rd/Eglinton Ave E,9,,6,11,N/B,8762
2019-04-22,165,15:15:00,Monday,Finch and Weston,9,,8,16,W/B,3177
2019-04-22,71,15:15:00,Monday,Rockcliffe and Alliance,1,Mechanical,19,38,S/B,1106
2019-04-22,56,15:15:00,Monday,Donlands station,9,,18,36,N/B,1375
2019-04-22,116,15:16:00,Monday,Morningside & Lawrence,9,,7,13,E/B,8810
2019-04-22,935,15:23:00,Monday,ARGA,1,Mechanical,10,20,E/B,3367
2019-04-22,34,15:35:00,Monday,kenn,9,,4,9,W/B,8681
2019-04-22,110,15:35:00,Monday,Birmingham and Islington,1,Mechanical,12,24,N/B,8613
2019-04-22,939,15:37:00,Monday,Brimley Rd,1,Mechanical,18,36,W/B,1649
2019-04-22,144,15:51:00,Monday,Jarvis St/Richmond St,9,,15,35,W/B,8811
2019-04-22,952,16:01:00,Monday,Caledonia and Lawrence,1,Mechanical,12,24,W/B,8167
2019-04-22,24,16:04:00,Monday,Eglinton and Victoria park,1,Mechanical,16,32,N/B,8455
2019-04-22,132,16:12:00,Monday,NEMI,1,Mechanical,13,25,W/B,1566
2019-04-22,52,16:31:00,Monday,Lawrence station,9,,20,40,W/B,1355
2019-04-22,161,16:35:00,Monday,Bloor / Concord ( outside Ossington stn),5,Investigation,13,26,W/B,1357
2019-04-22,41,16:50:00,Monday,Keele / Eglinton,1,Mechanical,10,20,N/B,1329
2019-04-22,95,16:57:00,Monday,YKMS,1,Mechanical,11,21,E/B,3412
2019-04-22,134,17:09:00,Monday,Progress and Markham,1,Mechanical,5,10,E/B,1714
2019-04-22,141,17:21:00,Monday,Jarvis and Richmond,9,,30,30,W/B,1263
2019-04-22,102,17:30:00,Monday,Markham Road / WAST,1,Mechanical,1,1,N/B,8519
2019-04-22,47,17:35:00,Monday,Tycos and Caledonia,3,Diversion,65,80,B/W,
2019-04-22,47,17:35:00,Monday,Tycos and Caledonia,6,Emergency Services,27,54,N/B,1122
2019-04-22,23,17:38:00,Monday,Dawes Road / MSTN,1,Mechanical,7,14,N/B,8437
2019-04-22,51,17:44:00,Monday,Leslie Atn,1,Mechanical,18,36,N/B,8125
2019-04-22,47,17:45:00,Monday,Glencairn and Caledonia,1,Mechanical,14,28,S/B,1047
2019-04-22,14,17:55:00,Monday,Caledonia / Glencairn,3,Diversion,45,68,BW,
2019-04-22,186,18:02:00,Monday,Yorkmills Station,1,Mechanical,11,22,W/B,1320
2019-04-22,96,18:05:00,Monday,Yonge Blvd and Wilson,6,Emergency Services,22,44,W/B,3331
2019-04-22,924,18:55:00,Monday,Eglinto and Victoria park,1,Mechanical,9,18,S/B,3114
2019-04-22,34,18:58:00,Monday,Eglinton at Hakimi,1,Mechanical,5,9,W/B,8778
2019-04-22,902,19:36:00,Monday,McCowan and Kingston,5,Investigation,10,20,N/B,9210
2019-04-22,50,20:00:00,Monday,Islington Station to Mill Rd Loop,8,General Delay,15,30,B/W,
2019-04-22,54,20:28:00,Monday,RTLS,1,Mechanical,13,27,E/B,8728
2019-04-22,935,20:45:00,Monday,Jane/Weston,1,Mechanical,9,18,N/B,3136
2019-04-22,68,20:56:00,Monday,WLAS,1,Mechanical,21,34,S/B,8854
2019-04-22,900,21:05:00,Monday,Kipling Station,1,Mechanical,10,20,N/B,8004
2019-04-22,85,21:07:00,Monday,MGAT,1,Mechanical,16,32,E/B,3420
2019-04-22,36,21:16:00,Monday,Finch W Stn,9,,5,10,,3367
2019-04-22,41,21:20:00,Monday,Old Weston / St .Clair,1,Mechanical,10,20,N/B,1144
2019-04-22,96,21:25:00,Monday,Humberline Loop,3,Diversion,19,38,E/B,3185
2019-04-22,47,22:16:00,Monday,Lawrence and Caledonia,1,Mechanical,11,31,N/B,1127
2019-04-22,168,22:30:00,Monday,Entire Route,8,General Delay,20,30,B/W,
2019-04-22,24,22:38:00,Monday,Steeles loop at Victoria park,5,Investigation,1,1,N/B,8475
2019-04-22,169,22:52:00,Monday,Don Mills Station,1,Mechanical,30,60,E/B,1383
2019-04-22,39,23:55:00,Monday,Markham Road,1,Mechanical,9,18,W/B,1794
2019-04-23,35,01:18:00,Tuesday,Folkes St,5,Investigation,15,30,N/B,3310
2019-04-23,35,01:34:00,Tuesday,Weatherell St,5,Investigation,15,30,N/B,3138
2019-04-23,54,02:50:00,Tuesday,Eglinton Station,6,Emergency Services,1,1,E/B,8792
2019-04-23,45,04:20:00,Tuesday,Kipling at Steeles,9,,10,10,S/B,8418
2019-04-23,29,04:23:00,Tuesday,Dufferin and Lawerance,9,,13,43,N/B,9037
2019-04-23,363,04:50:00,Tuesday,Eglinton West Station,9,,15,1,S/B,1302
2019-04-23,939,05:00:00,Tuesday,939 Finch Express Route,8,General Delay,10,18,B/W,3455
2019-04-23,91,05:00:00,Tuesday,Bermondsey / Sloane / Eglinton,3,Diversion,1,1,B/W,9236
2019-04-23,39,05:00:00,Tuesday,39 Finch Route-All Branch,8,General Delay,10,16,B/W,1323
2019-04-23,24,05:00:00,Tuesday,victoria park route,8,General Delay,15,1,B/W,
2019-04-23,35,05:07:00,Tuesday,PKAI,9,,10,20,N/B,3263
2019-04-23,70,05:13:00,Tuesday,CSTN,9,,17,17,N/B,8703
2019-04-23,25,05:23:00,Tuesday,DDAN,9,,1,1,W/B,8810
2019-04-23,67,05:29:00,Tuesday,DAVP,9,,24,24,N/B,3124
2019-04-23,67,05:30:00,Tuesday,PHRA,9,,14,14,S/B,3119
2019-04-23,300,05:33:00,Tuesday,DDAN,9,,25,35,W/B,8810
2019-04-23,25,05:36:00,Tuesday,PSTN,9,,5,10,N/B,8630
2019-04-23,85,05:40:00,Tuesday,RHGO,9,,13,29,W/B,3534
2019-04-23,52,05:40:00,Tuesday,LSTA,9,,12,1,W/B,8341
2019-04-23,929,05:50:00,Tuesday,DLAW,9,,8,8,N/B,9148
2019-04-23,67,05:58:00,Tuesday,VICT,9,,4,21,N/B,8708
2019-04-23,88,06:06:00,Tuesday,THORNCLIFFE PK. AT OVERLEA BLVD.,9,,20,20,E/B,8127
2019-04-23,43,06:09:00,Tuesday,Kennedy Station,4,Utilized Off Route,10,20,N/B,8814
2019-04-23,20,06:10:00,Tuesday,sibley and danforth,3,Diversion,135,146,B/W,
2019-04-23,113,06:10:00,Tuesday,Sibley and Danforth,3,Diversion,135,147,B/W,
2019-04-23,300,06:12:00,Tuesday,Danforth/Sibley ave,3,Diversion,12,42,E/B,
2019-04-23,12,06:13:00,Tuesday,victoria park station,1,Mechanical,14,28,W/B,8482
2019-04-23,115,06:14:00,Tuesday,YKMS,9,,20,40,E/B,8326
2019-04-23,88,06:14:00,Tuesday,THORNCLIFFE PK. AT OVERLEA BLVD,1,Mechanical,10,21,S/B,8392
2019-04-23,52,06:16:00,Tuesday,Wilson Heights and Wilson Ave,1,Mechanical,7,22,E/B,8315
2019-04-23,29,06:17:00,Tuesday,DLAW,9,,7,15,N/B,9048
2019-04-23,985,06:18:00,Tuesday,MGAT,9,,10,20,W/B,9061
2019-04-23,24,06:21:00,Tuesday,Victoria Park Station,3,Diversion,10,20,NB,9213
2019-04-23,925,06:27:00,Tuesday,PSTN,9,,6,14,N/B,3122
2019-04-23,108,06:27:00,Tuesday,SWST,9,,15,27,W/B,3215
2019-04-23,68,06:30:00,Tuesday,Warden Loop,1,Mechanical,5,11,S/B,8863
2019-04-23,49,06:31:00,Tuesday,KPSN,9,,9,18,E/B,8064
2019-04-23,939,06:34:00,Tuesday,Mornignside and Nightstar,9,,8,16,W/B,1501
2019-04-23,39,06:38:00,Tuesday,Old Finch and Moningview trl,9,,15,30,W/B,1759
2019-04-23,35,06:38:00,Tuesday,Jane & Wilson,5,Investigation,7,15,S/B,3324
2019-04-23,102,06:42:00,Tuesday,Warden Station,3,Diversion,20,40,EB,9210
2019-04-23,927,06:43:00,Tuesday,Kipling Station,9,,13,26,N/B,3291
2019-04-23,954,06:44:00,Tuesday,Starspray Loop,1,Mechanical,9,18,W/B,8649
2019-04-23,108,06:46:00,Tuesday,SWST,9,,12,24,W/B,3350
2019-04-23,100,06:46:00,Tuesday,DMWF,9,,3,7,S/B,8836
2019-04-23,45,06:47:00,Tuesday,KIPLING AND EGLINTON,1,Mechanical,6,10,S/B,7944
2019-04-23,122,06:48:00,Tuesday,YKMS,4,Utilized Off Route,9,18,E/B,8120
2019-04-23,927,06:51:00,Tuesday,Humber College,9,,13,26,S/B,3364
2019-04-23,60,06:57:00,Tuesday,Signal Hill,9,,7,14,E/B,3177
2019-04-23,25,06:57:00,Tuesday,DONS,5,Investigation,6,12,N/B,8633
2019-04-23,130,07:00:00,Tuesday,McCowan under SRT Bridge,3,Diversion,300,315,B/W,1331
2019-04-23,132,07:00:00,Tuesday,McCowan under SRT Bridge,3,Diversion,300,315,B/W,1725
2019-04-23,939,07:00:00,Tuesday,McCowan under SRT Bridge,3,Diversion,420,429,S/B,1668
2019-04-23,73,07:00:00,Tuesday,73 Route albion to clairport,8,General Delay,20,40,B/W,8000
2019-04-23,985,07:03:00,Tuesday,DONS,9,,7,17,E/B,9066
2019-04-23,39,07:05:00,Tuesday,Old Finch and Morningview Trl,1,Mechanical,15,30,W/B,3539
2019-04-23,902,07:08:00,Tuesday,Markham Road and Tuxedo Ct,1,Mechanical,10,20,SB,8479
2019-04-23,32,07:09:00,Tuesday,REGW,9,,7,14,E/B,1065
2019-04-23,902,07:20:00,Tuesday,Warden Station,9,,10,20,EB,9233
2019-04-23,29,07:28:00,Tuesday,PRGT,1,Mechanical,7,15,N/B,9048
2019-04-23,939,07:30:00,Tuesday,Willowdale and Finch,1,Mechanical,8,16,W/B,1501
2019-04-23,52,07:39:00,Tuesday,Skyway Ave and Dixon Rd,5,Investigation,15,23,W/B,8395
2019-04-23,36,07:43:00,Tuesday,Finch West Station,1,Mechanical,5,10,E/B,9127
2019-04-23,85,07:47:00,Tuesday,Warden and Sheppard,5,Investigation,16,32,E/B,3411
2019-04-23,945,07:55:00,Tuesday,KIPLING AND ALBION,1,Mechanical,5,10,N/B,8021
2019-04-23,22,08:00:00,Tuesday,Dawes Route,8,General Delay,10,20,BW,0
2019-04-23,50,08:00:00,Tuesday,Islington Station to Mill road loop,8,General Delay,10,20,B/W,7967
2019-04-23,102,08:00:00,Tuesday,Markham Road Route,8,General Delay,10,20,BW,0
2019-04-23,34,08:00:00,Tuesday,Route 34- Eglinton East,8,General Delay,25,29,B/W,
2019-04-23,121,08:00:00,Tuesday,Fort York Route,8,General Delay,10,1,B/W,
2019-04-23,935,08:00:00,Tuesday,Entire 935 Jane Express Route Bothways,8,General Delay,13,22,B/W,
2019-04-23,35,08:00:00,Tuesday,Entire 35 Jane Route Bothways,8,General Delay,12,20,B/W,
2019-04-23,47,08:00:00,Tuesday,Lansdown and Bloor,8,General Delay,10,15,S/B,
2019-04-23,122,08:00:00,Tuesday,Duncan Mill and Lesmill,8,General Delay,120,1,B/W,
2019-04-23,70,08:00:00,Tuesday,Multiple locations,8,General Delay,30,37,B/W,
2019-04-23,133,08:30:00,Tuesday,STC to MOFI,8,General Delay,12,23,E/B,
2019-04-23,75,08:30:00,Tuesday,Lakeshore to Maple,8,General Delay,5,9,B/W,
2019-04-23,112,08:30:00,Tuesday,RENFORTH AND 401,3,Diversion,121,107,S/B,
2019-04-23,90,08:30:00,Tuesday,St.claire west stn to Oakwood,8,General Delay,4,7,B/W,
2019-04-23,51,08:38:00,Tuesday,Eglinton Station,1,Mechanical,17,34,N/B,8335
2019-04-23,5,08:42:00,Tuesday,Eglinton Station,1,Mechanical,15,28,S/B,8387
2019-04-23,133,08:50:00,Tuesday,stc,1,Mechanical,11,22,N/B,3406
2019-04-23,68,08:51:00,Tuesday,Warden & 401,3,Diversion,73,83,N/B,8855
2019-04-23,54,08:55:00,Tuesday,Lawrence SRT Station,1,Mechanical,9,18,E/B,3126
2019-04-23,72,09:00:00,Tuesday,Pape Route,8,General Delay,16,32,BW,0
2019-04-23,76,09:00:00,Tuesday,76 and 73 route,8,General Delay,20,30,B/W,8027
2019-04-23,44,09:23:00,Tuesday,KPSN,5,Investigation,6,12,N/B,8066
2019-04-23,51,09:30:00,Tuesday,Eglinton and Dunfield,8,General Delay,15,31,B/W,
2019-04-23,56,09:30:00,Tuesday,Eglinton and Dunfield,8,General Delay,180,1,B/W,
2019-04-23,85,09:53:00,Tuesday,DONS,1,Mechanical,7,14,E/B,3483
2019-04-23,54,10:30:00,Tuesday,Eglinton & Dunfield,8,General Delay,25,34,BW,
2019-04-23,85,10:58:00,Tuesday,shep,1,Mechanical,22,44,E/B,3472
2019-04-23,112,11:02:00,Tuesday,RENFORTH AND EGLINTON,5,Investigation,20,40,N/B,8613
2019-04-23,129,11:18:00,Tuesday,stc,1,Mechanical,14,21,N/B,1744
2019-04-23,100,11:24:00,Tuesday,DMWF,1,Mechanical,6,12,S/B,8762
2019-04-23,91,12:00:00,Tuesday,All of Route,8,General Delay,25,50,B/W,8558
2019-04-23,50,12:00:00,Tuesday,50 ROUTE,8,General Delay,20,40,B/W,7967
2019-04-23,110,12:00:00,Tuesday,Islington Evans,6,Emergency Services,10,20,N/B,8041
2019-04-23,944,12:20:00,Tuesday,KPSN,1,Mechanical,8,16,S/B,8414
2019-04-23,134,12:35:00,Tuesday,STC,1,Mechanical,15,30,E/B,9085
2019-04-23,36,12:49:00,Tuesday,Finch Station,1,Mechanical,5,10,E/B,3351
2019-04-23,86,12:50:00,Tuesday,Meadowvale Loop at Sheppard,1,Mechanical,10,20,N/B,8900
2019-04-23,134,13:03:00,Tuesday,STC,1,Mechanical,7,13,E/B,9097
2019-04-23,29,13:15:00,Tuesday,WILS,1,Mechanical,7,15,S/B,9151
2019-04-23,85,13:33:00,Tuesday,dons,1,Mechanical,22,44,W/B,1504
2019-04-23,50,14:00:00,Tuesday,Islington Station to Mill Road Loop,8,General Delay,15,31,B/W,
2019-04-23,73,14:00:00,Tuesday,Lakeshore and Mimico to Claireport,8,General Delay,15,25,B/W,
2019-04-23,37,14:00:00,Tuesday,Islington Station to Steeles and Humberwood Loop,8,General Delay,15,34,B/W,
2019-04-23,45,14:00:00,Tuesday,ENTIRE ROUTE,8,General Delay,10,30,B/W,
2019-04-23,87,14:07:00,Tuesday,Linsmore Cres / Cosburn,5,Investigation,10,20,W/B,9208
2019-04-23,45,14:27:00,Tuesday,Kipling station,1,Mechanical,3,10,N/B,7945
2019-04-23,54,14:29:00,Tuesday,ESTN,9,,11,21,E/B,8668
2019-04-23,129,14:31:00,Tuesday,STC,1,Mechanical,15,28,N/B,1810
2019-04-23,52,14:40:00,Tuesday,LSTA,1,Mechanical,14,28,W/B,8376
2019-04-23,32,14:50:00,Tuesday,Michael Power school,9,,5,5,E/B,1144
2019-04-23,29,14:50:00,Tuesday,Entire route,8,General Delay,10,20,B/W,
2019-04-23,6,14:51:00,Tuesday,MMCL,9,,5,10,S/B,1085
2019-04-23,161,14:55:00,Tuesday,Jane and Alliance,9,,9,20,E/B,1073
2019-04-23,97,14:55:00,Tuesday,park home to north york blvd,3,Diversion,30,60,S/B,
2019-04-23,79,14:57:00,Tuesday,RUST,9,,18,33,N/B,1014
2019-04-23,944,15:00:00,Tuesday,KIPLING AND TORLAKE,1,Mechanical,8,16,S/B,8416
2019-04-23,122,15:00:00,Tuesday,YKMS to Roywood,8,General Delay,20,32,B/W,
2019-04-23,6,15:00:00,Tuesday,Various intersections ( Dundas/front/queen/davenport),8,General Delay,30,40,B/W,
2019-04-23,52,15:00:00,Tuesday,WMALL to LSTN,8,General Delay,20,40,B/W,
2019-04-23,11,15:00:00,Tuesday,Davsiville Stn to Steeles loop,8,General Delay,22,36,B/W,
2019-04-23,117,15:00:00,Tuesday,Sheppard West station,1,Mechanical,14,34,N/B,8340
2019-04-23,56,15:00:00,Tuesday,Eglinton Stn to Don lands Stn,8,General Delay,34,52,B/W,
2019-04-23,115,15:00:00,Tuesday,YKMS to BASV,8,General Delay,10,35,B/W,
2019-04-23,952,15:00:00,Tuesday,Airport to Lawrence station,8,General Delay,15,27,B/W,
2019-04-23,925,15:00:00,Tuesday,Pape STN to Freshmeadow Dr/Don Mills Rd,8,General Delay,20,28,B/W,
2019-04-23,67,15:00:00,Tuesday,Pharmacy Ave/Eglinton Ave E,8,General Delay,20,30,B/W,
2019-04-23,34,15:00:00,Tuesday,ESTN to Dom Mills,8,General Delay,25,35,B/W,
2019-04-23,25,15:00:00,Tuesday,Pape STN to Freshmeadow Dr/Don Mills rd,8,General Delay,20,26,B/W,
2019-04-23,953,15:04:00,Tuesday,Finch Stn,9,,15,15,E/B,9068
2019-04-23,98,15:08:00,Tuesday,Wilson Garage,1,Mechanical,15,30,E/B,8163
2019-04-23,73,15:13:00,Tuesday,Oak and Weston rd.,1,Mechanical,14,28,S/B,7913
2019-04-23,929,15:15:00,Tuesday,Spring Hurst on Dufferin,1,Mechanical,10,20,S/B,9047
2019-04-23,11,15:16:00,Tuesday,Davisville station,1,Mechanical,7,14,N/B,8153
2019-04-23,129,15:19:00,Tuesday,Major Mackenzie/Mccowan,5,Investigation,22,39,S/B,1666
2019-04-23,132,15:27:00,Tuesday,McLevin and Sewells,5,Investigation,13,25,N/B,1398
2019-04-23,75,15:30:00,Tuesday,Sherbourne route,8,General Delay,20,20,B/W,
2019-04-23,135,15:34:00,Tuesday,,5,Investigation,20,40,S/B,8524
2019-04-23,116,15:39:00,Tuesday,Morningside & Lawrence,9,,6,13,E/B,8834
2019-04-23,111,15:40:00,Tuesday,Kipling Station,1,Mechanical,10,20,N/B,8426
2019-04-23,905,15:45:00,Tuesday,Kennedy Station,1,Mechanical,9,18,E/B,8659
2019-04-23,29,15:45:00,Tuesday,WILS,1,Mechanical,7,17,S/B,9052
2019-04-23,143,15:46:00,Tuesday,Garage,9,,25,50,W/B,8430
2019-04-23,144,15:51:00,Tuesday,Jarvis St/Richmond St to Victoria Park Ave/Parkwoods Village,8,General Delay,20,40,B/W,
2019-04-23,954,15:53:00,Tuesday,STSP,9,,11,22,W/B,3126
2019-04-23,73,15:53:00,Tuesday,,1,Mechanical,14,28,S/B,8060
2019-04-23,53,15:58:00,Tuesday,Between Yonge and Markham on Steeles,8,General Delay,15,30,E/B,
2019-04-23,51,16:00:00,Tuesday,Eglinton Stn toFreshmeadows at Don Mills,8,General Delay,45,63,B/W,1
2019-04-23,89,16:00:00,Tuesday,Entire Route,8,General Delay,25,50,BW,
2019-04-23,41,16:00:00,Tuesday,Entire Route,8,General Delay,25,50,BW,
2019-04-23,23,16:00:00,Tuesday,Dawes Road / MSTN,8,General Delay,10,20,B/W,
2019-04-23,986,16:01:00,Tuesday,Meadowvale Loop,9,,10,20,E/B,8901
2019-04-23,97,16:06:00,Tuesday,YKMLS to Queens Quay,8,General Delay,22,52,B/W,
2019-04-23,85,16:07:00,Tuesday,MGAT,1,Mechanical,16,32,W/B,3254
2019-04-23,143,16:11:00,Tuesday,Garage,9,,25,50,W/B,3101
2019-04-23,45,16:13:00,Tuesday,Kipling and Dixon,5,Investigation,4,8,N/B,8045
2019-04-23,121,16:22:00,Tuesday,MLCH,4,Utilized Off Route,15,30,W/B,8497
2019-04-23,32,16:30:00,Tuesday,Jane and Emmett,4,Utilized Off Route,9,17,E/B,1354
2019-04-23,929,16:30:00,Tuesday,DLAW,1,Mechanical,10,20,S/B,9033
2019-04-23,41,16:30:00,Tuesday,PVST,4,Utilized Off Route,1,1,N/B,9104
2019-04-23,51,16:30:00,Tuesday,Eglinton Station to Freshmeadow/Don Mills,8,General Delay,22,40,B/W,
2019-04-23,11,16:30:00,Tuesday,Davisville Stn,1,Mechanical,14,28,N/B,8153
2019-04-23,43,16:31:00,Tuesday,KENN,1,Mechanical,15,30,E/B,8759
2019-04-23,63,16:36:00,Tuesday,Eglinton West Station,1,Mechanical,8,16,S/B,8352
2019-04-23,954,16:38:00,Tuesday,STSP,9,,11,22,W/B,8784
2019-04-23,7,16:38:00,Tuesday,Bathurst and Dupont,6,Emergency Services,7,15,N/B,8115
2019-04-23,29,16:47:00,Tuesday,QUDF,5,Investigation,8,15,S/B,9051
2019-04-23,53,16:53:00,Tuesday,PAMK,1,Mechanical,5,11,W/B,1566
2019-04-23,941,17:00:00,Tuesday,Finch West stn,4,Utilized Off Route,1,1,N/B,1423
2019-04-23,143,17:00:00,Tuesday,Adelaide from Spadina to Paqrliament,8,General Delay,50,75,B/W,
2019-04-23,63,17:00:00,Tuesday,Atlantic/ King to Eglinton West Station,8,General Delay,20,30,B/W,
2019-04-23,50,17:00:00,Tuesday,Entire route,8,General Delay,13,30,B/W,8056
2019-04-23,989,17:09:00,Tuesday,Keele / Annette,5,Investigation,10,20,S/B,1056
2019-04-23,134,17:25:00,Tuesday,STC,4,Utilized Off Route,5,10,E/B,1787
2019-04-23,95,17:29:00,Tuesday,Bayview on York Mills,1,Mechanical,10,20,E/B,3498
2019-04-23,124,17:35:00,Tuesday,Lawrence stn to sunnybrook,8,General Delay,22,30,B/W,
2019-04-23,89,17:40:00,Tuesday,Keele stn,4,Utilized Off Route,9,18,N/B,1096
2019-04-23,75,17:44:00,Tuesday,South drive and Elm,5,Investigation,7,14,N/B,1285
2019-04-23,902,17:47:00,Tuesday,Kennedy and St.Clair,1,Mechanical,10,20,W/B,9211
2019-04-23,75,17:50:00,Tuesday,Glem road and Elm,3,Diversion,90,97,N/B,1233
2019-04-23,11,17:57:00,Tuesday,Davisville station,1,Mechanical,7,14,N/B,8333
2019-04-23,960,18:12:00,Tuesday,PVST,1,Mechanical,15,30,S/B,3327
2019-04-23,73,18:15:00,Tuesday,Oak and Weston,5,Investigation,14,28,S/B,8617
2019-04-23,38,18:16:00,Tuesday,STC,5,Investigation,13,26,E/B,1391
2019-04-23,53,18:29:00,Tuesday,Kennedy and Steeles,1,Mechanical,5,11,W/B,1712
2019-04-23,52,18:30:00,Tuesday,Lawrence west station,1,Mechanical,4,8,E/B,1215
2019-04-23,929,18:46:00,Tuesday,PRGT,1,Mechanical,10,20,N/B,9056
2019-04-23,169,19:05:00,Tuesday,Scarborough Town Centre,5,Investigation,30,60,W/B,8158
2019-04-23,35,19:08:00,Tuesday,JNST,1,Mechanical,8,12,S/B,1274
2019-04-23,20,19:09:00,Tuesday,Midland / Wilkie Ave,5,Investigation,20,40,N/B,8541
2019-04-23,29,19:15:00,Tuesday,WILS,1,Mechanical,8,16,S/B,9149
2019-04-23,52,19:22:00,Tuesday,Lawrence west station,1,Mechanical,11,22,E/B,8113
2019-04-23,47,19:39:00,Tuesday,Dupont and Caledonia,5,Investigation,20,40,N/B,1380
2019-04-23,54,19:52:00,Tuesday,STSP,1,Mechanical,13,27,W/B,8798
2019-04-23,905,20:09:00,Tuesday,Eglinton & Brimley,1,Mechanical,13,26,E/B,8772
2019-04-23,65,20:26:00,Tuesday,Wellesley and Parliament,5,Investigation,18,36,N/B,8937
2019-04-23,939,20:38:00,Tuesday,Finch West Stn,5,Investigation,13,26,E/B,3455
2019-04-23,87,20:50:00,Tuesday,BRST,4,Utilized Off Route,10,20,E/B,8575
2019-04-23,939,20:51:00,Tuesday,Finch West Stn,5,Investigation,13,26,E/B,3481
2019-04-23,29,21:30:00,Tuesday,Eglinton and Dufferin,6,Emergency Services,8,16,N/B,9044
2019-04-23,36,21:36:00,Tuesday,Hwy 27 and Finch,5,Investigation,8,16,,9108
2019-04-23,85,21:40:00,Tuesday,Shep/Bay Mills,5,Investigation,16,32,W/B,3450
2019-04-23,54,22:02:00,Tuesday,RTLS,6,Emergency Services,13,27,E/B,8681
2019-04-23,85,22:20:00,Tuesday,Ken/Shep,5,Investigation,16,32,E/B,3439
2019-04-23,609,23:07:00,Tuesday,Dupont and St George,4,Utilized Off Route,1,1,W/B,1071
2019-04-23,86,23:42:00,Tuesday,Meadowvale & Ellesmere,5,Investigation,10,19,N/B,8923
2019-04-23,85,23:55:00,Tuesday,Sheppard and Midland,4,Utilized Off Route,20,40,W/B,1829
2019-04-24,315,03:50:00,Wednesday,Kipling,3,Diversion,15,1,N/B,7977
2019-04-24,320,04:35:00,Wednesday,Steeles and Yonge,9,,15,30,S/B,8374
2019-04-24,35,04:57:00,Wednesday,PKAI,9,,9,18,N/B,3191
2019-04-24,39,05:00:00,Wednesday,39 Finch Route-All Branch,8,General Delay,10,24,B/W,3516
2019-04-24,939,05:00:00,Wednesday,939 Finch Express-All Branch,8,General Delay,10,19,B/W,1707
2019-04-24,25,05:05:00,Wednesday,PSTN,5,Investigation,1,1,N/B,8776
2019-04-24,9,05:10:00,Wednesday,Warden Station,9,,15,30,EB,8433
2019-04-24,39,05:11:00,Wednesday,Baldoon and Finch,9,,10,20,E/B,3516
2019-04-24,108,05:13:00,Wednesday,STON,9,,20,40,W/B,3147
2019-04-24,87,05:15:00,Wednesday,Broadview Station,9,,5,10,NB,8477
2019-04-24,25,05:23:00,Wednesday,EGGA,9,,1,1,W/B,8692
2019-04-24,43,05:33:00,Wednesday,Scarborough Town Station,9,,4,4,W/B,8709
2019-04-24,300,05:33:00,Wednesday,DDAN,9,,25,35,W/B,8692
2019-04-24,165,05:39:00,Wednesday,YKMS,9,,5,10,W/B,1316
2019-04-24,34,05:39:00,Wednesday,ESTN,9,,12,24,E/B,8714
2019-04-24,43,05:47:00,Wednesday,Midland & Steeles,9,,20,30,S/B,3127
2019-04-24,84,05:51:00,Wednesday,Sheppard & Arrow,9,,9,18,E/B,3157
2019-04-24,939,05:51:00,Wednesday,McCowan and Sheppard,9,,8,16,N/B,1707
2019-04-24,54,05:54:00,Wednesday,Starpray Loop,9,,9,18,W/B,8638
2019-04-24,73,05:54:00,Wednesday,Royal york at Evans,1,Mechanical,10,20,S/B,8043
2019-04-24,54,05:57:00,Wednesday,Eglinton Station,9,,9,16,E/B,8681
2019-04-24,924,05:58:00,Wednesday,victoria park and sheppard,9,,10,20,N/B,8450
2019-04-24,16,06:00:00,Wednesday,warden station,9,,9,18,N/B,8937
2019-04-24,130,06:00:00,Wednesday,STC,1,Mechanical,20,40,E/B,1333
2019-04-24,610,06:00:00,Wednesday,VICT,4,Utilized Off Route,1,1,N/B,8894
2019-04-24,606,06:00:00,Wednesday,Warden Station,4,Utilized Off Route,1,1,BW,8936
2019-04-24,900,06:01:00,Wednesday,Kipling Station,5,Investigation,10,24,N/B,8000
2019-04-24,123,06:01:00,Wednesday,Kipling stn,5,Investigation,15,30,W/B,7933
2019-04-24,6,06:01:00,Wednesday,Davenport and Dupont,5,Investigation,11,22,N/B,1144
2019-04-24,701,06:02:00,Wednesday,Wilson Station,4,Utilized Off Route,1,1,E/B,8128
2019-04-24,929,06:02:00,Wednesday,DLAW,9,,8,14,S/B,9056
2019-04-24,600,06:03:00,Wednesday,Wilson Garage,4,Utilized Off Route,1,1,E/B,8205
2019-04-24,939,06:03:00,Wednesday,Morningside and Nightstar,9,,8,16,N/B,1721
2019-04-24,36,06:03:00,Wednesday,FWSN,9,,4,9,W/B,3250
2019-04-24,600,06:04:00,Wednesday,Eglinton Station,4,Utilized Off Route,1,1,E/B,1321
2019-04-24,102,06:05:00,Wednesday,Warden Station,4,Utilized Off Route,20,40,eb,8401
2019-04-24,607,06:05:00,Wednesday,STC SRT,4,Utilized Off Route,1,1,S/B,3557
2019-04-24,32,06:05:00,Wednesday,EWST,1,Mechanical,7,14,E/B,1123
2019-04-24,607,06:05:00,Wednesday,Don Mills Station,4,Utilized Off Route,1,1,S/B,1825
2019-04-24,22,06:07:00,Wednesday,Coxwell Station,4,Utilized Off Route,7,15,SB,8500
2019-04-24,25,06:08:00,Wednesday,EGGA,9,,5,10,N/B,8741
2019-04-24,17,06:08:00,Wednesday,Warden Station,4,Utilized Off Route,7,14,EB,8404
2019-04-24,953,06:09:00,Wednesday,FSTN,1,Mechanical,7,7,E/B,9080
2019-04-24,607,06:09:00,Wednesday,Malvern Gate,4,Utilized Off Route,1,1,S/B,3417
2019-04-24,43,06:09:00,Wednesday,Kennedy Station,4,Utilized Off Route,10,20,N/B,8829
2019-04-24,56,06:09:00,Wednesday,DSTN,4,Utilized Off Route,9,19,N/B,1382
2019-04-24,701,06:10:00,Wednesday,STC SRT,4,Utilized Off Route,1,1,S/B,1568
2019-04-24,34,06:10:00,Wednesday,Concorde,4,Utilized Off Route,9,18,,8650
2019-04-24,25,06:12:00,Wednesday,EGGA,4,Utilized Off Route,5,10,N/B,8741
2019-04-24,25,06:12:00,Wednesday,PSTN,4,Utilized Off Route,5,10,N/B,8885
2019-04-24,12,06:14:00,Wednesday,kennedy stn,9,,15,30,S/B,8482
2019-04-24,23,06:15:00,Wednesday,Main Station,4,Utilized Off Route,12,18,EB,8429
2019-04-24,985,06:18:00,Wednesday,Malvern Gate,9,,5,10,W/B,9089
2019-04-24,100,06:18:00,Wednesday,DMWF,4,Utilized Off Route,3,7,,8713
2019-04-24,68,06:18:00,Wednesday,Warden Station,4,Utilized Off Route,5,10,N/B,8831
2019-04-24,112,06:20:00,Wednesday,Kipling Station,1,Mechanical,14,28,N/B,7914
2019-04-24,72,06:20:00,Wednesday,Carlaw and Eastern,4,Utilized Off Route,16,31,SB,9233
2019-04-24,61,06:22:00,Wednesday,Bombay Loop at  Hwy 401,9,,10,20,S/B,1351
2019-04-24,71,06:25:00,Wednesday,GUNN,1,Mechanical,18,36,S/B,1114
2019-04-24,954,06:26:00,Wednesday,Starspray Loop,9,,5,5,W/B,8634
2019-04-24,610,06:30:00,Wednesday,Warden Station,4,Utilized Off Route,1,1,N/B,8929
2019-04-24,95,06:30:00,Wednesday,Ellesmere SRT at Kennedy Rd,4,Utilized Off Route,16,16,S/B,3408
2019-04-24,32,06:30:00,Wednesday,EWST,9,,11,22,W/B,1529
2019-04-24,985,06:30:00,Wednesday,DONS to SLP,8,General Delay,19,29,B/W,
2019-04-24,85,06:34:00,Wednesday,Sheppard Lopp at Meadowvale,9,,16,32,N/B,3444
2019-04-24,78,06:35:00,Wednesday,CRLK,9,,10,30,W/B,8210
2019-04-24,129,06:35:00,Wednesday,STC,1,Mechanical,15,30,N/B,1712
2019-04-24,985,06:36:00,Wednesday,DONS,1,Mechanical,10,10,E/B,9071
2019-04-24,63,06:37:00,Wednesday,Eglinton Stn,9,,4,7,S/B,1302
2019-04-24,129,06:40:00,Wednesday,STC,4,Utilized Off Route,10,5,N/B,1724
2019-04-24,79,06:50:00,Wednesday,RUST,1,Mechanical,9,17,N/B,1614
2019-04-24,122,06:51:00,Wednesday,YKMS,4,Utilized Off Route,9,18,E/B,8121
2019-04-24,46,06:54:00,Wednesday,KPSN,1,Mechanical,11,22,N/B,3361
2019-04-24,36,06:57:00,Wednesday,FWES,9,,18,36,W/B,3322
2019-04-24,129,06:59:00,Wednesday,Sheppard and McCowan,1,Mechanical,15,30,N/B,1332
2019-04-24,132,07:00:00,Wednesday,McCowan under SRT Bridge,3,Diversion,300,315,S/B,1550
2019-04-24,939,07:00:00,Wednesday,McCowan under SRT Bridge,3,Diversion,215,224,S/B,1534
2019-04-24,46,07:00:00,Wednesday,KPSN,9,,11,22,N/B,3143
2019-04-24,130,07:00:00,Wednesday,McCowan under SRT Bridge,3,Diversion,300,315,S/B,1333
2019-04-24,112,07:03:00,Wednesday,Kipling Station,1,Mechanical,14,28,N/B,8023
2019-04-24,6,07:08:00,Wednesday,Davenport and Dupont,1,Mechanical,5,10,S/B,1048
2019-04-24,6,07:09:00,Wednesday,Davenport and Dupont,9,,5,10,S/B,1418
2019-04-24,985,07:15:00,Wednesday,DONS,1,Mechanical,10,20,E/B,9079
2019-04-24,130,07:20:00,Wednesday,Midland and Steeles,9,,16,32,N/B,3540
2019-04-24,100,07:24:00,Wednesday,DMWF,4,Utilized Off Route,3,7,S/B,8754
2019-04-24,985,07:38:00,Wednesday,DONS,1,Mechanical,10,20,E/B,9684
2019-04-24,95,07:40:00,Wednesday,ELRT,1,Mechanical,1,11,W/B,1533
2019-04-24,952,07:42:00,Wednesday,LSTA,1,Mechanical,11,22,W/B,1228
2019-04-24,169,07:50:00,Wednesday,Donmills Stn,1,Mechanical,20,40,E/B,8102
2019-04-24,133,08:00:00,Wednesday,STC to MOFI,8,General Delay,15,26,bw,
2019-04-24,121,08:00:00,Wednesday,Fort York route,8,General Delay,10,1,B/W,
2019-04-24,70,08:00:00,Wednesday,Whole route,8,General Delay,25,50,B/W,
2019-04-24,24,08:00:00,Wednesday,Victoria park route,8,General Delay,10,1,B/W,
2019-04-24,50,08:00:00,Wednesday,Mill road loop to Islington station,8,General Delay,10,20,W/B,7958
2019-04-24,51,08:12:00,Wednesday,Leslie and Overland,1,Mechanical,17,34,N/B,8311
2019-04-24,953,08:13:00,Wednesday,FSTN,1,Mechanical,13,13,E/B,9086
2019-04-24,925,08:21:00,Wednesday,PSTN,1,Mechanical,8,16,N/B,8813
2019-04-24,100,08:27:00,Wednesday,BSTN,1,Mechanical,4,7,N/B,8691
2019-04-24,143,08:30:00,Wednesday,Aselaide and Bay street,8,General Delay,20,40,,
2019-04-24,29,08:30:00,Wednesday,Dufferin & Hwy 401,8,General Delay,1,1,B/W,
2019-04-24,929,08:30:00,Wednesday,Dufferin & Hwy 401,8,General Delay,1,1,B/W,
2019-04-24,122,08:30:00,Wednesday,Lesmill and Valleybrook,8,General Delay,120,1,B/W,
2019-04-24,34,08:41:00,Wednesday,100 Wynford,5,Investigation,10,20,N/B,3115
2019-04-24,41,08:45:00,Wednesday,Keele and 401,8,General Delay,9,18,B/W,9100
2019-04-24,941,08:49:00,Wednesday,Keele and Eglinton,8,General Delay,12,24,B/W,1079
2019-04-24,90,09:00:00,Wednesday,ENTIRE ROUTE,8,General Delay,1,1,B/W,
2019-04-24,43,09:00:00,Wednesday,Kennedy Station,1,Mechanical,8,15,N/B,8769
2019-04-24,54,09:13:00,Wednesday,Lawrence & Markham,1,Mechanical,9,18,W/B,8759
2019-04-24,37,09:13:00,Wednesday,Islington stn,1,Mechanical,20,40,N/B,8040
2019-04-24,610,09:16:00,Wednesday,Warden & Huntingwood,5,Investigation,1,1,S/B,8917
2019-04-24,41,09:33:00,Wednesday,Keele and Eglinton,5,Investigation,9,18,N/B,9053
2019-04-24,54,09:42:00,Wednesday,Starspray Loop,1,Mechanical,11,22,W/B,8655
2019-04-24,43,09:47:00,Wednesday,Scarborough Town Station,1,Mechanical,15,30,W/B,3129
2019-04-24,5,10:00:00,Wednesday,Eglinton Station to ELM ST. AT ELIZABETH ST.,8,General Delay,15,45,B/W,
2019-04-24,168,10:00:00,Wednesday,Symington route,8,General Delay,15,20,B/W,
2019-04-24,39,10:21:00,Wednesday,Neilson and Crow trail,1,Mechanical,12,24,W/B,1716
2019-04-24,54,10:35:00,Wednesday,Lawrence & Don Mills,1,Mechanical,11,22,W/B,8655
2019-04-24,9,10:35:00,Wednesday,STC,6,Emergency Services,15,30,E/B,8498
2019-04-24,29,10:39:00,Wednesday,Dufferin & Bridgeland,1,Mechanical,8,15,S/B,9151
2019-04-24,72,11:00:00,Wednesday,Pape Route,8,General Delay,16,32,BW,
2019-04-24,77,11:03:00,Wednesday,RUST,1,Mechanical,13,26,S/B,1633
2019-04-24,100,11:19:00,Wednesday,Don Mills and Wynford,5,Investigation,6,12,N/B,8729
2019-04-24,55,11:22:00,Wednesday,JSTN,4,Utilized Off Route,20,40,N/B,1420
2019-04-24,68,11:25:00,Wednesday,Warden & Metropolitan,1,Mechanical,10,20,N/B,8704
2019-04-24,62,11:34:00,Wednesday,Erindale Ave and Broadview Ave,5,Investigation,22,44,EB,8942
2019-04-24,984,11:46:00,Wednesday,Hove Street,5,Investigation,9,18,W/B,3240
2019-04-24,57,11:47:00,Wednesday,Midland and Sheppard,5,Investigation,1,1,S/B,8816
2019-04-24,133,11:54:00,Wednesday,Dolleyvarden and Ellesmere,1,Mechanical,11,22,E/B,3424
2019-04-24,165,11:57:00,Wednesday,Finch and Weston Road,1,Mechanical,10,20,N/B,3307
2019-04-24,118,12:05:00,Wednesday,WILS,1,Mechanical,25,50,W/B,3285
2019-04-24,720,12:46:00,Wednesday,Warden Station,5,Investigation,1,1,N/B,8900
2019-04-24,63,12:51:00,Wednesday,Ossington Stn,1,Mechanical,4,8,,1241
2019-04-24,133,13:02:00,Wednesday,STC,1,Mechanical,11,22,N/B,3417
2019-04-24,34,13:13:00,Wednesday,KENN,5,Investigation,8,16,E/B,8703
2019-04-24,54,14:01:00,Wednesday,ESTN,1,Mechanical,11,23,E/B,8750
2019-04-24,134,14:04:00,Wednesday,FDFI,1,Mechanical,15,30,S/B,9068
2019-04-24,96,14:04:00,Wednesday,Humberline Loop,1,Mechanical,21,33,E/B,3149
2019-04-24,945,14:33:00,Wednesday,Kipling station,9,,4,8,N/B,7975
2019-04-24,84,14:34:00,Wednesday,Sheppard Station,1,Mechanical,8,16,W/B,3168
2019-04-24,7,14:35:00,Wednesday,Bathurst station,1,Mechanical,7,14,N/B,1282
2019-04-24,985,14:44:00,Wednesday,Don Mills Station,1,Mechanical,6,20,E/B,1513
2019-04-24,142,14:55:00,Wednesday,Duncan shops,9,,10,20,S/B,1252
2019-04-24,23,15:00:00,Wednesday,BW Danforth,8,General Delay,15,1,B/W,
2019-04-24,6,15:02:00,Wednesday,DDUP,9,,5,10,S/B,1560
2019-04-24,42,15:03:00,Wednesday,FSTN,1,Mechanical,13,26,E/B,8360
2019-04-24,130,15:05:00,Wednesday,Middle field and Finch,3,Diversion,155,170,N/B,1339
2019-04-24,123,15:08:00,Wednesday,kipling stn,1,Mechanical,16,32,N/B,8426
2019-04-24,995,15:15:00,Wednesday,SCLP,1,Mechanical,10,20,E/B,3498
2019-04-24,117,15:20:00,Wednesday,Sheppard W Stn,1,Mechanical,12,24,,8371
2019-04-24,126,15:25:00,Wednesday,St.Clair and Christie,1,Mechanical,1,1,W/B,1411
2019-04-24,127,15:29:00,Wednesday,Townsley Loop,1,Mechanical,20,40,E/B,1019
2019-04-24,95,15:32:00,Wednesday,KNRD,1,Mechanical,10,20,W/B,1804
2019-04-24,126,15:35:00,Wednesday,Exiting St. Clair West Station.,3,Diversion,60,77,W/B,
2019-04-24,709,15:40:00,Wednesday,St Clair and Lansdowne,4,Utilized Off Route,1,1,S/B,1085
2019-04-24,35,15:43:00,Wednesday,JNST,4,Utilized Off Route,10,20,N/B,3186
2019-04-24,88,15:44:00,Wednesday,SSTN,4,Utilized Off Route,12,24,E/B,8183
2019-04-24,704,15:45:00,Wednesday,Finch and Weston Rd.,4,Utilized Off Route,1,1,W/B,3256
2019-04-24,609,15:45:00,Wednesday,Dufferin and Lawrence,4,Utilized Off Route,1,1,S/B,1002
2019-04-24,704,15:45:00,Wednesday,Wilson station,4,Utilized Off Route,1,1,E/B,3156
2019-04-24,985,15:50:00,Wednesday,Between Don Mills Station and S LP,8,General Delay,30,36,B/W,
2019-04-24,90,15:50:00,Wednesday,St.Calir and Bathurst,8,General Delay,40,45,W/B,8337
2019-04-24,56,15:55:00,Wednesday,eglinton station,4,Utilized Off Route,18,36,E/B,8170
2019-04-24,36,15:56:00,Wednesday,Finch and Signet,5,Investigation,6,12,W/B,9124
2019-04-24,95,16:00:00,Wednesday,Markham rd. on Ellesmere,1,Mechanical,7,15,E/B,1327
2019-04-24,91,16:00:00,Wednesday,"Woodbine and O'Connor, Eglinton and Bermondsey",8,General Delay,42,56,B/W,
2019-04-24,89,16:00:00,Wednesday,Entire Route,8,General Delay,15,30,B/W,
2019-04-24,41,16:00:00,Wednesday,PVST,4,Utilized Off Route,1,1,S/B,9150
2019-04-24,51,16:00:00,Wednesday,Eglinton Station to Freshmeadow/ Don Mills,8,General Delay,25,43,B/W,
2019-04-24,165,16:00:00,Wednesday,Weston and Sheppard,1,Mechanical,8,16,E/B,3250
2019-04-24,50,16:00:00,Wednesday,Entire route,8,General Delay,12,35,B/W,
2019-04-24,87,16:00:00,Wednesday,Lumsden and Westlake,8,General Delay,6,11,B/W,
2019-04-24,102,16:00:00,Wednesday,BW Finch and Markham rd.,8,General Delay,20,1,W/B,
2019-04-24,41,16:00:00,Wednesday,Entire Route,8,General Delay,15,30,BW,
2019-04-24,60,16:03:00,Wednesday,Finch Station,4,Utilized Off Route,9,18,E/B,3321
2019-04-24,939,16:05:00,Wednesday,McCowan and Finch,1,Mechanical,12,24,B/W,3511
2019-04-24,63,16:07:00,Wednesday,Oakwood and St.clair,4,Utilized Off Route,8,16,S/B,8209
2019-04-24,74,16:08:00,Wednesday,st clair stn,4,Utilized Off Route,16,32,E/B,8147
2019-04-24,7,16:14:00,Wednesday,Bathurst and Davenport,1,Mechanical,6,12,S/B,8387
2019-04-24,941,16:15:00,Wednesday,Finch west stn,4,Utilized Off Route,1,1,S/B,1009
2019-04-24,143,16:30:00,Wednesday,Adelaide from Spadina to Parliament,8,General Delay,75,100,B/W,
2019-04-24,10,16:34:00,Wednesday,Don Mills and Van Horne,5,Investigation,15,30,E/B,8149
2019-04-24,720,16:41:00,Wednesday,Warden And Bamburgh,5,Investigation,0,0,N/B,8900
2019-04-24,939,16:51:00,Wednesday,McCowan and finch,6,Emergency Services,12,24,B/W,3514
2019-04-24,63,17:00:00,Wednesday,Atlantic/King to Eglinton West station,8,General Delay,20,30,B/W,
2019-04-24,32,17:15:00,Wednesday,Eglinton stn,1,Mechanical,9,19,W/B,1115
2019-04-24,29,17:15:00,Wednesday,Springhurst Loop,4,Utilized Off Route,8,16,S/B,1555
2019-04-24,29,17:15:00,Wednesday,Christie Station,1,Mechanical,8,16,N/B,1555
2019-04-24,709,17:30:00,Wednesday,Keele stn,1,Mechanical,1,1,N/B,1085
2019-04-24,34,17:30:00,Wednesday,ESTN - KENN,8,General Delay,25,35,B/W,
2019-04-24,97,17:34:00,Wednesday,DVSN,5,Investigation,30,60,S/B,1234
2019-04-24,84,17:56:00,Wednesday,Beecroft,5,Investigation,13,26,W/B,1200
2019-04-24,32,18:00:00,Wednesday,Keele and Eglinton,1,Mechanical,10,19,E/B,1417
2019-04-24,145,18:00:00,Wednesday,Lakeshore and Fort York,5,Investigation,30,60,W/B,
2019-04-24,112,18:00:00,Wednesday,renforth stn,1,Mechanical,16,32,N/B,7965
2019-04-24,90,18:04:00,Wednesday,Oakwood and Vaughan,6,Emergency Services,6,12,S/B,8110
2019-04-24,989,18:05:00,Wednesday,Weston / Eglinton,1,Mechanical,10,20,N/B,1072
2019-04-24,161,18:21:00,Wednesday,Ossington stn,5,Investigation,13,26,W/B,1208
2019-04-24,120,18:45:00,Wednesday,NRSH - Northover & Sheppard West,5,Investigation,22,44,E/B,3357
2019-04-24,36,19:09:00,Wednesday,Humberwood Loop,1,Mechanical,8,16,E/B,9109
2019-04-24,60,19:23:00,Wednesday,Founders,1,Mechanical,8,16,E/B,3135
2019-04-24,133,19:33:00,Wednesday,Ellesmere/Mccowan,1,Mechanical,8,17,W/B,3417
2019-04-24,89,19:47:00,Wednesday,Weston / Wilson,5,Investigation,10,20,N/B,1067
2019-04-24,21,20:39:00,Wednesday,STC,1,Mechanical,14,28,S/B,1324
2019-04-24,67,20:45:00,Wednesday,Pharmacy & Rannock,5,Investigation,19,34,S/B,8782
2019-04-24,63,20:46:00,Wednesday,Eglinton West Station,5,Investigation,10,20,N/B,8328
2019-04-24,65,20:48:00,Wednesday,Parliament and Shuter,5,Investigation,16,32,S/B,3102
2019-04-24,95,20:59:00,Wednesday,Scarborough College Loop - Military Trail,6,Emergency Services,14,28,W/B,1701
2019-04-24,39,21:05:00,Wednesday,Markham and Finch,1,Mechanical,16,32,W/B,1760
2019-04-24,169,21:14:00,Wednesday,Don Mills Station,5,Investigation,30,60,E/B,8357
2019-04-24,87,21:20:00,Wednesday,BRST,4,Utilized Off Route,10,20,E/B,8599
2019-04-24,939,21:38:00,Wednesday,Finch Station,4,Utilized Off Route,13,26,E/B,1793
2019-04-24,7,22:00:00,Wednesday,Greenwin Village and Bathurst,6,Emergency Services,8,16,W/B,8317
2019-04-24,116,22:06:00,Wednesday,Eglinton & McCowan,1,Mechanical,5,10,W/B,8645
2019-04-24,54,22:17:00,Wednesday,LSGR,1,Mechanical,12,30,W/B,8898
2019-04-24,66,23:14:00,Wednesday,Old Mill Station,5,Investigation,30,60,S/B,8617
2019-04-25,90,00:29:00,Thursday,kipling station,1,Mechanical,10,20,N/B,8003
2019-04-25,71,01:10:00,Thursday,Runnymede stn,4,Utilized Off Route,1,1,N/B,1407
2019-04-25,32,01:20:00,Thursday,Keele and Eglinton,1,Mechanical,13,26,W/B,1553
2019-04-25,70,01:24:00,Thursday,St Clair & Plaxton,5,Investigation,1,1,E/B,8754
2019-04-25,300,02:25:00,Thursday,Mossom Rd and Bloor Street,5,Investigation,10,10,W/B,1144
2019-04-25,300,02:45:00,Thursday,North Service Rd and Eglinton Ave,5,Investigation,20,40,W/B,8014
2019-04-25,300,03:24:00,Thursday,Kennedy Station,4,Utilized Off Route,20,40,W/B,7964
2019-04-25,29,04:47:00,Thursday,Dufferin at Lawrence,9,,9,18,N/B,9041
2019-04-25,24,04:49:00,Thursday,Bingham Loop,9,,0,0,N/B,8431
2019-04-25,54,04:50:00,Thursday,Eglinton Yard,9,,1,1,,8730
2019-04-25,32,04:56:00,Thursday,Renforth station,9,,7,7,E/B,1410
2019-04-25,39,05:00:00,Thursday,39 Finch Route-All Branch,8,General Delay,10,24,W/B,1712
2019-04-25,939,05:00:00,Thursday,939 Finch Express-All Branch,8,General Delay,10,19,W/B,1403
2019-04-25,91,05:00:00,Thursday,wood bine station,9,,12,24,B/W,8450
2019-04-25,91,05:00:00,Thursday,Eglintion/sloan drive,3,Diversion,20,40,,
2019-04-25,25,05:06:00,Thursday,EGGA,9,,1,1,S/B,3117
2019-04-25,929,05:20:00,Thursday,DLAW,9,,7,15,S/B,9030
2019-04-25,36,05:20:00,Thursday,HWLP,9,,10,20,E/B,9117
2019-04-25,25,05:23:00,Thursday,EGGA,9,,1,1,W/B,8831
2019-04-25,12,05:23:00,Thursday,Kingston Road and St. Clair Ave East,1,Mechanical,27,54,WB,8596
2019-04-25,6,05:26:00,Thursday,Davenport at Dupont,9,,11,22,S/B,1052
2019-04-25,47,05:27:00,Thursday,Queen at Lansdowne,1,Mechanical,4,8,N/B,1145
2019-04-25,91,05:29:00,Thursday,Valley Wood Road at York Mills Road,9,,24,48,EB,8450
2019-04-25,167,05:35:00,Thursday,Steeles,9,,6,,E/B,3112
2019-04-25,52,05:35:00,Thursday,Weston rd and wilson,1,Mechanical,13,26,W/B,8387
2019-04-25,35,05:40:00,Thursday,Peter Kaiser & Steeles,1,Mechanical,8,15,W/B,3345
2019-04-25,32,05:49:00,Thursday,Lawreance and pine,9,,5,10,E/B,1281
2019-04-25,20,05:50:00,Thursday,Main stn,9,,20,33,E/B,9221
2019-04-25,117,05:50:00,Thursday,Sheppard W stn,1,Mechanical,10,10,N/B,8353
2019-04-25,939,05:52:00,Thursday,McCowan and Sheppard,1,Mechanical,8,8,S/B,1403
2019-04-25,334,05:54:00,Thursday,FDFI,5,Investigation,0,0,S/B,8808
2019-04-25,927,05:58:00,Thursday,mgrc,9,,7,14,S/B,3230
2019-04-25,929,05:58:00,Thursday,DLAW,9,,8,17,N/B,9055
2019-04-25,953,05:59:00,Thursday,MOFI,9,,13,31,W/B,9084
2019-04-25,106,06:04:00,Thursday,Sentinel and Grandravine,1,Mechanical,11,19,,1257
2019-04-25,60,06:06:00,Thursday,FSTN,9,,7,14,W/B,3180
2019-04-25,117,06:07:00,Thursday,Wilson Div,9,,20,30,,1304
2019-04-25,953,06:09:00,Thursday,FSTN,9,,14,14,E/B,9092
2019-04-25,100,06:10:00,Thursday,DMWF,9,,1,1,,8639
2019-04-25,52,06:10:00,Thursday,BWEY,9,,20,35,E/B,8339
2019-04-25,121,06:14:00,Thursday,Princes' Gate,9,,16,30,EB,8544
2019-04-25,38,06:15:00,Thursday,Scarborough Town Center,1,Mechanical,12,24,B/W,1333
2019-04-25,902,06:20:00,Thursday,Warden Station,9,,10,20,EB,8579
2019-04-25,100,06:27:00,Thursday,Linkwood/St. Dennis,1,Mechanical,3,7,S/B,8849
2019-04-25,6,06:28:00,Thursday,Davenport at Dupont,1,Mechanical,4,8,S/B,1108
2019-04-25,902,06:30:00,Thursday,Warden Station,9,,10,20,EB,8590
2019-04-25,900,06:38:00,Thursday,Kipling station,1,Mechanical,10,20,N/B,8004
2019-04-25,52,06:39:00,Thursday,Lawrence and Westona St,5,Investigation,15,30,E/B,8132
2019-04-25,37,06:56:00,Thursday,eglinton and islington,1,Mechanical,10,20,N/B,8421
2019-04-25,939,07:00:00,Thursday,McCowan under SRT Bridge,3,Diversion,215,224,S/B,1336
2019-04-25,24,07:00:00,Thursday,Yorkland,3,Diversion,720,734,S/B,
2019-04-25,34,07:07:00,Thursday,KENN,1,Mechanical,4,8,W/B,8796
2019-04-25,87,07:09:00,Thursday,Lumsden,1,Mechanical,5,10,W/B,8586
2019-04-25,88,07:12:00,Thursday,Overlea and Millwood,5,Investigation,11,22,W/B,8108
2019-04-25,23,07:14:00,Thursday,Dawes Road and Goodwood Park Ct,1,Mechanical,6,11,SB,8603
2019-04-25,20,07:22:00,Thursday,Main stn,9,,11,22,W/B,8533
2019-04-25,14,07:23:00,Thursday,Glencarin and Roselawn,5,Investigation,16,32,W/B,1349
2019-04-25,87,07:25:00,Thursday,Broadview stn,1,Mechanical,5,10,W/B,9233
2019-04-25,14,07:28:00,Thursday,Glencarin and Roselawn,1,Mechanical,16,32,W/B,1349
2019-04-25,43,07:36:00,Thursday,Kennedy station,1,Mechanical,10,20,N/B,8733
2019-04-25,38,07:43:00,Thursday,Scarborough Town Center,5,Investigation,10,20,B/W,3544
2019-04-25,91,07:47:00,Thursday,camforth and lawrance,1,Mechanical,12,24,N/B,8437
2019-04-25,121,08:00:00,Thursday,121 Fort York,8,General Delay,15,15,bw,
2019-04-25,50,08:00:00,Thursday,Islington Station to Mill road loop,8,General Delay,10,20,B/W,
2019-04-25,34,08:00:00,Thursday,Route 34- Eglinton East,8,General Delay,25,29,B/W,
2019-04-25,133,08:00:00,Thursday,Scarborough Town Center,1,Mechanical,11,22,B/W,3472
2019-04-25,145,08:00:00,Thursday,Richmond at Spadina to Lakeshore,8,General Delay,15,45,B/W,
2019-04-25,70,08:00:00,Thursday,Whole Route,8,General Delay,25,35,B/W,
2019-04-25,141,08:05:00,Thursday,eglingotn station,4,Utilized Off Route,0,0,W/B,1287
2019-04-25,32,08:05:00,Thursday,eglinton station,4,Utilized Off Route,7,14,S/B,1287
2019-04-25,161,08:06:00,Thursday,Rogers and Dupont,1,Mechanical,12,24,S/B,1036
2019-04-25,91,08:15:00,Thursday,Eglintion and Eccleston,8,General Delay,12,24,B/W,
2019-04-25,44,08:17:00,Thursday,Kipling station,1,Mechanical,4,8,S/B,8414
2019-04-25,122,08:30:00,Thursday,Lesmill and Valleybrook ave,8,General Delay,30,45,B/W,
2019-04-25,46,08:30:00,Thursday,46 Martin Grove Route,8,General Delay,14,30,B/W,
2019-04-25,73,08:30:00,Thursday,Claireport at Albion to Lakeshore and Mimico,8,General Delay,15,25,B/W,
2019-04-25,5,08:30:00,Thursday,Chaplain and Oriole Parkway,8,General Delay,1,1,S/B,
2019-04-25,12,08:44:00,Thursday,Victoria Park and Gerrard,1,Mechanical,14,28,N/B,8532
2019-04-25,46,08:52:00,Thursday,Martin Grove and Albion,5,Investigation,11,22,S/B,3307
2019-04-25,102,09:00:00,Thursday,Markham Route,8,General Delay,10,20,BW,
2019-04-25,167,09:00:00,Thursday,Yorkland/ Consumers,3,Diversion,353,383,S/B,
2019-04-25,72,09:00:00,Thursday,Pape Route,8,General Delay,15,30,BW,0
2019-04-25,113,09:03:00,Thursday,Merrian,1,Mechanical,12,26,S/B,8586
2019-04-25,41,09:03:00,Thursday,Keele and Eglinton,8,General Delay,9,18,B/W,9023
2019-04-25,52,09:15:00,Thursday,Lawrence West stn,1,Mechanical,15,30,E/B,1285
2019-04-25,63,09:22:00,Thursday,Oakwood loop,1,Mechanical,7,10,,8365
2019-04-25,75,09:30:00,Thursday,Lower Jarvis/ Esplanade andElm,8,General Delay,1,1,B/W,
2019-04-25,94,09:30:00,Thursday,Wellesley Route,8,General Delay,15,28,B/W,
2019-04-25,927,09:30:00,Thursday,927 Highway,8,General Delay,5,15,B/W,
2019-04-25,41,09:36:00,Thursday,KEEG,4,Utilized Off Route,9,18,N/B,9047
2019-04-25,939,09:48:00,Thursday,Brimley and Sheppard,5,Investigation,9,18,S/B,1818
2019-04-25,952,09:52:00,Thursday,Scarlet and Riverview heights,5,Investigation,13,22,W/B,1347
2019-04-25,32,10:14:00,Thursday,Emmette and jane,5,Investigation,13,26,E/B,1553
2019-04-25,36,10:46:00,Thursday,FWSN,1,Mechanical,6,12,E/B,1316
2019-04-25,52,10:57:00,Thursday,LSTA,1,Mechanical,14,28,W/B,1216
2019-04-25,46,11:00:00,Thursday,SLPM,1,Mechanical,11,22,S/B,3166
2019-04-25,52,11:12:00,Thursday,Pine and Lawrence,1,Mechanical,12,27,W/B,1290
2019-04-25,85,11:30:00,Thursday,Warden and Sheppard,1,Mechanical,14,28,B/W,3543
2019-04-25,29,12:00:00,Thursday,Dufferin & Briar Hill,1,Mechanical,7,15,S/B,9139
2019-04-25,116,12:00:00,Thursday,Morningside Ave/Danzig St,1,Mechanical,10,20,S/B,8744
2019-04-25,12,12:21:00,Thursday,Kingston and Victoria Park,5,Investigation,22,44,E/B,8427
2019-04-25,38,12:21:00,Thursday,Scarborough Town Center,1,Mechanical,13,26,B/W,1589
2019-04-25,95,12:24:00,Thursday,Kennedy on Ellesmere,1,Mechanical,10,20,W/B,1568
2019-04-25,29,12:40:00,Thursday,DLAW,1,Mechanical,7,15,S/B,9146
2019-04-25,929,12:45:00,Thursday,Entire route,8,General Delay,25,35,B/W,
2019-04-25,29,12:45:00,Thursday,Entire route,8,General Delay,25,30,B/W,
2019-04-25,91,13:08:00,Thursday,York mills silverdale,1,Mechanical,12,24,N/B,8434
2019-04-25,34,13:21:00,Thursday,estn,6,Emergency Services,8,16,E/B,8788
2019-04-25,87,13:54:00,Thursday,Broadview stn,5,Investigation,5,10,W/B,8490
2019-04-25,24,13:54:00,Thursday,Steeles,5,Investigation,10,21,W/B,8431
2019-04-25,113,13:58:00,Thursday,Danforth road and Birchmount,5,Investigation,25,50,E/B,3103
2019-04-25,80,14:00:00,Thursday,Keele Station to Sherway Gardens,8,General Delay,20,44,B/W,
2019-04-25,110,14:00:00,Thursday,Islington Station to Lakeshore and Long Branch Loop,8,General Delay,20,42,B/W,
2019-04-25,15,14:00:00,Thursday,Sherway Gardens to Mill Road Loop,8,General Delay,20,42,B/W,
2019-04-25,73,14:00:00,Thursday,Lakeshore and Mimico to Claireport,8,General Delay,20,31,B/W,
2019-04-25,37,14:00:00,Thursday,Islington Station to Steeles and Humberwood Loop,8,General Delay,20,39,B/W,
2019-04-25,36,14:18:00,Thursday,Finch and Rumike,5,Investigation,5,9,,9133
2019-04-25,26,14:24:00,Thursday,St. George Station,9,,16,32,N/W,1379
2019-04-25,56,14:27:00,Thursday,Donlands station,9,,17,34,W/B,8337
2019-04-25,95,14:28:00,Thursday,YKMS,9,,10,20,E/B,3470
2019-04-25,121,14:30:00,Thursday,PRGT to MLCH,8,General Delay,15,30,B/W,
2019-04-25,168,14:30:00,Thursday,Dundas West Station - Avon Loop,8,General Delay,10,20,B/W,
2019-04-25,94,14:30:00,Thursday,Ossington Station - Castlefrank Station,8,General Delay,20,30,B/W,
2019-04-25,6,14:30:00,Thursday,Davenport at Dupont - Sherbourne at Queens Quay,8,General Delay,25,40,B/W,
2019-04-25,47,14:30:00,Thursday,Queen St W at Lansdowne - Yorkdale Station,8,General Delay,30,45,B/W,
2019-04-25,52,14:39:00,Thursday,Lawrence station,1,Mechanical,14,28,W/B,8309
2019-04-25,112,14:45:00,Thursday,Michael Power High School,9,,10,20,S/B,8020
2019-04-25,44,14:45:00,Thursday,CSSL - Father John Redmond school,9,,6,12,N/B,8020
2019-04-25,84,14:49:00,Thursday,Sheppard Station,9,,13,24,W/B,1206
2019-04-25,39,14:50:00,Thursday,Sewelles and Little road,1,Mechanical,14,28,WB,1661
2019-04-25,53,14:54:00,Thursday,BREB,9,,4,4,E/B,3537
2019-04-25,10,14:56:00,Thursday,Brian dr and Vanhorn,9,,28,28,N/B,8186
2019-04-25,53,14:58:00,Thursday,BREB,9,,5,7,E/B,3454
2019-04-25,30,14:59:00,Thursday,Kipling station,1,Mechanical,22,44,E/B,7952
2019-04-25,52,15:00:00,Thursday,Whole route,8,General Delay,30,40,B/W,
2019-04-25,95,15:00:00,Thursday,YKMS,9,,10,20,E/B,1636
2019-04-25,944,15:00:00,Thursday,Kipling station,4,Utilized Off Route,8,16,N/B,8015
2019-04-25,23,15:00:00,Thursday,BW on Danforth Ave.,8,General Delay,15,1,B/W,
2019-04-25,62,15:00:00,Thursday,BW Mortimer,8,General Delay,15,1,B/W,
2019-04-25,87,15:00:00,Thursday,Main station to Broadview station,8,General Delay,15,30,B/W,
2019-04-25,924,15:03:00,Thursday,.Victoria park Station,1,Mechanical,9,18,N/B,8550
2019-04-25,110,15:03:00,Thursday,"On Islington, North of New Toronto",1,Mechanical,12,24,S/B,8062
2019-04-25,929,15:05:00,Thursday,DLAW,1,Mechanical,10,20,N/B,9039
2019-04-25,106,15:07:00,Thursday,Sheppard W Stn,9,,11,22,,8354
2019-04-25,109,15:07:00,Thursday,Eglinton West station,9,,14,28,N/B,8311
2019-04-25,92,15:09:00,Thursday,woodbine station,1,Mechanical,15,30,N/B,8532
2019-04-25,63,15:10:00,Thursday,Eglinton W Stn,9,,4,8,,8304
2019-04-25,34,15:14:00,Thursday,EGMT,9,,5,9,W/B,8799
2019-04-25,76,15:14:00,Thursday,Royal York at Melrose,5,Investigation,7,14,N/B,8023
2019-04-25,116,15:16:00,Thursday,Morningside Ave/Lawrence Ave E,9,,7,10,N/B,8733
2019-04-25,53,15:17:00,Thursday,FSTN,1,Mechanical,5,10,E/B,1716
2019-04-25,35,15:20:00,Thursday,JNST,9,,10,20,N/B,1244
2019-04-25,15,15:20:00,Thursday,Royal York Station,1,Mechanical,9,17,N/B,8058
2019-04-25,995,15:23:00,Thursday,SCLP,1,Mechanical,10,20,W/B,1327
2019-04-25,44,15:25:00,Thursday,Kipling station,1,Mechanical,5,10,S/B,8068
2019-04-25,54,15:26:00,Thursday,RTLS,1,Mechanical,10,20,W/B,8722
2019-04-25,945,15:30:00,Thursday,Entire Route,8,General Delay,15,20,B/W,
2019-04-25,75,15:30:00,Thursday,Sherbourne Route,8,General Delay,30,20,B/W,
2019-04-25,30,15:30:00,Thursday,Entire Route,8,General Delay,22,44,B/W,
2019-04-25,45,15:30:00,Thursday,Entire Route,8,General Delay,15,20,B/W,
2019-04-25,985,15:32:00,Thursday,DONS,9,,9,18,E/B,9000
2019-04-25,42,15:45:00,Thursday,Finch Stn,1,Mechanical,13,26,E/B,1364
2019-04-25,42,15:45:00,Thursday,Finch stn,1,Mechanical,13,26,E/B,1297
2019-04-25,133,15:47:00,Thursday,Seasons and Staines,1,Mechanical,15,30,EB,3546
2019-04-25,102,15:49:00,Thursday,Centennial College.,1,Mechanical,14,28,N/B,8410
2019-04-25,60,15:55:00,Thursday,Dufferin to Keele,8,General Delay,20,24,W/B,3229
2019-04-25,50,16:00:00,Thursday,Entire route,8,General Delay,12,30,B/W,
2019-04-25,51,16:00:00,Thursday,ESTN to FMDM,8,General Delay,24,54,N/B,
2019-04-25,35,16:00:00,Thursday,On Jane Street,8,General Delay,5,10,N/B,
2019-04-25,944,16:00:00,Thursday,Jane and Dundas,5,Investigation,9,18,B/W,8015
2019-04-25,127,16:00:00,Thursday,Entire Route,8,General Delay,30,60,B/W,
2019-04-25,89,16:00:00,Thursday,Entire Route,8,General Delay,25,50,B/W,
2019-04-25,63,16:00:00,Thursday,EWST to ATKI,8,General Delay,20,50,B/W,
2019-04-25,952,16:00:00,Thursday,Whole route,8,General Delay,24,36,B/W,
2019-04-25,97,16:04:00,Thursday,YKMLS to Queens Quay,8,General Delay,17,47,B/W,
2019-04-25,39,16:05:00,Thursday,Leslie/Finch,1,Mechanical,14,28,wb,3462
2019-04-25,112,16:18:00,Thursday,Renforth Station,5,Investigation,16,32,S/B,7966
2019-04-25,39,16:28:00,Thursday,Kennedy/Finch,5,Investigation,14,28,wb,3469
2019-04-25,89,16:30:00,Thursday,Weston / Wilson,4,Utilized Off Route,9,15,S/B,1113
2019-04-25,161,16:30:00,Thursday,Entire Route,8,General Delay,20,40,B/W,
2019-04-25,935,16:30:00,Thursday,along Jane Street,8,General Delay,10,20,B/W,
2019-04-25,941,16:35:00,Thursday,FWST,4,Utilized Off Route,1,1,S/B,1000
2019-04-25,100,16:37:00,Thursday,Greboble & Vendome,6,Emergency Services,6,12,N/B,8834
2019-04-25,41,16:40:00,Thursday,PVST,4,Utilized Off Route,1,1,S/B,9152
2019-04-25,41,16:40:00,Thursday,Weston  / Birdstone,1,Mechanical,10,20,S/B,9152
2019-04-25,59,16:45:00,Thursday,along Lawrence Ave.,8,General Delay,14,28,B/W,
2019-04-25,37,16:49:00,Thursday,Islington Station,1,Mechanical,11,22,N/B,8088
2019-04-25,124,16:52:00,Thursday,Lawrence stn to Sunnybrook,8,General Delay,18,26,B/W,
2019-04-25,60,16:54:00,Thursday,Signal Hill,9,,8,16,E/B,9120
2019-04-25,79,16:58:00,Thursday,PINE,6,Emergency Services,14,29,N/B,1119
2019-04-25,925,17:13:00,Thursday,Don Mills station,1,Mechanical,8,16,N/B,8751
2019-04-25,63,17:14:00,Thursday,EST,4,Utilized Off Route,8,16,S/B,8138
2019-04-25,161,17:20:00,Thursday,Rogers / Dufferin,1,Mechanical,13,26,E/B,1359
2019-04-25,985,17:30:00,Thursday,DONS-SLP,8,General Delay,11,40,B/W,
2019-04-25,952,17:58:00,Thursday,Lawrence Station,5,Investigation,12,24,W/B,1215
2019-04-25,6,18:03:00,Thursday,Bay at College,5,Investigation,13,26,N/B,1089
2019-04-25,111,18:05:00,Thursday,Eastmall and Eglinton,1,Mechanical,10,20,S/B,7943
2019-04-25,937,18:20:00,Thursday,Islington Stationj,1,Mechanical,11,22,N/B,7923
2019-04-25,929,18:26:00,Thursday,Liberty and Dufferin,5,Investigation,10,20,N/B,9053
2019-04-25,94,18:30:00,Thursday,Wellesley at Ontario Street,5,Investigation,16,22,W/B,1357
2019-04-25,52,18:46:00,Thursday,Lawrence and Martini Dr.,5,Investigation,21,42,E/B,8395
2019-04-25,77,18:50:00,Thursday,Windermere and Morningside,5,Investigation,10,21,N/B,1625
2019-04-25,63,18:59:00,Thursday,OSTN,5,Investigation,8,16,N/B,1288
2019-04-25,24,19:02:00,Thursday,St Clair and Victoria park,1,Mechanical,9,18,S/B,8448
2019-04-25,35,19:16:00,Thursday,PVST,9,,9,21,S/B,3284
2019-04-25,52,19:20:00,Thursday,Lawrence and Marlee,5,Investigation,12,24,W/B,8163
2019-04-25,29,19:20:00,Thursday,PRGT,4,Utilized Off Route,7,14,N/B,9138
2019-04-25,995,19:21:00,Thursday,Scarborough College Loop - Military Trail,1,Mechanical,14,28,W/B,3501
2019-04-25,95,19:26:00,Thursday,York Mills Station,1,Mechanical,14,28,W/B,1550
2019-04-25,95,19:47:00,Thursday,York Mills Station,1,Mechanical,14,28,E/B,3410
2019-04-25,29,19:54:00,Thursday,PRGT,1,Mechanical,8,16,N/B,9023
2019-04-25,34,20:00:00,Thursday,Kenn Stn,1,Mechanical,6,12,W/B,8658
2019-04-25,165,20:01:00,Thursday,BARM,1,Mechanical,10,19,E/B,3288
2019-04-25,29,20:04:00,Thursday,PRGT,4,Utilized Off Route,3,8,N/B,9139
2019-04-25,25,20:27:00,Thursday,Don Mills station,1,Mechanical,8,16,N/B,8646
2019-04-25,132,20:38:00,Thursday,Milner Ave and Markham Rd,6,Emergency Services,25,43,E/B,3429
2019-04-25,929,20:56:00,Thursday,Dufferin and Queen,1,Mechanical,1,1,N/B,9100
2019-04-25,126,21:47:00,Thursday,St.Clair Station,6,Emergency Services,1,1,W/B,1028
2019-04-25,88,22:00:00,Thursday,St.Clair Stn,1,Mechanical,14,28,E/B,8384
2019-04-25,16,22:22:00,Thursday,Warden Station,5,Investigation,11,22,N/B,8461
2019-04-25,54,23:15:00,Thursday,RTLS,1,Mechanical,20,40,W/B,8674
2019-04-25,53,23:18:00,Thursday,Markham and Steeles,1,Mechanical,18,36,W/B,1718
2019-04-25,87,23:18:00,Thursday,Broadview Station,1,Mechanical,10,20,E/B,8934
2019-04-25,29,23:20:00,Thursday,Wilson Stn.,1,Mechanical,8,17,S/B,9142
2019-04-25,120,23:40:00,Thursday,SHJA,5,Investigation,30,60,W/B,3169
2019-04-26,21,00:01:00,Friday,KEN Stn,1,Mechanical,30,60,N/B,1327
2019-04-26,24,01:14:00,Friday,Victoria Park Station,4,Utilized Off Route,1,1,N/B,8525
2019-04-26,29,01:53:00,Friday,Bloor and Dufferin,1,Mechanical,13,26,N/B,1205
2019-04-26,320,04:06:00,Friday,Bathurst and Richmond,5,Investigation,5,10,S/B,8348
2019-04-26,320,04:16:00,Friday,Yonge and Steeles,5,Investigation,5,10,N/B,1099
2019-04-26,85,04:43:00,Friday,SLP,9,,30,45,W/B,3419
2019-04-26,300,04:47:00,Friday,Terminal 1,1,Mechanical,1,30,W/B,8404
2019-04-26,91,05:00:00,Friday,Eglinton / Bermondsey - Sloane,3,Diversion,1,1,B/W,8438
2019-04-26,57,05:08:00,Friday,MIDS,9,,20,40,S/B,3126
2019-04-26,94,05:14:00,Friday,Queens Park at Wellesley,9,,13,26,E/B,1072
2019-04-26,89,05:15:00,Friday,Keele Stn,9,,12,27,N/B,1107
2019-04-26,116,05:24:00,Friday,KEGL,9,,12,24,S/B,
2019-04-26,29,05:25:00,Friday,Dufferine and Lawrence,9,,7,15,N/B,9139
2019-04-26,35,05:30:00,Friday,Jane Stn,9,,13,1,N/B,3197
2019-04-26,95,05:36:00,Friday,KNRD,9,,8,15,W/B,1649
2019-04-26,95,05:39:00,Friday,SCLP,9,,1,19,W/B,1565
2019-04-26,86,05:45:00,Friday,MALW,9,,19,43,E/B,8817
2019-04-26,100,05:45:00,Friday,DMWF,9,,12,24,S/B,8839
2019-04-26,72,05:50:00,Friday,Pape Station,1,Mechanical,9,18,S/B,3104
2019-04-26,34,05:52:00,Friday,Eglinton Station,9,,4,8,E/B,8855
2019-04-26,320,05:57:00,Friday,DM/Steeles,6,Emergency Services,1,1,B/W,8748
2019-04-26,73,06:01:00,Friday,Evans and Royal York,9,,13,26,S/B,8026
2019-04-26,129,06:05:00,Friday,STC,1,Mechanical,15,30,N/B,1331
2019-04-26,39,06:08:00,Friday,MCVP,9,,10,10,W/B,1323
2019-04-26,320,06:08:00,Friday,QQYO,1,Mechanical,5,10,N/B,8631
2019-04-26,35,06:08:00,Friday,PVST,9,,6,12,S/B,3241
2019-04-26,102,06:08:00,Friday,McNicholl / Markham,3,Diversion,1,1,S/B,8400
2019-04-26,134,06:10:00,Friday,McNIcoll and Markham,3,Diversion,7,23,S/B,
2019-04-26,42,06:10:00,Friday,Finch and Kennedy,6,Emergency Services,12,24,E/B,8197
2019-04-26,44,06:10:00,Friday,Kipling Station,9,,7,16,S/B,8417
2019-04-26,165,06:14:00,Friday,ARGA,9,,10,21,E/B,3279
2019-04-26,939,06:16:00,Friday,STC,9,,7,15,W/B,1733
2019-04-26,129,06:17:00,Friday,MMRC,9,,15,30,S/B,1392
2019-04-26,15,06:18:00,Friday,Mill Rd Loop,9,,12,24,E/B,8031
2019-04-26,104,06:19:00,Friday,Sheppard W Stn,9,,11,24,,8149
2019-04-26,41,06:24:00,Friday,Keele stn,1,Mechanical,9,18,N/B,9045
2019-04-26,54,06:24:00,Friday,Eglinton Station,1,Mechanical,9,18,E/B,8631
2019-04-26,20,06:24:00,Friday,Main stn,9,,11,22,E/B,8448
2019-04-26,984,06:27:00,Friday,RISH,9,,10,20,E/B,1274
2019-04-26,79,06:28:00,Friday,Runnymede Stn,1,Mechanical,9,27,N/B,1263
2019-04-26,16,06:30:00,Friday,warden station,9,,9,18,E/B,8427
2019-04-26,32,06:33:00,Friday,KEEG,9,,7,14,E/B,1047
2019-04-26,100,06:45:00,Friday,Waynford Ave and Don Mills,9,,3,7,S/B,8777
2019-04-26,84,06:47:00,Friday,PVST,9,,14,1,S/B,1292
2019-04-26,905,06:50:00,Friday,KENN,9,,10,20,E/B,8741
2019-04-26,984,06:56:00,Friday,RISH,9,,9,18,E/B,3156
2019-04-26,905,07:00:00,Friday,KENN,9,,10,20,E/B,8748
2019-04-26,900,07:00:00,Friday,Burnhamthorpe and Hwy 427,8,General Delay,30,35,B/W,
2019-04-26,945,07:04:00,Friday,Kipling Station,1,Mechanical,6,12,N/B,8039
2019-04-26,89,07:06:00,Friday,Weston and Albion,1,Mechanical,6,12,N/B,1129
2019-04-26,144,07:08:00,Friday,NESS,9,,12,32,S/B,8705
2019-04-26,21,07:09:00,Friday,BMST,1,Mechanical,8,16,S/B,3424
2019-04-26,939,07:10:00,Friday,Finch/Highway 404,1,Mechanical,7,15,E/B,1813
2019-04-26,52,07:12:00,Friday,Airport T3,1,Mechanical,8,16,E/B,8321
2019-04-26,53,07:13:00,Friday,Brimley and Steeles,1,Mechanical,5,11,W/B,1756
2019-04-26,54,07:14:00,Friday,Eglinton Station,9,,9,18,E/B,8690
2019-04-26,905,07:20:00,Friday,KENN,9,,10,20,E/B,8646
2019-04-26,16,07:24:00,Friday,warden station,1,Mechanical,9,18,E/B,8956
2019-04-26,900,07:25:00,Friday,Kipling Station,1,Mechanical,9,17,N/B,8008
2019-04-26,76,07:28:00,Friday,Royal York Station,1,Mechanical,13,26,S/B,7965
2019-04-26,984,07:31:00,Friday,WEBR,1,Mechanical,10,20,E/B,1206
2019-04-26,53,07:33:00,Friday,FSTN,1,Mechanical,6,11,E/B,3403
2019-04-26,15,07:43:00,Friday,Mill Rd. Loop,3,Diversion,46,58,S/B,8422
2019-04-26,95,07:56:00,Friday,ELRT,9,,8,16,W/B,3422
2019-04-26,70,08:00:00,Friday,Route 70- O'Connor,8,General Delay,35,50,B/W,
2019-04-26,50,08:00:00,Friday,Mill road loop to Islington Station,8,General Delay,15,28,B/W,
2019-04-26,30,08:07:00,Friday,Kipling Station,1,Mechanical,21,42,E/B,8055
2019-04-26,133,08:15:00,Friday,MOFI,1,Mechanical,8,16,N/B,3450
2019-04-26,46,08:30:00,Friday,46 Martin Grove,8,General Delay,11,22,B/W,
2019-04-26,927,08:30:00,Friday,HWY ROCKET,8,General Delay,7,14,B/W,
2019-04-26,60,08:38:00,Friday,Pioneer Village Station,1,Mechanical,7,14,E/B,3141
2019-04-26,939,08:41:00,Friday,MSNS,1,Mechanical,7,15,E/B,1636
2019-04-26,41,08:43:00,Friday,Keele and Eglinton,8,General Delay,9,18,B/W,9145
2019-04-26,133,08:52:00,Friday,Neilson and Ellesmere,1,Mechanical,11,22,N/B,3420
2019-04-26,69,09:03:00,Friday,Kingston and Warden,5,Investigation,1,1,W/B,8558
2019-04-26,68,09:07:00,Friday,Warden and Sheppard,1,Mechanical,5,10,N/B,8764
2019-04-26,35,09:12:00,Friday,Shoreham,5,Investigation,4,8,N/B,3321
2019-04-26,944,09:20:00,Friday,Col. Sam Smith loop,1,Mechanical,8,16,N/B,7960
2019-04-26,32,09:25:00,Friday,EWST,1,Mechanical,7,14,E/B,1021
2019-04-26,85,09:33:00,Friday,RHGO,4,Utilized Off Route,15,30,W/B,3437
2019-04-26,87,09:41:00,Friday,Main stn,9,,0,0,W/B,8544
2019-04-26,53,10:06:00,Friday,BSTL,1,Mechanical,6,11,E/B,3472
2019-04-26,133,10:13:00,Friday,McCowan and Ellesmere,5,Investigation,9,18,W/B,3483
2019-04-26,995,10:18:00,Friday,SCLP,1,Mechanical,15,30,W/B,1744
2019-04-26,63,10:24:00,Friday,Ossington and Argyle,5,Investigation,8,15,nb,8203
2019-04-26,935,10:29:00,Friday,Jane/Steeles,5,Investigation,10,20,N/B,3341
2019-04-26,23,10:45:00,Friday,Main Station,5,Investigation,10,20,B/W,8954
2019-04-26,22,10:46:00,Friday,Coxwell Station,5,Investigation,8,16,S/B,9200
2019-04-26,73,10:50:00,Friday,Royal York at North Dr.,1,Mechanical,25,50,S/B,8434
2019-04-26,25,11:00:00,Friday,Route 25- Don Mills,8,General Delay,15,24,B/W,
2019-04-26,925,11:00:00,Friday,Route 925- Don Mills Rocket,8,General Delay,15,25,B/W,
2019-04-26,89,11:03:00,Friday,Keele stn,1,Mechanical,10,20,N/B,1030
2019-04-26,22,11:10:00,Friday,Dundas / Coxwell,5,Investigation,8,16,S/B,8450
2019-04-26,41,11:19:00,Friday,Maple Leaf and Keele,8,General Delay,9,18,S/B,9051
2019-04-26,8,12:00:00,Friday,Broadview stn,8,General Delay,16,16,W/B,8549
2019-04-26,34,12:00:00,Friday,34 Eglinton Ave,8,General Delay,20,1,E/B,
2019-04-26,121,12:00:00,Friday,Front and berkeley,8,General Delay,12,12,B/W,
2019-04-26,20,12:29:00,Friday,Verdun/ Main stn,1,Mechanical,16,32,W/B,8407
2019-04-26,100,12:30:00,Friday,100 Flemingdon Park,8,General Delay,12,1,E/B,
2019-04-26,63,12:32:00,Friday,Ossington Stn,1,Mechanical,9,17,N/B,8179
2019-04-26,72,13:00:00,Friday,ALL OF ROUTE,8,General Delay,1,1,BW,8521
2019-04-26,939,13:00:00,Friday,FSTN,1,Mechanical,8,17,E/B,1733
2019-04-26,34,13:30:00,Friday,Don Mills Rd,1,Mechanical,8,16,W/B,8628
2019-04-26,37,14:00:00,Friday,Islington Station to Steeles and Humberwood Loop,8,General Delay,15,34,B/W,
2019-04-26,80,14:00:00,Friday,Keele Station to Sherway Gardens,8,General Delay,15,39,B/W,
2019-04-26,15,14:00:00,Friday,Sherway Gardens to Mill Road Loop,8,General Delay,15,37,B/W,
2019-04-26,11,14:01:00,Friday,Bayview and Sheppard Ave,1,Mechanical,14,28,N/B,1251
2019-04-26,83,14:02:00,Friday,Donland station,1,Mechanical,15,30,,8489
2019-04-26,17,14:02:00,Friday,warden loop,1,Mechanical,7,14,E/B,8582
2019-04-26,953,14:14:00,Friday,BSTL,9,,4,13,W/B,9058
2019-04-26,134,14:19:00,Friday,FDFI,1,Mechanical,15,30,S/B,1335
2019-04-26,129,14:21:00,Friday,STMC,1,Mechanical,28,56,S/B,1714
2019-04-26,32,14:28:00,Friday,EMMT,9,,9,18,E/B,1000
2019-04-26,39,14:30:00,Friday,Alamosa and Finch,1,Mechanical,14,28,B/W,1721
2019-04-26,100,14:32:00,Friday,Deauville lane,1,Mechanical,6,12,S/B,8734
2019-04-26,89,14:35:00,Friday,Jane and Weston,8,General Delay,10,20,B/W,1107
2019-04-26,161,14:39:00,Friday,Ossingtion Stn,1,Mechanical,17,34,N/B,1350
2019-04-26,161,14:40:00,Friday,Rogers and Caledonia,8,General Delay,17,34,B/W,1269
2019-04-26,87,14:43:00,Friday,NMHS,9,,7,14,S/B,8583
2019-04-26,986,14:46:00,Friday,Cardinal Newman High School,9,,6,7,E/B,8845
2019-04-26,32,14:48:00,Friday,EMMT,1,Mechanical,9,17,E/B,1115
2019-04-26,12,14:49:00,Friday,MTPA,9,,25,50,S/B,8488
2019-04-26,168,14:54:00,Friday,st. clair,8,General Delay,30,40,B/W,
2019-04-26,45,15:00:00,Friday,entire route,8,General Delay,20,25,B/W,
2019-04-26,41,15:02:00,Friday,Finch w stn,1,Mechanical,9,18,N/B,9001
2019-04-26,953,15:04:00,Friday,PAMK,9,,15,30,15,9092
2019-04-26,134,15:07:00,Friday,CECO,9,,5,10,S/B,1759
2019-04-26,29,15:08:00,Friday,Dufferin and Lawrence,9,,8,15,E/B,9036
2019-04-26,984,15:09:00,Friday,Rivalda and Sheppard,9,,8,16,W/B,3294
2019-04-26,32,15:10:00,Friday,KEEG,9,,10,20,E/B,1074
2019-04-26,985,15:13:00,Friday,DONS,9,,9,18,E/B,9094
2019-04-26,63,15:14:00,Friday,Eglinton Stn,1,Mechanical,8,16,,8117
2019-04-26,42,15:21:00,Friday,Finch Stn,1,Mechanical,13,26,E/B,1213
2019-04-26,985,15:22:00,Friday,DONS,9,,9,18,E/B,9072
2019-04-26,51,15:24:00,Friday,Eglinton Stn,9,,25,43,,8110
2019-04-26,85,15:25:00,Friday,Meadowvale/Sheppard,1,Mechanical,15,31,W/B,3461
2019-04-26,985,15:26:00,Friday,DONS,9,,9,18,E/B,9073
2019-04-26,945,15:30:00,Friday,Entire Route,8,General Delay,20,25,B/W,
2019-04-26,127,15:30:00,Friday,Davenport and Ossington,8,General Delay,20,40,B/W,1503
2019-04-26,52,15:30:00,Friday,Whole route,8,General Delay,30,40,B/W,
2019-04-26,952,15:30:00,Friday,whole route,8,General Delay,24,36,B/W,
2019-04-26,704,15:37:00,Friday,Jane & Maple Leaf,1,Mechanical,1,1,N/B,3231
2019-04-26,995,15:45:00,Friday,YKMS,1,Mechanical,11,22,W/B,1688
2019-04-26,989,16:00:00,Friday,Entire Route,8,General Delay,20,30,B/W,
2019-04-26,941,16:00:00,Friday,Entire Route,8,General Delay,20,35,B/W,
2019-04-26,100,16:00:00,Friday,Flemingdon route,8,General Delay,13,19,B/W,
2019-04-26,96,16:00:00,Friday,WILS,1,Mechanical,22,44,E/B,3343
2019-04-26,127,16:00:00,Friday,Entire Route,8,General Delay,20,35,B/W,
2019-04-26,95,16:00:00,Friday,Midland,1,Mechanical,9,18,E/B,3540
2019-04-26,34,16:00:00,Friday,Eglinton Route,8,General Delay,15,19,B/W,
2019-04-26,995,16:25:00,Friday,Bay View,1,Mechanical,11,22,W/B,1501
2019-04-26,116,16:32:00,Friday,Kennedy STN/N. Service rd,1,Mechanical,12,24,E/B,8860
2019-04-26,100,16:42:00,Friday,Gateway / Don Mills,5,Investigation,6,12,E/B,8778
2019-04-26,929,16:50:00,Friday,Dufferin  and Lawrence,1,Mechanical,10,20,N/B,9147
2019-04-26,954,16:54:00,Friday,STSP,9,,11,22,E/B,8646
2019-04-26,60,17:08:00,Friday,Pioneer Village Station,5,Investigation,9,18,W/B,9120
2019-04-26,165,17:18:00,Friday,Wilson and Yonge,5,Investigation,8,16,E/B,1238
2019-04-26,46,17:20:00,Friday,,1,Mechanical,8,16,,3149
2019-04-26,12,17:39:00,Friday,MTPA,1,Mechanical,25,50,N/B,8520
2019-04-26,135,17:40:00,Friday,Gerrard and Victoria Park,5,Investigation,20,40,W/B,9221
2019-04-26,924,17:49:00,Friday,Victoria park station,1,Mechanical,9,18,S/B,8532
2019-04-26,63,17:51:00,Friday,King & West of Sudbury/Douro,5,Investigation,8,16,E/B,8369
2019-04-26,92,17:54:00,Friday,Ashbridges Bay Loop,1,Mechanical,10,19,N/B,8596
2019-04-26,53,17:56:00,Friday,Don Mills and Steeles,1,Mechanical,6,11,E/B,1799
2019-04-26,935,18:00:00,Friday,along Jane Street,8,General Delay,10,20,W/B,
2019-04-26,35,18:00:00,Friday,along Jane Street,8,General Delay,5,10,W/B,
2019-04-26,54,18:05:00,Friday,Carnforth ad Lawrence,3,Diversion,44,44,W/B,8870
2019-04-26,40,18:48:00,Friday,Dundas west station,1,Mechanical,10,20,W/B,8019
2019-04-26,35,19:17:00,Friday,PVST,9,,9,23,S/B,3148
2019-04-26,53,19:25:00,Friday,Warden and Steeles,3,Diversion,5,11,W/B,1761
2019-04-26,34,19:49:00,Friday,ESTN,1,Mechanical,14,28,E/B,8850
2019-04-26,133,19:59:00,Friday,STC,1,Mechanical,9,18,E/B,3471
2019-04-26,36,20:30:00,Friday,,8,General Delay,25,30,,3364
2019-04-26,92,20:53:00,Friday,Woodbine Station,1,Mechanical,12,24,S/B,9222
2019-04-26,63,21:06:00,Friday,EWST,1,Mechanical,10,20,S/B,1271
2019-04-26,52,21:16:00,Friday,Jane and Lawrence,5,Investigation,12,24,W/B,8388
2019-04-26,112,21:22:00,Friday,Warden and Kingston road,5,Investigation,18,36,S/B,8486
2019-04-26,45,23:06:00,Friday,Kipling Station,5,Investigation,10,20,N/B,8078
2019-04-26,22,23:27:00,Friday,Coxwell Station,1,Mechanical,10,20,S/B,9200
2019-04-26,87,23:43:00,Friday,Broadview Station,4,Utilized Off Route,10,20,E/B,8578
2019-04-26,25,23:45:00,Friday,Pape station,4,Utilized Off Route,9,18,S/B,8657
2019-04-27,56,00:02:00,Saturday,Donlands ave and Fielding Ave,8,General Delay,24,48,S/B,8395
2019-04-27,22,00:10:00,Saturday,Coxwell Station,1,Mechanical,10,20,S/B,8537
2019-04-27,94,00:11:00,Saturday,Ossington at Bloor,5,Investigation,10,20,S/B,1119
2019-04-27,102,00:20:00,Saturday,Markham and Lawrence,1,Mechanical,10,20,S/B,9219
2019-04-27,63,00:30:00,Saturday,OSTN,1,Mechanical,10,20,N/B,1215
2019-04-27,83,00:39:00,Saturday,Donlands Station,6,Emergency Services,15,30,S/B,8443
2019-04-27,73,00:50:00,Saturday,Claireport and Albion,1,Mechanical,20,40,S/B,7978
2019-04-27,112,01:12:00,Saturday,Kipling Station,1,Mechanical,23,46,N/B,8017
2019-04-27,320,02:00:00,Saturday,Entire Route,8,General Delay,25,29,B/W,8343
2019-04-27,320,02:28:00,Saturday,Yonge and Steeles,4,Utilized Off Route,3,7,S/B,8657
2019-04-27,320,03:21:00,Saturday,Yonge and Gerrard,6,Emergency Services,3,7,N/B,8170
2019-04-27,320,03:38:00,Saturday,Yonge and Eglinton,5,Investigation,4,7,NB,1234
2019-04-27,353,04:21:00,Saturday,Finch Ave E /Finch Square,5,Investigation,1,1,E/B,3505
2019-04-27,322,04:35:00,Saturday,Kingston Rd/Waverly,5,Investigation,30,30,W/B,8514
2019-04-27,300,04:56:00,Saturday,Eglinton Ave/Brimley Rd,1,Mechanical,60,60,W/B,8932
2019-04-27,396,05:11:00,Saturday,Elmhurst and Hinton,9,,30,60,E/B,1240
2019-04-27,32,05:17:00,Saturday,Eglinton at Renforth,1,Mechanical,11,22,E/B,1111
2019-04-27,32,05:25:00,Saturday,Eglinton Station,9,,20,40,W/B,1606
2019-04-27,102,05:30:00,Saturday,Select and Markham,9,,0,0,,9237
2019-04-27,26,05:36:00,Saturday,Jane Station,9,,30,60,N/B,1138
2019-04-27,161,05:39:00,Saturday,Jane at Alliance,9,,16,32,S/B,1416
2019-04-27,123,05:40:00,Saturday,Longbranch,1,Mechanical,11,1,E/B,7973
2019-04-27,116,05:42:00,Saturday,Morningside and Old Finch,5,Investigation,9,18,S/B,8764
2019-04-27,73,05:42:00,Saturday,Weston rd and OAK,1,Mechanical,12,27,N/B,8415
2019-04-27,32,05:57:00,Saturday,Pine at Lawrence,9,,10,20,E/B,1149
2019-04-27,71,06:04:00,Saturday,Industry at Mount Dennis,5,Investigation,25,50,S/B,1140
2019-04-27,32,06:07:00,Saturday,Eglinton W Stn,9,,20,40,E/B,1132
2019-04-27,395,06:15:00,Saturday,Meadowvale Rd/Ellesmere Rd,5,Investigation,30,30,N/B,3441
2019-04-27,32,06:16:00,Saturday,Renforth Stn,5,Investigation,10,20,E/B,1086
2019-04-27,32,06:17:00,Saturday,Pine at Lawrence,9,,10,20,E/B,1595
2019-04-27,91,06:20:00,Saturday,Eglinton and Bermondsey,3,Diversion,999,999,B/W,
2019-04-27,35,06:22:00,Saturday,PVST,1,Mechanical,9,18,S/B,3234
2019-04-27,45,06:27:00,Saturday,kipling station,1,Mechanical,10,20,N/B,8027
2019-04-27,127,06:30:00,Saturday,Spadina Stn,9,,15,30,E/B,1305
2019-04-27,63,06:35:00,Saturday,Wilson Garage,9,,6,11,,8187
2019-04-27,65,06:40:00,Saturday,shuter and parliament,5,Investigation,30,60,N/B,8575
2019-04-27,95,06:51:00,Saturday,KNRD,5,Investigation,14,28,W/B,3441
2019-04-27,116,07:05:00,Saturday,KENN,1,Mechanical,10,20,E/B,8878
2019-04-27,935,07:06:00,Saturday,ARGA,9,,10,21,E/B,3219
2019-04-27,32,07:26:00,Saturday,Eglinton at Caledonia,1,Mechanical,5,10,W/B,1603
2019-04-27,52,07:32:00,Saturday,Lawrence Station,5,Investigation,20,40,W/B,1387
2019-04-27,24,07:42:00,Saturday,Victoria park and Ripon,1,Mechanical,10,20,N/B,8522
2019-04-27,72,08:00:00,Saturday,pape station,8,General Delay,10,1,B/W,
2019-04-27,17,08:00:00,Saturday,birchmount route,8,General Delay,15,1,B/W,
2019-04-27,23,08:00:00,Saturday,dawes,8,General Delay,10,1,B/W,
2019-04-27,121,08:00:00,Saturday,Port York,8,General Delay,10,1,B/W,
2019-04-27,40,08:00:00,Saturday,Keele,8,General Delay,15,30,B/W,8023
2019-04-27,65,08:00:00,Saturday,parliament route,8,General Delay,10,1,B/W,
2019-04-27,60,08:05:00,Saturday,PVST,9,,11,22,S/B,3315
2019-04-27,24,08:30:00,Saturday,Steeles,9,,6,11,B/W,8937
2019-04-27,24,08:30:00,Saturday,Victoria Park stn,9,,3,0,B/W,8937
2019-04-27,110,08:41:00,Saturday,Islington stn,9,,15,30,S/B,7962
2019-04-27,89,08:48:00,Saturday,Weston and Oak,5,Investigation,9,18,N/B,1419
2019-04-27,52,09:00:00,Saturday,Lawrence Station,5,Investigation,17,34,W/B,8172
2019-04-27,34,09:04:00,Saturday,ESTN,1,Mechanical,8,16,W/B,8772
2019-04-27,131,09:12:00,Saturday,STC,1,Mechanical,18,36,E/B,1716
2019-04-27,127,09:14:00,Saturday,Danvenport and Dovercourt,8,General Delay,20,40,B/W,1097
2019-04-27,5,09:21:00,Saturday,St Clair and Yonge,5,Investigation,20,40,S/B,1248
2019-04-27,118,09:25:00,Saturday,Wilson/Keele,5,Investigation,30,60,W/B,3190
2019-04-27,32,09:45:00,Saturday,Eglinton at Dufferin,8,General Delay,20,25,B/W,
2019-04-27,939,09:45:00,Saturday,STC,1,Mechanical,14,28,W/B,3424
2019-04-27,34,09:50:00,Saturday,concord loop,1,Mechanical,17,34,W/B,8756
2019-04-27,95,10:00:00,Saturday,KNRD-SCLP-YKMS,8,General Delay,16,32,B/W,
2019-04-27,64,10:00:00,Saturday,64 Main St,8,General Delay,10,1,B/W,
2019-04-27,91,10:00:00,Saturday,91 Woodbine North,8,General Delay,15,1,B/W,
2019-04-27,93,10:00:00,Saturday,93 Parkview Hills,8,General Delay,8,1,B/W,
2019-04-27,65,10:00:00,Saturday,65 Parliament,8,General Delay,10,1,B/W,
2019-04-27,85,10:00:00,Saturday,Don Mills Stn -Z00-RHGO,8,General Delay,30,60,B/W,
2019-04-27,90,10:04:00,Saturday,Oakwood and Vaughan,9,,8,16,S/B,1352
2019-04-27,63,10:12:00,Saturday,Eglinton Stn,1,Mechanical,5,10,S/B,1283
2019-04-27,52,10:43:00,Saturday,Lawrence Station,1,Mechanical,20,40,W/B,1371
2019-04-27,60,10:50:00,Saturday,Steeles and Martin Grove,1,Mechanical,11,22,W/B,3131
2019-04-27,80,11:00:00,Saturday,80 ROUTE,8,General Delay,20,40,B/W,8611
2019-04-27,37,11:00:00,Saturday,37 Route,8,General Delay,20,40,B/W,7963
2019-04-27,98,11:00:00,Saturday,Willowdale and Church,5,Investigation,30,60,E/B,8139
2019-04-27,85,11:14:00,Saturday,MGAT,1,Mechanical,30,60,E/B,1343
2019-04-27,22,11:31:00,Saturday,coxwell staiton,1,Mechanical,9,18,S/B,8448
2019-04-27,97,11:42:00,Saturday,ESTN,6,Emergency Services,30,60,S/B,8125
2019-04-27,7,11:49:00,Saturday,Bathurst and Wilson,9,,8,16,N/B,1376
2019-04-27,106,11:54:00,Saturday,Sheppard W Stn,1,Mechanical,9,17,S/B,1201
2019-04-27,36,11:59:00,Saturday,HWLP,9,,5,10,E/B,9120
2019-04-27,116,12:00:00,Saturday,entire route,8,General Delay,10,20,B/W,
2019-04-27,34,12:00:00,Saturday,entire B trip route,8,General Delay,17,34,B/W,
2019-04-27,96,12:01:00,Saturday,Between Jane to Yonge,8,General Delay,10,19,B/W,
2019-04-27,85,12:08:00,Saturday,ZOO,9,,5,11,W/B,1386
2019-04-27,29,12:25:00,Saturday,Springhurst Loop,3,Diversion,3,6,S/B,9149
2019-04-27,29,12:26:00,Saturday,Springhurst Loop,8,General Delay,5,10,B/W,9149
2019-04-27,168,12:51:00,Saturday,Avon Loop,1,Mechanical,8,16,E/B,1023
2019-04-27,134,12:55:00,Saturday,FDFI,1,Mechanical,15,30,S/B,1718
2019-04-27,927,13:06:00,Saturday,Martin Grove and Gihon Spring,5,Investigation,10,20,N/B,3169
2019-04-27,37,13:07:00,Saturday,Humberwood loop,9,,20,40,S/B,8085
2019-04-27,47,13:27:00,Saturday,Lansdowne / Dupont,3,Diversion,20,29,B/W,
2019-04-27,85,13:42:00,Saturday,ZOO,1,Mechanical,6,17,W/B,1607
2019-04-27,30,13:46:00,Saturday,Dundas Street west And High Park.,8,General Delay,23,46,B/W,8613
2019-04-27,121,14:00:00,Saturday,BW Yonge to Bathurst St.,8,General Delay,20,1,B/W,
2019-04-27,24,14:00:00,Saturday,BW Eglinton to Finch Ave.,8,General Delay,20,1,B/W,
2019-04-27,96,14:15:00,Saturday,Elmhurst/Muncey Ave.,5,Investigation,15,30,W/B,3248
2019-04-27,24,14:21:00,Saturday,Victoria Park Station,1,Mechanical,7,14,N/B,8747
2019-04-27,121,14:32:00,Saturday,University to Spadina ave BW,3,Diversion,1,1,B/W,
2019-04-27,14,14:38:00,Saturday,Davisville stn,8,General Delay,24,48,W/B,1017
2019-04-27,72,14:48:00,Saturday,cherry and comm,1,Mechanical,18,36,S/B,8430
2019-04-27,80,15:00:00,Saturday,Queensway and Atomic to Kipling,8,General Delay,35,59,B/W,
2019-04-27,900,15:10:00,Saturday,Dixon rd and Airport rd,1,Mechanical,7,14,N/B,8009
2019-04-27,96,16:00:00,Saturday,Humberline & Finch West,5,Investigation,15,30,E/B,3319
2019-04-27,32,16:40:00,Saturday,Trethewey and Todd Baylis,4,Utilized Off Route,9,18,E/B,1516
2019-04-27,29,17:04:00,Saturday,Duferin at Orfus rd,1,Mechanical,4,8,N/B,9142
2019-04-27,52,17:13:00,Saturday,The Westway and SunRow Drive,5,Investigation,17,22,E/B,8321
2019-04-27,73,17:23:00,Saturday,Albion and  Martin Grove,3,Diversion,10,20,W/B,7937
2019-04-27,32,17:57:00,Saturday,Eglington and Gabian Way,1,Mechanical,24,48,E/B,1099
2019-04-27,40,18:00:00,Saturday,Dundas West Station to Runnymede Loop,8,General Delay,8,18,B/W,
2019-04-27,165,18:27:00,Saturday,YKMS,6,Emergency Services,8,15,W/B,3326
2019-04-27,900,18:34:00,Saturday,Kipling Station,9,,7,14,N/B,8008
2019-04-27,41,18:40:00,Saturday,Keele Stn.,1,Mechanical,8,17,N/B,1136
2019-04-27,65,18:40:00,Saturday,shutter and parliament,5,Investigation,30,60,S/B,8575
2019-04-27,935,19:36:00,Saturday,Jane and Sheppard,5,Investigation,10,20,N/B,3225
2019-04-27,161,19:44:00,Saturday,OSTN,1,Mechanical,18,36,N/B,1067
2019-04-27,29,22:20:00,Saturday,Wilson Station,6,Emergency Services,9,18,S/B,9137
2019-04-27,17,23:21:00,Saturday,Warden Loop at Steeles,1,Mechanical,22,44,S/B,8572
2019-04-28,7,00:13:00,Sunday,Bathurst/Ellerslie,1,Mechanical,10,20,S/B,8136
2019-04-28,65,00:57:00,Sunday,Oakwood / Eglinton,6,Emergency Services,8,16,S/B,8187
2019-04-28,34,01:14:00,Sunday,Eglinton and Birchmount,5,Investigation,10,20,W/B,8678
2019-04-28,395,01:19:00,Sunday,York Mills  east of Valleywoods,5,Investigation,10,20,EB,1733
2019-04-28,300,01:32:00,Sunday,1490 Danforth Road,3,Diversion,97,102,BW,9216
2019-04-28,86,02:40:00,Sunday,Sheppard and Meadowvale,5,Investigation,1,1,NB,8795
2019-04-28,300,03:30:00,Sunday,East Mall and Bloor,9,,20,40,EB,8853
2019-04-28,339,03:34:00,Sunday,Finch and McCowan,5,Investigation,30,60,WB,3425
2019-04-28,300,04:28:00,Sunday,Terminal 3,9,,30,60,E/B,8827
2019-04-28,300,05:04:00,Sunday,East Mall and Bloor,5,Investigation,30,60,EB,8815
2019-04-28,39,06:00:00,Sunday,FSTN to MOFI,8,General Delay,11,21,B/W,
2019-04-28,353,06:01:00,Sunday,Finch and Tapscott,3,Diversion,169,199,B/W,
2019-04-28,39,06:01:00,Sunday,Finch and Tapscott,3,Diversion,169,199,B/W,
2019-04-28,53,06:39:00,Sunday,mofi,9,,27,27,W/B,3481
2019-04-28,50,06:42:00,Sunday,MLBP,9,,10,20,E/B,8412
2019-04-28,129,06:59:00,Sunday,McCowan and Steeles Loop,1,Mechanical,12,24,S/B,3514
2019-04-28,35,06:59:00,Sunday,Pioneer Village,1,Mechanical,5,10,S/B,3237
2019-04-28,91,07:26:00,Sunday,Eglinton / Bermondsey / Sloane,3,Diversion,1,1,B/W,9205
2019-04-28,900,07:30:00,Sunday,ENTIRE ROUTE,8,General Delay,9,30,B/W,8421
2019-04-28,94,07:30:00,Sunday,Queens Park,3,Diversion,105,118,B/W,
2019-04-28,14,07:35:00,Sunday,DVSN,9,,25,25,W/B,1562
2019-04-28,94,07:55:00,Sunday,OSTN,9,,12,26,E/B,1012
2019-04-28,52,08:02:00,Sunday,Lawrence W stn,1,Mechanical,15,15,W/B,8361
2019-04-28,32,08:07:00,Sunday,ESTN,9,,13,23,W/B,1138
2019-04-28,26,08:24:00,Sunday,Dupont and Christie,1,Mechanical,22,44,E/B,1264
2019-04-28,85,08:29:00,Sunday,RHGO,9,,24,48,W/B,1240
2019-04-28,32,08:46:00,Sunday,REGW,9,,10,20,E/B,1017
2019-04-28,85,08:57:00,Sunday,BZOO,9,,8,24,W/B,1718
2019-04-28,29,09:13:00,Sunday,Wilson Stn,1,Mechanical,7,14,S/B,9021
2019-04-28,41,09:16:00,Sunday,Keele Stn,1,Mechanical,11,23,N/B,1115
2019-04-28,60,09:17:00,Sunday,Steeles loop,1,Mechanical,5,10,S/B,3361
2019-04-28,63,10:00:00,Sunday,cne / eglinton wstn,8,General Delay,5,10,B/W,
2019-04-28,52,10:00:00,Sunday,Lawrence Station to Airport,8,General Delay,27,37,B/W,
2019-04-28,36,10:02:00,Sunday,Finch station,1,Mechanical,5,10,W/B,3254
2019-04-28,116,10:40:00,Sunday,Morningside and McLevin,6,Emergency Services,10,20,S/B,8665
2019-04-28,17,10:54:00,Sunday,Warden Stn.,1,Mechanical,18,36,N/B,8462
2019-04-28,54,10:55:00,Sunday,Kennedy and Lawrence,3,Diversion,59,59,W/B,8806
2019-04-28,900,10:57:00,Sunday,T3,1,Mechanical,9,18,S/B,8055
2019-04-28,30,11:00:00,Sunday,High Park Station,8,General Delay,15,45,B/W,
2019-04-28,32,11:10:00,Sunday,EGWSTN,1,Mechanical,10,20,W/B,1378
2019-04-28,105,11:47:00,Sunday,steeles,1,Mechanical,12,24,S/B,8122
2019-04-28,29,11:49:00,Sunday,WILS,1,Mechanical,10,20,S/B,9027
2019-04-28,131,11:54:00,Sunday,McCowan and Sheppard,5,Investigation,22,44,B/W,1393
2019-04-28,72,12:00:00,Sunday,Pape Route,8,General Delay,18,36,BW,
2019-04-28,89,12:00:00,Sunday,Entire route,8,General Delay,10,25,B/W,
2019-04-28,23,12:00:00,Sunday,Dawes Route,8,General Delay,12,12,BW,
2019-04-28,70,12:00:00,Sunday,St. Clair Ave E/O'Connor Dr,8,General Delay,20,40,B/W,
2019-04-28,102,12:00:00,Sunday,Markham Road Route,8,General Delay,10,20,BW,0
2019-04-28,121,12:00:00,Sunday,Front / University,8,General Delay,15,30,B/W,8523
2019-04-28,22,12:00:00,Sunday,Coxwell Route,8,General Delay,10,20,BW,
2019-04-28,168,12:00:00,Sunday,Entire route,8,General Delay,9,29,B/W,
2019-04-28,41,12:00:00,Sunday,Entire route,8,General Delay,10,30,B/W,
2019-04-28,106,12:02:00,Sunday,wilson garage,9,,10,20,S/B,8308
2019-04-28,35,12:02:00,Sunday,Pioneer Village Station,1,Mechanical,10,20,S/B,3101
2019-04-28,63,12:03:00,Sunday,wilson garage,9,,8,16,S/B,8109
2019-04-28,60,12:04:00,Sunday,Pioneer Village stn,9,,5,10,E/B,3297
2019-04-28,23,12:06:00,Sunday,195 Rexleigh Drive,9,,6,16,NB,8547
2019-04-28,25,12:07:00,Sunday,Pape STN,1,Mechanical,9,18,N/B,8767
2019-04-28,62,12:15:00,Sunday,Broadview Ave and Pretoria Ave,1,Mechanical,20,35,NB,8953
2019-04-28,95,12:17:00,Sunday,YKMS,9,,17,34,E/B,1392
2019-04-28,91,12:19:00,Sunday,BRGA,1,Mechanical,10,20,W/B,9233
2019-04-28,12,12:19:00,Sunday,Birchmount / Kingston,1,Mechanical,30,60,E/B,8941
2019-04-28,70,12:20:00,Sunday,Coxwell STN,9,,20,40,N/B,8884
2019-04-28,108,12:20:00,Sunday,Pioneer Village Station,9,,18,36,E/B,3236
2019-04-28,29,12:20:00,Sunday,Dufferin and St.Clair,5,Investigation,6,11,S/B,9001
2019-04-28,52,12:23:00,Sunday,Lawrence west station,9,,7,14,W/B,8377
2019-04-28,52,12:38:00,Sunday,Terminal 1,9,,8,22,E/B,8201
2019-04-28,7,12:38:00,Sunday,Bathurst Lawrence,1,Mechanical,7,14,N/B,8357
2019-04-28,165,12:59:00,Sunday,York Mills Stn,5,Investigation,9,18,,3209
2019-04-28,939,13:00:00,Sunday,WAFI,5,Investigation,16,32,E/B,1658
2019-04-28,66,13:00:00,Sunday,ENTIRE ROUTE,8,General Delay,10,30,B/W,
2019-04-28,118,13:03:00,Sunday,Wilson and Clayson,1,Mechanical,30,60,E/B,3141
2019-04-28,52,13:05:00,Sunday,Lawrence west station,9,,7,14,E/B,8191
2019-04-28,939,13:35:00,Sunday,STC,1,Mechanical,16,32,W/B,1793
2019-04-28,29,13:54:00,Sunday,Exhibition loop at Dufferin,3,Diversion,156,160,B/W,
2019-04-28,56,14:00:00,Sunday,Eglinton Station to Donlands Station,8,General Delay,18,48,B/W,
2019-04-28,6,14:00:00,Sunday,Entire route,8,General Delay,14,34,B/W,
2019-04-28,127,14:00:00,Sunday,Entire route,8,General Delay,23,38,B/W,
2019-04-28,71,14:00:00,Sunday,Entire route,8,General Delay,24,35,B/W,
2019-04-28,79,14:00:00,Sunday,Entire route,8,General Delay,12,27,B/W,
2019-04-28,32,14:00:00,Sunday,Entire route,8,General Delay,10,30,B/W,
2019-04-28,53,14:23:00,Sunday,STMC,1,Mechanical,12,18,E/B,1744
2019-04-28,165,14:30:00,Sunday,Murray and Wilson,5,Investigation,9,18,,3309
2019-04-28,168,14:42:00,Sunday,Lavender and Old Weston Rd,5,Investigation,9,18,S/B,1516
2019-04-28,85,14:54:00,Sunday,MGAT,1,Mechanical,28,55,E/B,3541
2019-04-28,29,15:11:00,Sunday,Dufferin and Rogers,5,Investigation,5,9,N/B,9102
2019-04-28,42,15:12:00,Sunday,Finch Station,1,Mechanical,16,32,E/B,8158
2019-04-28,44,15:22:00,Sunday,Kipling Station,4,Utilized Off Route,10,20,S/B,8092
2019-04-28,84,15:27:00,Sunday,Sheppard and Jane,5,Investigation,7,14,W/B,3158
2019-04-28,39,15:45:00,Sunday,Doris Ave,5,Investigation,16,32,E/B,1547
2019-04-28,86,15:53:00,Sunday,Meadowvale loop,1,Mechanical,8,15,W/B,8710
2019-04-28,120,15:55:00,Sunday,Jane and Sheppard,5,Investigation,30,60,,3347
2019-04-28,5,16:00:00,Sunday,ESTN to QUPK,8,General Delay,20,40,B/W,
2019-04-28,24,16:00:00,Sunday,Victoria Park Route,8,General Delay,8,16,WB,
2019-04-28,161,16:00:00,Sunday,Entire route,8,General Delay,15,30,B/W,
2019-04-28,7,16:00:00,Sunday,Bathurst at Hilcrest (Dupont),3,Diversion,79,86,S/B,
2019-04-28,104,16:00:00,Sunday,SWST to WILS,8,General Delay,20,40,B/W,
2019-04-28,35,16:07:00,Sunday,St Clair and Jane,6,Emergency Services,10,20,S/B,3313
2019-04-28,47,16:48:00,Sunday,YKDL,1,Mechanical,18,36,S/B,1579
2019-04-28,41,16:48:00,Sunday,Broadoaks on Keele,1,Mechanical,10,20,N/B,1127
2019-04-28,29,17:11:00,Sunday,PRGT,1,Mechanical,4,9,B/W,9001
2019-04-28,85,17:54:00,Sunday,Pharm/Shep,1,Mechanical,5,16,W/B,3519
2019-04-28,39,18:25:00,Sunday,Midland and Finch,5,Investigation,16,32,WB,1639
2019-04-28,52,18:38:00,Sunday,Lawrence Station,6,Emergency Services,19,33,W/B,8374
2019-04-28,121,18:40:00,Sunday,Front St West and York St,5,Investigation,20,20,WB,8539
2019-04-28,85,19:05:00,Sunday,S-LP Meadowvale Loop,1,Mechanical,12,24,WB,1719
2019-04-28,85,19:47:00,Sunday,Neilson/Shep,1,Mechanical,16,40,W/B,1707
2019-04-28,108,20:25:00,Sunday,Driftwood Ave and Driftwood Court,3,Diversion,245,255,BW,3168
2019-04-28,108,20:45:00,Sunday,Entire Route,8,General Delay,50,60,B/W,3194
2019-04-28,35,21:08:00,Sunday,Jane and Firgrove,5,Investigation,10,20,SB,3294
2019-04-28,24,21:26:00,Sunday,Victoria Park Station,9,,10,20,NB,8502
2019-04-28,32,22:00:00,Sunday,Oakwood and Eglinton,5,Investigation,10,20,E/B,1097
2019-04-28,95,22:00:00,Sunday,York Mills Station,8,General Delay,10,20,BW,3500
2019-04-28,63,22:17:00,Sunday,Oakwood / Eglinton,3,Diversion,10,182,N/B,8171
2019-04-28,45,22:25:00,Sunday,kpst,4,Utilized Off Route,10,20,N/B,8409
2019-04-28,35,22:25:00,Sunday,Jane and Weston Road,1,Mechanical,10,20,SB,3111
2019-04-28,39,23:09:00,Sunday,Finch and Pharmacy,1,Mechanical,10,20,WB,1639
2019-04-29,96,00:58:00,Monday,William Cragg and Wilson,6,Emergency Services,20,40,EB,3135
2019-04-29,354,04:00:00,Monday,Starsspray to Eglinton stn.,8,General Delay,30,60,B/W,
2019-04-29,300,04:00:00,Monday,Airport - To Kennedy Stn.,8,General Delay,30,60,B/W,
2019-04-29,334,04:00:00,Monday,FDFI- ESTN,8,General Delay,30,60,B/W,
2019-04-29,85,04:33:00,Monday,SLP,10,Late Leaving Garage - Operator,30,45,W/B,3471
2019-04-29,68,04:38:00,Monday,Eglinton Yard,10,Late Leaving Garage - Operator,1,1,N/B,8794
2019-04-29,29,04:41:00,Monday,Dufferine and Bloor,11,Late Leaving Garage - Mechanical,12,24,N/B,9056
2019-04-29,47,04:45:00,Monday,EARL,10,Late Leaving Garage - Operator,30,30,S/B,1146
2019-04-29,68,04:48:00,Monday,WDNF,10,Late Leaving Garage - Operator,19,19,N/B,8794
2019-04-29,54,05:03:00,Monday,Eglinton yard,10,Late Leaving Garage - Operator,1,1,N/B,8910
2019-04-29,47,05:10:00,Monday,QNLA,11,Late Leaving Garage - Mechanical,10,20,N/B,1129
2019-04-29,21,05:15:00,Monday,STC,11,Late Leaving Garage - Mechanical,20,40,S/B,1333
2019-04-29,89,05:16:00,Monday,Albion and Weston,11,Late Leaving Garage - Mechanical,15,30,S/B,1356
2019-04-29,70,05:20:00,Monday,CSTN,10,Late Leaving Garage - Operator,19,39,E/B,8780
2019-04-29,25,05:23:00,Monday,Eglinton Yard,10,Late Leaving Garage - Operator,1,1,N/B,8789
2019-04-29,91,05:28:00,Monday,woodbine station,10,Late Leaving Garage - Operator,1,1,N/B,8933
2019-04-29,953,05:32:00,Monday,MOFI,10,Late Leaving Garage - Operator,13,27,W/B,9096
2019-04-29,28,05:32:00,Monday,Wilson garage,11,Late Leaving Garage - Mechanical,30,1,S/B,8363
2019-04-29,300,05:33:00,Monday,Dundas West station,7,Vision,10,20,W/B,8421
2019-04-29,300,05:33:00,Monday,DDAN,10,Late Leaving Garage - Operator,30,60,W/B,
2019-04-29,110,05:35:00,Monday,Islington and Evans,10,Late Leaving Garage - Operator,10,20,S/B,7972
2019-04-29,67,05:35:00,Monday,PHRA,9,,10,10,S/B,8869
2019-04-29,108,05:36:00,Monday,Arrow & Finch POD Jane & Stong,1,Mechanical,15,35,N/B,3333
2019-04-29,12,05:40:00,Monday,Victoria Park Station,11,Late Leaving Garage - Mechanical,14,28,E/B,8450
2019-04-29,95,05:50:00,Monday,Conlins on Ellesmere,1,Mechanical,7,19,W/B,1824
2019-04-29,52,05:52:00,Monday,LSTA,11,Late Leaving Garage - Mechanical,12,12,E/B,1315
2019-04-29,133,05:54:00,Monday,MOFI,7,Vision,11,22,W/B,3472
2019-04-29,25,05:56:00,Monday,PSTN,10,Late Leaving Garage - Operator,5,10,N/B,8684
2019-04-29,165,05:56:00,Monday,Arrow garage POD Weston & Finch,11,Late Leaving Garage - Mechanical,6,15,N/B,3142
2019-04-29,25,05:59:00,Monday,Eglinton Yard,10,Late Leaving Garage - Operator,1,1,N/B,8903
2019-04-29,68,06:00:00,Monday,Eglinton Yard,12,Late Leaving Garage - Management,1,1,N/B,8704
2019-04-29,36,06:04:00,Monday,Finch west stn,11,Late Leaving Garage - Mechanical,18,36,W/B,9111
2019-04-29,86,06:07:00,Monday,Kennedy Station,10,Late Leaving Garage - Operator,10,18,E/B,8922
2019-04-29,66,06:07:00,Monday,lakeshore at marine parade,11,Late Leaving Garage - Mechanical,19,38,N/B,7910
2019-04-29,121,06:09:00,Monday,MLCH,7,Vision,12,24,W/B,8441
2019-04-29,32,06:09:00,Monday,Eglinton at Caledonia,5,Investigation,7,14,E/B,1010
2019-04-29,75,06:10:00,Monday,Wilson garage,11,Late Leaving Garage - Mechanical,5,27,S/B,8196
2019-04-29,902,06:15:00,Monday,warden stn,11,Late Leaving Garage - Mechanical,10,20,N/B,9201
2019-04-29,954,06:17:00,Monday,Eglinton Yard,11,Late Leaving Garage - Mechanical,1,1,N/B,8847
2019-04-29,36,06:18:00,Monday,Humberwood loop,11,Late Leaving Garage - Mechanical,5,10,E/B,9113
2019-04-29,52,06:20:00,Monday,LSTA,1,Mechanical,15,30,E/B,8122
2019-04-29,123,06:21:00,Monday,Sherway gardens,11,Late Leaving Garage - Mechanical,17,34,E/B,8406
2019-04-29,102,06:24:00,Monday,st clair and kennedy,1,Mechanical,22,44,W/B,8537
2019-04-29,68,06:27:00,Monday,WLAS,12,Late Leaving Garage - Management,5,11,S/B,8704
2019-04-29,168,06:29:00,Monday,AVLP,10,Late Leaving Garage - Operator,5,9,S/B,1633
2019-04-29,53,06:29:00,Monday,Markham and passmore,11,Late Leaving Garage - Mechanical,5,11,W/B,1343
2019-04-29,954,06:30:00,Monday,RTLS,11,Late Leaving Garage - Mechanical,9,18,E/B,8874
2019-04-29,953,06:30:00,Monday,Morningside @ finch.,11,Late Leaving Garage - Mechanical,13,27,W/B,9073
2019-04-29,902,06:32:00,Monday,warden station,10,Late Leaving Garage - Operator,10,20,N/B,8951
2019-04-29,32,06:32:00,Monday,Eglinton at Caledonia,1,Mechanical,7,14,E/B,1416
2019-04-29,116,06:35:00,Monday,Kennedy Station,10,Late Leaving Garage - Operator,1,1,E/B,8802
2019-04-29,953,06:38:00,Monday,FSTN,11,Late Leaving Garage - Mechanical,14,27,E/B,9082
2019-04-29,50,06:42:00,Monday,MBLP,11,Late Leaving Garage - Mechanical,10,20,E/B,8412
2019-04-29,29,06:45:00,Monday,Bothways at Argyle Ave,3,Diversion,10,20,S/B,9044
2019-04-29,939,06:49:00,Monday,MSNS,7,Vision,8,15,W/B,1611
2019-04-29,985,06:49:00,Monday,SLP,10,Late Leaving Garage - Operator,17,27,W/B,9092
2019-04-29,96,06:59:00,Monday,Carrier Loop,1,Mechanical,19,38,E/B,3315
2019-04-29,53,07:00:00,Monday,Finch station,11,Late Leaving Garage - Mechanical,5,11,E/B,1775
2019-04-29,52,07:05:00,Monday,t3,1,Mechanical,15,23,E/B,8145
2019-04-29,134,07:11:00,Monday,Washburn way and Mammoth hall,1,Mechanical,22,40,S/B,9084
2019-04-29,134,07:15:00,Monday,Mammoth hall and Washburn way,3,Diversion,,,B/W,
2019-04-29,913,07:18:00,Monday,STC,7,Vision,5,10,E/B,3439
2019-04-29,924,07:21:00,Monday,Steeles Loop,5,Investigation,10,20,S/B,9215
2019-04-29,46,07:26:00,Monday,Kipling,5,Investigation,5,10,S/B,3322
2019-04-29,186,07:30:00,Monday,Route 186,8,General Delay,10,21,B/W,
2019-04-29,165,07:30:00,Monday,Route 165,8,General Delay,10,18,B/W,
2019-04-29,96,07:30:00,Monday,Route 96,8,General Delay,11,20,B/W,
2019-04-29,39,07:49:00,Monday,NECR,1,Mechanical,10,15,W/B,3515
2019-04-29,134,08:02:00,Monday,CECO,1,Mechanical,5,9,W/B,3439
2019-04-29,11,08:12:00,Monday,Davisville stn,1,Mechanical,15,30,N/B,8150
2019-04-29,913,08:15:00,Monday,STC,1,Mechanical,5,9,E/B,3439
2019-04-29,161,08:30:00,Monday,Ossington stn,11,Late Leaving Garage - Mechanical,12,24,N/B,1605
2019-04-29,70,08:30:00,Monday,Route 70- O'Connor,8,General Delay,25,42,B/W,
2019-04-29,7,08:40:00,Monday,wilson avenue,1,Mechanical,8,16,N/B,1344
2019-04-29,90,08:40:00,Monday,St.Clair West Stn,1,Mechanical,8,16,N/B,1236
2019-04-29,41,08:49:00,Monday,St Clair and Keele,8,General Delay,9,18,B/W,1553
2019-04-29,52,08:56:00,Monday,LA.W,1,Mechanical,8,23,E/B,8360
2019-04-29,20,08:57:00,Monday,Sibley / Danforth,3,Diversion,1,1,W/B,8555
2019-04-29,113,08:57:00,Monday,Sibley / Danforth,3,Diversion,1,1,W/B,8557
2019-04-29,29,09:14:00,Monday,SB on Dufferin at Eglinton,5,Investigation,7,14,S/B,9039
2019-04-29,43,09:17:00,Monday,Bonis and Kennedy,6,Emergency Services,10,20,S/B,8758
2019-04-29,34,09:20:00,Monday,ESTN,1,Mechanical,10,20,E/B,8749
2019-04-29,29,09:34:00,Monday,Dufferin and Lawrence,12,Late Leaving Garage - Management,7,14,S/B,1358
2019-04-29,87,10:05:00,Monday,Eastdale Ave at Secord Ave,5,Investigation,10,20,S/B,9219
2019-04-29,71,10:50:00,Monday,Eglinton at Weston,3,Diversion,50,73,S/B,
2019-04-29,89,10:56:00,Monday,Weston and Eglinton,3,Diversion,10,20,S/B,1502
2019-04-29,100,10:59:00,Monday,Grenoble & St Dennis,1,Mechanical,6,12,N/B,8742
2019-04-29,42,11:02:00,Monday,Finch stn,1,Mechanical,12,23,E/B,1275
2019-04-29,34,11:25:00,Monday,Yogne & Eglinton,3,Diversion,15,20,E/B,8655
2019-04-29,29,11:54:00,Monday,Manitoba / Nova Scotia /Nunavut,3,Diversion,306,316,B/W,
2019-04-29,66,12:04:00,Monday,Old Mill Station,1,Mechanical,20,40,S/B,8057
2019-04-29,36,14:00:00,Monday,Entire Finch west route,8,General Delay,6,14,B/W,
2019-04-29,6,14:00:00,Monday,SHQQ,1,Mechanical,1,1,N/B,1378
2019-04-29,80,14:00:00,Monday,Keele Station to Sherway Gardens,8,General Delay,15,39,B/W,
2019-04-29,66,14:00:00,Monday,Old Mill Station to Humber Loop and Marine Parade,8,General Delay,15,35,B/W,
2019-04-29,46,14:00:00,Monday,46 Martin Grove,8,General Delay,15,35,B/W,
2019-04-29,53,14:14:00,Monday,Finch STN,1,Mechanical,6,17,E/B,1650
2019-04-29,52,14:19:00,Monday,Lawrence station,1,Mechanical,14,28,W/B,1382
2019-04-29,939,14:20:00,Monday,Midland and Finch,6,Emergency Services,9,18,B/W,3524
2019-04-29,927,14:30:00,Monday,927 Hwy Rocket,8,General Delay,6,15,B/W,
2019-04-29,42,14:41:00,Monday,Finch Station,1,Mechanical,8,16,E/B,1282
2019-04-29,11,14:55:00,Monday,Davisville Stn,4,Utilized Off Route,5,5,N/B,8344
2019-04-29,67,15:00:00,Monday,Victoria Park STN to Reddins/Croslands,8,General Delay,30,40,B/W,
2019-04-29,34,15:00:00,Monday,Kennedy station,11,Late Leaving Garage - Mechanical,4,9,W/B,8844
2019-04-29,53,15:07:00,Monday,Brebeuf College on Steeles,10,Late Leaving Garage - Operator,2,2,E/B,9064
2019-04-29,167,15:18:00,Monday,Pharmacy and Beverly,5,Investigation,30,60,N/B,8437
2019-04-29,900,15:29:00,Monday,queensway garage,10,Late Leaving Garage - Operator,9,18,W/B,8005
2019-04-29,102,15:30:00,Monday,Warden and Major MacKenzie,1,Mechanical,25,50,S/B,8458
2019-04-29,29,15:32:00,Monday,Bloor and Dufferin,1,Mechanical,7,12,N/B,9143
2019-04-29,36,15:48:00,Monday,Jane and Finch,5,Investigation,6,12,E/B,3261
2019-04-29,144,15:51:00,Monday,Jarvis St/Richmond St to Victoria Park/Parkwoods Village,8,General Delay,30,50,B/W,
2019-04-29,73,15:53:00,Monday,"On Royal York Road, at Allanhurst",1,Mechanical,14,28,N/B,8017
2019-04-29,953,15:55:00,Monday,Moningside and Finch,11,Late Leaving Garage - Mechanical,15,30,W/B,3462
2019-04-29,91,16:00:00,Monday,Woodbine station to Vellywoods and Yorkmills,8,General Delay,15,30,B/W,
2019-04-29,100,16:00:00,Monday,100 Flemingdon Park route,8,General Delay,15,30,B/W,
2019-04-29,32,16:00:00,Monday,Weston and Eglinton,1,Mechanical,8,16,E/B,
2019-04-29,34,16:00:00,Monday,34 Eglinton East route-  all branches,8,General Delay,15,30,B/W,
2019-04-29,143,16:00:00,Monday,Neville Loop to Adelaide street and Simcoe street,8,General Delay,15,30,B/W,
2019-04-29,929,16:17:00,Monday,WILS,5,Investigation,10,20,S/B,9052
2019-04-29,132,16:21:00,Monday,Sewells and McLevin,1,Mechanical,12,25,W/B,1335
2019-04-29,7,16:30:00,Monday,Lawrence and Bathurst,1,Mechanical,8,16,S/B,8382
2019-04-29,52,16:31:00,Monday,Lawrence station,11,Late Leaving Garage - Mechanical,20,41,W/B,1372
2019-04-29,79,16:33:00,Monday,Scarlett and Elleen,5,Investigation,15,29,N/B,1503
2019-04-29,10,16:40:00,Monday,Don Mills Station,11,Late Leaving Garage - Mechanical,10,20,E/B,
2019-04-29,63,16:41:00,Monday,Dupont / Ossington,1,Mechanical,8,16,S/B,8183
2019-04-29,25,16:44:00,Monday,Don Mills station,6,Emergency Services,5,11,N/B,8625
2019-04-29,38,17:16:00,Monday,Neilson and Ellesmere,1,Mechanical,13,26,W/B,3527
2019-04-29,134,17:28:00,Monday,McCowan and Bushby,1,Mechanical,18,36,W/B,1792
2019-04-29,937,17:40:00,Monday,islington and dixon,1,Mechanical,11,22,N/B,8055
2019-04-29,35,17:45:00,Monday,Hulmar,5,Investigation,8,16,N/B,3213
2019-04-29,25,17:45:00,Monday,Don Mills and Esterbrook,1,Mechanical,5,10,S/B,8857
2019-04-29,68,18:06:00,Monday,Warden and Lawrence,3,Diversion,137,152,S/B,
2019-04-29,100,18:09:00,Monday,DMWF (EGGA),1,Mechanical,9,17,8620,8620
2019-04-29,17,18:20:00,Monday,Steeles and Birchmount,1,Mechanical,36,72,N/B,8537
2019-04-29,939,18:32:00,Monday,Midland and Finch,1,Mechanical,12,24,B/W,3436
2019-04-29,52,18:55:00,Monday,Airport to Lawrence station,8,General Delay,12,24,B/W,
2019-04-29,52,19:10:00,Monday,Islinton and Dixon,3,Diversion,35,47,W/B,
2019-04-29,900,19:40:00,Monday,Kipling Station,8,General Delay,10,20,W/B,8005
2019-04-29,945,19:51:00,Monday,dixon and islington,8,General Delay,8,15,W/B,7968
2019-04-29,95,19:54:00,Monday,York Mills Station,5,Investigation,7,14,EB,1727
2019-04-29,29,20:14:00,Monday,Wilson stn,1,Mechanical,8,16,N/B,9001
2019-04-29,41,21:02:00,Monday,Finch West Station,5,Investigation,17,34,N/B,1109
2019-04-29,33,22:38:00,Monday,SSTN,4,Utilized Off Route,20,40,N/B,8323
2019-04-29,985,22:41:00,Monday,Scarborough Town Center,6,Emergency Services,20,40,W/B,1531
2019-04-29,32,22:44:00,Monday,REGW,4,Utilized Off Route,1,1,W/B,1089
2019-04-29,74,22:45:00,Monday,Mt. Pleasant / Lawrence,4,Utilized Off Route,18,36,N/B,8375
2019-04-29,35,22:46:00,Monday,JNST,4,Utilized Off Route,10,20,N/B,3265
2019-04-29,89,22:50:00,Monday,KSTN,4,Utilized Off Route,10,20,N/B,1118
2019-04-29,165,22:55:00,Monday,Yorkmills Station,4,Utilized Off Route,10,20,W/B,3308
2019-04-29,37,23:00:00,Monday,Islington Station to Steeles,4,Utilized Off Route,24,48,N/B,8021
2019-04-29,165,23:02:00,Monday,Yorkmills Station,4,Utilized Off Route,1,1,W/B,3216
2019-04-29,47,23:05:00,Monday,Earlscourt Loop,3,Diversion,65,85,N/B,
2019-04-29,45,23:58:00,Monday,kpst,5,Investigation,10,20,N/B,8408
2019-04-30,7,00:05:00,Tuesday,Bathurst Station,1,Mechanical,9,18,N/B,8187
2019-04-30,7,00:14:00,Tuesday,Bathurst Station,4,Utilized Off Route,9,18,N/B,8192
2019-04-30,31,00:45:00,Tuesday,Gerrard and Greenwood,1,Mechanical,25,50,N/B,8499
2019-04-30,12,00:48:00,Tuesday,Danforth road and Brimley road,5,Investigation,23,46,N/B,8496
2019-04-30,87,01:00:00,Tuesday,Broadview station,4,Utilized Off Route,10,20,E/B,8580
2019-04-30,22,01:08:00,Tuesday,Bingham loop,4,Utilized Off Route,10,20,N/B,8954
2019-04-30,939,01:13:00,Tuesday,Finch Station,6,Emergency Services,9,18,EB,1313
2019-04-30,116,01:54:00,Tuesday,Morningside between Cumber and Pixley,3,Diversion,10,20,B/W,
2019-04-30,37,02:00:00,Tuesday,Islington station to Dixon,8,General Delay,30,35,B/W,8015
2019-04-30,34,03:00:00,Tuesday,Eglinton Station,6,Emergency Services,1,1,EB,8840
2019-04-30,353,03:26:00,Tuesday,Steeles and Woodbine,5,Investigation,30,60,EB,3543
2019-04-30,320,04:12:00,Tuesday,Shuter,1,Mechanical,15,19,N/B,1374
2019-04-30,339,04:50:00,Tuesday,Newgale and Finchdene,5,Investigation,30,60,W/B,3285
2019-04-30,52,04:55:00,Tuesday,Dufferin and Lawrence Ave W,11,Late Leaving Garage - Mechanical,29,29,W/B,8107
2019-04-30,17,04:58:00,Tuesday,Warden Station,11,Late Leaving Garage - Mechanical,29,58,N/B,9238
2019-04-30,91,05:00:00,Tuesday,Eglinton / Sloane-Bermondsey,3,Diversion,1,1,B/W,8950
2019-04-30,168,05:10:00,Tuesday,AVLP,11,Late Leaving Garage - Mechanical,10,20,S/B,1080
2019-04-30,96,05:16:00,Tuesday,Arrow garage POD Finch & Humberline,11,Late Leaving Garage - Mechanical,2,15,E/B,3195
2019-04-30,67,05:37:00,Tuesday,Eglinton Yard,1,Mechanical,1,1,N/B,8774
2019-04-30,67,05:37:00,Tuesday,Eglinton yard,11,Late Leaving Garage - Mechanical,1,1,N/B,8774
2019-04-30,132,05:45:00,Tuesday,Sewells/Brenyon Way,11,Late Leaving Garage - Mechanical,24,36,N/B,3524
2019-04-30,92,05:48:00,Tuesday,Woodbine Station,10,Late Leaving Garage - Operator,15,30,S/B,9200
2019-04-30,120,05:53:00,Tuesday,Arrow garage,1,Mechanical,1,1,S/B,3265
2019-04-30,165,05:53:00,Tuesday,Arrow garage POD NB Weston & Finch,11,Late Leaving Garage - Mechanical,6,12,N/B,3250
2019-04-30,320,05:58:00,Tuesday,Lakeshore,1,Mechanical,7,15,N/B,8318
2019-04-30,109,05:59:00,Tuesday,Eglinton West station,11,Late Leaving Garage - Mechanical,15,18,N/B,8316
2019-04-30,86,06:00:00,Tuesday,Eglinton Yard,11,Late Leaving Garage - Mechanical,1,1,N/B,8826
2019-04-30,43,06:07:00,Tuesday,Eglinton yard,10,Late Leaving Garage - Operator,1,1,N/B,8823
2019-04-30,704,06:12:00,Tuesday,York Mills rd & Yonge,7,Vision,1,1,W/B,3247
2019-04-30,112,06:15:00,Tuesday,Renforth station,11,Late Leaving Garage - Mechanical,14,28,N/B,8057
2019-04-30,112,06:15:00,Tuesday,Renforth station,7,Vision,14,28,N/B,8057
2019-04-30,97,06:15:00,Tuesday,Davisville stn,1,Mechanical,30,60,N/B,8318
2019-04-30,86,06:23:00,Tuesday,Toronto Zoo,11,Late Leaving Garage - Mechanical,7,7,S/B,8865
2019-04-30,134,06:24:00,Tuesday,Sheppard and Washburn way,3,Diversion,,,B/W,
2019-04-30,85,06:25:00,Tuesday,DONS,1,Mechanical,15,30,W/B,3483
2019-04-30,86,06:25:00,Tuesday,Highland Creek Bridge,4,Utilized Off Route,25,35,W/B,8771
2019-04-30,122,06:26:00,Tuesday,ROYWOOD AT UNDERPASS GATE,12,Late Leaving Garage - Management,11,23,E/B,8343
2019-04-30,43,06:26:00,Tuesday,Eglinton Yard,11,Late Leaving Garage - Mechanical,1,1,N/B,8674
2019-04-30,43,06:29:00,Tuesday,Kennedy Station,11,Late Leaving Garage - Mechanical,10,20,N/B,8698
2019-04-30,29,06:33:00,Tuesday,Dufferein & Lawrance,10,Late Leaving Garage - Operator,7,15,N/B,9044
2019-04-30,116,06:35:00,Tuesday,Kennedy Station,11,Late Leaving Garage - Mechanical,6,13,E/B,8670
2019-04-30,38,06:39:00,Tuesday,Rouge Hill  Go Station,1,Mechanical,11,21,W/B,3413
2019-04-30,42,06:41:00,Tuesday,Finch stn,11,Late Leaving Garage - Mechanical,12,23,E/B,8389
2019-04-30,32,06:46:00,Tuesday,Pine/Lawrence,11,Late Leaving Garage - Mechanical,7,14,E/B,1008
2019-04-30,954,06:49:00,Tuesday,Eglinton Yard,12,Late Leaving Garage - Management,1,1,N/B,8672
2019-04-30,24,07:00:00,Tuesday,Consumers / Victoria Park,3,Diversion,13,26,B/W,8954
2019-04-30,900,07:00:00,Tuesday,ENTIRE ROUTE,8,General Delay,9,30,B/W,
2019-04-30,125,07:01:00,Tuesday,Antibies/Bathurst,1,Mechanical,10,20,E/B,1301
2019-04-30,905,07:10:00,Tuesday,Kennedy Station,12,Late Leaving Garage - Management,10,20,E/B,8930
2019-04-30,108,07:10:00,Tuesday,Sheppard W stn,12,Late Leaving Garage - Management,5,12,W/B,3184
2019-04-30,986,07:17:00,Tuesday,Kennedy Station,1,Mechanical,5,10,E/B,8655
2019-04-30,53,07:20:00,Tuesday,PAMK,11,Late Leaving Garage - Mechanical,6,11,W/B,3500
2019-04-30,11,07:27:00,Tuesday,Davisville stn,1,Mechanical,2,17,N/B,8376
2019-04-30,985,07:30:00,Tuesday,McCowan on Sheppard,1,Mechanical,10,20,E/B,9058
2019-04-30,60,07:38:00,Tuesday,Finch Station,1,Mechanical,7,14,W/B,3316
2019-04-30,74,07:45:00,Tuesday,St Clair stn,1,Mechanical,15,30,N/B,1277
2019-04-30,41,07:51:00,Tuesday,Keele and Eglitnon,8,General Delay,11,22,B/W,9056
2019-04-30,70,08:00:00,Tuesday,Route 70- O'Connor,8,General Delay,15,32,B/W,
2019-04-30,90,08:00:00,Tuesday,st clair wstn / oakword,1,Mechanical,3,7,B/W,
2019-04-30,160,08:00:00,Tuesday,Wilson Station to Clark,8,General Delay,1,1,B/W,
2019-04-30,952,08:10:00,Tuesday,Terminal 3,1,Mechanical,11,22,E/B,8310
2019-04-30,939,08:49:00,Tuesday,Morningside Ave/Nightstar Rd,1,Mechanical,8,8,W/B,1337
2019-04-30,953,08:51:00,Tuesday,FSTN,5,Investigation,13,13,E/B,9092
2019-04-30,9,08:55:00,Tuesday,Ellesmere and Bellamy.SB,3,Diversion,23,46,S/B,9219
2019-04-30,89,08:55:00,Tuesday,Weston and St Clair,5,Investigation,10,20,N/B,1028
2019-04-30,75,09:00:00,Tuesday,lakeshore / maple,8,General Delay,6,12,B/W,
2019-04-30,939,09:00:00,Tuesday,Finch Ave West/ Bathurst Street,1,Mechanical,8,15,W/B,3514
2019-04-30,110,09:01:00,Tuesday,Long branch loop,1,Mechanical,12,24,N/B,8419
2019-04-30,43,09:10:00,Tuesday,Kennedy and Finch,1,Mechanical,10,20,S/B,8708
2019-04-30,24,09:13:00,Tuesday,Victoria Park  / O'Connor,5,Investigation,13,26,S/B,8458
2019-04-30,84,09:15:00,Tuesday,SWST - Sheppard West,1,Mechanical,10,20,E/B,3132
2019-04-30,89,09:19:00,Tuesday,Weston and Eglinton,5,Investigation,10,20,N/B,1101
2019-04-30,106,09:35:00,Tuesday,SHEPPARD WEST STATION,1,Mechanical,13,26,S/B,8133
2019-04-30,23,09:40:00,Tuesday,Dawes route.,8,General Delay,10,1,B/W,
2019-04-30,7,09:53:00,Tuesday,Bathurst / Ellerslie,5,Investigation,9,18,S/B,8156
2019-04-30,50,10:00:00,Tuesday,Entire Route,8,General Delay,15,1,B/W,
2019-04-30,6,10:00:00,Tuesday,queens park,8,General Delay,30,40,B/W,
2019-04-30,94,10:00:00,Tuesday,Entire Route,8,General Delay,25,35,B/W,
2019-04-30,94,10:00:00,Tuesday,Queens Park,3,Diversion,305,315,B/W,
2019-04-30,94,10:00:00,Tuesday,Queens park,8,General Delay,40,50,B/W,
2019-04-30,5,10:30:00,Tuesday,Queens Park,3,Diversion,30,60,B/W,
2019-04-30,160,10:50:00,Tuesday,clark,1,Mechanical,25,50,S/B,8157
2019-04-30,1,11:11:00,Tuesday,1,11,Late Leaving Garage - Mechanical,1,1,N/B,1111
2019-04-30,100,11:16:00,Tuesday,Broadview Station,1,Mechanical,6,12,N/B,8626
2019-04-30,29,11:25:00,Tuesday,Lawrance & Dufferin,1,Mechanical,8,15,S/B,9053
2019-04-30,56,11:28:00,Tuesday,Milwood and Laird Ave,5,Investigation,18,36,S/B,1342
2019-04-30,32,11:34:00,Tuesday,Eglinton W STN,1,Mechanical,11,22,W/B,1139
2019-04-30,43,11:35:00,Tuesday,Steeles Ave and Silver Star BLVD,6,Emergency Services,10,20,N/B,8767
2019-04-30,117,11:43:00,Tuesday,Champagne and chesswood,8,General Delay,23,23,B/W,
2019-04-30,60,11:50:00,Tuesday,PVST,1,Mechanical,5,9,E/B,3300
2019-04-30,45,12:00:00,Tuesday,ENTIRE ROUTE,8,General Delay,10,30,B/W,
2019-04-30,72,12:00:00,Tuesday,pape route,8,General Delay,10,1,B/W,
2019-04-30,53,12:07:00,Tuesday,FSTN,1,Mechanical,11,17,E/B,1827
2019-04-30,939,12:23:00,Tuesday,Scarborough Town Centre,5,Investigation,8,17,W/B,3481
2019-04-30,66,12:44:00,Tuesday,Old Mill Station,1,Mechanical,20,40,S/B,7957
2019-04-30,32,12:50:00,Tuesday,Jane/Emmett,1,Mechanical,13,26,E/B,1409
2019-04-30,60,12:58:00,Tuesday,PVST - Pioneer Village,1,Mechanical,9,11,E/B,3357
2019-04-30,130,13:44:00,Tuesday,STC,1,Mechanical,21,42,N/B,1602
2019-04-30,165,13:54:00,Tuesday,Weston & Starview,1,Mechanical,10,20,S/B,3153
2019-04-30,168,14:00:00,Tuesday,Entire Route,8,General Delay,20,30,B/W,
2019-04-30,122,14:00:00,Tuesday,YKMS to Roywood,8,General Delay,15,27,B/W,
2019-04-30,6,14:00:00,Tuesday,Entire Route,8,General Delay,25,35,B/W,
2019-04-30,45,14:11:00,Tuesday,KIPLING AND EGLINTON,5,Investigation,10,20,S/B,8605
2019-04-30,165,14:14:00,Tuesday,Wilson and Walsh,1,Mechanical,10,20,E/B,3200
2019-04-30,32,14:27:00,Tuesday,ESTN,11,Late Leaving Garage - Mechanical,9,18,W/B,1109
2019-04-30,97,14:30:00,Tuesday,Queens Quay/ Yonge to York Mills Station,8,General Delay,20,50,B/W,
2019-04-30,925,14:37:00,Tuesday,Eglinton Yard,10,Late Leaving Garage - Operator,1,1,S/B,8627
2019-04-30,119,14:40:00,Tuesday,Yorkmills Station,12,Late Leaving Garage - Management,1,1,W/B,3223
2019-04-30,29,14:42:00,Tuesday,Sb on Dufferin at Queen,5,Investigation,8,15,S/B,9023
2019-04-30,122,14:45:00,Tuesday,York Mill Station,11,Late Leaving Garage - Mechanical,11,22,E/B,8126
2019-04-30,79,14:50:00,Tuesday,Eglinton,5,Investigation,24,48,N/B,1532
2019-04-30,7,14:50:00,Tuesday,Wilson Garage,1,Mechanical,8,17,S/B,8349
2019-04-30,929,14:51:00,Tuesday,Orfus and Dufferin,5,Investigation,10,20,S/B,9037
2019-04-30,51,14:52:00,Tuesday,Leslie and finch,11,Late Leaving Garage - Mechanical,18,39,N/B,8373
2019-04-30,56,14:58:00,Tuesday,Eglinton station,10,Late Leaving Garage - Operator,12,25,E/B,1230
2019-04-30,102,15:00:00,Tuesday,Markham Road Route,8,General Delay,10,20,BW,0
2019-04-30,952,15:00:00,Tuesday,LSTN to Terminal 3,8,General Delay,20,32,B/W,
2019-04-30,36,15:00:00,Tuesday,36 Finch West,8,General Delay,6,15,B/W,
2019-04-30,52,15:00:00,Tuesday,WMALL to LSTN,8,General Delay,20,40,B/W,
2019-04-30,927,15:00:00,Tuesday,927 Hwy Rocket,8,General Delay,6,15,B/W,
2019-04-30,46,15:00:00,Tuesday,46 Martin Grove Route,8,General Delay,11,26,B/W,
2019-04-30,72,15:00:00,Tuesday,Pape Route,8,General Delay,14,30,BW,0
2019-04-30,88,15:00:00,Tuesday,St Clair Station to Thorncliffe/Overlea,8,General Delay,20,32,B/W,
2019-04-30,995,15:04:00,Tuesday,Ellesmere & Markham,1,Mechanical,15,29,E/B,3426
2019-04-30,17,15:08:00,Tuesday,401 and Birchmount,5,Investigation,9,18,N/B,8944
2019-04-30,953,15:12:00,Tuesday,Finch STN,11,Late Leaving Garage - Mechanical,15,30,E/B,9077
2019-04-30,939,15:17:00,Tuesday,Finch Station,1,Mechanical,4,8,B/W,3443
2019-04-30,94,15:23:00,Tuesday,Queens park and Wellesley,5,Investigation,13,26,W/B,1033
2019-04-30,118,15:30:00,Tuesday,Albion and Gulfdown,8,General Delay,1,1,E/B,3254
2019-04-30,73,15:30:00,Tuesday,Albion and Shendale to Islington,8,General Delay,20,,B/W,
2019-04-30,945,15:34:00,Tuesday,Kipling Station,1,Mechanical,4,8,N/B,8423
2019-04-30,112,16:00:00,Tuesday,Entire route: Kipling Station to Carlingview/International,8,General Delay,33,43,B/W,
2019-04-30,32,16:00:00,Tuesday,Entire Route,8,General Delay,10,30,B/W,
2019-04-30,87,16:00:00,Tuesday,Lumsden and Westlake,8,General Delay,5,11,E/B,
2019-04-30,67,16:00:00,Tuesday,Pharmacy from Ellesmere to VPST,8,General Delay,30,40,B/W,
2019-04-30,95,16:03:00,Tuesday,KNRD Loop,1,Mechanical,11,19,N/B,3541
2019-04-30,186,16:03:00,Tuesday,Kipling and West Humber Blvd,1,Mechanical,10,20,E/B,3350
2019-04-30,53,16:05:00,Tuesday,Passmore and Markham,5,Investigation,6,11,W/B,1688
2019-04-30,984,16:08:00,Tuesday,WEBR - Weston + Bradstock,1,Mechanical,7,15,W/B,3366
2019-04-30,64,16:08:00,Tuesday,Main Station,1,Mechanical,8,16,S/B,8433
2019-04-30,34,16:10:00,Tuesday,Eglinton & Hanna,5,Investigation,4,9,W/B,8898
2019-04-30,939,16:13:00,Tuesday,Morningstar and Nightstar,1,Mechanical,12,24,W/B,3449
2019-04-30,75,16:14:00,Tuesday,Queens Quay to glen rd,8,General Delay,12,18,bw,
2019-04-30,17,16:19:00,Tuesday,Lawrence and Birchmount,1,Mechanical,9,18,S/B,8944
2019-04-30,143,16:30:00,Tuesday,Neville Loop to Richmond street and Simcoe Street,8,General Delay,15,30,B/W,
2019-04-30,66,16:47:00,Tuesday,Old Mill Station,1,Mechanical,10,20,B/W,7957
2019-04-30,63,16:51:00,Tuesday,Dundas and ossington,4,Utilized Off Route,8,16,N/B,8182
2019-04-30,6,16:52:00,Tuesday,Hagerman and Bay,5,Investigation,10,23,S/B,1103
2019-04-30,79,17:00:00,Tuesday,Entire route,8,General Delay,15,35,B/W,
2019-04-30,134,17:00:00,Tuesday,Scarborough Town Center to Finchdene Sq.,8,General Delay,18,28,B/W,
2019-04-30,134,17:02:00,Tuesday,Centenial  College,1,Mechanical,5,10,W/B,1720
2019-04-30,84,17:05:00,Tuesday,SWST - Sheppard West station,5,Investigation,26,52,W/B,3339
2019-04-30,63,17:11:00,Tuesday,Oakwood loop,4,Utilized Off Route,8,16,N/B,1352
2019-04-30,16,17:15:00,Tuesday,STC,1,Mechanical,8,16,S/B,8953
2019-04-30,63,17:15:00,Tuesday,Eglinton West station to Atlantic Ave.,8,General Delay,8,18,B/W,
2019-04-30,905,17:24:00,Tuesday,U of T Scarb Campus Loop,1,Mechanical,9,18,S/B,8881
2019-04-30,63,17:44:00,Tuesday,Ossington station,4,Utilized Off Route,8,16,S/B,8123
2019-04-30,927,17:45:00,Tuesday,Kipling station,5,Investigation,6,12,N/B,3323
2019-04-30,35,17:50:00,Tuesday,Jane and Lawrence,1,Mechanical,10,20,N/B,3265
2019-04-30,90,17:58:00,Tuesday,Vaughn to St.Clair west,8,General Delay,18,23,bw,
2019-04-30,112,18:03:00,Tuesday,West Mall and Rathburn,3,Diversion,42,52,S/B,8408
2019-04-30,65,18:05:00,Tuesday,Burkley Street and Front street,4,Utilized Off Route,11,22,N/B,8947
2019-04-30,134,18:10:00,Tuesday,Progress and Sheppard,6,Emergency Services,18,36,N/B,9057
2019-04-30,143,18:17:00,Tuesday,Beach Ave. and Quees street east,5,Investigation,25,50,W/B,8513
2019-04-30,165,18:25:00,Tuesday,Yorkmills Station,1,Mechanical,1,1,W/B,3148
2019-04-30,52,18:29:00,Tuesday,Lawrence west station,1,Mechanical,6,19,W/B,8180
2019-04-30,29,18:30:00,Tuesday,Wilson Stn,1,Mechanical,8,15,S/B,9023
2019-04-30,23,18:40:00,Tuesday,main station,1,Mechanical,6,12,N/B,8438
2019-04-30,32,19:00:00,Tuesday,Eglinton West Stn.,4,Utilized Off Route,10,20,E/B,1088
2019-04-30,96,19:02:00,Tuesday,Yorkmills Station,8,General Delay,1,1,W/B,3106
2019-04-30,7,19:05:00,Tuesday,Steeles,1,Mechanical,7,15,N/B,8337
2019-04-30,95,19:10:00,Tuesday,Ellesmere and Neilson,3,Diversion,14,28,EB,1743
2019-04-30,186,19:25:00,Tuesday,Wilson and Highway 401 exit ramp,3,Diversion,1,1,W/B,3340
2019-04-30,165,19:25:00,Tuesday,Bathurst and Wilson,6,Emergency Services,8,16,W/B,3125
2019-04-30,76,19:30:00,Tuesday,Royal York Station,1,Mechanical,,,,8062
2019-04-30,96,19:45:00,Tuesday,Wilson and Highway 401 exit ramp,3,Diversion,19,41,W/B,3337
2019-04-30,165,19:45:00,Tuesday,Wilson and Highway 401 Exit ramp,3,Diversion,9,17,W/B,3229
2019-04-30,54,19:55:00,Tuesday,Lawrence and Curlew,3,Diversion,55,68,W/B,8675
2019-04-30,52,20:20:00,Tuesday,Dixon and Bridesburg,5,Investigation,11,22,W/B,8112
2019-04-30,36,20:33:00,Tuesday,Finch and Dufferin,5,Investigation,8,16,W/B,3122
2019-04-30,63,20:46:00,Tuesday,Eglintion west station,5,Investigation,10,20,S/B,1309
2019-04-30,32,20:47:00,Tuesday,REGW,1,Mechanical,10,20,E/B,1064
2019-04-30,34,20:47:00,Tuesday,Eglinton & Pharmacy,5,Investigation,7,14,E/B,8630
2019-04-30,54,20:52:00,Tuesday,Eglinton and Mt.Pleasant,5,Investigation,14,27,W/B,8641
2019-04-30,26,21:57:00,Tuesday,St. George Station,1,Mechanical,13,30,N/B,1026
2019-04-30,168,22:00:00,Tuesday,Entire Route,8,General Delay,20,30,B/W,
2019-04-30,86,23:08:00,Tuesday,Eglinton at Brimley,6,Emergency Services,10,19,W/B,8786
