Report Date,Route,Time,Day,Location,Incident,Delay,Gap,Direction,Vehicle
2019-06-01,84,00:04:00,Saturday,Sheppard Yonge Station,Emergency Services,10,20,W/B,3269
2019-06-01,29,01:08:00,Saturday,Princes Gates,Mechanical,4,7,N/B,9011
2019-06-01,29,01:25:00,Saturday,Exhibition loop,Utilized Off Route,9,17,N/B,1023
2019-06-01,118,01:28:00,Saturday,Tanridge at Arcot Blvd,Emergency Services,30,60,W/B,3286
2019-06-01,161,01:37:00,Saturday,Jane / Alliance,Investigation,1,1,N/B,1417
2019-06-01,300,02:00:00,Saturday,Terminal 3,General Delay,30,60,BW,8484
2019-06-01,300,02:06:00,Saturday,Kipling Station,Investigation,15,30,WB,8060
2019-06-01,339,02:29:00,Saturday,Midland and Finch to Kennedy and Finch,Diversion,191,221,B/W,3407
2019-06-01,320,02:58:00,Saturday,Yonge and Eglington,Investigation,3,6,N/B,8140
2019-06-01,320,03:05:00,Saturday,Yonge at Adelaide,Emergency Services,4,7,N/B,9004
2019-06-01,300,03:37:00,Saturday,Kennedy Station,Emergency Services,1,1,WB,8452
2019-06-01,34,04:28:00,Saturday,Sheppard and Warden,Mechanical,30,60,B/W,3107
2019-06-01,300,04:30:00,Saturday,Kipling Station,General Delay,20,40,B/W,8067
2019-06-01,336,04:43:00,Saturday,Humberline?Humber College Blvd,Emergency Services,4,6,N/B,3424
2019-06-01,354,04:58:00,Saturday,Starspray Loop,Mechanical,24,84,W/B,8773
2019-06-01,334,04:59:00,Saturday,Eglinton and Duplex,Emergency Services,30,60,B/W,8795
2019-06-01,32,05:00:00,Saturday,Eglinton and Black Creek,Diversion,760,770,B/W,
2019-06-01,320,05:00:00,Saturday,St Clair,Mechanical,5,10,W/B,8156
2019-06-01,329,05:10:00,Saturday,Wilson Station,Utilized Off Route,30,60,NB,1107
2019-06-01,23,05:40:00,Saturday,Ferris / Dawes,Diversion,13,26,N/B,8581
2019-06-01,320,05:47:00,Saturday,St Clair,Mechanical,4,6,N/B,8346
2019-06-01,52,05:50:00,Saturday,wilson garage,Mechanical,15,20,S/B,1218
2019-06-01,91,06:14:00,Saturday,Eglinton and Bermondsay,Diversion,999,999,B/W,9219
2019-06-01,89,07:11:00,Saturday,Rogers and Weston,Investigation,10,20,N/B,1268
2019-06-01,111,08:00:00,Saturday,Entire Route,General Delay,60,70,B/W,
2019-06-01,32,08:00:00,Saturday,Lloyd Manor to 401 ( Eglinton),General Delay,40,52,B/W,
2019-06-01,8,08:02:00,Saturday,Broadview Station,Mechanical,30,60,B/W,8531
2019-06-01,45,08:23:00,Saturday,Kipling and Albion,Diversion,1,1,B/W,8045
2019-06-01,45,08:30:00,Saturday,Entire Route,General Delay,25,30,B/W,
2019-06-01,29,08:54:00,Saturday,N/B Queen and Dufferin,Investigation,5,11,N/B,9143
2019-06-01,39,09:00:00,Saturday,Finch Stn to Scarborough Town Center,General Delay,18,32,B/W,
2019-06-01,939,09:00:00,Saturday,Kennedy Finch to Midland and Finch,General Delay,18,32,B/W,
2019-06-01,52,09:16:00,Saturday,Wilson Garage,Mechanical,15,27,S/B,8351
2019-06-01,52,09:20:00,Saturday,Lawrence station,Mechanical,15,27,S/B,8139
2019-06-01,17,09:30:00,Saturday,Warden Station to Steeles and Warden Loop,General Delay,15,20,B/W,
2019-06-01,64,09:58:00,Saturday,Main station,Mechanical,20,40,S/B,3114
2019-06-01,62,10:00:00,Saturday,Mortimer Route,General Delay,10,1,B/W,
2019-06-01,9,10:00:00,Saturday,Warden Station to Scarborough Town Center,General Delay,10,15,B/W,
2019-06-01,73,10:00:00,Saturday,Lakeshore and Mimico to Claireport,General Delay,15,25,B/W,
2019-06-01,83,10:00:00,Saturday,Donlands Station to lakeshore Garage,General Delay,10,15,B/W,
2019-06-01,64,10:00:00,Saturday,Main street route,General Delay,10,1,B/W,
2019-06-01,65,10:00:00,Saturday,Castlefrnak Station to Front and Bay,General Delay,10,15,B/W,
2019-06-01,102,10:00:00,Saturday,Markham route,General Delay,10,1,B/W,
2019-06-01,37,10:00:00,Saturday,Islington Station to Steeles and Humberwood Loop,General Delay,15,28,B/W,
2019-06-01,67,10:00:00,Saturday,Pharmach and Eglinton Both ways,General Delay,16,31,B/W,
2019-06-01,63,10:04:00,Saturday,Oakwood and Rogers,Mechanical,6,12,S/B,1230
2019-06-01,102,10:05:00,Saturday,Progress and Markham RD,Investigation,10,20,S/B,8465
2019-06-01,87,10:05:00,Saturday,main station,Utilized Off Route,10,20,S/B,8588
2019-06-01,29,10:20:00,Saturday,Princess Gate,Mechanical,5,10,N/B,9138
2019-06-01,925,11:00:00,Saturday,Pape Station to Freshmeadow,General Delay,30,40,B/W,
2019-06-01,25,11:00:00,Saturday,Pape Station to Freshmeadow,General Delay,30,10,B/W,
2019-06-01,160,11:15:00,Saturday,Wilson Stn Lower,Mechanical,36,72,N/B,1257
2019-06-01,75,11:31:00,Saturday,Wilson div,Mechanical,10,22,,8138
2019-06-01,985,11:38:00,Saturday,Scarborough Town Center,Mechanical,13,26,W/B,9082
2019-06-01,32,11:45:00,Saturday,Keele and Eglinton,Mechanical,13,26,W/B,1208
2019-06-01,100,12:00:00,Saturday,Wynford and Don Mills to Broadview Station,General Delay,30,39,B/W,
2019-06-01,85,12:00:00,Saturday,All branches,General Delay,20,40,B/W,
2019-06-01,68,12:00:00,Saturday,68 Warden route,General Delay,20,40,B/W,
2019-06-01,35,12:28:00,Saturday,Pioneer Village Station,Emergency Services,9,19,E/B,3248
2019-06-01,86,12:29:00,Saturday,Sheppard Loop,Emergency Services,8,16,N/B,
2019-06-01,86,12:29:00,Saturday,Toronto Zoo,Emergency Services,7,14,S/B,8630
2019-06-01,100,12:30:00,Saturday,Overlea and Don Mills,Investigation,9,18,S/B,8690
2019-06-01,73,12:32:00,Saturday,"On Mimico, at Lakeshore",Mechanical,10,20,N/B,8082
2019-06-01,85,12:37:00,Saturday,Meadowvale Loop,Utilized Off Route,5,10,W/B,1638
2019-06-01,40,13:20:00,Saturday,Dundas West Station,Investigation,10,20,N/B,8017
2019-06-01,36,13:38:00,Saturday,Finch Station,Investigation,6,12,W/B,3215
2019-06-01,63,13:42:00,Saturday,Ossington Station,General Delay,0,0,B/W,
2019-06-01,165,13:52:00,Saturday,Wilson & Yonge Blvd,Investigation,8,15,E/B,3259
2019-06-01,88,14:00:00,Saturday,St Clair Station to Thorncliffe/Overlea,General Delay,20,35,B/W,
2019-06-01,75,14:18:00,Saturday,Bloor Sherbourne,Mechanical,10,20,N/B,8358
2019-06-01,24,14:30:00,Saturday,Victoria park and Eglintion,General Delay,10,10,,
2019-06-01,985,15:00:00,Saturday,985 Sheppard Route,General Delay,20,30,W/B,7670
2019-06-01,32,15:10:00,Saturday,Eglinton and Jane,Mechanical,9,18,E/B,1007
2019-06-01,7,15:19:00,Saturday,Bathurst/ Lawrence,Mechanical,8,16,N/B,8203
2019-06-01,711,15:22:00,Saturday,Ossington Station,Utilized Off Route,1,1,N/B,8324
2019-06-01,40,15:25:00,Saturday,Junction and Chelsea,Investigation,10,20,N/B,8017
2019-06-01,33,15:29:00,Saturday,ST Clair W Station,Utilized Off Route,20,40,S/B,1314
2019-06-01,47,15:30:00,Saturday,Earlscourt loop,Mechanical,9,18,S/B,1259
2019-06-01,609,15:30:00,Saturday,Keele stn,Utilized Off Route,1,1,N/B,1141
2019-06-01,31,15:30:00,Saturday,Greenwood Station,Mechanical,20,40,S/B,8555
2019-06-01,92,15:30:00,Saturday,Woodbine Station,Mechanical,5,10,S/B,8456
2019-06-01,22,15:30:00,Saturday,coxwell station,Mechanical,8,16,S/B,8557
2019-06-01,709,15:31:00,Saturday,Eglinton and Jane,Utilized Off Route,5,10,S/B,1031
2019-06-01,20,15:31:00,Saturday,Main stn,Mechanical,20,40,,8493
2019-06-01,29,15:31:00,Saturday,Jane Osler Blvd and Dufferin,Mechanical,4,7,S/B,9052
2019-06-01,39,15:33:00,Saturday,Finch and Warden,Mechanical,14,28,W/B,1398
2019-06-01,600,15:38:00,Saturday,Jane Station,Utilized Off Route,1,1,N/B,3365
2019-06-01,939,15:38:00,Saturday,Bayview and Finch,Mechanical,12,24,E/B,1401
2019-06-01,52,15:40:00,Saturday,Lawrence West Stn,Mechanical,17,34,W/B,8137
2019-06-01,52,15:50:00,Saturday,Lawrence West Stn,Utilized Off Route,7,14,W/B,8165
2019-06-01,129,16:00:00,Saturday,Steeles/McCowan,Mechanical,6,12,S/B,3541
2019-06-01,14,16:00:00,Saturday,Bathurst and Glencarin,Diversion,20,40,B/W,1135
2019-06-01,87,16:00:00,Saturday,cosbourn and pape,General Delay,5,10,,
2019-06-01,927,16:07:00,Saturday,Steeles Loop and Martin Grove,Mechanical,10,20,S/B,3175
2019-06-01,15,16:07:00,Saturday,Royal York station,Mechanical,30,60,W/B,8048
2019-06-01,39,16:08:00,Saturday,Finch Station,Mechanical,14,28,E/B,3559
2019-06-01,32,16:32:00,Saturday,Eg Stn,Investigation,9,18,W/B,1625
2019-06-01,900,16:32:00,Saturday,hwy 427 and hwy 27,Diversion,7,14,N/B,8007
2019-06-01,6,16:51:00,Saturday,Bay and Dundas,Diversion,14,28,S/B,1267
2019-06-01,100,16:53:00,Saturday,Don Mills and Wynford,Mechanical,9,18,S/B,8676
2019-06-01,602,16:55:00,Saturday,Islington Station,Utilized Off Route,1,1,1,8411
2019-06-01,602,17:10:00,Saturday,queensway garage,Utilized Off Route,1,1,S/B,8052
2019-06-01,600,17:15:00,Saturday,Arrow Garage,Utilized Off Route,1,1,S/B,3201
2019-06-01,46,17:22:00,Saturday,Kipling Station,Utilized Off Route,17,34,N/B,3302
2019-06-01,167,17:30:00,Saturday,Consummers and Victoria park,Diversion,20,40,,
2019-06-01,36,17:33:00,Saturday,Finch and Jane,Mechanical,5,10,E/B,3256
2019-06-01,29,17:42:00,Saturday,Dufferin and Rogers,Investigation,4,8,S/B,9029
2019-06-01,35,17:46:00,Saturday,Sheppard and Jane,Mechanical,8,16,S/B,3165
2019-06-01,39,18:15:00,Saturday,Neilson and Crow Trail,Mechanical,14,28,W/B,3470
2019-06-01,12,18:44:00,Saturday,Kingstion and Victoria pack,Investigation,17,34,E/B,3111
2019-06-01,707,19:50:00,Saturday,Ellesmere and Birchmount,Investigation,15,30,EB,1639
2019-06-01,89,20:34:00,Saturday,Avon Loop,Mechanical,10,20,N/B,1503
2019-06-01,54,21:03:00,Saturday,Starspray Loop,Mechanical,19,38,W/B,8873
2019-06-01,87,21:05:00,Saturday,main station,Mechanical,10,20,E/B,
2019-06-01,25,21:09:00,Saturday,Pape Station,Mechanical,9,18,N/B,8847
2019-06-01,32,21:20:00,Saturday,Eg Stn,Investigation,20,40,E/B,1202
2019-06-01,85,21:34:00,Saturday,STC,Utilized Off Route,16,32,W/B,3459
2019-06-01,6,21:35:00,Saturday,Davenport and Avenue,Investigation,20,40,E/B,1267
2019-06-01,42,22:16:00,Saturday,Midland ave and McNicol Ave,Diversion,52,72,B/W,
2019-06-01,86,23:19:00,Saturday,Meadowvale and Sheppard,Investigation,9,18,W/B,8860
2019-06-01,52,23:48:00,Saturday,Jane and Lawrence,Emergency Services,20,40,W/B,1399
2019-06-02,43,00:14:00,Sunday,Kennedy Station,Investigation,10,20,N/B,8877
2019-06-02,600,00:20:00,Sunday,Queens Quay and Lawer Jarvis,Emergency Services,0,0,N/B,1056
2019-06-02,52,00:45:00,Sunday,Dixon/ Dixington,Investigation,20,40,E/B,1220
2019-06-02,29,01:26:00,Sunday,Springhurst,Mechanical,10,20,N/B,1126
2019-06-02,43,01:30:00,Sunday,Kenn,Mechanical,10,20,N/B,8906
2019-06-02,354,04:00:00,Sunday,Lawrence Night Bus route,General Delay,30,60,B/W,
2019-06-02,334,04:00:00,Sunday,Eglinton Night Bus route,General Delay,30,60,B/W,
2019-06-02,300,04:00:00,Sunday,Bloor- Danforth Night Bus,General Delay,30,60,B/W,
2019-06-02,300,04:42:00,Sunday,Islington and Bloor,Utilized Off Route,30,60,E/B,8916
2019-06-02,52,04:46:00,Sunday,Lawrence and Brookhaven,Investigation,15,30,W/B,8171
2019-06-02,52,04:46:00,Sunday,Lawrence and Brookhaven,Investigation,16,32,W/B,8172
2019-06-02,600,05:00:00,Sunday,Eglinton Station - Priority One,Utilized Off Route,1,1,B/W,9239
2019-06-02,300,05:05:00,Sunday,T3,Utilized Off Route,1,1,S/B,8004
2019-06-02,300,05:14:00,Sunday,Windemere and Bloor,Utilized Off Route,30,60,E/B,8930
2019-06-02,54,05:20:00,Sunday,Eglinton Station,Utilized Off Route,19,38,E/B,8873
2019-06-02,29,05:40:00,Sunday,CNE,Diversion,500,510,B/W,
2019-06-02,300,06:12:00,Sunday,Pape on Bloor,Investigation,30,56,E/B,8076
2019-06-02,39,06:46:00,Sunday,Steeles and Midland,Mechanical,17,34,W/B,3541
2019-06-02,121,07:00:00,Sunday,Lakeshore and Strachan,Diversion,1,1,W/B,
2019-06-02,86,07:21:00,Sunday,Eglinton and Brimley,Mechanical,10,20,W/B,8818
2019-06-02,91,07:26:00,Sunday,Eglinton / Bermondsey - Sloane,Diversion,1,1,B/W,3114
2019-06-02,22,07:30:00,Sunday,Queen / Coxwell,Mechanical,20,40,S/B,8538
2019-06-02,71,07:49:00,Sunday,Runnymede and Annette,Diversion,31,43,B/W,
2019-06-02,52,07:58:00,Sunday,Lawrence West Station,Mechanical,15,30,W/B,8167
2019-06-02,26,08:00:00,Sunday,Annett and Runnymede,Diversion,20,35,B/W,
2019-06-02,79,08:00:00,Sunday,Runnymede and Anntte,Diversion,20,38,B/W,
2019-06-02,45,08:05:00,Sunday,Kipling station,Mechanical,9,18,N/B,8015
2019-06-02,985,08:08:00,Sunday,Birchmount on Sheppard,Mechanical,15,30,W/B,9068
2019-06-02,110,08:10:00,Sunday,Islington Station,Mechanical,20,40,SB,8428
2019-06-02,32,08:30:00,Sunday,Chaplin and Eglinton,Investigation,10,20,E/B,1095
2019-06-02,92,08:50:00,Sunday,Gerrard / Woodbine,Diversion,12,24,S/B,9217
2019-06-02,42,08:52:00,Sunday,Finch Station,Mechanical,16,32,N/B,1237
2019-06-02,165,09:00:00,Sunday,Entire Weston Road Route,General Delay,30,60,B/W,3116
2019-06-02,96,09:00:00,Sunday,Entire Wilson Route,General Delay,30,60,B/W,3120
2019-06-02,118,09:00:00,Sunday,Entire Thistledown Route,General Delay,20,40,B/W,3365
2019-06-02,96,09:33:00,Sunday,Humberline,Vision,18,28,E/B,1206
2019-06-02,96,09:33:00,Sunday,Humberling,Vision,18,28,E/B,1206
2019-06-02,32,09:46:00,Sunday,Renforth Station,Mechanical,10,20,E/B,1034
2019-06-02,63,10:00:00,Sunday,liberty / eglinton,General Delay,10,20,B/W,
2019-06-02,16,10:00:00,Sunday,Warden Station,Mechanical,17,34,N/B,9201
2019-06-02,51,10:00:00,Sunday,eglinton stn / steeles,General Delay,11,22,B/W,
2019-06-02,5,10:00:00,Sunday,queenpark / eglinton stn,General Delay,6,12,B/W,
2019-06-02,104,10:00:00,Sunday,wilson stn / finch,General Delay,7,14,B/W,
2019-06-02,32,10:30:00,Sunday,Emmet and Verona,Mechanical,1,1,E/B,1058
2019-06-02,79,10:40:00,Sunday,Runnymede Station,Investigation,12,24,S/B,1406
2019-06-02,53,11:04:00,Sunday,Steeles and Midland,Mechanical,27,54,W/B,1308
2019-06-02,85,11:07:00,Sunday,Malvern Gates,Mechanical,24,48,E/B,1660
2019-06-02,32,11:08:00,Sunday,Matrin Grove and Eglinton,Mechanical,10,20,W/B,1127
2019-06-02,39,11:21:00,Sunday,39 Finch East- All Branches,General Delay,15,31,B/W,3518
2019-06-02,939,11:22:00,Sunday,939 Express buses,General Delay,18,32,B/W,3535
2019-06-02,24,11:30:00,Sunday,BW On route.,General Delay,20,1,B/W,
2019-06-02,85,11:35:00,Sunday,Toronto Zoo,Utilized Off Route,8,16,E/B,1649
2019-06-02,43,11:50:00,Sunday,Midland and Steeles,Emergency Services,10,20,S/B,8656
2019-06-02,85,12:00:00,Sunday,Don Mills to Meadowvale Loop,General Delay,5,25,B/W,
2019-06-02,32,12:24:00,Sunday,Renforth Station,Mechanical,10,20,E/B,1011
2019-06-02,53,12:30:00,Sunday,Finch STN to Morningside and Finch,General Delay,18,40,B/W,
2019-06-02,925,12:36:00,Sunday,Pape Station to Freshmeadow,General Delay,30,39,B/W,
2019-06-02,100,12:36:00,Sunday,Don Mills and Wynford to Broadview Station,General Delay,15,23,B/W,
2019-06-02,32,12:50:00,Sunday,Dufferin and Eglinton,Mechanical,10,20,W/B,1144
2019-06-02,23,13:00:00,Sunday,Dawes route,General Delay,10,1,B/W,
2019-06-02,81,13:00:00,Sunday,Thorncliff route,General Delay,10,1,B/W,
2019-06-02,132,13:04:00,Sunday,McLevin and Hupfield,Diversion,80,110,B/W,1631
2019-06-02,85,13:05:00,Sunday,Midland / Sheppard,Investigation,5,10,E/B,1323
2019-06-02,81,13:10:00,Sunday,Thorncliff Park,Diversion,20,30,N/B,
2019-06-02,41,13:26:00,Sunday,Keele and Lawrence,Mechanical,11,23,N/B,1103
2019-06-02,95,13:30:00,Sunday,York Mills Station to Kingston Road,General Delay,20,40,B/W,
2019-06-02,60,14:00:00,Sunday,Route 60,General Delay,11,21,B/W,
2019-06-02,7,14:20:00,Sunday,Bathurst and Sheppard,Mechanical,7,14,S/B,1296
2019-06-02,95,14:21:00,Sunday,Ellesmere and Muribank,Mechanical,17,34,W/B,1611
2019-06-02,134,14:28:00,Sunday,McCowan and Progress,Mechanical,15,30,E/B,1238
2019-06-02,25,14:30:00,Sunday,Freshmeadow to Pape Station,General Delay,35,44,B/W,
2019-06-02,131,14:34:00,Sunday,131 Nugget bus,General Delay,12,38,B/W,1573
2019-06-02,34,14:36:00,Sunday,Eglinton and Brentcliffe,Investigation,8,17,E/B,8662
2019-06-02,24,14:36:00,Sunday,Victoria Park and St clair,Mechanical,8,16,N/B,8469
2019-06-02,34,14:59:00,Sunday,Eglinton and Young,Diversion,19,27,E/B,8626
2019-06-02,935,15:00:00,Sunday,Jane Station to Pioneer Village Station,General Delay,28,36,B/W,
2019-06-02,35,15:00:00,Sunday,Jane Station to Pioneer Village Station,General Delay,30,40,B/W,
2019-06-02,75,15:00:00,Sunday,Whole route,General Delay,20,40,B/W,
2019-06-02,985,15:00:00,Sunday,Don Mills Stn to STC,General Delay,12,32,B/W,
2019-06-02,54,15:10:00,Sunday,Eglinton Station,Diversion,6,15,E/B,8688
2019-06-02,121,15:12:00,Sunday,Cherry and Lakeshore,Diversion,33,43,S/B,8543
2019-06-02,935,15:15:00,Sunday,Jane and Weston,Mechanical,9,18,S/B,3334
2019-06-02,7,15:21:00,Sunday,Bathurst and Lawrence,Investigation,7,14,N/B,8129
2019-06-02,85,15:25:00,Sunday,Toronto Zoo,Utilized Off Route,6,11,W/B,1660
2019-06-02,985,15:25:00,Sunday,STC,Mechanical,12,24,W/B,9083
2019-06-02,123,15:28:00,Sunday,Browns line and valermo,Investigation,10,20,N/B,8059
2019-06-02,84,15:52:00,Sunday,Sheppard and Laura,Mechanical,7,14,W/B,3165
2019-06-02,125,15:59:00,Sunday,Talbot and Drewry,Investigation,30,60,W/B,1257
2019-06-02,51,16:00:00,Sunday,entire route,General Delay,24,48,B/W,
2019-06-02,63,16:00:00,Sunday,entire route,General Delay,7,13,B/W,
2019-06-02,165,16:03:00,Sunday,York Mills Station,Emergency Services,9,18,E/B,3348
2019-06-02,45,16:26:00,Sunday,Kipling station,Mechanical,9,18,S/B,8018
2019-06-02,53,17:00:00,Sunday,Finch Station,Utilized Off Route,6,12,E/B,3537
2019-06-02,600,17:00:00,Sunday,Eglinton Station - Priority One,Utilized Off Route,1,1,B/W,8565
2019-06-02,600,17:00:00,Sunday,Eglinton Station - Priority One,Utilized Off Route,1,1,B/W,9205
2019-06-02,600,17:00:00,Sunday,Eglinton Station - Priority One,Utilized Off Route,1,1,B/W,8557
2019-06-02,600,17:00:00,Sunday,Eglinton Station - Priority One,Utilized Off Route,1,1,B/W,9207
2019-06-02,84,17:01:00,Sunday,Sheppard Station,Utilized Off Route,8,15,W/B,3169
2019-06-02,36,17:02:00,Sunday,Finch stn,Utilized Off Route,5,10,W/B,3230
2019-06-02,52,17:02:00,Sunday,Lawrence west Station,Utilized Off Route,7,14,E/B,8156
2019-06-02,600,17:04:00,Sunday,St.Clair and Runnymede,Utilized Off Route,1,1,B/W,1021
2019-06-02,711,17:04:00,Sunday,Bathurst/ Lawrence,Utilized Off Route,8,16,N/B,1344
2019-06-02,52,17:04:00,Sunday,Lawrence West Station,Utilized Off Route,14,28,E/B,8125
2019-06-02,600,17:05:00,Sunday,Kipling Station,Utilized Off Route,1,1,B/W,8429
2019-06-02,34,17:05:00,Sunday,Eglinton Station,Utilized Off Route,9,18,E/B,8696
2019-06-02,600,17:05:00,Sunday,,Utilized Off Route,1,1,,8091
2019-06-02,32,17:05:00,Sunday,Eglinton Station,Utilized Off Route,10,20,W/B,1032
2019-06-02,604,17:06:00,Sunday,Arrow division,Utilized Off Route,,,E/B,3368
2019-06-02,95,17:06:00,Sunday,York Mills Station,Utilized Off Route,17,34,E/B,1377
2019-06-02,704,17:07:00,Sunday,Pioneer Village Station,Utilized Off Route,1,1,W/B,3178
2019-06-02,26,17:08:00,Sunday,St.George Stn,Utilized Off Route,22,46,N/B,1112
2019-06-02,7,17:08:00,Sunday,Bathurst Station,Utilized Off Route,8,16,N/B,1286
2019-06-02,939,17:08:00,Sunday,Finch West Station,Utilized Off Route,13,32,E/B,1320
2019-06-02,85,17:10:00,Sunday,Don Mills Station,Utilized Off Route,5,9,E/B,1724
2019-06-02,704,17:10:00,Sunday,York Mills Station,Utilized Off Route,1,1,E/B,3274
2019-06-02,600,17:11:00,Sunday,Bay and Lakeshore,Utilized Off Route,1,1,B/W,1128
2019-06-02,34,17:12:00,Sunday,Eglinton Station,Utilized Off Route,8,17,E/B,8846
2019-06-02,94,17:12:00,Sunday,Castle Frank Station,Utilized Off Route,12,24,W/B,1018
2019-06-02,600,17:13:00,Sunday,Kipling Station,Utilized Off Route,1,1,B/W,8074
2019-06-02,112,17:15:00,Sunday,Dixon and Carlingview,Diversion,50,70,S/B,8014
2019-06-02,600,17:15:00,Sunday,,Utilized Off Route,1,1,,8431
2019-06-02,39,17:16:00,Sunday,Finch Station,Utilized Off Route,16,32,E/B,3456
2019-06-02,36,17:17:00,Sunday,Finch w stn,Utilized Off Route,5,10,W/B,3323
2019-06-02,600,17:18:00,Sunday,,Utilized Off Route,1,1,,8070
2019-06-02,54,17:20:00,Sunday,Eglinton Station,Utilized Off Route,18,34,E/B,8809
2019-06-02,25,17:21:00,Sunday,Don Mills Station,Utilized Off Route,8,17,N/B,8817
2019-06-02,925,17:22:00,Sunday,Fresh Meadow and DonMills,Utilized Off Route,10,20,S/B,8700
2019-06-02,97,17:28:00,Sunday,Sheppard and Yonge,Utilized Off Route,30,60,S/B,8187
2019-06-02,37,17:28:00,Sunday,Islington Station,Mechanical,20,40,B/W,7960
2019-06-02,74,17:28:00,Sunday,St Clair Station,Utilized Off Route,18,36,N/B,1302
2019-06-02,52,17:30:00,Sunday,Lawrence West Station,Mechanical,7,14,E/B,1293
2019-06-02,601,17:34:00,Sunday,Finch Station,Utilized Off Route,1,1,E/B,1402
2019-06-02,32,17:55:00,Sunday,Duplex and Eglinton,Investigation,10,20,W/B,1415
2019-06-02,601,18:00:00,Sunday,Malvern Garage,Utilized Off Route,1,1,E/B,1332
2019-06-02,719,18:00:00,Sunday,Pine and Lawrence,Utilized Off Route,1,1,B/W,1633
2019-06-02,600,18:00:00,Sunday,Mount Dennis Garage,Utilized Off Route,1,1,B/W,1002
2019-06-02,601,18:00:00,Sunday,Scarborough Town Centre,Utilized Off Route,1,1,E/B,3515
2019-06-02,601,18:00:00,Sunday,Malvern garage,Utilized Off Route,1,1,E/B,1298
2019-06-02,601,18:00:00,Sunday,Malvern Garage,Utilized Off Route,1,1,E/B,1509
2019-06-02,11,18:05:00,Sunday,Sunnybrook Hospital,Utilized Off Route,30,60,N/B,1395
2019-06-02,604,18:06:00,Sunday,Arrow division,Utilized Off Route,,,E/B,3256
2019-06-02,97,18:15:00,Sunday,Yonge and Eglinton,Utilized Off Route,30,60,S/B,8391
2019-06-02,299,18:25:00,Sunday,Eglinton Station - Priority One,Utilized Off Route,1,1,B/W,8601
2019-06-02,299,18:25:00,Sunday,Eglinton Station - Priority One,Utilized Off Route,1,1,B/W,8948
2019-06-02,604,18:25:00,Sunday,Arrow division,Utilized Off Route,,,E/B,3282
2019-06-02,36,18:30:00,Sunday,Finch stn,Utilized Off Route,6,12,W/B,3233
2019-06-02,116,18:33:00,Sunday,Kingston Road and Morningside,Diversion,134,142,S/B,8799
2019-06-02,600,18:40:00,Sunday,Davenport and Dupont,Utilized Off Route,1,1,B/W,1104
2019-06-02,600,18:40:00,Sunday,Eglinton Station,Utilized Off Route,1,1,B/W,1007
2019-06-02,102,19:20:00,Sunday,Kennedy and St. Clair,Mechanical,10,20,N/B,8943
2019-06-02,123,19:22:00,Sunday,Kipling station,Investigation,1,1,E/B,8082
2019-06-02,61,19:47:00,Sunday,Bombay loop,Mechanical,18,36,S/B,8349
2019-06-02,30,21:00:00,Sunday,Kipling station,Mechanical,30,60,W/B,831
2019-06-02,96,21:04:00,Sunday,Wislon and Dufferin,Investigation,20,40,W/B,3170
2019-06-02,165,21:04:00,Sunday,Wilson and Lady York,Investigation,10,20,W/B,3116
2019-06-02,600,22:15:00,Sunday,Castle Frank Station,Utilized Off Route,1,1,S/B,8948
2019-06-02,600,22:15:00,Sunday,Front and Esplanade,Utilized Off Route,1,1,N/B,8601
2019-06-02,600,22:16:00,Sunday,Jarvis and Gerrard,Utilized Off Route,1,1,S/B,1380
2019-06-02,94,22:19:00,Sunday,Wellesley and Parliament Stn,Diversion,1,1,S/B,1418
2019-06-02,52,22:19:00,Sunday,McNaughton/ Victory,Mechanical,20,40,E/B,8183
2019-06-02,121,22:20:00,Sunday,FRONT STREET FROM SPADINA TO YONGE,Diversion,115,135,B/W,
2019-06-02,72,22:20:00,Sunday,"QUEENS QUAY AND BAY, HARBOUR/YONGE",Diversion,118,136,B/W,
2019-06-03,52,00:45:00,Monday,Dixon and Dixington cresent,Investigation,20,40,E/B,1220
2019-06-03,22,01:50:00,Monday,Coxwell Station,Investigation,10,20,S/B,8558
2019-06-03,52,02:00:00,Monday,Dixington,Investigation,30,60,E/B,1220
2019-06-03,343,02:03:00,Monday,Midland and Steels Ave,Mechanical,30,30,N/B,8843
2019-06-03,322,02:08:00,Monday,Coxwell and Mortimer Ave,Mechanical,30,30,S/B,8534
2019-06-03,300,03:08:00,Monday,Eglinton and Midland Ave,Emergency Services,30,60,W/B,8616
2019-06-03,91,05:05:00,Monday,Eglinton,Diversion,1,1,B/W,3114
2019-06-03,54,05:44:00,Monday,Lawrence & Railside,Mechanical,15,15,E/B,8866
2019-06-03,86,05:55:00,Monday,Meadowvale Loop (S LP),Vision,11,22,S/B,8853
2019-06-03,95,05:59:00,Monday,Ellesmere RT,Mechanical,8,16,W/B,1403
2019-06-03,54,06:11:00,Monday,Eglinton Station,Mechanical,9,18,E/B,8895
2019-06-03,68,06:13:00,Monday,Warden Station,Mechanical,21,26,N/B,8637
2019-06-03,68,06:18:00,Monday,Warden Station,Utilized Off Route,5,10,N/B,8834
2019-06-03,100,06:20:00,Monday,Don Mills Wynford,Mechanical,4,7,S/B,8680
2019-06-03,100,06:29:00,Monday,Don Mills Wynford,Mechanical,3,7,S/B,8724
2019-06-03,32,06:35:00,Monday,Eglinton Station,Investigation,7,14,W/B,1001
2019-06-03,54,06:42:00,Monday,Lawrence & Morningside,Mechanical,9,17,E/B,8623
2019-06-03,59,06:43:00,Monday,Lawrence West Station,Mechanical,0,0,W/B,3269
2019-06-03,56,06:47:00,Monday,Eglinton stn,Investigation,19,38,E/B,8355
2019-06-03,121,06:52:00,Monday,Cherry beach,Mechanical,13,26,E/B,8439
2019-06-03,52,06:57:00,Monday,Terminal 3,Mechanical,15,22,E/B,8374
2019-06-03,11,07:05:00,Monday,davisville stn,Mechanical,8,16,N/B,8219
2019-06-03,29,07:05:00,Monday,Princes' Gate,Mechanical,8,16,N/B,9004
2019-06-03,929,07:12:00,Monday,Dufferin & College,Mechanical,9,17,S/B,9141
2019-06-03,47,07:15:00,Monday,Yorkdale Mall Terminal,General Delay,5,14,S/B,
2019-06-03,6,07:57:00,Monday,Yorkville and Yonge,Diversion,58,66,S/B,
2019-06-03,902,08:00:00,Monday,Markham Road Express,General Delay,15,25,BW,0
2019-06-03,939,08:00:00,Monday,Bayview and Finch,Mechanical,7,15,W/B,3541
2019-06-03,32,08:05:00,Monday,Renforth Station,Mechanical,7,14,E/B,1002
2019-06-03,935,08:09:00,Monday,Jane Station,Emergency Services,0,0,S/B,3135
2019-06-03,100,08:20:00,Monday,Don Mills/Wynford,Utilized Off Route,3,6,S/B,8788
2019-06-03,924,08:21:00,Monday,Victoria Park Station,Mechanical,10,20,N/B,8943
2019-06-03,102,08:30:00,Monday,Markham Road Route,General Delay,15,25,BW,0
2019-06-03,90,08:30:00,Monday,st clair wstn / oakwood,General Delay,3,7,B/W,
2019-06-03,133,08:30:00,Monday,Neilson and Sheppard,General Delay,15,26,W/B,
2019-06-03,701,08:45:00,Monday,Scarborough Town Center,Utilized Off Route,1,1,B/W,3425
2019-06-03,131,08:50:00,Monday,Tapscott/Washburn,Investigation,8,16,E/B,3456
2019-06-03,22,08:57:00,Monday,Coxwell Station,Mechanical,8,16,SB,8577
2019-06-03,710,09:06:00,Monday,Coxwell Stn,Utilized Off Route,1,1,N/B,8928
2019-06-03,606,09:06:00,Monday,Coxwell station,Utilized Off Route,1,1,B/W,8474
2019-06-03,116,09:15:00,Monday,Morningside Ave/Kingston Rd,Mechanical,7,13,N/B,8794
2019-06-03,22,09:25:00,Monday,Birchmount Garage,Investigation,8,16,SB,8577
2019-06-03,32,09:31:00,Monday,Eglinton West Stn.,Investigation,13,26,E/B,1137
2019-06-03,85,09:37:00,Monday,Meadowvale loop,Vision,22,37,W/B,3455
2019-06-03,35,09:41:00,Monday,Jane Station,Investigation,3,0,N/B,3363
2019-06-03,17,09:42:00,Monday,Warden station,Investigation,14,27,S/B,3114
2019-06-03,63,09:45:00,Monday,Atlatic & King,Investigation,9,18,N/B,8146
2019-06-03,937,09:47:00,Monday,Milady,Investigation,5,10,N/B,8421
2019-06-03,168,10:00:00,Monday,Dundas and Bloor,Diversion,420,427,S/B,
2019-06-03,68,10:00:00,Monday,Warden Avenue,General Delay,30,35,B/W,
2019-06-03,929,10:23:00,Monday,Dufferin & Lawrence,Mechanical,10,20,N/B,9146
2019-06-03,52,10:24:00,Monday,Westwood Mall,Mechanical,14,28,E/B,1373
2019-06-03,69,10:59:00,Monday,Warden Station,Mechanical,5,10,E/B,8598
2019-06-03,29,11:08:00,Monday,Springhurst Loop,Mechanical,8,15,N/B,9004
2019-06-03,68,12:15:00,Monday,Warden & Major Mackenzie,Diversion,100,140,BW,8916
2019-06-03,37,12:23:00,Monday,Islington stn,Mechanical,6,12,N/B,8073
2019-06-03,135,12:58:00,Monday,Gerrard St E and Blantyre Ave,Investigation,20,40,EB,8592
2019-06-03,74,13:00:00,Monday,St clair station,Mechanical,19,38,W/B,8115
2019-06-03,902,13:01:00,Monday,Progress Ave at Sheppard Ave E,Mechanical,15,30,EB,8510
2019-06-03,86,13:43:00,Monday,4691 Kingston Road,Investigation,8,16,W/B,8743
2019-06-03,165,14:00:00,Monday,Wilson &   Jane (incident occurred a few minutes prior at unknown location ),Investigation,,,E/B,3158
2019-06-03,96,14:00:00,Monday,Route 96,General Delay,14,25,B/W,
2019-06-03,996,14:00:00,Monday,Route 996,General Delay,17,27,B/W,
2019-06-03,118,14:00:00,Monday,Route 118,General Delay,21,46,B/W,
2019-06-03,45,14:00:00,Monday,Kipling Station to Steeles and Disco and Attwell,General Delay,15,25,B/W,
2019-06-03,165,14:00:00,Monday,,General Delay,18,26,B/W,
2019-06-03,83,14:30:00,Monday,Boultbee/ Jones,General Delay,15,15,B/W,
2019-06-03,11,14:55:00,Monday,Wilson Garage,Mechanical,14,28,S/B,8390
2019-06-03,122,15:00:00,Monday,York mills and bayview,General Delay,12,23,B/W,
2019-06-03,102,15:00:00,Monday,Markham route,General Delay,10,1,B/W,
2019-06-03,56,15:00:00,Monday,Eglinton station to Donlands station,General Delay,18,30,B/W,
2019-06-03,78,15:00:00,Monday,York mills station,Mechanical,30,60,N/B,1344
2019-06-03,23,15:00:00,Monday,Dawes route,General Delay,10,1,B/W,
2019-06-03,17,15:00:00,Monday,Birchmount,General Delay,16,16,B/W,
2019-06-03,73,15:00:00,Monday,Royal York station,General Delay,24,38,N/B,8090
2019-06-03,50,15:00:00,Monday,Islington station,General Delay,20,32,W/B,7960
2019-06-03,76,15:00:00,Monday,Royal Yok station,General Delay,34,44,S/B,8090
2019-06-03,52,15:00:00,Monday,Airport to Lawrence Station,General Delay,12,22,E/B,
2019-06-03,16,15:00:00,Monday,Warden and St.Clair,General Delay,10,10,B/W,
2019-06-03,952,15:00:00,Monday,Airport to Lawrence station,General Delay,13,25,E/B,
2019-06-03,102,15:20:00,Monday,warden station,Utilized Off Route,10,20,N/B,8935
2019-06-03,111,15:28:00,Monday,East Mall at Eglinton,Mechanical,10,20,S/B,8429
2019-06-03,66,15:30:00,Monday,Old mill station,General Delay,18,25,S/B,8029
2019-06-03,57,15:30:00,Monday,Midland and Lockie,Diversion,286,294,S/B,8753
2019-06-03,168,15:32:00,Monday,Symington and Kingsley,Investigation,8,15,N/B,1085
2019-06-03,40,15:39:00,Monday,Parkside and Algonquin,Mechanical,7,14,N/B,8431
2019-06-03,40,15:39:00,Monday,Parkside and algonquin,Mechanical,7,14,N/B,8431
2019-06-03,53,15:43:00,Monday,Passmore and Markham,Vision,6,11,W/B,1393
2019-06-03,7,15:43:00,Monday,Bathurst Station,Mechanical,8,15,N/B,1315
2019-06-03,52,15:50:00,Monday,Lawrence station,Mechanical,7,18,E/B,1368
2019-06-03,24,16:00:00,Monday,24 Victoria Park Ave,General Delay,12,1,B/W,
2019-06-03,142,16:00:00,Monday,Bombay loop to richmind and Jarvis,General Delay,15,45,B/W,
2019-06-03,124,16:00:00,Monday,124 route bothway,General Delay,,,B/W,
2019-06-03,51,16:00:00,Monday,entire route,General Delay,18,36,B/W,
2019-06-03,34,16:00:00,Monday,Eglinton Station to Kennedy Station,General Delay,20,25,B/W,
2019-06-03,63,16:00:00,Monday,entire route,General Delay,8,16,B/W,
2019-06-03,131,16:00:00,Monday,131 Nugget Route- All Branches,General Delay,15,24,B/W,3515
2019-06-03,88,16:30:00,Monday,88 Route bothway,General Delay,,,B/W,
2019-06-03,52,16:32:00,Monday,Lawrence and Scarlett,Mechanical,13,27,E/B,8345
2019-06-03,45,16:34:00,Monday,Kipling Station,Mechanical,14,28,N/B,8015
2019-06-03,953,16:47:00,Monday,Steeles and Canadiana Dr,Diversion,117,132,E/B,9063
2019-06-03,53,16:47:00,Monday,Steeles and Laureal Leaf,Diversion,117,122,E/B,1526
2019-06-03,39,16:52:00,Monday,Finch Station,Mechanical,14,28,B/W,1728
2019-06-03,953,17:00:00,Monday,Between Finch Station and Passmore and Marham,General Delay,55,61,B/W,
2019-06-03,985,17:00:00,Monday,Between Don Mills Stn and Meadowvale Loop,General Delay,20,28,B/W,
2019-06-03,53,17:00:00,Monday,Between Finch Stn and Passmore and Markham,General Delay,35,45,B/W,
2019-06-03,75,17:45:00,Monday,Queens Quay and jarvis,General Delay,12,18,N/B,
2019-06-03,53,17:45:00,Monday,Passmore and Markham,Utilized Off Route,5,10,W/B,3427
2019-06-03,935,17:46:00,Monday,Jane & Folkers St (near Jane Station),Emergency Services,11,22,S/B,3324
2019-06-03,953,17:58:00,Monday,Morningside and Finch,Mechanical,5,10,W/B,9063
2019-06-03,952,18:00:00,Monday,Lawrence west station,General Delay,12,24,E/B,8357
2019-06-03,701,18:33:00,Monday,Queens Quay and Jarvis,Utilized Off Route,1,1,N/B,8303
2019-06-03,602,18:34:00,Monday,Kipling Station,Utilized Off Route,1,2,S/B,7927
2019-06-03,600,18:35:00,Monday,Old Weston / St . Clair,Utilized Off Route,1,1,N/B,1144
2019-06-03,63,18:40:00,Monday,King and Strahan,Utilized Off Route,10,20,E/B,8146
2019-06-03,929,18:40:00,Monday,Dufferin and Queen,Utilized Off Route,10,20,N/B,1136
2019-06-03,11,18:46:00,Monday,Davisville Station,Investigation,14,28,S/B,1233
2019-06-03,602,18:50:00,Monday,Mills Loop,Utilized Off Route,1,1,B/W,7919
2019-06-03,52,18:52:00,Monday,Lawrence station,Investigation,18,28,E/B,8200
2019-06-03,35,19:00:00,Monday,Jane Station,Utilized Off Route,1,1,N/B,3342
2019-06-03,80,19:00:00,Monday,The Queensway and Ellis,Diversion,168,198,B/W,
2019-06-03,21,19:13:00,Monday,Brimley and Largo,Diversion,14,66,N/B,1392
2019-06-03,113,19:34:00,Monday,Danforth road and Birchmount Garage,Diversion,74,94,B/W,9223
2019-06-03,941,19:40:00,Monday,Keele stn,Investigation,1,1,N/B,1001
2019-06-03,25,19:42:00,Monday,Don Mills at Sheppard,Emergency Services,8,17,N/B,8925
2019-06-03,927,19:51:00,Monday,Kipling Station,Mechanical,10,20,N/B,3334
2019-06-03,50,19:59:00,Monday,Mill loop and burn,Mechanical,15,30,E/B,8099
2019-06-03,702,20:16:00,Monday,Queensway Division,Utilized Off Route,1,1,B/W,7921
2019-06-03,60,20:17:00,Monday,Hilda,,9,18,W/B,3169
2019-06-03,37,20:33:00,Monday,Islington station,Utilized Off Route,10,20,S/B,8052
2019-06-03,54,20:39:00,Monday,Lawrence and Prudential,Mechanical,13,26,E/B,8793
2019-06-03,89,20:55:00,Monday,Keele stn,Utilized Off Route,10,20,N/B,1268
2019-06-03,939,20:57:00,Monday,Scarborough Town Center,Utilized Off Route,10,20,B/W,1744
2019-06-03,165,21:05:00,Monday,Steeles & Barmac,Utilized Off Route,10,20,S/B,3136
2019-06-03,46,21:09:00,Monday,Steeles and Martin Grove,Mechanical,30,60,S/B,3286
2019-06-03,161,21:13:00,Monday,Ossington stn,Utilized Off Route,1,1,N/B,1010
2019-06-03,60,22:14:00,Monday,New Westminister,Investigation,15,30,W/B,9121
2019-06-03,52,22:26:00,Monday,Westwood mall,Mechanical,14,28,E/B,8384
2019-06-03,6,22:47:00,Monday,Davenport and Avenue,Investigation,25,50,N/B,1077
2019-06-03,102,22:50:00,Monday,warden staiton,Utilized Off Route,10,20,N/B,8463
2019-06-04,96,00:40:00,Tuesday,York Mills Stn,Mechanical,10,20,W/B,3215
2019-06-04,25,00:45:00,Tuesday,Pape STN,Utilized Off Route,9,18,N/B,8771
2019-06-04,100,00:52:00,Tuesday,Pape Station,Utilized Off Route,10,20,N/B,8838
2019-06-04,104,01:16:00,Tuesday,wilson station,Investigation,20,20,N/B,8375
2019-06-04,97,01:24:00,Tuesday,finch station,Mechanical,30,60,N/B,8360
2019-06-04,927,01:27:00,Tuesday,Dundas at Renown,Investigation,1,1,W/B,3246
2019-06-04,325,04:03:00,Tuesday,Don Mills road and Sheppard,Mechanical,30,60,S/B,8803
2019-06-04,336,04:40:00,Tuesday,Yonge and Finch,Investigation,15,30,,9106
2019-06-04,91,05:00:00,Tuesday,Eglinton,Diversion,999,999,B/W,8945
2019-06-04,116,05:08:00,Tuesday,Kennedy Rd/Eglinton Ave E,Mechanical,10,11,E/B,8662
2019-06-04,32,05:24:00,Tuesday,Castlewood and Eglinton,Investigation,17,33,W/B,1149
2019-06-04,72,05:44:00,Tuesday,Pape Station,Mechanical,9,18,S/B,8514
2019-06-04,38,05:45:00,Tuesday,Scarborough Town Centre,Mechanical,15,30,E/B,1291
2019-06-04,25,05:47:00,Tuesday,Freshmeadow/Don Mills,Mechanical,11,23,S/B,8858
2019-06-04,29,05:56:00,Tuesday,Dufferin and Dundas,Mechanical,9,17,S/B,9040
2019-06-04,74,06:00:00,Tuesday,St Clair stn,Mechanical,15,30,N/B,1315
2019-06-04,116,06:03:00,Tuesday,Kennedy Station,Utilized Off Route,12,24,E/B,8621
2019-06-04,86,06:03:00,Tuesday,Kennedy STN,Mechanical,10,11,E/B,8632
2019-06-04,43,06:09:00,Tuesday,Kennedy Station,Utilized Off Route,1,1,N/B,8626
2019-06-04,34,06:15:00,Tuesday,Eglinton Station,Vision,5,9,E/B,8926
2019-06-04,37,06:44:00,Tuesday,islington and steeles,Mechanical,14,28,S/B,8614
2019-06-04,131,06:50:00,Tuesday,Nugget and Markham,Investigation,8,16,E/B,3447
2019-06-04,45,07:00:00,Tuesday,Kipling Station to Steeles and Humberwood Loop,General Delay,15,25,B/W,
2019-06-04,47,07:00:00,Tuesday,Yorkdale Terminal,General Delay,5,1,S/B,
2019-06-04,65,07:09:00,Tuesday,Berkeley and Front,Investigation,0,0,B/W,8493
2019-06-04,124,07:10:00,Tuesday,Sunnybrook Hospital,Mechanical,6,12,W/B,8319
2019-06-04,935,07:15:00,Tuesday,Jane and Church Street,Mechanical,8,1,S/B,3205
2019-06-04,129,07:15:00,Tuesday,Scarborough Town Centre,Mechanical,5,15,N/B,1713
2019-06-04,941,07:32:00,Tuesday,Keele Station,Mechanical,12,24,N/B,1019
2019-06-04,952,07:35:00,Tuesday,Dixon/Wincott,Mechanical,11,22,E/B,8132
2019-06-04,6,07:57:00,Tuesday,Yonge and Yorkville,Diversion,56,64,B/W,
2019-06-04,52,07:58:00,Tuesday,Lawrence W/ Royal York,Diversion,1,1,W/B,
2019-06-04,24,08:00:00,Tuesday,Victoria Park Route,General Delay,17,27,BW,0
2019-06-04,6,08:00:00,Tuesday,Davenport and Dupont,Mechanical,10,20,S/B,1349
2019-06-04,75,08:00:00,Tuesday,queen quay / maple,General Delay,3,6,B/W,
2019-06-04,90,08:00:00,Tuesday,st clair wstn / aokwood,General Delay,4,8,B/W,
2019-06-04,133,08:00:00,Tuesday,Neilson/Keeler to Morningside and Finch,General Delay,15,26,B/W,
2019-06-04,924,08:00:00,Tuesday,Victoria Park Express,General Delay,10,20,BW,0
2019-06-04,143,08:30:00,Tuesday,Adelaide,Utilized Off Route,15,24,B/W,3106
2019-06-04,123,08:30:00,Tuesday,"On Evans, at Brown's Line",Diversion,999,999,S/B,
2019-06-04,102,08:30:00,Tuesday,Warden Stn to Major Mckenzie and Markham,General Delay,15,20,B/W,
2019-06-04,902,08:30:00,Tuesday,Warden Station to Sheppard and Progress,General Delay,10,15,B/W,
2019-06-04,903,08:36:00,Tuesday,Kennedy Stn,Mechanical,8,16,E/B,1707
2019-06-04,24,08:44:00,Tuesday,Victoria Park and Eglinton Ave E,Investigation,10,20,NB,8555
2019-06-04,167,09:00:00,Tuesday,Pharmacy North Route,General Delay,16,46,BW,0
2019-06-04,67,09:00:00,Tuesday,Victoria Park Stn to Crosland/Reddins,General Delay,15,30,B/W,
2019-06-04,34,09:00:00,Tuesday,Don Mills Eglinton EB,General Delay,20,25,E/B,
2019-06-04,131,09:00:00,Tuesday,Scarborough Town Center to Mormingview Tr & Old Finch,General Delay,16,28,B/W,
2019-06-04,121,09:18:00,Tuesday,Front and Cherry,Mechanical,20,40,EB,8571
2019-06-04,929,09:45:00,Tuesday,Dufferin and Wilson,Investigation,8,16,N/B,9036
2019-06-04,73,10:00:00,Tuesday,"Oak and Weston, Albion & Kipling to Carrier",General Delay,20,1,,
2019-06-04,102,10:45:00,Tuesday,Warden Station,Mechanical,20,40,102,8948
2019-06-04,71,10:45:00,Tuesday,St. Johns and Runnymede,Emergency Services,23,46,N/B,1348
2019-06-04,53,10:55:00,Tuesday,Buffwood Drive and Steeles,Diversion,12,18,W/B,1504
2019-06-04,43,10:59:00,Tuesday,Progress & Consentino,Investigation,15,30,E/B,8684
2019-06-04,21,11:02:00,Tuesday,kipling station,Mechanical,21,42,S/B,8021
2019-06-04,902,11:03:00,Tuesday,Warden Station,Investigation,15,30,N/B,3100
2019-06-04,84,11:05:00,Tuesday,Sheppard west station,Mechanical,7,14,E/B,3232
2019-06-04,71,11:15:00,Tuesday,Runnymede and St. Johns,Diversion,20,43,B/W,
2019-06-04,79,11:20:00,Tuesday,Runnymede and St John's,Diversion,15,23,S/B,1305
2019-06-04,39,11:21:00,Tuesday,Bayview on Finch,Investigation,6,12,W/B,1332
2019-06-04,85,11:24:00,Tuesday,Allanford and Sheppard,Investigation,1,1,W/B,3446
2019-06-04,71,11:43:00,Tuesday,Runnymede and St. Johns,Mechanical,23,46,N/B,1260
2019-06-04,129,11:53:00,Tuesday,Mccowan Loop,Mechanical,7,21,S/B,1526
2019-06-04,97,12:11:00,Tuesday,Lord Seaton & Yonge,Diversion,129,169,B/W,
2019-06-04,902,12:25:00,Tuesday,Warden Station,Mechanical,15,30,N/B,8515
2019-06-04,165,12:35:00,Tuesday,Barmac and Steeles,Mechanical,10,20,W/B,3175
2019-06-04,108,12:37:00,Tuesday,Sheppard west station,Investigation,8,16,E/B,3148
2019-06-04,71,12:38:00,Tuesday,St.. Clair and Symes Road,Emergency Services,1,1,S/B,1038
2019-06-04,63,12:43:00,Tuesday,King and Shaw,Emergency Services,10,20,E/B,8353
2019-06-04,7,12:55:00,Tuesday,fisherville,Investigation,8,16,N/B,1247
2019-06-04,929,13:00:00,Tuesday,Entire route,General Delay,1,1,B/W,
2019-06-04,43,13:25:00,Tuesday,Kennedy Station,Mechanical,8,16,N/B,8659
2019-06-04,84,13:30:00,Tuesday,Sheppard station,Investigation,7,14,E/B,3295
2019-06-04,96,14:00:00,Tuesday,Route 96,General Delay,13,24,B/W,
2019-06-04,6,14:00:00,Tuesday,Yonge at Yorkville,General Delay,15,26,S/B,
2019-06-04,996,14:00:00,Tuesday,Route 996,General Delay,17,28,B/W,
2019-06-04,35,14:15:00,Tuesday,PVST - Pioneer Village,Mechanical,10,20,S/B,3280
2019-06-04,86,14:19:00,Tuesday,EGLINTON/MASON,Investigation,8,33,W/B,8880
2019-06-04,7,14:28:00,Tuesday,Bathurst/ Wilson,Mechanical,8,16,N/B,8353
2019-06-04,29,14:33:00,Tuesday,Dufferin and Lawrence,Investigation,4,11,S/B,
2019-06-04,927,14:40:00,Tuesday,Weston and Walsh,Investigation,7,13,N/B,3126
2019-06-04,122,15:00:00,Tuesday,York mills and Bayview,General Delay,12,23,B/W,
2019-06-04,16,15:00:00,Tuesday,McCowan,General Delay,6,6,B/W,
2019-06-04,56,15:00:00,Tuesday,Eglinton station to Donlands station,General Delay,15,33,E/B,
2019-06-04,73,15:00:00,Tuesday,Kipling and Albion Carrier and Albion,General Delay,25,1,B/W,
2019-06-04,952,15:00:00,Tuesday,Airport to lawrence station,General Delay,12,24,B/W,
2019-06-04,75,15:00:00,Tuesday,Jarvis/Queens Quay to South Dr/Glen Rd,General Delay,25,33,B/W,
2019-06-04,52,15:00:00,Tuesday,Airport to Lawrence station,General Delay,12,24,B/W,
2019-06-04,102,15:00:00,Tuesday,Warden station,General Delay,10,1,B/W,
2019-06-04,83,15:00:00,Tuesday,Boultbee,General Delay,6,6,B/W,
2019-06-04,50,15:00:00,Tuesday,Entire Route,General Delay,25,1,B/W,8434
2019-06-04,102,15:20:00,Tuesday,warden station,Utilized Off Route,20,40,S/B,9205
2019-06-04,90,15:30:00,Tuesday,St Clair West stn to Oakwood loop,General Delay,15,20,B/W,
2019-06-04,92,15:30:00,Tuesday,Woodbine station,General Delay,10,10,B/W,
2019-06-04,52,15:35:00,Tuesday,Lawrence west station,Utilized Off Route,7,11,E/B,1375
2019-06-04,600,15:38:00,Tuesday,Overlea Blvd and Beth Nealson Dr,Investigation,6,12,S/B,1215
2019-06-04,37,15:49:00,Tuesday,Islington & Central Park Roadway,Investigation,22,44,S/B,8029
2019-06-04,21,16:00:00,Tuesday,STC,Mechanical,9,18,N/B,1232
2019-06-04,34,16:00:00,Tuesday,Eglinton Station to Kennedy Station,General Delay,20,25,20,
2019-06-04,63,16:00:00,Tuesday,bloor to king,General Delay,6,12,N/B,
2019-06-04,142,16:00:00,Tuesday,Bombay loop to Jarvis and Richmond,General Delay,15,45,B/W,
2019-06-04,935,16:00:00,Tuesday,On Jane St,General Delay,10,20,B/W,
2019-06-04,6,16:02:00,Tuesday,Dockside at Queens Quay,Mechanical,6,12,N/B,1081
2019-06-04,25,16:24:00,Tuesday,Don Mills Stn,Emergency Services,5,10,N/B,8929
2019-06-04,88,16:30:00,Tuesday,Entire 88 Route bothway,General Delay,,,B/W,
2019-06-04,10,16:40:00,Tuesday,Don Mills station,Mechanical,10,20,N/B,1222
2019-06-04,73,17:17:00,Tuesday,Royal York Station,Mechanical,14,28,S/B,8610
2019-06-04,47,17:18:00,Tuesday,Lansdowne at Bloor,Investigation,13,26,S/B,1269
2019-06-04,25,17:28:00,Tuesday,Don Mills STN,Mechanical,5,9,N/B,8929
2019-06-04,116,18:06:00,Tuesday,KENNEDY STATION,Mechanical,7,13,E/B,8895
2019-06-04,937,18:09:00,Tuesday,Islington and Steeles Loop,Utilized Off Route,12,24,S/B,8607
2019-06-04,169,18:22:00,Tuesday,Don Mills station,Mechanical,30,60,E/B,8314
2019-06-04,35,18:30:00,Tuesday,on Jane Street,General Delay,5,10,B/W,
2019-06-04,61,18:49:00,Tuesday,Bombay loop,Mechanical,18,36,S/B,1384
2019-06-04,70,18:54:00,Tuesday,Warden STN,Investigation,20,42,W/B,8893
2019-06-04,32,18:55:00,Tuesday,Lawrence and Pine,Mechanical,10,20,E/B,1096
2019-06-04,41,19:08:00,Tuesday,Old Weston / Rockwell,Investigation,12,27,N/B,9037
2019-06-04,37,19:14:00,Tuesday,Islington Station,Investigation,20,39,N/B,8094
2019-06-04,36,19:42:00,Tuesday,Humberwood Loop,Mechanical,8,16,E/B,9135
2019-06-04,112,19:43:00,Tuesday,Kipling Station,Mechanical,15,30,NB,8429
2019-06-04,65,21:06:00,Tuesday,Carlton and Parliament,Investigation,17,33,N/B,3114
2019-06-04,867,21:12:00,Tuesday,Eglinton and Dunfield,Investigation,13,26,E/B,8677
2019-06-04,24,21:23:00,Tuesday,Victoria Park Station,Utilized Off Route,9,18,S/B,8504
2019-06-04,84,21:46:00,Tuesday,Weston and Bradstock,Investigation,10,20,E/B,3355
2019-06-04,12,22:12:00,Tuesday,Victoria Park Station,Investigation,22,44,B/W,8962
2019-06-04,87,22:45:00,Tuesday,Main Station,Utilized Off Route,10,20,B/W,8932
2019-06-04,113,22:48:00,Tuesday,Main Station,Investigation,1,1,B/W,8953
2019-06-05,52,00:20:00,Wednesday,Lawrence and Pine,Emergency Services,18,36,E/B,8150
2019-06-05,807,01:00:00,Wednesday,St clair west stn,Utilized Off Route,1,1,S/B,8587
2019-06-05,89,01:08:00,Wednesday,Keele stn,Utilized Off Route,10,20,N/B,1105
2019-06-05,165,01:53:00,Wednesday,Barmac,Mechanical,16,32,S/B,3368
2019-06-05,39,02:25:00,Wednesday,Warden and Finch Ave,Mechanical,9,18,E/B,1721
2019-06-05,52,02:35:00,Wednesday,Glen Rush Blvd,Investigation,1,1,E/B,8195
2019-06-05,339,03:09:00,Wednesday,Midland and Finch Ave,Diversion,28,58,W/B,3406
2019-06-05,320,03:26:00,Wednesday,QueensQuay and Yonge,Utilized Off Route,4,8,N/B,1127
2019-06-05,320,03:42:00,Wednesday,QueensQuay and Yonge,Utilized Off Route,4,8,N/B,1011
2019-06-05,91,05:00:00,Wednesday,Eglinton Ave E & Bermondsey Rd - Sloane Ave,Diversion,1,1,BW,3101
2019-06-05,606,05:12:00,Wednesday,Victoria Park Station,Utilized Off Route,1,1,W/B,9239
2019-06-05,606,05:12:00,Wednesday,Birchmount Garage,Utilized Off Route,1,1,W/B,8950
2019-06-05,606,05:12:00,Wednesday,Birchmount Garage,Utilized Off Route,1,1,W/B,8511
2019-06-05,701,05:14:00,Wednesday,wilson stn,Utilized Off Route,0,0,E/B,1270
2019-06-05,701,05:14:00,Wednesday,wilson stn,Utilized Off Route,0,0,E/B,1226
2019-06-05,600,05:15:00,Wednesday,Keele Station,Utilized Off Route,1,1,S/B,1022
2019-06-05,600,05:15:00,Wednesday,Earlscourt Loop,Utilized Off Route,1,1,S/B,1006
2019-06-05,600,05:15:00,Wednesday,Jane and Eglinton,Utilized Off Route,1,1,S/B,1093
2019-06-05,710,05:18:00,Wednesday,Pape Stn,Utilized Off Route,1,1,W/B,8808
2019-06-05,709,05:18:00,Wednesday,Runnymede Station,Utilized Off Route,1,1,S/B,1037
2019-06-05,702,05:20:00,Wednesday,Kipling Station,Utilized Off Route,1,1,B/W,8023
2019-06-05,610,05:20:00,Wednesday,Victoria Park Stn,Utilized Off Route,1,1,W/B,8798
2019-06-05,501,05:35:00,Wednesday,Dufferin to Jarvis on Queen,Utilized Off Route,1,1,B/W,3423
2019-06-05,116,05:38:00,Wednesday,Staines Rd/Morningside Ave,Mechanical,20,23,N/B,8642
2019-06-05,79,05:42:00,Wednesday,S/B Scarlett road and Mountbatten Road,Investigation,10,20,S/B,1024
2019-06-05,600,05:45:00,Wednesday,Islington and Finch,Utilized Off Route,1,1,,3344
2019-06-05,600,05:48:00,Wednesday,Wilson station,Utilized Off Route,1,1,N/B,3222
2019-06-05,510,05:51:00,Wednesday,Dundas to Spadina Station on Spadina,Utilized Off Route,1,1,B/W,3519
2019-06-05,34,05:51:00,Wednesday,Eglinton STN,Mechanical,12,24,E/B,8807
2019-06-05,600,05:56:00,Wednesday,Dundas West Station,Mechanical,1,1,E/B,1093
2019-06-05,25,06:04:00,Wednesday,Freshmeadow/Don Mills,Vision,1,1,S/B,8907
2019-06-05,43,06:09:00,Wednesday,Kennedy Station,Utilized Off Route,10,20,N/B,8771
2019-06-05,709,06:21:00,Wednesday,Queen and Spadina,Utilized Off Route,1,1,E/B,1037
2019-06-05,63,06:26:00,Wednesday,Northumberland and Ossington,Mechanical,5,13,S/B,1219
2019-06-05,73,06:36:00,Wednesday,Royal York Station,Utilized Off Route,27,54,N/B,8077
2019-06-05,94,06:44:00,Wednesday,Castle Frank Station,Mechanical,13,26,W/B,1134
2019-06-05,43,06:55:00,Wednesday,Progress & Consentino,Investigation,10,20,W/B,8787
2019-06-05,47,07:00:00,Wednesday,Yorkdale Mall Terminal,General Delay,5,1,S/B,
2019-06-05,6,07:01:00,Wednesday,Sherbourn and Dockside,Mechanical,6,14,N/B,1016
2019-06-05,52,07:02:00,Wednesday,Lawrence station,Mechanical,22,40,W/B,8159
2019-06-05,11,07:18:00,Wednesday,sunny brook,Mechanical,15,30,N/B,1399
2019-06-05,42,07:20:00,Wednesday,Finch Station,Mechanical,12,24,,8388
2019-06-05,953,07:22:00,Wednesday,Staines and Steeles,Mechanical,13,27,W/B,9087
2019-06-05,995,07:26:00,Wednesday,Mccowan and Ellesmere,Mechanical,11,11,E/B,1232
2019-06-05,17,07:30:00,Wednesday,Birchmount Route,General Delay,15,22,BW,0
2019-06-05,24,07:30:00,Wednesday,Various intersections,General Delay,30,40,B/W,
2019-06-05,924,07:30:00,Wednesday,Various intersections,General Delay,25,35,B/W,
2019-06-05,62,07:30:00,Wednesday,Main station to Broadview Station,General Delay,10,15,B/W,
2019-06-05,127,07:35:00,Wednesday,Spadina Station,Mechanical,16,32,,1416
2019-06-05,6,07:57:00,Wednesday,Yorkville and Yonge,Diversion,56,64,B/W,
2019-06-05,131,08:00:00,Wednesday,131 Nugget Route-All Branch,General Delay,13,26,B/W,1336
2019-06-05,11,08:00:00,Wednesday,davisville stn / steeles,General Delay,7,18,B/W,
2019-06-05,143,08:00:00,Wednesday,Downtown - Beaches Express,General Delay,15,30,BW,0
2019-06-05,90,08:00:00,Wednesday,st clair wstn / oakwood,General Delay,4,7,B/W,
2019-06-05,75,08:00:00,Wednesday,queen quay / maple,General Delay,4,9,B/W,
2019-06-05,130,08:00:00,Wednesday,130 Middlefield Rd,General Delay,22,44,B/W,1652
2019-06-05,91,08:00:00,Wednesday,Woodbine North Route,General Delay,10,22,BW,0
2019-06-05,132,08:00:00,Wednesday,132 Milner Route-All Branch,General Delay,22,44,B/W,3645
2019-06-05,995,08:00:00,Wednesday,995 York Mills Express-All Branch,General Delay,15,30,B/W,3548
2019-06-05,64,08:00:00,Wednesday,Main Station to Queen and Wineva,General Delay,10,15,B/W,
2019-06-05,95,08:00:00,Wednesday,95 York Mills Route-All Branch,General Delay,10,20,B/W,3425
2019-06-05,16,08:00:00,Wednesday,McCowan Route,General Delay,10,22,BW,0
2019-06-05,102,08:00:00,Wednesday,Warden Station to Major Mac,General Delay,15,20,B/W,
2019-06-05,902,08:00:00,Wednesday,Warden Station to Sheppard and Progress,General Delay,10,15,B/W,
2019-06-05,92,08:30:00,Wednesday,Woodbine South Route,General Delay,10,18,BW,0
2019-06-05,110,08:38:00,Wednesday,Islington Station,Investigation,12,24,S/B,8414
2019-06-05,43,08:58:00,Wednesday,Progress Ave/Midland Ave,Diversion,32,42,E/B,
2019-06-05,61,09:00:00,Wednesday,Entire Route 61,General Delay,,,B/W,
2019-06-05,54,09:06:00,Wednesday,Lawrence & Underhill,Investigation,9,18,W/B,8748
2019-06-05,53,09:12:00,Wednesday,Finch Station,Mechanical,6,12,E/B,1713
2019-06-05,116,09:17:00,Wednesday,Eglinton Ave E/McCowan Rd,Investigation,6,13,W/B,8927
2019-06-05,53,09:25:00,Wednesday,Grandview and Steeles,Mechanical,6,11,W/B,1245
2019-06-05,41,09:32:00,Wednesday,Keele St at Toro,Mechanical,9,18,S/B,9055
2019-06-05,129,09:47:00,Wednesday,Scarborough Town Centre,Investigation,7,14,N/B,1707
2019-06-05,73,10:00:00,Wednesday,Kipling and Albion and Islington and Albion,General Delay,30,1,B/W,
2019-06-05,98,10:00:00,Wednesday,98 enitre route,General Delay,,,B/W,
2019-06-05,57,10:02:00,Wednesday,Midland Ave/Kilcullen Castle Gt,Investigation,13,26,N/B,8663
2019-06-05,94,10:09:00,Wednesday,Jarvis and Wellelsely,Mechanical,1,1,W/B,1038
2019-06-05,108,10:20:00,Wednesday,Driftwood & Jane,Diversion,60,70,B/W,3141
2019-06-05,17,10:24:00,Wednesday,Birchmount Road and McNicoll Ave,Diversion,80,93,NB,8582
2019-06-05,85,10:57:00,Wednesday,Markham and Sheppard,Mechanical,7,14,E/B,3459
2019-06-05,112,11:09:00,Wednesday,Westmall and Burnhamthorpe,Investigation,20,40,S/B,8099
2019-06-05,25,11:30:00,Wednesday,Don Mills Stn,Mechanical,8,16,N/B,8738
2019-06-05,129,11:53:00,Wednesday,Scarborough Town Centre,Investigation,7,14,N/B,3421
2019-06-05,83,12:00:00,Wednesday,Jones Route,General Delay,10,28,BW,0
2019-06-05,34,12:20:00,Wednesday,Grenoble & Spanbridge,Mechanical,10,20,W/B,8881
2019-06-05,11,12:27:00,Wednesday,bayview / millwood,Diversion,1,1,B/W,8211
2019-06-05,34,12:28:00,Wednesday,Eglinton & Don Mills,Mechanical,8,16,E/B,8666
2019-06-05,995,12:45:00,Wednesday,University of Toronto Bus Loop,Mechanical,15,30,W/B,3544
2019-06-05,36,12:51:00,Wednesday,Albion and Finch,Investigation,5,10,WB,9114
2019-06-05,56,12:54:00,Wednesday,Donlands Station,Mechanical,8,16,N/B,8346
2019-06-05,75,13:00:00,Wednesday,Lower Jarvis and Queens quay.,General Delay,16,24,B/W,
2019-06-05,87,13:00:00,Wednesday,main station,Utilized Off Route,1,1,S/B,9219
2019-06-05,116,13:10:00,Wednesday,Kennedy STN,Mechanical,10,20,E/B,8740
2019-06-05,607,13:22:00,Wednesday,Yonge and Bloor,Utilized Off Route,1,1,S/B,3517
2019-06-05,601,13:23:00,Wednesday,Wilson Station,Utilized Off Route,1,1,S/B,8312
2019-06-05,711,13:23:00,Wednesday,Eglinton station,Utilized Off Route,1,1,S/B,8321
2019-06-05,607,13:23:00,Wednesday,Sheppard and Brimley,Utilized Off Route,1,1,W/B,3543
2019-06-05,704,13:24:00,Wednesday,Wilson station,Utilized Off Route,,,EB,3278
2019-06-05,706,13:25:00,Wednesday,Warden Station,Utilized Off Route,1,1,S/B,8441
2019-06-05,606,13:27:00,Wednesday,Coxwell Station,Utilized Off Route,1,1,S/B,8515
2019-06-05,720,13:29:00,Wednesday,Eglinton station,Utilized Off Route,1,1,S/B,8807
2019-06-05,52,13:30:00,Wednesday,Lawrence West Station,Utilized Off Route,14,28,W/B,8167
2019-06-05,63,13:30:00,Wednesday,Queen and Ossington,Utilized Off Route,8,16,S/B,8163
2019-06-05,75,13:30:00,Wednesday,Gerrard and Sherbourne,Utilized Off Route,8,16,S/B,1204
2019-06-05,63,13:30:00,Wednesday,Queen and Ossington,Utilized Off Route,8,16,S/B,8163
2019-06-05,600,13:30:00,Wednesday,Dupont and Davenport,Utilized Off Route,1,1,B/W,1003
2019-06-05,33,13:30:00,Wednesday,St Clair West Station,Utilized Off Route,20,40,N/B,8327
2019-06-05,121,13:30:00,Wednesday,Cherry Beach,Utilized Off Route,20,40,W/B,8452
2019-06-05,600,13:30:00,Wednesday,Davenport and Dupont,Utilized Off Route,1,1,S/B,1003
2019-06-05,65,13:32:00,Wednesday,Castlefrank Station,Utilized Off Route,12,24,S/B,8549
2019-06-05,60,13:32:00,Wednesday,Finch Stn,Utilized Off Route,8,15,E/B,3313
2019-06-05,6,13:35:00,Wednesday,Queen and Bay,Utilized Off Route,11,22,N/B,1119
2019-06-05,25,13:35:00,Wednesday,Pape Stn,Utilized Off Route,9,18,N/B,8636
2019-06-05,37,13:38:00,Wednesday,Islington Station,Utilized Off Route,10,20,E/B,8607
2019-06-05,68,13:38:00,Wednesday,Warden Station,Utilized Off Route,10,20,N/B,8843
2019-06-05,709,13:38:00,Wednesday,Sherbourn and Dockside,Utilized Off Route,1,1,N/B,1037
2019-06-05,702,13:40:00,Wednesday,old mill stn,Utilized Off Route,1,1,S/B,8019
2019-06-05,100,13:41:00,Wednesday,BROADVIEW STATION,Utilized Off Route,6,12,N/B,8692
2019-06-05,925,13:42:00,Wednesday,Pape Stn,Utilized Off Route,10,20,N/B,8758
2019-06-05,62,13:44:00,Wednesday,Main Station,Mechanical,14,36,NB,8581
2019-06-05,75,13:44:00,Wednesday,Gerrard,Utilized Off Route,8,16,N/B,1204
2019-06-05,84,13:45:00,Wednesday,Sheppard Stn,Utilized Off Route,8,16,B/W,3328
2019-06-05,40,13:45:00,Wednesday,Dundas St West Station,Utilized Off Route,10,20,W/B,8608
2019-06-05,96,13:47:00,Wednesday,Yorkmills station,Utilized Off Route,20,40,W/B,3131
2019-06-05,94,13:50:00,Wednesday,Castle Frank Station,Utilized Off Route,6,12,W/B,1420
2019-06-05,45,13:50:00,Wednesday,Kipling Station,Utilized Off Route,10,20,N/B,8614
2019-06-05,36,13:51:00,Wednesday,Finch Stn,Utilized Off Route,1,1,,3354
2019-06-05,36,13:54:00,Wednesday,Finch and Jayzel,Investigation,5,10,E/B,3140
2019-06-05,96,14:00:00,Wednesday,Route 96,General Delay,,,B/W,
2019-06-05,165,14:00:00,Wednesday,Route 165,General Delay,19,27,19,
2019-06-05,996,14:00:00,Wednesday,route 996,General Delay,16,26,B/W,
2019-06-05,90,14:00:00,Wednesday,Oakwood to St clair west station,General Delay,12,20,B/W,
2019-06-05,11,14:00:00,Wednesday,Davisville station to Steeles,General Delay,22,36,B/W,
2019-06-05,118,14:00:00,Wednesday,Route 118,General Delay,20,45,B/W,
2019-06-05,134,14:00:00,Wednesday,STC to Ironside to Finchdene,General Delay,18,36,B/W,
2019-06-05,82,14:00:00,Wednesday,Rosedale station,General Delay,10,30,B/W,
2019-06-05,17,14:02:00,Wednesday,Birchmount Road and St. Clair Ave East,Investigation,13,27,NB,9235
2019-06-05,6,14:08:00,Wednesday,Bay and Queens Quay,General Delay,15,30,N/B,1354
2019-06-05,37,14:16:00,Wednesday,islington station,Mechanical,11,22,N/B,7978
2019-06-05,37,14:27:00,Wednesday,on islington just south of steeles,Investigation,18,32,N/B,8617
2019-06-05,74,14:39:00,Wednesday,,Utilized Off Route,19,38,,1222
2019-06-05,81,14:54:00,Wednesday,Thorncliffe Park / Pape Station,Mechanical,9,18,N/B,8495
2019-06-05,34,14:59:00,Wednesday,Eglinton station,Utilized Off Route,4,9,W/B,8766
2019-06-05,985,15:00:00,Wednesday,Don Mills to STC- Meadowvale.,General Delay,10,20,B/W,
2019-06-05,50,15:00:00,Wednesday,Islington and Bloor and Eastmall and Burnhamthorpe,General Delay,20,1,B/W,
2019-06-05,160,15:00:00,Wednesday,Wilson station to Carluke,General Delay,24,48,B/W,
2019-06-05,79,15:00:00,Wednesday,Scarlett Rd Route,General Delay,15,23,B/W,
2019-06-05,72,15:00:00,Wednesday,Pape Avenue / Pape Station,Utilized Off Route,292,302,S/B,8960
2019-06-05,87,15:00:00,Wednesday,Cosburn Avenue / Boardview Station,Utilized Off Route,324,330,E/B,8526
2019-06-05,29,15:00:00,Wednesday,Dufferin Route,General Delay,20,28,B/W,
2019-06-05,7,15:00:00,Wednesday,Bathrust station to Greenwin,General Delay,10,18,B/W,
2019-06-05,40,15:00:00,Wednesday,Entire Route,General Delay,15,1,B/W,
2019-06-05,707,15:00:00,Wednesday,STC,Utilized Off Route,1,1,B/W,3464
2019-06-05,719,15:00:00,Wednesday,Eglinton Stn,Utilized Off Route,1,1,B/W,1625
2019-06-05,102,15:00:00,Wednesday,Markham Road / Warden Station,General Delay,10,20,B/W,
2019-06-05,929,15:00:00,Wednesday,Dufferin Express Route,General Delay,20,30,B/W,
2019-06-05,72,15:00:00,Wednesday,Pape Avenue / Pape Station,General Delay,20,40,B/W,
2019-06-05,52,15:00:00,Wednesday,Jane to Lawrence West Stn,General Delay,360,1,B/W,
2019-06-05,45,15:00:00,Wednesday,Entire Route,General Delay,25,30,B/W,
2019-06-05,39,15:00:00,Wednesday,Scarborough Town Centre,General Delay,11,22,BW,3534
2019-06-05,939,15:00:00,Wednesday,Finc Station,General Delay,12,24,BW,3401
2019-06-05,6,15:01:00,Wednesday,Welesely and Bay,Investigation,7,14,S/B,1127
2019-06-05,165,15:01:00,Wednesday,Wilson & Avenue POD York Mills stn,Utilized Off Route,8,16,E/B,3242
2019-06-05,6,15:01:00,Wednesday,Yonge and Queens Quay,Utilized Off Route,9,18,S/B,1354
2019-06-05,88,15:02:00,Wednesday,,Utilized Off Route,6,12,,8198
2019-06-05,54,15:03:00,Wednesday,EGLINTON STATION,Utilized Off Route,9,19,E/B,8916
2019-06-05,59,15:03:00,Wednesday,Lawrence West Station,Utilized Off Route,15,30,E/B,3339
2019-06-05,39,15:05:00,Wednesday,Finch Station,Utilized Off Route,14,28,EB,1327
2019-06-05,89,15:05:00,Wednesday,Keele Station,Mechanical,11,22,N/B,
2019-06-05,32,15:05:00,Wednesday,Eglinton Stn,Utilized Off Route,10,20,S/B,1114
2019-06-05,94,15:07:00,Wednesday,Ossington Stn,Utilized Off Route,16,32,E/B,1038
2019-06-05,94,15:08:00,Wednesday,Ossington Stn,Utilized Off Route,16,32,E/B,1134
2019-06-05,110,15:09:00,Wednesday,Islington Station,Utilized Off Route,12,24,S/B,8023
2019-06-05,165,15:09:00,Wednesday,Wilson stn,Utilized Off Route,8,16,E/B,3128
2019-06-05,944,15:09:00,Wednesday,Colonel Sam Smith Loop,Utilized Off Route,12,24,N/B,8021
2019-06-05,52,15:10:00,Wednesday,Lawrence West Station,Utilized Off Route,13,20,E/B,8217
2019-06-05,35,15:10:00,Wednesday,Jane Stn,Utilized Off Route,10,20,N/B,3367
2019-06-05,704,15:10:00,Wednesday,Jane Station,Utilized Off Route,1,1,E/B,3217
2019-06-05,38,15:11:00,Wednesday,University of Toronto Scarborough Military Trail Loop,Mechanical,16,32,EB,1335
2019-06-05,32,15:23:00,Wednesday,Eglinton Stn,Mechanical,10,20,S/B,1008
2019-06-05,95,15:23:00,Wednesday,On York Mills Rd at York Mills Collegiate Institute.,Investigation,10,20,W/B,1316
2019-06-05,34,15:27:00,Wednesday,Eglinton station,Utilized Off Route,11,22,W/B,8881
2019-06-05,984,15:30:00,Wednesday,Entire 984 Sheppard Express Route Both Ways,General Delay,17,29,B/W,
2019-06-05,60,15:30:00,Wednesday,Entire 60 Steeles Route Bothways,General Delay,13,20,B/W,
2019-06-05,960,15:30:00,Wednesday,Entire 960 Steeles Express Route,General Delay,14,24,B/W,
2019-06-05,84,15:30:00,Wednesday,Entire 84 Sheppard West Route,General Delay,18,26,B/W,
2019-06-05,52,15:40:00,Wednesday,Lawrence West SStn,Mechanical,21,41,E/B,8334
2019-06-05,702,15:40:00,Wednesday,Old Mill Station,Utilized Off Route,1,1,B/W,8019
2019-06-05,122,15:45:00,Wednesday,York Mills Stn,Mechanical,11,23,E/B,8369
2019-06-05,73,15:52:00,Wednesday,Royal York Station,Mechanical,14,28,B/W,8434
2019-06-05,73,15:52:00,Wednesday,Oak and Weston Rd,Mechanical,14,28,sn,8027
2019-06-05,35,15:54:00,Wednesday,jane station,Investigation,5,15,S/B,3353
2019-06-05,66,16:00:00,Wednesday,Entire route,General Delay,20,1,B/W,
2019-06-05,51,16:00:00,Wednesday,entire route,General Delay,18,36,B/W,
2019-06-05,63,16:00:00,Wednesday,entire route,General Delay,6,12,B/W,
2019-06-05,34,16:00:00,Wednesday,Laird to Leslie,General Delay,30,35,B/W,
2019-06-05,100,16:00:00,Wednesday,Broadview Station to Don Mills/Wynford,General Delay,20,26,B/W,
2019-06-05,10,16:00:00,Wednesday,entire route,General Delay,10,20,B/W,
2019-06-05,952,16:00:00,Wednesday,Jane to Lawrence West Stn,General Delay,240,1,B/W,
2019-06-05,122,16:00:00,Wednesday,York Mills Stn to Leslie,General Delay,180,1,B/W,
2019-06-05,115,16:00:00,Wednesday,York mills stn to Leslie St,General Delay,240,1,B/W,
2019-06-05,45,16:00:00,Wednesday,Entire Route,General Delay,25,35,BW,8033
2019-06-05,56,16:00:00,Wednesday,lair and Eglinton to Millwood and overlea,General Delay,240,1,B/W,
2019-06-05,74,16:00:00,Wednesday,St clair station to Lawrence,General Delay,20,38,B/W,
2019-06-05,945,16:00:00,Wednesday,Entire Route,General Delay,40,50,BW,8435
2019-06-05,88,16:00:00,Wednesday,St clair station to Thorncliffe,General Delay,12,24,B/W,
2019-06-05,83,16:00:00,Wednesday,83 Jones,General Delay,10,1,B/W,
2019-06-05,41,16:00:00,Wednesday,Entire Route,General Delay,20,40,BW,
2019-06-05,89,16:00:00,Wednesday,Entire Route,General Delay,15,30,BW,
2019-06-05,161,16:00:00,Wednesday,Entire Route,General Delay,20,40,BW,
2019-06-05,127,16:00:00,Wednesday,Entire Route,General Delay,25,50,BW,
2019-06-05,143,16:00:00,Wednesday,143 Downtown Express,General Delay,30,1,B/W,
2019-06-05,604,16:12:00,Wednesday,York Mills stn,Utilized Off Route,,,W/B,3231
2019-06-05,12,16:12:00,Wednesday,Kennedy Station,Mechanical,17,34,S/B,3113
2019-06-05,939,16:14:00,Wednesday,Scarborough Town Centre,Mechanical,6,12,WB,341
2019-06-05,43,16:18:00,Wednesday,Kennedy & Progress,Investigation,15,30,E/B,8662
2019-06-05,12,16:30:00,Wednesday,"Kingston Road, Victoria Park to Kennedy Station",General Delay,40,57,B/W,
2019-06-05,924,16:30:00,Wednesday,"Victoria Park, VPST to STLP",General Delay,40,49,B/W,
2019-06-05,24,16:30:00,Wednesday,"Victoria Park , VPST to STLP",General Delay,36,45,B/W,
2019-06-05,41,16:45:00,Wednesday,Pioneer Village stn,Utilized Off Route,1,1,S/B,9104
2019-06-05,89,16:50:00,Wednesday,Keele stn,Utilized Off Route,9,18,N/B,1417
2019-06-05,46,16:52:00,Wednesday,Kipling Station,Utilized Off Route,11,22,N/B,3280
2019-06-05,79,16:52:00,Wednesday,Runnymede Station,Utilized Off Route,7,14,N/B,1267
2019-06-05,47,16:57:00,Wednesday,Caledonia and Eglinton,General Delay,13,26,N/B,1020
2019-06-05,142,17:00:00,Wednesday,Richmond and university to St.Clair,General Delay,150,1,B/W,
2019-06-05,41,17:00:00,Wednesday,Pioneer Village stn,Utilized Off Route,1,1,S/B,9102
2019-06-05,35,17:01:00,Wednesday,Pioneer Village Station,Mechanical,10,20,E/B,3157
2019-06-05,21,17:03:00,Wednesday,Scarborough Town Centre,Mechanical,11,22,SB,1663
2019-06-05,35,17:05:00,Wednesday,Jane station,Utilized Off Route,10,20,S/B,3170
2019-06-05,123,17:06:00,Wednesday,Sherway Gardens,Utilized Off Route,16,32,SB,8417
2019-06-05,59,17:10:00,Wednesday,Lawrence/Caledonia,Utilized Off Route,14,28,W/B,3178
2019-06-05,73,17:13:00,Wednesday,mimico and lakeshore,Utilized Off Route,14,28,N/B,8085
2019-06-05,960,17:13:00,Wednesday,Bathurst & Steeles,Investigation,10,20,E/B,3272
2019-06-05,6,17:15:00,Wednesday,Dupont and Davenport,Mechanical,13,26,S/B,1358
2019-06-05,41,17:20:00,Wednesday,Keele / Wilson,Mechanical,11,23,S/B,9102
2019-06-05,65,17:25:00,Wednesday,Berkeley St and Front St,Utilized Off Route,11,22,N/B,8532
2019-06-05,134,17:29:00,Wednesday,STC,Mechanical,18,36,E/B,1741
2019-06-05,35,17:34:00,Wednesday,Jane station,Emergency Services,10,20,S/B,3258
2019-06-05,929,17:39:00,Wednesday,Dufferin at Eglinton,Mechanical,10,20,S/B,9022
2019-06-05,26,17:45:00,Wednesday,Bathurst and Dupont,General Delay,20,40,W/B,1350
2019-06-05,116,17:45:00,Wednesday,Morningside/Danzig,Investigation,25,50,E/B,8901
2019-06-05,42,17:55:00,Wednesday,Finch Station,Utilized Off Route,7,15,E/B,8312
2019-06-05,98,18:08:00,Wednesday,Pecham sheppard,Mechanical,15,30,E/B,8368
2019-06-05,41,18:10:00,Wednesday,Keele / Wilson,Mechanical,11,23,N/B,9144
2019-06-05,68,18:12:00,Wednesday,Warden & Eglinton,Investigation,7,13,N/B,8682
2019-06-05,89,18:15:00,Wednesday,Keele stn,Mechanical,9,18,N/B,1018
2019-06-05,100,18:44:00,Wednesday,BROADVIEW STATION,Utilized Off Route,6,12,N/B,8694
2019-06-05,7,19:01:00,Wednesday,Sheppard and bathrust,Mechanical,7,15,N/B,8125
2019-06-05,133,19:05:00,Wednesday,STC,Mechanical,9,18,E/B,1548
2019-06-05,7,19:10:00,Wednesday,Bathrust station,Mechanical,7,15,N/B,1373
2019-06-05,60,19:37:00,Wednesday,Pioneer Village Stn,Mechanical,9,18,E/B,9129
2019-06-05,52,19:57:00,Wednesday,Weston and Lawrence,Mechanical,5,16,W/B,8328
2019-06-05,129,20:05:00,Wednesday,SLMC,Mechanical,6,12,S/B,3519
2019-06-05,60,20:38:00,Wednesday,Pioneer Village Stn,Mechanical,9,18,W/B,3256
2019-06-05,118,21:09:00,Wednesday,Tandridge & Albion,Mechanical,22,44,W/B,3153
2019-06-05,126,21:14:00,Wednesday,Christie at St Clair,Investigation,30,60,N/B,1273
2019-06-05,35,21:52:00,Wednesday,Northwest Gate/Howard Moscoe Way,Emergency Services,9,18,N/B,3204
2019-06-05,46,21:56:00,Wednesday,Kipling Stn,Mechanical,17,34,N/B,3206
2019-06-05,929,22:02:00,Wednesday,Dufferin at Davenport,Mechanical,10,20,N/B,9151
2019-06-05,65,22:34:00,Wednesday,Castle Frank Station,Emergency Services,16,32,B/W,8568
2019-06-05,6,23:10:00,Wednesday,Queens Quay and Jarvis,Diversion,90,115,N/B,1094
2019-06-06,102,00:51:00,Thursday,Markham and Select,Mechanical,10,20,N/B,8515
2019-06-06,41,01:38:00,Thursday,Keele / Lepage,Investigation,20,40,N/B,9143
2019-06-06,95,02:00:00,Thursday,York Mills and Don Mills,Mechanical,10,20,WB,1327
2019-06-06,300,02:00:00,Thursday,Danforth and Danforth,General Delay,30,60,BW,8423
2019-06-06,324,03:39:00,Thursday,Warden and Finch,Diversion,30,60,BW,8441
2019-06-06,91,05:00:00,Thursday,Eglitnon Ave East / Bermondsey Rd - Sloane Ave,Diversion,1,1,S/B,8519
2019-06-06,57,05:08:00,Thursday,Midland Ave/Steeles Ave E,Mechanical,1,1,S/B,8815
2019-06-06,300,05:15:00,Thursday,Teminal 3 - Kennedy Station,General Delay,20,40,B/W,
2019-06-06,102,05:20:00,Thursday,Warden Station,Mechanical,20,40,N/B,8445
2019-06-06,41,05:25:00,Thursday,Keele and Sheppard,Mechanical,1,1,S/B,9013
2019-06-06,41,05:30:00,Thursday,Keele and Sheppard,Mechanical,1,1,S/B,9013
2019-06-06,32,05:35:00,Thursday,Eglinton Station,Mechanical,7,14,W/B,1083
2019-06-06,77,05:50:00,Thursday,Runnymede Station,Mechanical,15,22,S/B,1103
2019-06-06,134,06:08:00,Thursday,STC,Mechanical,7,15,E/B,9093
2019-06-06,36,06:14:00,Thursday,hUMBERLINE,Mechanical,4,8,E/B,9108
2019-06-06,39,06:20:00,Thursday,Finch Station,Mechanical,5,10,E/B,3411
2019-06-06,116,06:27:00,Thursday,Kennedy STN,Utilized Off Route,12,24,EB,8829
2019-06-06,42,06:30:00,Thursday,Allen Road and Sheppard,Mechanical,12,24,N/B,8179
2019-06-06,17,06:32:00,Thursday,Warden Station,Mechanical,1,1,BW,8467
2019-06-06,56,06:38:00,Thursday,Brentcliffe/Eglinton,Mechanical,19,38,S/B,1373
2019-06-06,39,06:38:00,Thursday,Old Finch,Mechanical,1,1,W/B,1335
2019-06-06,12,06:39:00,Thursday,Birchmount / Danforth,Mechanical,1,1,B/W,8496
2019-06-06,953,06:46:00,Thursday,Middlefield and Steeles,Mechanical,1,1,W/B,9067
2019-06-06,929,06:47:00,Thursday,Wilson Station,Mechanical,9,18,W/B,9008
2019-06-06,169,07:00:00,Thursday,Commander and Brimley,Diversion,30,60,E/B,
2019-06-06,17,07:00:00,Thursday,Birchmount Route,General Delay,15,22,BW,0
2019-06-06,111,07:00:00,Thursday,,Mechanical,1,1,B/W,8403
2019-06-06,952,07:04:00,Thursday,Terminal 3,Mechanical,11,22,E/B,8122
2019-06-06,40,07:04:00,Thursday,Runnymede Loop,Mechanical,7,14,S/B,8050
2019-06-06,12,07:07:00,Thursday,Birchmount / Danforth,Mechanical,1,1,B/W,8935
2019-06-06,87,07:08:00,Thursday,Cosburn / Coxwell,Mechanical,1,1,B/W,9237
2019-06-06,54,07:09:00,Thursday,Lawrence and Bellamy,Mechanical,0,0,E/B,8702
2019-06-06,129,07:09:00,Thursday,Commander and McCowan,Diversion,22,37,S/B,
2019-06-06,939,07:10:00,Thursday,McCowan and Commandor drive,Diversion,28,33,S/B,1565
2019-06-06,84,07:10:00,Thursday,Sheppard and Jane,Vision,19,38,W/B,3131
2019-06-06,87,07:10:00,Thursday,BSTN,Mechanical,1,1,B/W,8932
2019-06-06,9,07:11:00,Thursday,Warden Station,Mechanical,1,1,BW,8473
2019-06-06,91,07:12:00,Thursday,Valley Woods,Mechanical,1,1,BW,8487
2019-06-06,53,07:16:00,Thursday,Maxome Ave and Steeles,Mechanical,1,1,E/B,1396
2019-06-06,25,07:24:00,Thursday,Don Mills/McNicoll,Mechanical,1,1,S/B,8731
2019-06-06,6,07:25:00,Thursday,Bay,Mechanical,1,1,S/B,1203
2019-06-06,6,07:25:00,Thursday,,Mechanical,1,1,,1203
2019-06-06,944,07:26:00,Thursday,Colonel Samuel Smith Loop,Mechanical,10,20,N/B,7967
2019-06-06,111,07:30:00,Thursday,Entire Route,General Delay,20,25,B/W,
2019-06-06,12,07:33:00,Thursday,Eglinton / Kingston,Mechanical,1,1,B/W,9207
2019-06-06,25,07:33:00,Thursday,Don Mills Stn,Mechanical,1,1,N/B,8724
2019-06-06,46,07:33:00,Thursday,Kipling station,Mechanical,13,26,N/B,3344
2019-06-06,23,07:36:00,Thursday,Rexdale and St.Clair,Mechanical,5,10,S/B,8515
2019-06-06,25,07:44:00,Thursday,Don Mills Stn,Mechanical,1,1,N/B,8867
2019-06-06,79,07:49:00,Thursday,Scarlett and Lawrence,Mechanical,1,1,W/B,1503
2019-06-06,925,07:52:00,Thursday,Don Mills/Mallard Dr,Investigation,8,16,S/B,8710
2019-06-06,102,07:52:00,Thursday,Warden Station,Mechanical,20,40,N/B,8565
2019-06-06,34,07:54:00,Thursday,Eglinton & Bermondsey,Mechanical,1,1,E/B,8738
2019-06-06,83,08:00:00,Thursday,Jones Route,General Delay,10,28,BW,0
2019-06-06,94,08:00:00,Thursday,Entire Route,General Delay,19,24,B/W,
2019-06-06,143,08:00:00,Thursday,Downtown - Beaches Express,General Delay,10,25,BW,0
2019-06-06,16,08:00:00,Thursday,McCowan Route,General Delay,10,22,BW,0
2019-06-06,100,08:00:00,Thursday,Overlea & Thorncliff Park W,Mechanical,1,1,S/B,8853
2019-06-06,6,08:00:00,Thursday,Entire route,General Delay,20,25,B/W,
2019-06-06,36,08:00:00,Thursday,Finch route,Mechanical,13,26,B/W,9126
2019-06-06,96,08:00:00,Thursday,Entire Route,Mechanical,1,1,B/W,3330
2019-06-06,32,08:02:00,Thursday,Keele and Eglinton,Mechanical,7,14,E/B,1010
2019-06-06,50,08:03:00,Thursday,Shaver Ave Burnamthope,Mechanical,1,1,E/B,8009
2019-06-06,34,08:05:00,Thursday,Eglinton & Don Mills,Mechanical,1,1,E/B,8756
2019-06-06,34,08:08:00,Thursday,Eglinton & Don Mills,Mechanical,1,1,E/B,8663
2019-06-06,925,08:09:00,Thursday,Freshmeadow/Don Mills,Mechanical,1,1,S/B,8694
2019-06-06,100,08:10:00,Thursday,Don Mills & Wynford,Mechanical,1,1,S/B,8805
2019-06-06,100,08:12:00,Thursday,Gateway & Don Mills,Mechanical,1,1,S/B,8868
2019-06-06,29,08:15:00,Thursday,Dufferin and princess gate,Mechanical,1,1,N/B,9037
2019-06-06,41,08:18:00,Thursday,Keele,Mechanical,1,1,S/B,9029
2019-06-06,89,08:18:00,Thursday,Weston,Mechanical,1,1,S/B,1281
2019-06-06,41,08:18:00,Thursday,Keele,Mechanical,1,1,S/B,9029
2019-06-06,32,08:19:00,Thursday,Kipling and Eglinton,Mechanical,1,1,W/B,1108
2019-06-06,161,08:19:00,Thursday,Rogers,Mechanical,1,1,W/B,1406
2019-06-06,89,08:19:00,Thursday,Weston/ Coutter,Investigation,6,12,S/B,1085
2019-06-06,32,08:20:00,Thursday,Dufferin and Eglinton,Mechanical,1,1,E/B,1044
2019-06-06,47,08:21:00,Thursday,Caledonia,Mechanical,1,1,N/B,1532
2019-06-06,39,08:21:00,Thursday,Don Mills on Finch,Mechanical,1,1,E/B,3518
2019-06-06,32,08:22:00,Thursday,Pine and Lawrewnce,Mechanical,1,1,E/B,1138
2019-06-06,94,08:23:00,Thursday,Wellesley,Mechanical,1,1,W/B,1004
2019-06-06,32,08:23:00,Thursday,Caledonia and Eglinton,Mechanical,1,1,W/B,1202
2019-06-06,41,08:23:00,Thursday,Keele,Mechanical,1,1,W/B,9047
2019-06-06,43,08:24:00,Thursday,Kennedy and Ellesmere,Mechanical,0,0,N/B,8860
2019-06-06,29,08:24:00,Thursday,Dufferin,Mechanical,1,1,S/B,9036
2019-06-06,47,08:25:00,Thursday,Lansdowne,Mechanical,1,1,N/B,1013
2019-06-06,32,08:25:00,Thursday,Eglinton Station,Mechanical,1,1,E/B,1562
2019-06-06,32,08:25:00,Thursday,Jane and Eglinton,Mechanical,1,1,E/B,1018
2019-06-06,126,08:26:00,Thursday,Christie,Mechanical,1,1,S/B,1516
2019-06-06,32,08:27:00,Thursday,bathurst and Eglinton,Mechanical,1,1,W/B,1586
2019-06-06,79,08:27:00,Thursday,Scarlett,Mechanical,1,1,S/B,1360
2019-06-06,26,08:28:00,Thursday,Dupont,Mechanical,1,1,W/B,1417
2019-06-06,53,08:28:00,Thursday,Finch Station,Mechanical,5,11,E/B,3415
2019-06-06,67,08:29:00,Thursday,Victoria Park Stn,Mechanical,1,1,S/B,8902
2019-06-06,29,08:29:00,Thursday,Dufferin,Mechanical,1,1,S/B,9148
2019-06-06,23,08:30:00,Thursday,Main Station to Rexdale,General Delay,10,15,B/W,
2019-06-06,902,08:30:00,Thursday,warden Station to Progress and Sheppard,General Delay,10,15,B/W,
2019-06-06,63,08:30:00,Thursday,Ossington and College,Mechanical,10,20,N/B,8117
2019-06-06,64,08:30:00,Thursday,Main Station to Queen and Wineva,General Delay,10,15,B/W,
2019-06-06,102,08:30:00,Thursday,Warden Station to Major Mac,General Delay,15,20,B/W,
2019-06-06,29,08:31:00,Thursday,Dufferin,Mechanical,1,1,N/B,9150
2019-06-06,905,08:33:00,Thursday,Scarborough College Loop,Mechanical,1,1,S/B,8688
2019-06-06,32,08:33:00,Thursday,Eglinton west Station,Mechanical,1,1,W/B,1092
2019-06-06,168,08:33:00,Thursday,Symington,Mechanical,1,1,S/B,1141
2019-06-06,89,08:34:00,Thursday,Weston,Mechanical,1,1,S/B,1102
2019-06-06,71,08:35:00,Thursday,Runnymede Station,Mechanical,1,1,S/B,1030
2019-06-06,168,08:35:00,Thursday,Symington,Mechanical,1,1,S/B,1029
2019-06-06,6,08:36:00,Thursday,Bay,Mechanical,1,1,S/B,1354
2019-06-06,69,08:39:00,Thursday,Kingston / Warden,Mechanical,1,1,B/W,8563
2019-06-06,42,08:40:00,Thursday,McNicoll and shady grove,Mechanical,12,24,W/B,8321
2019-06-06,12,08:40:00,Thursday,Bingham Loop,Mechanical,1,1,B/W,8480
2019-06-06,25,08:40:00,Thursday,Pape Stn,Mechanical,1,1,S/B,8802
2019-06-06,22,08:40:00,Thursday,Gerrard,Mechanical,8,16,S/B,8481
2019-06-06,54,08:42:00,Thursday,Rouge Hill Go Station,Mechanical,9,18,W/B,8901
2019-06-06,989,08:44:00,Thursday,Weston,Mechanical,1,1,N/B,1146
2019-06-06,89,08:50:00,Thursday,Weston,Mechanical,1,1,N/B,1273
2019-06-06,939,08:58:00,Thursday,McCowan and Sheppard,Mechanical,1,1,W/B,1308
2019-06-06,92,08:58:00,Thursday,Eglinton / Victoria Park,Mechanical,1,1,B/W,8456
2019-06-06,32,08:59:00,Thursday,Spadina and Eglinton,Mechanical,1,1,W/B,1125
2019-06-06,12,09:00:00,Thursday,Kingston / Brimley,Mechanical,1,1,B/W,8582
2019-06-06,43,09:02:00,Thursday,Scarborough Town Center Station,Mechanical,0,0,W/B,8768
2019-06-06,925,09:03:00,Thursday,Don Mills/Overlea,Mechanical,1,1,S/B,8797
2019-06-06,41,09:03:00,Thursday,Keele,Mechanical,1,1,N/B,9028
2019-06-06,57,09:03:00,Thursday,Midland Ave/Steeles Ave E,Mechanical,1,1,S/B,8929
2019-06-06,86,09:05:00,Thursday,Kennedy STN,Mechanical,1,1,E/B,8914
2019-06-06,161,09:05:00,Thursday,Rogers,Mechanical,1,1,S/B,1021
2019-06-06,41,09:05:00,Thursday,Broadoaks/ Keele,Mechanical,10,19,S/B,29
2019-06-06,32,09:07:00,Thursday,Emmett,Mechanical,1,1,E/B,1135
2019-06-06,68,09:07:00,Thursday,Warden and Eglinton,Investigation,5,11,N/B,8895
2019-06-06,112,09:07:00,Thursday,,Mechanical,1,1,B/W,8090
2019-06-06,168,09:10:00,Thursday,Symington,Mechanical,1,1,N/B,1269
2019-06-06,94,09:13:00,Thursday,Wellesley,Mechanical,1,1,W/B,1106
2019-06-06,32,09:15:00,Thursday,Eglinton and Avenue road,Mechanical,1,1,E/B,1410
2019-06-06,29,09:17:00,Thursday,Dufferin,Mechanical,1,1,S/B,9022
2019-06-06,989,09:18:00,Thursday,Weston,Mechanical,1,1,N/B,1094
2019-06-06,996,09:19:00,Thursday,York Mills Station,Investigation,11,22,W/B,3293
2019-06-06,77,09:19:00,Thursday,Swansea,Mechanical,1,1,N/B,1099
2019-06-06,14,09:20:00,Thursday,Glencarin,Mechanical,1,1,E/B,1028
2019-06-06,95,09:20:00,Thursday,York Mills Station,Investigation,20,37,E/B,1724
2019-06-06,95,09:22:00,Thursday,Ellesmere Rd/ Warden,Mechanical,8,16,E/B,3535
2019-06-06,29,09:22:00,Thursday,Dundas and Dufferin,Investigation,7,15,W/B,9142
2019-06-06,986,09:24:00,Thursday,Kennedy STN,Mechanical,1,1,E/B,8769
2019-06-06,32,09:25:00,Thursday,Dufferin and Eglinton,Mechanical,1,1,W/B,1072
2019-06-06,43,09:27:00,Thursday,Kennedy and Ellesmere,Mechanical,0,0,N/B,8745
2019-06-06,984,09:28:00,Thursday,Bathurst & Sheppard,Mechanical,1,1,B/W,3324
2019-06-06,929,09:28:00,Thursday,Dufferin,Mechanical,1,1,N/B,9100
2019-06-06,161,09:29:00,Thursday,Roegrs,Mechanical,1,1,S/B,1112
2019-06-06,20,09:30:00,Thursday,Kennedy Station,Mechanical,1,1,B/W,8536
2019-06-06,52,09:30:00,Thursday,Morning star/ Manion rd,Investigation,20,41,E/B,8191
2019-06-06,79,09:31:00,Thursday,Runnymede Station,Mechanical,9,17,W/B,1503
2019-06-06,985,09:32:00,Thursday,Midland and Sheppard,Mechanical,1,1,W/B,9099
2019-06-06,46,09:40:00,Thursday,Johm garland,Investigation,19,38,S/B,3201
2019-06-06,15,09:40:00,Thursday,Royal York Evans,Mechanical,1,1,N/B,8048
2019-06-06,116,09:40:00,Thursday,Morningside Ave/nightstar Rd,Mechanical,1,1,S/B,8774
2019-06-06,91,09:42:00,Thursday,Woodbine Station,Mechanical,1,1,BW,8488
2019-06-06,122,09:45:00,Thursday,Graydon Hall/Leslie,General Delay,330,375,B/W,
2019-06-06,43,09:46:00,Thursday,Kennedy and McNicoll,Mechanical,0,0,S/B,8715
2019-06-06,54,09:52:00,Thursday,Starspray Loop,Mechanical,11,23,W/B,8704
2019-06-06,29,09:53:00,Thursday,Dufferin,Mechanical,1,1,N/B,9051
2019-06-06,21,09:56:00,Thursday,Scarborough Town Centre to Brimley loop,Mechanical,1,1,N/B,1588
2019-06-06,69,10:00:00,Thursday,Warden Station,Mechanical,1,1,B/W,9235
2019-06-06,29,10:03:00,Thursday,Dufferin,Mechanical,1,1,N/B,9150
2019-06-06,161,10:09:00,Thursday,Rogers,Mechanical,1,1,S/B,1089
2019-06-06,72,10:15:00,Thursday,Rivedale and Pape,Investigation,19,36,S/B,8462
2019-06-06,79,10:19:00,Thursday,Scarlett,Mechanical,1,1,W/B,1039
2019-06-06,925,10:25:00,Thursday,Freshmeadow/Don Mills,Mechanical,1,1,S/B,8794
2019-06-06,32,10:34:00,Thursday,Marlee and Eglinton,Mechanical,1,1,E/B,1135
2019-06-06,116,10:39:00,Thursday,Morningside Ave/Nightstar Rd,Mechanical,1,1,S/B,8700
2019-06-06,29,10:39:00,Thursday,Dufferin,Mechanical,1,1,N/B,9150
2019-06-06,73,10:43:00,Thursday,Royal York/ Finch,Mechanical,1,1,S/B,8076
2019-06-06,110,10:44:00,Thursday,Long Branch Loop,Mechanical,1,1,N/B,8404
2019-06-06,60,10:53:00,Thursday,Steeles & Alness,Mechanical,1,1,58936,3267
2019-06-06,6,10:58:00,Thursday,Sewells Rd/McClevin,Diversion,17,47,W/B,3527
2019-06-06,105,11:00:00,Thursday,Dufferin and Finch,General Delay,1,1,B/W,
2019-06-06,29,11:00:00,Thursday,Bridgeland and Dufferin,General Delay,25,34,B/W,
2019-06-06,132,11:15:00,Thursday,Sewells Rd/McLevin,Diversion,1,1,W/B,3527
2019-06-06,85,11:17:00,Thursday,Don Mills Station,Mechanical,7,21,E/B,1401
2019-06-06,87,11:17:00,Thursday,Main Station,Mechanical,1,1,B/W,8556
2019-06-06,89,11:20:00,Thursday,St.Clair,Mechanical,10,20,S/B,1069
2019-06-06,12,11:44:00,Thursday,Hollis Ave and Birchmount Road,Mechanical,22,44,SB,8574
2019-06-06,24,11:45:00,Thursday,Steeles and VP Loop,Investigation,9,18,S/B,8497
2019-06-06,76,11:51:00,Thursday,QUEENSWAY/ROYAL YORK,Mechanical,1,1,N/B,8076
2019-06-06,925,11:55:00,Thursday,Don Mills Stn,Mechanical,10,20,S/B,8854
2019-06-06,38,11:59:00,Thursday,Ellesmere and Markham,Investigation,16,32,E/B,3447
2019-06-06,32,12:02:00,Thursday,Eglinton West Stn.,Mechanical,11,22,E/B,1125
2019-06-06,133,12:24:00,Thursday,Tapscott and Neilson,Diversion,56,67,S/B,
2019-06-06,86,12:25:00,Thursday,Kingston/Scarborough Golf Club,Emergency Services,10,19,E/B,8816
2019-06-06,131,12:36:00,Thursday,Mclevin Ave/Neilson Rd,Diversion,60,73,B/W,1657
2019-06-06,92,13:00:00,Thursday,Woodbine South Route,General Delay,10,18,BW,0
2019-06-06,944,13:12:00,Thursday,Kipling Station,Mechanical,11,22,S/B,8611
2019-06-06,93,13:28:00,Thursday,Hackberry St and Woodbine Heights Blvd,Diversion,1,1,EB,8474
2019-06-06,17,13:31:00,Thursday,Warden Station,Mechanical,1,1,BW,3107
2019-06-06,70,13:40:00,Thursday,Craighton/Pharmacy,Mechanical,1,1,S/B,8735
2019-06-06,130,13:43:00,Thursday,Scarborough Town center,Mechanical,1,1,N/B,1748
2019-06-06,63,13:50:00,Thursday,King and Shaw,Mechanical,9,18,S/B,1275
2019-06-06,6,13:53:00,Thursday,Bay at King,Investigation,11,22,S/B,1625
2019-06-06,165,13:59:00,Thursday,Weston and Bradstock,Mechanical,10,20,N/B,3262
2019-06-06,90,14:00:00,Thursday,Oakwood to St clair west,General Delay,8,16,B/W,
2019-06-06,11,14:00:00,Thursday,Eglinto and Bathrust,General Delay,14,28,B/W,
2019-06-06,6,14:00:00,Thursday,Bay Route,General Delay,20,27,B/W,
2019-06-06,47,14:00:00,Thursday,Lansdowne Route,General Delay,20,33,B/W,
2019-06-06,82,14:00:00,Thursday,Cresent road bridge,General Delay,10,30,B/W,
2019-06-06,29,14:00:00,Thursday,Dufferin and Dundas,Diversion,60,68,N/B,
2019-06-06,939,14:00:00,Thursday,939 Finch Express-All Branch,General Delay,15,30,B/W,1559
2019-06-06,75,14:00:00,Thursday,Lower jarvis and Queens quay,General Delay,10,18,N/B,
2019-06-06,39,14:00:00,Thursday,39 Finch Route-All Branch,General Delay,16,32,B/W,1255
2019-06-06,160,14:00:00,Thursday,Stteles and Bathrust,General Delay,24,48,B/W,
2019-06-06,25,14:05:00,Thursday,pape station,Mechanical,6,12,N/B,8778
2019-06-06,43,14:10:00,Thursday,Kennedy staion,Mechanical,1,1,,8680
2019-06-06,108,14:14:00,Thursday,Sheppard West Stn,Mechanical,10,20,N/B,3139
2019-06-06,54,14:15:00,Thursday,Lawrance Ave East,General Delay,35,48,B/W,
2019-06-06,53,14:15:00,Thursday,MALVERN GARAGE,Mechanical,1,1,,9059
2019-06-06,68,14:15:00,Thursday,Warden Ave Both ways,General Delay,25,51,B/W,
2019-06-06,6,14:20:00,Thursday,Bay at Bloor,Mechanical,9,18,S/B,1254
2019-06-06,9,14:20:00,Thursday,Warden Statioin,Mechanical,1,1,BW,8473
2019-06-06,6,14:24:00,Thursday,Queen's Quay at Yonge,Investigation,11,22,N/B,1358
2019-06-06,129,14:29:00,Thursday,MALVERN GARAGE,Mechanical,1,1,,3526
2019-06-06,41,14:30:00,Thursday,"Keele/ Eglinton, Wilson",General Delay,18,18,B/W,9040
2019-06-06,54,14:39:00,Thursday,Lawrence and Bayview,Mechanical,1,1,,8830
2019-06-06,54,14:39:00,Thursday,Lawrence and Bellamy,Investigation,9,18,W/B,8721
2019-06-06,129,14:40:00,Thursday,STC,Mechanical,12,29,N/B,1566
2019-06-06,75,14:42:00,Thursday,Bloor and Sherboune,Mechanical,1,1,N/B,8199
2019-06-06,905,14:48:00,Thursday,Kingston Rd at Saunders Rd,Investigation,10,19,W/B,8916
2019-06-06,32,14:52:00,Thursday,Presto Card,Mechanical,1,1,W/B,1269
2019-06-06,7,15:00:00,Thursday,Steeles and Bathrust,General Delay,10,18,B/W,
2019-06-06,165,15:00:00,Thursday,York Mills Station to Barmac and Steeles,General Delay,28,36,B/W,
2019-06-06,24,15:00:00,Thursday,24 Victoria Park Ave,General Delay,15,1,B/W,
2019-06-06,96,15:00:00,Thursday,York Mills Station to all branches,General Delay,40,60,B/W,
2019-06-06,118,15:00:00,Thursday,Wilson Station to Thistledown and Albion,General Delay,45,70,B/W,
2019-06-06,996,15:00:00,Thursday,York Mills Station to Humber College,General Delay,31,42,B/W,
2019-06-06,12,15:00:00,Thursday,12 Kingston Road,General Delay,10,1,,
2019-06-06,165,15:07:00,Thursday,Barmac and Steeles,Investigation,10,20,E/B,3288
2019-06-06,939,15:15:00,Thursday,Warden and Finch,Emergency Services,9,18,W/B,1565
2019-06-06,110,15:15:00,Thursday,Horner & Fima Crescent,Diversion,96,120,B/W,
2019-06-06,116,15:18:00,Thursday,,Mechanical,1,1,,8646
2019-06-06,40,15:25:00,Thursday,HUMBERSIDE/DUNDAS,Investigation,8,15,N/B,8005
2019-06-06,30,15:30:00,Thursday,High Park Station to Kipling Station,General Delay,15,37,B/W,
2019-06-06,45,15:30:00,Thursday,Kipling Station to Steeles and Disco and Attwell,General Delay,15,25,B/W,
2019-06-06,924,15:33:00,Thursday,Steeles Loop,Mechanical,9,18,B/W,9227
2019-06-06,924,15:35:00,Thursday,Farm Green way,Investigation,9,18,B/W,8562
2019-06-06,60,15:46:00,Thursday,Signal Hill and Steeles,Utilized Off Route,8,16,E/B,3161
2019-06-06,95,15:46:00,Thursday,York Mills rd/ Leslie Street,General Delay,10,20,B/W,3461
2019-06-06,995,15:47:00,Thursday,995 York Mills Express Bus,General Delay,15,30,B/W,1337
2019-06-06,89,15:54:00,Thursday,Keele stn,Investigation,8,17,S/B,1420
2019-06-06,52,15:55:00,Thursday,Pine and Lawrence Ave,Investigation,7,21,E/B,8218
2019-06-06,88,15:55:00,Thursday,88 route bothways,General Delay,16,22,B/W,
2019-06-06,32,15:57:00,Thursday,Presto Card Reader,Mechanical,1,1,E/B,1063
2019-06-06,953,16:00:00,Thursday,Finch Station- Markham - Morningside,General Delay,15,30,B/W,
2019-06-06,124,16:00:00,Thursday,entire route 124- bothways,General Delay,,,B/W,
2019-06-06,104,16:00:00,Thursday,Entire Route,General Delay,1,1,B/W,
2019-06-06,51,16:00:00,Thursday,Entire Route,General Delay,1,1,B/W,
2019-06-06,117,16:00:00,Thursday,Entire Route,General Delay,1,1,B/W,
2019-06-06,86,16:00:00,Thursday,,Mechanical,1,1,,8914
2019-06-06,89,16:00:00,Thursday,Entire Route,General Delay,15,30,BW,
2019-06-06,161,16:00:00,Thursday,Entire Route,General Delay,20,40,BW,
2019-06-06,34,16:00:00,Thursday,Eglinton Station to Kennedy Station,General Delay,20,26,B/W,
2019-06-06,41,16:00:00,Thursday,Entire Route,General Delay,20,40,BW,
2019-06-06,100,16:00:00,Thursday,Broadview Station to Don Mills/Wynford,General Delay,150,21,B/W,
2019-06-06,53,16:00:00,Thursday,Passmore to Finch Station,General Delay,6,11,B/W,
2019-06-06,54,16:00:00,Thursday,Lawrence and Don Mills,Mechanical,1,1,,8808
2019-06-06,952,16:00:00,Thursday,Dufferin to Keele,General Delay,180,200,B/W,
2019-06-06,63,16:00:00,Thursday,Entire Route,General Delay,1,1,B/W,
2019-06-06,106,16:00:00,Thursday,Entire Route,General Delay,1,1,B/W,
2019-06-06,56,16:00:00,Thursday,Laird and Eglinton to Millwood and Overlea,General Delay,240,260,B/W,
2019-06-06,127,16:00:00,Thursday,Entire Route,General Delay,25,50,BW,
2019-06-06,102,16:18:00,Thursday,St Clair and Kingston,General Delay,14,28,B/W,8515
2019-06-06,12,16:19:00,Thursday,Warden Ave,Mechanical,1,1,B/W,8436
2019-06-06,6,16:23:00,Thursday,Bay Route,Mechanical,1,1,S/B,1553
2019-06-06,165,16:23:00,Thursday,Weston and Bradstock,Investigation,8,16,S/B,3352
2019-06-06,7,16:26:00,Thursday,Bathrust station,Mechanical,8,16,N/B,8193
2019-06-06,115,16:30:00,Thursday,York Mills Stn to Leslie,General Delay,180,200,B/W,
2019-06-06,935,16:30:00,Thursday,Jane/Firgrove,Diversion,25,35,B/W,
2019-06-06,35,16:30:00,Thursday,Jane/Firgrove Crescent,Diversion,25,35,B/W,
2019-06-06,108,16:30:00,Thursday,Pioneer Village to Sheppard West,General Delay,20,25,B/W,
2019-06-06,36,16:30:00,Thursday,Jane and Finch,General Delay,6,12,B/W,9120
2019-06-06,122,16:30:00,Thursday,Bayview to Leslie,General Delay,180,200,B/W,
2019-06-06,32,16:39:00,Thursday,Presto Card,Mechanical,1,1,W/B,1042
2019-06-06,143,16:43:00,Thursday,Adelaide and Simcoe to Neville Loop,General Delay,30,45,B/W,
2019-06-06,130,16:45:00,Thursday,130 Middlefield RD,General Delay,15,31,B/W,1607
2019-06-06,134,16:45:00,Thursday,"Finchdene, Ironside to STC",General Delay,18,36,B/W,
2019-06-06,7,16:45:00,Thursday,Bathrust and Wilson,Mechanical,11,1,N/B,8300
2019-06-06,165,16:49:00,Thursday,Weston and Walsh,Mechanical,8,16,E/B,3353
2019-06-06,129,16:49:00,Thursday,Bur Oak/ Mccowan,Investigation,17,34,S/B,1573
2019-06-06,52,16:54:00,Thursday,lawrence West Stn,Mechanical,1,1,W/B,8173
2019-06-06,100,16:56:00,Thursday,Deauville Ln/St. Dennis,Investigation,6,12,N/B,8692
2019-06-06,47,16:57:00,Thursday,Lansdowne at Davenport,Investigation,6,12,N/B,1076
2019-06-06,939,16:57:00,Thursday,Morningside and Oasis Blvd,Mechanical,12,24,W/B,3515
2019-06-06,59,17:00:00,Thursday,From Weston Road to Lawrence West Station,General Delay,15,29,B/W,
2019-06-06,70,17:10:00,Thursday,Coxwell and O'Connor,Mechanical,1,1,,8815
2019-06-06,52,17:13:00,Thursday,Braecrest and The Westway,Diversion,93,100,W/B,
2019-06-06,985,17:18:00,Thursday,STC,Mechanical,12,24,W/B,9086
2019-06-06,60,17:24:00,Thursday,Steeles & Fenmar,Mechanical,1,1,E/B,9121
2019-06-06,34,17:25:00,Thursday,,Mechanical,1,1,,8702
2019-06-06,85,17:25:00,Thursday,DONS,Mechanical,18,36,E/B,3433
2019-06-06,25,17:25:00,Thursday,,Mechanical,1,1,,8751
2019-06-06,116,17:25:00,Thursday,,Mechanical,1,1,,8628
2019-06-06,116,17:25:00,Thursday,,Mechanical,1,1,,8780
2019-06-06,116,17:25:00,Thursday,,Mechanical,1,1,,8700
2019-06-06,86,17:25:00,Thursday,,Mechanical,1,1,,8739
2019-06-06,34,17:26:00,Thursday,,Mechanical,1,1,,8756
2019-06-06,116,17:26:00,Thursday,,Mechanical,1,1,,8705
2019-06-06,6,17:27:00,Thursday,Bay Route,Mechanical,1,1,S/B,1028
2019-06-06,925,17:28:00,Thursday,Don Mills and Eglinton,Mechanical,1,1,,8794
2019-06-06,100,17:28:00,Thursday,,Mechanical,1,1,,8848
2019-06-06,54,17:29:00,Thursday,Lawrence and Kennedy,Mechanical,1,1,,8835
2019-06-06,34,17:29:00,Thursday,,Mechanical,1,1,,8629
2019-06-06,905,17:30:00,Thursday,,Mechanical,1,1,,8781
2019-06-06,25,17:30:00,Thursday,Pape and Cosburn,Mechanical,1,1,,8807
2019-06-06,34,17:31:00,Thursday,,Mechanical,1,1,,8790
2019-06-06,905,17:34:00,Thursday,,Mechanical,1,1,,8712
2019-06-06,7,17:36:00,Thursday,Bathrust and Glencarin,Investigation,8,16,N/B,8381
2019-06-06,73,17:37:00,Thursday,,Mechanical,1,1,W/B,7972
2019-06-06,57,17:38:00,Thursday,,Mechanical,1,1,,8852
2019-06-06,100,17:39:00,Thursday,,Mechanical,1,1,,8853
2019-06-06,35,17:40:00,Thursday,Driftwood/Grandravine,Investigation,10,20,S/B,3504
2019-06-06,116,17:40:00,Thursday,,Mechanical,1,1,,8885
2019-06-06,66,17:40:00,Thursday,,Mechanical,1,1,W/B,8084
2019-06-06,75,17:40:00,Thursday,Bloor and sherboune,Mechanical,1,1,N/B,8185
2019-06-06,131,17:44:00,Thursday,131 Nugget Route,General Delay,13,26,B/W,1720
2019-06-06,25,17:46:00,Thursday,Don Mills and Eglinton,Mechanical,1,1,,8648
2019-06-06,43,17:48:00,Thursday,,Mechanical,1,1,,8715
2019-06-06,77,17:48:00,Thursday,Co Hill Drive,Mechanical,1,1,W/B,1348
2019-06-06,116,17:52:00,Thursday,,Mechanical,1,1,,8925
2019-06-06,54,17:55:00,Thursday,Lawrence and Leslie,Mechanical,1,1,,8830
2019-06-06,145,17:55:00,Thursday,,Mechanical,1,1,W/B,8093
2019-06-06,6,18:00:00,Thursday,Bay Route,Mechanical,1,1,S/B,1354
2019-06-06,67,18:03:00,Thursday,Victoria Park Station,Investigation,10,20,N/B,8765
2019-06-06,986,18:04:00,Thursday,,Mechanical,1,1,,8809
2019-06-06,6,18:11:00,Thursday,Davenport at Dupont,Mechanical,6,12,N/B,1354
2019-06-06,52,18:12:00,Thursday,Scarlet and Lawrence,Mechanical,14,27,E/B,8123
2019-06-06,144,18:15:00,Thursday,Bay and Richmond,Mechanical,1,1,,8736
2019-06-06,84,18:19:00,Thursday,Pioneer Village Station,Mechanical,26,26,E/B,3208
2019-06-06,25,18:34:00,Thursday,,Mechanical,1,1,,8626
2019-06-06,12,18:43:00,Thursday,Victoria Park Ave,Mechanical,17,34,B/W,9205
2019-06-06,64,18:47:00,Thursday,Wineva and Airport,Mechanical,20,40,N/B,9229
2019-06-06,34,19:17:00,Thursday,,Mechanical,1,1,,8856
2019-06-06,32,19:24:00,Thursday,Front Presto,Mechanical,0,0,E/B,1063
2019-06-06,71,19:26:00,Thursday,Presto,Mechanical,0,0,E/B,1416
2019-06-06,71,19:26:00,Thursday,Presto,Mechanical,0,0,E/B,1416
2019-06-06,77,19:31:00,Thursday,Presto,Mechanical,1,1,E/B,1409
2019-06-06,94,19:39:00,Thursday,Wellesley at Jarvis,Investigation,9,18,W/B,1004
2019-06-06,935,19:40:00,Thursday,Jane/Finch,Mechanical,12,22,S/B,3126
2019-06-06,35,19:45:00,Thursday,Bloor/Armadale,Investigation,9,18,S/B,3148
2019-06-06,96,19:54:00,Thursday,John Garland and Kipling,Investigation,22,44,W/B,3163
2019-06-06,123,20:00:00,Thursday,"On Evans, at Brown's Line",Diversion,354,368,B/W,
2019-06-06,71,20:30:00,Thursday,Presto Card,Mechanical,0,0,E/B,1030
2019-06-06,52,20:30:00,Thursday,Dufferin to Keele,General Delay,270,280,B/W,
2019-06-06,84,20:40:00,Thursday,Sheppard and Maxwell,Diversion,5,14,B/W,1207
2019-06-06,984,20:40:00,Thursday,Sheppard at Maxwell,Diversion,5,13,BW,3244
2019-06-06,168,20:45:00,Thursday,Davenport at Uxbridge Ave,Emergency Services,11,22,N/B,1000
2019-06-06,36,20:47:00,Thursday,Humberwood Blvd and Humberline Dr,Investigation,8,16,W/B,9134
2019-06-06,40,21:22:00,Thursday,Dundas West Station,Investigation,12,24,N/B,8090
2019-06-06,51,21:36:00,Thursday,Leslie and Steels,Diversion,1,1,B/W,
2019-06-06,26,22:09:00,Thursday,Dupont Route,Mechanical,1,1,S/B,1016
2019-06-06,985,22:10:00,Thursday,Don Mills Stn to STC,General Delay,20,40,W/B,
2019-06-06,6,22:19:00,Thursday,Bay Route,Mechanical,1,1,S/B,1358
2019-06-06,32,23:00:00,Thursday,Dufferine and Eglinton,Diversion,10,20,B/W,
2019-06-06,89,23:30:00,Thursday,Keele stn,Utilized Off Route,10,20,N/B,1070
2019-06-06,70,23:34:00,Thursday,Main Station,Mechanical,30,60,E/B,8915
2019-06-06,41,2019-06-06,Thursday,Keele,Mechanical,1,1,S/B,9029
2019-06-07,89,00:00:00,Friday,Weston and Little Ave,Mechanical,10,20,S/B,1044
2019-06-07,165,00:05:00,Friday,Barmac and Steeles,Mechanical,10,20,E/B,3247
2019-06-07,25,01:15:00,Friday,Don Mills/York Mills,Investigation,12,24,S/B,8651
2019-06-07,32,01:25:00,Friday,Eglinton and Locksley Ave,Investigation,10,20,S/B,1109
2019-06-07,332,01:35:00,Friday,Dufferin and Eglington,Diversion,10,20,B/W,
2019-06-07,935,02:00:00,Friday,Dundas and Jane,Diversion,25,35,S/B,
2019-06-07,320,03:20:00,Friday,Steeles Loop,Mechanical,3,7,S/B,1123
2019-06-07,91,05:00:00,Friday,Eglinton Ave E / Bermondsey - Sloane,Diversion,1,1,SB,8931
2019-06-07,47,05:28:00,Friday,Dupont and Lansdown,Mechanical,1,1,S/B,1575
2019-06-07,98,05:32:00,Friday,Allen Rd and Sheppard,Mechanical,25,25,N/B,8175
2019-06-07,77,06:00:00,Friday,Runnymede Station,Mechanical,9,18,S/B,1529
2019-06-07,701,06:09:00,Friday,Scarborough Town Center,Utilized Off Route,1,1,B/W,1650
2019-06-07,606,06:09:00,Friday,Warden Station,Utilized Off Route,1,1,WB,8436
2019-06-07,606,06:09:00,Friday,Warden Station,Utilized Off Route,1,1,WB,8467
2019-06-07,606,06:09:00,Friday,Main Staiton,Utilized Off Route,1,1,WB,8450
2019-06-07,610,06:10:00,Friday,Eglinton & Redpath,Utilized Off Route,1,1,E/B,8888
2019-06-07,56,06:11:00,Friday,Donlands Station,Utilized Off Route,19,38,N/B,1210
2019-06-07,607,06:11:00,Friday,Scarborough Town Center,Utilized Off Route,1,1,B/W,3500
2019-06-07,607,06:12:00,Friday,Malvern Division,Utilized Off Route,1,1,B/W,3481
2019-06-07,34,06:13:00,Friday,Kennedy station,Utilized Off Route,1,1,E/B,8818
2019-06-07,607,06:13:00,Friday,Don Mills Station,Utilized Off Route,1,1,B/W,1232
2019-06-07,116,06:15:00,Friday,Kennedy stn,Utilized Off Route,12,25,E/B,8809
2019-06-07,925,06:15:00,Friday,Freshmeadow Don Mills,Mechanical,8,16,N/B,8783
2019-06-07,25,06:15:00,Friday,Pape Station,Utilized Off Route,6,11,N/B,8690
2019-06-07,44,06:17:00,Friday,Colonel Samuel Smith Loop,Utilized Off Route,6,12,N/B,8037
2019-06-07,720,06:19:00,Friday,Coxwell Station,Utilized Off Route,1,1,N/B,8708
2019-06-07,34,06:20:00,Friday,Kennedy station,Utilized Off Route,1,1,E/B,8901
2019-06-07,929,06:26:00,Friday,PRGT,Mechanical,1,1,N/B,9022
2019-06-07,43,06:32:00,Friday,Eglinton and Kennedy,Vision,10,69,S/B,8668
2019-06-07,54,06:41:00,Friday,Eglinton Station,Mechanical,9,18,E/B,8838
2019-06-07,716,06:42:00,Friday,Vicotoria Park Station,Utilized Off Route,1,1,WB,8526
2019-06-07,610,06:44:00,Friday,Victoria Park Station,Utilized Off Route,1,1,N/B,8693
2019-06-07,25,06:51:00,Friday,Millwood & Overlea,Mechanical,1,1,S/B,8884
2019-06-07,41,06:54:00,Friday,P. Village,Mechanical,12,23,S/B,9056
2019-06-07,32,06:55:00,Friday,Mount Dennis Garage,Mechanical,1,1,W/B,1412
2019-06-07,12,07:00:00,Friday,Victoria Park Station,Mechanical,1,1,N/B,8473
2019-06-07,939,07:20:00,Friday,Morningside and Nightstar,Vision,8,16,B/W,3441
2019-06-07,600,07:30:00,Friday,Eglinton Station,Utilized Off Route,1,1,S/B,1220
2019-06-07,600,07:30:00,Friday,Eglinton Station,Utilized Off Route,1,1,S/B,8366
2019-06-07,600,07:30:00,Friday,Eglinton Station,Utilized Off Route,0,0,S/B,1388
2019-06-07,29,07:31:00,Friday,PRGT,Mechanical,1,1,N/B,9013
2019-06-07,902,07:32:00,Friday,Lawrence,Mechanical,0,0,S/B,8932
2019-06-07,116,07:38:00,Friday,Kennedy stn,Utilized Off Route,12,25,E/B,8809
2019-06-07,25,07:40:00,Friday,Freshmeadow Don Mills,Mechanical,1,1,N/B,8722
2019-06-07,609,07:40:00,Friday,Bay and Dockside,Utilized Off Route,1,1,N/B,1042
2019-06-07,709,07:41:00,Friday,Runnymede stn,Utilized Off Route,1,1,N/B,1036
2019-06-07,709,07:41:00,Friday,Runnymede Stn.,Utilized Off Route,1,1,N/B,1
2019-06-07,701,07:41:00,Friday,Sheppard West Stn,Utilized Off Route,1,1,S/B,8349
2019-06-07,600,07:41:00,Friday,Eglinton Station,Utilized Off Route,1,1,S/B,8336
2019-06-07,606,07:42:00,Friday,Warden Station,Utilized Off Route,1,1,WB,8450
2019-06-07,600,07:42:00,Friday,Sheppard west station,Utilized Off Route,1,1,S/B,1388
2019-06-07,607,07:43:00,Friday,Don and Mills,Utilized Off Route,1,1,B/W,1232
2019-06-07,6,07:45:00,Friday,Davenport and DuPont,Utilized Off Route,5,10,S/B,1076
2019-06-07,606,07:45:00,Friday,Woodbine Station,Utilized Off Route,1,1,WB,8436
2019-06-07,610,07:45:00,Friday,Broadview station,Utilized Off Route,1,1,S/B,8888
2019-06-07,704,07:45:00,Friday,Finch Stn,Utilized Off Route,1,1,W/B,3303
2019-06-07,25,07:45:00,Friday,Pape Station,Utilized Off Route,5,10,N/B,8820
2019-06-07,121,07:48:00,Friday,Ontario Place,Mechanical,13,26,B/W,8959
2019-06-07,14,07:48:00,Friday,Glencairn Station,Investigation,16,32,E/B,1418
2019-06-07,607,07:49:00,Friday,Scarborough Town Centre,Utilized Off Route,1,1,B/W,3500
2019-06-07,989,07:49:00,Friday,KSTN,Utilized Off Route,12,24,N/B,1140
2019-06-07,70,07:50:00,Friday,O'Connor & St Clair,Investigation,17,35,W/B,8799
2019-06-07,937,07:50:00,Friday,Islington Station,Utilized Off Route,12,24,N/B,8009
2019-06-07,944,07:52:00,Friday,CSSL,Utilized Off Route,10,20,N/B,7960
2019-06-07,21,07:53:00,Friday,Scarborough Town Center,Mechanical,8,16,S/B,1724
2019-06-07,600,07:55:00,Friday,Wilson Stn,Utilized Off Route,1,1,E/B,3342
2019-06-07,61,08:00:00,Friday,Bombay Loop,Utilized Off Route,10,20,N/B,8366
2019-06-07,79,08:03:00,Friday,St. Clair and Runnnymede,Mechanical,1,1,N/B,1357
2019-06-07,39,08:07:00,Friday,Willowdale and Finch,Investigation,15,30,B/W,1308
2019-06-07,610,08:08:00,Friday,Eglinton STN,Utilized Off Route,1,1,E/B,8784
2019-06-07,60,08:18:00,Friday,Steeles & Dufferin,Emergency Services,8,15,W/B,3155
2019-06-07,143,08:30:00,Friday,Downtown - Beaches Express,General Delay,10,25,BW,0
2019-06-07,29,08:33:00,Friday,Bloor and Dufferin,Mechanical,1,1,N/B,9150
2019-06-07,720,08:45:00,Friday,Eglinton division,Utilized Off Route,1,1,W/B,8730
2019-06-07,85,08:46:00,Friday,Malvern Gates,Mechanical,8,16,W/B,3461
2019-06-07,17,09:00:00,Friday,Birchmount Route,General Delay,15,22,BW,0
2019-06-07,610,09:06:00,Friday,Pape Station,Utilized Off Route,1,1,N/B,8881
2019-06-07,20,09:07:00,Friday,Kennedy Station,Investigation,11,22,W/B,8953
2019-06-07,600,09:10:00,Friday,Pioneer Village Stn,Utilized Off Route,1,1,E/B,3176
2019-06-07,98,09:14:00,Friday,Willowdale and Maple hurst,Emergency Services,30,30,S/B,8122
2019-06-07,606,09:15:00,Friday,Main Station,Utilized Off Route,1,1,WB,3113
2019-06-07,707,09:16:00,Friday,Scarborough Town Center,Utilized Off Route,1,1,B/W,165
2019-06-07,929,09:20:00,Friday,Entire route,General Delay,10,40,B/W,
2019-06-07,29,09:20:00,Friday,Entire route,General Delay,8,38,B/W,
2019-06-07,39,09:27:00,Friday,Finch Station,Mechanical,6,12,B/W,1333
2019-06-07,50,09:37:00,Friday,Islington Station,Utilized Off Route,1,1,N/B,8059
2019-06-07,42,09:39:00,Friday,McNicoll and Birchmount,Emergency Services,11,23,E/B,8321
2019-06-07,36,09:43:00,Friday,Humber loop,Mechanical,5,10,E/B,9118
2019-06-07,12,10:00:00,Friday,Victoria Park Station,Mechanical,22,44,E/B,8526
2019-06-07,32,10:07:00,Friday,Weston and Eglinton,Mechanical,11,22,E/B,1633
2019-06-07,719,10:30:00,Friday,Mt. Dennis,Utilized Off Route,1,1,E/B,1625
2019-06-07,92,11:00:00,Friday,Woodbine South Route,General Delay,10,18,BW,0
2019-06-07,720,11:00:00,Friday,Coxwell Station,Utilized Off Route,1,1,N/B,8664
2019-06-07,16,11:00:00,Friday,McCowan Route,General Delay,10,22,BW,0
2019-06-07,6,11:05:00,Friday,Bay,Mechanical,10,20,N/B,1354
2019-06-07,702,11:14:00,Friday,Kipling Station,Utilized Off Route,1,1,B/W,8410
2019-06-07,20,11:15:00,Friday,Main Station,Mechanical,16,32,E/B,8452
2019-06-07,17,11:21:00,Friday,Bathurst Station,Investigation,8,16,N/B,8169
2019-06-07,34,11:36:00,Friday,Eglinton station,Mechanical,10,20,E/B,8813
2019-06-07,34,11:42:00,Friday,Kennedy station,Mechanical,8,16,W/B,8749
2019-06-07,53,11:44:00,Friday,Finch Station,Mechanical,6,12,W/B,1748
2019-06-07,706,11:48:00,Friday,Gerrard and Coxwell,Utilized Off Route,1,1,WB,9200
2019-06-07,35,11:53:00,Friday,Janeand Gordon Mackay rd,Mechanical,7,14,S/B,3126
2019-06-07,716,11:55:00,Friday,Gerrard and Coxwell,Utilized Off Route,1,1,WB,8934
2019-06-07,83,12:00:00,Friday,Jones Route,General Delay,10,28,BW,0
2019-06-07,29,12:10:00,Friday,Lawrence and Dufferin,Mechanical,8,15,N/B,9044
2019-06-07,925,12:12:00,Friday,Pape Station,Mechanical,10,20,N/B,8878
2019-06-07,706,12:15:00,Friday,Main and Gerrard,Utilized Off Route,1,1,WB,9234
2019-06-07,29,12:20:00,Friday,Lawrence and Dufferin,Mechanical,8,15,N/B,9013
2019-06-07,51,12:25:00,Friday,Eglinton Station,Utilized Off Route,26,52,N/B,1233
2019-06-07,81,12:29:00,Friday,Floyd,Investigation,11,22,N/B,8557
2019-06-07,54,12:42:00,Friday,Lawrence and Tremont,Investigation,12,24,W/B,8892
2019-06-07,78,12:51:00,Friday,York mills station,Mechanical,15,30,S/B,8217
2019-06-07,25,12:55:00,Friday,pape station,Utilized Off Route,9,18,B/W,8791
2019-06-07,73,12:56:00,Friday,St. Phillips and Weston Rd.,Investigation,10,20,S/B,8065
2019-06-07,7,12:57:00,Friday,Bathurst Station,Utilized Off Route,8,16,S/B,8311
2019-06-07,600,13:00:00,Friday,600 Construction Vehicle,Utilized Off Route,1,1,E/B,3241
2019-06-07,707,13:00:00,Friday,Malvern Garage,Utilized Off Route,1,1,S/B,3548
2019-06-07,701,13:00:00,Friday,Coxwell to Bay,Utilized Off Route,1,1,S/B,8203
2019-06-07,601,13:00:00,Friday,Wilson Garage,Utilized Off Route,1,1,S/B,8173
2019-06-07,704,13:00:00,Friday,RAD @ Arrow Garage,Utilized Off Route,1,1,E/B,3121
2019-06-07,600,13:00:00,Friday,600 Construction Vehicle,Utilized Off Route,1,1,E/B,3190
2019-06-07,704,13:00:00,Friday,RAD @ Arrow Garage,Utilized Off Route,1,1,E/B,3248
2019-06-07,52,13:05:00,Friday,weston / lawrence,Investigation,14,28,E/B,8142
2019-06-07,102,13:06:00,Friday,Warden station,Utilized Off Route,20,40,N/B,8551
2019-06-07,706,13:08:00,Friday,Coxwell and Gerrard,Utilized Off Route,1,1,WB,8512
2019-06-07,56,13:15:00,Friday,Eglinton station,Utilized Off Route,18,36,S/B,1213
2019-06-07,610,13:15:00,Friday,Coxwell & Upper Gerrard,Utilized Off Route,1,1,W/B,8907
2019-06-07,41,13:18:00,Friday,KSTN,Mechanical,9,18,N/B,9148
2019-06-07,32,13:21:00,Friday,Pine and Lawrence,Mechanical,11,22,E/B,1065
2019-06-07,602,13:22:00,Friday,Queensway Garage,Utilized Off Route,1,1,B/W,7967
2019-06-07,706,13:25:00,Friday,Coxwell and Gerrard,Utilized Off Route,1,1,WB,8476
2019-06-07,54,13:25:00,Friday,Leslie and Eglinton,Mechanical,12,24,N/B,8356
2019-06-07,75,13:30:00,Friday,Shebourne & Dundas,General Delay,25,33,B/W,
2019-06-07,607,13:30:00,Friday,Scarborough town centre,Utilized Off Route,1,1,S/B,3444
2019-06-07,607,13:30:00,Friday,Scarborough Town centre,Utilized Off Route,1,1,S/B,1402
2019-06-07,100,13:31:00,Friday,Broadview station,Investigation,6,12,N/B,8804
2019-06-07,54,13:49:00,Friday,Lawrence and Underwriters,Emergency Services,12,24,E/B,8707
2019-06-07,135,13:50:00,Friday,Warden/ Firvalley Crescent,Investigation,10,20,N/B,3103
2019-06-07,36,13:51:00,Friday,Finch Station,Mechanical,6,12,W/B,3236
2019-06-07,129,13:58:00,Friday,Steeles / McCowan,Mechanical,7,14,S/B,1602
2019-06-07,939,14:00:00,Friday,939 Finch Express-All Branch,General Delay,15,30,B/W,1611
2019-06-07,609,14:00:00,Friday,Eglinton stn,Utilized Off Route,1,1,W/B,1348
2019-06-07,6,14:00:00,Friday,Bay Route,General Delay,20,33,B/W,
2019-06-07,161,14:00:00,Friday,Dovercourt and Bloor,Diversion,80,98,B/W,
2019-06-07,37,14:00:00,Friday,entire route,General Delay,20,40,B/W,
2019-06-07,52,14:00:00,Friday,lawrence west to martingrove,General Delay,14,20,B/W,
2019-06-07,39,14:00:00,Friday,39 Finch Route-All Branch,General Delay,16,32,B/W,3451
2019-06-07,35,14:00:00,Friday,Dundas and Jane,Diversion,25,35,S/B,
2019-06-07,102,14:00:00,Friday,"Ellesmere, Brimorton",General Delay,12,12,B/W,8498
2019-06-07,47,14:00:00,Friday,Lansdowne Route,General Delay,20,27,B/W,
2019-06-07,94,14:00:00,Friday,Wellesley Route,General Delay,20,28,B/W,
2019-06-07,95,14:08:00,Friday,York Mills Station,Investigation,20,40,E/B,1714
2019-06-07,55,14:08:00,Friday,Jane and Dundas,Diversion,20,72,S/B,
2019-06-07,30,14:08:00,Friday,Jane and Dundas,Diversion,1,1,E/B,8084
2019-06-07,122,14:21:00,Friday,Bayview / yorkmills,Investigation,11,22,E/B,8325
2019-06-07,165,14:22:00,Friday,Weston and Mainshep,Investigation,10,20,S/B,3278
2019-06-07,94,14:26:00,Friday,Wellesley at Queen's Park,Utilized Off Route,13,26,E/B,1603
2019-06-07,95,14:30:00,Friday,York Mills Station- Kingston Road Loop,General Delay,15,20,B/W,3441
2019-06-07,995,14:30:00,Friday,York Mills Station- Scarborough Campus Loop,General Delay,20,30,B/W,3452
2019-06-07,131,14:30:00,Friday,Kennnedy - Morninview and Sewells.,General Delay,15,24,B/W,3447
2019-06-07,73,14:50:00,Friday,Lakeshore and Mimico,Mechanical,10,20,N/B,8082
2019-06-07,35,15:00:00,Friday,Jane between Pioneer village to Jane Station,General Delay,25,35,B/W,
2019-06-07,56,15:00:00,Friday,Laird and Eglinton to Brentcliffe and Millwood/overlea,General Delay,240,260,B/W,
2019-06-07,935,15:00:00,Friday,Jane between Pioneer Village Station to Jane Station,General Delay,25,35,B/W,
2019-06-07,63,15:00:00,Friday,Multiple Locations,General Delay,0,0,B/W,
2019-06-07,90,15:00:00,Friday,St Clair W stn to Oakwood / Vaughan,General Delay,20,25,B/W,
2019-06-07,944,15:01:00,Friday,Colonel Samuel Smith Loop,Utilized Off Route,12,24,N/B,8614
2019-06-07,34,15:04:00,Friday,Eglinton & Don Mills,Mechanical,4,9,W/B,8703
2019-06-07,134,15:09:00,Friday,STC,Mechanical,1,1,W/B,9088
2019-06-07,51,15:15:00,Friday,Eglinton Ave,General Delay,0,0,B/W,
2019-06-07,939,15:15:00,Friday,Finch Av-McCowan Rd,Investigation,12,24,N/B,3519
2019-06-07,73,15:15:00,Friday,,Mechanical,1,1,B/W,8046
2019-06-07,112,15:16:00,Friday,Kipling Station,Mechanical,16,32,N/B,8088
2019-06-07,92,15:20:00,Friday,Woodbine Station,Mechanical,9,19,SB,8549
2019-06-07,600,15:28:00,Friday,Keele and Dundas,Investigation,1,1,S/B,1069
2019-06-07,52,15:30:00,Friday,Dufferin to Keele,General Delay,330,345,W/B,
2019-06-07,989,15:30:00,Friday,Old Weston and St Clair,General Delay,10,20,B/W,1140
2019-06-07,32,15:35:00,Friday,Jane and Emmett,Utilized Off Route,8,16,E/B,1418
2019-06-07,97,15:39:00,Friday,Davisville station,Investigation,30,55,N/B,8389
2019-06-07,941,15:40:00,Friday,Weston and Rogers,General Delay,14,28,B/W,1090
2019-06-07,134,15:45:00,Friday,Finchdene and Finch,Investigation,18,36,N/B,1651
2019-06-07,55,15:55:00,Friday,Varsity / underwood,Mechanical,15,30,N/B,1015
2019-06-07,24,16:00:00,Friday,Eglinton Ave and Victoria Park Ave,General Delay,20,1,B/W,
2019-06-07,59,16:00:00,Friday,Maple leaf Route.,General Delay,15,29,B/W,
2019-06-07,12,16:00:00,Friday,12 Kingston Road,General Delay,10,1,B/W,
2019-06-07,41,16:00:00,Friday,Keele and Eglinton,General Delay,12,24,S/B,9032
2019-06-07,952,16:00:00,Friday,Dufferin to Keele,General Delay,240,260,W/B,
2019-06-07,50,16:00:00,Friday,Islington Station,General Delay,18,33,B/W,
2019-06-07,78,16:00:00,Friday,York Mills Stn to Bayview,General Delay,210,230,E/B,
2019-06-07,115,16:00:00,Friday,York Mills Stn to bayview,General Delay,210,230,E/B,
2019-06-07,122,16:00:00,Friday,Yotk Mills Stn to Bayview,General Delay,210,225,E/B,
2019-06-07,110,16:00:00,Friday,entire route,General Delay,18,32,B/W,
2019-06-07,65,16:02:00,Friday,1679 Parliament,Investigation,11,22,S/B,8547
2019-06-07,939,16:03:00,Friday,STC,Utilized Off Route,12,24,W/B,3551
2019-06-07,124,16:04:00,Friday,Lawrance and Yonge,Mechanical,8,16,E/B,1246
2019-06-07,30,16:05:00,Friday,Dundas and Scarlett,Diversion,78,98,B/W,
2019-06-07,68,16:11:00,Friday,Warden station,Mechanical,7,14,,8675
2019-06-07,953,16:24:00,Friday,HWY 404,Mechanical,10,20,W/B,1292
2019-06-07,704,16:25:00,Friday,Queens Park and College,Utilized Off Route,1,1,W/B,3121
2019-06-07,600,16:25:00,Friday,Queens Park and College,Utilized Off Route,1,1,W/B,3241
2019-06-07,35,16:27:00,Friday,Jane station,Mechanical,10,20,S/B,3321
2019-06-07,29,16:30:00,Friday,Spinghurst Loop to Princess Gate,Diversion,600,610,N/B,9042
2019-06-07,88,16:30:00,Friday,Entire 88 route bothways,General Delay,12,18,B/W,8306
2019-06-07,601,16:32:00,Friday,College and Spadina,Utilized Off Route,1,1,W/B,8173
2019-06-07,701,16:32:00,Friday,College abd Bay,Utilized Off Route,1,1,W/B,8203
2019-06-07,124,16:33:00,Friday,124 Route bothways,General Delay,8,12,B/W,1246
2019-06-07,602,16:38:00,Friday,College and Ossington,Utilized Off Route,1,1,W/B,7967
2019-06-07,79,16:40:00,Friday,Pine / Lawrence,Mechanical,14,28,N/B,1025
2019-06-07,66,16:45:00,Friday,Lakeshore and Parklawn,General Delay,16,26,B/W,
2019-06-07,944,16:55:00,Friday,Kipling and Lakeshore,Utilized Off Route,12,24,S/B,8614
2019-06-07,124,16:55:00,Friday,Lawrance and Mt. Pleasant,Investigation,8,16,W/B,8209
2019-06-07,142,16:57:00,Friday,Avenue rd and Wilson,Investigation,30,60,N/B,1270
2019-06-07,142,17:00:00,Friday,Bloor to College and  Richmond to Adelaide,General Delay,150,175,B/W,
2019-06-07,144,17:13:00,Friday,Concorde gate and DVP,Investigation,20,40,N/B,8724
2019-06-07,100,17:20:00,Friday,Concorde gate,Utilized Off Route,6,12,N/B,8857
2019-06-07,143,17:30:00,Friday,Adelaide and Simcoe to Neville Loop,General Delay,25,55,B/W,
2019-06-07,985,17:30:00,Friday,Don Mills to Meadowvale to STC,General Delay,10,20,B/W,
2019-06-07,39,17:50:00,Friday,Birchmount and Finch Av,Mechanical,14,28,E/B,3411
2019-06-07,925,17:56:00,Friday,pape and Cosburn,Investigation,8,16,S/B,8709
2019-06-07,161,18:00:00,Friday,Rogers and Oakwood,General Delay,13,26,B/W,1576
2019-06-07,87,18:01:00,Friday,Pape Ave and Cosburn Ave,Diversion,26,32,B/W,8474
2019-06-07,81,18:05:00,Friday,Pape and Mortier,Diversion,20,40,S/B,8440
2019-06-07,927,18:07:00,Friday,Kipling Station,Mechanical,13,26,N/B,3234
2019-06-07,75,18:07:00,Friday,Sherbourne and Wellesley,Investigation,1,1,S/B,8160
2019-06-07,68,18:08:00,Friday,,Mechanical,1,1,,8637
2019-06-07,73,18:12:00,Friday,Lakeshore and Mimico,Mechanical,15,30,N/B,8074
2019-06-07,129,18:17:00,Friday,Steeles/Mccowan,Mechanical,4,9,S/B,1710
2019-06-07,60,18:20:00,Friday,Steeles Ave West of Hwy 27,Investigation,9,18,W/B,3189
2019-06-07,609,18:30:00,Friday,Bathurst and College,Utilized Off Route,1,1,W/B,1348
2019-06-07,41,18:30:00,Friday,Old Weston and Townsley,Mechanical,23,46,N/B,9149
2019-06-07,719,18:33:00,Friday,Bathurst and Harbord,Utilized Off Route,1,1,W/B,1625
2019-06-07,24,18:39:00,Friday,Don Mills Station,Mechanical,16,32,B/W,8486
2019-06-07,47,18:50:00,Friday,Lansdowne at Queen,Vision,10,20,N/B,1349
2019-06-07,111,18:51:00,Friday,East mall and eglinton,Mechanical,10,20,N/B,7962
2019-06-07,989,18:54:00,Friday,Weston and Denison,Mechanical,10,20,N/B,1121
2019-06-07,52,19:00:00,Friday,Lawrence West Stn,Vision,11,23,E/B,8301
2019-06-07,47,19:12:00,Friday,Lansdowne at Wade,Investigation,13,26,S/B,1095
2019-06-07,989,19:12:00,Friday,Westong and Eglinton,Mechanical,12,24,N/B,1140
2019-06-07,31,19:15:00,Friday,Queen and Greenwood,Mechanical,10,20,S/B,8471
2019-06-07,60,19:20:00,Friday,Steeles at Signal Hill,Utilized Off Route,0,0,W/B,9119
2019-06-07,17,19:34:00,Friday,Warden Station,Utilized Off Route,12,24,N/B,8934
2019-06-07,123,19:36:00,Friday,Kipling Station,Mechanical,24,48,S/B,8400
2019-06-07,110,19:48:00,Friday,Islington and Evans,Diversion,432,450,S/B,
2019-06-07,941,20:25:00,Friday,Finch W Stn,Utilized Off Route,14,28,B/W,1090
2019-06-07,41,20:30:00,Friday,Keele stn,Mechanical,17,34,N/B,9149
2019-06-07,36,20:30:00,Friday,Humberwood Loop,Mechanical,8,16,E/B,9105
2019-06-07,20,20:54:00,Friday,Main Station,Mechanical,23,46,B/W,8589
2019-06-07,89,20:54:00,Friday,Albion and 401,Utilized Off Route,9,18,S/B,1027
2019-06-07,29,21:00:00,Friday,Wilson stn,Vision,8,15,N/B,9022
2019-06-07,36,21:20:00,Friday,Milvan and Finch,Diversion,8,46,W/B,9113
2019-06-07,96,21:29:00,Friday,Albion and Golfdown,Investigation,19,36,W/B,3267
2019-06-07,36,21:44:00,Friday,Finch and Jane,Investigation,1,1,W/B,9114
2019-06-07,36,21:57:00,Friday,Finch and Martin Grove,Diversion,8,36,W/B,9131
2019-06-07,53,22:00:00,Friday,404 AND STEELES,Mechanical,6,11,E/B,1414
2019-06-07,52,22:19:00,Friday,Westona and Dixon,Emergency Services,18,36,E/B,8154
2019-06-07,85,22:47:00,Friday,Brichmount/Sheppard,Mechanical,16,32,W/B,3527
2019-06-07,52,23:05:00,Friday,McNaughton and Victory,Mechanical,20,40,E/B,8170
2019-06-07,165,23:06:00,Friday,Weston and Coral Gable,Investigation,10,20,E/B,3338
2019-06-07,6,23:09:00,Friday,Bay Route,Diversion,1,1,B/W,
2019-06-07,72,23:15:00,Friday,Bay and Harbour / Pape Avenue,Diversion,198,214,N/B,8586
2019-06-07,24,23:30:00,Friday,Sheppard Ave and Victoria Park Ave,Diversion,48,58,B/W,3102
2019-06-07,985,23:32:00,Friday,Victoria Park and Sheppard,Diversion,20,40,E/B,3444
2019-06-07,85,23:40:00,Friday,Victoria Park/Sheppard,Diversion,16,32,E/B,
2019-06-08,30,00:05:00,Saturday,High Park Station,Investigation,30,60,W/B,8616
2019-06-08,320,01:10:00,Saturday,Yonge at Gerrard,Diversion,1,1,B/W,
2019-06-08,300,01:33:00,Saturday,The East Mall and Bloor Street,Investigation,10,10,E/B,8616
2019-06-08,332,01:59:00,Saturday,Eglinton Station,Investigation,24,48,W/B,1109
2019-06-08,320,02:47:00,Saturday,College,Investigation,4,8,S/B,8365
2019-06-08,300,03:30:00,Saturday,Bloor and Church Street,Mechanical,20,40,W/B,1002
2019-06-08,300,04:13:00,Saturday,Bloor/Islington,Diversion,122,142,W/B,8616
2019-06-08,307,04:14:00,Saturday,Steeles,Mechanical,30,60,S/B,8344
2019-06-08,300,04:20:00,Saturday,Bloor/Islington,Diversion,130,150,B/W,8616
2019-06-08,329,05:00:00,Saturday,Steeles,Mechanical,30,60,S/B,9147
2019-06-08,354,05:10:00,Saturday,Rouge Go Station,Investigation,60,60,E/B,8661
2019-06-08,25,06:03:00,Saturday,Don Mills Station,Mechanical,30,44,N/B,8870
2019-06-08,68,06:13:00,Saturday,Warden Station,Mechanical,16,32,N/B,8686
2019-06-08,133,06:30:00,Saturday,Scarborough Town Centre,Mechanical,12,24,E/B,3514
2019-06-08,80,06:30:00,Saturday,"On Parkside, at Lakeshore",Diversion,390,420,B/W,
2019-06-08,80,06:30:00,Saturday,Keele Station to Sherway Gardens,General Delay,20,50,B/W,
2019-06-08,7,06:55:00,Saturday,Bathurst St and Yorkdowns,Mechanical,10,20,N/B,1384
2019-06-08,5,07:00:00,Saturday,Bloor and Avenue,Diversion,15,30,B/W,
2019-06-08,94,07:00:00,Saturday,Bay to St. George,Diversion,240,253,B/W,
2019-06-08,91,07:29:00,Saturday,Eglinton and Bermondsey,Diversion,1,1,B/W,
2019-06-08,37,07:30:00,Saturday,Islington Station to Steeles and Humberwood Loop,General Delay,15,28,B/W,
2019-06-08,73,07:30:00,Saturday,Lakeshore and Mimico to Claireport,General Delay,15,25,B/W,
2019-06-08,21,07:44:00,Saturday,Brimley Rd/ Eglin ton Ave east,Investigation,30,60,S/B,1299
2019-06-08,68,08:08:00,Saturday,Warden Station,Mechanical,13,26,N/B,8926
2019-06-08,939,08:18:00,Saturday,McCowan/Progress,Investigation,14,14,N/B,1631
2019-06-08,132,08:33:00,Saturday,Brenyonway and Sheppard,Mechanical,30,60,E/B,3527
2019-06-08,53,09:00:00,Saturday,Finch STN to Morningside and Finch,General Delay,15,35,B/W,
2019-06-08,81,09:16:00,Saturday,Spadina Station - Plan B,Utilized Off Route,7,14,B/W,8534
2019-06-08,87,09:16:00,Saturday,Spadina Station - Plan B,Utilized Off Route,10,20,B/W,8494
2019-06-08,706,09:16:00,Saturday,Spadina Station - Plan B,Utilized Off Route,1,1,B/W,8943
2019-06-08,701,09:20:00,Saturday,Sheppard W Station,Utilized Off Route,1,1,W/B,1236
2019-06-08,720,09:25:00,Saturday,Broadview Station,Utilized Off Route,0,0,N/B,8625
2019-06-08,709,09:25:00,Saturday,Spadina Station,Utilized Off Route,1,1,E/B,1415
2019-06-08,710,09:25:00,Saturday,Pape Station,Utilized Off Route,0,0,N/B,8740
2019-06-08,925,09:28:00,Saturday,Pape Station,Utilized Off Route,10,123,N/B,8923
2019-06-08,935,09:30:00,Saturday,Jane station,Utilized Off Route,9,18,N/B,3261
2019-06-08,29,09:30:00,Saturday,Dufferin and Queen,Utilized Off Route,5,11,S/B,9046
2019-06-08,709,09:30:00,Saturday,Wellesley and Yonge,Utilized Off Route,1,1,E/B,1006
2019-06-08,63,09:30:00,Saturday,Ossington Station,Utilized Off Route,5,10,N/B,8167
2019-06-08,52,09:31:00,Saturday,Lawrence and Marlee,Utilized Off Route,15,27,W/B,8145
2019-06-08,45,09:31:00,Saturday,Kipling Station,Utilized Off Route,9,18,N/B,8429
2019-06-08,85,09:32:00,Saturday,Don Mills Station,Utilized Off Route,30,60,E/B,1688
2019-06-08,701,09:35:00,Saturday,Wilson Garage,Utilized Off Route,1,1,W/B,8172
2019-06-08,927,09:35:00,Saturday,Kipling station,Utilized Off Route,5,10,N/B,3277
2019-06-08,43,09:40:00,Saturday,Midland & Steeles,Mechanical,8,15,S/B,8682
2019-06-08,35,09:40:00,Saturday,Jane station,Utilized Off Route,10,20,N/B,3126
2019-06-08,73,09:41:00,Saturday,Lakeshore and Mimico,Utilized Off Route,10,20,N/B,8419
2019-06-08,37,09:44:00,Saturday,Islington Station,Utilized Off Route,16,32,N/B,8075
2019-06-08,85,09:49:00,Saturday,Don Mills Station,Utilized Off Route,6,14,E/B,1752
2019-06-08,63,09:49:00,Saturday,Ossignton Station,Utilized Off Route,6,12,S/B,1242
2019-06-08,704,09:50:00,Saturday,Highw27,Utilized Off Route,1,1,S/B,3157
2019-06-08,25,09:57:00,Saturday,Pape Stastion,Utilized Off Route,9,128,N/B,8690
2019-06-08,29,09:58:00,Saturday,Springhurst Loop,Utilized Off Route,5,11,N/B,9100
2019-06-08,927,09:58:00,Saturday,Kipling station,Utilized Off Route,5,10,N/B,3173
2019-06-08,83,10:00:00,Saturday,Jones route,General Delay,10,1,B/W,
2019-06-08,72,10:00:00,Saturday,Spadina Station - Plan B,Utilized Off Route,18,36,B/W,8542
2019-06-08,706,10:00:00,Saturday,Spadina Station,Utilized Off Route,1,1,B/W,8960
2019-06-08,23,10:00:00,Saturday,Dawes route,General Delay,10,1,B/W,
2019-06-08,102,10:00:00,Saturday,markham road,General Delay,10,1,B/W,
2019-06-08,72,10:00:00,Saturday,pape route,General Delay,10,1,B/W,
2019-06-08,100,10:00:00,Saturday,Broadview station,Utilized Off Route,9,18,S/B,8888
2019-06-08,22,10:00:00,Saturday,Coxwell route,General Delay,10,1,B/W,
2019-06-08,123,10:02:00,Saturday,Kipling Station,Utilized Off Route,20,40,N/B,8030
2019-06-08,34,10:02:00,Saturday,Eglinton station,Utilized Off Route,9,18,W/B,8655
2019-06-08,6,10:05:00,Saturday,Bay and Bloor,Utilized Off Route,14,28,N/B,1202
2019-06-08,707,10:06:00,Saturday,Steeles/Brimley,Utilized Off Route,1,1,E/B,1393
2019-06-08,41,10:10:00,Saturday,Keele Station,Utilized Off Route,10,20,N/B,1100
2019-06-08,94,10:23:00,Saturday,Bay and Bloor,Utilized Off Route,13,26,E/B,1360
2019-06-08,720,10:30:00,Saturday,Eglinton Garage,Utilized Off Route,0,0,N/B,8752
2019-06-08,720,10:30:00,Saturday,Eglinton Garage,Utilized Off Route,0,0,N/B,8871
2019-06-08,711,10:36:00,Saturday,Wilson station,Utilized Off Route,1,1,S/B,1296
2019-06-08,95,10:37:00,Saturday,York Mills Station,Utilized Off Route,14,28,E/B,1414
2019-06-08,94,10:37:00,Saturday,Ossignton Station,Utilized Off Route,13,26,E/B,1088
2019-06-08,7,10:40:00,Saturday,Bathurst Station,Utilized Off Route,9,18,N/B,8153
2019-06-08,35,10:42:00,Saturday,Jane station,Utilized Off Route,10,20,N/B,3303
2019-06-08,97,10:47:00,Saturday,Davisville Station,Mechanical,30,60,S/B,1233
2019-06-08,711,10:48:00,Saturday,Wilson Division,Utilized Off Route,1,1,S/B,1223
2019-06-08,53,10:48:00,Saturday,Steeles/Markham Rd,Utilized Off Route,17,25,W/B,1284
2019-06-08,716,10:50:00,Saturday,Spadina Station - Plan B,Utilized Off Route,1,1,B/W,8515
2019-06-08,54,10:50:00,Saturday,Eglinton Station,Utilized Off Route,17,219,E/B,8899
2019-06-08,35,10:50:00,Saturday,Jane station,Utilized Off Route,10,20,N/B,3256
2019-06-08,7,10:52:00,Saturday,Bathurst station,Utilized Off Route,9,19,,8306
2019-06-08,41,10:52:00,Saturday,Keele Station,Utilized Off Route,10,20,N/B,1516
2019-06-08,710,10:56:00,Saturday,Woodbine station,Utilized Off Route,1,1,S/B,8732
2019-06-08,165,10:56:00,Saturday,Weston Rd & Flindon Ave,Investigation,10,20,S/B,3178
2019-06-08,600,10:57:00,Saturday,Danforth Ave/ Danforth Rd,Utilized Off Route,1,1,W/B,1725
2019-06-08,17,11:00:00,Saturday,BW Birchmount,General Delay,20,1,B/W,
2019-06-08,52,11:16:00,Saturday,Shermount and lawrence,Investigation,20,40,W/B,1220
2019-06-08,38,11:20:00,Saturday,Scarborough Town Centre,Mechanical,10,20,E/B,1377
2019-06-08,985,11:41:00,Saturday,STC Station,Mechanical,21,42,W/B,1710
2019-06-08,53,11:44:00,Saturday,Yonge Street and Turnberry,Investigation,17,25,S/B,1225
2019-06-08,65,11:48:00,Saturday,Carlton / Parliament,Investigation,16,32,N/B,8450
2019-06-08,53,11:52:00,Saturday,Steeles at Yonge,Investigation,8,25,74406,1501
2019-06-08,97,12:00:00,Saturday,Wilson to Eglinton,General Delay,0,0,B/W,
2019-06-08,85,12:00:00,Saturday,Don Mills to RHGO - All Branches,General Delay,10,20,B/W,
2019-06-08,29,12:00:00,Saturday,Dufferin and Lawrence,General Delay,13,34,S/B,9051
2019-06-08,109,12:01:00,Saturday,Lawrence station,Mechanical,20,40,S/B,8119
2019-06-08,52,12:02:00,Saturday,Wilson garage,Mechanical,17,34,W/B,1276
2019-06-08,43,12:04:00,Saturday,Steeles and Silver Star BLVD,Investigation,102,20,E/B,8822
2019-06-08,52,12:05:00,Saturday,Lawrence west to martin grove.,General Delay,15,25,B/W,
2019-06-08,74,12:19:00,Saturday,St Clair Station,Mechanical,18,36,N/B,1373
2019-06-08,939,12:21:00,Saturday,Scarborough Town Centre,Mechanical,12,24,W/B,1550
2019-06-08,84,12:25:00,Saturday,Sheppard and Chesswood,Diversion,6,15,W/B,
2019-06-08,106,12:30:00,Saturday,Chesswood and Sheppard,Diversion,1,15,W/B,
2019-06-08,900,12:43:00,Saturday,Kipling Station,Mechanical,7,14,N/B,8424
2019-06-08,34,12:45:00,Saturday,Don Mills & Wynford,Mechanical,1,40,E/B,8859
2019-06-08,925,13:00:00,Saturday,Don Mills and Eglinton,Investigation,0,20,B/W,8723
2019-06-08,101,13:05:00,Saturday,Chesswood,Diversion,55,75,W/B,3336
2019-06-08,107,13:05:00,Saturday,Chesswood,Diversion,55,65,W/B,3132
2019-06-08,108,13:05:00,Saturday,Chesswood,Diversion,55,65,W/B,3366
2019-06-08,41,13:57:00,Saturday,Pioneer Village Station,Mechanical,9,18,S/B,1203
2019-06-08,24,14:00:00,Saturday,Victoria Park Avenue / Victoria Park Stn,General Delay,7,14,B/W,
2019-06-08,165,14:10:00,Saturday,Weston & Imogene,Investigation,10,20,S/B,3340
2019-06-08,95,14:26:00,Saturday,York Mills Station,Mechanical,13,26,E/B,3426
2019-06-08,134,15:00:00,Saturday,134 Progress All Branch,General Delay,30,45,B/W,1565
2019-06-08,52,15:07:00,Saturday,Scarlet and Lawrence Ave,Investigation,9,17,E/B,1302
2019-06-08,34,15:33:00,Saturday,Eglinton & Leslie,Diversion,5,10,W/B,8806
2019-06-08,34,15:33:00,Saturday,Eglinton & Leslie,Diversion,5,10,W/B,8806
2019-06-08,53,15:34:00,Saturday,Passmore and Markham Rd,Mechanical,5,10,B/W,1341
2019-06-08,63,15:38:00,Saturday,Eglinton and Alamedo Ave,Investigation,6,12,E/B,8128
2019-06-08,96,15:38:00,Saturday,Humber College Blvd & HWY 27,Emergency Services,10,20,S/B,3188
2019-06-08,925,15:44:00,Saturday,Freshmeadow and Cliffwood,Diversion,10,20,B/W,8656
2019-06-08,104,16:00:00,Saturday,Entire route,General Delay,1,1,B/W,
2019-06-08,5,16:00:00,Saturday,Entire Route,General Delay,1,1,B/W,
2019-06-08,63,16:00:00,Saturday,Entire Route,General Delay,1,1,B/W,
2019-06-08,51,16:00:00,Saturday,Entire Route,General Delay,1,1,B/W,
2019-06-08,87,16:00:00,Saturday,Cosburn Avenue / Main Stn / Broadview Stn,General Delay,10,20,B/W,
2019-06-08,121,16:00:00,Saturday,Fort York Esplande,General Delay,16,36,B/W,
2019-06-08,41,16:03:00,Saturday,Finch West Station,Investigation,8,16,N/B,1325
2019-06-08,51,16:04:00,Saturday,Leslie Station,Mechanical,1,1,S/B,8132
2019-06-08,116,16:20:00,Saturday,Morningside and Finch,Mechanical,7,14,B/W,8833
2019-06-08,63,16:27:00,Saturday,Atlantic and King,Investigation,7,14,N/B,1251
2019-06-08,165,16:36:00,Saturday,Finch and Weston,Investigation,8,15,S/B,3233
2019-06-08,29,16:41:00,Saturday,Dufferin and Mill cresent,Investigation,3,6,N/B,9028
2019-06-08,925,16:44:00,Saturday,Pape/Oconnor,Investigation,10,20,N/B,8637
2019-06-08,84,16:58:00,Saturday,Sheppard and Yonge,Mechanical,6,12,W/B,3211
2019-06-08,42,17:10:00,Saturday,Finch Stn,Mechanical,13,26,E/B,8369
2019-06-08,29,17:42:00,Saturday,Dufferin and Dundas,Mechanical,16,16,N/B,9037
2019-06-08,17,17:48:00,Saturday,Birchmount and McGregor,Mechanical,17,34,N/B,8592
2019-06-08,720,17:48:00,Saturday,Warden Station,Utilized Off Route,1,1,N/B,8871
2019-06-08,123,18:05:00,Saturday,Sherway Gardens,Utilized Off Route,1,1,N/B,8030
2019-06-08,63,18:11:00,Saturday,Ossington station,Mechanical,1,1,S/B,8393
2019-06-08,60,18:29:00,Saturday,Finch Station,Investigation,10,20,W/B,3133
2019-06-08,116,18:31:00,Saturday,Kennedy Station,Mechanical,9,18,B/W,8863
2019-06-08,60,18:33:00,Saturday,Finch Station,Investigation,9,18,W/B,3216
2019-06-08,33,18:36:00,Saturday,St Clair West Station,Investigation,20,40,S/B,
2019-06-08,44,18:47:00,Saturday,Colonel Sam Smith Loop,Mechanical,10,20,N/B,8420
2019-06-08,165,18:50:00,Saturday,Wilson/Keele,Investigation,7,15,W/B,3317
2019-06-08,116,18:56:00,Saturday,Eglinton and Markham,Mechanical,7,14,B/W,8849
2019-06-08,111,19:00:00,Saturday,Kipling Station to Willowridge/Richview,General Delay,35,55,B/W,
2019-06-08,54,19:56:00,Saturday,ESTN,Mechanical,19,38,E/B,8843
2019-06-08,35,20:00:00,Saturday,Jane Street,General Delay,20,27,B/W,
2019-06-08,42,20:04:00,Saturday,Kennedy and McNicol Ave,Diversion,31,47,E/B,8305
2019-06-08,116,20:10:00,Saturday,Morningside and Kingston Rd,Investigation,9,18,B/W,8687
2019-06-08,108,20:25:00,Saturday,Driftwood/Finch,Emergency Services,25,52,N/B,3342
2019-06-08,75,20:35:00,Saturday,Sherbourn and wellesly,Mechanical,30,60,N/B,8311
2019-06-08,710,20:55:00,Saturday,BSTN,Utilized Off Route,1,1,E/B,8888
2019-06-08,87,21:05:00,Saturday,MSTN,Utilized Off Route,10,20,W/B,8503
2019-06-08,25,21:10:00,Saturday,Pape Station,Utilized Off Route,1,1,E/B,8674
2019-06-08,72,21:10:00,Saturday,Pape Station,Utilized Off Route,18,36,S/B,9215
2019-06-08,26,21:14:00,Saturday,dupont and davenport,Investigation,22,44,W/B,1008
2019-06-08,97,21:20:00,Saturday,Davisville station,Utilized Off Route,30,60,N/B,8133
2019-06-08,75,22:32:00,Saturday,Sherbourne and queen,Investigation,1,1,N/B,8109
2019-06-08,133,22:40:00,Saturday,STC Station,Mechanical,14,28,BW,3542
2019-06-08,39,22:45:00,Saturday,Neilson and Crowtrail,Investigation,8,16,W/B,3458
2019-06-08,92,22:49:00,Saturday,Woodbine Station,Mechanical,10,20,S/B,8961
2019-06-08,52,23:05:00,Saturday,Mcnaughton and Victory,Mechanical,20,40,E/B,8170
2019-06-08,62,23:35:00,Saturday,Main Station,Mechanical,20,40,W/B,8576
2019-06-08,106,23:37:00,Saturday,Sheppard west satation,Mechanical,20,40,N/B,8164
2019-06-08,35,23:40:00,Saturday,Jane Station,Mechanical,8,17,N/B,3126
2019-06-09,32,00:03:00,Sunday,Eglinton West Station,Utilized Off Route,10,20,E/B,1002
2019-06-09,37,00:18:00,Sunday,Islington and Princess Margaret,Diversion,282,302,B/W,7961
2019-06-09,95,00:20:00,Sunday,Kingston Road,Mechanical,10,20,WB,1303
2019-06-09,73,01:15:00,Sunday,Royal York Station,Investigation,8,14,S/B,7979
2019-06-09,12,01:18:00,Sunday,Eglinton and Midland,Mechanical,22,44,W/B,3116
2019-06-09,337,01:31:00,Sunday,Islington and Eglinton,Diversion,1,1,B/W,
2019-06-09,41,01:34:00,Sunday,Keele Station,Mechanical,30,57,N/B,1408
2019-06-09,1,02:18:00,Sunday,Bloor,Utilized Off Route,1,1,NB,8520
2019-06-09,1,02:35:00,Sunday,York Mills,Utilized Off Route,1,1,SB,1586
2019-06-09,353,04:00:00,Sunday,Steeles night Bus route,General Delay,30,60,B/W,
2019-06-09,300,04:00:00,Sunday,Kennedy Station to Terminal 3,General Delay,30,60,B/W,
2019-06-09,300,04:37:00,Sunday,Danforth and Jones,Mechanical,1,1,WB,8409
2019-06-09,324,05:00:00,Sunday,Victoria Park Night Bus route,General Delay,20,40,B/W,
2019-06-09,43,05:27:00,Sunday,Kennedy & Passmore,Mechanical,7,7,S/B,8650
2019-06-09,353,05:28:00,Sunday,Parkview on Yonge,Mechanical,30,60,N/B,1720
2019-06-09,37,05:52:00,Sunday,"On Islington, at Eglinton",Diversion,223,247,B/W,
2019-06-09,395,06:00:00,Sunday,York Mills Night Bus Route,General Delay,30,60,B/W,
2019-06-09,334,06:00:00,Sunday,Eglinton Night Bus route,General Delay,30,60,B/W,
2019-06-09,354,06:00:00,Sunday,Lawrence Night Bus Route,General Delay,30,60,B/W,
2019-06-09,171,06:00:00,Sunday,Trethewey and Black Creek,Diversion,120,140,S/B,
2019-06-09,320,06:09:00,Sunday,Steeles and Yonge,Utilized Off Route,3,6,SB,8301
2019-06-09,300,06:15:00,Sunday,Kennedy Station,Mechanical,1,1,W/B,8436
2019-06-09,41,06:28:00,Sunday,Keele Station,Mechanical,11,23,N/B,1082
2019-06-09,354,07:20:00,Sunday,Lawrence and Kennedy,Mechanical,20,40,E/B,8878
2019-06-09,91,07:26:00,Sunday,Eglinton / Sloane - Bermondsey,Diversion,1,1,B/W,9233
2019-06-09,32,07:36:00,Sunday,Caledonia and Eglinton,Mechanical,1,1,W/B,1002
2019-06-09,94,07:43:00,Sunday,Ossington Station,Mechanical,12,12,E/B,1625
2019-06-09,85,07:52:00,Sunday,Medowvale on Sheppard,Utilized Off Route,20,40,E/B,1656
2019-06-09,94,08:00:00,Sunday,Queens Park to Wellesley/Bay,Diversion,245,255,B/W,
2019-06-09,47,08:00:00,Sunday,Lansdowne and Bloor,Diversion,270,290,B/W,
2019-06-09,89,08:07:00,Sunday,Albion and Weston,Mechanical,10,20,S/B,1123
2019-06-09,68,08:14:00,Sunday,WARDEN STATION,Utilized Off Route,44,44,N/B,8722
2019-06-09,25,08:25:00,Sunday,Pape Station,,22,33,N/B,8762
2019-06-09,47,08:35:00,Sunday,Lansdowne Station,Mechanical,10,20,S/B,1418
2019-06-09,925,08:36:00,Sunday,Freshmeadow & Don Mills,Utilized Off Route,10,19,sw,8816
2019-06-09,25,08:49:00,Sunday,Fresmeadow & Don Mills,Utilized Off Route,9,18,W/B,8753
2019-06-09,25,08:49:00,Sunday,Pape Station,Utilized Off Route,9,18,N/B,8679
2019-06-09,85,09:00:00,Sunday,Sheppard,General Delay,22,44,W/B,
2019-06-09,81,09:22:00,Sunday,Pape Station,Mechanical,1,1,B/W,8436
2019-06-09,33,09:27:00,Sunday,st clair wstn,Utilized Off Route,20,40,N/B,1211
2019-06-09,133,10:00:00,Sunday,Neilson Route,General Delay,12,24,B/W,
2019-06-09,59,10:00:00,Sunday,Route 59,General Delay,20,50,B/W,
2019-06-09,935,10:00:00,Sunday,Route  935,General Delay,21,30,B/W,
2019-06-09,35,10:00:00,Sunday,Route 35,General Delay,25,35,B/W,
2019-06-09,84,10:00:00,Sunday,Route 84,General Delay,13,21,B/W,
2019-06-09,63,10:02:00,Sunday,eglinton wstn,Investigation,9,18,S/B,8212
2019-06-09,52,10:45:00,Sunday,Lawrence Station to Airport,General Delay,15,25,B/W,
2019-06-09,67,11:00:00,Sunday,Pharmavy & Ashtonbee to Lawrence,General Delay,15,32,BW,
2019-06-09,54,11:00:00,Sunday,Eglinton Station- Starspray Loop,General Delay,15,31,BW,
2019-06-09,68,11:00:00,Sunday,Warden Station - Angus Glenn,General Delay,12,22,BW,
2019-06-09,95,11:03:00,Sunday,Victoria Park,Mechanical,20,40,E/B,3444
2019-06-09,85,11:16:00,Sunday,Don Mills Station,Utilized Off Route,6,11,E/B,1338
2019-06-09,35,11:20:00,Sunday,Jane & Chalkfarm south @ Heathrow,Investigation,10,20,S/B,3123
2019-06-09,57,11:20:00,Sunday,Midland & Finch,Diversion,35,52,S/B,8693
2019-06-09,29,11:30:00,Sunday,College to Queen,General Delay,30,40,B/W,
2019-06-09,30,11:45:00,Sunday,High Parl station,Mechanical,30,60,E/B,8426
2019-06-09,45,11:58:00,Sunday,Kipling station,Utilized Off Route,9,18,S/B,8417
2019-06-09,63,12:00:00,Sunday,liberty to eglinton wstn,General Delay,9,18,B/W,
2019-06-09,23,12:00:00,Sunday,main station,General Delay,10,1,S/B,
2019-06-09,175,12:00:00,Sunday,kennedy station,General Delay,10,1,S/B,
2019-06-09,64,12:00:00,Sunday,main station,General Delay,10,1,S/B,
2019-06-09,72,12:00:00,Sunday,pape route,General Delay,10,1,S/B,
2019-06-09,22,12:00:00,Sunday,coxwell route,General Delay,10,1,S/B,
2019-06-09,83,12:00:00,Sunday,jones route,General Delay,10,1,S/B,
2019-06-09,87,12:00:00,Sunday,Cosburn route,General Delay,10,1,S/B,
2019-06-09,161,13:01:00,Sunday,Loval,Mechanical,5,10,N/B,1614
2019-06-09,120,13:06:00,Sunday,Wilson and Keele,Mechanical,30,60,E/B,3324
2019-06-09,52,13:17:00,Sunday,TOLLINGTON RD & MARTIN GROVE RD,Mechanical,10,20,E/B,1373
2019-06-09,93,13:35:00,Sunday,Parkview / Aspen,Investigation,24,48,S/B,8533
2019-06-09,88,14:00:00,Sunday,St Clair Station to Thorncliffe/ Overlea,General Delay,15,55,B/W,
2019-06-09,32,14:04:00,Sunday,Dufferin and Eglinton,Mechanical,10,20,E/B,1417
2019-06-09,60,14:32:00,Sunday,Pioneer Village,Utilized Off Route,10,20,W/B,3217
2019-06-09,939,14:57:00,Sunday,Finch Express / Finch Station,Mechanical,10,20,E/B,1550
2019-06-09,75,15:00:00,Sunday,Jarvis/Queens Quay to South Dr/ Glen Rd,General Delay,20,40,B/W,
2019-06-09,47,15:02:00,Sunday,Bloor and Lansdowne,Mechanical,1,1,S/B,1146
2019-06-09,86,15:19:00,Sunday,EGLINTON/FALMOUTH,Mechanical,8,16,E/B,8720
2019-06-09,85,15:53:00,Sunday,Don Mills Station,Mechanical,5,11,E/B,1724
2019-06-09,63,16:00:00,Sunday,bloor to king on ossington,General Delay,7,13,S/B,
2019-06-09,60,16:02:00,Sunday,Finch Station,Mechanical,10,20,W/B,3353
2019-06-09,134,16:10:00,Sunday,Progress Avenue / Scar Town Ctr,Vision,15,30,N/B,1731
2019-06-09,11,16:28:00,Sunday,Sunnybrook Hospital,Mechanical,30,60,N/B,8134
2019-06-09,60,16:32:00,Sunday,Steeles Loop and Martin Grove,Utilized Off Route,10,20,E/B,3199
2019-06-09,161,16:47:00,Sunday,St Clair,Investigation,5,10,N/B,1040
2019-06-09,53,16:59:00,Sunday,Steeles and Ferrier St,Mechanical,6,12,W/B,1531
2019-06-09,45,17:22:00,Sunday,Kipling station,Utilized Off Route,9,18,S/B,8057
2019-06-09,60,17:45:00,Sunday,Finch Station,Utilized Off Route,10,20,W/B,3361
2019-06-09,40,18:15:00,Sunday,Dundas West Station and Runnymede Loop,General Delay,10,22,B/W,
2019-06-09,129,18:17:00,Sunday,McCowan and Alton Tower South,Investigation,18,27,N/B,3423
2019-06-09,121,18:40:00,Sunday,ontario place,Mechanical,15,30,S/B,7941
2019-06-09,17,19:04:00,Sunday,Birchmount and St. Clair,Mechanical,18,36,S/B,9200
2019-06-09,123,20:00:00,Sunday,Evans and Browns line,Diversion,1,1,S/B,1
2019-06-09,85,20:44:00,Sunday,Don Mills Station,Mechanical,20,40,E/B,1333
2019-06-09,6,20:50:00,Sunday,Davenport at Dupont,Utilized Off Route,1,1,S/B,1348
2019-06-09,6,20:50:00,Sunday,Davenport at Dupont,Mechanical,20,40,S/B,1348
2019-06-09,49,20:50:00,Sunday,Kipling station,Mechanical,30,60,W/B,8091
2019-06-09,45,20:55:00,Sunday,Kipling station,Utilized Off Route,10,20,S/B,8423
2019-06-09,111,21:00:00,Sunday,Kipling Station and Willowridge/Richgrove,General Delay,30,45,B/W,
2019-06-09,29,21:00:00,Sunday,Wilson Station,Mechanical,1,1,S/B,9013
2019-06-09,43,21:17:00,Sunday,Kennedy  & Radnor,Investigation,10,20,N/B,8807
2019-06-09,94,21:33:00,Sunday,Castlfrank Station,Utilized Off Route,9,18,W/B,1012
2019-06-09,121,22:00:00,Sunday,Ontario Place,Diversion,20,40,W/B,9214
2019-06-09,32,22:19:00,Sunday,Eglinton West Station,Utilized Off Route,10,20,E/B,1272
2019-06-09,94,22:45:00,Sunday,Castlefrank Station,Utilized Off Route,9,18,W/B,1603
2019-06-09,75,23:30:00,Sunday,Esplanade and Sherbourne,Diversion,20,50,N/B,
2019-06-09,36,23:38:00,Sunday,Finch and Bathurst,Investigation,1,1,W/B,3244
2019-06-10,84,00:10:00,Monday,Shepperd Yonge Stn,Emergency Services,10,20,W/B,3176
2019-06-10,110,01:30:00,Monday,Islington Station,Emergency Services,30,60,S/B,8031
2019-06-10,300,01:48:00,Monday,Victoria Park Station,Investigation,20,20,W/B,9236
2019-06-10,300,04:30:00,Monday,Terminal 3 - Kennedy Station,General Delay,30,60,B/W,8663
2019-06-10,91,05:05:00,Monday,Eglinton,Diversion,999,999,B/W,8955
2019-06-10,116,05:20:00,Monday,Kennedy Rd/Eglinton Ave E,Vision,1,1,E/B,8862
2019-06-10,929,06:08:00,Monday,Wilson Stn,Mechanical,9,17,S/B,9056
2019-06-10,52,06:08:00,Monday,Lawrence W  stn,Mechanical,16,32,W/B,8318
2019-06-10,43,06:09:00,Monday,Kennedy Station,Utilized Off Route,1,1,N/B,8663
2019-06-10,32,06:13:00,Monday,Eglinton West Stn.,Mechanical,1,1,E/B,1353
2019-06-10,32,06:16:00,Monday,Eglinton West Stn.,Mechanical,7,14,E/B,1254
2019-06-10,86,06:24:00,Monday,Manse Rd/Lawrence Ave E,Mechanical,1,1,E/B,8914
2019-06-10,85,06:25:00,Monday,Malvern Gate,Mechanical,16,32,W/B,3503
2019-06-10,939,06:43:00,Monday,McCowan and Finch,Mechanical,8,15,W/B,1403
2019-06-10,73,07:00:00,Monday,ENTIRE ROUTE,General Delay,13,40,B/W,
2019-06-10,76,07:00:00,Monday,entire route,General Delay,6,25,B/W,
2019-06-10,50,07:00:00,Monday,ENTIRE ROUTE,General Delay,9,35,B/W,
2019-06-10,22,07:00:00,Monday,Gerrard and Coxwell,Diversion,999,999,N/B,8499
2019-06-10,610,07:04:00,Monday,Victoria Park Stn,Utilized Off Route,1,1,N/B,8635
2019-06-10,704,07:05:00,Monday,King and University,Utilized Off Route,1,1,,3230
2019-06-10,600,07:05:00,Monday,Keele Station,Utilized Off Route,1,1,E/B,1269
2019-06-10,600,07:05:00,Monday,DUNDAS WEST STN,Utilized Off Route,1,1,W/B,7975
2019-06-10,63,07:05:00,Monday,Ossington Station,Utilized Off Route,3,6,S/B,1221
2019-06-10,600,07:05:00,Monday,Princess Gate,Utilized Off Route,1,1,E/B,1016
2019-06-10,121,07:06:00,Monday,Cherry Beach,Utilized Off Route,13,26,B/W,8519
2019-06-10,75,07:07:00,Monday,lakeshore,Utilized Off Route,5,9,N/B,1289
2019-06-10,704,07:08:00,Monday,Jane Station,Utilized Off Route,0,0,N/B,3201
2019-06-10,72,07:08:00,Monday,Cherry and Commissioners,Utilized Off Route,9,18,B/W,8482
2019-06-10,100,07:09:00,Monday,Broadview Station,Utilized Off Route,3,7,N/B,8744
2019-06-10,6,07:10:00,Monday,Queen and Bay,Utilized Off Route,4,7,S/B,1066
2019-06-10,709,07:10:00,Monday,Sherbourn and Dockside,Utilized Off Route,1,1,N/B,1267
2019-06-10,44,07:14:00,Monday,KIPLING STN,Utilized Off Route,6,12,S/B,8017
2019-06-10,56,07:16:00,Monday,Yonge/Eglinton,Utilized Off Route,16,35,E/B,8147
2019-06-10,88,07:16:00,Monday,St.Clair Station,Utilized Off Route,11,24,E/B,1248
2019-06-10,945,07:22:00,Monday,KIPLING STN,Utilized Off Route,6,11,N/B,8063
2019-06-10,161,07:23:00,Monday,Ossington Station,Mechanical,12,25,S/B,1095
2019-06-10,144,07:30:00,Monday,Concorde Place to Adelaide/Simcoe,General Delay,20,30,S/B,
2019-06-10,939,07:34:00,Monday,Morningside and Nightstar,Mechanical,8,15,W/B,1714
2019-06-10,29,07:35:00,Monday,Dufferin and Castlefield,Mechanical,7,15,S/B,9039
2019-06-10,51,07:35:00,Monday,Freshmeadow,Mechanical,17,34,N/B,1317
2019-06-10,31,07:44:00,Monday,Greenwood station,Mechanical,15,30,S/B,8600
2019-06-10,6,07:57:00,Monday,Yorkville and Yonge,Diversion,56,64,B/W,
2019-06-10,902,08:00:00,Monday,Warden Station to Progress and Sheppard,General Delay,10,15,B/W,
2019-06-10,64,08:00:00,Monday,Main Station to Queen and Wineva,General Delay,10,15,B/W,
2019-06-10,62,08:00:00,Monday,Main Station to Broadview Station,General Delay,10,15,B/W,
2019-06-10,143,08:00:00,Monday,"Richmond, Adelaid",General Delay,10,10,S/B,8951
2019-06-10,102,08:00:00,Monday,Warden Station to Major MacKenzie,General Delay,15,20,B/W,
2019-06-10,72,08:00:00,Monday,Pape Station to Front and Bay,General Delay,15,20,B/W,
2019-06-10,17,08:00:00,Monday,Birchmount,General Delay,15,15,B/W,8479
2019-06-10,6,08:00:00,Monday,Entire Route,General Delay,25,35,B/W,
2019-06-10,924,08:00:00,Monday,BW along the route,General Delay,20,1,B/W,
2019-06-10,24,08:00:00,Monday,BW along the route,General Delay,24,1,B/W,
2019-06-10,68,08:00:00,Monday,Warden & Eglinton,General Delay,15,21,N/B,
2019-06-10,54,08:00:00,Monday,Leslie & Lawrence to Eglinton Station,General Delay,15,24,W/B,
2019-06-10,90,08:00:00,Monday,st clair wstn / oakwood,General Delay,3,7,B/W,
2019-06-10,75,08:00:00,Monday,maple / lakeshore,General Delay,5,9,B/W,
2019-06-10,90,08:03:00,Monday,st clair / vaughn,Investigation,4,8,N/B,8352
2019-06-10,607,08:10:00,Monday,Scarborough Town Center,Utilized Off Route,1,1,S/B,3536
2019-06-10,607,08:10:00,Monday,Scarborough Town Center,Utilized Off Route,1,1,S/B,3471
2019-06-10,929,08:11:00,Monday,Wilson Stn,Mechanical,9,18,S/B,9029
2019-06-10,53,08:18:00,Monday,Brimley and Steeles,Mechanical,6,11,W/B,1561
2019-06-10,706,08:19:00,Monday,Birchmount Garage,Utilized Off Route,0,0,B/W,8491
2019-06-10,606,08:19:00,Monday,Dawes and Danforth,Utilized Off Route,0,0,B/W,9233
2019-06-10,610,08:21:00,Monday,Broadview station,Utilized Off Route,1,1,N/B,8715
2019-06-10,161,08:30:00,Monday,Ossington Station - Jane at Alliance,General Delay,10,15,B/W,
2019-06-10,85,08:30:00,Monday,Dudley to Kenneth,General Delay,15,29,W/B,
2019-06-10,41,08:30:00,Monday,Keele Station - Pioneer Station,General Delay,20,30,B/W,
2019-06-10,94,08:30:00,Monday,Entire Route,General Delay,20,35,B/W,
2019-06-10,124,08:36:00,Monday,Lawrence Station,Vision,6,12,E/B,1242
2019-06-10,122,08:45:00,Monday,Leslie to Bayview,General Delay,15,25,W/B,
2019-06-10,54,08:48:00,Monday,Lawrence Station - Line 3,Mechanical,8,18,W/B,8806
2019-06-10,600,08:48:00,Monday,Renforth Station,Utilized Off Route,1,1,E/B,1038
2019-06-10,22,08:50:00,Monday,Queen and Coxwell,Utilized Off Route,8,16,N/B,8499
2019-06-10,600,08:58:00,Monday,Lawrence W stn,Utilized Off Route,1,1,E/B,8185
2019-06-10,995,08:59:00,Monday,Bayview and York Mills,Mechanical,11,22,E/B,3428
2019-06-10,54,09:00:00,Monday,Eglinton Station,Mechanical,9,18,E/B,8814
2019-06-10,51,09:15:00,Monday,Eglinton & Leslie,General Delay,18,40,B/W,
2019-06-10,74,09:20:00,Monday,St.Clair Station,Utilized Off Route,1,1,S/B,1220
2019-06-10,701,09:26:00,Monday,Wilson Division,Utilized Off Route,1,1,S/B,8389
2019-06-10,6,09:26:00,Monday,Yorkville and Bay,Investigation,11,22,S/B,1536
2019-06-10,97,09:33:00,Monday,Yonge and Heath,Mechanical,30,60,S/B,8392
2019-06-10,39,09:34:00,Monday,Finch and Cherokee,Investigation,5,15,W/B,3510
2019-06-10,82,09:34:00,Monday,rosedale stn,Diversion,46,66,E/B,8309
2019-06-10,95,09:46:00,Monday,Ellesmere RT Station,Mechanical,10,20,W/B,3559
2019-06-10,929,09:47:00,Monday,Dufferin and Queen,Investigation,9,18,S/B,9040
2019-06-10,600,09:48:00,Monday,finch stn,Utilized Off Route,1,1,S/B,8321
2019-06-10,7,09:54:00,Monday,Bathurst Station,Utilized Off Route,8,15,N/B,8199
2019-06-10,50,10:00:00,Monday,East Mall and Burnhamthorpe/ Islington & Bloor,General Delay,15,1,B/W,
2019-06-10,65,10:02:00,Monday,Dundas,Investigation,13,26,B/W,8504
2019-06-10,72,10:18:00,Monday,Carlaw and Queen,Mechanical,19,38,S/B,8459
2019-06-10,127,10:34:00,Monday,Spadina Station,Mechanical,30,60,N/B,1108
2019-06-10,600,10:36:00,Monday,Sherbourn and Queens Quay,Utilized Off Route,1,1,E/B,1038
2019-06-10,29,10:38:00,Monday,Exhibition loop,Mechanical,7,15,N/B,9017
2019-06-10,709,10:40:00,Monday,Castle frank Station,Utilized Off Route,1,1,E/B,1267
2019-06-10,11,10:41:00,Monday,Sunnybrook Hospital,Emergency Services,15,30,S/B,1233
2019-06-10,100,10:46:00,Monday,Broadview station,Mechanical,6,12,N/B,8692
2019-06-10,41,10:59:00,Monday,Keele Station,Mechanical,11,23,N/B,9149
2019-06-10,134,11:06:00,Monday,Scarborough Town Center,Investigation,9,18,E/B,9088
2019-06-10,32,11:28:00,Monday,Eglinton West Stn.,Mechanical,13,26,W/B,1605
2019-06-10,929,12:00:00,Monday,Entire Route,General Delay,20,30,B/W,
2019-06-10,49,12:00:00,Monday,Kipling Station to Markland and Bloor,General Delay,15,28,B/W,
2019-06-10,29,12:00:00,Monday,Dufferin route,General Delay,20,30,B/W,
2019-06-10,14,12:26:00,Monday,Calidonia at Glencarin,Vision,25,50,E/B,1359
2019-06-10,53,12:58:00,Monday,Middlefield and Steeles,Mechanical,23,46,W/B,3424
2019-06-10,32,13:25:00,Monday,Eglinton and Lockesley,Investigation,10,20,W/B,1109
2019-06-10,34,13:30:00,Monday,Leslie,Mechanical,8,16,E/B,8665
2019-06-10,38,13:32:00,Monday,Markham and Ellesmere,Investigation,16,32,W/B,3402
2019-06-10,53,13:37:00,Monday,Don Mills and Steeles,Investigation,23,46,W/B,1308
2019-06-10,168,13:40:00,Monday,Dundas West Station,Mechanical,12,24,N/B,1032
2019-06-10,29,13:55:00,Monday,Wilson Stn,Mechanical,7,15,N/B,
2019-06-10,86,13:56:00,Monday,Kennedy Station,Investigation,10,20,N/B,8870
2019-06-10,21,13:57:00,Monday,Kennedy Station,Mechanical,20,50,S/B,1738
2019-06-10,129,13:59:00,Monday,Steeles loop,Mechanical,14,21,S/B,1611
2019-06-10,75,14:00:00,Monday,JARVIS ST. AT QUEENS QUAY to SOUTH DR. AT GLEN RD.,General Delay,22,30,B/W,
2019-06-10,6,14:00:00,Monday,Bay Route,General Delay,1,1,B/W,
2019-06-10,96,14:00:00,Monday,Route 96,General Delay,18,29,B/W,
2019-06-10,47,14:00:00,Monday,Lansdowne Rout,General Delay,1,1,B/W,
2019-06-10,82,14:00:00,Monday,ROSEDALE STATION to SUMMERHILL AVE. AT MACLENNAN AVE.,General Delay,22,42,B/W,
2019-06-10,29,14:03:00,Monday,Dufferin and Orfus,Mechanical,8,15,N/B,9027
2019-06-10,56,14:09:00,Monday,Laird/Lea,Investigation,18,36,S/B,1307
2019-06-10,995,14:23:00,Monday,York Mills Station,Mechanical,14,28,E/B,3411
2019-06-10,110,14:38:00,Monday,Islington station,Mechanical,24,48,N/B,8072
2019-06-10,711,14:53:00,Monday,Eglinton station,Mechanical,1,1,W/B,8349
2019-06-10,54,14:55:00,Monday,STARSPRAY LOOP,Mechanical,10,20,W/B,8621
2019-06-10,52,15:00:00,Monday,Weston to Bathrust on Lawrence,General Delay,15,26,B/W,
2019-06-10,22,15:00:00,Monday,Coxwell route,General Delay,15,1,B/W,
2019-06-10,952,15:00:00,Monday,Weston to Lawrence station,General Delay,14,26,B/W,
2019-06-10,102,15:00:00,Monday,Markham route,General Delay,10,1,B/W,
2019-06-10,122,15:00:00,Monday,York mills to Roywood,General Delay,12,23,B/W,
2019-06-10,56,15:00:00,Monday,Eglinton station to Donlands station,General Delay,15,30,B/W,
2019-06-10,42,15:14:00,Monday,Cummer and Leslie St.,Mechanical,1,1,E/B,8110
2019-06-10,927,15:18:00,Monday,Highway 27 and Royal Crest,Investigation,7,13,S/B,3247
2019-06-10,102,15:20:00,Monday,warden station,Utilized Off Route,20,40,N/B,8451
2019-06-10,45,15:20:00,Monday,Queensway Garage,Investigation,3,14,N/B,8403
2019-06-10,165,15:23:00,Monday,Wilson & Jane,Mechanical,8,16,W/B,3350
2019-06-10,68,15:30:00,Monday,WARDEN/EGLINTON,General Delay,25,35,B/W,
2019-06-10,90,15:30:00,Monday,ST. CLAIR WEST STATION to OAKWOOD AVE. AT VAUGHAN RD.,General Delay,17,23,B/W,
2019-06-10,29,15:45:00,Monday,Dufferin and Lawrence,Mechanical,7,15,N/B,9149
2019-06-10,36,15:46:00,Monday,Finch West Station,Mechanical,6,12,W/B,9133
2019-06-10,60,15:57:00,Monday,Steeles and Hilda,Investigation,8,16,E/B,3213
2019-06-10,63,16:00:00,Monday,Bloor to King on Ossington,General Delay,8,16,B/W,
2019-06-10,115,16:00:00,Monday,Yorkmills and Bayview,General Delay,10,34,B/W,
2019-06-10,24,16:00:00,Monday,24 Victoria Park Ave,General Delay,15,1,N/B,
2019-06-10,142,16:00:00,Monday,Bombay loop to Jarvis and Richmond,General Delay,15,45,B/W,
2019-06-10,36,16:03:00,Monday,Toryork and Fenmar,Mechanical,13,26,W/B,3291
2019-06-10,604,16:09:00,Monday,Wilson stn,Utilized Off Route,,,B/W,3227
2019-06-10,24,16:25:00,Monday,Navaho Dr,Investigation,8,16,N/B,9224
2019-06-10,102,16:28:00,Monday,warden station,Mechanical,19,38,S/B,3102
2019-06-10,32,16:31:00,Monday,Eglinton at Black Creek,Investigation,10,19,E/B,1073
2019-06-10,52,16:35:00,Monday,Lawrence station,Mechanical,13,20,W/B,1342
2019-06-10,37,16:53:00,Monday,Islington station,Investigation,22,44,S/B,7973
2019-06-10,66,17:00:00,Monday,Entire Route,General Delay,15,1,B/W,
2019-06-10,49,17:00:00,Monday,Kipling Station to Markland/Bloor,General Delay,14,27,B/W,
2019-06-10,900,17:00:00,Monday,Kipling to Terminal 3,General Delay,1,1,B/W,
2019-06-10,74,17:15:00,Monday,Mt. Pleasant and Blythwood,Mechanical,1,1,S/B,1340
2019-06-10,121,17:22:00,Monday,Mill and Cherry,Utilized Off Route,18,36,E/B,9206
2019-06-10,86,17:23:00,Monday,Kingston Rd & Morningside,Mechanical,9,19,N/B,8728
2019-06-10,23,17:25:00,Monday,main station,Mechanical,7,14,S/B,8436
2019-06-10,6,17:25:00,Monday,Bay at Front,Utilized Off Route,6,12,S/B,1354
2019-06-10,94,17:28:00,Monday,Wellesley at Bay,Mechanical,8,16,W/B,1081
2019-06-10,97,17:29:00,Monday,Yonge and Bloor,Mechanical,1,1,S/B,8307
2019-06-10,63,17:31:00,Monday,Atlantic and King,Utilized Off Route,8,16,N/B,8366
2019-06-10,95,17:35:00,Monday,Ellesmere RT Station,Utilized Off Route,10,20,E/B,1744
2019-06-10,117,17:40:00,Monday,Dufferin and Steeles,Mechanical,12,24,S/B,1395
2019-06-10,989,17:40:00,Monday,Keele Station,Mechanical,10,20,N/B,1000
2019-06-10,941,17:43:00,Monday,N/B Keele and Finch,Mechanical,14,28,S/B,1423
2019-06-10,85,17:49:00,Monday,Kennedy/Sheppard,Mechanical,9,18,W/B,3419
2019-06-10,45,17:56:00,Monday,Kipling and Finch,Mechanical,10,20,S/B,8093
2019-06-10,111,18:15:00,Monday,Willowridge and Richgrove,Utilized Off Route,10,20,S/B,8058
2019-06-10,94,18:29:00,Monday,Harbord at Crawford,Mechanical,8,16,E/B,1081
2019-06-10,944,18:33:00,Monday,Colonel Sam Smith Loop,Mechanical,12,24,N/B,8416
2019-06-10,14,18:36:00,Monday,Caledonia and Glencarin.,Investigation,16,32,E/B,1068
2019-06-10,32,18:45:00,Monday,Eglinton West Station,Mechanical,10,19,E/B,1413
2019-06-10,24,19:12:00,Monday,Yorkland Blvd and Yorkland Road,Investigation,1,1,N/B,9212
2019-06-10,15,19:14:00,Monday,Evans and Kipling,Mechanical,7,14,S/B,8413
2019-06-10,88,19:15:00,Monday,St Clair Station,Mechanical,1,1,W/B,8376
2019-06-10,900,19:17:00,Monday,Terminal 1,Investigation,10,20,N/B,8007
2019-06-10,15,19:30:00,Monday,Royal York station,General Delay,24,31,E/B,8413
2019-06-10,15,19:40:00,Monday,Royal York station,Utilized Off Route,30,60,S/B,8606
2019-06-10,929,19:50:00,Monday,Dufferin and Croatia st,Mechanical,10,20,S/B,9014
2019-06-10,36,20:05:00,Monday,Finch and Albion,Investigation,8,16,E/B,9119
2019-06-10,47,20:11:00,Monday,Yorkdale Station,Vision,20,40,S/B,1626
2019-06-10,29,20:40:00,Monday,Dufferin and St Clair,Mechanical,8,16,N/B,9052
2019-06-10,29,20:55:00,Monday,Dufferin and St Clair,Emergency Services,1,1,N/B,9052
2019-06-10,39,21:22:00,Monday,Neilson and Finch,Mechanical,16,32,W/B,1306
2019-06-10,102,21:30:00,Monday,warden station,Emergency Services,30,60,S/B,8472
2019-06-10,133,21:47:00,Monday,Scarborough Town Centre,Utilized Off Route,9,18,E/B,3414
2019-06-10,600,21:49:00,Monday,Pape Station,Utilized Off Route,1,1,S/B,8797
2019-06-10,22,21:50:00,Monday,coxwell station,Utilized Off Route,10,20,S/B,8587
2019-06-10,26,21:55:00,Monday,St George Station,Utilized Off Route,20,40,W/B,1412
2019-06-10,53,21:57:00,Monday,Finch station,Utilized Off Route,5,15,E/B,3443
2019-06-10,63,22:00:00,Monday,ossington station,Utilized Off Route,5,10,N/B,8366
2019-06-10,73,22:38:00,Monday,Hwy 27 before Eglinton off ramp,Mechanical,10,20,S/B,8023
2019-06-10,52,22:45:00,Monday,Lawrence and Scarlet,Emergency Services,4,12,E/B,8146
2019-06-10,54,22:50:00,Monday,LAWRENCE/DON MILLS,Mechanical,20,40,W/B,8900
2019-06-10,129,23:50:00,Monday,Steeles/McCowan,Utilized Off Route,10,20,N/B,3467
2019-06-11,45,00:01:00,Tuesday,Steeles and Kipling Loop,Mechanical,10,20,S/B,8425
2019-06-11,53,00:33:00,Tuesday,Morningside and Finch Ave,Mechanical,18,36,W/B,3553
2019-06-11,600,00:35:00,Tuesday,kennedy station,Utilized Off Route,1,1,S/B,8922
2019-06-11,7,00:40:00,Tuesday,Bathrusr station,Mechanical,8,17,N/B,8105
2019-06-11,38,01:09:00,Tuesday,STC,Mechanical,13,26,E/B,1311
2019-06-11,29,01:35:00,Tuesday,Wilson Station,Mechanical,8,15,S/B,9030
2019-06-11,35,01:55:00,Tuesday,Chalkfarm,Emergency Services,15,30,N/B,3308
2019-06-11,322,02:09:00,Tuesday,Coxwell Ave and Gerrard Street,Diversion,235,265,B/W,8521
2019-06-11,600,02:20:00,Tuesday,Keele station,Utilized Off Route,1,1,S/B,1532
2019-06-11,352,02:51:00,Tuesday,Sunnybrook,Investigation,30,60,E/B,8372
2019-06-11,320,03:08:00,Tuesday,Cumberland,Mechanical,4,8,S/B,8314
2019-06-11,307,03:50:00,Tuesday,Bathurst/Rockford,Investigation,30,60,S/B,8199
2019-06-11,329,04:28:00,Tuesday,Dufferin and Steeles,Mechanical,30,60,,9033
2019-06-11,91,05:05:00,Tuesday,Eglinton,Diversion,999,999,B/W,9237
2019-06-11,22,05:11:00,Tuesday,Gerrard and Coxwell,Diversion,999,999,N/B,8565
2019-06-11,32,05:40:00,Tuesday,Eglinton Station,Mechanical,16,26,W/B,1417
2019-06-11,900,05:40:00,Tuesday,KIPLING STN,Mechanical,14,28,S/B,8005
2019-06-11,36,06:00:00,Tuesday,Humberwood Loop,Mechanical,5,10,,9134
2019-06-11,925,06:00:00,Tuesday,Freshmeadow/Don Mills,Vision,10,20,S/B,8836
2019-06-11,47,06:14:00,Tuesday,Caledonia and Bridgeland,Mechanical,18,36,N/B,1205
2019-06-11,100,06:15:00,Tuesday,Don Mills Road and Wynford Drive,Mechanical,4,8,S/B,8631
2019-06-11,97,06:24:00,Tuesday,York Mills Station,Mechanical,30,60,S/B,8172
2019-06-11,86,06:29:00,Tuesday,Kennedy STN,Vision,10,18,E/B,8635
2019-06-11,32,06:36:00,Tuesday,Eglinton West Station,Mechanical,1,1,W/B,1147
2019-06-11,925,06:39:00,Tuesday,Pape Stn,Vision,1,1,N/B,8624
2019-06-11,50,07:00:00,Tuesday,ENTIRE ROUTE,General Delay,9,40,B/W,
2019-06-11,111,07:00:00,Tuesday,Kipling Station to Willowridge,General Delay,20,31,B/W,
2019-06-11,45,07:00:00,Tuesday,Kipling Station to Steeles and Disco and Attwell,General Delay,15,26,B/W,
2019-06-11,52,07:01:00,Tuesday,Dixon/ HWY 27,Investigation,7,22,E/B,8151
2019-06-11,905,07:03:00,Tuesday,Kennedy STN,Mechanical,11,22,E/B,8900
2019-06-11,116,07:34:00,Tuesday,Kingston Rd/Guildwood Pkwy,Investigation,25,50,W/B,8852
2019-06-11,63,07:40:00,Tuesday,Ossinton & Dewson,Investigation,7,14,N/B,1381
2019-06-11,47,07:42:00,Tuesday,Lansdowne Station,Mechanical,4,8,S/B,1095
2019-06-11,6,07:57:00,Tuesday,Yorkville and Yonge,Diversion,56,64,S/B,
2019-06-11,32,08:00:00,Tuesday,Entire (32A) route,General Delay,7,21,B/W,
2019-06-11,90,08:00:00,Tuesday,st clair wstn / oakwood,General Delay,4,7,B/W,
2019-06-11,73,08:00:00,Tuesday,ENTIRE ROUTE,General Delay,13,45,B/W,
2019-06-11,102,08:00:00,Tuesday,Warden Station to Steeles and Markham,General Delay,15,20,B/W,
2019-06-11,76,08:00:00,Tuesday,ENTIRE ROUTE,General Delay,7,21,B/W,
2019-06-11,32,08:02:00,Tuesday,Eglinton Station,Mechanical,7,14,W/B,1067
2019-06-11,20,08:17:00,Tuesday,Main Station,Mechanical,11,22,E/B,8597
2019-06-11,79,08:21:00,Tuesday,Pine / Lawrence,Mechanical,8,16,S/B,1020
2019-06-11,985,08:24:00,Tuesday,Malvern Gate,Mechanical,10,20,W/B,9060
2019-06-11,75,08:30:00,Tuesday,lakeshore / maple,General Delay,6,9,B/W,
2019-06-11,902,08:30:00,Tuesday,Warden Station to Progress and Sheppard,General Delay,15,20,B/W,
2019-06-11,23,08:30:00,Tuesday,Main Station to Rexleigh and St.Clair,General Delay,10,15,B/W,
2019-06-11,72,08:30:00,Tuesday,Pape Station to Front and Bay,General Delay,15,20,B/W,
2019-06-11,70,09:00:00,Tuesday,Coxwell Stn to Craighton/Pharmacy and Warden Stn,General Delay,15,33,B/W,
2019-06-11,98,09:20:00,Tuesday,Ellerslie and Senlac,Diversion,640,670,S/B,
2019-06-11,94,09:25:00,Tuesday,Jarvis and Wellesley,Investigation,13,26,E/B,1416
2019-06-11,68,09:50:00,Tuesday,Warden Stn,Investigation,10,20,S/B,8883
2019-06-11,116,09:50:00,Tuesday,Kingston Rd/Eglinton Ave E,Mechanical,10,20,E/B,8760
2019-06-11,79,09:51:00,Tuesday,Pinee / Lawrence,Mechanical,8,16,S/B,1077
2019-06-11,32,09:55:00,Tuesday,Eglinton,Mechanical,1,1,W/B,1036
2019-06-11,121,10:00:00,Tuesday,BW Bathurst and Spadina,General Delay,20,1,N/B,
2019-06-11,67,10:00:00,Tuesday,Victoria Park Stn to Crosland/Reddins,General Delay,15,30,B/W,
2019-06-11,29,10:00:00,Tuesday,Entire Route,General Delay,15,30,BW,
2019-06-11,24,10:01:00,Tuesday,Victoria Park Station,Mechanical,10,20,N/B,9215
2019-06-11,95,10:09:00,Tuesday,Ellesmere and kingston Rd Loop,Mechanical,20,40,W/B,1308
2019-06-11,52,10:11:00,Tuesday,Lawrence/Dufferin,Investigation,12,20,E/B,8184
2019-06-11,115,10:16:00,Tuesday,Yosrk Mills stn,General Delay,20,40,E/B,8385
2019-06-11,24,10:27:00,Tuesday,Victoria pk and lawrence,Investigation,29,58,N/B,8476
2019-06-11,41,10:34:00,Tuesday,Finch station,Mechanical,9,18,S/B,9150
2019-06-11,123,10:41:00,Tuesday,Shorncliffe and Dundas,Diversion,195,207,N/B,8088
2019-06-11,122,11:15:00,Tuesday,Fennelon loop,Mechanical,17,34,W/B,8131
2019-06-11,5,11:30:00,Tuesday,eglinton stn,Utilized Off Route,30,60,S/B,8375
2019-06-11,905,11:40:00,Tuesday,Kennedy STN,Mechanical,11,22,E/B,8731
2019-06-11,719,11:50:00,Tuesday,Renforth Station,Mechanical,1,1,E/B,1070
2019-06-11,32,11:58:00,Tuesday,Emmett and Verona,Mechanical,13,26,E/B,1136
2019-06-11,64,12:00:00,Tuesday,Main station to Queen and Wineva,General Delay,10,15,B/W,
2019-06-11,50,12:00:00,Tuesday,Entire Routre,General Delay,15,1,B/W,
2019-06-11,73,12:00:00,Tuesday,Oak and Weston Rd,General Delay,20,1,B/W,
2019-06-11,6,12:00:00,Tuesday,Entire Route,General Delay,15,25,B/W,
2019-06-11,116,12:29:00,Tuesday,Morningside & Lawerence,Investigation,1,1,S/B,8704
2019-06-11,23,12:30:00,Tuesday,Main Station to Rexleigh,General Delay,10,15,B/W,
2019-06-11,5,12:40:00,Tuesday,Elm and Elizabeth,Diversion,120,150,N/B,
2019-06-11,32,12:45:00,Tuesday,Scott and Eglinton,Mechanical,11,22,E/B,1329
2019-06-11,67,12:55:00,Tuesday,Pharmacy/Dolphin,Investigation,15,30,S/B,8854
2019-06-11,54,12:55:00,Tuesday,Brimley,Investigation,20,40,E/B,8776
2019-06-11,995,12:57:00,Tuesday,Pharamcy and Ellesmere,Mechanical,10,20,W/B,1239
2019-06-11,32,13:11:00,Tuesday,Gabianway on Eglinton,Mechanical,11,22,E/B,1254
2019-06-11,102,13:16:00,Tuesday,North Woodrow and St.Clair,Diversion,128,148,B/W,
2019-06-11,902,13:16:00,Tuesday,North Woodrow and St.Clair,Diversion,128,138,B/W,
2019-06-11,16,13:22:00,Tuesday,St. Clair at Woodrow,Diversion,132,144,B/W,
2019-06-11,9,13:22:00,Tuesday,St. Clair at Woodrow,Diversion,127,144,B/W,
2019-06-11,47,13:25:00,Tuesday,Dupont and Lansdowne,Mechanical,1,1,N/B,1113
2019-06-11,96,13:55:00,Tuesday,John Garland & Kipling,Diversion,374,384,B/W,
2019-06-11,110,14:00:00,Tuesday,Lakeshore and Islington,Diversion,90,94,S/B,
2019-06-11,996,14:00:00,Tuesday,Route 996,General Delay,20,30,B/W,
2019-06-11,118,14:00:00,Tuesday,Route 118,General Delay,12,37,B/W,
2019-06-11,37,14:00:00,Tuesday,Entire Route,General Delay,20,35,B/W,
2019-06-11,165,14:00:00,Tuesday,Route 165,General Delay,12,20,B/W,
2019-06-11,47,14:00:00,Tuesday,Lansdowne Route,General Delay,20,38,B/W,
2019-06-11,47,14:00:00,Tuesday,Lansdowne Route,General Delay,1,1,B/W,
2019-06-11,96,14:00:00,Tuesday,Route 96,General Delay,16,27,B/W,
2019-06-11,80,14:00:00,Tuesday,Entire Route,General Delay,20,45,B/W,
2019-06-11,75,14:00:00,Tuesday,Jarvis/ Queens Quay to Bloor/Sherbourne,General Delay,25,33,B/W,
2019-06-11,6,14:00:00,Tuesday,Bay Route,General Delay,20,33,B/W,
2019-06-11,37,14:02:00,Tuesday,Dixon and Islington,Investigation,20,40,N/B,8419
2019-06-11,55,14:10:00,Tuesday,Jane / Bloor,Mechanical,15,30,N/B,1110
2019-06-11,600,14:12:00,Tuesday,Runnymede Station,Utilized Off Route,1,1,S/B,1267
2019-06-11,702,14:14:00,Tuesday,Royal York Station,Utilized Off Route,1,1,S/B,8083
2019-06-11,927,14:17:00,Tuesday,Kipling Station,Utilized Off Route,13,26,N/B,3272
2019-06-11,72,14:19:00,Tuesday,carlaw and eastern,Investigation,10,20,S/B,9216
2019-06-11,75,14:20:00,Tuesday,Sherbourne/ Gerrard,Investigation,8,16,S/B,8106
2019-06-11,47,14:20:00,Tuesday,Lansdowne at Bloor,Utilized Off Route,15,30,S/B,1553
2019-06-11,944,14:20:00,Tuesday,Kipling Station,Utilized Off Route,11,22,S/B,8053
2019-06-11,25,14:27:00,Tuesday,Pape STN,Mechanical,9,18,N/B,8916
2019-06-11,45,14:29:00,Tuesday,Kipling Station,Utilized Off Route,11,20,N/B,8054
2019-06-11,939,14:30:00,Tuesday,McCowan and Finch,Mechanical,14,28,B/W,3503
2019-06-11,35,14:35:00,Tuesday,JNST - Jane Station,Utilized Off Route,9,18,N/B,3340
2019-06-11,60,14:57:00,Tuesday,Finch station,Mechanical,8,16,W/B,3138
2019-06-11,925,14:59:00,Tuesday,Pape STN,Mechanical,8,16,N/B,8630
2019-06-11,90,15:00:00,Tuesday,St Clair West Station to Oakwood/ Vaughan,General Delay,25,30,B/W,
2019-06-11,64,15:00:00,Tuesday,main route,General Delay,10,1,B/W,
2019-06-11,902,15:00:00,Tuesday,Markham express route,General Delay,20,1,B/W,
2019-06-11,72,15:00:00,Tuesday,pape station,General Delay,10,1,B/W,
2019-06-11,102,15:00:00,Tuesday,Markham route,General Delay,20,1,B/W,
2019-06-11,62,15:00:00,Tuesday,Mortimer routing,General Delay,10,1,B/W,
2019-06-11,22,15:00:00,Tuesday,coxwell station,General Delay,10,1,B/W,
2019-06-11,52,15:00:00,Tuesday,Weston to Bathrust on Lawrence,General Delay,14,26,B/W,
2019-06-11,115,15:00:00,Tuesday,Bayview and Yorkmills,General Delay,10,34,B/W,
2019-06-11,122,15:00:00,Tuesday,Yorkmills and Bayview,General Delay,13,25,B/W,
2019-06-11,952,15:00:00,Tuesday,Weston to Bathrust on Lawrence,General Delay,13,25,B/W,
2019-06-11,123,15:04:00,Tuesday,Dundas and Shorncliffe,Mechanical,1,1,N/B,8047
2019-06-11,52,15:10:00,Tuesday,Dufflaw and Lawrence,Mechanical,13,26,W/B,1280
2019-06-11,74,15:15:00,Tuesday,Soudan Ave and Mt. Pleasant,Investigation,18,37,N/B,8352
2019-06-11,32,15:16:00,Tuesday,Eglinton at Ennerdale,Mechanical,10,19,E/B,1132
2019-06-11,102,15:20:00,Tuesday,Warden station,Utilized Off Route,20,40,S/B,8543
2019-06-11,81,15:27:00,Tuesday,pape station,Mechanical,9,18,S/B,8568
2019-06-11,105,15:33:00,Tuesday,Sheppard West Station,Mechanical,12,24,N/B,8218
2019-06-11,927,15:40:00,Tuesday,Humber College and Highway 27 west side,Investigation,7,13,S/B,3293
2019-06-11,66,16:00:00,Tuesday,Entire route,General Delay,15,1,B/W,
2019-06-11,142,16:00:00,Tuesday,Bombay loop to Jarvis/Richmond,General Delay,15,45,B/W,
2019-06-11,60,16:00:00,Tuesday,60 Steeles west route,General Delay,7,20,B/W,
2019-06-11,34,16:00:00,Tuesday,Eglinton Station to Kennedy Station,General Delay,20,25,B/W,
2019-06-11,51,16:00:00,Tuesday,"eglinton, 401 leslie to eglinton and leslie",General Delay,18,36,B/W,
2019-06-11,63,16:00:00,Tuesday,Bloor to King on ossington,General Delay,8,16,B/W,
2019-06-11,37,16:02:00,Tuesday,Rexdale and Islington,Mechanical,1,1,S/B,8021
2019-06-11,131,16:09:00,Tuesday,Lawrence and brimley road,General Delay,12,19,B/W,
2019-06-11,23,16:10:00,Tuesday,Rexleigh and st clair,Mechanical,7,14,S/B,8545
2019-06-11,937,16:26:00,Tuesday,Islington and Rexdale,Utilized Off Route,12,24,N/B,8069
2019-06-11,985,16:30:00,Tuesday,Sheppard and Meadowvale,Mechanical,9,18,WB,9079
2019-06-11,56,16:30:00,Tuesday,Lairad and Millwood,General Delay,15,30,B/W,
2019-06-11,29,16:43:00,Tuesday,Dufferin and Castlefield,Investigation,7,15,N/B,9039
2019-06-11,90,16:50:00,Tuesday,St Clair West Statioin,Mechanical,5,10,N/B,1373
2019-06-11,37,16:50:00,Tuesday,Humberwood Loop,Mechanical,24,48,S/B,7963
2019-06-11,133,17:01:00,Tuesday,Scarborough Town Centre,Utilized Off Route,8,15,E/B,3461
2019-06-11,165,17:14:00,Tuesday,Wilson stn,Investigation,8,16,E/B,3267
2019-06-11,96,17:39:00,Tuesday,Islington & Elmhurst,Mechanical,11,22,E/B,3264
2019-06-11,10,18:00:00,Tuesday,Van horne and Don mills,Diversion,70,80,N/B,
2019-06-11,65,18:09:00,Tuesday,Berkeley and Front,Utilized Off Route,11,22,N/B,8949
2019-06-11,985,18:10:00,Tuesday,Sheppard an Meadowvale,Mechanical,9,18,EB,9070
2019-06-11,90,18:16:00,Tuesday,Vaughan and St Clair,Mechanical,5,10,N/B,8362
2019-06-11,924,18:23:00,Tuesday,Lawrence Ave,Investigation,9,18,W/B,8489
2019-06-11,161,18:31:00,Tuesday,Oakwood ave and St.Clair.,Mechanical,13,26,W/B,1350
2019-06-11,945,18:42:00,Tuesday,Kipling and Steeles,Utilized Off Route,8,16,S/B,7968
2019-06-11,11,18:45:00,Tuesday,Davisville station,General Delay,20,34,N/B,
2019-06-11,90,18:49:00,Tuesday,Vaughan/ St Clair,Diversion,25,30,B/W,
2019-06-11,11,19:00:00,Tuesday,Davisville Station,Mechanical,14,28,N/B,1362
2019-06-11,87,19:00:00,Tuesday,Main Station,Mechanical,10,20,W/B,9204
2019-06-11,24,19:06:00,Tuesday,Dawes Road and Victoria Park Ave,Investigation,9,18,W/B,8547
2019-06-11,29,19:24:00,Tuesday,Dufferin and Eglinton,Investigation,8,12,S/B,9028
2019-06-11,23,19:35:00,Tuesday,main station,Mechanical,10,20,S/B,8455
2019-06-11,125,19:47:00,Tuesday,Drewary and Gardenia Ct.,Investigation,15,30,E/B,1317
2019-06-11,939,19:50:00,Tuesday,McCowan an 401,Mechanical,1,1,B/W,3430
2019-06-11,124,19:57:00,Tuesday,Sunnybrook hospital,Investigation,1,1,N/B,8197
2019-06-11,38,20:08:00,Tuesday,Rouge Hill GO Stn,Mechanical,9,10,W/B,1246
2019-06-11,29,20:08:00,Tuesday,Dufferin and Eglinton,Investigation,8,16,S/B,9147
2019-06-11,11,20:16:00,Tuesday,Davisville Station,Mechanical,28,56,N/B,1371
2019-06-11,165,20:37:00,Tuesday,Wilson & Clayson,Investigation,10,20,W/B,3343
2019-06-11,32,21:23:00,Tuesday,Eglinton at Keele,Utilized Off Route,10,20,E/B,1138
2019-06-11,108,21:29:00,Tuesday,Pioneer Village Stn,Emergency Services,9,18,S/B,3208
2019-06-11,12,21:31:00,Tuesday,Victoria Park Station,Investigation,1,1,W/B,8449
2019-06-11,905,21:32:00,Tuesday,Eglinton & McCowan,Investigation,13,26,W/B,8884
2019-06-11,30,21:35:00,Tuesday,Kipling Station,Mechanical,1,1,W/B,8031
2019-06-11,74,21:37:00,Tuesday,Mt Pleasant and Blythwood Rd,Investigation,18,36,N/B,8311
2019-06-11,47,21:40:00,Tuesday,Lansdowne at Queen,Utilized Off Route,10,20,N/B,1258
2019-06-11,55,21:45:00,Tuesday,Old Mill stn,Utilized Off Route,20,40,N/B,1016
2019-06-11,165,21:53:00,Tuesday,Wilson & Clayson,Mechanical,10,20,E/B,3343
2019-06-11,94,21:59:00,Tuesday,Harbord at Roston,Mechanical,9,18,E/B,1097
2019-06-11,112,22:52:00,Tuesday,Shorncliffe and Dundas,Diversion,226,241,E/B,8040
2019-06-11,900,22:55:00,Tuesday,Dundas and Shorncliffe,Diversion,198,208,E/B,8010
2019-06-11,45,22:58:00,Tuesday,Albion / Finch,Mechanical,10,20,S/B,56
2019-06-11,41,23:01:00,Tuesday,S/B Keele and Ewart Ave.,Emergency Services,17,34,S/B,9022
2019-06-11,165,23:08:00,Tuesday,Arrow,Mechanical,10,20,S/B,3329
2019-06-11,111,23:15:00,Tuesday,Dundas / Shorncliffe,Diversion,126,150,E/B,8606
2019-06-11,41,23:55:00,Tuesday,N/B Keele and Sheppard,Investigation,20,32,N/B,9022
2019-06-12,32,01:01:00,Wednesday,W/B Martin Grove and Eglington,Diversion,1,1,W/B,
2019-06-12,939,01:08:00,Wednesday,STC,Mechanical,9,18,W/B,3498
2019-06-12,11,01:32:00,Wednesday,Eglinton and Bayview,Investigation,30,60,S/B,8165
2019-06-12,300,02:00:00,Wednesday,Kennedy Station,General Delay,20,40,BW,9209
2019-06-12,601,04:30:00,Wednesday,Wilson garage,Utilized Off Route,1,1,S/B,8193
2019-06-12,704,04:30:00,Wednesday,King and Brent,Utilized Off Route,1,1,,3172
2019-06-12,704,04:30:00,Wednesday,King and Brent,Utilized Off Route,1,1,,3283
2019-06-12,600,04:30:00,Wednesday,Mt. Dennis Garage,Utilized Off Route,1,1,S/B,1065
2019-06-12,601,04:30:00,Wednesday,Wilson Garage,Utilized Off Route,1,1,S/B,8379
2019-06-12,600,04:30:00,Wednesday,Mt. Dennis Garage,Utilized Off Route,1,1,S/B,1130
2019-06-12,334,04:44:00,Wednesday,Eglinton and Laird Dr,Investigation,30,60,E/B,8874
2019-06-12,91,05:00:00,Wednesday,Eglinton Ave East - Bermondsey / Sloane,Diversion,1,1,SB,8569
2019-06-12,129,05:35:00,Wednesday,Major Mackenzie,Mechanical,27,27,S/B,1650
2019-06-12,34,05:42:00,Wednesday,Eglinton station,Mechanical,8,16,W/B,8754
2019-06-12,6,05:45:00,Wednesday,Davenport and Bedford,Mechanical,1,1,S/B,1023
2019-06-12,43,06:09:00,Wednesday,Kennedy Station,Utilized Off Route,1,1,N/B,8640
2019-06-12,119,06:14:00,Wednesday,jane,Investigation,20,40,S/B,3158
2019-06-12,53,06:15:00,Wednesday,Finch and Tapscott,Mechanical,7,14,N/B,1561
2019-06-12,945,06:36:00,Wednesday,27 and evans,Mechanical,6,12,N/B,7969
2019-06-12,985,06:53:00,Wednesday,Sheppard and 404 bridge,Investigation,8,10,E/B,6826
2019-06-12,945,06:53:00,Wednesday,rexdale on kipling,Mechanical,6,12,S/B,8611
2019-06-12,23,07:09:00,Wednesday,Main Station,Mechanical,5,10,N/B,8527
2019-06-12,100,07:22:00,Wednesday,Don Mills & Wynford,Mechanical,4,7,S/B,8870
2019-06-12,16,07:30:00,Wednesday,McCowan Route,General Delay,15,24,BW,0
2019-06-12,50,07:30:00,Wednesday,ENTIRE ROUTE,General Delay,9,30,B/W,
2019-06-12,59,07:31:00,Wednesday,Lawrence Wet Station,Mechanical,0,0,W/B,3157
2019-06-12,38,07:41:00,Wednesday,Scarborough Town Centre,Mechanical,11,21,E/B,1541
2019-06-12,54,07:45:00,Wednesday,Starspray Loop to Eglinton Station,General Delay,15,24,BW,
2019-06-12,905,07:45:00,Wednesday,Kennedy STN to U of T Loop,General Delay,15,26,B/W,
2019-06-12,57,07:45:00,Wednesday,Kennedy STN to Midland/Steeles,General Delay,15,24,B/W,
2019-06-12,986,07:45:00,Wednesday,Kennedy STN to Meadowvale Loop (S LP),General Delay,15,20,B/W,
2019-06-12,935,07:45:00,Wednesday,Entire 935 Jane Express Route,General Delay,15,25,B/W,
2019-06-12,116,07:45:00,Wednesday,Kennedy STN to Morningside/Nightstar (All Branches),General Delay,15,22,B/W,
2019-06-12,35,07:45:00,Wednesday,Entire 35 Jane Route,General Delay,15,24,B/W,
2019-06-12,86,07:45:00,Wednesday,Kennedy STN to Toronto Zoo (All Branches),General Delay,15,27,B/W,
2019-06-12,63,07:45:00,Wednesday,Eglinton/ Marlee,Investigation,9,19,W/B,8217
2019-06-12,6,07:57:00,Wednesday,Yorkville and Yonge,Diversion,56,64,S/B,
2019-06-12,132,08:00:00,Wednesday,132 Milner Route-All Branch,General Delay,22,44,B/W,1400
2019-06-12,17,08:00:00,Wednesday,Birchmount Route,General Delay,15,22,BW,0
2019-06-12,995,08:00:00,Wednesday,995 York Mills Express-All Branch,General Delay,15,30,B/W,1245
2019-06-12,903,08:00:00,Wednesday,903 Nugget Express-All Branch,General Delay,10,20,B/W,1752
2019-06-12,131,08:00:00,Wednesday,131 Nugget Route-All Branch,General Delay,20,30,B/W,1752
2019-06-12,79,08:00:00,Wednesday,Entire Route,General Delay,14,28,B/W,
2019-06-12,143,08:00:00,Wednesday,Downtown - Beaches Express,General Delay,15,30,BW,0
2019-06-12,84,08:00:00,Wednesday,Entire 84 Sheppard W Route Both Ways,General Delay,15,21,B/W,
2019-06-12,6,08:00:00,Wednesday,Entire Route,General Delay,20,30,B/W,
2019-06-12,68,08:00:00,Wednesday,Warden Station - Warden Loop,General Delay,15,25,BW,
2019-06-12,984,08:00:00,Wednesday,Entire 984 Sheppard W Express Route Both Ways,General Delay,15,24,B/W,
2019-06-12,960,08:00:00,Wednesday,Entire 960 Steeles W Express Route Both Ways,General Delay,18,28,B/W,
2019-06-12,94,08:00:00,Wednesday,Entire Route,General Delay,25,35,B/W,
2019-06-12,60,08:00:00,Wednesday,Entire 60 Steeles Route Both Ways,General Delay,16,27,B/W,
2019-06-12,73,08:00:00,Wednesday,ENTIRE ROUTE,General Delay,13,35,B/W,
2019-06-12,130,08:00:00,Wednesday,130 Middlefield Route-All Branch,General Delay,22,44,B/W,3462
2019-06-12,108,08:00:00,Wednesday,Entire 108 Driftwood Route,General Delay,15,24,B/W,
2019-06-12,76,08:00:00,Wednesday,ENTIRE ROUTE,General Delay,6,25,B/W,
2019-06-12,95,08:00:00,Wednesday,95 York Mills Route All Branch,General Delay,20,30,B/W,1298
2019-06-12,39,08:02:00,Wednesday,Don Mills on Finch,Mechanical,10,20,E/B,3542
2019-06-12,92,08:30:00,Wednesday,Woodbine South Route,General Delay,10,18,BW,0
2019-06-12,5,08:30:00,Wednesday,Kipling station,Investigation,7,14,N/B,3160
2019-06-12,939,08:30:00,Wednesday,Finch Route,General Delay,15,30,B/W,1299
2019-06-12,42,08:43:00,Wednesday,Mcnicoll and Victoria Park,Investigation,12,24,W/B,1346
2019-06-12,41,08:45:00,Wednesday,Sheppard and Keele,General Delay,9,18,N/B,1061
2019-06-12,133,08:46:00,Wednesday,Hwy 401 and Neilson,Diversion,80,91,S/B,
2019-06-12,122,08:52:00,Wednesday,York Mills/Don Mills,Mechanical,9,18,E/B,8352
2019-06-12,24,09:00:00,Wednesday,Eglinton to Lawrence,General Delay,20,1,B/W,
2019-06-12,70,09:00:00,Wednesday,Coxwell Stn to Craighton/Pharmacy and Warden Stn,General Delay,18,36,B/W,8632
2019-06-12,25,09:00:00,Wednesday,Pape Stn to Don Mills Stn,General Delay,15,20,B/W,
2019-06-12,113,09:02:00,Wednesday,Kennedy and St clair,Diversion,45,65,W/B,9230
2019-06-12,29,09:13:00,Wednesday,Lawrence and Dufferin,Mechanical,8,15,S/B,9001
2019-06-12,39,09:31:00,Wednesday,Finch route,General Delay,15,30,B/W,1568
2019-06-12,70,09:32:00,Wednesday,Coxwell/Glebeholme,Emergency Services,13,33,N/B,8856
2019-06-12,79,09:45:00,Wednesday,Runnymede station,Utilized Off Route,1,1,N/B,1015
2019-06-12,123,09:56:00,Wednesday,long branch loop,Mechanical,28,56,N/B,8049
2019-06-12,50,10:00:00,Wednesday,Entire Route,General Delay,20,1,B/W,
2019-06-12,32,10:03:00,Wednesday,Pine at Lawrence,Mechanical,11,22,E/B,1378
2019-06-12,109,10:23:00,Wednesday,neptune,Mechanical,20,40,E/B,1383
2019-06-12,29,10:28:00,Wednesday,Dufferin and preston rd,Investigation,8,15,B/W,9102
2019-06-12,82,11:00:00,Wednesday,rosedale stn / summerhill,General Delay,4,8,B/W,
2019-06-12,39,11:08:00,Wednesday,Finch Station,Mechanical,6,12,E/B,1568
2019-06-12,37,11:25:00,Wednesday,STEELES AND ISLINGTON,Mechanical,20,40,S/B,8072
2019-06-12,75,12:00:00,Wednesday,maple / lakeshore,General Delay,5,9,B/W,
2019-06-12,116,12:06:00,Wednesday,Morningside Ave/Kingston Rd,Investigation,10,20,N/B,8775
2019-06-12,7,12:12:00,Wednesday,ranee,Investigation,8,16,S/B,8184
2019-06-12,939,12:18:00,Wednesday,Victoria Park,Mechanical,5,9,E/B,1550
2019-06-12,32,12:20:00,Wednesday,Eglinton West Station,Mechanical,13,26,W/B,1136
2019-06-12,29,12:30:00,Wednesday,Entire Route,General Delay,25,50,BW,
2019-06-12,6,12:30:00,Wednesday,Entire Route,General Delay,20,30,B/W,
2019-06-12,122,12:44:00,Wednesday,Roywood,Mechanical,17,34,E/B,8333
2019-06-12,35,12:46:00,Wednesday,Pioneer Village Station,Investigation,7,14,S/B,3152
2019-06-12,56,12:48:00,Wednesday,Eglinton Stn,Investigation,25,50,W/B,1372
2019-06-12,102,12:54:00,Wednesday,St.Clair and Kingston Road,Investigation,30,60,N/B,8503
2019-06-12,83,13:00:00,Wednesday,Jones Route,General Delay,15,33,BW,0
2019-06-12,929,13:00:00,Wednesday,Dufferin / Lawrence,Vision,10,20,n,1030
2019-06-12,112,13:28:00,Wednesday,dundas and west mall,Mechanical,20,40,N/B,8427
2019-06-12,66,13:39:00,Wednesday,Berry Rd and Minstrel Dr.,Mechanical,24,48,S/B,8015
2019-06-12,100,13:40:00,Wednesday,Don Mills & Overlea,Diversion,10,20,B/W,8690
2019-06-12,25,13:44:00,Wednesday,Don Mills/Overlea,Diversion,103,112,B/W,
2019-06-12,925,13:44:00,Wednesday,Don Mills/Overlea,Diversion,103,113,B/W,
2019-06-12,96,13:50:00,Wednesday,Wilson & Wendel,Mechanical,10,20,W/B,3165
2019-06-12,36,13:59:00,Wednesday,Finch at Jane,Mechanical,5,10,E/B,9112
2019-06-12,996,14:00:00,Wednesday,Route 996,General Delay,21,32,B/W,
2019-06-12,97,14:00:00,Wednesday,Entire Route,General Delay,1,1,B/W,
2019-06-12,88,14:00:00,Wednesday,Entire Route,General Delay,1,1,B/W,
2019-06-12,90,14:00:00,Wednesday,St clair west station to Vaughan/Oakwood,General Delay,10,15,B/W,
2019-06-12,118,14:00:00,Wednesday,Route 118,General Delay,16,41,B/W,
2019-06-12,75,14:00:00,Wednesday,Lower Jarvis and Queens quay,General Delay,10,18,B/W,
2019-06-12,165,14:00:00,Wednesday,Route 165,General Delay,18,26,B/W,
2019-06-12,96,14:00:00,Wednesday,Route 96,General Delay,17,28,B/W,
2019-06-12,87,14:10:00,Wednesday,Secord and Eastdale,Investigation,10,20,W/B,8570
2019-06-12,25,14:15:00,Wednesday,Don Mills Stn,Utilized Off Route,8,16,S/B,8688
2019-06-12,52,14:27:00,Wednesday,Lawrence W stn,Mechanical,14,28,W/B,8129
2019-06-12,30,14:28:00,Wednesday,Kipling Station.,Mechanical,22,44,E/B,7971
2019-06-12,160,14:35:00,Wednesday,W Promenode and New westminister,Investigation,26,52,E/B,8146
2019-06-12,90,14:36:00,Wednesday,St clair west station,Mechanical,8,16,N/B,8366
2019-06-12,25,14:45:00,Wednesday,Overlea and Millwood,Utilized Off Route,8,16,N/B,8726
2019-06-12,75,14:47:00,Wednesday,Sherbourne and Carlton,Investigation,8,16,N/B,8154
2019-06-12,41,14:48:00,Wednesday,Pioneer Village Station,Mechanical,9,18,S/B,9052
2019-06-12,63,14:58:00,Wednesday,Canliff / Strachan,Investigation,5,10,N/B,8203
2019-06-12,102,15:00:00,Wednesday,St Clair and Kingston to Warden Station,General Delay,7,14,B/W,
2019-06-12,11,15:00:00,Wednesday,Eglinton and Bayview,General Delay,14,28,B/W,
2019-06-12,52,15:30:00,Wednesday,lawrence West Stn to Keele,General Delay,240,256,W/B,
2019-06-12,56,15:30:00,Wednesday,Laird and Elginton to Brentcliffe and to Millwood/Overlea,General Delay,240,260,B/W,
2019-06-12,124,15:30:00,Wednesday,Entire route,General Delay,1,1,B/W,
2019-06-12,953,15:36:00,Wednesday,404,Mechanical,10,20,E/B,9066
2019-06-12,110,15:38:00,Wednesday,Longbranch loop,Investigation,24,48,S/B,8044
2019-06-12,25,15:53:00,Wednesday,pape Station,Mechanical,8,13,N/B,8912
2019-06-12,100,15:53:00,Wednesday,Grenoble/Vendome Pl.,Emergency Services,6,12,N/B,8724
2019-06-12,168,15:58:00,Wednesday,Rogers and Weston,Mechanical,7,14,W/B,1123
2019-06-12,100,16:00:00,Wednesday,Don Mills/Wynford to Broadview Station,General Delay,20,26,B/W,
2019-06-12,59,16:00:00,Wednesday,Maple Leaf Route.,General Delay,13,27,B/W,
2019-06-12,34,16:00:00,Wednesday,Eglinton Station to Kennedy Station,General Delay,20,25,B/W,
2019-06-12,122,16:00:00,Wednesday,York Mills Stn to Bayview,General Delay,210,225,E/B,
2019-06-12,115,16:00:00,Wednesday,York Mills stn to Bayview,General Delay,210,230,E/B,
2019-06-12,952,16:00:00,Wednesday,Lawrence West Stn to Keele St,General Delay,270,285,W/B,
2019-06-12,66,16:00:00,Wednesday,Entire route,General Delay,20,1,B/W,
2019-06-12,72,16:00:00,Wednesday,Front and Bay,General Delay,16,32,B/W,
2019-06-12,48,16:00:00,Wednesday,Royal York station,General Delay,14,44,N/B,8610
2019-06-12,63,16:00:00,Wednesday,bloor to king on ossington,General Delay,8,16,B/W,
2019-06-12,51,16:00:00,Wednesday,401 and leslie to eglinton station,General Delay,18,36,B/W,
2019-06-12,37,16:10:00,Wednesday,Steeles loop,Mechanical,12,24,S/B,8421
2019-06-12,902,16:10:00,Wednesday,Warden Station,Mechanical,10,20,N/B,8562
2019-06-12,63,16:23:00,Wednesday,Shaw and King,Emergency Services,10,20,N/B,8158
2019-06-12,162,16:30:00,Wednesday,Entire Route,General Delay,1,1,B/W,
2019-06-12,929,16:45:00,Wednesday,Wilson Stn,Mechanical,10,20,S/B,9152
2019-06-12,11,16:51:00,Wednesday,Sunnybrooke hospital,Investigation,14,28,S/B,8120
2019-06-12,142,17:00:00,Wednesday,Bloor to College and Richmond to church,General Delay,150,185,N/B,
2019-06-12,45,17:00:00,Wednesday,Entire 45 route,General Delay,30,44,B/W,
2019-06-12,924,17:15:00,Wednesday,McNicoll and Victoria Park,Mechanical,9,18,N/B,8580
2019-06-12,94,17:15:00,Wednesday,Harbour and Shaw st,General Delay,10,20,B/W,1555
2019-06-12,29,17:16:00,Wednesday,Dufferin and Liberty,Investigation,7,15,S/B,1016
2019-06-12,133,17:18:00,Wednesday,Staines and Seasons,Mechanical,8,16,N/B,3427
2019-06-12,39,17:18:00,Wednesday,Scott field and Finch,Investigation,14,28,E/B,3435
2019-06-12,34,17:20:00,Wednesday,Rosemount,Investigation,4,9,W/B,8862
2019-06-12,34,17:21:00,Wednesday,Pharmacy,Investigation,5,9,W/B,8869
2019-06-12,80,17:30:00,Wednesday,Kipling and Queensway,General Delay,30,69,E/B,8412
2019-06-12,47,17:32:00,Wednesday,St Clair and Lansdowne,General Delay,12,24,B/W,1203
2019-06-12,32,17:40:00,Wednesday,Eglinton at Scarlett,Mechanical,9,19,W/B,1106
2019-06-12,985,18:00:00,Wednesday,Birchmount on Sheppard,Mechanical,10,20,W/B,9078
2019-06-12,61,18:00:00,Wednesday,Entire Route,General Delay,1,1,B/W,
2019-06-12,25,18:00:00,Wednesday,Don Mills Station,Mechanical,5,10,N/B,8679
2019-06-12,30,18:00:00,Wednesday,Dundas and Mabelle,Diversion,45,75,B/W,8016
2019-06-12,45,18:01:00,Wednesday,Kipling Station,Mechanical,14,14,N/B,8423
2019-06-12,35,18:05:00,Wednesday,Jane Station,Mechanical,10,20,S/B,3356
2019-06-12,21,18:29:00,Wednesday,Scarborough Town Centere,Mechanical,9,178,N/B,1326
2019-06-12,32,18:45:00,Wednesday,Eglinton West Station,Utilized Off Route,10,19,E/B,1147
2019-06-12,130,19:01:00,Wednesday,Scarborough Town Centre,Mechanical,22,44,NB,3424
2019-06-12,36,19:25:00,Wednesday,Finch West Station,Investigation,8,16,E/B,3296
2019-06-12,53,19:30:00,Wednesday,Middlefield on Steeles,Utilized Off Route,6,11,W/B,3474
2019-06-12,98,19:30:00,Wednesday,Entire Route,General Delay,1,1,B/W,
2019-06-12,87,19:34:00,Wednesday,Main Station,Mechanical,10,20,W/B,9229
2019-06-12,32,19:39:00,Wednesday,Eglinton at Marlee,Investigation,10,20,W/B,1417
2019-06-12,52,19:42:00,Wednesday,T3,Mechanical,9,23,N/B,8165
2019-06-12,88,19:44:00,Wednesday,St Clair and Inglewood,Mechanical,14,28,W/B,1328
2019-06-12,5,19:45:00,Wednesday,Queenspark Circle,General Delay,1,1,S/B,
2019-06-12,600,20:15:00,Wednesday,Eglinton at Weston,Emergency Services,1,1,E/B,1261
2019-06-12,85,20:29:00,Wednesday,Sheppard and Washburn Way,Mechanical,16,32,N/B,3461
2019-06-12,131,20:29:00,Wednesday,Sewells and Morningview,Mechanical,13,26,SB,1721
2019-06-12,22,20:29:00,Wednesday,Bingham Loop,Utilized Off Route,10,20,E/B,3111
2019-06-12,79,20:46:00,Wednesday,Scarlett and East,Investigation,12,24,S/B,1017
2019-06-12,38,21:16:00,Wednesday,Lawrence and Marine Approach,Emergency Services,9,18,E/B,1712
2019-06-12,32,21:40:00,Wednesday,Eglinton West Station,Utilized Off Route,10,20,E/B,1014
2019-06-12,73,21:58:00,Wednesday,Queensway and Royal York,Utilized Off Route,10,20,S/B,8616
2019-06-12,73,22:00:00,Wednesday,Royal York station,General Delay,20,52,N/B,8608
2019-06-12,96,22:21:00,Wednesday,Wilson stn,Mechanical,10,20,E/B,3305
2019-06-12,90,22:30:00,Wednesday,St clair west station,General Delay,5,15,B/W,
2019-06-12,108,22:34:00,Wednesday,Arletta and Grandravine,Diversion,191,221,N/B,3207
2019-06-13,51,00:00:00,Thursday,Young and Eglinton,Diversion,1,1,B/W,
2019-06-13,97,00:00:00,Thursday,Young and Eglinton,Diversion,1,1,B/W,
2019-06-13,63,00:00:00,Thursday,Ossington Station,Diversion,1,1,B/W,
2019-06-13,53,00:00:00,Thursday,Willowdale  and Steeles,Diversion,9,18,WB,1324
2019-06-13,38,00:18:00,Thursday,Rouge Hill Go station,Mechanical,13,26,WB,3410
2019-06-13,54,00:25:00,Thursday,Yonge and Eglinton,Diversion,120,140,E/B,
2019-06-13,34,00:25:00,Thursday,Yonge and Eglinton,Diversion,120,130,E/B,
2019-06-13,54,00:25:00,Thursday,Yonge and Eglinton,Investigation,20,40,E/B,8726
2019-06-13,45,01:15:00,Thursday,Kipling and Treehome,Investigation,10,20,S/B,8023
2019-06-13,300,01:23:00,Thursday,Ossington to Coxwell station,General Delay,20,40,BW,8412
2019-06-13,102,01:30:00,Thursday,Markham and Eglintion,Diversion,10,20,N/B,3112
2019-06-13,60,01:35:00,Thursday,Alness,Mechanical,17,34,E/B,9133
2019-06-13,334,01:45:00,Thursday,Eglinton and Redpath,Diversion,30,60,BW,8849
2019-06-13,300,02:00:00,Thursday,Ossington and Bloor to Coxwell and Bloor,Diversion,20,40,BW,8412
2019-06-13,354,02:11:00,Thursday,Yonge and Eglinton,Diversion,30,60,BW,8793
2019-06-13,76,02:15:00,Thursday,Royal York and Evans,Mechanical,20,40,S/B,7095
2019-06-13,300,02:42:00,Thursday,Coxwells station,Investigation,20,40,EB,3107
2019-06-13,329,02:57:00,Thursday,Dufferin/Saskatchewan,Investigation,30,60,S/B,9045
2019-06-13,320,03:55:00,Thursday,Steeles,Investigation,4,8,E/B,1351
2019-06-13,91,05:00:00,Thursday,Eglinton Ave East - Bermondsey / Sloane,Diversion,1,1,SB,8596
2019-06-13,21,05:30:00,Thursday,Kennedy Station,Mechanical,20,40,N/B,1393
2019-06-13,300,05:39:00,Thursday,Terminal 3,Mechanical,30,30,S/B,8070
2019-06-13,86,05:45:00,Thursday,Manse Rd/Lawrence Ave E,Mechanical,13,37,E/B,8807
2019-06-13,68,05:59:00,Thursday,Warden and Steeles Loop,Mechanical,16,25,S/B,8689
2019-06-13,600,06:05:00,Thursday,Runnymede Station,Mechanical,1,1,N/B,1011
2019-06-13,116,06:09:00,Thursday,Kennedy STN,Mechanical,7,13,E/B,8725
2019-06-13,97,06:12:00,Thursday,Dundas and Yonge,Diversion,30,60,B/W,8111
2019-06-13,37,06:15:00,Thursday,t3 airport,Utilized Off Route,24,48,S/B,8079
2019-06-13,32,06:18:00,Thursday,Eglinton at Bathurst,Mechanical,7,14,E/B,1418
2019-06-13,24,06:21:00,Thursday,Consumers / Victoria Park,Mechanical,13,26,N/B,8534
2019-06-13,112,06:25:00,Thursday,carlingview and international,Mechanical,14,28,S/B,8070
2019-06-13,41,06:28:00,Thursday,Keele Station,Mechanical,11,23,S/B,9017
2019-06-13,84,06:29:00,Thursday,Finch and Arrow,Investigation,18,36,S/B,3318
2019-06-13,953,06:32:00,Thursday,Mornignside and Finch,Mechanical,13,27,W/B,9092
2019-06-13,954,06:33:00,Thursday,Lawrence East Station,Mechanical,9,18,E/B,8665
2019-06-13,34,06:33:00,Thursday,Kennedy station,Mechanical,4,8,W/B,8912
2019-06-13,132,06:37:00,Thursday,STC,Mechanical,13,25,N/B,1721
2019-06-13,21,06:52:00,Thursday,Scarborough Town Centre,Mechanical,11,22,N/B,1654
2019-06-13,86,07:00:00,Thursday,Kingston Rd (Highland Creek Overpass to Eglinton Ave),General Delay,15,27,B/W,
2019-06-13,986,07:00:00,Thursday,Kingston Rd (Highland Creek Overpass to Eglinton Ave E),General Delay,15,20,B/W,
2019-06-13,50,07:00:00,Thursday,ENTIRE ROUTE,General Delay,9,35,B/W,
2019-06-13,73,07:00:00,Thursday,ENTIRE ROUTE,General Delay,13,40,B/W,
2019-06-13,76,07:00:00,Thursday,ENTIRE ROUTE,General Delay,6,20,B/W,
2019-06-13,52,07:00:00,Thursday,Airport rd/American dr,Diversion,1,1,W/B,
2019-06-13,32,07:01:00,Thursday,Marlee and Eglinton,Investigation,12,26,W/B,1027
2019-06-13,944,07:08:00,Thursday,col smith loop,Investigation,10,20,N/B,8051
2019-06-13,109,07:10:00,Thursday,Eglinton West Station,Mechanical,20,40,N/B,1363
2019-06-13,23,07:14:00,Thursday,Main Station,Mechanical,5,10,N/B,8479
2019-06-13,945,07:16:00,Thursday,bethridge and kipling,Investigation,6,13,N/B,8089
2019-06-13,16,07:30:00,Thursday,McCowan Route,General Delay,15,24,BW,0
2019-06-13,29,07:36:00,Thursday,Wilson stn,Mechanical,8,15,S/B,9142
2019-06-13,32,07:40:00,Thursday,Dufferin and Eglinton,Mechanical,1,1,E/B,1259
2019-06-13,57,07:46:00,Thursday,Midland Ave/Dorcot Ave,Investigation,9,17,S/B,8644
2019-06-13,168,07:55:00,Thursday,Dundas West Station,Mechanical,6,12,N/B,1078
2019-06-13,34,07:57:00,Thursday,Eglinton station,Mechanical,4,9,W/B,8813
2019-06-13,925,08:00:00,Thursday,Pape Stn to Freshmeadow/Don Mills,General Delay,15,25,B/W,8636
2019-06-13,47,08:00:00,Thursday,Eglinton to Yorkdale,General Delay,20,29,B/W,
2019-06-13,17,08:00:00,Thursday,Birchmount Route,General Delay,15,22,BW,0
2019-06-13,913,08:00:00,Thursday,Centennial Collage,Mechanical,6,10,W/B,1724
2019-06-13,143,08:00:00,Thursday,Downtown - Beaches Express,General Delay,15,30,BW,0
2019-06-13,25,08:00:00,Thursday,Pape Stn to Freshmeadow/Don Mills,General Delay,15,20,B/W,8628
2019-06-13,6,08:00:00,Thursday,Queen to Dockside,General Delay,30,36,B/W,
2019-06-13,111,08:03:00,Thursday,Kipling Station,General Delay,10,20,N/B,8403
2019-06-13,129,08:15:00,Thursday,McCowan and Commander,Mechanical,5,15,N/B,1743
2019-06-13,709,08:15:00,Thursday,Dufferin AND Bloor,Utilized Off Route,1,1,S/B,1075
2019-06-13,600,08:16:00,Thursday,Dupont and Davenport,Utilized Off Route,1,1,S/B,1003
2019-06-13,90,08:19:00,Thursday,St Clair West Station,Mechanical,4,8,N/B,1365
2019-06-13,36,08:30:00,Thursday,Sentinel rd,Investigation,12,24,E/B,3258
2019-06-13,986,08:32:00,Thursday,Kennedy STN,Utilized Off Route,5,10,E/B,8770
2019-06-13,32,08:35:00,Thursday,Eglinton West Stn.,Mechanical,11,22,W/B,1105
2019-06-13,160,08:43:00,Thursday,Wilson Station,Mechanical,20,40,N/B,1230
2019-06-13,161,08:45:00,Thursday,Jane and Alliance,Mechanical,12,24,E/B,1121
2019-06-13,161,08:48:00,Thursday,Ossington station to jane and alliance,General Delay,8,20,S/B,
2019-06-13,70,09:00:00,Thursday,Coxwell Stn to Craighton/Pharmacy and Warden Stn,General Delay,20,38,B/W,8714
2019-06-13,36,09:11:00,Thursday,Finch west station,Investigation,14,28,W/B,3347
2019-06-13,123,09:15:00,Thursday,Kipling station,Mechanical,1,1,S/B,8433
2019-06-13,902,09:31:00,Thursday,Progress Ave. / Markham Road,Mechanical,10,20,S/B,9227
2019-06-13,935,09:46:00,Thursday,Jane and Wilson,Investigation,0,0,N/B,3478
2019-06-13,95,10:08:00,Thursday,Markham and Milner,Investigation,0,0,N/B,3400
2019-06-13,29,10:10:00,Thursday,Dufferin / Roselawn,Mechanical,8,15,,9032
2019-06-13,935,10:11:00,Thursday,Jane Station,Investigation,0,0,N/B,3334
2019-06-13,50,11:00:00,Thursday,Entire Route,General Delay,20,1,B/W,
2019-06-13,905,11:01:00,Thursday,Eglinton Ave E/Markham Rd,Investigation,11,22,E/B,8850
2019-06-13,60,11:02:00,Thursday,Steeles & Village Gate,Investigation,8,16,E/B,3223
2019-06-13,36,11:08:00,Thursday,Kipling,Mechanical,10,20,W/B,3316
2019-06-13,36,11:15:00,Thursday,Jane,Mechanical,5,10,E/B,9106
2019-06-13,108,11:26:00,Thursday,Grandravine & Arletta,Investigation,10,20,S/B,3145
2019-06-13,52,11:57:00,Thursday,Lawrence W /Dufferin,Investigation,14,28,W/B,8387
2019-06-13,79,12:03:00,Thursday,Lawrence and Jane,Mechanical,24,48,S/B,1021
2019-06-13,24,12:08:00,Thursday,Sweeney / Victoria Park,Mechanical,10,20,S/B,8534
2019-06-13,76,12:11:00,Thursday,Royal York Station,Mechanical,11,21,N/B,8065
2019-06-13,56,12:20:00,Thursday,Yonge and Eglinton Ave,Diversion,1,1,B/W,
2019-06-13,75,12:35:00,Thursday,Bloor and Sherbourne to Lower Jarvis and Queens Quay,General Delay,30,50,B/W,
2019-06-13,165,12:40:00,Thursday,Yorkmills Station,Mechanical,10,20,W/B,3349
2019-06-13,29,12:45:00,Thursday,Dufferin / Beaver ave,Investigation,8,15,N/B,9011
2019-06-13,32,12:51:00,Thursday,Pine,Mechanical,11,22,E/B,1259
2019-06-13,32,12:58:00,Thursday,Eglinton West Stn.,Investigation,11,22,W/B,1119
2019-06-13,89,13:07:00,Thursday,Jane and weston,Mechanical,10,20,N/B,1015
2019-06-13,6,13:09:00,Thursday,King,Mechanical,11,22,S/B,1099
2019-06-13,95,13:18:00,Thursday,Parkwoods and Ellesmere,Investigation,10,20,E/B,1308
2019-06-13,89,13:20:00,Thursday,St.Clair and Weston rd,Diversion,15,25,N/B,
2019-06-13,45,13:20:00,Thursday,Kipling station,Mechanical,10,20,N/B,8064
2019-06-13,17,13:21:00,Thursday,Birchmount Road Vauxhall Drive,Investigation,13,27,NB,9200
2019-06-13,89,13:45:00,Thursday,St.Clair and Weston,General Delay,14,24,N/B,
2019-06-13,41,13:54:00,Thursday,St.Clair and weston,General Delay,14,23,N/B,
2019-06-13,92,14:00:00,Thursday,Woodbine South Route,General Delay,10,18,BW,0
2019-06-13,160,14:00:00,Thursday,Wilson station to Carluke,General Delay,10,34,B/W,
2019-06-13,90,14:00:00,Thursday,Oakwood to St cliar west station,General Delay,10,15,B/W,
2019-06-13,939,14:00:00,Thursday,939 Finch Express-All Branch,General Delay,15,30,B/W,3498
2019-06-13,39,14:00:00,Thursday,39 Finch Route-All Branch,General Delay,14,28,B/W,1663
2019-06-13,6,14:00:00,Thursday,Bay Route,General Delay,1,1,B/W,
2019-06-13,47,14:00:00,Thursday,Lansdowne Route,General Delay,1,1,B/W,
2019-06-13,110,14:06:00,Thursday,Islingto Station,Utilized Off Route,1,24,N/B,8429
2019-06-13,11,14:16:00,Thursday,Davisville station,Mechanical,12,24,N/B,1362
2019-06-13,39,14:20:00,Thursday,McCowan and Finch,Investigation,16,32,W/B,1400
2019-06-13,100,14:45:00,Thursday,Broadview Station,Utilized Off Route,6,12,N/B,8643
2019-06-13,941,14:51:00,Thursday,Mt.Dennis garage,Mechanical,15,27,S/B,1047
2019-06-13,83,15:00:00,Thursday,Jones Route,General Delay,10,28,BW,0
2019-06-13,11,15:00:00,Thursday,Sunnybrooke Hospital,General Delay,14,28,B/W,
2019-06-13,75,15:00:00,Thursday,Lower jarvis and Queens quay,General Delay,16,24,B/W,
2019-06-13,46,15:04:00,Thursday,Kipling Station,Mechanical,6,17,N/B,3468
2019-06-13,161,15:05:00,Thursday,Ossington station,Mechanical,17,34,N/B,1011
2019-06-13,73,15:09:00,Thursday,Eglinton and Royal York,Mechanical,10,21,N/B,8054
2019-06-13,79,15:12:00,Thursday,Runnymede Stn,Mechanical,14,29,N/B,1132
2019-06-13,131,15:15:00,Thursday,Tapscott and Washburn Way,Investigation,16,32,E/B,3486
2019-06-13,72,15:21:00,Thursday,PAPE STATION,Mechanical,21,42,,8472
2019-06-13,720,15:27:00,Thursday,Angus Glen Community Centre,Investigation,1,1,N/B,8761
2019-06-13,29,15:29:00,Thursday,Dufferin and Springhurst,Investigation,7,15,S/B,9040
2019-06-13,63,15:35:00,Thursday,Ossington and Dupont,Investigation,4,8,N/B,8311
2019-06-13,85,15:37:00,Thursday,Sheppard and Yonge station,Investigation,16,32,W/B,3549
2019-06-13,7,15:48:00,Thursday,Bathrust and Wilson,Mechanical,8,17,S/B,8196
2019-06-13,989,15:49:00,Thursday,Signet and weston,Mechanical,10,20,S/B,1017
2019-06-13,53,15:50:00,Thursday,Markham and Passmore,Mechanical,6,11,E/B,1728
2019-06-13,25,15:55:00,Thursday,Don Mills and Seneca Hill Dr,Emergency Services,5,10,S/B,8705
2019-06-13,51,16:00:00,Thursday,Entire Route,General Delay,1,1,B/W,
2019-06-13,63,16:00:00,Thursday,Entire route,General Delay,1,1,B/W,
2019-06-13,66,16:00:00,Thursday,Entire Route,General Delay,20,1,B/W,
2019-06-13,102,16:00:00,Thursday,Elllesmere/Markham,General Delay,7,14,,
2019-06-13,143,16:00:00,Thursday,Adelsaide from Spadina tp Parliament,General Delay,75,100,B/W,
2019-06-13,52,16:00:00,Thursday,Dufferin to Keele,General Delay,180,190,W/B,
2019-06-13,72,16:00:00,Thursday,queens quay,General Delay,20,40,,
2019-06-13,41,16:00:00,Thursday,Both Ends,General Delay,10,20,B/W,
2019-06-13,85,16:00:00,Thursday,Sheppard Station to Don Mills Station,General Delay,16,32,B/W,
2019-06-13,52,16:02:00,Thursday,Atwell Dr and Dixon,Mechanical,20,41,W/B,8372
2019-06-13,57,16:18:00,Thursday,Midland and Progress,Emergency Services,8,16,N/B,8693
2019-06-13,72,16:19:00,Thursday,lake shore and Pape,Mechanical,21,42,N/B,9227
2019-06-13,706,16:20:00,Thursday,Victoria park station,Utilized Off Route,1,1,N/B,8937
2019-06-13,63,16:26:00,Thursday,Ossington and Davenport,Investigation,4,8,W/B,8356
2019-06-13,115,16:30:00,Thursday,Bayview and York Mills,General Delay,120,140,E/B,
2019-06-13,24,16:30:00,Thursday,Victoria Park from VPST to Steeles,General Delay,36,45,B/W,
2019-06-13,56,16:30:00,Thursday,Laird and Eglinton - Millwood and Southvale drive,General Delay,180,200,B/W,
2019-06-13,952,16:30:00,Thursday,Dufferin to Keele ave,General Delay,180,195,W/B,
2019-06-13,122,16:30:00,Thursday,York Mills stn to Bayview ave,General Delay,150,165,E/B,
2019-06-13,124,16:30:00,Thursday,124 route bothways,General Delay,12,16,B/W,
2019-06-13,7,16:34:00,Thursday,Bathrust and Tichester,Emergency Services,8,16,N/B,8151
2019-06-13,79,16:40:00,Thursday,Pine and Lawrence,Mechanical,7,14,S/B,1127
2019-06-13,610,16:45:00,Thursday,Coxwell Station,Utilized Off Route,1,1,N/B,8921
2019-06-13,39,16:45:00,Thursday,Neilson and Crow Trail,Mechanical,14,28,W/B,1663
2019-06-13,20,16:46:00,Thursday,Kennedy Station,Mechanical,9,18,N/B,8441
2019-06-13,161,16:54:00,Thursday,Rogers and Ossington,Investigation,13,26,W/B,1145
2019-06-13,34,16:57:00,Thursday,Eglinton/Hanna,Investigation,5,9,W/B,8870
2019-06-13,142,17:00:00,Thursday,Richmond and Simcoe through Adelaide and church/university and Richmond,General Delay,120,150,B/W,
2019-06-13,45,17:00:00,Thursday,Enitire Route,General Delay,25,35,B/W,8089
2019-06-13,145,17:00:00,Thursday,Downtown core and Lakeshore Blvd W,General Delay,60,1,B/W,
2019-06-13,141,17:00:00,Thursday,Entire Route,General Delay,60,90,N/B,
2019-06-13,95,17:07:00,Thursday,Ellesmere and Cul de Sac,Mechanical,16,32,WB,1531
2019-06-13,939,17:10:00,Thursday,Finch and McCowan,Mechanical,12,24,W/B,3517
2019-06-13,65,17:16:00,Thursday,BKFR,Utilized Off Route,11,22,N/B,9214
2019-06-13,80,17:27:00,Thursday,Royal York and Queensway,General Delay,30,60,W/B,8020
2019-06-13,15,17:30:00,Thursday,Kipling and Evans,General Delay,30,60,B/W,8059
2019-06-13,88,17:30:00,Thursday,88 route bothways,General Delay,15,21,B/W,
2019-06-13,56,17:40:00,Thursday,Millwood and Southwale Drive,Investigation,18,36,N/B,8330
2019-06-13,900,17:40:00,Thursday,Enitre route,General Delay,40,48,B/W,8000
2019-06-13,945,17:45:00,Thursday,Enitre Route,General Delay,37,49,B/W,8061
2019-06-13,97,17:45:00,Thursday,Yonge and Davisville Ave,Mechanical,30,60,S/B,1282
2019-06-13,52,17:55:00,Thursday,Lawrence ave and Culford rd,Investigation,13,27,W/B,8108
2019-06-13,85,17:58:00,Thursday,Brian Drive and Sheppard,Investigation,16,32,E/B,1727
2019-06-13,935,18:00:00,Thursday,Jane/Tetheway,Investigation,12,23,N/B,3220
2019-06-13,95,18:06:00,Thursday,Ellesmere and Stanfield,Investigation,10,20,EB,1588
2019-06-13,996,18:10:00,Thursday,Wilson and Bathurst,Mechanical,11,22,W/B,3294
2019-06-13,87,18:10:00,Thursday,Hillside Dr and Broadview Ave,Investigation,5,10,N/B,8437
2019-06-13,953,18:15:00,Thursday,Finch West Station,Mechanical,10,20,E/B,1402
2019-06-13,606,18:34:00,Thursday,Cherry Beach,Utilized Off Route,1,1,N/B,8442
2019-06-13,26,18:37:00,Thursday,Dupont at Palmerston,Mechanical,17,24,E/B,1007
2019-06-13,7,18:41:00,Thursday,Greenwin Village,Mechanical,8,16,S/B,8185
2019-06-13,35,18:47:00,Thursday,Jane/Weston,Mechanical,10,20,S/B,3179
2019-06-13,65,19:00:00,Thursday,Parliament and Queen,Investigation,14,28,N/B,8500
2019-06-13,32,19:30:00,Thursday,Eglinton and Enerdale,Emergency Services,10,20,E/B,1046
2019-06-13,32,19:30:00,Thursday,Eglinton and Enerdale,Emergency Services,10,20,E/B,1117
2019-06-13,32,19:35:00,Thursday,Eglinton and Enerdale,Diversion,1,1,B/W,
2019-06-13,85,20:00:00,Thursday,404 and Sheppard,Diversion,180,196,B/W,
2019-06-13,985,20:00:00,Thursday,Parkway and Sheppard,Diversion,1,1,B/W,
2019-06-13,161,20:04:00,Thursday,Ossington Station,Mechanical,12,24,E/B,1618
2019-06-13,167,20:04:00,Thursday,Fairview Mall Drive and Sheppard Ave,Diversion,202,232,N/B,8543
2019-06-13,131,20:21:00,Thursday,Nugget and Markham,Mechanical,13,26,EB,1401
2019-06-13,600,20:22:00,Thursday,Lawrence Stn,Utilized Off Route,1,1,S/B,1226
2019-06-13,701,20:22:00,Thursday,St clair station,Utilized Off Route,1,1,N/B,1314
2019-06-13,96,20:23:00,Thursday,Wilson Station,Utilized Off Route,19,40,E/B,3188
2019-06-13,610,20:25:00,Thursday,Lakeshore/Sherbourne,Utilized Off Route,1,1,N/B,8872
2019-06-13,33,20:25:00,Thursday,St Clair west Station,Utilized Off Route,1,1,S/B,8301
2019-06-13,610,20:25:00,Thursday,Pape Station,Utilized Off Route,1,1,N/B,8776
2019-06-13,610,20:25:00,Thursday,GERRARD/CARLAW,Utilized Off Route,1,1,N/B,8630
2019-06-13,121,20:26:00,Thursday,Cherry Beach,Utilized Off Route,20,40,N/B,8471
2019-06-13,606,20:26:00,Thursday,Victoria Park Station,Utilized Off Route,1,1,N/B,9232
2019-06-13,74,20:26:00,Thursday,St clair station,Utilized Off Route,18,36,S/B,1250
2019-06-13,90,20:26:00,Thursday,Oakwood and Vaughan,Utilized Off Route,8,16,N/B,1257
2019-06-13,600,20:27:00,Thursday,Don Mills and Eglinton,Utilized Off Route,1,1,SB,1657
2019-06-13,606,20:27:00,Thursday,Victoria Park Station,Utilized Off Route,1,1,N/B,8511
2019-06-13,935,20:27:00,Thursday,Jane Station,Utilized Off Route,15,25,S/B,3354
2019-06-13,26,20:27:00,Thursday,St George Station,Utilized Off Route,20,40,W/B,1118
2019-06-13,84,20:28:00,Thursday,Sheppard Station,Utilized Off Route,9,18,W/B,3155
2019-06-13,89,20:30:00,Thursday,Keele Station,Utilized Off Route,9,17,N/B,1039
2019-06-13,165,20:30:00,Thursday,Wilson Station,Utilized Off Route,10,20,E/B,3246
2019-06-13,600,20:31:00,Thursday,Dufferin and Bloor,Utilized Off Route,5,10,S/B,1131
2019-06-13,600,20:31:00,Thursday,Bloor and Dufferin,Utilized Off Route,5,10,S/B,1075
2019-06-13,36,20:32:00,Thursday,Spadina Station,Utilized Off Route,8,16,W/B,9120
2019-06-13,600,20:32:00,Thursday,Front Street,Utilized Off Route,1,1,NB,1701
2019-06-13,6,20:32:00,Thursday,Bay at Bloor,Utilized Off Route,15,30,N/B,1356
2019-06-13,600,20:33:00,Thursday,Bloor and Ossington,Utilized Off Route,5,10,S/B,1089
2019-06-13,600,20:33:00,Thursday,Bay and Bloor,Utilized Off Route,5,10,S/B,1614
2019-06-13,35,20:36:00,Thursday,Jane/Eddystone Ave.,Investigation,9,18,N/B,3251
2019-06-13,123,20:42:00,Thursday,Evans and Browns line,Diversion,1,1,S/B,8056
2019-06-13,53,20:45:00,Thursday,Markham and Steeles,Utilized Off Route,5,10,E/B,3469
2019-06-13,71,21:17:00,Thursday,St clair and Gunn's Loop,Emergency Services,22,44,N/B,1287
2019-06-13,53,21:18:00,Thursday,Markham and Steeeles,Utilized Off Route,5,10,E/B,1324
2019-06-13,95,21:22:00,Thursday,Kingston Rd-Loop and Ellesmere Rd,Utilized Off Route,14,28,E/B,1501
2019-06-13,34,21:22:00,Thursday,Kennedy Station,Utilized Off Route,6,13,W/B,8870
2019-06-13,133,21:22:00,Thursday,STC Station,Utilized Off Route,12,24,E/B,1655
2019-06-13,86,21:23:00,Thursday,Kennedy STN,Utilized Off Route,10,19,E/B,8758
2019-06-13,102,21:25:00,Thursday,Centennal Collage,Utilized Off Route,10,20,N/B,3112
2019-06-13,134,21:25:00,Thursday,Scarborough Town Centre,Utilized Off Route,9,24,E/B,1338
2019-06-13,116,21:25:00,Thursday,Kennedy STN,Utilized Off Route,10,20,E/B,8743
2019-06-13,600,21:25:00,Thursday,Malvern Gate,Utilized Off Route,1,1,W/B,1748
2019-06-13,43,21:28:00,Thursday,KENNEDY STATION,Utilized Off Route,10,20,N/B,8747
2019-06-13,42,21:28:00,Thursday,Dynamic and Mcnicoll ave,Utilized Off Route,12,24,W/B,1283
2019-06-13,24,21:30:00,Thursday,Victora Park Station,Utilized Off Route,10,20,N/B,8578
2019-06-13,102,21:30:00,Thursday,Centennal Collage,Utilized Off Route,10,20,N/B,9215
2019-06-13,35,22:32:00,Thursday,Pioneer Village Station,Mechanical,9,18,N/B,3180
2019-06-14,47,00:35:00,Friday,Earlscourt loop,Mechanical,10,20,S/B,1033
2019-06-14,55,00:57:00,Friday,Old Mill Stn,Utilized Off Route,20,40,N/B,1051
2019-06-14,35,01:03:00,Friday,Jane/Steeles,Mechanical,2,15,S/B,3324
2019-06-14,939,01:22:00,Friday,Finch Station,Utilized Off Route,11,22,WB,3469
2019-06-14,320,01:23:00,Friday,Yonge Street Entire Route,Diversion,,,B/W,
2019-06-14,300,02:00:00,Friday,Kennedy Station,General Delay,20,40,BW,8495
2019-06-14,300,02:05:00,Friday,Bloor and Keele,Mechanical,10,20,EB,8430
2019-06-14,300,04:30:00,Friday,Dufferin on Bloor Street,Emergency Services,20,40,W/B,8001
2019-06-14,53,04:59:00,Friday,Pharmacy and Steeles,Mechanical,6,12,W/B,3527
2019-06-14,91,05:00:00,Friday,Eglinton Ave East - Bermondsey Road & Sloane Ave,Diversion,1,1,SB,8949
2019-06-14,300,05:05:00,Friday,Terminal 3 Pearson Airport,Investigation,1,1,W/B,1126
2019-06-14,41,05:29:00,Friday,Keele and Eglinton,Mechanical,1,1,N/B,9029
2019-06-14,71,05:41:00,Friday,Runnymede Station,Mechanical,17,34,N/B,1417
2019-06-14,97,05:54:00,Friday,Dundas and yonge,Diversion,30,60,BW,
2019-06-14,79,06:03:00,Friday,PINE,Mechanical,8,17,S/B,1380
2019-06-14,32,06:28:00,Friday,Pine and Lawrence,Vision,7,14,E/B,1122
2019-06-14,100,06:32:00,Friday,Don Mills & Wynford,Mechanical,4,7,S/B,8822
2019-06-14,952,06:35:00,Friday,Lawrence West Station,Mechanical,11,22,W/B,8162
2019-06-14,108,06:38:00,Friday,PVST - Pioneer Village,Mechanical,18,42,E/B,3191
2019-06-14,21,06:47:00,Friday,Eglinton / Brimley,Mechanical,10,20,S/B,1401
2019-06-14,38,06:48:00,Friday,Scarb. Town Centre,Investigation,11,22,E/B,3512
2019-06-14,161,06:50:00,Friday,Dupont and Dovercourt,Mechanical,13,25,N/B,1095
2019-06-14,73,06:57:00,Friday,Royal York station,Mechanical,27,54,S/B,8055
2019-06-14,29,07:07:00,Friday,Rowan on Dufferin,Mechanical,8,16,N/B,9144
2019-06-14,14,07:14:00,Friday,MT' Dennis garage,Mechanical,16,32,B/W,1529
2019-06-14,142,07:30:00,Friday,Bombay Loop at HWY 401,Investigation,30,60,S/B,8341
2019-06-14,62,07:32:00,Friday,Broadview Station,Mechanical,15,30,N/B,8452
2019-06-14,63,07:33:00,Friday,King and Atlantic,Mechanical,7,14,N/B,8150
2019-06-14,125,08:00:00,Friday,Finch Stn,Mechanical,7,15,,1328
2019-06-14,83,08:00:00,Friday,Jones Route,General Delay,10,28,BW,0
2019-06-14,954,08:12:00,Friday,Lawrence East Station,Mechanical,9,18,E/B,8649
2019-06-14,71,08:21:00,Friday,Annette and Runnymede,Investigation,16,32,S/B,1555
2019-06-14,17,08:30:00,Friday,Birchmount Route,General Delay,15,22,BW,0
2019-06-14,9,08:45:00,Friday,Scarborough Centre Station,Investigation,17,34,EB,3101
2019-06-14,131,08:46:00,Friday,Scarborough Town Ctr / Nugget Avenue,Investigation,8,16,N/B,3453
2019-06-14,17,09:02:00,Friday,on Birchmount Road at Ashtonbee Road,Investigation,7,21,SB,8962
2019-06-14,929,09:05:00,Friday,Rogers road and Dufferin,Mechanical,10,20,S/B,9037
2019-06-14,47,09:15:00,Friday,Bridgeland and Caledonia,Investigation,9,18,S/B,1137
2019-06-14,929,09:45:00,Friday,Stone house Crescent on Dufferin,Investigation,10,20,S/B,9036
2019-06-14,29,10:00:00,Friday,Entire route,General Delay,8,38,B/W,
2019-06-14,50,10:00:00,Friday,Islington Station and Mill Road Loop,General Delay,1,1,B/W,
2019-06-14,929,10:00:00,Friday,Entire route,General Delay,10,40,B/W,
2019-06-14,41,10:00:00,Friday,Entire route,General Delay,11,36,B/W,
2019-06-14,89,10:44:00,Friday,Albion and Wilson,Mechanical,10,20,S/B,1083
2019-06-14,95,10:44:00,Friday,Hedgewood and York Mills,Mechanical,10,20,E/B,1602
2019-06-14,81,10:47:00,Friday,Pape station,Mechanical,11,22,B/W,8943
2019-06-14,39,10:57:00,Friday,Sandhurst and Finch,Mechanical,12,24,W/B,1386
2019-06-14,89,11:12:00,Friday,Sidney Belsey on Weston Road,Investigation,10,20,S/B,1419
2019-06-14,89,11:15:00,Friday,Sidney Belsey on Weston Road,Investigation,10,20,S/B,1085
2019-06-14,72,11:30:00,Friday,Pape and Danforth,General Delay,15,15,B/W,8451
2019-06-14,905,11:47:00,Friday,Eglinton & McCowan,Mechanical,9,18,E/B,8634
2019-06-14,92,12:00:00,Friday,Woodbine South Route,General Delay,10,18,BW,0
2019-06-14,702,12:16:00,Friday,Queensway division,Utilized Off Route,1,1,S/B,7973
2019-06-14,935,12:28:00,Friday,Jane stn,Utilized Off Route,11,22,N/B,3286
2019-06-14,73,12:28:00,Friday,kipling and lakeshore,Utilized Off Route,11,22,S/B,8024
2019-06-14,52,12:30:00,Friday,Lawrence Station to WESTWOOD MALL,General Delay,21,30,B/W,
2019-06-14,35,12:30:00,Friday,Jane stn,Utilized Off Route,5,10,N/B,3300
2019-06-14,122,12:30:00,Friday,York Mills Station to ROYWOOD DR AND FENSIDE DR.,General Delay,15,27,B/W,
2019-06-14,929,12:32:00,Friday,Dufferin and Queen,Utilized Off Route,10,20,S/B,9149
2019-06-14,16,12:46:00,Friday,St. Clair Ave East and Bonnington Ave,Investigation,12,24,EB,9214
2019-06-14,102,13:00:00,Friday,"Ellesmere, Nashdene",General Delay,10,10,B/W,
2019-06-14,23,13:00:00,Friday,Dawes,General Delay,8,8,B/W,8482
2019-06-14,55,13:02:00,Friday,Old Mill Station,Mechanical,20,40,N/B,1132
2019-06-14,32,13:03:00,Friday,Emmett and Verona,Mechanical,13,26,E/B,1073
2019-06-14,72,13:10:00,Friday,Lakeshore/Bay,Investigation,19,38,B/W,8495
2019-06-14,41,13:15:00,Friday,Keele and Eglinton,Mechanical,9,18,S/B,9004
2019-06-14,94,13:40:00,Friday,Eglinton and Keele,Mechanical,9,18,S/B,9039
2019-06-14,939,14:00:00,Friday,939 Finch Express-All Branch,General Delay,12,24,B/W,3400
2019-06-14,39,14:00:00,Friday,39 Finch Route-All Branch,General Delay,14,28,B/W,3462
2019-06-14,94,14:00:00,Friday,Wellesley Route,General Delay,20,28,B/W,
2019-06-14,47,14:00:00,Friday,Lansdowne Route,General Delay,20,28,B/W,
2019-06-14,6,14:00:00,Friday,Bay Route,General Delay,1,1,B/W,
2019-06-14,75,14:00:00,Friday,Whole route,General Delay,25,33,B/W,
2019-06-14,85,14:00:00,Friday,Sheppard Yonge Station to Don Mills,General Delay,18,36,B/W,
2019-06-14,34,14:00:00,Friday,34C Eglinton East route,Diversion,10,20,B/W,8870
2019-06-14,935,14:11:00,Friday,Shorehm and Jane,Investigation,11,22,S/B,3276
2019-06-14,60,14:40:00,Friday,Finch Stn,Investigation,8,16,W/B,3358
2019-06-14,131,14:40:00,Friday,Nugget - Morningside and Morningview,Vision,13,26,S/B,1716
2019-06-14,60,14:41:00,Friday,Finch Stn,Investigation,8,16,W/B,3160
2019-06-14,21,14:41:00,Friday,Scarb. Town Centre,Mechanical,14,28,N/B,1741
2019-06-14,36,14:43:00,Friday,Weston road,Mechanical,5,10,E/B,9112
2019-06-14,995,14:55:00,Friday,Sandover and York Mills,Investigation,16,32,E/B,1331
2019-06-14,129,15:00:00,Friday,McCowan route from STC to MMRC,General Delay,17,34,B/W,
2019-06-14,133,15:00:00,Friday,Neilson Route,General Delay,11,22,N/B,
2019-06-14,32,15:08:00,Friday,Jane and Treathewey,Investigation,10,20,W/B,1359
2019-06-14,36,15:16:00,Friday,Albion,Mechanical,5,10,W/B,9118
2019-06-14,42,15:25:00,Friday,Don mills and Mcnicolle,Diversion,30,41,W/B,8329
2019-06-14,161,15:30:00,Friday,Oakwood at Earlsdale,Investigation,15,30,N/B,1262
2019-06-14,935,15:30:00,Friday,Jane between Pioneer Village Station to Jane Stn.,General Delay,35,45,B/W,
2019-06-14,35,15:30:00,Friday,Jane Route from Pioneer Village Station to Jane Stn.,General Delay,35,45,B/W,
2019-06-14,90,15:30:00,Friday,St Clair West Station to Oakwood/ Vaughan,General Delay,25,30,B/W,
2019-06-14,120,15:30:00,Friday,Maniza/Spalding,Investigation,22,44,N/B,3348
2019-06-14,59,15:30:00,Friday,Maple leaf Route,General Delay,25,39,B/W,
2019-06-14,102,15:50:00,Friday,Hwy & Markham raod,Diversion,20,40,,8564
2019-06-14,21,15:51:00,Friday,Waterfield/Brimorton and Brimley,Investigation,18,36,S/B,1255
2019-06-14,88,15:51:00,Friday,88 route bothways,General Delay,26,32,B/W,
2019-06-14,168,15:57:00,Friday,Weston at Rogers,Mechanical,8,16,S/B,1018
2019-06-14,56,16:00:00,Friday,Laird and Eglinton to Millwood and Southvale drive,General Delay,180,1,B/W,
2019-06-14,941,16:00:00,Friday,Keele and Eglinton,General Delay,10,20,S/B,1043
2019-06-14,952,16:00:00,Friday,Dufferin to Keele St,General Delay,180,1,W/B,
2019-06-14,122,16:00:00,Friday,York Mills stn to bayview Ave,General Delay,180,1,E/B,
2019-06-14,115,16:00:00,Friday,York Mills Rd to Bayview Ave,General Delay,120,1,E/B,
2019-06-14,24,16:00:00,Friday,24 Victoria Park Ave,General Delay,15,1,B/W,
2019-06-14,34,16:00:00,Friday,Kennedy Station to Eglinton Station,General Delay,20,25,B/W,
2019-06-14,17,16:00:00,Friday,Birchmount from WAST to STLP,General Delay,36,45,S/B,
2019-06-14,37,16:00:00,Friday,entire route,General Delay,8,16,N/B,
2019-06-14,51,16:00:00,Friday,Entire Route,General Delay,1,1,B/W,
2019-06-14,63,16:00:00,Friday,Entire Route,General Delay,1,1,B/W,
2019-06-14,89,16:00:00,Friday,Keele stn,General Delay,15,30,B/W,1034
2019-06-14,110,16:00:00,Friday,entire route,General Delay,12,24,N/B,
2019-06-14,50,16:00:00,Friday,Burnhamthorpe at Westmall to Eastmall,General Delay,23,34,B/W,
2019-06-14,143,16:00:00,Friday,Adelaide from Spadina to Parliament,General Delay,75,100,B/W,
2019-06-14,41,16:00:00,Friday,Keele and Eglnton,General Delay,9,18,N/B,9046
2019-06-14,80,16:00:00,Friday,entire route,General Delay,30,60,S/B,
2019-06-14,12,16:00:00,Friday,12 Kingston Road,General Delay,10,1,B/W,
2019-06-14,73,16:00:00,Friday,entire route and at 427 and albion,General Delay,14,28,B/W,
2019-06-14,989,16:00:00,Friday,Weston and Rogers,General Delay,10,20,B/W,1147
2019-06-14,54,16:00:00,Friday,LAWRENCE EAST- 54,General Delay,35,45,B/W,
2019-06-14,111,16:00:00,Friday,the East mall and bloor,General Delay,10,20,S/B,
2019-06-14,68,16:00:00,Friday,Warden/Eglinton,General Delay,20,30,B/W,
2019-06-14,133,16:01:00,Friday,STC,Mechanical,7,14,E/B,3538
2019-06-14,38,16:11:00,Friday,STC,Mechanical,16,32,E/B,1745
2019-06-14,39,16:16:00,Friday,Neilson and Crow Trail,Mechanical,14,28,W/B,1550
2019-06-14,53,16:25:00,Friday,Entire route,General Delay,20,25,B/W,1366
2019-06-14,131,16:30:00,Friday,Nugget Avenue / Scar Town Ctr,General Delay,9,18,B/W,
2019-06-14,49,16:30:00,Friday,East Mall and Bloor,Diversion,1,1,W/B,
2019-06-14,903,16:30:00,Friday,Nugget Express / Scar Town Ctr / Kennedy Stn,General Delay,9,18,B/W,
2019-06-14,111,16:30:00,Friday,the east mall and bloor,Diversion,15,25,B/W,
2019-06-14,952,16:33:00,Friday,Weston rd and Lawrence Ave,Investigation,12,24,W/B,8379
2019-06-14,25,16:35:00,Friday,Don Mills and Eglinton,Mechanical,6,12,S/B,8847
2019-06-14,47,16:40:00,Friday,Lansdowne at Bloor,Investigation,6,12,N/B,1576
2019-06-14,86,16:43:00,Friday,Meadowvale and Euclid Ave,Mechanical,16,32,S/B,8706
2019-06-14,116,16:44:00,Friday,Kennedy Station,Utilized Off Route,12,24,E/B,8858
2019-06-14,40,16:48:00,Friday,Runnymede Loop,Utilized Off Route,7,14,E/B,8054
2019-06-14,92,16:50:00,Friday,Cassels and Woodbine,Investigation,10,20,S/B,8468
2019-06-14,102,17:00:00,Friday,Shappard and markham,General Delay,10,20,B/W,
2019-06-14,72,17:00:00,Friday,Qwueens Quay /lower jarvis,General Delay,15,30,B/W,
2019-06-14,142,17:00:00,Friday,Richmond /Simcoe to University Adelaide,General Delay,120,1,E/B,
2019-06-14,941,17:01:00,Friday,Finch West Stn,Utilized Off Route,13,26,N/B,1080
2019-06-14,34,17:05:00,Friday,Kennedy Station,Investigation,4,9,W/B,8690
2019-06-14,116,17:15:00,Friday,Morningside at Coronation,Investigation,25,50,N/B,8744
2019-06-14,939,17:15:00,Friday,STC,Utilized Off Route,12,24,W/B,3488
2019-06-14,66,17:19:00,Friday,Parklawn and Berry,Diversion,42,53,N/B,8073
2019-06-14,89,17:20:00,Friday,Keele stn,Mechanical,10,20,B/W,1148
2019-06-14,52,17:20:00,Friday,Braecrest and The Westway,Diversion,110,125,W/B,
2019-06-14,41,17:25:00,Friday,Keele and Wilson,Mechanical,10,20,S/B,9017
2019-06-14,21,17:30:00,Friday,STC,Mechanical,9,18,N/B,1324
2019-06-14,53,17:55:00,Friday,McCowan and Steeles,Mechanical,5,10,E/B,1401
2019-06-14,65,18:25:00,Friday,BKFR,Utilized Off Route,11,22,N/B,9221
2019-06-14,21,18:30:00,Friday,Brimley and Lawrence,General Delay,14,28,B/W,
2019-06-14,36,18:30:00,Friday,Albion,Mechanical,6,11,E/B,9106
2019-06-14,52,18:36:00,Friday,Lawrence West Stn,Mechanical,12,25,W/B,8143
2019-06-14,26,19:32:00,Friday,Dupont at Ossington,Investigation,20,40,W/B,1024
2019-06-14,96,19:39:00,Friday,Carrier Loop,Mechanical,17,38,E/B,3329
2019-06-14,74,20:36:00,Friday,Eglinton and Mt Pleasant,Mechanical,1,1,S/B,1370
2019-06-14,939,21:04:00,Friday,STC Station,Mechanical,13,26,W/B,1509
2019-06-14,89,21:25:00,Friday,Keele stn,Utilized Off Route,10,20,N/B,1502
2019-06-14,104,21:28:00,Friday,Sheppard West Station,Mechanical,16,32,N/B,1387
2019-06-14,8,21:31:00,Friday,Broadview Station,Investigation,15,30,B/W,8935
2019-06-14,100,21:31:00,Friday,Broadview Station,Investigation,10,20,N/B,8790
2019-06-14,47,22:11:00,Friday,Lansdowne at Davenport,Investigation,20,40,S/B,1067
2019-06-14,53,22:15:00,Friday,Steeles and Yonge,Mechanical,5,15,E/B,3526
2019-06-14,34,22:30:00,Friday,Eglinton/Don Mills,Investigation,20,40,E/B,8851
2019-06-14,939,22:35:00,Friday,STC Station,Mechanical,9,18,W/B,1559
2019-06-14,165,22:49:00,Friday,Wilson and Clayson,Investigation,10,20,W/B,3361
2019-06-14,161,22:53:00,Friday,Ossington Stn,General Delay,30,60,E/B,1262
2019-06-14,79,23:58:00,Friday,Evans and Royal York,Mechanical,10,20,N/B,8613
2019-06-15,29,00:55:00,Saturday,Dufferin / Queen,Diversion,65,74,N/B,9008
2019-06-15,320,01:23:00,Saturday,Yonge Dundas,Diversion,5,8,B/W,
2019-06-15,329,01:30:00,Saturday,Dufferin at Queen,Diversion,30,60,B/W,
2019-06-15,73,04:50:00,Saturday,dundas west stn,Utilized Off Route,8,16,W/B,7952
2019-06-15,130,05:21:00,Saturday,Scarborough Town Center,Investigation,30,30,N/B,1725
2019-06-15,80,05:30:00,Saturday,queensway garage,Mechanical,30,60,W/B,8608
2019-06-15,121,06:00:00,Saturday,Toronto Lululemon 10 K Race,Diversion,20,40,B/W,8465
2019-06-15,121,06:06:00,Saturday,Front / University & Fort York / Fleet,General Delay,20,40,B/W,8465
2019-06-15,95,06:10:00,Saturday,Scarborough Campus Loop,Investigation,14,30,W/B,1718
2019-06-15,91,06:14:00,Saturday,Eglinton Ave East - Bermondsey / Sloane,Diversion,1,1,SB,8567
2019-06-15,15,06:20:00,Saturday,queensway garage,Mechanical,30,60,S/B,8426
2019-06-15,16,07:00:00,Saturday,McCowan Route,General Delay,10,20,BW,0
2019-06-15,52,07:15:00,Saturday,The Westway and Inslington Ave,Diversion,591,602,B/W,
2019-06-15,52,07:30:00,Saturday,Lawrence Station to MCNAUGHTON AVE. AT VICTORY CR.,General Delay,31,41,B/W,
2019-06-15,102,07:38:00,Saturday,Markham Road - Highway #7 to Bullock Drive,Diversion,1,1,SB,8466
2019-06-15,900,08:07:00,Saturday,Pearson Airport:  Terminal 3,Mechanical,10,20,S/B,8003
2019-06-15,17,08:30:00,Saturday,Birchmount Route,General Delay,15,30,BW,0
2019-06-15,161,08:50:00,Saturday,Lambton and Goldenly,Investigation,14,39,S/B,1345
2019-06-15,168,09:19:00,Saturday,Bloor and Symington,Mechanical,1,1,S/B,1406
2019-06-15,29,09:51:00,Saturday,Dufferin and Lawrence,Mechanical,5,10,N/B,9001
2019-06-15,63,09:53:00,Saturday,Liberty and Atlantic,Emergency Services,5,10,W/B,8387
2019-06-15,985,10:00:00,Saturday,Don Mills Stn to Scarb. Town Centre Stn.,General Delay,14,28,B/W,
2019-06-15,53,10:12:00,Saturday,Passmore and Markham,Mechanical,17,25,W/B,3538
2019-06-15,29,10:18:00,Saturday,Glencairn and Dufferin,Mechanical,5,10,N/B,9053
2019-06-15,985,10:18:00,Saturday,STC,Mechanical,14,28,W/B,9078
2019-06-15,84,10:20:00,Saturday,Sheppard west station,Mechanical,10,20,W/B,3122
2019-06-15,47,10:30:00,Saturday,St. Clair and Lansdown,Diversion,140,149,S/B,
2019-06-15,90,10:40:00,Saturday,Vaughn and Connaught,Diversion,8,16,S/B,1301
2019-06-15,31,10:43:00,Saturday,Greenwood Ave and Queen St East,Investigation,20,40,SB,9238
2019-06-15,29,10:50:00,Saturday,Hunter and Dufferin,Mechanical,6,11,S/B,9002
2019-06-15,54,10:58:00,Saturday,McCowan and Lawrence,Investigation,16,32,W/B,8822
2019-06-15,85,10:58:00,Saturday,Sheppard/Consumer,Mechanical,22,44,W/B,3480
2019-06-15,85,10:59:00,Saturday,Don Mills Station,Utilized Off Route,6,12,E/B,1577
2019-06-15,9,11:00:00,Saturday,Bellamy Route,General Delay,15,38,BW,0
2019-06-15,83,11:00:00,Saturday,Jones Route,General Delay,15,30,BW,0
2019-06-15,124,11:00:00,Saturday,Lawrence Station to Sunnybrook Hospital,General Delay,25,45,W/B,
2019-06-15,53,11:00:00,Saturday,Finch Station - Morningside and Finch,General Delay,15,23,B/W,1602
2019-06-15,85,11:10:00,Saturday,Toronto Zoo,Utilized Off Route,6,12,E/B,1565
2019-06-15,29,11:25:00,Saturday,St. Clair and Dufferin,Mechanical,5,11,S/B,9043
2019-06-15,54,11:30:00,Saturday,Lawrence East Station,Mechanical,17,35,E/B,8743
2019-06-15,600,11:57:00,Saturday,Springhurst Loop,Mechanical,1,1,N/B,1038
2019-06-15,26,12:08:00,Saturday,Old Mill Station,Mechanical,28,56,E/B,1007
2019-06-15,45,12:16:00,Saturday,"On Kipling, at Finch",Investigation,9,19,S/B,8045
2019-06-15,939,12:31:00,Saturday,FINCH WEST STATION,Mechanical,14,28,B/W,1312
2019-06-15,85,12:34:00,Saturday,Malvern Gates,Mechanical,6,12,E/B,1401
2019-06-15,29,12:35:00,Saturday,Dupont and Dufferin,Investigation,4,8,S/B,9141
2019-06-15,52,12:37:00,Saturday,Keele and Lawrence Ave,Mechanical,20,40,E/B,8182
2019-06-15,15,12:40:00,Saturday,queensway garage,Mechanical,30,60,S/B,8035
2019-06-15,29,12:53:00,Saturday,Hunter and Dufferin,Investigation,3,7,S/B,9101
2019-06-15,84,12:56:00,Saturday,Sheppard west station,Investigation,6,12,W/B,3321
2019-06-15,35,13:00:00,Saturday,Jane and St Clair,Mechanical,7,14,N/B,3171
2019-06-15,165,13:14:00,Saturday,Wilson/Highview,Mechanical,7,15,E/B,3133
2019-06-15,29,13:27:00,Saturday,Dufferin and Lawrence,Mechanical,5,10,N/B,9044
2019-06-15,54,13:35:00,Saturday,Lawrence East Station,Mechanical,13,27,W/B,8923
2019-06-15,76,14:00:00,Saturday,Royal York station,General Delay,10,40,S/B,8052
2019-06-15,73,14:00:00,Saturday,Royal York station,General Delay,10,40,N/B,8052
2019-06-15,102,14:00:00,Saturday,entire route,General Delay,10,1,W/B,1
2019-06-15,52,14:02:00,Saturday,Lawrence Ave and Dufferin St,Mechanical,10,20,W/B,8134
2019-06-15,63,14:04:00,Saturday,King and Atlantic,Utilized Off Route,5,10,N/B,1234
2019-06-15,96,14:05:00,Saturday,Wilson/Beverly Hills,Mechanical,16,32,W/B,3363
2019-06-15,719,14:07:00,Saturday,Jane at Humber Blvd,Utilized Off Route,1,1,N/B,1037
2019-06-15,600,14:10:00,Saturday,Jane station,Utilized Off Route,1,1,N/B,3152
2019-06-15,704,14:20:00,Saturday,Jane station,Utilized Off Route,1,1,N/B,3237
2019-06-15,29,14:26:00,Saturday,King and Dufferin,Investigation,3,6,N/B,9052
2019-06-15,41,14:28:00,Saturday,Pioneer Village Station,Mechanical,8,16,S/B,1104
2019-06-15,60,14:48:00,Saturday,Steeles and Petrolia,Utilized Off Route,9,18,W/B,3324
2019-06-15,53,15:00:00,Saturday,53 Steeles All Branch,General Delay,10,16,BW,1396
2019-06-15,95,15:00:00,Saturday,95 York Mills Roue-all Branch,General Delay,14,28,B/W,1343
2019-06-15,131,15:00:00,Saturday,131 Nugget Route-All Branch,General Delay,13,26,B/W,1728
2019-06-15,134,15:00:00,Saturday,134 Progress Route-All Branch,General Delay,20,40,B/W,1607
2019-06-15,47,15:14:00,Saturday,St. Clair at Lansdowne,Investigation,18,36,S/B,1349
2019-06-15,53,15:25:00,Saturday,Steeles and Midland,Mechanical,6,12,B/W,1396
2019-06-15,63,15:30:00,Saturday,Liberty Village,General Delay,0,0,B/W,
2019-06-15,935,15:36:00,Saturday,Jane and Shoreham,Investigation,9,18,S/B,3283
2019-06-15,160,15:41:00,Saturday,Bathurst and Clark,Diversion,15,51,B/W,
2019-06-15,29,16:00:00,Saturday,Entire route and Both ends,General Delay,1,1,B/W,
2019-06-15,24,16:00:00,Saturday,eglintion and Victoria park,General Delay,7,14,N/B,
2019-06-15,51,16:00:00,Saturday,Entire Route,General Delay,1,1,B/W,
2019-06-15,95,16:10:00,Saturday,York Mills Route-All Branch,Mechanical,13,26,E/B,1338
2019-06-15,51,16:49:00,Saturday,North York General Hospital,Investigation,24,48,N/B,8345
2019-06-15,111,17:00:00,Saturday,Kipling Station and Willowridge/Richgrove,General Delay,1,1,B/W,
2019-06-15,600,17:07:00,Saturday,Main Station,Utilized Off Route,1,1,N/B,8534
2019-06-15,100,17:09:00,Saturday,Broadview Station,Utilized Off Route,9,18,N/B,8762
2019-06-15,711,17:12:00,Saturday,Ossington Station,Utilized Off Route,1,1,E/B,8102
2019-06-15,25,17:12:00,Saturday,Pape Station,Utilized Off Route,9,17,N/B,8704
2019-06-15,47,17:22:00,Saturday,Lansdowne at Queen,Utilized Off Route,8,16,N/B,1142
2019-06-15,36,17:27:00,Saturday,Humberline and Woodlot,Diversion,103,108,E/B,3174
2019-06-15,96,17:30:00,Saturday,Humberline Dr/Woodlot Cres.,Diversion,94,109,B/W,
2019-06-15,32,17:39:00,Saturday,Renforth Station,Mechanical,9,18,E/B,1016
2019-06-15,161,17:43:00,Saturday,Jane and Alliance,Investigation,14,28,E/B,1046
2019-06-15,45,17:47:00,Saturday,Kipling Station,Mechanical,10,20,N/B,8057
2019-06-15,52,17:50:00,Saturday,Hwy 27 and Dixon Rd,General Delay,130,1,E/B,
2019-06-15,52,17:55:00,Saturday,Lawrence Stn,Mechanical,17,34,W/B,1235
2019-06-15,161,18:00:00,Saturday,Jane and Alliance,Diversion,35,69,W/B,
2019-06-15,35,18:00:00,Saturday,Jane and Alliance,Diversion,9,18,N/B,
2019-06-15,89,18:10:00,Saturday,Keele Station,Mechanical,10,20,N/B,1418
2019-06-15,52,18:20:00,Saturday,Lawrence Stn,Utilized Off Route,21,38,W/B,1296
2019-06-15,63,18:25:00,Saturday,Eglinton Station,Mechanical,6,12,S/B,1293
2019-06-15,129,18:51:00,Saturday,Steeles/McCowan,Mechanical,3,9,E/B,3469
2019-06-15,42,19:02:00,Saturday,McNicol and Birchmount,Diversion,60,73,E/B,
2019-06-15,94,19:04:00,Saturday,Parliament at Howard,Investigation,7,14,W/B,1100
2019-06-15,25,19:12:00,Saturday,Pape Station,Utilized Off Route,9,17,N/B,8657
2019-06-15,52,19:13:00,Saturday,Lawrence Stn,Utilized Off Route,20,43,W/B,8174
2019-06-15,720,19:13:00,Saturday,Broadview Station,Utilized Off Route,1,1,N/B,8915
2019-06-15,716,19:14:00,Saturday,Victoria Park Station,Utilized Off Route,1,1,W/B,8493
2019-06-15,89,19:15:00,Saturday,Presto( Albion and Weston),Mechanical,1,1,S/B,1549
2019-06-15,54,19:18:00,Saturday,Canlish and Lawrence,Emergency Services,13,26,E/B,8824
2019-06-15,9,19:30:00,Saturday,Warden Station,Mechanical,22,44,N/B,9235
2019-06-15,32,20:04:00,Saturday,Lawrence at Pine,Mechanical,20,40,W/B,1021
2019-06-15,89,20:39:00,Saturday,Weston and Rogers,Investigation,10,20,N/B,1118
2019-06-15,131,20:50:00,Saturday,Sewells Rd-Morningview Trail,Mechanical,15,30,E/B,1402
2019-06-15,97,21:00:00,Saturday,YOUNGE AND EGLINTON,Diversion,1,1,B/W,
2019-06-15,39,21:19:00,Saturday,Finch Stn,Utilized Off Route,7,21,E/B,3503
2019-06-15,125,21:38:00,Saturday,Cummer and Yonge,Diversion,119,135,W/B,
2019-06-15,29,21:40:00,Saturday,Wilson Station,Diversion,260,269,B/W,
2019-06-15,53,21:43:00,Saturday,Cummer and Yonge St,Diversion,127,132,S/B,1656
2019-06-15,60,21:50:00,Saturday,Yonge and Cummer,Diversion,121,132,S/B,3294
2019-06-15,42,21:50:00,Saturday,Cummer and Yonge,Diversion,107,127,W/B,
2019-06-15,97,21:50:00,Saturday,Younge and Cummer,Diversion,1,1,S/B,
2019-06-15,61,23:00:00,Saturday,Avenue Rd and Wilson Ave,Diversion,18,36,N/B,
2019-06-16,600,00:05:00,Sunday,Keele Station,Utilized Off Route,1,1,N/B,1254
2019-06-16,600,00:06:00,Sunday,Pine at Lawrence,Utilized Off Route,1,1,E/B,1532
2019-06-16,985,00:41:00,Sunday,Scarborough Town Centre,Investigation,20,40,WB,1663
2019-06-16,600,00:43:00,Sunday,Dufferin at Davenport,Investigation,1,1,N/B,1044
2019-06-16,20,00:55:00,Sunday,Highview and Kennedy,Mechanical,30,60,E/B,8516
2019-06-16,320,01:03:00,Sunday,Yonge at Dundas,Diversion,3,7,B/W,
2019-06-16,320,01:03:00,Sunday,Yonge at Eglinton,Diversion,3,7,B/W,
2019-06-16,32,01:39:00,Sunday,Caledonia/Eglinton,Mechanical,18,18,E/B,1088
2019-06-16,300,02:00:00,Sunday,Danforth and Danforth,General Delay,30,60,BW,8607
2019-06-16,320,02:04:00,Sunday,Yonge Street,General Delay,3,7,B/W,
2019-06-16,63,02:04:00,Sunday,Oakwood at Rogers,Diversion,30,60,B/W,
2019-06-16,320,03:08:00,Sunday,Steeles at Yonge,Mechanical,3,7,S/B,8148
2019-06-16,29,05:00:00,Sunday,Dufferin and 401,Diversion,300,330,B/W,
2019-06-16,320,05:00:00,Sunday,Eglinton and Yonge,General Delay,3,6,B/W,1250
2019-06-16,320,05:19:00,Sunday,Steeles and Yonge,Mechanical,4,15,S/B,9032
2019-06-16,343,05:30:00,Sunday,Kennedy and Steeles,Mechanical,24,24,S/B,8644
2019-06-16,320,05:33:00,Sunday,Yonge and Steeles,Utilized Off Route,9,18,SB,9136
2019-06-16,300,06:00:00,Sunday,Avenue to Bay on Bloor,Diversion,180,210,S/B,
2019-06-16,395,06:00:00,Sunday,York Mills Night Bus Route,General Delay,30,60,B/W,
2019-06-16,300,07:12:00,Sunday,Danforth Ave and Danforth Rd,Mechanical,12,24,N/B,8041
2019-06-16,34,07:26:00,Sunday,Eglinton Ave and Don Mills Rd,Mechanical,15,30,W/B,8626
2019-06-16,116,07:40:00,Sunday,Kennedy Stn,Mechanical,10,20,E/B,8880
2019-06-16,94,07:50:00,Sunday,Queens Park Cres and Wellesley,Diversion,255,265,B/W,
2019-06-16,5,08:00:00,Sunday,queens park / eglinton wstn,General Delay,10,20,B/W,
2019-06-16,75,08:00:00,Sunday,On route,General Delay,15,30,B/W,
2019-06-16,5,08:01:00,Sunday,Yorkville,Mechanical,20,40,S/B,1387
2019-06-16,85,08:09:00,Sunday,Markham and Sheppard,Mechanical,22,44,E/B,3507
2019-06-16,90,08:20:00,Sunday,Yonge and montgomery,Investigation,12,24,S/B,8301
2019-06-16,320,08:20:00,Sunday,Yonge and Mountgomery Ave,Investigation,3,6,S/B,8301
2019-06-16,85,08:30:00,Sunday,Meadowvale on Sheppard,Utilized Off Route,20,40,E/B,3443
2019-06-16,165,08:40:00,Sunday,Sheppard and Weston,Mechanical,19,19,W/B,3197
2019-06-16,47,08:49:00,Sunday,College and Lansdowne,Mechanical,1,1,N/B,1109
2019-06-16,29,08:50:00,Sunday,CNE Grounds,Diversion,30,40,B/W,
2019-06-16,62,09:03:00,Sunday,Main Stn.,Mechanical,20,40,W/B,8482
2019-06-16,7,09:20:00,Sunday,Bathurst and Baycrest,Mechanical,9,18,S/B,8170
2019-06-16,161,09:28:00,Sunday,Jane and Alliance,Mechanical,1,1,S/B,1272
2019-06-16,94,09:30:00,Sunday,Entire Route,General Delay,20,35,B/W,
2019-06-16,79,09:45:00,Sunday,Foxwell and Scarlett,Mechanical,1,1,S/B,1406
2019-06-16,29,09:53:00,Sunday,Dufferin and Lawrence,Mechanical,10,20,S/B,9004
2019-06-16,84,10:00:00,Sunday,Route 84,General Delay,14,24,B/W,
2019-06-16,935,10:00:00,Sunday,Route 935,General Delay,18,28,B/W,
2019-06-16,53,10:00:00,Sunday,Finch Station to Morningside and Finch,General Delay,26,52,B/W,
2019-06-16,35,10:00:00,Sunday,Route 35,General Delay,20,30,B/W,
2019-06-16,63,10:14:00,Sunday,Atlantic and king,Utilized Off Route,9,18,N/B,1389
2019-06-16,21,10:14:00,Sunday,Scarb. Town Centre,Mechanical,22,44,N/B,1509
2019-06-16,52,11:00:00,Sunday,Lawrence Station to MCNAUGHTON AVE. AT VICTORY CR.,General Delay,20,30,B/W,
2019-06-16,96,11:31:00,Sunday,Albion abd Golfdown Drive,Investigation,18,36,W/B,3134
2019-06-16,29,11:32:00,Sunday,Dufferin and Dane,Mechanical,7,13,N/B,9055
2019-06-16,73,11:44:00,Sunday,Albion and Elmhurst,Investigation,10,20,N/B,8416
2019-06-16,53,12:00:00,Sunday,Victoria Park and Steeles,Diversion,40,66,E/B,
2019-06-16,63,12:00:00,Sunday,liberty / eglinton wstn,General Delay,7,14,B/W,
2019-06-16,17,12:00:00,Sunday,Birchmount,General Delay,10,1,B/W,
2019-06-16,9,12:00:00,Sunday,bellamy route,General Delay,10,1,B/W,
2019-06-16,22,12:00:00,Sunday,coxwell route,General Delay,10,1,B/W,
2019-06-16,62,12:00:00,Sunday,mortimer route,General Delay,10,1,B/W,
2019-06-16,64,12:00:00,Sunday,Main route,General Delay,10,1,B/W,
2019-06-16,124,12:00:00,Sunday,Lawrence Station to Sunnybrook Hospital,General Delay,12,32,B/W,
2019-06-16,6,12:47:00,Sunday,Dockside and Queensquay,Investigation,14,28,N/B,1208
2019-06-16,16,12:48:00,Sunday,STC,Mechanical,12,24,S/B,8601
2019-06-16,34,13:53:00,Sunday,Eglinton Ave and Don Mille Rd,Investigation,18,36,E/B,8803
2019-06-16,59,14:00:00,Sunday,Route 59,General Delay,12,42,B/W,
2019-06-16,47,14:18:00,Sunday,Dupont and Lansdowne,Mechanical,1,1,S/B,1033
2019-06-16,34,14:43:00,Sunday,Eglinton Stn,Utilized Off Route,9,18,E/B,8733
2019-06-16,39,14:48:00,Sunday,Warden and Finch,Diversion,72,88,E/B,1568
2019-06-16,939,14:48:00,Sunday,Warden and Finch,Diversion,72,84,E/B,1245
2019-06-16,68,14:54:00,Sunday,Warden and Finch,Diversion,240,250,B/W,8820
2019-06-16,120,15:00:00,Sunday,Wilson station,Mechanical,30,60,E/B,3195
2019-06-16,108,15:00:00,Sunday,Driftwood and Grand Ravine,General Delay,9,18,B/W,1
2019-06-16,108,15:11:00,Sunday,Driftwood and Grandravine,Diversion,9,18,B/W,
2019-06-16,32,15:21:00,Sunday,Emmett and Verona,Mechanical,21,42,E/B,1423
2019-06-16,63,16:00:00,Sunday,for bloor to king on ossington,General Delay,7,14,B/W,
2019-06-16,63,16:05:00,Sunday,Oakwood and StClair,Investigation,7,14,S/B,1321
2019-06-16,52,16:10:00,Sunday,Airport Terminal 3,Investigation,14,28,E/B,1314
2019-06-16,60,17:05:00,Sunday,Bathurst and Steeles,Utilized Off Route,10,20,W/B,3149
2019-06-16,21,17:12:00,Sunday,Scarb. Town Centre,Mechanical,18,36,N/B,3453
2019-06-16,15,17:21:00,Sunday,Evans and Horner,Diversion,1,1,W/B,8030
2019-06-16,16,17:26:00,Sunday,Scarborough Town Centre,Investigation,12,24,S/B,9232
2019-06-16,900,18:09:00,Sunday,Kipling Station,Emergency Services,1,1,N/B,8008
2019-06-16,81,18:12:00,Sunday,pape and mortimer,Diversion,38,48,N/B,
2019-06-16,925,18:26:00,Sunday,Pape & Mortimer,Diversion,17,27,N/B,8677
2019-06-16,25,18:26:00,Sunday,Pape & Mortimer,Diversion,17,26,N/B,8652
2019-06-16,130,18:30:00,Sunday,Scarborough Town Centre,Mechanical,30,60,SB,1298
2019-06-16,165,18:37:00,Sunday,Walsh,Investigation,8,16,W/B,3357
2019-06-16,85,18:52:00,Sunday,Morningside/Sheppard,Emergency Services,6,12,E/B,1727
2019-06-16,41,19:22:00,Sunday,Finch West Station,Mechanical,18,36,S/B,1357
2019-06-16,60,19:35:00,Sunday,Finch Station,Utilized Off Route,14,30,W/B,3164
2019-06-16,79,20:00:00,Sunday,Pine at Lawrence,Mechanical,25,50,S/B,1408
2019-06-16,111,20:00:00,Sunday,Kipling Station to Willowridge/Richgrove,General Delay,1,1,B/W,
2019-06-16,86,20:01:00,Sunday,Kennedy,Mechanical,10,20,E/B,8795
2019-06-16,83,20:17:00,Sunday,wheel trans yard,Investigation,15,30,N/B,8584
2019-06-16,123,20:25:00,Sunday,Kipling Station,Mechanical,1,1,S/B,8098
2019-06-16,40,21:00:00,Sunday,Dundas West Station and Runnymede Loop,General Delay,1,1,B/W,
2019-06-16,168,21:01:00,Sunday,Avon Loop,Mechanical,12,24,S/B,1272
2019-06-16,53,21:06:00,Sunday,Steeles and Woodbine,Diversion,58,84,E/B,1652
2019-06-16,29,21:28:00,Sunday,Wilson Station,Emergency Services,10,20,S/B,9138
2019-06-16,600,21:44:00,Sunday,Avon Loop,Emergency Services,1,1,N/B,1093
2019-06-16,60,21:46:00,Sunday,Steeles Loop and Martin Grove,Investigation,14,28,E/B,3124
2019-06-16,36,21:59:00,Sunday,Finch West Station,Mechanical,10,20,E/B,3303
2019-06-16,11,22:10:00,Sunday,Bayview and Steeles (loop),Mechanical,20,40,S/B,8130
2019-06-16,7,22:22:00,Sunday,Greenwin Village/ Bathurst,Emergency Services,10,20,S/B,8131
2019-06-16,32,22:36:00,Sunday,Pine and Lawrence,Mechanical,19,38,E/B,1096
2019-06-16,39,22:40:00,Sunday,Between Finch Stn and Neilson and Crowtrail,General Delay,15,25,B/W,
2019-06-16,39,23:05:00,Sunday,Neilson and Sheppard,Mechanical,10,20,W/B,1674
2019-06-16,36,23:24:00,Sunday,Finch Station,Mechanical,10,20,W/B,3156
2019-06-16,38,23:27:00,Sunday,Lawson and Centenniel road,Emergency Services,13,26,WB,1366
2019-06-16,45,23:49:00,Sunday,Steeles and Kipling Loop,Emergency Services,10,20,S/B,8051
2019-06-17,602,00:03:00,Monday,Kipling Station,Utilized Off Route,1,1,S/B,8090
2019-06-17,602,00:04:00,Monday,Kipling Station,Utilized Off Route,1,1,S/B,8082
2019-06-17,35,00:04:00,Monday,Jane Stn,Utilized Off Route,17,34,N/B,3142
2019-06-17,75,02:20:00,Monday,,General Delay,8,16,B/W,
2019-06-17,45,04:25:00,Monday,Steeles loop,Mechanical,25,49,S/B,8400
2019-06-17,41,04:45:00,Monday,Keele Station,Mechanical,20,20,N/B,9033
2019-06-17,91,05:05:00,Monday,Eglinton Ave East - Bermondsey Road / Sloane Ave,Diversion,1,1,SB,3104
2019-06-17,22,05:11:00,Monday,Gerrard and Coxwell,Diversion,999,999,N/B,3107
2019-06-17,37,05:17:00,Monday,queensway garage,Mechanical,16,32,S/B,7963
2019-06-17,17,05:40:00,Monday,Steeles and Warden Loop,Mechanical,7,14,S/B,8453
2019-06-17,104,05:45:00,Monday,Finch & Dufferin,Diversion,60,78,N/B,
2019-06-17,34,05:47:00,Monday,Kennedy Station,Mechanical,4,9,W/B,8806
2019-06-17,116,05:50:00,Monday,Kennedy STN,Vision,6,13,E/B,8650
2019-06-17,121,06:00:00,Monday,Yonge and Front Street,Diversion,189,199,B/W,
2019-06-17,6,06:00:00,Monday,Gerrard and Bay,Diversion,1,1,B/W,
2019-06-17,20,06:09:00,Monday,Main Station,Mechanical,13,26,W/B,8532
2019-06-17,98,06:10:00,Monday,Sheppard station,General Delay,30,60,W/B,8187
2019-06-17,39,06:34:00,Monday,Finch / Finch Station,Mechanical,0,0,E/B,3404
2019-06-17,95,06:47:00,Monday,Bayview to Fenn Ave,Diversion,8,14,,3553
2019-06-17,953,06:50:00,Monday,Finch Station,Mechanical,13,27,E/B,9072
2019-06-17,134,06:55:00,Monday,Scarborough Town Center,Mechanical,5,10,E/B,9088
2019-06-17,984,06:56:00,Monday,Rivalda and Sheppard,Mechanical,10,19,W/B,3369
2019-06-17,45,07:00:00,Monday,Kipling Station to Steeles and Disco and Attwell,General Delay,15,24,B/W,
2019-06-17,111,07:00:00,Monday,Kipling Station to Willowridge,General Delay,15,26,B/W,
2019-06-17,115,07:00:00,Monday,on Yorkmills at West Of Bay view,Diversion,1,1,W/B,
2019-06-17,122,07:00:00,Monday,"On Yorkmills, West of Bayview",Diversion,1,1,W/B,
2019-06-17,49,07:00:00,Monday,Kipling Station to Markland and Bloor,General Delay,15,24,B/W,
2019-06-17,95,07:01:00,Monday,Midland and Progress,Mechanical,8,16,S/B,1550
2019-06-17,59,07:03:00,Monday,Lawrence West Station,Investigation,12,24,W/B,3268
2019-06-17,29,07:05:00,Monday,Wilson Station,Mechanical,8,16,S/B,9007
2019-06-17,130,07:09:00,Monday,Middlefield and Steeles,Mechanical,16,32,S/B,1400
2019-06-17,29,07:14:00,Monday,Wilson & Transit,Investigation,8,16,N/B,9029
2019-06-17,61,07:30:00,Monday,Eglinton Station,Investigation,10,20,N/B,8383
2019-06-17,143,07:30:00,Monday,Downtown - Beaches Express,General Delay,15,30,BW,0
2019-06-17,72,07:30:00,Monday,Pape Station to Front and Bay,General Delay,15,20,B/W,
2019-06-17,9,07:33:00,Monday,St. Clair Ave East and Kennedy Road,Mechanical,17,34,EB,8524
2019-06-17,87,07:43:00,Monday,Main Station,Mechanical,5,10,W/B,8449
2019-06-17,110,07:45:00,Monday,islington station,General Delay,12,24,s/b,8419
2019-06-17,32,07:52:00,Monday,Eglinton Station,Utilized Off Route,7,14,W/B,1281
2019-06-17,143,07:55:00,Monday,Richmond St East and Bay St,Investigation,15,30,WB,8470
2019-06-17,144,08:00:00,Monday,Richmond St/ York St,General Delay,40,60,W/B,
2019-06-17,16,08:00:00,Monday,McCowan Route,General Delay,15,24,BW,0
2019-06-17,985,08:00:00,Monday,Don Mills Station - Meadowvale loop,General Delay,22,33,B/W,9090
2019-06-17,47,08:00:00,Monday,Entire Route,General Delay,25,40,B/W,
2019-06-17,145,08:00:00,Monday,lakeshore,General Delay,1,1,N/B,8090
2019-06-17,141,08:00:00,Monday,Entire route,General Delay,30,70,S/B,
2019-06-17,168,08:07:00,Monday,Avon Loop,Mechanical,12,24,S/B,1614
2019-06-17,160,08:30:00,Monday,wilson stn / clarke,General Delay,6,12,B/W,
2019-06-17,41,08:30:00,Monday,Keele Station - Pioneer Village Station,General Delay,20,30,B/W,
2019-06-17,23,08:30:00,Monday,Main Station to Rexleigh Blvd,General Delay,10,15,B/W,
2019-06-17,90,08:30:00,Monday,st clair wstn / oakwood,General Delay,4,7,B/W,
2019-06-17,77,08:35:00,Monday,Coe Hill Dr and the Queens Way,Mechanical,9,18,S/B,1357
2019-06-17,95,08:40:00,Monday,Ellesmere and Military Trail,Mechanical,10,20,W/B,1310
2019-06-17,23,08:40:00,Monday,Dawes and Danforth,Diversion,6,16,S/B,3106
2019-06-17,137,08:45:00,Monday,Centennial College,Mechanical,9,9,W/B,1298
2019-06-17,939,08:50:00,Monday,Finch Express / Finch Station,Mechanical,0,0,W/B,1703
2019-06-17,903,08:53:00,Monday,Kennedy Station,Investigation,8,16,E/B,3557
2019-06-17,24,09:00:00,Monday,Bothways Lawrence to Sheppard ave,General Delay,30,1,BW,
2019-06-17,82,09:00:00,Monday,rosedale stn / summerhill,General Delay,4,8,B/W,
2019-06-17,161,09:00:00,Monday,Jane and Alliance - Ossington Station,General Delay,10,20,B/W,
2019-06-17,36,09:07:00,Monday,Finch and Weston,Mechanical,5,10,E/B,9118
2019-06-17,65,09:19:00,Monday,Parliament St and Dundas St East,Diversion,52,65,SB,8494
2019-06-17,5,09:30:00,Monday,Queens Park,Diversion,1,1,S/B,
2019-06-17,85,09:48:00,Monday,HWY 404 to Don Mills Station,Diversion,120,148,B/W,
2019-06-17,167,10:00:00,Monday,Sheppard and 404,General Delay,16,1,BW,
2019-06-17,17,10:00:00,Monday,Birchmount Route,General Delay,15,22,BW,0
2019-06-17,123,10:15:00,Monday,Sherway Gardens,Mechanical,21,42,E/B,8420
2019-06-17,97,10:22:00,Monday,Yonge and cummer,Investigation,30,60,N/B,8370
2019-06-17,902,10:23:00,Monday,Warden Station,Investigation,15,30,N/B,8513
2019-06-17,719,10:30:00,Monday,Mt. Dennis Garage,Utilized Off Route,1,1,E/B,1208
2019-06-17,7,10:34:00,Monday,bathurst stn,Emergency Services,4,8,N/B,1279
2019-06-17,39,11:03:00,Monday,Kenneth and Finch,Diversion,74,80,E/B,6598
2019-06-17,939,11:03:00,Monday,Kenneth and Finch,Diversion,76,84,E/B,1743
2019-06-17,935,11:13:00,Monday,Eglinton Avenue,Mechanical,11,22,N/B,3279
2019-06-17,23,11:25:00,Monday,Main Station,Mechanical,10,20,N/B,3106
2019-06-17,32,11:25:00,Monday,Dufferin and Eglinton,Mechanical,11,22,E/B,1109
2019-06-17,132,11:32:00,Monday,Breckon Gate and Murison Blvd,Diversion,95,119,W/B,1396
2019-06-17,54,11:40:00,Monday,Red path and Eglintion,Investigation,15,30,W/B,8732
2019-06-17,601,11:41:00,Monday,Yonge and davisville,Mechanical,1,1,S/B,8324
2019-06-17,32,11:44:00,Monday,Bathurst and Eglinton,Mechanical,11,22,W/B,1099
2019-06-17,16,11:47:00,Monday,Danforth Road and Neston Ave,Diversion,88,100,SB,9210
2019-06-17,57,12:09:00,Monday,Kennedy STN,Mechanical,1,1,N/B,8643
2019-06-17,14,12:24:00,Monday,Chaplin at Eglinton,Diversion,999,999,B/W,
2019-06-17,32,12:40:00,Monday,Nairn on Eglinton,Mechanical,11,22,E/B,1113
2019-06-17,59,12:50:00,Monday,Before Stella Avenue on Maple Leaf Drive,Mechanical,45,90,E/B,3240
2019-06-17,72,13:15:00,Monday,Parliament and Queens Quay,Diversion,264,284,S/B,8493
2019-06-17,108,13:21:00,Monday,Pioneer station,Mechanical,8,16,S/B,3301
2019-06-17,995,13:47:00,Monday,York Mills and Leslie,Investigation,15,30,W/B,3458
2019-06-17,96,14:00:00,Monday,Route 96,General Delay,20,31,B/W,
2019-06-17,24,14:00:00,Monday,24 Victoria Park Ave,General Delay,10,1,S/B,
2019-06-17,6,14:00:00,Monday,Bay Route,General Delay,1,1,B/W,
2019-06-17,165,14:00:00,Monday,Route 165,General Delay,13,21,B/W,
2019-06-17,97,14:00:00,Monday,St Clair station,Diversion,1,1,B/W,
2019-06-17,927,14:01:00,Monday,Arrow Garage,Mechanical,7,14,W/B,3262
2019-06-17,76,14:23:00,Monday,Royal York Station,Mechanical,27,54,N/B,8004
2019-06-17,6,14:41:00,Monday,Dupont and Davenport,Utilized Off Route,3,13,S/B,1287
2019-06-17,6,14:44:00,Monday,Dupont and Davenport,Utilized Off Route,5,8,S/B,1050
2019-06-17,85,14:45:00,Monday,Don Mills Station,Mechanical,19,31,E/B,3417
2019-06-17,34,14:47:00,Monday,Redpath,Investigation,1,1,E/B,8912
2019-06-17,6,14:49:00,Monday,Dupont and Davenport,Utilized Off Route,7,12,S/B,1038
2019-06-17,6,14:49:00,Monday,Dupont and Davenport,Utilized Off Route,7,12,S/B,1038
2019-06-17,72,14:50:00,Monday,pape station,Mechanical,19,38,S/B,8582
2019-06-17,6,14:56:00,Monday,Dupont and Davenport,Utilized Off Route,1,8,S/B,1258
2019-06-17,6,14:57:00,Monday,Dupont and Davenport,Utilized Off Route,5,6,S/B,1074
2019-06-17,52,15:00:00,Monday,Weston to Bathrust on Lawrence,General Delay,10,21,B/W,
2019-06-17,952,15:00:00,Monday,Weston to Bathrust on Lawrence,General Delay,12,24,B/W,
2019-06-17,6,15:02:00,Monday,Dupont and Davenport,Utilized Off Route,8,13,S/B,1281
2019-06-17,6,15:10:00,Monday,Dupont and Davenport,Utilized Off Route,5,8,S/B,1016
2019-06-17,6,15:15:00,Monday,Dupont and Davenport,Utilized Off Route,8,13,S/B,1120
2019-06-17,6,15:23:00,Monday,Dupont and Davenport,Utilized Off Route,5,8,S/B,1205
2019-06-17,6,15:28:00,Monday,Dupont and Davenport,Utilized Off Route,8,13,S/B,1420
2019-06-17,168,15:30:00,Monday,Dundas West Station,Mechanical,7,14,N/B,1004
2019-06-17,6,15:36:00,Monday,Dupont and Davenport,Utilized Off Route,13,26,S/B,1268
2019-06-17,35,15:40:00,Monday,PVST - Pioneer Village,Mechanical,10,20,S/B,3178
2019-06-17,45,15:40:00,Monday,Kipling and Eglinton,Emergency Services,14,28,N/B,8087
2019-06-17,87,15:42:00,Monday,1007 Boradview Ave,Investigation,6,12,S/B,9208
2019-06-17,925,15:43:00,Monday,Don Mills STN,Mechanical,8,17,N/B,8674
2019-06-17,29,15:44:00,Monday,Dufferin and King,Investigation,7,15,S/B,9148
2019-06-17,145,15:45:00,Monday,Entire Route,General Delay,1,1,B/W,
2019-06-17,75,15:45:00,Monday,Sherbourne/ Wellesley to Sherbourne/ Queens Quay,Diversion,45,53,B/W,
2019-06-17,52,15:47:00,Monday,Terminal 3,Mechanical,7,20,E/B,1218
2019-06-17,144,15:51:00,Monday,Jarvis and Richmond,Utilized Off Route,1,20,W/B,8920
2019-06-17,142,16:00:00,Monday,Bombay loop to Richmond and Jarvis,Diversion,112,142,E/B,
2019-06-17,66,16:00:00,Monday,East Mall and Burnhamthorpe,General Delay,15,1,B/W,
2019-06-17,90,16:00:00,Monday,St Clair Station to Vaughan/ Oakwood,General Delay,10,15,B/W,
2019-06-17,63,16:00:00,Monday,bloor to king on ossington,General Delay,7,13,B/W,
2019-06-17,100,16:00:00,Monday,Don Mills/Gateway to Eglibton/St.Dennis,General Delay,15,21,B/W,
2019-06-17,34,16:00:00,Monday,DonMills to  Victoria Park,General Delay,20,26,B/W,
2019-06-17,145,16:00:00,Monday,Bathurst and Adelaide,Diversion,,,B/W,
2019-06-17,66,16:00:00,Monday,Old Mill and Bloor,General Delay,15,1,B/W,
2019-06-17,81,16:08:00,Monday,Pape station,Mechanical,9,18,S/B,3111
2019-06-17,95,16:10:00,Monday,Ellesmere Loop,Mechanical,10,21,W/B,3501
2019-06-17,144,16:11:00,Monday,Jarvis and Richmond,Utilized Off Route,20,40,W/B,8655
2019-06-17,41,16:20:00,Monday,Pioneer Village stn,Investigation,9,18,S/B,9056
2019-06-17,14,16:30:00,Monday,Glencarin / Caledonia,Mechanical,16,32,W/B,1532
2019-06-17,144,16:31:00,Monday,Jarvis and Richmond,Utilized Off Route,20,40,W/B,8927
2019-06-17,989,16:35:00,Monday,Weston / Steeles,Mechanical,10,20,N/B,1092
2019-06-17,720,16:40:00,Monday,Queens Park,Investigation,1,1,,8796
2019-06-17,32,16:41:00,Monday,Eglinton Station,Mechanical,9,19,W/B,1146
2019-06-17,84,16:43:00,Monday,Sheppard abd Bathurst,Mechanical,13,26,W/B,3266
2019-06-17,144,16:51:00,Monday,Jarvis and Richmond,Utilized Off Route,20,40,W/B,8832
2019-06-17,141,16:51:00,Monday,Jarvis and Richmond,Utilized Off Route,30,1,E/B,1086
2019-06-17,85,16:55:00,Monday,Malvern Gates,Mechanical,8,16,W/B,3488
2019-06-17,144,17:11:00,Monday,Jarvis and Richmond,Utilized Off Route,20,1,W/B,8691
2019-06-17,141,17:21:00,Monday,Jarvis and Richmond,Utilized Off Route,30,1,E/B,1099
2019-06-17,32,17:45:00,Monday,Eglinton at Dufferin,Mechanical,1,1,E/B,1031
2019-06-17,32,17:46:00,Monday,Eglinton at Keele,Mechanical,9,19,W/B,1061
2019-06-17,60,17:47:00,Monday,Pioneer Village Stn,Mechanical,9,18,W/B,9109
2019-06-17,85,17:48:00,Monday,Don Mills Station,Mechanical,16,32,E/B,3417
2019-06-17,39,17:51:00,Monday,Sandhurst Circle and Finch Avenue,Mechanical,14,28,W/B,3542
2019-06-17,47,18:00:00,Monday,Lansdowne Route,General Delay,1,1,B/W,
2019-06-17,63,18:04:00,Monday,Eglinton west station,Mechanical,8,16,N/B,8173
2019-06-17,98,18:08:00,Monday,Peckham and Cactus ave,Mechanical,30,60,S/B,1213
2019-06-17,126,18:10:00,Monday,St Clair and Christie,Diversion,25,40,S/B,
2019-06-17,43,18:26:00,Monday,Progress and Schick Crt.,Investigation,15,30,W/B,8860
2019-06-17,953,18:33:00,Monday,Brimley and Steeles,Mechanical,15,30,E/B,9073
2019-06-17,60,18:54:00,Monday,Dufferin,Mechanical,9,18,E/B,3319
2019-06-17,84,18:56:00,Monday,Kodiak,Emergency Services,7,14,W/B,3141
2019-06-17,54,19:33:00,Monday,Lawrence and Donway west,Mechanical,10,20,W/B,8667
2019-06-17,60,19:34:00,Monday,Pioneer Village Station,Mechanical,7,14,E/B,3189
2019-06-17,111,19:45:00,Monday,Richgrove and Willowridge,Investigation,17,34,E/B,8037
2019-06-17,71,20:15:00,Monday,Runnymede Station,Emergency Services,20,40,S/B,1125
2019-06-17,9,20:20:00,Monday,Brimorton and Bellamy,Diversion,68,86,B/W,
2019-06-17,39,20:35:00,Monday,Finch and Morningside,Diversion,16,32,S/B,3527
2019-06-17,33,20:59:00,Monday,St.Clair West station,Utilized Off Route,20,40,N/B,8344
2019-06-17,89,21:00:00,Monday,Keele stn,Utilized Off Route,9,17,N/B,1202
2019-06-17,168,21:03:00,Monday,Davenport at St Clair  West,Utilized Off Route,11,22,N/B,1083
2019-06-17,63,21:07:00,Monday,StClair and Oakwood loop,Utilized Off Route,10,20,N/B,8357
2019-06-17,40,21:30:00,Monday,Dundas West station,General Delay,12,32,N/B,8427
2019-06-17,36,22:38:00,Monday,Ardwick Blvd and Finch,Investigation,11,21,W/B,3369
2019-06-17,79,22:50:00,Monday,Lawrence and Weston,Investigation,30,58,S/B,1625
2019-06-17,46,23:20:00,Monday,Tromley Road and Lloyd Manor Rd,Investigation,30,60,S/B,3146
2019-06-18,32,00:07:00,Tuesday,Eglinton and Dufferin,Investigation,30,60,W/B,1417
2019-06-18,15,00:40:00,Tuesday,Anglesey and Royal York,Emergency Services,30,60,W/B,8013
2019-06-18,116,00:59:00,Tuesday,Morningside/Nightstar,Emergency Services,10,20,W/B,8910
2019-06-18,41,01:15:00,Tuesday,Pioneer Village stn,Mechanical,10,20,S/B,9047
2019-06-18,73,01:20:00,Tuesday,Albion and Walsh,Investigation,10,20,N/B,7972
2019-06-18,320,02:49:00,Tuesday,Dundas,Investigation,3,6,N/B,8794
2019-06-18,89,04:40:00,Tuesday,Albion and Wilson,Mechanical,1,1,S/B,1008
2019-06-18,22,05:11:00,Tuesday,Coxwell and Gerrard,Diversion,999,999,N/B,8510
2019-06-18,73,05:25:00,Tuesday,ALBION AND MARTINGROVE,Diversion,48,35,S/B,
2019-06-18,29,05:30:00,Tuesday,Princes' Gate,Diversion,245,255,N/B,9012
2019-06-18,41,05:33:00,Tuesday,Pioneer Village Station,Mechanical,11,23,S/B,9143
2019-06-18,300,05:45:00,Tuesday,Ted Rogers and Bloor,Investigation,35,35,E/B,8690
2019-06-18,105,06:00:00,Tuesday,Dufferin & Steels,General Delay,20,36,B/W,
2019-06-18,104,06:00:00,Tuesday,Dufferin & Finch,Diversion,300,316,B/W,
2019-06-18,719,06:12:00,Tuesday,Runnymede Station,Mechanical,1,1,W/B,1039
2019-06-18,129,06:13:00,Tuesday,MCCowan loop,Utilized Off Route,5,10,E/B,3539
2019-06-18,32,06:16:00,Tuesday,Keele and Eglinton,Mechanical,1,1,W/B,1353
2019-06-18,34,06:20:00,Tuesday,Kennedy Station,Vision,4,8,W/B,8664
2019-06-18,57,06:24:00,Tuesday,Midland Ave/Steeles Ave E,Mechanical,9,17,S/B,8760
2019-06-18,100,06:29:00,Tuesday,Don Mills & Wynford Drive,Vision,3,7,S/B,8659
2019-06-18,52,06:32:00,Tuesday,Prest Card Malfunction,Mechanical,1,1,E/B,1201
2019-06-18,32,06:32:00,Tuesday,Bathurst and Eglinton,Mechanical,1,1,W/B,1359
2019-06-18,47,06:35:00,Tuesday,Yorkdale station,Mechanical,28,45,S/B,1006
2019-06-18,32,06:42:00,Tuesday,Eglinton Station,Mechanical,7,14,W/B,1023
2019-06-18,42,06:50:00,Tuesday,McNicoll and Victoria Park,General Delay,12,24,W/B,1296
2019-06-18,100,06:56:00,Tuesday,Don Mills & Wynford Drive,Vision,4,7,S/B,8644
2019-06-18,43,06:59:00,Tuesday,Kennedy Station,Investigation,10,20,N/B,8724
2019-06-18,66,07:00:00,Tuesday,ENTIRE ROUTE,General Delay,9,30,B/W,
2019-06-18,111,07:00:00,Tuesday,Kipling Station to Willowridge,General Delay,15,26,B/W,
2019-06-18,125,07:30:00,Tuesday,Finch Station,General Delay,7,14,W/B,1321
2019-06-18,131,07:56:00,Tuesday,Kennedy Station / Nugget,Mechanical,8,16,N/B,3549
2019-06-18,905,08:00:00,Tuesday,Morningside Ave/Kingston Rd,General Delay,15,26,S/B,
2019-06-18,143,08:00:00,Tuesday,Richmond,General Delay,12,12,N/B,8534
2019-06-18,75,08:00:00,Tuesday,lakeshore / maple,General Delay,5,9,B/W,
2019-06-18,54,08:00:00,Tuesday,Leslie to Eglinton Station,General Delay,10,22,W/B,
2019-06-18,16,08:00:00,Tuesday,"Lawrence, Brimorton, Warden and St.Clair",General Delay,11,11,N/B,8576
2019-06-18,986,08:00:00,Tuesday,Kingston Rd (Old Kingston to Eglinton),General Delay,15,20,W/B,
2019-06-18,160,08:00:00,Tuesday,wilson stn / clark,General Delay,8,16,B/W,
2019-06-18,110,08:00:00,Tuesday,ENTIRE ROUTE,General Delay,12,40,B/W,
2019-06-18,90,08:00:00,Tuesday,st clair wstn / oakwood,General Delay,4,7,B/W,
2019-06-18,116,08:00:00,Tuesday,Morningside Ave/Kingston Rd,General Delay,15,21,S/B,
2019-06-18,86,08:00:00,Tuesday,Kingston Rd (Old Kingston to Eglinton),General Delay,15,32,W/B,
2019-06-18,72,08:00:00,Tuesday,Pape Station to Front and Bay,General Delay,15,20,B/W,
2019-06-18,102,08:00:00,Tuesday,Warden Station to Major Mac,General Delay,15,20,B/W,
2019-06-18,902,08:00:00,Tuesday,Warden Station to Sheppard and Progress,General Delay,15,20,B/W,
2019-06-18,64,08:00:00,Tuesday,Main Station to Queen and Wineva,General Delay,10,15,B/W,
2019-06-18,929,08:05:00,Tuesday,Springhurst Loop,Mechanical,8,17,N/B,9040
2019-06-18,52,08:05:00,Tuesday,EB on Lawrence at Pine,Investigation,1,1,E/B,1395
2019-06-18,79,08:13:00,Tuesday,Pine & Lawrence,Mechanical,9,17,S/B,1048
2019-06-18,34,08:20:00,Tuesday,Eglinton & Victoria Park,Vision,4,8,E/B,8752
2019-06-18,104,08:30:00,Tuesday,Dufferin & Finch,General Delay,24,40,B/W,
2019-06-18,7,08:56:00,Tuesday,bathurst stn,Mechanical,8,16,N/B,8384
2019-06-18,9,09:03:00,Tuesday,McCowan and Kingston,Mechanical,17,34,N/B,8931
2019-06-18,131,09:06:00,Tuesday,Nugget and Markham,Mechanical,8,16,E/B,1392
2019-06-18,102,09:12:00,Tuesday,Warden station,Utilized Off Route,20,35,N/B,9220
2019-06-18,117,09:15:00,Tuesday,Sheppard West Station,Mechanical,20,40,N/B,1390
2019-06-18,92,09:30:00,Tuesday,Woodbine,General Delay,8,8,N/B,9227
2019-06-18,939,09:39:00,Tuesday,Finch route,General Delay,30,60,B/W,1209
2019-06-18,70,09:53:00,Tuesday,O'Connor/Coxwell,Mechanical,18,36,N/B,8916
2019-06-18,23,10:00:00,Tuesday,Danforth Road,General Delay,10,15,B/W,
2019-06-18,102,10:05:00,Tuesday,Markham and Steeles,Diversion,80,100,S/B,9231
2019-06-18,939,10:26:00,Tuesday,STC,Mechanical,4,9,W/B,1541
2019-06-18,935,10:31:00,Tuesday,Approaching Lambton Avenue,Mechanical,11,22,N/B,3359
2019-06-18,110,10:34:00,Tuesday,BIRMINGHAM AND NINTH ST,Investigation,18,36,N/B,7977
2019-06-18,53,11:00:00,Tuesday,Finch Station - Morningside and Finch,General Delay,10,20,B/W,3469
2019-06-18,121,11:00:00,Tuesday,Fort York to Lower Simcoe,General Delay,20,1,W/B,
2019-06-18,36,11:15:00,Tuesday,Between Finch W Stn to Finch,General Delay,15,20,,
2019-06-18,47,11:18:00,Tuesday,Earlscourt Loop,Mechanical,8,16,N/B,1073
2019-06-18,29,11:22:00,Tuesday,Dufferin & Jane Osler,Vision,7,15,N/B,9022
2019-06-18,29,11:25:00,Tuesday,Dufferin & College,Vision,7,15,N/B,9149
2019-06-18,7,11:26:00,Tuesday,steeles,Mechanical,7,14,S/B,8326
2019-06-18,925,11:30:00,Tuesday,Don Mills/Eglinton,Mechanical,10,20,N/B,8782
2019-06-18,102,11:30:00,Tuesday,Centennial College,Mechanical,20,40,S/B,3106
2019-06-18,29,11:32:00,Tuesday,Dufferin & King,Vision,7,15,N/B,9004
2019-06-18,29,11:40:00,Tuesday,Dufferin & Queen,Vision,7,15,N/B,9100
2019-06-18,929,11:45:00,Tuesday,Dufferin & Liberty,Vision,10,20,N/B,9036
2019-06-18,29,11:55:00,Tuesday,Dufferin & Liberty,Vision,7,15,N/B,9137
2019-06-18,72,12:00:00,Tuesday,Pape Station to Front and Bay,General Delay,15,20,B/W,
2019-06-18,929,12:15:00,Tuesday,Dufferin & Dupont,Vision,10,20,N/B,9006
2019-06-18,43,12:26:00,Tuesday,Scarborough Town Station,Investigation,15,30,E/B,8698
2019-06-18,80,12:45:00,Tuesday,QUEENSWAY AND NORTH QUEEN,Diversion,225,249,B/W,
2019-06-18,123,12:45:00,Tuesday,QUEENSWAY AND NORTH QUEEN,Diversion,220,241,B/W,
2019-06-18,63,12:49:00,Tuesday,Ossington Station,Investigation,8,16,S/B,8300
2019-06-18,64,13:00:00,Tuesday,Main Station to Queen and Wineva,General Delay,12,15,B/W,
2019-06-18,134,13:00:00,Tuesday,Finchdene Square,Mechanical,15,45,S/B,9070
2019-06-18,35,13:47:00,Tuesday,Jane and Falstaff,Investigation,0,0,N/B,3212
2019-06-18,123,13:54:00,Tuesday,Evans and Brownsline,Investigation,21,42,W/B,8074
2019-06-18,63,13:58:00,Tuesday,Eglinton Station,Investigation,9,18,N/B,8300
2019-06-18,165,14:00:00,Tuesday,Route 165,General Delay,10,16,B/W,
2019-06-18,75,14:00:00,Tuesday,Jarvis/ Queens Quay to South Dr/ Glen Rd,General Delay,25,33,B/W,
2019-06-18,996,14:00:00,Tuesday,Route 996,General Delay,15,26,B/W,
2019-06-18,96,14:00:00,Tuesday,Route 96,General Delay,12,23,B/W,
2019-06-18,145,14:00:00,Tuesday,Jameson and lakeshore and Richmond and Spadina,General Delay,50,1,B/W,
2019-06-18,6,14:00:00,Tuesday,Bay Route,General Delay,1,1,B/W,
2019-06-18,47,14:07:00,Tuesday,Lansdowne at Queen,Mechanical,8,16,N/B,1068
2019-06-18,107,14:14:00,Tuesday,Bakersfield and St.Regis rd,Diversion,80,110,B/W,
2019-06-18,46,14:24:00,Tuesday,Arrow Garage,Mechanical,11,22,S/B,3132
2019-06-18,116,14:51:00,Tuesday,Eglinton Garage,Mechanical,6,13,N/B,8677
2019-06-18,56,15:00:00,Tuesday,Laird and Millwood,General Delay,15,30,W/B,
2019-06-18,952,15:00:00,Tuesday,Weston to Bathrust on Lawrence,General Delay,15,27,B/W,
2019-06-18,952,15:00:00,Tuesday,Weston to Bathrust on Lawrence,General Delay,18,30,B/W,
2019-06-18,122,15:00:00,Tuesday,Yorkmills and Bayview,General Delay,12,24,B/W,
2019-06-18,52,15:00:00,Tuesday,Weston to Bathrust on Lawrence,General Delay,15,35,B/W,
2019-06-18,102,15:00:00,Tuesday,Markham route,General Delay,10,1,B/W,
2019-06-18,50,15:00:00,Tuesday,Renforth to Mill Rd loop,General Delay,20,1,B/W,
2019-06-18,90,15:00:00,Tuesday,St Clair West Stn to Oakwood/ Vaughan,General Delay,20,25,B/W,
2019-06-18,16,15:00:00,Tuesday,"Warden and St.Clair, Brimorton and Lawrence",General Delay,9,9,N/B,8937
2019-06-18,17,15:00:00,Tuesday,Warden and St.Clair,General Delay,15,15,N/B,8514
2019-06-18,112,15:17:00,Tuesday,Kipling Station,Mechanical,10,20,N/B,8073
2019-06-18,985,15:20:00,Tuesday,Malvern Gate,Mechanical,9,18,W/B,9000
2019-06-18,925,15:50:00,Tuesday,Pape and O'Connor,Mechanical,8,16,N/B,8772
2019-06-18,102,15:50:00,Tuesday,warden station,Utilized Off Route,20,40,N/B,8513
2019-06-18,24,15:53:00,Tuesday,St Clair Ave,Investigation,1,1,N/B,8540
2019-06-18,142,16:00:00,Tuesday,Bombay loop to jarvis and Richmond,General Delay,15,45,W/B,
2019-06-18,161,16:00:00,Tuesday,Entire Route,General Delay,20,40,BW,
2019-06-18,63,16:00:00,Tuesday,bloor to king on ossington,General Delay,7,13,B/W,
2019-06-18,41,16:00:00,Tuesday,Entire Route,General Delay,20,40,BW,
2019-06-18,118,16:00:00,Tuesday,Route 118,General Delay,17,42,B/W,
2019-06-18,89,16:00:00,Tuesday,Entire Route,General Delay,20,40,BW,
2019-06-18,72,16:00:00,Tuesday,pape route,General Delay,10,1,B/W,
2019-06-18,37,16:01:00,Tuesday,Islington Stn,Utilized Off Route,12,24,N/B,8432
2019-06-18,941,16:05:00,Tuesday,Keele stn,Mechanical,14,28,N/B,1267
2019-06-18,939,16:08:00,Tuesday,McCowan and Finch,Mechanical,12,24,B/W,1655
2019-06-18,704,16:20:00,Tuesday,Steeles and Bathurst,Utilized Off Route,1,1,E/B,3315
2019-06-18,996,16:21:00,Tuesday,John Garland & Martin Grove,Investigation,11,22,E/B,3297
2019-06-18,165,16:26:00,Tuesday,Wilson stn,Utilized Off Route,8,16,E/B,3177
2019-06-18,90,16:29:00,Tuesday,St Clair West Station,Utilized Off Route,5,10,N/B,8303
2019-06-18,66,16:30:00,Tuesday,Entire route,General Delay,20,1,B/W,
2019-06-18,22,16:30:00,Tuesday,Coxwell route,General Delay,15,1,B/W,
2019-06-18,88,16:30:00,Tuesday,St clair station,Utilized Off Route,12,24,E/B,1217
2019-06-18,124,16:30:00,Tuesday,Entire 124 route bothways,General Delay,1,1,B/W,
2019-06-18,35,16:35:00,Tuesday,JNST - Jane Station,Utilized Off Route,10,20,N/B,3234
2019-06-18,21,16:36:00,Tuesday,Brimley Road / Kennedy Station,Mechanical,11,22,N/B,1509
2019-06-18,95,16:36:00,Tuesday,York Mills Station / York Mills Avenue,Mechanical,10,20,E/B,1238
2019-06-18,132,16:44:00,Tuesday,Markham and Miller,Mechanical,13,26,E/B,3551
2019-06-18,88,16:45:00,Tuesday,Entire route 88 bothways,General Delay,1,1,B/W,
2019-06-18,989,16:45:00,Tuesday,Westonn/ Jane,Mechanical,9,18,S/B,1411
2019-06-18,16,16:50:00,Tuesday,Scarborough Town Centre,Mechanical,8,16,S/B,9205
2019-06-18,986,16:56:00,Tuesday,Kingston rd and Military Trail,Investigation,10,20,N/B,8627
2019-06-18,34,17:01:00,Tuesday,Eglinton Station,Mechanical,5,9,E/B,8838
2019-06-18,85,17:30:00,Tuesday,Between Don Mills Stn and Meadowvale,General Delay,30,45,W/B,
2019-06-18,32,17:30:00,Tuesday,Eglinton at Guestville,Diversion,110,120,B/W,
2019-06-18,927,17:30:00,Tuesday,Humber College,Investigation,13,26,S/B,3301
2019-06-18,24,18:00:00,Tuesday,Sheppard Ave And Victoria Park Ave,General Delay,15,1,N/B,
2019-06-18,105,18:00:00,Tuesday,dufferin and finch,General Delay,11,23,B/W,
2019-06-18,34,18:06:00,Tuesday,Concorde Pl.,Mechanical,11,22,W/B,8697
2019-06-18,68,18:10:00,Tuesday,Warden and Metropolitan,Investigation,13,18,S/B,8892
2019-06-18,944,18:33:00,Tuesday,Kipling Station,Mechanical,12,24,S/B,8066
2019-06-18,929,18:46:00,Tuesday,Dufferin and Rosemount,Investigation,10,20,S/B,9103
2019-06-18,36,18:48:00,Tuesday,Finch and Islington,Mechanical,8,16,E/B,9118
2019-06-18,939,18:53:00,Tuesday,Warden and Finch,Investigation,17,34,B/W,3516
2019-06-18,954,18:55:00,Tuesday,Lawrence East station,Investigation,11,22,W/B,8764
2019-06-18,960,19:02:00,Tuesday,Yonge/Bishop,Investigation,35,,N/B,3225
2019-06-18,53,19:13:00,Tuesday,Yonge and Centre,Investigation,5,17,E/B,3444
2019-06-18,168,19:20:00,Tuesday,Avon Loop,Mechanical,11,22,S/B,1273
2019-06-18,116,19:25:00,Tuesday,Markham and Eglinton,Emergency Services,10,20,W/B,8623
2019-06-18,985,19:30:00,Tuesday,Between Don Mills Station and Meadowvale loop,General Delay,55,61,B/W,
2019-06-18,45,19:37:00,Tuesday,Rathburn and Kipling,Investigation,10,19,N/B,8608
2019-06-18,927,19:41:00,Tuesday,Belfield and highway 27,Investigation,10,20,N/B,3176
2019-06-18,60,19:48:00,Tuesday,Pioneer Village Stn,Mechanical,9,18,S/B,9131
2019-06-18,32,20:27:00,Tuesday,Eglinton at Richardson,Mechanical,10,20,E/B,1067
2019-06-18,26,20:29:00,Tuesday,St George Station,Investigation,20,40,W/B,1049
2019-06-18,36,21:50:00,Tuesday,Albion and finch,Mechanical,10,20,W/B,9127
2019-06-18,71,22:14:00,Tuesday,Runnymede at St. Clair,Investigation,22,44,S/B,1605
2019-06-18,60,22:20:00,Tuesday,Steeles Loop at Martingrove,Investigation,19,38,S/B,3163
2019-06-18,32,22:23:00,Tuesday,Pine at Lawrence,Utilized Off Route,11,22,E/B,1353
2019-06-18,81,22:38:00,Tuesday,Cosburn and Pape,Diversion,55,67,B/W,
2019-06-18,36,22:40:00,Tuesday,Humberwood loop,Mechanical,10,20,E/B,9126
2019-06-18,11,22:40:00,Tuesday,Bayview and Steeles,Mechanical,30,60,S/B,1246
2019-06-18,25,22:41:00,Tuesday,Pape and Gamble,Diversion,9,18,B/W,
2019-06-18,121,23:11:00,Tuesday,yonge and front,Mechanical,22,44,E/B,8466
2019-06-19,332,02:13:00,Wednesday,Eglinton Stn,Investigation,25,,W/B,1104
2019-06-19,354,03:12:00,Wednesday,Galloway Rd and Lawrence Ave,Mechanical,30,60,E/B,8914
2019-06-19,91,05:00:00,Wednesday,Eglinton Ave East - Bermondsey / Sloane,Diversion,1,1,SB,8449
2019-06-19,22,05:11:00,Wednesday,Coxwell and Gerrard,Diversion,999,999,N/B,8596
2019-06-19,41,05:29:00,Wednesday,Keele Station,Mechanical,12,24,N/B,9033
2019-06-19,29,05:30:00,Wednesday,Princes' Gate,Diversion,180,187,N/B,9104
2019-06-19,25,05:44:00,Wednesday,Pape Stn,Mechanical,1,1,N/B,8808
2019-06-19,29,05:55:00,Wednesday,Wilson Station Upper,Mechanical,7,15,S/B,9032
2019-06-19,34,05:55:00,Wednesday,Kennedy STN,Mechanical,4,9,W/B,8830
2019-06-19,52,06:03:00,Wednesday,Presto,Mechanical,0,0,E/B,8328
2019-06-19,109,06:06:00,Wednesday,wilson garage,Vision,15,,S/B,1226
2019-06-19,43,06:09:00,Wednesday,Kennedy Station,Utilized Off Route,10,20,N/B,8816
2019-06-19,89,06:20:00,Wednesday,KSTN,Mechanical,6,12,N/B,1354
2019-06-19,32,07:03:00,Wednesday,Eglinton West Station,Mechanical,7,14,E/B,1415
2019-06-19,43,07:04:00,Wednesday,Kennedy Station,Vision,10,20,N/B,8646
2019-06-19,102,07:11:00,Wednesday,Centennial College,Mechanical,20,40,S/B,9204
2019-06-19,69,07:14:00,Wednesday,Kingston rd and Warden,Mechanical,7,14,N/B,8541
2019-06-19,985,07:15:00,Wednesday,Meadowvale Loop,Mechanical,10,20,W/B,9061
2019-06-19,929,07:27:00,Wednesday,Dufferin north of Rogers,Mechanical,9,18,N/B,9055
2019-06-19,11,07:30:00,Wednesday,davisville stn / steeles,General Delay,9,18,B/W,
2019-06-19,100,07:42:00,Wednesday,Don Mills & Wynford,Mechanical,4,7,S/B,8643
2019-06-19,924,07:53:00,Wednesday,Steeles Loop.,Investigation,10,20,N/B,8565
2019-06-19,92,08:00:00,Wednesday,Woodbine South Route,General Delay,10,18,BW,0
2019-06-19,16,08:00:00,Wednesday,McCowan Route,General Delay,12,21,BW,0
2019-06-19,143,08:00:00,Wednesday,Downtown - Beaches Express,General Delay,10,25,BW,0
2019-06-19,44,08:10:00,Wednesday,kipling station,Mechanical,6,12,S/B,8015
2019-06-19,73,08:13:00,Wednesday,ROYAL YORK STN,Mechanical,7,14,S/B,8051
2019-06-19,168,08:13:00,Wednesday,Dundas West Station,Investigation,5,10,N/B,1074
2019-06-19,26,08:17:00,Wednesday,Old Mill Station,Mechanical,14,28,E/B,1087
2019-06-19,102,08:20:00,Wednesday,Warden Station to Major Mackenzie,General Delay,15,20,B/W,
2019-06-19,989,08:29:00,Wednesday,KSTN,Mechanical,12,24,N/B,1083
2019-06-19,902,08:30:00,Wednesday,Warden Station to Progress and Sheppard,General Delay,15,20,B/W,
2019-06-19,85,08:42:00,Wednesday,Meadowvale loop,Mechanical,16,32,W/B,3545
2019-06-19,90,08:44:00,Wednesday,st clair wstn / aokwood,General Delay,3,7,B/W,
2019-06-19,84,08:45:00,Wednesday,Sheppard West Stn,Investigation,8,17,W/B,3254
2019-06-19,121,09:00:00,Wednesday,Esplanade and Scott,General Delay,20,1,B/W,
2019-06-19,24,09:02:00,Wednesday,Victoria Park and Farmgreen,Mechanical,10,20,S/B,8581
2019-06-19,121,09:07:00,Wednesday,Fort York and Dan Lakie,Investigation,13,26,W/B,3109
2019-06-19,935,09:14:00,Wednesday,Chalkfarm Drive South,Mechanical,11,22,S/B,3357
2019-06-19,945,09:15:00,Wednesday,steeles loop,Mechanical,7,14,S/B,8028
2019-06-19,23,09:30:00,Wednesday,Danforth Road,General Delay,10,15,W/B,
2019-06-19,17,09:35:00,Wednesday,Birchmount Road and Foxridge Drive,Diversion,123,137,SB,3118
2019-06-19,995,09:40:00,Wednesday,Valleywoods,Investigation,15,30,W/B,1735
2019-06-19,17,10:00:00,Wednesday,Birchmount Route,General Delay,15,29,BW,0
2019-06-19,50,10:00:00,Wednesday,Entire route,General Delay,15,1,B/W,
2019-06-19,32,10:02:00,Wednesday,Eglinton at Keele,Mechanical,11,22,E/B,1353
2019-06-19,32,10:02:00,Wednesday,Eglinton and Keele,Mechanical,11,22,E/B,1353
2019-06-19,92,10:13:00,Wednesday,Woodbine Ave and Queen St East,Investigation,11,23,NB,8492
2019-06-19,72,10:30:00,Wednesday,Pape Station to Front and Bay,General Delay,15,20,B/W,
2019-06-19,935,10:40:00,Wednesday,Jane and Wilson,Mechanical,11,22,S/B,3357
2019-06-19,939,10:49:00,Wednesday,Midland,Mechanical,4,9,W/B,1752
2019-06-19,53,11:00:00,Wednesday,Finch Station - Morningside and Finch,General Delay,10,20,B/W,3469
2019-06-19,129,11:01:00,Wednesday,McCowan and Hwy 401,Mechanical,7,14,N/B,1311
2019-06-19,929,11:04:00,Wednesday,Springhurst Loop,Mechanical,10,20,N/B,9006
2019-06-19,905,11:13:00,Wednesday,Kennedy STN,Mechanical,9,18,E/B,8679
2019-06-19,77,11:16:00,Wednesday,Runnymede Station,Investigation,13,26,S/B,1081
2019-06-19,122,11:22:00,Wednesday,Donmills and Duncan,Mechanical,17,34,W/B,1309
2019-06-19,68,11:24:00,Wednesday,Warden & Steeles,Mechanical,10,20,S/B,8749
2019-06-19,939,11:28:00,Wednesday,Finch and McCowan,Mechanical,9,18,W/B,1719
2019-06-19,71,11:29:00,Wednesday,Runnymede Station,Investigation,23,46,N/B,1102
2019-06-19,24,11:29:00,Wednesday,Victoria Park and Ellesmere .,Investigation,10,20,S/B,8964
2019-06-19,33,11:39:00,Wednesday,Chaplin and Eglinton,Diversion,20,40,Sb,1257
2019-06-19,64,12:00:00,Wednesday,Main Station to Queen and Wineva,General Delay,10,15,B/W,
2019-06-19,31,12:00:00,Wednesday,Greewood Route,General Delay,10,22,BW,0
2019-06-19,32,12:15:00,Wednesday,Threwthey and black creek,Mechanical,11,22,E/B,1040
2019-06-19,160,12:29:00,Wednesday,wilson stn,Mechanical,25,50,N/B,8363
2019-06-19,6,12:30:00,Wednesday,Entire Route,General Delay,20,35,B/W,
2019-06-19,53,12:34:00,Wednesday,Willowdale and Steeles,Mechanical,6,11,W/B,1718
2019-06-19,29,12:38:00,Wednesday,Wilson Station,Mechanical,8,15,S/B,9104
2019-06-19,109,12:50:00,Wednesday,neptune/bathurst,Mechanical,20,40,S/B,8104
2019-06-19,34,12:55:00,Wednesday,Eglinton station,Diversion,5,10,W/B,
2019-06-19,83,13:00:00,Wednesday,Jones Route,General Delay,10,28,BW,0
2019-06-19,6,13:05:00,Wednesday,Sherbourn and Dockside,Mechanical,11,22,N/B,1205
2019-06-19,54,13:10:00,Wednesday,Eglinton & Duplex,Diversion,1,1,W/B,8648
2019-06-19,32,13:12:00,Wednesday,Eglinton Station,Diversion,1,1,E/B,1549
2019-06-19,88,13:30:00,Wednesday,Thorncliffe Park and Overlea,Mechanical,30,60,N/B,1328
2019-06-19,111,13:32:00,Wednesday,burnhamthorpe and the east mall,Investigation,15,30,N/B,7973
2019-06-19,47,13:40:00,Wednesday,St. Clair and Lansdowne,Mechanical,8,16,S/B,1260
2019-06-19,80,13:42:00,Wednesday,KEELE STN,Mechanical,24,48,E/B,8081
2019-06-19,29,13:55:00,Wednesday,Dufferin & Bloor,Mechanical,7,15,S/B,9018
2019-06-19,36,13:57:00,Wednesday,Finch West Station,Mechanical,5,10,W/B,9105
2019-06-19,125,14:00:00,Wednesday,Entire Route,General Delay,1,1,B/W,
2019-06-19,5,14:00:00,Wednesday,Younge and Eglinton,General Delay,1,1,B/W,
2019-06-19,61,14:00:00,Wednesday,Entire Route,General Delay,1,1,B/W,
2019-06-19,22,14:00:00,Wednesday,Gerrard and coxwell,General Delay,8,10,B/W,
2019-06-19,118,14:00:00,Wednesday,Route 118,General Delay,13,38,B/W,
2019-06-19,97,14:00:00,Wednesday,Entire Route,General Delay,1,1,B/W,
2019-06-19,90,14:00:00,Wednesday,St clair west station to Oakwood/Vaughan,General Delay,10,15,B/W,
2019-06-19,75,14:00:00,Wednesday,Lower jarvis and Queens quay,General Delay,10,18,B/W,
2019-06-19,96,14:00:00,Wednesday,Route 96,General Delay,16,27,B/W,
2019-06-19,36,14:05:00,Wednesday,Finch Station,Mechanical,5,10,W/B,3204
2019-06-19,935,14:27:00,Wednesday,Pioneer Village Station,Mechanical,11,18,S/B,3357
2019-06-19,34,14:28:00,Wednesday,Eglinton station,Investigation,10,20,E/B,8877
2019-06-19,72,15:00:00,Wednesday,Queens Quay,General Delay,8,16,B/W,
2019-06-19,165,15:00:00,Wednesday,Route 165,General Delay,12,20,B/W,
2019-06-19,39,15:00:00,Wednesday,Finch Station,General Delay,14,28,WB,3408
2019-06-19,117,15:20:00,Wednesday,Wilson Garage,Mechanical,14,26,N/B,1297
2019-06-19,39,15:35:00,Wednesday,Sewells and Little,Vision,14,28,EB,3534
2019-06-19,75,15:40:00,Wednesday,King and Sherbourne,Investigation,8,16,N/B,1364
2019-06-19,35,15:40:00,Wednesday,Pioneer Village Station,Mechanical,11,21,S/B,3207
2019-06-19,34,15:45:00,Wednesday,Eglinton station,Mechanical,5,9,W/B,8797
2019-06-19,134,15:46:00,Wednesday,FDFI,Mechanical,18,36,W/B,1327
2019-06-19,134,15:46:00,Wednesday,Finchdene and Finch,Mechanical,18,36,S/B,1327
2019-06-19,7,15:53:00,Wednesday,Bathrust and Bridgman,Investigation,8,16,N/B,8389
2019-06-19,51,16:00:00,Wednesday,Entire Route,General Delay,1,1,B/W,
2019-06-19,63,16:00:00,Wednesday,Entire Route,General Delay,1,1,B/W,
2019-06-19,161,16:00:00,Wednesday,Entire Route,General Delay,20,40,BW,
2019-06-19,66,16:00:00,Wednesday,Enire route,General Delay,15,1,B/W,
2019-06-19,34,16:00:00,Wednesday,Eglinton Station To Kennedy Station,General Delay,15,31,B/W,
2019-06-19,989,16:00:00,Wednesday,Entire Route,General Delay,15,30,BW,
2019-06-19,145,16:00:00,Wednesday,Richmond University to Church,General Delay,60,,W/B,
2019-06-19,63,16:00:00,Wednesday,bloor to king on ossington,General Delay,7,13,B/W,
2019-06-19,941,16:00:00,Wednesday,Entire route,General Delay,18,36,BW,
2019-06-19,100,16:02:00,Wednesday,St.Dennis/Deauville Ln.,Mechanical,6,12,N/B,8827
2019-06-19,63,16:05:00,Wednesday,Queen and Ossinton,Mechanical,8,16,N/B,8327
2019-06-19,15,16:05:00,Wednesday,Royal York and Evans,Investigation,14,28,E/B,8085
2019-06-19,927,16:12:00,Wednesday,Humber College Terminal,Investigation,6,13,N/B,3192
2019-06-19,47,16:14:00,Wednesday,Caledonia and Lawrence,General Delay,15,30,S/B,1017
2019-06-19,945,16:16:00,Wednesday,Kipling Station,Mechanical,10,16,N/B,8074
2019-06-19,41,16:20:00,Wednesday,Pioneer Village stn,Utilized Off Route,1,1,S/B,9101
2019-06-19,25,16:25:00,Wednesday,DONS,Mechanical,5,11,S/B,8825
2019-06-19,989,16:30:00,Wednesday,Keele stn,Mechanical,10,20,N/B,1353
2019-06-19,102,16:30:00,Wednesday,Lawrance/Ellesmere on markham,General Delay,7,14,B/W,
2019-06-19,941,16:45:00,Wednesday,Keele / St . Clair,Investigation,10,20,S/B,1097
2019-06-19,85,16:49:00,Wednesday,Sheppard and Bards Walkway,Investigation,16,32,B/W,3459
2019-06-19,985,17:00:00,Wednesday,Don Mills Station,Mechanical,10,20,E/B,9077
2019-06-19,124,17:00:00,Wednesday,Entire Route,General Delay,1,1,B/W,
2019-06-19,83,17:03:00,Wednesday,Jones and Dundas,Investigation,13,26,S/B,8489
2019-06-19,39,17:05:00,Wednesday,Finch and Adirondack,Mechanical,14,28,EB,1396
2019-06-19,30,17:26:00,Wednesday,High Park,Mechanical,22,44,W/B,8420
2019-06-19,984,17:30:00,Wednesday,Yone & Sheppard (Sheppard Stn),Mechanical,8,16,W/B,3293
2019-06-19,51,17:33:00,Wednesday,Leslie Station,Mechanical,1,1,N/B,8175
2019-06-19,134,17:46:00,Wednesday,STC,Investigation,18,36,E/B,3518
2019-06-19,105,18:00:00,Wednesday,dufferin and finch,General Delay,12,24,B/W,
2019-06-19,104,18:00:00,Wednesday,dufferin and finch,General Delay,17,34,B/W,
2019-06-19,995,18:12:00,Wednesday,Victoria Park Ave and Ellesmere Rd,Investigation,10,20,E/B,1663
2019-06-19,24,18:22:00,Wednesday,Don Mills station,Mechanical,16,32,S/B,3105
2019-06-19,51,18:36:00,Wednesday,Freshmeadow and Don Mills,Mechanical,18,36,W/B,1362
2019-06-19,121,18:40:00,Wednesday,Bay Street and Front Street,Utilized Off Route,18,36,E/B,8590
2019-06-19,944,18:52:00,Wednesday,Kipling Station,Mechanical,12,24,S/B,8606
2019-06-19,85,18:55:00,Wednesday,Lawrence and Port Union,Investigation,16,32,B/W,3514
2019-06-19,77,19:10:00,Wednesday,Runnymede Station,Mechanical,10,20,S/B,1258
2019-06-19,66,19:22:00,Wednesday,280 Parklawn,Investigation,20,40,S/B,8038
2019-06-19,32,19:24:00,Wednesday,Pine at Lawrence,Mechanical,10,20,E/B,1004
2019-06-19,985,19:47:00,Wednesday,Don Mills Station,Mechanical,12,24,E/B,1306
2019-06-19,984,20:09:00,Wednesday,Sheppered West Stn,Mechanical,13,26,E/B,3140
2019-06-19,11,20:16:00,Wednesday,Davisville station,Investigation,1,1,N/B,8155
2019-06-19,108,20:38:00,Wednesday,Sheppered West Stn,Mechanical,18,36,N/B,3348
2019-06-19,108,20:42:00,Wednesday,Shepperd West Stn,Emergency Services,18,36,N/B,3291
2019-06-19,925,20:45:00,Wednesday,Duncan Mills and Don Mills,Mechanical,10,20,S/B,8789
2019-06-19,45,21:09:00,Wednesday,N/B John Garland Blvd and Kipling,Investigation,9,18,N/B,8015
2019-06-19,37,21:11:00,Wednesday,Islington and Milady Rd,Mechanical,20,40,S/B,8067
2019-06-19,85,21:15:00,Wednesday,Warden and Sheppard,Mechanical,14,28,W/B,3551
2019-06-19,98,22:00:00,Wednesday,Entire Route,General Delay,1,1,B/W,
2019-06-19,939,22:01:00,Wednesday,Finch and Differin,Diversion,13,26,WB,1284
2019-06-19,105,22:16:00,Wednesday,Finch and Dufferin,Mechanical,16,32,S/B,8373
2019-06-19,29,22:40:00,Wednesday,Dufferin and Wenderly,Investigation,8,16,N/B,9052
2019-06-19,29,23:00:00,Wednesday,Dufferin and Wenderly,Diversion,45,53,N/B,
2019-06-19,36,23:45:00,Wednesday,Finch at Chesswood Dr.,Diversion,10,20,E/B,
2019-06-20,94,00:44:00,Thursday,Welsley and Parliament,Diversion,50,68,W/B,1064
2019-06-20,132,00:58:00,Thursday,Milner and McCowan,Mechanical,30,60,NB,3459
2019-06-20,29,01:30:00,Thursday,Wilson stn,Investigation,8,17,S/B,9017
2019-06-20,320,01:47:00,Thursday,Edwards,Diversion,223,226,B/W,
2019-06-20,300,02:00:00,Thursday,Yonge and Bloor,General Delay,20,40,WB,8028
2019-06-20,354,02:08:00,Thursday,Rouge Hill Go station,Mechanical,30,60,WB,8657
2019-06-20,329,02:34:00,Thursday,Saskatchewan and Manitoba,Diversion,205,235,N/B,
2019-06-20,324,02:35:00,Thursday,Victoria Park and Lawrence,Emergency Services,30,60,NB,8467
2019-06-20,302,02:52:00,Thursday,Mccowan and Sheppard,Emergency Services,30,60,SB,8510
2019-06-20,300,03:15:00,Thursday,Bloor and Spadina,Investigation,20,40,WB,8801
2019-06-20,354,03:20:00,Thursday,Lawrence Ave and Kingston Rd,Emergency Services,30,60,W/B,8824
2019-06-20,300,03:26:00,Thursday,Lansdowne Ave and Bloor Street,Investigation,20,40,E/B,1721
2019-06-20,300,03:30:00,Thursday,Aukland and Montesson,Emergency Services,30,60,EB,8588
2019-06-20,300,04:30:00,Thursday,Terminal 3,Mechanical,30,60,E/B,8521
2019-06-20,91,05:00:00,Thursday,Eglinton Ave East - Bermondsey / Sloane,Diversion,1,1,SB,8940
2019-06-20,22,05:11:00,Thursday,Coxwell and Gerrard,Diversion,999,999,N/B,8563
2019-06-20,29,05:26:00,Thursday,Exhibition Grounds,Diversion,245,252,N/B,9100
2019-06-20,32,06:03:00,Thursday,Oakwood on Eglinton,Mechanical,7,7,E/B,1045
2019-06-20,116,06:09:00,Thursday,Kennedy STN,Mechanical,7,13,E/B,8657
2019-06-20,11,06:15:00,Thursday,Finch Station,Investigation,15,30,N/B,8135
2019-06-20,134,06:17:00,Thursday,Scarborough Town Center,Mechanical,18,36,E/B,9071
2019-06-20,84,06:21:00,Thursday,Sheppard West Station,Mechanical,19,19,W/B,3362
2019-06-20,34,06:23:00,Thursday,EGLINTON STATION,Mechanical,4,9,E/B,8895
2019-06-20,52,06:24:00,Thursday,Presto,Mechanical,0,0,W/B,8173
2019-06-20,49,06:29:00,Thursday,queensway garage,Mechanical,9,17,S/B,8007
2019-06-20,79,06:39:00,Thursday,Pine & Lawrence,Mechanical,8,17,S/B,1002
2019-06-20,89,06:45:00,Thursday,Weston & Fern,Mechanical,1,1,S/B,1141
2019-06-20,7,07:00:00,Thursday,Greenville Village,Mechanical,8,16,S/B,8142
2019-06-20,32,07:15:00,Thursday,Jane and Eglinton,Mechanical,7,14,E/B,1287
2019-06-20,161,07:18:00,Thursday,411 Alliance Ave,Mechanical,1,1,W/B,1416
2019-06-20,102,07:26:00,Thursday,Warden Station,Investigation,19,38,N/B,3116
2019-06-20,165,07:31:00,Thursday,Wilson and Agate,Mechanical,5,10,E/B,3297
2019-06-20,95,07:31:00,Thursday,York Mills Station to Kingston Road Loop,Utilized Off Route,8,16,E/B,1322
2019-06-20,903,07:34:00,Thursday,Dorcot and Brimley,Mechanical,8,16,S/B,1377
2019-06-20,57,07:36:00,Thursday,Kennedy STN,Mechanical,8,17,N/B,8793
2019-06-20,84,07:43:00,Thursday,Weston and Bradstock,Investigation,10,20,E/B,3138
2019-06-20,36,07:45:00,Thursday,jane,Investigation,12,24,E/B,9123
2019-06-20,16,08:00:00,Thursday,McCowan Route,General Delay,10,19,BW,0
2019-06-20,92,08:00:00,Thursday,Woodbine South Route,General Delay,10,18,BW,0
2019-06-20,50,08:00:00,Thursday,ENTIRE ROUTE,General Delay,9,25,B/W,
2019-06-20,73,08:00:00,Thursday,ENTIRE ROUTE,General Delay,13,40,B/W,
2019-06-20,76,08:00:00,Thursday,ENTIRE ROUTE,General Delay,7,30,B/W,
2019-06-20,143,08:00:00,Thursday,Downtown - Beaches Express,General Delay,15,30,BW,0
2019-06-20,995,08:22:00,Thursday,York Mills,Mechanical,15,30,W/B,1719
2019-06-20,989,08:27:00,Thursday,Keele Station,Mechanical,12,24,N/B,1259
2019-06-20,902,08:30:00,Thursday,Warden Station to Progress and Sheppard,General Delay,15,20,B/W,
2019-06-20,72,08:30:00,Thursday,Pape Station to Front and Bay,General Delay,12,18,B/W,
2019-06-20,102,08:30:00,Thursday,Warden Station to Major Mac,General Delay,12,15,B/W,
2019-06-20,17,08:30:00,Thursday,Birchmount Route,General Delay,10,23,BW,0
2019-06-20,929,08:32:00,Thursday,Springhurst Loop,Mechanical,9,17,N/B,9040
2019-06-20,89,08:35:00,Thursday,Keele Station,Utilized Off Route,6,12,N/B,1281
2019-06-20,102,08:40:00,Thursday,Warden Station,Utilized Off Route,20,40,N/B,3119
2019-06-20,7,08:42:00,Thursday,Bathurst Station,Mechanical,8,16,S/B,1219
2019-06-20,86,08:49:00,Thursday,Kennedy STN,Utilized Off Route,7,17,E/B,8807
2019-06-20,67,08:59:00,Thursday,Pharmacy/Dolphine,Investigation,9,19,N/B,8802
2019-06-20,32,09:00:00,Thursday,Keele and Eglinton,Mechanical,1,1,E/B,1032
2019-06-20,20,09:08:00,Thursday,Midland / Verdun,Mechanical,16,32,W/B,8546
2019-06-20,22,09:13:00,Thursday,Coxwell Station,Mechanical,8,16,S/B,8544
2019-06-20,23,09:30:00,Thursday,Main Station to Rexleigh  Blvd,General Delay,10,15,B/W,
2019-06-20,53,09:30:00,Thursday,Finch Station - Morningside and Finch,General Delay,8,16,B/W,3431
2019-06-20,102,09:37:00,Thursday,Kingstion and Bellemy,Investigation,20,40,S/B,8563
2019-06-20,102,09:40:00,Thursday,Progress and Markham,Mechanical,18,36,S/B,9277
2019-06-20,96,09:40:00,Thursday,Wilson Station,Mechanical,20,40,E/B,3343
2019-06-20,50,10:00:00,Thursday,Entire Route,General Delay,20,1,B/W,
2019-06-20,73,10:00:00,Thursday,Oak and Weston Rd,General Delay,20,1,N/B,
2019-06-20,25,10:00:00,Thursday,Don Mills Stn,Mechanical,8,16,N/B,8623
2019-06-20,123,10:28:00,Thursday,EASTMALL AND QUEENSWAY,Diversion,42,32,B/W,
2019-06-20,902,10:41:00,Thursday,Lawrence,Investigation,15,30,N/B,8535
2019-06-20,97,10:45:00,Thursday,Steels and Hilda,Investigation,30,60,N/B,
2019-06-20,83,11:00:00,Thursday,Jones Route,General Delay,10,28,BW,0
2019-06-20,165,11:28:00,Thursday,Wilson and Ridge Rd.,Investigation,10,20,E/B,3355
2019-06-20,64,12:00:00,Thursday,Main Station to Queen and Wineva,General Delay,10,15,B/W,
2019-06-20,36,12:21:00,Thursday,Finch Station,Mechanical,10,20,E/B,3180
2019-06-20,925,12:21:00,Thursday,Don Mills/Eglinton,Mechanical,8,16,N/B,8914
2019-06-20,14,12:30:00,Thursday,Bayview & Moore,Mechanical,20,40,N/B,1409
2019-06-20,70,13:27:00,Thursday,Coxwell/Plains Rd,Investigation,18,36,S/B,8739
2019-06-20,6,13:50:00,Thursday,Bay at College,Diversion,75,84,B/W,
2019-06-20,6,14:00:00,Thursday,Bay Route,General Delay,20,33,B/W,
2019-06-20,94,14:00:00,Thursday,Wellesley Route,General Delay,20,36,B/W,
2019-06-20,75,14:00:00,Thursday,Lower jarvis and Queens quay,General Delay,10,17,B/W,
2019-06-20,110,14:00:00,Thursday,Long branch Loop,Investigation,12,24,W/B,7973
2019-06-20,72,14:11:00,Thursday,Yonge and Wellington,Investigation,19,38,N/B,9219
2019-06-20,34,14:15:00,Thursday,Eglinton & Warden,Investigation,8,16,E/B,8663
2019-06-20,134,14:22:00,Thursday,Scarborough Town  Center,Mechanical,9,26,E/B,9077
2019-06-20,57,14:23:00,Thursday,Kennedy STN,Mechanical,8,16,N/B,8832
2019-06-20,902,14:35:00,Thursday,St.Clair and Midland,Mechanical,15,30,S/B,8535
2019-06-20,85,14:52:00,Thursday,Don Mills Station,Mechanical,13,29,W/B,3400
2019-06-20,86,14:54:00,Thursday,Kennedy STN,Mechanical,16,30,E/B,8814
2019-06-20,24,15:00:00,Thursday,Lawrence Ave and Eglinton Ave,General Delay,12,17,E/B,
2019-06-20,11,15:00:00,Thursday,Eglinton and Bayview,General Delay,14,28,B/W,
2019-06-20,160,15:00:00,Thursday,Wilson station to Bathrust and Clark,General Delay,10,34,B/W,
2019-06-20,95,15:06:00,Thursday,Sheppard and 404,Mechanical,11,22,W/B,1707
2019-06-20,109,15:07:00,Thursday,Eglinton west station,Mechanical,14,28,N/B,8205
2019-06-20,34,15:13:00,Thursday,Eglinton & Mount Pleasant,Mechanical,5,9,W/B,8829
2019-06-20,952,15:15:00,Thursday,Lawrence West Stn,Mechanical,12,20,W/B,8182
2019-06-20,129,15:17:00,Thursday,Alton Tower south,Mechanical,5,10,S/B,1726
2019-06-20,112,15:20:00,Thursday,Kipling Station,Mechanical,20,40,N/B,8411
2019-06-20,610,15:23:00,Thursday,Eglinton and Don Mills,Utilized Off Route,1,1,E/B,8841
2019-06-20,72,15:30:00,Thursday,commissioner /queens quay,General Delay,11,22,,
2019-06-20,80,15:30:00,Thursday,Parkside and Lakeshore,General Delay,20,50,B/W,
2019-06-20,110,15:36:00,Thursday,Islington and Jutland,Mechanical,6,12,S/B,8091
2019-06-20,927,15:50:00,Thursday,Belfied and hwy 27,Investigation,13,26,N/B,3313
2019-06-20,115,16:00:00,Thursday,York Mills Rd and bayview,General Delay,240,255,E/B,
2019-06-20,127,16:00:00,Thursday,Entire Route,General Delay,21,36,B/W,
2019-06-20,14,16:00:00,Thursday,Entire Route,General Delay,22,38,B/W,
2019-06-20,161,16:00:00,Thursday,Entire Route,General Delay,20,33,B/W,
2019-06-20,52,16:00:00,Thursday,Lawrence and Dufferin to keele,General Delay,240,250,W/B,
2019-06-20,952,16:00:00,Thursday,Lawrence and Dufferin to keele St,General Delay,180,192,W/B,
2019-06-20,90,16:00:00,Thursday,Oakwood/Vaughan to St clair west station,General Delay,10,15,B/W,
2019-06-20,41,16:00:00,Thursday,Entire Route,General Delay,20,31,B/W,
2019-06-20,89,16:00:00,Thursday,Entire Route,General Delay,20,30,B/W,
2019-06-20,34,16:00:00,Thursday,Kennedy Station to Eglinton Station,General Delay,20,25,B/W,
2019-06-20,109,16:00:00,Thursday,Eglinton west station to Neptune,General Delay,10,20,B/W,
2019-06-20,8,16:03:00,Thursday,Lankin Blvd,Mechanical,15,30,E/B,8520
2019-06-20,79,16:06:00,Thursday,Pine and Lawrence,General Delay,7,26,S/B,1144
2019-06-20,45,16:23:00,Thursday,S/B Disco Road and Attwell Drive,Mechanical,14,28,S/B,8027
2019-06-20,41,16:30:00,Thursday,Keele stn,Mechanical,9,15,S/B,9146
2019-06-20,56,16:30:00,Thursday,Laird and Eglinton to Millwood and Overlea,General Delay,180,200,E/B,
2019-06-20,941,16:30:00,Thursday,Pioneer Village stn,Utilized Off Route,1,1,S/B,1055
2019-06-20,124,16:30:00,Thursday,entire route bothways,General Delay,1,1,B/W,
2019-06-20,985,16:38:00,Thursday,Sheppard Ave and Shorting Rd,Emergency Services,9,18,E/B,9080
2019-06-20,165,16:40:00,Thursday,Finch and Weston,Mechanical,8,16,W/B,3291
2019-06-20,100,16:42:00,Thursday,Don Mills/Wynford,Mechanical,6,12,S/B,8921
2019-06-20,22,16:50:00,Thursday,queen and coxwell,Investigation,8,16,S/B,8563
2019-06-20,52,16:50:00,Thursday,Scarlet and Lawrence Ave,Mechanical,14,27,E/B,8348
2019-06-20,88,17:00:00,Thursday,entire 88 route bothways,General Delay,1,1,B/W,
2019-06-20,35,17:00:00,Thursday,Jane between Jane Station to Pioneer Village bothways,General Delay,20,30,W/B,
2019-06-20,935,17:00:00,Thursday,Jane between Jane station to Pioneer Village Station bothways,General Delay,20,30,B/W,
2019-06-20,65,17:03:00,Thursday,Berkeley Street and Front Street,Utilized Off Route,11,22,N/B,3110
2019-06-20,165,17:36:00,Thursday,Sheppard and Weston,Mechanical,8,16,N/B,3294
2019-06-20,94,17:39:00,Thursday,Wellesley at Church,Investigation,8,16,W/B,1380
2019-06-20,14,17:40:00,Thursday,Glencairn / Caledonia,Mechanical,16,32,E/B,1040
2019-06-20,924,17:54:00,Thursday,Sheppard Ave,Mechanical,9,18,E/B,9204
2019-06-20,102,18:18:00,Thursday,Birchmount St Clair,Mechanical,21,42,,8601
2019-06-20,24,18:19:00,Thursday,Steeles Ave,Mechanical,9,18,E/B,8948
2019-06-20,129,18:20:00,Thursday,Scarborough Town Centre,Mechanical,1,1,N/B,1366
2019-06-20,39,18:28:00,Thursday,Tollerton and Finch,General Delay,31,38,W/B,
2019-06-20,939,18:41:00,Thursday,Tollerton and Finch,General Delay,31,37,W/B,
2019-06-20,110,18:50:00,Thursday,Lakeshore and Thirty Seventh,Investigation,12,24,W/B,8410
2019-06-20,985,18:53:00,Thursday,McCowan Rd and Sheppard Ave,Mechanical,9,18,W/B,9064
2019-06-20,42,18:53:00,Thursday,Don mills and Mcnicoll ave,Mechanical,13,26,W/B,8148
2019-06-20,94,18:59:00,Thursday,Wellesley Route,Diversion,101,167,B/W,
2019-06-20,985,19:02:00,Thursday,Don Mills Station,Mechanical,9,18,E/B,9098
2019-06-20,36,19:15:00,Thursday,Finch and senlac,Mechanical,8,16,W/B,3266
2019-06-20,939,19:22:00,Thursday,Scarborough Town Center,Mechanical,12,26,W/B,3469
2019-06-20,95,19:22:00,Thursday,Ellesmere and Kennedy,Mechanical,12,24,EB,3434
2019-06-20,129,19:27:00,Thursday,Scarborough Town C,Mechanical,6,18,N/B,1725
2019-06-20,32,19:30:00,Thursday,Entire Route,General Delay,25,35,B/W,
2019-06-20,32,19:45:00,Thursday,Eglinton west stn,Mechanical,10,20,E/B,1287
2019-06-20,102,19:50:00,Thursday,Lawrance/ markham,Mechanical,20,40,,8465
2019-06-20,53,19:56:00,Thursday,Brimley Rd and Steeles Ave,Mechanical,5,16,W/B,1658
2019-06-20,32,20:00:00,Thursday,Jane and Eglinton,Mechanical,10,20,W/B,1020
2019-06-20,32,20:00:00,Thursday,Eglinton and Caledonia,Mechanical,10,20,E/B,1088
2019-06-20,929,20:03:00,Thursday,Springhurst Loop,Mechanical,10,20,N/B,9004
2019-06-20,24,20:08:00,Thursday,Warden Ave and Kingston Road,Mechanical,22,44,E/B,9210
2019-06-20,32,20:30:00,Thursday,Pine and Lawrence,Mechanical,10,20,E/B,1019
2019-06-20,32,20:40:00,Thursday,Eglinton and Martin Grove,Investigation,10,20,W/B,1360
2019-06-20,165,20:42:00,Thursday,Weston and Gaydon,Mechanical,10,20,S/B,3294
2019-06-20,26,20:53:00,Thursday,Old Mill Station,Mechanical,20,40,E/B,1031
2019-06-20,110,21:00:00,Thursday,Long Branch Loop,Mechanical,11,22,N/B,7973
2019-06-20,60,21:10:00,Thursday,Steeles at 400,Diversion,35,45,W/B,
2019-06-20,24,21:17:00,Thursday,Steeles Loop,Mechanical,9,18,E/B,8938
2019-06-20,121,21:25:00,Thursday,Strachan and Lakeshore BLVD,Diversion,83,103,E/B,9228
2019-06-20,12,21:32:00,Thursday,Victoria Park Station,Mechanical,18,36,E/B,8503
2019-06-20,24,21:33:00,Thursday,Steeles Loop,Mechanical,8,16,E/B,8582
2019-06-20,29,21:33:00,Thursday,Dufferin and Lawrence,Utilized Off Route,8,16,N/B,9007
2019-06-20,46,22:04:00,Thursday,Steeles loop,Mechanical,17,34,N/B,3122
2019-06-20,69,22:19:00,Thursday,Birchmount Rd and St Clair Ave,Diversion,221,236,E/B,8522
2019-06-20,110,22:44:00,Thursday,Long branch Loop,Investigation,30,60,S/B,8030
2019-06-20,96,22:48:00,Thursday,Carrier Loop,Mechanical,20,40,E/B,3156
2019-06-20,45,22:55:00,Thursday,Kipling Station,Utilized Off Route,10,20,N/B,8050
2019-06-20,25,23:20:00,Thursday,Pape Station,Utilized Off Route,9,18,N/B,8757
2019-06-20,45,23:21:00,Thursday,Steeles,Mechanical,10,20,S/B,8039
2019-06-20,102,23:27:00,Thursday,lawrance and markham,Mechanical,22,44,S/B,8575
2019-06-20,22,23:30:00,Thursday,queen and Kingstion,Diversion,10,20,,9202
2019-06-20,87,23:35:00,Thursday,Main Station,Utilized Off Route,10,20,W/B,8491
2019-06-21,89,00:13:00,Friday,Keele stn,Investigation,10,20,N/B,1281
2019-06-21,54,00:18:00,Friday,MIDLAND/LAWRENCE,Emergency Services,20,40,W/B,8849
2019-06-21,100,00:19:00,Friday,Broadview Station,Investigation,10,20,N/B,8842
2019-06-21,300,01:00:00,Friday,Danforth and Danforth,Diversion,20,40,BW,8641
2019-06-21,116,01:30:00,Friday,Kennedy station,Utilized Off Route,10,20,NB,8909
2019-06-21,38,02:07:00,Friday,Markham/Ellesmere,Mechanical,8,16,E/B,3453
2019-06-21,22,05:11:00,Friday,Coxwell and Gerrard,Diversion,999,999,N/B,8568
2019-06-21,29,05:20:00,Friday,Princes Blvd. and Nunavut,Diversion,999,999,N/B,
2019-06-21,79,05:20:00,Friday,Pine and Lawrence,Mechanical,20,40,S/B,1089
2019-06-21,41,05:27:00,Friday,Keele and Rogers,Mechanical,1,1,N/B,9029
2019-06-21,102,05:37:00,Friday,Markham and Steeles,Mechanical,22,44,S/B,8539
2019-06-21,300,05:37:00,Friday,Danforth and Warden,Mechanical,24,34,W/B,8840
2019-06-21,47,05:41:00,Friday,Lansdown and St.Clair,Mechanical,1,1,S/B,1202
2019-06-21,111,05:45:00,Friday,KPSN,Mechanical,15,30,N/B,7970
2019-06-21,300,05:45:00,Friday,Danforth Ave and Victoria park,Emergency Services,10,20,W/B,8874
2019-06-21,94,06:00:00,Friday,Jarvis to Church on Wellesley,Diversion,1,1,B/W,
2019-06-21,939,06:03:00,Friday,Midland and Finch,Mechanical,8,16,W/B,3415
2019-06-21,95,06:19:00,Friday,Ellesmere and McCowan,Mechanical,11,22,E/B,1743
2019-06-21,54,06:23:00,Friday,Eglinton and Mt. Pleasant,Mechanical,9,18,E/B,8623
2019-06-21,25,06:23:00,Friday,Don Mills Station,Mechanical,6,11,S/B,8917
2019-06-21,44,06:34:00,Friday,Evans and Kipling ave,Mechanical,5,10,S/B,8431
2019-06-21,79,06:35:00,Friday,PINE,Mechanical,8,17,S/B,1590
2019-06-21,77,06:43:00,Friday,The Queensway and Windermere,Mechanical,9,18,N/B,1562
2019-06-21,52,06:56:00,Friday,Lawrence West Station,Mechanical,21,44,E/B,1293
2019-06-21,953,07:06:00,Friday,Finch Station,Mechanical,14,28,W/B,9058
2019-06-21,66,07:15:00,Friday,EDWALTER AND PRINCE EDWARD,Mechanical,9,18,N/B,8060
2019-06-21,68,07:35:00,Friday,Warden Station,Mechanical,5,10,N/B,8828
2019-06-21,51,07:40:00,Friday,Steeles and Leslie,Mechanical,1,1,S/B,1382
2019-06-21,41,07:51:00,Friday,Keele route,Mechanical,1,1,nb,9005
2019-06-21,116,07:54:00,Friday,Eglinton E.  & Fallmouth,Investigation,7,13,E/B,8711
2019-06-21,42,07:59:00,Friday,Finch Station,Mechanical,6,12,,8114
2019-06-21,32,08:10:00,Friday,Jane and Tretheway,Diversion,70,81,E/B,
2019-06-21,32,08:12:00,Friday,Renforth Station,Mechanical,7,14,E/B,1261
2019-06-21,35,08:15:00,Friday,Jane and John Best,Diversion,10,20,S/B,3295
2019-06-21,935,08:15:00,Friday,Jane and John Best,Diversion,11,22,S/B,3215
2019-06-21,45,08:19:00,Friday,Kipling station,Investigation,22,44,N/B,8047
2019-06-21,79,08:20:00,Friday,Between Harding Av. And Wright Ave. on Jane,Diversion,9,79,N/B,
2019-06-21,989,08:29:00,Friday,Keele Station,Mechanical,12,24,nb,1022
2019-06-21,143,08:30:00,Friday,Downtown - Beaches Express,General Delay,10,25,BW,0
2019-06-21,92,09:00:00,Friday,Woodbine South,General Delay,10,18,BW,0
2019-06-21,17,09:00:00,Friday,Birchmount Route,General Delay,10,17,BW,0
2019-06-21,68,09:13:00,Friday,Warden Station,Investigation,0,0,N/B,8930
2019-06-21,60,09:16:00,Friday,Dufferin & Steeles,Emergency Services,8,15,W/B,3220
2019-06-21,162,09:52:00,Friday,Lawrence Ave and Mildenhall,Investigation,30,60,,8157
2019-06-21,939,09:55:00,Friday,Kennedy and Finch,Mechanical,8,16,E/B,1530
2019-06-21,935,10:22:00,Friday,Jane Station,Investigation,11,22,N/B,3127
2019-06-21,79,10:27:00,Friday,Runnymede Station,Investigation,22,46,N/B,1017
2019-06-21,79,10:30:00,Friday,Entire route,General Delay,24,39,B/W,
2019-06-21,122,11:00:00,Friday,York Mills Station to  ROYWOOD DR AND FENSIDE DR.,General Delay,16,34,B/W,
2019-06-21,71,11:00:00,Friday,Dundas and Runnymede,Mechanical,23,46,N/B,1266
2019-06-21,600,11:01:00,Friday,Runnymede station,Investigation,1,1,BW,1015
2019-06-21,41,11:12:00,Friday,Keele Station,Mechanical,9,18,nb,9045
2019-06-21,85,11:20:00,Friday,Don Mills Station,Mechanical,22,44,W/B,3469
2019-06-21,86,11:23:00,Friday,Kennedy stn,Mechanical,,,E/B,8787
2019-06-21,900,11:30:00,Friday,N/B Jet Liner,Diversion,1,1,N/B,8011
2019-06-21,52,11:30:00,Friday,Lawrence Station to WESTWOOD MALL,General Delay,19,34,B/W,
2019-06-21,24,11:40:00,Friday,Lawrence / Victoria Park,Mechanical,10,20,N/B,3111
2019-06-21,711,11:41:00,Friday,Eglinton Statin,Utilized Off Route,0,0,S/B,1369
2019-06-21,609,11:43:00,Friday,Keele Station,Utilized Off Route,1,1,B/W,1064
2019-06-21,719,11:43:00,Friday,Bathurst and Eglinton,Utilized Off Route,1,1,B/W,1041
2019-06-21,709,11:43:00,Friday,Ossington Station,Utilized Off Route,1,1,E/B,1018
2019-06-21,701,11:49:00,Friday,Wilson Station,Utilized Off Route,0,0,S/B,1381
2019-06-21,72,11:53:00,Friday,Carlaw and Eastern,Utilized Off Route,19,38,N/B,9205
2019-06-21,63,11:59:00,Friday,Ossington Station,Utilized Off Route,9,18,N/B,8326
2019-06-21,65,11:59:00,Friday,Castle Frank station,Utilized Off Route,13,26,N/B,8514
2019-06-21,96,12:00:00,Friday,York Mills Stn,Utilized Off Route,20,40,W/B,3343
2019-06-21,35,12:07:00,Friday,Jane Stn,Utilized Off Route,8,15,N/B,3236
2019-06-21,85,12:08:00,Friday,Kennedy Station,Investigation,7,14,W/B,3412
2019-06-21,929,12:25:00,Friday,Lawrence and Dufferin,Mechanical,10,20,S/B,9102
2019-06-21,110,12:30:00,Friday,ISLINGTON AND BLOOR,Diversion,127,145,S/B,
2019-06-21,35,12:30:00,Friday,Jane Station,Mechanical,9,18,N/B,3146
2019-06-21,77,12:34:00,Friday,Runnymede Station,Mechanical,14,28,S/B,1140
2019-06-21,16,12:35:00,Friday,Scarborough Centre Station,Mechanical,12,24,SB,8544
2019-06-21,939,13:00:00,Friday,Finch and Bathurst,Mechanical,8,16,E/B,1530
2019-06-21,84,13:00:00,Friday,Bradstock & Rivalda,Diversion,53,61,W/B,3260
2019-06-21,16,13:00:00,Friday,McCowan Route,General Delay,10,22,BW,0
2019-06-21,41,13:11:00,Friday,Keele and Humberside,Mechanical,9,18,S/B,9048
2019-06-21,121,13:37:00,Friday,Esplanade George,Investigation,19,38,N/B,8581
2019-06-21,39,13:53:00,Friday,Finch Station,Mechanical,8,14,E/B,1607
2019-06-21,7,13:55:00,Friday,Bathurst/ Glencairn,Mechanical,8,16,S/B,8179
2019-06-21,72,14:00:00,Friday,Pape and Danfoprth,General Delay,18,39,B/W,8937
2019-06-21,24,14:00:00,Friday,Lawrence Ave and Eglinton Ave,General Delay,15,23,B/W,
2019-06-21,6,14:00:00,Friday,Bay Route,General Delay,20,27,B/W,
2019-06-21,41,14:00:00,Friday,Keele route Between lawrnce and sheppard,General Delay,20,29,N/B,9137
2019-06-21,89,14:00:00,Friday,Weston route between St. Clair and rogers,General Delay,20,30,N/B,1124
2019-06-21,94,14:00:00,Friday,Wellesley Route,General Delay,20,27,B/W,
2019-06-21,165,14:11:00,Friday,Wilson Station,Investigation,10,20,W/B,3133
2019-06-21,17,14:13:00,Friday,Birchmount Road and Huntingwood Ave,Mechanical,13,27,SB,8493
2019-06-21,45,14:20:00,Friday,Kipling station,General Delay,10,35,N/B,8412
2019-06-21,21,14:30:00,Friday,Brimley/Dorcot to Brimley/Eglinton,General Delay,11,26,B/W,
2019-06-21,102,14:30:00,Friday,"Warden/ St.Clair, 401",General Delay,20,40,B/W,
2019-06-21,75,14:30:00,Friday,Jarvis/Queens Quay to Sound Dr/Glen Rd,General Delay,25,33,B/W,
2019-06-21,985,14:30:00,Friday,Don Mills to Meadowvale to STC,General Delay,9,18,B/W,
2019-06-21,53,14:30:00,Friday,Steeles E local Route,General Delay,6,11,B/W,
2019-06-21,95,14:30:00,Friday,Yorkmills Station to Ellesemere Loop,General Delay,12,15,B/W,
2019-06-21,95,14:30:00,Friday,Yorkmills Station to Ellesmere Station,General Delay,15,20,B/W,
2019-06-21,32,14:30:00,Friday,Entire Route,General Delay,25,35,B/W,
2019-06-21,106,14:32:00,Friday,Sheppard W Station,Mechanical,11,22,N/B,8338
2019-06-21,7,14:40:00,Friday,Bathurst Station,Mechanical,7,14,N/B,1315
2019-06-21,80,14:40:00,Friday,Queensway and Ellis,Diversion,44,68,W/B,8022
2019-06-21,22,14:42:00,Friday,Queen and Carlaw,Mechanical,8,16,B/W,8529
2019-06-21,85,14:45:00,Friday,Don Mills Station,Mechanical,7,14,E/B,3444
2019-06-21,94,14:52:00,Friday,Wellesley Route,Diversion,20,27,B/W,
2019-06-21,131,15:00:00,Friday,Scarborough Town centre to Morning Side,General Delay,15,20,B/W,
2019-06-21,120,15:00:00,Friday,Wilson between Keele to Dufferin,General Delay,20,42,B/W,
2019-06-21,935,15:00:00,Friday,Jane between Jane Station to p[ioneer Village station,General Delay,25,35,B/W,
2019-06-21,35,15:00:00,Friday,Jane between Jane station to Pioneer Village Station,General Delay,25,35,B/W,
2019-06-21,39,15:02:00,Friday,Midland and Finch,Diversion,31,36,B/W,
2019-06-21,939,15:05:00,Friday,Midland and Finch,Diversion,31,45,B/W,
2019-06-21,939,15:10:00,Friday,Midland and Finch/ Bayview and Finch,General Delay,50,66,B/W,
2019-06-21,39,15:10:00,Friday,Midland and Finch/ Bayview and Finch,General Delay,51,59,B/W,
2019-06-21,123,15:11:00,Friday,Long Branch Loop,Mechanical,16,32,N/B,8427
2019-06-21,6,15:11:00,Friday,Queen's Quay at Dockside,Mechanical,6,12,N/B,1088
2019-06-21,900,15:15:00,Friday,Kipling station,General Delay,6,34,N/B,8004
2019-06-21,32,15:15:00,Friday,Jane and Emmett,Utilized Off Route,8,16,E/B,1069
2019-06-21,127,15:19:00,Friday,Spadina station,Mechanical,15,30,W/B,1417
2019-06-21,161,15:20:00,Friday,Jane and Alliance,Mechanical,9,22,W/B,
2019-06-21,32,15:20:00,Friday,Jane and Emmett,Utilized Off Route,8,16,E/B,1420
2019-06-21,953,15:30:00,Friday,Finch station to Markham to Morningside,General Delay,15,30,B/W,
2019-06-21,937,15:30:00,Friday,Islington Station,Utilized Off Route,12,24,N/B,8424
2019-06-21,109,15:30:00,Friday,Eglinton West Stn to Neptune/Bathurst,General Delay,30,40,B/W,
2019-06-21,50,15:30:00,Friday,Islington to Mill Road Loop,General Delay,8,20,B/W,
2019-06-21,924,15:46:00,Friday,Danforth Rd and Warden Ave,Mechanical,9,18,N/B,8584
2019-06-21,924,15:46:00,Friday,Victoria Park Station,Mechanical,9,18,N/B,3111
2019-06-21,100,15:48:00,Friday,Broadview station,Mechanical,6,12,E/B,8879
2019-06-21,81,15:48:00,Friday,pape station,Mechanical,9,18,S/B,8482
2019-06-21,937,15:57:00,Friday,Steeles Loop,Mechanical,12,24,S/B,8074
2019-06-21,41,16:00:00,Friday,Keele and Eglinton,General Delay,15,35,B/W,9007
2019-06-21,63,16:00:00,Friday,Entire Route,General Delay,1,1,B/W,
2019-06-21,90,16:00:00,Friday,St Clair West to Oakwood/ Vaughan,General Delay,25,30,B/W,
2019-06-21,54,16:00:00,Friday,Lawrence Avenue East,General Delay,45,55,B/W,
2019-06-21,89,16:00:00,Friday,Weston and St Clair,General Delay,10,30,B/W,1099
2019-06-21,51,16:00:00,Friday,Entire Route,General Delay,1,1,E/Bb,
2019-06-21,72,16:00:00,Friday,pape station,Mechanical,10,20,S/B,8957
2019-06-21,52,16:00:00,Friday,Dufferin to Keele st,General Delay,210,225,W/B,
2019-06-21,941,16:00:00,Friday,Keele stn,General Delay,13,26,B/W,1113
2019-06-21,66,16:00:00,Friday,Lakeshore and Parklawn,General Delay,12,20,B/W,
2019-06-21,903,16:00:00,Friday,Kennedy Station to Morning Side,General Delay,15,20,B/W,
2019-06-21,56,16:00:00,Friday,Eglinton and Laird to Millwood and Overlea,General Delay,180,200,E/B,
2019-06-21,68,16:00:00,Friday,Warden Avenue,General Delay,50,58,B/W,
2019-06-21,952,16:00:00,Friday,Dufferin to Keele St,General Delay,210,225,W/B,
2019-06-21,130,16:00:00,Friday,Scarborough Town Centre to Steeles,General Delay,15,20,B/W,
2019-06-21,88,16:00:00,Friday,88 route bothway,General Delay,23,1,B/W,
2019-06-21,53,16:03:00,Friday,Middlefield and Steeles,Investigation,6,11,E/B,3543
2019-06-21,52,16:10:00,Friday,Lawrence ave and Avenue,Mechanical,14,28,E/B,1293
2019-06-21,168,16:16:00,Friday,Avon Loop,Mechanical,9,18,S/B,1325
2019-06-21,87,16:16:00,Friday,Broadview Station,Mechanical,6,12,N/B,8561
2019-06-21,953,16:27:00,Friday,Midland and Steeles,Investigation,15,30,W/B,9073
2019-06-21,125,16:27:00,Friday,West of Bathurst and don lake gate,Investigation,10,20,W/B,8321
2019-06-21,31,16:30:00,Friday,Hiltz Ave and Queen Street east,Investigation,15,30,N/B,8537
2019-06-21,89,16:32:00,Friday,Keele Station,Vision,10,20,N/B,1031
2019-06-21,168,16:33:00,Friday,Dundas West Station,Investigation,7,14,N/B,1131
2019-06-21,131,16:36:00,Friday,Markham,Mechanical,9,18,S/B,3401
2019-06-21,16,16:43:00,Friday,St Andrew Road / Mc.Cowan Road,Investigation,12,24,N/B,8533
2019-06-21,941,16:54:00,Friday,Finch West stn,Utilized Off Route,14,28,B/W,1379
2019-06-21,25,17:00:00,Friday,pape Station,Utilized Off Route,5,11,N/B,8655
2019-06-21,929,17:03:00,Friday,Ex Loop,Mechanical,10,20,N/B,9037
2019-06-21,133,17:03:00,Friday,Neilson Rd and Sheppard Ave,Investigation,8,15,S/B,3540
2019-06-21,35,17:05:00,Friday,Jane/Sheppard,Mechanical,10,20,N/B,3493
2019-06-21,72,17:05:00,Friday,pae and danforth,General Delay,10,20,S/B,
2019-06-21,73,17:09:00,Friday,Albion and Highway 27,Mechanical,10,20,S/B,8402
2019-06-21,85,17:15:00,Friday,Don Mills Station,Mechanical,16,32,E/B,3428
2019-06-21,945,17:16:00,Friday,Kipling Station,Mechanical,8,16,N/B,7970
2019-06-21,12,17:17:00,Friday,Bingham Loop,Mechanical,17,36,N/B,8469
2019-06-21,32,17:25:00,Friday,Eglinton and Marlee,Investigation,9,19,E/B,1061
2019-06-21,7,17:26:00,Friday,Bathurst and Wilson,Mechanical,7,14,N/B,1248
2019-06-21,142,17:30:00,Friday,Adelaid and Simcoe to Church and University,General Delay,90,120,B/W,
2019-06-21,86,17:30:00,Friday,Morningside and Kingston Rd,General Delay,20,36,B/W,
2019-06-21,986,17:30:00,Friday,Morningside and Lawrence,General Delay,30,40,B/W,
2019-06-21,905,17:30:00,Friday,Morningside and Kingston Rd,General Delay,20,30,B/W,
2019-06-21,129,17:30:00,Friday,McCowan RD and Commander Blvd,General Delay,15,36,N/B,1366
2019-06-21,40,17:32:00,Friday,Dundas and High Park,Investigation,7,14,E/B,8423
2019-06-21,29,17:46:00,Friday,Wilson Stn,Mechanical,8,15,N/B,9142
2019-06-21,5,17:55:00,Friday,South of Charles st and Queens park,Investigation,20,40,S/B,1382
2019-06-21,116,17:56:00,Friday,Kennedy STN,Utilized Off Route,4,7,E/B,8795
2019-06-21,102,18:00:00,Friday,St clair  to Kingstion,General Delay,10,20,S/B,
2019-06-21,944,18:01:00,Friday,N/B Kipling / Munster Ave.,Investigation,12,24,N/B,8413
2019-06-21,54,18:25:00,Friday,Eglinton station,Mechanical,10,20,W/B,8902
2019-06-21,29,18:26:00,Friday,Springhurst loop,Mechanical,7,15,N/B,9148
2019-06-21,161,18:30:00,Friday,Oakwood and Rogers,General Delay,7,14,B/W,1049
2019-06-21,996,18:33:00,Friday,Humber College,Mechanical,12,23,E/B,3135
2019-06-21,161,18:59:00,Friday,Ossington Stn,Mechanical,16,32,B/W,1063
2019-06-21,106,19:00:00,Friday,Sheppard west Station,Mechanical,20,40,N/B,1222
2019-06-21,953,19:10:00,Friday,Tapscott and Steeles E,Investigation,15,30,E/B,9078
2019-06-21,939,19:20:00,Friday,Finch Station,Mechanical,11,23,E/B,1401
2019-06-21,73,19:52:00,Friday,Royal York Station,Emergency Services,10,20,N/B,8406
2019-06-21,939,20:51:00,Friday,Scarborough Town Center,Mechanical,13,26,W/B,3554
2019-06-21,36,21:15:00,Friday,Arrow Garage,Mechanical,10,20,E/B,3129
2019-06-21,85,21:44:00,Friday,Brimley Rd and Sheppard Ave,Investigation,16,32,E/B,3544
2019-06-21,108,21:57:00,Friday,Grandravine at Keele,Mechanical,18,43,E/B,3169
2019-06-21,36,22:04:00,Friday,Oakdale and finch,Mechanical,8,16,W/B,9123
2019-06-21,35,22:05:00,Friday,Jane/Pritchard ave.,Investigation,9,18,S/B,3249
2019-06-21,90,22:27:00,Friday,St Clair West Station,Investigation,10,20,N/B,8174
2019-06-21,34,22:30:00,Friday,EGLINTON/WYNFORD,Mechanical,8,18,E/B,8776
2019-06-21,939,22:30:00,Friday,Finch West Station,Mechanical,15,30,E/B,1400
2019-06-21,12,22:40:00,Friday,Victoria Park Station,Investigation,22,44,W/B,8448
2019-06-21,24,23:08:00,Friday,Sweeney Drive,Investigation,1,1,W/B,9206
2019-06-21,68,23:50:00,Friday,Warden and Steeles Loop,Emergency Services,1,1,S/B,8705
2019-06-21,70,23:58:00,Friday,Coxwell station,Emergency Services,30,60,N/B,8777
2019-06-22,32,00:42:00,Saturday,Renforth Stn,Mechanical,11,22,E/B,1409
2019-06-22,43,00:48:00,Saturday,KENNEDY STATION,Emergency Services,4,14,N/B,8901
2019-06-22,320,01:23:00,Saturday,Yonge Street,General Delay,15,18,B/W,
2019-06-22,332,01:35:00,Saturday,Eglinton at Keele,Diversion,30,60,B/W,
2019-06-22,332,01:35:00,Saturday,Eglinton at Dufferin,Diversion,30,60,B/W,
2019-06-22,332,01:35:00,Saturday,Eglinton West Night Service,General Delay,10,40,B/W,
2019-06-22,35,01:36:00,Saturday,Jane at Sheppard,Emergency Services,15,30,S/B,3296
2019-06-22,312,01:40:00,Saturday,Dundas High Park to Annette,Diversion,30,60,B/W,
2019-06-22,329,02:00:00,Saturday,Dufferin Steeles,Mechanical,30,60,S/B,9032
2019-06-22,354,02:11:00,Saturday,Lawrence and Scarborough Golf Club RD,Diversion,30,60,BW,8667
2019-06-22,320,03:14:00,Saturday,Yonge at Berwick Ave,Mechanical,4,7,S/B,1132
2019-06-22,32,04:30:00,Saturday,Eglinton and Caledonia,Diversion,999,999,B/W,
2019-06-22,32,04:30:00,Saturday,Eglinton and Black Creek,Diversion,710,720,B/W,
2019-06-22,40,05:08:00,Saturday,Dundas/High Park,Diversion,999,999,E/B,8089
2019-06-22,17,05:18:00,Saturday,Birchmount and Eglinton,Diversion,999,999,B/W,8455
2019-06-22,29,05:29:00,Saturday,Springhurst Loop,Mechanical,4,7,N/B,9145
2019-06-22,22,05:31:00,Saturday,Gerrard / Coxwell,Diversion,1,1,N/B,8550
2019-06-22,126,05:45:00,Saturday,St. Clair West Station,Mechanical,30,30,S/B,1125
2019-06-22,354,06:00:00,Saturday,Eglinton Station,Vision,30,60,EB,8878
2019-06-22,125,06:09:00,Saturday,BATHURST ST. AT ANTIBES DR.,Investigation,30,30,E/B,8203
2019-06-22,91,06:14:00,Saturday,Eglinton / Sloane - Bermondsey,Diversion,1,1,B/W,8464
2019-06-22,17,07:30:00,Saturday,Birchmount and Eglinton,General Delay,10,10,B/W,3110
2019-06-22,5,08:00:00,Saturday,Queens Park Circles,Diversion,1,1,B/W,
2019-06-22,927,08:10:00,Saturday,Kipling station,Mechanical,10,20,N/B,3195
2019-06-22,90,08:10:00,Saturday,Vaughn Rd and Kenwood,Mechanical,12,24,N/B,1231
2019-06-22,52,08:30:00,Saturday,Lawrence Station to MCNAUGHTON AVE. AT VICTORY CR.,General Delay,13,28,B/W,
2019-06-22,76,08:54:00,Saturday,Royal York/Bloor,Mechanical,10,21,S/B,8611
2019-06-22,75,09:00:00,Saturday,Sherbourne and Gerrard,Mechanical,15,30,N/B,8168
2019-06-22,45,09:15:00,Saturday,queensway garage,Mechanical,9,18,S/B,8036
2019-06-22,36,09:20:00,Saturday,Hyw27,Diversion,111,121,E/B,3163
2019-06-22,32,09:30:00,Saturday,ENTIRE ROUTE,General Delay,20,30,B/W,
2019-06-22,45,09:42:00,Saturday,rexdale and kipling.,Mechanical,9,18,S/B,8015
2019-06-22,126,09:57:00,Saturday,St. Clair Station,Mechanical,30,60,S/B,1125
2019-06-22,22,10:00:00,Saturday,Coxwell route,General Delay,10,1,B/W,
2019-06-22,102,10:00:00,Saturday,markham road,General Delay,10,1,B/W,
2019-06-22,15,10:00:00,Saturday,Entire Evans Route,General Delay,20,40,B/W,7977
2019-06-22,48,10:00:00,Saturday,Entire Rathburn Route,General Delay,20,40,B/W,8609
2019-06-22,73,10:00:00,Saturday,Entire Royal York Route,General Delay,20,40,B/W,8019
2019-06-22,37,10:00:00,Saturday,Entire Islington Route,General Delay,20,40,B/W,8044
2019-06-22,66,10:00:00,Saturday,Entire Prince Edward Route,General Delay,15,30,B/W,8034
2019-06-22,52,10:27:00,Saturday,Lawrence Ave and Weston Rd,Investigation,10,20,E/B,8144
2019-06-22,63,10:30:00,Saturday,St Clair West and Oakwood,Mechanical,8,16,N/B,8339
2019-06-22,76,10:45:00,Saturday,Royal York/Bloor,Mechanical,10,20,S/B,8039
2019-06-22,124,10:45:00,Saturday,Lawrence Station to Sunnybrook Hospital,General Delay,19,39,B/W,
2019-06-22,41,10:52:00,Saturday,Pioneer Village Station,Mechanical,10,20,S/B,1136
2019-06-22,110,11:00:00,Saturday,Entire Islington South Route,General Delay,25,50,B/W,8043
2019-06-22,935,11:16:00,Saturday,Jane and Wilson,Investigation,9,18,S/B,3318
2019-06-22,85,11:23:00,Saturday,Malvern Gates,Mechanical,8,15,W/B,3430
2019-06-22,52,11:35:00,Saturday,Lawrence Ave and Keele St,Mechanical,20,40,E/B,8321
2019-06-22,168,11:39:00,Saturday,Avon Loop,Investigation,8,16,S/B,1272
2019-06-22,85,11:40:00,Saturday,Malvern Gates,Mechanical,6,12,E/B,3529
2019-06-22,35,11:50:00,Saturday,Jane station,Investigation,7,14,N/B,3294
2019-06-22,32,11:52:00,Saturday,Pine and Lawrence,Mechanical,10,20,E/B,1082
2019-06-22,123,11:54:00,Saturday,evans and browns line.,Mechanical,24,48,S/B,8095
2019-06-22,92,12:00:00,Saturday,Woodbine station,General Delay,12,12,B/W,3110
2019-06-22,905,12:23:00,Saturday,U of T Scarboro loop,Mechanical,11,22,W/B,8782
2019-06-22,38,12:36:00,Saturday,Scarb. Town Centre,Mechanical,9,18,E/B,1326
2019-06-22,41,12:57:00,Saturday,Keele and Lawrence,Investigation,9,18,S/B,1420
2019-06-22,29,13:00:00,Saturday,Springhurst Loop,Mechanical,9,18,W/B,9032
2019-06-22,63,13:05:00,Saturday,ATLANTIC AVE & KING ST W,General Delay,5,10,B/W,
2019-06-22,73,13:15:00,Saturday,Albion/Clairport,Mechanical,10,20,E/B,8012
2019-06-22,127,13:30:00,Saturday,Old Weston/ ST. Clair to Davenport/ Bathurst,General Delay,20,42,B/W,
2019-06-22,65,14:00:00,Saturday,Parliament,General Delay,12,12,B/W,
2019-06-22,75,14:00:00,Saturday,Jarvis/Queens Quay to South Dr/ Glen Rd,General Delay,25,35,B/W,
2019-06-22,73,14:10:00,Saturday,royal york stn,Mechanical,20,40,N/B,8415
2019-06-22,53,14:14:00,Saturday,Steeles and Don Mills,Mechanical,10,15,E/B,3545
2019-06-22,39,14:33:00,Saturday,Finch and Birchmount,Investigation,14,28,W/B,3419
2019-06-22,939,14:40:00,Saturday,Scarborough Town Centre,Mechanical,12,24,W/B,1741
2019-06-22,129,14:50:00,Saturday,Commander,Diversion,40,47,N/B,3542
2019-06-22,925,15:28:00,Saturday,Don Mills & Van Horne,Investigation,10,20,S/B,8765
2019-06-22,110,15:36:00,Saturday,Long branch,Mechanical,18,36,S/B,7971
2019-06-22,63,16:00:00,Saturday,Entire Route,General Delay,1,1,B/W,
2019-06-22,52,16:00:00,Saturday,Lawrence Stn,Mechanical,17,34,W/B,1309
2019-06-22,108,16:32:00,Saturday,Sheppard/Allen rd.,Investigation,16,32,W/B,3237
2019-06-22,53,16:40:00,Saturday,Steeles and Shadlock,Diversion,34,74,E/B,3465
2019-06-22,54,16:49:00,Saturday,McCowan and Lawrence,Investigation,13,27,W/B,8660
2019-06-22,7,17:20:00,Saturday,Sheppard/ Bathurst,Mechanical,7,14,N/B,1290
2019-06-22,54,17:25:00,Saturday,Bellamy and Lawrence,Investigation,13,27,E/B,8789
2019-06-22,74,17:55:00,Saturday,Mount Pleasant/ Lawrence,Mechanical,18,36,S/B,8213
2019-06-22,14,18:00:00,Saturday,Glencarin and Bathurst,General Delay,16,32,W/B,1359
2019-06-22,37,18:15:00,Saturday,Islington station,Mechanical,14,28,S/B,8069
2019-06-22,24,18:46:00,Saturday,oconnor and  victoria park,Investigation,7,14,S/B,9220
2019-06-22,52,18:47:00,Saturday,Lawrence West Stn,Mechanical,1,1,E/B,8125
2019-06-22,52,18:50:00,Saturday,Tollington and martin Grove,Mechanical,9,17,E/B,1351
2019-06-22,36,18:58:00,Saturday,Humberwood Loop,Mechanical,5,10,E/B,3131
2019-06-22,111,19:00:00,Saturday,Kipling Station and Richgrove/Willowridge,General Delay,7,17,B/W,
2019-06-22,25,19:14:00,Saturday,Pape Station,Investigation,9,17,N/B,8753
2019-06-22,54,19:29:00,Saturday,Scarbough Golf Club and Lawrence,Diversion,391,405,B/W,
2019-06-22,89,19:36:00,Saturday,Keele and St Clair,General Delay,15,30,B/W,1093
2019-06-22,35,20:00:00,Saturday,Jane Station to Pioneer Village Station,General Delay,25,32,B/W,
2019-06-22,41,20:13:00,Saturday,Keele and Lonborough,Investigation,16,32,N/B,9047
2019-06-22,84,20:19:00,Saturday,Sheppard at Harlock,Mechanical,10,20,E/B,3189
2019-06-22,133,20:24:00,Saturday,Ellesmere and Neilson Scarborough General Hospital,Mechanical,10,20,S/B,3470
2019-06-22,45,20:29:00,Saturday,Kipling Station,Mechanical,10,20,N/B,8023
2019-06-22,133,20:47:00,Saturday,Neilson and Sheppard,Diversion,10,20,NB,1607
2019-06-22,71,20:52:00,Saturday,Mt Dennis,Mechanical,24,47,S/B,1005
2019-06-22,52,20:58:00,Saturday,Dufferin and Lawrence Ave,Mechanical,20,40,E/B,8182
2019-06-22,939,21:01:00,Saturday,Scarborough Town Centre,Investigation,10,20,E/B,1322
2019-06-22,97,21:12:00,Saturday,Davisville St,Mechanical,1,1,S/B,8185
2019-06-22,41,21:14:00,Saturday,North W Gate,Mechanical,15,30,,1273
2019-06-22,100,21:39:00,Saturday,BROADVIEW/MORTIMER,Mechanical,9,18,N/B,8852
2019-06-22,87,21:53:00,Saturday,cosburn/ todd,Investigation,10,20,S/B,8474
2019-06-22,23,22:19:00,Saturday,Danforth daws,Emergency Services,15,30,S/B,8486
2019-06-22,67,22:20:00,Saturday,COMSTOCK/PHARMACY,Mechanical,24,48,N/B,8796
2019-06-22,43,22:41:00,Saturday,KENNEDY STATION,Emergency Services,1,1,S/B,8785
2019-06-22,165,23:02:00,Saturday,Weston/Sheppard,Diversion,44,54,N/B,
2019-06-22,84,23:02:00,Saturday,Sheppard at Weston Rd.,Diversion,44,54,W/B,
2019-06-22,93,23:10:00,Saturday,Lumsden / Woodbine,Investigation,20,40,S/B,8950
2019-06-22,14,23:20:00,Saturday,Glencarin and Caledonia,Mechanical,20,40,E/B,1016
2019-06-22,32,23:35:00,Saturday,Eglinton W Stn,Mechanical,30,60,W/B,1075
2019-06-22,33,23:40:00,Saturday,St Clair west Station,Investigation,20,40,N/B,1221
2019-06-22,84,23:45:00,Saturday,Bradstock at Habitant,Investigation,10,20,E/B,3227
2019-06-22,32,23:50:00,Saturday,Eglinton and Chaplin,Mechanical,10,20,W/B,1143
2019-06-23,65,00:04:00,Sunday,Parliament and Queen Street,Investigation,15,30,N/B,8479
2019-06-23,47,01:16:00,Sunday,Earlscourt Loop,Investigation,10,20,S/B,1080
2019-06-23,300,01:30:00,Sunday,Bloor and Bay,Diversion,30,60,WB,8079
2019-06-23,47,01:38:00,Sunday,Earlscourt Loop,Emergency Services,10,20,S/B,1350
2019-06-23,312,01:40:00,Sunday,St. Clair and Lansdown,Investigation,13,43,E/B,1080
2019-06-23,36,02:07:00,Sunday,Finch at Jane,Mechanical,15,30,E/B,3273
2019-06-23,600,02:09:00,Sunday,Kennedy station,Utilized Off Route,1,1,WB,1357
2019-06-23,600,02:10:00,Sunday,Kennedy station,Utilized Off Route,1,1,WB,1094
2019-06-23,320,02:43:00,Sunday,Yonge and Charles,Investigation,3,7,S/B,8383
2019-06-23,329,02:51:00,Sunday,Dufferin at Bloor,Investigation,30,60,S/B,1633
2019-06-23,329,04:19:00,Sunday,Gerry Fitzgerald and steeles,Mechanical,15,30,S/B,9103
2019-06-23,89,06:12:00,Sunday,Weston rd,Mechanical,1,1,N/B,1529
2019-06-23,354,06:20:00,Sunday,Finch at Tapscott,Emergency Services,30,60,W/B,8703
2019-06-23,24,06:22:00,Sunday,Danforth,Utilized Off Route,9,15,B/W,9234
2019-06-23,89,06:36:00,Sunday,Keele Station,Mechanical,10,20,N/B,1061
2019-06-23,63,06:51:00,Sunday,eglinton wstn,Mechanical,10,26,S/B,1285
2019-06-23,165,07:00:00,Sunday,Weston road,General Delay,10,35,E/B,
2019-06-23,96,07:00:00,Sunday,Wilson Avenue,General Delay,18,40,E/B,
2019-06-23,36,07:30:00,Sunday,Route 36,General Delay,15,24,B/W,
2019-06-23,116,07:33:00,Sunday,Staines and Morning side,Vision,10,20,N/B,8797
2019-06-23,57,07:41:00,Sunday,Midland and Steeles,Vision,13,21,S/B,8822
2019-06-23,52,07:42:00,Sunday,Lawrance Ave,Mechanical,1,1,B/W,8129
2019-06-23,116,07:43:00,Sunday,Morningside and Night Star,Vision,10,20,S/B,8861
2019-06-23,100,07:50:00,Sunday,Broadview Station,Vision,10,20,N/B,8756
2019-06-23,116,07:53:00,Sunday,Morningside and Night Star,Vision,10,20,S/B,8704
2019-06-23,25,08:06:00,Sunday,Fresh Meadow and Don Mills,Vision,15,25,S/B,8871
2019-06-23,89,08:10:00,Sunday,Weston and lawrence,Mechanical,10,20,S/B,1529
2019-06-23,39,08:10:00,Sunday,Finch at Cherokee,Investigation,17,34,W/B,1607
2019-06-23,905,08:13:00,Sunday,University of toronto loop,Vision,13,26,S/B,8688
2019-06-23,29,08:15:00,Sunday,Wilson Station,Mechanical,8,15,S/B,9150
2019-06-23,70,08:20:00,Sunday,Warden Station,Vision,15,25,E/B,8725
2019-06-23,165,08:20:00,Sunday,Finch and Weston,Mechanical,15,33,S/B,3324
2019-06-23,133,08:26:00,Sunday,Morningside and Finch,Mechanical,10,22,S/B,3459
2019-06-23,900,08:58:00,Sunday,Kipling Station,Utilized Off Route,13,26,N/B,8051
2019-06-23,32,09:00:00,Sunday,Entire Route,General Delay,25,35,B/W,
2019-06-23,85,09:00:00,Sunday,Sheppard route,General Delay,15,30,B/W,3441
2019-06-23,41,09:32:00,Sunday,Keele and Eglinton,Vision,11,22,N/B,
2019-06-23,900,09:42:00,Sunday,Terminal 3,Investigation,7,14,N/B,8010
2019-06-23,86,09:47:00,Sunday,Kennedy Station,Mechanical,8,16,N/B,8872
2019-06-23,133,09:49:00,Sunday,Scarborough Town Centre,Mechanical,12,24,S/B,1565
2019-06-23,29,09:53:00,Sunday,Spring Hust loop,Utilized Off Route,7,14,N/B,9006
2019-06-23,72,09:54:00,Sunday,Pape a nd Queen,Diversion,999,999,S/B,9236
2019-06-23,41,09:55:00,Sunday,Keele Station,Utilized Off Route,11,22,N/B,1605
2019-06-23,76,09:58:00,Sunday,Lakeshore and Mimico Blvd W,Utilized Off Route,10,20,N/B,8044
2019-06-23,127,10:00:00,Sunday,Entire Route,General Delay,22,64,B/W,
2019-06-23,124,10:00:00,Sunday,Sunnybrook to Lawrence stn,General Delay,1,1,B/W,
2019-06-23,45,10:00:00,Sunday,Kipling Station,Utilized Off Route,10,20,S/B,7963
2019-06-23,94,10:00:00,Sunday,Entire Route,General Delay,20,30,B/W,
2019-06-23,900,10:09:00,Sunday,Terminal 3,Mechanical,7,14,N/B,8006
2019-06-23,89,10:18:00,Sunday,Jane and Weston,General Delay,22,32,N/B,1016
2019-06-23,29,10:25:00,Sunday,N/B Dufferin and Queen,Mechanical,7,14,N/B,9033
2019-06-23,54,10:27:00,Sunday,Lawrence & Warden,Investigation,16,33,E/B,8655
2019-06-23,54,10:33:00,Sunday,Lawrence East RT Station,Investigation,16,33,W/B,8817
2019-06-23,85,10:41:00,Sunday,Don Mills,Mechanical,8,16,W/B,1655
2019-06-23,86,10:43:00,Sunday,Kennedy Station,Mechanical,8,16,E/B,8769
2019-06-23,89,10:48:00,Sunday,Keele Station,Mechanical,11,22,N/B,1082
2019-06-23,121,10:57:00,Sunday,Cherry Beach Loop,Utilized Off Route,15,30,S/B,8537
2019-06-23,168,10:58:00,Sunday,Avon Loop,Vision,9,18,S/B,
2019-06-23,35,11:00:00,Sunday,Route,General Delay,10,20,B/W,3367
2019-06-23,47,11:04:00,Sunday,Queen and Lansdowne,Utilized Off Route,20,40,N/B,1268
2019-06-23,45,11:05:00,Sunday,kipling station,Utilized Off Route,10,20,S/B,8022
2019-06-23,63,11:07:00,Sunday,shaw,Utilized Off Route,9,18,N/B,8348
2019-06-23,96,11:08:00,Sunday,Carrier Loop,Mechanical,18,36,E/B,3347
2019-06-23,711,11:09:00,Sunday,Bathurst Station,Utilized Off Route,1,1,N/B,1351
2019-06-23,100,11:10:00,Sunday,BROADVIEW STATION,Utilized Off Route,9,17,N/B,8827
2019-06-23,111,11:24:00,Sunday,Kipling Station,Mechanical,15,30,N/B,7920
2019-06-23,168,11:30:00,Sunday,St. Clair and Old Weston,General Delay,9,18,B/W,1329
2019-06-23,80,11:39:00,Sunday,Sherway Gardens,Vision,24,48,S/B,8075
2019-06-23,68,11:47:00,Sunday,WARDEN STATION,Vision,13,50,N/B,8742
2019-06-23,22,12:00:00,Sunday,Gerrard and Coxwell,Diversion,868,878,N/B,
2019-06-23,175,12:00:00,Sunday,Entire Bluffers's Park Route,General Delay,25,50,N/B,8959
2019-06-23,91,12:00:00,Sunday,Eglinton and Bermondsay,Diversion,811,833,B/W,
2019-06-23,9,12:00:00,Sunday,Warden Station to Scarborouhg Town Centre,General Delay,12,15,B/W,
2019-06-23,985,12:00:00,Sunday,Shepard Express,General Delay,20,40,B/W,9084
2019-06-23,17,12:00:00,Sunday,Warden station to Steeles,General Delay,20,25,B/W,
2019-06-23,68,12:00:00,Sunday,Warden/Eglinton,General Delay,20,30,B/W,
2019-06-23,65,12:00:00,Sunday,Castlefrank Station to Berkeley and Front,General Delay,15,20,B/W,
2019-06-23,92,12:00:00,Sunday,Woodbine Station to Ashbridge Bay Loop,General Delay,15,20,B/W,
2019-06-23,17,12:00:00,Sunday,Eglinton and Birchmount,Diversion,22,44,B/W,
2019-06-23,83,12:00:00,Sunday,Donlands Stration to Lakeshore garage,General Delay,15,20,B/W,
2019-06-23,91,12:00:00,Sunday,Woodbine Satation to Yorkmills and valleywoods,General Delay,15,20,B/W,
2019-06-23,16,12:00:00,Sunday,Warden Station to Scarborough Town centre,General Delay,15,20,B/W,
2019-06-23,68,12:03:00,Sunday,WARDEN LOOP,Vision,10,30,S/B,8664
2019-06-23,68,12:10:00,Sunday,WARDEN STATION,Vision,30,53,N/B,8661
2019-06-23,70,12:20:00,Sunday,COXWELL STATION,Vision,20,40,E/B,8709
2019-06-23,36,12:40:00,Sunday,HumberWood Loop,Emergency Services,9,18,S/B,3163
2019-06-23,74,12:41:00,Sunday,Wilson garage,Vision,18,36,N/B,8353
2019-06-23,54,13:00:00,Sunday,Leslie and Eglinton,General Delay,25,35,B/W,1
2019-06-23,73,13:05:00,Sunday,Newcastle and Royal York,Emergency Services,10,20,S/B,8616
2019-06-23,54,13:11:00,Sunday,Starspray Loop,Investigation,12,24,E/B,8806
2019-06-23,52,13:14:00,Sunday,Churchill/ Victory,Mechanical,14,28,E/B,1362
2019-06-23,41,13:14:00,Sunday,Pond and Sentinel,Vision,11,22,N/B,
2019-06-23,85,13:15:00,Sunday,McCowan on Sheppard,Mechanical,6,12,W/B,3518
2019-06-23,134,13:28:00,Sunday,Scarb. Town Centre,Mechanical,15,30,S/B,1668
2019-06-23,30,13:40:00,Sunday,markland and bloor,Mechanical,30,60,S/B,7970
2019-06-23,30,13:59:00,Sunday,high park station,Mechanical,30,60,S/B,8038
2019-06-23,60,14:00:00,Sunday,Route  60,General Delay,25,35,B/W,
2019-06-23,939,14:23:00,Sunday,Scarborough Town Centre,Mechanical,16,32,E/B,1680
2019-06-23,83,14:23:00,Sunday,Lakeshore Garage,Mechanical,15,30,N/B,9202
2019-06-23,935,14:23:00,Sunday,Route,General Delay,10,20,B/W,3352
2019-06-23,927,14:26:00,Sunday,Kipling stn,Mechanical,10,20,N/B,3220
2019-06-23,925,14:31:00,Sunday,DON MILLS/ FAIRVIEW,Investigation,10,20,S/B,8864
2019-06-23,24,14:31:00,Sunday,Consumers,Mechanical,8,16,B/W,8487
2019-06-23,39,14:38:00,Sunday,Finch Station,Mechanical,16,32,E/B,1721
2019-06-23,86,14:41:00,Sunday,Eglinton and Bellamy,Mechanical,12,20,E/B,8830
2019-06-23,47,14:45:00,Sunday,Queen and Lansdowne,Utilized Off Route,18,36,N/B,1356
2019-06-23,711,14:48:00,Sunday,Bathurst Station,Utilized Off Route,1,1,S/B,1351
2019-06-23,63,14:53:00,Sunday,queen,Utilized Off Route,7,14,N/B,8212
2019-06-23,600,14:55:00,Sunday,S/B Dufferin and Eglington,Utilized Off Route,1,1,S/B,1106
2019-06-23,134,15:13:00,Sunday,STC,Mechanical,15,30,E/B,1565
2019-06-23,75,15:14:00,Sunday,Entire 75 route bothways,General Delay,1,1,B/W,
2019-06-23,112,15:29:00,Sunday,renforth stn,Vision,20,40,S/B,8432
2019-06-23,50,15:30:00,Sunday,Islington Station to Mill Road Loop,General Delay,15,33,B/W,
2019-06-23,36,15:54:00,Sunday,Finch & Yonge,Investigation,6,12,W/B,3213
2019-06-23,6,16:00:00,Sunday,Entire Route,General Delay,14,20,B/W,
2019-06-23,51,16:00:00,Sunday,Entire Route,General Delay,1,1,B/W,
2019-06-23,162,16:00:00,Sunday,Entire Route,General Delay,1,1,B/W,
2019-06-23,63,16:00:00,Sunday,Entire Route,General Delay,1,1,B/W,
2019-06-23,116,16:00:00,Sunday,Kennedy STN to Morningside/Nightstar,General Delay,20,30,B/W,
2019-06-23,50,16:15:00,Sunday,Islington Station,Mechanical,17,35,E/B,7918
2019-06-23,121,16:45:00,Sunday,Ontario Place,Mechanical,15,30,E/B,8532
2019-06-23,52,16:48:00,Sunday,Lawrence and Marlee,Investigation,7,14,E/B,8194
2019-06-23,116,16:55:00,Sunday,Kennedy STN,Utilized Off Route,7,13,E/B,8652
2019-06-23,116,17:08:00,Sunday,Kennedy STN,Mechanical,7,13,E/B,8796
2019-06-23,24,17:44:00,Sunday,Victoria Park Stn,Mechanical,12,24,N/B,8553
2019-06-23,29,17:49:00,Sunday,Dufferin Gate Loop,Mechanical,4,8,N/B,9142
2019-06-23,81,18:00:00,Sunday,Pape Station to Thorncliffe Park,General Delay,15,20,B/W,3
2019-06-23,101,18:04:00,Sunday,Sheppard  W stn,Mechanical,40,60,W/B,3192
2019-06-23,40,18:30:00,Sunday,Dundas West Station to Runnymede Loop,General Delay,15,25,B/W,
2019-06-23,111,18:30:00,Sunday,Kipling Station to Willowridge,General Delay,15,28,B/W,
2019-06-23,26,18:53:00,Sunday,Spadina Stn,Mechanical,22,44,W/B,1560
2019-06-23,900,19:01:00,Sunday,queensway garage,Vision,7,14,N/B,8009
2019-06-23,102,19:52:00,Sunday,Brimley and St.Clair,Investigation,10,20,S/B,7546
2019-06-23,84,20:00:00,Sunday,Route 84,General Delay,16,26,B/W,
2019-06-23,89,20:00:00,Sunday,Entire Route,General Delay,10,30,B/W,
2019-06-23,47,20:25:00,Sunday,Lansdfowne and Dupont,Mechanical,20,40,N/B,1356
2019-06-23,7,20:50:00,Sunday,Old Forest Hill and Bathurst,Mechanical,8,16,S/B,8310
2019-06-23,116,21:45:00,Sunday,Sheppard Ave E/Morningside Ave,Diversion,27,37,B/W,
2019-06-23,47,22:15:00,Sunday,Earlscourt Loop,Mechanical,10,20,S/B,1125
2019-06-23,7,22:38:00,Sunday,Elm Ridge and Bathurst,Investigation,10,20,S/B,8150
2019-06-23,95,22:43:00,Sunday,Victoria Park and Ellesmere,Mechanical,13,23,E/B,3503
2019-06-23,89,23:06:00,Sunday,Albion and Weston,Vision,11,22,S/B,1359
2019-06-23,72,23:31:00,Sunday,Pape Station,Utilized Off Route,18,36,S/B,8530
2019-06-24,32,00:01:00,Monday,Eglinton and Caledonia,Diversion,20,105,B/W,
2019-06-24,90,00:15:00,Monday,St Clair West Station,Mechanical,10,20,W/B,1334
2019-06-24,395,00:56:00,Monday,York Mills and Upjohn,Mechanical,30,60,EB,1400
2019-06-24,168,01:21:00,Monday,Avon Loop,Mechanical,18,38,S/B,1079
2019-06-24,325,01:24:00,Monday,Carlaw and Queen,Diversion,30,60,SB,8722
2019-06-24,300,01:32:00,Monday,Bloor and Bay,Diversion,20,40,EB,
2019-06-24,320,03:06:00,Monday,Yonge at Davisville,Mechanical,8,15,N/B,1415
2019-06-24,38,04:38:00,Monday,Rouge Hill Go Station,Mechanical,11,22,E/B,3453
2019-06-24,385,04:40:00,Monday,Sheppard and Conlins,Mechanical,1,30,W/B,3534
2019-06-24,41,04:45:00,Monday,Keele stn,Vision,12,24,N/B,9036
2019-06-24,47,05:09:00,Monday,Queen and Lansdwone,Vision,30,60,N/B,1053
2019-06-24,14,05:30:00,Monday,Caledonia and Glencarin,Mechanical,27,54,E/B,1263
2019-06-24,32,05:46:00,Monday,Keele and Eglinton,Utilized Off Route,3,6,E/B,1421
2019-06-24,94,05:48:00,Monday,Ossington Stn,Mechanical,15,30,E/B,1071
2019-06-24,47,05:53:00,Monday,Queen and Lansdowne,Vision,6,12,N/B,1100
2019-06-24,98,06:10:00,Monday,Sheppard Station,Mechanical,30,60,W/B,8355
2019-06-24,26,06:24:00,Monday,Eglinton and Dufferin,Mechanical,17,34,E/B,1013
2019-06-24,40,06:31:00,Monday,Runnymede Loop,Mechanical,14,28,E/B,8434
2019-06-24,35,06:33:00,Monday,Jane & Chalkfarm,Mechanical,5,10,S/B,3700
2019-06-24,72,06:45:00,Monday,Chery and Commissioners,Investigation,8,17,S/B,8472
2019-06-24,6,06:45:00,Monday,Bay and Charles,Mechanical,7,15,S/B,1281
2019-06-24,54,06:47:00,Monday,MARKHAM/LAWRENCE,Vision,11,22,E/B,8748
2019-06-24,15,06:48:00,Monday,Evans and Islington,Investigation,12,24,W/B,7966
2019-06-24,100,06:53:00,Monday,DON MILLS/WYNFORD,Vision,4,7,S/B,8878
2019-06-24,39,06:54:00,Monday,Finch at Alexmuir,Diversion,96,101,W/B,1639
2019-06-24,939,06:54:00,Monday,Finch at Alexmuir,Diversion,96,101,W/B,3535
2019-06-24,54,07:00:00,Monday,Eglinton Station,General Delay,11,22,WB,8749
2019-06-24,36,07:40:00,Monday,Humber College Blvd,Mechanical,5,10,E/B,9107
2019-06-24,939,07:50:00,Monday,Finch Station,Mechanical,7,14,W/B,1566
2019-06-24,939,07:58:00,Monday,Scarborough Center Station,Mechanical,8,16,W/B,3419
2019-06-24,121,07:58:00,Monday,Cherry and Commissioners,Investigation,13,26,S/B,3119
2019-06-24,39,08:00:00,Monday,Warden to Victoria Park.,General Delay,10,20,W/B,3459
2019-06-24,939,08:00:00,Monday,Warden to Victoria Park,General Delay,10,20,W/B,3514
2019-06-24,51,08:00:00,Monday,Eglinton Stn to Freshmeadow and Steeles,General Delay,1,1,B/W,
2019-06-24,83,08:09:00,Monday,pape station,Investigation,13,36,,3102
2019-06-24,927,08:11:00,Monday,Kipling station,Mechanical,5,10,N/B,3246
2019-06-24,902,08:20:00,Monday,eglintion /markham,Mechanical,7,14,W/B,8553
2019-06-24,121,08:20:00,Monday,Cherry Beach,Utilized Off Route,20,40,W/B,8485
2019-06-24,6,08:30:00,Monday,Bay and College,General Delay,8,16,B/W,1044
2019-06-24,34,08:30:00,Monday,Eglinton/Bermondsey,General Delay,50,61,B/W,
2019-06-24,108,08:37:00,Monday,Jane and Driftwood,Investigation,12,24,S/B,3313
2019-06-24,121,08:40:00,Monday,Lakeshore/ Chery,Diversion,60,73,S/B,
2019-06-24,41,08:48:00,Monday,Keele Station,Mechanical,9,18,N/B,9012
2019-06-24,162,09:00:00,Monday,Lawrence Station,Vision,1,1,E/B,8189
2019-06-24,124,09:00:00,Monday,Lawrence Station,Vision,1,1,W/B,1214
2019-06-24,57,09:02:00,Monday,Midland & Ellesmere,Investigation,8,17,N/B,8898
2019-06-24,63,09:11:00,Monday,Shaw and King,Investigation,7,10,E/B,8342
2019-06-24,40,09:15:00,Monday,Dundas St and Runnymede,Investigation,6,13,S/B,8035
2019-06-24,6,09:18:00,Monday,Bay and Bloor,Utilized Off Route,10,20,N/B,1003
2019-06-24,984,09:20:00,Monday,Sheppard Station,Mechanical,9,18,W/B,3367
2019-06-24,102,09:23:00,Monday,warden station,Utilized Off Route,10,20,W/B,9208
2019-06-24,38,09:38:00,Monday,Parkington and Ellesmere,Mechanical,12,24,W/B,1206
2019-06-24,929,10:30:00,Monday,Lawrence to 401,General Delay,,,B/W,
2019-06-24,29,10:30:00,Monday,Lawrence to 401,General Delay,,,B/W,
2019-06-24,47,10:52:00,Monday,Earlscourt Loop,Diversion,15,30,N/B,1100
2019-06-24,7,11:27:00,Monday,glencairn,Investigation,8,16,N/B,1217
2019-06-24,54,11:34:00,Monday,Lawrence & Leslie,Mechanical,7,13,E/B,8759
2019-06-24,32,11:54:00,Monday,Renforth Station,Investigation,11,22,E/B,1380
2019-06-24,32,11:58:00,Monday,Renforth Station,Investigation,11,22,E/B,1084
2019-06-24,94,12:00:00,Monday,Bay and Welsely,General Delay,10,20,E/B,1109
2019-06-24,707,12:19:00,Monday,1400 Kennedy Rd,Utilized Off Route,1,1,S/B,3469
2019-06-24,54,12:24:00,Monday,1400 Kennedy Rd.,Utilized Off Route,1,1,N/B,8646
2019-06-24,43,12:25:00,Monday,Kennedy & Ellesmere,Diversion,107,117,B/W,8788
2019-06-24,32,12:28:00,Monday,Eglinton Station,Mechanical,11,22,W/B,1358
2019-06-24,710,12:33:00,Monday,1400 Kennedy Rd.,Utilized Off Route,1,1,N/B,8736
2019-06-24,73,12:44:00,Monday,lakehore and Mmico,Mechanical,11,21,N/B,8016
2019-06-24,85,12:52:00,Monday,Warden and Sheppard,Mechanical,7,14,E/B,3447
2019-06-24,73,12:55:00,Monday,S/B Royal York( north of Bloor),Investigation,10,20,S/B,8080
2019-06-24,49,13:00:00,Monday,ENTIRE ROUTE,General Delay,13,30,B/W,
2019-06-24,45,13:00:00,Monday,ENTIRE ROUTE,General Delay,10,30,B/W,
2019-06-24,600,13:08:00,Monday,Warden Station,Utilized Off Route,1,1,E/B,3129
2019-06-24,53,13:09:00,Monday,Passmore and Markham,Mechanical,12,18,W/B,1391
2019-06-24,716,13:14:00,Monday,Warden Station,Utilized Off Route,1,1,E/B,8463
2019-06-24,32,13:20:00,Monday,Keele and Eglinton,Mechanical,1,1,E/B,1353
2019-06-24,47,13:20:00,Monday,Caledonia and Lawrence,General Delay,15,30,B/W,1264
2019-06-24,97,13:20:00,Monday,York mills Station,Mechanical,30,60,S/B,8179
2019-06-24,79,13:59:00,Monday,Pine and Lawrence,Vision,24,48,S/B,1049
2019-06-24,57,14:00:00,Monday,Midland Ave (Ellesmere to Progress),General Delay,15,24,B/W,
2019-06-24,939,14:00:00,Monday,939 Finch Express-All Branch,General Delay,12,24,B/W,3421
2019-06-24,39,14:00:00,Monday,39 Finch Route-All Branch,General Delay,14,28,B/W,3403
2019-06-24,17,14:00:00,Monday,Eglintion and Birchmount,General Delay,10,20,W/B,
2019-06-24,130,14:05:00,Monday,Scarborough Town Centre,Mechanical,21,42,N/B,1588
2019-06-24,129,14:13:00,Monday,McCowan Loop,Mechanical,7,21,S/B,1732
2019-06-24,22,14:17:00,Monday,Upper Gerrard,Investigation,8,16,N/B,8935
2019-06-24,38,14:17:00,Monday,Scarborough Town Centre,Mechanical,132,24,E/B,1343
2019-06-24,85,14:19:00,Monday,Don Mills station,Mechanical,7,14,E/B,1312
2019-06-24,169,14:25:00,Monday,Bathurts and Wilson,Mechanical,25,44,E/B,8355
2019-06-24,939,14:25:00,Monday,/Victoria Park and Finch,Investigation,9,18,E/B,3421
2019-06-24,110,14:31:00,Monday,Islington Station,Mechanical,1,1,S/B,8084
2019-06-24,36,14:40:00,Monday,keele/Finch,Mechanical,8,16,W/B,9123
2019-06-24,37,14:41:00,Monday,Islington and Dundas,Mechanical,20,40,N/B,8088
2019-06-24,44,14:50:00,Monday,KPSN,Utilized Off Route,8,16,S/B,7959
2019-06-24,165,14:52:00,Monday,Wilson Stn,Mechanical,8,16,E/B,3257
2019-06-24,75,15:00:00,Monday,Sherbourne/ King to Queens Quay,General Delay,25,33,B/W,
2019-06-24,952,15:00:00,Monday,"On lawrence, weston to bathrust.",General Delay,15,27,B/W,
2019-06-24,122,15:00:00,Monday,Yorkmills and Bayview,General Delay,10,22,B/W,
2019-06-24,142,15:00:00,Monday,Bombay loop to Jarvis,General Delay,15,45,B/W,
2019-06-24,22,15:00:00,Monday,Gerrard,Diversion,678,686,N/B,8597
2019-06-24,72,15:00:00,Monday,Pape Station to Front and Bay,General Delay,20,25,B/W,
2019-06-24,52,15:00:00,Monday,"On lawrence, weston to bathrust",General Delay,15,27,B/W,
2019-06-24,135,15:00:00,Monday,Warden Station to Main Station,General Delay,15,20,B/W,
2019-06-24,102,15:00:00,Monday,Warden Station to Major Mac,General Delay,15,25,B/W,
2019-06-24,34,15:05:00,Monday,KENNEDY STATION,Vision,6,13,W/B,8643
2019-06-24,32,15:07:00,Monday,PINE,Mechanical,10,20,E/B,1126
2019-06-24,59,15:30:00,Monday,Weston and Oak st,Diversion,120,135,W/B,
2019-06-24,92,16:00:00,Monday,Route 92,General Delay,25,35,B/W,
2019-06-24,63,16:00:00,Monday,Entire Route,General Delay,1,1,B/W,
2019-06-24,16,16:00:00,Monday,Route 16,General Delay,13,22,B/W,
2019-06-24,83,16:00:00,Monday,Route 83,General Delay,13,26,B/W,
2019-06-24,31,16:00:00,Monday,Route 31,General Delay,20,30,B/W,
2019-06-24,143,16:00:00,Monday,Route 143,General Delay,25,50,B/W,
2019-06-24,17,16:00:00,Monday,Route 17,General Delay,26,35,B/W,
2019-06-24,161,16:01:00,Monday,Jane and Alliance,Mechanical,14,27,E/B,1061
2019-06-24,7,16:45:00,Monday,Bathurst/ Lawrence,Mechanical,8,16,S/B,8335
2019-06-24,48,16:48:00,Monday,Royal York Station,Mechanical,14,28,N/B,8600
2019-06-24,709,16:55:00,Monday,Trethewey and Black Creek,Mechanical,1,1,W/B,1025
2019-06-24,53,17:00:00,Monday,Finch STN to Passmore & Markham,General Delay,1,20,B/W,
2019-06-24,52,17:21:00,Monday,Lawrence west station,Mechanical,16,32,W/B,8346
2019-06-24,905,17:40:00,Monday,Eglinton Ave E/Midland Ave,Mechanical,10,20,E/B,8793
2019-06-24,86,17:51:00,Monday,Coronation Dr/Wallsend Dr,Mechanical,16,32,W/B,8724
2019-06-24,989,17:53:00,Monday,Signet at Steeles,Mechanical,10,20,N/B,1415
2019-06-24,96,18:00:00,Monday,Wilson Ave,General Delay,25,45,B/W,
2019-06-24,91,18:00:00,Monday,Route 91,General Delay,24,50,B/W,
2019-06-24,129,18:07:00,Monday,Scarb. Town Centre,Utilized Off Route,5,10,N/B,3558
2019-06-24,86,18:11:00,Monday,Morningside Ave/Lawrence Ave E,Investigation,16,32,W/B,8856
2019-06-24,53,18:51:00,Monday,Middlefield and Steeles,Investigation,5,11,E/B,1337
2019-06-24,123,18:57:00,Monday,Evans and Sheldon,Emergency Services,6,12,S/B,8022
2019-06-24,105,19:00:00,Monday,Dufferrin and Finch,General Delay,1,1,B/W,
2019-06-24,104,19:00:00,Monday,Dufferin and Finch,General Delay,1,1,B/W,
2019-06-24,939,19:02:00,Monday,Nightstar and Morningside,Mechanical,13,26,W/B,1728
2019-06-24,52,19:19:00,Monday,Lawrence and keele,Investigation,12,24,W/B,8176
2019-06-24,108,19:26:00,Monday,Driftwood at London Green,Investigation,17,35,W/B,3160
2019-06-24,129,19:27:00,Monday,Scarb. Town Centre,Mechanical,12,17,N/B,3518
2019-06-24,89,19:30:00,Monday,Weston at Lawrence,Diversion,19,29,B/W,
2019-06-24,989,19:30:00,Monday,Weston at Lawrence,Diversion,19,29,B/W,
2019-06-24,16,19:48:00,Monday,St Clair west near Warden stn north side bus entrance,Diversion,23,34,WB,
2019-06-24,9,19:48:00,Monday,St Clair west near Warden stn north side bus entrance,Diversion,23,41,WB,
2019-06-24,902,19:50:00,Monday,Warden Station Entrance,Diversion,25,40,S/B,
2019-06-24,102,19:50:00,Monday,Warden Station Entrance,Diversion,25,35,S/B,8471
2019-06-24,47,20:00:00,Monday,EARLS COURT LOOP,Utilized Off Route,10,20,S/B,1407
2019-06-24,33,20:03:00,Monday,St Clair West St,Utilized Off Route,20,40,W/B,8129
2019-06-24,41,20:17:00,Monday,Keele at Annette,Investigation,17,34,S/B,9101
2019-06-24,33,20:30:00,Monday,Spadina and St Clair west,Investigation,20,40,W/B,1352
2019-06-24,87,20:35:00,Monday,Main Station,Mechanical,10,20,W/B,3117
2019-06-24,40,20:45:00,Monday,Dundas West to Runnymede Loop,General Delay,4,16,B/W,
2019-06-24,22,20:57:00,Monday,Eastern and Queen,Investigation,10,20,N/B,8935
2019-06-24,88,21:15:00,Monday,Leslie/ Wickstead,Diversion,25,40,B/W,
2019-06-24,88,21:21:00,Monday,Wicksteed and Leslie,Diversion,14,28,W/B,1387
2019-06-24,29,21:30:00,Monday,Wilson Station,Mechanical,10,20,S/B,9054
2019-06-24,69,21:37:00,Monday,Birchmount and Danforth,Mechanical,10,20,N/B,9233
2019-06-24,20,21:44:00,Monday,Main Station,Mechanical,20,40,E/B,9213
2019-06-24,38,21:49:00,Monday,Markham/Ellesmere,Mechanical,9,18,E/B,3551
2019-06-24,32,21:55:00,Monday,Keele and Eglinton,Mechanical,11,22,E/B,1043
2019-06-24,14,22:08:00,Monday,Chaplin at Duncannon,Mechanical,20,40,W/B,1118
2019-06-24,95,22:33:00,Monday,York Mills station,Vision,10,20,EB,1303
2019-06-24,52,22:40:00,Monday,Lawrence and bathrust,Mechanical,16,32,W/B,1216
2019-06-24,94,22:42:00,Monday,Wellesley and Jarvis,Investigation,10,20,E/B,1109
2019-06-24,63,23:15:00,Monday,Oakwood and Davenport,Mechanical,10,20,N/B,8121
2019-06-24,129,23:16:00,Monday,McCowan and Finch,Mechanical,10,20,NB,3469
2019-06-25,52,00:15:00,Tuesday,Airport and Derry,Investigation,18,36,W/B,8118
2019-06-25,89,01:00:00,Tuesday,Keele Station,Utilized Off Route,10,20,N/B,1112
2019-06-25,52,01:15:00,Tuesday,Dixon and Jetliner,Mechanical,22,44,E/B,1347
2019-06-25,320,01:55:00,Tuesday,Yonge at Queens Quay,Mechanical,5,13,N/B,8116
2019-06-25,320,02:56:00,Tuesday,Yonge and Wellington,Utilized Off Route,3,6,N/B,8958
2019-06-25,365,02:56:00,Tuesday,Parliament and Queen,Investigation,30,60,SB,9216
2019-06-25,91,05:00:00,Tuesday,Birchmount/ Eglinton,Diversion,999,999,N/B,8963
2019-06-25,22,05:32:00,Tuesday,Coxwell and Gerrard,Diversion,999,999,N/B,
2019-06-25,95,05:35:00,Tuesday,Brimley and Ellesmere,Mechanical,13,24,W/B,1548
2019-06-25,32,05:38:00,Tuesday,Renforth Station,Mechanical,7,14,W/B,1037
2019-06-25,38,05:42:00,Tuesday,Rouge Hill Go Station,Vision,15,25,S/B,1255
2019-06-25,54,05:50:00,Tuesday,Lawrence and Don Mills,Diversion,15,30,W/B,
2019-06-25,94,05:50:00,Tuesday,Welsely and Spadina,General Delay,15,30,E/B,1086
2019-06-25,46,06:00:00,Tuesday,Steeles and Martin Grove Loop,Investigation,15,30,S/B,3272
2019-06-25,6,06:09:00,Tuesday,Dupont and Davenport,Mechanical,5,10,S/B,1413
2019-06-25,8,06:15:00,Tuesday,O'Connor,General Delay,28,28,S/B,8931
2019-06-25,709,06:35:00,Tuesday,Keele Station,Utilized Off Route,1,1,S/B,1595
2019-06-25,600,06:35:00,Tuesday,Dufferin and Lawrence,Utilized Off Route,1,1,S/B,1408
2019-06-25,66,06:35:00,Tuesday,OLD MILL STN,Utilized Off Route,9,18,S/B,7979
2019-06-25,44,06:36:00,Tuesday,COL SAM SMITH LOOP,Utilized Off Route,6,12,N/B,8085
2019-06-25,63,06:41:00,Tuesday,Atlantic and King,Utilized Off Route,4,7,N/B,8210
2019-06-25,63,06:41:00,Tuesday,Atlantic and King,Utilized Off Route,3,6,N/B,8151
2019-06-25,144,06:44:00,Tuesday,Victoria Park & Parkwoods Village,Investigation,20,1,W/B,8870
2019-06-25,32,06:48:00,Tuesday,Renforth Station,Mechanical,7,14,E/B,1069
2019-06-25,41,06:50:00,Tuesday,NB On Keele at Wilson,Mechanical,12,24,N/B,9053
2019-06-25,60,06:50:00,Tuesday,Pioneer station,Mechanical,8,16,W/B,3192
2019-06-25,25,06:54:00,Tuesday,Don Mills & York Mills,Utilized Off Route,5,11,S/B,8759
2019-06-25,79,06:57:00,Tuesday,Pine and Lawrence,Vision,1,1,S/B,1254
2019-06-25,902,07:03:00,Tuesday,Markham Road Express / Warden Station,Mechanical,0,0,N/B,8439
2019-06-25,60,07:05:00,Tuesday,Finch station,Mechanical,8,16,W/B,3341
2019-06-25,986,07:13:00,Tuesday,Kingston Rd at Celeste,Emergency Services,4,9,W/B,8757
2019-06-25,32,07:28:00,Tuesday,Pine and Lawrence,Mechanical,7,14,E/B,1094
2019-06-25,51,07:30:00,Tuesday,Freshmeadow to Eglinton Stn,General Delay,1,1,B/W,
2019-06-25,92,07:35:00,Tuesday,Queen and woodbine,Investigation,8,16,S/B,8520
2019-06-25,38,07:43:00,Tuesday,McCowan and Ellesmere,Mechanical,12,25,E/B,1239
2019-06-25,102,07:45:00,Tuesday,Markham and Finch,Diversion,30,40,S/B,3129
2019-06-25,134,07:52:00,Tuesday,Markham and Finch,Diversion,19,37,S/B,
2019-06-25,44,08:00:00,Tuesday,ENTIRE ROUTE,General Delay,6,25,B/W,
2019-06-25,49,08:00:00,Tuesday,ENTIRE ROUTE,General Delay,9,30,B/W,
2019-06-25,66,08:00:00,Tuesday,Marine Parade and Lakeshore,General Delay,15,1,B/W,
2019-06-25,944,08:00:00,Tuesday,entire route,General Delay,6,25,B/W,
2019-06-25,45,08:00:00,Tuesday,ENTIRE ROUTE,General Delay,21,50,B/W,
2019-06-25,945,08:00:00,Tuesday,ENTIRE ROUTE,General Delay,6,30,B/W,
2019-06-25,50,08:00:00,Tuesday,Cordova and Dundas St,General Delay,12,1,B/W,
2019-06-25,30,08:00:00,Tuesday,ENTIRE ROUTE,General Delay,21,50,B/W,
2019-06-25,112,08:00:00,Tuesday,entire route,General Delay,16,50,B/W,
2019-06-25,123,08:00:00,Tuesday,ENTIRE ROUTE,General Delay,8,30,B/W,
2019-06-25,111,08:00:00,Tuesday,ENTIRE ROUTE,General Delay,11,35,B/W,
2019-06-25,900,08:00:00,Tuesday,ENTIRE ROUTE,General Delay,7,25,B/W,
2019-06-25,35,08:15:00,Tuesday,PVST - Pioneer Village,Emergency Services,10,20,S/B,3213
2019-06-25,24,08:30:00,Tuesday,"Lawrence, Eglinton, St.Clair",General Delay,12,12,B/W,8513
2019-06-25,90,08:33:00,Tuesday,st clair wstn / oakwood,General Delay,5,10,B/W,
2019-06-25,50,08:37:00,Tuesday,Islington Station,Mechanical,13,27,W/B,8013
2019-06-25,67,08:39:00,Tuesday,67A Pharmacy route-  Princeway to Dewey,Diversion,5,10,B/W,
2019-06-25,93,08:40:00,Tuesday,woodbine station,Mechanical,20,30,S/B,8577
2019-06-25,996,08:47:00,Tuesday,Dufferin and Wilson,Investigation,10,20,W/B,3244
2019-06-25,35,08:54:00,Tuesday,FJAN - Jane & Finch,Emergency Services,5,10,S/B,3249
2019-06-25,90,08:55:00,Tuesday,st clair wstn.,Diversion,58,66,N/B,8324
2019-06-25,34,08:59:00,Tuesday,EGLINTON STATION,Utilized Off Route,10,20,E/B,8766
2019-06-25,706,09:00:00,Tuesday,Warden station,Utilized Off Route,1,1,S/B,9207
2019-06-25,143,09:00:00,Tuesday,Neville loop,General Delay,15,30,S/B,8501
2019-06-25,709,09:02:00,Tuesday,Spadina Station,Utilized Off Route,1,1,B/W,1595
2019-06-25,719,09:02:00,Tuesday,Keele and Eglinton,Utilized Off Route,1,1,B/W,1096
2019-06-25,609,09:02:00,Tuesday,Wilson Station,Utilized Off Route,1,1,B/W,1408
2019-06-25,609,09:02:00,Tuesday,Eglinton Station,Utilized Off Route,1,1,B/W,1142
2019-06-25,126,09:02:00,Tuesday,St. Clair West Station,Diversion,160,190,S/B,1082
2019-06-25,720,09:09:00,Tuesday,Eglinton/Brentcliff,Utilized Off Route,1,1,E/B,8701
2019-06-25,600,09:10:00,Tuesday,Neville loop,Utilized Off Route,1,1,S/B,8501
2019-06-25,72,09:10:00,Tuesday,Pape and Gerrard,Diversion,385,404,S/B,
2019-06-25,7,09:13:00,Tuesday,bathurst stn.,Utilized Off Route,8,16,N/B,8394
2019-06-25,720,09:15:00,Tuesday,Eglinton Station,Utilized Off Route,1,1,W/B,8834
2019-06-25,33,09:15:00,Tuesday,St.Clair West Stn,Diversion,96,116,B/W,
2019-06-25,75,09:20:00,Tuesday,lakeshore / maple,General Delay,5,11,B/W,
2019-06-25,24,09:20:00,Tuesday,Finch,Investigation,10,20,S/B,8475
2019-06-25,121,09:21:00,Tuesday,front and bay,Utilized Off Route,20,40,S/B,8933
2019-06-25,63,09:25:00,Tuesday,Eglinton West Stn,Utilized Off Route,8,16,S/B,8151
2019-06-25,34,10:30:00,Tuesday,Don Mills/Eglinton,General Delay,40,49,B/W,
2019-06-25,116,10:53:00,Tuesday,Morish and Ellesmere,Mechanical,25,50,W/B,8919
2019-06-25,122,11:00:00,Tuesday,Duncan Mill and Valleybrook,General Delay,37,37,B/W,
2019-06-25,600,11:20:00,Tuesday,Wilson Station to Sheppard West Station,Utilized Off Route,1,1,B/W,1703
2019-06-25,122,11:20:00,Tuesday,Duncan Mills and Valleybrook,Diversion,1,1,B/W,
2019-06-25,7,11:26:00,Tuesday,bathurst / spadina,Investigation,8,16,N/B,8394
2019-06-25,129,11:26:00,Tuesday,Progress and McCowan,Mechanical,7,14,N/B,1725
2019-06-25,29,11:45:00,Tuesday,Springhurst Loop,Emergency Services,8,15,N/B,9152
2019-06-25,108,12:49:00,Tuesday,Sheppard West Station,Mechanical,15,30,E/B,3210
2019-06-25,60,12:51:00,Tuesday,Pioneer Village,Mechanical,10,19,E/B,3325
2019-06-25,37,12:57:00,Tuesday,Humberwood Loop,Mechanical,20,40,S/B,7965
2019-06-25,110,13:04:00,Tuesday,Long Branch Loop,Mechanical,18,36,N/B,7975
2019-06-25,132,13:10:00,Tuesday,Milner at Novopharm,Diversion,20,44,E/B,3413
2019-06-25,32,13:11:00,Tuesday,Renforth Station,Mechanical,11,22,E/B,1532
2019-06-25,905,13:37:00,Tuesday,Kennedy STN,Mechanical,9,18,E/B,8638
2019-06-25,925,13:53:00,Tuesday,Pape station,Investigation,10,20,N/B,8866
2019-06-25,25,13:53:00,Tuesday,Pape station,Investigation,9,18,N/B,8910
2019-06-25,39,14:00:00,Tuesday,39 Finch Route-All Branch,General Delay,14,28,B/W,1386
2019-06-25,939,14:00:00,Tuesday,939 Finch Express All branch,General Delay,12,24,B/W,1318
2019-06-25,63,14:05:00,Tuesday,Eglinton West Stn,Mechanical,9,17,S/B,1342
2019-06-25,25,14:22:00,Tuesday,Overlea & Thorncliff Park E,Emergency Services,9,18,E/B,8637
2019-06-25,165,14:26:00,Tuesday,Barmac and Steeles,Mechanical,8,16,E/B,3181
2019-06-25,7,14:27:00,Tuesday,Wilson garage,Mechanical,8,15,N/B,1280
2019-06-25,21,15:00:00,Tuesday,Brimley/Alexmuir,Emergency Services,12,24,S/B,1568
2019-06-25,62,15:00:00,Tuesday,Broadview Station to Main Station,General Delay,15,20,B/W,
2019-06-25,52,15:00:00,Tuesday,Weston to bathrust on Lawrence,General Delay,10,26,B/W,
2019-06-25,64,15:00:00,Tuesday,Main Satation to Queen and Wineva,General Delay,10,15,B/W,
2019-06-25,952,15:00:00,Tuesday,Weston to bathrust on lawrence,General Delay,12,24,B/W,
2019-06-25,72,15:00:00,Tuesday,Pape Station to Front and Bay,General Delay,20,25,B/W,
2019-06-25,102,15:00:00,Tuesday,Warden Station to Major Mac,General Delay,20,25,B/W,
2019-06-25,122,15:00:00,Tuesday,Yorkmills and bayview,General Delay,10,22,B/W,
2019-06-25,81,15:00:00,Tuesday,Pape Station to Thorncliffe Park,General Delay,10,15,B/W,
2019-06-25,124,15:00:00,Tuesday,Lawrence station,General Delay,10,15,B/W,
2019-06-25,56,15:00:00,Tuesday,Laird and eglinton,General Delay,18,36,B/W,
2019-06-25,22,15:00:00,Tuesday,Gerrard,Diversion,678,686,N/B,8441
2019-06-25,21,15:05:00,Tuesday,Brimley/Alexmuir,Diversion,1,1,S/B,3446
2019-06-25,129,15:22:00,Tuesday,Steeles/Mccowan,Mechanical,5,10,S/B,1716
2019-06-25,116,15:23:00,Tuesday,Morningside Ave/Nightstar Rd,Vision,7,13,S/B,8751
2019-06-25,32,15:28:00,Tuesday,Scarlett and Eglinton,Investigation,9,19,W/B,1014
2019-06-25,69,15:35:00,Tuesday,Warden Station,Mechanical,8,16,B/W,8450
2019-06-25,929,15:37:00,Tuesday,Dufferin / Lawrence,Mechanical,10,20,N/B,9053
2019-06-25,60,15:46:00,Tuesday,Steeles avenue West and Adesso Drive,Investigation,10,20,W/B,3326
2019-06-25,32,15:54:00,Tuesday,West of Scarlett Rd on Eglinton,Investigation,9,19,W/B,1081
2019-06-25,88,15:55:00,Tuesday,Entire 88 route bothways,General Delay,1,1,B/W,
2019-06-25,71,16:00:00,Tuesday,Entire route,General Delay,19,31,B/W,
2019-06-25,51,16:00:00,Tuesday,Entire route,General Delay,1,1,B/W,
2019-06-25,79,16:00:00,Tuesday,Entire Route,General Delay,18,31,BW,
2019-06-25,63,16:00:00,Tuesday,Entire Route,General Delay,1,1,B/W,
2019-06-25,97,16:00:00,Tuesday,Entire Route,General Delay,1,1,B/W,
2019-06-25,142,16:00:00,Tuesday,Bombay loop to Jarvis/richmond,General Delay,15,45,B/W,
2019-06-25,142,16:00:00,Tuesday,Bombay loop to Jarvis,General Delay,15,45,B/W,
2019-06-25,941,16:08:00,Tuesday,Weston at Northland,Emergency Services,16,32,S/B,1516
2019-06-25,1,16:10:00,Tuesday,1,Mechanical,1,1,B/W,1
2019-06-25,80,16:10:00,Tuesday,Parkside Dr,Diversion,30,60,B/W,1
2019-06-25,6,16:15:00,Tuesday,Bay and Gerrard,Mechanical,8,15,S/B,1605
2019-06-25,110,16:26:00,Tuesday,Long Branch Loop,Mechanical,12,24,N/B,8410
2019-06-25,66,16:27:00,Tuesday,Parklawn and Lakeshore,Mechanical,1,1,N/B,8434
2019-06-25,89,16:50:00,Tuesday,Weston Road Route,General Delay,299,309,B/W,
2019-06-25,41,16:50:00,Tuesday,Keele Route,General Delay,299,313,B/W,
2019-06-25,89,16:50:00,Tuesday,Weston at Northland,Diversion,299,309,B/W,
2019-06-25,989,16:50:00,Tuesday,Weston Express Route,General Delay,299,309,B/W,
2019-06-25,941,16:50:00,Tuesday,Keele Express Route,General Delay,299,313,B/W,
2019-06-25,941,16:50:00,Tuesday,Weston at Northland,Diversion,299,313,B/W,
2019-06-25,41,16:50:00,Tuesday,Weston at Northland,Diversion,299,310,B/W,
2019-06-25,161,16:50:00,Tuesday,Rogers Road Route,General Delay,299,313,B/W,
2019-06-25,989,16:50:00,Tuesday,Weston at Northland,Diversion,299,309,B/W,
2019-06-25,127,16:50:00,Tuesday,Davenport Route,General Delay,299,312,B/W,
2019-06-25,53,16:54:00,Tuesday,Finch STN,Mechanical,6,12,E/B,1649
2019-06-25,6,16:59:00,Tuesday,Queens Quay and Dockside,Mechanical,8,15,N/B,1358
2019-06-25,110,17:38:00,Tuesday,On Horner at Kipling,Mechanical,12,24,E/B,8015
2019-06-25,10,17:42:00,Tuesday,Donmill Rd and Fair view MALL Dr,Mechanical,10,20,N/B,8202
2019-06-25,11,17:45:00,Tuesday,Lawrance and Bayview,Mechanical,7,14,N/B,1226
2019-06-25,36,17:55:00,Tuesday,Tobermary,Investigation,5,10,W/B,9105
2019-06-25,706,18:14:00,Tuesday,Warden Station,Utilized Off Route,1,1,N/B,8582
2019-06-25,94,18:29:00,Tuesday,Wellsley stn,Investigation,17,34,E/B,1086
2019-06-25,952,18:30:00,Tuesday,Lawrence west station,Mechanical,12,24,E/B,8196
2019-06-25,79,18:30:00,Tuesday,Jane / Pritchard,Mechanical,13,26,S/B,1576
2019-06-25,606,18:31:00,Tuesday,Warden Station,Utilized Off Route,1,1,N/B,8590
2019-06-25,600,18:33:00,Tuesday,Sheppard west station,Utilized Off Route,1,1,W/B,8366
2019-06-25,600,18:33:00,Tuesday,Shepperd,Utilized Off Route,1,1,W/B,3290
2019-06-25,711,18:33:00,Tuesday,Sheppard west station,Utilized Off Route,1,1,W/B,1387
2019-06-25,117,18:35:00,Tuesday,Sheppard West St,Utilized Off Route,13,26,S/B,8360
2019-06-25,600,18:35:00,Tuesday,Don Millls Station,Utilized Off Route,1,1,SB,3466
2019-06-25,600,18:38:00,Tuesday,Warden Station,Utilized Off Route,1,1,E/B,8879
2019-06-25,168,18:38:00,Tuesday,Keele and Rogers,Utilized Off Route,9,17,N/B,1287
2019-06-25,600,18:39:00,Tuesday,Kennedy Station,Utilized Off Route,1,1,E/B,8646
2019-06-25,710,18:40:00,Tuesday,Eglinton Station,Utilized Off Route,1,1,E/B,8644
2019-06-25,84,18:40:00,Tuesday,Sheppard West Station,Utilized Off Route,26,48,E/B,3159
2019-06-25,704,18:40:00,Tuesday,704 RAD Service,Utilized Off Route,1,1,B/W,3154
2019-06-25,716,18:40:00,Tuesday,Warden Station,Utilized Off Route,1,1,N/B,8499
2019-06-25,600,18:40:00,Tuesday,Lawrence west station,Utilized Off Route,1,1,W/B,1229
2019-06-25,929,18:40:00,Tuesday,Wilson stn,Utilized Off Route,10,20,S/B,9007
2019-06-25,706,18:40:00,Tuesday,Warden Station,Utilized Off Route,1,1,N/B,3130
2019-06-25,165,18:42:00,Tuesday,Wilson Stn,Utilized Off Route,8,16,E/B,3181
2019-06-25,45,18:44:00,Tuesday,steeles loop,Utilized Off Route,9,18,S/B,7971
2019-06-25,7,18:44:00,Tuesday,Steels and Bathurst,Utilized Off Route,7,15,S/B,8391
2019-06-25,37,18:46:00,Tuesday,woodbine race track,Utilized Off Route,28,56,W/B,7975
2019-06-25,7,18:46:00,Tuesday,Steels and Bathurst,Utilized Off Route,8,17,S/B,8161
2019-06-25,29,18:47:00,Tuesday,Wilson stn,Utilized Off Route,8,16,S/B,9147
2019-06-25,29,18:48:00,Tuesday,Wilson stn,Utilized Off Route,8,16,S/B,9001
2019-06-25,54,18:50:00,Tuesday,Eglinton Station,Utilized Off Route,9,18,E/B,8780
2019-06-25,25,18:50:00,Tuesday,Don Mills Station,Utilized Off Route,6,12,,8930
2019-06-25,900,18:55:00,Tuesday,kipling station,Utilized Off Route,7,14,S/B,8011
2019-06-25,32,18:57:00,Tuesday,Marlee and Eglinton,Utilized Off Route,10,20,E/B,1054
2019-06-25,32,19:00:00,Tuesday,Eglinton Station,Utilized Off Route,1,1,W/B,1001
2019-06-25,29,19:02:00,Tuesday,Wilson stn,Utilized Off Route,10,20,S/B,9152
2019-06-25,73,19:09:00,Tuesday,royal york station,Utilized Off Route,7,19,S/B,8014
2019-06-25,600,19:10:00,Tuesday,Wilson Garage,Utilized Off Route,1,1,E/B,8196
2019-06-25,29,19:10:00,Tuesday,Wilson stn,Utilized Off Route,8,16,S/B,9010
2019-06-25,12,19:10:00,Tuesday,VPST,Mechanical,18,36,S/B,9239
2019-06-25,701,19:10:00,Tuesday,STC Station,Utilized Off Route,1,1,N/B,3426
2019-06-25,91,19:17:00,Tuesday,Brookbanks and Valleywoods,Mechanical,13,26,S/B,3102
2019-06-25,131,19:19:00,Tuesday,Scarborough Town Centre,Utilized Off Route,1,1,SB,3454
2019-06-25,29,19:20:00,Tuesday,Wilson stn,Utilized Off Route,8,16,S/B,9138
2019-06-25,927,19:20:00,Tuesday,Shepperd,Utilized Off Route,10,20,W/B,3176
2019-06-25,960,19:22:00,Tuesday,Pioneer Village Station,Utilized Off Route,15,30,E/B,3269
2019-06-25,85,19:25:00,Tuesday,Meadowvale and Sheppard Loop,Utilized Off Route,1,1,W/B,1651
2019-06-25,984,19:30:00,Tuesday,Sheppard West Station,Utilized Off Route,8,17,E/B,3276
2019-06-25,20,19:40:00,Tuesday,Main Station,Utilized Off Route,1,1,N/B,8470
2019-06-25,985,19:42:00,Tuesday,Don Mills station,Utilized Off Route,1,1,EB,9068
2019-06-25,32,19:43:00,Tuesday,Eglinton Station,Utilized Off Route,10,20,W/B,1625
2019-06-25,106,19:44:00,Tuesday,Sheppard west station,Utilized Off Route,1,1,N/B,1317
2019-06-25,996,19:48:00,Tuesday,ARGA,Utilized Off Route,1,1,B/W,3162
2019-06-25,36,19:51:00,Tuesday,Finch west station,Utilized Off Route,1,1,W/B,3199
2019-06-25,168,19:56:00,Tuesday,Avon Loop,Utilized Off Route,1,1,S/B,1044
2019-06-25,935,20:00:00,Tuesday,Pioneer Village Stn,Utilized Off Route,10,20,S/B,3228
2019-06-25,989,20:00:00,Tuesday,Keele Station,Utilized Off Route,1,1,S/B,1143
2019-06-25,57,20:05:00,Tuesday,Midland Ave/Midwest Rd,Diversion,355,363,B/W,
2019-06-25,902,20:06:00,Tuesday,Progress and Sheppard,Utilized Off Route,1,1,S/B,8963
2019-06-25,32,20:10:00,Tuesday,Caledonia and Eglinton,Mechanical,10,20,W/B,1205
2019-06-25,126,20:15:00,Tuesday,St . Clair,Mechanical,15,30,S/B,1082
2019-06-25,8,20:15:00,Tuesday,Broadview Station,Diversion,60,90,N/B,8931
2019-06-25,62,20:15:00,Tuesday,Broadview Station,Diversion,60,75,E/B,
2019-06-25,87,20:15:00,Tuesday,Broadview Station,Diversion,60,70,N/B,
2019-06-25,63,20:20:00,Tuesday,Eglinton west station,Utilized Off Route,1,1,N/B,1230
2019-06-25,100,20:20:00,Tuesday,Broadview Station,Diversion,47,56,N/B,
2019-06-25,1,20:30:00,Tuesday,Wilson garage.,Utilized Off Route,1,1,N/B,8356
2019-06-25,701,20:35:00,Tuesday,Wilson Station to Sheppard West Station,Utilized Off Route,1,1,B/W,1312
2019-06-25,902,20:36:00,Tuesday,Warden Station,Utilized Off Route,1,1,N/B,8945
2019-06-25,952,20:42:00,Tuesday,wilson station,Utilized Off Route,1,1,N/B,8213
2019-06-25,32,20:45:00,Tuesday,Eglnton west stn,Utilized Off Route,10,20,E/B,1350
2019-06-25,95,20:47:00,Tuesday,McCowan and Ellesmere Rd,Mechanical,15,30,E/B,1530
2019-06-25,7,20:48:00,Tuesday,Wilson station,Utilized Off Route,1,1,N/B,8129
2019-06-25,127,20:50:00,Tuesday,Davenport at Symington,Investigation,24,48,N/B,1128
2019-06-25,929,20:50:00,Tuesday,Wilson Station,Utilized Off Route,1,1,S/B,9006
2019-06-25,42,21:00:00,Tuesday,Wilson station,Utilized Off Route,1,1,N/B,8188
2019-06-25,53,21:02:00,Tuesday,Steeles and Brimley,Emergency Services,10,15,W/B,3422
2019-06-25,87,21:05:00,Tuesday,MAIN STATION,Utilized Off Route,10,20,W/B,9225
2019-06-25,1,21:30:00,Tuesday,Wilson garage,Utilized Off Route,1,1,N/B,1317
2019-06-25,95,21:41:00,Tuesday,York Mills Station,Utilized Off Route,14,28,E/B,1710
2019-06-25,95,21:41:00,Tuesday,Scarborough University of Toronto Loop,Mechanical,14,28,WB,3440
2019-06-25,113,21:44:00,Tuesday,Danforth and Victoria Park,Emergency Services,20,40,E/B,8452
2019-06-25,57,22:14:00,Tuesday,Midland Ave/Steeles Ave E,Mechanical,16,31,S/B,8700
2019-06-25,36,22:20:00,Tuesday,Wilmington,Diversion,169,20,E/B,3302
2019-06-25,939,22:20:00,Tuesday,Finch and Dufferin St,Diversion,47,50,B/W,3539
2019-06-25,34,22:45:00,Tuesday,Kennedy Station,Utilized Off Route,10,20,W/B,8841
2019-06-25,102,22:51:00,Tuesday,Sheppard and Markham,Diversion,106,116,N/B,
2019-06-25,900,22:55:00,Tuesday,Silver Dart Rd and Jetliner Rd,Investigation,7,14,N/B,8003
2019-06-25,46,23:29:00,Tuesday,Bloor and Martin Grove Rd,Diversion,15,30,W/B,7961
2019-06-25,16,23:30:00,Tuesday,STC,Mechanical,15,30,S/B,8473
2019-06-26,46,00:10:00,Wednesday,Steeles Loop at Martin Grove,Mechanical,30,63,S/B,3136
2019-06-26,97,00:15:00,Wednesday,Younge and Blythwood,Mechanical,30,60,N/B,8186
2019-06-26,39,00:22:00,Wednesday,Neilson and Crow Trail,Mechanical,9,18,wb,1725
2019-06-26,320,01:23:00,Wednesday,Yonge at Dundas,Diversion,207,7,B/W,
2019-06-26,54,02:05:00,Wednesday,Eglinton and redpath,Mechanical,15,30,EB,8660
2019-06-26,320,02:13:00,Wednesday,Yonge at Steeles,Mechanical,4,7,S/B,1250
2019-06-26,334,02:15:00,Wednesday,Neilson and Wickson Trail,Diversion,30,60,SB,8879
2019-06-26,334,02:15:00,Wednesday,Neilson and Wickson trail,Diversion,30,60,SB,8879
2019-06-26,610,04:50:00,Wednesday,EGGA,Utilized Off Route,1,1,E/B,8898
2019-06-26,57,05:00:00,Wednesday,Midland and Millbridge,Diversion,171,179,B/W,
2019-06-26,54,05:00:00,Wednesday,Eglinton Station,General Delay,11,22,B/W,8820
2019-06-26,91,05:05:00,Wednesday,Eglinton Ave East - Bermondsey / Sloane,Diversion,1,1,SB,8597
2019-06-26,46,05:05:00,Wednesday,Yorkmills Station,Investigation,1,1,W/B,3324
2019-06-26,329,05:25:00,Wednesday,Dufferin and Briar Hill,Mechanical,30,60,N/B,9010
2019-06-26,22,05:32:00,Wednesday,COXWELL AND GERRARD,Diversion,999,999,N/B,
2019-06-26,31,05:45:00,Wednesday,WOODWARD AND QUEEN,Mechanical,15,30,N/B,8563
2019-06-26,21,05:45:00,Wednesday,Triton and Brimley,Mechanical,20,40,S/B,3459
2019-06-26,86,06:04:00,Wednesday,Morning Side and Lawrence,Mechanical,20,41,E/B,8776
2019-06-26,29,06:08:00,Wednesday,Wilson Station,Mechanical,8,17,S/B,9050
2019-06-26,34,06:11:00,Wednesday,Eglinton Garage,Investigation,9,17,E/B,8742
2019-06-26,130,06:12:00,Wednesday,Scarborough Town Center,Mechanical,20,40,W/B,3512
2019-06-26,161,06:14:00,Wednesday,Ossington Station,Mechanical,20,39,W/B,1095
2019-06-26,953,06:24:00,Wednesday,Finch Station,Mechanical,15,30,E/B,9071
2019-06-26,43,06:28:00,Wednesday,Scarborough town centre,Mechanical,10,20,S/B,8713
2019-06-26,929,06:30:00,Wednesday,Dufferin and Eglinton,Mechanical,9,118,N/B,9051
2019-06-26,9,06:41:00,Wednesday,McCowan Road and Bushby,Mechanical,18,37,WB,9204
2019-06-26,39,06:48:00,Wednesday,Finch Station,Mechanical,10,20,W/B,3519
2019-06-26,76,06:50:00,Wednesday,Lakeshore and Marine Parade,Mechanical,7,13,S/B,7964
2019-06-26,144,06:50:00,Wednesday,Valley Wood south of Ellesmere,Emergency Services,22,1,S/B,8903
2019-06-26,91,06:56:00,Wednesday,York Mills Road and Valley Woods Road,Diversion,57,69,SB,8478
2019-06-26,91,06:56:00,Wednesday,York Mills Road and Valley Woods Road,Diversion,11,23,SB,8478
2019-06-26,45,07:00:00,Wednesday,ENTIRE ROUTE,General Delay,11,40,B/W,
2019-06-26,49,07:00:00,Wednesday,ENTIRE ROUTE,General Delay,9,30,B/W,
2019-06-26,111,07:00:00,Wednesday,ENTIRE ROUTE,General Delay,11,35,B/W,
2019-06-26,944,07:00:00,Wednesday,ENTIRE ROUTE,General Delay,10,30,B/W,
2019-06-26,44,07:00:00,Wednesday,ENTIRE ROUTE,General Delay,7,25,B/W,
2019-06-26,945,07:00:00,Wednesday,ENTIRE ROUTE,General Delay,10,30,B/W,
2019-06-26,144,07:15:00,Wednesday,Valley Woods south of Ellesmere,Emergency Services,13,27,S/B,8894
2019-06-26,11,07:44:00,Wednesday,soudan,Emergency Services,16,32,S/B,1210
2019-06-26,30,07:46:00,Wednesday,KIPLING STN,Mechanical,21,42,E/B,8095
2019-06-26,925,07:50:00,Wednesday,Don Mills Rd/Graydon Hall Dr,Mechanical,10,20,N/B,8903
2019-06-26,26,07:51:00,Wednesday,St George stn,Mechanical,14,28,N/B,1633
2019-06-26,16,08:00:00,Wednesday,McCowan Route,General Delay,10,19,BW,0
2019-06-26,986,08:01:00,Wednesday,Meadowvale loop,Mechanical,5,10,W/B,8861
2019-06-26,927,08:04:00,Wednesday,Queens Plate and Highway 27,Mechanical,10,20,S/B,3349
2019-06-26,143,08:15:00,Wednesday,Downtown - Beaches Express,General Delay,10,25,BW,0
2019-06-26,94,08:22:00,Wednesday,Welsley Stn,General Delay,15,30,B/W,1411
2019-06-26,92,08:30:00,Wednesday,Woodbine South Route,General Delay,10,18,BW,0
2019-06-26,17,08:30:00,Wednesday,Birchmount Route,General Delay,15,24,BW,0
2019-06-26,64,08:34:00,Wednesday,Queen St East and Wineva Ave,Utilized Off Route,10,20,NB,8958
2019-06-26,102,08:52:00,Wednesday,Markham Road / Warden Station,Mechanical,20,40,N/B,3102
2019-06-26,41,08:57:00,Wednesday,Keele Station,Mechanical,9,18,N/B,9104
2019-06-26,51,09:00:00,Wednesday,Leslie Route,General Delay,20,40,B/W,
2019-06-26,24,09:00:00,Wednesday,Victoria Park/ Eglinton,General Delay,12,12,B/W,8449
2019-06-26,72,09:10:00,Wednesday,Pape and Gerrard,Diversion,385,404,S/B,
2019-06-26,80,09:15:00,Wednesday,Humber loop,General Delay,30,60,E/B,8614
2019-06-26,63,09:18:00,Wednesday,Ossington,Investigation,4,8,,8383
2019-06-26,601,09:23:00,Wednesday,Lawrence west station,Utilized Off Route,1,1,S/B,1218
2019-06-26,127,09:24:00,Wednesday,Spadina Station,Utilized Off Route,1,1,S/B,1057
2019-06-26,41,09:24:00,Wednesday,Keele Station,Mechanical,9,18,N/B,943
2019-06-26,701,09:25:00,Wednesday,Sheppard Station,Utilized Off Route,1,1,S/B,8128
2019-06-26,944,09:29:00,Wednesday,COL SAM SMITH LOOP,Utilized Off Route,11,22,N/B,8046
2019-06-26,989,09:30:00,Wednesday,Keele Station,Utilized Off Route,12,24,S/B,1379
2019-06-26,47,09:30:00,Wednesday,Queen and Lansdwone,Utilized Off Route,6,12,B/W,1350
2019-06-26,701,09:30:00,Wednesday,wilson station,Utilized Off Route,1,1,S/B,1381
2019-06-26,602,09:35:00,Wednesday,OLD MILL STN,Utilized Off Route,1,1,N/B,8096
2019-06-26,73,09:38:00,Wednesday,LAKESHORE AND MIMICO,Utilized Off Route,13,26,N/B,8031
2019-06-26,706,09:39:00,Wednesday,Main and Kingston,Utilized Off Route,1,1,NB,8458
2019-06-26,610,09:40:00,Wednesday,Don Mills /Wynford,Utilized Off Route,1,1,E/B,8768
2019-06-26,610,09:40:00,Wednesday,Kennedy STN,Utilized Off Route,1,1,E/B,8868
2019-06-26,716,09:46:00,Wednesday,Victoria Park Station,Utilized Off Route,1,1,SB,8482
2019-06-26,710,09:47:00,Wednesday,Main Street station,Utilized Off Route,1,1,W/B,8635
2019-06-26,32,10:03:00,Wednesday,Jane and Emmet,Investigation,13,26,E/B,1418
2019-06-26,36,10:05:00,Wednesday,Signet and Steeles,Mechanical,5,10,W/B,9121
2019-06-26,702,10:06:00,Wednesday,KIPLING STN,Utilized Off Route,1,1,N/B,8074
2019-06-26,602,10:15:00,Wednesday,KIPLING STN,Utilized Off Route,1,1,N/B,8048
2019-06-26,39,10:24:00,Wednesday,Morningside and Sewells,Mechanical,16,32,W/B,1721
2019-06-26,73,10:27:00,Wednesday,Royal York station,Mechanical,11,21,N/B,8059
2019-06-26,131,10:44:00,Wednesday,Morningview Trail and morningside,Mechanical,16,26,E/B,1577
2019-06-26,85,10:53:00,Wednesday,Birchmount and Sheppard,Investigation,7,14,S/B,3558
2019-06-26,83,11:00:00,Wednesday,Jones Route,General Delay,10,28,BW,0
2019-06-26,68,11:00:00,Wednesday,Warden and Eglinton,General Delay,40,80,B/W,
2019-06-26,133,11:05:00,Wednesday,Neilson and Crow trail,Diversion,45,56,S/B,3461
2019-06-26,925,11:12:00,Wednesday,Pape & Selkirk,Investigation,10,20,N/B,8703
2019-06-26,902,11:25:00,Wednesday,Markham and Painted Post,Investigation,15,30,S/B,8487
2019-06-26,97,11:32:00,Wednesday,Yorkmills and young,Mechanical,15,30,S/B,1314
2019-06-26,79,11:42:00,Wednesday,Scarlett and Eglinton,Mechanical,24,48,N/B,1088
2019-06-26,81,11:55:00,Wednesday,Mortimer and Pape,Diversion,71,82,B/W,
2019-06-26,24,12:00:00,Wednesday,"Ellesmere, Lawrence., Eglinton",General Delay,12,12,B/W,8455
2019-06-26,719,12:00:00,Wednesday,Yonge and Eglinton,Utilized Off Route,1,1,W/B,1148
2019-06-26,85,12:00:00,Wednesday,Kennedy and Sheppard,General Delay,28,52,E/B,
2019-06-26,72,12:00:00,Wednesday,Pape Avenue / Pape Station,General Delay,15,30,B/W,
2019-06-26,702,12:00:00,Wednesday,QUEENSWAY GARAGE,Utilized Off Route,1,1,E/B,8401
2019-06-26,100,12:06:00,Wednesday,Don Mills/Wynford,Investigation,6,12,S/B,8681
2019-06-26,25,12:07:00,Wednesday,Pape Ave between Pape station and Mortimer Ave,Diversion,5,10,B/W,
2019-06-26,25,12:07:00,Wednesday,Pape Stn to Don Mills Stn,General Delay,30,35,B/W,0
2019-06-26,925,12:07:00,Wednesday,Pape Stn to Freshmeadow/Don Mills,General Delay,30,40,B/W,0
2019-06-26,709,12:15:00,Wednesday,Mount Dennis,Utilized Off Route,1,1,E/B,1071
2019-06-26,60,12:44:00,Wednesday,Pioneer Village Station,Mechanical,10,20,W/B,3201
2019-06-26,41,13:00:00,Wednesday,Entire route,General Delay,,,B/W,
2019-06-26,600,13:00:00,Wednesday,Mt.Dennis Garage,Utilized Off Route,1,1,W/B,1265
2019-06-26,38,13:17:00,Wednesday,Bellamy and Ellesmere,Mechanical,12,24,W/B,1658
2019-06-26,73,13:30:00,Wednesday,From weston and albion to Clairport,General Delay,10,21,S/B,8425
2019-06-26,129,13:38:00,Wednesday,McCowan loop,Mechanical,7,14,S/B,3439
2019-06-26,900,13:53:00,Wednesday,KIPLING STN,Mechanical,7,14,N/B,8001
2019-06-26,29,14:00:00,Wednesday,Entire Route,General Delay,25,35,BW,
2019-06-26,47,14:00:00,Wednesday,Entire Route,General Delay,15,25,B/W,
2019-06-26,985,14:00:00,Wednesday,Don Mills Station - Scarborough Town Center,General Delay,20,31,B/W,9097
2019-06-26,94,14:00:00,Wednesday,Jarvis and Wellesley,General Delay,15,25,B/W,
2019-06-26,88,14:16:00,Wednesday,Wilson garage,Mechanical,12,24,E/B,8153
2019-06-26,110,14:17:00,Wednesday,Queensway Garage,Mechanical,1,1,N/B,8608
2019-06-26,32,14:22:00,Wednesday,EMMT,Utilized Off Route,9,17,E/B,1135
2019-06-26,71,14:22:00,Wednesday,Industry at Mt. Dennis,Mechanical,23,44,S/B,1380
2019-06-26,89,14:32:00,Wednesday,Albion & Weston,Mechanical,10,22,S/B,1090
2019-06-26,47,14:46:00,Wednesday,SB on Lansdowne at Wallece,Mechanical,27,50,S/B,1146
2019-06-26,94,14:49:00,Wednesday,On Ossington at North Humber,Investigation,8,15,E/B,1103
2019-06-26,12,14:50:00,Wednesday,Brimley and Kingston Road,Mechanical,17,34,N/B,8536
2019-06-26,122,15:00:00,Wednesday,York Mills Station to  ROYWOOD DR AND FENSIDE DR.,General Delay,11,22,B/W,
2019-06-26,75,15:00:00,Wednesday,Lower jarvis and Queens quay,General Delay,10,18,B,
2019-06-26,79,15:00:00,Wednesday,Entire Route,General Delay,18,31,BW,
2019-06-26,52,15:00:00,Wednesday,Lawrence Station to Westwood Mall,General Delay,35,45,B/W,
2019-06-26,67,15:00:00,Wednesday,Victoria Park Station,General Delay,20,30,B/W,8782
2019-06-26,11,15:00:00,Wednesday,Sunnybrooke hospital,General Delay,16,30,B/W,
2019-06-26,100,15:01:00,Wednesday,Broadview Station,Investigation,6,12,B/W,8826
2019-06-26,123,15:15:00,Wednesday,The west mall,Mechanical,1,1,E/B,8427
2019-06-26,37,15:23:00,Wednesday,Islington Station,Utilized Off Route,12,24,N/B,8421
2019-06-26,939,15:29:00,Wednesday,Finch Station,Mechanical,6,15,E/B,3480
2019-06-26,88,15:30:00,Wednesday,St.Clair station,Mechanical,12,24,E/B,8110
2019-06-26,25,15:33:00,Wednesday,Don Mills Stn,Mechanical,5,10,S/B,8753
2019-06-26,41,15:34:00,Wednesday,Keele Station,Utilized Off Route,9,18,N/B,9006
2019-06-26,55,15:37:00,Wednesday,Jane and Bloor,Utilized Off Route,15,30,N/B,1077
2019-06-26,44,15:38:00,Wednesday,Colonel Sam Smith Loop,Utilized Off Route,7,14,N/B,8026
2019-06-26,123,15:38:00,Wednesday,Kipling Station,Mechanical,20,40,W/B,8090
2019-06-26,110,15:39:00,Wednesday,Long Branch Loop,Utilized Off Route,8,16,N/B,8079
2019-06-26,73,15:40:00,Wednesday,Lakesore and Mimico,Utilized Off Route,7,14,N/B,8432
2019-06-26,952,15:43:00,Wednesday,Terminal 3,Mechanical,12,24,E/B,1347
2019-06-26,719,15:45:00,Wednesday,Emmett and Verona,Utilized Off Route,1,1,N/B,2
2019-06-26,952,15:45:00,Wednesday,"Lawrence Station to Terminal 1

Lawrence Station to Pearson Airport",General Delay,21,33,B/W,
2019-06-26,21,15:53:00,Wednesday,Steeles/Brimley,Mechanical,10,19,S/B,1561
2019-06-26,89,16:00:00,Wednesday,Weston Road Route,General Delay,20,30,B/W,
2019-06-26,142,16:00:00,Wednesday,CHURCH ST. AT RICHMOND ST. E. to  HIGHWAY 401 (BOMBAY LOOP),General Delay,45,75,B/W,
2019-06-26,63,16:00:00,Wednesday,Entire Route,General Delay,1,1,B/W,
2019-06-26,32,16:03:00,Wednesday,Eglinton Station,Mechanical,10,19,W/B,1262
2019-06-26,89,16:04:00,Wednesday,Keele at Dundas,Mechanical,10,20,N/B,1264
2019-06-26,36,16:08:00,Wednesday,Humberwood Loop,Mechanical,7,14,E/B,9112
2019-06-26,29,16:08:00,Wednesday,Wilson Stn,Investigation,8,15,S/B,9019
2019-06-26,97,16:10:00,Wednesday,Yorkmills station to Queens quay,General Delay,25,55,B/W,
2019-06-26,95,16:10:00,Wednesday,Ellesmere RT Stn,Mechanical,11,23,W/B,3553
2019-06-26,66,16:15:00,Wednesday,66B Construction along Lakeshore,General Delay,8,28,S/B,8420
2019-06-26,37,16:18:00,Wednesday,Islington Ave and Cordova Ave,Emergency Services,1,1,N/B,8086
2019-06-26,61,16:20:00,Wednesday,Bombay loop to eglinton station,General Delay,15,29,B/W,
2019-06-26,64,16:23:00,Wednesday,Queen / Wineva,Mechanical,8,16,S/B,8934
2019-06-26,6,16:30:00,Wednesday,Queens Quay and Sherburne,Utilized Off Route,7,15,N/B,1359
2019-06-26,145,16:30:00,Wednesday,Spadina and Adelaide,General Delay,40,70,S/B,7969
2019-06-26,102,16:30:00,Wednesday,All of Route,General Delay,1,1,B/W,8553
2019-06-26,72,16:34:00,Wednesday,Eastern / Carlaw,Mechanical,19,38,N/B,8465
2019-06-26,56,16:45:00,Wednesday,Donland and O'Connor Dr,Mechanical,18,36,S/B,1217
2019-06-26,45,16:45:00,Wednesday,Kipling Station,Utilized Off Route,16,32,N/B,8002
2019-06-26,53,16:46:00,Wednesday,Passmore and Markham,Mechanical,6,12,E/B,1579
2019-06-26,141,16:51:00,Wednesday,Entire Route,General Delay,30,60,N/B,
2019-06-26,29,16:55:00,Wednesday,Springhurst Loop,Mechanical,8,15,N/B,9048
2019-06-26,127,16:58:00,Wednesday,Old Weston Rd at St Clair,Mechanical,23,46,E/B,1358
2019-06-26,124,16:58:00,Wednesday,Sunnybrook hospital,General Delay,50,62,E/B,
2019-06-26,39,17:06:00,Wednesday,Finch Ave and Baldoon Rd,Mechanical,14,28,W/B,3412
2019-06-26,45,17:12:00,Wednesday,Kipling and Rexdale,Investigation,1,1,S/B,8603
2019-06-26,945,17:18:00,Wednesday,,Mechanical,1,1,N/B,8411
2019-06-26,116,17:35:00,Wednesday,Guildwood Pkwy/Morningside Ave,Mechanical,7,13,S/B,8795
2019-06-26,130,17:38:00,Wednesday,Scarborough Town Centre,Mechanical,16,32,N/B,3404
2019-06-26,44,17:45:00,Wednesday,Queensway to Colonel Sam Smith Loop,General Delay,9,15,B/W,
2019-06-26,35,17:58:00,Wednesday,Jane and 401,Investigation,12,24,S/B,3563
2019-06-26,104,18:00:00,Wednesday,Dufferin and Finch,General Delay,1,1,B/W,
2019-06-26,98,18:00:00,Wednesday,Sheppard station,Mechanical,15,30,E/B,1236
2019-06-26,105,18:00:00,Wednesday,Dufferin and Finch,General Delay,1,1,B/W,
2019-06-26,989,18:05:00,Wednesday,Weston at Ray,Mechanical,10,20,S/B,1618
2019-06-26,941,18:08:00,Wednesday,Finch West Station,Mechanical,14,28,S/B,1529
2019-06-26,937,18:11:00,Wednesday,Islington and Finch,Mechanical,1,1,N/B,7974
2019-06-26,118,18:15:00,Wednesday,Wilson and Springview,Investigation,25,50,E/B,3190
2019-06-26,162,18:25:00,Wednesday,Lawrence station,Mechanical,30,60,E/B,1342
2019-06-26,105,18:30:00,Wednesday,Finch and Dufferin,General Delay,1,1,B/W,
2019-06-26,104,18:30:00,Wednesday,Dufferin and Finch,General Delay,1,1,B/W,
2019-06-26,105,18:30:00,Wednesday,Dufferin and Finch,General Delay,1,1,B/W,
2019-06-26,5,18:30:00,Wednesday,Entire Route,General Delay,1,1,B/W,8344
2019-06-26,95,18:34:00,Wednesday,York Mills / Ellesmere and Warden,Mechanical,21,42,WB,1602
2019-06-26,102,18:50:00,Wednesday,Progress / Centennial,Investigation,20,40,S/B,8946
2019-06-26,95,18:54:00,Wednesday,Markham and Ellesmere,Vision,14,28,EB,1727
2019-06-26,38,19:14:00,Wednesday,Rouge Hill Go Station,Mechanical,9,18,W/B,1414
2019-06-26,160,19:20:00,Wednesday,Centre street and New Westminister,Diversion,180,204,N/B,8108
2019-06-26,102,19:45:00,Wednesday,748 Markham Road,Mechanical,10,20,N/B,8511
2019-06-26,39,21:04:00,Wednesday,Littles and Sewells Rd,Mechanical,16,32,W/B,1679
2019-06-26,123,21:22:00,Wednesday,Long Branch Loop,Mechanical,24,48,N/B,8062
2019-06-26,104,22:28:00,Wednesday,Dufferin and Finch,Diversion,23,46,B/W,
2019-06-26,161,22:31:00,Wednesday,Humber Blvd North at Louvain St,Investigation,20,40,W/B,1015
2019-06-26,85,22:47:00,Wednesday,Markham/Sheppard,Diversion,16,33,W/B,3559
2019-06-26,11,23:00:00,Wednesday,Davisville sttaion to steeles,General Delay,15,45,N/B,
2019-06-26,46,23:00:00,Wednesday,Kipling Station,Vision,30,60,N/B,3151
2019-06-26,927,23:00:00,Wednesday,Kipling Station,Utilized Off Route,10,20,N/B,3154
2019-06-26,60,23:02:00,Wednesday,Steeles at Futurity Gate,Emergency Services,17,34,W/B,3261
2019-06-26,89,23:18:00,Wednesday,Weston at Maple Bush Ave,Investigation,10,20,S/B,1516
2019-06-26,39,23:31:00,Wednesday,Finch Station,Mechanical,11,18,E/B,3559
2019-06-27,7,00:15:00,Thursday,Bathurst st and Sheppard Ave W,Mechanical,9,17,S/B,8326
2019-06-27,57,01:09:00,Thursday,Kennedy Station,Mechanical,16,27,E/B,8746
2019-06-27,26,01:21:00,Thursday,Dupont at Lansdowne,Mechanical,24,48,W/B,1361
2019-06-27,320,01:23:00,Thursday,Yonge at Dundas,Diversion,4,7,B/W,
2019-06-27,320,03:44:00,Thursday,Yonge At King,Mechanical,4,8,S/B,8169
2019-06-27,336,04:28:00,Thursday,Finch Station,Mechanical,60,1,W/B,3155
2019-06-27,53,04:46:00,Thursday,Finch Station,Mechanical,6,12,W/B,1509
2019-06-27,11,04:48:00,Thursday,Queens Quay and Bay,Emergency Services,1,1,N/B,8150
2019-06-27,332,04:50:00,Thursday,Dixion and 427 at Jetliner,Mechanical,30,60,W/B,1025
2019-06-27,91,05:05:00,Thursday,Eglinton Ave East - Bermondsey / Sloane,Diversion,1,1,SB,8951
2019-06-27,22,05:32:00,Thursday,Coxwell and Gerrard,Diversion,999,999,N/B,
2019-06-27,59,05:39:00,Thursday,Palmo & Queenslea,Mechanical,313,31,W/B,3172
2019-06-27,52,05:44:00,Thursday,Airport rd. and Hull,Diversion,1,1,W/B,
2019-06-27,320,05:44:00,Thursday,Eglinton and young,Mechanical,15,30,N/B,1110
2019-06-27,86,05:45:00,Thursday,Manse and Lawrence,Mechanical,24,43,E/B,8884
2019-06-27,84,05:46:00,Thursday,Arrow Garage,Mechanical,24,53,E/B,3243
2019-06-27,51,06:00:00,Thursday,Leslie Route,General Delay,25,50,,
2019-06-27,25,06:10:00,Thursday,Freshmeadow & Don Mills,Mechanical,6,12,S/B,8746
2019-06-27,43,06:12:00,Thursday,Scarborough Town Centre,Mechanical,10,20,S/B,8766
2019-06-27,46,06:21:00,Thursday,Kipling station,Mechanical,12,24,N/B,3565
2019-06-27,71,06:45:00,Thursday,Industry st,Mechanical,18,36,S/B,1118
2019-06-27,95,06:50:00,Thursday,Lesmill and York Mills,Investigation,10,19,W/B,1318
2019-06-27,929,06:50:00,Thursday,Dufferin and Castlefield,Mechanical,8,17,S/B,9144
2019-06-27,35,07:30:00,Thursday,Jane & Maple Leaf,Diversion,5,10,N/B,3148
2019-06-27,935,07:32:00,Thursday,Jane & Maple Leaf,Diversion,9,18,N/B,3354
2019-06-27,161,07:33:00,Thursday,Jane & Alliance,Mechanical,13,26,E/B,1006
2019-06-27,14,07:52:00,Thursday,Chaplin & Eglinton,Diversion,38,54,E/B,1070
2019-06-27,75,07:58:00,Thursday,Bloor and Sherbourne,Investigation,7,13,N/B,8329
2019-06-27,17,08:00:00,Thursday,Birchmount Route,General Delay,10,19,BW,0
2019-06-27,16,08:00:00,Thursday,McCowan Route,General Delay,10,9,BW,0
2019-06-27,24,08:00:00,Thursday,steeles and Victoria,Investigation,7,14,,9209
2019-06-27,95,08:08:00,Thursday,York Mills and Cedarwood,Investigation,10,19,E/B,3449
2019-06-27,32,08:10:00,Thursday,Eglinton and Chaplin,Diversion,60,66,B/W,
2019-06-27,10,08:20:00,Thursday,Donmills Stn,Mechanical,15,30,,8173
2019-06-27,92,08:30:00,Thursday,Woodbine South Route,General Delay,10,18,BW,0
2019-06-27,143,08:30:00,Thursday,Downtown - Beaches Express,General Delay,15,30,BW,0
2019-06-27,32,08:30:00,Thursday,Entire Route,General Delay,30,37,B/W,
2019-06-27,95,08:41:00,Thursday,York Mills and Banbury Rd,Mechanical,13,26,W/B,1661
2019-06-27,72,08:43:00,Thursday,Commissioners and Cherry,Mechanical,19,38,W/B,9238
2019-06-27,129,08:47:00,Thursday,Alton Towers and McCowan Rd,Mechanical,28,56,W/B,1724
2019-06-27,9,08:49:00,Thursday,McCowan Road and Eglinton Ave East,,12,29,SB,8482
2019-06-27,29,08:55:00,Thursday,Dufferin and Queen,Mechanical,8,17,N/B,9147
2019-06-27,34,09:00:00,Thursday,Eglinton/Bayvew,Mechanical,8,16,W/B,8899
2019-06-27,939,09:02:00,Thursday,Finch Station,Mechanical,4,8,E/B,3464
2019-06-27,985,09:24:00,Thursday,McCowan and Sheppard,Mechanical,11,22,W/B,9089
2019-06-27,63,09:27:00,Thursday,College and Ossington,Diversion,8,41,B/W,8311
2019-06-27,24,09:30:00,Thursday,eglintion to lawrance,General Delay,7,14,,
2019-06-27,41,09:30:00,Thursday,Various locations along route,General Delay,20,30,B/W,9050
2019-06-27,129,09:45:00,Thursday,Scarborough Town Center,Mechanical,14,28,W/B,1724
2019-06-27,29,09:51:00,Thursday,Dufferin and Queen,Investigation,7,15,S/B,9044
2019-06-27,47,09:53:00,Thursday,Queen St. and Landsdowne,Mechanical,6,20,N/B,1126
2019-06-27,985,09:59:00,Thursday,Don Mills Station,Mechanical,21,33,E/B,9088
2019-06-27,109,10:09:00,Thursday,Baycrest ave and Neptune dr,Mechanical,10,20,S/B,8104
2019-06-27,102,10:25:00,Thursday,Markham Road / Warden Station,Mechanical,0,0,N/B,3126
2019-06-27,600,10:34:00,Thursday,York Mills station,Utilized Off Route,1,1,W/B,3165
2019-06-27,600,10:34:00,Thursday,Finch/Dufferin,Utilized Off Route,1,1,E/B,3206
2019-06-27,716,10:35:00,Thursday,Victoria Park Station,Utilized Off Route,1,1,WB,9209
2019-06-27,706,10:35:00,Thursday,Warden Station,Utilized Off Route,1,1,WB,8946
2019-06-27,709,10:35:00,Thursday,York Dale Station,Utilized Off Route,1,1,B/W,1115
2019-06-27,52,10:35:00,Thursday,Lawrence Station,Utilized Off Route,15,30,W/B,8353
2019-06-27,720,10:37:00,Thursday,Eglinton station,Utilized Off Route,1,1,W/B,8758
2019-06-27,32,10:37:00,Thursday,Eglinton stn,Utilized Off Route,11,21,W/B,1586
2019-06-27,944,10:38:00,Thursday,Kipling station,Utilized Off Route,11,22,N/B,7957
2019-06-27,95,10:40:00,Thursday,York Mills Station,Utilized Off Route,10,20,E/B,3461
2019-06-27,7,10:40:00,Thursday,Bathurst and Sheppard,Utilized Off Route,8,16,N/B,8103
2019-06-27,939,10:45:00,Thursday,Finch Station,Utilized Off Route,9,18,W/B,1639
2019-06-27,54,10:47:00,Thursday,Eglinton station,Utilized Off Route,1,1,E/B,8923
2019-06-27,52,10:50:00,Thursday,Lawrence Station,Utilized Off Route,15,30,W/B,1230
2019-06-27,35,10:50:00,Thursday,FJAN - Jane & Finch,Mechanical,8,15,N/B,3280
2019-06-27,600,10:50:00,Thursday,St.Clair stn,Investigation,1,1,B/W,8145
2019-06-27,95,10:56:00,Thursday,York Mills Station,Utilized Off Route,20,40,E/B,3543
2019-06-27,83,11:00:00,Thursday,Jones Route,General Delay,10,28,BW,0
2019-06-27,70,11:03:00,Thursday,Coxwell station,Emergency Services,18,36,N/B,8671
2019-06-27,102,11:13:00,Thursday,Markham and Blakemanor,Investigation,10,20,S/B,8556
2019-06-27,905,11:14:00,Thursday,Eglinton and Midland,Mechanical,9,18,W/B,8874
2019-06-27,116,11:30:00,Thursday,Kennedy STN,Mechanical,10,20,E/B,8811
2019-06-27,85,12:13:00,Thursday,Sheppard and Rainbow Bridge,Investigation,48,96,W/B,3532
2019-06-27,97,12:50:00,Thursday,Yonge and Hillcrest,Diversion,20,40,B/W,
2019-06-27,939,13:14:00,Thursday,Senlac Rd and Finch Ave,Mechanical,8,17,W/B,3545
2019-06-27,53,13:15:00,Thursday,Finch Station,Mechanical,6,12,E/B,1721
2019-06-27,29,13:16:00,Thursday,Wilson Station,Mechanical,8,17,S/B,9053
2019-06-27,134,13:22:00,Thursday,Newgale and Tapscott,Mechanical,15,30,S/B,9000
2019-06-27,96,13:25:00,Thursday,Yorkmills station,Mechanical,20,40,W/B,3326
2019-06-27,102,13:48:00,Thursday,Kennedy and St.Clair,Investigation,20,40,W/B,8580
2019-06-27,75,13:50:00,Thursday,Queens quay and Richardson,Investigation,9,18,N/B,8133
2019-06-27,35,13:52:00,Thursday,Jane station,Investigation,7,14,S/B,3143
2019-06-27,36,13:56:00,Thursday,Tangiers,Investigation,5,10,wb,3251
2019-06-27,165,14:00:00,Thursday,Route 165,General Delay,10,18,B/W,
2019-06-27,75,14:00:00,Thursday,Lower jarvis and Queens quay,General Delay,11,19,B/W,
2019-06-27,96,14:00:00,Thursday,Route 96,General Delay,11,22,eb,
2019-06-27,84,14:07:00,Thursday,Sheppard/Rivalda,Investigation,7,15,W/B,3175
2019-06-27,20,14:45:00,Thursday,Midland and Eglinton,Mechanical,13,26,S/B,8574
2019-06-27,63,14:52:00,Thursday,Allen Rd North and Transit Road,Mechanical,6,10,N/B,1280
2019-06-27,53,14:55:00,Thursday,Don Mills and Steeles,Mechanical,12,18,E/B,1715
2019-06-27,74,14:57:00,Thursday,St Clair Station,Mechanical,18,36,E/B,1362
2019-06-27,953,14:57:00,Thursday,Passmore and Markham,Mechanical,15,30,E/B,9090
2019-06-27,925,14:59:00,Thursday,Don Mills Stn,Investigation,8,16,S/B,8826
2019-06-27,70,15:00:00,Thursday,Coxwell Stn to Craighton/Pharmacy and Warden Stn,General Delay,15,32,B/W,0
2019-06-27,67,15:00:00,Thursday,Victoria Park Stn to Crosland/Reddins,General Delay,20,30,B/W,8799
2019-06-27,925,15:00:00,Thursday,Pape Stn to Freshmeadow/Don Mills,General Delay,20,28,B/W,0
2019-06-27,25,15:00:00,Thursday,Pape Stn to Don Mills Stn,General Delay,25,30,S/B,0
2019-06-27,52,15:00:00,Thursday,Lawrence Station to West Wood Mall,General Delay,26,36,B/W,
2019-06-27,82,15:00:00,Thursday,Rosedale Station,General Delay,10,30,S/B,
2019-06-27,79,15:00:00,Thursday,Entire Route,General Delay,17,30,BW,
2019-06-27,165,15:00:00,Thursday,Weston & Flindon,Investigation,8,16,S/B,3254
2019-06-27,11,15:00:00,Thursday,Bayview and Eglinton,General Delay,10,24,B/W,
2019-06-27,39,15:00:00,Thursday,Neilson and CrowTrail,Mechanical,14,28,W/B,1703
2019-06-27,49,15:00:00,Thursday,Kipling Station to Markland/Bloor,General Delay,6,18,B/W,
2019-06-27,34,15:15:00,Thursday,Eglinton/Rumsey,Emergency Services,7,16,E/B,8905
2019-06-27,952,15:30:00,Thursday,Lawrence Station to Terminal 1,General Delay,34,46,B/W,
2019-06-27,36,15:30:00,Thursday,Weston Road,Investigation,5,10,E/B,9120
2019-06-27,77,15:30:00,Thursday,Runnymede Station,Mechanical,9,19,S/B,1357
2019-06-27,63,15:33:00,Thursday,Oakwood Loop,Mechanical,9,17,N/B,8378
2019-06-27,116,15:36:00,Thursday,Morningside and Nightstar,Mechanical,6,12,S/B,8697
2019-06-27,102,15:45:00,Thursday,Sheppard / Markham,Mechanical,15,30,N/B,8455
2019-06-27,66,16:00:00,Thursday,Entire route,General Delay,30,50,B/W,8075
2019-06-27,118,16:00:00,Thursday,Route 118,General Delay,12,37,B/W,
2019-06-27,89,16:00:00,Thursday,Weston Route,General Delay,20,30,B/W,
2019-06-27,97,16:00:00,Thursday,yonge st .St Queen's Quay to Yonge st . At steeles,General Delay,30,60,B/W,
2019-06-27,51,16:00:00,Thursday,Brentcliff and Eglinton,Diversion,1,1,W/B,
2019-06-27,79,16:00:00,Thursday,Pine / Lawrence,Utilized Off Route,1,1,S/B,1105
2019-06-27,941,16:13:00,Thursday,Finch West Station,Mechanical,14,28,S/B,1007
2019-06-27,54,16:23:00,Thursday,Scarborough Gofl Club and Lawrence,Investigation,11,24,W/B,8740
2019-06-27,84,16:24:00,Thursday,Sheppard/Keele,Mechanical,13,26,W/B,3294
2019-06-27,91,16:34:00,Thursday,Woodbine Station,Investigation,13,26,N/B,8550
2019-06-27,85,16:40:00,Thursday,DONS,Investigation,16,32,E/B,3532
2019-06-27,88,16:40:00,Thursday,"St Clair Station to 						Thorncliffe park. At overlea blve
												
						Thorncliffe park at Overlea blvd to St. Clair Stn",General Delay,13,19,B/W,
2019-06-27,985,16:41:00,Thursday,Don Mills Station,Investigation,12,24,E/B,9083
2019-06-27,60,16:43:00,Thursday,Steinway/Steeles,Investigation,9,18,S/B,3181
2019-06-27,24,16:50:00,Thursday,Victoria Park and Ellesmere,Investigation,9,18,N/B,8486
2019-06-27,160,16:50:00,Thursday,Centre st and New Westminister,Diversion,300,324,N/B,
2019-06-27,131,16:50:00,Thursday,Morning view trail,Mechanical,10,20,S/B,1298
2019-06-27,29,16:52:00,Thursday,Wilson stn,Mechanical,8,15,S/B,9150
2019-06-27,989,16:57:00,Thursday,Weston at Ray,Mechanical,10,20,N/B,1031
2019-06-27,142,17:00:00,Thursday,CHURCH ST. AT RICHMOND ST. E. to  HIGHWAY 401 (BOMBAY LOOP),General Delay,29,59,B/W,
2019-06-27,83,17:01:00,Thursday,501 - QUEEN STREET CAR,Utilized Off Route,12,24,N/B,3118
2019-06-27,72,17:01:00,Thursday,501 - QUEEN STREET CAR,Utilized Off Route,9,18,S/B,8576
2019-06-27,92,17:01:00,Thursday,501 - QUEEN STREET CAR,Utilized Off Route,9,18,S/B,8934
2019-06-27,52,17:04:00,Thursday,Dixon Rd and Hwy 27,Mechanical,16,32,W/B,1218
2019-06-27,61,17:04:00,Thursday,Bombay loot to Eglinton Station,General Delay,21,33,B/W,
2019-06-27,925,17:06:00,Thursday,Pape Station,Utilized Off Route,8,16,N/B,8826
2019-06-27,89,17:07:00,Thursday,Weston at Rogers,Mechanical,10,20,N/B,1576
2019-06-27,100,17:08:00,Thursday,Broadview Station,Utilized Off Route,6,12,N/B,8906
2019-06-27,84,17:08:00,Thursday,Sheppard/Oakdale,Mechanical,26,52,W/B,3320
2019-06-27,69,17:19:00,Thursday,Warden Station,Investigation,15,30,N/B,8537
2019-06-27,102,17:25:00,Thursday,Birchmount / St.Clair,Investigation,20,40,N/B,8945
2019-06-27,134,17:31:00,Thursday,Tapscott and Crow Trail,Mechanical,18,36,N/B,9071
2019-06-27,20,17:35:00,Thursday,Kennedy Station,Investigation,13,26,S/B,8530
2019-06-27,113,17:35:00,Thursday,Kennedya Station,Investigation,11,22,S/B,3102
2019-06-27,100,17:38:00,Thursday,Broadview Station,Utilized Off Route,6,12,N/B,8865
2019-06-27,945,17:45:00,Thursday,Kipling Station,Utilized Off Route,9,18,N/B,8073
2019-06-27,51,17:45:00,Thursday,Eglinton and Leslie to steeles and leslie,General Delay,15,35,B/W,
2019-06-27,63,17:45:00,Thursday,Eglinton west to atlantic,General Delay,15,20,B/W,
2019-06-27,32,17:46:00,Thursday,Eglinton at Old Forest Hill,Investigation,9,19,E/B,1272
2019-06-27,59,17:50:00,Thursday,Lawrence west station,Mechanical,13,26,W/B,3366
2019-06-27,116,17:50:00,Thursday,Eglinton and Huntington Avenue,Investigation,20,40,E/B,8907
2019-06-27,96,17:57:00,Thursday,York Mill stn,Mechanical,11,22,W/B,3230
2019-06-27,44,18:00:00,Thursday,Kipling Station to Colonel Sam Smith Loop,General Delay,8,16,B/W,
2019-06-27,924,18:04:00,Thursday,St Clair and Victoria Park,Investigation,9,18,N/B,8442
2019-06-27,89,18:08:00,Thursday,Weston at Albion,Mechanical,10,20,S/B,1576
2019-06-27,55,18:32:00,Thursday,Oldmill stn,Mechanical,15,30,nb,1070
2019-06-27,60,18:35:00,Thursday,Yonge and Athabaska,Investigation,8,16,N/B,9124
2019-06-27,989,18:43:00,Thursday,Signet at Steeles,Mechanical,10,20,S/B,1095
2019-06-27,106,18:44:00,Thursday,Sentinel and Sheppard,Mechanical,12,24,N/B,1222
2019-06-27,91,18:45:00,Thursday,Woodbine / O.Connor,Investigation,13,26,S/B,8459
2019-06-27,64,19:00:00,Thursday,Williamson / Southwood,Mechanical,9,18,N/B,8547
2019-06-27,35,19:05:00,Thursday,Jane station,Utilized Off Route,6,12,S/B,3205
2019-06-27,711,19:05:00,Thursday,Lawrence West Station,Utilized Off Route,1,1,E/B,1382
2019-06-27,44,19:05:00,Thursday,Colonel Sam Smith Loop,Utilized Off Route,10,20,N/B,8402
2019-06-27,79,19:05:00,Thursday,Runnymede stn,Utilized Off Route,13,26,nb,1015
2019-06-27,123,19:08:00,Thursday,Long branch,Utilized Off Route,15,30,N/B,8047
2019-06-27,33,19:10:00,Thursday,Eglinton and bathurst,Utilized Off Route,20,40,W/B,8370
2019-06-27,47,19:12:00,Thursday,Queen and Lansdowne,Utilized Off Route,10,20,N/B,1348
2019-06-27,727,19:19:00,Thursday,Kipling station,Utilized Off Route,10,20,S/B,3322
2019-06-27,44,19:22:00,Thursday,Colonel Sam Smith Loop,Utilized Off Route,1,1,N/B,8065
2019-06-27,939,19:24:00,Thursday,Finch and  Birchmount,Mechanical,11,22,E/B,3400
2019-06-27,902,19:27:00,Thursday,Warden Station,Investigation,10,10,N/B,3101
2019-06-27,56,19:30:00,Thursday,Eglinton Station to Donland Station,General Delay,21,41,B/W,
2019-06-27,54,20:55:00,Thursday,Lawrence and Cedebrae Mall,Mechanical,6,13,E/B,8629
2019-06-27,80,20:58:00,Thursday,Royal York and Queensway,Mechanical,20,50,E/B,8039
2019-06-27,165,21:02:00,Thursday,Steeles & Barmac,Utilized Off Route,10,20,S/B,3264
2019-06-27,32,21:04:00,Thursday,Eglinton and Castle Knock,Emergency Services,9,16,W/B,1413
2019-06-27,73,21:10:00,Thursday,Royal York and Bloor,Utilized Off Route,10,19,N/B,8434
2019-06-27,24,21:13:00,Thursday,Steeles and Victoria Park,Utilized Off Route,10,20,S/B,8590
2019-06-27,25,21:21:00,Thursday,Overlea/William Morgan,Investigation,9,18,S/B,8822
2019-06-27,87,21:35:00,Thursday,MSTN,Utilized Off Route,10,20,W/B,9205
2019-06-27,35,21:40:00,Thursday,Chalkfarm,Mechanical,9,18,S/B,3363
2019-06-27,102,21:40:00,Thursday,Warden Station,Mechanical,10,20,N/B,8455
2019-06-27,25,21:49:00,Thursday,Don Mills and Sheppard,Emergency Services,9,18,S/B,8624
2019-06-27,23,21:55:00,Thursday,Dawes / Goodwood,Mechanical,15,30,S/B,8578
2019-06-27,17,22:10:00,Thursday,Warden / Steeles,Diversion,22,62,B/W,
2019-06-27,68,22:17:00,Thursday,Warden and Steeles,Diversion,40,78,N/B,8808
2019-06-27,14,22:47:00,Thursday,Glencairn at Allen (Glencairn Stn),Investigation,21,42,W/B,1000
2019-06-27,129,23:10:00,Thursday,Steeles/Mccowan,Mechanical,20,30,S/B,3507
2019-06-27,22,23:43:00,Thursday,Coxwell / Hanson,Investigation,10,20,S/B,8518
2019-06-28,131,00:27:00,Friday,Morningside Ave and Morningview Trail,Emergency Services,15,30,N/B,3467
2019-06-28,21,00:30:00,Friday,STC,Mechanical,30,60,S/B,1712
2019-06-28,133,00:40:00,Friday,STC,Utilized Off Route,13,26,E/B,3402
2019-06-28,85,01:00:00,Friday,Don Mills to Rouge Hill Go Station (All branches),General Delay,7,17,B/W,
2019-06-28,29,01:13:00,Friday,Dufferin and Rogers,Mechanical,9,17,S/B,9018
2019-06-28,7,01:14:00,Friday,Bahturst and Sheppard,Mechanical,10,20,N/B,8131
2019-06-28,84,01:15:00,Friday,Jane and Sheppard,Mechanical,10,20,W/B,3163
2019-06-28,87,01:18:00,Friday,Pharmacy and Danforth Ave,Mechanical,1,1,E/B,8591
2019-06-28,29,01:30:00,Friday,Dufferin and Rogers,Utilized Off Route,9,17,S/B,9036
2019-06-28,332,03:32:00,Friday,Eglinton and Marlee,Diversion,77,107,W/B,1287
2019-06-28,91,05:05:00,Friday,Eglinton Ave East - Bermondsey / Sloane,Diversion,1,1,SB,8494
2019-06-28,320,05:19:00,Friday,Young and Gerrard,Diversion,15,40,B/W,
2019-06-28,41,05:35:00,Friday,Pioneer Village Station,Mechanical,12,24,S/B,9144
2019-06-28,939,05:54:00,Friday,Don Mills and Finch,Mechanical,8,16,W/B,3534
2019-06-28,97,06:00:00,Friday,Yonge and Gould,Diversion,150,180,B/W,
2019-06-28,56,06:00:00,Friday,Yonge/ Eglinton,Investigation,9,18,S/B,1368
2019-06-28,51,06:10:00,Friday,Leslie and Eglinton,Mechanical,20,40,,8190
2019-06-28,45,06:37:00,Friday,Steeles loop,Mechanical,5,10,S/B,8024
2019-06-28,54,06:39:00,Friday,Leslie and Eglinton,Vision,11,22,E/B,8674
2019-06-28,36,06:53:00,Friday,Finsh and Arrow rd,Mechanical,2,8,W/B,9109
2019-06-28,129,06:58:00,Friday,McCowan/Finch,Mechanical,1,1,S/B,1400
2019-06-28,32,07:00:00,Friday,Eglinton and Caledonia,Mechanical,7,14,E/B,1132
2019-06-28,26,07:05:00,Friday,Both Ends,Vision,1,1,B/W,1019
2019-06-28,53,07:19:00,Friday,Morningside and Finch,Mechanical,20,27,W/B,3445
2019-06-28,36,07:24:00,Friday,Finch west station,Mechanical,2,6,W/B,289
2019-06-28,39,07:40:00,Friday,Finch Station,Mechanical,10,20,E/B,1312
2019-06-28,25,07:45:00,Friday,Pape Station,Investigation,5,11,N/B,8886
2019-06-28,25,07:51:00,Friday,Pape Station,Investigation,5,10,N/B,8624
2019-06-28,32,07:52:00,Friday,Eglinton and Spadina,Investigation,7,14,W/B,1147
2019-06-28,17,08:00:00,Friday,Birchmount Route,General Delay,25,34,BW,0
2019-06-28,102,08:00:00,Friday,Steeles / Markham,Mechanical,25,50,z,8449
2019-06-28,16,08:00:00,Friday,McCowan Route,General Delay,25,34,BW,0
2019-06-28,905,08:03:00,Friday,Huntingwood,Mechanical,1,1,E/B,8842
2019-06-28,952,08:25:00,Friday,Lawrence / Caledonia,Mechanical,11,22,W/B,1283
2019-06-28,929,08:46:00,Friday,Wilson Station,Mechanical,9,18,S/B,9039
2019-06-28,960,08:52:00,Friday,Pioneer Village Station,Mechanical,10,19,N/B,3174
2019-06-28,132,09:16:00,Friday,Milner and Markham,Investigation,13,25,E/B,3448
2019-06-28,701,09:55:00,Friday,Lakeshore and Queensquay,Utilized Off Route,1,1,,8321
2019-06-28,600,09:55:00,Friday,St.George,Utilized Off Route,1,1,W/B,1010
2019-06-28,34,09:59:00,Friday,Eglinton/Don Mills,Investigation,8,16,E/B,8803
2019-06-28,929,10:05:00,Friday,Dufferin and Lawrence,Mechanical,1,1,N/B,9148
2019-06-28,57,10:16:00,Friday,Kennedy Station,Mechanical,14,28,N/B,8874
2019-06-28,29,10:31:00,Friday,Exhibition Loop,Mechanical,1,1,N/B,9029
2019-06-28,41,10:32:00,Friday,Keele & Annette,Investigation,9,18,S/B,9053
2019-06-28,47,10:37:00,Friday,Queens and Landsdowne,Mechanical,7,22,N/B,1260
2019-06-28,94,10:48:00,Friday,Castle Frank Station,Mechanical,12,19,W/B,1258
2019-06-28,14,10:56:00,Friday,Caledonia & Glencairn,Mechanical,20,40,E/B,1088
2019-06-28,92,11:00:00,Friday,Woodbine South Route,General Delay,10,18,BW,0
2019-06-28,85,11:16:00,Friday,Sheppard and Morningside,Mechanical,1,1,W/B,3516
2019-06-28,36,11:17:00,Friday,Finch station,Vision,5,10,W/B,3149
2019-06-28,22,11:58:00,Friday,queeen street,Mechanical,8,16,S/B,8558
2019-06-28,36,12:13:00,Friday,Fincha and drifftwood  ave,Mechanical,5,10,E/B,9105
2019-06-28,709,12:17:00,Friday,Eglinton stn,Utilized Off Route,1,1,W/B,1086
2019-06-28,602,12:19:00,Friday,Kipling stn,Utilized Off Route,1,1,S/B,8052
2019-06-28,600,12:19:00,Friday,Yorkmills Stn,Utilized Off Route,1,1,,8149
2019-06-28,882,12:20:00,Friday,Eglinton Garage,Utilized Off Route,1,1,N/B,8824
2019-06-28,706,12:20:00,Friday,Main Station,Utilized Off Route,1,1,WB,8457
2019-06-28,706,12:20:00,Friday,Warden Station,Utilized Off Route,1,1,WB,8479
2019-06-28,716,12:20:00,Friday,Victoria Park Station,Utilized Off Route,1,1,WB,8509
2019-06-28,716,12:20:00,Friday,Main Station,Utilized Off Route,1,1,WB,8539
2019-06-28,720,12:20:00,Friday,Warden Station,Utilized Off Route,1,1,N/B,8852
2019-06-28,601,12:20:00,Friday,Wilson Garage,Utilized Off Route,1,1,S/B,8180
2019-06-28,600,12:20:00,Friday,Old Mill Station,Utilized Off Route,1,1,SB,8418
2019-06-28,95,12:20:00,Friday,Military trail West of Morningside,Investigation,20,40,W/B,1401
2019-06-28,600,12:20:00,Friday,Sherbourne and College,Utilized Off Route,1,1,N/B,8353
2019-06-28,720,12:20:00,Friday,Eglinton Garage,Utilized Off Route,1,1,N/B,8684
2019-06-28,711,12:22:00,Friday,Lawrence West Stn,Utilized Off Route,1,1,S/B,8373
2019-06-28,720,12:22:00,Friday,Lawrence and DonMills,Utilized Off Route,0,0,N/B,8771
2019-06-28,53,12:23:00,Friday,Middlefield and Steeles,Utilized Off Route,6,12,W/B,1731
2019-06-28,720,12:23:00,Friday,Eglinton Station,Utilized Off Route,1,1,E/B,8916
2019-06-28,707,12:24:00,Friday,STC,Utilized Off Route,1,1,W/B,1720
2019-06-28,41,12:24:00,Friday,Kee;e & Eglinton,Utilized Off Route,9,18,N/B,9010
2019-06-28,719,12:25:00,Friday,Eglinton west stn,Utilized Off Route,1,1,E/B,1110
2019-06-28,704,12:25:00,Friday,HumberWood Loop,Utilized Off Route,1,1,E/B,3301
2019-06-28,94,12:25:00,Friday,Castle frank station,Utilized Off Route,8,15,W/B,1605
2019-06-28,165,12:25:00,Friday,York Mills Stn,Utilized Off Route,8,16,E/B,3292
2019-06-28,701,12:25:00,Friday,Sheppard West Station,Utilized Off Route,1,1,S/B,8332
2019-06-28,39,12:27:00,Friday,Neilson and Crow Trail,Mechanical,12,24,W/B,3411
2019-06-28,96,12:27:00,Friday,York Mills Stn,Utilized Off Route,9,18,W/B,3159
2019-06-28,89,12:30:00,Friday,Entire route,General Delay,1,1,B/W,
2019-06-28,45,12:30:00,Friday,KIPLING STN,Utilized Off Route,10,20,N/B,8042
2019-06-28,704,12:30:00,Friday,Pioneer Village Station,Utilized Off Route,1,1,S/B,3184
2019-06-28,41,12:30:00,Friday,Entire Route,General Delay,30,40,B/W,
2019-06-28,29,12:31:00,Friday,Wilson Station,Utilized Off Route,7,14,S/B,9044
2019-06-28,720,12:33:00,Friday,Eglinton Station,Utilized Off Route,1,1,E/B,8713
2019-06-28,925,12:33:00,Friday,Lawrence and DonMills,Emergency Services,10,20,N/B,8749
2019-06-28,54,12:35:00,Friday,Bellamy  and Lawrence,Investigation,13,26,W/B,8733
2019-06-28,7,12:47:00,Friday,Eglinton and Bathurst,Investigation,1,1,S/B,8342
2019-06-28,81,13:00:00,Friday,overlea / milwood,Mechanical,9,18,S/B,9210
2019-06-28,133,13:09:00,Friday,Morningside/Finch,Mechanical,11,22,S/B,3459
2019-06-28,133,13:24:00,Friday,Scarb. Town Centre,Mechanical,9,18,E/B,3428
2019-06-28,11,13:25:00,Friday,Davisville Stn,Mechanical,12,24,N/B,1362
2019-06-28,929,13:55:00,Friday,Dufferin and Florence,Mechanical,10,20,N/B,9033
2019-06-28,985,14:00:00,Friday,Don Mills Station - Meadowvale Loop,General Delay,20,40,B/W,9098
2019-06-28,89,14:00:00,Friday,Weston & St Phillips,Diversion,720,730,B/W,1127
2019-06-28,161,14:00:00,Friday,Entire route,General Delay,25,40,B/W,1575
2019-06-28,953,14:00:00,Friday,Finch Station - Morninside and Finch,General Delay,15,30,B/W,9066
2019-06-28,73,14:00:00,Friday,Weston and St. Phillips,Diversion,730,750,BW,8095
2019-06-28,53,14:00:00,Friday,Finch Station - Morninside and Finch,General Delay,30,60,B/W,1680
2019-06-28,96,14:00:00,Friday,Route 96,General Delay,20,31,B/W,
2019-06-28,118,14:00:00,Friday,Route 118,General Delay,27,52,B/W,
2019-06-28,165,14:00:00,Friday,Route 165,General Delay,16,24,B/W,
2019-06-28,996,14:00:00,Friday,Route 996,General Delay,23,33,B/W,
2019-06-28,36,14:01:00,Friday,Finch and Ardwick,Mechanical,15,26,E/B,9106
2019-06-28,59,14:03:00,Friday,Weston and St Phillips,Diversion,29,30,B/W,
2019-06-28,716,14:03:00,Friday,Warden Station,Utilized Off Route,1,1,WB,8466
2019-06-28,600,14:06:00,Friday,Eglinton Station,Utilized Off Route,1,1,S/B,8183
2019-06-28,29,14:07:00,Friday,Dufferin Station,Mechanical,1,1,N/B,9005
2019-06-28,709,14:10:00,Friday,Eglinton West Station,Utilized Off Route,1,1,E/B,1113
2019-06-28,45,14:14:00,Friday,Kipling station,General Delay,9,35,S/B,8094
2019-06-28,90,14:30:00,Friday,Vaughan and St Clair W Ave,Investigation,8,16,N/B,1289
2019-06-28,24,14:45:00,Friday,Victoria Park Station,Emergency Services,9,18,N/B,8518
2019-06-28,985,14:49:00,Friday,,Mechanical,5,10,E/B,9069
2019-06-28,43,14:50:00,Friday,Progress and Schick ct.,Investigation,15,30,W/B,8789
2019-06-28,45,14:57:00,Friday,Bloor and Kipling,Diversion,9,18,N/B,7974
2019-06-28,36,14:59:00,Friday,Arrow Rd,Mechanical,5,10,E/B,9114
2019-06-28,25,15:00:00,Friday,Pape Stn to Freshmeadow/Don Mills,General Delay,30,35,B/W,
2019-06-28,35,15:00:00,Friday,Entire route,General Delay,25,12,B/W,
2019-06-28,935,15:00:00,Friday,Entire route,General Delay,25,12,B/W,
2019-06-28,88,15:00:00,Friday,St Clair station,General Delay,6,12,BW,8174
2019-06-28,925,15:00:00,Friday,Pape Stn to Freshmeadow/Don Mills,General Delay,30,38,B/W,
2019-06-28,70,15:00:00,Friday,Warden Stn,General Delay,30,40,B/W,8654
2019-06-28,29,15:00:00,Friday,Entire Route,General Delay,25,33,BW,
2019-06-28,79,15:00:00,Friday,Entire Route,General Delay,18,31,BW,
2019-06-28,122,15:00:00,Friday,York Mills Station to  ROYWOOD DR AND FENSIDE DR.,General Delay,28,40,B/W,
2019-06-28,989,15:00:00,Friday,Weston & St Phillps,Diversion,360,370,B/W,1042
2019-06-28,52,15:00:00,Friday,Lawrence Station to West Wood Mall,General Delay,51,61,B/W,
2019-06-28,34,15:03:00,Friday,Eglinton/Don Mills,Investigation,8,16,W/B,8649
2019-06-28,79,15:03:00,Friday,Wright / Gibson,Investigation,13,26,S/B,1052
2019-06-28,984,15:06:00,Friday,Sheppard Station,Mechanical,8,15,W/B,3238
2019-06-28,43,15:09:00,Friday,Kennedy station,Utilized Off Route,7,14,,8621
2019-06-28,116,15:10:00,Friday,Eglinton and Torance Rd,Mechanical,25,46,E/B,8754
2019-06-28,6,15:12:00,Friday,Queens Quay and Dockside,Mechanical,8,15,N/B,1325
2019-06-28,52,15:25:00,Friday,Lawrence Ave/ Jane St,Mechanical,15,30,W/B,1275
2019-06-28,952,15:30:00,Friday,Lawrence Station to Terminal 1,General Delay,63,72,B/W,
2019-06-28,63,15:35:00,Friday,Ossington station,Mechanical,8,16,S/B,8216
2019-06-28,363,15:38:00,Friday,Northcliff and Eglinton,Diversion,71,101,N/B,8378
2019-06-28,984,15:39:00,Friday,Sheppard Station,Mechanical,7,14,E/B,3200
2019-06-28,41,15:44:00,Friday,St Clair and Weston rd,Investigation,9,18,S/B,9146
2019-06-28,25,15:45:00,Friday,Overlea/ Beth Nealson,Investigation,5,10,W/B,8896
2019-06-28,80,15:45:00,Friday,Keel station to Sherway gardens,General Delay,14,31,B/W,
2019-06-28,925,15:45:00,Friday,Freshmeadow/Don Mills,Vision,8,16,S/B,8729
2019-06-28,78,15:45:00,Friday,York Mills Station to CARLUKE CR. AT FIFESHIRE RD.E.,General Delay,20,35,B/W,
2019-06-28,35,15:48:00,Friday,Weston and Jane,Mechanical,12,24,S/B,3274
2019-06-28,16,15:56:00,Friday,Danforth Road and Magnolia,Investigation,9,18,N/B,8594
2019-06-28,102,16:03:00,Friday,All of Route,General Delay,1,1,B/W,8449
2019-06-28,937,16:05:00,Friday,Islington station to steeles,General Delay,12,33,B/W,
2019-06-28,142,16:15:00,Friday,CHURCH ST. AT RICHMOND ST. E. to  HIGHWAY 401 (BOMBAY LOOP),General Delay,31,61,B/W,
2019-06-28,63,16:21:00,Friday,Eglinton west station to Atlantic and king,General Delay,15,20,B/W,
2019-06-28,51,16:25:00,Friday,Eglinton and laird,General Delay,20,35,W/B,
2019-06-28,41,16:27:00,Friday,Keele,Mechanical,1,1,S/B,9020
2019-06-28,79,16:30:00,Friday,Pine / Lawrence,Utilized Off Route,1,1,S/B,1011
2019-06-28,900,16:45:00,Friday,Kipling Station to Terminal 1,General Delay,13,20,N/B,
2019-06-28,24,16:45:00,Friday,Victoria Park and Eglinton,Mechanical,9,18,S/B,8572
2019-06-28,24,16:54:00,Friday,Biccayne and Victoria Park,Mechanical,9,18,N/B,9227
2019-06-28,939,17:00:00,Friday,Between Finch West Stn and McCowan/Finch,General Delay,41,56,B/W,
2019-06-28,39,17:00:00,Friday,Between Finch Stn and Finch and Neilson,General Delay,25,49,B/W,
2019-06-28,41,17:02:00,Friday,Keele and Torro,Mechanical,9,18,N/B,9010
2019-06-28,924,17:03:00,Friday,STLP,Vision,9,18,S/B,9218
2019-06-28,102,17:07:00,Friday,Finch / Markham,Investigation,20,40,N/B,9236
2019-06-28,63,17:10:00,Friday,Shaw and Adelaide,Mechanical,8,16,N/B,1309
2019-06-28,106,17:12:00,Friday,Sheppard west station,Mechanical,12,24,N/B,8186
2019-06-28,116,17:13:00,Friday,Eglinton and Brimley,Mechanical,6,13,E/B,8772
2019-06-28,996,17:14:00,Friday,Walsh & Weston,Investigation,11,21,W/B,3248
2019-06-28,109,17:15:00,Friday,Lawrence West station,Investigation,1,1,S/B,8345
2019-06-28,88,17:20:00,Friday,St Clair Station,Utilized Off Route,12,24,EB,8174
2019-06-28,33,17:22:00,Friday,St.Clair west station,Utilized Off Route,20,40,W/B,8162
2019-06-28,600,17:22:00,Friday,Ossington Station,Utilized Off Route,1,1,N/B,1379
2019-06-28,47,17:25:00,Friday,Earlscourt loop,Utilized Off Route,7,14,S/B,1001
2019-06-28,104,17:57:00,Friday,Wilson station to sheppard west station,General Delay,15,32,B/W,
2019-06-28,85,18:00:00,Friday,DONS,Mechanical,16,32,E/B,3554
2019-06-28,66,18:00:00,Friday,Old Mill Station,Mechanical,1,1,N/B,7968
2019-06-28,56,18:05:00,Friday,Eglinton Station,Mechanical,14,28,E/B,1219
2019-06-28,20,18:13:00,Friday,Danforth Ave and Danforth road,Investigation,13,26,E/B,8569
2019-06-28,49,18:20:00,Friday,Kipling Station to Markland,General Delay,6,19,B/W,
2019-06-28,68,18:24:00,Friday,Warden and Sheppard,Emergency Services,16,24,S/B,8732
2019-06-28,113,18:25:00,Friday,Main Station,Investigation,15,30,E/B,8457
2019-06-28,34,18:30:00,Friday,Eglinton and Ionview,Investigation,6,13,WB,8735
2019-06-28,83,18:35:00,Friday,Lake shore garage,Investigation,12,24,N/B,3112
2019-06-28,35,18:50:00,Friday,Steeles,Mechanical,12,24,N/B,3552
2019-06-28,42,18:58:00,Friday,Finch Station,Mechanical,16,32,EB,8119
2019-06-28,17,19:00:00,Friday,Lawrence / Birchmount,Diversion,12,24,S/B,
2019-06-28,129,19:00:00,Friday,STC,Mechanical,5,11,N/B,1548
2019-06-28,108,19:25:00,Friday,Finch and Driftwood,Investigation,18,36,N/B,3309
2019-06-28,73,20:22:00,Friday,Albion Rd and  Steinway,Emergency Services,10,20,S/B,8601
2019-06-28,121,20:30:00,Friday,Cherry Beach,Utilized Off Route,20,40,W/B,9222
2019-06-28,113,20:35:00,Friday,Danforth and Main,Investigation,20,40,W/B,8494
2019-06-28,85,21:20:00,Friday,SLP,Mechanical,16,32,W/B,3551
2019-06-28,73,22:36:00,Friday,Albion Rd at Clairepor,General Delay,15,25,B/W,
2019-06-28,110,22:41:00,Friday,Islington and Advance,Emergency Services,30,60,N/B,8080
2019-06-28,29,23:10:00,Friday,Dufferin / Rosemount,Investigation,8,15,S/B,9145
2019-06-28,91,23:13:00,Friday,Carnforth road and Lawrence,Emergency Services,24,48,N/B,8592
2019-06-28,91,23:13:00,Friday,Carnforth and Lawrence,Diversion,24,48,N/B,
2019-06-28,116,23:22:00,Friday,Kennedy station,Mechanical,10,20,,8923
2019-06-28,29,23:30:00,Friday,Springhurst Loop,Investigation,8,15,N/B,9140
2019-06-28,24,23:35:00,Friday,Victoria Park and Ellesmere,Investigation,9,18,S/B,3115
2019-06-28,100,23:48:00,Friday,Broadview and Browning Ave,Mechanical,10,20,N/B,8924
2019-06-28,53,23:58:00,Friday,Markham Rd and Steeles Ave,Emergency Services,18,36,W/B,1501
2019-06-29,44,00:11:00,Saturday,Kipling Station,Mechanical,1,1,B/W,7962
2019-06-29,54,00:48:00,Saturday,Eglinton and Duplex,Investigation,20,40,W,8926
2019-06-29,24,01:30:00,Saturday,St Clair and Victoria Park,Investigation,10,10,N/B,8467
2019-06-29,300,02:13:00,Saturday,Kipling Station,Mechanical,10,30,W/B,8019
2019-06-29,320,03:30:00,Saturday,Yonge and Roxborough,Mechanical,4,7,N/B,8105
2019-06-29,41,04:45:00,Saturday,Keele Station,Utilized Off Route,20,20,N/B,1017
2019-06-29,22,05:49:00,Saturday,Gerrard and Coxwell,Diversion,999,999,N/B,8936
2019-06-29,56,05:50:00,Saturday,Eglinton Station,Mechanical,30,60,S/B,8315
2019-06-29,91,06:14:00,Saturday,Eglinotn and Bermondsay,Diversion,999,999,B/W,8527
2019-06-29,41,06:17:00,Saturday,Pioneer Village Station,Mechanical,16,31,S/B,1361
2019-06-29,30,06:30:00,Saturday,Kipling station,Mechanical,30,60,E/B,8403
2019-06-29,77,06:48:00,Saturday,Runneymede Station,Mechanical,24,48,S/B,1119
2019-06-29,168,07:23:00,Saturday,Avon Loop,Mechanical,10,21,S/B,1205
2019-06-29,41,07:24:00,Saturday,Keele Station,Mechanical,15,29,N/B,1056
2019-06-29,32,07:41:00,Saturday,Eglington and Lascelles Blvd,Investigation,5,10,W/B,1070
2019-06-29,65,08:30:00,Saturday,Parliament Route,General Delay,10,20,BW,0
2019-06-29,53,08:50:00,Saturday,Morningside at Finch,Mechanical,26,52,N/B,1207
2019-06-29,92,09:00:00,Saturday,Woodbine South Route,General Delay,10,18,BW,0
2019-06-29,23,10:00:00,Saturday,Main Station to Rexleigh and St.Clair,General Delay,10,15,B/W,
2019-06-29,17,10:00:00,Saturday,Birchmount Route,General Delay,15,25,BW,0
2019-06-29,38,10:30:00,Saturday,Scarborough Centre Station,Mechanical,10,20,E/B,3427
2019-06-29,79,10:35:00,Saturday,Pine & Lawrence,Mechanical,24,24,S/B,1087
2019-06-29,24,10:36:00,Saturday,Steeles & Vic Park,Mechanical,9,18,S/B,8578
2019-06-29,985,10:44:00,Saturday,Don Mills Stn,Mechanical,12,24,E/B,9059
2019-06-29,168,10:45:00,Saturday,Dundas west stn,Mechanical,10,20,N/B,1407
2019-06-29,102,10:50:00,Saturday,16th avenue,Investigation,60,120,S/B,8951
2019-06-29,52,11:00:00,Saturday,T3,Mechanical,20,40,E/B,1213
2019-06-29,53,11:00:00,Saturday,Finch Station - Passmore at Markham - Morningside at Finch,General Delay,18,26,B/W,
2019-06-29,89,11:00:00,Saturday,Entire Route,General Delay,20,30,B/W,
2019-06-29,100,11:53:00,Saturday,Pape & Pepler ave,Investigation,9,18,N/B,8705
2019-06-29,939,11:58:00,Saturday,Victoria Park and Finch Av,Emergency Services,12,24,B/W,3431
2019-06-29,85,11:59:00,Saturday,Morningside/Sheppard,Mechanical,0,0,E/B,3516
2019-06-29,29,12:04:00,Saturday,Wilson Station,Mechanical,3,6,S/B,9014
2019-06-29,129,12:06:00,Saturday,Scarb. Town Centre,Mechanical,6,12,N/B,3413
2019-06-29,46,12:34:00,Saturday,Lloyd Manor Rd and Beaverbrook Ave.,Investigation,17,34,N/B,3138
2019-06-29,127,12:45:00,Saturday,Ossington and davenport,Mechanical,20,40,E/B,1633
2019-06-29,175,13:00:00,Saturday,Kennedy Station to Bluffs,General Delay,15,20,B/W,
2019-06-29,85,13:20:00,Saturday,Sheppard / Consumers,Investigation,22,44,E/B,1735
2019-06-29,161,13:50:00,Saturday,Oakwood and St Clair,Emergency Services,15,30,N/B,1350
2019-06-29,95,13:52:00,Saturday,Parkwoods Village at Combermere,Mechanical,13,26,E/B,3466
2019-06-29,72,14:00:00,Saturday,Pape Station to Front and Bay,General Delay,20,25,B/W,
2019-06-29,64,14:00:00,Saturday,Main Station to Queen and Wineva,General Delay,10,15,B/W,
2019-06-29,60,14:12:00,Saturday,Finch stn,Mechanical,5,9,W/B,3191
2019-06-29,100,14:15:00,Saturday,Broadview Station,Diversion,9,18,N/B,8836
2019-06-29,100,14:15:00,Saturday,Broadview Station,Emergency Services,9,18,N/B,8712
2019-06-29,86,14:22:00,Saturday,Kennedy Station,Mechanical,7,14,E/B,8783
2019-06-29,52,14:25:00,Saturday,Lawrence and Weston,Mechanical,17,34,W/B,8215
2019-06-29,36,14:29:00,Saturday,Humberwood loop,Investigation,5,10,W/B,3309
2019-06-29,21,14:40:00,Saturday,Brimley and Dorcot,Investigation,15,30,S/B,1337
2019-06-29,73,14:50:00,Saturday,royal york station,Mechanical,10,20,W/B,7964
2019-06-29,73,14:58:00,Saturday,cobble hills and royal york.,Mechanical,10,20,S/B,8077
2019-06-29,73,14:58:00,Saturday,cobble hills at royal york.,Mechanical,10,20,S/B,8077
2019-06-29,985,15:04:00,Saturday,Scarb. Town Centre,Mechanical,10,20,W/B,9079
2019-06-29,134,15:14:00,Saturday,Scarborough Town Centre,Mechanical,15,30,E/B,1255
2019-06-29,29,15:16:00,Saturday,Wilson Station,Mechanical,3,6,S/B,9142
2019-06-29,68,15:30:00,Saturday,Warden Stn to Steeles,General Delay,20,30,B/W,8657
2019-06-29,38,15:36:00,Saturday,Scarborough Town Centre,Vision,9,18,E/B,1728
2019-06-29,939,16:14:00,Saturday,Finch Station,Investigation,12,24,E/B,3418
2019-06-29,12,16:20:00,Saturday,Eglinton / Midland,Mechanical,30,60,W/B,3118
2019-06-29,25,16:26:00,Saturday,Don Mills Eglinton,Mechanical,1,1,S/B,8759
2019-06-29,52,16:54:00,Saturday,TOLLINGTON RD & MARTIN GROVE RD,Mechanical,9,17,E/B,1220
2019-06-29,86,16:55:00,Saturday,Kennedy Station,Mechanical,7,14,E/B,8733
2019-06-29,29,16:56:00,Saturday,Dufferin and Roger,Mechanical,3,6,N/B,9149
2019-06-29,46,17:01:00,Saturday,Kipling stn,Investigation,17,34,N/B,3200
2019-06-29,43,17:03:00,Saturday,Kennedy and Cornwallis,Mechanical,10,20,N/B,8868
2019-06-29,112,17:36:00,Saturday,Carlingview and International,Mechanical,17,34,EB,8432
2019-06-29,38,17:38:00,Saturday,Ellesmere and Scarborough Golf Club Road,Mechanical,9,18,E/B,1323
2019-06-29,29,18:17:00,Saturday,Eglinton and Dufferin,Investigation,3,6,S/B,9046
2019-06-29,60,18:37:00,Saturday,Finch stn,Mechanical,9,18,N/B,3369
2019-06-29,100,18:40:00,Saturday,St Dennis & Deauville,Mechanical,9,18,S/B,8837
2019-06-29,17,18:50:00,Saturday,Warden Station,Mechanical,10,20,N/B,9230
2019-06-29,29,18:57:00,Saturday,Dufferin and Stone House,Investigation,3,6,N/B,9148
2019-06-29,36,19:00:00,Saturday,Route 36,General Delay,15,23,B/W,
2019-06-29,15,19:15:00,Saturday,ANGLSEY AT ROYAL YORK,Mechanical,30,55,E/B,7971
2019-06-29,25,19:30:00,Saturday,Pape Station,Mechanical,9,18,N/B,8759
2019-06-29,95,19:40:00,Saturday,Warden/Ellesmere,Mechanical,15,30,E/B,1720
2019-06-29,65,19:57:00,Saturday,Shutter and Parliament,Mechanical,15,30,S/B,8959
2019-06-29,54,20:07:00,Saturday,Rouge Hill GO Stn loop,Investigation,20,40,E/B,8823
2019-06-29,29,20:10:00,Saturday,Dufferin and St. Clair,Mechanical,3,6,N/B,9049
2019-06-29,57,20:30:00,Saturday,Midland and Stansbury,Mechanical,16,32,N/B,8708
2019-06-29,165,21:06:00,Saturday,Steeles,Mechanical,8,15,N/B,3348
2019-06-29,85,21:09:00,Saturday,Don Mills Station,Mechanical,16,32,E/B,1308
2019-06-29,63,21:43:00,Saturday,Eglinton West station,Investigation,8,16,N/B,8313
2019-06-29,53,21:50:00,Saturday,Steeles and Bayview,Diversion,10,25,E/B,1401
2019-06-29,939,22:01:00,Saturday,Scarborough Town Center,Mechanical,10,10,W/B,1414
2019-06-29,41,22:10:00,Saturday,Wyndale Dr and Keele,Diversion,110,125,B/W,
2019-06-29,54,22:29:00,Saturday,Lawrence at Don Mills,Diversion,64,74,E/B,8850
2019-06-29,25,22:30:00,Saturday,Don Mills at Lawrence,Diversion,63,73,E/B,8849
2019-06-29,96,22:42:00,Saturday,Jane,Mechanical,12,24,W/B,3325
2019-06-29,43,22:46:00,Saturday,Midland/Steeles,Utilized Off Route,10,20,S/B,8709
2019-06-29,116,22:58:00,Saturday,Eglinton and Markham Road,Utilized Off Route,9,18,W/B,8847
2019-06-29,100,23:13:00,Saturday,Broadview Station,Utilized Off Route,10,20,S/B,8792
2019-06-29,927,23:51:00,Saturday,Dundas W & East Mall,Investigation,10,20,E/B,3252
2019-06-29,29,2019-06-29,Saturday,Dufferin & Glencairn,Mechanical,3,6,S/B,9148
2019-06-30,161,00:00:00,Sunday,Ossington Station,Mechanical,20,40,N/B,1259
2019-06-30,133,00:23:00,Sunday,Morningside and Finch Ave,Emergency Services,13,26,S/B,1393
2019-06-30,600,01:04:00,Sunday,Islinton station,Utilized Off Route,1,1,WB,8086
2019-06-30,600,01:05:00,Sunday,Islington Station,Utilized Off Route,1,1,NB,8058
2019-06-30,38,01:09:00,Sunday,Scarborough Town Centre,Utilized Off Route,13,26,E/B,1385
2019-06-30,53,01:38:00,Sunday,Steeles and Midland Ave,Mechanical,18,36,W/B,3451
2019-06-30,85,01:41:00,Sunday,Meadowvale Loop,Emergency Services,1,1,W/B,1674
2019-06-30,43,01:57:00,Sunday,Brigstock and Kennedy Rd,Emergency Services,15,30,N/B,8709
2019-06-30,300,02:52:00,Sunday,Bloor Street between Bay and Yonge Street,Diversion,231,261,B/W,8611
2019-06-30,329,04:30:00,Sunday,Steelers/Yonge,Investigation,30,60,E/B,9001
2019-06-30,352,05:45:00,Sunday,Sunnybrock Hospital,Mechanical,15,30,W/B,8187
2019-06-30,43,06:17:00,Sunday,Kennedy Station,Utilized Off Route,15,29,N/B,8846
2019-06-30,22,07:00:00,Sunday,Upper Gerrard/ Coxwell,Diversion,999,999,B/W,8529
2019-06-30,54,07:20:00,Sunday,Starspray Loop,Utilized Off Route,25,25,W/B,8770
2019-06-30,300,07:25:00,Sunday,Bloor Night bus route,General Delay,20,30,B/W,8037
2019-06-30,91,07:26:00,Sunday,Eglinton. Sloane,Diversion,999,999,B/W,9208
2019-06-30,54,07:50:00,Sunday,Starspray Loop,Utilized Off Route,30,46,W/B,8835
2019-06-30,925,08:26:00,Sunday,Don Mills & Freshmeadow,Utilized Off Route,10,20,S/B,8896
2019-06-30,47,08:29:00,Sunday,Lansdowne/College,Investigation,26,18,S/B,1272
2019-06-30,925,08:36:00,Sunday,Don Mills & Freshmeadow,Utilized Off Route,10,20,S/B,8906
2019-06-30,36,08:36:00,Sunday,Finch station,Investigation,9,18,W/B,3355
2019-06-30,73,08:37:00,Sunday,Royal York station,Utilized Off Route,10,20,N/B,8409
2019-06-30,45,08:53:00,Sunday,Finch and Kipling,Utilized Off Route,8,16,N/B,8037
2019-06-30,900,08:56:00,Sunday,Kipling station,Utilized Off Route,7,14,W/B,8094
2019-06-30,14,09:20:00,Sunday,Caledonia and Glencarin,Mechanical,20,40,E/B,1040
2019-06-30,127,09:27:00,Sunday,Townsley Loop,Mechanical,22,45,W/B,1094
2019-06-30,37,09:32:00,Sunday,Islington station,Mechanical,25,50,N/B,8073
2019-06-30,63,09:36:00,Sunday,Eglinton Station,Mechanical,8,17,,1342
2019-06-30,57,09:40:00,Sunday,Midland & Finch,Mechanical,18,35,N/B,8743
2019-06-30,720,09:43:00,Sunday,Eglinton and Bellamy,Investigation,0,0,E/B,8712
2019-06-30,34,09:46:00,Sunday,Eglinton and Wynford,Investigation,10,20,E/B,8806
2019-06-30,68,10:00:00,Sunday,Warden Station - to Warden Loop,General Delay,10,32,BW,
2019-06-30,35,10:00:00,Sunday,Jane Station,Mechanical,10,20,N/B,3356
2019-06-30,85,10:00:00,Sunday,Don Mills Station - Rouge Hill Go,General Delay,8,16,B/W,1323
2019-06-30,71,10:00:00,Sunday,Entire 71-A Routing,General Delay,20,40,B/W,1129
2019-06-30,36,10:28:00,Sunday,Finch and Islington,Diversion,6,12,W/B,
2019-06-30,37,10:33:00,Sunday,Finch and Islington,Diversion,20,40,N/B,8081
2019-06-30,54,10:40:00,Sunday,Laird and Eglinton Ave East,Mechanical,10,20,WB,8748
2019-06-30,116,10:45:00,Sunday,Kennedy station,Mechanical,7,13,E/B,8890
2019-06-30,134,10:52:00,Sunday,Finch/ Finchdene Sq,Mechanical,22,44,S/B,1394
2019-06-30,935,11:00:00,Sunday,Jane Station to Pioneer Village Station,General Delay,20,30,B/W,
2019-06-30,53,11:00:00,Sunday,Kennedy and Steeles,General Delay,20,35,B/W,
2019-06-30,35,11:00:00,Sunday,Jane Station - Pioneer Village Station,General Delay,10,20,B/W,
2019-06-30,29,11:02:00,Sunday,Exibition West loop,Mechanical,7,14,N/B,9045
2019-06-30,85,11:12:00,Sunday,Dons Mills Station,Mechanical,17,41,E/B,1200
2019-06-30,104,11:29:00,Sunday,Wilson Station,Mechanical,22,44,N/B,8349
2019-06-30,36,11:31:00,Sunday,Albion and Islington,Investigation,6,12,W/B,3239
2019-06-30,175,12:00:00,Sunday,Kennedy Station to the bluffs,General Delay,20,25,B/W,
2019-06-30,7,12:01:00,Sunday,Bathurst Station,Mechanical,7,14,,8354
2019-06-30,45,12:13:00,Sunday,kipling station,Mechanical,9,18,N/B,7975
2019-06-30,73,12:16:00,Sunday,Royal York and,Investigation,10,20,S/B,8013
2019-06-30,53,12:30:00,Sunday,Passmore / Markham,Mechanical,6,12,E/B,1713
2019-06-30,129,12:38:00,Sunday,Steeles and McCowan,Investigation,9,19,N/B,1718
2019-06-30,36,12:45:00,Sunday,Finch station,Mechanical,10,20,E/B,3139
2019-06-30,100,13:00:00,Sunday,FLEMINGDON PARK- ROUTE 100,General Delay,10,19,B/W,
2019-06-30,45,13:05:00,Sunday,kipling just south of clement,Vision,10,20,S/B,8043
2019-06-30,45,13:05:00,Sunday,kipling just south of Clement,Investigation,10,20,S/B,8043
2019-06-30,37,13:14:00,Sunday,Islington station,Mechanical,12,24,N/B,8071
2019-06-30,935,13:14:00,Sunday,Pioneer Village Station,Emergency Services,9,18,S/B,3146
2019-06-30,72,13:18:00,Sunday,Pape  Station,Investigation,18,36,S/B,8528
2019-06-30,29,13:21:00,Sunday,Dufferin and Lawrence,Mechanical,5,9,S/B,9146
2019-06-30,925,13:25:00,Sunday,PAPE STATION,Investigation,10,20,N/B,8633
2019-06-30,72,13:30:00,Sunday,Pape Station to Front and Bay,General Delay,20,25,W/B,
2019-06-30,81,13:40:00,Sunday,Pape Station,Diversion,9,14,S/B,
2019-06-30,72,13:40:00,Sunday,Pape Station,Diversion,5,23,S/B,
2019-06-30,116,13:50:00,Sunday,Kennedy Station,Mechanical,6,13,E/B,8699
2019-06-30,168,13:51:00,Sunday,Dundas West Station,Investigation,9,18,N/B,1633
2019-06-30,60,14:00:00,Sunday,Route 60,General Delay,19,29,B/W,
2019-06-30,64,14:00:00,Sunday,Main Station to Queen and Wineva,General Delay,10,15,B/W,
2019-06-30,25,14:04:00,Sunday,FRESHMEADOW/ DON MILLS,Mechanical,9,18,S/B,8648
2019-06-30,106,14:05:00,Sunday,Keele and Sheppard,Investigation,10,20,E/B,8314
2019-06-30,71,14:10:00,Sunday,Industry st,Mechanical,24,48,S/B,1354
2019-06-30,29,14:17:00,Sunday,Springhuat Loop,Mechanical,5,11,N/B,9002
2019-06-30,24,14:23:00,Sunday,Victoria Park station,Diversion,19,28,B/W,9232
2019-06-30,54,15:00:00,Sunday,Lawrence East Route,General Delay,15,27,BW,0
2019-06-30,65,15:00:00,Sunday,cvastle frank station,General Delay,154,30,B/W,
2019-06-30,67,15:00:00,Sunday,Pharmacy Route,General Delay,15,32,BW,0
2019-06-30,68,15:00:00,Sunday,Warden Route,General Delay,15,10,BW,0
2019-06-30,121,15:00:00,Sunday,Ontario place to Cherry beach,General Delay,20,25,B/W,
2019-06-30,69,15:00:00,Sunday,Warden Station to Kingston,General Delay,15,20,B/W,
2019-06-30,92,15:00:00,Sunday,Ashbidge Bay,General Delay,5,10,B/W,
2019-06-30,5,15:16:00,Sunday,Queens park and Wellesley St,Investigation,20,40,S/B,8383
2019-06-30,7,15:24:00,Sunday,Bathurst and Ranee Ave,Investigation,7,15,S/B,8310
2019-06-30,53,15:41:00,Sunday,Maxome and Steeles,Mechanical,12,18,W/B,1713
2019-06-30,55,15:48:00,Sunday,Old Mill Station,Mechanical,20,40,E/B,1614
2019-06-30,80,16:00:00,Sunday,Entire Route,General Delay,45,95,BW,8097
2019-06-30,116,16:00:00,Sunday,Entire Route,General Delay,20,25,S/B,
2019-06-30,37,16:00:00,Sunday,Entire Route,General Delay,30,50,BW,8065
2019-06-30,86,16:00:00,Sunday,Entire Route,General Delay,15,20,B/W,
2019-06-30,7,16:35:00,Sunday,Ardmore Rd and Bathurst,Mechanical,1,1,N/B,8326
2019-06-30,939,17:41:00,Sunday,Finch West Station.,Mechanical,16,32,E/B,1310
2019-06-30,39,18:30:00,Sunday,Finch Station,Mechanical,16,32,E/B,1741
2019-06-30,112,18:42:00,Sunday,Kipling Station,Mechanical,20,40,S/B,8012
2019-06-30,30,18:50:00,Sunday,maybelle and dundas,Investigation,30,60,E/B,8025
2019-06-30,36,19:00:00,Sunday,Route 36,General Delay,15,25,B/W,
2019-06-30,95,20:00:00,Sunday,York Mills Station,Mechanical,10,20,E/B,3551
2019-06-30,34,20:10:00,Sunday,Eglinton Station,Investigation,9,18,E/B,8878
2019-06-30,86,21:10:00,Sunday,Galloway & Kingston,Investigation,10,20,S/B,8875
2019-06-30,6,21:56:00,Sunday,Edward on Bay,Investigation,20,40,N/B,1142
2019-06-30,29,21:59:00,Sunday,Spring Hurst Loop,Mechanical,10,20,N/B,9016
2019-06-30,86,22:10:00,Sunday,Kennedy Station,Mechanical,10,20,N/B,8875
2019-06-30,75,22:22:00,Sunday,Rossedale Station,Mechanical,30,60,W/B,8108
2019-06-30,43,22:30:00,Sunday,Kennedy Station,Utilized Off Route,10,20,N/B,8923
2019-06-30,85,22:43:00,Sunday,Sheppard and Markham,Emergency Services,20,40,EB,1679
2019-06-30,32,23:25:00,Sunday,Eglinton and Weston,Mechanical,10,20,E/B,1054
2019-06-30,86,23:46:00,Sunday,Eglinton & Midland,Mechanical,10,20,N/B,8924
