Report Date,Route,Time,Day,Location,Incident,Min Delay,Min Gap,Direction,Vehicle
2019-07-01,107,00:04:00,Monday,Sheppard at Vitti St.,Diversion,30,60,B/W,
2019-07-01,106,00:04:00,Monday,Sheppard and Bakerfield Road,Diversion,1,1,E/B,8168
2019-07-01,84,00:04:00,Monday,Sheppard at Vitti St.,Diversion,10,20,B/W,
2019-07-01,108,00:04:00,Monday,Sheppard at Vitti St.,Diversion,30,60,B/W,
2019-07-01,75,00:21:00,Monday,Rosedale Station,Mechanical,10,30,E/B,1365
2019-07-01,54,00:23:00,Monday,Kennedy and Lawrence,Mechanical,20,40,W/B,8856
2019-07-01,63,00:36:00,Monday,Ossington and College,Utilized Off Route,10,20,S/B,8316
2019-07-01,63,00:43:00,Monday,Liberty Village,Utilized Off Route,10,20,N/B,1399
2019-07-01,106,00:50:00,Monday,Pioneer Village Station,Mechanical,16,32,S/B,8200
2019-07-01,307,01:30:00,Monday,Bathurst St.,General Delay,20,50,B/W,
2019-07-01,302,01:36:00,Monday,Victora Park and Finch to Bingham Loop,Mechanical,12,24,NB,8577
2019-07-01,116,02:22:00,Monday,Morningside and Neilson,Emergency Services,10,20,SB,8825
2019-07-01,300,03:09:00,Monday,Kennedy Station,Mechanical,60,120,WB,8016
2019-07-01,334,03:48:00,Monday,Eglinton and Kennedy,Investigation,30,60,EB,8757
2019-07-01,320,04:28:00,Monday,Yonge and Bloor,Utilized Off Route,15,30,N/B,8192
2019-07-01,383,05:05:00,Monday,lake shore garage,Emergency Services,1,1,B/W,
2019-07-01,60,05:46:00,Monday,Yonge and Steeles,Mechanical,12,12,W/B,3348
2019-07-01,133,06:00:00,Monday,133 Neilson Route,General Delay,13,26,B/W,3456
2019-07-01,14,06:00:00,Monday,Eglinton and Chaplin,Diversion,999,999,B/W,
2019-07-01,14,06:00:00,Monday,Eglinton and Russell Hill Rd,Diversion,275,295,E/B,
2019-07-01,24,06:20:00,Monday,Lawrance  and  Victoria pk,Mechanical,20,40,B/W,3118
2019-07-01,123,06:20:00,Monday,kipling station,Mechanical,10,20,S/B,8052
2019-07-01,300,06:20:00,Monday,Kipling Station,Mechanical,10,20,E/B,8052
2019-07-01,100,06:30:00,Monday,Broadview Station,Vision,10,20,N/B,8820
2019-07-01,79,07:00:00,Monday,Scarlett and Eglinton,Mechanical,1,1,S/B,1418
2019-07-01,94,07:20:00,Monday,Ossington Station,Utilized Off Route,7,14,E/B,1000
2019-07-01,6,07:29:00,Monday,Dupont and Davenport,Mechanical,30,60,S/B,1618
2019-07-01,113,07:35:00,Monday,kennedy station,Investigation,30,60,B/W,8474
2019-07-01,63,07:55:00,Monday,St clair w and Oakwood,Diversion,138,146,B/W,
2019-07-01,161,08:00:00,Monday,St.Clair and Oakwood,Diversion,190,200,B/W,
2019-07-01,89,08:22:00,Monday,Keele Station,Vision,1,1,S/B,1354
2019-07-01,86,08:30:00,Monday,Military & Kingston,Investigation,10,20,N/B,8629
2019-07-01,70,08:30:00,Monday,On Coxwell from Coxwell Station to O'Connor,Diversion,185,215,BW,8836
2019-07-01,60,08:54:00,Monday,Steeles at Islinton,Investigation,14,28,W/B,3184
2019-07-01,63,09:05:00,Monday,St clair W and Oakwood,Emergency Services,9,14,S/B,1399
2019-07-01,29,09:22:00,Monday,Lawrence and Dufferin,Mechanical,6,13,N/B,9146
2019-07-01,36,10:03:00,Monday,Finch at Sentinel,Investigation,10,20,E/B,3341
2019-07-01,67,10:08:00,Monday,Victoria Park,Mechanical,24,48,N/B,8740
2019-07-01,94,10:30:00,Monday,Queen's Park,Diversion,180,192,E/B,
2019-07-01,5,10:30:00,Monday,Avenue rd and Bloor,Diversion,210,240,B/W,
2019-07-01,37,10:37:00,Monday,islington and central pkwy,Investigation,15,30,S/B,8416
2019-07-01,36,10:40:00,Monday,Finch Station,Mechanical,10,20,W/B,3341
2019-07-01,108,10:45:00,Monday,Jane and Driftwood,Mechanical,30,60,E/B,3162
2019-07-01,87,11:00:00,Monday,cusburn /lusdum,Diversion,780,800,B/W,8527
2019-07-01,7,12:08:00,Monday,Wilson Garage,Mechanical,7,14,S/B,8215
2019-07-01,79,12:18:00,Monday,Eglinton and Scarlett,Mechanical,1,1,S/B,1418
2019-07-01,57,12:33:00,Monday,Steeles and Silverstar,Diversion,27,45,N/B,
2019-07-01,36,12:39:00,Monday,Finch and Albion,Investigation,5,10,E/B,3288
2019-07-01,32,12:50:00,Monday,Park Hill Road/Eglinton,Investigation,10,20,E/B,1408
2019-07-01,41,12:55:00,Monday,Keele and Eglinton,Mechanical,12,23,S/B,1260
2019-07-01,33,13:55:00,Monday,St clair west station,Utilized Off Route,20,40,N/B,8107
2019-07-01,94,13:58:00,Monday,Wellesley Station,Utilized Off Route,12,24,E/B,1085
2019-07-01,129,14:00:00,Monday,129 McCowan North-All Branch,General Delay,20,60,B/W,3525
2019-07-01,9,14:00:00,Monday,95 York Mills Route-All Branch,General Delay,10,20,B/W,3425
2019-07-01,900,14:07:00,Monday,Kipling Station,Mechanical,10,20,N/B,8009
2019-07-01,63,14:45:00,Monday,Eglinto west station,Mechanical,6,12,S/B,1372
2019-07-01,101,15:00:00,Monday,Sheppard at Chessword Dr.,Diversion,500,520,B/W,
2019-07-01,97,15:00:00,Monday,Yonge and Park Home ave,Diversion,600,630,B/W,
2019-07-01,112,15:12:00,Monday,"On The West Mall, at (south of) Bloor",Investigation,15,30,N/B,8403
2019-07-01,52,15:16:00,Monday,Lawrence W stn,Mechanical,7,14,E/B,1251
2019-07-01,129,15:30:00,Monday,#7 and McCowan Rd,Diversion,485,520,B/W,3525
2019-07-01,95,15:30:00,Monday,Brimley and Ellesmere Rd,Diversion,90,107,B/W,3425
2019-07-01,41,15:55:00,Monday,Keele and Sheppard,Mechanical,10,21,S/B,1595
2019-07-01,104,15:55:00,Monday,Wilson Heights and Clifton Ave,Mechanical,22,44,S/B,8161
2019-07-01,97,16:00:00,Monday,Entire Route,General Delay,1,1,B/W,
2019-07-01,75,16:00:00,Monday,Entire Route,General Delay,1,1,B/W,
2019-07-01,85,16:02:00,Monday,Meadowvale Loop,Mechanical,5,11,W/B,1577
2019-07-01,73,16:10:00,Monday,Royal York Station,Mechanical,30,60,SB,7967
2019-07-01,29,16:14:00,Monday,Wilson Station,Mechanical,4,8,S/B,9010
2019-07-01,109,16:35:00,Monday,Allen and Lawrence,Mechanical,20,40,S/B,1275
2019-07-01,24,16:43:00,Monday,Victoria Park and Denton road,Mechanical,8,16,S/B,8449
2019-07-01,161,16:51:00,Monday,Jane and Alliance,Mechanical,15,30,E/B,
2019-07-01,90,17:02:00,Monday,Oakwood / Vaughn,Mechanical,8,16,S/B,8213
2019-07-01,29,17:18:00,Monday,Dufferin at Lawrence,Mechanical,5,10,S/B,9018
2019-07-01,32,17:21:00,Monday,Emmett and Verona,Mechanical,20,40,E/B,1006
2019-07-01,43,17:39:00,Monday,Scarborough Town Centre,Mechanical,15,30,S/B,8906
2019-07-01,63,18:10:00,Monday,Queen and Ossington,Mechanical,10,19,N/B,1283
2019-07-01,44,18:10:00,Monday,"On Kipling, at The Queensway",Diversion,50,60,N/B,
2019-07-01,935,18:20:00,Monday,Jane Station,Emergency Services,9,18,N/B,3214
2019-07-01,106,18:22:00,Monday,Sheppard/Bakersfield,Mechanical,10,20,E/B,1229
2019-07-01,95,18:30:00,Monday,Scarborough U-F-T loop,Mechanical,17,34,W/B,1703
2019-07-01,73,18:35:00,Monday,Royal York Station,Mechanical,20,40,NB,8600
2019-07-01,43,18:53:00,Monday,Scarborough Town Centre,Mechanical,15,30,S/B,8625
2019-07-01,85,19:00:00,Monday,Sheppard and Markham,Mechanical,5,10,EB,1509
2019-07-01,111,19:00:00,Monday,Kipling Station to Willowridge,General Delay,15,35,B/W,
2019-07-01,939,19:05:00,Monday,Finch and Edithvale Park,Mechanical,1,1,EB,1291
2019-07-01,106,19:41:00,Monday,Sentinel Rd and Finch Ave west,Mechanical,16,32,S/B,1217
2019-07-01,29,19:46:00,Monday,Exhibition West Loop,Mechanical,9,18,S/B,9136
2019-07-01,59,19:58:00,Monday,Church at Jane,Mechanical,30,60,E/B,3218
2019-07-01,63,20:00:00,Monday,Entire Route,General Delay,1,1,B/W,
2019-07-01,32,20:11:00,Monday,Eglinton and Martin Grove,Mechanical,10,20,E/B,1127
2019-07-01,935,20:18:00,Monday,Jane at Maple Leaf,Utilized Off Route,7,14,S/B,3149
2019-07-01,53,20:43:00,Monday,Steeles and Don Mills,Mechanical,20,40,EB,3536
2019-07-01,131,21:00:00,Monday,Scarborough Town Centre,Vision,32,64,EB,1727
2019-07-01,53,21:30:00,Monday,53 Steeles Route All Branch,General Delay,20,39,B/W,1404
2019-07-01,130,21:30:00,Monday,Middlefield and Steeles,Diversion,30,60,SB,1391
2019-07-01,53,21:30:00,Monday,McCowan and Steeles,Diversion,70,89,B/W,1404
2019-07-01,63,21:45:00,Monday,Liberty Village,Mechanical,10,20,N/B,8109
2019-07-01,106,22:00:00,Monday,Downsview Park,General Delay,1,1,B/W,
2019-07-01,95,22:09:00,Monday,Ellesmere and Conlins road,Vision,10,20,WB,3437
2019-07-01,63,22:20:00,Monday,Eglinton West Stn,Mechanical,10,20,S/B,8159
2019-07-01,61,22:30:00,Monday,Old Orchad Road,Mechanical,18,24,N/B,8117
2019-07-01,133,23:34:00,Monday,STC SRT Station,Emergency Services,13,26,E/B,3456
2019-07-01,82,23:35:00,Monday,Queen and Coxwell,Investigation,10,20,N/B,8482
2019-07-02,757,00:14:00,Tuesday,Queen and Woodbine,Investigation,1,1,N/B,9077
2019-07-02,102,00:35:00,Tuesday,Warden Station,Mechanical,30,60,N/B,9235
2019-07-02,63,00:43:00,Tuesday,Liberty Village,Utilized Off Route,10,20,N/B,1399
2019-07-02,36,01:00:00,Tuesday,Finch Station,Mechanical,10,20,W/B,3334
2019-07-02,42,01:15:00,Tuesday,VP and Mccnicoll Ave,Mechanical,1,1,W/B,8378
2019-07-02,383,04:03:00,Tuesday,Coxwell and Queen,Investigation,0,0,W/B,8540
2019-07-02,320,04:47:00,Tuesday,Faywood & Clanton Park,Investigation,15,30,S/B,1251
2019-07-02,300,05:16:00,Tuesday,Broadview and Danforth,Mechanical,30,60,W/B,8023
2019-07-02,22,05:32:00,Tuesday,Coxwell and Gerrard,Diversion,999,999,N/B,
2019-07-02,34,05:43:00,Tuesday,Eglinton STN,Mechanical,9,18,E/B,8742
2019-07-02,24,05:58:00,Tuesday,Victoria Park station,Mechanical,6,16,B/W,8960
2019-07-02,68,06:00:00,Tuesday,Warden loop,Mechanical,21,32,S/B,8751
2019-07-02,937,06:07:00,Tuesday,Islington Ave and Elmhurst,Mechanical,0,11,S/B,7965
2019-07-02,43,06:09:00,Tuesday,Kennedy Station,Utilized Off Route,10,20,N/B,8755
2019-07-02,900,06:10:00,Tuesday,Kipling Station,Investigation,7,14,N/B,8000
2019-07-02,100,06:15:00,Tuesday,DON MILLS/ WYNFORD,Mechanical,3,7,S/B,8891
2019-07-02,87,06:15:00,Tuesday,Broaview station,Utilized Off Route,5,10,N/B,8471
2019-07-02,32,06:15:00,Tuesday,Caledonia and Eglinton,Mechanical,6,12,E/B,1078
2019-07-02,836,06:15:00,Tuesday,Queen  and  Jones,Mechanical,13,26,N/B,8465
2019-07-02,161,06:19:00,Tuesday,NB on Dovercourt at Dupont,Diversion,122,133,W/B,1420
2019-07-02,35,06:20:00,Tuesday,Jane & York Gate Blvd,Investigation,10,20,N/B,3318
2019-07-02,986,06:26:00,Tuesday,Meadowvale Loop,Utilized Off Route,5,10,W/B,8738
2019-07-02,161,06:28:00,Tuesday,Jane and Alliance,Mechanical,13,26,W/B,1261
2019-07-02,39,06:29:00,Tuesday,Victoria Park and Finch,Mechanical,10,20,W/B,1400
2019-07-02,35,06:34:00,Tuesday,JNST - Jane Stn,Investigation,10,20,N/B,3278
2019-07-02,116,06:35:00,Tuesday,Kennedy STN,Mechanical,7,13,E/B,8712
2019-07-02,935,06:36:00,Tuesday,PVST - Pioneer Village,Mechanical,9,17,S/B,3268
2019-07-02,900,06:40:00,Tuesday,queensway garage,Mechanical,7,14,N/B,8008
2019-07-02,36,06:44:00,Tuesday,Finch and Sentinel,Mechanical,8,16,W/B,9114
2019-07-02,96,06:45:00,Tuesday,Humberline Loop,Utilized Off Route,0,0,E/B,3265
2019-07-02,6,07:06:00,Tuesday,Queens Quay and Yonge,Mechanical,5,10,N/B,1132
2019-07-02,131,07:10:00,Tuesday,McCowan and Triton,Mechanical,10,20,W/B,1224
2019-07-02,123,07:15:00,Tuesday,shorncliffe,Investigation,15,30,S/B,8045
2019-07-02,29,07:16:00,Tuesday,Wilson Station,Mechanical,8,17,S/B,9141
2019-07-02,52,07:20:00,Tuesday,Highway 409 on ramp at Airport Rd.,General Delay,38,38,W/B,
2019-07-02,55,07:26:00,Tuesday,Old Mill Station,Mechanical,16,32,N/B,1415
2019-07-02,72,07:38:00,Tuesday,Pape Station / Pape Avenue,Investigation,9,18,S/B,8950
2019-07-02,72,07:41:00,Tuesday,Pape Station / Pape Avenue,Investigation,9,18,S/B,8597
2019-07-02,84,07:45:00,Tuesday,1111 Arrow Road,Mechanical,19,38,E/B,3355
2019-07-02,63,07:47:00,Tuesday,Atlantic and King,Mechanical,10,20,N/B,1362
2019-07-02,36,08:12:00,Tuesday,Finch and Signet,Mechanical,6,12,W/B,9115
2019-07-02,24,08:30:00,Tuesday,"Victoria Park, Eglinton, Lawrence",General Delay,14,14,B/W,
2019-07-02,6,08:45:00,Tuesday,Bay and King,Investigation,5,10,N/B,1055
2019-07-02,32,08:51:00,Tuesday,Eglinton Station,Mechanical,1,1,W/B,1115
2019-07-02,108,09:00:00,Tuesday,SWST,Mechanical,6,12,E/B,3230
2019-07-02,91,09:00:00,Tuesday,lawrance /Camforth,General Delay,26,52,N/B,
2019-07-02,36,09:00:00,Tuesday,Finch west station,Mechanical,5,10,E/B,3359
2019-07-02,91,09:16:00,Tuesday,lawrance and comforth,Mechanical,26,52,N/B,8456
2019-07-02,130,09:16:00,Tuesday,Triton EB,Mechanical,15,32,N/B,1509
2019-07-02,927,09:33:00,Tuesday,Steeles and Martin Grove Loop,Mechanical,6,12,S/B,3326
2019-07-02,54,10:00:00,Tuesday,Lawrence & Don Mills,Utilized Off Route,10,20,W/B,8720
2019-07-02,73,10:23:00,Tuesday,"On Royal York, at Evans",Mechanical,10,21,N/B,8095
2019-07-02,122,10:35:00,Tuesday,Lynedock Cres. And Fenside Dr.,Mechanical,17,34,W/B,8143
2019-07-02,22,10:44:00,Tuesday,Coxwell and Gerrard,Investigation,8,16,S/B,9232
2019-07-02,53,10:45:00,Tuesday,Midland and Steeles,Investigation,23,46,W/B,1207
2019-07-02,12,10:52:00,Tuesday,Brimley and Kingston,Diversion,38,50,W/B,9205
2019-07-02,97,10:58:00,Tuesday,Hilda Steels,Investigation,30,60,N/B,8125
2019-07-02,68,11:08:00,Tuesday,Warden & Arkona,Investigation,10,20,N/B,8740
2019-07-02,85,11:38:00,Tuesday,Blue Ridge Rd and Sheppard,Mechanical,22,44,E/B,3455
2019-07-02,34,11:50:00,Tuesday,BRENTCLIFFE/EGLINTON,Emergency Services,8,16,E/B,8794
2019-07-02,85,11:52:00,Tuesday,Don Mills Station,Utilized Off Route,14,21,E/B,3424
2019-07-02,929,12:00:00,Tuesday,Dufferin and Belgravia,Mechanical,10,20,N/B,9016
2019-07-02,134,12:17:00,Tuesday,Centennial College,Mechanical,9,18,W/B,9099
2019-07-02,107,12:50:00,Tuesday,Sheppard west station,Mechanical,30,60,W/B,3274
2019-07-02,34,13:04:00,Tuesday,Eglinton/Leslie,Investigation,8,16,W/B,8787
2019-07-02,41,13:17:00,Tuesday,NB on Keele at Maple Leaf,Investigation,9,18,S/B,9019
2019-07-02,80,13:30:00,Tuesday,Queensway/Royal York to Queensway/Kipling,General Delay,13,37,W/B,
2019-07-02,29,13:40:00,Tuesday,Duffering and Simcoe.,Mechanical,7,14,N/B,9046
2019-07-02,50,14:00:00,Tuesday,Islington Station to the Mill Road Loop,General Delay,15,35,B/W,
2019-07-02,39,14:00:00,Tuesday,39 Finch Route-All Branch,General Delay,14,28,B/W,3549
2019-07-02,939,14:00:00,Tuesday,939 Finch Express-All Branch,General Delay,12,24,B/W,3559
2019-07-02,66,14:00:00,Tuesday,Old Mill Station to Humber Loop and Marine Parade,General Delay,15,27,B/W,
2019-07-02,32,14:20:00,Tuesday,Jane and Eglinton,Mechanical,10,21,W/B,1115
2019-07-02,996,14:43:00,Tuesday,Wilson at Transit rd,Investigation,11,22,W/B,3226
2019-07-02,14,14:50:00,Tuesday,On Caledonia at Tycos,Investigation,20,40,E/B,1590
2019-07-02,52,14:52:00,Tuesday,Westway and Martin grove,Diversion,93,104,B/W,1257
2019-07-02,36,14:59:00,Tuesday,Jane,Mechanical,5,10,N/B,3341
2019-07-02,22,15:00:00,Tuesday,Coxwell Station to Bingham Loop,General Delay,15,20,B/W,
2019-07-02,56,15:00:00,Tuesday,Eglinton station to Donlands station,General Delay,10,17,B/W,
2019-07-02,122,15:00:00,Tuesday,Yorkmills and Bayview,General Delay,10,21,B/W,
2019-07-02,952,15:00:00,Tuesday,Weston to Bathrust on lawrence,General Delay,12,24,B/W,
2019-07-02,64,15:00:00,Tuesday,Main Station to Queen and Wineva,General Delay,10,15,B/W,
2019-07-02,102,15:00:00,Tuesday,Warden Station to Major Mac,General Delay,18,15,B/W,
2019-07-02,52,15:00:00,Tuesday,On Lawrence between Weston and Bathrust.,General Delay,10,18,B/W,
2019-07-02,135,15:00:00,Tuesday,Warden station to Main Station,General Delay,10,15,B/W,
2019-07-02,88,15:00:00,Tuesday,St.Clair Stn,Mechanical,12,24,E/B,8163
2019-07-02,14,15:00:00,Tuesday,Tycos and Caledonia road,Diversion,17,,W/B,1590
2019-07-02,52,15:05:00,Tuesday,Caledonia and Lawrence Ave,Mechanical,15,30,W/B,8346
2019-07-02,939,15:15:00,Tuesday,Finch and Seneca College loop,Mechanical,12,24,W/B,1404
2019-07-02,31,15:20:00,Tuesday,Greenwood Station,Investigation,10,10,S/B,8575
2019-07-02,711,15:29:00,Tuesday,Eglinton Station,Utilized Off Route,1,1,N/B,1223
2019-07-02,711,15:33:00,Tuesday,Eglinton Station,Utilized Off Route,1,1,W/B,1228
2019-07-02,15,15:33:00,Tuesday,Mill Road Loop,Mechanical,14,28,S/B,8433
2019-07-02,60,15:39:00,Tuesday,Steeles and Yonge,Mechanical,10,19,W/B,3330
2019-07-02,939,15:50:00,Tuesday,Finch Station,Mechanical,8,16,E/B,1663
2019-07-02,39,15:56:00,Tuesday,Finch Station,Mechanical,14,28,E/B,1402
2019-07-02,9,16:00:00,Tuesday,Bellamy Route,General Delay,19,38,B/W,
2019-07-02,17,16:00:00,Tuesday,Birchmount Route,General Delay,10,20,B/W,
2019-07-02,16,16:00:00,Tuesday,McCowan Route,General Delay,9,19,B/W,
2019-07-02,63,16:00:00,Tuesday,Entire Route,General Delay,1,1,B/W,
2019-07-02,142,16:00:00,Tuesday,Bombay loop to Richmond/Jarvis.,General Delay,10,40,B/W,
2019-07-02,20,16:20:00,Tuesday,Kennedy Station,Mechanical,13,26,W/B,8544
2019-07-02,105,16:23:00,Tuesday,Sheppard West Station,Mechanical,12,24,N/B,1226
2019-07-02,24,16:30:00,Tuesday,Victoria Park from Station to Steeles,General Delay,27,36,B/W,
2019-07-02,81,16:30:00,Tuesday,pape Station to Thorncliffe Park,General Delay,10,15,B/W,
2019-07-02,26,17:12:00,Tuesday,Old Mill Stn,Investigation,17,34,E/B,1027
2019-07-02,902,17:14:00,Tuesday,Lawrence,Investigation,10,20,N/B,8553
2019-07-02,35,17:17:00,Tuesday,Jane @ Bradley,Investigation,8,15,N/B,3504
2019-07-02,77,17:43:00,Tuesday,South port and Windermere Pl.,Emergency Services,9,18,N/B,1085
2019-07-02,133,17:44:00,Tuesday,Morningside/Finch,Mechanical,9,18,W/B,3442
2019-07-02,952,18:00:00,Tuesday,Lawrence station,Mechanical,1,1,W/B,8158
2019-07-02,86,18:15:00,Tuesday,Meadowvale & Sheppard,Mechanical,18,36,N/B,8687
2019-07-02,17,18:23:00,Tuesday,Ashtonbee and Birchmount,Diversion,10,20,S/B,8452
2019-07-02,95,18:24:00,Tuesday,Ellesmere Cul-De-Sac Kingston Loop,Emergency Services,8,16,W/B,3431
2019-07-02,54,18:25:00,Tuesday,Lawrence & Scarborough Golf Club Rd,Emergency Services,7,13,W/B,8709
2019-07-02,11,18:32:00,Tuesday,Eglinton and Bayview,Investigation,14,28,N/B,8129
2019-07-02,937,18:49:00,Tuesday,Islington and Eglinton,Mechanical,12,24,N/B,8432
2019-07-02,79,18:51:00,Tuesday,Runnymede Station,Mechanical,6,14,N/B,1411
2019-07-02,39,18:55:00,Tuesday,Neilson and Crow Trail,Mechanical,12,24,W/B,1386
2019-07-02,105,19:00:00,Tuesday,Dufferin and Finch,General Delay,1,1,B/W,
2019-07-02,104,19:00:00,Tuesday,Dufferin and Finch,General Delay,1,1,B/W,
2019-07-02,89,19:01:00,Tuesday,Weston at Ray,Mechanical,10,20,S/B,1038
2019-07-02,104,19:03:00,Tuesday,Wilson Station,Mechanical,18,36,N/B,1276
2019-07-02,32,19:09:00,Tuesday,Eglinton Station,Investigation,10,20,W/B,1081
2019-07-02,80,19:10:00,Tuesday,Keele Station,Mechanical,20,40,S/B,8606
2019-07-02,7,19:46:00,Tuesday,Dupont and Bathurst,Investigation,7,15,S/B,8320
2019-07-02,7,19:54:00,Tuesday,Lawrence and Bathurst,Investigation,7,15,N/B,8110
2019-07-02,92,20:21:00,Tuesday,Woodbine and Queen,Investigation,12,24,N/B,8565
2019-07-02,40,21:00:00,Tuesday,Dundas West Station and Runnymede Loop,General Delay,4,16,B/W,
2019-07-02,109,21:10:00,Tuesday,Eglinton West station,Mechanical,25,50,N/B,8331
2019-07-02,34,21:20:00,Tuesday,Kennedy Station,Emergency Services,6,13,W/B,8866
2019-07-02,53,21:31:00,Tuesday,Passmore and Markham Rd,Mechanical,5,10,W/B,1550
2019-07-02,7,21:35:00,Tuesday,Greenwin village and bathurst,Utilized Off Route,7,15,S/B,8201
2019-07-02,29,21:35:00,Tuesday,Queen and Dufferin,Diversion,9,17,S/B,9004
2019-07-02,86,22:58:00,Tuesday,Kingston & Guildwood,Mechanical,10,20,S/B,8667
2019-07-03,320,01:23:00,Wednesday,Yonge at Dundas,Diversion,1,1,B/W,
2019-07-03,85,01:24:00,Wednesday,Warden and Sheppard Ave,Investigation,20,40,E/B,3429
2019-07-03,320,02:06:00,Wednesday,Yonge at Steeles,Mechanical,3,7,S/B,8110
2019-07-03,20,05:10:00,Wednesday,Midalnad/ Brussels,Mechanical,20,40,N/B,8479
2019-07-03,52,05:45:00,Wednesday,Lawrence West Station,Mechanical,28,56,E/B,8300
2019-07-03,43,06:09:00,Wednesday,Kennedy Station,Utilized Off Route,10,20,N/B,8892
2019-07-03,43,06:14:00,Wednesday,Kennedy Station,Mechanical,10,20,N/B,8736
2019-07-03,23,06:19:00,Wednesday,main station,Investigation,12,24,S/B,9218
2019-07-03,935,06:28:00,Wednesday,PVST - Pioneer Village,Mechanical,8,18,S/B,3146
2019-07-03,75,06:36:00,Wednesday,bloor,Mechanical,8,17,S/B,1309
2019-07-03,606,06:39:00,Wednesday,Kennedy Station,Utilized Off Route,1,1,S/B,8545
2019-07-03,905,06:41:00,Wednesday,Kennedy STN,Mechanical,9,18,E/B,8805
2019-07-03,87,06:46:00,Wednesday,MAIN STATION,Utilized Off Route,6,12,S/B,3119
2019-07-03,45,06:50:00,Wednesday,Kipling and Steeles,Mechanical,9,18,S/B,8434
2019-07-03,131,06:51:00,Wednesday,Scarborough Town Center,Mechanical,10,20,S/B,1561
2019-07-03,91,06:52:00,Wednesday,mortimer and woodbine,Diversion,25,37,B/W,
2019-07-03,11,06:52:00,Wednesday,bayview / lawrence,Mechanical,15,30,S/B,8329
2019-07-03,93,06:52:00,Wednesday,Mortimer and Woodbine,Diversion,25,65,B/W,
2019-07-03,110,06:55:00,Wednesday,Long Branch Loop,Mechanical,24,47,N/B,8419
2019-07-03,143,07:00:00,Wednesday,Queen and Wineva,General Delay,10,1,W/B,
2019-07-03,56,07:03:00,Wednesday,Donlands Station,Mechanical,9,18,N/B,1235
2019-07-03,32,07:11:00,Wednesday,jane and Emmette,Vision,11,22,E/B,1620
2019-07-03,709,07:32:00,Wednesday,Lansdwone and Queen,Utilized Off Route,1,1,N/B,1147
2019-07-03,89,07:35:00,Wednesday,Keele StaTION,Utilized Off Route,10,20,N/B,1407
2019-07-03,104,07:37:00,Wednesday,Dufferin and Finch,Mechanical,18,36,,8338
2019-07-03,986,07:47:00,Wednesday,Kennedy STN,Mechanical,5,10,E/B,8850
2019-07-03,123,07:58:00,Wednesday,Longbranch Loop,Mechanical,24,48,N/B,8602
2019-07-03,17,08:00:00,Wednesday,Birchmount,General Delay,10,1,B/W,
2019-07-03,49,08:00:00,Wednesday,Kipling Station to Bloor and Markland,General Delay,20,29,B/W,
2019-07-03,20,08:02:00,Wednesday,Midland/ Danforth,Mechanical,11,21,S/B,8934
2019-07-03,32,08:09:00,Wednesday,Eglinton Stn,Mechanical,10,20,W/B,1378
2019-07-03,24,08:19:00,Wednesday,Victoria day/ Finch,Diversion,24,34,B/W,8580
2019-07-03,168,08:24:00,Wednesday,Dundas W Stn,Mechanical,6,12,N/B,1111
2019-07-03,996,08:28:00,Wednesday,Wilson Station,Mechanical,10,19,E/B,3238
2019-07-03,24,08:30:00,Wednesday,"Lawrence, Eglinton",General Delay,10,10,B/W,9206
2019-07-03,36,08:35:00,Wednesday,Finch and Driftwood,Mechanical,10,20,W/B,9117
2019-07-03,35,08:35:00,Wednesday,PVST - Pioneer Village,Mechanical,7,18,S/B,3155
2019-07-03,97,08:36:00,Wednesday,Yonge & Queens Quay,Mechanical,30,60,S/B,8190
2019-07-03,55,08:42:00,Wednesday,Old Mill Station,Mechanical,15,30,N/B,1082
2019-07-03,927,08:43:00,Wednesday,Kipling station,Investigation,5,10,N/B,3247
2019-07-03,16,09:00:00,Wednesday,McCowan route,General Delay,10,1,S/B,
2019-07-03,167,09:12:00,Wednesday,Victoria Park and Esquire,Mechanical,30,60,B/W,8578
2019-07-03,14,09:20:00,Wednesday,Avenue and Chapline Cres,Diversion,999,999,B/W,
2019-07-03,14,09:24:00,Wednesday,Avenue rd and Chapline cres,General Delay,8,28,B/W,
2019-07-03,935,09:28:00,Wednesday,PVST - Pioneer Village,Mechanical,11,22,S/B,3146
2019-07-03,52,09:50:00,Wednesday,Lawrence and Keele,Diversion,1,1,W/B,
2019-07-03,91,09:52:00,Wednesday,Eglinton and Sloane,Investigation,26,52,S/B,8952
2019-07-03,167,10:00:00,Wednesday,Esquire/ Victoria Park station,General Delay,30,60,B/W,8578
2019-07-03,112,10:06:00,Wednesday,Kipling Station,Mechanical,20,40,N/B,8605
2019-07-03,24,10:17:00,Wednesday,Ferncrest Gate,Mechanical,10,20,B/W,8946
2019-07-03,63,10:21:00,Wednesday,Ossington and Hallam,Mechanical,5,9,N/B,8337
2019-07-03,41,10:22:00,Wednesday,Keele and Eglinton,Investigation,9,18,Operator,9020
2019-07-03,929,10:25:00,Wednesday,Dufferin and St. Clair,Mechanical,8,17,N/B,9010
2019-07-03,29,10:30:00,Wednesday,Dufferin and Samor,Mechanical,8,17,N/B,9002
2019-07-03,42,10:39:00,Wednesday,Cummer & Maxonne,Investigation,11,22,E/B,8305
2019-07-03,36,10:50:00,Wednesday,Finch and Oakdale,Mechanical,5,10,E/B,9113
2019-07-03,63,11:10:00,Wednesday,Ossington and dundas,Mechanical,9,18,N/B,8377
2019-07-03,75,11:14:00,Wednesday,bloor,Mechanical,8,16,N/B,8172
2019-07-03,995,11:19:00,Wednesday,Vic Park and Ellesmere,Mechanical,15,30,W/B,1721
2019-07-03,76,11:20:00,Wednesday,Lakeshore and Mimco,Mechanical,10,20,N/B,8013
2019-07-03,7,11:21:00,Wednesday,bainbridge,Emergency Services,9,18,N/B,1346
2019-07-03,29,11:38:00,Wednesday,Dufferin and Croatia,Investigation,8,17,S/B,9036
2019-07-03,72,12:00:00,Wednesday,CARLAW/DUNDAS,General Delay,15,34,B/W,
2019-07-03,121,12:05:00,Wednesday,Front and Berkeley,Investigation,20,40,S/B,9223
2019-07-03,70,12:16:00,Wednesday,St. Clair & Victoria Park,Investigation,18,36,E/B,8860
2019-07-03,32,12:20:00,Wednesday,Eglinton West Stn,Mechanical,13,26,E/B,1005
2019-07-03,41,12:24:00,Wednesday,Keele Station,Mechanical,9,18,N/B,9144
2019-07-03,37,12:27:00,Wednesday,Islington Station,Mechanical,20,40,N/B,8028
2019-07-03,939,12:47:00,Wednesday,McCowan and Finch,Mechanical,8,16,B/W,1744
2019-07-03,52,12:53:00,Wednesday,Lawrence and Pine,Investigation,15,30,E/B,8185
2019-07-03,65,12:53:00,Wednesday,castlefrank stn,Investigation,13,26,S/B,8556
2019-07-03,75,12:57:00,Wednesday,bloor,Mechanical,11,22,N/B,8328
2019-07-03,104,13:20:00,Wednesday,Dufferin st and Kennard,Diversion,20,78,S/B,8161
2019-07-03,94,13:30:00,Wednesday,Welseley and Church,General Delay,17,34,B/W,1095
2019-07-03,80,13:30:00,Wednesday,Royal York to Kipling on Queensway,General Delay,8,32,B/W,
2019-07-03,52,13:31:00,Wednesday,Lawrence and Marlee,Investigation,15,30,W/B,8182
2019-07-03,60,13:45:00,Wednesday,Signal Hill/ Steeles,Mechanical,9,18,E/B,3141
2019-07-03,160,13:56:00,Wednesday,Wilson heights and Goodwill ave,Investigation,25,50,S/B,1362
2019-07-03,96,13:56:00,Wednesday,Finch at Humberline,Diversion,64,84,B/W,3241
2019-07-03,29,14:00:00,Wednesday,Entire Route,General Delay,25,35,B/W,
2019-07-03,11,14:00:00,Wednesday,Davisville station to York mills rd,General Delay,16,30,B/W,
2019-07-03,109,14:00:00,Wednesday,Ranee and Ameer,Diversion,1,1,B/W,
2019-07-03,165,14:10:00,Wednesday,York Mills Station,Mechanical,10,20,W/B,3162
2019-07-03,96,14:14:00,Wednesday,Wilson at Ridge,Mechanical,23,46,E/B,3149
2019-07-03,24,14:23:00,Wednesday,Eglinton and Victoria park,Mechanical,10,20,S/B,8444
2019-07-03,96,14:30:00,Wednesday,York Mills Station - Humberline Loop - Carrrier Loop,General Delay,20,30,B/W,
2019-07-03,118,14:30:00,Wednesday,Wilson Station - Thistle Down blvd and Albion,General Delay,20,30,B/W,
2019-07-03,996,14:30:00,Wednesday,York Mills - Humber College,General Delay,20,30,B/W,
2019-07-03,165,14:30:00,Wednesday,York Mills - Steeles at Barmac,General Delay,20,30,B/W,
2019-07-03,92,14:33:00,Wednesday,Gerrad and Woodbine,Investigation,12,24,S/B,9228
2019-07-03,79,15:00:00,Wednesday,Entire Route,General Delay,15,28,B/W,
2019-07-03,75,15:00:00,Wednesday,Lower jarvis and Queens quay,General Delay,8,15,S/B,
2019-07-03,52,15:00:00,Wednesday,Lawrence Station to West Wood Mall,General Delay,30,40,B/W,
2019-07-03,36,15:03:00,Wednesday,Humberwood Loop,Mechanical,7,14,W/B,9119
2019-07-03,134,15:15:00,Wednesday,Scarborough Town Center,Mechanical,18,36,E/B,9000
2019-07-03,37,15:20:00,Wednesday,,Mechanical,1,1,N/B,8060
2019-07-03,996,15:29:00,Wednesday,Humber College,Mechanical,12,24,E/B,3160
2019-07-03,79,15:45:00,Wednesday,Pine / Lawrence,Mechanical,13,26,S/B,1129
2019-07-03,53,15:46:00,Wednesday,Passmore and Markham,Mechanical,6,12,W/B,3442
2019-07-03,32,15:50:00,Wednesday,Eglinton West Stn.,Mechanical,8,17,W/B,1017
2019-07-03,132,15:50:00,Wednesday,Hupfield and Sewell,Mechanical,13,26,W/B,1209
2019-07-03,35,15:56:00,Wednesday,Pioneer village,Mechanical,12,24,S/B,3177
2019-07-03,63,16:00:00,Wednesday,Entire Route,General Delay,1,1,B/W,
2019-07-03,97,16:04:00,Wednesday,Yorkmills station to Queens Quat,General Delay,20,50,B/W,
2019-07-03,42,16:07:00,Wednesday,Victoria park & McNicoll,Diversion,80,96,W/B,
2019-07-03,30,16:11:00,Wednesday,Kipling Station,Mechanical,22,44,E/B,7978
2019-07-03,60,16:11:00,Wednesday,Pioneer Village Stn,Mechanical,9,18,E/B,9113
2019-07-03,941,16:29:00,Wednesday,Finch at Four Winds Drive (Finch West Station),Investigation,14,28,N/B,1094
2019-07-03,66,16:30:00,Wednesday,Old Mill station,General Delay,7,30,S/B,8429
2019-07-03,142,16:30:00,Wednesday,CHURCH ST. AT RICHMOND ST. E. to  HIGHWAY 401 (BOMBAY LOOP),General Delay,14,44,B/W,
2019-07-03,47,16:30:00,Wednesday,St. Clair and Lansdowne,Mechanical,13,27,S/B,1022
2019-07-03,945,16:35:00,Wednesday,Steeles Loop,General Delay,9,18,S/B,8617
2019-07-03,63,16:42:00,Wednesday,Queen and Ossington,Mechanical,4,8,N/B,8128
2019-07-03,945,16:45:00,Wednesday,Kipling Station,Mechanical,8,16,N/B,8086
2019-07-03,952,16:45:00,Wednesday,Lawrence Station to Pearson Airport,General Delay,14,26,B/W,
2019-07-03,88,16:51:00,Wednesday,St.Clair station to Overlea,General Delay,12,24,B/W,
2019-07-03,996,16:56:00,Wednesday,Humber College,Utilized Off Route,11,22,E/B,3339
2019-07-03,89,17:00:00,Wednesday,Weston Road Route,General Delay,20,30,B/W,
2019-07-03,41,17:00:00,Wednesday,Keele Station,Mechanical,11,22,N/B,9008
2019-07-03,41,17:00:00,Wednesday,Keele Route,General Delay,20,30,B/W,
2019-07-03,105,17:00:00,Wednesday,Dufeerin and Finch,General Delay,1,1,B/W,
2019-07-03,104,17:00:00,Wednesday,Dufferin and Finch,General Delay,1,1,B/W,
2019-07-03,46,17:10:00,Wednesday,Lloyd  Manor and Lesmar,Diversion,254,266,B/W,
2019-07-03,77,17:18:00,Wednesday,Windermere Pl.,Mechanical,1,1,N/B,1354
2019-07-03,169,17:19:00,Wednesday,DonMill Station,Mechanical,25,50,E/B,8325
2019-07-03,37,17:29:00,Wednesday,Steeles and Islington Loop,Mechanical,12,26,S/B,8430
2019-07-03,116,17:30:00,Wednesday,Kennedy Station,Utilized Off Route,6,12,N/B,8853
2019-07-03,86,17:40:00,Wednesday,Kennedy Station,Utilized Off Route,1,1,N/B,8814
2019-07-03,39,17:51:00,Wednesday,Finch and Birchmount,Mechanical,14,28,WB,3525
2019-07-03,24,17:51:00,Wednesday,Victoria Park Station,Mechanical,16,32,N/B,8577
2019-07-03,984,17:54:00,Wednesday,Sheppard West Station,Mechanical,7,15,E/B,3356
2019-07-03,12,18:00:00,Wednesday,Victoria park / Denton Ave,Mechanical,24,48,S/B,8496
2019-07-03,116,18:10:00,Wednesday,Gardentree St & Morningside,Diversion,20,25,B/W,8769
2019-07-03,937,18:11:00,Wednesday,Islington and Steeles Loop,Mechanical,12,24,S/B,8075
2019-07-03,29,18:18:00,Wednesday,Wilson stn,Investigation,8,15,S/B,9019
2019-07-03,11,18:37:00,Wednesday,Bayview and Post Rd,Investigation,14,28,N/B,8388
2019-07-03,54,18:37:00,Wednesday,Lawrence and Curlew,Mechanical,13,26,W/B,8691
2019-07-03,21,18:45:00,Wednesday,Brimley/Steeles,Mechanical,11,22,S/B,3545
2019-07-03,94,18:49:00,Wednesday,Castlefield Station,Mechanical,17,34,W/B,1112
2019-07-03,47,18:50:00,Wednesday,Rogers Road and Caledonia,Mechanical,13,27,S/B,1281
2019-07-03,110,18:54:00,Wednesday,,Mechanical,1,1,,8418
2019-07-03,116,19:11:00,Wednesday,Scarbourgh Golf Club,Investigation,1,1,N/B,8896
2019-07-03,123,19:24:00,Wednesday,Kipling Station,Mechanical,24,48,S/B,7968
2019-07-03,12,19:46:00,Wednesday,Midland / Kingston Road,Mechanical,18,36,E/B,8503
2019-07-03,39,20:01:00,Wednesday,Morninside and Sewells,Mechanical,16,32,SB,1706
2019-07-03,939,20:01:00,Wednesday,Finch Station,Mechanical,8,16,EB,1706
2019-07-03,116,20:30:00,Wednesday,Kennedy Station,Utilized Off Route,10,20,N/B,8725
2019-07-03,944,20:44:00,Wednesday,Kipling Station,Investigation,10,20,S/B,8421
2019-07-03,45,20:48:00,Wednesday,Kipling and Bloor,Diversion,1,1,S/B,8046
2019-07-03,72,20:52:00,Wednesday,Pape Station,Mechanical,18,36,S/B,3111
2019-07-03,133,20:57:00,Wednesday,Morningside/Finch,Mechanical,9,18,W/B,3486
2019-07-03,40,20:58:00,Wednesday,Dundas West Station and Runnymede Loop,General Delay,3,15,B/W,
2019-07-03,109,21:00:00,Wednesday,Ranee and Ameer,General Delay,10,35,B/W,
2019-07-03,929,21:00:00,Wednesday,Wilson stn,Mechanical,10,20,S/B,9004
2019-07-03,165,21:08:00,Wednesday,York Mills Station,Mechanical,10,20,W/B,3230
2019-07-03,73,21:15:00,Wednesday,Albion and Thistledown,Mechanical,10,20,N/B,8055
2019-07-03,24,21:17:00,Wednesday,Morecambe Gate / Victoria park,Mechanical,7,14,N/B,9214
2019-07-03,116,21:25:00,Wednesday,Kennedy Station,Utilized Off Route,10,20,N/B,8681
2019-07-03,29,21:44:00,Wednesday,Dufferin / Lindsey,Investigation,8,15,S/B,9053
2019-07-03,939,22:01:00,Wednesday,Finch and Willowdale,Mechanical,13,26,EB,1663
2019-07-03,165,22:11:00,Wednesday,Wilson at Jane,Emergency Services,10,20,W/B,3285
2019-07-03,45,22:17:00,Wednesday,Kipling and Bloor,Diversion,1,1,B/W,8400
2019-07-03,12,22:40:00,Wednesday,Danforth road and Kingston road,Diversion,22,44,W/B,
2019-07-03,46,23:00:00,Wednesday,Dundas and Kipling,Diversion,40,60,B/W,
2019-07-03,85,23:28:00,Wednesday,Sheppard/Meadowvale,Investigation,20,40,W/B,3543
2019-07-03,31,23:48:00,Wednesday,Greenwood between Gerrard and Dundas,Diversion,30,30,B/W,8443
2019-07-04,79,00:05:00,Thursday,Runnymede stn,Investigation,15,30,N/B,1079
2019-07-04,95,00:35:00,Thursday,Dolly Virden Blvd and Ellesmere Rd,Mechanical,10,20,E/B,1200
2019-07-04,53,00:49:00,Thursday,Morningside and Finch Ave,Emergency Services,18,36,W/B,1343
2019-07-04,71,00:52:00,Thursday,Runnymede stn,Utilized Off Route,18,36,N/B,1202
2019-07-04,35,01:01:00,Thursday,Jane at Finch,Mechanical,9,18,N/B,3180
2019-07-04,79,01:10:00,Thursday,Pine at Lawrence,Mechanical,15,30,S/B,1129
2019-07-04,53,01:23:00,Thursday,Markham Rd and Steeles Ave,Mechanical,18,36,E/B,1504
2019-07-04,53,01:45:00,Thursday,Steeles Ave and Markham Rd,Utilized Off Route,18,36,W/B,3423
2019-07-04,32,02:00:00,Thursday,Eglinton West Station,Mechanical,6,12,W/B,1012
2019-07-04,320,02:27:00,Thursday,Yonge at Pears Ave.,Emergency Services,3,7,S/B,1211
2019-07-04,329,02:52:00,Thursday,Saskatchewan Rd. at Manitoba Dr.,Diversion,30,60,B/W,
2019-07-04,336,03:01:00,Thursday,Humberwood Loop,Emergency Services,30,60,W/B,3340
2019-07-04,341,03:56:00,Thursday,Keele at Wilson,Mechanical,30,60,S/B,9020
2019-07-04,953,04:49:00,Thursday,Staines and Point Rouge Road,Investigation,15,30,S/B,9097
2019-07-04,22,05:32:00,Thursday,Coxwell and Gerrard,Diversion,999,999,N/B,
2019-07-04,109,05:55:00,Thursday,Ameer and Regina,Diversion,1,1,B/W,
2019-07-04,45,06:05:00,Thursday,Kipling station,Vision,1,1,N/B,7977
2019-07-04,95,06:35:00,Thursday,Kingston Rd Loop,Mechanical,9,18,W/B,1393
2019-07-04,9,06:40:00,Thursday,Eglinton and Bellamy,Diversion,44,63,S/B,
2019-07-04,32,06:40:00,Thursday,Eglinton West Station,Investigation,7,14,W/B,1002
2019-07-04,77,06:45:00,Thursday,Runnymede Station,Investigation,9,18,S/B,1138
2019-07-04,79,06:45:00,Thursday,Runnymede Station,Investigation,10,20,N/B,1127
2019-07-04,47,06:46:00,Thursday,Yorkdale Terminal,Mechanical,24,48,S/B,1121
2019-07-04,17,06:47:00,Thursday,vauxhall and birchmount,Mechanical,8,16,N/B,8479
2019-07-04,100,06:52:00,Thursday,Don Mills /Wynford,Mechanical,3,6,S/B,8635
2019-07-04,89,07:20:00,Thursday,Keele Station,Utilized Off Route,6,12,N/B,1107
2019-07-04,7,07:23:00,Thursday,Bathurst and Wilson ave,Mechanical,8,16,S/B,8330
2019-07-04,995,07:29:00,Thursday,Midland and Ellesmere,Mechanical,15,30,W/B,3536
2019-07-04,95,07:30:00,Thursday,York Mills and Silverdale,Investigation,10,19,E/B,1707
2019-07-04,125,07:45:00,Thursday,Antibes and coneflower cres,Diversion,7,14,B/W,
2019-07-04,32,07:52:00,Thursday,Eglinton Station,Mechanical,7,14,W/B,1092
2019-07-04,95,07:55:00,Thursday,Ellesmere RT,Mechanical,10,19,E/B,1366
2019-07-04,14,08:00:00,Thursday,Avenue & Chaplin,Diversion,460,480,B/W,1407
2019-07-04,16,08:00:00,Thursday,McCowan route,General Delay,10,1,B/W,
2019-07-04,17,08:00:00,Thursday,Birchmount Route,General Delay,15,1,B/W,
2019-07-04,38,08:05:00,Thursday,Scarborough Town Centre,Mechanical,12,25,E/B,1332
2019-07-04,110,08:24:00,Thursday,Islington Ave and Birmingham,Mechanical,1,1,S/B,8050
2019-07-04,953,08:39:00,Thursday,Steeles and Waggoners Lane,Investigation,15,30,E/B,9073
2019-07-04,924,08:40:00,Thursday,Eglintion and Victoria park stn,Mechanical,10,20,B/W,8563
2019-07-04,113,08:51:00,Thursday,Kennedy and Kemark,Investigation,10,20,S/B,8543
2019-07-04,60,08:51:00,Thursday,Steeles and Norfinch,Investigation,10,20,E/B,3345
2019-07-04,32,09:00:00,Thursday,Eglinton West Station,Mechanical,11,22,E/B,1083
2019-07-04,54,09:00:00,Thursday,Lawrence East Route,General Delay,15,25,BW,0
2019-07-04,900,09:08:00,Thursday,Terminal 3,Mechanical,7,14,S/B,8000
2019-07-04,42,09:10:00,Thursday,keneedy rd,General Delay,12,24,Uti,
2019-07-04,995,09:13:00,Thursday,Scarborough Loop,Mechanical,15,30,W/B,1245
2019-07-04,903,09:15:00,Thursday,Brimely and Eglinton,Investigation,10,20,S/B,1239
2019-07-04,32,09:17:00,Thursday,Glen Cedar and Eglinton,Mechanical,1,1,W/B,1137
2019-07-04,110,09:17:00,Thursday,Lakeshore Blvd W and 12th Street,Diversion,602,614,N/B,8050
2019-07-04,96,09:18:00,Thursday,Springview and Wilson,Investigation,20,40,E/B,3173
2019-07-04,67,09:22:00,Thursday,Pharmacy & Lawrence,Diversion,10,20,B/W,
2019-07-04,54,09:25:00,Thursday,Lawrence Ave East and Pharmacy Ave,Diversion,276,287,W/B,8747
2019-07-04,32,09:29:00,Thursday,Eglinton West Station,Mechanical,1,1,E/B,1129
2019-07-04,7,09:37:00,Thursday,Bathurst and Claxton Blvd,Investigation,8,16,S/B,8101
2019-07-04,15,09:38:00,Thursday,Eastwick and Evans Ave,Diversion,85,107,eb,8077
2019-07-04,32,09:55:00,Thursday,Jane and Eglinton,Diversion,999,999,E/B,
2019-07-04,36,09:59:00,Thursday,Humberwood Loop,Mechanical,5,10,E/B,9124
2019-07-04,92,10:00:00,Thursday,Woodbine south,General Delay,15,1,B/W,
2019-07-04,31,10:00:00,Thursday,Greenwood Route,General Delay,10,1,B/W,
2019-07-04,68,10:00:00,Thursday,Warden Route,General Delay,15,25,BW,0
2019-07-04,35,10:12:00,Thursday,Jane & Wilson,Investigation,7,14,S/B,3334
2019-07-04,60,10:29:00,Thursday,Pioneer Village Station,Investigation,9,18,E/B,3229
2019-07-04,52,10:40:00,Thursday,Airport Rd./ American Dr.,Mechanical,15,30,W/B,1247
2019-07-04,719,10:48:00,Thursday,Pine at Lawrence,Utilized Off Route,1,1,E/B,1054
2019-07-04,600,10:55:00,Thursday,Jarvis and Queens Quay,Utilized Off Route,1,1,N/B,8175
2019-07-04,600,10:55:00,Thursday,Queen and Lansdowne,Utilized Off Route,1,1,N/B,1077
2019-07-04,711,10:55:00,Thursday,Wilson Division,Utilized Off Route,1,1,S/B,8175
2019-07-04,929,11:00:00,Thursday,Springhurst Loop,Utilized Off Route,10,20,N/B,9053
2019-07-04,60,11:00:00,Thursday,Steeles/ Highway 27,Mechanical,1,1,E/B,3322
2019-07-04,944,11:03:00,Thursday,Kipling station,Utilized Off Route,11,22,S/B,7969
2019-07-04,161,11:03:00,Thursday,Jane & Alliance,Mechanical,18,35,E/B,1037
2019-07-04,7,11:05:00,Thursday,Bathurst Stn,Utilized Off Route,8,16,N/B,8366
2019-07-04,63,11:08:00,Thursday,East liberty and Hanna st,Utilized Off Route,4,9,N/B,1304
2019-07-04,40,11:10:00,Thursday,Dundas West Station,Utilized Off Route,10,20,W/B,8074
2019-07-04,93,11:10:00,Thursday,warden station,Mechanical,25,50,S/B,8550
2019-07-04,36,11:14:00,Thursday,Humberwood Loop,Mechanical,5,10,E/B,9119
2019-07-04,7,11:15:00,Thursday,Vermont and Bathurst,Investigation,8,16,S/B,8346
2019-07-04,53,11:21:00,Thursday,Steeles and Don Mills,Mechanical,22,45,E/B,1322
2019-07-04,34,11:35:00,Thursday,Eglinton Station,Mechanical,8,16,E/B,8734
2019-07-04,45,11:40:00,Thursday,Belfield and Kipling,Mechanical,20,40,S/B,8051
2019-07-04,47,11:45:00,Thursday,St. Clair and Caledonia,Diversion,29,36,S/B,
2019-07-04,996,11:50:00,Thursday,Bathurst and Wilson,Mechanical,11,22,W/B,3232
2019-07-04,52,11:54:00,Thursday,Lawrence station,Utilized Off Route,15,30,W/B,8171
2019-07-04,929,12:00:00,Thursday,Dufferin and Ranee to Bridgeland,General Delay,30,40,N/B,
2019-07-04,29,12:00:00,Thursday,Dufferin and Ranee to Bridgeland,General Delay,30,38,N/B,
2019-07-04,709,12:05:00,Thursday,Eglinton Station,Utilized Off Route,1,1,W/B,1129
2019-07-04,63,12:24:00,Thursday,Ossington and Bloor,Investigation,4,9,N/B,8354
2019-07-04,50,13:00:00,Thursday,Islington Station to Mill Road Loop,General Delay,15,35,B/W,
2019-07-04,600,13:00:00,Thursday,Mt. Dennis Garage,Utilized Off Route,1,1,S/B,1034
2019-07-04,66,13:00:00,Thursday,Old Mill Station,General Delay,15,39,B/W,
2019-07-04,73,13:00:00,Thursday,Lakeshore and Mimico to Claireport,General Delay,15,26,B/W,
2019-07-04,600,13:00:00,Thursday,Mt. Dennis Garage,Utilized Off Route,1,1,S/B,1094
2019-07-04,702,13:03:00,Thursday,Kipling station,Utilized Off Route,1,1,S/B,8023
2019-07-04,600,13:45:00,Thursday,Bathrust station,Utilized Off Route,1,1,N/B,1271
2019-07-04,600,13:59:00,Thursday,Woodbine down,Mechanical,1,1,bw,3222
2019-07-04,84,13:59:00,Thursday,Weston and Bradstock,Mechanical,7,14,E/B,3284
2019-07-04,165,14:00:00,Thursday,Route 165,General Delay,16,24,B/W,
2019-07-04,96,14:00:00,Thursday,Route 96,General Delay,15,26,B/W,
2019-07-04,11,14:00:00,Thursday,Davisville station to Yorkmills,General Delay,16,30,B/W,
2019-07-04,80,14:00:00,Thursday,Kipling and Queen,General Delay,9,39,W/B,
2019-07-04,75,14:00:00,Thursday,Lawer jarvis ans Queens quay,General Delay,10,15,B/W,
2019-07-04,709,14:05:00,Thursday,Lansdowne at Queen,Utilized Off Route,1,1,N/B,1576
2019-07-04,35,14:21:00,Thursday,Jane & Chalkfarm,Investigation,5,10,S/B,3155
2019-07-04,95,14:24:00,Thursday,Ellesmere RT,Mechanical,20,40,W/B,1668
2019-07-04,38,14:26:00,Thursday,Gander and Ellesmere,Mechanical,12,24,E/B,1577
2019-07-04,11,14:30:00,Thursday,Yorkmills and Bayview,Mechanical,12,24,N/B,1372
2019-07-04,57,14:45:00,Thursday,Midland and Steeles,Mechanical,8,16,S/B,8769
2019-07-04,44,14:45:00,Thursday,Colonel Sam Smith loop,Mechanical,8,16,N/B,8058
2019-07-04,944,14:50:00,Thursday,Evans and Kipling,Mechanical,11,22,S/B,8099
2019-07-04,1,14:52:00,Thursday,Lawrence Station,Mechanical,8,17,E/B,1235
2019-07-04,134,14:52:00,Thursday,Scarborough Town Center,Mechanical,11,26,E/B,9076
2019-07-04,47,14:54:00,Thursday,Dufferin and Yorkdale,Mechanical,13,28,S/B,1410
2019-07-04,52,14:55:00,Thursday,Lawrence Ave and Marlee Ave,Emergency Services,15,30,E/B,8343
2019-07-04,79,15:00:00,Thursday,Entire Route,General Delay,18,31,B/W,
2019-07-04,35,15:00:00,Thursday,Eglinton to Weston on Jane,General Delay,25,12,B/W,
2019-07-04,925,15:00:00,Thursday,Pape Stn to Steeles,General Delay,30,38,B/W,0
2019-07-04,935,15:00:00,Thursday,Weston to Eglinton on Jane,General Delay,25,11,B/W,
2019-07-04,25,15:00:00,Thursday,Pape Stn to Steeles,General Delay,30,35,B/W,8917
2019-07-04,52,15:00:00,Thursday,Lawrence Station to West Wood Mall,General Delay,36,46,B/W,
2019-07-04,109,15:00:00,Thursday,Ranee and Ameer,General Delay,15,28,B/W,
2019-07-04,32,15:10:00,Thursday,Eglinton West Station,Mechanical,9,19,W/B,1411
2019-07-04,41,15:15:00,Thursday,Pioneer Village Station,Mechanical,9,19,S/B,1134
2019-07-04,47,15:17:00,Thursday,Caledonia and Eglinton,Mechanical,10,23,S/B,1052
2019-07-04,36,15:22:00,Thursday,Finch west station,Investigation,5,10,53122,9108
2019-07-04,32,15:33:00,Thursday,Eglinton at Caledonia,Mechanical,1,1,E/B,1208
2019-07-04,85,15:41:00,Thursday,Don Mills Stn,Mechanical,16,32,E/B,3419
2019-07-04,62,15:54:00,Thursday,Woodbine / Lumsden,Mechanical,15,30,W/B,3114
2019-07-04,161,16:00:00,Thursday,Rogers Road Route,General Delay,14,34,B/W,
2019-07-04,41,16:00:00,Thursday,Keele Route,General Delay,20,30,B/W,
2019-07-04,89,16:00:00,Thursday,Weston Road Route,General Delay,20,30,B/W,
2019-07-04,7,16:10:00,Thursday,Greenwin and Bathrust,Mechanical,7,15,N/B,8308
2019-07-04,32,16:15:00,Thursday,Pine at Lawrence,Utilized Off Route,10,19,E/B,1127
2019-07-04,110,16:19:00,Thursday,Islington Station,Mechanical,12,24,S/B,8068
2019-07-04,142,16:30:00,Thursday,CHURCH ST. AT RICHMOND ST. E. to  HIGHWAY 401 (BOMBAY LOOP),General Delay,20,50,B/W,
2019-07-04,952,16:30:00,Thursday,Lawrence Station to Terminal 1,General Delay,54,66,B/W,
2019-07-04,56,16:30:00,Thursday,Donland Station to Eglinton Station,General Delay,27,45,B/W,
2019-07-04,29,16:35:00,Thursday,Wilson stn,Mechanical,8,15,S/B,9104
2019-07-04,32,16:51:00,Thursday,Eglinton at Bathurst,Investigation,9,19,E/B,1103
2019-07-04,161,16:53:00,Thursday,Ossington Station,Mechanical,14,28,W/B,1080
2019-07-04,7,17:00:00,Thursday,Bathrust and Prue ave,Emergency Services,7,15,S/B,8200
2019-07-04,22,17:03:00,Thursday,Coxwell Station,Utilized Off Route,8,16,S/B,8567
2019-07-04,925,17:05:00,Thursday,Pape Stn,Utilized Off Route,8,16,N/B,8843
2019-07-04,707,17:06:00,Thursday,York Mills Stn,Utilized Off Route,1,1,E/B,1393
2019-07-04,601,17:06:00,Thursday,Passmore and Markham,Utilized Off Route,1,1,W/B,
2019-07-04,6,17:08:00,Thursday,Davenport and Dupont,Mechanical,8,15,S/B,1117
2019-07-04,100,17:10:00,Thursday,Broadview Station,Utilized Off Route,6,12,N/B,8813
2019-07-04,927,17:10:00,Thursday,Kipling station,Investigation,5,10,N/B,3244
2019-07-04,606,17:15:00,Thursday,Main Station,Utilized Off Route,1,1,S/B,8461
2019-07-04,88,17:20:00,Thursday,Millwood and laird area,General Delay,12,32,E/B,8349
2019-07-04,133,17:25:00,Thursday,Neilson/Sheppard,Mechanical,9,18,S/B,3407
2019-07-04,65,17:26:00,Thursday,Richmond / Parliament,Utilized Off Route,11,22,N/B,9228
2019-07-04,61,17:30:00,Thursday,Between lawrence and wilson,General Delay,14,34,N/B,1371
2019-07-04,15,17:45:00,Thursday,Queensway Transportation Office,Mechanical,14,28,W/B,7964
2019-07-04,63,17:48:00,Thursday,Eglinton west station to King and Atlantic,General Delay,12,18,B/W,
2019-07-04,69,17:55:00,Thursday,St Clair and Birchmount,Diversion,136,144,S/B,9227
2019-07-04,953,18:02:00,Thursday,Birchmount and Steeles,Mechanical,15,30,E/B,9063
2019-07-04,106,18:04:00,Thursday,Sheppard West Station,Mechanical,12,24,W/B,8213
2019-07-04,902,18:10:00,Thursday,Progress / Sheppard,Mechanical,10,20,S/B,8524
2019-07-04,16,18:14:00,Thursday,STC,Mechanical,10,20,S/B,8523
2019-07-04,54,18:17:00,Thursday,Eglinton and Falcon,Mechanical,9,18,E/B,8826
2019-07-04,107,18:28:00,Thursday,lepage,Investigation,10,20,N/B,3186
2019-07-04,94,18:30:00,Thursday,Wellesley and Church,Diversion,425,435,E/B,1203
2019-07-04,86,18:33:00,Thursday,Toronto Zoo,Investigation,16,32,S/B,8622
2019-07-04,984,18:39:00,Thursday,Weston and Bradstock,Investigation,1,1,E/B,3238
2019-07-04,84,18:39:00,Thursday,Weston and Bradstock,Investigation,10,20,E/B,3210
2019-07-04,36,18:42:00,Thursday,Humberwood loop,Mechanical,5,10,E/B,9109
2019-07-04,29,18:45:00,Thursday,Exhibition Loop,Utilized Off Route,8,16,N/B,9020
2019-07-04,108,19:03:00,Thursday,Shepperd West Stn,Mechanical,9,18,N/B,3149
2019-07-04,47,19:08:00,Thursday,Caledonia and Lawrence,Mechanical,21,35,S/B,1420
2019-07-04,60,19:37:00,Thursday,Abiti and Yonge,Diversion,203,212,B/W,
2019-07-04,53,19:39:00,Thursday,Yonge and Abitibiti,Diversion,201,215,BW,3531
2019-07-04,97,19:50:00,Thursday,Yonge and Moore  park,Diversion,190,220,nb,1317
2019-07-04,109,21:00:00,Thursday,Ranee and Ameer,General Delay,10,35,B/W,
2019-07-04,40,21:00:00,Thursday,DUNDAS WEST STATION TO RUNNYMEDE LOOP,General Delay,3,23,B/W,
2019-07-04,44,21:19:00,Thursday,,Mechanical,1,1,S/B,8043
2019-07-04,52,21:25:00,Thursday,Lawrence West Station,Mechanical,11,23,W/B,8313
2019-07-04,37,21:37:00,Thursday,Islington and Finch,Mechanical,21,42,S/B,8086
2019-07-04,43,21:39:00,Thursday,Progress & William Kitchen Rd,Diversion,50,65,B/W,
2019-07-04,87,22:00:00,Thursday,Main Station,Utilized Off Route,10,20,W/B,3113
2019-07-04,36,22:02:00,Thursday,Finch west station,Mechanical,5,10,E/B,3359
2019-07-04,100,22:12:00,Thursday,Broadview Station,Utilized Off Route,1,23,N/B,8632
2019-07-04,11,22:30:00,Thursday,Davisville to Steeles,General Delay,15,45,B/W,
2019-07-04,7,23:10:00,Thursday,Bathrust and Lawrence,Mechanical,8,16,N/B,8345
2019-07-04,985,23:40:00,Thursday,Don Mills Station,Mechanical,20,40,E/B,1343
2019-07-04,129,23:50:00,Thursday,Steeles/Mccowan,Mechanical,20,30,S/B,3548
2019-07-05,55,00:42:00,Friday,Oldmill stn,Mechanical,15,30,N/B,1041
2019-07-05,61,00:45:00,Friday,Eglinton west stn,Mechanical,10,20,E/B,1103
2019-07-05,63,01:20:00,Friday,St.Clair and Oakwood,Mechanical,10,20,N/B,8302
2019-07-05,168,01:32:00,Friday,Dundas west station,Vision,16,32,S/B,1109
2019-07-05,7,01:44:00,Friday,Bathurst and Sheppard,Investigation,8,25,N/B,8325
2019-07-05,900,04:47:00,Friday,dundas at shaver,Investigation,22,44,E/B,8006
2019-07-05,45,04:56:00,Friday,garage track 8,Investigation,10,20,S/B,8616
2019-07-05,73,05:15:00,Friday,queensway garage.,Mechanical,13,26,S/B,8606
2019-07-05,336,05:15:00,Friday,Finch and Arrow,Mechanical,30,60,E/B,3507
2019-07-05,94,05:45:00,Friday,Church and Wellesley,Diversion,210,216,E/B,
2019-07-05,29,05:50:00,Friday,Glencairn and Dufferin,Mechanical,12,24,N/B,9045
2019-07-05,602,05:50:00,Friday,kipling and dixon,Investigation,10,20,S/B,7969
2019-07-05,89,05:54:00,Friday,Weston,Mechanical,1,1,B/W,1037
2019-07-05,29,05:58:00,Friday,Glen Belle Cresent and Dufferin,Investigation,8,16,S/B,9152
2019-07-05,39,06:00:00,Friday,Finch East of Keele St,Mechanical,5,15,E/B,3507
2019-07-05,116,06:09:00,Friday,Kennedy STN,Mechanical,6,13,E/B,8798
2019-07-05,32,06:10:00,Friday,Jane and Emmette,Diversion,999,999,E/B,
2019-07-05,84,06:20:00,Friday,Sheppard West Station,Mechanical,0,0,E/B,3161
2019-07-05,88,06:35:00,Friday,St Clair station,Mechanical,5,11,W/B,1249
2019-07-05,925,06:36:00,Friday,Freshmeadow Drive and Don Mills Road,Mechanical,8,16,WB,8704
2019-07-05,900,06:37:00,Friday,Terminal 3,Mechanical,10,20,W/B,8004
2019-07-05,63,06:40:00,Friday,Ossington and Concord,Mechanical,7,11,,8382
2019-07-05,26,06:40:00,Friday,St. George Station,Mechanical,15,35,W/B,1087
2019-07-05,60,06:43:00,Friday,Signet and Steeles,Mechanical,8,16,N/B,3258
2019-07-05,63,06:49:00,Friday,Eglinton Stn,Mechanical,3,6,,8141
2019-07-05,941,06:52:00,Friday,Finch West Station,Vision,12,21,S/B,1560
2019-07-05,123,06:55:00,Friday,Sherway Gardens,Mechanical,20,40,N/B,8600
2019-07-05,32,07:00:00,Friday,Lawrence and pine,Mechanical,10,20,E/B,1012
2019-07-05,54,07:00:00,Friday,Eglinton Station,Mechanical,9,17,E/B,8664
2019-07-05,111,07:28:00,Friday,Kipling station,Utilized Off Route,11,22,S/B,8408
2019-07-05,125,07:28:00,Friday,Bathrust and Drewry ave,Mechanical,1,1,E/B,8326
2019-07-05,900,07:33:00,Friday,Terminal 3,Vision,1,1,S/B,8065
2019-07-05,90,07:35:00,Friday,St. Clair West Stn,General Delay,30,35,B/W,1374
2019-07-05,125,07:48:00,Friday,Finch Station,Investigation,7,14,E/B,8351
2019-07-05,6,07:55:00,Friday,Bay and Bloor,Mechanical,5,10,S/B,1205
2019-07-05,29,08:07:00,Friday,Wilson Station,Mechanical,8,16,S/B,9018
2019-07-05,29,08:07:00,Friday,Dufferin,Mechanical,1,1,S/B,9013
2019-07-05,941,08:28:00,Friday,Finch West Statiom,Mechanical,12,12,S/B,9002
2019-07-05,935,08:30:00,Friday,Eglinton and Jane,General Delay,11,22,S/B,
2019-07-05,35,08:30:00,Friday,Eglinton and Jane,General Delay,5,10,S/B,
2019-07-05,24,09:00:00,Friday,Lawrence and Markham,General Delay,10,20,N/B,
2019-07-05,25,09:00:00,Friday,Don Mills Route,General Delay,15,24,BW,0
2019-07-05,925,09:00:00,Friday,Don Mills Express Route,General Delay,15,23,BW,0
2019-07-05,133,09:01:00,Friday,Scarb. Town Centre,Mechanical,11,22,E/B,3420
2019-07-05,41,09:15:00,Friday,Keele Station,Mechanical,9,18,N/B,9002
2019-07-05,63,09:22:00,Friday,Oakwood loop,Mechanical,3,10,S/B,1219
2019-07-05,63,09:22:00,Friday,Oakwood loop,Diversion,3,81,S/B,1219
2019-07-05,929,09:26:00,Friday,College and Dufferin,Investigation,10,20,N/B,9141
2019-07-05,900,09:30:00,Friday,Kipling station,Mechanical,7,14,S/B,8065
2019-07-05,131,09:30:00,Friday,Triton and Mccowan,Mechanical,14,28,E/B,3124
2019-07-05,939,09:37:00,Friday,Kennedy and Finch,Mechanical,13,26,E/B,1743
2019-07-05,929,09:42:00,Friday,Exhibition Loop,Investigation,10,20,N/B,9054
2019-07-05,719,09:57:00,Friday,Dufferin and Wilson,Investigation,1,1,B/W,9008
2019-07-05,29,09:58:00,Friday,College and Dufferin,Mechanical,8,16,S/B,9027
2019-07-05,92,10:00:00,Friday,Woodbine South route,General Delay,15,1,B/W,
2019-07-05,17,10:00:00,Friday,Birchmount Route,General Delay,20,1,B/W,
2019-07-05,91,10:00:00,Friday,Woodbine North Route,General Delay,10,1,B/W,
2019-07-05,16,10:05:00,Friday,mccowan lawrene,Mechanical,14,28,N/B,9213
2019-07-05,32,10:23:00,Friday,Eglinton West Stn,Mechanical,11,22,W/B,1263
2019-07-05,939,10:27:00,Friday,Finch Station,Mechanical,8,16,E/B,1721
2019-07-05,6,10:35:00,Friday,Davenport and Belmont / Davenport and Avenue,Diversion,65,72,S/B,
2019-07-05,29,10:38:00,Friday,Wilson Station,Mechanical,8,16,S/B,9012
2019-07-05,21,10:42:00,Friday,Scarb. Town Centre,Mechanical,12,24,N/B,3542
2019-07-05,43,10:56:00,Friday,Kennedy and Lawrence,Investigation,15,30,N/B,8645
2019-07-05,108,10:56:00,Friday,Finch and Driftwood,Mechanical,1,1,S/B,3152
2019-07-05,39,11:02:00,Friday,Finch and Kennedy,Investigation,1,1,E/B,1392
2019-07-05,76,11:12:00,Friday,Queensway and Royal York,Mechanical,10,20,NB,8601
2019-07-05,134,11:21:00,Friday,Scarborough Town Center,Mechanical,8,17,E/B,1707
2019-07-05,939,11:43:00,Friday,Kennedy and Finch,Investigation,9,18,W/B,1391
2019-07-05,68,12:00:00,Friday,Warden Route,General Delay,15,25,B/W,
2019-07-05,54,12:00:00,Friday,Lawrence Route,General Delay,20,28,B/W,
2019-07-05,16,12:00:00,Friday,McCowan route,General Delay,10,1,B/W,
2019-07-05,41,12:00:00,Friday,Entire route,General Delay,1,1,B/W,
2019-07-05,89,12:00:00,Friday,Entire route,General Delay,1,1,B/W,
2019-07-05,47,12:43:00,Friday,Queen and seaforth ave,Mechanical,23,43,N/B,1035
2019-07-05,94,13:04:00,Friday,Wellesley and Parliament,Mechanical,15,30,W/B,1419
2019-07-05,45,13:12:00,Friday,Kipling and Gracey,Investigation,10,20,N/B,8423
2019-07-05,985,13:18:00,Friday,Scarborough Town Center,Mechanical,11,22,W/B,9000
2019-07-05,80,13:50:00,Friday,Royal York to Kipling,General Delay,8,32,W/B,
2019-07-05,110,13:50:00,Friday,Islington and Judson,Investigation,14,28,N/B,7957
2019-07-05,73,14:00:00,Friday,Entire Route,General Delay,40,50,BW,8617
2019-07-05,95,14:00:00,Friday,York mills station to Midland Ave,General Delay,10,20,B/W,
2019-07-05,996,14:00:00,Friday,Route 996,General Delay,11,22,B/W,
2019-07-05,118,14:00:00,Friday,Route 118,General Delay,10,35,B/W,
2019-07-05,76,14:00:00,Friday,Entire Route,General Delay,40,50,BW,8617
2019-07-05,165,14:00:00,Friday,Route 165,General Delay,10,18,B/W,
2019-07-05,96,14:00:00,Friday,Route 96,General Delay,14,25,B/W,
2019-07-05,125,14:00:00,Friday,Finch Station,Mechanical,30,60,W/B,8351
2019-07-05,68,14:07:00,Friday,Warden & Huntingwood,Investigation,39,79,N/B,8624
2019-07-05,52,14:08:00,Friday,Westwood Mall,Mechanical,15,30,W/B,8178
2019-07-05,95,14:09:00,Friday,Ellesmere and Kennedy,Investigation,20,40,W/B,3539
2019-07-05,92,14:11:00,Friday,woodbine station,Emergency Services,12,24,S/B,8501
2019-07-05,100,14:12:00,Friday,Deauville Ln./Grenoble,Mechanical,6,12,RAD utilized to partially cover the trip tiomes.,8782
2019-07-05,118,14:17:00,Friday,Wilson & Lady York,Investigation,20,45,E/B,
2019-07-05,60,14:23:00,Friday,Steeles and Sante Dr,Investigation,9,18,W/B,3322
2019-07-05,47,14:24:00,Friday,Caledonia and Glengrove,Mechanical,15,30,N/B,1091
2019-07-05,6,14:25:00,Friday,Queens Quay and Dockside,Utilized Off Route,12,24,N/B,1032
2019-07-05,121,14:27:00,Friday,Front / Bay,Utilized Off Route,20,40,E/B,9206
2019-07-05,711,14:29:00,Friday,Eglinton stn,Utilized Off Route,1,1,E/B,8211
2019-07-05,711,14:29:00,Friday,Eglinton stn,Utilized Off Route,1,1,E/B,8375
2019-07-05,34,14:30:00,Friday,Bayview to Kennedy,General Delay,20,26,B/W,
2019-07-05,100,14:30:00,Friday,Overlea,General Delay,20,25,B/W,
2019-07-05,995,14:30:00,Friday,Yorkmills Station to Midland Ave.,General Delay,15,30,B/W,
2019-07-05,53,14:31:00,Friday,Finch Station,Mechanical,6,12,E/B,1332
2019-07-05,716,14:34:00,Friday,St.Clair and Victoria park,Utilized Off Route,1,1,N/B,8523
2019-07-05,929,14:34:00,Friday,Exhibition Loop,Utilized Off Route,10,20,N/B,1118
2019-07-05,89,14:35:00,Friday,Keele Station,Utilized Off Route,10,20,N/B,1269
2019-07-05,37,14:45:00,Friday,Islington and Dixon,Diversion,34,44,N/B,8020
2019-07-05,75,14:48:00,Friday,Queen and Sherbourne,Investigation,11,22,N/B,8139
2019-07-05,34,14:52:00,Friday,Kennedy Station,Emergency Services,6,13,W/B,8635
2019-07-05,47,14:58:00,Friday,Caledonia and Orfus,Mechanical,17,27,S/B,1088
2019-07-05,47,14:58:00,Friday,Caledonia and Orfus,Mechanical,17,27,S/B,1088
2019-07-05,39,15:00:00,Friday,Neilson / Crowtrail,Mechanical,14,28,E/B,3408
2019-07-05,96,15:00:00,Friday,Wilson & Jane,Mechanical,10,20,W/B,3179
2019-07-05,935,15:00:00,Friday,Eglinton to Weston on Jane.,General Delay,20,12,B/W,
2019-07-05,35,15:00:00,Friday,Eglinton to Weston on Jane,General Delay,20,12,B/W,
2019-07-05,66,15:00:00,Friday,Entire Route,General Delay,30,55,BW,8062
2019-07-05,52,15:00:00,Friday,Lawrence Station to West Wood Mall,General Delay,47,57,B/W,
2019-07-05,125,15:15:00,Friday,Finch Station,Mechanical,15,25,W/B,8178
2019-07-05,902,15:15:00,Friday,St.Clair / Birchmount,Mechanical,15,30,E/B,8567
2019-07-05,98,15:25:00,Friday,Sheppard station,Investigation,30,60,eb,8176
2019-07-05,88,15:36:00,Friday,St Clair Station,Utilized Off Route,12,24,eb,8217
2019-07-05,116,15:36:00,Friday,Morningside and Nightstar,Mechanical,6,12,S/B,8805
2019-07-05,6,15:57:00,Friday,Queens Quay and Dockside,Utilized Off Route,8,15,N/B,1265
2019-07-05,600,15:58:00,Friday,Eglinton Station,Utilized Off Route,1,1,S/B,8207
2019-07-05,952,16:00:00,Friday,Lawrence Station to Terminal 1,General Delay,22,34,B/W,
2019-07-05,985,16:00:00,Friday,"Meadowvale Loop, STC, Don Mills Station",General Delay,15,30,B/W,9091
2019-07-05,62,16:13:00,Friday,Main Station,Mechanical,15,30,W/B,8460
2019-07-05,79,16:15:00,Friday,Runnymede stn,Utilized Off Route,13,26,N/B,1113
2019-07-05,63,16:17:00,Friday,Dupont and ossington,Mechanical,8,16,S/B,8163
2019-07-05,16,16:23:00,Friday,STC,Mechanical,11,22,S/B,8439
2019-07-05,66,16:27:00,Friday,Marine Parade Loop,Mechanical,9,18,NB,8062
2019-07-05,84,16:28:00,Friday,Sheppard West Stn,Mechanical,13,26,W/B,3345
2019-07-05,142,16:30:00,Friday,CHURCH ST. AT RICHMOND ST. E. to  HIGHWAY 401 (BOMBAY LOOP),General Delay,35,65,B/W,
2019-07-05,52,16:42:00,Friday,Lawrence Ave W and Avenue Rd,Diversion,60,70,W/B,
2019-07-05,952,16:42:00,Friday,Lawrence Ave W and Avenue Rd,Diversion,60,72,W/B,
2019-07-05,121,16:46:00,Friday,Cherry Beach,Mechanical,18,36,W/B,8440
2019-07-05,105,16:47:00,Friday,Dufferin and steeprock,Investigation,12,24,S/B,8199
2019-07-05,36,16:50:00,Friday,Alana Drive,Mechanical,5,10,E/B,9114
2019-07-05,60,16:54:00,Friday,Signal Hill/ Steeles,Mechanical,8,16,E/B,9113
2019-07-05,35,16:55:00,Friday,Jane station,Utilized Off Route,12,24,S/B,3257
2019-07-05,65,16:57:00,Friday,Berkeley Street and Front Street,Utilized Off Route,11,22,N/B,9215
2019-07-05,939,16:57:00,Friday,Scarborough Town Centre,Mechanical,12,24,W/B,1725
2019-07-05,110,16:57:00,Friday,Islington Station,Mechanical,12,24,S/B,8028
2019-07-05,79,17:00:00,Friday,Entire Route,General Delay,17,30,B/W,
2019-07-05,87,17:00:00,Friday,Main Station,Mechanical,9,18,W/B,8588
2019-07-05,704,17:05:00,Friday,Wilson stn,Utilized Off Route,,,E/B,3216
2019-07-05,63,17:07:00,Friday,King and Atlantic,Utilized Off Route,8,16,N/B,8314
2019-07-05,996,17:08:00,Friday,Wilson stn,Mechanical,11,22,W/B,3264
2019-07-05,607,17:09:00,Friday,Finch Station,Mechanical,1,1,E/B,3520
2019-07-05,67,17:23:00,Friday,Pharmacy/Knightsbridge,Investigation,10,20,S/B,8721
2019-07-05,88,17:30:00,Friday,St Clair station,General Delay,25,37,E/B,8344
2019-07-05,97,17:30:00,Friday,Yonge and Sheppard traffic lights were out,General Delay,25,65,S/B,8154
2019-07-05,984,17:32:00,Friday,Sheppard and Beaman,Investigation,7,14,E/B,3214
2019-07-05,984,17:32:00,Friday,Bathurst,Investigation,8,16,W/B,3232
2019-07-05,72,17:50:00,Friday,Victor / Carlaw,Mechanical,10,20,N/B,8934
2019-07-05,62,18:05:00,Friday,Broadview Station,Mechanical,15,30,B/W,8476
2019-07-05,89,18:06:00,Friday,Jane and Western rd,Investigation,6,12,S/B,1412
2019-07-05,57,18:12:00,Friday,Kennedy station,Mechanical,11,22,N/B,8698
2019-07-05,24,18:21:00,Friday,St Clair and Victoria Park,Mechanical,9,18,S/B,8963
2019-07-05,123,18:29:00,Friday,,Mechanical,1,1,N/B,8412
2019-07-05,72,18:30:00,Friday,Commissioners / Don Roadway,Mechanical,10,20,W/B,8574
2019-07-05,6,18:35:00,Friday,Queens Quay and Dockside,Mechanical,7,15,N/B,1502
2019-07-05,995,18:38:00,Friday,Leslie Street and York Mills Rd,Vision,12,24,E/B,3466
2019-07-05,7,18:42:00,Friday,Greenwin village and Steel,Mechanical,7,14,N/B,8185
2019-07-05,34,18:45:00,Friday,Eglinotn and Warden,Investigation,6,13,E/B,8720
2019-07-05,144,18:50:00,Friday,Victoria Park/Parkwoods Village,Utilized Off Route,1,1,S/B,8837
2019-07-05,75,18:50:00,Friday,Dundas and Sherbourne,Investigation,13,26,N/B,8358
2019-07-05,101,18:51:00,Friday,Sheppard and Bakersfield,Investigation,20,40,W/B,3245
2019-07-05,165,19:01:00,Friday,Weston & Fenmar,Mechanical,9,17,N/B,3331
2019-07-05,41,19:15:00,Friday,,General Delay,30,39,B/W,
2019-07-05,79,19:23:00,Friday,Scarlett / Clariton,Investigation,13,26,S/B,1562
2019-07-05,32,19:40:00,Friday,Trethewey at Jane,Mechanical,10,20,E/B,1046
2019-07-05,51,19:44:00,Friday,Lawrence and leslie,Mechanical,18,36,N/B,8188
2019-07-05,34,20:09:00,Friday,Eglinton and Victoria Park,Diversion,7,37,E/B,8635
2019-07-05,89,20:10:00,Friday,Albion and western,Investigation,8,16,E/B,1269
2019-07-05,70,20:15:00,Friday,Victoria Park/Eglinton,Diversion,15,30,N/B,8903
2019-07-05,929,20:40:00,Friday,Dufferin / Eglinton,Mechanical,10,20,S/B,9150
2019-07-05,985,21:48:00,Friday,Scarborough Town Center,Mechanical,13,25,W/B,9082
2019-07-05,7,21:50:00,Friday,Wilson Bathurst,Mechanical,8,15,S/B,8381
2019-07-05,9,22:02:00,Friday,Bellamy Road N and Cedar Brae Blvd,Diversion,38,59,N/B,
2019-07-05,61,22:20:00,Friday,Avenue and 401,Diversion,1,1,N/B,8101
2019-07-05,39,22:30:00,Friday,Between Finch Stn and Neilson/Finch,General Delay,15,24,B/W,
2019-07-06,96,00:25:00,Saturday,Keele and Wilson,Mechanical,20,50,E/B,3256
2019-07-06,29,00:44:00,Saturday,Wilson Station,Mechanical,10,20,SB,9007
2019-07-06,7,00:47:00,Saturday,Bathurst and Sheppard,Mechanical,10,20,N/B,8217
2019-07-06,324,02:51:00,Saturday,Victoria Park and Denton Ave,Emergency Services,30,60,N/B,8585
2019-07-06,384,04:07:00,Saturday,Rivalda and Sheppard,Diversion,42,72,W/B,3311
2019-07-06,353,04:10:00,Saturday,Steeles and Dufferin St,Vision,1,1,E/B,1398
2019-07-06,300,05:40:00,Saturday,Kipling Station,Mechanical,30,60,E/B,8890
2019-07-06,32,05:59:00,Saturday,Eglinton and Keele,Investigation,9,18,E/B,1529
2019-07-06,109,06:00:00,Saturday,Rajah Rd,Diversion,0,0,B/W,
2019-07-06,32,06:00:00,Saturday,Keele and Eglinton,Diversion,30,35,B/W,
2019-07-06,29,06:05:00,Saturday,Queen & Dufferin,Mechanical,7,15,S/B,9103
2019-07-06,44,06:21:00,Saturday,Kipling station,Mechanical,30,60,S/B,8074
2019-07-06,45,06:28:00,Saturday,Kipling station,Utilized Off Route,10,20,N/B,8070
2019-07-06,161,06:31:00,Saturday,Ossington Station,Mechanical,13,26,W/B,1416
2019-07-06,162,06:41:00,Saturday,Lawrence Ave and Blaine,Diversion,30,27,W/B,1236
2019-07-06,985,07:43:00,Saturday,STC Station,Mechanical,13,26,W/B,9097
2019-07-06,165,08:00:00,Saturday,Entire 165 West Rd Route,General Delay,20,29,B/W,
2019-07-06,96,08:00:00,Saturday,Entire 96 Wilson ROUTE,General Delay,21,28,B/W,
2019-07-06,719,08:35:00,Saturday,E.W Station,Mechanical,1,1,E/B,1021
2019-07-06,129,08:46:00,Saturday,STC,Mechanical,7,13,E/B,1326
2019-07-06,120,09:00:00,Saturday,Entire 120 Calvington Route,General Delay,20,25,B/W,
2019-07-06,43,09:13:00,Saturday,STC,Mechanical,10,20,E/B,8672
2019-07-06,118,09:30:00,Saturday,Entire 118 Thistledown Route Bothways,General Delay,18,28,B/W,
2019-07-06,97,09:47:00,Saturday,Davisville Stn,Investigation,28,58,,8194
2019-07-06,95,09:50:00,Saturday,Kingston Rd-Loop,Mechanical,14,28,W/B,3455
2019-07-06,6,09:51:00,Saturday,Dupont & Davenport,Mechanical,16,32,S/B,1133
2019-07-06,65,10:00:00,Saturday,Parliament route,General Delay,10,1,B/W,
2019-07-06,22,10:00:00,Saturday,Gerrard,Diversion,988,989,N/B,3123
2019-07-06,935,10:00:00,Saturday,jane Street,General Delay,10,25,BW,
2019-07-06,84,10:00:00,Saturday,Sheppard Avenue West,General Delay,10,35,BW,
2019-07-06,126,10:00:00,Saturday,Entire Route,General Delay,20,35,B/W,
2019-07-06,16,10:00:00,Saturday,McCowan Route,General Delay,10,1,B/W,
2019-07-06,17,10:00:00,Saturday,Birchmount route,General Delay,10,1,B/W,
2019-07-06,35,10:00:00,Saturday,Jane Street,General Delay,10,25,BW,
2019-07-06,85,10:40:00,Saturday,Don Mills Stn,Mechanical,20,40,W/B,1663
2019-07-06,32,10:44:00,Saturday,Caledonia and Eglinton,Mechanical,1,1,E/B,1126
2019-07-06,925,11:00:00,Saturday,Don Mills Express Route,General Delay,15,25,BW,0
2019-07-06,25,11:00:00,Saturday,Don Mills Route,General Delay,15,23,BW,0
2019-07-06,100,11:00:00,Saturday,Flemington Park Route,General Delay,15,25,BW,0
2019-07-06,935,11:03:00,Saturday,Finch,Mechanical,9,18,N/B,3280
2019-07-06,29,11:15:00,Saturday,Wilson Station,Mechanical,4,9,S/B,9028
2019-07-06,925,11:17:00,Saturday,Don Mills Road and Sheppard Ave East,Mechanical,10,20,NB,8859
2019-07-06,73,11:21:00,Saturday,Royal York Station,Mechanical,10,20,N/B,8063
2019-07-06,85,11:30:00,Saturday,Don Mills Stn,Mechanical,22,44,E/B,1308
2019-07-06,53,11:35:00,Saturday,Yonge and Drewry,Mechanical,20,40,W/B,1341
2019-07-06,104,11:44:00,Saturday,Overbrooke and Wilmington,Diversion,15,30,B/W,8156
2019-07-06,161,11:52:00,Saturday,Jane and Alliance,Mechanical,15,30,E/B,1134
2019-07-06,32,11:58:00,Saturday,E.W Station,Diversion,6,11,B/W,
2019-07-06,92,12:00:00,Saturday,Woodbine route,General Delay,10,1,B/W,
2019-07-06,83,12:00:00,Saturday,Jones Route,General Delay,10,1,B/W,
2019-07-06,29,12:00:00,Saturday,Entire route,General Delay,3,6,B/W,
2019-07-06,116,12:03:00,Saturday,Kennedy Station,Mechanical,7,16,E/B,8850
2019-07-06,63,12:21:00,Saturday,Eglinton Stn,Investigation,5,10,S/B,8169
2019-07-06,12,12:37:00,Saturday,Kennedy Station,Mechanical,15,30,W/B,8452
2019-07-06,29,12:50:00,Saturday,Dufferin & Bridgeland,Investigation,3,6,N/B,9006
2019-07-06,127,13:00:00,Saturday,entire route,General Delay,,,B/W,
2019-07-06,95,13:00:00,Saturday,York Mills Station to Kingston Road,General Delay,20,40,B/W,
2019-07-06,37,13:10:00,Saturday,rexdale and frost,Investigation,14,28,S/B,8617
2019-07-06,72,13:30:00,Saturday,Pape Station to Front and Bay,General Delay,15,20,B/W,
2019-07-06,23,13:30:00,Saturday,Main Station to Rexleigh and St.Clair,General Delay,10,15,B/W,
2019-07-06,161,13:43:00,Saturday,Jane and Alliance,Mechanical,15,30,E/B,1000
2019-07-06,29,13:45:00,Saturday,Dufferin & Yorkdale,Mechanical,3,6,N/B,9021
2019-07-06,64,14:00:00,Saturday,Mian Station to Queen and Wineva,General Delay,15,20,B/W,
2019-07-06,22,14:00:00,Saturday,Coxwell Station to Bingham Loop,General Delay,15,20,B/W,
2019-07-06,34,14:03:00,Saturday,Eglinton/Forman,Mechanical,9,18,E/B,8905
2019-07-06,57,14:19:00,Saturday,Midland/Finch,Investigation,14,28,S/B,8919
2019-07-06,24,14:20:00,Saturday,Steeles Loop,Investigation,7,14,N/B,8537
2019-07-06,94,14:23:00,Saturday,Castlefrank Station,Mechanical,13,26,W/B,1064
2019-07-06,94,14:23:00,Saturday,Castlefrank Station,Mechanical,1,1,W/B,1412
2019-07-06,100,14:44:00,Saturday,Wynford Heights Cr and Wynford Dr,Investigation,9,18,EB,8680
2019-07-06,29,14:52:00,Saturday,Bloor & Dufferin,Mechanical,3,6,N/B,9008
2019-07-06,53,14:55:00,Saturday,Passmore and Markham,Mechanical,5,11,W/B,3481
2019-07-06,36,14:57:00,Saturday,Finch West station,Utilized Off Route,5,9,W/B,3363
2019-07-06,165,15:00:00,Saturday,Entire route,General Delay,30,10,B/W,
2019-07-06,60,15:00:00,Saturday,Route 60,General Delay,20,30,B/W,
2019-07-06,52,15:00:00,Saturday,Lawrence Station to West Wood Mall,General Delay,31,41,B/W,
2019-07-06,118,15:00:00,Saturday,Entire route,General Delay,30,30,B/W,
2019-07-06,68,15:00:00,Saturday,Warden Stn to Angus Glen Golf Club,General Delay,30,40,B/W,
2019-07-06,54,15:00:00,Saturday,Eglinton Station to Starspray Loop,General Delay,30,40,B/W,
2019-07-06,96,15:00:00,Saturday,Entire route,General Delay,30,15,B/W,
2019-07-06,120,15:00:00,Saturday,Entire route,General Delay,30,30,B/W,
2019-07-06,113,15:20:00,Saturday,Kennedy / Meridian,Investigation,16,32,E/B,8447
2019-07-06,7,15:27:00,Saturday,Bathurst station,Utilized Off Route,7,15,N/B,8110
2019-07-06,1,16:00:00,Saturday,York mills and Young,Mechanical,1,1,N/B,9077
2019-07-06,52,16:08:00,Saturday,MCNAUGHTON AVE. AT VICTORY CR.,Mechanical,17,34,E/B,1347
2019-07-06,53,16:14:00,Saturday,Hillcroft and Steeles,Investigation,5,10,W/B,3426
2019-07-06,72,16:17:00,Saturday,Pape Station,Utilized Off Route,18,36,S/B,8569
2019-07-06,925,16:20:00,Saturday,Pape Station,Utilized Off Route,10,20,NB,8657
2019-07-06,81,16:22:00,Saturday,Pape Station,Utilized Off Route,7,14,N/B,9234
2019-07-06,1,16:38:00,Saturday,Young and Woburnave,Investigation,1,2,NB,1042
2019-07-06,85,16:41:00,Saturday,Meadowvale Loop,Utilized Off Route,6,12,E/B,1366
2019-07-06,63,16:44:00,Saturday,Eglinton West Station to King street,General Delay,15,21,B/W,
2019-07-06,104,16:45:00,Saturday,Sheppard west station to wilson station,General Delay,14,29,B/W,
2019-07-06,32,16:46:00,Saturday,Avenue and Eglinton,Mechanical,1,1,W/B,1590
2019-07-06,97,16:46:00,Saturday,Yorkmills to Davisville station,General Delay,20,50,B/W,
2019-07-06,925,16:59:00,Saturday,Overlea Blvd and Thorncliffe Park Dr,Mechanical,10,20,EB,8727
2019-07-06,7,17:00:00,Saturday,Greenwin Village at Bathurst St,Investigation,7,15,S/B,8147
2019-07-06,85,17:11:00,Saturday,Toronto Zoo bus loop,Mechanical,5,11,W/B,3511
2019-07-06,935,18:05:00,Saturday,Wilson,Mechanical,9,18,N/B,3360
2019-07-06,7,18:15:00,Saturday,Wilson and Bathurst,Mechanical,7,15,N/B,8346
2019-07-06,861,18:58:00,Saturday,bloor and Royal York,Mechanical,10,20,S/B,2
2019-07-06,73,18:59:00,Saturday,queensway and royal york,Mechanical,22,44,S/B,8034
2019-07-06,24,19:38:00,Saturday,St.Bedes / Victoria Park Station,Mechanical,9,18,N/B,9227
2019-07-06,32,19:50:00,Saturday,Eglinton and Blackthorn,Mechanical,32,64,WB,1101
2019-07-06,169,19:54:00,Saturday,Don Mills station,Mechanical,30,60,E/B,1235
2019-07-06,29,19:58:00,Saturday,Dufferin and Dupont,Investigation,3,6,NB,9010
2019-07-06,29,20:30:00,Saturday,Dufferin and Bloor,Mechanical,3,6,SB,9036
2019-07-06,43,20:55:00,Saturday,Kennedy at Bertrand,Mechanical,10,20,S/B,8923
2019-07-06,161,21:53:00,Saturday,Keele and Rogers,Mechanical,15,30,W/B,1115
2019-07-06,66,22:00:00,Saturday,prince edward and bethnal,Diversion,30,60,S/B,8429
2019-07-06,927,22:24:00,Saturday,Steeles W loop,Utilized Off Route,10,20,S/B,3261
2019-07-06,14,22:46:00,Saturday,Glencairn and Dufferin,Mechanical,20,40,WB,1137
2019-07-06,1,23:40:00,Saturday,Yorkmilles station,Mechanical,1,1,N/B,8775
2019-07-06,1,23:42:00,Saturday,Eglinton station,Investigation,1,1,N/B,1030
2019-07-07,86,00:01:00,Sunday,Kennedy Station,Mechanical,10,19,E/B,8925
2019-07-07,90,00:10:00,Sunday,St Clair W station,Mechanical,20,40,N/B,8330
2019-07-07,133,00:19:00,Sunday,Tapscott and Neilson Rd,Investigation,13,26,S/B,1656
2019-07-07,95,00:23:00,Sunday,Morningside Ave and Ellesmere,Investigation,10,20,E/B,9514
2019-07-07,63,00:30:00,Sunday,Eglinton W Stn.,Utilized Off Route,10,20,S/B,8159
2019-07-07,325,03:00:00,Sunday,Don Mills Rd and Goodview,Investigation,30,60,S/B,8632
2019-07-07,320,03:21:00,Sunday,Dundas,Mechanical,3,6,N/B,8830
2019-07-07,329,03:54:00,Sunday,Wilson,Mechanical,30,60,S/B,1091
2019-07-07,354,04:30:00,Sunday,Midland and Lawrence Ave,Mechanical,30,60,W/B,8842
2019-07-07,320,04:37:00,Sunday,Yonge and College,Investigation,8,16,N/B,8696
2019-07-07,329,04:48:00,Sunday,Finch,Mechanical,30,60,N/B,9029
2019-07-07,354,06:24:00,Sunday,Lawrence and DonMills,Vision,30,60,E/B,8753
2019-07-07,168,06:50:00,Sunday,Old Weston and St.Clair,Diversion,70,90,B/W,1021
2019-07-07,41,06:55:00,Sunday,Old Weston and St.Clair,Diversion,65,87,N/B,8405
2019-07-07,22,07:20:00,Sunday,Upper Gerrard,Diversion,999,999,N/B,8490
2019-07-07,37,07:29:00,Sunday,ISLINGTON AND ALBION,Diversion,,,B/W,
2019-07-07,17,07:48:00,Sunday,Eglinton,Diversion,999,999,N/B,9204
2019-07-07,106,07:54:00,Sunday,pioner village stn,Utilized Off Route,23,,S/B,8312
2019-07-07,91,07:56:00,Sunday,Eglinton,Diversion,999,999,N/B,8452
2019-07-07,85,08:05:00,Sunday,Freshmeadow and Donmills,Vision,15,30,,8925
2019-07-07,52,08:18:00,Sunday,Lawrence Station,Mechanical,20,40,W/B,8106
2019-07-07,719,08:45:00,Sunday,Keele stn,Utilized Off Route,1,1,E/B,1606
2019-07-07,716,08:46:00,Sunday,Warden Station,Utilized Off Route,1,1,S/B,8439
2019-07-07,935,08:46:00,Sunday,Bathurst and Fleet,Utilized Off Route,9,18,N/B,3253
2019-07-07,711,08:51:00,Sunday,Eglinton Station,Utilized Off Route,0,0,S/B,8381
2019-07-07,33,08:52:00,Sunday,st clair wstn,Utilized Off Route,20,40,N/B,8202
2019-07-07,121,08:53:00,Sunday,Fort York/ Spadina,Utilized Off Route,20,40,N/B,9227
2019-07-07,46,08:54:00,Sunday,Kipling station,Utilized Off Route,16,32,N/B,3342
2019-07-07,94,09:00:00,Sunday,Ossingotn Stn,Utilized Off Route,13,26,E/B,1415
2019-07-07,706,09:26:00,Sunday,Cherry and Mill,Utilized Off Route,1,1,S/B,3119
2019-07-07,89,10:00:00,Sunday,Keele Station - Weston at Albion,General Delay,20,30,B/W,
2019-07-07,68,10:00:00,Sunday,Warden,General Delay,10,20,,
2019-07-07,54,10:00:00,Sunday,Lawrence East,General Delay,9,17,,
2019-07-07,985,10:00:00,Sunday,Dons Mills Station - Scarborough Town Center,General Delay,12,24,B/W,9072
2019-07-07,118,10:00:00,Sunday,Wilson Avenue,General Delay,30,75,B/W,
2019-07-07,96,10:00:00,Sunday,Wilson Avenue,General Delay,10,30,B/W,
2019-07-07,165,10:00:00,Sunday,Wilson Avenue,General Delay,10,30,B/W,
2019-07-07,41,10:00:00,Sunday,Keele Station - Pioneer Village Station,General Delay,20,30,B/W,
2019-07-07,85,10:00:00,Sunday,Don Mills Station - Rouge Hill Go,General Delay,8,16,B/W,1323
2019-07-07,17,10:00:00,Sunday,Birchmount/ Eglinton,General Delay,20,20,N/B,8516
2019-07-07,35,10:24:00,Sunday,Jane and Finch,Mechanical,10,20,N/B,3357
2019-07-07,29,10:38:00,Sunday,Wilson Stn,Mechanical,6,13,S/B,9016
2019-07-07,39,10:41:00,Sunday,Sewells and Little,Emergency Services,20,40,WB,1294
2019-07-07,55,11:14:00,Sunday,Jane at Annette,Mechanical,20,40,N/B,1126
2019-07-07,35,11:30:00,Sunday,Jane Station to Pioneer Village Station,General Delay,28,38,B/W,
2019-07-07,175,11:37:00,Sunday,St.Clair,Mechanical,15,30,N/B,8460
2019-07-07,106,11:56:00,Sunday,sentinel / sheppard,Investigation,15,30,S/B,8312
2019-07-07,63,11:59:00,Sunday,dewson,Investigation,9,18,N/B,1251
2019-07-07,22,12:00:00,Sunday,Coxwell Station to Bingham Loop,General Delay,15,20,B/W,
2019-07-07,100,12:00:00,Sunday,ROUTE 100- FLEMINGDON PARK,General Delay,14,23,B/W,
2019-07-07,7,12:08:00,Sunday,Wilson Garage,Mechanical,7,14,S/B,8169
2019-07-07,129,12:10:00,Sunday,Sandhurst and McCowan,Mechanical,36,86,S/B,1404
2019-07-07,168,12:18:00,Sunday,Avon Loop,Mechanical,9,18,S/B,1062
2019-07-07,96,12:30:00,Sunday,Wilson and Jane,Mechanical,18,36,W/B,3273
2019-07-07,1,12:32:00,Sunday,Yonge St at Mill St,Investigation,0,0,N/B,1360
2019-07-07,81,12:43:00,Sunday,Pape Station,Emergency Services,9,18,N/B,8945
2019-07-07,68,12:47:00,Sunday,Angus Glen and Major Mackenzie,Diversion,30,60,EB,8756
2019-07-07,935,12:50:00,Sunday,Jane Station to Pioneer Village Station,General Delay,26,34,B/W,
2019-07-07,129,13:07:00,Sunday,Steeles and McCowan,Utilized Off Route,18,27,S/B,1731
2019-07-07,84,13:22:00,Sunday,Sheppard Station to Weston and Bradstock,General Delay,23,31,B/W,3324
2019-07-07,96,13:40:00,Sunday,Humber College Loop,Emergency Services,18,36,W/B,3273
2019-07-07,45,13:40:00,Sunday,steeles loop,Mechanical,10,20,S/B,8617
2019-07-07,70,13:47:00,Sunday,COXWELL STATION,Investigation,20,40,Mino,8657
2019-07-07,64,14:00:00,Sunday,Main Station to Queen and Wineva,General Delay,12,15,B/W,
2019-07-07,101,14:00:00,Sunday,Route 101,General Delay,20,40,B/W,
2019-07-07,60,14:00:00,Sunday,Route 60,General Delay,20,30,B/W,
2019-07-07,101,14:00:00,Sunday,Downsview park,General Delay,20,40,B/W,3361
2019-07-07,165,14:39:00,Sunday,Wilson Station,Emergency Services,9,17,E/B,3220
2019-07-07,23,15:00:00,Sunday,Main Station to Rexleigh and St.Clair,General Delay,15,20,B/W,
2019-07-07,68,15:00:00,Sunday,Entire Line,General Delay,25,30,B/W,
2019-07-07,121,15:00:00,Sunday,Ontario place to cherry beach,General Delay,20,25,B/W,
2019-07-07,54,15:00:00,Sunday,Birchmount & Lawerence,General Delay,25,30,B/W,
2019-07-07,32,15:03:00,Sunday,Eglinton & Northcliffe,Investigation,10,20,E/B,1104
2019-07-07,133,15:30:00,Sunday,Morningside and Finch,Mechanical,10,20,WB,1548
2019-07-07,24,16:00:00,Sunday,Victoria Park station to steeles,General Delay,15,20,B/W,
2019-07-07,92,16:00:00,Sunday,Entire Route,General Delay,10,15,B/W,
2019-07-07,63,16:00:00,Sunday,Oakwood /St Clair,General Delay,1,1,B/W,
2019-07-07,65,16:00:00,Sunday,Entire route,General Delay,10,25,B/W,
2019-07-07,83,16:00:00,Sunday,Entire Route,General Delay,10,20,B/W,
2019-07-07,169,16:10:00,Sunday,Don Mills stn,Mechanical,30,60,E/B,1236
2019-07-07,29,16:15:00,Sunday,NB on Dufferine North of Springhurst Loop,Mechanical,4,8,N/B,9054
2019-07-07,32,16:41:00,Sunday,Pine & Lawrence,Investigation,10,20,N/B,1562
2019-07-07,26,16:49:00,Sunday,Old Mill Sation,Mechanical,22,44,E/B,1053
2019-07-07,72,17:08:00,Sunday,Queen and Pape,Investigation,18,36,S/B,8521
2019-07-07,29,17:10:00,Sunday,Springhurtst Loop,Mechanical,4,8,N/B,9010
2019-07-07,7,17:16:00,Sunday,Eglinton and Bathurst,Mechanical,7,15,N/B,8186
2019-07-07,168,17:16:00,Sunday,Old Weston at Rogers,Emergency Services,9,18,S/B,1136
2019-07-07,54,17:37:00,Sunday,Lawerence & Townley,Investigation,12,24,W/B,8623
2019-07-07,20,17:47:00,Sunday,Danforth and Sibley Ave,Diversion,143,167,B/W,
2019-07-07,63,17:54:00,Sunday,Eglinton W stn,Mechanical,6,13,S/B,8172
2019-07-07,81,18:00:00,Sunday,Pape Station to Thorncliffe Park,General Delay,10,15,B/W,
2019-07-07,34,18:00:00,Sunday,Brentcliffe and Eglinton,Investigation,9,18,B/W,8792
2019-07-07,37,18:14:00,Sunday,Islington Station,Mechanical,20,40,NB,8061
2019-07-07,600,18:14:00,Sunday,Wilson by Yonge Blvd.,Mechanical,3,6,E/B,1098
2019-07-07,23,18:15:00,Sunday,Secord and Dawes,Diversion,115,125,S/B,
2019-07-07,600,18:33:00,Sunday,Danforth and Sibley,Mechanical,3,6,W/B,8959
2019-07-07,600,18:33:00,Sunday,Danforth and Sibley,Emergency Services,3,6,W/B,8959
2019-07-07,7,18:39:00,Sunday,Wilson and bathurst,Mechanical,8,14,S/B,1279
2019-07-07,900,18:44:00,Sunday,queensway garage,Vision,10,20,N/B,8018
2019-07-07,63,18:44:00,Sunday,Shaw/Adelaide,Mechanical,6,13,N/B,8369
2019-07-07,56,18:53:00,Sunday,Eglinton E /Rumsey,Investigation,30,60,N/B,8167
2019-07-07,36,19:00:00,Sunday,Route 36,General Delay,16,26,B/W,
2019-07-07,16,19:00:00,Sunday,Entire Route,General Delay,10,36,B/W,
2019-07-07,32,19:08:00,Sunday,Eglinton & Trethewey,Mechanical,10,20,W/B,1618
2019-07-07,35,19:19:00,Sunday,Jane and Harding,Investigation,1,1,N/B,3293
2019-07-07,84,19:35:00,Sunday,Sheppard and Magellan,Investigation,10,20,W/B,3208
2019-07-07,113,19:47:00,Sunday,Danforth and Sibley Ave,Diversion,143,163,B/W,
2019-07-07,17,19:58:00,Sunday,Eglinton /Birchmount,Mechanical,1,1,S/B,8541
2019-07-07,45,20:00:00,Sunday,kipling at brookmere,Diversion,10,20,N/B,8416
2019-07-07,96,20:09:00,Sunday,Brookmere and Kipling,Diversion,20,40,B/W,
2019-07-07,102,20:10:00,Sunday,Warden Station,Utilized Off Route,10,20,N/B,3125
2019-07-07,34,20:18:00,Sunday,Pharmacy and Eglinton,Investigation,9,18,W/B,8825
2019-07-07,85,20:23:00,Sunday,Sheppard and Neilson,Diversion,20,40,WB,1394
2019-07-07,22,20:26:00,Sunday,Queen and Coxwell,Diversion,60,70,S/B,8464
2019-07-07,102,20:38:00,Sunday,Brimley and St.clair,Mechanical,50,100,N/B,8584
2019-07-07,133,21:06:00,Sunday,Sheppard and Neilson,Diversion,145,161,B/W,
2019-07-07,35,21:29:00,Sunday,Jane at Yewtree,Investigation,7,14,N/B,3261
2019-07-07,39,21:34:00,Sunday,Sewells and Little,Mechanical,20,40,WB,1660
2019-07-07,85,21:39:00,Sunday,Don Mills Station,Emergency Services,22,44,WB,3446
2019-07-07,85,21:51:00,Sunday,Sheppard and Don Mills,Diversion,22,44,BW,1323
2019-07-07,87,22:05:00,Sunday,Main Station,Utilized Off Route,10,20,B/W,8559
2019-07-07,25,22:45:00,Sunday,Fresh Meadow Don Mills,Utilized Off Route,8,16,S/B,8855
2019-07-07,100,22:47:00,Sunday,Broadview Station,Utilized Off Route,10,20,N/B,8661
2019-07-08,52,00:06:00,Monday,Lawrence west station,Mechanical,18,36,B/W,1212
2019-07-08,110,00:21:00,Monday,Islington and 401,Investigation,30,60,NB,8063
2019-07-08,320,01:20:00,Monday,Yonge at Dundas,Diversion,3,7,B/W,
2019-07-08,363,03:00:00,Monday,Ossington at Queen,Diversion,30,60,BW,
2019-07-08,320,03:30:00,Monday,Queens Quay and Yonge,Utilized Off Route,15,30,N/B,8318
2019-07-08,325,03:36:00,Monday,Queen and Pape,Investigation,30,1,N/B,8795
2019-07-08,600,04:12:00,Monday,wilson garage,Utilized Off Route,1,1,N/B,1253
2019-07-08,341,04:24:00,Monday,Keele and Toro,Mechanical,30,60,S/B,1081
2019-07-08,300,04:40:00,Monday,VP and Danforth,Mechanical,20,40,W/B,8461
2019-07-08,17,05:04:00,Monday,Birhcmount and Eglinton,Diversion,999,999,N/B,8956
2019-07-08,91,05:06:00,Monday,Eglinton,Diversion,999,999,N/B,8516
2019-07-08,51,05:17:00,Monday,eglinton / leslie,Mechanical,26,,N/B,8154
2019-07-08,600,05:19:00,Monday,Ossington Station,Utilized Off Route,1,1,B/W,1022
2019-07-08,709,05:19:00,Monday,Earlcourt Loop,Utilized Off Route,1,1,B/W,1014
2019-07-08,601,05:20:00,Monday,STC,Utilized Off Route,1,1,W/B,3531
2019-07-08,601,05:20:00,Monday,Malvern Gate,Utilized Off Route,1,1,W/B,3455
2019-07-08,22,05:21:00,Monday,Coxwell and Gerrard,Diversion,999,999,S/B,8453
2019-07-08,329,05:29:00,Monday,Exhibition Loop,Mechanical,30,60,N/B,9028
2019-07-08,30,05:40:00,Monday,Kipling Station,Mechanical,1,21,E/B,8064
2019-07-08,43,05:49:00,Monday,Kennedy Station,Mechanical,10,20,N/B,8706
2019-07-08,107,05:59:00,Monday,Transit Road and Allen road,Mechanical,13,26,N/B,3151
2019-07-08,43,06:09:00,Monday,Kennedy Station,Utilized Off Route,10,20,N/B,8685
2019-07-08,47,06:09:00,Monday,Yorkdale Stn,Diversion,761,771,S/B,1097
2019-07-08,43,06:09:00,Monday,Kennedy Station,Utilized Off Route,10,2,E/B,8732
2019-07-08,43,06:10:00,Monday,Scarborough Town Station,Mechanical,17,27,W/B,8757
2019-07-08,54,06:22:00,Monday,Starspray Loop,Mechanical,11,22,E/B,8639
2019-07-08,600,06:24:00,Monday,eglinton stn,Utilized Off Route,1,1,N/B,1346
2019-07-08,32,06:42:00,Monday,Pine and Lawrence,Mechanical,1,1,E/B,1010
2019-07-08,939,06:49:00,Monday,Don Mills and Finch,Mechanical,7,15,E/B,1745
2019-07-08,54,07:18:00,Monday,Eglinton & Hoyle,Mechanical,8,17,E/B,8707
2019-07-08,39,07:25:00,Monday,Watergarden and Finch,Mechanical,10,20,E/B,1707
2019-07-08,127,07:28:00,Monday,Townsley Loop,Mechanical,16,32,S/B,1360
2019-07-08,100,07:36:00,Monday,BROADVIEW STATION,Mechanical,3,7,N/B,8671
2019-07-08,94,07:37:00,Monday,Ossington stn,Mechanical,15,30,E/B,1603
2019-07-08,41,07:40:00,Monday,Pioneer Village Station,Mechanical,12,24,S/B,9036
2019-07-08,71,07:41:00,Monday,Industry and Mount Dennis,Mechanical,17,34,S/B,1034
2019-07-08,106,07:44:00,Monday,Sheppard West Stn,Vision,1,1,N/B,8346
2019-07-08,69,07:44:00,Monday,682 Warden,Investigation,12,25,S/B,9220
2019-07-08,945,07:46:00,Monday,KPSN,Investigation,6,12,N/B,8025
2019-07-08,15,07:54:00,Monday,Sherway Gardens,Mechanical,12,24,E/B,8418
2019-07-08,17,08:00:00,Monday,Eglintion and Birchmount,General Delay,7,12,,
2019-07-08,52,08:10:00,Monday,Lawrence Stn,Mechanical,18,36,W/B,8147
2019-07-08,52,08:10:00,Monday,Lawrence Station,Mechanical,18,36,,8147
2019-07-08,36,09:00:00,Monday,Kipling and Finch,Diversion,1,1,W/B,0
2019-07-08,94,09:20:00,Monday,Church and Welsely,General Delay,15,30,B/W,1269
2019-07-08,34,09:27:00,Monday,EGLINTON STATION,Investigation,8,16,E/B,8842
2019-07-08,995,09:34:00,Monday,Markham rd. on Ellesmere,Investigation,15,30,W/B,3402
2019-07-08,41,10:00:00,Monday,Keele Station,Mechanical,9,18,N/B,9144
2019-07-08,63,10:05:00,Monday,Ossington Stn,Mechanical,9,17,N/B,8217
2019-07-08,75,10:23:00,Monday,bloor,Mechanical,7,14,S/B,8392
2019-07-08,985,10:32:00,Monday,Sheppard and Settles,Investigation,11,22,W/B,9079
2019-07-08,36,10:37:00,Monday,Martin Grove and Finch,Diversion,7,14,B/W,0
2019-07-08,52,10:50:00,Monday,Lawrence Ave and Blackcreek Dr,Diversion,240,252,B,8523
2019-07-08,108,11:02:00,Monday,Murray Ross Avenue,Diversion,28,34,W/B,3170
2019-07-08,7,11:08:00,Monday,bathurst stn,Mechanical,8,16,N/B,1344
2019-07-08,117,11:12:00,Monday,Sheppard West Stn,Mechanical,1,1,N/B,1372
2019-07-08,89,11:19:00,Monday,Keele and West Toronto,Investigation,10,20,N/B,1411
2019-07-08,927,11:39:00,Monday,Dundas and Hyw 427,Investigation,7,14,E/B,3290
2019-07-08,68,11:45:00,Monday,Warden & Eglinton,General Delay,15,25,BW,
2019-07-08,939,12:17:00,Monday,Invergordon and McCowan,Investigation,9,17,S/B,3488
2019-07-08,43,12:18:00,Monday,Kennedy & Linwood,Investigation,10,20,S/B,8790
2019-07-08,36,12:30:00,Monday,Jane and Finch,Mechanical,5,10,E/B,9113
2019-07-08,60,12:49:00,Monday,Finch Station,Mechanical,10,20,W/B,3175
2019-07-08,29,12:57:00,Monday,Dufferin and Lawrence,Mechanical,8,17,S/B,9008
2019-07-08,50,13:00:00,Monday,Islington Station to Mill Road Loop,General Delay,15,35,B/W,
2019-07-08,66,13:00:00,Monday,Old Mill Station to Humber Loop and Marine Parade,General Delay,15,39,B/W,
2019-07-08,29,13:00:00,Monday,Lawrence to Bridgeland,General Delay,25,34,N/B,
2019-07-08,929,13:00:00,Monday,Lawrence to Bridgeland,General Delay,25,35,N/B,
2019-07-08,134,13:04:00,Monday,Finchdene and Finch,Mechanical,15,30,E/B,9075
2019-07-08,70,13:05:00,Monday,St. Clair & Rexleigh,Diversion,1,1,B/W,
2019-07-08,133,13:05:00,Monday,Neilson and Tapscott,Investigation,11,22,S/B,3471
2019-07-08,7,13:05:00,Monday,steeles,Mechanical,8,16,S/B,8385
2019-07-08,23,13:07:00,Monday,Rexleigh & St. Clair,Diversion,10,20,W/B,8947
2019-07-08,68,13:15:00,Monday,Warden & Ellington,Mechanical,10,20,S/B,8871
2019-07-08,45,13:20:00,Monday,KIPLING AND BEACONHILL,Mechanical,10,20,S/B,8065
2019-07-08,83,13:21:00,Monday,Wheel trans garage,Diversion,2,20,W/B,9225
2019-07-08,39,14:00:00,Monday,39 Finch Route-All Branch,General Delay,14,28,B/W,3428
2019-07-08,939,14:00:00,Monday,939 Finch route-All Branch,General Delay,12,24,B/W,1225
2019-07-08,929,14:06:00,Monday,Dufferin at Cartwright,Mechanical,10,20,N/B,9013
2019-07-08,46,14:31:00,Monday,John Garland,Investigation,5,10,W/B,3148
2019-07-08,47,14:43:00,Monday,Yorkdale,Mechanical,17,27,S/B,1083
2019-07-08,52,15:00:00,Monday,Weston to Bathrust,General Delay,20,32,B/W,
2019-07-08,952,15:00:00,Monday,Weston to bathrust,General Delay,12,24,B/W,
2019-07-08,22,15:00:00,Monday,Gerrard,Diversion,678,686,N/B,3123
2019-07-08,36,15:00:00,Monday,Arrow Road,General Delay,20,30,W/B,
2019-07-08,56,15:00:00,Monday,Eglinton station to Donlands station,General Delay,15,30,B/W,
2019-07-08,102,15:00:00,Monday,Warden Station to Major Mac,General Delay,15,20,B/W,
2019-07-08,22,15:00:00,Monday,Coxwell station to Queen,General Delay,12,16,B/W,
2019-07-08,23,15:00:00,Monday,Main Station to Rexleigh,General Delay,10,15,B/W,
2019-07-08,64,15:00:00,Monday,Main Station to Queen and Wineva,General Delay,10,15,B/W,
2019-07-08,72,15:00:00,Monday,Pape Station to Front and Bay,General Delay,15,20,B/W,
2019-07-08,77,15:25:00,Monday,NB on Runnymede at Deforest,Investigation,9,19,N/B,1104
2019-07-08,953,15:27:00,Monday,Morningside and Finch,Mechanical,15,30,E/B,9080
2019-07-08,56,15:30:00,Monday,Laird and Wickstead Ave,Mechanical,16,32,N/B,1334
2019-07-08,56,15:37:00,Monday,Eglinton and Laird,Mechanical,14,33,E/B,1250
2019-07-08,116,15:37:00,Monday,Kennedy STN,Mechanical,6,13,E/B,8789
2019-07-08,17,15:54:00,Monday,Warden Station,Mechanical,10,20,N/B,8584
2019-07-08,142,16:00:00,Monday,Bombay loop to Richmond,General Delay,15,45,B/W,
2019-07-08,17,16:00:00,Monday,Eglinton Ave,General Delay,20,30,N/B,
2019-07-08,116,16:00:00,Monday,Morningside Ave (Sheppard to Lawrence),General Delay,20,27,B/W,
2019-07-08,16,16:00:00,Monday,Entire Route,General Delay,10,20,N/B,
2019-07-08,9,16:00:00,Monday,Entire Route,General Delay,10,29,N/B,
2019-07-08,83,16:00:00,Monday,Entire route,General Delay,10,23,N/B,
2019-07-08,53,16:01:00,Monday,Steeles and Dudley,Investigation,6,11,W/B,3450
2019-07-08,6,16:26:00,Monday,Queens Quay and Dockside,Investigation,8,15,N/B,1202
2019-07-08,952,16:30:00,Monday,Islinton and Dixon,Utilized Off Route,12,24,E/B,1371
2019-07-08,97,16:30:00,Monday,Bloor to Queens quay,General Delay,15,45,N/B,8101
2019-07-08,122,16:30:00,Monday,York mills and Bayview,General Delay,15,27,B/W,
2019-07-08,902,16:31:00,Monday,Sheppard and Progress,Investigation,10,20,S/B,3106
2019-07-08,95,16:42:00,Monday,York Mills and Bayview,Investigation,12,24,E/B,1337
2019-07-08,939,16:45:00,Monday,Morningside and Nightstar,Mechanical,12,24,E/B,1313
2019-07-08,14,16:55:00,Monday,Glencairn at Caledonia,Mechanical,16,32,E/B,1407
2019-07-08,31,17:00:00,Monday,Greenwood Station,Mechanical,9,18,N/B,9238
2019-07-08,88,17:00:00,Monday,Overlead and Millwood,General Delay,20,32,E/B,1384
2019-07-08,90,17:00:00,Monday,St.Clair station,General Delay,5,10,B/W,
2019-07-08,11,17:00:00,Monday,Bayview Satition,General Delay,10,20,B/W,
2019-07-08,115,17:00:00,Monday,York mills and Bayview,General Delay,15,40,B/W,
2019-07-08,7,17:05:00,Monday,Bathurst and St. Clair,Mechanical,7,14,N/B,8172
2019-07-08,24,17:06:00,Monday,Victoria Park and Biscayne,Investigation,9,18,N/B,8462
2019-07-08,33,17:17:00,Monday,Old Forest Hill Road / Spadina Avee,Mechanical,20,40,N/B,8359
2019-07-08,939,17:23:00,Monday,Midland Av and Finch Av East,Investigation,12,24,E/B,1727
2019-07-08,24,17:25:00,Monday,Victoria Park and Sloane,Investigation,9,18,N/B,8510
2019-07-08,87,17:29:00,Monday,Broadview Station,Investigation,7,14,E/B,8518
2019-07-08,95,17:31:00,Monday,York Mills/Ellesmere,General Delay,20,40,B/W,3403
2019-07-08,995,17:32:00,Monday,York Mills and Bayview,General Delay,20,40,B/W,1394
2019-07-08,53,17:37:00,Monday,Passmore and Markham,Mechanical,5,11,E/B,3481
2019-07-08,48,17:40:00,Monday,west mall and rathburn,Investigation,14,28,E/B,8603
2019-07-08,90,18:04:00,Monday,St. Clair station,Vision,8,16,n,8116
2019-07-08,32,18:18:00,Monday,Eglinton Stn,Investigation,10,20,W/B,1041
2019-07-08,711,18:20:00,Monday,Eglinton Station,Investigation,1,1,W/B,8109
2019-07-08,102,18:25:00,Monday,Warden Station,Mechanical,20,40,N/B,8533
2019-07-08,52,18:45:00,Monday,Terminal 1,Mechanical,14,27,E/B,8198
2019-07-08,939,18:49:00,Monday,Dusay Pl-Finch Av East,Investigation,15,30,W/B,1731
2019-07-08,927,19:21:00,Monday,Kipling station,Mechanical,5,10,W/B,3294
2019-07-08,925,19:32:00,Monday,Don Mills and Lawrence,Investigation,8,16,N/B,8819
2019-07-08,925,19:32:00,Monday,Don Mills and Lawrence,Investigation,10,20,N/B,8869
2019-07-08,25,19:32:00,Monday,Don Mills and Freshmeadow,Emergency Services,25,18,S/B,8925
2019-07-08,123,19:38:00,Monday,kipling station,Mechanical,12,24,E/B,7965
2019-07-08,112,19:39:00,Monday,Renforth and Eglinton,Mechanical,15,30,SB,8014
2019-07-08,39,19:45:00,Monday,Markham Rd-Steeles,Mechanical,18,36,W/B,1550
2019-07-08,123,20:00:00,Monday,Evans and Browns Line,Diversion,354,366,SB,8078
2019-07-08,39,20:18:00,Monday,Old Finch and Littles Rd,Mechanical,18,36,W/B,1679
2019-07-08,111,20:42:00,Monday,kipling station,Vision,23,46,N/B,8090
2019-07-08,87,20:49:00,Monday,Broadview and Mortimer,Emergency Services,10,20,N/B,8439
2019-07-08,39,21:08:00,Monday,HYW 404 and Finch Av East,Mechanical,16,32,E/B,1401
2019-07-08,939,21:10:00,Monday,STC Station,Mechanical,9,18,E/B,1714
2019-07-08,106,21:11:00,Monday,Sentinel road / Lmberton Blvd,Investigation,20,40,N/B,8310
2019-07-08,9,21:33:00,Monday,Scarborough Town Center,Investigation,1,1,N/B,3122
2019-07-08,900,22:24:00,Monday,Jetliner and Airport Road,Mechanical,10,20,SB,8002
2019-07-08,29,22:25:00,Monday,Exhibition Loop,Mechanical,9,17,N/B,9002
2019-07-08,89,22:26:00,Monday,Weston at Clouston,Investigation,10,20,S/B,1090
2019-07-08,41,22:41:00,Monday,Poineer Village Station,Investigation,10,20,S/B,9051
2019-07-08,7,23:51:00,Monday,Bathurst station,Utilized Off Route,9,18,N/B,8118
2019-07-09,16,00:00:00,Tuesday,Entire Route,General Delay,10,25,B/W,
2019-07-09,83,00:32:00,Tuesday,Jones St and Danforth Ave,Emergency Services,15,30,B/W,8563
2019-07-09,12,01:07:00,Tuesday,Sharpe St and Kingston Road,Mechanical,25,50,B/W,8937
2019-07-09,83,01:10:00,Tuesday,Donlands Station,Utilized Off Route,15,30,B/W,9230
2019-07-09,64,01:23:00,Tuesday,Main Station,Mechanical,10,20,B/W,8503
2019-07-09,320,01:23:00,Tuesday,Yonge at Dundas,Diversion,1,1,B/W,
2019-07-09,25,01:34:00,Tuesday,Pape Station,Emergency Services,12,24,NB,8840
2019-07-09,315,01:55:00,Tuesday,Evans and Browns Line,Diversion,244,274,B/W,
2019-07-09,116,02:04:00,Tuesday,Kennedy Station,Emergency Services,10,20,NB,8762
2019-07-09,322,02:27:00,Tuesday,Bingham Loop,Vision,30,60,WB,8563
2019-07-09,300,02:34:00,Tuesday,Bathurst Station,Mechanical,20,40,EB,1077
2019-07-09,300,03:03:00,Tuesday,Bloor and St George (Bedford),Emergency Services,20,40,EB,8009
2019-07-09,363,03:09:00,Tuesday,Eglinton at Glenholme,Diversion,147,177,B/W,
2019-07-09,332,03:09:00,Tuesday,Eglinton at Glenholme,Diversion,153,183,B/W,
2019-07-09,363,03:30:00,Tuesday,Oakwood at St. Clair,Emergency Services,20,50,S/B,8214
2019-07-09,395,03:52:00,Tuesday,Ellesmere and Warden,Diversion,123,183,EB,1336
2019-07-09,32,04:00:00,Tuesday,Glenholme and Eglinton,Diversion,145,157,B/W,
2019-07-09,17,05:04:00,Tuesday,Birchmount/ Eglinton,Diversion,999,999,B/W,8568
2019-07-09,91,05:05:00,Tuesday,Eglinton,Diversion,999,999,B/W,8566
2019-07-09,22,05:21:00,Tuesday,Upper Gerrard,Diversion,999,999,N/B,9200
2019-07-09,52,05:38:00,Tuesday,Scarlett and Lawrence,Investigation,18,36,E/B,1235
2019-07-09,600,05:40:00,Tuesday,Eglington Stn,Utilized Off Route,1,1,N/B,3287
2019-07-09,937,05:50:00,Tuesday,Islington Station,Mechanical,1,11,N/B,8420
2019-07-09,600,05:50:00,Tuesday,eglinton stn,Utilized Off Route,1,1,S/B,1213
2019-07-09,601,05:51:00,Tuesday,Kipling Station,Utilized Off Route,1,1,S/B,8430
2019-07-09,610,05:51:00,Tuesday,Eglinton station,Utilized Off Route,1,1,S/B,8900
2019-07-09,606,05:52:00,Tuesday,Castle Frank station,Utilized Off Route,0,0,B/W,8934
2019-07-09,929,05:52:00,Tuesday,Dufferin & Gibson,Diversion,37,46,B/W,
2019-07-09,29,05:52:00,Tuesday,Dufferin & Gibson,Diversion,37,46,B/W,
2019-07-09,600,05:52:00,Tuesday,Davisville Station,Utilized Off Route,1,1,B/W,1560
2019-07-09,606,05:52:00,Tuesday,Castle Frank station,Utilized Off Route,0,0,B/W,8468
2019-07-09,329,06:00:00,Tuesday,Dufferin and Rowan,Investigation,15,30,N/B,9029
2019-07-09,29,06:00:00,Tuesday,Route 29,General Delay,25,34,B/W,
2019-07-09,131,06:00:00,Tuesday,Morningview,Mechanical,10,19,S/B,1336
2019-07-09,82,06:06:00,Tuesday,avenue rd,Mechanical,20,40,S/B,8110
2019-07-09,43,06:09:00,Tuesday,Kennedy Station,Utilized Off Route,10,20,N/B,8705
2019-07-09,76,06:27:00,Tuesday,Royal York Station,Mechanical,9,18,S/B,8074
2019-07-09,100,06:29:00,Tuesday,DON MILLS/WYNFORD,Mechanical,3,7,S/B,8704
2019-07-09,44,06:39:00,Tuesday,Kipling station,Mechanical,6,13,S/B,8600
2019-07-09,75,06:40:00,Tuesday,bloor,Utilized Off Route,8,17,S/B,8347
2019-07-09,83,06:40:00,Tuesday,leslie /lake shore,Emergency Services,8,16,,8599
2019-07-09,72,06:41:00,Tuesday,Commissioners and Don Roadway / Pape Avenue,Mechanical,19,38,E/B,8578
2019-07-09,902,06:50:00,Tuesday,Markham Express,Mechanical,1,1,E/B,8471
2019-07-09,7,06:58:00,Tuesday,bathurst / nina,Mechanical,8,16,N/B,8119
2019-07-09,937,07:10:00,Tuesday,Islington Station,Mechanical,12,23,N/B,8420
2019-07-09,25,07:18:00,Tuesday,Pape station,Utilized Off Route,5,10,S/B,8899
2019-07-09,100,07:18:00,Tuesday,BROADVIEW STATION,Utilized Off Route,4,7,N/B,8854
2019-07-09,36,07:45:00,Tuesday,Finch and Kipling,Mechanical,6,12,E/B,9112
2019-07-09,85,07:53:00,Tuesday,Meadowvale and Sheppard,Diversion,77,93,E/B,
2019-07-09,36,07:55:00,Tuesday,Finch and Alness,Mechanical,5,10,E/B,9113
2019-07-09,924,08:00:00,Tuesday,Ellesmere,General Delay,18,18,N/B,8565
2019-07-09,17,08:00:00,Tuesday,eglintion and Birchmounb,General Delay,7,14,B/W,
2019-07-09,996,08:00:00,Tuesday,Yorkmills Station,Mechanical,9,18,W/B,3153
2019-07-09,131,08:01:00,Tuesday,Scarborough Town Center,Mechanical,10,20,S/B,1504
2019-07-09,52,08:02:00,Tuesday,Dixon and Attwell,Mechanical,18,36,W/B,8217
2019-07-09,76,08:07:00,Tuesday,Royal York Station,Mechanical,6,12,S/B,8034
2019-07-09,953,08:12:00,Tuesday,Don Mills and Steeles,Mechanical,7,15,W/B,9096
2019-07-09,50,08:30:00,Tuesday,Kipling and Burnhamthorpe,General Delay,15,,B/W,
2019-07-09,29,08:40:00,Tuesday,Exhibition west loop,Mechanical,9,17,N/B,9036
2019-07-09,41,08:50:00,Tuesday,Keele Station,Mechanical,12,23,N/B,9015
2019-07-09,7,08:50:00,Tuesday,bridgeman avenue,Investigation,8,16,N/B,8390
2019-07-09,710,08:51:00,Tuesday,Adelaide & University,Utilized Off Route,1,1,E/B,8842
2019-07-09,601,08:53:00,Tuesday,Malvern gate,Utilized Off Route,1,1,E/B,3450
2019-07-09,601,08:53:00,Tuesday,STC,Utilized Off Route,1,1,E/B,3426
2019-07-09,600,08:53:00,Tuesday,St Clair and Lansdowne,Utilized Off Route,1,1,W/B,1131
2019-07-09,600,08:55:00,Tuesday,Jane Stn,Utilized Off Route,1,1,N/B,3355
2019-07-09,610,08:55:00,Tuesday,WARDEN STATION,Utilized Off Route,1,1,E/B,8900
2019-07-09,704,08:56:00,Tuesday,Jane Stn,Utilized Off Route,1,1,N/B,3352
2019-07-09,989,08:58:00,Tuesday,Keele Station,Utilized Off Route,12,12,see,1605
2019-07-09,15,08:58:00,Tuesday,Royal York station,Utilized Off Route,12,24,N/B,8035
2019-07-09,53,08:58:00,Tuesday,Finch Station,Utilized Off Route,23,46,E/B,3451
2019-07-09,34,08:59:00,Tuesday,EGLINTON STATION,Utilized Off Route,10,20,E/B,8801
2019-07-09,600,09:00:00,Tuesday,bathurst stn,Utilized Off Route,1,1,S/B,1215
2019-07-09,61,09:00:00,Tuesday,Eglinton Station,Utilized Off Route,10,20,S/B,1234
2019-07-09,52,09:00:00,Tuesday,Lawrence West Station,Utilized Off Route,16,32,W/B,8193
2019-07-09,937,09:02:00,Tuesday,Islington Station,Utilized Off Route,12,23,N/B,8053
2019-07-09,925,09:04:00,Tuesday,Pape station,Utilized Off Route,8,16,S/B,8882
2019-07-09,35,09:04:00,Tuesday,Jane Stn,Utilized Off Route,9,18,N/B,3700
2019-07-09,63,09:05:00,Tuesday,Bloor and Dufferin,Utilized Off Route,1,1,N/B,1382
2019-07-09,41,09:05:00,Tuesday,Keele Station,Utilized Off Route,11,23,N/B,9044
2019-07-09,110,09:05:00,Tuesday,Islington Station,Utilized Off Route,12,24,S/B,8604
2019-07-09,709,09:10:00,Tuesday,Exhibition west loop,Utilized Off Route,0,0,N/B,9002
2019-07-09,52,09:10:00,Tuesday,Lawrence West Station,Utilized Off Route,15,30,E/B,8161
2019-07-09,46,09:10:00,Tuesday,Kipling station,Utilized Off Route,12,24,N/B,3307
2019-07-09,35,09:10:00,Tuesday,Jane Stn,Utilized Off Route,1,1,N/B,3563
2019-07-09,945,09:14:00,Tuesday,Kipling station,Utilized Off Route,6,17,N/B,8021
2019-07-09,79,09:19:00,Tuesday,Runnymede stn,Utilized Off Route,7,12,N/B,1069
2019-07-09,939,09:20:00,Tuesday,Finch and Baylawn,Investigation,8,16,W/B,3405
2019-07-09,32,09:21:00,Tuesday,Bathurst and Eglinton,Investigation,11,22,E/B,1033
2019-07-09,939,09:25:00,Tuesday,Finch and Leslie,Emergency Services,8,16,W/B,1748
2019-07-09,94,09:30:00,Tuesday,Welsely and Jarvis,General Delay,10,20,B/W,1379
2019-07-09,54,09:45:00,Tuesday,Lawrence Station - LINE 3,Mechanical,1,1,W/B,8872
2019-07-09,80,10:00:00,Tuesday,Parkside and Howard Park,General Delay,20,1,B/W,
2019-07-09,160,10:41:00,Tuesday,bathurst / clarke,Diversion,434,459,B/W,1340
2019-07-09,21,10:43:00,Tuesday,Brimley Loop,Mechanical,12,24,S/B,1712
2019-07-09,24,11:00:00,Tuesday,Ellesmere,General Delay,15,15,B/W,8949
2019-07-09,12,11:18:00,Tuesday,Sandowne/ Kingston,Mechanical,22,44,N/B,8475
2019-07-09,53,11:38:00,Tuesday,Finch Station,Mechanical,23,46,E/B,3438
2019-07-09,32,11:42:00,Tuesday,Pine and Lawrence,Mechanical,11,22,E/B,1354
2019-07-09,94,11:44:00,Tuesday,Spadina and Harbord St,Diversion,8,16,W/B,1379
2019-07-09,16,12:00:00,Tuesday,Birchmount ans St Clair,General Delay,9,18,B/W,
2019-07-09,111,12:05:00,Tuesday,Valhalla Inn and the Eastmall,Diversion,28,43,N/B,8432
2019-07-09,38,12:12:00,Tuesday,McCowan and Ellesmere,Emergency Services,12,24,E/B,1318
2019-07-09,43,12:14:00,Tuesday,Midland & Steeles,Mechanical,10,20,S/B,8625
2019-07-09,32,12:16:00,Tuesday,Renforth Station,Mechanical,11,22,E/B,1034
2019-07-09,92,12:30:00,Tuesday,woodbine  stn to woodbine loop,General Delay,12,24,B/W,
2019-07-09,67,12:42:00,Tuesday,Pharmacy & Kellyvale,Diversion,1,1,B/W,
2019-07-09,47,12:44:00,Tuesday,Caledonia and Lambert,Investigation,7,14,N/B,1036
2019-07-09,900,13:00:00,Tuesday,Kipling station,Mechanical,1,14,N/B,8007
2019-07-09,21,13:06:00,Tuesday,Brimley and Deerfield,Diversion,135,160,S/B,3410
2019-07-09,5,13:31:00,Tuesday,Queens Park & Charles St,Investigation,30,60,S/B,8396
2019-07-09,54,13:45:00,Tuesday,Lawrence Station - LINE3,Mechanical,13,26,W/B,5793
2019-07-09,66,14:00:00,Tuesday,Old Mill Station to Humber Loop and Marine Parade,General Delay,15,39,B/W,
2019-07-09,50,14:00:00,Tuesday,Islington Station to Mill Road Loop,General Delay,15,35,B/W,
2019-07-09,939,14:00:00,Tuesday,939 Finch Express-All Branch,General Delay,12,24,B/W,3426
2019-07-09,39,14:00:00,Tuesday,39 Finch Route-All Branch,General Delay,14,28,B/W,1668
2019-07-09,95,14:22:00,Tuesday,Markham and Ellesmere,Mechanical,20,40,E/B,1500
2019-07-09,165,14:30:00,Tuesday,York Mills Station,Mechanical,10,20,W/B,3295
2019-07-09,944,14:55:00,Tuesday,Kipling and lakeshore,Investigation,11,22,S/B,7974
2019-07-09,701,14:56:00,Tuesday,Mt Pleasant rd. and moore ave,Mechanical,1,1,S/B,1283
2019-07-09,135,15:00:00,Tuesday,Main Station to Warden Station,General Delay,15,20,B/W,
2019-07-09,22,15:00:00,Tuesday,Coxwell Station to Queen,General Delay,10,15,B/W,
2019-07-09,62,15:00:00,Tuesday,Broadview Station to Mian Station,General Delay,10,15,B/W,
2019-07-09,64,15:00:00,Tuesday,Main Station to Queen and Wineva,General Delay,10,15,B/W,
2019-07-09,72,15:00:00,Tuesday,Pape Station to Front and Bay,General Delay,18,22,B/W,
2019-07-09,903,15:00:00,Tuesday,Lawrence and Brimley,Diversion,19,29,B/W,
2019-07-09,142,15:00:00,Tuesday,Bombay loop to Richmond and Jarvis,General Delay,15,45,B/W,
2019-07-09,52,15:00:00,Tuesday,Weston to Bathrust,General Delay,10,20,B/W,
2019-07-09,22,15:00:00,Tuesday,Gerrard,Diversion,678,686,B/W,8962
2019-07-09,35,15:00:00,Tuesday,Entire 35 Jane Route. Both Ways.,General Delay,19,26,B/W,
2019-07-09,102,15:00:00,Tuesday,Warden Station to Major Mac,General Delay,18,25,B/W,
2019-07-09,35,15:10:00,Tuesday,Jane & Eglinton,Mechanical,8,16,S/B,3308
2019-07-09,22,15:17:00,Tuesday,Coxwell station,Mechanical,8,16,S/B,8476
2019-07-09,600,15:22:00,Tuesday,Weston and Starview Lane,Investigation,1,1,N/B,3296
2019-07-09,97,15:30:00,Tuesday,Queens Quay and young,General Delay,15,45,B/W,
2019-07-09,985,15:30:00,Tuesday,DonMills STN to Meadowvale Loop/ Scarborough Town Center,General Delay,20,32,B/W,
2019-07-09,56,15:30:00,Tuesday,Eglinton sttaion to Donlands station,General Delay,10,25,B/W,
2019-07-09,63,15:37:00,Tuesday,Eglinton / Marlee,Investigation,8,16,W/B,1309
2019-07-09,92,15:39:00,Tuesday,East Wood,Investigation,10,20,B/W,8953
2019-07-09,51,15:51:00,Tuesday,Fresmeadow / Don Mills,Mechanical,18,36,S/B,8325
2019-07-09,116,16:00:00,Tuesday,Morningside Ave (Sheppard to Lawrence),General Delay,15,22,B/W,
2019-07-09,143,16:00:00,Tuesday,143 Downtown Express,General Delay,10,25,B/W,
2019-07-09,89,16:00:00,Tuesday,Weston Road Route,General Delay,20,29,B/W,
2019-07-09,83,16:00:00,Tuesday,Entire Route,General Delay,10,23,B/W,
2019-07-09,131,16:00:00,Tuesday,STC to Hupffield Trail,General Delay,10,20,B/W,
2019-07-09,16,16:00:00,Tuesday,Entire route,General Delay,10,20,B/W,
2019-07-09,132,16:00:00,Tuesday,Milner route,General Delay,12,24,B/W,
2019-07-09,17,16:00:00,Tuesday,Eglinton Ave,General Delay,20,25,B/W,
2019-07-09,905,16:00:00,Tuesday,Kingston Rd/Payzac Ave,Mechanical,10,20,E/B,8808
2019-07-09,9,16:00:00,Tuesday,Entire route,General Delay,10,30,B/W,
2019-07-09,601,16:07:00,Tuesday,Islington Station,Utilized Off Route,1,1,B/W,8059
2019-07-09,44,16:07:00,Tuesday,Colonel Samuel Smith Loop,Utilized Off Route,6,12,N/B,8025
2019-07-09,36,16:10:00,Tuesday,Arrow Road,General Delay,30,36,W/B,9117
2019-07-09,927,16:13:00,Tuesday,Kipling station,Utilized Off Route,5,10,N/B,3237
2019-07-09,35,16:15:00,Tuesday,Jane Stn,Utilized Off Route,8,16,N/B,3522
2019-07-09,95,16:16:00,Tuesday,Mondeo on Ellesmere,Investigation,11,23,E/B,1255
2019-07-09,73,16:27:00,Tuesday,Royal York Station,Mechanical,14,28,N/B,8072
2019-07-09,88,16:30:00,Tuesday,St.Calir staiton,General Delay,15,21,B/W,
2019-07-09,23,16:40:00,Tuesday,Rexleigh and St.Clair,Mechanical,6,12,S/B,8540
2019-07-09,165,16:41:00,Tuesday,Barmac and Steeles,Mechanical,8,16,E/B,3162
2019-07-09,600,16:41:00,Tuesday,Lansdowne and Bloor,Investigation,1,1,N/B,1053
2019-07-09,34,16:42:00,Tuesday,Don Mills and Wynford Drive,Mechanical,9,18,EB,8712
2019-07-09,29,16:55:00,Tuesday,Dufferin at Bloor,Mechanical,8,15,S/B,9022
2019-07-09,935,17:00:00,Tuesday,Entire 935 Jane Express Route Both Ways,General Delay,18,24,B/W,
2019-07-09,39,17:25:00,Tuesday,Finch Station,Emergency Services,14,28,E/B,3443
2019-07-09,134,17:33:00,Tuesday,Centennial College Progress Campus,Investigation,8,15,E/B,9083
2019-07-09,118,17:36:00,Tuesday,Wilson and Clayson,Investigation,25,50,E/B,3146
2019-07-09,45,17:47:00,Tuesday,Kipling and Bloor,Investigation,16,32,S/B,8406
2019-07-09,7,17:50:00,Tuesday,Baycrest ave and bathurst,Mechanical,7,15,S/B,8211
2019-07-09,925,17:54:00,Tuesday,Don Mills and st Dennis,Emergency Services,8,16,N/B,
2019-07-09,104,18:00:00,Tuesday,Dufferin / Finch west,General Delay,17,34,S/B,
2019-07-09,95,18:09:00,Tuesday,Ellesmere and Watson stret,Mechanical,12,24,EB,3454
2019-07-09,84,18:17:00,Tuesday,Sheppard and Wilson Heights,Investigation,13,26,W/B,3277
2019-07-09,168,18:19:00,Tuesday,Dundas W Stn,Mechanical,9,17,N/B,1502
2019-07-09,104,18:30:00,Tuesday,dufferin / Finch West,Diversion,300,320,S/B,
2019-07-09,95,18:46:00,Tuesday,Markham and Ellesmere,Mechanical,11,22,WB,3414
2019-07-09,32,18:48:00,Tuesday,Egliton and Keele,Mechanical,10,20,W/B,1140
2019-07-09,116,19:00:00,Tuesday,Kennedy STN,Utilized Off Route,7,13,E/B,8846
2019-07-09,14,19:10:00,Tuesday,Bathurst at Roselawn,Investigation,16,32,E/B,1135
2019-07-09,51,19:11:00,Tuesday,1133 leslie Street,Mechanical,25,50,S/B,1201
2019-07-09,161,19:19:00,Tuesday,Humber BLVD at Weston,Mechanical,17,34,E/B,1124
2019-07-09,68,19:52:00,Tuesday,Warden and Castille,Investigation,30,60,N/B,8675
2019-07-09,123,20:00:00,Tuesday,Entire Route,General Delay,25,30,S/B,
2019-07-09,123,20:00:00,Tuesday,Browns Line and Evans,Diversion,1,1,B/W,8088
2019-07-09,89,20:02:00,Tuesday,Weston at Cardell,Diversion,60,69,N/B,
2019-07-09,73,20:17:00,Tuesday,Weston rd at north of Oak,Diversion,10,20,N/B,8054
2019-07-09,121,20:50:00,Tuesday,Front and Cherry,Investigation,22,44,E/B,8543
2019-07-09,68,21:09:00,Tuesday,Warden and Eglinton,Investigation,40,80,N/B,8908
2019-07-09,161,21:10:00,Tuesday,Ossington Station,Mechanical,20,40,N/B,1254
2019-07-09,95,21:18:00,Tuesday,York Mills Station,Mechanical,14,38,EB,3544
2019-07-09,96,21:31:00,Tuesday,John Garland and Martin Grove,Diversion,1,1,E/B,3137
2019-07-09,52,21:40:00,Tuesday,Lawrence and Duckworth,Investigation,12,24,E/B,8210
2019-07-09,97,21:44:00,Tuesday,Davisville station,Mechanical,30,60,N/B,8144
2019-07-09,86,21:47:00,Tuesday,Kennedy STN,Mechanical,10,20,E/B,8641
2019-07-09,131,22:53:00,Tuesday,Swells and Morningview,Mechanical,16,32,SB,1713
2019-07-09,985,23:21:00,Tuesday,Scarborough Town Centre,Mechanical,20,40,WB,9098
2019-07-10,63,00:31:00,Wednesday,Oakwood Ave and Lanark Ave,Investigation,10,20,S/B,8393
2019-07-10,36,00:49:00,Wednesday,Keele and Fourwinds Dr.,Investigation,10,20,E/B,3181
2019-07-10,29,01:47:00,Wednesday,Springhurst Loop,Mechanical,9,19,N/B,9002
2019-07-10,336,02:18:00,Wednesday,Woodbine Racetrack,Investigation,30,60,E/B,3181
2019-07-10,320,02:28:00,Wednesday,Yonge at Steeles,Investigation,4,7,S/B,8840
2019-07-10,36,03:16:00,Wednesday,Diftwood and Finch,Mechanical,7,14,W/B,9119
2019-07-10,300,03:20:00,Wednesday,Bloor and Woodycreast,Investigation,20,40,WB,1023
2019-07-10,320,03:51:00,Wednesday,Queens Quay and Yonge,Utilized Off Route,4,8,NB,8172
2019-07-10,10,05:00:00,Wednesday,Don Mills Station,Utilized Off Route,10,20,E/B,1226
2019-07-10,17,05:00:00,Wednesday,Birchmount Road and Eglinton Ave East,Diversion,1,1,SB,8523
2019-07-10,91,05:05:00,Wednesday,Eglinton Ave East - Bermondsey Rd / Sloane Ave,Diversion,1,1,SB,8593
2019-07-10,22,05:21:00,Wednesday,Coxwell/ Upper Gerrard,Diversion,999,999,N/B,8481
2019-07-10,111,05:25:00,Wednesday,Kipling Station,Mechanical,11,22,N/B,8400
2019-07-10,63,05:36:00,Wednesday,Eglinton West Station to King and Shaw,General Delay,20,27,B/W,
2019-07-10,32,05:56:00,Wednesday,PINE/LAWRENCE,Mechanical,6,11,E/B,1089
2019-07-10,40,06:10:00,Wednesday,Dundas St West Station,Mechanical,11,23,W/B,7979
2019-07-10,7,06:31:00,Wednesday,steeles,Mechanical,8,16,S/B,8111
2019-07-10,39,06:45:00,Wednesday,Finch and Leslie,Mechanical,1,1,W/B,1712
2019-07-10,52,07:18:00,Wednesday,Dixon and islington,Investigation,18,36,W/B,1285
2019-07-10,8,07:30:00,Wednesday,"Broadview, O'Connor",General Delay,25,25,B/W,9226
2019-07-10,61,07:30:00,Wednesday,Ave Rd & Bedford Park,Investigation,10,20,S/B,8212
2019-07-10,79,07:45:00,Wednesday,Scarlett and East dr,Investigation,5,10,N/B,1128
2019-07-10,51,07:50:00,Wednesday,Leslie and Eglinton,Mechanical,20,40,N/B,8307
2019-07-10,7,07:51:00,Wednesday,steeles,Mechanical,8,16,S/B,1257
2019-07-10,900,07:56:00,Wednesday,Eastmall and Dundas,Mechanical,7,14,E/B,8003
2019-07-10,7,07:59:00,Wednesday,shelbourne,Mechanical,8,16,S/B,8184
2019-07-10,73,08:00:00,Wednesday,Dixon at St Philips and Hwy 427 at Albion,General Delay,15,1,B/W,
2019-07-10,75,08:00:00,Wednesday,maple / queen quay,General Delay,1,1,B/W,
2019-07-10,17,08:00:00,Wednesday,Birchmount Route,General Delay,15,25,q,0
2019-07-10,92,08:00:00,Wednesday,Woodbine South Route,General Delay,15,23,BW,1
2019-07-10,65,08:00:00,Wednesday,Parliament Route,General Delay,10,23,BW,0
2019-07-10,68,08:00:00,Wednesday,Warden & Eglinton,General Delay,10,16,BW,
2019-07-10,119,08:02:00,Wednesday,Wilson and Julian,Investigation,20,10,,3223
2019-07-10,82,08:02:00,Wednesday,rosedale stn,Diversion,35,65,B/W,8376
2019-07-10,7,08:09:00,Wednesday,sheppard,Mechanical,8,16,N/B,1328
2019-07-10,94,08:13:00,Wednesday,Parliament and St James,Diversion,8,16,W/B,1147
2019-07-10,72,08:27:00,Wednesday,Carlaw/ Victor,Investigation,19,38,N/B,9214
2019-07-10,36,08:44:00,Wednesday,Finch and Arrow,Investigation,6,12,E/B,9121
2019-07-10,94,08:45:00,Wednesday,Church and Welsely,General Delay,15,30,B/W,1260
2019-07-10,21,08:50:00,Wednesday,Scarborough Town Centre,Mechanical,9,17,nb,3508
2019-07-10,57,09:15:00,Wednesday,Kennedy Station,Mechanical,14,28,N/B,8829
2019-07-10,134,09:17:00,Wednesday,Scarborough Town Center,Mechanical,18,36,E/B,9076
2019-07-10,995,09:19:00,Wednesday,Markham and Ellesmere,Diversion,61,76,W/B,3452
2019-07-10,95,09:19:00,Wednesday,Markham and Ellesmere,Diversion,61,81,W/B,3535
2019-07-10,133,09:23:00,Wednesday,Markham and Ellesmere,Diversion,49,60,W/B,
2019-07-10,38,09:23:00,Wednesday,Markham and Ellesmere,Diversion,49,61,W/B,
2019-07-10,50,09:28:00,Wednesday,Burnhamthorpe and Mulgrove,Mechanical,16,30,E/B,8612
2019-07-10,53,09:41:00,Wednesday,Yonge Station to Morningside and Finch,General Delay,20,26,B/W,
2019-07-10,939,09:48:00,Wednesday,Mc Cowan and Kenhatch Boulevard,Mechanical,17,34,S/B,1310
2019-07-10,102,09:50:00,Wednesday,Markham/ Ellesmere,General Delay,10,25,S/B,
2019-07-10,902,09:50:00,Wednesday,Markham/ Ellesmere,General Delay,10,25,S/B,
2019-07-10,16,10:00:00,Wednesday,McCowan Route,General Delay,15,27,BW,0
2019-07-10,23,10:08:00,Wednesday,Main Station,Emergency Services,10,20,N/B,8503
2019-07-10,85,10:12:00,Wednesday,Meadowvale loop,Mechanical,7,14,W/B,3488
2019-07-10,122,10:18:00,Wednesday,York Mills Station,Mechanical,17,34,E/B,8163
2019-07-10,41,10:25:00,Wednesday,Keele & Eglinton,Mechanical,9,18,N/B,9006
2019-07-10,63,10:39:00,Wednesday,St Clair loop,Mechanical,9,17,,1237
2019-07-10,118,10:49:00,Wednesday,Wilson and Clayson,Investigation,15,30,,3179
2019-07-10,600,10:54:00,Wednesday,Dupont and Dufferin,Utilized Off Route,1,1,B/W,1502
2019-07-10,711,10:55:00,Wednesday,Eglinton Station,Utilized Off Route,1,1,S/B,8306
2019-07-10,711,10:55:00,Wednesday,Eglinton Station,Utilized Off Route,1,1,S/B,1247
2019-07-10,60,10:56:00,Wednesday,Steeles/Hidden Trail Rd.,Mechanical,10,19,W/B,3341
2019-07-10,73,11:00:00,Wednesday,"On Albion, at Claireport",Mechanical,10,21,E/B,8019
2019-07-10,601,11:04:00,Wednesday,Royal York Station,Utilized Off Route,1,1,E/B,8430
2019-07-10,701,11:04:00,Wednesday,Kipling station,Utilized Off Route,1,1,N/B,8432
2019-07-10,719,11:05:00,Wednesday,OSSINGTON STATION,Utilized Off Route,1,1,S/B,1408
2019-07-10,716,11:16:00,Wednesday,Warden Station,Utilized Off Route,1,1,WB,3128
2019-07-10,606,11:16:00,Wednesday,Main Station,Utilized Off Route,1,1,WB,8582
2019-07-10,706,11:17:00,Wednesday,Victoria Park Station,Utilized Off Route,1,1,WB,8572
2019-07-10,720,11:18:00,Wednesday,Eglinton & Pharmacy,Utilized Off Route,1,1,W/B,8723
2019-07-10,100,11:20:00,Wednesday,Broadview Station,Utilized Off Route,6,12,N/B,8753
2019-07-10,719,11:25:00,Wednesday,EGLINTON WEST STATION,Utilized Off Route,1,1,E/B,1415
2019-07-10,701,11:30:00,Wednesday,eglinton stn,Utilized Off Route,1,1,S/B,1235
2019-07-10,925,11:34:00,Wednesday,Pape station,Utilized Off Route,10,20,S/B,8776
2019-07-10,600,11:35:00,Wednesday,Ossington stn,Utilized Off Route,1,1,W/B,1088
2019-07-10,63,11:41:00,Wednesday,Ossington Stn,Utilized Off Route,4,8,S/B,1270
2019-07-10,701,11:46:00,Wednesday,Eglinton Station,Mechanical,0,0,S/B,8367
2019-07-10,41,11:48:00,Wednesday,Keele Station,Mechanical,9,18,N/B,9009
2019-07-10,709,12:00:00,Wednesday,Mount Dennis Garage,Utilized Off Route,1,1,N/B,1521
2019-07-10,36,12:02:00,Wednesday,Jane and Finch,Diversion,110,117,B/W,
2019-07-10,36,12:02:00,Wednesday,Jane and Finch,Investigation,7,14,E/B,3284
2019-07-10,72,12:20:00,Wednesday,Front and Bay,Utilized Off Route,19,38,N/B,9214
2019-07-10,49,12:22:00,Wednesday,Kipling Station,Mechanical,9,18,W/B,8407
2019-07-10,63,12:24:00,Wednesday,Liberty street and atlantic,Investigation,10,20,W/B,8129
2019-07-10,29,12:25:00,Wednesday,Eglinton and Dufferin,Mechanical,7,14,S/B,9148
2019-07-10,92,12:28:00,Wednesday,Ashbridge's Bay Loop,Diversion,77,88,EB,8595
2019-07-10,36,12:30:00,Wednesday,Finch and Hwy 400,Investigation,5,10,W/B,9110
2019-07-10,45,12:31:00,Wednesday,Kipling Station,Utilized Off Route,10,20,N/B,7968
2019-07-10,14,12:36:00,Wednesday,Caledonia & Gencairn,Mechanical,20,40,E/B,1417
2019-07-10,40,13:00:00,Wednesday,Dundas West Station,General Delay,15,25,B/W,
2019-07-10,985,13:02:00,Wednesday,Don Mills Station,Mechanical,11,22,E/B,9085
2019-07-10,63,13:04:00,Wednesday,St Clair/Oakwood loop,Mechanical,5,9,S/B,1237
2019-07-10,129,13:17:00,Wednesday,Scarborough Town Centre,Mechanical,7,14,N/B,1679
2019-07-10,52,13:33:00,Wednesday,Lawrence and Dufferin,Investigation,15,30,E/B,8126
2019-07-10,701,13:34:00,Wednesday,Sherway gardens,Utilized Off Route,1,1,W/B,8069
2019-07-10,925,13:42:00,Wednesday,Overlea & Thorncliff Park East,Investigation,10,20,W/B,8765
2019-07-10,63,13:46:00,Wednesday,Ossington and Queen`,Mechanical,5,9,S/B,8132
2019-07-10,75,14:00:00,Wednesday,Lower jarvis and Queens quay,General Delay,8,15,B/W,
2019-07-10,66,14:00:00,Wednesday,Old Mill Station to Humber Loop and Marine Parade,General Delay,15,39,B/W,
2019-07-10,73,14:00:00,Wednesday,Lakeshore and Mimico to Claireport,General Delay,15,26,B/W,
2019-07-10,50,14:00:00,Wednesday,Islington Station to Mill Road Loop,General Delay,15,35,B/W,
2019-07-10,85,14:00:00,Wednesday,Sheppard Stn to Don Mills Stn,General Delay,22,44,B/W,
2019-07-10,41,14:16:00,Wednesday,Rogers & Keele,Investigation,9,18,S/B,9054
2019-07-10,57,14:20:00,Wednesday,Kennedy Station,Mechanical,8,19,N/B,8782
2019-07-10,11,14:30:00,Wednesday,Davisville station to Yorkmills,General Delay,10,25,B/W,
2019-07-10,88,14:34:00,Wednesday,Wilson garage,Mechanical,12,24,E/B,1374
2019-07-10,944,14:35:00,Wednesday,Evans and Kipling,Utilized Off Route,12,24,S/B,7968
2019-07-10,102,14:40:00,Wednesday,Centennial college,Mechanical,21,42,S/B,8464
2019-07-10,24,15:00:00,Wednesday,Eglinton / Victoria Park,General Delay,25,33,B/W,
2019-07-10,952,15:00:00,Wednesday,Lawrence Station to Terminal 1,General Delay,41,52,B/W,
2019-07-10,120,15:00:00,Wednesday,Entire route,General Delay,20,22,B/W,
2019-07-10,59,15:00:00,Wednesday,Entire route.,General Delay,20,28,B/W,
2019-07-10,935,15:00:00,Wednesday,Entire route.,General Delay,20,11,B/W,
2019-07-10,52,15:00:00,Wednesday,Lawrence Station to West Wood Mall,General Delay,30,40,B/W,
2019-07-10,35,15:00:00,Wednesday,Entire route,General Delay,20,15,B/W,
2019-07-10,6,15:18:00,Wednesday,Davenport and DuPont,Mechanical,8,15,S/B,1113
2019-07-10,35,15:20:00,Wednesday,Poineer village,Mechanical,12,24,S/B,3552
2019-07-10,109,15:30:00,Wednesday,Ranee and Ameer,General Delay,10,23,B/W,
2019-07-10,36,15:36:00,Wednesday,Finch West Stn,Mechanical,5,10,W/B,9112
2019-07-10,63,15:36:00,Wednesday,St.Clair and Oakwood,Utilized Off Route,6,12,S/B,8366
2019-07-10,73,15:40:00,Wednesday,"On Royal York, at Evans",Mechanical,7,14,N/B,7971
2019-07-10,54,15:42:00,Wednesday,Eglinton and Don Mills,Investigation,9,18,E/B,8712
2019-07-10,37,15:43:00,Wednesday,Woodbine Race Track Loop,Mechanical,22,44,S/B,7978
2019-07-10,97,15:43:00,Wednesday,Steeles to Queens Quay,General Delay,15,45,B/W,
2019-07-10,80,15:53:00,Wednesday,Keel station to sherway garden,General Delay,24,48,B/W,
2019-07-10,16,16:00:00,Wednesday,Eglinton Ave and Savarin St,General Delay,10,20,B/W,
2019-07-10,116,16:00:00,Wednesday,Morningside Ave (Sheppard to Kingston Rd),General Delay,20,27,B/W,
2019-07-10,86,16:00:00,Wednesday,Kingston Rd (Lawson to Galloway),General Delay,15,30,B/W,
2019-07-10,143,16:00:00,Wednesday,Entire Route,General Delay,15,30,B/W,
2019-07-10,9,16:00:00,Wednesday,Entire Route,General Delay,10,25,B/W,
2019-07-10,79,16:00:00,Wednesday,Entire Route,General Delay,18,31,N/B,
2019-07-10,17,16:00:00,Wednesday,Eglinton Ave,General Delay,20,30,B/W,
2019-07-10,89,16:00:00,Wednesday,Weston Road Route,General Delay,20,30,B/W,
2019-07-10,989,16:00:00,Wednesday,Weston Road Route,General Delay,20,30,B/W,
2019-07-10,41,16:00:00,Wednesday,Keele Route,General Delay,20,31,B/W,
2019-07-10,941,16:00:00,Wednesday,Weston Road Express Route,General Delay,20,34,B/W,
2019-07-10,56,16:00:00,Wednesday,Donland Station to Eglinton Station,General Delay,14,32,B/W,
2019-07-10,63,16:00:00,Wednesday,Ossington and geary ave,Mechanical,6,12,S/B,1376
2019-07-10,83,16:00:00,Wednesday,Entire route,General Delay,10,25,B/W,
2019-07-10,52,16:03:00,Wednesday,Lawrence Ave W and Keele St,Investigation,16,32,W/B,1368
2019-07-10,142,16:15:00,Wednesday,CHURCH ST. AT RICHMOND ST. E. to  HIGHWAY 401 (BOMBAY LOOP),General Delay,22,52,B/W,
2019-07-10,85,16:21:00,Wednesday,Sheppard and Washrburn Way,Diversion,8,16,E/B,3536
2019-07-10,985,16:33:00,Wednesday,Lapsley and Sheppard,Diversion,12,24,E/B,9075
2019-07-10,165,16:39:00,Wednesday,Jane and Wilson,Investigation,1,1,W/B,3260
2019-07-10,169,16:41:00,Wednesday,McCowan and Nugget,Investigation,25,50,N/B,8302
2019-07-10,134,16:45:00,Wednesday,Scarborough Town Center,Mechanical,19,36,E/B,1335
2019-07-10,939,16:48:00,Wednesday,Finch Ave and Leslie Street,Emergency Services,12,24,E/B,1655
2019-07-10,29,16:50:00,Wednesday,Dufferin / Castlefield,Mechanical,8,15,N/B,9019
2019-07-10,6,16:52:00,Wednesday,Bay and Elm,Investigation,8,15,S/B,1013
2019-07-10,23,16:52:00,Wednesday,Main Station,Mechanical,7,14,N/B,8497
2019-07-10,88,16:55:00,Wednesday,St.Clair to Thorncliff,General Delay,11,23,N/B,
2019-07-10,6,17:00:00,Wednesday,Adelaide to Queens quay,General Delay,30,45,B/W,
2019-07-10,986,17:00:00,Wednesday,Kingston Rd (Lawson to Galloway),General Delay,20,30,B/W,
2019-07-10,91,17:01:00,Wednesday,Woodbine Station,Mechanical,13,26,B/W,9202
2019-07-10,89,17:05:00,Wednesday,Weston Road Route,Diversion,20,30,B/W,
2019-07-10,989,17:05:00,Wednesday,Weston Road Route,Diversion,20,30,B/W,
2019-07-10,989,17:10:00,Wednesday,Keele Station,Mechanical,10,20,N/B,1021
2019-07-10,145,17:27:00,Wednesday,"On Royal York, at Lakeshore",Investigation,30,60,S/B,8406
2019-07-10,989,17:52:00,Wednesday,Weston Road Route,Diversion,20,30,B/W,
2019-07-10,89,17:52:00,Wednesday,Weston Road Route,Diversion,20,30,B/W,
2019-07-10,88,17:52:00,Wednesday,Bayview and moore,Investigation,12,24,E/B,8340
2019-07-10,52,17:55:00,Wednesday,Lawrence ave w and Weston Rd,Investigation,16,32,W/B,1279
2019-07-10,706,18:01:00,Wednesday,Warden Ave,Investigation,1,1,B/W,9217
2019-07-10,84,18:17:00,Wednesday,VOID,Investigation,1,1,W/B,
2019-07-10,165,18:23:00,Wednesday,Barmac and Steeles,Mechanical,8,16,E/B,3232
2019-07-10,34,18:31:00,Wednesday,Eglinton Station,Emergency Services,1,1,E/B,8863
2019-07-10,40,18:34:00,Wednesday,Dundas West Station,Investigation,14,28,W/B,8080
2019-07-10,116,18:34:00,Wednesday,Kennedy STN,Utilized Off Route,7,13,E/B,8843
2019-07-10,116,18:38:00,Wednesday,Morningside Ave/Ellesmere Rd,Mechanical,7,13,N/B,8876
2019-07-10,54,18:40:00,Wednesday,Lawrence and Railside,Investigation,13,26,E/B,8748
2019-07-10,925,18:40:00,Wednesday,Overlea and Thorncliffe,Investigation,8,16,N/B,8732
2019-07-10,22,18:45:00,Wednesday,Bingham Loop,Mechanical,10,20,W/B,3123
2019-07-10,102,18:46:00,Wednesday,Eglinton / Markham,Investigation,20,40,N/B,8454
2019-07-10,23,18:50:00,Wednesday,GoodWood Park / Dawes,Mechanical,35,70,N/B,8503
2019-07-10,41,18:57:00,Wednesday,Pioneer Village Station,Mechanical,11,22,S/B,9032
2019-07-10,87,19:10:00,Wednesday,Todmorden Ln /Cosburn,Investigation,7,14,E/B,8576
2019-07-10,45,19:11:00,Wednesday,Kipling Station,Mechanical,9,18,N/B,8605
2019-07-10,36,19:16:00,Wednesday,Humberwood Loop,Mechanical,14,34,E/B,3257
2019-07-10,601,19:30:00,Wednesday,kipling and lakeshore,Utilized Off Route,1,1,B/W,7963
2019-07-10,16,19:38:00,Wednesday,Scarborough Town Center,Mechanical,9,18,B/W,8486
2019-07-10,47,19:45:00,Wednesday,Dundas and Lansdown,Mechanical,20,40,S/B,1106
2019-07-10,79,19:56:00,Wednesday,Scarlett / Lawrence,Investigation,13,26,S/B,1047
2019-07-10,32,20:00:00,Wednesday,WB on Eglinton at Orchad View,Investigation,1,1,W/B,1126
2019-07-10,123,20:00:00,Wednesday,Entire Route,General Delay,20,25,S/B,
2019-07-10,123,20:00:00,Wednesday,Browns Line and Evans,Diversion,1,1,S/B,8023
2019-07-10,53,20:30:00,Wednesday,Passmore and Markham,Mechanical,10,15,E/B,1386
2019-07-10,109,20:30:00,Wednesday,Ranee and Ameer,General Delay,10,35,B/W,
2019-07-10,63,20:33:00,Wednesday,Eglinton west station to king,General Delay,12,18,B/W,
2019-07-10,32,20:45:00,Wednesday,Jane and Emmete,Mechanical,30,60,E/B,1003
2019-07-10,6,20:52:00,Wednesday,Bay and Queen,Investigation,15,30,N/B,1099
2019-07-10,925,20:53:00,Wednesday,Overlea and Thorncliffe,Investigation,10,20,E/B,8624
2019-07-10,73,21:00:00,Wednesday,Royal York station,Mechanical,30,60,N/B,8075
2019-07-10,63,21:06:00,Wednesday,ossington station,Mechanical,10,20,S/B,1277
2019-07-10,110,21:07:00,Wednesday,Islington and Jutland Rd,Investigation,18,46,S/B,8071
2019-07-10,905,21:44:00,Wednesday,North Service Rd/Kennedy STN,Investigation,13,26,E/B,8919
2019-07-10,17,22:14:00,Wednesday,Timberbank BLVd,Mechanical,22,44,B/W,8525
2019-07-10,87,22:27:00,Wednesday,Broadview Station,Mechanical,10,20,E/B,3107
2019-07-10,11,22:30:00,Wednesday,Davisville station to Steeles loop,General Delay,10,40,B/W,
2019-07-10,939,23:45:00,Wednesday,McCowan Rd and Finch Ave,Mechanical,9,18,W/B,3541
2019-07-11,41,00:01:00,Thursday,Pioneer Village Station,Vision,20,40,S/B,9041
2019-07-11,89,00:23:00,Thursday,Weston at Church,Investigation,10,20,S/B,1025
2019-07-11,116,00:58:00,Thursday,Morningside/Lawrence,Mechanical,10,20,S/B,8764
2019-07-11,85,01:01:00,Thursday,Malvern Gate,Mechanical,20,40,W/B,3415
2019-07-11,320,01:45:00,Thursday,King,Diversion,1,1,B/W,
2019-07-11,320,03:08:00,Thursday,Bay South of Front,Investigation,3,7,S/B,8340
2019-07-11,341,03:41:00,Thursday,Keele and Writeburn,Investigation,30,60,,9011
2019-07-11,385,04:22:00,Thursday,Sheppard and Kennedy,Investigation,30,60,E/B,3515
2019-07-11,600,04:35:00,Thursday,Industry st at Mt. Dennis Garage,Mechanical,1,1,S/B,1056
2019-07-11,89,04:51:00,Thursday,Keele and St.Clair,Mechanical,30,60,N/B,1042
2019-07-11,17,05:00:00,Thursday,Birchmount and Eglinton Ave East,Diversion,1,1,SB,8520
2019-07-11,91,05:05:00,Thursday,Eglinton Ave East - Bermondsey / Sloane,Diversion,1,1,SB,8468
2019-07-11,129,05:16:00,Thursday,Malvern Gate,Mechanical,1,1,S/B,1402
2019-07-11,22,05:32:00,Thursday,Coxwell and Gerrard,Diversion,999,999,N/B,
2019-07-11,34,05:37:00,Thursday,Eglinton & Pharmacy,Investigation,2,8,W/B,8748
2019-07-11,6,05:58:00,Thursday,Trethewey and Black Creek,Investigation,5,10,E/B,1051
2019-07-11,121,06:00:00,Thursday,Lake Shore Blvd West - Strachan to British Columbia,Diversion,1,1,EB,9229
2019-07-11,953,06:09:00,Thursday,Finch Station,Mechanical,7,1,E/B,
2019-07-11,47,06:11:00,Thursday,Queen and Lansdowne,Mechanical,1,1,N/B,1033
2019-07-11,71,06:15:00,Thursday,Runnymede Station,Mechanical,1,1,N/B,1412
2019-07-11,32,06:26:00,Thursday,Keele and Eglinton,Mechanical,12,24,E/B,1408
2019-07-11,6,06:53:00,Thursday,Dundas and Bay,Mechanical,1,1,N/B,1549
2019-07-11,47,07:00:00,Thursday,Dupont and Lansdowne,Mechanical,6,12,S/B,1088
2019-07-11,32,07:00:00,Thursday,Eglinton Station,Mechanical,1,1,E/B,1083
2019-07-11,165,07:08:00,Thursday,Sheppard and Weston,Mechanical,6,12,E/B,3369
2019-07-11,37,07:29:00,Thursday,Islington Station,Investigation,24,48,n/b,8435
2019-07-11,35,07:38:00,Thursday,PVST - Pioneer Village,Mechanical,10,20,N/B,3195
2019-07-11,953,07:49:00,Thursday,Staines and Morningside,Diversion,30,38,W/B,9072
2019-07-11,952,08:00:00,Thursday,Lawrence and Avenue Rd.,General Delay,20,20,W/B,
2019-07-11,17,08:00:00,Thursday,Birchmount Route,General Delay,15,25,BW,0
2019-07-11,40,08:00:00,Thursday,Dudnas from Pacific to Annette,General Delay,20,1,B/W,
2019-07-11,66,08:00:00,Thursday,Prince Edwards and Bloor St West,General Delay,20,1,B/W,
2019-07-11,52,08:00:00,Thursday,Lawrence and Avenue rd.,General Delay,20,20,W/B,
2019-07-11,143,08:00:00,Thursday,Downtown - Beaches Express Route,General Delay,10,25,BW,0
2019-07-11,929,08:28:00,Thursday,Wilson Station,Mechanical,8,17,S/B,9007
2019-07-11,97,08:38:00,Thursday,Yonge and Wilson,Mechanical,30,60,S/B,8359
2019-07-11,66,08:45:00,Thursday,Glenaden and Prince Edward,Investigation,9,18,N/B,8424
2019-07-11,127,08:52:00,Thursday,Spadina & MacPherson,Investigation,16,32,W/B,1049
2019-07-11,92,09:00:00,Thursday,Woodbine South Route,General Delay,10,18,BW,0
2019-07-11,16,09:00:00,Thursday,McCowan Route,General Delay,10,22,BW,0
2019-07-11,63,09:15:00,Thursday,Queen and Ossington,Investigation,5,9,,1282
2019-07-11,162,09:16:00,Thursday,Lawrence and Yonge,Mechanical,30,60,E/B,1235
2019-07-11,23,09:18:00,Thursday,Main Station / Dawes Road,Investigation,10,20,N/B,8595
2019-07-11,23,09:20:00,Thursday,Dawes Road / Main Station,General Delay,10,20,B/W,
2019-07-11,23,09:43:00,Thursday,Main Station / Dawes Road,Investigation,10,20,N/B,8947
2019-07-11,60,09:55:00,Thursday,Steeles/Palm Gate,Investigation,10,19,W/B,3351
2019-07-11,43,10:22:00,Thursday,Kennedy Station,Mechanical,10,20,N/B,8657
2019-07-11,129,10:29:00,Thursday,Scarborough Town Centre,Mechanical,7,14,N/B,1680
2019-07-11,134,10:33:00,Thursday,Scarborough Town Center,Mechanical,13,32,E/B,9064
2019-07-11,116,10:52:00,Thursday,Kennedy Station,Mechanical,25,50,E/B,8697
2019-07-11,29,10:53:00,Thursday,Exhibition Loop,Mechanical,8,17,N/B,9150
2019-07-11,29,11:08:00,Thursday,Exhibition Loop,Mechanical,8,17,N/B,9008
2019-07-11,96,11:35:00,Thursday,Wilson and Clayson,Mechanical,20,40,E/B,3179
2019-07-11,711,11:42:00,Thursday,Eglinton Station,Utilized Off Route,1,1,S/B,8218
2019-07-11,719,11:43:00,Thursday,Jane & Alliance,Utilized Off Route,1,1,W/B,1502
2019-07-11,719,11:43:00,Thursday,Jane and Alliance,Utilized Off Route,1,1,B/W,1502
2019-07-11,53,11:44:00,Thursday,Finch Station,Utilized Off Route,6,17,E/B,1566
2019-07-11,600,11:44:00,Thursday,Keele station,Utilized Off Route,1,1,S/B,8050
2019-07-11,704,11:45:00,Thursday,Finch W Stn,Utilized Off Route,1,1,,3280
2019-07-11,704,11:45:00,Thursday,Finch Station,Utilized Off Route,1,1,S/B,3280
2019-07-11,600,11:45:00,Thursday,Lansdowne and Bloor,Utilized Off Route,1,1,S/B,1590
2019-07-11,711,11:45:00,Thursday,Eglinton station,Utilized Off Route,1,1,W/B,1212
2019-07-11,720,11:46:00,Thursday,Lawrence RT,Utilized Off Route,1,1,W/B,8890
2019-07-11,121,11:47:00,Thursday,Ontario Place,Utilized Off Route,20,40,EB,8961
2019-07-11,52,11:47:00,Thursday,Lawrence West Station,Utilized Off Route,15,30,W/B,8373
2019-07-11,72,11:49:00,Thursday,Front and Bay,Utilized Off Route,19,38,NB,8562
2019-07-11,96,11:50:00,Thursday,Arrow garage,Utilized Off Route,1,1,E/B,3179
2019-07-11,100,11:50:00,Thursday,Broadview Sytation,Utilized Off Route,6,12,N/B,8848
2019-07-11,600,11:50:00,Thursday,Dupont and Davenport,Utilized Off Route,1,1,S/B,1135
2019-07-11,701,11:50:00,Thursday,Bloor and Sherbourne,Utilized Off Route,1,1,S/B,1373
2019-07-11,63,11:51:00,Thursday,Ossington Stn,Utilized Off Route,4,8,N/B,8356
2019-07-11,63,11:51:00,Thursday,Ossinton Stn,Utilized Off Route,5,9,S/B,8300
2019-07-11,25,11:52:00,Thursday,Pape station,Utilized Off Route,9,18,S/B,8658
2019-07-11,89,11:52:00,Thursday,Weston & Lawrence,Utilized Off Route,10,20,N/B,1042
2019-07-11,929,11:54:00,Thursday,Bloor and Dufferiin,Utilized Off Route,8,17,N/B,9144
2019-07-11,40,11:55:00,Thursday,Dundas West Station,Utilized Off Route,10,20,W/B,8062
2019-07-11,100,11:55:00,Thursday,Broadview Station,Emergency Services,6,12,N/B,8809
2019-07-11,939,11:56:00,Thursday,Finch Station,Utilized Off Route,9,18,W/B,3549
2019-07-11,65,11:56:00,Thursday,Castle Frank Station,Utilized Off Route,13,26,SB,8959
2019-07-11,95,11:56:00,Thursday,York Mills Station,Utilized Off Route,20,40,E/B,1744
2019-07-11,89,12:00:00,Thursday,Keele Station,Utilized Off Route,10,20,N/B,1042
2019-07-11,929,12:00:00,Thursday,Keele Station,Utilized Off Route,8,17,N/B,9144
2019-07-11,719,12:00:00,Thursday,Keele Station,Utilized Off Route,1,1,B/W,1502
2019-07-11,709,12:00:00,Thursday,Mt. Dennis Garage,Utilized Off Route,1,1,S/B,1633
2019-07-11,73,12:02:00,Thursday,Royal York Station,Utilized Off Route,10,19,N/B,8070
2019-07-11,53,12:02:00,Thursday,Keele and Sheppard,Utilized Off Route,6,17,E/B,1566
2019-07-11,720,12:15:00,Thursday,Eglinton and Leslie,Utilized Off Route,1,1,E/B,8890
2019-07-11,711,12:15:00,Thursday,St Clair Station,Utilized Off Route,1,1,S/B,8218
2019-07-11,704,12:15:00,Thursday,Sheppard West Station,Utilized Off Route,1,1,N/B,3280
2019-07-11,89,12:15:00,Thursday,Weston & Humber,Utilized Off Route,10,20,N/B,1042
2019-07-11,25,12:16:00,Thursday,Pape station,Utilized Off Route,9,18,S/B,8658
2019-07-11,702,12:17:00,Thursday,Kipling station,Utilized Off Route,1,1,S/B,7956
2019-07-11,100,12:17:00,Thursday,Sherbourne,Utilized Off Route,6,12,N/B,8848
2019-07-11,944,12:17:00,Thursday,Kipling station,Utilized Off Route,9,18,S/B,8026
2019-07-11,704,12:17:00,Thursday,Arrow Garage,Utilized Off Route,1,1,E/B,3353
2019-07-11,600,12:17:00,Thursday,Kipling station,Utilized Off Route,1,1,N/B,8050
2019-07-11,706,12:17:00,Thursday,Coxwell Station,Utilized Off Route,1,1,WB,8501
2019-07-11,63,12:18:00,Thursday,Ossington,Utilized Off Route,5,9,S/B,8300
2019-07-11,63,12:18:00,Thursday,Bloor St.,Utilized Off Route,4,8,S/B,8356
2019-07-11,52,12:20:00,Thursday,Rogers and weston rd,Utilized Off Route,15,30,S,8373
2019-07-11,927,12:20:00,Thursday,Kipling Stn,Utilized Off Route,1,1,,3323
2019-07-11,108,12:23:00,Thursday,Jane/Driftwood,Mechanical,15,30,S/B,3334
2019-07-11,111,12:30:00,Thursday,Kipling Station,Utilized Off Route,15,30,N/B,8099
2019-07-11,39,12:30:00,Thursday,Finch Station,Utilized Off Route,6,12,N/B,1320
2019-07-11,72,12:35:00,Thursday,Carlaw and Eastern,Utilized Off Route,19,38,EB,8562
2019-07-11,95,12:40:00,Thursday,YORKMILL STATION,Utilized Off Route,20,40,,3428
2019-07-11,12,12:42:00,Thursday,Kingston and Sharp,Investigation,22,44,W/B,3127
2019-07-11,702,12:55:00,Thursday,Jane Station,Utilized Off Route,1,1,N/B,7959
2019-07-11,600,12:55:00,Thursday,Jane station,Utilized Off Route,1,1,N/B,8050
2019-07-11,63,12:55:00,Thursday,Keele Stn,Utilized Off Route,4,8,,8356
2019-07-11,944,12:55:00,Thursday,Jane station,Utilized Off Route,9,18,N/B,8026
2019-07-11,25,12:55:00,Thursday,Pape station,Utilized Off Route,9,18,B/W,8658
2019-07-11,63,12:55:00,Thursday,Islington,Utilized Off Route,5,9,,8300
2019-07-11,720,12:55:00,Thursday,Kipling Station,Utilized Off Route,1,1,B/W,8890
2019-07-11,601,13:00:00,Thursday,Wilson station,Utilized Off Route,1,1,S/B,8391
2019-07-11,601,13:00:00,Thursday,wilson garage,Utilized Off Route,1,1,S/B,8197
2019-07-11,600,13:00:00,Thursday,Mount Dennis,Utilized Off Route,1,1,S/B,1015
2019-07-11,600,13:00:00,Thursday,Mount Dennis,Utilized Off Route,1,1,S/B,1415
2019-07-11,83,13:00:00,Thursday,Jones Route,General Delay,10,23,BW,0
2019-07-11,600,13:00:00,Thursday,Arrow garage,Utilized Off Route,1,1,E/B,3144
2019-07-11,607,13:00:00,Thursday,Scarborough Town Center,Utilized Off Route,1,1,E/B,1397
2019-07-11,607,13:00:00,Thursday,Scarborough Town Center,Utilized Off Route,1,1,E/B,3427
2019-07-11,710,13:05:00,Thursday,Broadview Station,Utilized Off Route,0,0,N/B,8622
2019-07-11,600,13:10:00,Thursday,Egga,Utilized Off Route,1,1,B/W,8812
2019-07-11,701,13:18:00,Thursday,Eglinton Station,Utilized Off Route,1,1,S/B,8113
2019-07-11,7,13:20:00,Thursday,Bathurst Stn,Utilized Off Route,8,16,N/B,8393
2019-07-11,939,13:20:00,Thursday,McCowan and Sheppard,Mechanical,8,16,W/B,3470
2019-07-11,95,13:22:00,Thursday,Ellesmere and,Mechanical,20,40,,1752
2019-07-11,720,13:23:00,Thursday,Don Mills station,Investigation,1,1,N/B,8672
2019-07-11,716,13:23:00,Thursday,Warden Station,Utilized Off Route,1,1,WB,8512
2019-07-11,606,13:23:00,Thursday,Birchmount Garage,Utilized Off Route,1,1,WB,8496
2019-07-11,121,13:23:00,Thursday,Ontario Place,Utilized Off Route,20,40,WB,8961
2019-07-11,706,13:23:00,Thursday,Warden Station,Utilized Off Route,1,1,WB,8593
2019-07-11,41,13:23:00,Thursday,Keele & Eglinton,Utilized Off Route,9,18,S/B,9146
2019-07-11,29,13:25:00,Thursday,Exhibition Loop,Utilized Off Route,8,17,N/B,9013
2019-07-11,707,13:30:00,Thursday,Finch Station,Utilized Off Route,1,1,E/B,3473
2019-07-11,25,13:33:00,Thursday,Pape station,Utilized Off Route,9,18,S/B,8779
2019-07-11,54,13:35:00,Thursday,Laird and Eglinton,Utilized Off Route,0,0,W/B,8895
2019-07-11,14,13:36:00,Thursday,Glencairn & Caledonia,Mechanical,20,40,E/B,1121
2019-07-11,85,13:37:00,Thursday,DONS,Utilized Off Route,7,14,E/B,3538
2019-07-11,108,13:37:00,Thursday,Driftwood/Cobbler Crescent,Investigation,15,30,S/B,3277
2019-07-11,701,13:38:00,Thursday,Kipling Station,Utilized Off Route,1,1,E/B,8094
2019-07-11,700,13:57:00,Thursday,Kipling tation,Utilized Off Route,1,1,N/B,8094
2019-07-11,45,13:57:00,Thursday,Kipling Stn.,Utilized Off Route,20,40,N/B,8410
2019-07-11,711,13:57:00,Thursday,Keele station,Utilized Off Route,1,1,S/B,1212
2019-07-11,701,13:58:00,Thursday,St Clair Station,Utilized Off Route,1,1,WB,8113
2019-07-11,711,13:58:00,Thursday,Kipling Station,Utilized Off Route,1,1,WB,8218
2019-07-11,50,14:00:00,Thursday,Islington Station to Mill Road Loop,General Delay,15,35,B/W,
2019-07-11,11,14:00:00,Thursday,Davisville station to Yorkmills,General Delay,16,30,B/W,
2019-07-11,73,14:00:00,Thursday,Lakeshore and Mimico to Claireport,General Delay,15,26,B/W,
2019-07-11,7,14:00:00,Thursday,Invermay and Bathrust,Mechanical,8,16,N/B,8167
2019-07-11,96,14:00:00,Thursday,Route 96,General Delay,11,22,B/W,
2019-07-11,600,14:05:00,Thursday,Kipling Station,Utilized Off Route,1,1,W/B,1015
2019-07-11,600,14:10:00,Thursday,Kipling Station,Utilized Off Route,1,1,W/B,1145
2019-07-11,94,14:22:00,Thursday,Oss Stn,Mechanical,15,30,E/B,1035
2019-07-11,54,14:25:00,Thursday,Leslie and Eglinton,Mechanical,6,13,E/B,8917
2019-07-11,61,14:30:00,Thursday,Eglinton Station,General Delay,15,30,SB,1247
2019-07-11,36,14:30:00,Thursday,Finch West Station,Utilized Off Route,6,12,E/B,3282
2019-07-11,929,14:30:00,Thursday,Dufferin and Rogers rd,Mechanical,10,20,N/B,9012
2019-07-11,62,14:50:00,Thursday,Mortimer / Main Station,Mechanical,0,0,W/B,8457
2019-07-11,63,14:54:00,Thursday,Eglinton and Oakwood,Investigation,8,16,E/B,8212
2019-07-11,89,14:55:00,Thursday,Keele Station,Emergency Services,11,22,N/B,1503
2019-07-11,97,15:00:00,Thursday,Davisville station,General Delay,30,60,SB,8172
2019-07-11,75,15:00:00,Thursday,Lower Jarvis and Queens Quay,General Delay,12,20,B/W,
2019-07-11,53,15:00:00,Thursday,Finch Station -Morningside and Finch,General Delay,15,30,B/W,1668
2019-07-11,935,15:00:00,Thursday,Entire route,General Delay,20,11,B/W,
2019-07-11,79,15:00:00,Thursday,Entire Route,General Delay,18,31,BW,
2019-07-11,35,15:00:00,Thursday,Entire route,General Delay,20,11,B/W,
2019-07-11,88,15:00:00,Thursday,St Clair Station,General Delay,28,56,EB,8190
2019-07-11,41,15:00:00,Thursday,Entire route,General Delay,28,38,S/B,
2019-07-11,29,15:00:00,Thursday,Entire Route,General Delay,11,19,BW,
2019-07-11,52,15:00:00,Thursday,Lawrence Station to West Wood Mall,General Delay,35,45,B/W,
2019-07-11,89,15:00:00,Thursday,Entire route,General Delay,20,30,B/W,
2019-07-11,33,15:00:00,Thursday,St Clair W Stn,Vision,20,40,,1215
2019-07-11,165,15:00:00,Thursday,Route 165,General Delay,8,16,B/W,
2019-07-11,72,15:02:00,Thursday,Pape Station,Mechanical,10,20,SB,8567
2019-07-11,102,15:06:00,Thursday,Warden Station,Mechanical,24,48,N/B,3103
2019-07-11,85,15:10:00,Thursday,Sheppard and Shorting,Mechanical,15,30,E/B,3425
2019-07-11,935,15:10:00,Thursday,Jane station,Mechanical,11,22,N/B,3239
2019-07-11,35,15:20:00,Thursday,Pioneer Village,Mechanical,11,22,S/B,3143
2019-07-11,984,15:22:00,Thursday,Bradstock/Weston Rd.,Investigation,7,14,E/B,3360
2019-07-11,84,15:22:00,Thursday,Bradstock/Weston,Investigation,14,29,E/B,3251
2019-07-11,63,15:24:00,Thursday,King and Shaw,Diversion,4,8,S/B,8100
2019-07-11,97,15:24:00,Thursday,Yonge and Eglinton,Investigation,30,60,NB,8148
2019-07-11,63,15:26:00,Thursday,King and Shaw,Diversion,76,84,N/B,
2019-07-11,39,15:28:00,Thursday,Neilson and Crowtrail,Mechanical,14,28,W/B,1313
2019-07-11,952,15:30:00,Thursday,Lawrence Station to Terminal 1,General Delay,31,42,B/W,
2019-07-11,52,15:33:00,Thursday,Terminal 1,Investigation,12,24,W/B,8181
2019-07-11,600,15:40:00,Thursday,Weston at Albion,Utilized Off Route,1,1,S/B,1015
2019-07-11,20,15:44:00,Thursday,Midland and St Clair,Mechanical,13,26,N/B,9227
2019-07-11,24,15:45:00,Thursday,Victoria Park from Station to Steeles Loop,General Delay,36,45,B/W,
2019-07-11,7,15:45:00,Thursday,Greenwin and Village gate,Investigation,8,16,W/B,8381
2019-07-11,23,15:46:00,Thursday,Dawes / Ferris,Investigation,8,16,N/B,8464
2019-07-11,63,15:48:00,Thursday,Strachan and liberty,Utilized Off Route,8,16,S/B,8360
2019-07-11,6,15:55:00,Thursday,Bay at King,Utilized Off Route,7,15,S/B,1138
2019-07-11,97,15:56:00,Thursday,Yonge and King,Utilized Off Route,20,40,SB,8124
2019-07-11,25,16:00:00,Thursday,Overlea to Barber green on Don mills,General Delay,15,20,B/W,
2019-07-11,100,16:00:00,Thursday,Broadview Stn to Don Mills/Wynford,General Delay,15,21,B/W,1
2019-07-11,89,16:00:00,Thursday,Weston Road Route,General Delay,20,30,B/W,
2019-07-11,41,16:00:00,Thursday,Weston Road Route,General Delay,20,30,B/W,
2019-07-11,109,16:00:00,Thursday,Ranee and Ameer,General Delay,13,26,B/W,
2019-07-11,925,16:00:00,Thursday,Both ways between Overlea and barber greene,General Delay,15,25,B/W,
2019-07-11,25,16:14:00,Thursday,Pape Station,Mechanical,6,12,N/B,8760
2019-07-11,142,16:15:00,Thursday,CHURCH ST. AT RICHMOND ST. E. to  HIGHWAY 401 (BOMBAY LOOP),General Delay,32,62,B/W,
2019-07-11,903,16:17:00,Thursday,Brimley / ellesmere,Mechanical,10,20,E/B,3486
2019-07-11,38,16:36:00,Thursday,Rouge Hill GO Station,Mechanical,11,22,W/B,3470
2019-07-11,45,16:38:00,Thursday,Kipling and Bloor,Diversion,46,55,S/B,8410
2019-07-11,945,16:38:00,Thursday,Kipling and Bloor,Diversion,46,55,N/B,8052
2019-07-11,124,16:42:00,Thursday,Sunnybrook Hospital.,Mechanical,9,18,SB,8201
2019-07-11,995,16:44:00,Thursday,Leslie /York Mills,Mechanical,10,20,E/B,1730
2019-07-11,63,16:45:00,Thursday,King and shaw,General Delay,23,29,B/W,
2019-07-11,995,16:50:00,Thursday,Ellesmere /Yorkmills,Emergency Services,10,20,E/B,1200
2019-07-11,984,16:58:00,Thursday,Sheppard/Brentwood,Investigation,7,15,W/B,3223
2019-07-11,30,17:00:00,Thursday,High Park ave and Dundas,Diversion,128,150,B/W,8032
2019-07-11,29,17:00:00,Thursday,Wilson stn,Mechanical,8,15,S/B,9012
2019-07-11,53,17:03:00,Thursday,Madawakska and Yonge Street,Investigation,4,12,N/B,1311
2019-07-11,168,17:08:00,Thursday,Avon loop,Mechanical,8,17,S/B,1087
2019-07-11,941,17:11:00,Thursday,Finch West Station,Mechanical,14,28,S/B,1560
2019-07-11,29,17:35:00,Thursday,Springhurst Loop,Mechanical,8,15,N/B,1408
2019-07-11,44,17:38:00,Thursday,Kipling Station,Mechanical,6,12,S/B,7961
2019-07-11,100,17:50:00,Thursday,Broadview Stn,Mechanical,6,12,W/B,8681
2019-07-11,941,17:54:00,Thursday,Keele Station,Mechanical,14,28,S/B,1111
2019-07-11,65,18:09:00,Thursday,Berkeley Street / Front Street,Utilized Off Route,11,22,N/B,8490
2019-07-11,996,18:11:00,Thursday,Humber College,Mechanical,11,21,W/B,3206
2019-07-11,929,18:30:00,Thursday,Wilson stn,Mechanical,10,20,S/B,9020
2019-07-11,36,18:40:00,Thursday,Finch and Arrow,Mechanical,8,16,W/B,9115
2019-07-11,112,18:41:00,Thursday,Kipling Station,Investigation,18,36,N/B,7975
2019-07-11,706,18:44:00,Thursday,501 - Streetcar Shuttle,Utilized Off Route,1,1,B/W,8943
2019-07-11,706,18:44:00,Thursday,501 - Streetcar Shuttle,Utilized Off Route,1,1,B/W,8593
2019-07-11,100,18:49:00,Thursday,Broadview Stn,Utilized Off Route,6,12,N/B,8930
2019-07-11,925,18:54:00,Thursday,pape Station,Utilized Off Route,10,20,N/B,8902
2019-07-11,941,19:07:00,Thursday,St Clair at Old Weston,Investigation,13,26,N/B,1416
2019-07-11,111,19:13:00,Thursday,East mall and Central path,Investigation,10,20,N/B,8602
2019-07-11,97,19:24:00,Thursday,Yonge and Bloor,Emergency Services,30,60,SB,1229
2019-07-11,89,19:57:00,Thursday,Keele at Annette,Investigation,9,18,N/B,1098
2019-07-11,123,20:00:00,Thursday,Browns Line and Evans,General Delay,20,25,S/B,
2019-07-11,123,20:00:00,Thursday,Browns Line and Evans,Diversion,1,1,S/B,
2019-07-11,88,20:05:00,Thursday,Millwood and Sutherland,Diversion,28,56,NB,8363
2019-07-11,102,20:10:00,Thursday,Warden / St.Clair,Mechanical,30,60,N/B,8557
2019-07-11,90,20:20:00,Thursday,St clair west station,Mechanical,9,18,N/B,8219
2019-07-11,109,20:30:00,Thursday,Ranee and Ameer,General Delay,10,25,B/W,
2019-07-11,42,20:35:00,Thursday,Finch Station,Investigation,12,24,EB,8312
2019-07-11,939,21:04:00,Thursday,Finch West Stn,Mechanical,13,26,E/B,3549
2019-07-11,89,21:10:00,Thursday,Weston at Ray,Mechanical,8,16,S/B,1633
2019-07-11,925,21:23:00,Thursday,Pape Station,Mechanical,10,20,N/B,8730
2019-07-11,24,21:30:00,Thursday,Victoria Park and O'Connor/Eglinton,General Delay,20,30,B/W,
2019-07-11,34,21:57:00,Thursday,Don Mills/Wynford,Mechanical,15,30,E/B,8912
2019-07-11,94,22:01:00,Thursday,CastleFrank Stn,Mechanical,14,24,W/B,1354
2019-07-11,36,22:21:00,Thursday,Finch and Arrow,Mechanical,8,16,E/B,9108
2019-07-11,29,22:34:00,Thursday,Wilson stn,Mechanical,12,24,S/B,9139
2019-07-11,133,22:46:00,Thursday,Neilson/Mclevin,Investigation,13,26,N/B,1649
2019-07-11,83,23:00:00,Thursday,Lake Shore Garage,Mechanical,15,30,N/B,8454
2019-07-11,36,23:07:00,Thursday,Finch and Ancona,Investigation,10,20,W/B,9135
2019-07-11,11,23:17:00,Thursday,Davisville and Yonge,Mechanical,30,30,W/B,8163
2019-07-12,320,01:45:00,Friday,King St,Diversion,165,169,B/W,
2019-07-12,307,03:15:00,Friday,Bloor,Diversion,146,216,S/B,8180
2019-07-12,600,04:30:00,Friday,Wilson Garage,Utilized Off Route,1,1,S/B,8356
2019-07-12,709,04:30:00,Friday,Mount Dennis,Utilized Off Route,1,1,W/B,1560
2019-07-12,701,04:30:00,Friday,Wilson Garage,Utilized Off Route,1,1,S/B,8200
2019-07-12,600,04:30:00,Friday,Mount Dennis Garage,Utilized Off Route,1,1,W/B,1359
2019-07-12,600,04:30:00,Friday,Wilson garage,Utilized Off Route,1,1,S/B,8170
2019-07-12,600,04:30:00,Friday,Wilson Garage,Utilized Off Route,1,1,S/B,8132
2019-07-12,600,04:30:00,Friday,Mount Dennis,Utilized Off Route,1,1,W/B,1100
2019-07-12,701,04:45:00,Friday,Bathust stn,Utilized Off Route,1,1,S/B,8200
2019-07-12,17,05:00:00,Friday,Birchmount Road and Eglinton Ave East,Diversion,1,1,SB,8466
2019-07-12,600,05:00:00,Friday,Mount Dennis,Utilized Off Route,1,1,W/B,1144
2019-07-12,900,05:00:00,Friday,queensway garage.,Mechanical,22,44,N/B,8009
2019-07-12,91,05:05:00,Friday,Eglinton Ave East - Bermondsey Road / Sloane Ave,Diversion,1,1,SB,8941
2019-07-12,600,05:15:00,Friday,Arrow garage,Utilized Off Route,1,1,E/B,3366
2019-07-12,600,05:15:00,Friday,Jane and Wilson,Utilized Off Route,1,1,E/B,3346
2019-07-12,110,05:40:00,Friday,islington stn,Mechanical,19,38,S/B,8424
2019-07-12,32,05:44:00,Friday,Pine & Lawrence,Utilized Off Route,7,18,W/B,1089
2019-07-12,125,05:45:00,Friday,Antibes and Don Lake gate,Diversion,50,65,E/B,
2019-07-12,32,06:07:00,Friday,Eglinton West Station,Vision,7,14,E/B,1123
2019-07-12,84,06:14:00,Friday,Sheppard West Station,Mechanical,16,16,W/B,3367
2019-07-12,989,06:24:00,Friday,Signet & Steeles,Vision,12,24,S/B,1046
2019-07-12,32,06:33:00,Friday,Keel & Eglinton,Vision,4,8,E/B,1149
2019-07-12,168,06:34:00,Friday,Dundas West Station,Mechanical,6,13,N/B,1036
2019-07-12,12,06:38:00,Friday,Victoria Park Station,Mechanical,18,36,E/B,8547
2019-07-12,32,06:40:00,Friday,Eglinton & Celedonia,Mechanical,10,20,W/B,1003
2019-07-12,953,06:59:00,Friday,Don Mills and Steeles,Mechanical,15,30,E/B,9089
2019-07-12,925,07:05:00,Friday,Pape station,Mechanical,8,16,S/B,8651
2019-07-12,108,07:17:00,Friday,Stong and Driftwood,Mechanical,1,1,S/B,3220
2019-07-12,925,07:18:00,Friday,Pape station,Diversion,1,1,B/W,
2019-07-12,25,07:18:00,Friday,Pape station,Diversion,1,1,B/W,
2019-07-12,924,07:28:00,Friday,St. Clair and Vic Park,Mechanical,10,20,E/B,8478
2019-07-12,51,07:38:00,Friday,Leslie Stn,Mechanical,20,40,N/B,8138
2019-07-12,14,07:44:00,Friday,Brickworks,Mechanical,16,32,W/B,1349
2019-07-12,36,07:48:00,Friday,Milvan and Finch,Mechanical,6,12,,9112
2019-07-12,56,07:55:00,Friday,Mount Pleasant and Eglinton,Investigation,19,38,W/B,8307
2019-07-12,905,08:00:00,Friday,Kennedy Station,Vision,1,1,N/B,8792
2019-07-12,905,08:00:00,Friday,Kennedy Station,Mechanical,1,1,N/B,8792
2019-07-12,100,08:06:00,Friday,Overlea/Don Mills,Investigation,3,7,N/B,8631
2019-07-12,939,08:18:00,Friday,FINCH AND SENECA HILL,Mechanical,2,4,W/B,352
2019-07-12,133,08:45:00,Friday,Wickson and Neilson,Diversion,10,20,N/B,3512
2019-07-12,81,08:48:00,Friday,pape station,General Delay,11,22,N/B,
2019-07-12,72,08:48:00,Friday,pape station,General Delay,15,30,S/B,
2019-07-12,60,08:52:00,Friday,Steeles/Peter Kaiser,Investigation,11,19,W/B,3308
2019-07-12,64,09:00:00,Friday,main station to queen,General Delay,10,20,N/B,
2019-07-12,36,09:01:00,Friday,Arrow and Finch,Emergency Services,6,12,,9115
2019-07-12,100,09:20:00,Friday,Broadview Station,Mechanical,6,12,N/B,8892
2019-07-12,54,09:22:00,Friday,Lawrence and The DonWay E,Diversion,43,49,W/B,8887
2019-07-12,41,09:24:00,Friday,Keele Station,Mechanical,9,18,N/B,9140
2019-07-12,12,09:33:00,Friday,Victoria Park Station,Mechanical,11,22,E/B,8350
2019-07-12,161,09:53:00,Friday,Jane & Alliance,Mechanical,15,32,E/B,1031
2019-07-12,7,10:08:00,Friday,Bathurst Stn,Vision,8,16,N/B,8381
2019-07-12,63,10:10:00,Friday,Ossington Route,General Delay,8,1,B/W,
2019-07-12,134,10:25:00,Friday,Centennial College Loop,Investigation,9,18,E/B,9099
2019-07-12,85,10:40:00,Friday,McCowan/Sheppard,Mechanical,0,0,E/B,3426
2019-07-12,126,10:41:00,Friday,St. Clair West Stn,Investigation,15,30,S/B,1066
2019-07-12,117,11:00:00,Friday,Sheppard W Stn,Mechanical,20,40,,1288
2019-07-12,85,11:01:00,Friday,Palmdale and Sheppard Ave,Mechanical,14,19,W/B,3401
2019-07-12,53,11:35:00,Friday,Don Mills and Steeles,Mechanical,23,46,W/B,1526
2019-07-12,929,11:48:00,Friday,931 Dufferin St,Investigation,10,20,S/B,9001
2019-07-12,88,11:53:00,Friday,St Clair Station,Mechanical,30,60,W/B,8118
2019-07-12,129,11:53:00,Friday,Scarborough Town Centre,Mechanical,7,14,N/B,1561
2019-07-12,24,12:00:00,Friday,Victoria Pk and Steeles Loop to Victoria Park Station,General Delay,18,28,B/W,
2019-07-12,17,12:00:00,Friday,Birchmount Route,General Delay,15,28,BW,0
2019-07-12,7,12:10:00,Friday,Glencairne and Bathurst St,Mechanical,8,16,S/B,1383
2019-07-12,7,12:37:00,Friday,Warwick ave and Bathurst,Investigation,8,16,S/B,8346
2019-07-12,30,12:56:00,Friday,Dundas and Cordova,Mechanical,30,60,S/B,8084
2019-07-12,65,13:18:00,Friday,CastleFrank Station,Emergency Services,13,26,SB,8518
2019-07-12,91,13:21:00,Friday,Eglinton Ave East and Bermondsey,General Delay,26,52,SB,8581
2019-07-12,16,13:40:00,Friday,Danforth Road and Linden Ave,Investigation,12,24,SB,8461
2019-07-12,47,13:41:00,Friday,Mcdonell and Queen,Investigation,8,15,N/B,1026
2019-07-12,21,13:49:00,Friday,Brimley/Steeles,Investigation,12,24,S/B,1730
2019-07-12,60,13:57:00,Friday,Pioneer Village Station,Mechanical,9,18,W/B,3369
2019-07-12,31,14:00:00,Friday,Greenwood Route,General Delay,10,23,BW,0
2019-07-12,36,14:12:00,Friday,Finch West Station,Investigation,5,10,W/B,9118
2019-07-12,169,14:13:00,Friday,Commander and McCowan,Investigation,25,50,W/B,8302
2019-07-12,86,14:15:00,Friday,Meadowvale Loop,Mechanical,9,18,W/B,8810
2019-07-12,44,14:18:00,Friday,Kipling station,Utilized Off Route,8,16,E/B,8430
2019-07-12,996,14:30:00,Friday,Route 996,General Delay,17,28,B/W,
2019-07-12,165,14:30:00,Friday,Route 165,General Delay,20,28,B/W,
2019-07-12,118,14:30:00,Friday,Route 118,General Delay,15,40,B/W,
2019-07-12,96,14:30:00,Friday,Route 96,General Delay,20,31,B/W,
2019-07-12,54,14:33:00,Friday,Lawrence and Donway West,Investigation,13,26,W/B,8917
2019-07-12,929,14:39:00,Friday,Sylvan and Dufferin,Investigation,10,20,S/B,9002
2019-07-12,71,14:51:00,Friday,Weston at Eglinton,Mechanical,19,40,S/B,1113
2019-07-12,84,14:52:00,Friday,Bradstock/Weston,Emergency Services,7,15,E/B,3300
2019-07-12,46,14:54:00,Friday,Martin Grove and Vulcan,Investigation,16,33,S/B,3210
2019-07-12,102,15:00:00,Friday,Warden Station to Major Mac,General Delay,18,22,B/W,
2019-07-12,52,15:00:00,Friday,Lawrence Station to West Wood Mall,General Delay,36,50,B/W,
2019-07-12,24,15:00:00,Friday,Victoria Park and O'Connor/Eglinton,General Delay,36,45,B/W,
2019-07-12,22,15:00:00,Friday,Gerrard,Diversion,678,686,N/B,8550
2019-07-12,72,15:00:00,Friday,Pape Station to Front and Bay,General Delay,15,20,B/W,
2019-07-12,64,15:00:00,Friday,Main Station to Queen and Wineva,General Delay,15,20,B/W,
2019-07-12,81,15:00:00,Friday,Pape Station to Thorncliffe,General Delay,12,18,B/W,
2019-07-12,41,15:00:00,Friday,Entire route,General Delay,20,32,B/W,
2019-07-12,23,15:00:00,Friday,Main Station to Rexleigh,General Delay,12,16,B/W,
2019-07-12,52,15:05:00,Friday,Lawrence West Station,Mechanical,15,30,E/B,1215
2019-07-12,57,15:08:00,Friday,Midland and Steeles,Mechanical,8,16,S/B,8890
2019-07-12,53,15:18:00,Friday,Connaught Ave and Yonge Street,Investigation,5,17,S/B,1680
2019-07-12,11,15:27:00,Friday,Steels loop / Bayview,Investigation,14,26,S/B,1229
2019-07-12,134,15:27:00,Friday,Centenial College,Investigation,10,9,W/B,9066
2019-07-12,81,15:53:00,Friday,Pape Station,Emergency Services,9,18,N/B,8553
2019-07-12,53,15:57:00,Friday,Woodbine and Steeles,Mechanical,6,12,W/B,3417
2019-07-12,89,16:00:00,Friday,Keele and Dundas,General Delay,20,30,B/W,
2019-07-12,952,16:00:00,Friday,Lawrence Station to Terminal 1,General Delay,47,59,B/W,
2019-07-12,79,16:00:00,Friday,Entire Route,General Delay,16,29,BW,
2019-07-12,109,16:05:00,Friday,Route 109- bothways,General Delay,20,1,B/W,
2019-07-12,52,16:14:00,Friday,Lawrence West Station,Mechanical,16,32,E/B,1373
2019-07-12,142,16:30:00,Friday,CHURCH ST. AT RICHMOND ST. E. to  HIGHWAY 401 (BOMBAY LOOP),General Delay,20,50,B/W,
2019-07-12,36,16:41:00,Friday,Humber Wood and Morning Star,Diversion,42,49,E/B,9132
2019-07-12,929,16:43:00,Friday,Springhurst Loop,Mechanical,10,20,nb,1053
2019-07-12,15,16:48:00,Friday,Royal York Station,Mechanical,14,28,S/B,8059
2019-07-12,46,17:22:00,Friday,Ramport Road,Investigation,12,24,N/B,3365
2019-07-12,952,17:38:00,Friday,Lawrence Ave and Caledonia Rd,Mechanical,12,24,W/B,8214
2019-07-12,927,17:39:00,Friday,Humber College,Mechanical,9,18,S/B,3220
2019-07-12,169,17:50:00,Friday,Pharmacy and huntingwood,Investigation,25,50,W/B,8302
2019-07-12,16,17:50:00,Friday,Warden Station,Mechanical,10,20,N/B,8558
2019-07-12,927,17:55:00,Friday,Humber College Boulevard and HWY 27,Investigation,9,18,S/B,3315
2019-07-12,54,17:58:00,Friday,Lawrence East RT Station,Investigation,13,26,W/B,8913
2019-07-12,46,18:12:00,Friday,martin Grove and Albion,Investigation,12,24,N/B,3268
2019-07-12,167,18:15:00,Friday,Pharmacy and Huntingwood,Diversion,195,225,S/B,
2019-07-12,169,18:15:00,Friday,Pharmacy and huntingwood,Diversion,267,292,W/B,
2019-07-12,54,18:56:00,Friday,Eglinton Avenue East of Duplex,Diversion,12,21,W/B,8669
2019-07-12,937,18:57:00,Friday,Steeles and Islington,Mechanical,12,24,S/B,8018
2019-07-12,56,19:00:00,Friday,Eglinton Ave and Yonge St,Diversion,35,55,E/B,
2019-07-12,56,19:00:00,Friday,Donland Station to Eglinton Station,General Delay,21,41,B/W,
2019-07-12,7,19:22:00,Friday,St Clair west and Bathurst,Investigation,8,15,N/B,1234
2019-07-12,35,19:30:00,Friday,Finch and Arrow,Investigation,0,0,W/B,3560
2019-07-12,90,19:33:00,Friday,St Clair West station,Mechanical,9,18,N/B,8340
2019-07-12,123,20:00:00,Friday,Browns Line and Evans,General Delay,20,25,S/B,
2019-07-12,123,20:00:00,Friday,Browns Line and Evans,Diversion,1,1,S/B,8050
2019-07-12,7,20:05:00,Friday,St Clair west and Bathurst,Diversion,88,95,N/B,1301
2019-07-12,63,20:07:00,Friday,St.Clair and oakwood,Mechanical,10,20,N/B,1328
2019-07-12,925,20:22:00,Friday,Don Mills and lawrence,Mechanical,10,20,S/B,8746
2019-07-12,45,20:32:00,Friday,Kipling Station,Mechanical,9,18,N/B,8409
2019-07-12,939,20:35:00,Friday,McCown and Commander Blvd,Utilized Off Route,13,26,W/B,1716
2019-07-12,939,20:35:00,Friday,McCowan and Commissioner,Diversion,332,345,W/B,1701
2019-07-12,939,20:35:00,Friday,McCowan and Commander,Utilized Off Route,13,26,W/B,1504
2019-07-12,130,20:40:00,Friday,Commander Blvd and McCowan Rd,Diversion,295,315,B/W,1714
2019-07-12,169,20:42:00,Friday,Mcowan and nugget,Diversion,373,403,W/B,
2019-07-12,32,21:00:00,Friday,Keele at Eglinton,Diversion,300,310,B/W,
2019-07-12,72,21:04:00,Friday,Front and Bay,Diversion,190,208,N/B,8456
2019-07-12,165,21:45:00,Friday,Wilson & Clayson,Investigation,10,20,E/B,3187
2019-07-12,95,22:00:00,Friday,Silverdale Crescent and York Mills Rd,Diversion,196,206,B/W,1401
2019-07-12,26,22:00:00,Friday,Dupont and Dufferin,Diversion,7,27,E/B,1000
2019-07-12,122,22:05:00,Friday,York Mills Station,Mechanical,30,60,E/B,8110
2019-07-12,30,22:10:00,Friday,High Park Station,Mechanical,30,60,WB,8013
2019-07-12,131,22:15:00,Friday,Nugget and Transfer Place,Diversion,165,15,BW,3431
2019-07-12,91,22:16:00,Friday,Don Valley Pkwy / York Mills,Diversion,199,223,N/B,
2019-07-12,86,23:15:00,Friday,Meadowvale Loop,Mechanical,10,20,W/B,8645
2019-07-12,81,23:48:00,Friday,Pape Station,Vision,12,24,N/B,9233
2019-07-13,52,00:12:00,Saturday,Lawrence Station,Mechanical,20,40,W/B,8359
2019-07-13,95,00:51:00,Saturday,Ellesmere and Collins road,Mechanical,10,20,WB,3414
2019-07-13,63,00:55:00,Saturday,Vaughan and oakwood,Mechanical,8,16,N/B,8147
2019-07-13,63,02:07:00,Saturday,Ossington and College,Investigation,1,1,N/B,8377
2019-07-13,302,02:29:00,Saturday,McCowan Rd and Commander Blvd,Diversion,210,240,N/B,8578
2019-07-13,307,04:30:00,Saturday,Bathurst and King,Diversion,75,100,,
2019-07-13,32,04:50:00,Saturday,Keele and Eglinton,Diversion,999,999,B/W,
2019-07-13,354,05:12:00,Saturday,RH GO Station,Mechanical,30,30,W/B,8828
2019-07-13,17,05:18:00,Saturday,Eglinton and Birchmount,Diversion,1,1,E/B,3126
2019-07-13,129,05:25:00,Saturday,McCowan at Commander,Diversion,350,378,B/W,
2019-07-13,44,05:25:00,Saturday,KIPLING STN,Mechanical,1,1,S/B,8097
2019-07-13,130,05:45:00,Saturday,McCowan at Commander,Diversion,30,375,B/W,
2019-07-13,169,05:45:00,Saturday,McCowan and Nugget,Diversion,10,40,B/W,
2019-07-13,121,06:05:00,Saturday,Lakeshore blvd west and strachan,Diversion,1,1,W/B,8526
2019-07-13,32,06:10:00,Saturday,E.W Station,Mechanical,10,20,E/B,1111
2019-07-13,54,06:11:00,Saturday,ortkon park and Scarborough golf club,Mechanical,18,36,,8716
2019-07-13,91,06:14:00,Saturday,Bermondsey and Eglinton,Diversion,1,1,B/W,8591
2019-07-13,129,06:25:00,Saturday,Steeles and McCowan,Mechanical,8,16,S/B,
2019-07-13,16,06:28:00,Saturday,Danforth Road and Huntington Ave,Mechanical,15,30,SB,9202
2019-07-13,96,06:35:00,Saturday,Finch and HiumberLine,Diversion,90,105,B/W,3217
2019-07-13,32,06:55:00,Saturday,Rogers and Keele,Vision,24,48,W/B,1354
2019-07-13,32,07:00:00,Saturday,Entire Route,General Delay,25,30,B/W,
2019-07-13,55,07:32:00,Saturday,Old Mill Station,Mechanical,20,40,N/B,1123
2019-07-13,7,07:56:00,Saturday,Bathurst and Wilson,Mechanical,10,20,S/B,8312
2019-07-13,984,08:02:00,Saturday,Sheppard Station,Mechanical,13,26,W/B,3166
2019-07-13,985,08:11:00,Saturday,Sheppard and Reidmount,Mechanical,13,26,W/B,9085
2019-07-13,939,08:14:00,Saturday,McCowan and Commander,Diversion,180,194,W/B,
2019-07-13,7,08:37:00,Saturday,Bathurst/ Wilson,Mechanical,9,18,N/B,8190
2019-07-13,22,10:00:00,Saturday,Gerrard,Diversion,988,997,N/B,8582
2019-07-13,32,10:17:00,Saturday,Rostrevor and Eglinton,Mechanical,10,20,W/B,1032
2019-07-13,161,10:22:00,Saturday,Cliff and Alliance,Mechanical,15,30,E/B,1090
2019-07-13,68,11:00:00,Saturday,warden and  Eglintion,General Delay,10,20,,
2019-07-13,85,11:05:00,Saturday,Port Union & Sheppard,Investigation,30,60,E/B,3520
2019-07-13,85,11:30:00,Saturday,Don Mills Station to Rouge Hill Go Stn,General Delay,30,60,B/W,
2019-07-13,939,11:44:00,Saturday,Scarb. Town Centre,Utilized Off Route,4,28,B/W,1377
2019-07-13,52,11:45:00,Saturday,Dufferin to Keele,General Delay,0,0,B/W,
2019-07-13,25,11:52:00,Saturday,Gateway Blvd,Mechanical,1,1,S/B,8667
2019-07-13,29,12:20:00,Saturday,Dufferin & Lawrence,Mechanical,3,6,S/B,9029
2019-07-13,939,12:28:00,Saturday,McCowan and Finch,Mechanical,7,14,W/B,1339
2019-07-13,123,12:38:00,Saturday,Lakeshore and Fortieth St.,Investigation,23,46,W/B,8044
2019-07-13,52,12:44:00,Saturday,Lawrence W / Keele,Mechanical,20,40,E/B,8389
2019-07-13,72,13:00:00,Saturday,Pape Station to Front and Bay,General Delay,18,22,B/W,
2019-07-13,64,13:30:00,Saturday,Main Station to Queen and Wineva,General Delay,15,20,B/W,
2019-07-13,29,13:30:00,Saturday,Entire route,General Delay,15,1,B/W,
2019-07-13,1,13:41:00,Saturday,Yong and Lawrence,Investigation,1,1,N/B,1562
2019-07-13,22,14:00:00,Saturday,Coxwell Station to Bingham Loop,General Delay,15,20,B/W,
2019-07-13,175,14:00:00,Saturday,Kennedy Station to The Bluffs,General Delay,15,20,B/W,
2019-07-13,60,14:00:00,Saturday,Route 60,General Delay,14,23,B/W,
2019-07-13,24,14:14:00,Saturday,Victoria Park and O Connor,Investigation,7,14,S/B,3127
2019-07-13,76,14:18:00,Saturday,royal york and evans,Mechanical,10,20,N/B,8024
2019-07-13,54,14:30:00,Saturday,Leslie/Eglinton,Investigation,7,14,,8884
2019-07-13,905,14:32:00,Saturday,Kennedy Station,Mechanical,11,22,E/B,8620
2019-07-13,165,14:38:00,Saturday,Jane and Wilson,Investigation,8,16,W/B,3233
2019-07-13,65,14:54:00,Saturday,Castle Frank Station,Investigation,16,32,S/B,8587
2019-07-13,96,15:00:00,Saturday,Entire route,General Delay,30,15,B/W,
2019-07-13,165,15:00:00,Saturday,Entire route.,General Delay,30,7,B/W,
2019-07-13,109,15:00:00,Saturday,Varna Dr and Lawrence Ave W,Diversion,55,85,N/B,8343
2019-07-13,25,15:00:00,Saturday,Don Mills Eglinton,General Delay,30,35,B/W,1
2019-07-13,25,15:00:00,Saturday,Don Mills Eglinton,General Delay,30,35,B/W,1
2019-07-13,29,15:08:00,Saturday,Dufferin & Bloor,Investigation,3,6,S/B,9045
2019-07-13,116,15:35:00,Saturday,Morningside and Kingston Rd,Investigation,7,14,W/B,8845
2019-07-13,8,15:41:00,Saturday,O Connor and Donlands,Mechanical,30,60,E/B,8522
2019-07-13,53,15:43:00,Saturday,Passmore and Markham,Investigation,6,16,W/B,3488
2019-07-13,900,15:45:00,Saturday,Kipling Station,Mechanical,10,20,NB,8007
2019-07-13,127,15:50:00,Saturday,Townley Loop,Mechanical,22,44,E/B,1348
2019-07-13,935,15:52:00,Saturday,Jane and Trethewey,Mechanical,9,18,N/B,3294
2019-07-13,168,15:55:00,Saturday,Old Weston Rd/St.Clair,Utilized Off Route,8,17,N/B,1092
2019-07-13,110,15:56:00,Saturday,horner and kipling,Mechanical,18,36,W/B,8404
2019-07-13,169,15:58:00,Saturday,Birchmount and huntingwood,Investigation,30,60,W/B,8144
2019-07-13,52,16:01:00,Saturday,Lawence Ave and Keele St,Mechanical,17,34,W/B,1373
2019-07-13,29,16:21:00,Saturday,Transit Road and Dufferin,Investigation,3,6,S/B,1003
2019-07-13,1,16:23:00,Saturday,Yong and Lawrence,Investigation,1,1,S/B,3284
2019-07-13,7,16:23:00,Saturday,St Clair and Bathurst,Investigation,8,15,S/B,1317
2019-07-13,41,16:33:00,Saturday,Pioneer Village Stn,Investigation,9,17,S/B,1040
2019-07-13,97,16:47:00,Saturday,Steeles to Davisville station,General Delay,16,46,B/W,
2019-07-13,121,16:48:00,Saturday,Mill and Cherry,Diversion,16,32,E/B,8569
2019-07-13,78,17:10:00,Saturday,Upper Canada Dr and Montressor Dr.,Diversion,395,425,S/B,
2019-07-13,52,17:15:00,Saturday,BRAECREST & THE WESTWAY,Mechanical,17,34,E/B,8197
2019-07-13,927,17:18:00,Saturday,Dundas & Acorn,Investigation,10,20,W/B,3219
2019-07-13,47,17:41:00,Saturday,Lansdowne at Wallace,Investigation,18,36,S/B,1116
2019-07-13,47,17:41:00,Saturday,Lansdowne at Wallace,Investigation,20,40,N/B,1133
2019-07-13,47,17:45:00,Saturday,Lansdowne at Wallace,Diversion,75,85,B/W,
2019-07-13,939,17:59:00,Saturday,Scarborough Tiown Centre,Mechanical,12,24,EB,1386
2019-07-13,71,18:03:00,Saturday,Gunns loop,Mechanical,16,32,S/B,1071
2019-07-13,29,18:28:00,Saturday,Glengrove and Dufferin,Mechanical,3,6,S/B,9048
2019-07-13,702,18:30:00,Saturday,Longbranch Loop,Utilized Off Route,1,1,SB,8060
2019-07-13,37,18:31:00,Saturday,KIPLING AND BLOOR,Utilized Off Route,15,30,S/B,8418
2019-07-13,704,18:39:00,Saturday,Jane Station,Utilized Off Route,1,1,N/B,3251
2019-07-13,935,18:44:00,Saturday,Jane Station,Mechanical,11,20,N/B,3140
2019-07-13,106,18:47:00,Saturday,Sentinel and pond road,Mechanical,8,16,S/B,1301
2019-07-13,46,18:49:00,Saturday,Kipling stn,Utilized Off Route,20,40,N/B,3317
2019-07-13,34,18:52:00,Saturday,Eglinton Station,Investigation,9,55,E/B,8886
2019-07-13,34,18:52:00,Saturday,Eglinton and Duplex,Diversion,9,55,E/B,8886
2019-07-13,75,18:52:00,Saturday,Adelaide and Sherbourne,Investigation,10,20,S/B,8352
2019-07-13,52,19:02:00,Saturday,Lawrence ave and Keele St,Emergency Services,9,20,W/B,8105
2019-07-13,29,19:15:00,Saturday,Queen and Dufferin,Investigation,6,12,S/B,9018
2019-07-13,34,19:17:00,Saturday,Eglinton Station,Investigation,9,18,E/B,8796
2019-07-13,36,19:30:00,Saturday,Route 36,General Delay,15,25,B/W,
2019-07-13,7,19:56:00,Saturday,Rockford and bathurst st,Diversion,42,51,S/B,1270
2019-07-13,22,19:57:00,Saturday,Dundas Street / Coxwell Ave.,Investigation,10,20,S/B,8582
2019-07-13,130,20:03:00,Saturday,Scarborough Town Center,Mechanical,30,60,NB,1318
2019-07-13,939,20:16:00,Saturday,Finch and Warden,Mechanical,10,20,WB,1526
2019-07-13,16,20:21:00,Saturday,Ellesmere / Mc.Cowan,Diversion,170,182,N/B,
2019-07-13,39,20:23:00,Saturday,Finch and Birchmount,Investigation,14,28,WB,3466
2019-07-13,38,20:26:00,Saturday,Ellesmere and McCowan,Diversion,165,175,B/W,
2019-07-13,95,20:26:00,Saturday,Ellesmere and McCowan,Diversion,165,180,B/W,
2019-07-13,133,20:30:00,Saturday,Ellesmere and McCowan,Diversion,10,20,WB,1504
2019-07-13,129,20:35:00,Saturday,Commander/Mccowan,Diversion,,,B/W,
2019-07-13,11,21:11:00,Saturday,Davisville and yonge,Mechanical,24,48,N/B,8369
2019-07-13,70,21:37:00,Saturday,St.Clair and Oconnor,Investigation,24,48,W/B,8819
2019-07-13,123,21:38:00,Saturday,Browns Line and Lakeshore,Investigation,20,40,NB,8070
2019-07-13,35,21:44:00,Saturday,Shoreham,Investigation,7,14,N/B,3331
2019-07-13,63,21:51:00,Saturday,King and atlantic,Investigation,8,16,N/B,8163
2019-07-13,5,22:15:00,Saturday,Davenport and avenue road,Diversion,24,50,S/B,1250
2019-07-13,63,22:54:00,Saturday,Eglinton west to King and atlantic,General Delay,12,22,B/W,
2019-07-13,29,23:00:00,Saturday,Exhibition Loop,Mechanical,7,14,N/B,9002
2019-07-13,165,23:40:00,Saturday,York Mills station,Investigation,10,20,E/B,3182
2019-07-14,65,00:32:00,Sunday,Castle Frank Station,Investigation,15,30,B/W,8446
2019-07-14,96,01:33:00,Sunday,Carrier Dr,Investigation,25,50,N/B,3272
2019-07-14,337,02:08:00,Sunday,Islington Stn,Mechanical,30,60,N/B,8066
2019-07-14,363,02:51:00,Sunday,Dupont,Mechanical,30,60,S/B,8217
2019-07-14,320,03:10:00,Sunday,Steeles and Yonge,Mechanical,8,16,SB,8218
2019-07-14,24,05:28:00,Sunday,Vvictoria Park and Gerrard,Investigation,0,0,N/B,9220
2019-07-14,320,06:00:00,Sunday,Yonge and Sheppard,Mechanical,7,14,S/B,8338
2019-07-14,43,06:18:00,Sunday,Kennedy Station,Utilized Off Route,1,1,N/B,8791
2019-07-14,300,07:00:00,Sunday,Terminal 1 to Kennedy Station,General Delay,18,48,B/W,
2019-07-14,85,07:00:00,Sunday,Sheppard Route,General Delay,20,40,B/W,
2019-07-14,22,07:20:00,Sunday,Coxwel/ Upper Gerrard,Diversion,999,999,N/B,9210
2019-07-14,54,07:24:00,Sunday,Starspray Loop,Utilized Off Route,1,1,W/B,8889
2019-07-14,320,07:28:00,Sunday,Yonge and steeles,Mechanical,7,14,S/B,9011
2019-07-14,17,07:48:00,Sunday,Eglinton,Diversion,999,999,B/W,3111
2019-07-14,927,07:54:00,Sunday,Steeles and Martin Grove loop,Mechanical,10,20,S/B,3262
2019-07-14,54,07:54:00,Sunday,Starspray Loop,Utilized Off Route,1,1,W/B,8889
2019-07-14,91,07:56:00,Sunday,Eglinton,Diversion,999,999,B/W,8556
2019-07-14,121,08:00:00,Sunday,Ontario Place/ Exhibition Place,Diversion,999,999,E/B,8504
2019-07-14,133,08:06:00,Sunday,Neilson and Tappscott,Diversion,79,89,S/B,
2019-07-14,925,08:16:00,Sunday,Don Mills & Freshmeadow,Utilized Off Route,1,1,S/B,8853
2019-07-14,70,08:20:00,Sunday,Warden Station,Utilized Off Route,1,1,W/B,8626
2019-07-14,70,08:33:00,Sunday,Coxwell & Mortimer,Emergency Services,40,75,N/B,8913
2019-07-14,110,08:40:00,Sunday,Long Branch Loop,Investigation,20,40,B/W,8603
2019-07-14,175,08:44:00,Sunday,Kennedy station,Mechanical,15,30,N/B,8937
2019-07-14,43,08:53:00,Sunday,Scarborough Towne Station,Utilized Off Route,1,1,W/B,8777
2019-07-14,939,08:55:00,Sunday,STC,Utilized Off Route,16,32,W/B,1294
2019-07-14,55,09:09:00,Sunday,Old Mill Station,Mechanical,20,40,N/B,1087
2019-07-14,43,09:25:00,Sunday,Scarborough Town Station,Mechanical,15,30,W/B,8896
2019-07-14,925,09:37:00,Sunday,Don Mills & Greenbelt,Investigation,10,20,N/B,8759
2019-07-14,63,10:00:00,Sunday,eglinton wstn / liberty,General Delay,15,21,B/W,
2019-07-14,89,10:00:00,Sunday,Entire Route,General Delay,20,30,B/W,
2019-07-14,47,10:26:00,Sunday,Earlscourt Loop,Mechanical,20,40,S/B,1553
2019-07-14,939,10:31:00,Sunday,Finch W Station,Investigation,16,32,E/B,3402
2019-07-14,160,10:39:00,Sunday,Wilson Stn Lower,Mechanical,31,62,,1214
2019-07-14,24,10:41:00,Sunday,Victoria Park station,Investigation,9,18,W/B,8458
2019-07-14,102,10:41:00,Sunday,Kennedy and St.Clair,Diversion,37,47,N/B,8522
2019-07-14,100,11:00:00,Sunday,ROUTE 100- FLEMINGDON PARK,General Delay,14,23,B/W,
2019-07-14,9,11:05:00,Sunday,Kennedy and St.Clair,Diversion,37,59,W/B,8941
2019-07-14,16,11:05:00,Sunday,Kennedy and St.Clair,Diversion,37,49,W/B,9231
2019-07-14,160,11:15:00,Sunday,Bathurst st and Fisherville,Diversion,36,72,B/W,1214
2019-07-14,7,11:15:00,Sunday,Bathurst St and Fisherville,Diversion,9,16,B/W,
2019-07-14,35,11:28:00,Sunday,Jane,General Delay,12,22,B/W,
2019-07-14,24,11:30:00,Sunday,Victoria Park station,General Delay,12,12,B/W,8592
2019-07-14,32,11:38:00,Sunday,Eglinton and Scott Rd.,Mechanical,10,20,E/B,1116
2019-07-14,60,11:45:00,Sunday,Pioneer station,Mechanical,10,20,E/B,3319
2019-07-14,65,12:00:00,Sunday,Castlefrank Station to Berkely and Front,General Delay,15,20,B/W,
2019-07-14,175,12:00:00,Sunday,Kennedy station to Bluffers Park,General Delay,20,25,B/W,
2019-07-14,83,12:00:00,Sunday,Donlands Station to Lakeshore Garage,General Delay,15,20,B/W,
2019-07-14,64,12:00:00,Sunday,Main Station to Queen and Wineva,General Delay,15,20,B/W,
2019-07-14,41,12:15:00,Sunday,Keele and Sheppard,Diversion,25,36,S/B,
2019-07-14,111,12:30:00,Sunday,willowridge and richgrove.,Mechanical,13,26,N/B,8437
2019-07-14,925,12:42:00,Sunday,THORNCLIFFE PARK/OVERLEA,Mechanical,10,20,S/B,8775
2019-07-14,52,13:00:00,Sunday,Lawrence W stn,Mechanical,14,28,W/B,8146
2019-07-14,41,13:08:00,Sunday,Rogers and Keele,Mechanical,1,1,N/B,1263
2019-07-14,32,13:25:00,Sunday,Eglinton and Black Creek,Mechanical,5,10,E/B,1408
2019-07-14,67,13:30:00,Sunday,Pharmacy & Lawrence,General Delay,10,27,B/W,
2019-07-14,54,13:30:00,Sunday,Lawrence & Pharmacy,Diversion,1,1,W/B,8889
2019-07-14,116,13:34:00,Sunday,Guildwood and Prince Philip Blvd,Investigation,6,13,E/B,8788
2019-07-14,160,13:43:00,Sunday,New Westminister and Center street,Diversion,302,338,N/B,1214
2019-07-14,41,13:45:00,Sunday,Pioneer Village Station,Mechanical,10,20,S/B,1126
2019-07-14,25,14:00:00,Sunday,DON MILLS/EGLINTON,General Delay,14,23,B/W,
2019-07-14,175,14:00:00,Sunday,Bluffers Park Yacht,Diversion,68,83,B/W,
2019-07-14,87,14:00:00,Sunday,Main Station to Broadview Station,General Delay,15,20,B/W,
2019-07-14,121,14:00:00,Sunday,Chery Beach to Princess Gate,General Delay,18,22,B/W,
2019-07-14,925,14:00:00,Sunday,DON MILLS/ EGLINTON,General Delay,12,22,B/W,
2019-07-14,69,14:00:00,Sunday,Warden station to Kingston,General Delay,10,15,B/W,
2019-07-14,60,14:00:00,Sunday,Route 60,General Delay,18,32,B/W,
2019-07-14,67,14:15:00,Sunday,Victoria Park Station,Utilized Off Route,17,34,N/B,8768
2019-07-14,29,15:09:00,Sunday,KeyWest and Dufferin,Investigation,4,8,S/B,9010
2019-07-14,94,15:12:00,Sunday,Wellesley Station,Mechanical,12,24,E/B,1359
2019-07-14,89,15:20:00,Sunday,Albion and Weston,Investigation,10,20,S/B,1102
2019-07-14,20,15:24:00,Sunday,Dawes and Danforth,Investigation,22,44,W/B,8546
2019-07-14,133,15:40:00,Sunday,Scarborough Town Center,Mechanical,10,20,E/B,1661
2019-07-14,925,15:52:00,Sunday,SAMMON/PAPE,Investigation,10,20,S/B,8872
2019-07-14,89,16:00:00,Sunday,Entire Route,General Delay,15,30,B/W,
2019-07-14,116,16:00:00,Sunday,Morningside Ave (Sheppard to Kingston),General Delay,20,28,B/W,
2019-07-14,87,16:00:00,Sunday,Entire Route,General Delay,10,20,B/W,
2019-07-14,31,16:00:00,Sunday,Entire route,General Delay,10,20,B/W,
2019-07-14,17,16:00:00,Sunday,Eglinton Ave,General Delay,15,33,B/W,
2019-07-14,25,16:08:00,Sunday,DON MILLS/OVERLEA,Investigation,9,18,S/B,8762
2019-07-14,79,16:27:00,Sunday,Runnymede / Maher Ave,Mechanical,12,24,N/B,1041
2019-07-14,60,16:29:00,Sunday,Pioneer Village stn,Investigation,10,20,W/B,3361
2019-07-14,11,16:50:00,Sunday,Newton Dr and Bayview,Diversion,105,135,S/B,8218
2019-07-14,92,16:54:00,Sunday,Strathmore Blvd,Mechanical,5,10,B/W,8549
2019-07-14,7,17:27:00,Sunday,Wilson and Bathurst,Mechanical,7,15,S/B,8303
2019-07-14,36,17:35:00,Sunday,Humberline & Humberwood,Investigation,5,10,W/B,3242
2019-07-14,7,17:40:00,Sunday,Sheppard and bathurst,Mechanical,1,1,N/B,8165
2019-07-14,72,17:46:00,Sunday,Cherry and Commissioners,Mechanical,18,36,S/B,9202
2019-07-14,11,17:49:00,Sunday,Davisville and Acaia Rd,Investigation,30,60,W/B,8386
2019-07-14,9,18:00:00,Sunday,Entire route,General Delay,10,40,B/W,
2019-07-14,11,18:22:00,Sunday,York mills and bayview,Mechanical,1,1,S/B,8175
2019-07-14,41,18:30:00,Sunday,SB on Sentinel at Pond,Investigation,11,22,S/B,1263
2019-07-14,32,18:33:00,Sunday,Keele/ Eglinton,Emergency Services,20,40,E/B,1144
2019-07-14,99,19:15:00,Sunday,Route 99,General Delay,29,49,B/W,
2019-07-14,36,19:15:00,Sunday,Route 36,General Delay,44,51,B/W,
2019-07-14,17,19:27:00,Sunday,Finch Ave,Mechanical,18,36,B/W,8560
2019-07-14,63,19:52:00,Sunday,King / Shaw,Utilized Off Route,6,13,N/B,8358
2019-07-14,29,19:59:00,Sunday,Spring Hurst Loop,Utilized Off Route,4,8,N/B,9152
2019-07-14,84,20:00:00,Sunday,Route 84,General Delay,21,31,B/W,
2019-07-14,16,20:00:00,Sunday,Entire Route,General Delay,10,40,B/W,
2019-07-14,24,20:30:00,Sunday,Victoria Park Station to Crescent Town,Diversion,70,80,B/W,
2019-07-14,709,21:06:00,Sunday,SB on Bay at College (South of collelge),Investigation,1,1,S/B,1033
2019-07-14,134,21:20:00,Sunday,Progress and Estate Drive,Mechanical,22,44,EB,1316
2019-07-14,52,21:30:00,Sunday,Entire route 52 Lawrence,General Delay,34,34,B/W,
2019-07-14,21,21:31:00,Sunday,Brimley and Lawrence,Diversion,30,60,NB,1748
2019-07-14,32,21:56:00,Sunday,Renforth Station,Mechanical,10,20,E/B,1071
2019-07-14,24,22:15:00,Sunday,Finch Ave,Mechanical,10,20,B/W,8451
2019-07-14,51,22:23:00,Sunday,Donmills / Lawrence,Investigation,25,50,E/B,8388
2019-07-14,95,22:56:00,Sunday,York Mills and Don Mills,Emergency Services,10,20,WB,3488
2019-07-14,7,23:06:00,Sunday,Bathurst station,Utilized Off Route,10,20,N/B,8308
2019-07-14,100,23:20:00,Sunday,Broadview STN,Utilized Off Route,10,20,N/B,8904
2019-07-14,87,23:39:00,Sunday,101 Barrington Ave,Investigation,10,20,B/W,8558
2019-07-14,35,23:55:00,Sunday,Jane Station,Vision,9,19,N/B,3183
2019-07-15,43,00:20:00,Monday,Kennedy and Stratton,Diversion,86,96,N/B,8702
2019-07-15,927,00:37:00,Monday,Kipling station,Utilized Off Route,10,20,S/B,3271
2019-07-15,300,02:13:00,Monday,Royal York and Bloor,Investigation,20,40,EB,8413
2019-07-15,300,02:24:00,Monday,Kennedy Station,Mechanical,20,40,WB,8866
2019-07-15,337,03:00:00,Monday,Islington and Steeles Loop,Emergency Services,30,60,N/B,8401
2019-07-15,25,04:58:00,Monday,Pape station,Mechanical,14,29,N/B,8628
2019-07-15,17,05:00:00,Monday,Eglintion and Birchmount,Diversion,20,40,B/W,9208
2019-07-15,45,05:30:00,Monday,Kipling Station,Utilized Off Route,10,38,N/B,8071
2019-07-15,22,05:32:00,Monday,Coxwell and Gerrard,Diversion,999,999,N/B,
2019-07-15,161,05:32:00,Monday,Louvain and Humber Blvd,Mechanical,1,1,E/B,1033
2019-07-15,353,05:43:00,Monday,Bathurst and Steeles,Mechanical,6,12,E/B,3486
2019-07-15,94,06:01:00,Monday,Wellesley Station,Mechanical,15,30,E/B,1407
2019-07-15,43,06:09:00,Monday,Kennedy Station,Utilized Off Route,1,1,N/B,8690
2019-07-15,54,06:17:00,Monday,Eglinton Yard,Vision,7,1,OB,8663
2019-07-15,35,06:20:00,Monday,Hullmar & Shoreham Drive,Mechanical,9,9,S/B,3705
2019-07-15,53,06:24:00,Monday,Finch Station,Mechanical,6,12,E/B,1404
2019-07-15,29,06:30:00,Monday,Springhurst Loop,Mechanical,10,20,N/B,9014
2019-07-15,71,06:34:00,Monday,Industry and Mount Dennis,Mechanical,18,36,E/B,1056
2019-07-15,925,06:35:00,Monday,Don Mills station,Mechanical,8,16,S/B,8841
2019-07-15,54,06:37:00,Monday,Lawrence & Scarborough Golf,Vision,11,22,E/B,8663
2019-07-15,32,06:46:00,Monday,Pine and Lawrence,Mechanical,7,14,E/B,1411
2019-07-15,939,07:07:00,Monday,Finch Station,Mechanical,3,8,E/B,1744
2019-07-15,38,07:28:00,Monday,Scarborough Town Centre,Mechanical,13,25,W/B,3507
2019-07-15,89,07:32:00,Monday,Keele Station,Mechanical,6,12,N/B,1077
2019-07-15,6,07:34:00,Monday,Davenport and Bedford,Mechanical,5,10,W/B,1529
2019-07-15,7,07:40:00,Monday,bathurst stn,Mechanical,8,16,N/B,1334
2019-07-15,34,08:00:00,Monday,DON MILLS/EGLINTON,General Delay,16,25,B/W,
2019-07-15,902,08:10:00,Monday,Markham EXPRESS,Mechanical,0,0,N/B,8565
2019-07-15,95,08:19:00,Monday,Kingston Road Loop,Mechanical,9,21,W/B,3448
2019-07-15,77,08:24:00,Monday,Runnymede Station,Mechanical,9,18,S/B,1626
2019-07-15,37,08:46:00,Monday,Islington Station,Mechanical,16,30,N/B,8016
2019-07-15,35,08:48:00,Monday,JNST - Jane Stn,Investigation,10,20,N/B,3190
2019-07-15,35,08:48:00,Monday,JNST - Jane Stn.,Investigation,10,20,N/B,3325
2019-07-15,68,09:00:00,Monday,Warden & Eglinton,General Delay,10,20,BW,
2019-07-15,41,09:06:00,Monday,Keele Station,Mechanical,9,18,N/B,9010
2019-07-15,60,09:37:00,Monday,Pioneer Village Station,Mechanical,9,18,W/B,3144
2019-07-15,36,09:46:00,Monday,Finch  west station,Mechanical,6,12,E/B,3300
2019-07-15,6,10:07:00,Monday,,Mechanical,1,1,E/B,1022
2019-07-15,85,10:08:00,Monday,Amethyst and Sheppard,Mechanical,7,14,E/B,3417
2019-07-15,97,10:20:00,Monday,York Mills Station,Mechanical,15,30,S/B,1237
2019-07-15,939,10:35:00,Monday,Scarborough Town Center,Mechanical,9,17,W/B,1504
2019-07-15,68,10:38:00,Monday,Warden Station,Utilized Off Route,10,20,N/B,8878
2019-07-15,72,11:12:00,Monday,Carlaw and Gerrard,Investigation,20,40,S/B,9213
2019-07-15,63,11:41:00,Monday,Oakwood Loop,Mechanical,9,17,S/B,8386
2019-07-15,72,11:42:00,Monday,Pape Avenue / Pape Station,Utilized Off Route,20,40,S/B,8487
2019-07-15,45,12:05:00,Monday,KIPLING STN,Mechanical,20,40,N/B,8047
2019-07-15,29,12:15:00,Monday,Dufferin and Glencairn,Investigation,8,17,N/B,9004
2019-07-15,53,12:24:00,Monday,Finch Station,Mechanical,23,46,E/B,1238
2019-07-15,92,13:00:00,Monday,Queen and Woodbine,General Delay,15,30,B/W,
2019-07-15,84,13:15:00,Monday,Megellan Drive,Mechanical,8,16,E/B,3162
2019-07-15,98,13:55:00,Monday,Sheppard Stn,Mechanical,30,60,N/B,8102
2019-07-15,54,13:59:00,Monday,Lawrence RT Station,Mechanical,13,26,W/B,8887
2019-07-15,66,14:00:00,Monday,Old Mill Station to Humber Loop and Marine Parade,General Delay,15,39,B/W,
2019-07-15,50,14:00:00,Monday,Islington Station to Mill Road Loop,General Delay,15,35,B/W,
2019-07-15,939,14:00:00,Monday,939 Finch Express-All Branch,General Delay,12,24,B/W,1679
2019-07-15,39,14:00:00,Monday,39 Finch Route All Branch,General Delay,15,30,B/W,3433
2019-07-15,63,14:13:00,Monday,Dundas and Ossington Stn,Mechanical,9,17,S/B,8371
2019-07-15,125,14:14:00,Monday,Antibes Dr. and Cedarcroft,Diversion,180,200,W/B,1376
2019-07-15,17,14:36:00,Monday,birchmounbt and Bertrand,Emergency Services,10,20,B/W,8474
2019-07-15,52,15:00:00,Monday,Airport to Lawrence station,General Delay,14,30,B/W,
2019-07-15,952,15:00:00,Monday,Airport to Lawrence station,General Delay,12,24,B/W,
2019-07-15,134,15:00:00,Monday,Scarborough Town Center to Finch & Finchdene,General Delay,10,28,B/W,
2019-07-15,72,15:00:00,Monday,Pape Station to Front and Bay,General Delay,15,20,B/W,
2019-07-15,64,15:00:00,Monday,Main Station to Queen and Wineva,General Delay,12,16,B/W,
2019-07-15,102,15:00:00,Monday,Warden Station to Major Mac,General Delay,18,22,B/W,
2019-07-15,22,15:00:00,Monday,Coxwell Station to Queen,General Delay,15,20,B/W,
2019-07-15,41,15:01:00,Monday,Keele at Highway 401,Emergency Services,9,18,S/B,9056
2019-07-15,133,15:07:00,Monday,Centennary Hospital Loop,Emergency Services,9,18,S/B,3446
2019-07-15,96,15:17:00,Monday,Jane and Wilson,Investigation,20,40,W/B,3330
2019-07-15,77,15:20:00,Monday,Lawrence and Pine,Mechanical,11,22,E/B,1532
2019-07-15,47,15:23:00,Monday,Caledonia and Eglinton,Mechanical,14,27,S/B,1409
2019-07-15,85,15:39:00,Monday,Don Mills Station,Mechanical,16,32,E/B,1719
2019-07-15,52,15:44:00,Monday,Dixon and Kipling,Mechanical,16,32,E/B,8145
2019-07-15,36,15:55:00,Monday,Jane,Investigation,5,10,W/B,9132
2019-07-15,24,16:00:00,Monday,Victoria Park from Station to Steeles,General Delay,27,36,B/W,
2019-07-15,924,16:00:00,Monday,Victoria Park from station to Steeles,General Delay,36,45,B/W,
2019-07-15,142,16:00:00,Monday,Bombay loop to Church and Richmond,General Delay,15,45,B/W,
2019-07-15,17,16:00:00,Monday,Eglinton Ave,General Delay,15,25,B/W,
2019-07-15,9,16:00:00,Monday,Entire Route,General Delay,10,30,B/W,
2019-07-15,31,16:00:00,Monday,Greenwood Ave and Danforth Ave,General Delay,10,20,B/W,
2019-07-15,122,16:00:00,Monday,Yorkmills and Bayview,General Delay,10,24,B/W,
2019-07-15,985,16:00:00,Monday,Midland and Pitfield,Diversion,1,1,W/B,
2019-07-15,939,16:00:00,Monday,Don Mills and Finch,Emergency Services,12,24,E/B,1308
2019-07-15,986,16:00:00,Monday,Kingston Rd (Galloway to Lawson),General Delay,20,30,B/W,
2019-07-15,83,16:00:00,Monday,Entire Route,General Delay,10,22,B/W,
2019-07-15,143,16:00:00,Monday,Richmond St and Adelaide St,General Delay,10,25,B/W,
2019-07-15,86,16:00:00,Monday,Kingston Rd (Galloway to Lawson),General Delay,20,36,B/W,
2019-07-15,47,16:08:00,Monday,Queen and Lansdowne,Mechanical,27,54,N/B,1348
2019-07-15,905,16:30:00,Monday,Kingston Rd/Morningside Ave,General Delay,15,25,B/W,
2019-07-15,131,17:00:00,Monday,STC,Mechanical,10,20,N/B,3527
2019-07-15,129,17:02:00,Monday,Scarb. Town Centre,Utilized Off Route,5,10,N/B,1337
2019-07-15,38,17:23:00,Monday,Rouge Hill Go Stn,Mechanical,9,18,W/B,1294
2019-07-15,79,17:40:00,Monday,Jane at Wright,Mechanical,15,30,S/B,1018
2019-07-15,86,17:44:00,Monday,Eglinton Ave E/Cedar Dr,Mechanical,16,32,W/B,8704
2019-07-15,996,17:59:00,Monday,Yonge and Yorkmills,Investigation,11,22,W/B,3139
2019-07-15,100,18:00:00,Monday,Concorde place,Investigation,6,12,W/B,8837
2019-07-15,87,18:10:00,Monday,Broadview Station,Utilized Off Route,7,14,E/B,8936
2019-07-15,6,18:23:00,Monday,Davenport and Dupont,Utilized Off Route,8,15,S/B,1009
2019-07-15,73,19:01:00,Monday,Royal York Station,Mechanical,8,15,N/B,8400
2019-07-15,81,19:25:00,Monday,Pape Station,Mechanical,10,20,N/B,9228
2019-07-15,37,19:25:00,Monday,dixon and islington,Investigation,20,40,N/B,8037
2019-07-15,54,19:40:00,Monday,Eglinton Station,Mechanical,12,24,E/B,8830
2019-07-15,45,19:53:00,Monday,Kipling and Steeles,Vision,9,18,SB,8090
2019-07-15,90,20:00:00,Monday,Vaughn/Maplewood,Mechanical,9,18,N/B,8128
2019-07-15,123,20:30:00,Monday,Brown's Line and Evans,Diversion,324,348,SB,8023
2019-07-15,53,20:31:00,Monday,Passmore and Markham,Utilized Off Route,10,15,W/B,1720
2019-07-15,95,20:51:00,Monday,Scarborough College Loop,Investigation,14,28,WB,1733
2019-07-15,52,20:56:00,Monday,Dixon and Islington,Mechanical,6,16,E/B,8359
2019-07-15,900,21:03:00,Monday,Kipling Station,Mechanical,10,20,NB,8000
2019-07-15,71,21:44:00,Monday,Runnymede at Bloor,Mechanical,20,40,N/B,1614
2019-07-15,79,21:50:00,Monday,Runnymede Station,Utilized Off Route,30,60,N/B,1023
2019-07-15,47,21:57:00,Monday,Earls Court Loop,Utilized Off Route,20,40,S/B,1273
2019-07-15,29,22:00:00,Monday,Springhurst Loop,Mechanical,8,17,N/B,1254
2019-07-15,121,22:05:00,Monday,Remembrance Dr and Ontario PL Blvd,Mechanical,22,44,B/W,8537
2019-07-15,26,22:26:00,Monday,Old Mill Stn,Mechanical,20,40,E/B,1417
2019-07-15,32,23:20:00,Monday,WB on Eglinton at Jane (West of Jane),Investigation,30,60,N/B,1135
2019-07-15,51,23:30:00,Monday,Lesile and Eglinton,Utilized Off Route,20,40,N/B,8379
2019-07-15,90,23:37:00,Monday,St Clair W stn,Investigation,11,22,N/B,8173
2019-07-15,90,23:37:00,Monday,St Clair W stn,Investigation,11,22,N/B,8173
2019-07-15,63,23:52:00,Monday,Lanark ave and Oakwood Ave,Investigation,10,20,S/B,8196
2019-07-16,7,00:32:00,Tuesday,Bathurst station,Utilized Off Route,8,15,N/B,8163
2019-07-16,939,00:45:00,Tuesday,Finch and Bridal Town,Diversion,11,22,WB,1721
2019-07-16,41,01:08:00,Tuesday,Keele at Wilson,Diversion,28,56,B/W,9015
2019-07-16,60,01:16:00,Tuesday,Pioneer Village Station,Mechanical,17,34,E/B,3217
2019-07-16,32,01:31:00,Tuesday,Eglinton West Station,Mechanical,11,22,E/B,1553
2019-07-16,89,02:02:00,Tuesday,Albion at Weston,Mechanical,10,20,S/B,1038
2019-07-16,300,02:27:00,Tuesday,Bloor and Lansdowne,Investigation,20,40,EB,7967
2019-07-16,41,04:41:00,Tuesday,Pioneer Village Station,Mechanical,16,32,N/B,9020
2019-07-16,17,05:00:00,Tuesday,Eglintion and Birchmount,Diversion,999,999,,
2019-07-16,600,05:04:00,Tuesday,Eglinton Division,Investigation,1,1,E/B,8835
2019-07-16,41,05:09:00,Tuesday,Keele and St.Clair,Mechanical,1,1,N/B,9029
2019-07-16,47,05:15:00,Tuesday,Earls Court Loop,Mechanical,15,30,S/B,1119
2019-07-16,22,05:32:00,Tuesday,Coxwell and Gerrard,Diversion,999,999,N/B,
2019-07-16,98,06:00:00,Tuesday,Steels Loop,Investigation,30,60,S/B,8341
2019-07-16,23,06:00:00,Tuesday,195 Rexleigh Drive,General Delay,7,14,N/B,
2019-07-16,32,06:09:00,Tuesday,Eglinton West Station,Mechanical,1,1,W/B,1353
2019-07-16,43,06:09:00,Tuesday,Kennedy Station,Utilized Off Route,10,16,N/B,8746
2019-07-16,78,06:27:00,Tuesday,York Mills station,Vision,15,30,E/B,8303
2019-07-16,39,06:28:00,Tuesday,Finch and Neilson,Mechanical,15,30,E/B,1308
2019-07-16,129,06:37:00,Tuesday,Scarborough Town Centre,Mechanical,10,15,N/B,3529
2019-07-16,54,06:59:00,Tuesday,Lawrence Station - Line 3,Mechanical,8,16,W/B,8671
2019-07-16,900,06:59:00,Tuesday,QUEENSWAY DIVISON,Investigation,7,14,E/B,8000
2019-07-16,49,07:00:00,Tuesday,ENTIRE ROUTE,General Delay,6,20,B/W,
2019-07-16,44,07:00:00,Tuesday,ENTIRE ROUTE,General Delay,6,20,B/W,
2019-07-16,944,07:00:00,Tuesday,ENTIRE ROUTE,General Delay,10,30,B/W,
2019-07-16,945,07:00:00,Tuesday,ENTIRE ROUTE,General Delay,10,30,B/W,
2019-07-16,30,07:00:00,Tuesday,ENTIRE ROUTE,General Delay,21,50,B/W,
2019-07-16,45,07:00:00,Tuesday,ENTIRE ROUTE,General Delay,22,50,B/W,
2019-07-16,112,07:00:00,Tuesday,HWY 427 AND DUNDAS,General Delay,16,50,B/W,
2019-07-16,111,07:00:00,Tuesday,ENTIRE ROUTE,General Delay,11,30,B/W,
2019-07-16,123,07:00:00,Tuesday,HWY 427 AND DUNDAS,General Delay,20,50,B/W,
2019-07-16,86,07:00:00,Tuesday,Kingston road and Highland Creek,General Delay,18,36,B/W,
2019-07-16,123,07:00:00,Tuesday,HWY 427 AND DUNDAS,Diversion,20,50,B/W,
2019-07-16,900,07:00:00,Tuesday,HWY 427 AND DUNDAS,Diversion,7,35,B/W,
2019-07-16,112,07:00:00,Tuesday,HWY 427/DUNDAS,Diversion,16,50,E/B,
2019-07-16,900,07:00:00,Tuesday,HWY 427 AND DUNDAS,General Delay,7,35,B/W,
2019-07-16,70,07:03:00,Tuesday,Coxwell station,Mechanical,20,40,B/W,8779
2019-07-16,927,07:05:00,Tuesday,Highway 427 and Dundas,Diversion,10,20,S/B,0
2019-07-16,34,07:15:00,Tuesday,GRENOBLE/SPANBRIDGE,Mechanical,9,17,W/B,8758
2019-07-16,73,07:30:00,Tuesday,Royal York and Dixon/Elmhurst  Albion and Finch,General Delay,20,1,B/W,
2019-07-16,21,07:32:00,Tuesday,Scarborough Town Centre,Mechanical,10,20,S/B,3413
2019-07-16,82,07:43:00,Tuesday,crescent / cluny,Diversion,1,1,E/B,8164
2019-07-16,32,07:50:00,Tuesday,Eglinton West Station,Mechanical,1,1,W/B,1102
2019-07-16,72,08:00:00,Tuesday,Carlaw and Commissioners,Mechanical,8,16,N/B,9227
2019-07-16,34,08:00:00,Tuesday,DON MILLS/ EGLINTON,General Delay,16,25,B/W,
2019-07-16,116,08:09:00,Tuesday,Morningside and Pixley,Investigation,20,40,N/B,8632
2019-07-16,106,08:10:00,Tuesday,Pioneer Village Stn,Mechanical,8,17,S/B,8384
2019-07-16,39,08:16:00,Tuesday,Neilson and Crow Trail,Mechanical,5,10,E/B,1710
2019-07-16,985,08:27:00,Tuesday,Don Mills Station,Mechanical,12,24,E/B,9062
2019-07-16,85,08:30:00,Tuesday,Don Mills Station to Sheppard/Yonge Station,General Delay,22,44,bw,
2019-07-16,95,08:36:00,Tuesday,Ellesmere RT Station,Mechanical,10,20,W/B,1274
2019-07-16,37,08:40:00,Tuesday,Islington Station,Mechanical,20,40,N/B,8026
2019-07-16,39,08:41:00,Tuesday,Finch and Warden,Mechanical,10,20,E/B,3440
2019-07-16,160,08:42:00,Tuesday,wilson stn,Mechanical,20,40,N/B,8348
2019-07-16,168,08:49:00,Tuesday,Dundas West stn,Investigation,7,13,N/B,1130
2019-07-16,168,08:49:00,Tuesday,Dundas West stn,Investigation,7,13,N/B,1268
2019-07-16,68,09:00:00,Tuesday,Warden & Eglinton,General Delay,10,20,BW,
2019-07-16,925,09:00:00,Tuesday,925 Don Mills Express route,General Delay,10,20,B/W,
2019-07-16,25,09:00:00,Tuesday,25 Don Mills route,General Delay,10,20,B/W,
2019-07-16,52,09:09:00,Tuesday,Lawrence and Scarlett,Mechanical,15,30,E/B,8215
2019-07-16,39,09:14:00,Tuesday,Tapscott and Finch,Investigation,13,26,E/B,1366
2019-07-16,135,09:21:00,Tuesday,Danforth and Warden,Diversion,109,129,B/W,
2019-07-16,24,09:27:00,Tuesday,Victoria park and Dawes,Investigation,10,20,B/W,3134
2019-07-16,69,09:30:00,Tuesday,Warden Between Danforth Rd. and Ave.,Diversion,1,1,W/B,8461
2019-07-16,925,09:31:00,Tuesday,Freshmeadow & Don Mills,Mechanical,10,20,N/B,8689
2019-07-16,111,09:46:00,Tuesday,RATHBURN AND EAST MALL,Mechanical,15,30,S/B,8413
2019-07-16,73,09:52:00,Tuesday,Royal York Station,Mechanical,27,54,S/B,8049
2019-07-16,73,09:58:00,Tuesday,"On Albion, at Thistle Down Blvd.",Mechanical,10,21,W/B,8051
2019-07-16,121,10:00:00,Tuesday,Bathurst and Fort York,Diversion,400,420,E/B,3126
2019-07-16,85,10:12:00,Tuesday,Victoria Park and Sheppard Ave,Investigation,28,56,E/B,3535
2019-07-16,41,10:18:00,Tuesday,Keele at Eglinton,Mechanical,9,18,N/B,9013
2019-07-16,85,10:18:00,Tuesday,Victoria Park and Sheppard,Utilized Off Route,7,14,E/B,3559
2019-07-16,167,10:30:00,Tuesday,Don Mills Station,Investigation,30,60,N/B,8458
2019-07-16,131,10:37:00,Tuesday,Mclevin ave and Markham,Mechanical,1,1,W/B,3431
2019-07-16,122,10:50:00,Tuesday,York Mills and Bayview,Investigation,17,34,W/B,8212
2019-07-16,63,11:03:00,Tuesday,Eglinton West Stn,Mechanical,9,17,S/B,8330
2019-07-16,79,11:04:00,Tuesday,Lawrence/Jane,Mechanical,12,24,S/B,1029
2019-07-16,25,11:06:00,Tuesday,Pape station,Mechanical,9,30,N/B,8782
2019-07-16,169,11:15:00,Tuesday,Kennedy rd and Huntingwood Ave,Mechanical,30,60,S/B,1250
2019-07-16,73,11:20:00,Tuesday,Royal York Station,Emergency Services,10,21,S/B,8038
2019-07-16,6,11:20:00,Tuesday,Davenport / Dupont,Mechanical,12,24,S/B,1325
2019-07-16,80,11:23:00,Tuesday,Sherway Gardens,Mechanical,24,48,N/B,8430
2019-07-16,32,11:38:00,Tuesday,Eglinton West Station,Mechanical,11,22,W/B,1014
2019-07-16,7,11:43:00,Tuesday,steeles,Mechanical,8,16,S/B,8204
2019-07-16,939,11:44:00,Tuesday,Birchmount and Finch,Investigation,4,8,E/B,1326
2019-07-16,33,11:45:00,Tuesday,Spadina and Stratheam Blvd,Diversion,180,200,B/W,
2019-07-16,44,11:48:00,Tuesday,KIPLING AND HORNER,Mechanical,8,16,S/B,8612
2019-07-16,32,11:58:00,Tuesday,Eglinton West Station,Mechanical,11,22,W/B,1134
2019-07-16,116,12:00:00,Tuesday,Morningside and 401,General Delay,20,30,N/B,
2019-07-16,33,12:00:00,Tuesday,Spadina and Stratheam Blvd,General Delay,195,1,B/W,
2019-07-16,52,12:01:00,Tuesday,Braecrest and the Westway,Mechanical,15,30,E/B,1315
2019-07-16,41,12:11:00,Tuesday,Keele at Sheppard,Mechanical,9,18,S/B,9018
2019-07-16,89,12:35:00,Tuesday,Keele at Dundas,Investigation,10,20,S/B,1063
2019-07-16,24,12:39:00,Tuesday,Victoria Park and Cassandra,Mechanical,30,60,S/B,8503
2019-07-16,123,12:42:00,Tuesday,Fortieth and Lakseshore,Investigation,21,42,N/B,8431
2019-07-16,43,12:48:00,Tuesday,Kennedy & Eglinton,Mechanical,10,20,N/B,8892
2019-07-16,54,12:53:00,Tuesday,Lawrence Station - Line 3,Mechanical,10,20,W/B,8741
2019-07-16,47,13:04:00,Tuesday,Earls Court Loop,Mechanical,15,30,S/B,1586
2019-07-16,63,13:10:00,Tuesday,Oakwood Loop,Diversion,100,107,N/B,
2019-07-16,63,13:10:00,Tuesday,Oakwood Loop,Mechanical,8,17,S/B,1236
2019-07-16,39,13:44:00,Tuesday,Finch Station,Mechanical,12,24,E/B,1674
2019-07-16,132,13:45:00,Tuesday,McCowan rd and Milner,Mechanical,1,1,W/B,1680
2019-07-16,50,14:00:00,Tuesday,,General Delay,15,35,B/W,
2019-07-16,39,14:00:00,Tuesday,39 Finch Route All Branch,General Delay,14,28,B/W,1674
2019-07-16,939,14:00:00,Tuesday,939 Finch Express-All Branch,General Delay,12,24,B/W,3449
2019-07-16,116,14:00:00,Tuesday,Morningside Ave (Kingston to Sheppard),General Delay,20,27,B/W,
2019-07-16,73,14:00:00,Tuesday,Lakeshore and Mimico to Claireport,General Delay,15,26,B/W,
2019-07-16,66,14:00:00,Tuesday,Old Mill Station to Humber Loop and Marine Parade,General Delay,15,39,B/W,
2019-07-16,165,14:02:00,Tuesday,Jane and Wilson,Investigation,10,20,E/B,3360
2019-07-16,134,14:17:00,Tuesday,Progress and Sheppard,Diversion,199,208,E/B,
2019-07-16,88,14:32:00,Tuesday,St. Clair Station,Mechanical,12,24,S/B,1362
2019-07-16,52,14:52:00,Tuesday,Lawrence west station,Mechanical,16,32,W/B,1215
2019-07-16,87,15:00:00,Tuesday,lake shore garage,General Delay,13,26,B/W,
2019-07-16,952,15:00:00,Tuesday,Airport to Lawrence station,General Delay,15,27,B/W,
2019-07-16,134,15:00:00,Tuesday,Scarborough Town Center to Finchdene Sq.,General Delay,10,28,B/W,
2019-07-16,122,15:00:00,Tuesday,Bayview and Yorkmills,General Delay,12,24,B/W,
2019-07-16,52,15:00:00,Tuesday,Weston to Lawrence station,General Delay,16,32,B/W,
2019-07-16,29,15:01:00,Tuesday,Exhibition Loop,Mechanical,8,16,S/B,9016
2019-07-16,52,15:12:00,Tuesday,Lawrence and Dufferin,Mechanical,16,32,W/B,1301
2019-07-16,7,15:18:00,Tuesday,Greenwin village and bathurst,Mechanical,8,16,S/B,8312
2019-07-16,167,15:29:00,Tuesday,Don Mills Station,Mechanical,30,60,N/B,9231
2019-07-16,52,15:35:00,Tuesday,Lawrence and Keele,Investigation,16,32,W/B,1252
2019-07-16,88,15:36:00,Tuesday,Wicksteed and Leslie St,Diversion,70,78,B/W,
2019-07-16,95,15:39:00,Tuesday,York Mill Station,Mechanical,11,23,E/B,3439
2019-07-16,169,15:40:00,Tuesday,Don mills stn,Mechanical,25,50,E/B,8130
2019-07-16,36,15:47:00,Tuesday,Milvan,Mechanical,18,36,E/B,3355
2019-07-16,88,15:50:00,Tuesday,St. Clair Station to Thorncliffe Park,General Delay,70,86,B/W,
2019-07-16,88,15:56:00,Tuesday,Wicksteed and Brentcliffe,Mechanical,6,12,S/B,8377
2019-07-16,985,16:00:00,Tuesday,Midland nad Pitfield,Diversion,1,1,W/B,
2019-07-16,16,16:00:00,Tuesday,McCowan Road and Eglinton Ave,General Delay,10,20,B/W,
2019-07-16,986,16:00:00,Tuesday,Kingston Rd (Morningside to Beechgrove),General Delay,20,30,B/W,
2019-07-16,91,16:00:00,Tuesday,O'Connor Drive and Woodbine Ave,General Delay,10,23,B/W,
2019-07-16,86,16:00:00,Tuesday,Kingston Rd (Morningside to Beechgrove),General Delay,20,36,B/W,
2019-07-16,143,16:00:00,Tuesday,Richmond St and Adelaide St,General Delay,10,25,B/W,
2019-07-16,78,16:00:00,Tuesday,Lord seaton and Upper Canada,General Delay,15,30,B/W,
2019-07-16,31,16:00:00,Tuesday,Green Wood ave and Danforth Ave,General Delay,10,20,B/W,
2019-07-16,905,16:00:00,Tuesday,Kingston Rd/Morningside Ave,General Delay,20,30,B/W,
2019-07-16,17,16:00:00,Tuesday,Eglinton Ave,General Delay,15,25,B/W,
2019-07-16,9,16:00:00,Tuesday,Entire Route,General Delay,10,20,B/W,
2019-07-16,56,16:00:00,Tuesday,Eglinton station to Donlands station.,General Delay,10,25,B/W,
2019-07-16,24,16:00:00,Tuesday,Victoria Park and O'Connor/Eglinton,General Delay,27,36,B/W,
2019-07-16,115,16:00:00,Tuesday,Yorkmills and Bayview,General Delay,10,34,B/W,
2019-07-16,41,16:00:00,Tuesday,Keele Route,General Delay,25,35,B/W,
2019-07-16,142,16:00:00,Tuesday,Bombay loop to Richmond and Jarvis,General Delay,20,50,B/W,
2019-07-16,985,16:00:00,Tuesday,Don Mills STN to Meadowvale loop,General Delay,12,21,B/W,
2019-07-16,63,16:00:00,Tuesday,Route 63,General Delay,16,20,B/W,
2019-07-16,83,16:00:00,Tuesday,Entire route,General Delay,10,22,B/W,
2019-07-16,110,16:02:00,Tuesday,Islington and Lakeshore,Mechanical,12,24,N/B,8037
2019-07-16,77,16:05:00,Tuesday,Windmere,Mechanical,9,19,N/B,1015
2019-07-16,925,16:07:00,Tuesday,Don Mills and Kern Rd,Investigation,10,20,S/B,8742
2019-07-16,24,16:08:00,Tuesday,Don Mills Station,Utilized Off Route,18,36,S/B,8584
2019-07-16,79,16:14:00,Tuesday,Runnymede Station,Investigation,15,29,N/B,1272
2019-07-16,61,16:15:00,Tuesday,Bombay Loop to Eglinton Station,General Delay,25,29,B/W,
2019-07-16,113,16:19:00,Tuesday,Main Station,Mechanical,11,22,E/B,9226
2019-07-16,35,16:24:00,Tuesday,Jane Station,Mechanical,12,24,N/B,3295
2019-07-16,24,16:27:00,Tuesday,Combermore and Victoria Park,Mechanical,9,18,S/B,8541
2019-07-16,43,16:31:00,Tuesday,Kennedy Station,Mechanical,15,30,N/B,8797
2019-07-16,24,16:35:00,Tuesday,Arncliffe and Victoria Park,Mechanical,9,18,N/B,9227
2019-07-16,91,16:44:00,Tuesday,29  Valley Road,Mechanical,13,26,B/W,8465
2019-07-16,42,16:46:00,Tuesday,Victoria Park and Gordon Baker,Mechanical,16,32,W/B,8197
2019-07-16,102,16:55:00,Tuesday,Major Mackenzie Drive,Mechanical,20,40,S/B,8564
2019-07-16,95,17:08:00,Tuesday,on McCowan north of Ellesmere,Mechanical,12,23,W/B,1209
2019-07-16,86,17:12:00,Tuesday,Kingston Rd/Eglinton Ave E,Mechanical,16,32,E/B,8905
2019-07-16,939,17:18:00,Tuesday,Brimley and Finch,Mechanical,12,24,E/B,1701
2019-07-16,54,17:32:00,Tuesday,Lawrence & Warden,Mechanical,9,18,W/B,8914
2019-07-16,986,17:48:00,Tuesday,Eglinton Ave E/Bellamy Rd,Mechanical,10,20,E/B,8766
2019-07-16,995,17:51:00,Tuesday,Leslie and York Mills,Investigation,12,24,W/B,1655
2019-07-16,89,17:56:00,Tuesday,Keele at Humberside,Investigation,10,20,S/B,1023
2019-07-16,32,17:58:00,Tuesday,EB on Eglinton at Keele,Investigation,11,22,E/B,1051
2019-07-16,52,18:11:00,Tuesday,Lawrence and Black creek,Mechanical,15,30,W/B,1344
2019-07-16,996,18:15:00,Tuesday,York Mills Station to Humber College,General Delay,29,48,B/W,
2019-07-16,96,18:15:00,Tuesday,York Mills Station to all branches,General Delay,38,58,B/W,
2019-07-16,118,18:15:00,Tuesday,Wilson Station to Thistledown and Albion,General Delay,45,75,B/W,
2019-07-16,32,18:17:00,Tuesday,At Keele and Eglinton,Diversion,15,25,E/B,1409
2019-07-16,165,18:20:00,Tuesday,York Mills Station to Barmac and Steeles,General Delay,28,36,B/W,
2019-07-16,34,18:31:00,Tuesday,Eglinton station,Investigation,6,13,E/B,8740
2019-07-16,34,18:32:00,Tuesday,ESTN,Investigation,6,13,E/B,8680
2019-07-16,98,19:00:00,Tuesday,Steeles and Yonge,Mechanical,30,60,N/B,8376
2019-07-16,34,19:27:00,Tuesday,Thermos rd and Eglinton,Investigation,7,13,E/B,8647
2019-07-16,95,19:38:00,Tuesday,Ellesmere and Markham Road,Mechanical,14,28,WB,3433
2019-07-16,123,20:00:00,Tuesday,Browns Line and Evans,Diversion,1,1,S/B,
2019-07-16,123,20:00:00,Tuesday,Entire Route,General Delay,25,30,B/W,
2019-07-16,23,20:49:00,Tuesday,St. Clair / Glenburn Ave,Mechanical,10,20,S/B,8479
2019-07-16,106,20:51:00,Tuesday,Sheppard and Keele,Mechanical,20,40,E/B,1288
2019-07-16,92,21:00:00,Tuesday,Ashbridges Bay,General Delay,10,20,B/W,
2019-07-16,77,21:35:00,Tuesday,South on Southport at Windemere Pl,Investigation,22,44,S/B,1001
2019-07-16,52,21:41:00,Tuesday,Dixon and Royal york,Diversion,1,1,W/B,8121
2019-07-16,36,21:47:00,Tuesday,Humberwood loop,Investigation,5,10,W/B,9122
2019-07-16,79,21:50:00,Tuesday,Runnymede Stn,Utilized Off Route,30,54,N/B,1418
2019-07-16,52,22:09:00,Tuesday,lawrence station,Diversion,21,27,B/W,
2019-07-16,35,22:25:00,Tuesday,Pioneer Village Station,Emergency Services,2,12,S/B,3238
2019-07-16,131,22:38:00,Tuesday,Sewells and Morningview Trail,Mechanical,15,30,SB,3514
2019-07-16,47,22:44:00,Tuesday,Queen and Lansdowne,Investigation,10,20,S/B,1073
2019-07-16,86,22:47:00,Tuesday,Eglinton Ave E/Midland Ave,Emergency Services,10,20,E/B,8712
2019-07-16,900,23:00:00,Tuesday,Kipling Station,Investigation,7,14,N/B,8006
2019-07-16,83,23:15:00,Tuesday,Donlands Station,Mechanical,15,30,B/W,8481
2019-07-17,52,00:00:00,Wednesday,Lawrence ave and Weston Rd,Investigation,18,36,E/B,8329
2019-07-17,60,00:03:00,Wednesday,Steeles and Tangreen,Mechanical,17,34,E/B,9116
2019-07-17,63,00:13:00,Wednesday,Ossington station,Mechanical,10,20,S/B,8330
2019-07-17,69,00:25:00,Wednesday,Highview / Birchmount,Mechanical,10,20,S/B,8558
2019-07-17,900,00:26:00,Wednesday,Kipling Station,Mechanical,10,20,N/B,8083
2019-07-17,39,00:38:00,Wednesday,Bridletowne cir/Finch,Diversion,11,22,W/B,1284
2019-07-17,120,01:09:00,Wednesday,Wilson at Keele,Diversion,30,60,W/B,3300
2019-07-17,43,01:36:00,Wednesday,Midland and Steeles,Mechanical,10,20,S/B,8922
2019-07-17,322,01:39:00,Wednesday,Broadview Station,Emergency Services,30,60,SB,9206
2019-07-17,54,01:54:00,Wednesday,Warden and lawrence,Mechanical,20,40,W/B,8900
2019-07-17,320,02:00:00,Wednesday,Yonge at Queen,Mechanical,4,7,S/B,8164
2019-07-17,300,02:07:00,Wednesday,Dundas and Acorn,Mechanical,20,40,WB,8009
2019-07-17,341,03:00:00,Wednesday,Keele at Wilson,Diversion,30,60,S/B,
2019-07-17,335,03:10:00,Wednesday,Jane Station,Mechanical,30,60,N/B,3321
2019-07-17,320,03:25:00,Wednesday,Yonge at Queens Quay,Utilized Off Route,3,7,N/B,8318
2019-07-17,63,05:23:00,Wednesday,Ossington Station,Mechanical,8,16,N/B,1309
2019-07-17,22,05:32:00,Wednesday,Gerrard and Coxwell,Diversion,999,999,N/B,
2019-07-17,131,05:57:00,Wednesday,Markham and Nugget,Mechanical,10,20,W/B,1577
2019-07-17,45,06:00:00,Wednesday,ENTIRE ROUTE,General Delay,10,35,B/W,
2019-07-17,44,06:01:00,Wednesday,Col Sam Smith Loop,Mechanical,6,13,N/B,7977
2019-07-17,924,06:04:00,Wednesday,Mcnicoll,Mechanical,10,10,S/B,9227
2019-07-17,43,06:09:00,Wednesday,Kennedy Station,Utilized Off Route,1,1,N/B,8737
2019-07-17,49,06:24:00,Wednesday,BLOOR AND MARKLAND,Mechanical,9,18,E/B,8083
2019-07-17,720,06:30:00,Wednesday,EGLINTON YARD,Utilized Off Route,1,1,E/B,8836
2019-07-17,127,06:31:00,Wednesday,Spadina Station,Mechanical,16,32,W/B,1105
2019-07-17,601,06:31:00,Wednesday,Don Mills stn,Utilized Off Route,1,1,B/W,3419
2019-07-17,601,06:31:00,Wednesday,Malvern Division,Utilized Off Route,1,1,B/W,1402
2019-07-17,606,06:32:00,Wednesday,WARDEN STATION,Utilized Off Route,1,1,,8560
2019-07-17,606,06:33:00,Wednesday,BIRCHMOUNT GARAGE,Utilized Off Route,1,1,,9200
2019-07-17,706,06:34:00,Wednesday,BIRCHMOUNT GARAGE,Utilized Off Route,1,1,,8583
2019-07-17,600,06:35:00,Wednesday,Meadowvale & HWY 401,Utilized Off Route,1,1,W/B,8700
2019-07-17,606,06:35:00,Wednesday,WARDEN STATION,Utilized Off Route,1,1,,8665
2019-07-17,710,06:35:00,Wednesday,Kennedy Station,Utilized Off Route,1,1,E/B,8827
2019-07-17,954,06:35:00,Wednesday,Lawrence East SRT station,Utilized Off Route,9,18,E/B,8687
2019-07-17,34,06:37:00,Wednesday,Kennedy Station,Utilized Off Route,6,11,W/B,8684
2019-07-17,43,06:44:00,Wednesday,Kennedy Station,Utilized Off Route,10,20,N/B,8811
2019-07-17,996,06:45:00,Wednesday,Wilson and Weston,Mechanical,9,18,E/B,3294
2019-07-17,168,06:49:00,Wednesday,Dundas West Station,Investigation,7,13,N/B,1012
2019-07-17,40,06:50:00,Wednesday,Dundas St West Station,Investigation,9,18,N/B,8049
2019-07-17,42,06:59:00,Wednesday,Finch Station,Mechanical,12,24,E/B,1373
2019-07-17,23,07:00:00,Wednesday,Dawes / Main Station,General Delay,7,14,B/W,
2019-07-17,123,07:00:00,Wednesday,ENTIRE ROUTE,General Delay,20,50,B/W,
2019-07-17,112,07:00:00,Wednesday,ENTRE ROUTE,General Delay,16,45,B/W,
2019-07-17,944,07:00:00,Wednesday,ENTIRE ROUTE,General Delay,10,30,B/W,
2019-07-17,44,07:00:00,Wednesday,ENTIRE ROUTE,General Delay,6,30,B/W,
2019-07-17,945,07:00:00,Wednesday,ENTIRE ROUTE,General Delay,10,30,B/W,
2019-07-17,165,07:02:00,Wednesday,Weston and Ormont,Mechanical,6,12,S/B,3364
2019-07-17,168,07:08:00,Wednesday,Symington and Dupont,Mechanical,7,3,S/B,1586
2019-07-17,24,07:09:00,Wednesday,Steeles,Mechanical,21,21,S/B,8462
2019-07-17,995,07:12:00,Wednesday,Scarborough College Loop,Mechanical,12,24,W/B,3514
2019-07-17,34,07:14:00,Wednesday,Eglinton/DVP,Mechanical,5,11,W/B,8623
2019-07-17,14,07:16:00,Wednesday,Caledonia & Glencairn,Mechanical,16,32,S/B,1033
2019-07-17,939,07:30:00,Wednesday,Kennedy and Finch,Mechanical,8,16,B/W,1292
2019-07-17,74,07:33:00,Wednesday,Eglinton & Mt Pleasant,Mechanical,15,30,N/B,1296
2019-07-17,6,07:36:00,Wednesday,Bay and Gerard,Mechanical,5,10,S/B,1132
2019-07-17,985,07:45:00,Wednesday,Don Mills Station,Mechanical,12,24,E/B,9072
2019-07-17,46,08:00:00,Wednesday,46 Martin Grove Route,General Delay,12,24,B/W,0
2019-07-17,925,08:06:00,Wednesday,Don Mills & Wynford,Investigation,8,16,S/B,8786
2019-07-17,86,08:15:00,Wednesday,Both ways along Kingston Rd,General Delay,10,28,B/W,
2019-07-17,986,08:15:00,Wednesday,B/W along kingston,General Delay,10,15,B/W,
2019-07-17,905,08:15:00,Wednesday,B/W along kingston rd,General Delay,10,21,B/W,
2019-07-17,6,08:24:00,Wednesday,Dupont and Davenport,Mechanical,5,10,S/B,1349
2019-07-17,161,08:25:00,Wednesday,Jane & Alliance,Mechanical,13,26,E/B,1553
2019-07-17,925,08:25:00,Wednesday,Don Mills & Wynford,Investigation,8,16,S/B,8671
2019-07-17,925,08:30:00,Wednesday,925 Don Mills route,General Delay,15,30,B/W,
2019-07-17,25,08:30:00,Wednesday,25 Don Mills route,General Delay,15,30,B/W,
2019-07-17,89,08:30:00,Wednesday,Keele & Dundas,General Delay,,,B/W,
2019-07-17,32,08:37:00,Wednesday,Eglinton West Station,Mechanical,11,22,W/B,1020
2019-07-17,984,08:43:00,Wednesday,Sheppard/Faywood,Mechanical,10,19,E/B,3224
2019-07-17,61,08:44:00,Wednesday,Eglinton & Ave Rd,Mechanical,10,20,S/B,1226
2019-07-17,134,08:59:00,Wednesday,Scarborough Town Center,Mechanical,8,16,E/B,9086
2019-07-17,75,09:00:00,Wednesday,maple / lakeshore,General Delay,1,1,B/W,
2019-07-17,68,09:00:00,Wednesday,Warden & Eglinton,General Delay,10,20,BW,
2019-07-17,85,09:22:00,Wednesday,Don Mills Station to Sheppard/Yonge Station,General Delay,22,44,B/W,
2019-07-17,52,09:28:00,Wednesday,Lawrence and Englemount,Mechanical,16,32,E/B,8317
2019-07-17,32,09:30:00,Wednesday,Eglinton Station - Renforth Station,General Delay,21,32,B/W,
2019-07-17,71,09:30:00,Wednesday,St.Clair to Dundas on Runnymede,Diversion,38,61,B/W,
2019-07-17,46,09:30:00,Wednesday,Martin Grove and Vulcan,Diversion,382,397,B/W,0
2019-07-17,20,09:30:00,Wednesday,2495 Eglinton East,Investigation,10,21,E/B,3124
2019-07-17,929,09:32:00,Wednesday,St. Clair and Dufferin,Mechanical,1,1,S/B,9006
2019-07-17,939,09:40:00,Wednesday,Kennedy and Finch,Mechanical,8,16,B/W,3431
2019-07-17,32,09:41:00,Wednesday,Eglinton West Station,Mechanical,11,22,W/B,1000
2019-07-17,952,09:48:00,Wednesday,Lawrence west station,Utilized Off Route,11,22,E/B,1212
2019-07-17,45,09:51:00,Wednesday,BELFIELD AND KIPLING,Diversion,99,89,B/W,
2019-07-17,945,09:51:00,Wednesday,KIPLING AND BELFIELD,Diversion,99,89,B/W,
2019-07-17,79,09:52:00,Wednesday,St. Clair and Jane,Diversion,128,140,B/W,
2019-07-17,32,09:59:00,Wednesday,Eglinton at Keele,Mechanical,13,26,W/B,1268
2019-07-17,29,10:00:00,Wednesday,Dupont and Dufferin,Mechanical,8,15,S/B,1264
2019-07-17,79,10:05:00,Wednesday,Scarlett & Eglinton,Mechanical,10,24,S/B,1423
2019-07-17,43,10:10:00,Wednesday,Kennedy & Lawrence,Mechanical,10,20,N/B,8809
2019-07-17,37,10:13:00,Wednesday,Islington Station,Mechanical,20,40,N/B,8604
2019-07-17,37,10:23:00,Wednesday,Bergamont and Islington,Diversion,73,93,B/W,
2019-07-17,35,10:28:00,Wednesday,St.Clair/Keele,Utilized Off Route,4,11,E/B,3212
2019-07-17,945,10:30:00,Wednesday,KIPLING STN,Investigation,10,20,N/B,8426
2019-07-17,47,10:40:00,Wednesday,Caledonia and Summitr Av.,Investigation,15,30,N/B,1107
2019-07-17,902,10:45:00,Wednesday,Markham and Kingston,Mechanical,15,30,N/B,8533
2019-07-17,43,10:50:00,Wednesday,Kennedy & Steeles,Mechanical,10,20,N/B,8752
2019-07-17,53,10:50:00,Wednesday,Madawaska and Yonge,Mechanical,12,23,E/B,1337
2019-07-17,7,10:51:00,Wednesday,eglinton,Mechanical,8,16,S/B,1246
2019-07-17,45,10:52:00,Wednesday,KIPLING STN,Mechanical,20,40,N/B,8016
2019-07-17,25,10:52:00,Wednesday,Don Mills station,Mechanical,8,16,S/B,8892
2019-07-17,75,11:25:00,Wednesday,maple,Investigation,11,22,S/B,8203
2019-07-17,161,11:30:00,Wednesday,Cliff & Humber,Diversion,1,1,E/B,1090
2019-07-17,41,11:34:00,Wednesday,Finch West Station,Mechanical,9,18,N/B,9139
2019-07-17,16,11:35:00,Wednesday,DANFORTH/EGLINTON,Diversion,55,67,B/W,
2019-07-17,32,11:36:00,Wednesday,Eglinton West Station,Mechanical,11,22,W/B,1072
2019-07-17,7,11:38:00,Wednesday,bathurst stn,Mechanical,8,16,N/B,8102
2019-07-17,102,12:08:00,Wednesday,Markham / Warden Station,Investigation,10,20,N/B,8551
2019-07-17,905,12:10:00,Wednesday,Eglinton Ave E and Danforth Rd,Investigation,9,18,W/B,8867
2019-07-17,73,12:12:00,Wednesday,Royal York Station,Mechanical,9,18,N/B,8090
2019-07-17,39,12:12:00,Wednesday,Bayview and Finch,General Delay,6,12,B/W,3425
2019-07-17,939,12:12:00,Wednesday,Finch and Kennedy,General Delay,8,16,B/W,3419
2019-07-17,41,12:34:00,Wednesday,Keele & Eglinton,Mechanical,9,18,S/B,9027
2019-07-17,36,12:42:00,Wednesday,Finch and Arrow,Mechanical,6,12,W/B,9132
2019-07-17,905,12:52:00,Wednesday,Eglinton Ave E and Brimley rd,Investigation,9,18,W/B,8867
2019-07-17,88,12:56:00,Wednesday,Heath & Welland,Diversion,416,422,B/W,
2019-07-17,600,13:00:00,Wednesday,Eglinton yard,Mechanical,1,1,N/B,8620
2019-07-17,129,13:02:00,Wednesday,Major Mackenzie and Ridgecrest,Mechanical,28,56,S/B,1712
2019-07-17,996,13:15:00,Wednesday,,General Delay,20,30,S/B,
2019-07-17,118,13:15:00,Wednesday,,General Delay,20,30,S/B,
2019-07-17,165,13:15:00,Wednesday,Edgar and Wilson,General Delay,20,30,S/B,
2019-07-17,165,13:15:00,Wednesday,Edgar and Wilson,Diversion,120,126,S/B,3168
2019-07-17,34,13:23:00,Wednesday,Eglinton/DVP,Mechanical,8,16,E/B,8642
2019-07-17,36,13:40:00,Wednesday,Finch and Weston,Emergency Services,5,10,E/B,9133
2019-07-17,996,13:45:00,Wednesday,Edgar and Wilson,Diversion,120,130,S/B,3313
2019-07-17,96,13:45:00,Wednesday,Edgar and Wilson,Diversion,120,126,S/B,3180
2019-07-17,61,13:55:00,Wednesday,brookdale & Avenue Road,Investigation,15,30,N/B,1279
2019-07-17,73,14:00:00,Wednesday,Lakeshore and Mimico to Albion and Claireport,General Delay,15,26,B/W,
2019-07-17,50,14:00:00,Wednesday,Islington Station to Mill Road Loop,General Delay,15,35,B/W,
2019-07-17,73,14:00:00,Wednesday,"On Weston Road, at Oak",Investigation,10,21,N/B,8038
2019-07-17,66,14:00:00,Wednesday,Old Mill Station to Humber Loop and Marine Parade,General Delay,15,39,B/W,
2019-07-17,32,14:00:00,Wednesday,Entire Route,General Delay,15,30,B/W,
2019-07-17,40,14:00:00,Wednesday,Dundas West Station to Runnymede Loop,General Delay,15,25,B/W,
2019-07-17,96,14:26:00,Wednesday,York Mills Station,Mechanical,20,40,W/B,3180
2019-07-17,110,14:33:00,Wednesday,Islington and Lakeshore,Mechanical,12,22,N/B,8059
2019-07-17,60,14:42:00,Wednesday,Signal Hill,Mechanical,9,18,W/B,3226
2019-07-17,85,14:45:00,Wednesday,Don Mills Station,Mechanical,16,32,E/B,3551
2019-07-17,7,14:59:00,Wednesday,Bathrust and Wilson,Mechanical,4,11,S/B,1276
2019-07-17,24,14:59:00,Wednesday,Victoria park station,Mechanical,9,18,N/B,8512
2019-07-17,75,15:00:00,Wednesday,Lower jarvis and Queens quay,General Delay,8,16,B/W,
2019-07-17,11,15:00:00,Wednesday,Eglinton and Bayview,General Delay,10,20,B/W,
2019-07-17,905,15:02:00,Wednesday,Kennedy STN,Mechanical,10,20,E/B,8818
2019-07-17,25,15:16:00,Wednesday,Pape Stn,Mechanical,5,10,N/B,8772
2019-07-17,709,15:18:00,Wednesday,Keele stn,Mechanical,1,1,S/B,1356
2019-07-17,29,15:23:00,Wednesday,Wilson stn,Mechanical,8,15,S/B,9017
2019-07-17,35,15:28:00,Wednesday,Jane and Sheppard,Mechanical,11,22,N/B,3294
2019-07-17,24,15:30:00,Wednesday,Victoria park / O'Connor,General Delay,20,29,B/W,
2019-07-17,79,15:30:00,Wednesday,Entire Route,General Delay,18,31,B/W,
2019-07-17,15,15:33:00,Wednesday,Royal York and Yorkview,Investigation,14,28,S/B,8602
2019-07-17,161,15:36:00,Wednesday,Caledonia & Rogers,Mechanical,14,28,E/B,1077
2019-07-17,123,15:37:00,Wednesday,Longbranch,Mechanical,20,40,N/B,8434
2019-07-17,953,15:51:00,Wednesday,Finch Station,Mechanical,15,30,E/B,9057
2019-07-17,31,16:00:00,Wednesday,Greenwood and Danforth Ave,General Delay,10,20,S/B,
2019-07-17,161,16:00:00,Wednesday,Rogers Road,Diversion,14,28,B/W,1590
2019-07-17,92,16:00:00,Wednesday,Ashbridges Bay,General Delay,10,20,S/B,
2019-07-17,116,16:00:00,Wednesday,Morningside Ave (Kingston to Sheppard),General Delay,20,27,B/W,
2019-07-17,161,16:00:00,Wednesday,Rogers Route,General Delay,14,28,B/W,
2019-07-17,22,16:00:00,Wednesday,Coxwell Route,General Delay,10,18,BW,0
2019-07-17,102,16:00:00,Wednesday,Markham Road Route,General Delay,15,25,BW,0
2019-07-17,89,16:00:00,Wednesday,Weston Road Route,General Delay,20,30,B/W,
2019-07-17,109,16:00:00,Wednesday,Eglinton and Marlee,General Delay,10,23,B/W,
2019-07-17,126,16:00:00,Wednesday,Entire Route,General Delay,20,37,W/B,
2019-07-17,41,16:00:00,Wednesday,Keele Route,General Delay,20,30,B/W,
2019-07-17,17,16:00:00,Wednesday,Eglinton Ave,General Delay,10,20,S/B,
2019-07-17,83,16:00:00,Wednesday,Entire route,General Delay,10,23,S/B,
2019-07-17,9,16:00:00,Wednesday,Entire Route,General Delay,10,30,S/B,
2019-07-17,46,16:01:00,Wednesday,Martingrove at Racine,Investigation,12,24,N/B,3295
2019-07-17,37,16:10:00,Wednesday,Islington and Dundas,Investigation,12,24,N/B,8083
2019-07-17,6,16:20:00,Wednesday,Bay and Front,Mechanical,7,15,N/B,1046
2019-07-17,29,16:22:00,Wednesday,Dufferin / Ranee,Investigation,8,15,N/B,9047
2019-07-17,60,16:24:00,Wednesday,Pioneer Village Station,Mechanical,9,18,E/B,9135
2019-07-17,85,16:26:00,Wednesday,Meadowvale Loop,Mechanical,16,32,W/B,3400
2019-07-17,929,16:29:00,Wednesday,Wilson stn,Mechanical,10,20,S/B,9020
2019-07-17,142,16:30:00,Wednesday,CHURCH ST. AT RICHMOND ST. E. to  HIGHWAY 401 (BOMBAY LOOP),General Delay,22,52,B/W,
2019-07-17,37,16:30:00,Wednesday,"Between Humberwood and Islington Stn, and between Steeles and Islington Stn",General Delay,25,35,B/W,
2019-07-17,165,16:30:00,Wednesday,Barmac and Steeles,Mechanical,8,16,E/B,3267
2019-07-17,954,16:35:00,Wednesday,Lawerence RT Station,Mechanical,10,20,W/B,8770
2019-07-17,984,16:36:00,Wednesday,Sheppard West Station,Mechanical,8,15,N/B,3234
2019-07-17,25,16:38:00,Wednesday,Overlea/Thorncliffe Park,Investigation,5,10,W/B,8849
2019-07-17,84,16:40:00,Wednesday,Sheppard West Station,Mechanical,7,13,W/B,3224
2019-07-17,91,16:45:00,Wednesday,Railside Road and Lawrence Ave,Mechanical,13,26,S/B,8446
2019-07-17,36,16:47:00,Wednesday,Finch West Stn,Emergency Services,7,14,W/B,9126
2019-07-17,40,16:48:00,Wednesday,Dundas West Station,Mechanical,10,20,N/B,8033
2019-07-17,29,16:49:00,Wednesday,Wilson stn,Mechanical,8,15,S/B,9146
2019-07-17,77,16:58:00,Wednesday,Runnymede Station,Mechanical,1,1,S/B,1409
2019-07-17,61,17:00:00,Wednesday,Lawrence to Wilson,General Delay,20,33,N/B,
2019-07-17,86,17:00:00,Wednesday,Kingston Rd (Morningside to Beechgrove),General Delay,15,31,B/W,
2019-07-17,900,17:05:00,Wednesday,esat mall and dundas,Mechanical,7,14,W/B,8010
2019-07-17,54,17:09:00,Wednesday,Starspray,Utilized Off Route,10,26,W/B,8633
2019-07-17,100,17:16:00,Wednesday,Overlea and Millwood,Mechanical,6,12,E/B,8628
2019-07-17,989,17:20:00,Wednesday,Keele Station,Mechanical,10,20,N/B,1070
2019-07-17,905,17:31:00,Wednesday,Kingston Rd/Guildwood Pkwy,Investigation,10,20,E/B,8665
2019-07-17,35,17:45:00,Wednesday,Lawrence and Jane,Mechanical,12,24,N/B,3294
2019-07-17,35,17:53:00,Wednesday,Jane and Weston,Investigation,12,24,S/B,3163
2019-07-17,900,17:59:00,Wednesday,terminal 1,Mechanical,7,14,S/B,8001
2019-07-17,939,18:03:00,Wednesday,Bayview and Finch Ave,Emergency Services,12,24,W/B,1752
2019-07-17,126,18:13:00,Wednesday,St . Clair west stn,Mechanical,17,34,S/B,1023
2019-07-17,63,18:16:00,Wednesday,Atlantic and King to Eglinton West Station,General Delay,20,25,B/W,
2019-07-17,129,18:27:00,Wednesday,Steeles/Mccowan,Mechanical,5,15,S/B,1649
2019-07-17,57,18:44:00,Wednesday,Kennedy STN,Emergency Services,8,16,N/B,8815
2019-07-17,944,18:55:00,Wednesday,col smith loop,Mechanical,12,24,N/B,8606
2019-07-17,72,18:58:00,Wednesday,Carlaw Ave and Queen St East,Mechanical,22,42,NB,3112
2019-07-17,32,19:02:00,Wednesday,WB on Marlee,Mechanical,10,20,W/B,1553
2019-07-17,134,19:08:00,Wednesday,Finch and Finch Dene,Mechanical,20,40,N/B,9091
2019-07-17,110,19:14:00,Wednesday,Islington and Queensway,Investigation,18,30,S/B,8601
2019-07-17,144,19:15:00,Wednesday,Bloor Viaduct/DVP,Diversion,35,35,B/W,8721
2019-07-17,95,19:22:00,Wednesday,Ellesmere and Morningside,Investigation,14,28,WB,3526
2019-07-17,60,19:22:00,Wednesday,Steeles Ave. Bathurst to Hilda,General Delay,20,29,B/W,
2019-07-17,6,19:23:00,Wednesday,1625 Avenue,Investigation,15,30,S/B,1625
2019-07-17,52,19:33:00,Wednesday,West Wood Mall,Mechanical,12,24,E/B,1237
2019-07-17,97,19:39:00,Wednesday,Hilda and steeles,Diversion,80,110,N/B,
2019-07-17,52,19:40:00,Wednesday,Dixon Rd and Kipling Ave,Diversion,190,210,B/W,
2019-07-17,45,19:50:00,Wednesday,dixon and kipling,Diversion,9,18,N/B,8405
2019-07-17,52,20:00:00,Wednesday,Lawrence Station to West Wood Mall,General Delay,16,28,B/W,
2019-07-17,54,20:28:00,Wednesday,Leslie & Eglinton,Investigation,13,26,W/B,8647
2019-07-17,85,20:32:00,Wednesday,Don Mills Station,Mechanical,16,32,E/B,3487
2019-07-17,80,21:00:00,Wednesday,Between Sherway and Keele,General Delay,1,1,B/W,
2019-07-17,81,21:00:00,Wednesday,Thorncliffe Park Route,General Delay,10,22,BW,0
2019-07-17,7,21:19:00,Wednesday,Greenwin and Bathrust,Mechanical,8,15,S/B,1362
2019-07-17,165,21:50:00,Wednesday,Wilson Station,Investigation,1,1,E/B,3310
2019-07-17,25,21:50:00,Wednesday,Don Mills/Donway N,Mechanical,9,18,N/B,8883
2019-07-17,82,21:50:00,Wednesday,Cresent rd Rosedale station to Mt pleasant,Diversion,240,260,B,8201
2019-07-17,89,22:00:00,Wednesday,Weston at Eglinton,Investigation,8,16,S/B,1118
2019-07-17,7,22:17:00,Wednesday,Bathrust station,Utilized Off Route,7,18,N/B,1362
2019-07-17,925,22:24:00,Wednesday,Don Mills/Finch,Investigation,10,20,N/B,8686
2019-07-17,82,22:30:00,Wednesday,Rosedale station,Mechanical,20,40,S/B,8201
2019-07-17,32,22:39:00,Wednesday,Eglitnon West Stn,Mechanical,11,22,E/B,1133
2019-07-17,29,22:58:00,Wednesday,Wilson stn,Investigation,9,17,B/W,9054
2019-07-17,47,23:02:00,Wednesday,Old Weston and St. Clair,Utilized Off Route,0,0,E/B,1094
2019-07-17,105,23:15:00,Wednesday,DeBoeers and Dufferin,Diversion,62,92,S/B,
2019-07-17,15,23:20:00,Wednesday,Evans and Horner,Diversion,32,62,W/B,8072
2019-07-17,33,23:46:00,Wednesday,St.Clair west station,Utilized Off Route,20,40,N/B,1315
2019-07-18,94,00:15:00,Thursday,Ossington stn,Mechanical,10,20,E/B,1018
2019-07-18,161,00:38:00,Thursday,Alliance at Jane,Investigation,20,40,W/B,1345
2019-07-18,35,01:15:00,Thursday,Jane Station,Emergency Services,10,20,B/W,3174
2019-07-18,312,02:45:00,Thursday,Dundas at Annette,Mechanical,30,60,E/B,1059
2019-07-18,320,03:08:00,Thursday,Yonge St. Queen to Shuter,Diversion,2,5,B/W,
2019-07-18,57,04:48:00,Thursday,Midland and Steeles,Vision,20,20,S/B,8819
2019-07-18,300,05:17:00,Thursday,Ossington and Bloor,Diversion,163,193,B/W,
2019-07-18,34,05:26:00,Thursday,Eglinton STN,Vision,9,16,E/B,8654
2019-07-18,161,05:30:00,Thursday,Bloor and Dovercourt,Diversion,110,130,B/W,
2019-07-18,22,05:32:00,Thursday,Gerrard and Coxwell,Diversion,999,999,N/B,
2019-07-18,29,05:36:00,Thursday,Dufferin and Brandon,Mechanical,11,17,N/B,9027
2019-07-18,24,05:50:00,Thursday,victoria park stn,Vision,14,28,,8409
2019-07-18,63,05:55:00,Thursday,Eglinton Station West Station,Mechanical,5,14,S/B,1288
2019-07-18,34,06:00:00,Thursday,Eglinton STN,Vision,9,17,E/B,8633
2019-07-18,47,06:03:00,Thursday,Bloor and Lansdowne,Mechanical,34,68,N/B,1048
2019-07-18,25,06:14:00,Thursday,Don Mills station,Mechanical,5,10,S/B,8634
2019-07-18,45,06:17:00,Thursday,Kipling station,Mechanical,7,14,N/B,8023
2019-07-18,47,06:17:00,Thursday,Earlscourt Loop,Utilized Off Route,6,12,S/B,1357
2019-07-18,986,06:27:00,Thursday,Kennedy STN,Mechanical,5,10,E/B,8649
2019-07-18,601,06:31:00,Thursday,Scarborough Town Center,Utilized Off Route,1,1,B/W,3456
2019-07-18,701,06:31:00,Thursday,Scarborough Town Center,Utilized Off Route,1,1,B/W,3424
2019-07-18,37,06:36:00,Thursday,Steeles and Islington,Mechanical,14,28,S/B,8435
2019-07-18,141,06:56:00,Thursday,Eglinton and Redpath,Investigation,30,60,sb,1073
2019-07-18,941,07:00:00,Thursday,Keele & Wilson,Mechanical,12,24,N/B,1020
2019-07-18,89,07:00:00,Thursday,Weston & Eglinton,Mechanical,6,12,N/B,1131
2019-07-18,112,07:05:00,Thursday,Kipling station,Mechanical,16,32,W/B,8082
2019-07-18,134,07:12:00,Thursday,Scarborough Town Center,Mechanical,7,15,E/B,9063
2019-07-18,129,07:14:00,Thursday,Scarborough Town Centre,Emergency Services,5,15,N/B,1396
2019-07-18,82,07:20:00,Thursday,Crescent rd and Rosedale Rd,Diversion,900,920,B/W,
2019-07-18,121,07:21:00,Thursday,forth york and danlecke,Diversion,18,36,S/B,8500
2019-07-18,32,07:38:00,Thursday,Eglinton station,Utilized Off Route,7,14,N/B,1281
2019-07-18,35,07:40:00,Thursday,JNST - Jane Stn,Mechanical,9,18,N/B,3306
2019-07-18,54,07:48:00,Thursday,Lawrence and Warden,Mechanical,11,22,W/B,8721
2019-07-18,52,07:50:00,Thursday,Keele and Lawrence,Mechanical,18,36,W/B,8194
2019-07-18,6,07:50:00,Thursday,College and Bay,Mechanical,1,1,S/B,1141
2019-07-18,6,07:52:00,Thursday,Avenue and Davenport,Mechanical,1,1,S/B,1005
2019-07-18,32,07:56:00,Thursday,Eglinton West station,Mechanical,1,1,E/B,1560
2019-07-18,61,08:00:00,Thursday,Avenue and Old orchard,General Delay,15,30,B/W,
2019-07-18,44,08:02:00,Thursday,Col. Sam Smith loop,Utilized Off Route,7,14,N/B,8086
2019-07-18,39,08:08:00,Thursday,Neilson and Crow Trail,Mechanical,5,10,B/W,1728
2019-07-18,601,08:11:00,Thursday,Col Sam Smith Loop,Utilized Off Route,1,1,N/B,8435
2019-07-18,55,08:12:00,Thursday,Old Mill Station,Mechanical,15,30,N/B,1419
2019-07-18,89,08:13:00,Thursday,Weston & Eglinton,Mechanical,6,12,N/B,1502
2019-07-18,85,08:30:00,Thursday,Don Mills Station to Sheppard/Yonge Station,General Delay,22,44,bw,
2019-07-18,47,08:37:00,Thursday,Paton and Lansdowne,Investigation,24,48,S/B,1067
2019-07-18,116,08:46:00,Thursday,Morningside and Sheppard,Investigation,6,13,S/B,8768
2019-07-18,935,08:50:00,Thursday,SHJA - Jane and Sheppard,Mechanical,9,18,N/B,3286
2019-07-18,86,08:52:00,Thursday,Kennedy STN.,Investigation,25,46,E/B,8812
2019-07-18,601,08:56:00,Thursday,Eglinton Station,Utilized Off Route,1,1,S/B,8335
2019-07-18,60,08:57:00,Thursday,Signal Hill,Mechanical,8,16,E/B,3184
2019-07-18,601,08:58:00,Thursday,Lawrence West Station,Utilized Off Route,1,1,S/B,8120
2019-07-18,709,09:00:00,Thursday,Pine & Lawrence,Utilized Off Route,16,16,E/B,1418
2019-07-18,7,09:00:00,Thursday,Bathurst Stn,Mechanical,8,16,N/B,1307
2019-07-18,54,09:02:00,Thursday,Lawrence and Don Mills,Investigation,11,22,W/B,8870
2019-07-18,32,09:05:00,Thursday,Pine and Lawrence,Utilized Off Route,1,1,B/W,1041
2019-07-18,47,09:05:00,Thursday,Lansdowne Station,Utilized Off Route,6,12,S/B,1096
2019-07-18,40,09:10:00,Thursday,Runnymede Loop,Utilized Off Route,10,20,E/B,8427
2019-07-18,601,09:13:00,Thursday,Kipling Station,Utilized Off Route,1,1,S/B,8035
2019-07-18,29,09:13:00,Thursday,Exhibition Loop,Mechanical,9,17,N/B,1354
2019-07-18,91,09:27:00,Thursday,Woodbine Station,Investigation,11,22,S/B,8551
2019-07-18,141,09:40:00,Thursday,Adelaide/York,Investigation,1,1,E/B,1056
2019-07-18,39,09:45:00,Thursday,McCowan and Finch,Mechanical,16,32,B/W,1391
2019-07-18,161,09:53:00,Thursday,Jane & Alliance,Mechanical,15,32,E/B,1287
2019-07-18,36,09:54:00,Thursday,Finch West Stn.,Mechanical,5,10,W/B,9114
2019-07-18,42,09:56:00,Thursday,Finch station,Emergency Services,12,23,E/B,8144
2019-07-18,95,10:22:00,Thursday,Kingston Rd Loop,Mechanical,20,40,W/B,3445
2019-07-18,85,10:23:00,Thursday,Pharmacy and Sheppard,Mechanical,7,14,E/B,3512
2019-07-18,98,11:00:00,Thursday,Sheppard and Willowdale,General Delay,10,40,B/W,
2019-07-18,925,11:14:00,Thursday,Freshmeadow & Don Mills,Mechanical,10,20,S/B,8908
2019-07-18,100,11:20:00,Thursday,Broadview Station,Utilized Off Route,6,12,N/B,8900
2019-07-18,112,11:20:00,Thursday,Eglinton ave. west and Renforth,Investigation,20,40,S/B,8614
2019-07-18,41,11:21:00,Thursday,Keele Station,Mechanical,9,18,N/B,9029
2019-07-18,110,11:34:00,Thursday,Islington Station,Mechanical,18,36,S/B,8089
2019-07-18,134,11:34:00,Thursday,Finchdene and Finch,Mechanical,15,30,S/B,9074
2019-07-18,63,12:06:00,Thursday,Atlantic and King,Utilized Off Route,8,17,S/B,8115
2019-07-18,6,12:10:00,Thursday,King and Bay,Utilized Off Route,12,24,S/B,1003
2019-07-18,63,12:11:00,Thursday,King and Ossington,Utilized Off Route,8,17,S/B,1340
2019-07-18,706,12:15:00,Thursday,BRGA,Utilized Off Route,1,1,W/B,8566
2019-07-18,711,12:16:00,Thursday,Yonge and Eglinton,Utilized Off Route,1,1,S/B,8151
2019-07-18,720,12:16:00,Thursday,BRGA,Utilized Off Route,1,1,W/B,8559
2019-07-18,75,12:20:00,Thursday,Jarvis and Queeens Quay,Utilized Off Route,11,22,N/B,8176
2019-07-18,925,12:21:00,Thursday,Pape station,Utilized Off Route,10,20,S/B,8651
2019-07-18,29,12:25:00,Thursday,Dufferin and Bloor,Utilized Off Route,7,15,S/B,9104
2019-07-18,35,12:35:00,Thursday,PVST - Pionee Village,Mechanical,11,22,S/B,3200
2019-07-18,94,12:37:00,Thursday,Castlefrank Station,Mechanical,8,16,W/B,1030
2019-07-18,54,12:45:00,Thursday,Birchmount and Lawrence,Mechanical,13,26,W/B,8871
2019-07-18,39,12:46:00,Thursday,Neilson and Crow Trail,Investigation,12,24,B/W,1732
2019-07-18,45,12:50:00,Thursday,Kipling station,General Delay,20,34,N/B,8023
2019-07-18,85,13:06:00,Thursday,Buchan Crt,Investigation,22,44,E/B,3425
2019-07-18,133,13:20:00,Thursday,Ellesmere and Neilson,Investigation,11,22,E/B,3436
2019-07-18,96,13:22:00,Thursday,Humberline Loop,Mechanical,0,0,E/B,3340
2019-07-18,41,13:24:00,Thursday,Pioneer Village Station,Mechanical,9,18,S/B,9014
2019-07-18,7,13:30:00,Thursday,Bathrust and York downs.,Investigation,8,16,S/B,8351
2019-07-18,40,14:00:00,Thursday,Dundas West Station to Runnymede Loop,General Delay,15,25,B/W,
2019-07-18,66,14:00:00,Thursday,Old Mill Station to Humber Loop and Marine Parade,General Delay,15,39,B/W,
2019-07-18,927,14:00:00,Thursday,Kipling station,Mechanical,5,10,N/B,3231
2019-07-18,50,14:00:00,Thursday,Islington Station to Mill Road Loop,General Delay,15,35,B/W,
2019-07-18,73,14:00:00,Thursday,Lakeshore and Mimico to Albion and Claireport,General Delay,15,26,B/W,
2019-07-18,39,14:00:00,Thursday,39 Finch East- All Branches,General Delay,14,28,B/W,3437
2019-07-18,939,14:00:00,Thursday,939 Finch Express Bus,General Delay,12,24,B/W,3416
2019-07-18,96,14:00:00,Thursday,Route 96,General Delay,13,24,B/W,
2019-07-18,29,14:02:00,Thursday,Exhibition Loop,Emergency Services,8,17,N/B,9150
2019-07-18,41,14:07:00,Thursday,Keele & Four Winds,Emergency Services,9,18,N/B,9019
2019-07-18,97,14:22:00,Thursday,Yonge and StClair,Diversion,562,592,B/W,
2019-07-18,53,14:25:00,Thursday,Finch Station,Investigation,6,12,E/B,1245
2019-07-18,996,14:26:00,Thursday,York Mills stn,Vision,11,22,W/B,3249
2019-07-18,89,14:30:00,Thursday,Weston & Jane,General Delay,20,30,W/B,
2019-07-18,14,14:30:00,Thursday,Brickworks,Vision,20,40,W/B,1348
2019-07-18,29,14:30:00,Thursday,Wilson stn,Mechanical,7,15,S/B,9145
2019-07-18,32,14:32:00,Thursday,Eglinton Station,Mechanical,10,15,W/B,1023
2019-07-18,95,14:33:00,Thursday,York Mills station,Mechanical,2,8,N/B,1655
2019-07-18,129,14:33:00,Thursday,STC,Mechanical,14,21,N/B,1713
2019-07-18,96,14:35:00,Thursday,Elmhurst & Harefield,Investigation,11,22,E/B,
2019-07-18,160,14:52:00,Thursday,Wilson station,Mechanical,19,39,S/B,8186
2019-07-18,60,14:56:00,Thursday,Finch Station,Mechanical,10,19,S/B,3137
2019-07-18,35,15:00:00,Thursday,Entire route,General Delay,25,12,B/W,
2019-07-18,935,15:00:00,Thursday,Entire route,General Delay,25,11,B/W,
2019-07-18,989,15:00:00,Thursday,Weston & Jane,General Delay,20,30,W/B,
2019-07-18,25,15:00:00,Thursday,Pape Stn to Freshmeadow/Don Mills,General Delay,30,35,B/W,
2019-07-18,925,15:00:00,Thursday,Pape Stn to Freshmeadow/Don Mills,General Delay,30,38,B/W,
2019-07-18,116,15:00:00,Thursday,Kingston Lawerence & Morningside Sheppard,General Delay,25,15,B/W,1
2019-07-18,118,15:00:00,Thursday,Route 118,General Delay,10,35,B/W,
2019-07-18,79,15:00:00,Thursday,Entire Route,General Delay,17,30,BW,
2019-07-18,67,15:00:00,Thursday,Crosland/Reddins,Mechanical,10,20,S/B,8890
2019-07-18,996,15:00:00,Thursday,Route 996,General Delay,13,24,B/W,
2019-07-18,165,15:00:00,Thursday,Route 165,General Delay,21,29,B/W,
2019-07-18,81,15:00:00,Thursday,Thorncliffe Park Route,General Delay,10,19,BW,0
2019-07-18,72,15:00:00,Thursday,Pape Route,General Delay,15,25,BW,0
2019-07-18,22,15:00:00,Thursday,Coxwell Route,General Delay,10,18,BW,0
2019-07-18,102,15:00:00,Thursday,Markham Road Route,General Delay,15,25,BW,0
2019-07-18,75,15:00:00,Thursday,Lowe jarvis and Queens quay,General Delay,14,22,B/W,
2019-07-18,109,15:00:00,Thursday,Eglinton and Allen,General Delay,15,30,B/W,
2019-07-18,11,15:00:00,Thursday,Davisville station to Steeles,General Delay,20,35,B/W,
2019-07-18,36,15:01:00,Thursday,Humberwood loop,Mechanical,5,10,E/B,9112
2019-07-18,72,15:09:00,Thursday,Carlaw Ave and Dundas St East,Investigation,19,38,NB,8947
2019-07-18,953,15:16:00,Thursday,Finch Station,Mechanical,12,15,E/B,9076
2019-07-18,129,15:22:00,Thursday,STC,Mechanical,15,30,N/B,1331
2019-07-18,60,15:26:00,Thursday,Finch Station,Mechanical,9,18,S/B,3162
2019-07-18,52,15:30:00,Thursday,Lawrence Station to West Wood Mall,General Delay,21,39,B/W,
2019-07-18,600,15:35:00,Thursday,Earlscourt Loop,Utilized Off Route,1,1,N/B,1096
2019-07-18,63,15:36:00,Thursday,Ossington station,Utilized Off Route,8,16,N/B,8347
2019-07-18,600,15:37:00,Thursday,Avenue and Davenport,Utilized Off Route,1,1,S/B,8361
2019-07-18,32,15:40:00,Thursday,Emmett at Jane,Mechanical,8,16,E/B,1087
2019-07-18,32,15:47:00,Thursday,Eglinton at Oakwood,Mechanical,1,1,W/B,1361
2019-07-18,47,15:47:00,Thursday,Queen and Lansdowne,Mechanical,7,13,N/B,1124
2019-07-18,46,15:55:00,Thursday,John Garlard,Mechanical,10,20,S/B,3210
2019-07-18,14,16:00:00,Thursday,Glencairn Route,General Delay,20,36,B/W,
2019-07-18,144,16:00:00,Thursday,Victoria Park/Parkwoods Village to Adelaide/Simcoe,General Delay,40,60,B/W,
2019-07-18,86,16:00:00,Thursday,Kingston Road Lawerence to Morningside,General Delay,20,12,B/W,1
2019-07-18,161,16:00:00,Thursday,Rogers Road Rout,General Delay,20,34,B/W,
2019-07-18,171,16:00:00,Thursday,Entire Route,General Delay,30,50,N/B,1576
2019-07-18,74,16:00:00,Thursday,entire route,General Delay,16,32,B/W,
2019-07-18,41,16:00:00,Thursday,Keele Route,General Delay,20,30,B/W,
2019-07-18,61,16:00:00,Thursday,entire route,General Delay,14,28,B/W,
2019-07-18,42,16:00:00,Thursday,yonge and cummer,General Delay,8,16,B/W,
2019-07-18,952,16:00:00,Thursday,Lawrence Station to Terminal 1,General Delay,39,51,B/W,
2019-07-18,44,16:00:00,Thursday,Entire Route,General Delay,25,30,B/W,8035
2019-07-18,944,16:00:00,Thursday,Entire Route,General Delay,25,30,B/W,8085
2019-07-18,88,16:00:00,Thursday,entire route,General Delay,6,12,B/W,
2019-07-18,45,16:00:00,Thursday,Entire Route,General Delay,30,35,B/W,
2019-07-18,97,16:00:00,Thursday,entire route,General Delay,30,60,B/W,
2019-07-18,945,16:00:00,Thursday,Entire Route,General Delay,20,25,B/W,
2019-07-18,924,16:07:00,Thursday,Lawerence and Victoria Park,Mechanical,9,18,N/B,3112
2019-07-18,63,16:08:00,Thursday,College and Ossington,Investigation,8,16,N/B,1342
2019-07-18,142,16:30:00,Thursday,CHURCH ST. AT RICHMOND ST. E. to  HIGHWAY 401 (BOMBAY LOOP),General Delay,17,47,B/W,
2019-07-18,122,16:30:00,Thursday,York Mills Station to FENELON DR.LOOP(DON MILS/GRAYDN),General Delay,21,36,B/W,
2019-07-18,115,16:30:00,Thursday,York Mills Station to BANNATYNE DR. AT SILVERGROVE RD.,General Delay,18,42,B/W,
2019-07-18,7,16:39:00,Thursday,Bathrust and Invermay,Investigation,7,15,N/B,1270
2019-07-18,44,16:39:00,Thursday,Kipling Bridge,Investigation,7,14,S/B,8025
2019-07-18,63,17:17:00,Thursday,Eglinton West station,Utilized Off Route,8,16,S/B,8212
2019-07-18,11,17:17:00,Thursday,Davisville station,Utilized Off Route,7,14,N/B,1317
2019-07-18,953,17:19:00,Thursday,Finch Station,Utilized Off Route,15,30,E/B,3417
2019-07-18,707,17:20:00,Thursday,Finch Station,Utilized Off Route,1,1,E/B,1579
2019-07-18,610,17:20:00,Thursday,Pape Stn,Utilized Off Route,1,1,N/B,8915
2019-07-18,14,17:20:00,Thursday,Davisville Station,Utilized Off Route,16,32,E/B,1049
2019-07-18,902,17:20:00,Thursday,Warden Station,Mechanical,10,20,EB,8514
2019-07-18,56,17:21:00,Thursday,Eglinton Station,Utilized Off Route,18,37,E/B,8164
2019-07-18,702,17:21:00,Thursday,Keele Stn,Utilized Off Route,1,1,S/B,8017
2019-07-18,944,17:22:00,Thursday,Kipling Station,Utilized Off Route,11,22,S/B,8085
2019-07-18,44,17:22:00,Thursday,Kipling Station,Utilized Off Route,7,14,S/B,8035
2019-07-18,32,17:22:00,Thursday,Eglinton Station,Utilized Off Route,9,19,W/B,1353
2019-07-18,6,17:23:00,Thursday,Davenport and Dupont,Utilized Off Route,8,15,S/B,1003
2019-07-18,32,17:23:00,Thursday,Eglinton West Station,Utilized Off Route,8,16,W/B,1053
2019-07-18,34,17:23:00,Thursday,Eglinton Station,Utilized Off Route,6,13,E/B,8827
2019-07-18,40,17:25:00,Thursday,Runnymede Loop,Utilized Off Route,10,20,E/B,7962
2019-07-18,720,17:25:00,Thursday,Warden Station,Utilized Off Route,1,1,N/B,8864
2019-07-18,94,17:25:00,Thursday,Wellesley Stn,Utilized Off Route,17,34,W/B,1417
2019-07-18,36,17:26:00,Thursday,Finch stn,Utilized Off Route,5,10,W/B,3301
2019-07-18,606,17:26:00,Thursday,Warden station,Utilized Off Route,1,1,W/B,3115
2019-07-18,985,17:27:00,Thursday,Dons Mills Station,Utilized Off Route,12,24,E/B,9073
2019-07-18,35,17:27:00,Thursday,Jane station,Utilized Off Route,12,24,S/B,3170
2019-07-18,25,17:28:00,Thursday,Pape Stn,Utilized Off Route,5,10,N/B,8824
2019-07-18,960,17:28:00,Thursday,Finch Station,Utilized Off Route,15,30,W/B,3281
2019-07-18,984,17:30:00,Thursday,Sheppard Station,Utilized Off Route,8,16,S/B,3261
2019-07-18,985,17:30:00,Thursday,Don Mills - Scarborough Town Center,General Delay,18,30,B/W,9096
2019-07-18,720,17:30:00,Thursday,BSTN,Utilized Off Route,1,1,N/B,8845
2019-07-18,34,17:30:00,Thursday,ESTN,Utilized Off Route,9,18,E/B,8733
2019-07-18,165,17:30:00,Thursday,York Mills stn,Utilized Off Route,8,16,W/B,3265
2019-07-18,984,17:31:00,Thursday,Sheppard/yonge,Utilized Off Route,9,17,S/B,3150
2019-07-18,97,17:32:00,Thursday,St.Clair and Yonge,Utilized Off Route,30,60,S/B,8109
2019-07-18,81,17:33:00,Thursday,Pape Station,Utilized Off Route,9,18,NB,8942
2019-07-18,953,17:33:00,Thursday,Finch Station,Utilized Off Route,15,30,E/B,9072
2019-07-18,11,17:33:00,Thursday,Davisville station,Utilized Off Route,14,28,S/B,8194
2019-07-18,52,17:34:00,Thursday,Lawrence Station,Utilized Off Route,16,32,W/B,8105
2019-07-18,604,17:35:00,Thursday,York Mills stn,Utilized Off Route,,,W/B,3198
2019-07-18,111,17:35:00,Thursday,Willowridge and Richgrove,Utilized Off Route,10,20,S/B,8086
2019-07-18,716,17:35:00,Thursday,Victoria park station,Utilized Off Route,1,1,W/B,9231
2019-07-18,6,17:35:00,Thursday,Bay and Bloor,Utilized Off Route,8,15,N/B,1018
2019-07-18,32,17:35:00,Thursday,Eglinton Station,Utilized Off Route,9,18,W/B,1093
2019-07-18,701,17:36:00,Thursday,St.Clair Station,Utilized Off Route,1,1,W/B,1235
2019-07-18,124,17:37:00,Thursday,Lawrence Station,Utilized Off Route,9,18,E/B,8192
2019-07-18,706,17:40:00,Thursday,Pape Station,Utilized Off Route,1,1,WB,3117
2019-07-18,54,17:41:00,Thursday,Eglinton Station,Utilized Off Route,9,18,E/B,8684
2019-07-18,72,17:42:00,Thursday,Yonge and Wellington,Utilized Off Route,21,42,NB,8941
2019-07-18,85,17:48:00,Thursday,Sheppard and Yonge Station,Utilized Off Route,1,1,E/B,3414
2019-07-18,54,17:50:00,Thursday,Eglinton Station,Utilized Off Route,1,1,E/B,8676
2019-07-18,95,17:50:00,Thursday,York Mills station,Utilized Off Route,5,10,E/B,1716
2019-07-18,95,17:52:00,Thursday,York Mills station,Utilized Off Route,10,20,E/B,1718
2019-07-18,952,17:59:00,Thursday,Lawrence Ave and Benton Rd,Investigation,12,24,W/B,1210
2019-07-18,86,18:07:00,Thursday,Eglinton & Torrence,Investigation,16,32,N/B,8756
2019-07-18,56,18:14:00,Thursday,Eglinton Ave and Hanna Rd,Investigation,19,37,E/B,8187
2019-07-18,46,18:17:00,Thursday,Rexdale,Mechanical,5,10,E/B,3179
2019-07-18,35,18:23:00,Thursday,Wilson and Jane,Mechanical,12,24,S/B,3521
2019-07-18,79,18:25:00,Thursday,Pine / Lawrence,Mechanical,13,26,N/B,1096
2019-07-18,601,18:26:00,Thursday,Sherbourne and Isabella,Investigation,1,1,S/B,8361
2019-07-18,36,18:28:00,Thursday,Albion,Diversion,70,80,W/B,9124
2019-07-18,7,18:29:00,Thursday,Greenwin village and Bathrust.,Emergency Services,7,15,S/B,8388
2019-07-18,63,18:30:00,Thursday,Eglitnon west station to King and atlantic,General Delay,15,23,B/W,
2019-07-18,11,18:40:00,Thursday,Davisville station,Mechanical,14,28,N/B,1213
2019-07-18,91,18:48:00,Thursday,Lumsden / Woodbine,Mechanical,13,26,N/B,8453
2019-07-18,45,19:16:00,Thursday,Kipling and Steeles,Mechanical,9,18,S/B,8439
2019-07-18,68,19:17:00,Thursday,Steeles & Warden,Investigation,8,16,S/B,8656
2019-07-18,161,19:24:00,Thursday,Jane/Alliance,Mechanical,17,34,E/B,1042
2019-07-18,32,19:53:00,Thursday,Eglinton at Old Park,Investigation,10,20,W/B,1358
2019-07-18,39,19:56:00,Thursday,Neilson Rd/Crow Trail,Investigation,16,25,S/B,3524
2019-07-18,73,19:58:00,Thursday,Westen and Albion,Mechanical,9,19,N/B,8058
2019-07-18,935,20:05:00,Thursday,Jane and Lawrence,Investigation,11,22,S/B,3547
2019-07-18,86,20:15:00,Thursday,Eglinton & Midland,Investigation,10,20,N/B,8876
2019-07-18,68,20:40:00,Thursday,Warden Station,Investigation,10,20,N/B,8686
2019-07-18,57,20:51:00,Thursday,Midland & Eglinton,Investigation,1,1,N/B,8789
2019-07-18,94,20:53:00,Thursday,Queens Park/ Wellesley,Mechanical,10,20,W/B,1077
2019-07-18,89,21:00:00,Thursday,Rogers at Weston,Mechanical,8,16,N/B,1259
2019-07-18,7,21:00:00,Thursday,Greenwin village,Mechanical,7,15,S/B,1237
2019-07-18,102,21:05:00,Thursday,St Clair Ave East and North Woodrow Blvd,Investigation,10,20,WB,8943
2019-07-18,6,21:10:00,Thursday,Bay and Adelaide,Diversion,248,263,S/B,1112
2019-07-18,64,21:16:00,Thursday,Main St and Swanwick Ave,Investigation,20,40,SB,8468
2019-07-18,34,21:36:00,Thursday,Redpath and Eglinton,Mechanical,7,13,E/B,8698
2019-07-18,11,21:40:00,Thursday,Sunybrooke hospital,Mechanical,30,60,N/B,8342
2019-07-18,68,21:42:00,Thursday,Warden Station,Utilized Off Route,15,27,N/B,8658
2019-07-18,900,22:00:00,Thursday,East Mall and Dundas,Mechanical,7,14,N/B,8009
2019-07-18,91,22:12:00,Thursday,Ecclestone Drive / Sloane,Mechanical,24,48,N/B,8443
2019-07-18,42,22:24:00,Thursday,Finch Station,Mechanical,16,32,N/B,8315
2019-07-18,108,22:34:00,Thursday,Driftwood at Wilmount,Mechanical,16,32,N/B,3347
2019-07-18,30,22:50:00,Thursday,Dundas and Chestnut Hills cres,Diversion,1,1,B/W,8060
2019-07-18,54,23:48:00,Thursday,Don Mills and Wynford,Investigation,20,40,E/B,8833
2019-07-19,95,00:25:00,Friday,Ellesmere Cul- De -Sac Kingston Loop,Mechanical,10,20,W/B,3409
2019-07-19,95,01:13:00,Friday,York Mills Station,Mechanical,10,20,EB,1402
2019-07-19,165,01:34:00,Friday,Steeles and Barmac,Mechanical,15,30,S/B,3214
2019-07-19,300,01:50:00,Friday,Bloor West of Yonge before Bay,Diversion,20,40,BW,8788
2019-07-19,354,02:01:00,Friday,Lawrence Manse Road,Mechanical,30,60,EB,3871
2019-07-19,300,02:12:00,Friday,Bloor and Spadina,Diversion,20,40,WB,8757
2019-07-19,995,02:19:00,Friday,York Mills Station,Mechanical,1,1,E/B,1306
2019-07-19,335,02:53:00,Friday,Jane at Lawrence,Investigation,24,1,N/B,3281
2019-07-19,300,03:27:00,Friday,On ramp High way 427,Diversion,20,40,WB,3129
2019-07-19,354,03:52:00,Friday,Lawrence and Mossbank to Scarborough Golf Club,Investigation,30,60,WB,8721
2019-07-19,329,04:12:00,Friday,Princess Gate,Mechanical,30,60,,9037
2019-07-19,354,04:23:00,Friday,Lawrence and Scarborough Golf,Investigation,30,60,EB,8889
2019-07-19,709,05:06:00,Friday,Keele Station,Utilized Off Route,1,1,N/B,1126
2019-07-19,600,05:08:00,Friday,Earlscourt Loop,Utilized Off Route,1,1,S/B,1261
2019-07-19,600,05:08:00,Friday,Mt. Dennis Garage,Utilized Off Route,1,1,N/B,1136
2019-07-19,600,05:08:00,Friday,Wilson div,Utilized Off Route,1,1,E/B,8341
2019-07-19,701,05:09:00,Friday,Wilson div,Utilized Off Route,1,1,W/B,8216
2019-07-19,701,05:10:00,Friday,Wilson div,Utilized Off Route,1,1,W/B,8206
2019-07-19,600,05:15:00,Friday,ARGA - Arrow Garage,Utilized Off Route,1,1,E/B,3339
2019-07-19,600,05:15:00,Friday,ARGA - Arrow Garage,Utilized Off Route,1,1,E/B,3331
2019-07-19,176,05:20:00,Friday,queensway garage,Vision,27,54,S/B,8608
2019-07-19,40,05:37:00,Friday,dundas and st. johns place,Mechanical,12,24,W/B,8433
2019-07-19,86,05:45:00,Friday,Morningside and Lawrence,Vision,26,43,E/B,8642
2019-07-19,133,05:50:00,Friday,Scarb. Town Centre,Investigation,15,30,E/B,3457
2019-07-19,16,05:52:00,Friday,STC,Investigation,18,36,E/B,8458
2019-07-19,47,05:53:00,Friday,Earlscourt Loop,Utilized Off Route,6,12,S/B,1420
2019-07-19,102,06:16:00,Friday,Markham rd and 16th  ave,Mechanical,20,40,E/B,5952
2019-07-19,45,06:24:00,Friday,Kipling station,Utilized Off Route,7,14,N/B,8018
2019-07-19,116,06:29:00,Friday,Kennedy STN,Vision,6,13,E/B,8658
2019-07-19,42,06:30:00,Friday,Dynamic,Mechanical,12,24,W/B,8172
2019-07-19,985,06:34:00,Friday,Sheppard and McCowan,Mechanical,12,24,B/W,9082
2019-07-19,57,06:46:00,Friday,Kennedy STN,Mechanical,9,17,N/B,8793
2019-07-19,989,06:47:00,Friday,Keele & Lawrence,Mechanical,12,24,S/B,1329
2019-07-19,11,06:50:00,Friday,Sunnybroke Hospital,Mechanical,17,33,S/B,1283
2019-07-19,47,06:58:00,Friday,St. Clair and Lansdowne,Mechanical,24,48,S/B,1606
2019-07-19,85,07:00:00,Friday,Rouge Hill Go Stn,Mechanical,16,32,W/B,3488
2019-07-19,82,07:06:00,Friday,Rosedale Rd and Crescent Rd,Diversion,404,424,B/W,
2019-07-19,985,07:08:00,Friday,Victoria Pak and Sheppard,Mechanical,12,24,B/W,9091
2019-07-19,66,07:15:00,Friday,old mill station,Mechanical,9,18,S/B,8019
2019-07-19,95,07:22:00,Friday,York Mills Station,Mechanical,10,20,B/W,1232
2019-07-19,989,07:32:00,Friday,Weston & Lawrence,Mechanical,12,24,S/B,1036
2019-07-19,21,07:46:00,Friday,Eglinton / Ebrimley,Mechanical,0,0,S/B,1335
2019-07-19,87,07:51:00,Friday,Linsmore and Cosburn,Mechanical,6,12,W/B,8457
2019-07-19,21,07:54:00,Friday,Eglinton / Brimley,Mechanical,0,0,S/B,3428
2019-07-19,121,08:05:00,Friday,Lakeshore and Strachan,Diversion,1,1,E/B,
2019-07-19,29,08:07:00,Friday,Wilson Station,Mechanical,8,17,S/B,9151
2019-07-19,121,08:15:00,Friday,Lakeshore and Newfoundland,Investigation,13,26,E/B,9216
2019-07-19,706,08:22:00,Friday,Pape station,Utilized Off Route,1,1,B/W,8490
2019-07-19,716,08:22:00,Friday,Victoria Park station,Utilized Off Route,1,1,B/W,9212
2019-07-19,120,08:25:00,Friday,Chesham and Forthbridge,Investigation,30,60,S/B,3283
2019-07-19,600,08:30:00,Friday,Warden Station,Utilized Off Route,0,0,N/B,8901
2019-07-19,710,08:30:00,Friday,Pape Station,Utilized Off Route,1,1,N/B,8744
2019-07-19,34,08:49:00,Friday,Eglinton/Don Mills,Investigation,6,12,E/B,8787
2019-07-19,63,08:50:00,Friday,Strachan and king,Diversion,3,6,sb,8385
2019-07-19,69,08:54:00,Friday,Warden Station,Investigation,13,26,N/B,8590
2019-07-19,43,08:57:00,Friday,McNicoll,Mechanical,10,20,N/B,8842
2019-07-19,94,09:00:00,Friday,Entire Route,General Delay,20,30,B/W,
2019-07-19,84,09:02:00,Friday,Sheppard/Keele,Mechanical,10,20,W/B,3235
2019-07-19,75,09:08:00,Friday,Jarvis and Queens Quay,Mechanical,7,13,N/B,1217
2019-07-19,929,09:20:00,Friday,Springhurst Loop,Diversion,30,40,S/B,
2019-07-19,29,09:20:00,Friday,Springhurst Loop,Diversion,30,17,S/B,
2019-07-19,600,09:25:00,Friday,Ossington Station,Mechanical,1,1,E/B,1071
2019-07-19,89,09:57:00,Friday,Weston & Jane,Mechanical,10,20,S/B,1070
2019-07-19,39,10:00:00,Friday,39 Finch Route-All Branch,General Delay,15,30,B/W,3424
2019-07-19,939,10:00:00,Friday,939 Finch Express-All Branch,General Delay,12,24,B/W,3447
2019-07-19,42,10:03:00,Friday,Finch stn,Mechanical,11,23,E/B,8338
2019-07-19,75,10:04:00,Friday,Jarvis and Queens Quay,General Delay,15,15,N/B,
2019-07-19,29,10:22:00,Friday,St.Clair and Dufferin,Investigation,8,17,S/B,9146
2019-07-19,45,10:38:00,Friday,Kiploing station,Mechanical,10,20,N/B,8414
2019-07-19,98,10:40:00,Friday,Sheppard Rd between willowdale to Yonge st,General Delay,30,60,B/W,
2019-07-19,89,10:52:00,Friday,Keele Station,Mechanical,10,20,N/B,1003
2019-07-19,100,10:53:00,Friday,Broadview Station,Utilized Off Route,6,12,N/B,8669
2019-07-19,75,10:53:00,Friday,Bloor and Sherbourne,Utilized Off Route,8,15,N/B,8206
2019-07-19,610,10:53:00,Friday,Kennedy STN,Utilized Off Route,1,1,E/B,8621
2019-07-19,600,10:53:00,Friday,King and shaw,Utilized Off Route,1,1,S/B,8341
2019-07-19,701,10:53:00,Friday,Strachan and King,Utilized Off Route,1,1,N/B,8216
2019-07-19,711,10:54:00,Friday,Eglinton stn,Utilized Off Route,1,1,S/B,1242
2019-07-19,711,10:54:00,Friday,Eglinton stn,Utilized Off Route,1,1,S/B,8186
2019-07-19,100,10:54:00,Friday,Broadview Station,Utilized Off Route,6,12,N/B,8646
2019-07-19,600,10:54:00,Friday,Bloor and Dufferin,Utilized Off Route,1,1,B/W,1136
2019-07-19,719,10:54:00,Friday,Eg.Station,Utilized Off Route,0,0,S/B,1093
2019-07-19,719,10:54:00,Friday,Eg.Station,Utilized Off Route,1,1,S/B,1287
2019-07-19,600,10:55:00,Friday,Jane Stn,Utilized Off Route,1,1,,3319
2019-07-19,600,10:55:00,Friday,Queen and Ossington,Utilized Off Route,1,1,N/B,8121
2019-07-19,709,10:56:00,Friday,Earlscourt Loop,Utilized Off Route,1,1,S/B,1021
2019-07-19,607,10:57:00,Friday,STC,Utilized Off Route,1,1,S/B,3488
2019-07-19,81,10:58:00,Friday,Pape station,Utilized Off Route,11,22,S/B,8526
2019-07-19,34,11:00:00,Friday,Eglinton Station,Utilized Off Route,8,16,E/B,8757
2019-07-19,707,11:00:00,Friday,STC,Utilized Off Route,1,1,S/B,1323
2019-07-19,610,11:00:00,Friday,Warden station,Utilized Off Route,1,1,W/B,8471
2019-07-19,610,11:00:00,Friday,Birchmount garage,Utilized Off Route,1,1,W/B,8519
2019-07-19,716,11:00:00,Friday,Victoria Park station,Utilized Off Route,1,1,W/B,8558
2019-07-19,600,11:00:00,Friday,YKMS - York Mills,Utilized Off Route,1,1,W/B,3331
2019-07-19,720,11:00:00,Friday,EGGA,Utilized Off Route,1,1,E/B,8768
2019-07-19,84,11:00:00,Friday,Sheppard Station,Utilized Off Route,7,14,S/B,3353
2019-07-19,927,11:00:00,Friday,Kipling Stn,Utilized Off Route,1,1,,3268
2019-07-19,944,11:00:00,Friday,kipling st,Utilized Off Route,112,11,S/B,8017
2019-07-19,161,11:00:00,Friday,Ossington Station,Utilized Off Route,17,35,W/B,1502
2019-07-19,710,11:00:00,Friday,Pape Station,Utilized Off Route,1,1,N/B,8744
2019-07-19,601,11:00:00,Friday,royal york station,Utilized Off Route,1,2,S/B,8604
2019-07-19,54,11:02:00,Friday,ESTN,Utilized Off Route,10,20,E/B,8723
2019-07-19,610,11:02:00,Friday,Woodbine station,Utilized Off Route,1,1,W/B,3109
2019-07-19,995,11:03:00,Friday,York Mills station,Utilized Off Route,15,30,E/B,1716
2019-07-19,702,11:03:00,Friday,kipling station,Utilized Off Route,1,2,S/B,8092
2019-07-19,63,11:03:00,Friday,Ossington Stn,Utilized Off Route,8,17,S/B,8133
2019-07-19,929,11:04:00,Friday,Exhibition Loop,Utilized Off Route,10,20,N/B,9141
2019-07-19,41,11:04:00,Friday,Keele Station,Utilized Off Route,9,18,N/B,9021
2019-07-19,925,11:04:00,Friday,Pape Station,Utilized Off Route,10,20,N/B,8663
2019-07-19,35,11:05:00,Friday,Jane Station,Utilized Off Route,7,14,N/B,3277
2019-07-19,610,11:05:00,Friday,Warden station,Utilized Off Route,1,1,W/B,9237
2019-07-19,984,11:05:00,Friday,Sheppard West station,Utilized Off Route,9,18,S/B,3289
2019-07-19,704,11:05:00,Friday,Finch/Weston,Utilized Off Route,1,1,E/B,3135
2019-07-19,94,11:05:00,Friday,Ossington Station,Utilized Off Route,15,30,E/B,1033
2019-07-19,94,11:05:00,Friday,Castlefrank Station,Utilized Off Route,8,16,W/B,1503
2019-07-19,7,11:05:00,Friday,Bathurst Stn,Utilized Off Route,8,16,N/B,8185
2019-07-19,900,11:09:00,Friday,kipling station,Utilized Off Route,7,14,W/B,8007
2019-07-19,601,11:10:00,Friday,kipling station,Utilized Off Route,1,2,S/B,8423
2019-07-19,996,11:10:00,Friday,YKMS - York Mills Stn,Utilized Off Route,11,22,W/B,3363
2019-07-19,929,11:14:00,Friday,Exhibition West Loop,Utilized Off Route,10,20,N/B,9015
2019-07-19,56,11:24:00,Friday,Donlands stn,Utilized Off Route,18,36,N/B,1247
2019-07-19,53,11:40:00,Friday,Finch Station,Mechanical,7,12,B/W,1738
2019-07-19,94,11:50:00,Friday,St. George Station,Mechanical,8,15,W/B,1503
2019-07-19,41,11:55:00,Friday,Keele & St Clair,Mechanical,9,18,N/B,9012
2019-07-19,935,12:00:00,Friday,Eglinton,General Delay,11,22,B/W,3343
2019-07-19,35,12:00:00,Friday,Eglinton and Jane,General Delay,7,14,B/W,3339
2019-07-19,944,12:02:00,Friday,Col. Sam Smith Loop,Mechanical,11,22,N/B,8054
2019-07-19,939,12:05:00,Friday,STC Station,Utilized Off Route,8,16,W/B,3447
2019-07-19,905,12:08:00,Friday,Eglinton and Markham,Mechanical,9,18,E/B,8796
2019-07-19,23,12:11:00,Friday,Main Station,Mechanical,10,20,N/B,8947
2019-07-19,32,12:27:00,Friday,Eglinton station,Investigation,11,22,W/B,1094
2019-07-19,29,12:48:00,Friday,Dufferin and Geary,Investigation,7,15,S/B,9103
2019-07-19,75,12:55:00,Friday,Elm and Glen Dr,Diversion,15,15,B/W,
2019-07-19,105,13:01:00,Friday,Sheppard W Station,Mechanical,17,34,sb,8314
2019-07-19,41,13:18:00,Friday,Keele Station,Mechanical,9,18,N/B,9029
2019-07-19,68,13:24:00,Friday,Warden & Lawrence,Investigation,40,80,N/B,8786
2019-07-19,108,13:24:00,Friday,Driftwood/Finch,Mechanical,15,30,N/B,3294
2019-07-19,47,13:26:00,Friday,St. Clair and Caledonia,Mechanical,15,30,N/B,1553
2019-07-19,127,13:43:00,Friday,Old Weston & Davenport,Investigation,30,60,E/B,1048
2019-07-19,11,13:52:00,Friday,Eglinton and bayview,Investigation,12,24,N/B,8143
2019-07-19,85,13:59:00,Friday,Washburn Way and Sheppard,Mechanical,28,56,E/B,1741
2019-07-19,96,14:00:00,Friday,Route 96,General Delay,17,28,B/W,
2019-07-19,996,14:00:00,Friday,Route 996,General Delay,12,23,B/W,
2019-07-19,110,14:32:00,Friday,Longbranch Loop,Mechanical,12,24,N/B,8437
2019-07-19,96,14:32:00,Friday,Wilson & Clayson,Mechanical,11,22,W/B,3288
2019-07-19,36,14:35:00,Friday,Finch station,Mechanical,5,10,N/B,9120
2019-07-19,21,14:41:00,Friday,Brimley and Alexmuir,Diversion,12,24,S/B,1335
2019-07-19,7,14:51:00,Friday,Bathurst station,Mechanical,8,15,N/B,8344
2019-07-19,25,15:00:00,Friday,Pape Stn to Freshmeadow/Don Mills,General Delay,30,35,B/W,8842
2019-07-19,52,15:00:00,Friday,Lawrence Station to West Wood Mall,General Delay,39,55,B/W,
2019-07-19,70,15:00:00,Friday,Coxwell Stn to Warden Stn/Craighton,General Delay,15,30,B/W,8815
2019-07-19,72,15:00:00,Friday,Pape Route,General Delay,15,25,BW,0
2019-07-19,118,15:00:00,Friday,Route 118,General Delay,20,45,B/W,
2019-07-19,102,15:00:00,Friday,Markham Road Route,General Delay,10,20,BW,0
2019-07-19,925,15:00:00,Friday,Pape Stn to Freshmeadow/Don Mills,General Delay,30,38,B/W,
2019-07-19,89,15:00:00,Friday,Jane and Weston,Utilized Off Route,10,20,N/B,1113
2019-07-19,600,15:02:00,Friday,Bloor and Oss,Utilized Off Route,50,10,N/B,1013
2019-07-19,87,15:13:00,Friday,MSTN,Vision,7,14,W/B,9215
2019-07-19,90,15:15:00,Friday,Rushton Rd and Vaughan,Investigation,10,20,N/B,1222
2019-07-19,11,15:28:00,Friday,Davisville station,Mechanical,1,1,N/B,8143
2019-07-19,55,15:34:00,Friday,Oldmill stn,Investigation,15,30,S/B,1067
2019-07-19,986,15:39:00,Friday,Kenney station,Mechanical,5,10,E/B,8744
2019-07-19,39,15:40:00,Friday,Finch Station,Investigation,14,28,E/B,1414
2019-07-19,60,15:41:00,Friday,Finch Station,Investigation,12,21,S/B,9123
2019-07-19,82,15:45:00,Friday,Crescent Rd and Mt Pleasnt,Investigation,20,40,E/B,8165
2019-07-19,26,15:48:00,Friday,Davenport and Dupont,Investigation,17,34,W/B,1329
2019-07-19,52,15:48:00,Friday,Lawrence Ave and Dufferin St,Investigation,14,28,E/B,8311
2019-07-19,79,15:54:00,Friday,Runnymede stn,Investigation,13,26,N/B,1325
2019-07-19,75,15:55:00,Friday,South Dr and Glen Dr,Utilized Off Route,9,18,S/B,1285
2019-07-19,9,16:00:00,Friday,Warden station to Scarborough Town Centre,General Delay,15,20,B/W,
2019-07-19,83,16:00:00,Friday,Donlands station to Lakeshore garage,General Delay,15,20,B/W,
2019-07-19,31,16:00:00,Friday,Greenwood station to Eastern Ave,General Delay,15,20,B/W,
2019-07-19,16,16:00:00,Friday,Warden Station to Scarborough Town centre,General Delay,12,16,B/W,
2019-07-19,92,16:00:00,Friday,Woodbine station to Ashbridge bay Loop,General Delay,15,20,B/W,
2019-07-19,17,16:00:00,Friday,Eglinton,Diversion,579,589,B/W,
2019-07-19,91,16:00:00,Friday,Bermondsay and Eglinton,Diversion,575,588,B/W,
2019-07-19,88,16:00:00,Friday,entire route,General Delay,6,12,B/W,
2019-07-19,90,16:13:00,Friday,St Clair west station,Mechanical,1,1,N/B,8357
2019-07-19,109,16:18:00,Friday,Lawrence west station,Mechanical,13,26,N/B,8106
2019-07-19,133,16:19:00,Friday,Finch/Morningside,Mechanical,9,18,S/B,3512
2019-07-19,72,16:19:00,Friday,Pape Ave and Harcourt Ave,Mechanical,10,20,NB,8503
2019-07-19,75,16:21:00,Friday,Earl St and Sherbourne,Investigation,9,17,N/B,1257
2019-07-19,600,16:28:00,Friday,Lawrence Station,Mechanical,1,1,E/B,8355
2019-07-19,985,16:30:00,Friday,Don Mills Station - Scarborough Town Center- Meadowvale Loop,General Delay,15,30,B/W,9000
2019-07-19,984,16:37:00,Friday,Sheppard West Station,Investigation,7,15,W/B,3248
2019-07-19,53,16:43:00,Friday,Lauraleaf and Steeles,Mechanical,6,12,W/B,1284
2019-07-19,110,16:45:00,Friday,Islington Stn,Mechanical,12,24,S/B,8068
2019-07-19,111,17:01:00,Friday,Kipling Stn,Mechanical,10,20,W/B,7961
2019-07-19,939,17:01:00,Friday,Finch Ave East/Warden Ave,Mechanical,12,24,W/B,1294
2019-07-19,52,17:15:00,Friday,Dixon Rd and Celestine Dr,Mechanical,19,32,E/B,1278
2019-07-19,25,17:20:00,Friday,Duncan Mills Rd/Don Mills,Mechanical,5,10,S/B,8771
2019-07-19,67,17:22:00,Friday,Crosland/Reddins,Mechanical,10,20,S/B,8770
2019-07-19,604,17:24:00,Friday,Route 505,Utilized Off Route,,,B/W,3347
2019-07-19,607,17:34:00,Friday,STC,Utilized Off Route,1,1,S/B,3545
2019-07-19,953,17:42:00,Friday,Passmore and Markham,Mechanical,15,30,W/B,9097
2019-07-19,91,17:50:00,Friday,Valleywoods and Yorkmills,Mechanical,13,26,S/B,8446
2019-07-19,7,17:52:00,Friday,Roselawn and bathurst,Mechanical,7,15,N/B,1340
2019-07-19,29,18:00:00,Friday,Wilson stn,Mechanical,10,20,S/B,9050
2019-07-19,168,18:07:00,Friday,Avon loop,Mechanical,9,17,S/B,1149
2019-07-19,36,18:08:00,Friday,Finch west station,Mechanical,18,36,W/B,3496
2019-07-19,91,18:22:00,Friday,Eglinton,Mechanical,13,26,N/B,8454
2019-07-19,24,18:30:00,Friday,o'Connor and Victoria Park,Diversion,39,48,N/B,
2019-07-19,21,18:48:00,Friday,Eglinton / Brimley,Mechanical,0,0,S/B,3421
2019-07-19,95,18:55:00,Friday,York Mills Station,Mechanical,13,26,EB,1661
2019-07-19,95,19:12:00,Friday,York Mills Station,Mechanical,14,28,EB,3553
2019-07-19,52,19:14:00,Friday,Lawrence Ave and Avenue Rd,Mechanical,19,38,E/B,1252
2019-07-19,32,19:15:00,Friday,Eglinton at Marlee,Mechanical,1,1,W/B,1024
2019-07-19,129,19:26:00,Friday,Major Mackenzie,Investigation,24,50,S/B,1274
2019-07-19,38,19:26:00,Friday,STC,Mechanical,9,18,E/B,1566
2019-07-19,53,19:37:00,Friday,Finch Station,Mechanical,5,10,E/B,3428
2019-07-19,85,19:39:00,Friday,Don Mills Station,Investigation,14,30,E/B,3518
2019-07-19,42,19:47:00,Friday,Finch Station,Emergency Services,12,24,E/B,8144
2019-07-19,73,20:00:00,Friday,Royal York Stn,Mechanical,10,20,S/B,8050
2019-07-19,30,20:05:00,Friday,Kipling Station,Mechanical,30,60,E/B,8034
2019-07-19,111,20:30:00,Friday,Kipling Station (St Albans and Viking Lane),Diversion,1,1,N/B,
2019-07-19,900,20:30:00,Friday,Kipling Station (St Albans and Viking Lane),Diversion,1,1,N/B,
2019-07-19,123,20:30:00,Friday,Kipling Station (St Albans and Viking Lane),Diversion,1,1,N/B,
2019-07-19,112,20:30:00,Friday,Kipling Station (Viking Lane and St Alban's),Diversion,1,1,N/B,
2019-07-19,51,20:35:00,Friday,Eglinton leslie loop,Mechanical,20,40,S/B,1221
2019-07-19,34,20:37:00,Friday,Eglinton Station,Mechanical,6,12,E/B,8885
2019-07-19,6,21:31:00,Friday,Davenport and Dupont,Mechanical,15,30,S/B,1075
2019-07-19,79,21:40:00,Friday,Pine / Lawrence,Investigation,13,26,N/B,1325
2019-07-19,35,21:45:00,Friday,Jane and Haney,Investigation,9,18,S/B,3236
2019-07-19,44,22:00:00,Friday,Kipling Station (St Albans and Viking Lane),Diversion,1,1,N/B,
2019-07-19,45,22:00:00,Friday,Kipling Station (St Albans and Viking Lane),Diversion,1,1,S/B,
2019-07-19,67,22:19:00,Friday,Victoria Park Stn,Mechanical,22,46,N/B,8683
2019-07-19,63,22:32:00,Friday,Ossington station,Utilized Off Route,10,20,N/B,1381
2019-07-19,33,22:32:00,Friday,St.Clair west station,Utilized Off Route,20,40,S/B,8325
2019-07-19,55,22:34:00,Friday,Bloor / Jane,Utilized Off Route,15,30,N/B,1142
2019-07-19,30,22:34:00,Friday,High Park Station,Diversion,1,1,B/W,
2019-07-19,26,22:34:00,Friday,Old Mill Stn,Utilized Off Route,24,48,E/B,1109
2019-07-19,84,22:37:00,Friday,Shepperd West Stn,Utilized Off Route,10,20,W/B,3353
2019-07-19,41,22:37:00,Friday,Keele Station,Utilized Off Route,17,36,N/B,9006
2019-07-19,46,22:38:00,Friday,Kipling station,Utilized Off Route,10,20,N/B,3216
2019-07-19,7,22:38:00,Friday,Bathurst Station,Utilized Off Route,8,16,N/B,8101
2019-07-19,52,22:38:00,Friday,Lawrence West Station,Utilized Off Route,18,36,W/B,8141
2019-07-19,74,22:38:00,Friday,StClair Station,Utilized Off Route,20,40,W/B,8129
2019-07-19,47,22:40:00,Friday,Lansdowne and Bloor,Utilized Off Route,10,14,S/B,1122
2019-07-19,76,22:40:00,Friday,Royal York Stn,Utilized Off Route,10,20,S/B,8432
2019-07-19,935,22:40:00,Friday,Jane station,Utilized Off Route,0,0,S/B,3245
2019-07-19,35,22:41:00,Friday,Jane station,Utilized Off Route,9,18,S/B,3298
2019-07-19,45,22:46:00,Friday,Kipling Stn,Utilized Off Route,10,20,N/B,8067
2019-07-19,108,22:47:00,Friday,Finch,Investigation,17,1,N/B,3266
2019-07-19,86,23:36:00,Friday,Kingston rd. and Lawrence,Investigation,9,19,E/B,8751
2019-07-19,73,23:52:00,Friday,Royal York Station,Diversion,1,1,B/W,
2019-07-19,76,23:52:00,Friday,Royal York Station,Diversion,1,1,B/W,
2019-07-19,133,23:57:00,Friday,Scarborough Town Center,Investigation,13,26,EB,3503
2019-07-20,7,00:19:00,Saturday,Bathurst and steeles,Mechanical,10,20,S/B,8190
2019-07-20,95,00:25:00,Saturday,York Mills and Fenside Dirve,Diversion,30,60,BW,1743
2019-07-20,161,00:28:00,Saturday,Jane / Alliance,Utilized Off Route,20,40,E/B,1357
2019-07-20,95,00:52:00,Saturday,Ellesmere and Morningside,Utilized Off Route,10,20,EB,1232
2019-07-20,21,00:56:00,Saturday,Scarborough Town Center,Utilized Off Route,30,58,SB,1703
2019-07-20,39,01:05:00,Saturday,Finch and Birchmount,Utilized Off Route,8,16,WB,1311
2019-07-20,133,01:10:00,Saturday,Neilson and Ellesmere,Utilized Off Route,14,28,SB,1322
2019-07-20,332,01:37:00,Saturday,Wincott,Mechanical,30,60,E/B,1127
2019-07-20,300,01:50:00,Saturday,Bloor East of Lansdowne to Dufferin,Diversion,20,40,BW,7958
2019-07-20,300,02:00:00,Saturday,Kennedy Station,General Delay,20,40,BW,8442
2019-07-20,39,02:07:00,Saturday,Finch Station,Mechanical,30,60,EB,1727
2019-07-20,320,02:43:00,Saturday,Queens Quay and Yonge,Utilized Off Route,4,8,NB,8325
2019-07-20,334,03:00:00,Saturday,334 Eglinton Night Bus,General Delay,30,60,B/W,8766
2019-07-20,354,03:00:00,Saturday,354 Lawrence Night Service Route-All Branch,General Delay,30,60,B/W,8721
2019-07-20,5,05:00:00,Saturday,Davenport to Bloor,Diversion,1,1,B/W,
2019-07-20,41,05:35:00,Saturday,Keele Station,Emergency Services,18,36,N/B,1131
2019-07-20,126,05:45:00,Saturday,St. Clair West Station,Diversion,999,999,B/W,
2019-07-20,79,05:58:00,Saturday,Ray and Industry,Investigation,15,30,W/B,1120
2019-07-20,54,06:04:00,Saturday,Starspray,Mechanical,20,40,W/B,8833
2019-07-20,90,06:10:00,Saturday,St. Clair West Station to Oakwood and Vaughn,Diversion,999,999,B/W,
2019-07-20,29,06:21:00,Saturday,Exhibition Loop,Mechanical,8,15,N/B,9013
2019-07-20,34,06:30:00,Saturday,St. Dennis/Eglinton,Diversion,69,86,E/B,
2019-07-20,33,06:30:00,Saturday,St.Clair West Station,Diversion,1,1,S/B,
2019-07-20,165,06:46:00,Saturday,York Mills Stn,Mechanical,20,40,W/B,3169
2019-07-20,96,06:56:00,Saturday,Finch and Humberline,Diversion,20,40,B/W,
2019-07-20,52,07:00:00,Saturday,Lawrence W / Avenue rd,General Delay,1,1,W/B,
2019-07-20,41,07:01:00,Saturday,Pioneer Village Station,Mechanical,15,29,S/B,1618
2019-07-20,129,07:16:00,Saturday,STC,Mechanical,8,16,N/B,3422
2019-07-20,82,07:20:00,Saturday,Rosedale Station to Summerhill,Diversion,20,40,B/W,
2019-07-20,106,07:28:00,Saturday,Pioneer village station,Mechanical,11,22,S/B,1237
2019-07-20,63,07:32:00,Saturday,Eglinton west station,Mechanical,6,12,S/B,1282
2019-07-20,131,07:40:00,Saturday,McLevin and Empringham,Mechanical,18,36,W/B,1398
2019-07-20,63,07:45:00,Saturday,King and Shaw,General Delay,63,63,S/B,
2019-07-20,29,08:00:00,Saturday,Dufferin & Playfair,Mechanical,17,23,S/B,9145
2019-07-20,21,08:18:00,Saturday,Scarborough Town Center,Mechanical,15,30,N/B,1509
2019-07-20,86,08:32:00,Saturday,Kingston rd.,Emergency Services,10,20,E/B,8674
2019-07-20,939,08:35:00,Saturday,STC,Mechanical,7,14,W/B,1313
2019-07-20,63,09:00:00,Saturday,King and Shaw,Diversion,63,63,S/B,
2019-07-20,133,09:00:00,Saturday,Neilson and Finch to McLevin,Diversion,,,B/W,
2019-07-20,132,09:00:00,Saturday,Neilson and Mclevin to Tapscott.,Diversion,622,652,B/W,1337
2019-07-20,39,09:00:00,Saturday,Finch and Neilson,Diversion,592,606,B/W,3429
2019-07-20,29,09:05:00,Saturday,Dufferin & Lawrence,Mechanical,4,9,N/B,9027
2019-07-20,70,09:45:00,Saturday,Warden Station,Investigation,22,44,W/B,8925
2019-07-20,116,09:57:00,Saturday,Kennedy Station,Investigation,1,1,E/B,8809
2019-07-20,17,10:00:00,Saturday,Eglinton,Diversion,933,948,B/W,
2019-07-20,22,10:00:00,Saturday,Gerrard,Diversion,988,998,N/B,
2019-07-20,17,10:00:00,Saturday,Eglinton Ave,General Delay,10,20,B/W,
2019-07-20,91,10:00:00,Saturday,Bermondsey and Eglinton,Diversion,936,968,B/W,
2019-07-20,41,10:32:00,Saturday,Keele Station,Mechanical,10,20,N/B,1379
2019-07-20,7,10:41:00,Saturday,Steeles W and Bathurst,Investigation,9,18,E/B,8216
2019-07-20,29,10:56:00,Saturday,Wilson Station,Mechanical,5,10,S/B,9008
2019-07-20,31,11:00:00,Saturday,Entire route,General Delay,10,20,B/W,
2019-07-20,83,11:00:00,Saturday,Lakeshore to Donslands stn,General Delay,10,20,N/B,
2019-07-20,89,11:00:00,Saturday,Keele Station to Albion and Weston,General Delay,20,30,B/W,
2019-07-20,35,12:00:00,Saturday,Jane route,General Delay,20,30,W/B,
2019-07-20,87,12:00:00,Saturday,Entire route,General Delay,10,20,B/W,
2019-07-20,39,12:32:00,Saturday,Finch Station,Mechanical,8,16,E/B,3437
2019-07-20,12,12:36:00,Saturday,Midland and Kingston,Investigation,15,30,W/B,8524
2019-07-20,25,12:40:00,Saturday,York Mills and Don Mills,Mechanical,9,17,S/B,8664
2019-07-20,64,13:00:00,Saturday,Main Station to Queen and Wineva,General Delay,15,20,B/W,
2019-07-20,92,13:00:00,Saturday,Woodbine Station to Ashbridge bay loop,General Delay,10,15,B/W,
2019-07-20,701,13:15:00,Saturday,Malvern Gate,Utilized Off Route,1,1,W/B,3427
2019-07-20,720,13:16:00,Saturday,Warden Station,Utilized Off Route,1,1,N/B,8770
2019-07-20,706,13:16:00,Saturday,Warden Station,Utilized Off Route,1,1,B/W,8474
2019-07-20,34,13:17:00,Saturday,Kennedy Station,Utilized Off Route,8,16,E/B,8839
2019-07-20,701,13:18:00,Saturday,Meadowvale Loop and Sheppard,Utilized Off Route,1,1,W/B,3508
2019-07-20,710,13:20:00,Saturday,Eglinton Garage,Utilized Off Route,1,1,E/B,8680
2019-07-20,706,13:21:00,Saturday,Main Station,Utilized Off Route,1,1,B/W,8939
2019-07-20,701,13:22:00,Saturday,STC Station,Utilized Off Route,1,1,W/B,1588
2019-07-20,86,13:23:00,Saturday,Kennedy Station,Utilized Off Route,22,44,E/B,8816
2019-07-20,86,13:23:00,Saturday,Kennedy Station,Utilized Off Route,22,44,E/B,8816
2019-07-20,701,13:25:00,Saturday,Wilson,Utilized Off Route,1,1,W/B,8183
2019-07-20,701,13:25:00,Saturday,Wilson,Utilized Off Route,1,1,W/B,8198
2019-07-20,102,13:26:00,Saturday,Warden station,Utilized Off Route,9,18,N/B,8935
2019-07-20,939,13:28:00,Saturday,STC Station,Utilized Off Route,12,24,W/B,1504
2019-07-20,716,13:29:00,Saturday,Kennedy Station,Utilized Off Route,1,1,B/W,8459
2019-07-20,95,13:30:00,Saturday,U-F-T Scarborough Loop,Utilized Off Route,13,26,W/B,1320
2019-07-20,37,13:45:00,Saturday,Islington station,Mechanical,14,28,N/B,8424
2019-07-20,53,13:58:00,Saturday,Steeles and Kennedy,Mechanical,6,16,W/B,1393
2019-07-20,60,14:00:00,Saturday,Route 60,General Delay,,,B/W,
2019-07-20,72,14:00:00,Saturday,Pape Station to Front and Bay,General Delay,15,20,B/W,
2019-07-20,87,14:00:00,Saturday,Cosburn Route,General Delay,15,25,BW,0
2019-07-20,23,14:00:00,Saturday,Main Station to Rexleigh Blvd,General Delay,10,15,B/W,
2019-07-20,29,14:06:00,Saturday,Dufferin & Bloor,Mechanical,3,6,S/B,9145
2019-07-20,41,14:21:00,Saturday,Keele Station,Mechanical,9,17,N/B,1121
2019-07-20,37,14:22:00,Saturday,Islington station,Mechanical,14,28,N/B,7956
2019-07-20,84,14:23:00,Saturday,Shepperd station,Mechanical,5,10,W/B,3309
2019-07-20,87,14:29:00,Saturday,Lumsden and Eastdale,Investigation,10,20,SB,8555
2019-07-20,29,14:31:00,Saturday,Springhurst Loop,Mechanical,3,6,N/B,1112
2019-07-20,95,14:39:00,Saturday,Ellesmere and Markham,Mechanical,13,26,W/B,1209
2019-07-20,939,14:46:00,Saturday,STC,Utilized Off Route,12,24,S/B,1306
2019-07-20,41,15:12:00,Saturday,Keele Station,Mechanical,9,17,N/B,1048
2019-07-20,85,15:13:00,Saturday,Don Mills Stn,Mechanical,5,10,W/B,1714
2019-07-20,7,15:14:00,Saturday,Finch and bathurst,Mechanical,1,1,S/B,8329
2019-07-20,25,15:15:00,Saturday,Donway and Don Mills,Investigation,8,17,E/B,8748
2019-07-20,12,15:25:00,Saturday,Victoria Park station,Investigation,15,30,E/B,8463
2019-07-20,37,15:25:00,Saturday,Steeles and Islington,Mechanical,14,28,SB,8400
2019-07-20,39,15:30:00,Saturday,Finch Ave E/ Leslie Street,Mechanical,14,28,E/B,1396
2019-07-20,133,15:41:00,Saturday,Scarb. Town Centre,Mechanical,9,18,W/B,3449
2019-07-20,85,16:00:00,Saturday,Don Mills Stn,Mechanical,20,40,W/B,1316
2019-07-20,7,16:04:00,Saturday,Lawrence and bathurst,Mechanical,1,1,N/B,8143
2019-07-20,65,16:05:00,Saturday,Wellesley street and Parliament,Investigation,16,32,S/B,9206
2019-07-20,81,16:11:00,Saturday,Pape Station,Mechanical,7,14,N/B,8964
2019-07-20,939,16:31:00,Saturday,Finch Ave East/ Leslie Street,Mechanical,12,24,E/B,1735
2019-07-20,89,16:38:00,Saturday,"On Keele, at Junction",Investigation,10,20,S/B,1098
2019-07-20,162,16:45:00,Saturday,Lawrence station,Investigation,30,60,W/B,1231
2019-07-20,16,16:50:00,Saturday,Warden Station,Mechanical,10,20,N/B,8504
2019-07-20,102,16:55:00,Saturday,14th avenue,Investigation,67,134,S/B,8553
2019-07-20,32,16:55:00,Saturday,Pine / Lawrence,Mechanical,10,20,E/B,1088
2019-07-20,121,17:00:00,Saturday,Fort York Route,General Delay,15,30,BW,0
2019-07-20,121,17:00:00,Saturday,Cherry Beach,Utilized Off Route,16,32,W/B,8943
2019-07-20,60,17:29:00,Saturday,Pioneer Village  stn,Investigation,9,19,E/B,3201
2019-07-20,47,17:30:00,Saturday,Earls Court Loop,Mechanical,15,30,S/B,1133
2019-07-20,32,17:30:00,Saturday,Eglinton west stn,Mechanical,10,20,E/B,1122
2019-07-20,88,17:38:00,Saturday,St Clair Station,Mechanical,15,30,E/B,1214
2019-07-20,168,17:47:00,Saturday,Dundas West Station,Mechanical,8,17,N/B,1014
2019-07-20,45,17:53:00,Saturday,Kipling Station,Emergency Services,10,20,NB,7955
2019-07-20,29,17:55:00,Saturday,Wilson Station,Mechanical,3,6,S/B,9019
2019-07-20,7,18:00:00,Saturday,Bathurst station,Mechanical,7,15,N/B,8329
2019-07-20,7,18:55:00,Saturday,Bathurst station,Mechanical,8,15,N/B,8163
2019-07-20,36,19:00:00,Saturday,Route 36,General Delay,17,26,B/W,
2019-07-20,32,19:05:00,Saturday,Trethewey / Jane,Mechanical,10,20,E/B,1143
2019-07-20,6,19:33:00,Saturday,Yonge and King,Mechanical,14,28,S/B,1118
2019-07-20,35,19:47:00,Saturday,Finch,Mechanical,7,14,S/B,3297
2019-07-20,1,19:53:00,Saturday,St. Clair station,Mechanical,0,0,S/B,8444
2019-07-20,95,19:58:00,Saturday,York Mills STN,Mechanical,15,30,E/B,3511
2019-07-20,97,20:06:00,Saturday,Moore park way and yonge street,Mechanical,30,60,W/B,8144
2019-07-20,89,20:42:00,Saturday,NB on Weston at Lawrence,Investigation,10,20,N/B,1147
2019-07-20,29,20:58:00,Saturday,NB on Dufferine at Dupont,Investigation,9,18,N/B,9018
2019-07-20,111,21:00:00,Saturday,Entire Route,General Delay,30,60,BW,
2019-07-20,927,21:30:00,Saturday,Route 927,General Delay,12,22,B/W,
2019-07-20,11,21:37:00,Saturday,Davisville station,Mechanical,24,48,N/B,1236
2019-07-20,87,21:50:00,Saturday,Main Station,Mechanical,10,20,W/B,8465
2019-07-20,25,22:00:00,Saturday,Pape Stn to Steeles,General Delay,15,25,B/W,8748
2019-07-20,63,22:00:00,Saturday,King and Atlantic,General Delay,15,23,N/B,
2019-07-20,29,22:11:00,Saturday,Spring Hurst Loop,Mechanical,9,18,N/B,9007
2019-07-20,79,22:24:00,Saturday,Runnymede stn,Investigation,12,25,N/B,1120
2019-07-20,69,22:30:00,Saturday,Clonmore and Warden,Mechanical,20,40,S/B,8482
2019-07-20,66,22:30:00,Saturday,58 Marine Parade Drive,Diversion,180,210,WB,7968
2019-07-20,7,22:30:00,Saturday,Bothways on route 7,General Delay,20,30,B/W,
2019-07-20,25,22:41:00,Saturday,Pape Stn,Utilized Off Route,10,20,N/B,8753
2019-07-20,35,22:42:00,Saturday,Stanley,Mechanical,8,16,S/B,3259
2019-07-20,22,22:45:00,Saturday,Coxwell Station,Utilized Off Route,10,20,S/B,8938
2019-07-20,85,22:47:00,Saturday,Sheppard Yonge STN,Mechanical,20,40,E/B,1245
2019-07-20,131,22:48:00,Saturday,131 Nugget buses,General Delay,15,30,B/W,1385
2019-07-20,47,22:49:00,Saturday,Lansdowne / Davenport,Investigation,20,40,S/B,1422
2019-07-20,63,22:50:00,Saturday,Oakwood and Vaughn,Mechanical,9,18,N/B,8167
2019-07-20,24,23:26:00,Saturday,Lawrence,Mechanical,10,20,S/B,8549
2019-07-20,1,23:30:00,Saturday,Eglinton station,Mechanical,0,0,S/B,1553
2019-07-20,100,23:37:00,Saturday,Broadview Stn,Utilized Off Route,10,20,N/B,8760
2019-07-21,75,00:19:00,Sunday,Summerhill / Maclennan,Mechanical,30,60,W/B,8392
2019-07-21,94,00:20:00,Sunday,Bloor and Ossington,Investigation,9,18,W/B,1141
2019-07-21,116,00:27:00,Sunday,Morningside & Pixley,Investigation,9,18,N/B,8901
2019-07-21,94,00:30:00,Sunday,Bloor and Ossington,Diversion,49,58,B/W,
2019-07-21,100,00:50:00,Sunday,Broadview Stn,Utilized Off Route,10,20,N/B,8845
2019-07-21,72,00:52:00,Sunday,Pape Station,Utilized Off Route,24,48,S/B,8587
2019-07-21,22,00:53:00,Sunday,Coxwell Station,Utilized Off Route,10,20,S/B,9228
2019-07-21,70,00:55:00,Sunday,Coxwell Stn,Utilized Off Route,26,50,N/B,8661
2019-07-21,25,00:57:00,Sunday,Pape Stn,Utilized Off Route,10,20,N/B,8773
2019-07-21,94,01:00:00,Sunday,Castlefrank Stn,Utilized Off Route,1,1,W/B,1096
2019-07-21,63,01:04:00,Sunday,Ossington and Bloor,Diversion,75,84,B/W,
2019-07-21,25,01:12:00,Sunday,Pape Stn,Utilized Off Route,10,20,N/B,8753
2019-07-21,332,01:37:00,Sunday,Wincott,Mechanical,30,60,E/B,1127
2019-07-21,82,02:03:00,Sunday,queens quay,Utilized Off Route,30,60,N/B,8120
2019-07-21,320,02:25:00,Sunday,king,Investigation,4,8,N/B,1217
2019-07-21,320,03:59:00,Sunday,Steeles/Yonge,Emergency Services,14,28,S/B,1417
2019-07-21,17,04:30:00,Sunday,Eglintion and Birchmount,Diversion,20,10,B/W,8590
2019-07-21,924,05:57:00,Sunday,victoria park station,Mechanical,10,20,B/W,9205
2019-07-21,307,06:00:00,Sunday,Exhibition,General Delay,12,24,N/B,1220
2019-07-21,126,07:00:00,Sunday,St.Clair W Stn,Diversion,999,999,N/B,1416
2019-07-21,17,07:00:00,Sunday,bichmount and eglintion,Diversion,24,48,N/B,
2019-07-21,320,07:06:00,Sunday,Steeles Loop,General Delay,3,6,S/B,9013
2019-07-21,22,07:20:00,Sunday,Gerrard and Coxwell,Diversion,999,999,N/B,
2019-07-21,63,07:31:00,Sunday,liberty - queen,Diversion,215,220,S/B,1372
2019-07-21,127,07:40:00,Sunday,Davenport and Caledonia Park,Diversion,,,B/W,1262
2019-07-21,47,07:55:00,Sunday,Yorkdale,Diversion,40,60,S/B,1021
2019-07-21,91,07:56:00,Sunday,Bermondsey and Eglinton,Diversion,999,999,B/W,
2019-07-21,121,08:00:00,Sunday,lake shore and Ontario place,Diversion,20,40,N/B,
2019-07-21,113,08:00:00,Sunday,KENNEDY STATION,Vision,11,22,B/W,9233
2019-07-21,900,08:00:00,Sunday,Kipling Station,General Delay,,,N/B,
2019-07-21,22,08:07:00,Sunday,Coxwell and Gerrard,Investigation,10,20,N/B,8473
2019-07-21,44,08:47:00,Sunday,Col. Sam. Smith Loop,Utilized Off Route,10,20,N/B,8027
2019-07-21,55,08:52:00,Sunday,Old Mill Stn,Utilized Off Route,20,40,N/B,1054
2019-07-21,43,08:53:00,Sunday,Scarborough Town Station,Utilized Off Route,17,17,S/B,8807
2019-07-21,110,08:54:00,Sunday,Islington at Lakeshore,Utilized Off Route,20,40,N/B,8026
2019-07-21,47,09:04:00,Sunday,Queen and Lansdowne,Utilized Off Route,10,20,N/B,1048
2019-07-21,102,09:20:00,Sunday,Markham / Warden Station,Mechanical,10,20,N/B,8558
2019-07-21,16,09:30:00,Sunday,Midland and Danforth,Diversion,17,34,N/B,8504
2019-07-21,129,09:30:00,Sunday,Steeles and McCowan Loop,Mechanical,10,20,S/B,1316
2019-07-21,927,09:35:00,Sunday,Belfield and Hwy 27,Mechanical,10,20,S/B,3359
2019-07-21,87,09:35:00,Sunday,Main station,Mechanical,10,20,B/W,8959
2019-07-21,35,10:00:00,Sunday,Pioneer Village Stn to Jane Stn,General Delay,15,25,B/W,
2019-07-21,935,10:00:00,Sunday,Jane Stn to Pioneer Village Stn.,General Delay,15,24,B/W,
2019-07-21,121,10:00:00,Sunday,Foryth York and Spandina,Investigation,20,40,B/W,3117
2019-07-21,100,10:40:00,Sunday,Broadview Station,Utilized Off Route,10,20,N/B,8642
2019-07-21,31,11:06:00,Sunday,danforth and greenwood,Mechanical,1,1,N/B,3123
2019-07-21,53,11:07:00,Sunday,Steeles & Bestview,Investigation,8,16,W/B,1320
2019-07-21,35,11:12:00,Sunday,Pioneer Village Stn,Mechanical,10,20,S/B,3320
2019-07-21,80,11:30:00,Sunday,Sherway Gardens to Keele Station,General Delay,20,30,B/W,
2019-07-21,102,11:51:00,Sunday,warden stn,Emergency Services,10,20,N/B,8944
2019-07-21,96,12:00:00,Sunday,York Mills Stn to Humberline/Carrier,General Delay,20,37,B/W,
2019-07-21,84,12:00:00,Sunday,Weston & Bradstock to Sheppard Yonge Stn,General Delay,14,21,B/W,
2019-07-21,118,12:24:00,Sunday,Wilson and Dubray,Investigation,30,60,E/B,3239
2019-07-21,96,12:24:00,Sunday,Wilson and Dubray,Investigation,18,36,E/B,3303
2019-07-21,905,12:57:00,Sunday,Kennedy station,Mechanical,11,22,E/B,8899
2019-07-21,89,13:19:00,Sunday,Albion and Weston,Mechanical,10,20,S/B,1012
2019-07-21,94,13:20:00,Sunday,Castlefrank Station,Mechanical,7,13,W/B,1124
2019-07-21,32,13:35:00,Sunday,Eglinton at Dufferin,Investigation,10,20,E/B,1133
2019-07-21,45,13:38:00,Sunday,Kipling Station,Mechanical,10,29,N/B,8092
2019-07-21,66,13:57:00,Sunday,Berry at Parklawn,Mechanical,10,20,S/B,8411
2019-07-21,165,14:00:00,Sunday,Route 96,General Delay,14,23,B/W,
2019-07-21,118,14:00:00,Sunday,Route 118,General Delay,14,44,B/W,
2019-07-21,53,14:03:00,Sunday,Markham/Steeles,Mechanical,24,48,W/B,1735
2019-07-21,53,14:24:00,Sunday,Finch Station,Mechanical,24,48,E/B,1224
2019-07-21,939,14:47:00,Sunday,Scarborough Town Centre,Mechanical,16,32,W/B,3438
2019-07-21,47,15:00:00,Sunday,Entire Route,General Delay,20,38,B/W,
2019-07-21,68,15:00:00,Sunday,Warden Station - Angus Glenn,General Delay,10,20,BW,
2019-07-21,939,15:03:00,Sunday,STC,Utilized Off Route,16,32,W/B,1403
2019-07-21,129,15:13:00,Sunday,Steeles and McCowan Loop,Mechanical,9,18,N/B,1392
2019-07-21,80,15:27:00,Sunday,Keele Station,Mechanical,24,48,W/B,8613
2019-07-21,54,15:52:00,Sunday,Lawrence & Morningside,Investigation,16,32,W/B,8826
2019-07-21,111,15:59:00,Sunday,Kipling Station,Mechanical,13,26,N/B,8421
2019-07-21,40,16:00:00,Sunday,Dundas West Station to Runnymede Loop,General Delay,15,25,B/W,
2019-07-21,80,16:00:00,Sunday,Keele Station to Sherway Gardens,General Delay,15,39,B/W,
2019-07-21,37,16:00:00,Sunday,Islington Station to Steeles and Humberwood Loop,General Delay,15,35,B/W,
2019-07-21,66,16:00:00,Sunday,Old Mill Station to Humber Loop and Marine Parade,General Delay,15,35,B/W,
2019-07-21,106,16:07:00,Sunday,Sheppard west station,Mechanical,10,20,W/B,1210
2019-07-21,71,16:08:00,Sunday,Runnymede Station,Investigation,24,48,N/B,1605
2019-07-21,134,16:20:00,Sunday,Finch/Finchdene,Mechanical,15,30,S/B,3470
2019-07-21,63,16:32:00,Sunday,Eglinton west station to king,General Delay,13,20,B/W,
2019-07-21,32,16:41:00,Sunday,Jane at Emmett,Utilized Off Route,20,40,N/B,1265
2019-07-21,29,16:48:00,Sunday,Wilson Station,Mechanical,5,9,S/B,9014
2019-07-21,900,16:58:00,Sunday,Kipling Station,Mechanical,6,12,N/B,8005
2019-07-21,939,17:35:00,Sunday,STC,Utilized Off Route,16,32,W/B,1343
2019-07-21,54,18:13:00,Sunday,Lawrence & Kennedy,Mechanical,16,32,W/B,8757
2019-07-21,32,18:13:00,Sunday,Eglinton Station,Emergency Services,10,20,W/B,1061
2019-07-21,709,18:13:00,Sunday,Lansdowne at Queen,Utilized Off Route,1,1,N/B,1021
2019-07-21,44,18:15:00,Sunday,Colonel Sam Smith Loop,Utilized Off Route,10,20,N/B,8027
2019-07-21,41,18:18:00,Sunday,Keele Station,Utilized Off Route,11,22,N/B,1078
2019-07-21,14,18:20:00,Sunday,Caledonia @ Glencarine,Mechanical,20,40,E/B,1110
2019-07-21,111,18:21:00,Sunday,Kipling Station,Utilized Off Route,13,26,N/B,8049
2019-07-21,54,18:30:00,Sunday,Egflinton Station - Starspray Loop,General Delay,15,31,BW,
2019-07-21,36,18:34:00,Sunday,Finch and Albion,Investigation,5,10,W/B,3198
2019-07-21,35,18:43:00,Sunday,Jane and Grandravine,Mechanical,7,21,N/B,3338
2019-07-21,41,19:06:00,Sunday,Keele and Nashville,Mechanical,10,20,S/B,1502
2019-07-21,900,19:08:00,Sunday,Dundas and The East Mall,Investigation,8,16,S/B,8003
2019-07-21,20,19:15:00,Sunday,Danforth and Parkette,Diversion,110,140,E/B,8534
2019-07-21,29,19:18:00,Sunday,Exhibition West loop,Mechanical,4,9,N/B,9015
2019-07-21,129,19:18:00,Sunday,Finch and McCowan,Mechanical,9,18,N/B,3505
2019-07-21,121,19:45:00,Sunday,Fort York Blvd and Brunel,Diversion,48,66,W/B,8514
2019-07-21,985,20:00:00,Sunday,Don Mills Station to STC,General Delay,21,42,B/W,
2019-07-21,25,20:00:00,Sunday,Pape Station - Freshmeadow,General Delay,15,23,BW,
2019-07-21,116,20:00:00,Sunday,Route 116,General Delay,17,27,B/W,
2019-07-21,131,20:04:00,Sunday,Morningside and Sewells,Mechanical,13,26,W/B,3543
2019-07-21,55,20:17:00,Sunday,Jane and Bloor,Investigation,20,40,S/B,1260
2019-07-21,95,20:20:00,Sunday,Valleybrook and Ellesmere,Investigation,10,20,E/B,3415
2019-07-21,35,20:25:00,Sunday,Finch,Mechanical,7,14,N/B,3232
2019-07-21,97,20:35:00,Sunday,Yorkmills to Davisville,General Delay,20,50,B/W,
2019-07-21,31,20:46:00,Sunday,Greenwood and Chatham,Diversion,25,50,S/B,8961
2019-07-21,36,20:50:00,Sunday,Finch Station,Mechanical,7,14,W/B,3334
2019-07-21,25,21:00:00,Sunday,Don Mills & Freshmeadow,Mechanical,9,17,S/B,8827
2019-07-21,35,22:10:00,Sunday,Pioneer Village Stn,Investigation,4,8,S/B,3218
2019-07-21,121,22:25:00,Sunday,Onatrio Place,Diversion,205,225,E/B,
2019-07-21,39,22:30:00,Sunday,Finch Station to Neilson,General Delay,10,20,B/W,
2019-07-21,22,22:38:00,Sunday,Bingham Loop,Utilized Off Route,10,20,W/B,8597
2019-07-21,63,22:40:00,Sunday,Atlantic and King,Utilized Off Route,10,20,S/B,8131
2019-07-21,39,22:43:00,Sunday,Don Mills Road on Finch E,Emergency Services,10,20,E/B,3542
2019-07-21,7,22:43:00,Sunday,BATHURST STATION,Utilized Off Route,10,20,S/B,8189
2019-07-21,52,22:49:00,Sunday,Lawrence station,Investigation,20,40,E/B,8391
2019-07-21,69,22:50:00,Sunday,Warden Station,Emergency Services,10,20,S/B,3128
2019-07-21,985,22:58:00,Sunday,Scarborough Town Center,Mechanical,21,42,WB,9072
2019-07-21,52,23:57:00,Sunday,Airport road and highway 409,Diversion,51,71,W/B,8132
2019-07-22,116,00:01:00,Monday,Morningside & Tams road,Diversion,60,70,S/B,
2019-07-22,53,00:27:00,Monday,Passmore and Markham,Utilized Off Route,10,20,W/B,3433
2019-07-22,129,00:40:00,Monday,Scarb. Town Centre,Mechanical,10,20,N/B,1566
2019-07-22,300,01:30:00,Monday,Bloor and Ossington,Diversion,105,125,B/W,
2019-07-22,84,02:08:00,Monday,Keele,Emergency Services,10,20,W/B,3288
2019-07-22,332,02:19:00,Monday,Berwick,Diversion,30,60,S/B,1002
2019-07-22,307,03:22:00,Monday,Viewmount,Investigation,30,60,N/B,8375
2019-07-22,43,04:09:00,Monday,Eglinton and Mason,Mechanical,24,54,E/B,8632
2019-07-22,300,04:13:00,Monday,Dixon and 427 exit,Mechanical,30,60,W/B,8033
2019-07-22,17,04:30:00,Monday,Eglintion Birchmount,Diversion,20,40,B/W,8590
2019-07-22,66,04:30:00,Monday,Entire 66B route,General Delay,20,30,B/W,
2019-07-22,320,04:43:00,Monday,Yonge and Cummer,Mechanical,8,15,N/B,8154
2019-07-22,39,05:00:00,Monday,Markham Rd-Finch,Investigation,9,9,W/B,3418
2019-07-22,39,05:00:00,Monday,39 Finch Route-All Branch,General Delay,18,36,B/W,3418
2019-07-22,939,05:00:00,Monday,939 Finch Express-All Branch,General Delay,12,24,B/W,1386
2019-07-22,116,05:18:00,Monday,Staines and Morningside,Mechanical,15,23,S/B,8628
2019-07-22,39,05:53:00,Monday,Nugget  and McCowan,Mechanical,10,20,N/B,1577
2019-07-22,74,06:00:00,Monday,Doncliffe Loop,Mechanical,15,30,S/B,8310
2019-07-22,36,06:17:00,Monday,Milvan nad Penn Dr,Mechanical,9,17,E/B,9128
2019-07-22,57,06:18:00,Monday,Kennedy station,Mechanical,17,28,N/B,8920
2019-07-22,34,06:36:00,Monday,Eglinton Station,Mechanical,6,11,E/B,8867
2019-07-22,116,06:50:00,Monday,Ellesmere and Collins,Mechanical,20,38,W/B,8720
2019-07-22,100,06:53:00,Monday,Don Mills & Wynford Drive,Vision,3,7,S/B,8790
2019-07-22,143,07:00:00,Monday,Downtown Express Route,General Delay,10,1,B/W,
2019-07-22,106,07:11:00,Monday,Sheppard West Stn,Mechanical,8,16,W/B,8371
2019-07-22,939,07:25:00,Monday,McCowan and Sheppard,Mechanical,9,18,N/B,1306
2019-07-22,60,07:43:00,Monday,Finch Stn,Mechanical,8,16,,3363
2019-07-22,6,07:45:00,Monday,Davenport and Dupont,Mechanical,5,10,S/B,1416
2019-07-22,83,07:55:00,Monday,Jones and Danforth,Investigation,13,26,S/B,8599
2019-07-22,113,08:00:00,Monday,Kennedy stn,Vision,11,22,B/W,3233
2019-07-22,82,08:00:00,Monday,rosedale stn summerhill,General Delay,1,1,B/W,8328
2019-07-22,30,08:00:00,Monday,Viking Lane at Kipling,Diversion,999,999,S/B,
2019-07-22,44,08:00:00,Monday,Viking Lane at Kipling,Diversion,999,999,S/B,
2019-07-22,945,08:00:00,Monday,Viking lane at Kipling,Diversion,999,999,S/B,
2019-07-22,45,08:00:00,Monday,Viking Lane at Kipling,Diversion,999,999,S/B,
2019-07-22,944,08:00:00,Monday,Viking Lane,Diversion,999,999,S/B,
2019-07-22,49,08:08:00,Monday,Bloor at Mill Rd,Mechanical,9,18,W/B,8429
2019-07-22,97,08:37:00,Monday,Yonge and Eglinton,Mechanical,1,1,N/B,1307
2019-07-22,116,08:39:00,Monday,Kennedy station,Vision,7,14,E/B,8780
2019-07-22,927,08:39:00,Monday,Humber College,Investigation,10,20,,3196
2019-07-22,95,08:59:00,Monday,Ellesmere and Victoria Park,Investigation,9,18,B/W,3439
2019-07-22,41,09:02:00,Monday,KSTN,Mechanical,9,18,N/B,9018
2019-07-22,939,09:15:00,Monday,STC Station,Mechanical,8,16,N/B,1548
2019-07-22,39,09:20:00,Monday,Tapscott and Finch to Neilson Rd,Diversion,75,91,E/B,3446
2019-07-22,939,09:25:00,Monday,Tapscott and Finch to Neilson Rd,Diversion,47,55,E/B,1312
2019-07-22,134,09:55:00,Monday,Baldoon and Finch,Diversion,37,55,S/B,9066
2019-07-22,37,09:58:00,Monday,Islington/ Prince George,Mechanical,20,40,S/B,8403
2019-07-22,121,10:00:00,Monday,Forth york,Investigation,20,40,E/B,3117
2019-07-22,72,10:00:00,Monday,Pape route,General Delay,10,1,B/W,
2019-07-22,73,10:30:00,Monday,Royal York Station,Mechanical,10,20,N/B,8432
2019-07-22,925,10:54:00,Monday,Overlea/Don Mills,Investigation,10,20,N/B,8848
2019-07-22,43,10:54:00,Monday,KENNEDY STATION,Mechanical,10,20,N/B,8814
2019-07-22,131,10:55:00,Monday,Littles and Sewells,Mechanical,13,26,B/W,3543
2019-07-22,165,11:14:00,Monday,Weston and Fenmar,Mechanical,10,20,N/B,3225
2019-07-22,17,11:20:00,Monday,Warden Station,Mechanical,13,26,N/B,8590
2019-07-22,168,11:35:00,Monday,Old Weston and St.Clair,Diversion,15,28,S/B,1103
2019-07-22,127,11:35:00,Monday,Old Weston and St.Clair,Diversion,30,40,N/B,
2019-07-22,996,11:50:00,Monday,Yonge and Old York Mills,Investigation,11,22,W/B,3211
2019-07-22,54,12:01:00,Monday,MIDLAND/LAWRENCE,Mechanical,13,26,E/B,8892
2019-07-22,63,12:11:00,Monday,Ossington Stn,Mechanical,9,17,S/B,1253
2019-07-22,14,12:27:00,Monday,Brickworks and Bayview,Mechanical,20,40,W/B,1417
2019-07-22,35,12:45:00,Monday,Weston and Jane,Mechanical,7,14,S/B,3562
2019-07-22,720,13:09:00,Monday,Overlea/Thorncliffe Park,Investigation,1,1,N/B,8917
2019-07-22,600,13:30:00,Monday,Mt. Dennis and Industry rd,Utilized Off Route,1,1,B/W,1072
2019-07-22,79,13:31:00,Monday,Pine and Lawrence,Utilized Off Route,23,46,S/B,1112
2019-07-22,711,13:32:00,Monday,Lawrence West Station,Utilized Off Route,1,1,S/B,8165
2019-07-22,600,13:32:00,Monday,st clair stn,Utilized Off Route,1,1,B/W,8209
2019-07-22,47,13:35:00,Monday,Earlscourt loop,Utilized Off Route,8,15,S/B,1118
2019-07-22,63,13:54:00,Monday,Ossington Stn.,Utilized Off Route,9,17,N/B,1221
2019-07-22,29,14:07:00,Monday,Dufferin and Lawrence,Mechanical,1,1,S/B,9147
2019-07-22,17,14:12:00,Monday,Finch and Birchmount,Mechanical,9,18,S/B,8574
2019-07-22,38,14:18:00,Monday,Ellesmere/Military Trail,Investigation,12,24,W/B,3459
2019-07-22,996,14:20:00,Monday,Weston and Walsh,Mechanical,0,0,E/B,3326
2019-07-22,905,14:30:00,Monday,Kingston Road at Galloway,Mechanical,1,1,W/B,8896
2019-07-22,47,14:34:00,Monday,Lansdowne and Bloor,Investigation,5,10,S/B,1100
2019-07-22,118,14:34:00,Monday,Wilson Station,Investigation,25,50,W/B,3241
2019-07-22,45,14:40:00,Monday,Kipling Station,Mechanical,14,28,N/B,8016
2019-07-22,939,14:55:00,Monday,McCowan Rd/ Sheppard Ave E,Mechanical,9,20,N/B,1501
2019-07-22,925,15:00:00,Monday,Don Mills Rd (Lawrence to Pape STN),General Delay,20,30,B/W,
2019-07-22,25,15:00:00,Monday,Don Mills Rd (Lawrence to Pape STN),General Delay,20,28,B/W,
2019-07-22,168,15:00:00,Monday,St Clair and Old Weston,Investigation,12,25,N/B,1129
2019-07-22,7,15:04:00,Monday,Greenwin and Bathurst,Mechanical,7,14,S/B,8183
2019-07-22,41,15:05:00,Monday,Keele and maple leaf,Mechanical,9,18,N/B,9017
2019-07-22,116,15:11:00,Monday,Eglinton at Bellamy Rd,Emergency Services,20,38,E/B,8900
2019-07-22,7,15:18:00,Monday,Bathurst and Sheppard,Mechanical,7,14,N/B,8354
2019-07-22,16,15:18:00,Monday,Warden Station,Mechanical,12,24,N/B,9211
2019-07-22,925,15:23:00,Monday,Freshmeadow Dr/Don Mills Rd,Mechanical,8,16,S/B,8902
2019-07-22,7,15:29:00,Monday,Bathurst Station,Mechanical,7,14,N/B,8388
2019-07-22,35,15:32:00,Monday,Falstaff and Jane,Mechanical,12,24,N/B,3547
2019-07-22,57,15:33:00,Monday,Midland at Steeles,Mechanical,8,16,S/B,8818
2019-07-22,34,15:41:00,Monday,Eglinton/Prudham Gate,Investigation,7,13,W/B,8625
2019-07-22,144,15:51:00,Monday,Jarvis/Richmond to Victoria Park/Parkwoods Village,General Delay,30,50,B/W,
2019-07-22,161,16:00:00,Monday,Entire Route,General Delay,15,35,BW,
2019-07-22,6,16:00:00,Monday,Entire Route,General Delay,20,25,B/W,
2019-07-22,41,16:00:00,Monday,Entire Route,General Delay,17,29,BW,
2019-07-22,985,16:00:00,Monday,Midland and Sheppard,Diversion,1,1,B/W,
2019-07-22,89,16:00:00,Monday,Entire Route,General Delay,20,10,BW,
2019-07-22,87,16:03:00,Monday,Donlands / Pape,Investigation,7,17,W/B,8465
2019-07-22,32,16:04:00,Monday,Eglinton West Station,Mechanical,9,18,W/B,1575
2019-07-22,165,16:09:00,Monday,Weston and Bradstock,Investigation,8,16,W/B,3277
2019-07-22,939,16:10:00,Monday,McCowan Rd/Nugget Ave,Mechanical,12,24,N/B,1225
2019-07-22,97,16:14:00,Monday,Yorkmills to queens quay,General Delay,18,48,B/W,
2019-07-22,941,16:15:00,Monday,Finch west stn,Utilized Off Route,1,1,S/B,1069
2019-07-22,118,16:20:00,Monday,Kelvin Ave and Wilson,Diversion,0,0,E/B,
2019-07-22,96,16:20:00,Monday,Kelvin Ave and Wilson,Diversion,0,0,E/B,
2019-07-22,165,16:20:00,Monday,Wilson and Kelvin Ave,Diversion,0,0,E/B,
2019-07-22,996,16:20:00,Monday,Wilson and Kelvin Ave,Diversion,0,0,E/B,3316
2019-07-22,96,16:25:00,Monday,Wilson and Kelvin Ave,Utilized Off Route,22,44,E/B,3173
2019-07-22,900,16:26:00,Monday,Kipling Station,Mechanical,7,14,N/B,8010
2019-07-22,952,16:30:00,Monday,Bothways,General Delay,18,1,B/W,
2019-07-22,32,16:30:00,Monday,Pine and Lawrence,Mechanical,10,20,E/B,1131
2019-07-22,52,16:41:00,Monday,Tollington and Martin Grove,Investigation,16,32,E/B,8334
2019-07-22,52,16:42:00,Monday,Royal york and Lawrence Ave,Investigation,16,32,E/B,8192
2019-07-22,929,16:45:00,Monday,Wilson Station,Mechanical,10,20,S/B,9140
2019-07-22,995,16:47:00,Monday,U of T Scarborough Town,Mechanical,12,24,B/W,1308
2019-07-22,986,16:50:00,Monday,Kennedy Station,Vision,10,20,E/B,8899
2019-07-22,54,17:03:00,Monday,Eglinton and Redpath,Investigation,9,18,E/B,8802
2019-07-22,945,17:33:00,Monday,Kipling Station,Mechanical,8,16,N/B,8092
2019-07-22,133,17:44:00,Monday,Manitis/Neilson,Mechanical,9,18,S/B,3554
2019-07-22,10,17:55:00,Monday,Brian Dr and Vanhorne,Investigation,10,20,S/B,1234
2019-07-22,945,17:59:00,Monday,Kipling Station,Mechanical,8,16,N/B,8074
2019-07-22,96,18:00:00,Monday,,Mechanical,0,0,E/B,3306
2019-07-22,960,18:05:00,Monday,Finch Stn,Emergency Services,15,30,W/B,3228
2019-07-22,939,18:08:00,Monday,McCowan Rd/Sheppard Ave E,Investigation,12,24,N/B,1726
2019-07-22,36,18:20:00,Monday,Humber College,Mechanical,6,12,,9124
2019-07-22,925,18:35:00,Monday,Pape STN,Mechanical,10,20,N/B,8834
2019-07-22,42,18:35:00,Monday,Kennedy and Mcnicoll ave,Mechanical,16,32,E/B,8355
2019-07-22,41,19:01:00,Monday,Finch west stn,Mechanical,10,20,S/B,1348
2019-07-22,985,19:36:00,Monday,STC,Mechanical,12,24,W/B,9065
2019-07-22,12,19:37:00,Monday,Kennedy Station,Mechanical,18,36,W/B,3121
2019-07-22,23,19:44:00,Monday,Hayley and Dawes,Diversion,59,69,B/W,
2019-07-22,34,19:46:00,Monday,Eglinton/Marmot,Mechanical,1,1,E/B,8843
2019-07-22,38,20:56:00,Monday,STC,Mechanical,9,18,E/B,3452
2019-07-22,40,21:00:00,Monday,Dundas West to Runnymede Loop,General Delay,5,17,B/W,
2019-07-22,102,21:07:00,Monday,McCowan and Kingston,Mechanical,20,40,N/B,8477
2019-07-22,34,21:13:00,Monday,Bayview/Eglinton,Mechanical,15,30,W/B,8852
2019-07-22,116,21:25:00,Monday,Kennedy Station,Mechanical,5,10,E/B,8900
2019-07-22,97,21:26:00,Monday,Davisville station,Mechanical,30,60,N/B,1383
2019-07-22,24,21:28:00,Monday,Brenton Street / Victoria Park,Mechanical,8,16,S/B,9227
2019-07-22,905,21:44:00,Monday,Kennedy Station,Mechanical,13,26,E/B,8833
2019-07-22,121,21:50:00,Monday,Lake Shore Blvd west / Ontario Place Blvd,Diversion,230,253,W/B,
2019-07-22,25,21:52:00,Monday,Don Mills Rd/Steeles Ave E,Investigation,9,18,N/B,8744
2019-07-22,115,22:02:00,Monday,York Mills and Yonge,Mechanical,1,1,E/B,8132
2019-07-22,95,22:03:00,Monday,Ellesmere Cul-De-Sac Kingston Loop,Emergency Services,12,26,W/B,3542
2019-07-22,161,22:30:00,Monday,Cordella / Louvain,Investigation,20,40,E/B,1590
2019-07-22,47,22:35:00,Monday,Earlcourt Loop,Utilized Off Route,20,40,S/B,1080
2019-07-22,125,23:30:00,Monday,Finch Station,Mechanical,30,60,W/B,8212
2019-07-22,42,23:45:00,Monday,Finch station,Utilized Off Route,16,32,E/B,1328
2019-07-22,165,23:46:00,Monday,Barmac and Steeles,Investigation,10,20,E/B,3321
2019-07-23,32,00:30:00,Tuesday,Eglinton West stn,Mechanical,10,20,E/B,1034
2019-07-23,63,00:32:00,Tuesday,Atlantic and King,Utilized Off Route,10,20,N/B,8330
2019-07-23,116,02:03:00,Tuesday,Kingston Rd/Saunders Rd,Emergency Services,15,30,W/B,8827
2019-07-23,39,05:00:00,Tuesday,39 Finch Route-All Branch,General Delay,18,36,BW,3424
2019-07-23,939,05:00:00,Tuesday,939 Finch Express-All Branch,General Delay,12,24,BW,1550
2019-07-23,29,05:05:00,Tuesday,Keele and West Toronto,Mechanical,9,18,S/B,9016
2019-07-23,41,05:41:00,Tuesday,Keele Station,Mechanical,12,24,N/B,9018
2019-07-23,54,05:59:00,Tuesday,STARSPRAY LOOP,Mechanical,12,26,W/B,8927
2019-07-23,30,06:00:00,Tuesday,Viking Lane at Dundas,Diversion,111,111,W/B,
2019-07-23,945,06:00:00,Tuesday,Viking Lane at Kipling,Diversion,111,111,S/B,
2019-07-23,45,06:00:00,Tuesday,Viking Lane at Kipling,Diversion,111,111,S/B,
2019-07-23,44,06:00:00,Tuesday,Viking Lane at Kipling,Diversion,111,111,S/B,
2019-07-23,944,06:00:00,Tuesday,Viking Lane,Diversion,111,111,S/B,
2019-07-23,84,06:10:00,Tuesday,Bthurst and sheppard,Mechanical,0,0,S/B,3188
2019-07-23,7,06:48:00,Tuesday,st clair,Mechanical,8,31,S/B,8111
2019-07-23,37,06:49:00,Tuesday,Islington Station,Mechanical,20,40,NB,7975
2019-07-23,6,07:03:00,Tuesday,Davenport and Dupont,Mechanical,5,10,N/B,1356
2019-07-23,15,07:40:00,Tuesday,Royal York Station,Mechanical,12,24,SB,8432
2019-07-23,110,07:48:00,Tuesday,Bloor and Islington,Mechanical,12,24,EB,8083
2019-07-23,134,07:51:00,Tuesday,Centennial College,Mechanical,8,16,W/B,9000
2019-07-23,85,08:05:00,Tuesday,Pharmacy and Sheppard,Investigation,18,36,N/B,3516
2019-07-23,112,08:30:00,Tuesday,Renforth at Eglinton,General Delay,33,46,N/B,
2019-07-23,91,08:40:00,Tuesday,Three Valley and Laurentide,Mechanical,12,24,N/B,8503
2019-07-23,986,08:51:00,Tuesday,Meadowvale Loop,Mechanical,5,10,W/B,8726
2019-07-23,61,09:00:00,Tuesday,Lawrence and Avenue,General Delay,15,40,B/W,
2019-07-23,37,09:29:00,Tuesday,Islington and Anglesey,Investigation,20,40,NB,8415
2019-07-23,47,09:40:00,Tuesday,St.Clair and Caledonia,Diversion,90,102,N/B,1045
2019-07-23,32,09:41:00,Tuesday,Bathurst and Eglinton,Investigation,11,22,E/B,1006
2019-07-23,93,09:49:00,Tuesday,Woodbine and Plains road,Investigation,1,1,S/B,3135
2019-07-23,91,09:56:00,Tuesday,Woodbine Station,Mechanical,26,52,N/B,
2019-07-23,127,10:04:00,Tuesday,Townsley loop,Mechanical,30,60,E/B,1028
2019-07-23,67,10:20:00,Tuesday,Victoria Park Station,Mechanical,15,30,N/B,8664
2019-07-23,165,10:20:00,Tuesday,Barmac and Steeles,Mechanical,10,20,E/B,3307
2019-07-23,63,10:24:00,Tuesday,ATLANTIC AVE & KING ST W,Mechanical,9,17,N/B,1362
2019-07-23,39,10:25:00,Tuesday,Leslie and Finch,Mechanical,6,12,N/B,1284
2019-07-23,939,10:29:00,Tuesday,Sheppard and McCowan,Mechanical,8,16,N/B,1337
2019-07-23,123,10:33:00,Tuesday,Queensway and The East Mall,Investigation,21,42,SB,7969
2019-07-23,46,10:43:00,Tuesday,Mercury and Martin Grove,Diversion,82,101,S/B,3200
2019-07-23,102,11:01:00,Tuesday,Steels and markham road,Investigation,20,40,S/B,8524
2019-07-23,29,11:08:00,Tuesday,Springhurst Loop,Mechanical,7,15,N/B,9025
2019-07-23,939,11:18:00,Tuesday,McCowan and Finch,Mechanical,9,18,W/B,1244
2019-07-23,59,11:28:00,Tuesday,Lawrence station,Vision,22,44,E/B,3216
2019-07-23,29,11:31:00,Tuesday,Spring hurst Loop,Mechanical,7,15,N/B,9040
2019-07-23,47,11:36:00,Tuesday,Lansdowne and Wallace,Mechanical,8,15,S/B,1010
2019-07-23,39,11:44:00,Tuesday,Kennedy and Finch,Investigation,12,24,W/B,1707
2019-07-23,42,11:48:00,Tuesday,Finch Station,Mechanical,12,24,E/B,8135
2019-07-23,54,11:49:00,Tuesday,LAWRENCE/HOWDEN,Emergency Services,10,20,W/B,8775
2019-07-23,161,12:27:00,Tuesday,Ossington Avenue,Investigation,17,35,W/B,1261
2019-07-23,41,12:41:00,Tuesday,Keele and wilson,Mechanical,9,18,N/B,9009
2019-07-23,996,12:45:00,Tuesday,Wilson and Keele,Investigation,12,22,W/B,3248
2019-07-23,36,12:51:00,Tuesday,Weston road and Finch,Mechanical,5,10,W/B,9107
2019-07-23,88,13:30:00,Tuesday,Thonrcliffe Park,Mechanical,15,30,W/B,8144
2019-07-23,29,13:30:00,Tuesday,Bloor and Dufferine,Mechanical,7,14,S/B,1145
2019-07-23,29,13:43:00,Tuesday,Ranee Ave.,Investigation,7,14,S/B,9104
2019-07-23,80,14:00:00,Tuesday,Keele Station to Sherway Gardens,General Delay,15,39,B/W,
2019-07-23,995,14:00:00,Tuesday,York Mills Stn to Scarborough College Loop,General Delay,20,35,B/W,
2019-07-23,95,14:00:00,Tuesday,York Mills Stn to Ellesmere Cul-De-Sac,General Delay,15,26,B/W,
2019-07-23,35,14:02:00,Tuesday,Jane station,Mechanical,61,12,N/B,3522
2019-07-23,29,14:10:00,Tuesday,Wilson Stn.,Mechanical,7,14,S/B,9145
2019-07-23,57,14:25:00,Tuesday,Kennedy Station,Mechanical,8,16,N/B,8714
2019-07-23,134,14:30:00,Tuesday,STC- Ironside- Finchdene,General Delay,17,34,B/W,
2019-07-23,52,15:00:00,Tuesday,Weston to Lawrence station,General Delay,10,20,W/B,
2019-07-23,952,15:00:00,Tuesday,Weston to lawrence sttaion,General Delay,13,25,B/W,
2019-07-23,56,15:00:00,Tuesday,Egtinton station to Donlands station,General Delay,10,20,B/W,
2019-07-23,102,15:00:00,Tuesday,MARKHAM / Warden Station,General Delay,10,20,B/W,
2019-07-23,25,15:00:00,Tuesday,Pape STN to Lawrence Ave E,General Delay,20,27,B/W,
2019-07-23,925,15:00:00,Tuesday,Pape STN to Lawrence Ave E,General Delay,20,30,B/W,
2019-07-23,79,15:00:00,Tuesday,Entire Route,General Delay,14,29,B/W,
2019-07-23,985,15:00:00,Tuesday,Don Mills to STC - Meadowvale loop,General Delay,12,24,B/W,
2019-07-23,85,15:01:00,Tuesday,Don Mills Stn,Utilized Off Route,8,16,E/B,3423
2019-07-23,54,15:21:00,Tuesday,Kennedy,Mechanical,1,1,E/B,8827
2019-07-23,985,15:30:00,Tuesday,Midland and Sheppard,Diversion,1,1,B/W,
2019-07-23,985,15:30:00,Tuesday,Don Mills to STC,Diversion,1,1,B/W,
2019-07-23,53,15:48:00,Tuesday,Passmore and Markham,Mechanical,5,11,W/B,3519
2019-07-23,56,15:50:00,Tuesday,Donlands station,Investigation,15,30,N/B,8389
2019-07-23,144,15:51:00,Tuesday,Jarvis/richmond to Victoria pk/Parkwoods Village,General Delay,30,50,B/W,
2019-07-23,32,15:53:00,Tuesday,Eglinton West Station,Mechanical,1,1,B/W,1006
2019-07-23,11,16:00:00,Tuesday,entire route,General Delay,14,28,S/B,
2019-07-23,75,16:00:00,Tuesday,Front to QueensQuay on Sherbourne,General Delay,8,16,S/B,
2019-07-23,142,16:00:00,Tuesday,Bombay loop to Church and Richmond,General Delay,15,45,B/W,
2019-07-23,100,16:00:00,Tuesday,Broadview Stn to Don Mills/Wynford,General Delay,15,21,B/W,8900
2019-07-23,115,16:00:00,Tuesday,Yorkmills and Bayview,General Delay,10,34,B/W,
2019-07-23,122,16:00:00,Tuesday,York mills and Bayview,General Delay,10,24,B/W,
2019-07-23,995,16:06:00,Tuesday,Ellesmere and McCowan,Mechanical,8,16,W/B,1701
2019-07-23,37,16:13:00,Tuesday,Islington Station,Mechanical,12,24,N/B,8018
2019-07-23,112,16:19:00,Tuesday,Kipling Station,Mechanical,18,36,N/B,8614
2019-07-23,144,16:24:00,Tuesday,Richmond/Power St,Mechanical,20,40,W/B,8688
2019-07-23,89,16:30:00,Tuesday,Entire Route,General Delay,15,25,BW,
2019-07-23,63,16:30:00,Tuesday,King and Atlantic,Investigation,8,16,S/B,8349
2019-07-23,122,16:35:00,Tuesday,Yorkmills station,Mechanical,1,1,W/B,8160
2019-07-23,161,16:45:00,Tuesday,Entire Route,General Delay,20,37,BW,
2019-07-23,43,16:45:00,Tuesday,Scarborough Town Center,Mechanical,15,30,S/B,8760
2019-07-23,41,16:45:00,Tuesday,Entire Route,General Delay,18,29,BW,
2019-07-23,937,16:55:00,Tuesday,Islington Station,Utilized Off Route,12,24,N/B,8027
2019-07-23,122,16:56:00,Tuesday,Yorkmills and Old Yonge,Investigation,14,28,W/B,8160
2019-07-23,60,17:00:00,Tuesday,Islington,General Delay,20,30,E/B,
2019-07-23,6,17:00:00,Tuesday,Entire Route,General Delay,25,30,B/W,
2019-07-23,53,17:06:00,Tuesday,Midland on Steeles,Mechanical,5,11,W/B,1566
2019-07-23,24,17:16:00,Tuesday,Tiago Ave./ Victoria Park,Investigation,16,32,S/B,3135
2019-07-23,127,17:20:00,Tuesday,Davenport / Olser,Diversion,66,89,E/B,1353
2019-07-23,133,17:35:00,Tuesday,Scarb. Town Centre,Mechanical,9,18,E/B,3414
2019-07-23,41,17:37:00,Tuesday,Old Weston / St . Clair,Investigation,9,18,N/B,9014
2019-07-23,79,17:47:00,Tuesday,East Dr and Scarlett Rd,Investigation,15,30,S/B,1273
2019-07-23,985,18:06:00,Tuesday,404 and Sheppard,Mechanical,12,24,W/B,9066
2019-07-23,129,18:27:00,Tuesday,Scarb. Town Centre,Utilized Off Route,15,35,N/B,1676
2019-07-23,39,18:32:00,Tuesday,Finch Station,Investigation,14,28,E/B,1393
2019-07-23,52,18:39:00,Tuesday,lawrence station,Mechanical,14,28,W/B,8315
2019-07-23,116,18:39:00,Tuesday,Kennedy Station,Utilized Off Route,7,14,N/B,8690
2019-07-23,29,18:44:00,Tuesday,Wilson Station,Utilized Off Route,8,17,S/B,9027
2019-07-23,905,18:50:00,Tuesday,Kennedy Station,Mechanical,10,20,N/B,8785
2019-07-23,900,18:54:00,Tuesday,Kipling Station,Mechanical,9,18,N/B,8005
2019-07-23,14,18:55:00,Tuesday,Tycos / Caledonia,Diversion,337,357,E/B,1070
2019-07-23,161,19:22:00,Tuesday,Jane / Alliance,Mechanical,17,36,E/B,1025
2019-07-23,84,19:35:00,Tuesday,Shepperd at Rivalda,Investigation,9,18,E/B,3274
2019-07-23,29,19:37:00,Tuesday,Spring Hurst Loop,Mechanical,8,11,N/B,9147
2019-07-23,17,20:20:00,Tuesday,Warden Station Entrance,Investigation,30,30,S/B,3141
2019-07-23,38,20:20:00,Tuesday,Scarb. Town Centre,Mechanical,9,18,E/B,3419
2019-07-23,54,20:42:00,Tuesday,Rouge Hill Go Station,Mechanical,14,28,E/B,8835
2019-07-23,91,20:43:00,Tuesday,"York Mills, Lochinvar",Emergency Services,24,48,W/B,8470
2019-07-23,66,21:07:00,Tuesday,Lakeshore and Marine Parade,Mechanical,25,49,N/B,7972
2019-07-23,116,21:14:00,Tuesday,Scarbourgh Golf Club,Mechanical,10,20,S/B,8728
2019-07-23,72,21:17:00,Tuesday,PAPE / Pape Station,Mechanical,18,36,S/B,3100
2019-07-23,89,21:35:00,Tuesday,Weston / John,Mechanical,10,20,S/B,1420
2019-07-23,127,21:40:00,Tuesday,Davenport / Bathurst,Diversion,40,64,S/B,1091
2019-07-23,82,21:43:00,Tuesday,Cresent and Wrentham,Investigation,20,20,W/B,8183
2019-07-23,7,22:17:00,Tuesday,Bathurst station,Utilized Off Route,8,16,S/B,8205
2019-07-23,82,22:20:00,Tuesday,Cresent and Wrentham,Diversion,147,167,B/W,
2019-07-23,74,22:51:00,Tuesday,St. Clair Station,Mechanical,20,38,N/B,8310
2019-07-23,100,23:37:00,Tuesday,Broadview Stn,Mechanical,10,20,N/B,8784
2019-07-23,32,23:53:00,Tuesday,Pine and Lawrence,Mechanical,11,22,E/B,1006
2019-07-24,63,00:32:00,Wednesday,Atlantic and King,Utilized Off Route,10,20,S/B,8330
2019-07-24,6,00:58:00,Wednesday,Bay / King,Utilized Off Route,20,40,N/B,1106
2019-07-24,102,05:00:00,Wednesday,Markham rd  ellesmers,Mechanical,15,30,,8469
2019-07-24,39,05:00:00,Wednesday,39 Finch Route-All Branch,General Delay,18,36,B/W,1588
2019-07-24,939,05:00:00,Wednesday,939 Finch Express-All Branch,General Delay,12,24,B/W,3422
2019-07-24,706,05:30:00,Wednesday,main station,Utilized Off Route,1,1,S/B,8441
2019-07-24,50,05:33:00,Wednesday,mill loop and burnhamthorpe rd,Mechanical,0,0,E/B,8425
2019-07-24,35,05:59:00,Wednesday,Pioneer Station,Mechanical,6,12,B/W,3705
2019-07-24,91,06:00:00,Wednesday,Bermondsay and Eglinton,Diversion,999,999,B/W,
2019-07-24,17,06:00:00,Wednesday,Eglinton and Birchmount,Diversion,999,999,B/W,
2019-07-24,60,06:00:00,Wednesday,Presto,Mechanical,0,0,B/W,9127
2019-07-24,134,06:00:00,Wednesday,Bellamy and Progress,Mechanical,1,1,E/B,9062
2019-07-24,32,06:00:00,Wednesday,Eglinton station,Mechanical,0,0,B/W,1353
2019-07-24,165,06:04:00,Wednesday,Wilson station,Mechanical,9,18,W/B,3349
2019-07-24,50,06:06:00,Wednesday,West mall and bathurst,Mechanical,0,0,B/W,8425
2019-07-24,300,06:12:00,Wednesday,Broadview and Bloor,Mechanical,1,1,W/B,1614
2019-07-24,70,06:17:00,Wednesday,Coxwell station,Mechanical,0,0,B/W,8643
2019-07-24,32,06:25:00,Wednesday,Eglinton station,Mechanical,0,0,B/W,5598
2019-07-24,41,06:26:00,Wednesday,Keele station,Mechanical,0,0,B/W,9025
2019-07-24,32,06:26:00,Wednesday,Eglinton station,Mechanical,0,0,B/W,1605
2019-07-24,47,06:27:00,Wednesday,,Mechanical,0,0,B/W,1054
2019-07-24,14,06:27:00,Wednesday,Glencairn and eglinton,Mechanical,0,0,B/W,1265
2019-07-24,41,06:27:00,Wednesday,keele staition,Mechanical,0,0,B/W,9010
2019-07-24,79,06:27:00,Wednesday,Runnyumede station,Mechanical,0,0,B/W,1091
2019-07-24,939,06:28:00,Wednesday,Neilson and Finch,Mechanical,12,24,W/B,1401
2019-07-24,89,06:30:00,Wednesday,Western rd,Mechanical,0,0,B/W,1142
2019-07-24,32,06:30:00,Wednesday,Eglinton station,Mechanical,0,0,B/W,1013
2019-07-24,32,06:30:00,Wednesday,Eglinton station,Mechanical,0,0,B/W,1532
2019-07-24,89,06:30:00,Wednesday,wetern rd,Mechanical,0,0,B/W,1142
2019-07-24,89,06:30:00,Wednesday,wetern rd,Mechanical,0,0,B/W,1145
2019-07-24,89,06:32:00,Wednesday,western rd,Mechanical,0,0,B/W,1502
2019-07-24,168,06:35:00,Wednesday,Davenport,Mechanical,0,0,B/W,1348
2019-07-24,54,06:36:00,Wednesday,LAWRENCE/DON MILLS,Investigation,11,22,E/B,8846
2019-07-24,47,06:37:00,Wednesday,Queen and lansdown,Mechanical,0,0,B/W,1101
2019-07-24,71,06:39:00,Wednesday,Presto,Mechanical,0,0,B/W,1536
2019-07-24,77,06:40:00,Wednesday,Presto,Mechanical,0,0,B/W,1379
2019-07-24,26,06:41:00,Wednesday,old mill station,Mechanical,0,0,B/W,1061
2019-07-24,97,06:41:00,Wednesday,Young and eglinton,Mechanical,0,0,S/B,8134
2019-07-24,105,06:42:00,Wednesday,Sheppard West Station,Mechanical,11,22,N/B,1217
2019-07-24,89,06:42:00,Wednesday,Keele station,Mechanical,0,0,S/B,1413
2019-07-24,168,06:44:00,Wednesday,Dundas west station,Mechanical,0,0,B/W,1128
2019-07-24,165,06:45:00,Wednesday,Weston road and Ormont,Investigation,6,12,S/B,3190
2019-07-24,79,06:46:00,Wednesday,Runnymedde station,Mechanical,0,0,S/B,1030
2019-07-24,133,06:47:00,Wednesday,Neilson and Sheppard,Mechanical,11,22,N/B,3431
2019-07-24,73,06:52:00,Wednesday,Royal york and eglinton,Mechanical,0,0,B/W,8043
2019-07-24,929,06:53:00,Wednesday,Presto,Mechanical,0,0,B/W,9104
2019-07-24,107,06:53:00,Wednesday,Keele and StiRegis,Mechanical,0,0,B/W,3316
2019-07-24,41,06:54:00,Wednesday,Keeele atation,Mechanical,0,0,S/B,9027
2019-07-24,134,06:55:00,Wednesday,Shappard and progress,Mechanical,0,0,B/W,8062
2019-07-24,94,06:55:00,Wednesday,Queens park,Mechanical,0,0,B/W,1606
2019-07-24,32,06:57:00,Wednesday,Eglinton station,Mechanical,0,0,B/W,1136
2019-07-24,52,06:58:00,Wednesday,Lawrance and palmico,Mechanical,0,0,B/W,8192
2019-07-24,6,06:58:00,Wednesday,Queens quay and bay,Mechanical,0,0,B/W,1019
2019-07-24,84,07:00:00,Wednesday,sheppard station,Mechanical,0,0,E/B,3196
2019-07-24,989,07:00:00,Wednesday,wester rd,Mechanical,0,0,B/W,1131
2019-07-24,46,07:01:00,Wednesday,Martingrove loop,Mechanical,12,24,,3214
2019-07-24,71,07:03:00,Wednesday,Presto,Mechanical,0,0,B/W,1102
2019-07-24,26,07:05:00,Wednesday,Annettte and keele,Mechanical,0,0,B/W,1080
2019-07-24,26,07:07:00,Wednesday,Jane and bloor,Mechanical,0,0,B/W,1281
2019-07-24,72,07:10:00,Wednesday,pape station,Mechanical,0,0,B/W,8446
2019-07-24,941,07:11:00,Wednesday,Presto,Mechanical,0,0,B/W,1138
2019-07-24,47,07:11:00,Wednesday,Casandarne and bloor,Mechanical,0,0,B/W,1053
2019-07-24,32,07:13:00,Wednesday,Renforth Station,Mechanical,7,14,E/B,1039
2019-07-24,47,07:13:00,Wednesday,Lansdown and dupont,Mechanical,0,0,B/W,1001
2019-07-24,29,07:14:00,Wednesday,Presto,Mechanical,0,0,B/W,9017
2019-07-24,47,07:15:00,Wednesday,Yorkdale,Mechanical,0,0,B/W,1555
2019-07-24,47,07:19:00,Wednesday,Lansdowne,Mechanical,0,0,B/W,1009
2019-07-24,32,07:19:00,Wednesday,Eglinton station,Mechanical,0,0,B/W,1040
2019-07-24,929,07:20:00,Wednesday,st.clair to college,Mechanical,0,0,B/W,9151
2019-07-24,161,07:21:00,Wednesday,Rogers rd,Mechanical,0,0,B/W,1036
2019-07-24,47,07:24:00,Wednesday,Lansdowne and Wallace,Mechanical,1,1,S/B,1361
2019-07-24,24,07:26:00,Wednesday,lawrance /victoria park,Mechanical,10,20,B/W,8544
2019-07-24,79,07:27:00,Wednesday,Presto,Mechanical,0,0,B/W,1098
2019-07-24,42,07:28:00,Wednesday,Cummer and willowdale,Mechanical,0,0,B/W,8181
2019-07-24,161,07:30:00,Wednesday,Presto,Mechanical,0,0,B/W,1134
2019-07-24,47,07:30:00,Wednesday,Lansdowne,Mechanical,1,1,S/B,1012
2019-07-24,39,07:32:00,Wednesday,Finch Station,Mechanical,10,20,E/B,3461
2019-07-24,47,07:32:00,Wednesday,Lansdowne,Mechanical,1,1,S/B,1117
2019-07-24,79,07:36:00,Wednesday,Presto,Mechanical,0,0,B/W,1261
2019-07-24,26,07:40:00,Wednesday,Dupont,Mechanical,1,1,S/B,1059
2019-07-24,6,07:43:00,Wednesday,Bay,Mechanical,1,1,S/B,1135
2019-07-24,6,07:44:00,Wednesday,Bay,Mechanical,1,1,S/B,1112
2019-07-24,32,07:49:00,Wednesday,Pine and lawrence,Mechanical,7,14,E/B,1272
2019-07-24,6,07:49:00,Wednesday,Bay,Mechanical,1,1,S/B,1529
2019-07-24,41,07:51:00,Wednesday,Presto,Mechanical,0,0,B/W,9008
2019-07-24,6,07:54:00,Wednesday,Bay,Mechanical,1,1,S/B,1603
2019-07-24,127,07:55:00,Wednesday,Presto,Mechanical,0,0,B/W,1415
2019-07-24,125,07:56:00,Wednesday,Antibees and torresdale,Mechanical,0,0,B/W,8113
2019-07-24,23,07:57:00,Wednesday,Main st,Mechanical,0,0,B/W,3146
2019-07-24,17,08:00:00,Wednesday,Warden Station to Steeles Loop,General Delay,10,15,B/W,
2019-07-24,89,08:00:00,Wednesday,Weston Rd Route,General Delay,20,29,B/W,
2019-07-24,34,08:00:00,Wednesday,Eglinton,General Delay,12,18,E/B,
2019-07-24,24,08:00:00,Wednesday,steeles  loop  and victoria park,General Delay,10,20,B/W,
2019-07-24,11,08:00:00,Wednesday,davisville stn / steeles,General Delay,10,20,B/W,
2019-07-24,34,08:00:00,Wednesday,Eglinton Ave,Mechanical,12,18,E/B,
2019-07-24,41,08:00:00,Wednesday,Keele Route,General Delay,20,29,B/W,
2019-07-24,89,08:03:00,Wednesday,Presto,Mechanical,0,0,B/W,1413
2019-07-24,89,08:06:00,Wednesday,Presto,Mechanical,0,0,B/W,1345
2019-07-24,39,08:08:00,Wednesday,Kennedy and Finch,Mechanical,1,10,B/W,1320
2019-07-24,130,08:10:00,Wednesday,Middlefield and Steeles,Mechanical,1,1,S/B,1654
2019-07-24,130,08:10:00,Wednesday,Finch and Mccowan,Mechanical,0,0,B/W,1654
2019-07-24,129,08:14:00,Wednesday,14th Avenue,Mechanical,15,30,N/B,3505
2019-07-24,127,08:14:00,Wednesday,Presto,Mechanical,0,0,B/W,1418
2019-07-24,144,08:14:00,Wednesday,presto,Mechanical,0,0,B/W,8692
2019-07-24,24,08:14:00,Wednesday,lawrance and victoria park,Investigation,10,22,B/W,8544
2019-07-24,67,08:16:00,Wednesday,presto,Mechanical,0,0,B/W,8750
2019-07-24,70,08:17:00,Wednesday,Presto,Mechanical,0,0,B/W,8854
2019-07-24,54,08:17:00,Wednesday,PORT UNION/LAWRENCE,Mechanical,11,22,W/B,8775
2019-07-24,70,08:18:00,Wednesday,Presto,Mechanical,0,0,B/W,866
2019-07-24,52,08:18:00,Wednesday,presto,Mechanical,0,0,B/W,1365
2019-07-24,6,08:19:00,Wednesday,Bay and Queen,Mechanical,1,1,S/B,1099
2019-07-24,925,08:20:00,Wednesday,Presto,Mechanical,0,0,B/W,8835
2019-07-24,39,08:20:00,Wednesday,Leslie and Finch,Mechanical,1,1,B/W,1200
2019-07-24,75,08:21:00,Wednesday,shuter ave,Emergency Services,6,12,S/B,1367
2019-07-24,39,08:22:00,Wednesday,Markham Rd-Finch,Mechanical,1,1,B/W,3461
2019-07-24,925,08:22:00,Wednesday,Presto,Mechanical,0,0,B/W,8863
2019-07-24,63,08:22:00,Wednesday,Eglinton west,Mechanical,0,0,B/W,8305
2019-07-24,29,08:27:00,Wednesday,persto,Mechanical,0,0,B/W,9039
2019-07-24,941,08:30:00,Wednesday,Presto,Mechanical,0,0,B/W,9009
2019-07-24,73,08:33:00,Wednesday,royal york and ashley,Investigation,11,22,S/B,7977
2019-07-24,52,08:42:00,Wednesday,Presto,Mechanical,0,0,B/W,8357
2019-07-24,63,08:52:00,Wednesday,Presto,Mechanical,0,0,B/W,8305
2019-07-24,953,08:54:00,Wednesday,Bayview and Steeles,Mechanical,1,1,E/B,9077
2019-07-24,47,09:00:00,Wednesday,Lansdowne,Mechanical,1,1,S/B,1009
2019-07-24,168,09:01:00,Wednesday,Symington,Mechanical,1,1,S/B,1011
2019-07-24,32,09:09:00,Wednesday,Renforth Station,Mechanical,9,20,E/B,1136
2019-07-24,63,09:10:00,Wednesday,Ossington Station,Mechanical,4,12,N/B,8321
2019-07-24,53,09:12:00,Wednesday,Yonge and drewry,Mechanical,0,0,B/W,3519
2019-07-24,53,09:14:00,Wednesday,Vic park and steeles,Mechanical,0,0,B/W,1716
2019-07-24,91,09:15:00,Wednesday,Warden and Finch,Mechanical,1,1,W/B,1343
2019-07-24,53,09:15:00,Wednesday,Steeles and leslie,Mechanical,0,0,B/W,1668
2019-07-24,953,09:17:00,Wednesday,404 and steeles,Mechanical,0,0,B/W,9083
2019-07-24,953,09:18:00,Wednesday,Brimly and steeles,Mechanical,0,0,B/W,9089
2019-07-24,953,09:19:00,Wednesday,Don mills and steeles,Mechanical,0,0,B/W,9093
2019-07-24,953,09:21:00,Wednesday,McCowan and Steeles,Mechanical,0,0,B/W,9097
2019-07-24,953,09:22:00,Wednesday,Finch station,Mechanical,0,0,B/W,8086
2019-07-24,34,09:22:00,Wednesday,ESTN,Mechanical,9,18,E/B,8911
2019-07-24,939,09:23:00,Wednesday,Finch Station,Mechanical,1,1,E/B,1701
2019-07-24,953,09:23:00,Wednesday,Finch station,Mechanical,0,0,B/W,9063
2019-07-24,939,09:25:00,Wednesday,Kennedy and Finch,Mechanical,1,1,E/B,1331
2019-07-24,95,09:26:00,Wednesday,yorkmills,Mechanical,0,0,B/W,1738
2019-07-24,95,09:27:00,Wednesday,yorkmills,Mechanical,0,0,B/W,1327
2019-07-24,134,09:27:00,Wednesday,Progress and markham rd,Mechanical,0,0,B/W,9058
2019-07-24,95,09:29:00,Wednesday,yorkmills,Mechanical,0,0,B/W,3513
2019-07-24,925,09:30:00,Wednesday,Don Mills/Eglinton,General Delay,20,30,B/W,
2019-07-24,61,09:30:00,Wednesday,Avenue/ Lawrence to Ave/ Wilson,General Delay,15,30,B/W,
2019-07-24,25,09:30:00,Wednesday,Don Mills/Eglinton,General Delay,20,29,B/W,
2019-07-24,95,09:31:00,Wednesday,yorkmills,Mechanical,0,0,B/W,6523
2019-07-24,95,09:32:00,Wednesday,yorkmills,Mechanical,0,0,B/W,1588
2019-07-24,985,09:36:00,Wednesday,STC,Mechanical,0,0,B/W,9059
2019-07-24,995,09:45:00,Wednesday,York mills exp,Mechanical,0,0,B/W,3450
2019-07-24,995,09:45:00,Wednesday,york,Mechanical,0,0,B/W,1656
2019-07-24,77,09:48:00,Wednesday,Presto,Mechanical,0,0,B/W,1516
2019-07-24,53,09:48:00,Wednesday,Woodbine and steeles,Mechanical,0,0,B/W,1366
2019-07-24,131,09:49:00,Wednesday,Nugget,Mechanical,0,0,B/W,3540
2019-07-24,131,09:52:00,Wednesday,Presto,Mechanical,0,0,B/W,1715
2019-07-24,131,09:53:00,Wednesday,Presto,Mechanical,0,0,B/W,1239
2019-07-24,1,09:53:00,Wednesday,TH65,Mechanical,11,22,S/B,8482
2019-07-24,37,09:53:00,Wednesday,Islington and Dixon,Investigation,20,40,NB,8097
2019-07-24,92,10:30:00,Wednesday,Woodbine station to Ashbridge Bay Loop,General Delay,15,20,S/B,
2019-07-24,95,10:40:00,Wednesday,York Mills,Mechanical,1,1,B/W,3545
2019-07-24,95,10:52:00,Wednesday,York Mills route,Mechanical,1,1,B/W,1255
2019-07-24,63,11:00:00,Wednesday,Ossington Station,Mechanical,8,17,N/B,8178
2019-07-24,97,11:01:00,Wednesday,York Mills station,Mechanical,30,60,S/B,8358
2019-07-24,80,11:07:00,Wednesday,Sherway Gardens,Mechanical,24,48,EB,8603
2019-07-24,133,11:24:00,Wednesday,Scarborough Town Centre,Mechanical,11,22,S/B,3543
2019-07-24,7,11:27:00,Wednesday,bathurst / burton,Diversion,19,27,N/B,8339
2019-07-24,41,11:32:00,Wednesday,Keele Station,Investigation,1,1,S/B,1015
2019-07-24,63,11:35:00,Wednesday,Eglinton west station,Mechanical,0,0,B/W,1210
2019-07-24,116,11:49:00,Wednesday,Eglinton and Brimley,Investigation,25,50,E/B,8740
2019-07-24,43,11:58:00,Wednesday,KENNEDY/DANCY,Mechanical,10,20,S/B,8837
2019-07-24,984,12:00:00,Wednesday,Bathurst and sheppard,Mechanical,0,0,B/W,3301
2019-07-24,105,12:05:00,Wednesday,Dufferin and shappard,Mechanical,0,0,B/W,8375
2019-07-24,7,12:07:00,Wednesday,Presto,Mechanical,0,0,B/W,8334
2019-07-24,11,12:10:00,Wednesday,davisville stn,Emergency Services,12,24,N/B,1363
2019-07-24,63,12:11:00,Wednesday,Ossington Station,Mechanical,9,17,N/B,1210
2019-07-24,39,12:17:00,Wednesday,Warden and Finch,Vision,6,12,B/W,1588
2019-07-24,26,12:23:00,Wednesday,St.George station,Mechanical,0,0,B/W,1088
2019-07-24,85,12:45:00,Wednesday,Rouge Hill Go Station to Sheppard Yonge Station,General Delay,28,56,bw,
2019-07-24,131,12:45:00,Wednesday,Scarborough Town Centre,Utilized Off Route,13,26,E/B,3540
2019-07-24,45,12:46:00,Wednesday,Kipling station,Mechanical,10,20,N/B,8433
2019-07-24,129,12:49:00,Wednesday,Scarborough Town Centre,Mechanical,7,14,N/B,3451
2019-07-24,54,12:58:00,Wednesday,LESLIE/EGLINTON,Investigation,10,20,E/B,8826
2019-07-24,929,13:10:00,Wednesday,Springhurst Loop,Mechanical,8,16,N/B,9001
2019-07-24,70,13:21:00,Wednesday,O'Connor/Coxwell,Mechanical,18,36,W/B,8854
2019-07-24,73,13:25:00,Wednesday,St. Philips at Dixon,Investigation,11,22,S/B,8033
2019-07-24,38,13:25:00,Wednesday,Markham and Ellemere,Mechanical,12,24,E/B,1566
2019-07-24,35,13:28:00,Wednesday,Jane and Finch,Investigation,6,12,B/W,3296
2019-07-24,47,13:32:00,Wednesday,Bloor and Lansdowne,Mechanical,1,1,N/B,1009
2019-07-24,6,13:52:00,Wednesday,Queen and Bay,Mechanical,1,1,N/B,1000
2019-07-24,29,13:57:00,Wednesday,Dufferine and Lawrence,Mechanical,7,14,N/B,9014
2019-07-24,82,14:00:00,Wednesday,Cresent Rd and Cluny dr,General Delay,1,1,B/W,
2019-07-24,160,14:00:00,Wednesday,Bathrust and Finch,General Delay,24,48,B/W,
2019-07-24,68,14:00:00,Wednesday,Warden Stn to Angus Glenn,General Delay,16,36,B/W,
2019-07-24,29,14:01:00,Wednesday,NB on Dufferine at Liberty St,Mechanical,7,14,N/B,9017
2019-07-24,35,14:16:00,Wednesday,Lawrence and Jane,Mechanical,7,14,B/W,3288
2019-07-24,711,14:18:00,Wednesday,Eglinton Station,Mechanical,0,0,E/B,8325
2019-07-24,94,14:18:00,Wednesday,Wellesley Station,Mechanical,1,1,E/B,1590
2019-07-24,33,14:20:00,Wednesday,St Clair West Station,Investigation,20,40,N/B,1387
2019-07-24,125,14:26:00,Wednesday,Finch station,Mechanical,30,60,W/B,1214
2019-07-24,11,14:30:00,Wednesday,Davisville station to Yorkmills,General Delay,14,28,B/W,
2019-07-24,84,14:30:00,Wednesday,Bathurst and Sheppard,General Delay,15,23,B/W,
2019-07-24,75,14:30:00,Wednesday,Lower jarvis and Queens quay,General Delay,12,20,N/B,
2019-07-24,6,14:39:00,Wednesday,Bay Station,Mechanical,1,1,S/B,1112
2019-07-24,939,14:55:00,Wednesday,Kennedy Rd and Finch Ave,Mechanical,8,17,E/B,3428
2019-07-24,56,15:00:00,Wednesday,Millwood to Overlea,General Delay,40,54,S/B,
2019-07-24,100,15:00:00,Wednesday,Broadview Stn to Don Mills/Wynford,General Delay,15,21,B/W,8856
2019-07-24,109,15:00:00,Wednesday,Allen and Eglinton,General Delay,14,28,B/W,
2019-07-24,54,15:00:00,Wednesday,Eglinton Stn to Starspray,General Delay,12,25,B/W,
2019-07-24,120,15:01:00,Wednesday,SHJA - Sheppard & Jane,Mechanical,22,44,W/B,3356
2019-07-24,129,15:22:00,Wednesday,Scarb. Town Centre,Mechanical,15,30,E/B,3428
2019-07-24,47,15:24:00,Wednesday,Rogers Rd and Caledonia,Mechanical,1,1,S/B,1078
2019-07-24,42,15:40:00,Wednesday,Finch Station,Mechanical,16,32,E/B,8163
2019-07-24,97,15:48:00,Wednesday,Dundas and Yonge,Diversion,148,178,N/B,8134
2019-07-24,52,15:49:00,Wednesday,Airport rd/ Derry rd,Mechanical,16,32,E/B,8111
2019-07-24,34,15:55:00,Wednesday,Don Mills/Eglinton,Investigation,6,12,E/B,8868
2019-07-24,41,16:00:00,Wednesday,Entire Route,General Delay,20,30,BW,
2019-07-24,88,16:00:00,Wednesday,Bothways on route 88,General Delay,28,1,B/W,
2019-07-24,89,16:00:00,Wednesday,Entire Route,General Delay,20,30,BW,
2019-07-24,960,16:17:00,Wednesday,Bishop,Investigation,15,30,N/B,3273
2019-07-24,986,16:25:00,Wednesday,Kingston Rd & Highway 2,Diversion,5,5,S/B,1111
2019-07-24,47,16:27:00,Wednesday,Caledonia and Eglinton,Mechanical,1,1,S/B,1560
2019-07-24,42,16:31:00,Wednesday,Finch station,Mechanical,16,32,E/B,8209
2019-07-24,89,16:33:00,Wednesday,Keele stn,Utilized Off Route,1,1,S/B,1003
2019-07-24,120,16:35:00,Wednesday,Sheppard & Northover,Mechanical,22,44,E/B,3274
2019-07-24,42,16:38:00,Wednesday,Don Mills and Macnicole,Mechanical,1,1,W/B,8136
2019-07-24,133,16:38:00,Wednesday,Neilson/McLevin,Investigation,9,18,N/B,3400
2019-07-24,41,16:40:00,Wednesday,Pioneer Village stn,Utilized Off Route,1,1,S/B,1003
2019-07-24,52,16:42:00,Wednesday,Lawrence W /Duval,Investigation,16,32,W/B,1221
2019-07-24,34,16:45:00,Wednesday,Don Mills/Eglinton,Investigation,9,18,E/B,8657
2019-07-24,110,16:47:00,Wednesday,Birmingham and Islington,Mechanical,12,24,N/B,8045
2019-07-24,117,16:47:00,Wednesday,Sheppard west station,Mechanical,10,20,S/B,8351
2019-07-24,73,16:52:00,Wednesday,royal york and evans,Mechanical,14,28,S/B,8617
2019-07-24,97,16:53:00,Wednesday,Wilson and Yonge,Mechanical,1,1,N/B,8134
2019-07-24,941,17:00:00,Wednesday,Finch west stn,Utilized Off Route,1,1,S/B,1202
2019-07-24,63,17:08:00,Wednesday,King and ossington,Mechanical,8,16,S/B,1270
2019-07-24,42,17:10:00,Wednesday,Finch station,Mechanical,1,1,E/B,1344
2019-07-24,98,17:10:00,Wednesday,Sheppard and Yonge,Mechanical,1,1,N/B,8141
2019-07-24,11,17:12:00,Wednesday,Bayview and Sheppard,Mechanical,14,28,S/B,1363
2019-07-24,63,17:14:00,Wednesday,King and Straugn,Mechanical,8,16,S/B,1389
2019-07-24,939,17:18:00,Wednesday,Don Mills Rd and Finch Ave,Emergency Services,12,24,E/B,1607
2019-07-24,51,17:19:00,Wednesday,Leslie station,Mechanical,18,36,S/B,8329
2019-07-24,995,17:21:00,Wednesday,Victoria park on Ellesmere,Mechanical,12,24,E/B,1720
2019-07-24,123,17:25:00,Wednesday,The East Mall and Queensway,Mechanical,20,40,S/B,8080
2019-07-24,112,17:29:00,Wednesday,Kipling station,Investigation,18,36,S/B,8429
2019-07-24,125,17:30:00,Wednesday,Antibes dr and Torresdale ave,Mechanical,10,20,E/B,8321
2019-07-24,953,17:35:00,Wednesday,Yonge and Bishop,Investigation,15,30,W/B,9068
2019-07-24,42,17:45:00,Wednesday,Finch station,Utilized Off Route,16,32,E/B,8179
2019-07-24,42,17:49:00,Wednesday,Finch station,Mechanical,1,1,W/B,8348
2019-07-24,46,17:50:00,Wednesday,Belified,Diversion,10,34,S/B,3241
2019-07-24,36,17:50:00,Wednesday,Finch west station,Investigation,5,10,W/B,9112
2019-07-24,95,17:51:00,Wednesday,Ellesmere and Markham to Ellesmere and Morningside,Investigation,14,28,EB,3416
2019-07-24,60,18:04:00,Wednesday,Steeles/Yonge,Mechanical,9,18,E/B,9126
2019-07-24,7,18:11:00,Wednesday,Greenwin and Bathrust,Mechanical,7,15,W/B,1362
2019-07-24,26,18:16:00,Wednesday,Old Mill Station,Mechanical,1,1,E/B,1129
2019-07-24,66,18:20:00,Wednesday,old mill stn,Mechanical,9,18,S/B,8081
2019-07-24,36,18:20:00,Wednesday,Kipling and Finch,Mechanical,14,21,W/B,9106
2019-07-24,60,18:26:00,Wednesday,Finch Stn,Emergency Services,8,16,E/B,3245
2019-07-24,168,18:36:00,Wednesday,Dundas West Station,Investigation,9,17,N/B,1080
2019-07-24,42,18:43:00,Wednesday,Leslie and Mcnicoll,Mechanical,1,1,E/B,1372
2019-07-24,134,18:44:00,Wednesday,Scarborough Town Center,Mechanical,12,22,E/B,9060
2019-07-24,23,19:22:00,Wednesday,Main Station,Mechanical,10,20,N/B,3146
2019-07-24,52,19:22:00,Wednesday,Lawrence W stn,Mechanical,14,38,W/B,8196
2019-07-24,133,19:28:00,Wednesday,Neilson and 401,Diversion,57,66,N/B,332
2019-07-24,51,19:35:00,Wednesday,DonMills and Steeles,Diversion,1,1,S/B,8329
2019-07-24,995,19:35:00,Wednesday,Scarboroufgh College Loop,Mechanical,14,28,WB,1400
2019-07-24,53,19:45:00,Wednesday,Don Mills and Steeles,Diversion,40,45,E/B,1206
2019-07-24,46,19:56:00,Wednesday,Kipling Stn,Mechanical,17,34,N/B,3493
2019-07-24,29,20:10:00,Wednesday,Dufferin and Queen,Investigation,8,15,S/B,9139
2019-07-24,162,20:32:00,Wednesday,Lawrence Station,Mechanical,1,1,E/B,1252
2019-07-24,97,21:21:00,Wednesday,Lawrence and Yonge,Mechanical,1,1,S/B,8335
2019-07-24,94,21:25:00,Wednesday,Castlefrank Station,Mechanical,10,20,W/B,1033
2019-07-24,25,22:15:00,Wednesday,Pape station,Mechanical,9,18,N/B,8682
2019-07-24,52,22:21:00,Wednesday,Lawrence W /Englemount,Investigation,14,25,W/B,8115
2019-07-24,52,22:24:00,Wednesday,Dixon/HWY 27,Investigation,12,23,E/B,8125
2019-07-24,100,22:47:00,Wednesday,Broadview Stn,Vision,10,20,N/B,8723
2019-07-24,14,22:57:00,Wednesday,Davisville / Yonge,Mechanical,20,40,E/B,1071
2019-07-24,165,23:00:00,Wednesday,,Mechanical,0,0,W/B,3235
2019-07-24,32,23:26:00,Wednesday,Renforth Station,Mechanical,11,22,E/B,1417
2019-07-24,21,23:30:00,Wednesday,Scarborough Town Center,Mechanical,1,1,NB,3464
2019-07-25,22,00:10:00,Thursday,Bingham Loop,Utilized Off Route,10,20,W/B,3146
2019-07-25,29,00:26:00,Thursday,Davisville / Yonge,Mechanical,8,18,NB,9147
2019-07-25,129,01:10:00,Thursday,McCowan and Steeles,Mechanical,10,20,SB,1326
2019-07-25,85,01:11:00,Thursday,Don Mills Station,Investigation,30,60,EB,3532
2019-07-25,23,01:24:00,Thursday,MSTN,Mechanical,15,30,N/B,8473
2019-07-25,41,01:32:00,Thursday,Keele Route,Mechanical,1,1,N/B,9008
2019-07-25,300,01:37:00,Thursday,Bloor and Spadina,Diversion,20,40,WB,8569
2019-07-25,47,01:37:00,Thursday,Yorkdale Mall,Investigation,1,1,S/B,1054
2019-07-25,52,01:38:00,Thursday,Keele and Lawrence,Investigation,18,36,E/B,8375
2019-07-25,116,01:48:00,Thursday,Kennedy Stn,Utilized Off Route,10,20,E/B,8810
2019-07-25,85,01:50:00,Thursday,Don Mills Station,Diversion,10,20,EB,3456
2019-07-25,300,01:58:00,Thursday,Danforth and St Clair,Emergency Services,20,40,WB,3558
2019-07-25,300,03:00:00,Thursday,Danforth and Danforth to Terminal 3,General Delay,20,40,WB,8781
2019-07-25,335,03:02:00,Thursday,Jane at St.Johns,Emergency Services,14,1,S/B,3178
2019-07-25,300,03:16:00,Thursday,Bloor and Spadina,Mechanical,20,40,WB,1090
2019-07-25,320,04:36:00,Thursday,Yonge and Eglinton,Mechanical,15,15,N/B,8201
2019-07-25,939,05:00:00,Thursday,939 Finch Express-All Branch,General Delay,12,24,B/W,1414
2019-07-25,39,05:00:00,Thursday,39 Finch Route-All Branch,General Delay,18,36,B/W,1566
2019-07-25,704,05:17:00,Thursday,Jane and Wilson,Mechanical,1,1,W/B,3215
2019-07-25,52,05:27:00,Thursday,Lawrence & Black Creek,Diversion,90,112,E/B,
2019-07-25,41,05:28:00,Thursday,Presto Front,Mechanical,0,0,S/B,9019
2019-07-25,8,06:00:00,Thursday,Plains Road and Broadview station,General Delay,5,1,B/W,
2019-07-25,17,06:00:00,Thursday,Eglinton,Diversion,999,999,B/W,
2019-07-25,91,06:00:00,Thursday,Bermondsay and Eglinton,Diversion,999,999,B/W,
2019-07-25,43,06:09:00,Thursday,Kennedy Station,Utilized Off Route,1,1,N/B,8872
2019-07-25,43,06:10:00,Thursday,Scarborough Town Station,Mechanical,17,25,EW,8822
2019-07-25,941,06:14:00,Thursday,Keele Express Route,Mechanical,1,1,N/B,1002
2019-07-25,104,06:15:00,Thursday,Sheppard W Station,Mechanical,18,36,S/B,8371
2019-07-25,5,06:20:00,Thursday,Avenue Rd and Dupont,Mechanical,19,32,S/B,8369
2019-07-25,54,06:23:00,Thursday,Eglinton Station,Utilized Off Route,8,17,E/B,8856
2019-07-25,161,06:30:00,Thursday,Rogers Route,Mechanical,1,1,N/B,1050
2019-07-25,89,06:32:00,Thursday,Weston Rd,Mechanical,1,1,N/B,1093
2019-07-25,6,06:37:00,Thursday,Bay and Bloor,Mechanical,5,11,N/B,1068
2019-07-25,165,06:40:00,Thursday,Jane and Wilson,Mechanical,1,1,W/B,3187
2019-07-25,70,06:40:00,Thursday,St. Clair/Selwyn,Diversion,102,120,B/W,
2019-07-25,100,06:46:00,Thursday,Don Mills and Wynford,Mechanical,4,7,W/B,8929
2019-07-25,23,06:47:00,Thursday,Rexleigh and St Clair,Diversion,96,103,E/B,
2019-07-25,903,06:52:00,Thursday,Kennedy STN,Mechanical,11,22,E/B,8799
2019-07-25,38,07:17:00,Thursday,Scarborough Town Centre,Mechanical,1,1,E/B,1239
2019-07-25,14,07:24:00,Thursday,Glencairn Route,Mechanical,1,1,W/B,1353
2019-07-25,79,07:33:00,Thursday,SB on Runnymede at Dundas,Mechanical,10,20,S/B,1258
2019-07-25,63,07:40:00,Thursday,King,Utilized Off Route,10,19,E/B,8158
2019-07-25,47,07:42:00,Thursday,Orfus and Caledonia,Mechanical,20,44,S/B,1378
2019-07-25,89,07:50:00,Thursday,Weston Rd Route,Mechanical,1,1,N/B,1082
2019-07-25,34,08:01:00,Thursday,Kennedy Station,Mechanical,6,13,W/B,8701
2019-07-25,52,08:10:00,Thursday,Lawrence Station,Mechanical,12,24,W/B,8198
2019-07-25,21,08:15:00,Thursday,Sarborough Town Centre,Mechanical,1,1,N/B,3488
2019-07-25,989,08:16:00,Thursday,Weston Rd Express,Mechanical,1,1,N/B,1416
2019-07-25,95,08:26:00,Thursday,Ellsmere RT Station,Mechanical,10,20,E/B,1530
2019-07-25,89,08:30:00,Thursday,Weston Rd /  ++Express Route,General Delay,10,20,B/W,
2019-07-25,20,08:35:00,Thursday,Birchmount and Highview,Mechanical,11,22,N/B,8503
2019-07-25,131,08:49:00,Thursday,Sheppard and McCowan,Mechanical,1,1,B/W,1299
2019-07-25,116,08:54:00,Thursday,Guildwood and Morningsde,Diversion,30,36,E/B,
2019-07-25,16,08:55:00,Thursday,Warden Station,Investigation,12,24,N/B,9237
2019-07-25,64,08:58:00,Thursday,Queen and Wineva,Utilized Off Route,10,20,N/B,3110
2019-07-25,41,09:00:00,Thursday,Keele / ++ Express Route,General Delay,20,30,B/W,
2019-07-25,92,09:30:00,Thursday,Woodbine station to Ashbridge Bay Loop,General Delay,10,15,B/W,
2019-07-25,42,09:32:00,Thursday,Kennedy and Mcnicoll,Investigation,11,23,S/B,8180
2019-07-25,35,09:44:00,Thursday,Jane and Stanley,Investigation,5,9,S/B,3528
2019-07-25,38,09:46:00,Thursday,Scarborough Town Centre,Mechanical,1,1,E/B,1366
2019-07-25,102,10:00:00,Thursday,Markham Route,General Delay,15,1,B/W,
2019-07-25,85,10:00:00,Thursday,Don Mills Station to Sheppard/Yonge Station,General Delay,22,44,bw,
2019-07-25,85,10:00:00,Thursday,Rouge Hill Go Station to Don Mills Station,General Delay,28,56,bw,
2019-07-25,41,10:09:00,Thursday,Keele Route,Mechanical,1,1,N/B,9024
2019-07-25,39,10:10:00,Thursday,McCowan and Finch Stn,Emergency Services,6,12,E/B,1501
2019-07-25,102,10:13:00,Thursday,401 and Markham,Diversion,60,80,N/B,
2019-07-25,41,10:39:00,Thursday,Keele Route,Mechanical,1,1,N/B,9142
2019-07-25,86,10:45:00,Thursday,Metro Toronto Zoo,Emergency Services,10,20,W/B,8791
2019-07-25,39,11:00:00,Thursday,Finch and Markham Rd,Diversion,35,53,E/B,3439
2019-07-25,41,11:02:00,Thursday,Keele Station,Mechanical,9,18,N/B,9143
2019-07-25,29,11:20:00,Thursday,Dufferin and Eginton,Investigation,7,15,S/B,9037
2019-07-25,32,11:26:00,Thursday,Eglinton at Weston,Investigation,13,26,W/B,1380
2019-07-25,22,11:26:00,Thursday,coxwell stn,Mechanical,8,16,N/B,8533
2019-07-25,66,11:31:00,Thursday,old mill station,Investigation,24,48,S/B,8042
2019-07-25,40,11:31:00,Thursday,glenlake and dundas,Diversion,10,20,N/B,8459
2019-07-25,35,12:00:00,Thursday,Both way,General Delay,5,20,B/W,
2019-07-25,32,12:33:00,Thursday,Keele at Eglinton,Mechanical,1,1,W/B,1536
2019-07-25,96,12:48:00,Thursday,Wilson and Wendell,Investigation,20,40,W/B,3329
2019-07-25,34,12:53:00,Thursday,Kennedy Station,Mechanical,8,16,W/B,8805
2019-07-25,96,12:58:00,Thursday,Wilson Station,Mechanical,20,40,E/B,3164
2019-07-25,939,13:04:00,Thursday,STC Station,Mechanical,9,18,E/B,1255
2019-07-25,56,13:27:00,Thursday,Yonge & Eglinton,Investigation,17,34,W/B,8201
2019-07-25,41,13:36:00,Thursday,Poineer Village Station,Mechanical,9,18,S/B,9145
2019-07-25,83,14:00:00,Thursday,Donlands Station to lakeshore garage,General Delay,10,15,B/W,
2019-07-25,97,14:00:00,Thursday,Route 97,General Delay,18,48,B/W,
2019-07-25,15,14:00:00,Thursday,Sherway Gardens to Mill Road Loop,General Delay,15,25,B/W,
2019-07-25,80,14:00:00,Thursday,Keele Station to Sherway Gardens,General Delay,15,39,B/W,
2019-07-25,73,14:00:00,Thursday,royal york and queensway,General Delay,14,28,S/B,8038
2019-07-25,42,14:00:00,Thursday,Route 42,General Delay,12,20,B/W,
2019-07-25,61,14:00:00,Thursday,Route 61,General Delay,13,28,B/W,
2019-07-25,88,14:00:00,Thursday,Route 88,General Delay,6,16,B/W,
2019-07-25,34,14:00:00,Thursday,Warden and Eglinton,General Delay,11,19,W/B,
2019-07-25,11,14:00:00,Thursday,Davissville station to York mills,General Delay,14,28,B/W,
2019-07-25,134,14:05:00,Thursday,Scarborough Town Center,Mechanical,9,17,E/B,9091
2019-07-25,108,14:11:00,Thursday,Driftwood and Futura,Emergency Services,7,14,E/B,3357
2019-07-25,75,14:30:00,Thursday,Lower Jarvis and Queens Quay,General Delay,12,19,B/W,
2019-07-25,34,14:31:00,Thursday,Lebovic and Eglinton,Diversion,25,33,W/B,
2019-07-25,91,14:42:00,Thursday,Woodbine Station,Mechanical,16,32,N/B,8497
2019-07-25,85,14:47:00,Thursday,Markham and Sheppard,Diversion,40,56,E/B,
2019-07-25,52,14:56:00,Thursday,Allen & Lawrence,General Delay,29,35,B/W,
2019-07-25,925,14:56:00,Thursday,Pape station,Mechanical,8,16,B/W,8860
2019-07-25,134,15:00:00,Thursday,Bus Transportation,Mechanical,1,1,N/B,9069
2019-07-25,63,15:00:00,Thursday,King and Shaw,Mechanical,1,1,S/B,8123
2019-07-25,39,15:00:00,Thursday,Neilson and Crow trail,Mechanical,7,14,W/B,1308
2019-07-25,113,15:03:00,Thursday,kennedy Station,Vision,11,22,W/B,9218
2019-07-25,939,15:06:00,Thursday,Morning Side and Night Star,Diversion,15,15,W/B,3449
2019-07-25,989,15:10:00,Thursday,Keele Station,Mechanical,10,20,N/B,1419
2019-07-25,42,15:13:00,Thursday,Finch stn,Mechanical,16,32,E/B,8196
2019-07-25,165,15:15:00,Thursday,Weston and Flindon,Investigation,10,20,E/B,3341
2019-07-25,52,15:24:00,Thursday,Lawrence W stn,Mechanical,17,32,W/B,8120
2019-07-25,109,15:30:00,Thursday,Allen and Eglinton,General Delay,10,24,B/W,
2019-07-25,116,15:34:00,Thursday,Morrish Rd/Ellesmere Rd,Vision,18,33,S/B,8935
2019-07-25,29,15:40:00,Thursday,Wilson Station,Investigation,7,15,S/B,9045
2019-07-25,7,15:45:00,Thursday,Bathrust and Ellerslie,Mechanical,7,15,N/B,8130
2019-07-25,35,15:48:00,Thursday,Jane & Driftwood,Investigation,10,20,S/B,3232
2019-07-25,985,15:50:00,Thursday,Malvern Gate,Mechanical,12,21,E/B,9081
2019-07-25,34,15:54:00,Thursday,Eglinton Stn,Mechanical,9,18,E/B,8740
2019-07-25,44,15:55:00,Thursday,Kipling station,Mechanical,6,12,S/B,8063
2019-07-25,161,15:55:00,Thursday,Rogers Route,Mechanical,1,1,N/B,1036
2019-07-25,925,16:00:00,Thursday,Bus Transportation,Mechanical,1,1,N/B,8625
2019-07-25,89,16:00:00,Thursday,Entire Route,General Delay,25,35,B/W,
2019-07-25,82,16:00:00,Thursday,Rosedale Station to SUMMERHILL AVE. AT MACLENNAN AVE.,General Delay,20,40,B/W,
2019-07-25,41,16:00:00,Thursday,Entire Route,General Delay,20,31,N/B,
2019-07-25,17,16:00:00,Thursday,Birchmount Route (Eglinton Both Directions),General Delay,10,20,B/W,
2019-07-25,600,16:00:00,Thursday,Bathrust and Ellerslie ave,Mechanical,1,1,N/B,8130
2019-07-25,986,16:00:00,Thursday,Kingston Rd (Galloway to Lawson),General Delay,15,25,B/W,
2019-07-25,111,16:10:00,Thursday,Kipling Station,Utilized Off Route,10,20,S/B,8050
2019-07-25,944,16:10:00,Thursday,Kipling Station,Utilized Off Route,12,24,S/B,8034
2019-07-25,86,16:14:00,Thursday,Kennedy STN,Utilized Off Route,16,32,E/B,8926
2019-07-25,44,16:17:00,Thursday,Kipling station,Mechanical,6,12,S/B,8419
2019-07-25,145,16:20:00,Thursday,richmond and spadina,General Delay,35,60,W/B,8076
2019-07-25,92,16:20:00,Thursday,Woodbine and Queen,Investigation,9,19,N/B,9224
2019-07-25,92,16:25:00,Thursday,Woodbine and Kingston,Investigation,10,19,N/B,3122
2019-07-25,945,16:25:00,Thursday,Kipling,Mechanical,1,1,S/B,8607
2019-07-25,23,16:27:00,Thursday,St Clair and Plaxton,Investigation,7,14,E/B,8486
2019-07-25,941,16:34:00,Thursday,Finch West stn,Utilized Off Route,1,1,N/B,1614
2019-07-25,116,16:35:00,Thursday,Kennedy STN,Utilized Off Route,7,13,E/B,8654
2019-07-25,43,16:37:00,Thursday,Midland and Steeles,Mechanical,10,19,N/B,8855
2019-07-25,53,16:42:00,Thursday,Middlefield and Steeles,Mechanical,5,11,E/B,3408
2019-07-25,7,16:45:00,Thursday,Bathrust and Finch,General Delay,7,15,S/B,
2019-07-25,129,16:45:00,Thursday,Scarb. Town Centre to McCowan/Steeles and McCowan/Mackenzie,General Delay,20,40,B/W,
2019-07-25,91,16:49:00,Thursday,O Connor and Glenwood,Investigation,13,26,S/B,3155
2019-07-25,939,16:53:00,Thursday,Finch Route,Mechanical,1,1,W/B,1652
2019-07-25,900,16:54:00,Thursday,Terminal 3,Investigation,7,14,S/B,8000
2019-07-25,32,17:05:00,Thursday,Eglinton and Avenue Rd,Mechanical,1,1,W/B,1202
2019-07-25,112,17:12:00,Thursday,Westmall and Wellesworth,Mechanical,20,40,S/B,8462
2019-07-25,169,17:19:00,Thursday,Don Mill Station,Mechanical,1,1,N/B,8391
2019-07-25,51,17:28:00,Thursday,Freshmeadow dr and Don mills,Diversion,117,135,W/B,8160
2019-07-25,63,17:36:00,Thursday,Oakwood Loop,Investigation,8,16,S/B,1368
2019-07-25,63,17:36:00,Thursday,Oakwood loop,Investigation,8,16,S/B,1250
2019-07-25,12,17:37:00,Thursday,danforth / Victoria Park,Investigation,24,48,N/B,8580
2019-07-25,952,17:38:00,Thursday,Lawasrence W / Keele,Mechanical,12,24,W/B,8213
2019-07-25,953,17:50:00,Thursday,Steeles and Don Mills,Diversion,103,118,W/B,9092
2019-07-25,53,17:50:00,Thursday,Don Mills and Steeles,Diversion,103,115,W/B,1534
2019-07-25,53,17:50:00,Thursday,Finchg Station to Morningside and Finch,General Delay,18,28,B/W,
2019-07-25,985,18:00:00,Thursday,Don Mills Station to Sheppard Loop and Scarborough Town Center,General Delay,15,27,B/W,
2019-07-25,41,18:05:00,Thursday,Keele / Rogers,Investigation,11,22,N/B,1614
2019-07-25,129,18:07:00,Thursday,Scarb. Town Centre,Utilized Off Route,5,10,N/B,1292
2019-07-25,63,18:15:00,Thursday,Bothway on route 63,General Delay,22,30,B/W,
2019-07-25,953,18:17:00,Thursday,Finch Station to Morningside and Finch,General Delay,18,28,B/W,
2019-07-25,38,18:29:00,Thursday,Rouge Hill Go Stn,Utilized Off Route,15,30,W/B,3456
2019-07-25,41,18:30:00,Thursday,Keele / Finch,Mechanical,11,22,N/B,1358
2019-07-25,34,18:46:00,Thursday,Eglinton/Bayview,Investigation,9,18,E/B,8656
2019-07-25,40,19:00:00,Thursday,Dundas West Station to Runnymede Loop,General Delay,15,25,B/W,
2019-07-25,45,19:20:00,Thursday,Kipling station,Utilized Off Route,9,18,N/B,8427
2019-07-25,600,19:20:00,Thursday,Sheppard West station,Utilized Off Route,1,1,E/B,8150
2019-07-25,7,19:22:00,Thursday,Bathrust station,Utilized Off Route,7,15,N/B,8393
2019-07-25,34,19:22:00,Thursday,Eglinton Station,Utilized Off Route,9,18,E/B,8769
2019-07-25,927,19:23:00,Thursday,Kipling Station,Utilized Off Route,1,1,N/B,3263
2019-07-25,25,19:23:00,Thursday,Pape station,Utilized Off Route,5,11,S/B,8916
2019-07-25,56,19:23:00,Thursday,Donlands stn,Utilized Off Route,20,40,N/B,8348
2019-07-25,32,19:24:00,Thursday,Eglinton Station,Utilized Off Route,10,20,W/B,1416
2019-07-25,100,19:24:00,Thursday,Broadview Stn,Utilized Off Route,9,18,N/B,8824
2019-07-25,35,19:25:00,Thursday,JNST - Jane Stn,Utilized Off Route,9,18,N/B,3522
2019-07-25,600,19:25:00,Thursday,Bay and Bloor,Utilized Off Route,1,1,N/B,1045
2019-07-25,94,19:25:00,Thursday,Castle Frank stn,Utilized Off Route,10,19,W/B,1111
2019-07-25,929,19:27:00,Thursday,Bloor and Dufferin,Utilized Off Route,10,20,S/B,9009
2019-07-25,53,19:27:00,Thursday,Finch Station,Utilized Off Route,10,15,W/B,1398
2019-07-25,22,19:27:00,Thursday,Coxwell and Gerrard,Utilized Off Route,10,20,S/B,3148
2019-07-25,706,19:28:00,Thursday,Woodbine Station,Utilized Off Route,1,1,N/B,8483
2019-07-25,84,19:28:00,Thursday,Sheppard and Keele,Utilized Off Route,7,14,W/B,3293
2019-07-25,6,19:28:00,Thursday,Bathurst and Davenport,Utilized Off Route,1,1,W/B,1068
2019-07-25,75,19:28:00,Thursday,Bloor and Sherbourne,Utilized Off Route,13,26,S/B,8376
2019-07-25,37,19:30:00,Thursday,Islington station,Utilized Off Route,20,40,N/B,8027
2019-07-25,94,19:30:00,Thursday,Castle Frank stn,Utilized Off Route,10,20,W/B,1576
2019-07-25,108,19:30:00,Thursday,Sheppard W Stn,Utilized Off Route,1,1,,3194
2019-07-25,87,19:31:00,Thursday,Broadview Station,Utilized Off Route,10,20,E/B,3139
2019-07-25,25,19:32:00,Thursday,Pape station,Utilized Off Route,5,11,S/B,8804
2019-07-25,34,19:32:00,Thursday,Eglinton Station,Utilized Off Route,6,12,E/B,8734
2019-07-25,702,19:33:00,Thursday,Islington Station,Utilized Off Route,1,2,N/B,8422
2019-07-25,607,19:35:00,Thursday,STC,Utilized Off Route,1,1,S/B,1639
2019-07-25,63,19:35:00,Thursday,Ossington station,Utilized Off Route,10,21,N/B,8129
2019-07-25,35,19:35:00,Thursday,JNST - Jane Stn,Utilized Off Route,1,1,N/B,3705
2019-07-25,54,19:35:00,Thursday,Eglinton Station,Utilized Off Route,12,24,E/B,8639
2019-07-25,162,19:36:00,Thursday,Lawrence stn,Utilized Off Route,,,E/B,8115
2019-07-25,95,19:40:00,Thursday,York Mills Station,Utilized Off Route,14,28,EB,3529
2019-07-25,97,19:42:00,Thursday,Davisville stn,Utilized Off Route,15,30,N/B,1376
2019-07-25,52,20:37:00,Thursday,The Westway/Martin grove,Mechanical,12,23,E/B,8332
2019-07-25,52,20:41:00,Thursday,Dixon/Islington,Investigation,12,23,W/B,8360
2019-07-25,32,21:04:00,Thursday,Eglinton Station,Mechanical,10,20,W/B,1416
2019-07-25,54,21:13:00,Thursday,Lawrence and Elinor,Mechanical,11,23,W/B,8787
2019-07-25,35,21:20:00,Thursday,Jane & Eddystone,Diversion,10,20,N/B,3273
2019-07-25,935,21:20:00,Thursday,Jane & Eddystone,Diversion,10,20,N/B,3504
2019-07-25,7,21:34:00,Thursday,Grennwin and Bathrust,Mechanical,7,15,N/B,8351
2019-07-25,116,21:35:00,Thursday,Kingston Rd/Guildwood Pkwy,Mechanical,10,20,W/B,8894
2019-07-25,39,21:36:00,Thursday,Littles and Sewells,Mechanical,8,16,W/B,1386
2019-07-25,32,21:48:00,Thursday,Fairbank and Eglinton,Mechanical,10,20,W/B,1125
2019-07-25,87,22:15:00,Thursday,Main Station,Mechanical,10,20,W/B,8962
2019-07-25,925,22:16:00,Thursday,Don Mills station,Diversion,1,1,B/W,
2019-07-25,25,22:16:00,Thursday,Don Mills station,Diversion,1,1,B/W,
2019-07-25,85,22:19:00,Thursday,Don Mills Station,Diversion,23,39,W/B,
2019-07-25,112,22:20:00,Thursday,Dundas and the Eastmall,Investigation,13,26,N/B,8021
2019-07-25,167,22:26:00,Thursday,Don Mills Station,Diversion,25,55,N/B,
2019-07-25,33,22:40:00,Thursday,St clair west station,Utilized Off Route,20,40,N/B,8365
2019-07-25,112,22:50:00,Thursday,Rathburn and The Westmall,Diversion,1,1,N/B,7975
2019-07-25,95,23:05:00,Thursday,York Mills Station,Mechanical,10,20,EB,1530
2019-07-25,64,23:15:00,Thursday,Queen and Lee,Investigation,20,40,N/B,8465
2019-07-25,116,23:18:00,Thursday,Morningside Ave/Nightstar Rd,Mechanical,10,20,S/B,8635
2019-07-25,102,23:30:00,Thursday,Warden station,Utilized Off Route,10,20,N/B,8569
2019-07-25,63,23:38:00,Thursday,Atlantic and King,Utilized Off Route,10,20,N/B,8341
2019-07-25,94,23:40:00,Thursday,Wellesley and Church,Utilized Off Route,10,20,E/B,1051
2019-07-26,25,00:01:00,Friday,Pape station,Utilized Off Route,9,18,S/B,8633
2019-07-26,95,00:03:00,Friday,York Mills Station,Mechanical,10,20,EB,3527
2019-07-26,29,00:11:00,Friday,Dufferin and Dupont,Mechanical,8,15,S/B,9136
2019-07-26,39,02:01:00,Friday,Finch Station,Mechanical,9,18,EB,1392
2019-07-26,334,02:36:00,Friday,Eglinton and Victoria Park,Diversion,30,60,BW,8768
2019-07-26,300,03:00:00,Friday,Kennedy Station,General Delay,20,40,BW,8631
2019-07-26,315,03:01:00,Friday,Evans at Eastwick,Diversion,30,60,W/B,
2019-07-26,320,03:43:00,Friday,Yonge at Finch,Emergency Services,4,7,W/B,8566
2019-07-26,300,04:00:00,Friday,300 Bloor Night Service,General Delay,30,60,B/W,8950
2019-07-26,300,04:00:00,Friday,300 Bloor Night Bus- All Branches,General Delay,30,60,B/W,3402
2019-07-26,17,05:04:00,Friday,Birchmount/ Eglinton,Diversion,999,999,B/W,3153
2019-07-26,41,05:05:00,Friday,Keele Station,Mechanical,15,35,N/B,9048
2019-07-26,91,05:06:00,Friday,Eglinton,Diversion,999,999,B/W,8518
2019-07-26,22,05:21:00,Friday,Upper Gerrard,Diversion,999,999,B/W,8589
2019-07-26,35,05:25:00,Friday,Jane and Woolner,Mechanical,1,1,N/B,3475
2019-07-26,43,05:39:00,Friday,Kennedy Station,Utilized Off Route,10,28,N/B,8661
2019-07-26,315,05:43:00,Friday,Bloor and Islington,Mechanical,30,60,N/B,8091
2019-07-26,43,06:09:00,Friday,Kennedy Station,Utilized Off Route,10,20,N/B,8653
2019-07-26,68,06:16:00,Friday,Warden Station,Mechanical,20,33,N/B,8786
2019-07-26,100,06:25:00,Friday,Don Mills and Wynfod,Mechanical,3,7,W/B,8936
2019-07-26,74,06:30:00,Friday,St Clair Stn,Utilized Off Route,15,30,,8219
2019-07-26,82,06:30:00,Friday,Rosedale Station to SUMMERHILL AVE. AT MACLENNAN AVE.,General Delay,10,30,B/W,
2019-07-26,41,06:32:00,Friday,Keele Station,Mechanical,11,22,N/B,9150
2019-07-26,79,06:36:00,Friday,Jane and Foxwell,Diversion,94,108,B/W,
2019-07-26,160,06:43:00,Friday,Wilson Station,Mechanical,20,40,N/B,1309
2019-07-26,68,07:00:00,Friday,Warden Station,Mechanical,1,1,N/B,8939
2019-07-26,985,07:01:00,Friday,STC,Mechanical,12,24,W/B,9084
2019-07-26,939,07:08:00,Friday,Birchmount and Finch,Mechanical,1,1,B/W,3472
2019-07-26,36,07:08:00,Friday,Finch and Driftwood,Mechanical,9,18,E/B,9126
2019-07-26,39,07:10:00,Friday,Birchmount and Finch,Mechanical,1,1,B/W,3450
2019-07-26,989,07:15:00,Friday,Albion at Weston,Mechanical,13,26,S/B,1378
2019-07-26,95,07:15:00,Friday,Ellesmere Rd/Victoria Park,Mechanical,1,1,E/B,1716
2019-07-26,60,07:18:00,Friday,Steeles and Bathurst,Mechanical,8,16,W/B,3178
2019-07-26,601,07:21:00,Friday,Eglinton Station,Utilized Off Route,1,1,S/B,1367
2019-07-26,600,07:22:00,Friday,Keele at Annette,Utilized Off Route,1,1,N/B,1202
2019-07-26,63,07:25:00,Friday,King and Atlantic,Utilized Off Route,7,14,N/B,8365
2019-07-26,68,07:30:00,Friday,Warden Station,Mechanical,1,1,N/B,8799
2019-07-26,132,07:40:00,Friday,Scarborough Town Centre,Investigation,12,25,E/B,1728
2019-07-26,129,07:44:00,Friday,Steeles/Mccowan,Mechanical,10,16,S/B,1232
2019-07-26,601,07:46:00,Friday,St clair Station,Utilized Off Route,1,1,S/B,1367
2019-07-26,88,08:02:00,Friday,St Clair and Yonge,Utilized Off Route,6,11,E/B,1347
2019-07-26,24,08:25:00,Friday,St.Clair,Investigation,0,0,B/W,8537
2019-07-26,953,08:47:00,Friday,Warden and Steeles,Mechanical,1,1,B/W,9068
2019-07-26,903,08:55:00,Friday,Eglinton E Westbound at Brimley,Diversion,1,1,S/B,
2019-07-26,89,08:56:00,Friday,Keele Station,Mechanical,6,12,N/B,1553
2019-07-26,41,09:00:00,Friday,Keele Route / +++ Keele Express,General Delay,20,30,B/W,
2019-07-26,89,09:00:00,Friday,Keele Route // +++ Keele Exprss,General Delay,20,30,B/W,
2019-07-26,610,09:03:00,Friday,PAPE STATION,Utilized Off Route,1,1,N/B,8671
2019-07-26,706,09:05:00,Friday,Gerrard and Victoria park,Utilized Off Route,1,1,W/B,9218
2019-07-26,610,09:06:00,Friday,Kennedy Station,Utilized Off Route,1,1,E/B,8890
2019-07-26,600,09:08:00,Friday,Don Mills Station,Utilized Off Route,1,1,E/B,3531
2019-07-26,600,09:09:00,Friday,STC Station,Utilized Off Route,1,1,E/B,3540
2019-07-26,22,09:14:00,Friday,Coxwell Station,Utilized Off Route,8,16,S/B,3148
2019-07-26,900,09:25:00,Friday,KIPLING STN,Mechanical,7,14,E/B,8008
2019-07-26,26,09:30:00,Friday,Old Mill Station,Mechanical,1,1,E/B,1407
2019-07-26,925,09:34:00,Friday,DON MILLS STATION,Emergency Services,9,17,N/B,8881
2019-07-26,6,10:00:00,Friday,Queen's Quay,Mechanical,1,1,N/B,1108
2019-07-26,929,10:05:00,Friday,St Clair and Dufferin,Mechanical,1,1,N/B,9018
2019-07-26,32,10:12:00,Friday,Eglinton Station,Utilized Off Route,11,22,W/B,1101
2019-07-26,52,10:22:00,Friday,Lawrence and Benton,Mechanical,15,30,E/B,1229
2019-07-26,929,10:30:00,Friday,Eglinton and Dufferin,General Delay,20,30,B/W,
2019-07-26,92,10:30:00,Friday,Woodbine Station to Ashbridge bay,General Delay,10,15,B/W,
2019-07-26,41,10:40:00,Friday,Keele Station,Mechanical,10,20,N/B,9020
2019-07-26,41,10:50:00,Friday,Keele at Broadoaks Dr,Investigation,9,18,S/B,1129
2019-07-26,45,10:54:00,Friday,KIPLING AND JOHN GARLAND,Mechanical,10,20,S/B,7978
2019-07-26,53,11:03:00,Friday,Steeles and Markham Rd,Investigation,5,10,E/B,3440
2019-07-26,105,11:20:00,Friday,Sheppard w Station,Mechanical,1,1,N/B,8345
2019-07-26,36,11:23:00,Friday,Finch station,Mechanical,8,16,E/B,9122
2019-07-26,25,11:34:00,Friday,PAPE STATION,Investigation,9,18,N/B,8790
2019-07-26,929,11:40:00,Friday,Dundas and Dufferin,Diversion,10,25,S/B,
2019-07-26,29,11:40:00,Friday,Dundas and Dufferin,Diversion,15,25,S/B,
2019-07-26,29,12:00:00,Friday,Dufferin /  Eglinton   and Dufferin / Lawrence,General Delay,20,28,N/B,
2019-07-26,30,12:00:00,Friday,ENTIRE ROUTE,General Delay,30,50,B/W,
2019-07-26,37,12:08:00,Friday,Islington Station,Mechanical,10,20,N/B,8429
2019-07-26,80,12:09:00,Friday,Parkside and Howard Park,Investigation,24,48,S/B,7969
2019-07-26,57,12:20:00,Friday,Midland and Sheppard,Mechanical,12,23,S/B,8721
2019-07-26,925,12:28:00,Friday,DON MILLS STATION,Mechanical,10,20,N/B,8901
2019-07-26,106,12:30:00,Friday,Sheppard W Station,Investigation,13,26,W/B,1319
2019-07-26,36,12:34:00,Friday,Humberline Drive and Humber College,Investigation,5,10,E/B,9132
2019-07-26,61,12:45:00,Friday,Avenue rd & Eglinton ave west,Investigation,15,30,,1368
2019-07-26,54,12:53:00,Friday,Lawrence & Warden,Mechanical,13,26,E/B,8937
2019-07-26,44,12:57:00,Friday,COL SAM SMITH LOOP,Mechanical,8,16,N/B,8063
2019-07-26,63,13:20:00,Friday,Ossington Station,Mechanical,8,16,N/B,1214
2019-07-26,54,13:20:00,Friday,Lawrence Station - Line 3,Mechanical,13,26,W/B,8757
2019-07-26,935,13:20:00,Friday,Pioneer Village Station to Jane Station,General Delay,26,37,B/W,
2019-07-26,35,13:20:00,Friday,Pioneer Village Station to Jane Station,General Delay,25,32,B/W,
2019-07-26,36,13:23:00,Friday,Keele and Finch,Investigation,5,10,E/B,9108
2019-07-26,41,13:25:00,Friday,Keele Station,Mechanical,9,18,N/B,1129
2019-07-26,70,13:26:00,Friday,COXWELL/QUEENSDALE,Emergency Services,18,36,E/B,8809
2019-07-26,73,13:26:00,Friday,Royal York Station,Mechanical,10,20,S/B,8405
2019-07-26,117,13:39:00,Friday,Martin Ross and Alness,Diversion,1,1,B/W,
2019-07-26,80,14:00:00,Friday,Keele Station to Sherway Gardens,General Delay,15,39,B/W,
2019-07-26,95,14:00:00,Friday,"Kingston Road, Ellesmere RT- York Mills Station",General Delay,11,22,B/W,
2019-07-26,97,14:00:00,Friday,Route 97,General Delay,97,23,B/W,
2019-07-26,83,14:00:00,Friday,Donlands Station to Lakeshore Garage,General Delay,10,15,B/W,
2019-07-26,16,14:00:00,Friday,Warden Station to Scarborough Town Centre,General Delay,10,15,B/W,
2019-07-26,61,14:00:00,Friday,Route 61,General Delay,13,26,B/W,
2019-07-26,118,14:10:00,Friday,Wilson Stn,Mechanical,21,42,W/B,3292
2019-07-26,71,14:11:00,Friday,Eglinton and Weston road,Mechanical,1,1,E/B,1042
2019-07-26,36,14:23:00,Friday,FWSTN,Mechanical,7,14,E/B,3267
2019-07-26,43,14:24:00,Friday,Kennedy Station,Mechanical,10,20,N/B,8705
2019-07-26,32,14:24:00,Friday,,Mechanical,1,1,E/B,1040
2019-07-26,21,14:37:00,Friday,Brimley/Sheppard,Investigation,12,24,N/B,3537
2019-07-26,29,14:39:00,Friday,Exhibition Loop,Mechanical,8,17,N/B,9056
2019-07-26,32,14:54:00,Friday,KEEG,Mechanical,1,1,E/B,1345
2019-07-26,85,15:00:00,Friday,Sheppard Stn to Don Mills Stn,General Delay,12,24,B/W,
2019-07-26,32,15:00:00,Friday,Jane and Eglinton,Utilized Off Route,9,19,W/B,1000
2019-07-26,995,15:00:00,Friday,College to York Mills Station,General Delay,14,28,B/W,
2019-07-26,953,15:00:00,Friday,Kennedy and Finch,Investigation,15,30,W/B,9063
2019-07-26,122,15:07:00,Friday,Duncan Mill/Valleybrook,Mechanical,14,28,W/B,8126
2019-07-26,134,15:14:00,Friday,Progress and Markham,Mechanical,8,15,E/B,9075
2019-07-26,92,15:19:00,Friday,Gerrard / Woodbine,Investigation,9,18,N/B,8944
2019-07-26,92,15:23:00,Friday,Gerrard,Investigation,12,24,N/B,8944
2019-07-26,31,15:30:00,Friday,Greenwood Station,Mechanical,9,18,N/B,8545
2019-07-26,24,16:13:00,Friday,Steeles Loop,Mechanical,9,18,S/B,8582
2019-07-26,71,16:20:00,Friday,St. Clair and Runnymede,Mechanical,1,1,S/B,1023
2019-07-26,32,16:21:00,Friday,Marlee and Eglinton,Mechanical,1,1,E/B,1586
2019-07-26,95,16:50:00,Friday,Leslie and Yorkmills,Mechanical,11,22,E/B,1318
2019-07-26,71,17:00:00,Friday,Annette and Runnymede,Mechanical,1,1,S/B,1091
2019-07-26,64,17:11:00,Friday,Main station,Mechanical,8,16,S/B,8552
2019-07-26,925,17:15:00,Friday,Don Mills & The Donway (below Lawrence),Investigation,8,16,N/B,8734
2019-07-26,36,17:24:00,Friday,Signet and Finch,Investigation,13,26,W/B,3564
2019-07-26,985,17:26:00,Friday,Sheppard and Idagrove,Investigation,12,24,E/B,9087
2019-07-26,63,17:30:00,Friday,Entire 63 route bothways,General Delay,18,26,B/W,
2019-07-26,85,17:30:00,Friday,Midland and Sheppard,General Delay,16,32,E/B,
2019-07-26,133,17:34:00,Friday,Neilson and McLevin,Investigation,9,18,N/B,3535
2019-07-26,116,17:36:00,Friday,Morningside and Sheppard,Investigation,7,13,NB,8893
2019-07-26,73,17:51:00,Friday,Royal York Station,Investigation,14,28,S/B,7968
2019-07-26,986,18:06:00,Friday,Kennedy Station,Mechanical,10,20,EB,8662
2019-07-26,41,18:07:00,Friday,Glenlake and Keele,Mechanical,14,30,N/B,9027
2019-07-26,129,18:07:00,Friday,Scarb. Town Centre,Utilized Off Route,5,10,N/B,3433
2019-07-26,989,18:08:00,Friday,Church and Weston,Mechanical,10,20,S/B,1056
2019-07-26,32,18:12:00,Friday,PINE,Utilized Off Route,12,24,E/B,1529
2019-07-26,169,18:24:00,Friday,Don Mills station,Mechanical,1,1,E/B,1321
2019-07-26,116,18:33:00,Friday,Kennedy Station,Utilized Off Route,7,13,EB,8652
2019-07-26,34,18:36:00,Friday,Eglinton Ave E/Victoria Park Ave,Diversion,503,513,B/W,
2019-07-26,34,18:36:00,Friday,Eglinton Ave E/Victoria Park Ave,Emergency Services,6,13,E/B,8856
2019-07-26,34,18:40:00,Friday,Eglinton Ave E/Victoria Park Ave,Emergency Services,6,13,E/B,8681
2019-07-26,24,18:43:00,Friday,Eglinton / Victoria Park,Diversion,69,78,S/B,
2019-07-26,106,18:58:00,Friday,Sheppard Ave and Sentinal,Mechanical,1,1,E/B,8328
2019-07-26,142,19:00:00,Friday,Adelaide/Bay,Diversion,1,1,E/B,8219
2019-07-26,927,19:12:00,Friday,Royalcrest and Hwy 27,Mechanical,9,18,N/B,3368
2019-07-26,7,19:15:00,Friday,Carpenter and Steeles,Mechanical,8,16,N/B,8376
2019-07-26,34,19:20:00,Friday,Eglinton Ave E/Mt. Pleasant Rd,Emergency Services,9,18,W/B,8755
2019-07-26,34,19:20:00,Friday,Eglinton Ave E/Mt. Pleasant Rd,Diversion,97,107,B/W,
2019-07-26,54,19:33:00,Friday,Eglinton and Mt. Pleasant,Diversion,12,94,W/B,8771
2019-07-26,54,19:33:00,Friday,Eglinton and Mt. Pleasant,Diversion,10,92,E/B,8646
2019-07-26,32,19:35:00,Friday,Trethewey and Jane,Emergency Services,10,20,E/B,1117
2019-07-26,32,19:35:00,Friday,Trethewey and Jane,Emergency Services,10,20,E/B,1502
2019-07-26,171,19:36:00,Friday,Jane and Trethewey,Diversion,164,184,E/B,
2019-07-26,52,19:38:00,Friday,Lawrence W /Pine,Investigation,5,16,W/B,1252
2019-07-26,32,19:38:00,Friday,On Trethewey at Jane,Diversion,10,172,B/W,
2019-07-26,168,19:55:00,Friday,Avon Loop,Mechanical,11,22,S/B,1555
2019-07-26,87,20:11:00,Friday,East York Acers,Investigation,10,20,W/B,9201
2019-07-26,63,20:19:00,Friday,Humber st and Ossington,Investigation,10,20,S/B,1374
2019-07-26,94,20:21:00,Friday,Ossington stn,Investigation,10,20,E/B,1423
2019-07-26,74,21:58:00,Friday,St Clair station,Utilized Off Route,18,32,W/B,8141
2019-07-26,92,22:30:00,Friday,Woodbine / Danforth Ave.,Mechanical,1,1,S/B,8487
2019-07-26,29,23:07:00,Friday,Springhurst Loop,Utilized Off Route,8,15,N/B,9151
2019-07-26,95,23:24:00,Friday,Ellesmere and Victora Park,Diversion,10,20,WB,1725
2019-07-26,24,23:25:00,Friday,Ellesmere / Victoria park,Diversion,149,158,N/B,
2019-07-27,37,00:01:00,Saturday,Islington station,Mechanical,19,38,N/B,8090
2019-07-27,34,00:47:00,Saturday,Victoria Park and Eglinton,Investigation,10,21,E/B,8835
2019-07-27,63,00:52:00,Saturday,Ossington station,Investigation,10,20,S/B,8310
2019-07-27,84,01:05:00,Saturday,Weston and Bradstock,Mechanical,10,20,E/B,3239
2019-07-27,85,01:08:00,Saturday,Sheppard and Don Mills,Mechanical,20,40,WB,1339
2019-07-27,109,01:08:00,Saturday,Varna Dr  and Flemington rd,Diversion,1,1,S/B,8114
2019-07-27,109,01:10:00,Saturday,Varna dr and Lawrence,Diversion,1,1,N/B,8165
2019-07-27,80,01:25:00,Saturday,Islington and Queensway,Investigation,24,48,B/W,8064
2019-07-27,52,01:47:00,Saturday,Lawrence bothways,Diversion,1,1,B/W,8336
2019-07-27,335,02:41:00,Saturday,Jane Station,Mechanical,30,60,N/B,3485
2019-07-27,300,02:53:00,Saturday,Kennedy Station,General Delay,20,40,WB,8496
2019-07-27,320,03:02:00,Saturday,Yonge and St. Clair,Mechanical,3,7,S/B,8322
2019-07-27,300,03:13:00,Saturday,Aukland and Dundas,Emergency Services,20,40,WB,3402
2019-07-27,320,03:28:00,Saturday,Yonge and Dundas,Utilized Off Route,5,10,SB,8890
2019-07-27,320,03:47:00,Saturday,Queens Quay and Yonge,Utilized Off Route,8,16,NB,8342
2019-07-27,22,05:49:00,Saturday,Upper Gerrard,Diversion,999,999,B/W,3142
2019-07-27,122,06:05:00,Saturday,Graydon Hall Dr. at Graydon Hall place,Diversion,1,1,E/B,
2019-07-27,79,06:20:00,Saturday,On Runnymede from St .Clair to Henrietta,Diversion,26,36,N/B,1031
2019-07-27,900,06:20:00,Saturday,KIPLING STN,Mechanical,10,20,E/B,8001
2019-07-27,91,06:20:00,Saturday,Eglinton,Diversion,999,999,B/W,
2019-07-27,71,06:20:00,Saturday,On Runnymede from Henrietta to St. Clair,Diversion,26,50,N/B,1030
2019-07-27,57,06:26:00,Saturday,1155 Midland Ave (Midland & south of Marcos Blvd),Investigation,12,24,N/B,8796
2019-07-27,105,06:51:00,Saturday,Sheppard west staiton,Mechanical,0,0,B/W,8305
2019-07-27,29,09:25:00,Saturday,Dufferin at Lawrence,Mechanical,8,16,N/B,9040
2019-07-27,45,09:38:00,Saturday,KIPLING AND FINCH,Emergency Services,10,20,N/B,8616
2019-07-27,12,09:41:00,Saturday,Kingston/ Brimley,Mechanical,30,60,W/B,8
2019-07-27,17,10:00:00,Saturday,Warden Station to Steeles,General Delay,15,20,B/W,
2019-07-27,65,10:00:00,Saturday,Castlefrank Station to Front and Berkeley,General Delay,10,15,B/W,
2019-07-27,41,10:00:00,Saturday,Keele at Dundas,General Delay,15,25,B/W,
2019-07-27,123,10:00:00,Saturday,ENTIRE ROUTE,General Delay,20,50,B/W,
2019-07-27,6,10:00:00,Saturday,Bay between Queen/King,General Delay,20,36,N/B,
2019-07-27,53,10:06:00,Saturday,Finch Station,Mechanical,8,25,E/B,1701
2019-07-27,41,10:20:00,Saturday,Pioneer Village Station,Utilized Off Route,10,20,S/B,1503
2019-07-27,939,10:54:00,Saturday,Finch Ave E/Sandhurst Circle,Mechanical,14,28,W/B,1531
2019-07-27,34,10:57:00,Saturday,Don Mills & Wynford Drive,Mechanical,17,34,E/B,8689
2019-07-27,68,11:00:00,Saturday,Warden and Eglinton,General Delay,40,70,B/W,
2019-07-27,53,11:00:00,Saturday,Finch Station - Morningside and Finch,General Delay,11,22,B/W,3410
2019-07-27,83,11:00:00,Saturday,Donlands Station to Lakeshore Garage,General Delay,10,15,B/W,
2019-07-27,52,11:06:00,Saturday,Lawrence and Weston,Investigation,10,20,W/B,1220
2019-07-27,41,11:43:00,Saturday,Gunn's Road,Emergency Services,10,20,S/B,1028
2019-07-27,32,11:55:00,Saturday,Eglinton and Caledonia,Mechanical,8,17,E/B,1149
2019-07-27,91,12:00:00,Saturday,Woodbine Station to Yorkmills,General Delay,15,20,B/W,
2019-07-27,29,12:02:00,Saturday,Springhurst Loop,Mechanical,4,8,N/B,9010
2019-07-27,29,12:11:00,Saturday,Dufferin at Lawrence,Mechanical,3,6,S/B,9048
2019-07-27,123,12:15:00,Saturday,NORTH QUEEN AND EAST MALL,Diversion,69,49,E/B,
2019-07-27,41,12:56:00,Saturday,Pioneer Village Station,Utilized Off Route,10,20,S/B,1028
2019-07-27,720,13:00:00,Saturday,Don Mills Station,Mechanical,1,1,E/B,8799
2019-07-27,53,13:10:00,Saturday,Passmore and Markham,Mechanical,6,11,W/B,1294
2019-07-27,165,13:29:00,Saturday,Wilson and Clayson,Investigation,9,18,E/B,3187
2019-07-27,29,13:33:00,Saturday,Springhurst Loop,Mechanical,3,6,N/B,9146
2019-07-27,100,13:36:00,Saturday,Broadview & Torrens,Investigation,9,18,N9,8712
2019-07-27,69,14:00:00,Saturday,Route 69,General Delay,15,35,B/W,
2019-07-27,40,14:00:00,Saturday,Dundas West Station,General Delay,8,18,B/W,
2019-07-27,72,14:00:00,Saturday,PAPE / Pape Station,General Delay,18,36,B/W,
2019-07-27,121,14:00:00,Saturday,Route 121,General Delay,20,36,B/W,
2019-07-27,87,14:00:00,Saturday,Route 87,General Delay,20,30,B/W,
2019-07-27,24,14:00:00,Saturday,Route 24,General Delay,21,28,B/W,
2019-07-27,41,14:17:00,Saturday,Keele at Donald,Diversion,108,118,B/W,
2019-07-27,63,14:48:00,Saturday,King and Strachan,Mechanical,5,10,B/W,1367
2019-07-27,38,14:53:00,Saturday,Rouge Hill GO Station,Mechanical,9,18,W/B,3461
2019-07-27,32,15:30:00,Saturday,Keele and Eglinton,Utilized Off Route,8,16,E/B,1010
2019-07-27,45,15:55:00,Saturday,Steeles Loop,Mechanical,16,32,S/B,8031
2019-07-27,89,15:58:00,Saturday,Weston and Parke,Investigation,8,16,S/B,1091
2019-07-27,6,16:00:00,Saturday,Entire Route,General Delay,20,35,B/W,
2019-07-27,126,16:05:00,Saturday,Christie and Bloor Outside Christie Station,Emergency Services,30,60,N/B,1502
2019-07-27,37,16:11:00,Saturday,Humberwood Loop,Investigation,14,28,S/B,8079
2019-07-27,41,16:40:00,Saturday,Keele Station,Mechanical,10,20,N/B,1070
2019-07-27,63,16:52:00,Saturday,Rogers and Oakwood,Investigation,6,11,S/B,8309
2019-07-27,25,17:00:00,Saturday,Pape Station,Mechanical,8,17,N/B,8688
2019-07-27,129,17:06:00,Saturday,STC,Mechanical,12,18,N/B,1313
2019-07-27,29,17:12:00,Saturday,Queen and Dufferin,Mechanical,3,6,N/B,9021
2019-07-27,63,17:15:00,Saturday,Route 63 bothways,General Delay,22,28,B/W,
2019-07-27,24,17:16:00,Saturday,Steeles & Victoria park,Mechanical,7,14,S/B,8436
2019-07-27,123,17:55:00,Saturday,Longbranch,Mechanical,20,40,N/B,8615
2019-07-27,34,17:57:00,Saturday,Eglinton and Warden,Mechanical,9,18,E/B,8812
2019-07-27,64,18:00:00,Saturday,Queen and Wineva,Diversion,483,503,B/W,
2019-07-27,64,18:00:00,Saturday,Queen and Wineva,General Delay,20,40,B/W,
2019-07-27,22,18:00:00,Saturday,COXWELL / Coxwell Station / Bingham Loop,General Delay,7,14,B/W,
2019-07-27,29,18:13:00,Saturday,Dufferin and Springhurst Ave,Mechanical,3,6,N/B,9056
2019-07-27,96,18:16:00,Saturday,Albion & Elmhurst,Investigation,15,30,E/B,3215
2019-07-27,34,19:17:00,Saturday,Eglinton and Hakimi,Diversion,32,42,W/B,8792
2019-07-27,39,19:29:00,Saturday,McCowan and Finch,Mechanical,14,28,B/W,1244
2019-07-27,59,20:01:00,Saturday,Weston & Oak,Mechanical,26,52,E/B,3495
2019-07-27,36,20:47:00,Saturday,Finch and Weston,Mechanical,8,16,W/B,3364
2019-07-27,161,21:00:00,Saturday,Rogers rd and Old Weston Rd,Mechanical,15,30,E/B,1144
2019-07-27,90,21:00:00,Saturday,Oakwood and Vaughan,Utilized Off Route,10,20,S/B,1314
2019-07-27,63,21:00:00,Saturday,Eglinton west station,Utilized Off Route,8,16,S/B,8384
2019-07-27,701,21:04:00,Saturday,Lawrence W stn,Utilized Off Route,1,1,S/B,8141
2019-07-27,709,21:05:00,Saturday,Weston and Rogers rd,Utilized Off Route,1,1,S/B,1067
2019-07-27,701,21:07:00,Saturday,Sheppard W stn,Utilized Off Route,1,1,S/B,8152
2019-07-27,29,21:10:00,Saturday,St. Clair and Dufferin,Diversion,150,158,N/B,
2019-07-27,29,21:13:00,Saturday,Dufferin and Dupont,Utilized Off Route,9,18,N/B,9002
2019-07-27,32,21:20:00,Saturday,Eg West Station,Utilized Off Route,10,20,E/B,1051
2019-07-27,29,21:50:00,Saturday,Wilson Station,Mechanical,9,18,S/B,9006
2019-07-27,135,21:55:00,Saturday,Warden & Danforth,General Delay,18,48,S/B,8494
2019-07-27,45,22:36:00,Saturday,Hunting Ridge and Kipling,Diversion,1,1,S/B,7955
2019-07-27,985,22:59:00,Saturday,Don Mills Station,Mechanical,21,42,EB,1650
2019-07-28,927,00:05:00,Sunday,Hwy 27 and Humber College Blvd.,Investigation,10,20,N/B,3300
2019-07-28,52,00:11:00,Sunday,Dixon and Martin Grove,Diversion,20,40,EB,8306
2019-07-28,63,00:21:00,Sunday,Chruchill and ossington,Investigation,8,16,N/B,8309
2019-07-28,24,00:50:00,Sunday,Victoria Park and Steeles Loop,Investigation,10,20,S/B,9228
2019-07-28,24,00:50:00,Sunday,Victoria Park and Steeles Loop,Investigation,10,20,S/B,9213
2019-07-28,63,00:59:00,Sunday,Eglinton west station,Mechanical,8,16,S/B,8106
2019-07-28,300,02:50:00,Sunday,Kennedy Station,Investigation,45,90,WB,8017
2019-07-28,68,05:00:00,Sunday,WARDEN/EGLINTON,Diversion,999,999,B/W,
2019-07-28,20,07:24:00,Sunday,Kennedy Station,Mechanical,26,52,W/B,8958
2019-07-28,46,07:27:00,Sunday,Steeles Loop at Martin Grove,Mechanical,16,37,S/B,3341
2019-07-28,79,07:38:00,Sunday,Pine and Lawrence,Mechanical,18,36,E/B,1380
2019-07-28,606,07:55:00,Sunday,Main station,Utilized Off Route,0,0,B/W,8539
2019-07-28,606,07:58:00,Sunday,Victoria Park station,Utilized Off Route,0,0,B/W,9225
2019-07-28,606,07:58:00,Sunday,BRGA,Utilized Off Route,0,0,S/B,8470
2019-07-28,94,08:00:00,Sunday,Ossington Stn,Mechanical,12,29,E/B,1208
2019-07-28,939,08:01:00,Sunday,Finch Station,Utilized Off Route,8,20,E/B,3549
2019-07-28,34,08:02:00,Sunday,KENNEDY STATION,Utilized Off Route,10,20,W/B,8712
2019-07-28,711,08:04:00,Sunday,eglinton stn,Utilized Off Route,0,0,E/B,8306
2019-07-28,706,08:04:00,Sunday,BRGA,Utilized Off Route,0,0,B/W,8485
2019-07-28,711,08:04:00,Sunday,eglinton stn,Utilized Off Route,0,0,E/B,8340
2019-07-28,720,08:05:00,Sunday,PAPE STATION,Utilized Off Route,1,1,B/W,8656
2019-07-28,704,08:05:00,Sunday,Carrier Drive,Utilized Off Route,1,1,W/B,3368
2019-07-28,716,08:06:00,Sunday,Victoria Park station,Utilized Off Route,0,0,B/W,8447
2019-07-28,701,08:09:00,Sunday,Pioneer Village Station,Utilized Off Route,1,1,S/B,1346
2019-07-28,719,08:10:00,Sunday,Keele Stn,Utilized Off Route,1,1,E/B,1054
2019-07-28,709,08:10:00,Sunday,CastleFrank Stn,Utilized Off Route,5,10,W/B,1118
2019-07-28,95,08:12:00,Sunday,York Mills Station,Utilized Off Route,20,40,B/W,3444
2019-07-28,94,08:12:00,Sunday,CastleFrank Stn,Utilized Off Route,7,13,W/B,1026
2019-07-28,39,08:12:00,Sunday,Finch Station,Utilized Off Route,17,33,E/B,3450
2019-07-28,96,08:15:00,Sunday,York mills station,Utilized Off Route,10,20,W/B,3207
2019-07-28,25,08:15:00,Sunday,PAPE STATION,Utilized Off Route,9,19,N/B,8836
2019-07-28,32,08:16:00,Sunday,Eglinton Stn,Mechanical,10,20,W/B,1103
2019-07-28,35,08:20:00,Sunday,Jane Station,Utilized Off Route,10,20,N/B,3168
2019-07-28,925,08:20:00,Sunday,PAPE STATION,Utilized Off Route,10,20,N/B,8641
2019-07-28,26,08:24:00,Sunday,St.George Stn,Utilized Off Route,22,44,W/B,1203
2019-07-28,123,08:30:00,Sunday,KIPLING STN,Mechanical,20,40,W/B,7966
2019-07-28,84,08:31:00,Sunday,Sheppard station,Utilized Off Route,10,20,W/B,3241
2019-07-28,122,09:16:00,Sunday,York Mills/ Hedgewood,Mechanical,30,60,E/B,1204
2019-07-28,129,09:30:00,Sunday,Scarborough Town Center,Mechanical,10,20,N/B,1326
2019-07-28,133,09:39:00,Sunday,Finch and Neilson,Mechanical,12,24,S/B,1531
2019-07-28,68,09:45:00,Sunday,WARDEN/EGLINTON,General Delay,25,69,B/W,
2019-07-28,25,10:01:00,Sunday,Don Mills & Chipping,Mechanical,9,18,N/B,8902
2019-07-28,32,10:20:00,Sunday,Eg W Stn,Mechanical,10,20,W/B,1136
2019-07-28,935,11:00:00,Sunday,Route 935,General Delay,23,33,B/W,
2019-07-28,84,11:00:00,Sunday,Route 84,General Delay,11,21,B/W,
2019-07-28,89,11:00:00,Sunday,Both Way Construction at Dundas on Keele St.,General Delay,10,30,B/W,
2019-07-28,35,11:00:00,Sunday,Route 35,General Delay,27,37,,
2019-07-28,112,11:00:00,Sunday,Atwell and Carlson Ct.,Emergency Services,20,40,N/B,8416
2019-07-28,34,11:30:00,Sunday,Warden Ave and Eglinton Ave,General Delay,10,18,B/W,
2019-07-28,108,12:15:00,Sunday,Pioneer village station,Mechanical,9,18,E/B,3206
2019-07-28,37,12:42:00,Sunday,ISLINGTON AND MILLWICK,Diversion,158,144,B/W,
2019-07-28,127,12:43:00,Sunday,Shaw and Davenport,General Delay,23,46,B/W,1038
2019-07-28,32,12:53:00,Sunday,Eglinton and Gabian Way,Mechanical,5,10,E/B,1081
2019-07-28,72,12:54:00,Sunday,Queen and Carlaw,Investigation,18,36,N/B,9219
2019-07-28,116,13:00:00,Sunday,Sheppard Ave and McLevin Ave,General Delay,10,17,B/W,
2019-07-28,68,13:05:00,Sunday,14th and Warden,Diversion,30,61,B/W,8865
2019-07-28,939,13:26:00,Sunday,Longmore Street and Finch,Investigation,16,32,W/B,1332
2019-07-28,69,13:35:00,Sunday,Waden Station,Mechanical,1,1,S/B,8512
2019-07-28,32,13:50:00,Sunday,Eglinton West Station,Mechanical,1,1,E/B,1260
2019-07-28,720,14:02:00,Sunday,WARDEN/STEELES,Mechanical,1,1,N/B,8730
2019-07-28,29,14:09:00,Sunday,Wilson Stn,Mechanical,4,8,S/B,9144
2019-07-28,26,14:18:00,Sunday,St.George Station,Investigation,22,44,W/B,1203
2019-07-28,38,14:45:00,Sunday,STC,Investigation,10,20,E/B,1719
2019-07-28,165,14:45:00,Sunday,Barmac and Steeles to York Mills Station,General Delay,15,23,B/W,
2019-07-28,96,14:45:00,Sunday,York Mills Station to Humberline and Finch,General Delay,20,26,B/W,
2019-07-28,95,14:50:00,Sunday,Neilson on Ellesmere,Mechanical,16,33,W/B,3455
2019-07-28,42,14:56:00,Sunday,Finch station,Mechanical,16,32,E/B,8173
2019-07-28,6,15:00:00,Sunday,Bay and Dundas,General Delay,14,28,N/B,1102
2019-07-28,37,15:10:00,Sunday,Islington Station,Mechanical,12,24,N/B,8606
2019-07-28,41,15:15:00,Sunday,Ian Mcdonald,Investigation,10,23,S/B,1114
2019-07-28,104,16:00:00,Sunday,Wilson Station and Sheppard West Station,General Delay,22,44,SB,8363
2019-07-28,73,16:05:00,Sunday,Royal York Station,Mechanical,10,20,N/B,8412
2019-07-28,51,16:20:00,Sunday,Freshmeadow and Don Mills,Mechanical,20,40,SB,8128
2019-07-28,43,16:45:00,Sunday,Kennedy & Radnor,Investigation,15,30,N/B,8870
2019-07-28,39,16:53:00,Sunday,Markham,Mechanical,16,32,E/B,3403
2019-07-28,52,17:20:00,Sunday,Lawrence and Jane,Mechanical,14,28,E/B,1253
2019-07-28,110,17:21:00,Sunday,Horner and Thirtieth St,Diversion,73,93,E/B,8063
2019-07-28,32,17:21:00,Sunday,Eglinton at Keele,Mechanical,10,20,W/B,1142
2019-07-28,32,17:21:00,Sunday,Eglinton at Keele,Mechanical,10,20,W/B,1142
2019-07-28,20,17:43:00,Sunday,Main Station,Emergency Services,30,60,E/B,8958
2019-07-28,25,18:04:00,Sunday,Don Mills & Kern,Mechanical,9,18,S/B,8830
2019-07-28,32,18:25:00,Sunday,Eglinton at Keele,Investigation,20,30,E/B,1258
2019-07-28,40,18:30:00,Sunday,Entire Route,General Delay,3,12,B/W,
2019-07-28,102,18:43:00,Sunday,Castlemore and Mingay,Diversion,300,350,N/B,
2019-07-28,68,19:09:00,Sunday,Warden & Sheppard,Investigation,15,28,S/B,8787
2019-07-28,44,19:11:00,Sunday,Kipling and Jutland,Investigation,6,16,S/B,8604
2019-07-28,25,20:00:00,Sunday,Pape Station - Freshmeadow,General Delay,10,20,BW,
2019-07-28,20,20:05:00,Sunday,Main Station,Emergency Services,30,60,E/B,8958
2019-07-28,79,20:30:00,Sunday,Entire Route,General Delay,1,1,B/W,
2019-07-28,12,20:34:00,Sunday,Kennedy Station,Investigation,17,34,W/B,3133
2019-07-28,47,20:42:00,Sunday,Lansdowne at Queen,Emergency Services,10,20,S/B,1042
2019-07-28,131,21:00:00,Sunday,Nugget Route,General Delay,22,44,B/W,
2019-07-28,168,21:06:00,Sunday,Dundas West Station,Mechanical,12,24,N/B,1014
2019-07-28,39,22:00:00,Sunday,Finch Station to Neilson and Crow Trail,General Delay,10,20,B/W,
2019-07-28,130,22:38:00,Sunday,Middlefield and Steeles,Mechanical,30,60,S/B,3544
2019-07-28,29,22:59:00,Sunday,Dufferin and Lawrence,Mechanical,4,8,E/B,9021
2019-07-28,129,23:00:00,Sunday,STC,Utilized Off Route,10,20,N/B,3440
2019-07-28,132,23:00:00,Sunday,STC,Mechanical,30,60,N/B,3544
2019-07-29,53,00:27:00,Monday,Finch Stn,Utilized Off Route,10,20,E/B,3508
2019-07-29,46,00:30:00,Monday,Dixon,Diversion,17,1,S/B,3352
2019-07-29,22,05:35:00,Monday,Coxwell Ave and Gerrard St East,Diversion,1,1,NB,9220
2019-07-29,39,05:43:00,Monday,Miliken Railway and Finch,Mechanical,10,20,W/B,1274
2019-07-29,129,05:51:00,Monday,McCowan and Red Barn,Mechanical,5,20,N/B,1326
2019-07-29,34,05:52:00,Monday,Eglinton Station,Mechanical,8,17,E/B,8938
2019-07-29,102,05:58:00,Monday,Castlemore Ave and Mingay Ave,Diversion,1,1,WB,8558
2019-07-29,91,06:00:00,Monday,Eglinton and Bermondsay,Diversion,999,999,W/B,
2019-07-29,17,06:00:00,Monday,Eglinton,Diversion,999,999,B/W,
2019-07-29,102,06:13:00,Monday,Warden Station,Mechanical,15,20,EB,8572
2019-07-29,39,06:24:00,Monday,Finch Station,Mechanical,10,15,E/B,3534
2019-07-29,100,06:25:00,Monday,Don Mills & Wynford Drive,Mechanical,4,7,S/B,8778
2019-07-29,100,06:32:00,Monday,Don Mills & Wynford Drive,Mechanical,4,7,S/B,8828
2019-07-29,35,06:40:00,Monday,Presto,Mechanical,6,12,N/B,3475
2019-07-29,52,06:58:00,Monday,Westway & Kipling Ave,Mechanical,18,36,W/B,1218
2019-07-29,98,07:06:00,Monday,Willowdale / Empress,Diversion,5,20,N/B,
2019-07-29,84,07:08:00,Monday,Presto,Mechanical,0,0,N/B,3197
2019-07-29,29,07:10:00,Monday,Springhurst Loop,Mechanical,8,16,N/B,9037
2019-07-29,32,07:11:00,Monday,Eglinton West Station,Mechanical,12,23,W/B,1017
2019-07-29,600,07:23:00,Monday,"Runny,ede Stn",Mechanical,1,1,N/B,1047
2019-07-29,36,07:50:00,Monday,Finch west station,Mechanical,5,10,W/B,3282
2019-07-29,41,07:50:00,Monday,Keele Station,Mechanical,11,23,N/B,9138
2019-07-29,35,07:53:00,Monday,Pioneer village station,Mechanical,6,12,S/B,3528
2019-07-29,82,08:02:00,Monday,rosedale stn - summerhill,Diversion,326,346,B/W,8109
2019-07-29,954,08:12:00,Monday,LAWRENCE/BENNETT,Mechanical,9,18,E/B,8699
2019-07-29,68,09:06:00,Monday,WARDEN STATION,Mechanical,1,1,N/B,8825
2019-07-29,905,09:16:00,Monday,Kennedy Station,Mechanical,9,18,E/B,8794
2019-07-29,88,09:23:00,Monday,St clair Station,Mechanical,30,60,E/B,8193
2019-07-29,171,09:37:00,Monday,NB on Weston at Jane,Diversion,20,841,N/B,1267
2019-07-29,108,09:37:00,Monday,Driftwood and Finch,Mechanical,12,24,,3179
2019-07-29,41,10:00:00,Monday,Old Weston and Keele,Mechanical,9,18,S/B,9104
2019-07-29,95,10:04:00,Monday,Ellesmere RT/Midland,Mechanical,20,40,B/W,3432
2019-07-29,130,10:24:00,Monday,Scarborough Town Center,Mechanical,21,42,B/W,1244
2019-07-29,935,10:25:00,Monday,presto,Mechanical,0,0,S/B,3236
2019-07-29,29,10:30:00,Monday,Dufferine and Lawrence,Mechanical,8,16,S/B,9038
2019-07-29,35,10:30:00,Monday,Pioneer village station,General Delay,20,32,B/W,
2019-07-29,29,10:40:00,Monday,Wilson Stn,Mechanical,8,16,S/B,9023
2019-07-29,37,10:40:00,Monday,Islington and Elmhurst,Emergency Services,20,40,NB,8401
2019-07-29,47,10:45:00,Monday,Caledonia and Eglinton,Mechanical,15,30,N/B,1118
2019-07-29,94,10:49:00,Monday,Oss Stn,Mechanical,15,30,E/B,1081
2019-07-29,929,10:57:00,Monday,At Bridgeland,Investigation,8,16,N/B,9001
2019-07-29,92,11:00:00,Monday,Woodbine Station to Ashbridge bay Loop,General Delay,10,15,W/B,
2019-07-29,41,11:10:00,Monday,S/B keele and Eglinton,Mechanical,9,18,S/B,9014
2019-07-29,41,11:16:00,Monday,N/B Keele and Sheppard,Emergency Services,9,18,N/B,9007
2019-07-29,40,11:33:00,Monday,Dundas west station.,Emergency Services,10,20,E/B,8058
2019-07-29,902,11:56:00,Monday,Warden Station,Mechanical,15,30,EB,8536
2019-07-29,52,12:15:00,Monday,Westway & Wincoot,Investigation,15,30,W/B,8135
2019-07-29,32,12:24:00,Monday,Keele and Eglinton,Mechanical,13,26,E/B,1361
2019-07-29,41,12:30:00,Monday,N/B Keele and Lawrence,Mechanical,9,18,N/B,9048
2019-07-29,985,12:35:00,Monday,Midland and Sheppard,General Delay,11,23,E/B,
2019-07-29,29,12:35:00,Monday,Rogers Road,Emergency Services,8,16,S/B,9056
2019-07-29,122,12:55:00,Monday,Duncan mill & Vallybrook,Investigation,17,34,W/B,1381
2019-07-29,89,13:00:00,Monday,B/W Keele and Dundas,General Delay,10,20,B/W,
2019-07-29,41,13:00:00,Monday,B/W Keele and Dundas,General Delay,9,29,B/W,
2019-07-29,29,13:14:00,Monday,Presto,Mechanical,0,0,S/B,9018
2019-07-29,996,13:26:00,Monday,York Mills Station,Investigation,11,22,W/B,3198
2019-07-29,85,13:46:00,Monday,willowdale,Mechanical,22,44,W/B,3514
2019-07-29,31,14:00:00,Monday,Greenwood station to Queen,General Delay,10,15,B/W,
2019-07-29,83,14:00:00,Monday,Donlands station to lakeshore garage,General Delay,10,15,B/W,
2019-07-29,98,14:15:00,Monday,Cactus and Greenbush,Diversion,45,75,S/B,8361
2019-07-29,111,14:22:00,Monday,Longbourne and Martin Grove,Investigation,10,20,W/B,8054
2019-07-29,96,14:23:00,Monday,Humberline Loop,Mechanical,1,1,E/B,3316
2019-07-29,73,14:30:00,Monday,Royal York Station,Mechanical,10,20,N/B,7963
2019-07-29,36,14:58:00,Monday,Humberwood Loop,Mechanical,6,12,,9110
2019-07-29,925,15:00:00,Monday,Pape STN to Lawrence Ave E,General Delay,15,23,B/W,
2019-07-29,165,15:00:00,Monday,Route 165,General Delay,12,20,B/W,
2019-07-29,25,15:00:00,Monday,Pape STN to Lawrence Ave E,General Delay,15,20,B/W,
2019-07-29,96,15:00:00,Monday,Route 96,General Delay,11,22,B/W,
2019-07-29,39,15:01:00,Monday,Crow trail/ McGinty Place,Mechanical,14,28,W/B,3534
2019-07-29,32,15:10:00,Monday,Jane and Eglinton,Mechanical,10,20,E/B,1130
2019-07-29,29,15:13:00,Monday,Rogers Road on Dufferin,Mechanical,8,16,N/B,9022
2019-07-29,70,15:13:00,Monday,Coxwell Ave/Mortimer Ave,Investigation,20,40,N/B,8898
2019-07-29,32,15:20:00,Monday,Hilltop and Eglinton,Mechanical,9,18,W/B,1123
2019-07-29,73,15:28:00,Monday,queensway garage,Mechanical,14,28,N/B,8615
2019-07-29,944,15:30:00,Monday,ST ALBANS AND AUKLAND,Mechanical,10,20,S/B,7971
2019-07-29,62,15:36:00,Monday,MORTIMER / Main Station,Investigation,15,30,W/B,8577
2019-07-29,925,15:39:00,Monday,Pape STN,Mechanical,8,16,N/B,8704
2019-07-29,94,15:40:00,Monday,Ossington stn,Mechanical,17,34,E/B,1031
2019-07-29,35,15:44:00,Monday,Pioneer Village Station,Mechanical,12,24,N/B,3494
2019-07-29,144,15:51:00,Monday,Jarvis/Richmond to Victoria Park/Parkwoods village,General Delay,20,40,B/W,
2019-07-29,35,15:57:00,Monday,Pioneer Village Station,Investigation,12,24,N/B,3305
2019-07-29,102,16:00:00,Monday,Kennedy and St.Clair,Investigation,20,40,W/B,9213
2019-07-29,40,16:05:00,Monday,DUNDAS WEST STATION.,Mechanical,1,20,E/B,8097
2019-07-29,7,16:06:00,Monday,Bathurst and Fairlawn,Investigation,8,16,N/B,8346
2019-07-29,952,16:08:00,Monday,Jetliner at Airport,Mechanical,12,24,N/B,8101
2019-07-29,39,16:11:00,Monday,Finch Ave East/ Leslie,Mechanical,14,28,E/B,3534
2019-07-29,63,16:15:00,Monday,St.Clair and oakwood,Investigation,8,16,S/B,1251
2019-07-29,69,16:19:00,Monday,Birchmount / Danforth Ave.,Investigation,9,18,N/B,3140
2019-07-29,29,16:28:00,Monday,Bloor and Dufferin,Mechanical,1,1,N/B,9141
2019-07-29,29,16:45:00,Monday,,Mechanical,1,1,N/B,9019
2019-07-29,52,16:48:00,Monday,Westwood Mall,Mechanical,1,1,E/B,1219
2019-07-29,56,16:53:00,Monday,Donlands Station,Mechanical,9,18,N/B,8391
2019-07-29,50,16:55:00,Monday,ashbourne and burnamthorpe,General Delay,13,26,E/B,8023
2019-07-29,905,16:58:00,Monday,Kingston & Kitchener Rd,Investigation,10,20,N/B,8840
2019-07-29,941,17:03:00,Monday,Keele / St . Clair,Investigation,14,28,S/B,1020
2019-07-29,109,17:08:00,Monday,Lawrence west station,Mechanical,26,52,N/B,1395
2019-07-29,112,17:09:00,Monday,Kipling Station,Mechanical,18,36,N/B,7977
2019-07-29,54,17:16:00,Monday,Lawrence and Carnforth,Mechanical,13,26,E/B,8746
2019-07-29,7,17:32:00,Monday,Bathurst Station,Mechanical,7,14,N/B,8352
2019-07-29,32,17:48:00,Monday,Renforth Station,Mechanical,9,18,E/B,1049
2019-07-29,52,17:50:00,Monday,West Mall,Mechanical,18,34,E/B,8326
2019-07-29,952,17:57:00,Monday,Lawrence Station,Mechanical,11,22,W/B,8320
2019-07-29,168,18:09:00,Monday,Avon Loop,Emergency Services,8,17,S/B,1085
2019-07-29,36,18:10:00,Monday,Humberwood Loop,Mechanical,6,12,,9111
2019-07-29,34,18:24:00,Monday,Bayview/Eglinton,Vision,9,18,E/B,8687
2019-07-29,63,18:29:00,Monday,Eglinton West station,Mechanical,8,16,S/B,8328
2019-07-29,85,18:30:00,Monday,Warden and Sheppard,Mechanical,6,12,E/B,1714
2019-07-29,39,18:37:00,Monday,Finch Station,Mechanical,14,28,E/B,3508
2019-07-29,116,18:45:00,Monday,Kennedy Station,Utilized Off Route,7,14,N/B,8703
2019-07-29,85,18:48:00,Monday,Toronto Zoo,Utilized Off Route,6,12,W/B,1541
2019-07-29,42,19:00:00,Monday,Victoria Park,Mechanical,1,1,E/B,8131
2019-07-29,36,19:00:00,Monday,Humber College,Investigation,6,12,,9133
2019-07-29,52,19:03:00,Monday,Lawrence and Weston Rd,Investigation,12,23,W/B,8349
2019-07-29,952,19:03:00,Monday,Lawrence and Weston Rd,Investigation,12,24,W/B,1271
2019-07-29,108,19:07:00,Monday,Shepperd West Stn,Mechanical,18,36,N/B,3253
2019-07-29,53,19:26:00,Monday,Morningside and Finch,Mechanical,20,40,W/B,3549
2019-07-29,63,19:32:00,Monday,Ossington Station,Mechanical,10,20,S/B,8134
2019-07-29,12,19:38:00,Monday,Victoria Park Station,Mechanical,18,36,E/B,8589
2019-07-29,60,19:58:00,Monday,Signet,Mechanical,9,18,E/B,9106
2019-07-29,40,20:00:00,Monday,Runnymede Loop to Dundas West Station,General Delay,3,15,B/W,
2019-07-29,91,20:08:00,Monday,Lawerence and Carnforth,Mechanical,24,48,E/B,3121
2019-07-29,111,20:49:00,Monday,Kipling Station,Investigation,18,36,N/B,7957
2019-07-29,33,20:54:00,Monday,Bathurst St and Roselawn Ave,Mechanical,20,40,N/B,8378
2019-07-29,161,20:56:00,Monday,Oakwood / St . Clair,Investigation,20,40,S/B,1101
2019-07-29,168,21:06:00,Monday,Dundas West Station,Mechanical,12,24,N/B,1014
2019-07-29,45,21:08:00,Monday,Kipling Station,Mechanical,9,18,N/B,8029
2019-07-29,9,21:17:00,Monday,ST CLAIR AND KINGSTON ROAD,Mechanical,18,36,E/B,9239
2019-07-29,95,21:30:00,Monday,Kingston Cul de Sac,Utilized Off Route,10,20,W/B,1725
2019-07-29,17,21:55:00,Monday,Bichmount and Ellesmere,Mechanical,10,20,S/B,3141
2019-07-29,7,22:31:00,Monday,Bathurst and Wilson,Mechanical,8,16,S/B,8313
2019-07-29,73,23:05:00,Monday,Royal York Station,Mechanical,15,30,N/B,8462
2019-07-29,39,23:11:00,Monday,Finch Station,Mechanical,9,18,E/B,1306
2019-07-29,85,23:17:00,Monday,Don Mills Station,Utilized Off Route,1,1,W/B,3400
2019-07-29,43,23:19:00,Monday,Kennedy Station,Utilized Off Route,10,20,N/B,8855
2019-07-29,68,23:19:00,Monday,Warden Station,Utilized Off Route,16,31,N/B,8849
2019-07-29,72,23:20:00,Monday,PAPE / Pape Station,Utilized Off Route,86,104,S/B,8568
2019-07-29,100,23:20:00,Monday,Broadview Stn,Utilized Off Route,10,20,N/B,8923
2019-07-29,94,23:20:00,Monday,Castle Frank stn,Utilized Off Route,10,20,W/B,1031
2019-07-29,53,23:21:00,Monday,Finch Station,Utilized Off Route,18,36,E/B,3532
2019-07-29,60,23:21:00,Monday,Finch Stn,Utilized Off Route,17,34,W/B,3358
2019-07-29,33,23:22:00,Monday,St.Clair West Station,Utilized Off Route,20,40,N/B,8301
2019-07-29,32,23:23:00,Monday,Eglinton Station,Utilized Off Route,11,22,W/B,1266
2019-07-29,95,23:23:00,Monday,York Mills Stn,Utilized Off Route,10,20,E/B,3458
2019-07-29,52,23:25:00,Monday,Lawrence Station,Utilized Off Route,18,36,E/B,8189
2019-07-29,63,23:26:00,Monday,Eglinton West Station,Utilized Off Route,10,20,S/B,8123
2019-07-29,29,23:26:00,Monday,Spring Hurst Loop,Utilized Off Route,8,17,N/B,1205
2019-07-29,7,23:27:00,Monday,Bathurst and Davenport,Utilized Off Route,8,16,N/B,1288
2019-07-29,86,23:27:00,Monday,Kennedy Station,Utilized Off Route,10,20,N/B,8711
2019-07-29,939,23:28:00,Monday,Scarborough Town Centre,Utilized Off Route,9,18,W/B,3515
2019-07-29,32,23:29:00,Monday,Eglinton Station,Utilized Off Route,11,22,W/B,1061
2019-07-29,7,23:29:00,Monday,Bathurst Station,Utilized Off Route,9,18,N/B,8310
2019-07-29,127,23:30:00,Monday,Spadina Stn,Utilized Off Route,30,60,W/B,1273
2019-07-29,36,23:30:00,Monday,Finch W Stn,Utilized Off Route,1,1,,3164
2019-07-29,24,23:30:00,Monday,Victoria Park station,Utilized Off Route,9,18,N/B,8947
2019-07-29,100,23:30:00,Monday,Broadview Stn,Utilized Off Route,10,20,N/B,8907
2019-07-29,25,23:30:00,Monday,Pape STN,Utilized Off Route,9,18,N/B,8786
2019-07-29,35,23:30:00,Monday,Jane Stn,Utilized Off Route,9,18,S/B,3257
2019-07-29,133,23:30:00,Monday,STC,Utilized Off Route,13,26,E/B,3429
2019-07-29,87,23:31:00,Monday,Broadview Station,Utilized Off Route,10,20,E/B,8950
2019-07-29,21,23:31:00,Monday,Scarborough Town Centre,Utilized Off Route,30,60,S/B,3501
2019-07-29,165,23:31:00,Monday,Weston & Finch,Utilized Off Route,0,0,E/B,3269
2019-07-29,108,23:32:00,Monday,Shepperd West Stn,Utilized Off Route,30,60,N/B,3349
2019-07-29,165,23:33:00,Monday,York Mills stn,Utilized Off Route,10,20,W/B,3294
2019-07-29,84,23:35:00,Monday,Shepperd Yonge Stn,Utilized Off Route,10,20,W/B,3281
2019-07-29,102,23:35:00,Monday,MARKHAM / Warden Station,Utilized Off Route,90,120,N/B,8502
2019-07-29,22,23:35:00,Monday,COXWELL / Coxwell Station,Utilized Off Route,50,70,S/B,3149
2019-07-29,52,23:36:00,Monday,Lawrence West Station,Utilized Off Route,18,36,W/B,8135
2019-07-29,41,23:40:00,Monday,Pioneer Village stn,Mechanical,20,40,S/B,1103
2019-07-29,94,23:40:00,Monday,Castle Frank stn,Utilized Off Route,10,20,W/B,1110
2019-07-29,22,23:40:00,Monday,COXWELL / Bingham Loop,Mechanical,10,20,W/B,8954
2019-07-29,32,23:56:00,Monday,Yonge / St .Clair,Utilized Off Route,10,20,S/B,1266
2019-07-30,116,00:08:00,Tuesday,Morningside/Nightstar,Investigation,10,20,S/B,8680
2019-07-30,116,00:18:00,Tuesday,Morningside/Nightstar,Investigation,10,20,S/B,8874
2019-07-30,116,00:25:00,Tuesday,Morningside/Cinemart Dr.,Investigation,10,20,N/B,8703
2019-07-30,88,00:40:00,Tuesday,St.clair Stn,Investigation,1,1,E/B,8369
2019-07-30,108,00:50:00,Tuesday,Grandravine and Grandravine,Diversion,52,66,N/B,3173
2019-07-30,102,01:20:00,Tuesday,Kingston Road and McCowan,Investigation,10,20,S/B,8941
2019-07-30,36,01:42:00,Tuesday,Albion,Mechanical,10,20,W/B,3180
2019-07-30,95,02:40:00,Tuesday,York Mills Stn,Mechanical,30,60,E/B,1534
2019-07-30,320,03:27:00,Tuesday,Queens Quay and Yonge,Investigation,4,8,N/B,8114
2019-07-30,36,04:46:00,Tuesday,Finch and Arrow,Mechanical,10,28,E/B,9110
2019-07-30,939,05:00:00,Tuesday,939 Finch Route-All Branch,General Delay,12,24,B/W,3516
2019-07-30,39,05:00:00,Tuesday,39 Finch Route-All Branch,General Delay,18,36,B/W,3421
2019-07-30,105,05:28:00,Tuesday,Dufferin / Steeles,Investigation,20,1,S/B,1221
2019-07-30,22,05:35:00,Tuesday,Coxwell Ave and Gerrard Ave East,Diversion,1,1,NB,8493
2019-07-30,96,05:57:00,Tuesday,Wilson and Allingham,Investigation,1,1,E/B,3240
2019-07-30,34,06:00:00,Tuesday,Eglinton Station to Kennedy Station,General Delay,20,28,B/W,
2019-07-30,39,06:14:00,Tuesday,Old Finch and Swells Rd,Mechanical,15,30,B/W,1244
2019-07-30,35,06:33:00,Tuesday,Jane and Sheppard,Mechanical,3,9,,3491
2019-07-30,50,06:34:00,Tuesday,Islington Station,Mechanical,1,1,WB,8411
2019-07-30,90,06:44:00,Tuesday,st clair wstn,Mechanical,4,8,N/B,1226
2019-07-30,35,06:45:00,Tuesday,PVST,Mechanical,3,10,,3232
2019-07-30,30,06:52:00,Tuesday,Royal York and Bloor,Mechanical,1,1,E/B,8033
2019-07-30,132,07:14:00,Tuesday,STC Station,Mechanical,12,24,N/B,3433
2019-07-30,953,07:40:00,Tuesday,Bayview and Steeles,Mechanical,15,30,W/B,9063
2019-07-30,701,07:59:00,Tuesday,Eglinton Station,Utilized Off Route,1,1,S/B,8361
2019-07-30,701,07:59:00,Tuesday,Lawrence Ave and Bathurst st,Utilized Off Route,1,1,S/B,8359
2019-07-30,72,08:00:00,Tuesday,Pape Route,General Delay,15,24,BW,0
2019-07-30,66,08:00:00,Tuesday,Old Mill Station,Mechanical,18,36,SB,8456
2019-07-30,17,08:00:00,Tuesday,Birchmount and Eglinton,General Delay,9,17,B/W,
2019-07-30,11,08:00:00,Tuesday,steeles / davisville stn,General Delay,1,1,B/W,
2019-07-30,75,08:00:00,Tuesday,maple / queen quay,General Delay,1,1,B/W,
2019-07-30,17,08:01:00,Tuesday,Birchmount and Merryfield,Diversion,1,1,B/W,3115
2019-07-30,6,08:05:00,Tuesday,Bay and Elm,Mechanical,5,10,S/B,1013
2019-07-30,63,08:18:00,Tuesday,ATLANTIC AVE & KING ST W,Mechanical,6,9,N/B,5159
2019-07-30,25,08:30:00,Tuesday,Don Mills/Eglinton,General Delay,20,29,S/B,
2019-07-30,925,08:30:00,Tuesday,Don Mills/Eglinton,General Delay,20,30,S/B,
2019-07-30,91,08:47:00,Tuesday,Woodbine O Connor,Investigation,12,23,N/B,8944
2019-07-30,121,09:30:00,Tuesday,CNE loop to Cherry Beach,General Delay,15,35,BW,
2019-07-30,98,09:33:00,Tuesday,631 sheppard Ave,Investigation,,,,8368
2019-07-30,32,09:51:00,Tuesday,Jane and Eglinton,Mechanical,11,22,W/B,1136
2019-07-30,32,09:53:00,Tuesday,Caledonia and Eglinton,Mechanical,11,22,E/B,1266
2019-07-30,83,09:55:00,Tuesday,Donlands Station,Mechanical,18,36,S/B,8503
2019-07-30,54,10:18:00,Tuesday,EGLINTON STATION,Mechanical,10,20,E/B,8643
2019-07-30,601,10:26:00,Tuesday,Scarborough Town Center,Utilized Off Route,1,1,E/B,3450
2019-07-30,720,10:27:00,Tuesday,Kennedy Station,Utilized Off Route,1,1,N/B,8684
2019-07-30,134,10:29:00,Tuesday,Scarborough Town Centre,Utilized Off Route,8,16,E/B,3500
2019-07-30,606,10:30:00,Tuesday,Danforth Ave and Dawes Road,Utilized Off Route,1,1,EB,9208
2019-07-30,116,10:30:00,Tuesday,Kennedy STN,Utilized Off Route,6,13,E/B,8765
2019-07-30,610,10:30:00,Tuesday,Kennedy STN,Utilized Off Route,1,1,E/B,8648
2019-07-30,39,10:30:00,Tuesday,Finch and Bridaletown Cir,Mechanical,18,36,E/B,1727
2019-07-30,16,10:32:00,Tuesday,Scarborough Centre Station,Utilized Off Route,12,24,EB,8518
2019-07-30,20,10:34:00,Tuesday,Kennedy Station,Utilized Off Route,15,30,EB,3140
2019-07-30,36,10:36:00,Tuesday,Virgil wood Drive,Investigation,5,10,W/B,3220
2019-07-30,601,10:56:00,Tuesday,Paasmore and Markham,Utilized Off Route,1,1,S/B,1566
2019-07-30,73,11:10:00,Tuesday,Royal York Station,Investigation,11,21,N/B,8025
2019-07-30,925,11:15:00,Tuesday,Don Mills/St. Dennis,Mechanical,10,20,N/B,8933
2019-07-30,32,11:46:00,Tuesday,Keele and Eglinton,Mechanical,11,22,E/B,1048
2019-07-30,85,12:00:00,Tuesday,Don Mills station to Sheppard/Yonge Station,General Delay,22,44,BW,3559
2019-07-30,47,12:05:00,Tuesday,Yorkdale,Mechanical,15,30,S/B,1091
2019-07-30,95,12:10:00,Tuesday,York Mills Station,Mechanical,20,40,W/B,3503
2019-07-30,935,12:11:00,Tuesday,Jane and Bloor,Investigation,11,22,NB,3231
2019-07-30,91,12:16:00,Tuesday,Silverdale and York Mills,Investigation,26,52,N/B,8504
2019-07-30,15,12:24:00,Tuesday,Sherway Gardens,Emergency Services,22,44,EB,7958
2019-07-30,85,12:45:00,Tuesday,Markham and Sheppard,Mechanical,7,14,we,3432
2019-07-30,88,12:51:00,Tuesday,thorncliffe,Investigation,15,30,W/B,8313
2019-07-30,129,13:10:00,Tuesday,Scarborough Town Centre,Mechanical,14,21,N/B,1707
2019-07-30,39,13:34:00,Tuesday,McCowan and Finch,Mechanical,12,24,W/B,1550
2019-07-30,57,13:48:00,Tuesday,Eglinton (just West of Midland),Investigation,14,28,S/B,8682
2019-07-30,54,13:50:00,Tuesday,Lawrence and Carnforth,Emergency Services,12,24,W/B,8938
2019-07-30,16,14:04:00,Tuesday,Danforth and Magnolia,Emergency Services,12,24,N/B,3131
2019-07-30,35,14:05:00,Tuesday,Jane/Lambton,Investigation,12,24,N/B,3530
2019-07-30,600,14:20:00,Tuesday,Queensway and Kipling,Mechanical,1,1,N/B,8047
2019-07-30,24,14:33:00,Tuesday,Victoria park station,Mechanical,30,60,N/B,3103
2019-07-30,32,14:35:00,Tuesday,Locksley and Eglinton,Investigation,13,26,E/B,1345
2019-07-30,96,14:44:00,Tuesday,Wilson & Clayson,Mechanical,10,20,W/B,3276
2019-07-30,171,15:00:00,Tuesday,Jane and Weston Road,Diversion,20,518,N/B,
2019-07-30,935,15:00:00,Tuesday,Jane between Pioneer Village to Jane Station,General Delay,15,26,B/W,
2019-07-30,35,15:00:00,Tuesday,Jane between Pioneer Village to Jane Station,General Delay,15,22,B/W,
2019-07-30,941,15:11:00,Tuesday,Keele Station,Investigation,15,15,N/B,1354
2019-07-30,73,15:19:00,Tuesday,royal york stn,Mechanical,14,28,N/B,8413
2019-07-30,44,15:21:00,Tuesday,Kipling Station,Utilized Off Route,7,15,S/B,8079
2019-07-30,29,15:22:00,Tuesday,King and Dufferin,Mechanical,1,1,S/B,9034
2019-07-30,90,15:25:00,Tuesday,Vaughan and Maplewood,Investigation,10,20,S/B,8107
2019-07-30,34,15:37:00,Tuesday,Grenoble/Spanbridge,Mechanical,9,18,W/B,8806
2019-07-30,60,15:50:00,Tuesday,Signal Hill,Vision,9,18,E/B,3284
2019-07-30,102,15:50:00,Tuesday,Warden Station,Mechanical,1,1,n,8956
2019-07-30,144,15:51:00,Tuesday,Jarvis/Richmond to Victoria Park/Parkwoods Village,General Delay,30,50,B/W,
2019-07-30,100,16:00:00,Tuesday,Don Mills/Wynford,Mechanical,1,1,E/B,8684
2019-07-30,89,16:00:00,Tuesday,Entire Route,General Delay,25,35,BW,
2019-07-30,41,16:00:00,Tuesday,Entire Route,General Delay,25,36,BW,
2019-07-30,300,16:19:00,Tuesday,Danforth and Daws,Investigation,20,40,E/B,8570
2019-07-30,929,16:25:00,Tuesday,Wilson Station,Mechanical,10,20,N/B,9013
2019-07-30,952,16:32:00,Tuesday,Lawrence and Kipling,Mechanical,0,0,E/B,8162
2019-07-30,31,16:46:00,Tuesday,Danforth and Greenwood,Mechanical,9,18,N/B,3150
2019-07-30,127,16:48:00,Tuesday,On Davenport from Lightbourne to Dufferin,Diversion,24,47,BW,1147
2019-07-30,134,16:50:00,Tuesday,STC,Mechanical,18,36,E/B,9097
2019-07-30,953,16:54:00,Tuesday,Morningside and Finch,Mechanical,15,30,W/B,9091
2019-07-30,95,17:03:00,Tuesday,Warden and Ellesmere,Mechanical,11,23,W/B,1509
2019-07-30,60,17:06:00,Tuesday,Keele and Steeles,Mechanical,1,1,W/B,3280
2019-07-30,60,17:14:00,Tuesday,PVST,Mechanical,9,18,W/B,3356
2019-07-30,105,17:24:00,Tuesday,Steeles and Dufferin,Mechanical,12,23,S/B,1221
2019-07-30,32,17:27:00,Tuesday,Bathurst and Eglinton,Investigation,10,20,E/B,1055
2019-07-30,25,17:29:00,Tuesday,Overlea Blvd/Thorncliffe Park (46 Overlea),Investigation,6,11,W/B,8939
2019-07-30,125,17:32:00,Tuesday,Antibes and torresdale,Mechanical,10,20,E/B,8329
2019-07-30,47,17:55:00,Tuesday,Earlscourt Loop,Investigation,5,10,S/B,1067
2019-07-30,142,18:04:00,Tuesday,,Investigation,30,60,N/B,1293
2019-07-30,34,18:08:00,Tuesday,Kennedy Stn,Emergency Services,7,13,W/B,8907
2019-07-30,903,18:19:00,Tuesday,Scarb. Town Centre,Utilized Off Route,10,20,S/B,3407
2019-07-30,939,18:40:00,Tuesday,Finch Station,Mechanical,12,24,E/B,3423
2019-07-30,52,18:50:00,Tuesday,Lawrence and Black Creek,Mechanical,18,34,W/B,1277
2019-07-30,165,19:14:00,Tuesday,Weston & Mainshep,Investigation,8,16,N/B,3262
2019-07-30,133,19:14:00,Tuesday,Scarborough Town Center,Investigation,9,18,E/B,3557
2019-07-30,24,19:17:00,Tuesday,Victoria Park station,Investigation,9,18,N/B,8498
2019-07-30,24,19:30:00,Tuesday,Eglinton and Victoria Park,Mechanical,9,18,N/B,9201
2019-07-30,123,19:30:00,Tuesday,Evans and Brownsline,General Delay,12,46,S/B,8049
2019-07-30,111,19:36:00,Tuesday,Dundas and Bloor,Mechanical,1,1,N/B,8043
2019-07-30,39,19:49:00,Tuesday,Finch Ave E/Gordon Baker Rd,Diversion,143,157,W/B,1377
2019-07-30,939,19:54:00,Tuesday,Finch Ave East/ Gordon Baker Rd,Diversion,138,151,W/B,3439
2019-07-30,91,20:12:00,Tuesday,Curity and O'Connor,Investigation,24,48,N/B,8478
2019-07-30,129,20:33:00,Tuesday,Mccowan/Pitfield,Mechanical,22,46,S/B,3409
2019-07-30,935,20:50:00,Tuesday,Pioneer Village Station,Mechanical,10,20,N/B,3490
2019-07-30,53,21:11:00,Tuesday,Passmore and Markham,Utilized Off Route,10,15,W/B,3445
2019-07-30,25,21:20:00,Tuesday,Don Mills STN,Mechanical,8,17,S/B,8939
2019-07-30,79,21:21:00,Tuesday,St. Clair and Scarlett Rd,Investigation,24,48,N/B,1358
2019-07-30,52,21:39:00,Tuesday,Dixon and City View,Mechanical,0,0,W/B,8131
2019-07-30,32,22:20:00,Tuesday,Black Creek and Trethewey,Diversion,134,144,B/W,
2019-07-30,171,22:20:00,Tuesday,Black Creek and Trethewey,Diversion,20,78,S/B,
2019-07-30,71,22:20:00,Tuesday,Black Creek and Trethewey,Diversion,134,155,S/B,
2019-07-30,83,23:55:00,Tuesday,Gerard and Jones,Investigation,15,30,N/B,3158
2019-07-30,73,23:55:00,Tuesday,Royal York Station,Mechanical,10,20,S/B,8035
2019-07-31,939,00:05:00,Wednesday,Scarb. Town Centre,Mechanical,9,18,W/B,3439
2019-07-31,116,00:30:00,Wednesday,Kennedy Stn,Utilized Off Route,10,20,E/B,8765
2019-07-31,701,01:25:00,Wednesday,Wilson Garage,Utilized Off Route,1,1,SB,8207
2019-07-31,89,01:26:00,Wednesday,Weston / Jane,Investigation,10,20,S/B,1532
2019-07-31,300,01:54:00,Wednesday,Bloor and Bathurst,Diversion,10,20,EB,8021
2019-07-31,300,02:04:00,Wednesday,East Mall and Bloor,Mechanical,10,20,EB,8617
2019-07-31,312,03:12:00,Wednesday,St.clair and Caledonia,Diversion,41,71,B/W,
2019-07-31,300,03:16:00,Wednesday,Dundas and Aukland,Vision,20,40,E/B,9233
2019-07-31,320,03:25:00,Wednesday,Steeles Yonge,Mechanical,4,8,S/B,8112
2019-07-31,39,05:00:00,Wednesday,39 Finch Rotue-All Branch,General Delay,18,36,B/W,3444
2019-07-31,939,05:00:00,Wednesday,939 Finch Express-All Branch,General Delay,12,24,B/W,3423
2019-07-31,29,05:00:00,Wednesday,S/B Dufferrin and Rogers,Mechanical,30,60,S/B,1553
2019-07-31,22,05:35:00,Wednesday,Coxwell Ave and Gerrard Ave East,Diversion,1,1,NB,8533
2019-07-31,60,05:43:00,Wednesday,Bathurst,Investigation,11,23,W/B,9105
2019-07-31,97,05:45:00,Wednesday,Davisville Stn,Mechanical,30,60,N/B,1250
2019-07-31,989,05:53:00,Wednesday,Steeles and Weston,Mechanical,12,24,S/B,1036
2019-07-31,123,06:00:00,Wednesday,EVANS AND HORNER,Diversion,83,60,S/B,
2019-07-31,7,06:00:00,Wednesday,wilson gargae,Mechanical,14,24,S/B,8152
2019-07-31,17,06:00:00,Wednesday,Eglinton,Diversion,999,999,B/W,
2019-07-31,91,06:00:00,Wednesday,Bermondsay and Eglinton,Diversion,999,999,B/W,
2019-07-31,39,06:15:00,Wednesday,Finch Station,Mechanical,1,1,E/B,1716
2019-07-31,11,06:21:00,Wednesday,steeles,Mechanical,13,26,S/B,1228
2019-07-31,600,06:26:00,Wednesday,Eglinton and Islington,Mechanical,1,1,E/B,1325
2019-07-31,937,06:56:00,Wednesday,Rowntree and Islington,Mechanical,12,24,SB,8014
2019-07-31,100,07:39:00,Wednesday,Gateway and Overlea,Investigation,4,8,E/B,8793
2019-07-31,130,07:44:00,Wednesday,Milner and McCowan,Mechanical,1,1,N/B,1752
2019-07-31,41,07:46:00,Wednesday,Keele Station,Vision,12,24,N/B,9006
2019-07-31,95,07:48:00,Wednesday,Ellesmere and Victoria Park,Mechanical,9,18,W/B,3460
2019-07-31,100,07:52:00,Wednesday,gateway and grenoble,Emergency Services,3,6,E/B,8770
2019-07-31,17,07:57:00,Wednesday,warden station,Investigation,9,18,N/B,8465
2019-07-31,11,08:00:00,Wednesday,davisville stn / steeles,General Delay,8,12,B/W,
2019-07-31,75,08:00:00,Wednesday,maple / queen quay,General Delay,6,12,B/W,
2019-07-31,55,08:12:00,Wednesday,Old Mills Station,Mechanical,15,30,N/B,1605
2019-07-31,6,08:20:00,Wednesday,Bay and St. Mary,Investigation,5,10,S/B,1037
2019-07-31,144,08:20:00,Wednesday,Concorde Pl.,Mechanical,1,1,S/B,8731
2019-07-31,41,09:00:00,Wednesday,Keele Station - Pioneer Village Station,General Delay,20,30,B/W,
2019-07-31,23,09:00:00,Wednesday,Dawes Route,General Delay,10,20,BW,0
2019-07-31,161,09:00:00,Wednesday,Jane at Alliance - Ossington Staiton,General Delay,15,20,B/W,
2019-07-31,74,09:00:00,Wednesday,Mt Pleasant/ Davisville,Mechanical,15,30,N/B,1216
2019-07-31,89,09:00:00,Wednesday,Keele Station - Weston at Albion,General Delay,20,30,B/W,
2019-07-31,939,09:05:00,Wednesday,Senlac and Finch,Diversion,97,112,E/B,1311
2019-07-31,36,09:07:00,Wednesday,Senlac Road,Diversion,5,100,E/B,3200
2019-07-31,108,09:26:00,Wednesday,PVST,Mechanical,15,30,E/B,3174
2019-07-31,52,09:30:00,Wednesday,Lawrence Station,Diversion,102,112,E/B,
2019-07-31,52,09:30:00,Wednesday,Lawrence Station,Mechanical,15,30,E/B,8308
2019-07-31,83,09:33:00,Wednesday,Donlands Station,Mechanical,18,36,S/B,8596
2019-07-31,7,09:34:00,Wednesday,vaughn,Investigation,8,16,S/B,1257
2019-07-31,25,10:00:00,Wednesday,Don Mills/Eglinton,General Delay,20,29,B/W,
2019-07-31,925,10:00:00,Wednesday,Don Mills/Eglinton,General Delay,20,30,B/W,
2019-07-31,85,10:00:00,Wednesday,Don Mills Station to Sheppard/Yonge Station,General Delay,22,44,B/W,
2019-07-31,92,10:00:00,Wednesday,Woodbine station to Ashbridge Bay loop,General Delay,15,20,B/W,
2019-07-31,7,10:14:00,Wednesday,Bathurst stn,Utilized Off Route,8,16,N/B,8168
2019-07-31,131,10:38:00,Wednesday,Morning view trail on Morningside,Diversion,14,28,B/W,1651
2019-07-31,89,11:01:00,Wednesday,Weston at Ray,Mechanical,10,20,N/B,1082
2019-07-31,25,11:10:00,Wednesday,Millwood /Overlea,Mechanical,9,18,N/B,8870
2019-07-31,52,11:13:00,Wednesday,Lawrence Station,General Delay,102,112,E/B,
2019-07-31,85,11:19:00,Wednesday,8800 Sheppard Avenue East,Mechanical,7,21,W/B,3413
2019-07-31,39,11:22:00,Wednesday,Old Finch,Mechanical,18,36,W/B,1292
2019-07-31,89,11:29:00,Wednesday,Keele at Annette St.,Mechanical,10,20,S/B,1071
2019-07-31,29,11:30:00,Wednesday,Bothways between Wilson and Lawrence,General Delay,25,35,B/W,
2019-07-31,36,11:30:00,Wednesday,Albion,Mechanical,5,10,E/B,9128
2019-07-31,36,11:37:00,Wednesday,Finch West Station,Investigation,5,10,W/B,9124
2019-07-31,905,11:58:00,Wednesday,Kennedy STN,Mechanical,9,18,E/B,8764
2019-07-31,73,11:59:00,Wednesday,martingrovr and albion,General Delay,10,20,W/B,8039
2019-07-31,45,12:00:00,Wednesday,ENTIRE ROUTE,General Delay,10,30,B/W,
2019-07-31,77,12:05:00,Wednesday,Runneyede Station,Investigation,13,26,N/B,1148
2019-07-31,36,12:05:00,Wednesday,Finch Station,Mechanical,1,1,B/W,9107
2019-07-31,29,12:10:00,Wednesday,SB ON Dufferin at,Investigation,8,16,S/B,9016
2019-07-31,52,12:36:00,Wednesday,Lawrence West Station,Mechanical,15,30,E/B,1247
2019-07-31,34,12:42:00,Wednesday,Kennedy station,Mechanical,9,18,S/B,8923
2019-07-31,89,13:22:00,Wednesday,Weston at Church,Emergency Services,10,20,N/B,1149
2019-07-31,161,13:26:00,Wednesday,Ossington Station  - Jane at Alliance,Mechanical,17,34,N/B,1088
2019-07-31,83,13:30:00,Wednesday,Donlands station to lakeshore garage,General Delay,15,20,W/B,
2019-07-31,63,13:30:00,Wednesday,Ossington & Argul,Investigation,8,16,N/B,1251
2019-07-31,65,13:30:00,Wednesday,Castlefrank Station to Front and Berkely,General Delay,15,20,W/B,
2019-07-31,86,13:38:00,Wednesday,Kingston & Poplar,Investigation,10,20,W/B,8796
2019-07-31,102,13:45:00,Wednesday,Centennial College,Mechanical,20,40,WB,8949
2019-07-31,21,13:54:00,Wednesday,Brimley Loop,Mechanical,12,24,S/B,1284
2019-07-31,37,14:00:00,Wednesday,Islington Station to Steeles and Humberwood Loop,General Delay,15,35,B/W,
2019-07-31,47,14:00:00,Wednesday,Entire Route,General Delay,20,35,B/W,
2019-07-31,110,14:00:00,Wednesday,Islington Station to Lakeshore and Long Branch,General Delay,15,27,B/W,
2019-07-31,15,14:00:00,Wednesday,Sherway Gardens to Mill Road Loop,General Delay,15,25,B/W,
2019-07-31,80,14:00:00,Wednesday,Keele Station to Sherway Gardens,General Delay,30,54,B/W,
2019-07-31,45,14:05:00,Wednesday,KIPLING STN,Mechanical,20,40,N/B,8066
2019-07-31,53,14:22:00,Wednesday,Tapscott and Steeles,Diversion,26,32,E/B,3536
2019-07-31,112,14:28:00,Wednesday,ERINGATE AND WELLESWORTH,Emergency Services,20,40,N/B,8058
2019-07-31,6,14:43:00,Wednesday,Davenport and Dupont,Mechanical,12,24,S/B,1041
2019-07-31,929,15:00:00,Wednesday,Dufferin and Bridgeland,General Delay,15,25,N/B,
2019-07-31,96,15:00:00,Wednesday,Route 96,General Delay,11,22,B/W,
2019-07-31,116,15:00:00,Wednesday,Morningside & Sheppard (Construction),General Delay,15,15,B/W,8667
2019-07-31,12,15:02:00,Wednesday,Victoria Park Station,Mechanical,24,49,E/B,3117
2019-07-31,60,15:15:00,Wednesday,Finch Station,Mechanical,1,1,B/W,9132
2019-07-31,32,15:29:00,Wednesday,Dufferin and Eglinton,Investigation,10,20,E/B,1416
2019-07-31,77,15:42:00,Wednesday,Morningside and Windermere,Investigation,9,18,S/B,1091
2019-07-31,47,15:47:00,Wednesday,Wallace and Lansdowne,Mechanical,1,1,N/B,1056
2019-07-31,44,15:50:00,Wednesday,Kipling station,General Delay,7,64,S/B,8023
2019-07-31,944,15:51:00,Wednesday,Kipling station,Mechanical,12,24,S/B,8045
2019-07-31,927,15:52:00,Wednesday,Dundas at Shorncliff,Investigation,4,9,S/B,3276
2019-07-31,41,16:00:00,Wednesday,Entire Route,General Delay,25,35,BW,
2019-07-31,89,16:00:00,Wednesday,Entire Route,General Delay,20,30,BW,
2019-07-31,165,16:00:00,Wednesday,Route 165,General Delay,11,19,B/W,
2019-07-31,43,16:00:00,Wednesday,entire route,General Delay,10,20,B/W,
2019-07-31,54,16:00:00,Wednesday,entire route,General Delay,9,18,B/W,
2019-07-31,100,16:00:00,Wednesday,Broadview Stn to Don Mills/Wynford,General Delay,20,26,W/B,
2019-07-31,68,16:00:00,Wednesday,entire route,General Delay,8,16,B/W,
2019-07-31,939,16:10:00,Wednesday,Birchmount and Finch,Mechanical,12,24,E/B,3542
2019-07-31,41,16:15:00,Wednesday,Pioneer Village stn,Utilized Off Route,1,1,S/B,9047
2019-07-31,26,16:16:00,Wednesday,Lansdowne and Dupont,Investigation,1,1,E/B,1595
2019-07-31,37,16:34:00,Wednesday,"On Islington, at Highway 401",Mechanical,12,24,N/B,8064
2019-07-31,23,16:40:00,Wednesday,St.Clait and Victoria Park,Mechanical,7,14,S/B,3139
2019-07-31,168,17:00:00,Wednesday,Enitre Route,General Delay,20,28,B/W,
2019-07-31,929,17:20:00,Wednesday,Dufferin and Lawrence,Mechanical,10,20,S/B,9150
2019-07-31,701,17:21:00,Wednesday,Kipling station,Utilized Off Route,1,1,S/B,8413
2019-07-31,945,17:24:00,Wednesday,Kipling station,Utilized Off Route,9,18,N/B,8402
2019-07-31,63,17:24:00,Wednesday,king and atlantic,Utilized Off Route,8,16,B/W,8148
2019-07-31,600,17:25:00,Wednesday,Lawrence west station,Utilized Off Route,1,1,E/B,1314
2019-07-31,145,17:25:00,Wednesday,ROYAL YORK AND LAKESHORE,Mechanical,30,60,N/B,8439
2019-07-31,145,17:25:00,Wednesday,Royal York and Lakeshore,General Delay,30,60,W/B,8439
2019-07-31,600,17:26:00,Wednesday,sheppard west station,Utilized Off Route,1,1,S/B,1371
2019-07-31,937,17:27:00,Wednesday,Islington Station,Utilized Off Route,12,24,N/B,7961
2019-07-31,600,17:28:00,Wednesday,Sheppard West Station,Utilized Off Route,1,1,S/B,1371
2019-07-31,63,17:30:00,Wednesday,Eglinton west station to atlantic and king,General Delay,11,17,B/W,
2019-07-31,34,17:39:00,Wednesday,Eglinton/Brentcliffe,Investigation,7,13,W/B,8875
2019-07-31,44,17:40:00,Wednesday,Col. Sam Smith Loop,Mechanical,7,14,N/B,8043
2019-07-31,32,17:40:00,Wednesday,Chaplin and Eglinton,Mechanical,9,18,E/B,1108
2019-07-31,94,17:42:00,Wednesday,Castlefrank Station,Mechanical,1,1,W/B,1625
2019-07-31,95,17:48:00,Wednesday,Borough Approach Road,Mechanical,12,24,WB,1727
2019-07-31,73,18:06:00,Wednesday,royal york and mimico,Mechanical,14,28,N/B,8034
2019-07-31,112,18:08:00,Wednesday,Kipling station,Mechanical,18,36,N/B,8401
2019-07-31,168,18:16:00,Wednesday,Avon Loop,Mechanical,1,1,S/B,1412
2019-07-31,900,18:17:00,Wednesday,Kipling station,Mechanical,7,14,N/B,800
2019-07-31,42,18:20:00,Wednesday,Dynamic drive and mcnicolle,Mechanical,16,32,W/B,1399
2019-07-31,47,18:29:00,Wednesday,Queen and Lansdowne,Mechanical,7,14,N/B,1002
2019-07-31,939,18:41:00,Wednesday,Finch Stn,Investigation,5,10,E/B,1715
2019-07-31,7,18:45:00,Wednesday,Bathurst and Barton,Mechanical,17,34,B/W,8320
2019-07-31,72,19:03:00,Wednesday,Pape Station,Investigation,18,36,S/B,3152
2019-07-31,72,19:03:00,Wednesday,Pape Station,Investigation,1,1,S/B,8555
2019-07-31,53,19:06:00,Wednesday,Middlefield and Steeles,Mechanical,6,11,W/B,1403
2019-07-31,945,19:18:00,Wednesday,Kipling and Gracey Blvd,Mechanical,9,18,S/B,8014
2019-07-31,168,19:55:00,Wednesday,Avon Loop,Mechanical,9,18,S/B,1027
2019-07-31,36,20:01:00,Wednesday,Finch at Jane,Investigation,8,16,E/B,9107
2019-07-31,35,20:05:00,Wednesday,Jane & York Mills,Mechanical,9,18,S/B,3485
2019-07-31,89,20:10:00,Wednesday,Weston / Albion,Utilized Off Route,10,20,S/B,1044
2019-07-31,7,20:55:00,Wednesday,Bathurst Station,Mechanical,8,16,B/W,1214
2019-07-31,85,20:55:00,Wednesday,Sheppard and Neilson,Mechanical,8,16,W/B,3427
2019-07-31,34,20:56:00,Wednesday,Lebovic/Eglinton,Investigation,6,12,E/B,8917
2019-07-31,65,21:03:00,Wednesday,Main Station,Investigation,20,40,S/B,8553
2019-07-31,29,21:05:00,Wednesday,Wilson Station,Investigation,8,17,S/B,9056
2019-07-31,116,21:10:00,Wednesday,Kennedy Station,Utilized Off Route,10,20,E/B,8679
2019-07-31,98,21:12:00,Wednesday,Sheppard Yonge station,Diversion,1,1,B/W,
2019-07-31,100,21:55:00,Wednesday,Don Mills/Wynford,Mechanical,10,20,S/B,8863
2019-07-31,63,21:57:00,Wednesday,Atlantic and king,Utilized Off Route,10,20,N/B,8200
2019-07-31,45,22:05:00,Wednesday,Kipling station,Utilized Off Route,10,20,N/B,8603
2019-07-31,47,22:05:00,Wednesday,Earlscourt Loop,Utilized Off Route,10,20,S/B,1145
2019-07-31,29,22:10:00,Wednesday,Exhibition Loop,Utilized Off Route,8,17,N/B,1102
2019-07-31,89,22:10:00,Wednesday,Keele stn,Utilized Off Route,10,20,S/B,1410
2019-07-31,45,22:20:00,Wednesday,Kipling station,Utilized Off Route,10,20,N/B,8427
2019-07-31,73,22:20:00,Wednesday,Royal York Station,Utilized Off Route,10,20,S/B,8027
2019-07-31,50,22:30:00,Wednesday,Mill Road Loop,Mechanical,30,60,E/B,8456
2019-07-31,123,22:53:00,Wednesday,N. Queen and Nova rd.,Investigation,24,48,N/B,8031
2019-07-31,37,23:19:00,Wednesday,Islington Station,Utilized Off Route,26,52,N/B,8081
2019-07-31,22,23:48:00,Wednesday,Bingham Loop,Mechanical,10,20,N/B,8526
