Report Date,Route,Time,Day,Location,Incident,Min Delay,Min Gap,Direction,Vehicle
2019-10-01,108,00:13:00,Tuesday,Pioneer Village Station,Investigation,15,30,S/B,3205
2019-10-01,35,00:20:00,Tuesday,Jane Station,Utilized Off Route,10,20,S/B,3533
2019-10-01,63,00:45:00,Tuesday,Ossington Station,Utilized Off Route,10,20,S/B,8108
2019-10-01,32,01:04:00,Tuesday,Renforth Station,Utilized Off Route,15,30,E/B,1269
2019-10-01,322,02:00:00,Tuesday,Kingston & Queen,Diversion,218,248,B/W,
2019-10-01,324,02:00:00,Tuesday,Eglinton & Victoria Park,Diversion,234,264,B/W,
2019-10-01,322,02:00:00,Tuesday,Queen & Kingston,Diversion,218,248,B/W,
2019-10-01,320,02:06:00,Tuesday,Steeles and Yonge,Mechanical,3,6,S/B,8369
2019-10-01,300,05:14:00,Tuesday,Spadina and Bloor,Emergency Services,10,35,E/B,8705
2019-10-01,36,06:10:00,Tuesday,dufferin,Mechanical,5,10,E/B,3479
2019-10-01,76,06:17:00,Tuesday,ROYAL YORK STN,Mechanical,5,10,S/B,8025
2019-10-01,45,06:23:00,Tuesday,SLPK,Mechanical,5,10,S/B,8425
2019-10-01,945,06:24:00,Tuesday,Eglinton and Kipling,Mechanical,5,10,S/B,7979
2019-10-01,953,06:26:00,Tuesday,Finch station,Mechanical,15,30,E/B,9076
2019-10-01,76,06:42:00,Tuesday,ROYAL YORK STN,Mechanical,5,10,S/B,8091
2019-10-01,34,06:53:00,Tuesday,Eglinton Station,Mechanical,4,8,E/B,8864
2019-10-01,66,07:00:00,Tuesday,ENTIRE ROUTE,General Delay,9,35,B/W,
2019-10-01,100,07:01:00,Tuesday,Don Mills and Wynford,Mechanical,3,10,W/B,8757
2019-10-01,52,07:23:00,Tuesday,Lawrence Station,Mechanical,23,45,W/B,1215
2019-10-01,95,07:30:00,Tuesday,Kennedy to Leslie & York Mills,General Delay,30,38,W/B,
2019-10-01,39,07:30:00,Tuesday,39 Finch Route all Branch,General Delay,18,36,B/W,3424
2019-10-01,995,07:30:00,Tuesday,Kennedy to Leslie and York mills,General Delay,30,40,W/B,
2019-10-01,937,07:30:00,Tuesday,entire route,General Delay,12,35,B/W,
2019-10-01,37,07:30:00,Tuesday,ENTIRE ROUTE,General Delay,14,40,B/W,
2019-10-01,939,07:30:00,Tuesday,939 Finch Express-All branch,General Delay,20,29,B/W,1322
2019-10-01,939,07:42:00,Tuesday,Nightstar and Morningside,Mechanical,7,14,W/B,1509
2019-10-01,42,07:49:00,Tuesday,McNicoll / Boxdene,Diversion,76,90,W/B,8148
2019-10-01,985,08:00:00,Tuesday,Sheppard and Parkway Forest,General Delay,20,35,B/W,
2019-10-01,85,08:00:00,Tuesday,Sheppard and Parkway Forest,General Delay,15,27,B/W,
2019-10-01,39,08:04:00,Tuesday,Morningside and Old Finch,Mechanical,15,30,W/B,1656
2019-10-01,5,08:07:00,Tuesday,Avenue Rd and Chaplin,Mechanical,13,26,N/B,8377
2019-10-01,41,08:07:00,Tuesday,Dundas / Keele,Investigation,15,30,S/B,9032
2019-10-01,133,08:10:00,Tuesday,Markham / Ellesmere Rd.,General Delay,25,36,B/W,
2019-10-01,38,08:10:00,Tuesday,Markham and Ellesmere,General Delay,25,45,B/W,
2019-10-01,169,08:10:00,Tuesday,Sheppard Ave. E/Fairview Mall,General Delay,35,95,W/B,
2019-10-01,92,08:30:00,Tuesday,Woodbine stn to queen,General Delay,10,20,,
2019-10-01,953,08:30:00,Tuesday,Morningside Finch,Mechanical,15,30,W/B,9070
2019-10-01,17,08:30:00,Tuesday,Birchmount Rd (Lawrence to Finch),General Delay,20,27,B/W,
2019-10-01,89,08:30:00,Tuesday,Keele Station,General Delay,10,17,S/B,
2019-10-01,989,08:30:00,Tuesday,Keele Station,General Delay,10,25,S/B,
2019-10-01,52,08:33:00,Tuesday,Lawrence/Keele,Mechanical,15,30,E/B,1342
2019-10-01,89,08:36:00,Tuesday,Weston/Albion,Mechanical,7,14,N/B,1023
2019-10-01,935,08:50:00,Tuesday,Pioneer Village Stn,Mechanical,11,22,S/B,3572
2019-10-01,168,08:53:00,Tuesday,Avon Loop,Mechanical,6,11,W/B,1092
2019-10-01,52,09:22:00,Tuesday,Lawrence West station,Mechanical,15,30,W/B,8170
2019-10-01,5,09:35:00,Tuesday,Elm and Elizabeth,Diversion,190,220,N/B,
2019-10-01,123,09:40:00,Tuesday,KPSN,Mechanical,21,42,W/B,8447
2019-10-01,34,09:50:00,Tuesday,Kennedy Station,Utilized Off Route,8,16,W/B,8850
2019-10-01,935,09:50:00,Tuesday,Pioneer Village,Mechanical,11,22,N/B,3577
2019-10-01,35,09:55:00,Tuesday,Jane and Finch,Vision,5,10,N/B,3475
2019-10-01,34,10:05:00,Tuesday,Kennedy Stn.,Utilized Off Route,8,16,W/B,8628
2019-10-01,57,10:11:00,Tuesday,Kennedy Station,Mechanical,14,28,N/B,8648
2019-10-01,51,10:15:00,Tuesday,Steeles and Don Mills,Diversion,9,18,S/B,8154
2019-10-01,927,10:17:00,Tuesday,Finch/Martin Grove,Mechanical,6,11,W/B,3231
2019-10-01,34,10:28:00,Tuesday,Kennedy Station,Utilized Off Route,8,16,W/B,8739
2019-10-01,54,10:37:00,Tuesday,Birchmount and Lawrence,Emergency Services,11,22,W/B,8780
2019-10-01,92,10:45:00,Tuesday,Woodbine and Norway,Investigation,10,20,N/B,8941
2019-10-01,37,10:50:00,Tuesday,WESTHAMPTON AND ISLINGTON,Mechanical,20,40,N/B,8420
2019-10-01,70,11:25:00,Tuesday,Craigton and Eglintion,Mechanical,15,30,N/B,8630
2019-10-01,29,11:33:00,Tuesday,Dundas,Investigation,7,14,S/B,9028
2019-10-01,39,11:40:00,Tuesday,Winlock and Finch,Investigation,16,32,W/B,3424
2019-10-01,11,11:55:00,Tuesday,Hillsdale and Bayview,Investigation,13,26,N/B,1278
2019-10-01,11,11:58:00,Tuesday,Post and Bayview,Investigation,13,26,N/B,1270
2019-10-01,84,12:07:00,Tuesday,Weston/Braford,Utilized Off Route,8,16,E/B,3303
2019-10-01,939,12:24:00,Tuesday,Finch & Banstock,Investigation,9,17,W/B,1316
2019-10-01,62,12:55:00,Tuesday,Broadview Station,Mechanical,10,20,S/B,8561
2019-10-01,70,13:00:00,Tuesday,70 O'Connor Route- All Branch,General Delay,16,36,B/W,8806
2019-10-01,91,13:00:00,Tuesday,91 Woodbine Route,General Delay,12,26,B/W,8515
2019-10-01,31,13:00:00,Tuesday,31 Greenwood Route-All Branch,General Delay,9,18,B/W,8546
2019-10-01,102,13:00:00,Tuesday,Markham Route,General Delay,30,60,B/W,
2019-10-01,81,13:00:00,Tuesday,81 Thorncliff Park Route,General Delay,11,22,B/W,8598
2019-10-01,9,13:00:00,Tuesday,Bellamy Route,General Delay,12,24,B/W,
2019-10-01,902,13:00:00,Tuesday,Markham express route,General Delay,10,20,B/W,
2019-10-01,22,13:00:00,Tuesday,22 Coxwell Route- All Branch,General Delay,10,18,B/W,8491
2019-10-01,16,13:00:00,Tuesday,McCowan route,General Delay,12,24,B/W,
2019-10-01,17,13:00:00,Tuesday,Birchmount route,General Delay,40,80,B/W,
2019-10-01,68,13:00:00,Tuesday,Warden route,General Delay,30,60,B/W,
2019-10-01,925,13:00:00,Tuesday,925 Don Mills Express Route,General Delay,10,20,B/W,8743
2019-10-01,25,13:00:00,Tuesday,25 Don Mills Route- All Branch,General Delay,9,18,B/W,8705
2019-10-01,160,13:18:00,Tuesday,Centre and New Westminster,Diversion,1,1,N/B,8194
2019-10-01,63,13:53:00,Tuesday,Oakwood Loop,Mechanical,10,20,S/B,8396
2019-10-01,129,14:06:00,Tuesday,Scarborough Town centre,Utilized Off Route,7,14,N/B,3529
2019-10-01,45,14:41:00,Tuesday,Finch and Kipling,Mechanical,10,20,N/B,8431
2019-10-01,45,14:41:00,Tuesday,Kipling and Finch,Mechanical,10,20,N/B,8431
2019-10-01,63,14:45:00,Tuesday,Oakwood Loop,Mechanical,9,19,S/B,1373
2019-10-01,985,14:46:00,Tuesday,Don Mills Stn,Utilized Off Route,12,24,E/B,9099
2019-10-01,37,14:50:00,Tuesday,Woodbine Racetrack,Mechanical,22,42,N/B,8023
2019-10-01,112,14:54:00,Tuesday,Rangoon and Hagersville,Mechanical,18,36,S/B,8456
2019-10-01,52,14:55:00,Tuesday,Lawrence West Station,Mechanical,14,28,E/B,1387
2019-10-01,15,15:00:00,Tuesday,Entire Route,General Delay,25,40,B/W,
2019-10-01,76,15:00:00,Tuesday,Entire Route,General Delay,20,27,B/W,
2019-10-01,37,15:00:00,Tuesday,Entire Route,General Delay,30,40,B/W,
2019-10-01,75,15:00:00,Tuesday,Between Lower Jarvis/Queens Quay and Sherbourne/Bloor,General Delay,28,34,B/W,
2019-10-01,132,15:00:00,Tuesday,Scarborough Town Centre to Hupfield trail,General Delay,15,20,B/W,
2019-10-01,87,15:00:00,Tuesday,Between Broadview Stn and Main Street Station,General Delay,15,21,B/W,
2019-10-01,130,15:00:00,Tuesday,Scarborough Town centre to steeles,General Delay,15,20,B/W,
2019-10-01,129,15:00:00,Tuesday,Scarborough town centre to Major Mac,General Delay,15,20,B/W,
2019-10-01,131,15:00:00,Tuesday,Scarborough Town centre to Sewells,General Delay,15,18,B/W,
2019-10-01,100,15:00:00,Tuesday,Between Broadview Stn and DonMills/Eglinton,General Delay,25,31,B/W,
2019-10-01,134,15:00:00,Tuesday,Scarborough Town centre to Finchdene,General Delay,10,15,B/W,
2019-10-01,945,15:10:00,Tuesday,Evans and Division,Investigation,7,14,W/B,8024
2019-10-01,123,15:20:00,Tuesday,KPSN,Mechanical,14,28,S/B,8613
2019-10-01,66,15:30:00,Tuesday,Entire Route,General Delay,20,28,B/W,
2019-10-01,75,15:39:00,Tuesday,QueensQuay and Lower Jarvis,Vision,6,12,N/B,8213
2019-10-01,924,15:42:00,Tuesday,Victoria Park Station,Mechanical,10,20,N/B,8505
2019-10-01,9,15:50:00,Tuesday,Lawrence,Diversion,25,37,S/B,
2019-10-01,48,15:52:00,Tuesday,Anglesey and Kingsway,Mechanical,17,34,E/B,7979
2019-10-01,44,16:00:00,Tuesday,Kipling Station to Colonel Samuel Smith Loop,General Delay,15,20,B/W,
2019-10-01,110,16:00:00,Tuesday,Entire Route,General Delay,20,28,B/W,
2019-10-01,111,16:00:00,Tuesday,Kipling Station to Willowridge,General Delay,15,25,B/W,
2019-10-01,30,16:00:00,Tuesday,High Park Station to Kipling Station,General Delay,15,37,B/W,
2019-10-01,112,16:00:00,Tuesday,Kipling Station to Disco Road,General Delay,15,21,B/W,
2019-10-01,21,16:03:00,Tuesday,Brimley and Britwell,Mechanical,11,22,N/B,3473
2019-10-01,985,16:12:00,Tuesday,Scarb. Town Centre,Mechanical,10,20,E/B,9098
2019-10-01,112,16:15:00,Tuesday,"On The West Mall, at Bloor",Investigation,8,16,S/B,8445
2019-10-01,63,16:25:00,Tuesday,Queen and Ossington,Investigation,9,18,N/B,1374
2019-10-01,38,16:30:00,Tuesday,Scarborough Town centre to Rough Hill Go Station,General Delay,15,20,B/W,
2019-10-01,133,16:30:00,Tuesday,Scarborough Town Centre to Morningside and Finch,General Delay,15,20,B/W,
2019-10-01,37,16:32:00,Tuesday,Islington and Summitcrest,Investigation,22,44,N/B,8085
2019-10-01,98,16:32:00,Tuesday,Sheppard Stn,Mechanical,15,30,W/B,8135
2019-10-01,94,16:32:00,Tuesday,Wellesley and Church,Investigation,15,30,E/B,1082
2019-10-01,98,16:35:00,Tuesday,Sheppard and Yonge,Mechanical,15,30,W/B,1227
2019-10-01,939,16:36:00,Tuesday,Scarborough Centre RT Station,Mechanical,12,24,W/B,3433
2019-10-01,89,16:50:00,Tuesday,Keele Station,Mechanical,11,22,N/B,1021
2019-10-01,95,16:58:00,Tuesday,Warden to Birchmount,General Delay,25,35,B/W,
2019-10-01,985,17:00:00,Tuesday,Don Mills Stn to Meadowvale Loop,General Delay,30,40,B/W,
2019-10-01,85,17:00:00,Tuesday,Don Mills Stn to Rouge Hill Go Stn (all branches),General Delay,30,44,B/W,
2019-10-01,995,17:00:00,Tuesday,Birchmount to warden,General Delay,30,40,B/W,
2019-10-01,145,17:00:00,Tuesday,Entire Route,General Delay,30,60,B/W,
2019-10-01,985,17:00:00,Tuesday,Sheppard/Dean Park and Sheppard/Rouge River,Diversion,150,160,B/W,
2019-10-01,85,17:00:00,Tuesday,Sheppard / Dean Park to Rouge River,Diversion,440,452,B/W,
2019-10-01,925,17:03:00,Tuesday,Pape Station,Mechanical,8,16,N/B,8928
2019-10-01,91,17:07:00,Tuesday,St. Clair/O'Connor,Mechanical,14,28,N/B,3123
2019-10-01,29,17:12:00,Tuesday,Dufferin and Gibson,Investigation,7,14,S/B,9025
2019-10-01,32,17:14:00,Tuesday,Eglinton stn,Mechanical,5,10,W/B,1014
2019-10-01,6,17:20:00,Tuesday,Bay st and Front,Utilized Off Route,7,8,S/B,1268
2019-10-01,88,17:24:00,Tuesday,Thorncliffe/ Overlea,Investigation,15,30,N/B,8183
2019-10-01,32,17:40:00,Tuesday,Eglinton and Allen Rd,Investigation,5,13,E/B,1134
2019-10-01,39,17:43:00,Tuesday,Finch & Pineway,Mechanical,14,29,W/B,1245
2019-10-01,939,17:47:00,Tuesday,Finch & Page,Investigation,12,24,W/B,3441
2019-10-01,39,17:51:00,Tuesday,Finch & Page,Mechanical,14,29,W/B,1724
2019-10-01,35,18:00:00,Tuesday,Pioneer Village Station to Jane Station,General Delay,27,34,B/W,
2019-10-01,79,18:00:00,Tuesday,Pine and Lawrence to Runnymede Station,General Delay,35,50,B/W,
2019-10-01,935,18:00:00,Tuesday,Jane Station to Pioneer Village Station,General Delay,31,42,B/W,
2019-10-01,47,18:02:00,Tuesday,Queen and Lansdowne to Yorkdale Station,General Delay,42,69,B/W,
2019-10-01,50,18:09:00,Tuesday,Mill Road to Islington Station,General Delay,32,49,B/W,
2019-10-01,131,18:19:00,Tuesday,Scarborough Town centre,Mechanical,9,18,N/B,1397
2019-10-01,129,18:22:00,Tuesday,Nugget,Mechanical,8,16,S/B,1291
2019-10-01,12,18:22:00,Tuesday,Victoria Park Station,Mechanical,14,28,E/B,9226
2019-10-01,925,18:40:00,Tuesday,Pape Stn,Utilized Off Route,8,16,N/B,8799
2019-10-01,63,18:57:00,Tuesday,Oakwood Loop,Utilized Off Route,10,20,S/B,1383
2019-10-01,48,19:00:00,Tuesday,Mill Road to Royal York Station,General Delay,60,90,B/W,
2019-10-01,952,19:03:00,Tuesday,Lawrence W Stn,Utilized Off Route,12,24,,8123
2019-10-01,117,19:10:00,Tuesday,Chesswood and Steeprock,Mechanical,12,24,N/B,1282
2019-10-01,70,19:29:00,Tuesday,Victoria Park/Eglinton Ave E,Investigation,16,36,E/B,8734
2019-10-01,29,19:45:00,Tuesday,Springhurst Loop,Mechanical,5,10,N/B,9101
2019-10-01,26,19:50:00,Tuesday,Jane and Ardagh,Investigation,20,40,S/B,1073
2019-10-01,74,20:00:00,Tuesday,St Clair stn,Mechanical,18,36,N/B,8158
2019-10-01,97,20:15:00,Tuesday,Yonge and broadway,Diversion,60,75,B/W,
2019-10-01,23,20:29:00,Tuesday,Dawes and Rosevear,Investigation,10,20,B/W,9203
2019-10-01,89,20:32:00,Tuesday,Weston at Dee,Emergency Services,10,20,S/B,1265
2019-10-01,69,20:45:00,Tuesday,Warden at Danforth,Mechanical,15,30,N/B,8483
2019-10-01,32,20:58:00,Tuesday,Pine and Lawrence,Mechanical,10,20,E/B,1051
2019-10-01,95,21:00:00,Tuesday,Morningside and ellesmere,Investigation,14,28,E/B,1239
2019-10-01,72,21:00:00,Tuesday,Queens Quay and Bay,Diversion,1,1,B/W,9229
2019-10-01,6,21:20:00,Tuesday,Bay/Front,Diversion,320,335,B/W,
2019-10-01,72,21:20:00,Tuesday,Bay and Front to the Queens Quay,Diversion,320,338,B/W,
2019-10-01,34,21:25:00,Tuesday,Kennedy stn,Mechanical,6,13,W/B,8884
2019-10-01,6,21:30:00,Tuesday,Bay and Lakeshore,Diversion,1,1,B/W,1633
2019-10-01,87,21:30:00,Tuesday,Broadview stn,Mechanical,10,20,N/B,8493
2019-10-01,11,21:49:00,Tuesday,Bayview & Steeles,Mechanical,25,52,S/B,8192
2019-10-02,43,00:14:00,Wednesday,Kennedy and Progress,Investigation,10,20,S/B,8754
2019-10-02,60,00:23:00,Wednesday,FSTN,Utilized Off Route,17,34,W/B,3231
2019-10-02,45,00:25:00,Wednesday,Kipling Station,Utilized Off Route,10,20,N/B,8440
2019-10-02,95,00:30:00,Wednesday,Markham and ellesmere,Investigation,10,20,W/B,3408
2019-10-02,90,00:44:00,Wednesday,St.Clair West Station,Mechanical,11,22,N/B,8188
2019-10-02,63,00:52:00,Wednesday,Oakwood Loop,Utilized Off Route,10,20,N/B,8171
2019-10-02,61,01:06:00,Wednesday,Eglinton Station,Utilized Off Route,24,48,W/B,8377
2019-10-02,165,01:14:00,Wednesday,Faywood and Wilson,Investigation,11,22,W/B,3509
2019-10-02,41,02:25:00,Wednesday,Keele and Rustic Rd,Diversion,49,79,N/B,9030
2019-10-02,95,03:05:00,Wednesday,York mills station,Investigation,30,60,E/B,1509
2019-10-02,341,03:17:00,Wednesday,Keele and Rustic Street,Diversion,117,147,S/B,9022
2019-10-02,320,04:16:00,Wednesday,Eglinton Ave,Mechanical,7,14,N/B,8183
2019-10-02,41,04:46:00,Wednesday,Keele / Rustic,Diversion,194,209,S/B,9152
2019-10-02,24,05:30:00,Wednesday,yardley /Victoria park,Mechanical,12,24,N/B,9217
2019-10-02,24,05:43:00,Wednesday,Birchmount  yard,Investigation,7,14,N/B,3140
2019-10-02,45,05:44:00,Wednesday,STEELES AND KIPLING,Mechanical,10,20,S/B,8455
2019-10-02,34,05:48:00,Wednesday,Grenoble and Spanbridge,Mechanical,13,13,W/B,8723
2019-10-02,941,06:00:00,Wednesday,Keele / Rustic,Diversion,120,132,S/B,9145
2019-10-02,63,06:10:00,Wednesday,Atlantic & King,Mechanical,13,25,N/B,1252
2019-10-02,112,06:18:00,Wednesday,Renforth Station,Mechanical,7,14,S/B,8087
2019-10-02,35,06:24:00,Wednesday,Jane Stn,Investigation,5,10,N/B,3232
2019-10-02,6,06:44:00,Wednesday,Fenmar/Midland,Investigation,18,36,W/B,3290
2019-10-02,75,07:00:00,Wednesday,Entire route,General Delay,10,15,N/B,
2019-10-02,15,07:00:00,Wednesday,ENTIRE ROUTE,General Delay,15,45,B/W,
2019-10-02,97,07:01:00,Wednesday,Montgomery and Eglinton Ave,Diversion,127,141,N/B,
2019-10-02,984,07:03:00,Wednesday,Sheppard/Allen,Investigation,,9,W/B,3546
2019-10-02,95,07:30:00,Wednesday,York mills Rd and Fenside,Diversion,48,56,B/W,
2019-10-02,39,07:30:00,Wednesday,39 Finch Express-All Branch,General Delay,18,36,B/W,1679
2019-10-02,939,07:30:00,Wednesday,939 Finch Express-All Branch,General Delay,20,29,B/W,3461
2019-10-02,66,07:30:00,Wednesday,ENTIRE ROUTE,General Delay,9,35,B/W,
2019-10-02,37,07:30:00,Wednesday,ENTIRE ROUTE,General Delay,14,40,B/W,
2019-10-02,937,07:30:00,Wednesday,ENTIRE ROUTE,General Delay,12,40,B/W,
2019-10-02,76,07:30:00,Wednesday,ENTIRE  ROUTE,General Delay,5,30,B/W,
2019-10-02,995,07:37:00,Wednesday,York Mills and Fenside,Diversion,38,48,B/W,3536
2019-10-02,92,07:38:00,Wednesday,Lake shore and Woodbine,Mechanical,8,16,,8510
2019-10-02,123,07:45:00,Wednesday,KPSN,Mechanical,18,36,W/B,8602
2019-10-02,35,07:48:00,Wednesday,Pioneer Village Stn,Mechanical,9,19,S/B,3577
2019-10-02,935,08:00:00,Wednesday,Pioneer Village Stn,Mechanical,9,18,S/B,3572
2019-10-02,925,08:00:00,Wednesday,Don Mills and Eglintion /yorkmills,General Delay,10,20,,
2019-10-02,72,08:35:00,Wednesday,Lakeshore Blvd,Investigation,8,16,N/B,3139
2019-10-02,91,08:35:00,Wednesday,lawrance and comforth,Investigation,12,24,,3143
2019-10-02,925,08:53:00,Wednesday,Duncan mills and Don mills,Mechanical,10,20,,8756
2019-10-02,133,08:56:00,Wednesday,Ellesmere and Nielson,Diversion,29,40,N/B,3402
2019-10-02,5,09:00:00,Wednesday,Entire Route,General Delay,30,50,B/W,
2019-10-02,45,09:25:00,Wednesday,Kipling Station,Utilized Off Route,18,36,N/B,7970
2019-10-02,77,09:30:00,Wednesday,Jane/ St. Clair,Utilized Off Route,1,1,N/B,1129
2019-10-02,52,09:39:00,Wednesday,Islington/Lawrence,Investigation,8,23,W/B,8195
2019-10-02,944,09:40:00,Wednesday,C Samuel Smith Loop,Utilized Off Route,8,16,N/B,8073
2019-10-02,75,09:54:00,Wednesday,Gerrard St,Mechanical,10,26,N/B,1280
2019-10-02,47,10:05:00,Wednesday,Queen and Lansdowne,Mechanical,11,20,N/B,1018
2019-10-02,927,10:05:00,Wednesday,Kipling Station,Utilized Off Route,5,11,E/B,3244
2019-10-02,46,10:20:00,Wednesday,Kipling Station,Utilized Off Route,19,38,E/B,3468
2019-10-02,97,10:34:00,Wednesday,Yonge St and Chaplin,Emergency Services,30,60,S/B,8105
2019-10-02,900,10:35:00,Wednesday,Kipling Station,Mechanical,1,1,E/B,8005
2019-10-02,944,10:57:00,Wednesday,C Samual Smith Loop,Utilized Off Route,8,16,N/B,7957
2019-10-02,54,11:00:00,Wednesday,Lawrence,Mechanical,0,0,W/B,8875
2019-10-02,7,11:01:00,Wednesday,Wilson,Investigation,8,16,S/B,8165
2019-10-02,927,11:15:00,Wednesday,Arrow Garage ( Track 10),Investigation,1,1,E/B,3361
2019-10-02,14,11:24:00,Wednesday,Glencairn station,Mechanical,20,40,E/B,1380
2019-10-02,42,11:38:00,Wednesday,McNicoll / Victoria Park,Investigation,14,28,E/B,8389
2019-10-02,34,12:00:00,Wednesday,Eglinton East Route,General Delay,20,28,BW,0
2019-10-02,75,12:00:00,Wednesday,Between Lower Jarvis/QueensQuay and Bloor,General Delay,25,36,B/W,
2019-10-02,106,12:04:00,Wednesday,Sheppard/Keele,Mechanical,13,26,E/B,1355
2019-10-02,925,12:38:00,Wednesday,York Mills/Don Mills,Mechanical,10,20,B/W,8923
2019-10-02,167,12:45:00,Wednesday,Sheppard / Pharmacy,Emergency Services,30,60,W/B,3117
2019-10-02,81,13:00:00,Wednesday,81 Thorncliff Park Route,General Delay,11,22,B/W,9216
2019-10-02,31,13:00:00,Wednesday,31 Greenwood Route- All Branch,General Delay,9,18,B/W,8489
2019-10-02,25,13:00:00,Wednesday,25 Don Mills Route- All Branch,General Delay,9,18,B/W,8803
2019-10-02,925,13:00:00,Wednesday,925 Don Mills Express Route,General Delay,10,20,B/W,8929
2019-10-02,22,13:00:00,Wednesday,22 Coxwell Route-All Branch,General Delay,10,18,B/W,8579
2019-10-02,91,13:00:00,Wednesday,91 Woodbine Station,General Delay,12,26,B/W,3109
2019-10-02,70,13:00:00,Wednesday,70 O'Connor Route- All Branch,General Delay,16,36,B/W,8687
2019-10-02,83,13:00:00,Wednesday,83 Jones,General Delay,16,36,B/W,9235
2019-10-02,92,13:00:00,Wednesday,92 Woodbine South Route,General Delay,12,23,B/W,3141
2019-10-02,52,13:08:00,Wednesday,Lawrence station,Mechanical,14,28,W/B,8321
2019-10-02,995,13:14:00,Wednesday,Morningside and Ellesmere Rd,Mechanical,15,30,eb,3535
2019-10-02,113,13:20:00,Wednesday,Main Station,Mechanical,23,46,E/B,8952
2019-10-02,9,14:00:00,Wednesday,Bellamy route,General Delay,12,24,B/W,
2019-10-02,16,14:00:00,Wednesday,McCowan route,General Delay,12,24,B/W,
2019-10-02,68,14:00:00,Wednesday,Warden route,General Delay,30,60,B/W,
2019-10-02,902,14:00:00,Wednesday,Express Markham route,General Delay,10,20,B/W,
2019-10-02,135,14:00:00,Wednesday,Victoria park,Mechanical,12,24,W/B,8920
2019-10-02,17,14:00:00,Wednesday,Birchmount route,General Delay,40,80,B/W,
2019-10-02,133,14:03:00,Wednesday,Scarborough Town centre,Mechanical,11,22,S/B,3459
2019-10-02,7,14:32:00,Wednesday,Greenwin Village and Bathurst,Mechanical,8,16,S/B,7373
2019-10-02,8,14:40:00,Wednesday,Arrow Garage,Mechanical,10,20,E/B,3162
2019-10-02,75,14:48:00,Wednesday,Sherbourne and Richmount,Mechanical,6,12,N/B,1218
2019-10-02,121,15:00:00,Wednesday,Between Ontario Place and Cherrybeach,General Delay,48,53,B/W,
2019-10-02,6,15:00:00,Wednesday,Between Lower Jarvis/QueenQuay and Davenport/Dupont,General Delay,21,35,B/W,
2019-10-02,72,15:00:00,Wednesday,Between Union Stn and Pape Stn,General Delay,25,31,B/W,
2019-10-02,94,15:00:00,Wednesday,Between Castle Frank Stn and Ossington Stn,General Delay,15,26,B/W,
2019-10-02,54,15:00:00,Wednesday,Eglinton Stn to Starspray Loop,General Delay,18,29,B/W,
2019-10-02,100,15:00:00,Wednesday,Between Broadview Stn and Eglinton/Don Mills Stn,General Delay,26,35,B/W,
2019-10-02,87,15:00:00,Wednesday,Between Broadview Stn and Main St Stn,General Delay,15,21,B/W,
2019-10-02,97,15:10:00,Wednesday,Yonge Blvd and Brooke Ave,Mechanical,29,59,W/B,8126
2019-10-02,75,15:15:00,Wednesday,Sherbourne and Richmount,Diversion,56,61,N/B,8317
2019-10-02,110,15:16:00,Wednesday,Horner and 30th st,Investigation,24,48,N/B,8412
2019-10-02,133,15:17:00,Wednesday,Finch and Neilson,Mechanical,11,22,S/B,3459
2019-10-02,88,15:23:00,Wednesday,St. Clair Station,Mechanical,15,30,EB,8329
2019-10-02,39,15:35:00,Wednesday,Finch Station,Mechanical,145,29,E/B,3463
2019-10-02,26,15:42:00,Wednesday,St. George Station,Vision,17,34,W/B,1416
2019-10-02,36,15:45:00,Wednesday,Humberwood loop,Mechanical,5,10,W/B,9108
2019-10-02,94,16:04:00,Wednesday,Castle Frank Stn,Investigation,21,42,W/B,1123
2019-10-02,86,16:14:00,Wednesday,Kennedy STN,Mechanical,16,32,E/B,8748
2019-10-02,161,16:35:00,Wednesday,Jane and Alliance,Mechanical,13,26,E/B,1144
2019-10-02,21,16:37:00,Wednesday,Scarborough Town centre,Mechanical,11,22,N/B,1224
2019-10-02,902,17:00:00,Wednesday,Warden Station,Mechanical,10,20,N/B,3153
2019-10-02,937,17:00:00,Wednesday,Steeles and Islington,Mechanical,12,24,S/B,8026
2019-10-02,67,17:03:00,Wednesday,St Clair / Pharmacy,Investigation,10,20,S/B,8742
2019-10-02,35,17:20:00,Wednesday,Jane and Spenvalley,Investigation,7,14,N/B,3241
2019-10-02,51,17:30:00,Wednesday,Eglinton STN,Investigation,18,36,S/B,1344
2019-10-02,16,17:31:00,Wednesday,Eglinton,Investigation,12,24,S/B,9214
2019-10-02,75,18:15:00,Wednesday,Sherbourne and Adelaide,Investigation,1,1,S/B,1201
2019-10-02,116,18:22:00,Wednesday,Kingston and Eglinton,Mechanical,2,7,W/B,8682
2019-10-02,143,18:28:00,Wednesday,Neville Loop,Mechanical,20,50,W/B,8468
2019-10-02,121,18:33:00,Wednesday,Lakeshore / Cherry street,Utilized Off Route,18,36,W/B,8522
2019-10-02,168,19:00:00,Wednesday,Avon Loop,Mechanical,11,18,S/B,1264
2019-10-02,52,19:15:00,Wednesday,Black Creek and Lawrence,Diversion,255,265,,8183
2019-10-02,989,19:28:00,Wednesday,Weston at Steeles,Investigation,1,1,N/B,1050
2019-10-02,116,20:09:00,Wednesday,Eglinton at Danforth,Investigation,7,13,W/B,8684
2019-10-02,26,20:29:00,Wednesday,Dupont and Spadina,Mechanical,20,40,W/B,1068
2019-10-02,46,20:46:00,Wednesday,Martingrove at Porterfield,Investigation,17,37,S/B,3231
2019-10-02,102,21:39:00,Wednesday,Markhan at Sheppard,Investigation,10,20,N/B,3121
2019-10-02,32,21:44:00,Wednesday,Eglinton Station,Mechanical,10,20,W/B,1096
2019-10-02,7,22:09:00,Wednesday,Bathurst Station,Mechanical,8,16,N/B,8110
2019-10-02,85,22:13:00,Wednesday,Don Mills station,Investigation,22,44,E/B,3480
2019-10-02,62,22:15:00,Wednesday,Main Station,Mechanical,20,40,W/B,9225
2019-10-02,86,22:34:00,Wednesday,Kingston Rd at Morningside,Emergency Services,10,20,W/B,8779
2019-10-02,47,23:10:00,Wednesday,Lawrence and Caledonia,Diversion,25,45,B/W,
2019-10-02,53,23:20:00,Wednesday,Birchmount and Steeles,Diversion,97,106,W/B,3525
2019-10-03,98,00:10:00,Thursday,Yonge and Steeles,Mechanical,30,60,E/B,1319
2019-10-03,86,00:25:00,Thursday,Meadowvale and Ellesmere,Investigation,10,20,S/B,8647
2019-10-03,21,00:35:00,Thursday,Brimley and Ellesmere,Mechanical,30,60,S/B,3455
2019-10-03,995,01:33:00,Thursday,Morissh rd and ellesmere,Mechanical,10,20,E/B,1548
2019-10-03,320,02:22:00,Thursday,Yonge Street and Castlefield Avenue,Emergency Services,5,10,N/B,1354
2019-10-03,300,02:47:00,Thursday,Bloor & Montgomery,Mechanical,20,40,W/B,3516
2019-10-03,325,04:13:00,Thursday,Carlaw & Queen,Investigation,30,60,S/B,8714
2019-10-03,52,05:50:00,Thursday,Jane and Lawrence,Mechanical,13,22,E/B,1399
2019-10-03,168,06:10:00,Thursday,Rogers/Keele,Investigation,8,14,E/B,1115
2019-10-03,53,06:10:00,Thursday,Passmore /Markham,Mechanical,5,11,W/B,3416
2019-10-03,45,06:15:00,Thursday,Kipling Station,Mechanical,21,42,N/B,8069
2019-10-03,112,06:35:00,Thursday,Disco Rd and Attwell,Mechanical,7,14,S/B,8423
2019-10-03,34,06:42:00,Thursday,Brichmount and Eglinton,Investigation,4,8,E/B,8772
2019-10-03,960,07:17:00,Thursday,Steeles / Dufferin,Mechanical,10,20,W/B,3482
2019-10-03,165,07:25:00,Thursday,Wilson & Jane,Mechanical,6,12,W/B,3237
2019-10-03,37,07:30:00,Thursday,ENTIRE ROUTE,General Delay,14,40,B/W,
2019-10-03,15,07:30:00,Thursday,entire route,General Delay,15,45,B/W,
2019-10-03,937,07:30:00,Thursday,ENTIRE ROUTE,General Delay,14,35,B/W,
2019-10-03,66,07:30:00,Thursday,ENTIRE ROUTE,General Delay,9,35,B/W,
2019-10-03,939,07:30:00,Thursday,939 Finch Express-All Branch,General Delay,20,29,B/W,1732
2019-10-03,39,07:30:00,Thursday,39 Finch Route-All Branch,General Delay,18,36,B/W,1611
2019-10-03,76,07:30:00,Thursday,ENTIRE ROUTE,General Delay,5,30,B/W,
2019-10-03,34,07:32:00,Thursday,Kennedy Station,Mechanical,4,9,W/B,8683
2019-10-03,25,07:36:00,Thursday,gate way  and  Don mIlls,Mechanical,7,14,,8860
2019-10-03,925,08:00:00,Thursday,Don mills  and Eglintion,General Delay,7,14,,
2019-10-03,95,08:00:00,Thursday,Warden and  to Lelslie and York mills,General Delay,15,23,B/W,
2019-10-03,32,08:05:00,Thursday,Eglinton and Yonge,Emergency Services,10,19,,1080
2019-10-03,11,08:11:00,Thursday,Davisville Station,Mechanical,16,32,N/B,1383
2019-10-03,902,08:18:00,Thursday,Markham Rd/Blake Manor Blvd,Mechanical,10,20,N/B,8493
2019-10-03,12,08:25:00,Thursday,Brimely at Anson,Investigation,14,28,E/B,8946
2019-10-03,75,08:30:00,Thursday,South Dr and Glen Rd. - Jarvis St and Queens Quay,General Delay,20,30,B/W,
2019-10-03,133,08:30:00,Thursday,Ellesmere and Markham,General Delay,25,36,B/W,
2019-10-03,94,08:30:00,Thursday,Ossington Station - Castle Frank Station,General Delay,20,30,B/W,
2019-10-03,34,08:30:00,Thursday,Entire Route,General Delay,10,35,B/W,
2019-10-03,31,08:57:00,Thursday,Green wood station to Danforth,General Delay,12,24,B/W,
2019-10-03,92,09:00:00,Thursday,woodbin/ queen,General Delay,10,20,B/W,
2019-10-03,94,09:08:00,Thursday,Wellesley Station,Mechanical,24,48,W/B,1069
2019-10-03,94,09:08:00,Thursday,Wellsely at Queens Park,Investigation,14,28,W/B,1265
2019-10-03,60,09:15:00,Thursday,Pioneer Village,Mechanical,7,14,W/B,3235
2019-10-03,68,09:18:00,Thursday,Warden STN,Investigation,10,16,N/B,8634
2019-10-03,29,09:41:00,Thursday,Dufferin / bloor,Investigation,8,16,S/B,9148
2019-10-03,34,09:52:00,Thursday,Kennedy Station,Utilized Off Route,8,16,W/B,8779
2019-10-03,68,10:06:00,Thursday,Warden Ave/Comstock Rd,Mechanical,10,20,N/B,8844
2019-10-03,35,10:10:00,Thursday,Jane and Wilson,Mechanical,7,14,S/B,3550
2019-10-03,69,10:29:00,Thursday,Warden STN,Mechanical,11,22,S/B,8496
2019-10-03,112,10:52:00,Thursday,Carlingview at Dixon,Mechanical,10,20,S/B,8045
2019-10-03,36,11:23:00,Thursday,Arrow road,Mechanical,5,10,W/B,9107
2019-10-03,35,11:35:00,Thursday,Jane and Falstaff,Investigation,7,14,N/B,3173
2019-10-03,100,11:37:00,Thursday,Broadview Station,Utilized Off Route,7,14,N/B,8872
2019-10-03,168,11:40:00,Thursday,Dundas West Sation,Utilized Off Route,1,1,E/B,1115
2019-10-03,939,11:54:00,Thursday,Finch Station,Utilized Off Route,9,18,EB,1654
2019-10-03,902,12:00:00,Thursday,Markham Express route,General Delay,10,20,B/W,
2019-10-03,716,12:00:00,Thursday,Victoria Park and Danforth,Utilized Off Route,1,1,W/B,8574
2019-10-03,102,12:00:00,Thursday,Markham Route,General Delay,30,60,B/W,
2019-10-03,24,12:00:00,Thursday,Victoria Park Station,Utilized Off Route,10,20,S/B,8955
2019-10-03,720,12:00:00,Thursday,Eglinton Station,Utilized Off Route,1,1,E/B,8874
2019-10-03,68,12:00:00,Thursday,Warden Route,General Delay,30,60,B/W,
2019-10-03,89,12:00:00,Thursday,Weston/Albion,Utilized Off Route,11,22,N/B,1030
2019-10-03,54,12:05:00,Thursday,Eglinton Station,Utilized Off Route,12,24,E/B,8663
2019-10-03,710,12:06:00,Thursday,Pape Station,Utilized Off Route,1,1,W/B,8843
2019-10-03,24,12:10:00,Thursday,Victoria Park Station,Utilized Off Route,24,48,N/B,8565
2019-10-03,709,12:10:00,Thursday,Mt.Dennis Garage,Utilized Off Route,1,1,E/B,1360
2019-10-03,52,12:11:00,Thursday,Black creek/ Lawrence,Mechanical,15,27,E/B,1346
2019-10-03,105,12:13:00,Thursday,Sheppard West Stn,Mechanical,15,30,N/B,8396
2019-10-03,116,12:14:00,Thursday,Morningside/Lawrence,Mechanical,24,48,E/B,8896
2019-10-03,67,12:18:00,Thursday,Kellyvale Dr (just South of Ellesmere),Diversion,5,10,N/B,8685
2019-10-03,902,12:21:00,Thursday,Warden station,Investigation,10,20,S/B,8556
2019-10-03,902,12:21:00,Thursday,Warden Station tunnel,Diversion,30,40,S/B,
2019-10-03,9,12:21:00,Thursday,Warden Station,Diversion,30,42,S/B,
2019-10-03,102,12:21:00,Thursday,Warden Station tunnel,Diversion,60,90,S/B,
2019-10-03,16,12:21:00,Thursday,McCowan S Route,Diversion,30,42,S/B,
2019-10-03,701,12:40:00,Thursday,Kipling stn,Utilized Off Route,1,1,N/B,8446
2019-10-03,121,13:00:00,Thursday,Between Ontario Place and Cherrybeach,General Delay,25,31,B/W,
2019-10-03,9,13:00:00,Thursday,Bellamy route,General Delay,12,24,W/B,
2019-10-03,60,13:00:00,Thursday,Steeles West Route,General Delay,20,29,BW,0
2019-10-03,165,13:04:00,Thursday,Weston & Sheppard,Mechanical,12,24,S/B,3237
2019-10-03,26,13:15:00,Thursday,St Clair West Station,Investigation,30,60,S/B,1633
2019-10-03,905,13:40:00,Thursday,Kennedy Station,Mechanical,8,16,E/B,8749
2019-10-03,902,13:43:00,Thursday,Progress and Markham,Investigation,10,20,S/B,3137
2019-10-03,70,13:49:00,Thursday,Mortimer Ave,Investigation,1,1,S/B,8753
2019-10-03,61,14:00:00,Thursday,Entire Route,General Delay,20,25,B/W,
2019-10-03,131,14:00:00,Thursday,Scarborough Town Center to Sewells/Morningview,General Delay,9,24,B/W,
2019-10-03,51,14:00:00,Thursday,leslie and eglinton,Mechanical,18,36,W/B,8353
2019-10-03,17,14:00:00,Thursday,Birchmount route,General Delay,40,80,B/W,
2019-10-03,129,14:00:00,Thursday,Scarborough Town Center to Major MacKenzie,General Delay,14,42,B/W,
2019-10-03,16,14:00:00,Thursday,McCowan S route,General Delay,12,24,B/W,
2019-10-03,11,14:02:00,Thursday,Sunnybrook Hospital,Mechanical,13,26,S/B,8209
2019-10-03,91,14:28:00,Thursday,Sunrise Ave,Mechanical,25,50,S/B,3123
2019-10-03,26,14:28:00,Thursday,St.George Station,Diversion,27,37,B/W,
2019-10-03,169,14:30:00,Thursday,Don Mills Stn to Scarborough Town Center,General Delay,14,40,B/W,
2019-10-03,134,14:30:00,Thursday,Scarborough Town Center to Finchdene Square,General Delay,9,24,B/W,
2019-10-03,79,14:47:00,Thursday,Pine and Lawrence,Mechanical,12,24,S/B,1087
2019-10-03,95,14:50:00,Thursday,York mills Station,Mechanical,8,19,E/B,1716
2019-10-03,25,15:00:00,Thursday,Eglinton Ave,General Delay,15,21,S/B,
2019-10-03,70,15:00:00,Thursday,Eglinton Ave,General Delay,15,25,S/B,
2019-10-03,31,15:00:00,Thursday,Danforth Ave and Gerrrad St,General Delay,10,20,S/B,
2019-10-03,11,15:00:00,Thursday,Entire Route,General Delay,25,35,B/W,
2019-10-03,75,15:00:00,Thursday,Between Lower Jarvis/QueensQuay and Bloor,General Delay,35,35,B/W,
2019-10-03,44,15:00:00,Thursday,Kipling Station to Colonel Samuel Smith Loop,General Delay,15,20,B/W,
2019-10-03,45,15:00:00,Thursday,Kipling Station to Steeles and Disco and Attwell,General Delay,15,21,B/W,
2019-10-03,49,15:00:00,Thursday,Kipling Station to Markland,General Delay,15,27,B/W,
2019-10-03,30,15:00:00,Thursday,High Park Station to Kipling Station,General Delay,15,37,B/W,
2019-10-03,83,15:00:00,Thursday,Entire Route,General Delay,20,23,S/B,
2019-10-03,87,15:00:00,Thursday,Between Broadview Stn and Main St Station,General Delay,15,21,B/W,
2019-10-03,72,15:00:00,Thursday,Between Union and Pape,General Delay,25,35,B/W,
2019-10-03,100,15:00:00,Thursday,between Broadview Stn and Don Mills/Eglinton,General Delay,21,35,B/W,
2019-10-03,123,15:00:00,Thursday,Kipling Station to Long Branch Loop,General Delay,15,31,B/W,
2019-10-03,6,15:00:00,Thursday,Between Davenport/Dupont and Lower Jarvis/Queensquay,General Delay,29,35,B/W,
2019-10-03,94,15:00:00,Thursday,Between Ossington Stn and Castle Frank Stn,General Delay,15,25,B/W,
2019-10-03,34,15:05:00,Thursday,Eglinton Station,Investigation,10,20,E/B,8920
2019-10-03,34,15:07:00,Thursday,Kennedy Station,Mechanical,10,20,W/B,8862
2019-10-03,32,15:07:00,Thursday,Eglinton and Bathurst,Investigation,5,9,B/W,1077
2019-10-03,54,15:14:00,Thursday,yonge and eglinton,Investigation,10,20,E/B,8676
2019-10-03,939,15:23:00,Thursday,Finch Station,Mechanical,11,22,EB,1655
2019-10-03,36,15:55:00,Thursday,Finch west station,Mechanical,5,10,W/B,9105
2019-10-03,85,15:59:00,Thursday,Malvern Gates,Mechanical,6,12,E/B,3451
2019-10-03,15,16:00:00,Thursday,Entire Route,General Delay,20,35,B/W,
2019-10-03,37,16:00:00,Thursday,Entire Route,General Delay,30,40,B/W,
2019-10-03,110,16:00:00,Thursday,Entire Route,General Delay,25,35,B/W,
2019-10-03,66,16:00:00,Thursday,Entire Route,General Delay,20,8,B/W,
2019-10-03,79,16:12:00,Thursday,Pine and Lawrence,Mechanical,8,16,S/B,1065
2019-10-03,989,16:15:00,Thursday,Albian & Steels,Mechanical,14,28,N/B,1072
2019-10-03,54,16:20:00,Thursday,leslie and lawerence,General Delay,14,28,W/B,8817
2019-10-03,129,16:24:00,Thursday,McCowan at Sheppard,Mechanical,4,9,N/B,9000
2019-10-03,144,16:25:00,Thursday,Richmond st/Power,Mechanical,20,40,W/B,8622
2019-10-03,106,16:30:00,Thursday,Sheppard West Stn,Investigation,11,22,E/B,1234
2019-10-03,84,16:37:00,Thursday,Allen and Sheppard,Investigation,30,60,,3201
2019-10-03,6,16:47:00,Thursday,Bay/ Greenville,Investigation,6,12,N/B,1143
2019-10-03,996,16:50:00,Thursday,York Mills station to Humber College,Diversion,60,65,B/W,
2019-10-03,118,16:50:00,Thursday,Thistle Down to Albion,Diversion,25,1,B/W,
2019-10-03,89,16:56:00,Thursday,Weston Rd & Walsh Ave,Diversion,998,999,S/B,
2019-10-03,924,16:59:00,Thursday,Victoria park/lawrence,Mechanical,9,18,N/B,8500
2019-10-03,96,17:00:00,Thursday,Wilson/Walsh and Weston,Diversion,554,579,S/B,
2019-10-03,165,17:00:00,Thursday,Wilson/Walsh and Weston,Diversion,582,597,N/B,
2019-10-03,145,17:00:00,Thursday,Entire Route,General Delay,30,60,B/W,
2019-10-03,165,17:00:00,Thursday,Wilson/Walsh and Weston,General Delay,60,1,B/W,
2019-10-03,96,17:00:00,Thursday,Wilson/Walsh and Weston,General Delay,60,1,B/W,
2019-10-03,73,17:00:00,Thursday,Weston and Albion,Diversion,1,1,N/B,
2019-10-03,73,17:00:00,Thursday,Entire Route,General Delay,30,40,B/W,
2019-10-03,985,17:00:00,Thursday,Don Mills Stn to Scarb. Town Centre,General Delay,30,40,B/W,
2019-10-03,85,17:00:00,Thursday,Don Mills Stn to Rouge Hill Go Stn,General Delay,30,54,B/W,
2019-10-03,123,17:03:00,Thursday,Long Branch Loop,Mechanical,10,20,N/B,8083
2019-10-03,7,17:14:00,Thursday,Bathurst Stn,Mechanical,7,15,N/B,8348
2019-10-03,53,17:28:00,Thursday,Tapscott,Mechanical,6,11,W/B,1318
2019-10-03,36,17:37:00,Thursday,Islington and Finch,Investigation,6,12,W/B,9111
2019-10-03,95,17:46:00,Thursday,Yorkmills to Donmills,General Delay,28,38,B/W,
2019-10-03,995,17:48:00,Thursday,Yorkmills to Donmills,General Delay,25,35,B/W,
2019-10-03,69,17:49:00,Thursday,Birchmount and Zenith,Diversion,27,39,S/B,
2019-10-03,122,17:50:00,Thursday,Roywood and Fenside,Mechanical,12,24,W/B,8215
2019-10-03,112,18:00:00,Thursday,"On West Mall, at Holiday",Mechanical,20,40,N/B,8059
2019-10-03,34,18:00:00,Thursday,Kennedy Station,Mechanical,10,20,W/B,8733
2019-10-03,85,18:10:00,Thursday,Don Mills Stn,Mechanical,9,18,W/B,1386
2019-10-03,89,18:20:00,Thursday,Keel Station,Investigation,11,22,S/B,1260
2019-10-03,60,18:42:00,Thursday,Finch Station,Investigation,9,17,NB,3276
2019-10-03,24,18:45:00,Thursday,Entire Route,General Delay,26,1,B/W,
2019-10-03,88,18:45:00,Thursday,St. Clair Station,Mechanical,1,1,N/B,8331
2019-10-03,143,18:47:00,Thursday,Queen/Kippendavie ave,Investigation,37,74,E/B,8584
2019-10-03,54,19:14:00,Thursday,bellamy and lawerence,Mechanical,10,20,E/B,8817
2019-10-03,53,19:23:00,Thursday,Tapscott,Mechanical,5,11,W/B,3537
2019-10-03,32,19:24:00,Thursday,Pine and Lawrence,Investigation,10,20,E/B,1064
2019-10-03,100,19:27:00,Thursday,Gateway / Don Mills,Mechanical,6,12,N/B,8838
2019-10-03,118,19:28:00,Thursday,Thistle down and albion,Vision,25,50,B/W,3275
2019-10-03,34,19:40:00,Thursday,Eglinton at Rosemount,Diversion,310,315,E/B,
2019-10-03,43,19:41:00,Thursday,Kennedy and Eglinton,Diversion,129,136,S/B,
2019-10-03,116,19:45:00,Thursday,Morningside at Lawrence,Investigation,7,13,N/B,8887
2019-10-03,939,20:00:00,Thursday,Finch west station to Scarbrough town centre.,General Delay,10,17,B/W,
2019-10-03,39,20:00:00,Thursday,Finch station to Old finch,General Delay,10,27,B/W,
2019-10-03,89,20:11:00,Thursday,Weston & Walsh,General Delay,36,46,B/W,
2019-10-03,39,20:20:00,Thursday,Finch and Leslie,General Delay,17,34,E/B,1324
2019-10-03,935,20:22:00,Thursday,St.Marks Road and Jane,Mechanical,10,20,S/B,3316
2019-10-03,22,20:38:00,Thursday,Coxwell Stn,Investigation,10,20,S/B,8587
2019-10-03,125,20:38:00,Thursday,Drewry Ave and Bathurst,Diversion,178,208,WB,1213
2019-10-03,7,20:42:00,Thursday,Bathurst and Drewry,Diversion,168,175,N/B,
2019-10-03,160,20:42:00,Thursday,Bathurst and Drewry,Diversion,89,113,N/B,
2019-10-03,24,20:53:00,Thursday,Victoria Park Stn,Investigation,7,14,N/B,8955
2019-10-03,89,20:54:00,Thursday,Weston & Wlash,Investigation,10,20,N/B,1040
2019-10-03,42,21:11:00,Thursday,Finch Station,Mechanical,15,29,WB,8123
2019-10-03,85,21:20:00,Thursday,Victoria Park and Sheppard Ave,Mechanical,12,32,E/B,1531
2019-10-03,29,21:25:00,Thursday,Daveenport and Dufferin,Investigation,8,16,S/B,9010
2019-10-03,34,21:35:00,Thursday,Kennedy Station,Mechanical,7,13,W/B,8898
2019-10-03,113,21:40:00,Thursday,Kennedy Stn,Mechanical,20,40,S/B,3119
2019-10-03,34,21:40:00,Thursday,Kennedy Station,Utilized Off Route,7,13,W/B,8708
2019-10-03,46,22:03:00,Thursday,"On Martin Grove, at Rexdale",Investigation,17,34,S/B,3326
2019-10-03,75,22:15:00,Thursday,Sherbourne/Bloor,Mechanical,17,34,N/B,8167
2019-10-03,85,22:45:00,Thursday,Medowvale loop,Mechanical,22,44,E/B,3527
2019-10-03,26,23:00:00,Thursday,Bloor and kingsway,Investigation,24,48,E/B,1345
2019-10-03,7,23:30:00,Thursday,Bathurst and Davenport,Diversion,20,40,S/B,
2019-10-04,47,00:43:00,Friday,Eglinton and Caledonia,Mechanical,1,1,S/B,1265
2019-10-04,131,00:46:00,Friday,Milner rd at Markham,Investigation,15,30,W/B,3543
2019-10-04,23,00:54:00,Friday,Main Stn,Utilized Off Route,15,30,N/B,8471
2019-10-04,23,00:59:00,Friday,Main Station,Emergency Services,15,30,N/B,8407
2019-10-04,96,01:03:00,Friday,Humber College,Emergency Services,20,40,EB,3361
2019-10-04,900,01:07:00,Friday,Terminal Three,Mechanical,10,20,S/B,8000
2019-10-04,63,02:05:00,Friday,Oakwood and St clair west,Mechanical,10,20,N/B,8338
2019-10-04,96,02:15:00,Friday,KEELE AND WILSON,Investigation,14,25,E/B,3208
2019-10-04,320,02:55:00,Friday,Queens quay and Yonge,Mechanical,3,7,N/B,8338
2019-10-04,117,05:27:00,Friday,Steeles and Dufferin,Mechanical,20,1,S/B,1234
2019-10-04,86,05:41:00,Friday,Kennedy Station,Mechanical,16,33,E/B,8885
2019-10-04,52,06:12:00,Friday,Dixon road,Mechanical,5,10,E/B,8334
2019-10-04,161,06:15:00,Friday,Ossington Station,Investigation,4,8,W/B,1008
2019-10-04,66,06:30:00,Friday,OLD MILL STN,Mechanical,18,36,S/B,8456
2019-10-04,300,06:35:00,Friday,Pape & Danforth,Mechanical,10,20,W/B,8421
2019-10-04,40,06:35:00,Friday,Dundas West station,Mechanical,6,12,N/B,8421
2019-10-04,86,06:57:00,Friday,Kingston Road and Galloway,Mechanical,18,36,W/B,8734
2019-10-04,66,07:01:00,Friday,OLD MILL STN,Mechanical,9,18,S/B,7956
2019-10-04,43,07:02:00,Friday,Garage,Mechanical,10,20,N/B,8710
2019-10-04,44,07:03:00,Friday,Kipling & Evans,Mechanical,7,14,N/B,8066
2019-10-04,600,07:15:00,Friday,Queensway Garae,Utilized Off Route,1,1,N/B,8038
2019-10-04,54,07:16:00,Friday,Warden and Lawrence,Mechanical,9,18,E/B,8786
2019-10-04,952,07:20:00,Friday,Lawrence station,Mechanical,10,20,W/B,8105
2019-10-04,600,07:21:00,Friday,Avon loop,Utilized Off Route,1,1,W/B,1109
2019-10-04,39,07:30:00,Friday,39 Finch Route-Alll Branch,General Delay,18,36,B/W,3417
2019-10-04,939,07:30:00,Friday,939 Finch Express-All Branch,General Delay,20,28,B/W,1312
2019-10-04,76,07:30:00,Friday,ENTIRE ROUTE,General Delay,5,30,B/W,
2019-10-04,165,07:33:00,Friday,Weston at Ormont,Mechanical,6,12,E/B,3700
2019-10-04,14,07:36:00,Friday,Caledonia and Glencairn,Mechanical,16,32,E/B,1111
2019-10-04,939,07:55:00,Friday,STC Station,Mechanical,8,16,Wq,1299
2019-10-04,37,08:00:00,Friday,ENTIRE ROUTE,General Delay,14,40,B/W,
2019-10-04,53,08:10:00,Friday,Yonge and Steeles,Mechanical,6,12,E/B,1318
2019-10-04,913,08:11:00,Friday,STC,Mechanical,4,8,N/B,9081
2019-10-04,95,08:14:00,Friday,York Mills to Kingston RD,General Delay,20,28,B/W,
2019-10-04,5,08:17:00,Friday,Eglinton Station,Mechanical,13,26,E/B,1231
2019-10-04,925,08:30:00,Friday,York Mills and Don Mills,General Delay,10,20,,
2019-10-04,34,08:30:00,Friday,Entire route,General Delay,10,40,B/W,
2019-10-04,90,08:35:00,Friday,St Clair Stn,Mechanical,5,10,`,8197
2019-10-04,17,08:45:00,Friday,Birchmount Rd/Brookmill Blvd,Diversion,65,77,N/B,
2019-10-04,9,08:45:00,Friday,St Clair West Stn,Utilized Off Route,5,10,,8169
2019-10-04,995,08:49:00,Friday,York Mills to Scarborough Loop,General Delay,20,30,B/W,
2019-10-04,995,08:57:00,Friday,York Mills and Don Mills,Investigation,10,20,W/B,3319
2019-10-04,70,09:00:00,Friday,Eglintion and Victoria park,General Delay,15,30,,
2019-10-04,133,09:34:00,Friday,McLevin  Ave. / Neilson,Diversion,58,69,N/B,3535
2019-10-04,34,09:55:00,Friday,Kennedy Station,Utilized Off Route,8,16,W/B,8630
2019-10-04,63,10:15:00,Friday,Canniff at Strachan,Mechanical,5,10,N/B,8107
2019-10-04,35,10:16:00,Friday,Jane and Alliance,Mechanical,7,14,N/B,3502
2019-10-04,34,10:50:00,Friday,Kennedy Station,Utilized Off Route,8,16,W/B,8630
2019-10-04,34,10:50:00,Friday,Kennedy Station,Utilized Off Route,8,16,W/B,8729
2019-10-04,63,11:23:00,Friday,Atlantic at Queen,Utilized Off Route,5,10,N/B,1365
2019-10-04,939,11:25:00,Friday,Bathurst and Finch,Diversion,9,18,W/B,1396
2019-10-04,23,11:30:00,Friday,23 Dawes route,General Delay,1,1,B/W,
2019-10-04,36,11:30:00,Friday,Finch and Bathurst,Diversion,6,12,W/B,0
2019-10-04,162,11:30:00,Friday,Lawrence/ Yonge,Mechanical,30,60,E/B,8188
2019-10-04,47,11:37:00,Friday,Queen and Lansdowne,Investigation,8,15,S/B,1056
2019-10-04,22,11:58:00,Friday,Coxwell station,Emergency Services,8,16,,8518
2019-10-04,5,11:58:00,Friday,Oriole Parkway and Wilberton Rd,Investigation,30,60,N/B,8324
2019-10-04,54,12:00:00,Friday,Eglinton Station to Starspray,General Delay,25,35,B/W,
2019-10-04,86,12:10:00,Friday,Kennedy Station,Emergency Services,10,20,E/B,8714
2019-10-04,97,12:11:00,Friday,Hilda and Steeles,Mechanical,30,60,S/B,8182
2019-10-04,125,12:15:00,Friday,Drewry / Bathurst,Mechanical,30,60,E/B,8342
2019-10-04,42,12:28:00,Friday,Finch stn,Utilized Off Route,14,28,E/B,1217
2019-10-04,134,13:04:00,Friday,Finch and Finchdene Square,Mechanical,15,30,S/B,9086
2019-10-04,7,13:20:00,Friday,Bathurst at Wilson,Investigation,8,16,S/B,8134
2019-10-04,121,13:22:00,Friday,Cherry/Unwin,Diversion,23,43,S/B,8579
2019-10-04,929,13:25:00,Friday,Wilson Station,Mechanical,10,20,S/B,9141
2019-10-04,86,13:37:00,Friday,Torrance and Eglinton,Investigation,10,20,E/B,8845
2019-10-04,9,14:00:00,Friday,Bellamy route,General Delay,12,24,B/W,
2019-10-04,16,14:00:00,Friday,McCowan S route,General Delay,12,24,B/W,
2019-10-04,17,14:00:00,Friday,Birchmount Route,General Delay,40,80,B/W,
2019-10-04,102,14:00:00,Friday,Markham Route,General Delay,30,60,B/W,
2019-10-04,902,14:00:00,Friday,Markham Express route,General Delay,10,20,B/W,
2019-10-04,125,14:00:00,Friday,Drewry Route,General Delay,15,25,BW,0
2019-10-04,60,14:00:00,Friday,Steeles West Route,General Delay,15,24,BW,0
2019-10-04,44,14:03:00,Friday,Kipling & Evans,Investigation,7,14,N/B,8426
2019-10-04,79,14:30:00,Friday,entire route,General Delay,24,48,B/W,
2019-10-04,132,14:30:00,Friday,Hupfield and Sewells to Scarborough Town Center,General Delay,10,23,B/W,
2019-10-04,110,15:00:00,Friday,Entire Route,General Delay,25,32,B/W,
2019-10-04,70,15:00:00,Friday,Wukanda Pl,Diversion,240,247,N/B,8653
2019-10-04,72,15:00:00,Friday,Between Union Stn and Pape stn,General Delay,25,35,B/W,
2019-10-04,121,15:00:00,Friday,Between Ontario Place and Cherrybeach,General Delay,45,51,B/W,
2019-10-04,94,15:00:00,Friday,Between Ossington Stn and Castle Frank Stn,General Delay,31,36,B/W,
2019-10-04,75,15:00:00,Friday,Between Lower Jarvis/QueensQuay and Sherbourne/Bloor,General Delay,35,45,B/W,
2019-10-04,100,15:00:00,Friday,Between Broadview Stn and Don Mills/Eglinton,General Delay,25,35,B/W,
2019-10-04,100,15:00:00,Friday,Between Broadview Stn and Don Mills/Eglinton,General Delay,21,35,B/W,
2019-10-04,87,15:00:00,Friday,Between Broadview Stn and Main Street Stn,General Delay,15,21,B/W,
2019-10-04,90,15:00:00,Friday,Oakwood and Vaughan,Mechanical,10,20,N/B,8354
2019-10-04,12,15:01:00,Friday,Baarkdene Hills,Utilized Off Route,11,22,N/B,9229
2019-10-04,24,15:05:00,Friday,Vic park Station,Investigation,9,18,N/B,8594
2019-10-04,10,15:30:00,Friday,Don Mills STN to Brian Drive,General Delay,5,35,B/W,
2019-10-04,37,15:30:00,Friday,Entire Route,General Delay,25,35,B/W,
2019-10-04,66,15:30:00,Friday,Entire Route,General Delay,20,28,B/W,
2019-10-04,168,15:40:00,Friday,Dundas West Station,Investigation,8,16,S/B,1536
2019-10-04,939,15:47:00,Friday,Finch and Differin,Mechanical,12,24,WB,1219
2019-10-04,111,16:00:00,Friday,Kipling Station to Willowridge,General Delay,15,25,B/W,
2019-10-04,122,16:00:00,Friday,Greydon Halls,General Delay,10,1,B/W,
2019-10-04,95,16:00:00,Friday,York mill route,General Delay,25,1,B/W,
2019-10-04,995,16:00:00,Friday,Yorkmills express,General Delay,25,1,B/W,1
2019-10-04,36,16:00:00,Friday,Finch and Chesswood,Investigation,6,12,W/B,3356
2019-10-04,35,16:00:00,Friday,Jane route,General Delay,20,1,B/W,
2019-10-04,15,16:00:00,Friday,Entire Route,General Delay,20,35,B/W,
2019-10-04,80,16:24:00,Friday,Keel Station,Mechanical,30,60,E/B,8080
2019-10-04,15,16:30:00,Friday,Sherway Gardens,Mechanical,14,28,E/B,8421
2019-10-04,25,16:32:00,Friday,The Don Way,Investigation,6,12,N/B,8848
2019-10-04,17,16:45:00,Friday,Warden Station,Mechanical,12,24,N/B,3148
2019-10-04,85,17:00:00,Friday,Don Mills Stn to (85) Meadowvale (85A) Rouge Hill Go Stn,General Delay,45,55,W/B,
2019-10-04,985,17:00:00,Friday,Don Mills Stn to 985A (Scarb. Town Centre) and 985B (Meadowvale Loop),General Delay,45,55,B?w,
2019-10-04,131,17:14:00,Friday,Brimley and Brimorton,Investigation,9,18,S/B,3446
2019-10-04,36,17:17:00,Friday,Finch and Alexdon,Mechanical,6,12,E/B,3356
2019-10-04,6,17:28:00,Friday,Davenport and Avenue Road,Investigation,6,13,N/B,1084
2019-10-04,165,17:45:00,Friday,BARMAC/STEELES,Mechanical,9,18,E/B,3352
2019-10-04,39,17:45:00,Friday,Finch Station,Utilized Off Route,14,28,EB,1561
2019-10-04,23,17:47:00,Friday,Main Station,Mechanical,7,14,N/B,3146
2019-10-04,36,18:07:00,Friday,Finch and Weston,Mechanical,6,12,E/B,9106
2019-10-04,45,18:09:00,Friday,Woodbine Casino,Mechanical,14,28,S/B,8072
2019-10-04,941,18:12:00,Friday,Finch West Station,Mechanical,10,20,SB,1086
2019-10-04,129,18:19:00,Friday,McCowan and Denison,Diversion,49,66,S/B,
2019-10-04,25,18:28:00,Friday,Don Mills Station,Mechanical,5,10,N/B,8840
2019-10-04,84,18:30:00,Friday,Rivalda and Sheppard,Diversion,25,35,,3305
2019-10-04,7,18:32:00,Friday,Bathurst and Wilson,Mechanical,10,20,SB,8176
2019-10-04,985,18:32:00,Friday,Meadowvale Loop,Mechanical,10,20,W/B,9074
2019-10-04,116,18:40:00,Friday,Kennedy STN,Mechanical,10,17,E/B,8870
2019-10-04,79,18:41:00,Friday,Pine and Lawrence,Mechanical,24,48,B/W,1025
2019-10-04,35,19:16:00,Friday,Finch / Jane,Mechanical,10,20,N/B,3560
2019-10-04,169,19:19:00,Friday,Don Mills STN,Mechanical,30,60,E/B,8150
2019-10-04,6,20:26:00,Friday,Dockside drand queens quay,Mechanical,15,30,N/B,1008
2019-10-04,52,20:30:00,Friday,Keele and Lawrence,Emergency Services,10,20,,8365
2019-10-04,24,20:35:00,Friday,Victoria Park Station,Vision,8,16,N/B,8466
2019-10-04,68,20:49:00,Friday,Angus Glen Community Centre,Mechanical,42,84,S/B,8745
2019-10-04,6,21:00:00,Friday,Closed between Queen and Richmond on Bay,Diversion,300,315,N/B,
2019-10-04,23,21:25:00,Friday,Goodwork Park and Dawes,Mechanical,10,20,N/B,8546
2019-10-04,102,21:56:00,Friday,Markham and Steeles,Emergency Services,10,20,S/B,8565
2019-10-04,37,22:05:00,Friday,Woodbine Casino,Investigation,19,39,N/B,8434
2019-10-04,32,22:14:00,Friday,Eglinton and Vesta Road,Mechanical,10,20,WB,1029
2019-10-04,939,22:26:00,Friday,Finch and Victoria park,Emergency Services,12,21,W/B,1274
2019-10-04,63,22:45:00,Friday,KING/SHAW,Utilized Off Route,10,20,N/B,8309
2019-10-04,52,23:35:00,Friday,Scarlett and Dixon,Investigation,12,24,,1390
2019-10-05,87,00:21:00,Saturday,Main Station,Investigation,10,20,WB,9227
2019-10-05,43,00:22:00,Saturday,Radnor and Kennedy,Investigation,10,20,S/B,8671
2019-10-05,53,01:50:00,Saturday,Steeles and Warden,Mechanical,18,38,E/B,1744
2019-10-05,116,02:15:00,Saturday,Morningside between Sheppard and Milner,Diversion,45,55,B/W,
2019-10-05,300,02:45:00,Saturday,Dnaforth at Logan,Investigation,10,20,E/B,3105
2019-10-05,300,03:01:00,Saturday,St.George/Bloor,Mechanical,20,40,W/B,9202
2019-10-05,54,03:06:00,Saturday,Lawrence and Paulander,Mechanical,1,1,E/B,8790
2019-10-05,98,04:46:00,Saturday,Lawrence and Yonge St,Investigation,3,7,S/B,8168
2019-10-05,29,04:58:00,Saturday,Dufferin at Lawrence,Mechanical,10,20,S/B,9035
2019-10-05,116,06:00:00,Saturday,Morningside and Kingston Road,Diversion,275,285,B/W,
2019-10-05,905,06:30:00,Saturday,Kingston Road and Morningside,Diversion,12,24,B/W,
2019-10-05,54,07:00:00,Saturday,Eglinton at Brentcliff,Mechanical,20,40,E/B,8924
2019-10-05,23,07:37:00,Saturday,Main Street station,Mechanical,13,26,E/B,8543
2019-10-05,24,07:51:00,Saturday,Victoria Park & Eglinton,Mechanical,9,19,N/B,8950
2019-10-05,985,08:00:00,Saturday,Scarborough Town Center,Mechanical,15,30,W/B,9079
2019-10-05,29,08:00:00,Saturday,Wilson Station,Investigation,6,12,S/B,1068
2019-10-05,107,08:30:00,Saturday,Keele at Canarctic - Keele at Steeles,Diversion,420,480,B/W,
2019-10-05,95,08:33:00,Saturday,Morningside,Mechanical,14,28,E/B,3430
2019-10-05,110,08:39:00,Saturday,Islington Station,Mechanical,18,36,N/B,7964
2019-10-05,700,09:00:00,Saturday,Lawrence West Station,Mechanical,1,1,E/B,8354
2019-10-05,63,09:50:00,Saturday,Ossington at St Clair,Utilized Off Route,4,8,S/B,8384
2019-10-05,60,10:00:00,Saturday,Steeles West Route,General Delay,15,24,BW,0
2019-10-05,84,10:02:00,Saturday,Sheppard West Station,Mechanical,10,20,E/B,3166
2019-10-05,24,10:13:00,Saturday,Victoria Park & Lawrence,Investigation,9,19,S/B,8555
2019-10-05,97,10:15:00,Saturday,Finch Station,Mechanical,30,60,S/B,8342
2019-10-05,85,10:30:00,Saturday,Brimley and Sheppard ave,General Delay,1,1,B/W,
2019-10-05,68,10:30:00,Saturday,WARDEN NORTH / Warden Station,General Delay,9,18,B/W,
2019-10-05,925,10:32:00,Saturday,Don Mills and Eglinton,Investigation,10,20,N/B,8882
2019-10-05,939,10:34:00,Saturday,Scarborough Town Center,Mechanical,7,14,W/B,3470
2019-10-05,161,10:59:00,Saturday,Rogers at Keele,Mechanical,13,26,E/B,1562
2019-10-05,29,11:02:00,Saturday,Dufferin at Castlefield,Mechanical,6,12,S/B,9035
2019-10-05,29,11:02:00,Saturday,Dufferin at Castlefield,Diversion,6,12,S/B,9035
2019-10-05,106,11:18:00,Saturday,Nurray Ross and Sentinel Rd,Mechanical,11,22,N/B,8106
2019-10-05,134,11:30:00,Saturday,Scarborough Town Center to Finchdene Square,General Delay,12,27,B/W,
2019-10-05,52,11:33:00,Saturday,Dixon at Royal york,Mechanical,1,1,E/B,1211
2019-10-05,63,11:34:00,Saturday,Ossington at St Clair,Utilized Off Route,6,12,N/B,1285
2019-10-05,29,11:47:00,Saturday,Dufferin and Dundas,Utilized Off Route,5,11,N/B,9103
2019-10-05,32,11:50:00,Saturday,Eglinton Station,Mechanical,10,20,E/B,1070
2019-10-05,94,12:00:00,Saturday,Entire route,General Delay,15,25,B/W,
2019-10-05,100,12:00:00,Saturday,Entire route,General Delay,10,19,N/B,
2019-10-05,61,12:00:00,Saturday,Bombay loop to Eglinton Station,General Delay,15,30,B/W,
2019-10-05,102,12:30:00,Saturday,Warden Stn to Major Mackenzie,General Delay,15,45,B/W,
2019-10-05,29,12:30:00,Saturday,Wilson Station to Prince's Gate,Diversion,500,506,bw,
2019-10-05,54,12:46:00,Saturday,Orton Park and Lawrence East,Mechanical,1,1,E/B,8797
2019-10-05,925,12:46:00,Saturday,Thorncliffe Blvd,Investigation,1,1,N/B,8677
2019-10-05,52,12:53:00,Saturday,Martingrove at Tollington,Mechanical,1,1,E/B,1212
2019-10-05,63,13:00:00,Saturday,Ossington Route,General Delay,25,30,B/W,
2019-10-05,9,13:00:00,Saturday,Warden Stn to Scarborough Town Center,General Delay,14,36,B/W,
2019-10-05,41,13:00:00,Saturday,Keele Station to Pioneer Village,General Delay,30,35,bw,
2019-10-05,32,13:00:00,Saturday,Renforth to Eglinton Station,General Delay,35,45,bw,
2019-10-05,63,13:00:00,Saturday,King at Sudbury,Diversion,45,50,N/B,
2019-10-05,54,13:06:00,Saturday,Eglinton Station,Mechanical,13,26,E/B,8768
2019-10-05,40,13:12:00,Saturday,Fisken Ave & Dundas,Diversion,17,27,W/B,
2019-10-05,17,13:30:00,Saturday,Warden STN to Warden loop/Steeles,General Delay,14,29,B/W,
2019-10-05,16,13:30:00,Saturday,Scarborough Town Center to Warden Stn,General Delay,9,21,B/W,
2019-10-05,129,13:30:00,Saturday,Scarborough Town Center to Major Mackenzie,General Delay,10,35,B/W,
2019-10-05,21,13:33:00,Saturday,Scarborough Town Center,Emergency Services,15,30,S/B,1533
2019-10-05,23,14:30:00,Saturday,23 Dawes route,General Delay,1,1,B/W,
2019-10-05,95,14:30:00,Saturday,Don Mills and Lesmill,General Delay,25,39,E/B,
2019-10-05,29,14:52:00,Saturday,Sylvan/Dufferin,Investigation,4,8,N/B,9023
2019-10-05,75,14:55:00,Saturday,Queen Quay,Mechanical,10,20,N/B,8126
2019-10-05,123,15:10:00,Saturday,Kipling Station,Mechanical,15,30,SB,8446
2019-10-05,122,15:11:00,Saturday,Lesmill and Don Mills,Diversion,,,E/B,
2019-10-05,7,15:31:00,Saturday,Wilson and Bathurst,Mechanical,8,15,N/B,1283
2019-10-05,134,15:34:00,Saturday,Finchdene and Finch,Mechanical,15,30,S/B,1745
2019-10-05,29,15:51:00,Saturday,Ascot and Dufferin,Investigation,3,6,N/B,1007
2019-10-05,131,16:00:00,Saturday,Nugget route,General Delay,10,1,B/W,
2019-10-05,35,16:00:00,Saturday,entire route,General Delay,10,20,B/W,
2019-10-05,85,16:00:00,Saturday,entire route,General Delay,15,30,B/W,
2019-10-05,985,16:00:00,Saturday,entire route,General Delay,20,40,B/W,
2019-10-05,95,16:00:00,Saturday,entire route,General Delay,10,20,B/W,
2019-10-05,123,16:10:00,Saturday,Longbranch Loop,Mechanical,15,30,NB,8081
2019-10-05,52,16:20:00,Saturday,ROYAL YORK/DIXON,Utilized Off Route,17,34,W/B,1220
2019-10-05,52,16:20:00,Saturday,LAWRENCE STATION,Mechanical,17,34,W/B,8170
2019-10-05,89,16:30:00,Saturday,Eglinton & Westoon,General Delay,27,37,B/W,
2019-10-05,63,16:56:00,Saturday,Oakwood & St Clair,Utilized Off Route,6,11,S/B,1222
2019-10-05,96,17:16:00,Saturday,Wilson & Jane,Mechanical,15,30,E/B,3315
2019-10-05,21,17:40:00,Saturday,STC,Mechanical,15,30,S/B,3463
2019-10-05,600,17:52:00,Saturday,Mount Dennis Garage,Utilized Off Route,1,1,B/W,1549
2019-10-05,25,18:00:00,Saturday,Don Mills Station,General Delay,10,20,BW,8643
2019-10-05,108,18:00:00,Saturday,Pioneer Village Station,Mechanical,16,32,S/B,3266
2019-10-05,52,18:02:00,Saturday,LAWRENCE STATION,Emergency Services,17,34,W/B,8304
2019-10-05,60,18:07:00,Saturday,Steeles and Westminister,Investigation,10,20,W/B,3332
2019-10-05,94,18:23:00,Saturday,Church St,Mechanical,17,36,B/W,1050
2019-10-05,35,18:55:00,Saturday,jane and steeles,Mechanical,10,20,S/B,3484
2019-10-05,35,19:40:00,Saturday,jane and steeles,Mechanical,10,20,S/B,3193
2019-10-05,165,19:54:00,Saturday,Jane and Wilson,Investigation,10,20,E/B,3258
2019-10-05,54,19:56:00,Saturday,Eglinton Station,Mechanical,19,38,E/B,8937
2019-10-05,131,20:07:00,Saturday,Morningside and morningview,Diversion,120,135,B/W,
2019-10-05,939,20:10:00,Saturday,Finch Station,Utilized Off Route,10,20,E/B,3511
2019-10-05,53,21:09:00,Saturday,Finch Station,Mechanical,5,10,E/B,1548
2019-10-05,61,21:45:00,Saturday,Avenue/Wilson,Mechanical,18,36,S/B,8373
2019-10-05,87,21:45:00,Saturday,Main Station,Mechanical,15,30,NB,8514
2019-10-05,64,22:00:00,Saturday,Main Station,Mechanical,10,20,SB,3124
2019-10-05,39,23:00:00,Saturday,Finch station to Neilson,General Delay,10,20,B/W,
2019-10-05,37,23:27:00,Saturday,Humberwood Loop,Mechanical,20,40,SB,8034
2019-10-06,32,00:44:00,Sunday,Eglinton and Blackthorn,Investigation,10,20,W/B,1287
2019-10-06,307,01:30:00,Sunday,Exhibition loop to Steeles,General Delay,10,30,B/W,
2019-10-06,29,01:32:00,Sunday,Dufferin and Glencairn,Mechanical,10,20,N/B,1072
2019-10-06,324,02:00:00,Sunday,Bingham loop to steeles,General Delay,10,40,B/W,
2019-10-06,63,02:30:00,Sunday,Exhibition loop to Eglinton west station,General Delay,15,45,B/W,
2019-10-06,900,02:46:00,Sunday,Highway 427/Renforth,Diversion,53,59,N/B,8010
2019-10-06,329,03:00:00,Sunday,Steeles Ave and Dufferin Street,Mechanical,30,60,S/B,9103
2019-10-06,300,04:00:00,Sunday,ENTIRE ROUTE,General Delay,30,60,B/W,
2019-10-06,320,05:11:00,Sunday,Steeles and Yonge Loop,Emergency Services,20,40,S/B,8726
2019-10-06,37,06:09:00,Sunday,Lakeshore and 8th Street,Mechanical,25,50,N/B,8064
2019-10-06,86,06:55:00,Sunday,Kennedy Station,Mechanical,10,20,E/B,8670
2019-10-06,21,07:14:00,Sunday,McCowan and Steeles,Mechanical,18,1,S/B,3421
2019-10-06,300,07:34:00,Sunday,Main St. & Danforth Ave.,Diversion,1,1,E/B,
2019-10-06,113,07:34:00,Sunday,Main St. & Danforth Ave.,Diversion,1,1,E/B,
2019-10-06,20,07:34:00,Sunday,Main St. & Danforth Ave.,Diversion,1,1,E/B,
2019-10-06,23,07:34:00,Sunday,Main St. & Danforth Ave.,Diversion,1,1,E/B,
2019-10-06,72,08:24:00,Sunday,Front and Bay,Mechanical,18,18,W/B,8959
2019-10-06,21,09:42:00,Sunday,Brimley and Pitfield,Mechanical,22,44,N/B,1338
2019-10-06,60,10:00:00,Sunday,Steeles West Route,General Delay,15,25,BW,0
2019-10-06,60,10:03:00,Sunday,on Steeles Ave West at Emerald Ln,Diversion,85,98,WB,3257
2019-10-06,32,10:06:00,Sunday,Renforth Stn,Mechanical,10,20,E/B,1068
2019-10-06,36,10:28:00,Sunday,Finch and Driftwood,Diversion,5,10,W/B,0
2019-10-06,63,11:42:00,Sunday,Eglinton West Station,Mechanical,8,16,S/B,8203
2019-10-06,60,12:10:00,Sunday,on Steeles Ave West at Bathurst,Mechanical,11,21,EB,3564
2019-10-06,129,12:11:00,Sunday,Steeles Loop,Mechanical,9,18,S/B,3438
2019-10-06,29,12:25:00,Sunday,Springhurst Loop,Diversion,461,467,S/B,9012
2019-10-06,23,12:30:00,Sunday,23 Dawes route,General Delay,1,1,B/W,
2019-10-06,34,12:41:00,Sunday,yonge and eglinton,Mechanical,8,16,E/B,8937
2019-10-06,165,12:45:00,Sunday,Wilson at Bathurst,Investigation,9,18,W/B,3313
2019-10-06,32,13:00:00,Sunday,Renforth station to eglinton station,General Delay,30,40,bw,
2019-10-06,95,13:05:00,Sunday,VP and Ellesmere,Mechanical,17,34,W/B,1386
2019-10-06,9,13:10:00,Sunday,STC,Mechanical,22,44,S/B,8467
2019-10-06,63,13:13:00,Sunday,Oakwood at St Clair,Mechanical,7,14,N/B,8170
2019-10-06,56,13:15:00,Sunday,millwood at esandar dr.,Mechanical,30,60,N/B,8114
2019-10-06,41,13:24:00,Sunday,Keele Station,Utilized Off Route,11,21,S/B,1005
2019-10-06,80,13:30:00,Sunday,80 Queensway Route.,General Delay,24,48,B/W,8603
2019-10-06,54,13:41:00,Sunday,Eglinton at Bruce Park,Emergency Services,16,32,W/B,8790
2019-10-06,100,13:50:00,Sunday,Concord Pl,Investigation,8,16,E/B,8777
2019-10-06,53,13:54:00,Sunday,Steeles and Middlefield,Mechanical,24,48,E/B,1712
2019-10-06,68,14:00:00,Sunday,Warden Station to Steeles,General Delay,15,20,B/W,
2019-10-06,17,14:00:00,Sunday,Warden Station to Steeles,General Delay,15,20,B/W,
2019-10-06,52,14:19:00,Sunday,Lawrence West Station,Mechanical,1,1,W/B,1221
2019-10-06,32,14:25:00,Sunday,Eglinton at Keele,Mechanical,1,1,W/B,1625
2019-10-06,29,14:26:00,Sunday,Springhurst Loop,Vision,5,9,N/B,9045
2019-10-06,935,14:52:00,Sunday,Jane & Finch,Investigation,8,17,N/B,3361
2019-10-06,91,14:53:00,Sunday,Sloane & Sweeney,Diversion,1,1,N/B,
2019-10-06,97,15:00:00,Sunday,Eglinton and Broadway,Mechanical,30,60,N/B,8197
2019-10-06,26,15:02:00,Sunday,St George Station,Mechanical,22,48,W/B,1258
2019-10-06,97,15:05:00,Sunday,Eglinton/ Broadway,Mechanical,30,60,N/B,8197
2019-10-06,85,15:06:00,Sunday,Don Mills Station,Investigation,5,16,E/B,3559
2019-10-06,62,15:14:00,Sunday,Woodbine Ave,Investigation,15,30,E/B,8469
2019-10-06,108,15:16:00,Sunday,Sheppard West Station,Mechanical,18,36,E/B,3346
2019-10-06,32,15:26:00,Sunday,Pine and Lawrence,Investigation,10,20,E/B,1004
2019-10-06,32,15:26:00,Sunday,Pine and Lawrence,Investigation,10,20,E/B,1045
2019-10-06,63,15:27:00,Sunday,Ossington at Queen,Utilized Off Route,7,14,S/B,8205
2019-10-06,25,15:33:00,Sunday,Torrence Ave,Mechanical,9,18,E/B,8632
2019-10-06,122,15:46:00,Sunday,York Mills Station,Investigation,30,60,E/B,8200
2019-10-06,100,15:47:00,Sunday,Hopedale Ave,Investigation,1,1,E/B,8799
2019-10-06,600,15:47:00,Sunday,Jane Station,Utilized Off Route,1,1,W/B,3250
2019-10-06,165,15:47:00,Sunday,York Mills stn,Investigation,9,17,W/B,3236
2019-10-06,7,15:58:00,Sunday,Dupont and Bathurst,Diversion,40,48,S/B,1375
2019-10-06,40,17:00:00,Sunday,Dundas West Station,Mechanical,10,20,WB,8429
2019-10-06,701,17:07:00,Sunday,Dundas West Station,Investigation,1,1,WB,8446
2019-10-06,168,17:08:00,Sunday,Dundas West Station,Investigation,10,20,NB,1614
2019-10-06,89,17:43:00,Sunday,Weston and John,Diversion,101,111,B/W,1143
2019-10-06,63,18:00:00,Sunday,Eglinton West Station - King and Atlantic,General Delay,32,36,B/W,
2019-10-06,60,18:00:00,Sunday,Route 60,General Delay,22,27,B/W,
2019-10-06,29,18:19:00,Sunday,Springhurst loop,Investigation,4,8,N/B,9024
2019-10-06,52,19:24:00,Sunday,DUFFERIN/LAWRENCE,Mechanical,1,1,W/B,8151
2019-10-06,36,19:30:00,Sunday,Route 36,General Delay,13,20,B/W,
2019-10-06,32,19:59:00,Sunday,Eglinton/Keele,Investigation,10,20,E/B,1266
2019-10-06,22,20:14:00,Sunday,Coxwell Station,Mechanical,10,20,S/B,9203
2019-10-06,28,21:30:00,Sunday,Bayview & Moore,Diversion,85,105,S/B,1084
2019-10-06,88,21:30:00,Sunday,Bayview & Moore,Diversion,85,105,BW,1084
2019-10-06,935,22:51:00,Sunday,Jane Station,Investigation,10,20,S/B,3367
2019-10-06,35,22:53:00,Sunday,Pioneer Village station,Investigation,10,20,N/B,3521
2019-10-06,52,23:47:00,Sunday,LAWRENCE STATION,Utilized Off Route,20,40,W/B,1307
2019-10-06,53,23:48:00,Sunday,Passmore & Markham,Mechanical,10,20,W/B,1397
2019-10-07,29,00:18:00,Monday,Dufferin and College,Mechanical,8,16,S/B,9011
2019-10-07,39,00:59:00,Monday,Neilson and Crow Trail,Emergency Services,20,40,WB,3538
2019-10-07,29,01:31:00,Monday,Springhurst loop,Emergency Services,8,16,N/B,9149
2019-10-07,60,01:34:00,Monday,Steeles west loop,Mechanical,18,36,E/B,3264
2019-10-07,320,02:03:00,Monday,Steeles and Yonge,Mechanical,15,30,SB,1362
2019-10-07,336,03:00:00,Monday,Finch and Jayzel,Diversion,30,60,WB,3231
2019-10-07,36,03:00:00,Monday,Finch and Jayzel,Investigation,30,60,WB,3231
2019-10-07,300,05:36:00,Monday,August and Danforth,Investigation,10,20,W/B,8834
2019-10-07,134,06:02:00,Monday,Finch and Tapscott,Mechanical,18,36,S/B,9085
2019-10-07,95,06:14:00,Monday,Kingston Rd Loop,Mechanical,8,16,W/B,1745
2019-10-07,133,06:16:00,Monday,Neilson and Sheppard,Mechanical,11,22,S/B,3483
2019-10-07,91,06:20:00,Monday,woodbind stn,Mechanical,8,16,N/B,8542
2019-10-07,115,06:47:00,Monday,Leslie and York Mills,Mechanical,24,44,S/B,8189
2019-10-07,95,06:54:00,Monday,Kingston rd Loop,Investigation,7,15,W/B,3441
2019-10-07,100,06:55:00,Monday,Wynford and Don Mils,Investigation,1,1,E/B,8836
2019-10-07,953,07:10:00,Monday,Finch station,Mechanical,14,28,E/B,9009
2019-10-07,105,07:15:00,Monday,Sheppard west station,Mechanical,11,22,W/B,8342
2019-10-07,36,07:24:00,Monday,Humberwood Loop,Mechanical,4,9,E/B,9122
2019-10-07,939,07:30:00,Monday,939 Finch Express-All Branch,General Delay,20,28,W/B,1343
2019-10-07,39,07:30:00,Monday,39 Finch Route-All Branch,General Delay,18,36,N/B,1322
2019-10-07,37,07:30:00,Monday,ENTIRE ROUTE,General Delay,14,40,B/W,
2019-10-07,937,07:30:00,Monday,ENTIRE ROUTE,General Delay,12,40,B/W,
2019-10-07,600,07:35:00,Monday,Arrow Garage,Utilized Off Route,1,1,S/B,3231
2019-10-07,996,07:40:00,Monday,Wilson Stn,Mechanical,10,19,,3580
2019-10-07,41,08:00:00,Monday,Dundas,Mechanical,4,8,S/B,9035
2019-10-07,95,08:00:00,Monday,Don Mills to Bayview,General Delay,15,1,B/W,
2019-10-07,122,08:00:00,Monday,Leslie and York mills,General Delay,20,29,B/W,
2019-10-07,925,08:00:00,Monday,fDonmilss and Eglintion,General Delay,10,20,,
2019-10-07,995,08:00:00,Monday,Bayview to Don mills @ York mills,General Delay,15,25,B/W,
2019-10-07,66,08:00:00,Monday,ENTIRE ROUTE,General Delay,9,30,B/W,
2019-10-07,76,08:00:00,Monday,ENTIRE ROUTE,General Delay,5,25,B/W,
2019-10-07,165,08:11:00,Monday,Weston & Walsh,Mechanical,6,12,E/B,3562
2019-10-07,165,08:20:00,Monday,Wilson & bathurst,Mechanical,6,12,E/B,3327
2019-10-07,73,08:25:00,Monday,CLAIRPORT AND ALBION,Mechanical,17,34,S/B,8048
2019-10-07,985,08:31:00,Monday,Don Mills station,Investigation,8,16,,9004
2019-10-07,44,08:35:00,Monday,CSSL - Col. Sam Smith loop,Mechanical,5,10,S/B,8065
2019-10-07,945,08:36:00,Monday,KPSN - Kipling Stn,Mechanical,6,12,N/B,8026
2019-10-07,78,08:45:00,Monday,Carluke Cres at Firshire,Investigation,10,20,N/B,8132
2019-10-07,100,09:12:00,Monday,Wynford and Don Mills,Investigation,6,12,E/B,8836
2019-10-07,939,09:17:00,Monday,Victoria Pk-Finch,Emergency Services,8,16,W/B,1703
2019-10-07,939,09:38:00,Monday,Staines and Mantis Rd,Mechanical,8,16,N/B,1509
2019-10-07,32,09:41:00,Monday,Pine St and Lawrence,Mechanical,11,22,,1004
2019-10-07,134,09:41:00,Monday,Centinnal College,Mechanical,7,14,W/B,9087
2019-10-07,75,09:57:00,Monday,Glen Rd and Elm,Investigation,5,9,S/B,8350
2019-10-07,122,10:04:00,Monday,York mills Station,Mechanical,17,34,E/B,8106
2019-10-07,22,10:41:00,Monday,coxwell stn,Mechanical,7,14,,8561
2019-10-07,113,10:58:00,Monday,Danforth Rd. & Marsh,Investigation,18,5,W/B,9217
2019-10-07,17,11:17:00,Monday,Birchmount Rd/Ellesmere Rd,Diversion,17,29,N/B,
2019-10-07,984,11:22:00,Monday,Sheppard West Station,Mechanical,10,20,E/B,3565
2019-10-07,23,11:30:00,Monday,23 Dawes route,General Delay,1,1,B/W,
2019-10-07,63,11:37:00,Monday,Atlantic & King,Mechanical,5,10,N/B,8187
2019-10-07,925,11:50:00,Monday,pape  stn,Mechanical,10,20,,
2019-10-07,92,13:00:00,Monday,92 Woodbine South Route,General Delay,12,23,B/W,
2019-10-07,925,13:00:00,Monday,925 Don Mills Express Route,General Delay,10,20,B/W,8655
2019-10-07,70,13:00:00,Monday,70 O'Connor Route- All Branch,General Delay,13,36,B/W,
2019-10-07,31,13:00:00,Monday,31 Greenwood Route-All Branch,General Delay,9,18,B/W,
2019-10-07,25,13:00:00,Monday,25 Don Mills Route - All Branch,General Delay,9,18,B/W,8658
2019-10-07,22,13:00:00,Monday,22 Coxwell Route- All Branch,General Delay,10,18,B/W,
2019-10-07,110,13:20:00,Monday,Islington and Norseman,Mechanical,18,36,S/B,8411
2019-10-07,161,13:26:00,Monday,Ossington & Bloor,Investigation,18,35,E/B,1052
2019-10-07,42,13:36:00,Monday,McNicoll and Don mIlls,Mechanical,14,28,E/B,8326
2019-10-07,68,14:00:00,Monday,Warden Route,General Delay,30,60,B/W,
2019-10-07,17,14:00:00,Monday,Birchmount route,General Delay,40,80,B/W,
2019-10-07,9,14:00:00,Monday,Bellamy route,General Delay,12,24,B/W,
2019-10-07,102,14:00:00,Monday,Markham Route,General Delay,30,60,B/W,
2019-10-07,16,14:00:00,Monday,McCowan route,General Delay,12,24,B/W,
2019-10-07,902,14:00:00,Monday,Express route on Markham,General Delay,10,20,B/W,
2019-10-07,939,14:15:00,Monday,Finch west station,Mechanical,10,20,E/B,3466
2019-10-07,60,14:18:00,Monday,Finch Station,Utilized Off Route,10,20,W/B,3238
2019-10-07,14,14:23:00,Monday,Davisville Station,Mechanical,17,34,E/B,1053
2019-10-07,123,14:27:00,Monday,Long Branch,Mechanical,21,42,N/B,8019
2019-10-07,88,14:34:00,Monday,Overlea BLvd / Thorncliffe Park,Mechanical,6,12,W/B,8303
2019-10-07,23,14:38:00,Monday,Main Street station,Mechanical,10,20,E/B,3128
2019-10-07,22,14:39:00,Monday,Coxwell/Dundas,Investigation,8,16,N/B,8546
2019-10-07,985,14:44:00,Monday,Victoria Park and Sheppard,Investigation,12,24,W/B,9096
2019-10-07,83,14:57:00,Monday,Jones/Gerrard,Mechanical,13,25,S/B,8483
2019-10-07,73,15:00:00,Monday,Albion and Irwin,Mechanical,16,33,S/B,7957
2019-10-07,110,15:00:00,Monday,Entire Route,General Delay,30,8,B/W,
2019-10-07,39,15:05:00,Monday,Mc Cowan and Finch,Mechanical,8,19,E/B,1318
2019-10-07,60,15:13:00,Monday,Finch Station,Utilized Off Route,10,20,W/B,3195
2019-10-07,960,15:20:00,Monday,Steeles and Hilda,Investigation,15,30,W/B,3236
2019-10-07,52,15:22:00,Monday,DIXON/CELESTINE,Diversion,68,81,W/B,8205
2019-10-07,37,15:30:00,Monday,Entire Route,General Delay,25,35,B/W,
2019-10-07,81,15:35:00,Monday,Thorncliff Park Dr/Overlea,Investigation,9,18,S/B,8496
2019-10-07,89,15:45:00,Monday,Weston at St. Phillips,Mechanical,7,15,N/B,1203
2019-10-07,122,16:00:00,Monday,York Mills & Leslie,General Delay,10,20,W/B,1111
2019-10-07,95,16:00:00,Monday,York Mills & Leslie,General Delay,10,20,W/B,1111
2019-10-07,995,16:00:00,Monday,York Mills & Leslie,General Delay,15,20,W/B,1111
2019-10-07,144,16:14:00,Monday,Yonge and Richmond,Investigation,20,40,S/B,8915
2019-10-07,985,16:16:00,Monday,Sheppard and Idagrove Gate,Investigation,10,20,E/B,9098
2019-10-07,110,16:20:00,Monday,Islington and Lakeshore,Utilized Off Route,12,24,N/B,8416
2019-10-07,80,16:30:00,Monday,Route 80,General Delay,10,34,B/W,
2019-10-07,131,16:47:00,Monday,Scarborough Town Centre,Mechanical,19,38,N/B,1206
2019-10-07,54,16:58:00,Monday,Mccowan/Lawrence,Mechanical,10,20,E/B,8766
2019-10-07,32,17:58:00,Monday,Jane/Emmett,Mechanical,8,38,E/B,1117
2019-10-07,108,18:00:00,Monday,Driftwood at Grandravine Dr,Diversion,110,146,B/W,
2019-10-07,34,18:19:00,Monday,Don Mills / Eglinton,Mechanical,11,22,W/B,8910
2019-10-07,116,18:26:00,Monday,Kennedy Station,Mechanical,7,14,E/B,8633
2019-10-07,88,18:27:00,Monday,Sutherland Drive / Astor Ave.,Investigation,9,18,W/B,1241
2019-10-07,115,19:07:00,Monday,York Mills Station,Mechanical,24,48,E/B,1220
2019-10-07,98,19:08:00,Monday,Willowdale and Empress,Diversion,1,1,N/B,8373
2019-10-07,98,19:08:00,Monday,Willowdale and Empress,Investigation,37,74,N/B,8373
2019-10-07,56,19:10:00,Monday,Donlands Station,Mechanical,20,40,N/B,8328
2019-10-07,945,19:15:00,Monday,Kipling and Steeles,Mechanical,10,20,SB,7976
2019-10-07,45,19:26:00,Monday,KIPLING AND STEELES,Mechanical,10,20,SB,8427
2019-10-07,41,19:30:00,Monday,Keele/Milford,Investigation,15,30,N/B,9030
2019-10-07,57,19:34:00,Monday,Midland/ Sheppard,Investigation,12,24,S/B,8816
2019-10-07,43,19:45:00,Monday,Kennedy/ Ellesmere,Investigation,8,16,S/B,8698
2019-10-07,41,19:50:00,Monday,Keele Stn,Mechanical,15,31,N/B,9016
2019-10-07,34,20:00:00,Monday,WARDEN/EGLINTON,Diversion,75,81,W/B,8748
2019-10-07,720,20:01:00,Monday,Kennedy station,Investigation,1,1,N/B,8665
2019-10-07,89,20:04:00,Monday,Weston & Eglinton,Investigation,10,20,N/B,1350
2019-10-07,79,20:17:00,Monday,Pine and Lawrence,Investigation,24,48,E/B,1259
2019-10-07,95,20:40:00,Monday,Don Mills,Mechanical,14,28,W/B,1662
2019-10-07,34,21:45:00,Monday,Eglinton & Warden,Diversion,270,280,W/B,8827
2019-10-07,939,21:48:00,Monday,Finch and Bayview,Emergency Services,12,24,WB,3518
2019-10-07,52,22:08:00,Monday,LAWRENCE STATION,Utilized Off Route,11,23,W/B,1222
2019-10-07,29,22:35:00,Monday,Dufferin and Glencarin,Diversion,81,89,S/B,9011
2019-10-07,29,22:35:00,Monday,Dufferin and Glancarin,Investigation,8,16,S/B,9011
2019-10-07,54,23:26:00,Monday,LAWRENCE EAST STATION,Vision,20,40,W/B,8929
2019-10-07,15,23:30:00,Monday,Royal York Station,Mechanical,30,60,W/B,8070
2019-10-08,43,01:10:00,Tuesday,Midland and Steeles,Mechanical,10,20,S/B,8710
2019-10-08,320,01:30:00,Tuesday,"Yonge, Dundas to Edward",Diversion,300,310,B/W,
2019-10-08,320,01:33:00,Tuesday,Yonge and Dundas,Diversion,5,10,BW,1354
2019-10-08,300,02:50:00,Tuesday,Burnhamthorpe exit on HWY427,Diversion,30,60,S/B,8006
2019-10-08,300,03:00:00,Tuesday,Burnhamthorpe Exit at HWY427,Diversion,143,173,S/B,1258
2019-10-08,24,04:49:00,Tuesday,Victoria Park between Craigton & Eglinton Sq,Diversion,1,1,B/W,
2019-10-08,924,06:02:00,Tuesday,VICTORIA  PARK EXP Between Eglinton Sq & Criagton,Diversion,1,1,B/W,
2019-10-08,6,06:08:00,Tuesday,Davenport and Dupont,Mechanical,5,10,S/B,1143
2019-10-08,161,06:21:00,Tuesday,Jane & Alliance,Mechanical,12,24,E/B,1269
2019-10-08,85,06:40:00,Tuesday,Sheppard and Mccowan,Investigation,15,30,W/B,3524
2019-10-08,56,06:57:00,Tuesday,Brentcliffe and Eglinton,Mechanical,19,38,S/B,8216
2019-10-08,53,07:00:00,Tuesday,Donmills,General Delay,15,20,E/B,
2019-10-08,108,07:05:00,Tuesday,Pioneer stn,Mechanical,6,12,S/B,3248
2019-10-08,110,07:30:00,Tuesday,ENTIRE ROUTE,General Delay,12,35,B/W,
2019-10-08,39,07:30:00,Tuesday,Kennedy and Finch,Investigation,10,20,E/B,3404
2019-10-08,939,07:30:00,Tuesday,9369 Finch Express-All Branch,General Delay,20,28,B/W,3427
2019-10-08,39,07:30:00,Tuesday,39 Finch Route-All Branch,General Delay,18,36,B/W,3456
2019-10-08,66,07:30:00,Tuesday,ENTIRE ROUTE,General Delay,9,30,B/W,
2019-10-08,76,07:30:00,Tuesday,ENTIRE ROUTE,General Delay,5,25,B/W,
2019-10-08,37,07:30:00,Tuesday,entire route,General Delay,14,40,B/W,
2019-10-08,168,07:40:00,Tuesday,Dundas West Station,Utilized Off Route,5,11,E/B,1007
2019-10-08,168,07:45:00,Tuesday,Dundas West Station,Utilized Off Route,5,11,S/B,1412
2019-10-08,63,07:47:00,Tuesday,Oakwood Loop,Utilized Off Route,6,13,S/B,8159
2019-10-08,929,07:47:00,Tuesday,Springhurst loop,Utilized Off Route,9,18,N/B,9026
2019-10-08,47,07:50:00,Tuesday,Queen and Lansdowne,Utilized Off Route,4,9,N/B,1043
2019-10-08,925,08:00:00,Tuesday,Fresh Medow and  steeles,General Delay,10,20,,
2019-10-08,25,08:00:00,Tuesday,eglintion Donmills,General Delay,7,14,B/W,
2019-10-08,929,08:23:00,Tuesday,Wilson stn,Vision,9,18,S/B,9045
2019-10-08,35,08:25:00,Tuesday,Jane and Steeles,Investigation,7,16,S/B,3320
2019-10-08,34,08:30:00,Tuesday,Entire Route,General Delay,8,23,B/W,
2019-10-08,122,08:30:00,Tuesday,Leslie and York Mills,General Delay,15,24,B/W,
2019-10-08,63,08:30:00,Tuesday,Ossington & Davenport,General Delay,6,12,B/W,1399
2019-10-08,127,08:30:00,Tuesday,Ossington & Davenport,General Delay,1,1,B/W,1032
2019-10-08,92,08:30:00,Tuesday,Woodbine stn to woodbine,General Delay,10,20,B/W,
2019-10-08,33,08:31:00,Tuesday,Eglinton and Gabian Way,Mechanical,7,14,E/B,1138
2019-10-08,54,08:45:00,Tuesday,Eglinton Station,Investigation,0,0,E/B,8703
2019-10-08,161,09:00:00,Tuesday,Dovercourt & Davenport,General Delay,12,24,B/W,1081
2019-10-08,29,09:12:00,Tuesday,Wilson stn,Mechanical,7,14,S/B,9147
2019-10-08,34,09:58:00,Tuesday,Kennedy Station,Utilized Off Route,8,16,W/B,8727
2019-10-08,34,10:10:00,Tuesday,Kennedy Station,Utilized Off Route,8,17,W/B,8887
2019-10-08,72,10:12:00,Tuesday,Queens Quay and Lower Jarvis,Investigation,19,38,N/B,8545
2019-10-08,162,11:29:00,Tuesday,Lawrence and Yonge,Mechanical,30,60,W/B,1234
2019-10-08,701,11:29:00,Tuesday,Lawrence and Yonge,Mechanical,0,0,W/B,1234
2019-10-08,29,11:36:00,Tuesday,Wilson stn,Mechanical,7,14,S/B,9149
2019-10-08,7,11:48:00,Tuesday,Cedarcroft / Bathurst,Mechanical,8,16,S/B,1387
2019-10-08,75,12:00:00,Tuesday,Between Bloor/Sherbourne and Lower Jarvis/QueensQuay,General Delay,1,1,B/W,
2019-10-08,52,12:05:00,Tuesday,Lawrence and Rosemount,Investigation,14,28,W/B,1201
2019-10-08,116,12:27:00,Tuesday,Kennedy Station,Utilized Off Route,10,20,E/B,8752
2019-10-08,706,12:28:00,Tuesday,Danforth Ave and Warden,Utilized Off Route,1,1,W/B,8566
2019-10-08,710,12:28:00,Tuesday,Lawrence and Orton Park,Utilized Off Route,0,0,E/B,8674
2019-10-08,102,12:29:00,Tuesday,Warden Station,Utilized Off Route,20,40,N/B,8512
2019-10-08,706,12:30:00,Tuesday,Warden Station,Utilized Off Route,1,1,E/B,8945
2019-10-08,935,12:30:00,Tuesday,Jane and Alliance,Diversion,50,61,B/W,
2019-10-08,35,12:30:00,Tuesday,Jane and Alliance,Diversion,46,53,First,3497
2019-10-08,7,12:32:00,Tuesday,Bathurst Station,Utilized Off Route,95,104,N/B,1314
2019-10-08,86,12:32:00,Tuesday,Kennedy Station,Utilized Off Route,10,20,E/B,8739
2019-10-08,706,12:34:00,Tuesday,Warden Station,Utilized Off Route,1,1,E/B,8659
2019-10-08,54,12:35:00,Tuesday,Orton Park and Lawrence,Utilized Off Route,12,24,W/B,8776
2019-10-08,706,12:35:00,Tuesday,Main Station,Utilized Off Route,1,1,B/W,9210
2019-10-08,720,12:35:00,Tuesday,Eglinton Garage,Utilized Off Route,1,1,W/B,8644
2019-10-08,716,12:39:00,Tuesday,Birchmount Garage,Utilized Off Route,1,1,W/B,8521
2019-10-08,69,12:40:00,Tuesday,Warden Station,Utilized Off Route,12,24,S/B,8488
2019-10-08,709,12:40:00,Tuesday,Mt. Dennis Garage,Utilized Off Route,1,1,E/B,1100
2019-10-08,54,12:40:00,Tuesday,Lawrence LRT,Utilized Off Route,12,24,E/B,8927
2019-10-08,54,12:40:00,Tuesday,Lawrence RT,Utilized Off Route,12,24,E/B,8907
2019-10-08,85,12:42:00,Tuesday,Midland and Sheppard,Utilized Off Route,8,16,W/B,3480
2019-10-08,902,12:45:00,Tuesday,Warden Station,Utilized Off Route,10,20,N/B,8531
2019-10-08,716,12:46:00,Tuesday,Victoria Park Station,Utilized Off Route,1,1,B/W,8576
2019-10-08,905,13:00:00,Tuesday,Eglinton/Bellamy,Mechanical,8,16,W/B,8766
2019-10-08,68,13:00:00,Tuesday,Warden route,General Delay,30,60,B/W,
2019-10-08,102,13:00:00,Tuesday,Markham Route,General Delay,30,60,B/W,
2019-10-08,720,13:00:00,Tuesday,Kennedy Station,Utilized Off Route,1,1,E/B,8732
2019-10-08,925,13:00:00,Tuesday,925 Don Mills Express Route,General Delay,10,20,B/W,
2019-10-08,25,13:00:00,Tuesday,25 Don Mills Route- All Branch,General Delay,9,18,B/W,
2019-10-08,92,13:00:00,Tuesday,92 Woodbine Route,General Delay,12,23,B/W,
2019-10-08,94,13:00:00,Tuesday,Between Castle Frank Stn and Ossington Stn,General Delay,15,35,B/W,
2019-10-08,83,13:00:00,Tuesday,83 Jones,General Delay,16,36,B/W,
2019-10-08,31,13:00:00,Tuesday,31 Greenwood Route- All Branch,General Delay,9,18,B/W,
2019-10-08,22,13:00:00,Tuesday,22 Coxwell Route- All Branch,General Delay,10,18,B/W,
2019-10-08,70,13:00:00,Tuesday,70 O'Connor Route- All Branch,General Delay,18,35,B/W,
2019-10-08,984,13:01:00,Tuesday,Sheppard and Welbeck,Investigation,10,20,E/B,3304
2019-10-08,32,13:07:00,Tuesday,Eglinton West Stn,Investigation,11,22,E/B,1378
2019-10-08,129,13:24:00,Tuesday,Scarborough Town centre,Utilized Off Route,14,28,N/B,1744
2019-10-08,32,13:27:00,Tuesday,Eglinton West Stn,Investigation,11,22,E/B,1125
2019-10-08,600,13:29:00,Tuesday,Warden Station,Utilized Off Route,1,1,E/B,8799
2019-10-08,601,13:30:00,Tuesday,Wilson Division,Utilized Off Route,1,1,E/B,8308
2019-10-08,600,13:30:00,Tuesday,Wilson Garage,Utilized Off Route,1,1,B/W,8109
2019-10-08,600,13:30:00,Tuesday,Kipling Station,Utilized Off Route,1,1,E/B,3223
2019-10-08,600,13:38:00,Tuesday,Warden Station,Utilized Off Route,1,1,E/B,8572
2019-10-08,161,13:40:00,Tuesday,Jane & Alliance,Mechanical,17,35,E/B,1258
2019-10-08,600,13:41:00,Tuesday,Wilson Stn,Utilized Off Route,1,1,E/B,3206
2019-10-08,35,13:45:00,Tuesday,Jane and Sheppard,Utilized Off Route,7,14,S/B,3341
2019-10-08,68,13:46:00,Tuesday,Warden Station,Utilized Off Route,10,20,N/B,8793
2019-10-08,79,13:54:00,Tuesday,Scarlett and Legget,Diversion,72,96,N/B,1618
2019-10-08,17,14:00:00,Tuesday,Birchmount route,General Delay,40,80,N/B,
2019-10-08,16,14:00:00,Tuesday,McCowan route,General Delay,12,24,N/B,
2019-10-08,902,14:00:00,Tuesday,Express route on Markham,General Delay,10,20,B/W,
2019-10-08,9,14:00:00,Tuesday,Bellamy route,General Delay,12,24,N/B,
2019-10-08,929,14:01:00,Tuesday,Dufferin at Wilson,Investigation,10,20,S/B,9013
2019-10-08,38,14:04:00,Tuesday,Rouge Hill Go Station,Mechanical,15,30,W/B,1533
2019-10-08,126,14:30:00,Tuesday,Christie & Davenport,Mechanical,30,30,N/B,1410
2019-10-08,36,14:37:00,Tuesday,Arrow rd,Mechanical,5,10,E/B,9107
2019-10-08,113,14:40:00,Tuesday,Kennedy and St.Clair,Investigation,11,22,E/B,9209
2019-10-08,102,14:56:00,Tuesday,Major Mckenzie and Markham,Mechanical,30,60,S/B,8533
2019-10-08,89,14:56:00,Tuesday,Albion at Weston,Utilized Off Route,11,22,S/B,1128
2019-10-08,87,15:00:00,Tuesday,Between Broadview Stn and Main St Stn,General Delay,15,21,B/W,
2019-10-08,72,15:00:00,Tuesday,Between Pape Stn and Union Stn,General Delay,25,35,B/W,
2019-10-08,6,15:00:00,Tuesday,Between Sherbourne/Lower Jarivs and Davenport/Dupont,General Delay,25,35,B/W,
2019-10-08,121,15:00:00,Tuesday,Between Ontario Place and Cherry Beach,General Delay,31,51,B/W,
2019-10-08,100,15:00:00,Tuesday,Between Broadview Stn and Don Mills/Eglinton,General Delay,25,31,B/W,
2019-10-08,110,15:00:00,Tuesday,Entire Route,General Delay,25,30,B/W,
2019-10-08,79,15:05:00,Tuesday,Runnymede Station,Mechanical,14,23,N/B,1091
2019-10-08,97,15:12:00,Tuesday,Davisville Station,Mechanical,30,60,N/B,8178
2019-10-08,925,15:15:00,Tuesday,Fresh meadow/Steeles,Mechanical,7,15,S/B,8645
2019-10-08,89,15:23:00,Tuesday,Weston at Fern,Investigation,11,22,S/B,1305
2019-10-08,37,15:30:00,Tuesday,Entire Route,General Delay,25,35,B/W,
2019-10-08,85,15:43:00,Tuesday,Sheppard and Grand Marshall Dr,Investigation,10,20,E/B,3480
2019-10-08,143,16:00:00,Tuesday,Sherborne/Richmond - Adelade and Simcoe,General Delay,15,30,B/W,8494
2019-10-08,144,16:00:00,Tuesday,Victoria Park and Ellesmere - Adelaide and Simcoe,General Delay,15,30,B/W,8867
2019-10-08,81,16:00:00,Tuesday,81 Thorncliff Park,General Delay,11,22,B/W,8567
2019-10-08,95,16:00:00,Tuesday,Leslie & York Mills,General Delay,10,20,E/B,1111
2019-10-08,995,16:00:00,Tuesday,Leslie & York Mills,General Delay,10,20,E/B,1111
2019-10-08,122,16:00:00,Tuesday,Leslie and York Mills,General Delay,10,20,E/B,1111
2019-10-08,30,16:00:00,Tuesday,"On Disco Road, at Carlingview",General Delay,15,37,B/W,
2019-10-08,44,16:00:00,Tuesday,Kipling Station to Colonel Samuel Smith Loop,General Delay,15,20,B/W,
2019-10-08,145,16:05:00,Tuesday,Richmond and John,Diversion,10,40,W/B,
2019-10-08,79,16:08:00,Tuesday,Scarlett and Eglinton,Mechanical,15,30,S/B,1287
2019-10-08,939,16:30:00,Tuesday,Finch and Don Mills / Bayview,General Delay,30,40,B/W,
2019-10-08,39,16:30:00,Tuesday,Tollerton and Finch,Diversion,75,83,W/B,
2019-10-08,939,16:30:00,Tuesday,Tollerton and Finch,Diversion,75,80,W/B,
2019-10-08,39,16:30:00,Tuesday,Don Mills and Finch / Leslie,General Delay,30,38,B/W,
2019-10-08,169,16:30:00,Tuesday,Don Mills Station top Scarborough Town centre,General Delay,15,20,W/B,
2019-10-08,10,16:30:00,Tuesday,Don Mills Station to Victoria Park Ave,General Delay,10,15,W/B,
2019-10-08,985,16:30:00,Tuesday,Entire Route,General Delay,30,35,B/W,
2019-10-08,85,16:30:00,Tuesday,Entire Route,General Delay,30,35,B/W,
2019-10-08,36,16:32:00,Tuesday,Milvan and Finch,Investigation,6,12,E/B,9109
2019-10-08,96,16:40:00,Tuesday,Wilson Stn,General Delay,25,50,W/B,3174
2019-10-08,35,16:40:00,Tuesday,Jane and Alliance,Mechanical,7,14,N/B,3237
2019-10-08,939,16:55:00,Tuesday,Brahms and Finch,Diversion,50,55,W/B,
2019-10-08,52,16:55:00,Tuesday,Bathurst and Lawrence,Investigation,14,28,,1223
2019-10-08,39,16:55:00,Tuesday,Brahms and Finch,Diversion,50,58,W/B,
2019-10-08,29,16:55:00,Tuesday,Wilson Station,Emergency Services,7,14,S/B,9025
2019-10-08,74,17:00:00,Tuesday,Doncliffe Loop,Mechanical,17,34,S/B,8158
2019-10-08,80,17:00:00,Tuesday,Parkside Drive,General Delay,10,30,B/W,
2019-10-08,929,17:03:00,Tuesday,Springhurst Loop,Investigation,10,20,N/B,9150
2019-10-08,600,17:20:00,Tuesday,St. Clair West Stn,Utilized Off Route,1,1,W/B,1085
2019-10-08,63,17:20:00,Tuesday,Atlantic and King,Utilized Off Route,10,20,S/B,8119
2019-10-08,92,17:20:00,Tuesday,Woodbine/Norway Ave,Investigation,9,18,N/B,8538
2019-10-08,21,17:20:00,Tuesday,Eglinton and Brimley,Investigation,11,22,N/B,3414
2019-10-08,709,17:23:00,Tuesday,Dufferin at Bloor,Utilized Off Route,1,1,N/B,1090
2019-10-08,53,17:25:00,Tuesday,Finch station,Utilized Off Route,5,11,E/B,1727
2019-10-08,90,17:26:00,Tuesday,St. Clair West Stn,Utilized Off Route,6,12,N/B,8214
2019-10-08,989,17:30:00,Tuesday,Keele Station,Utilized Off Route,13,27,N/B,1124
2019-10-08,6,17:31:00,Tuesday,Davenport and Dupont,Utilized Off Route,7,14,S/B,1359
2019-10-08,168,17:35:00,Tuesday,Dundas West Station,Utilized Off Route,7,15,N/B,1025
2019-10-08,36,17:40:00,Tuesday,Finch station,Utilized Off Route,7,13,W/B,3163
2019-10-08,32,17:40:00,Tuesday,Eglinton West Stn,Utilized Off Route,9,17,W/B,1010
2019-10-08,75,17:45:00,Tuesday,Lower Sherbourne and Queens Quay,Utilized Off Route,6,12,N/B,8396
2019-10-08,42,18:00:00,Tuesday,Cummer Route,General Delay,20,40,B/W,8209
2019-10-08,709,18:00:00,Tuesday,Keele Station,Utilized Off Route,1,1,N/B,1100
2019-10-08,35,18:02:00,Tuesday,Jane Station,Utilized Off Route,7,14,N/B,3189
2019-10-08,29,18:15:00,Tuesday,Dufferin at St. Clair,Diversion,7,14,N/B,
2019-10-08,929,18:15:00,Tuesday,Dufferin at St. Clair,Diversion,10,20,N/B,
2019-10-08,22,18:15:00,Tuesday,Coxwell/Queen,Diversion,67,77,S/B,8517
2019-10-08,160,18:18:00,Tuesday,Wilson at Faywood,Emergency Services,24,48,N/B,1211
2019-10-08,54,18:49:00,Tuesday,Markham/Lawrence,Mechanical,11,21,E/B,8760
2019-10-08,133,18:56:00,Tuesday,Sheppard,Investigation,14,28,N/B,3471
2019-10-08,89,19:07:00,Tuesday,Weston at Lawrence,Investigation,10,20,S/B,1305
2019-10-08,87,19:10:00,Tuesday,Main St Station,Utilized Off Route,10,20,W/B,9201
2019-10-08,75,19:12:00,Tuesday,Lower Jarvis and Queens Quar,Mechanical,6,12,N/B,1221
2019-10-08,985,19:20:00,Tuesday,Don Mills Station,Mechanical,10,20,E/B,9081
2019-10-08,29,19:20:00,Tuesday,Princess Gates at Nova Scotia,Mechanical,4,4,N/B,9152
2019-10-08,131,19:24:00,Tuesday,Scarborough Town Centre,Mechanical,11,22,N/B,1710
2019-10-08,600,19:24:00,Tuesday,Humber Loop,Utilized Off Route,1,1,E/B,1090
2019-10-08,133,19:26:00,Tuesday,Finch and Blackbird gate,Mechanical,9,18,E/B,3519
2019-10-08,44,19:30:00,Tuesday,"On Kipling, at Lakeshore",Utilized Off Route,10,20,N/B,8440
2019-10-08,168,19:30:00,Tuesday,Entire route,General Delay,15,20,B/W,
2019-10-08,79,19:34:00,Tuesday,Runnymede Station,Utilized Off Route,21,36,N/B,1127
2019-10-08,112,19:35:00,Tuesday,"On Kipling, at Lakeshore",Utilized Off Route,1,2,N/B,8052
2019-10-08,123,19:35:00,Tuesday,Sherway Gardens,Utilized Off Route,24,48,N/B,8411
2019-10-08,102,19:53:00,Tuesday,Warden Station,Utilized Off Route,18,36,N/B,3119
2019-10-08,39,20:00:00,Tuesday,Finch station to Littles,General Delay,15,23,B/W,
2019-10-08,939,20:00:00,Tuesday,Finch west staton to Scarbrough town centre,General Delay,14,20,B/W,
2019-10-08,32,20:32:00,Tuesday,Eglinton West Stn,Mechanical,10,20,E/B,1022
2019-10-08,29,20:40:00,Tuesday,Dufferin and Dundas,Diversion,35,45,S/B,9017
2019-10-08,929,20:40:00,Tuesday,Dufferin and Dundas,Diversion,39,49,S/B,9150
2019-10-08,34,21:20:00,Tuesday,Spanbridge & Grenoble,Mechanical,14,28,E/B,8663
2019-10-08,52,21:27:00,Tuesday,Martin Grove and Tollington,Emergency Services,11,22,,8218
2019-10-08,34,21:42:00,Tuesday,Kennedy Station,Utilized Off Route,6,13,W/B,8851
2019-10-08,939,21:55:00,Tuesday,Finch station,Mechanical,7,13,S/B,1639
2019-10-08,34,21:59:00,Tuesday,Don Mills & Eglinton,Investigation,16,33,N/B,8721
2019-10-08,34,22:00:00,Tuesday,Kennedy Station,Utilized Off Route,6,13,W/B,8916
2019-10-08,85,22:20:00,Tuesday,Don Mills Station,Mechanical,10,20,E/B,3513
2019-10-08,32,22:26:00,Tuesday,Eglinton and Renforth,Mechanical,10,20,W/B,1077
2019-10-09,112,00:07:00,Wednesday,"On Disco Road, at Carlingview",Investigation,16,32,W/B,7957
2019-10-09,34,02:07:00,Wednesday,Eglinton Station,Investigation,30,60,E/B,8856
2019-10-09,320,02:14:00,Wednesday,Eglinton Station,Utilized Off Route,3,7,S/B,8621
2019-10-09,24,04:49:00,Wednesday,VICTORIA PARK - Craigton and Eglinton Square,Diversion,1,1,B/W,
2019-10-09,75,05:30:00,Wednesday,Sherbourne St and Carlton St,Diversion,125,130,NB,1247
2019-10-09,73,05:45:00,Wednesday,ROYAL YORK AND ALANHURST,Mechanical,17,34,N/B,8615
2019-10-09,41,05:51:00,Wednesday,Lawrence / Keele,Mechanical,12,24,S/B,9048
2019-10-09,924,06:02:00,Wednesday,VICTORIA PARK EXP - Craigton and Eglinton SQ,Diversion,1,1,B/W,
2019-10-09,106,06:15:00,Wednesday,Pioneer Village station,Mechanical,12,24,S/B,1229
2019-10-09,945,06:36:00,Wednesday,Kipling Station,Mechanical,6,12,N/B,8056
2019-10-09,24,06:38:00,Wednesday,VICTORIA PARK - Victoria Park Stn,Investigation,0,0,N/B,8512
2019-10-09,63,06:47:00,Wednesday,Eglinton West Station,Mechanical,10,20,S/B,8169
2019-10-09,75,07:00:00,Wednesday,Bloor St East and Sherbourne St,Diversion,999,999,NB,8152
2019-10-09,11,07:07:00,Wednesday,Davisville Station,Mechanical,16,32,N/B,8189
2019-10-09,95,07:27:00,Wednesday,Leslie and York Mills,Mechanical,8,16,E/B,1316
2019-10-09,945,07:27:00,Wednesday,Kipling Station,Mechanical,5,10,N/B,8461
2019-10-09,66,07:30:00,Wednesday,ENITIRE ROUTE,General Delay,9,30,B/W,
2019-10-09,76,07:30:00,Wednesday,ENTIRE ROUTE,General Delay,5,25,B/W,
2019-10-09,73,07:30:00,Wednesday,ENTIRE ROUTE,General Delay,16,45,B/W,
2019-10-09,110,07:30:00,Wednesday,ENTIRE ROUTE,General Delay,12,35,B/W,
2019-10-09,37,07:30:00,Wednesday,ENTIRE ROUTE,General Delay,14,40,B/W,
2019-10-09,939,07:30:00,Wednesday,939 Finch Express-All Branch,General Delay,20,28,B/W,3431
2019-10-09,986,07:40:00,Wednesday,Kingston/Scar. Golf Club rd,General Delay,25,30,W/B,
2019-10-09,86,07:40:00,Wednesday,Kingston rd./Scar. Golf club rd.,General Delay,25,35,W/B,
2019-10-09,905,07:40:00,Wednesday,Kingston/Scar.Golf Club rd,General Delay,25,35,W/B,
2019-10-09,89,07:52:00,Wednesday,Weston/Lawrence,Mechanical,7,14,S/B,1077
2019-10-09,95,08:00:00,Wednesday,Kingston Rd Loop,Mechanical,8,16,eb,3443
2019-10-09,900,08:00:00,Wednesday,427/Renforth,General Delay,17,26,S/B,
2019-10-09,111,08:01:00,Wednesday,Kipling Station,Mechanical,11,22,N/B,8078
2019-10-09,75,08:11:00,Wednesday,South Drive at Glen Road,Mechanical,5,10,SN,8327
2019-10-09,25,08:30:00,Wednesday,Steetes  and Freshmedow,General Delay,10,20,N/B,
2019-10-09,122,08:30:00,Wednesday,Leslie and York Mills Rd,General Delay,15,24,B/W,
2019-10-09,606,08:33:00,Wednesday,Jarvis St at Queens Quay,Utilized Off Route,1,1,WB,3127
2019-10-09,601,08:49:00,Wednesday,Jarvis St at Queens Quay,Utilized Off Route,1,1,WB,8194
2019-10-09,716,08:50:00,Wednesday,Victoria Park and Steeles,Utilized Off Route,1,1,S/B,9214
2019-10-09,704,08:50:00,Wednesday,Sheppard Station,Utilized Off Route,1,1,W/B,3210
2019-10-09,606,08:50:00,Wednesday,Main STN,Utilized Off Route,0,0,,8594
2019-10-09,716,08:52:00,Wednesday,Victoria Park Station,Utilized Off Route,1,1,N/B,8471
2019-10-09,63,09:00:00,Wednesday,Eglinton West Station,Utilized Off Route,3,6,S/B,8112
2019-10-09,602,09:00:00,Wednesday,York Mills Station,Utilized Off Route,1,1,S/B,3405
2019-10-09,925,09:00:00,Wednesday,Don Mills and Eglintion,General Delay,10,20,N/B,
2019-10-09,62,09:03:00,Wednesday,MORTIMER - Broadview Station,Utilized Off Route,16,32,E/B,8596
2019-10-09,90,09:05:00,Wednesday,Oakwood and Vaughn,Utilized Off Route,5,10,N/B,8383
2019-10-09,837,09:06:00,Wednesday,Donlands and Danforth,Mechanical,15,30,N/B,8377
2019-10-09,36,09:07:00,Wednesday,Alexdon,Mechanical,5,10,E/B,3251
2019-10-09,34,09:12:00,Wednesday,Eglinton Station,Utilized Off Route,10,20,E/B,8928
2019-10-09,32,09:12:00,Wednesday,Eglinton and Yonge,Utilized Off Route,7,14,E/B,1380
2019-10-09,54,09:15:00,Wednesday,Eglinton Station,Utilized Off Route,12,24,E/B,8711
2019-10-09,100,09:17:00,Wednesday,St. Clair and Victoria Park,Investigation,1,1,EB,8680
2019-10-09,953,09:20:00,Wednesday,kelvin Grove,Investigation,5,10,E/B,9086
2019-10-09,129,09:44:00,Wednesday,300 Consilum Pl,Investigation,1,1,N/B,1728
2019-10-09,6,09:48:00,Wednesday,Queens Quay East and Dockside Drive,Mechanical,12,24,EB,1114
2019-10-09,41,09:48:00,Wednesday,Keele stn,Mechanical,12,24,N/B,9019
2019-10-09,95,10:00:00,Wednesday,Leslie and York mills,General Delay,15,1,bw,
2019-10-09,116,10:01:00,Wednesday,Morningside/Sewells,Mechanical,10,20,W/B,8625
2019-10-09,129,10:15:00,Wednesday,Scarborough Town Center,Investigation,28,56,N/B,1728
2019-10-09,165,10:25:00,Wednesday,Ormont & Barmac,Mechanical,12,24,S/B,3502
2019-10-09,65,10:30:00,Wednesday,Castle Frank stn,Investigation,13,26,,3134
2019-10-09,110,11:15:00,Wednesday,Islington and Lakeshore,Mechanical,18,36,N/B,8432
2019-10-09,105,11:22:00,Wednesday,Shepard west station,Mechanical,17,34,N/B,1218
2019-10-09,944,11:32:00,Wednesday,Kipling Station,Utilized Off Route,8,16,S/B,8443
2019-10-09,600,11:33:00,Wednesday,Islington stn,Utilized Off Route,1,1,N/B,
2019-10-09,35,11:35:00,Wednesday,Jane Stn,Utilized Off Route,7,14,N/B,3478
2019-10-09,63,11:37:00,Wednesday,Atlantic & King,Utilized Off Route,5,10,N/B,8209
2019-10-09,600,11:37:00,Wednesday,Kipling Station,Utilized Off Route,1,1,E/B,3346
2019-10-09,944,11:40:00,Wednesday,Kipling Station,Utilized Off Route,8,16,S/B,8038
2019-10-09,935,11:40:00,Wednesday,Jane Stn,Utilized Off Route,11,22,N/B,3485
2019-10-09,600,11:50:00,Wednesday,Islington stn,Utilized Off Route,1,1,E/B,8603
2019-10-09,38,11:56:00,Wednesday,Scarborought Town Center,Mechanical,12,24,N/B,1735
2019-10-09,52,12:24:00,Wednesday,Westwood Mall,Mechanical,14,28,E/B,8110
2019-10-09,84,12:31:00,Wednesday,Sheppard Station,Mechanical,8,16,W/B,3491
2019-10-09,79,12:47:00,Wednesday,Pine and Lawrence,Mechanical,12,24,S/B,1011
2019-10-09,25,13:00:00,Wednesday,25 Don Mills -All Branch,General Delay,9,18,B/W,
2019-10-09,83,13:00:00,Wednesday,83 Jones Route,General Delay,16,36,B/W,
2019-10-09,925,13:00:00,Wednesday,925 Don mills Express Route,General Delay,10,20,B/W,
2019-10-09,70,13:00:00,Wednesday,70 O'Connor Route- All Branch,General Delay,18,35,B/W,
2019-10-09,81,13:00:00,Wednesday,81 Thorncliff Park Route,General Delay,11,22,B/W,
2019-10-09,31,13:00:00,Wednesday,31 Greenwood- All Branch,General Delay,9,18,B/W,
2019-10-09,22,13:00:00,Wednesday,22 Coxwell Route,General Delay,10,18,B/W,
2019-10-09,29,13:35:00,Wednesday,Dufferin at Eglinton,Mechanical,8,16,N/B,9150
2019-10-09,88,13:47:00,Wednesday,St Clair Station,Mechanical,20,40,E/B,1230
2019-10-09,102,14:00:00,Wednesday,Markham Route,General Delay,30,60,B/W,
2019-10-09,9,14:00:00,Wednesday,Bellamy route,General Delay,12,24,B/W,
2019-10-09,16,14:00:00,Wednesday,McCowan Route,General Delay,12,24,B/W,
2019-10-09,69,14:00:00,Wednesday,McCowan S route,General Delay,12,24,B/W,
2019-10-09,17,14:00:00,Wednesday,Birchmount route,General Delay,40,80,B/W,
2019-10-09,68,14:00:00,Wednesday,Warden route,General Delay,30,60,B/W,
2019-10-09,902,14:00:00,Wednesday,Markham Express route,General Delay,10,20,B/W,
2019-10-09,704,14:06:00,Wednesday,Sheppard Station,Utilized Off Route,1,1,S/B,3210
2019-10-09,36,14:06:00,Wednesday,Finch station,Utilized Off Route,5,10,E/B,3194
2019-10-09,600,14:10:00,Wednesday,Jane/Emmett,Utilized Off Route,1,1,E/B,1081
2019-10-09,600,14:10:00,Wednesday,Wilson Stn,Utilized Off Route,1,1,E/B,3281
2019-10-09,600,14:11:00,Wednesday,Sheppard Station,Utilized Off Route,1,1,B/W,8327
2019-10-09,939,14:15:00,Wednesday,Finch Station,Utilized Off Route,10,20,S/B,1298
2019-10-09,702,14:15:00,Wednesday,Humberwood Loop,Utilized Off Route,1,1,E/B,8463
2019-10-09,54,14:15:00,Wednesday,Eglinton Station,Utilized Off Route,11,22,E/B,8915
2019-10-09,709,14:18:00,Wednesday,Lawrence and Caledonia,Utilized Off Route,1,1,S/B,1126
2019-10-09,600,14:20:00,Wednesday,Sheppard West Station,Utilized Off Route,1,1,N/B,3298
2019-10-09,704,14:22:00,Wednesday,Pioneer Village Station,Utilized Off Route,1,1,S/B,3177
2019-10-09,600,14:25:00,Wednesday,Islington stn,Utilized Off Route,1,1,N/B,8053
2019-10-09,701,14:25:00,Wednesday,Bayview and York mills,Utilized Off Route,1,1,E/B,8166
2019-10-09,134,14:27:00,Wednesday,Scarborough Town centre,Mechanical,6,12,E/B,3488
2019-10-09,85,14:28:00,Wednesday,Don Mills Station,Utilized Off Route,7,14,E/B,3448
2019-10-09,95,14:28:00,Wednesday,York mills Station,Utilized Off Route,20,40,E/B,1726
2019-10-09,600,14:30:00,Wednesday,Warden Station,Utilized Off Route,1,1,N/B,8721
2019-10-09,32,14:30:00,Wednesday,Eglinton Stn,Utilized Off Route,10,20,W/B,1131
2019-10-09,600,14:30:00,Wednesday,Eglinton Garage,Utilized Off Route,1,1,N/B,8879
2019-10-09,96,14:32:00,Wednesday,York Mills Station,Utilized Off Route,24,48,W/B,3576
2019-10-09,35,14:37:00,Wednesday,Arrow Garage,Utilized Off Route,10,20,S/B,3359
2019-10-09,85,14:50:00,Wednesday,Don Mills Station,Utilized Off Route,10,20,E/B,3469
2019-10-09,116,14:52:00,Wednesday,Morningside/Lawrence,Mechanical,6,12,N/B,8677
2019-10-09,94,15:00:00,Wednesday,Between Ossington Stn and Castle Frank Stn,General Delay,15,25,B/W,
2019-10-09,925,15:00:00,Wednesday,Don Mills Station,Investigation,10,20,S/B,8818
2019-10-09,100,15:00:00,Wednesday,Between Boardview Stn and DonMills/Eglinton,General Delay,29,35,B/W,
2019-10-09,76,15:00:00,Wednesday,Entire Route,General Delay,20,26,B/W,
2019-10-09,87,15:00:00,Wednesday,Between Broadview Stn and Main St Station,General Delay,15,25,B/W,
2019-10-09,75,15:00:00,Wednesday,Between Lower Jarvis/QueensQuay and Bloor/Sherbourne.,General Delay,1,1,B/W,
2019-10-09,72,15:00:00,Wednesday,Between Union Stn and Pape Stn.,General Delay,29,35,B/W,
2019-10-09,6,15:00:00,Wednesday,Between Davenport/Dupont and LowerSherboune/QueensQuay,General Delay,25,35,B/W,
2019-10-09,121,15:00:00,Wednesday,Between Ontario Place and Cherrybeach,General Delay,35,55,B/W,
2019-10-09,131,15:05:00,Wednesday,Scarborough Town centre,Mechanical,10,20,N/B,1245
2019-10-09,43,15:09:00,Wednesday,Kennedy /Steeles,Mechanical,10,20,N/B,8919
2019-10-09,85,15:11:00,Wednesday,Malvern Gate and Sheppard,Mechanical,15,30,E/B,3462
2019-10-09,116,15:14:00,Wednesday,Eglinton Division Garage,Mechanical,1,1,,8677
2019-10-09,66,15:30:00,Wednesday,Entire Route,General Delay,20,8,B/W,
2019-10-09,113,15:30:00,Wednesday,Birchmount and Danforth,Mechanical,9,18,E/B,8950
2019-10-09,33,15:30:00,Wednesday,St Clair West Station,Mechanical,30,30,N/B,8215
2019-10-09,90,15:30:00,Wednesday,St. Clair West Stn,Utilized Off Route,6,12,N/B,8106
2019-10-09,110,15:30:00,Wednesday,Entire Route,General Delay,25,33,B/W,
2019-10-09,131,15:32:00,Wednesday,Morningside and Morningtrail,Investigation,9,18,S/B,1548
2019-10-09,89,15:40:00,Wednesday,Keele and Dundas,Investigation,11,22,N/B,1130
2019-10-09,64,15:46:00,Wednesday,Hambley and Queen,Investigation,9,17,N/B,3158
2019-10-09,927,15:53:00,Wednesday,Kipling Station,Mechanical,6,12,N/B,3180
2019-10-09,44,16:00:00,Wednesday,Kipling Station to Colonel Samuel Smith Loop,General Delay,15,20,B/W,
2019-10-09,49,16:00:00,Wednesday,Kipling Station to Markland,General Delay,15,27,B/W,
2019-10-09,30,16:00:00,Wednesday,High Park Station to Kipling Station,General Delay,15,37,B/W,
2019-10-09,135,16:00:00,Wednesday,Gerrard route,General Delay,15,30,B/W,
2019-10-09,45,16:00:00,Wednesday,Kipling Station to Steeles and Disco and Attwell,General Delay,15,21,B/W,
2019-10-09,72,16:07:00,Wednesday,Pape Stn,Mechanical,9,19,S/B,8489
2019-10-09,21,16:12:00,Wednesday,Scarborough Town centre,Investigation,12,24,N/B,3404
2019-10-09,16,16:25:00,Wednesday,Midland and Danforth,Mechanical,12,24,N/B,9235
2019-10-09,72,16:30:00,Wednesday,Pape Stn,Mechanical,10,20,S/B,8513
2019-10-09,121,16:46:00,Wednesday,Cherrybeach,Utilized Off Route,18,36,W/B,3116
2019-10-09,65,16:48:00,Wednesday,65 Parliament route,General Delay,11,22,B/W,
2019-10-09,169,17:00:00,Wednesday,Don Mills Station to Scarborough Town Centre,General Delay,15,20,W/B,
2019-10-09,6,17:00:00,Wednesday,Sherbourne and Queens Quay,Investigation,15,8,N/B,1049
2019-10-09,102,17:02:00,Wednesday,Milner and Markham,Investigation,10,20,N/B,8524
2019-10-09,939,17:03:00,Wednesday,Mc Cowan and Milner,Investigation,5,10,N/B,3413
2019-10-09,25,17:16:00,Wednesday,Don Mills/York Mills,Mechanical,6,11,N/B,8772
2019-10-09,97,17:30:00,Wednesday,Adelaide & Yonge,General Delay,15,20,B/W,1111
2019-10-09,98,17:42:00,Wednesday,Finch and Grantbrook,Diversion,1,1,B/W,8372
2019-10-09,24,17:49:00,Wednesday,Donside drive and Victoria Park,Investigation,10,19,S/B,8553
2019-10-09,925,17:53:00,Wednesday,Millswood/Overlea,Investigation,10,20,S/B,8835
2019-10-09,102,18:00:00,Wednesday,Warden Station,Utilized Off Route,20,40,N/B,8477
2019-10-09,81,18:05:00,Wednesday,Millwood Bridge at Overlea,Diversion,87,96,B/W,3136
2019-10-09,100,18:05:00,Wednesday,Millswood and Pape,Diversion,105,115,B/W,
2019-10-09,25,18:05:00,Wednesday,Millwood/Overlea,Diversion,87,93,B/W,8816
2019-10-09,925,18:05:00,Wednesday,Millwood bridge at Overlea,Diversion,87,95,B/W,8877
2019-10-09,935,18:11:00,Wednesday,Jane and Steeles,Diversion,77,88,S/B,3220
2019-10-09,35,18:11:00,Wednesday,Jane and Steeles,Diversion,73,80,S/B,3359
2019-10-09,56,18:12:00,Wednesday,Leaside/Millwood,Diversion,1,1,N/B,8323
2019-10-09,131,18:13:00,Wednesday,Scarborough Town Centre,Investigation,9,18,N/B,3453
2019-10-09,41,18:44:00,Wednesday,Sentinel at The Pond Rd,Investigation,15,30,S/B,9013
2019-10-09,20,18:54:00,Wednesday,Kennedy Station,Mechanical,13,26,S/B,8401
2019-10-09,110,19:27:00,Wednesday,Islington and Meadowvale,Emergency Services,18,36,N/B,8077
2019-10-09,22,19:30:00,Wednesday,Coxwell Station,Mechanical,8,16,S/B,8574
2019-10-09,100,19:57:00,Wednesday,Wynford and Don Mills,Mechanical,10,20,S/B,8655
2019-10-09,162,19:58:00,Wednesday,Donway/Lawrence,Mechanical,24,48,N/B,8216
2019-10-09,39,20:00:00,Wednesday,Finch station to Littles,General Delay,12,20,B/W,
2019-10-09,169,20:21:00,Wednesday,Kennedy,Investigation,30,60,W/B,8375
2019-10-09,161,20:26:00,Wednesday,Humber Blvd and Louvain,Investigation,10,20,W/B,1048
2019-10-09,51,20:32:00,Wednesday,Falcon/Eglinton,Mechanical,22,44,E/B,8305
2019-10-09,60,20:40:00,Wednesday,Steeles and Dufferin,Diversion,50,68,W/B,3224
2019-10-09,29,21:10:00,Wednesday,Holland and Dufferin,Mechanical,8,16,N/B,9042
2019-10-09,94,21:15:00,Wednesday,Ossington Station,Mechanical,102,102,E/B,1000
2019-10-09,34,21:31:00,Wednesday,Eglinton & Warden,Mechanical,6,13,E/B,8912
2019-10-09,935,22:00:00,Wednesday,Jane Station,Mechanical,12,24,S/B,3366
2019-10-09,115,22:05:00,Wednesday,York Mills Station,Investigation,25,1,E/B,8118
2019-10-09,32,22:50:00,Wednesday,Jane and Eglinton,Utilized Off Route,11,22,W/B,1064
2019-10-10,29,01:05:00,Thursday,Dufferin and College,Mechanical,9,18,N/B,9137
2019-10-10,320,01:30:00,Thursday,10 Dundas Street - Yonge to Dundas Street,Diversion,240,255,B/W,1411
2019-10-10,133,01:47:00,Thursday,Finch & Morningside,Emergency Services,13,45,W/B,3416
2019-10-10,300,04:24:00,Thursday,Bloor & Bathurst,Mechanical,20,50,W/B,8045
2019-10-10,24,04:49:00,Thursday,VICTORIA PARK - Craigton and Eglinton,Diversion,1,1,B/W,
2019-10-10,41,05:00:00,Thursday,Lawrence,Mechanical,22,,N/B,9010
2019-10-10,20,05:22:00,Thursday,kennedy station,Mechanical,18,36,W/B,8957
2019-10-10,36,05:55:00,Thursday,"Humberwood loop,",Mechanical,5,10,E/B,9117
2019-10-10,127,05:59:00,Thursday,Mount Dennis Garage,Mechanical,16,32,,1603
2019-10-10,924,06:02:00,Thursday,VICTORIA PARK EXP - Craigton and Eglinton,Diversion,1,1,B/W,
2019-10-10,167,06:32:00,Thursday,Sheppard and Parkway Forest,Mechanical,30,60,E/B,3144
2019-10-10,97,06:34:00,Thursday,Yonge and Shuter,Diversion,206,236,B/W,
2019-10-10,125,06:54:00,Thursday,Finch Station,Mechanical,1,1,W/B,8162
2019-10-10,12,06:56:00,Thursday,KINGSTON / Victoria Park Station,Vision,0,0,E/B,8558
2019-10-10,60,06:58:00,Thursday,Pioneer Village Station,Mechanical,7,14,S/B,3355
2019-10-10,39,07:00:00,Thursday,39 Finch Rotue-All Branch,General Delay,18,36,W/B,1404
2019-10-10,60,07:06:00,Thursday,Finch Station,Vision,7,14,W/B,3220
2019-10-10,36,07:21:00,Thursday,jane,Investigation,18,34,W/B,3504
2019-10-10,60,07:28:00,Thursday,Howard Moscoe Way at Steeles,Investigation,7,14,W/B,3333
2019-10-10,110,07:30:00,Thursday,ENTITE ROUTE,General Delay,12,35,B/W,
2019-10-10,939,07:30:00,Thursday,939 Finch Express-All Branch,General Delay,20,28,W/B,3524
2019-10-10,66,07:30:00,Thursday,ENTIRE ROUTE,General Delay,9,30,B/W,
2019-10-10,37,07:30:00,Thursday,ENTIRE ROUTE,General Delay,14,40,B/W,
2019-10-10,76,07:30:00,Thursday,ENTIRE ROUTE,General Delay,5,25,B/W,
2019-10-10,88,07:48:00,Thursday,McRae and Laird,Investigation,14,28,W/B,1278
2019-10-10,45,07:53:00,Thursday,Steeles Loop,Mechanical,28,44,S/B,8446
2019-10-10,36,07:54:00,Thursday,Finch west station,Mechanical,5,10,E/B,9117
2019-10-10,97,08:00:00,Thursday,Yonge and Shuter,General Delay,25,55,B/W,
2019-10-10,80,08:00:00,Thursday,Sherway Gardens,Mechanical,1,1,E/B,8086
2019-10-10,34,08:00:00,Thursday,Entire route,General Delay,8,28,B/W,
2019-10-10,17,08:00:00,Thursday,Birchmount Rd (Finch Ave E to McNicoll Ave),General Delay,15,22,B/W,
2019-10-10,32,08:02:00,Thursday,Eglinton Wesrt Stn,Utilized Off Route,10,22,,1305
2019-10-10,123,08:10:00,Thursday,Sherway Gardens,Utilized Off Route,18,35,E/B,8031
2019-10-10,30,08:10:00,Thursday,Viking Road,Investigation,30,1,N/B,8046
2019-10-10,130,08:15:00,Thursday,Trition and McCowan,Mechanical,16,32,N/B,3430
2019-10-10,25,08:21:00,Thursday,Don mill  Overlea,Investigation,10,20,W/B,8917
2019-10-10,56,08:29:00,Thursday,Donlands Station,Investigation,12,24,N/B,8157
2019-10-10,95,08:30:00,Thursday,Don Valley Pkwy to Leslie,General Delay,20,28,W/B,
2019-10-10,995,08:30:00,Thursday,Don Valley Pkwy to Leslie,General Delay,20,30,W/B,
2019-10-10,125,08:35:00,Thursday,Drewry Ave at Marathon Cres,Investigation,7,14,W/B,8352
2019-10-10,36,08:39:00,Thursday,Finch west station,Mechanical,5,10,E/B,9130
2019-10-10,134,08:45:00,Thursday,Scarborough Town Center,Mechanical,4,9,E/B,9063
2019-10-10,36,09:00:00,Thursday,Dufferin,General Delay,12,24,E/B,1
2019-10-10,53,09:00:00,Thursday,Don mills,General Delay,12,20,B/W,
2019-10-10,25,09:00:00,Thursday,Steeles and Don mills,General Delay,7,14,W/B,
2019-10-10,70,09:00:00,Thursday,Eglintion and Victoria park,General Delay,10,20,W/B,
2019-10-10,600,09:30:00,Thursday,Sherbourne and Queen,Utilized Off Route,1,1,N/B,8112
2019-10-10,600,09:30:00,Thursday,Lawrence Station,Utilized Off Route,1,1,W/B,8849
2019-10-10,600,09:32:00,Thursday,Jarvis and Queens Quay,Utilized Off Route,1,1,N/B,8177
2019-10-10,63,09:33:00,Thursday,Ossington at St Clair,Utilized Off Route,10,20,N/B,8337
2019-10-10,123,09:35:00,Thursday,Kipling Station,Utilized Off Route,21,42,S/B,7972
2019-10-10,122,09:43:00,Thursday,York Mills Station,Utilized Off Route,1,1,S/B,8366
2019-10-10,95,09:45:00,Thursday,York Mills Station,Utilized Off Route,1,1,wb,1651
2019-10-10,52,09:50:00,Thursday,L.W Station,Utilized Off Route,15,30,W/B,8187
2019-10-10,945,09:55:00,Thursday,The West way,Diversion,55,60,N/B,8438
2019-10-10,75,10:00:00,Thursday,whole route,General Delay,7,14,B/W,
2019-10-10,34,10:00:00,Thursday,Kennedy Station,Utilized Off Route,8,16,W/B,8764
2019-10-10,34,10:10:00,Thursday,Kennedy Stn.,Utilized Off Route,8,16,W/B,8685
2019-10-10,54,10:12:00,Thursday,Scarborough,Investigation,12,24,W/B,8888
2019-10-10,109,10:17:00,Thursday,Bathurst and Neptune,Mechanical,40,80,s/b,1288
2019-10-10,29,10:21:00,Thursday,Wilson stn,Mechanical,7,14,S/B,9023
2019-10-10,54,10:30:00,Thursday,Brimley and Lawrence,General Delay,12,24,E/B,8731
2019-10-10,68,10:36:00,Thursday,Warden Ave/Metropolitan Rd,Investigation,10,20,N/B,8928
2019-10-10,45,10:40:00,Thursday,Kipling Station,Mechanical,10,20,N/B,7977
2019-10-10,57,10:41:00,Thursday,Finch,Emergency Services,10,20,S/B,8838
2019-10-10,929,10:58:00,Thursday,Wilson stn,Mechanical,10,20,S/B,9038
2019-10-10,135,11:02:00,Thursday,Warden Ave/Fir Valley Crt,Investigation,0,0,N/B,8497
2019-10-10,7,11:11:00,Thursday,Wilson / bath,Mechanical,8,16,S/B,8325
2019-10-10,34,11:15:00,Thursday,Eglinton Station,Mechanical,8,16,E/B,8715
2019-10-10,134,11:35:00,Thursday,Scarborough Town Center,Mechanical,15,35,E/B,9097
2019-10-10,17,11:38:00,Thursday,Birchmount Rd/Ashtonbee Rd,Investigation,14,27,S/B,8481
2019-10-10,53,11:45:00,Thursday,Yonge/Steeles,Mechanical,5,10,E/B,1335
2019-10-10,40,11:57:00,Thursday,Dundas/Keele,Investigation,10,20,W/B,8070
2019-10-10,70,12:00:00,Thursday,Entire route,General Delay,10,17,B/W,
2019-10-10,25,12:00:00,Thursday,"Eglinton Ave, Pape Ave , O'Connor Drive",General Delay,20,26,B/W,
2019-10-10,54,12:10:00,Thursday,Scarborough Golf Club and Lawrence,Utilized Off Route,12,24,W/B,8784
2019-10-10,89,12:15:00,Thursday,Weston/Walsh,Emergency Services,11,22,N/B,1409
2019-10-10,70,12:17:00,Thursday,Wolverleigh Blvd,Mechanical,9,18,B/W,8818
2019-10-10,701,12:37:00,Thursday,Lawrence West Station,Mechanical,1,1,W/B,8369
2019-10-10,29,12:45:00,Thursday,Dufferin at Lawrence,Mechanical,7,14,N/B,9020
2019-10-10,165,12:49:00,Thursday,Barmac & Ormont,Mechanical,12,24,S/B,3196
2019-10-10,52,12:50:00,Thursday,Lawrence at Dufferin,Diversion,55,60,E/B,
2019-10-10,60,13:00:00,Thursday,Steeles West Route,General Delay,15,24,BW,0
2019-10-10,995,13:05:00,Thursday,Bellamy and Ellesmere,Investigation,15,30,E/B,3554
2019-10-10,59,13:11:00,Thursday,Dufferin and Lawrence,Diversion,44,67,E/B,
2019-10-10,36,13:40:00,Thursday,Finch station,Mechanical,5,10,W/B,9134
2019-10-10,95,13:41:00,Thursday,Bayview and York mills,Mechanical,20,40,E/B,3555
2019-10-10,12,13:43:00,Thursday,KINGSTON ROAD,Investigation,1,1,N/B,8962
2019-10-10,702,13:58:00,Thursday,Parkwoods Village,Investigation,1,1,E/B,3410
2019-10-10,24,13:58:00,Thursday,Victoria Park and Pachino,Investigation,15,30,N/B,3120
2019-10-10,23,14:00:00,Thursday,DAWES,General Delay,10,20,B/W,
2019-10-10,83,14:00:00,Thursday,Entire route,General Delay,10,26,B/W,
2019-10-10,7,14:24:00,Thursday,Greenwin Village at Bathurst.,Mechanical,8,16,S/B,8202
2019-10-10,160,14:30:00,Thursday,Bathurst at Finch,Investigation,15,30,N/B,8134
2019-10-10,105,14:34:00,Thursday,Sheppard West Station,Mechanical,15,30,N/B,8377
2019-10-10,36,14:40:00,Thursday,Humberwood Loop,Mechanical,5,10,W/B,9130
2019-10-10,100,15:00:00,Thursday,Between Broadview Stn and DonMills/Eglinton,General Delay,29,35,B/W,
2019-10-10,94,15:00:00,Thursday,Between Ossington Stn and Castle Frank Stn,General Delay,15,21,B/W,
2019-10-10,87,15:00:00,Thursday,Between Main St Stn and Broadview Stn,General Delay,15,21,B/W,
2019-10-10,75,15:00:00,Thursday,Between Lower Jarvis/QueensQuay and Bloor/Sherbourne,General Delay,45,55,B/W,
2019-10-10,72,15:00:00,Thursday,Between Union Stn and Pape Stn,General Delay,29,35,B/W,
2019-10-10,6,15:00:00,Thursday,Between Lower Jarvis/Sherbourne and Davenport/Dupont,General Delay,25,35,B/W,
2019-10-10,31,15:00:00,Thursday,Entire route,General Delay,10,20,B/W,
2019-10-10,121,15:00:00,Thursday,Betweeen Ontario Place and Cherrybeach,General Delay,41,51,B/W,
2019-10-10,22,15:03:00,Thursday,Coxwell Station,Mechanical,8,16,B/W,8579
2019-10-10,63,15:04:00,Thursday,Oakwood Loop,Investigation,9,19,S/B,8190
2019-10-10,32,15:04:00,Thursday,Eglinton and Old Park Rd,Investigation,5,15,WB,1049
2019-10-10,6,15:06:00,Thursday,Harbour and Bay,Investigation,12,24,S/B,1094
2019-10-10,85,15:10:00,Thursday,Sheppard at Bay Mills,Investigation,6,12,W/B,3439
2019-10-10,32,15:11:00,Thursday,Eglinton and Old Park Rd,Investigation,10,19,WB,1606
2019-10-10,24,15:32:00,Thursday,Victoria Park and Rowena,Mechanical,10,20,SB,8585
2019-10-10,29,15:32:00,Thursday,Dufferin at Lawrence,Mechanical,8,16,S/B,9145
2019-10-10,167,15:33:00,Thursday,Pharmacy at McNicoll,Investigation,11,22,S/B,3106
2019-10-10,939,15:34:00,Thursday,Finch and Mc Cowan,Investigation,5,10,E/B,1391
2019-10-10,87,15:37:00,Thursday,Broadview Stn,Vision,5,11,E/B,8558
2019-10-10,939,15:38:00,Thursday,Bayview and Finch,Mechanical,5,10,E/B,3440
2019-10-10,76,15:55:00,Thursday,royal York and Evans,Utilized Off Route,6,11,N/B,8612
2019-10-10,105,15:56:00,Thursday,Sheppard West Station,Mechanical,12,24,N/B,8110
2019-10-10,30,16:00:00,Thursday,High Park Station to Kipling Station,General Delay,15,37,B/W,
2019-10-10,44,16:00:00,Thursday,Kipling Station to Colonel Samuel Smith Loop,General Delay,15,20,B/W,
2019-10-10,45,16:00:00,Thursday,Kipling Station to Steeles and Disco and Attwell,General Delay,15,21,B/W,
2019-10-10,112,16:00:00,Thursday,Kipling Station to Steeles and Disco and Attwell,General Delay,15,21,B/W,
2019-10-10,12,16:00:00,Thursday,Victoria Park and Kennedy Station,General Delay,15,30,B/W,3116
2019-10-10,32,16:00:00,Thursday,Renforth and Eglinton Station,General Delay,30,41,B/W,
2019-10-10,144,16:00:00,Thursday,Victoria Park/ Ellesmere - Adelaide/ Simcoe,General Delay,15,30,B/W,8676
2019-10-10,143,16:00:00,Thursday,Sherbourne/Richmond - Adelaide/ Simcoe,General Delay,15,30,B/W,
2019-10-10,67,16:00:00,Thursday,Ellesmere and Victoria Park Station,General Delay,20,40,B/W,8743
2019-10-10,102,16:06:00,Thursday,Warden Stn,Mechanical,19,39,N/B,9207
2019-10-10,939,16:15:00,Thursday,Mc Cowan and Finch,Mechanical,5,10,E/B,1313
2019-10-10,26,16:43:00,Thursday,Old Mill Station,Mechanical,17,34,E/B,1590
2019-10-10,22,16:46:00,Thursday,Gerrard St,Investigation,8,16,B/W,8526
2019-10-10,6,16:46:00,Thursday,Davenport and Dupont,Mechanical,7,15,S/B,1010
2019-10-10,43,16:50:00,Thursday,Kennedy at Bertrand,Mechanical,8,17,N/B,8691
2019-10-10,95,17:00:00,Thursday,York Mills & Leslie,General Delay,20,10,B/W,1111
2019-10-10,995,17:00:00,Thursday,York Mills & Leslie,General Delay,10,20,B/W,1111
2019-10-10,122,17:00:00,Thursday,York Mills and Leslie,General Delay,10,20,B/W,1111
2019-10-10,939,17:05:00,Thursday,Scarborough town center,Mechanical,5,10,N/B,1680
2019-10-10,23,17:50:00,Thursday,Main Station,Utilized Off Route,15,30,E/B,8544
2019-10-10,56,18:07:00,Thursday,Brentcliffe and Eglinton,Utilized Off Route,18,36,EB,1219
2019-10-10,56,18:20:00,Thursday,Eglinton Station,Mechanical,20,40,EB,8332
2019-10-10,7,18:25:00,Thursday,Bathurst at Wilson,Emergency Services,7,14,N/B,1307
2019-10-10,88,18:44:00,Thursday,Laird and Wicksteed,Investigation,7,14,E/B,1289
2019-10-10,937,19:15:00,Thursday,Islington and Finch,Mechanical,12,24,S/B,8423
2019-10-10,927,19:22:00,Thursday,Highway 427 & Dundas,General Delay,28,40,S/B,
2019-10-10,51,19:32:00,Thursday,Leslie and Ravel road,Diversion,240,258,BW,8307
2019-10-10,42,19:40:00,Thursday,on McNicoll Ave at Birchmount Road,Diversion,999,999,EB,8215
2019-10-10,17,19:42:00,Thursday,Birchmount at McNicoll,Diversion,300,312,N/B,
2019-10-10,36,19:52:00,Thursday,FWSN,Investigation,8,16,W/B,9108
2019-10-10,26,19:53:00,Thursday,Old Mill Station,Mechanical,20,40,E/B,1406
2019-10-10,134,20:00:00,Thursday,tapscott and crow trail,Mechanical,16,32,E/B,3551
2019-10-10,39,20:00:00,Thursday,Finch station to Littles.,General Delay,12,20,B/W,
2019-10-10,939,20:00:00,Thursday,Finch west station to Scarbrough town centre,General Delay,13,20,B/W,
2019-10-10,36,20:05:00,Thursday,FWSN,Investigation,8,16,W/B,3360
2019-10-10,123,20:36:00,Thursday,"On Aukland, at Dundas",Emergency Services,12,24,N/B,7962
2019-10-10,111,20:37:00,Thursday,"On Aukland, at Dundas",Emergency Services,17,35,N/B,8433
2019-10-10,86,21:16:00,Thursday,Kingston rd and lawrence,Investigation,9,18,W/B,8703
2019-10-10,41,21:25:00,Thursday,Keele and St Clair,Diversion,1,1,N/B,9041
2019-10-10,62,21:42:00,Thursday,Lumsden Ave - Westlake,Investigation,20,40,W/B,8516
2019-10-10,66,21:48:00,Thursday,Humber Loop,Diversion,70,101,B/W,
2019-10-10,34,22:17:00,Thursday,Kennedy Station,Utilized Off Route,7,13,W/B,8827
2019-10-10,96,22:20:00,Thursday,Wendall and Wilson,Investigation,21,42,E/B,3337
2019-10-10,11,22:31:00,Thursday,Bayview & Fleming,Emergency Services,22,35,N/B,8124
2019-10-10,80,23:14:00,Thursday,"On The Queensway, at Kipling",Diversion,161,191,B/W,
2019-10-10,69,23:40:00,Thursday,Warden STN,Mechanical,20,40,S/B,8515
2019-10-11,67,00:14:00,Friday,Holswade and Pharmacy,Diversion,78,102,N/B,8888
2019-10-11,34,00:20:00,Friday,Eglinton Station,Mechanical,20,40,E/B,8847
2019-10-11,161,00:21:00,Friday,JANE AND ALLIANCE,Vision,29,50,S/B,1421
2019-10-11,24,00:33:00,Friday,Victoria Park Station,Utilized Off Route,9,18,B/W,8572
2019-10-11,22,00:42:00,Friday,Coxwell Station,Utilized Off Route,10,20,B/W,3135
2019-10-11,89,01:32:00,Friday,Keele Station,Investigation,10,20,N/B,1053
2019-10-11,320,01:46:00,Friday,Lakeshore/Yonge,Diversion,254,257,N/B,
2019-10-11,334,03:26:00,Friday,Eglinton & McCowan,Investigation,30,43,E/B,8811
2019-10-11,24,04:49:00,Friday,VICTORIA PARK - at Craigton and Eglinton,Diversion,1,1,B/W,
2019-10-11,80,05:15:00,Friday,Queensway/Lawrence,Diversion,60,90,B/W,
2019-10-11,353,05:20:00,Friday,Finch and Passmore,Emergency Services,1,1,N/B,3540
2019-10-11,52,05:45:00,Friday,Lawrence West Station,Mechanical,0,0,W/B,1218
2019-10-11,924,06:02:00,Friday,VICTORIA PARK EXP - at Craigton and Eglinton,Diversion,1,1,B/W,
2019-10-11,73,06:03:00,Friday,ALBION AND BENSTROW,Investigation,17,34,N/B,8609
2019-10-11,85,06:15:00,Friday,Meadowvale loop,Mechanical,15,30,W/B,3437
2019-10-11,75,06:22:00,Friday,Queens Quay,Investigation,6,12,S/B,8130
2019-10-11,960,07:00:00,Friday,Finch and Arrow,Mechanical,10,20,W/B,3332
2019-10-11,121,07:11:00,Friday,Ontario Place and Rememberance drive,Mechanical,12,24,E/B,8467
2019-10-11,20,07:17:00,Friday,CLIFFESIDE - Birchmount and Danforth,Investigation,10,20,E/B,9229
2019-10-11,110,07:30:00,Friday,ENTIRE ROUTE,General Delay,12,35,B/W,
2019-10-11,32,07:30:00,Friday,Renforth Stn,Mechanical,7,14,E/B,1089
2019-10-11,134,07:47:00,Friday,Scarborough Town Center,Mechanical,18,36,N/B,9082
2019-10-11,56,07:48:00,Friday,Eglinton Station,Mechanical,19,38,S/B,8127
2019-10-11,76,07:51:00,Friday,MIMICO AND WHEATFIELD,Investigation,5,10,W/B,7974
2019-10-11,106,07:57:00,Friday,Pioneer Village station,Mechanical,8,16,S/B,8114
2019-10-11,986,07:59:00,Friday,Kingston Rd & Lawrence,Mechanical,5,10,E/B,8737
2019-10-11,7,08:02:00,Friday,Bathurst at Douglas Ave,Investigation,11,22,N/B,1351
2019-10-11,79,08:11:00,Friday,Scarlett and Eglinton,Mechanical,4,8,S/B,1254
2019-10-11,59,08:31:00,Friday,Lawrence West Station,Mechanical,12,24,W/B,3313
2019-10-11,89,08:36:00,Friday,Weston/Lawrence,Investigation,10,21,S/B,1138
2019-10-11,902,08:44:00,Friday,Progress Ave/Milner Ave,Investigation,10,20,W/B,3113
2019-10-11,111,08:57:00,Friday,900 The East Mall (Eglington),Investigation,12,24,S/B,7957
2019-10-11,47,08:59:00,Friday,Queen and Lansdowne,Mechanical,9,18,N/B,1110
2019-10-11,952,09:29:00,Friday,Dixon at Kipling,Mechanical,1,1,E/B,8169
2019-10-11,63,09:35:00,Friday,King at Atlantic,Investigation,5,10,N/B,8371
2019-10-11,75,09:44:00,Friday,Lower Javis Queens Quay,Diversion,250,252,N/B,8130
2019-10-11,52,09:59:00,Friday,Lawrence at Weston,Mechanical,1,1,W/B,1279
2019-10-11,52,10:01:00,Friday,Lawrence West Station,Mechanical,14,28,W/B,1233
2019-10-11,23,10:21:00,Friday,DAWES - Ferris and Dawes,Investigation,10,20,N/B,8534
2019-10-11,65,10:23:00,Friday,princess and front st,Investigation,13,26,,3130
2019-10-11,65,10:23:00,Friday,Front  and Princess,Investigation,13,26,,8564
2019-10-11,63,10:24:00,Friday,Ossington Station,Investigation,5,10,S/B,8371
2019-10-11,96,10:36:00,Friday,Wilson at Jane,Mechanical,1,1,W/B,3221
2019-10-11,23,11:00:00,Friday,DAWES,General Delay,10,20,B/W,
2019-10-11,87,11:05:00,Friday,Main Station,Utilized Off Route,10,20,B/W,8942
2019-10-11,68,11:38:00,Friday,Wardent Stn,Mechanical,10,20,B/W,8750
2019-10-11,116,11:49:00,Friday,Morningside & Ellesmere,Investigation,10,20,S/B,8766
2019-10-11,75,12:00:00,Friday,Between Lower Jarvis/QueensQuay and Bloor/Sherbourne,General Delay,1,1,B/W,
2019-10-11,32,12:00:00,Friday,Renforth to Eglinton Avenue,General Delay,30,40,bw,
2019-10-11,32,12:04:00,Friday,Pine and Lawrence,Vision,11,22,E/B,1420
2019-10-11,36,12:14:00,Friday,Finch west station,Mechanical,6,12,E/B,3363
2019-10-11,96,12:25:00,Friday,Wilson at Finch,Mechanical,1,1,W/B,3216
2019-10-11,98,12:33:00,Friday,Sheppard Station,Mechanical,30,60,N/B,8192
2019-10-11,35,12:52:00,Friday,Jane and Shoreham,Emergency Services,9,18,S/B,3245
2019-10-11,60,13:00:00,Friday,Steeles West Route,General Delay,15,24,BW,0
2019-10-11,83,13:00:00,Friday,Entire route,General Delay,10,26,N/B,
2019-10-11,70,13:00:00,Friday,Eglinton Ave,General Delay,15,22,N/B,
2019-10-11,102,13:00:00,Friday,Entire Route,General Delay,15,25,B/W,
2019-10-11,68,13:00:00,Friday,Entire Route,General Delay,10,20,B/W,
2019-10-11,25,13:00:00,Friday,"Eglinton Ave, Pape and O'Connor Dr, Overlea Blvd",General Delay,20,27,N/B,
2019-10-11,102,13:00:00,Friday,Entire Route,General Delay,15,25,B/W,
2019-10-11,113,13:19:00,Friday,KINGSTON - Kennedy & Merrian,Diversion,160,182,B/W,
2019-10-11,905,13:24:00,Friday,Kennedy & Eglinton,General Delay,20,1,B/W,
2019-10-11,26,13:24:00,Friday,Bathurst/Dupont,Investigation,5,10,W/B,1078
2019-10-11,986,13:24:00,Friday,Kennedy & Eglinton,General Delay,10,20,B/W,
2019-10-11,86,13:24:00,Friday,Kennedy & Eglinton,General Delay,20,1,B/W,
2019-10-11,57,13:24:00,Friday,Kennedy & Eglinton,General Delay,20,1,B/W,
2019-10-11,43,13:24:00,Friday,Kennedy & Eglinton,General Delay,20,1,B/W,
2019-10-11,116,13:24:00,Friday,Kennedy & Eglinton,General Delay,20,1,B/W,
2019-10-11,127,13:29:00,Friday,Old Weston Rd at St Clair,Mechanical,30,60,N/B,1098
2019-10-11,45,13:35:00,Friday,Kipling Stn,Mechanical,11,20,N/B,8614
2019-10-11,95,13:40:00,Friday,York Mills Station,Mechanical,10,20,W/B,3517
2019-10-11,11,13:44:00,Friday,Davisville Station,Mechanical,13,26,N/B,1290
2019-10-11,21,13:45:00,Friday,Scarboro town center,Mechanical,25,50,E/B,1663
2019-10-11,165,13:55:00,Friday,Wilson Station,Investigation,12,24,S/B,3489
2019-10-11,115,14:00:00,Friday,York Mills Station,Mechanical,20,40,E/B,8343
2019-10-11,52,14:25:00,Friday,Lawrence Station,Utilized Off Route,14,28,W/B,8143
2019-10-11,123,14:45:00,Friday,Kipling Stn,Mechanical,16,32,S/B,8017
2019-10-11,26,14:51:00,Friday,St George,Mechanical,5,10,W/B,1265
2019-10-11,929,15:00:00,Friday,Dufferin at St. Clair,General Delay,20,30,N/B,
2019-10-11,6,15:00:00,Friday,Between Sherbourne/QueensQuay and Bloor/Sherbourne,General Delay,25,35,N/B,
2019-10-11,110,15:00:00,Friday,Entire Route,General Delay,25,35,B/W,
2019-10-11,87,15:00:00,Friday,Bewteen Broadview Stn and Main St Station,General Delay,9,15,B/W,
2019-10-11,72,15:00:00,Friday,Between Union Stn and Pape Stn,General Delay,28,33,B/W,
2019-10-11,121,15:00:00,Friday,Between Ontario Place and Cherrybeach,General Delay,31,51,N/B,
2019-10-11,94,15:00:00,Friday,Between Ossington Stn and Castle Frank Stn,General Delay,15,21,B/W,
2019-10-11,100,15:00:00,Friday,Between Broadview Stn and DonMills/Eglinton,General Delay,29,35,N/B,
2019-10-11,31,15:00:00,Friday,Green Wood Ave and  Danforth Ave,General Delay,10,20,N/B,
2019-10-11,7,15:09:00,Friday,Bathurst Station,Mechanical,8,16,N/B,8121
2019-10-11,116,15:10:00,Friday,Guildwood & Scarcliff,Mechanical,6,12,E/B,8904
2019-10-11,35,15:20:00,Friday,Jane Station,Investigation,9,16,N/B,3569
2019-10-11,37,15:30:00,Friday,Entire Route,General Delay,20,30,B/W,
2019-10-11,63,15:30:00,Friday,King at Atlantic,Utilized Off Route,5,10,N/B,8180
2019-10-11,76,15:35:00,Friday,Royal York and Evans,Utilized Off Route,6,11,N/B,7657
2019-10-11,719,15:36:00,Friday,Long branch to Humber loop,Utilized Off Route,1,1,bw,1379
2019-10-11,941,15:42:00,Friday,Keele Station,Utilized Off Route,15,30,N/B,1133
2019-10-11,110,15:45:00,Friday,Long Branch Loop,Utilized Off Route,24,48,N/B,8022
2019-10-11,34,15:49:00,Friday,Bermondsey to Laird drive,General Delay,8,28,B/W,
2019-10-11,12,15:49:00,Friday,Kingston and Lawrence,Mechanical,25,50,E/B,8514
2019-10-11,42,15:50:00,Friday,on McNicoll Ave and Don Mills Road,Diversion,68,83,WB,8392
2019-10-11,32,15:54:00,Friday,Old Park Rd and Eglinton,Investigation,11,22,W/B,1128
2019-10-11,29,15:54:00,Friday,Princes' Gates,Utilized Off Route,8,16,N/B,9031
2019-10-11,90,15:56:00,Friday,St.Clair West Station,Investigation,6,12,W/B,8711
2019-10-11,36,16:00:00,Friday,Route 36,General Delay,20,26,B/W,
2019-10-11,66,16:00:00,Friday,Entire Route,General Delay,25,33,B/W,
2019-10-11,53,16:00:00,Friday,Route 53,General Delay,20,25,B/W,
2019-10-11,44,16:00:00,Friday,Kipling Station to Colonel Samuel Smith Loop,General Delay,15,23,B/W,
2019-10-11,123,16:00:00,Friday,Kipling Station to Long Branch Loop,General Delay,15,31,B/W,
2019-10-11,29,16:01:00,Friday,Princes' Gates,Utilized Off Route,8,16,N/B,1086
2019-10-11,52,16:08:00,Friday,Terminal 3 Pearson Airport,Mechanical,14,21,EB,8184
2019-10-11,70,16:13:00,Friday,Craigton Drive,Mechanical,18,36,N/B,8832
2019-10-11,937,16:15:00,Friday,Steeles and Islington,Mechanical,12,24,S/B,8456
2019-10-11,85,16:30:00,Friday,Entire Route,General Delay,20,25,B/W,
2019-10-11,985,16:30:00,Friday,Entire Route,General Delay,25,30,B/W,
2019-10-11,143,16:36:00,Friday,Richmond and jarvis,Mechanical,25,50,E/B,8404
2019-10-11,944,16:39:00,Friday,"On Kipling, at Lakeshore",Utilized Off Route,9,18,N/B,8026
2019-10-11,29,16:58:00,Friday,Princess Gates,Diversion,152,160,S/B,
2019-10-11,52,17:00:00,Friday,Lawrence West Station,Mechanical,10,20,WB,8101
2019-10-11,121,17:00:00,Friday,Cherrybeach,Investigation,20,40,W/B,8525
2019-10-11,110,17:00:00,Friday,Islington and Bering ave,Diversion,180,186,B/W,
2019-10-11,145,17:00:00,Friday,Entire Route,General Delay,30,60,B/W,
2019-10-11,53,17:21:00,Friday,Finch stn,Mechanical,5,11,we,1593
2019-10-11,54,17:26:00,Friday,Eglinton Station,Mechanical,10,20,EB,8864
2019-10-11,927,17:35:00,Friday,Martin grove & Royalcrest,Mechanical,6,12,S/B,3572
2019-10-11,31,18:08:00,Friday,Greenwood Station,Investigation,10,20,N/B,8473
2019-10-11,995,18:15:00,Friday,YorkMills Stn,Mechanical,10,20,E/B,1337
2019-10-11,72,18:17:00,Friday,Pape Stn,Emergency Services,10,20,S/B,8547
2019-10-11,939,18:23:00,Friday,Kennedy and Finch,Mechanical,5,10,E/B,1706
2019-10-11,924,18:35:00,Friday,Victoria Park and Steeles Loop,Mechanical,10,20,B/W,8487
2019-10-11,53,18:54:00,Friday,Steeles & Middlefield,Mechanical,5,10,E/B,1403
2019-10-11,131,19:50:00,Friday,MCCOWN AND NUGGET,Investigation,13,26,E/B,1400
2019-10-11,118,19:58:00,Friday,Wilson Station to Thistledown,General Delay,20,45,bw,
2019-10-11,63,20:00:00,Friday,63 OSSINGTON,General Delay,20,30,B/W,
2019-10-11,939,20:00:00,Friday,Finch west station to Scarbrough town centre,General Delay,15,23,B/W,
2019-10-11,935,20:06:00,Friday,Pioneer Village Station,Mechanical,15,25,S/B,3552
2019-10-11,47,20:11:00,Friday,Yorkdale Station,Mechanical,20,40,S/B,1055
2019-10-11,96,20:30:00,Friday,YORK MILLS STATION,Mechanical,20,40,W/B,3208
2019-10-11,165,20:40:00,Friday,ALBION/WESTON,Investigation,10,20,E/B,3190
2019-10-11,125,20:48:00,Friday,Anitbes Drive and Bathurst St,Mechanical,15,30,Eb,8132
2019-10-11,900,21:52:00,Friday,"On Dundas, at The East Mall",Mechanical,10,20,E/B,8004
2019-10-11,995,22:06:00,Friday,Ellesmere & Victoria Park,Investigation,10,20,E/B,1291
2019-10-11,41,23:18:00,Friday,KEELE/LAWRENCE,Mechanical,14,28,N/B,9016
2019-10-11,17,23:50:00,Friday,Birchmount and Lawrence,Investigation,20,42,N/B,8958
2019-10-12,60,00:46:00,Saturday,Finch stn,Mechanical,17,34,W/B,3179
2019-10-12,39,01:47:00,Saturday,Finch and Doris Ave,Investigation,20,40,E/B,3414
2019-10-12,7,02:00:00,Saturday,Exhibition loop to Steeles,General Delay,15,45,B/W,
2019-10-12,320,02:08:00,Saturday,Yonge street and Queens Quay,Mechanical,4,8,N/B,8387
2019-10-12,37,02:20:00,Saturday,Islinton station,Vision,30,60,N/B,8612
2019-10-12,320,03:12:00,Saturday,Yonge and Carlton,Utilized Off Route,3,7,S/B,1027
2019-10-12,63,03:18:00,Saturday,Oakwood and Vaughan,Diversion,112,142,S/B,
2019-10-12,7,03:25:00,Saturday,Greenwin and Bathrust,Emergency Services,20,40,S,8329
2019-10-12,320,04:06:00,Saturday,Yonge and Queens Quay,Utilized Off Route,15,30,N/B,1275
2019-10-12,45,04:15:00,Saturday,Danforth and Danforth,Utilized Off Route,10,20,W/B,8611
2019-10-12,307,04:19:00,Saturday,Steeles and Bathurst,Investigation,20,40,N/B,8139
2019-10-12,45,04:20:00,Saturday,Burnhamthorpe and Hwy 427,Utilized Off Route,30,60,W/B,8611
2019-10-12,300,04:40:00,Saturday,Bloor and Riverside,Investigation,30,60,E/B,8606
2019-10-12,30,04:45:00,Saturday,Lambton and Jane,Investigation,10,20,E/B,8606
2019-10-12,73,04:46:00,Saturday,Kennedy Station,Utilized Off Route,10,20,E/B,8095
2019-10-12,37,05:29:00,Saturday,Islington and Steeles,Investigation,23,46,W/B,8448
2019-10-12,32,05:40:00,Saturday,On Eglinton at Kane Avew,Mechanical,10,20,E/B,1016
2019-10-12,85,07:15:00,Saturday,Toronto Zoo,Mechanical,7,15,E/B,3555
2019-10-12,106,07:20:00,Saturday,Sheppard West Stn,Utilized Off Route,11,22,N/B,8173
2019-10-12,105,07:20:00,Saturday,Sheppard West Stn,Mechanical,1,1,N/B,8304
2019-10-12,161,07:26:00,Saturday,Jane At Alliance,Mechanical,13,26,E/B,1618
2019-10-12,85,08:00:00,Saturday,Toronto Zoo,Mechanical,8,24,S/B,1320
2019-10-12,95,08:05:00,Saturday,Victoria Park and Ellesmere,Mechanical,7,14,E/B,1299
2019-10-12,112,08:07:00,Saturday,Disco Road & Attwel Dr,Mechanical,17,34,S/B,8090
2019-10-12,34,08:33:00,Saturday,Eglinton and Lebovic,Mechanical,17,34,E/B,8797
2019-10-12,29,08:35:00,Saturday,Wilson Stn,Mechanical,8,16,S/B,9043
2019-10-12,87,09:02:00,Saturday,Cosburn and Coxwell,Mechanical,10,20,W/B,3137
2019-10-12,716,09:50:00,Saturday,Kennedy Stn,Utilized Off Route,1,1,N/B,8471
2019-10-12,34,09:57:00,Saturday,Eglinton and Warden,Utilized Off Route,9,18,E/B,8720
2019-10-12,43,09:58:00,Saturday,Kennedy Station,Utilized Off Route,1,1,N/B,8937
2019-10-12,54,09:58:00,Saturday,Lawrence RT,Utilized Off Route,18,35,E/B,8890
2019-10-12,41,10:00:00,Saturday,Pioneer Village to Keele Station,General Delay,30,40,bw,
2019-10-12,42,10:00:00,Saturday,Cummer Route,General Delay,13,28,BW,0
2019-10-12,116,10:05:00,Saturday,Kennedy Station,Utilized Off Route,9,18,N/B,8839
2019-10-12,53,10:18:00,Saturday,Midland and Steeles,Diversion,8,16,E/B,3404
2019-10-12,90,10:30:00,Saturday,Oakwood and Vaughan,Mechanical,8,16,N/B,1246
2019-10-12,70,10:33:00,Saturday,Warden station,Investigation,22,44,W/B,8940
2019-10-12,94,10:40:00,Saturday,Ossington Station,Mechanical,12,24,W/B,1415
2019-10-12,60,10:54:00,Saturday,Pioneer Village Station,Mechanical,11,22,EB,3476
2019-10-12,22,11:10:00,Saturday,Coxwell & Queen St. E.,Investigation,9,18,S/B,8402
2019-10-12,68,11:46:00,Saturday,warden and st. clair,General Delay,10,20,E/B,8676
2019-10-12,900,11:55:00,Saturday,Kipling Station,Mechanical,7,14,S/B,8062
2019-10-12,100,12:00:00,Saturday,Entire route,General Delay,10,19,B/W,
2019-10-12,94,12:00:00,Saturday,Entire route,General Delay,15,30,B/W,
2019-10-12,87,12:00:00,Saturday,Entire route,General Delay,10,20,B/W,
2019-10-12,2,12:09:00,Saturday,Anette st and Weston rd.,Investigation,1,1,E/B,9109
2019-10-12,17,12:17:00,Saturday,warden station,Investigation,15,30,W/B,8945
2019-10-12,169,12:47:00,Saturday,commander and huntingwood,Investigation,1,1,W/B,1351
2019-10-12,41,12:57:00,Saturday,Eglinton and Keele,Mechanical,10,18,N/B,1086
2019-10-12,32,13:00:00,Saturday,Renforth to Eglinton Station,General Delay,25,35,bw,
2019-10-12,935,13:00:00,Saturday,Entire route,General Delay,20,30,B/W,
2019-10-12,35,13:00:00,Saturday,Entire route,General Delay,20,27,B/W,
2019-10-12,60,13:00:00,Saturday,Steeles West Route,General Delay,15,24,BW,0
2019-10-12,168,13:18:00,Saturday,Old Weston & Turnberry,Diversion,50,58,B/W,
2019-10-12,41,13:29:00,Saturday,Old Weston Road and Turnberry,Diversion,28,38,N/B,
2019-10-12,23,13:30:00,Saturday,23 Dawes route,General Delay,1,1,B/W,
2019-10-12,16,14:09:00,Saturday,mccown elesmere,Investigation,10,20,W/B,3138
2019-10-12,165,14:26:00,Saturday,Weston at Fenmar,Diversion,146,154,N/B,3317
2019-10-12,116,15:02:00,Saturday,Neilson and morning side,Investigation,7,15,W/B,8675
2019-10-12,925,15:08:00,Saturday,Pape Station,Mechanical,10,20,B/W,8763
2019-10-12,37,15:10:00,Saturday,HWLP - Humberwood loop,Mechanical,14,28,S/B,8082
2019-10-12,131,15:40:00,Saturday,Scarboro town center,Mechanical,14,28,W/B,1343
2019-10-12,32,15:44:00,Saturday,Emmitt,Mechanical,25,50,E/B,1137
2019-10-12,40,15:48:00,Saturday,Dundas & Clendenan,Investigation,10,20,W/B,8066
2019-10-12,54,15:50:00,Saturday,Lawrence RT,Mechanical,13,26,E/B,8712
2019-10-12,66,16:00:00,Saturday,Entire Route,General Delay,20,30,B/W,
2019-10-12,39,16:00:00,Saturday,Route 39,General Delay,17,22,B/W,
2019-10-12,53,16:00:00,Saturday,Route 53,General Delay,15,20,B/W,
2019-10-12,30,16:00:00,Saturday,Entire Route,General Delay,20,30,B/W,
2019-10-12,71,16:00:00,Saturday,Entire Route,General Delay,15,30,B/W,
2019-10-12,73,16:00:00,Saturday,Entire Route,General Delay,15,25,B/W,
2019-10-12,76,16:00:00,Saturday,Entire Route,General Delay,20,30,B/W,
2019-10-12,123,16:00:00,Saturday,Entire Route,General Delay,20,30,B/W,
2019-10-12,57,16:03:00,Saturday,Midland & Ellesmere,Diversion,30,44,S/B,8752
2019-10-12,165,16:18:00,Saturday,Wilson Station,Investigation,8,16,W/B,3319
2019-10-12,36,16:18:00,Saturday,Finch W & Bathurst,Investigation,5,11,W/B,3265
2019-10-12,7,16:30:00,Saturday,Southbound Bathurst from Eglinton,General Delay,15,22,S/B,
2019-10-12,85,17:04:00,Saturday,HWY 404 and Sheppard,Mechanical,5,10,E/B,1639
2019-10-12,7,17:13:00,Saturday,Bathurst Station,Mechanical,8,15,S/B,8327
2019-10-12,80,17:15:00,Saturday,Lakeshore & Parkside,General Delay,24,50,B/W,
2019-10-12,89,17:30:00,Saturday,St.Clair and Keel,General Delay,31,41,B/W,
2019-10-12,40,17:30:00,Saturday,Dundas West Station & Bloor,General Delay,22,32,B/W,
2019-10-12,168,17:30:00,Saturday,Dundas West Station & Bloor,General Delay,15,23,B/W,
2019-10-12,131,17:34:00,Saturday,Scarboro town center,Mechanical,14,28,W/B,3555
2019-10-12,126,18:12:00,Saturday,Christie and Yarmouth,Investigation,30,60,N/B,1356
2019-10-12,52,18:17:00,Saturday,LAWRENCE WEST STATION,Mechanical,17,34,W/B,8354
2019-10-12,69,18:33:00,Saturday,Warden Stn,Mechanical,10,20,N/B,9217
2019-10-12,129,18:57:00,Saturday,McCowan & Steeles,Mechanical,6,18,S/B,3469
2019-10-12,118,19:00:00,Saturday,Wilson Station to Thistledown and Albion,General Delay,45,75,B/W,
2019-10-12,96,19:00:00,Saturday,York Mills Station to all branches,General Delay,40,60,B/W,
2019-10-12,165,19:00:00,Saturday,Barmac and Steeles to York Mills Station,General Delay,23,31,B/W,
2019-10-12,161,19:06:00,Saturday,Ossington Station to Jane and Alliance,General Delay,35,50,B/W,
2019-10-12,102,19:10:00,Saturday,Warden Station,Mechanical,10,20,N/B,8562
2019-10-12,68,19:45:00,Saturday,Warden & Enterprise,Diversion,36,77,N/B,8823
2019-10-12,96,19:47:00,Saturday,Humber College,Mechanical,18,20,W/B,3705
2019-10-12,66,20:00:00,Saturday,Old mills attion to Humber loop,General Delay,15,30,B/W,
2019-10-12,24,20:05:00,Saturday,Vic park Station,Mechanical,6,12,B/W,8496
2019-10-12,73,20:27:00,Saturday,Hwy 27 and Albion,Investigation,20,40,S/B,8033
2019-10-12,24,20:39:00,Saturday,Victoria Park Station,Utilized Off Route,9,18,N/B,8523
2019-10-12,35,20:42:00,Saturday,Pioneer village station,Investigation,7,14,E/B,3563
2019-10-12,32,20:53:00,Saturday,Scarlett and Eglinton,Mechanical,10,20,W/B,1273
2019-10-12,54,21:00:00,Saturday,54- LAWRENCE EAST,General Delay,20,40,B/W,
2019-10-12,85,21:39:00,Saturday,Don mills station,Mechanical,5,10,E/B,1573
2019-10-12,45,21:40:00,Saturday,Kipling station,Utilized Off Route,10,20,N/B,8605
2019-10-12,52,21:40:00,Saturday,LAWRENCE STATION,Mechanical,1,1,E/B,8351
2019-10-12,76,21:40:00,Saturday,Royal york station,Utilized Off Route,10,20,S/B,8089
2019-10-12,35,21:49:00,Saturday,Jane and Finch,Mechanical,7,14,E/B,3563
2019-10-12,22,22:28:00,Saturday,Coxwell Station,Investigation,10,20,B/W,8533
2019-10-12,84,23:10:00,Saturday,BATHURST/SHEPPARD,Emergency Services,10,20,E/B,3264
2019-10-12,39,23:14:00,Saturday,Finch and Doris,Mechanical,15,30,E/B,1393
2019-10-12,16,23:25:00,Saturday,Warden Station,Investigation,15,30,N/B,3138
2019-10-13,60,01:00:00,Sunday,Pioneer Village station,General Delay,10,20,BW,3220
2019-10-13,22,01:00:00,Sunday,BRGA,Utilized Off Route,10,20,B/W,8496
2019-10-13,85,01:46:00,Sunday,Don mills station,Mechanical,20,40,E/B,1550
2019-10-13,343,03:46:00,Sunday,Kennedy and Bertrand,Investigation,28,56,NB,8828
2019-10-13,8,07:32:00,Sunday,Broadview/Plains,Mechanical,,15,W/B,8550
2019-10-13,22,07:47:00,Sunday,COXWELL / Coxwell Station,Investigation,10,20,S/B,8949
2019-10-13,984,08:22:00,Sunday,Sheppard Staion,Mechanical,13,26,W/B,3288
2019-10-13,88,08:30:00,Sunday,St. Clair Station,Mechanical,20,40,E/B,8357
2019-10-13,716,08:45:00,Sunday,Victoria Park,Utilized Off Route,1,1,B/W,8561
2019-10-13,63,08:47:00,Sunday,Eglinton West Station,Mechanical,10,20,S/B,8378
2019-10-13,86,08:47:00,Sunday,Kennedy Station,Utilized Off Route,8,16,NB,8925
2019-10-13,939,08:49:00,Sunday,Scarborough Town Centre,Utilized Off Route,8,16,W/B,1313
2019-10-13,43,08:54:00,Sunday,Kennedy STN,Utilized Off Route,10,20,N/B,8652
2019-10-13,34,09:00:00,Sunday,Kennedy Station,Utilized Off Route,10,20,W/B,8903
2019-10-13,116,09:03:00,Sunday,Kennedy Station,Utilized Off Route,8,16,E/B,8643
2019-10-13,102,09:10:00,Sunday,Warden STN,Utilized Off Route,10,20,E/B,9235
2019-10-13,86,09:10:00,Sunday,Kennedy station,Utilized Off Route,8,16,E/B,8663
2019-10-13,52,10:04:00,Sunday,Lawrence West Station,Utilized Off Route,10,20,W/B,8134
2019-10-13,89,10:30:00,Sunday,Entire Route,General Delay,18,28,B/W,
2019-10-13,11,10:35:00,Sunday,Davisville Stn.,Utilized Off Route,40,60,N/B,8382
2019-10-13,34,10:58:00,Sunday,Eglinton Station,Mechanical,9,17,E/B,8816
2019-10-13,133,10:59:00,Sunday,Staines,Mechanical,10,20,S/B,3469
2019-10-13,939,11:00:00,Sunday,Finch and Kennedy,Mechanical,8,16,E/B,1730
2019-10-13,67,11:15:00,Sunday,PHARMACY NORTH / Pharmacy and Ellesmere,Diversion,1,1,B/W,8702
2019-10-13,95,11:22:00,Sunday,Pharmacy and Ellesmere,Diversion,1,1,B/W,
2019-10-13,984,11:40:00,Sunday,Brentwood Ave and Sheppard west st,Investigation,13,26,E/B,3246
2019-10-13,53,12:07:00,Sunday,finch stn,Investigation,10,20,,3434
2019-10-13,60,12:10:00,Sunday,Pioneer Village Station,Mechanical,11,22,EB,3328
2019-10-13,94,12:47:00,Sunday,Wellsley Stn,Investigation,13,26,E/B,1130
2019-10-13,85,13:29:00,Sunday,Toronto Zoo,Mechanical,6,12,N/B,1311
2019-10-13,102,13:38:00,Sunday,Warden Station,Mechanical,10,20,S/B,3129
2019-10-13,38,13:46:00,Sunday,Military Trail and Watson,Mechanical,10,20,E/B,1232
2019-10-13,110,14:00:00,Sunday,Islington stn,Mechanical,20,40,S/B,8068
2019-10-13,47,14:06:00,Sunday,Earlcourt Loop,Mechanical,18,36,B/W,1145
2019-10-13,29,14:10:00,Sunday,Dufferin and Glen Park,Mechanical,5,10,S/B,9011
2019-10-13,116,14:35:00,Sunday,Kennedy Station,Mechanical,6,12,E/B,8626
2019-10-13,168,14:40:00,Sunday,Avon Loop,Mechanical,8,16,S/B,1091
2019-10-13,41,14:48:00,Sunday,Keele Station,Mechanical,11,22,S/B,1045
2019-10-13,935,14:57:00,Sunday,Jane and Finch,Mechanical,8,16,S/B,3290
2019-10-13,34,15:23:00,Sunday,Kenn,Mechanical,8,17,W/B,8847
2019-10-13,169,15:25:00,Sunday,Don Mills Station,Mechanical,30,60,E/B,1342
2019-10-13,11,15:58:00,Sunday,Bayview and Bayview Mews,Diversion,561,576,B/W,8382
2019-10-13,89,16:20:00,Sunday,Weston and Eglinton,Mechanical,10,20,N/B,1058
2019-10-13,25,16:21:00,Sunday,Don Mills/Fairview Mall Dr,Diversion,18,27,S/B,8691
2019-10-13,96,16:29:00,Sunday,York Mills Station,Investigation,20,40,W/B,3312
2019-10-13,43,16:49:00,Sunday,Kennedy Station,Mechanical,10,20,N/B,8652
2019-10-13,87,16:57:00,Sunday,E.Y Acres,Diversion,1,1,W/B,8943
2019-10-13,7,17:14:00,Sunday,Greenwin and Bathurst,Mechanical,7,14,S/B,8111
2019-10-13,29,17:40:00,Sunday,Dufferin and Orfus,Investigation,4,8,S/B,9049
2019-10-13,60,17:46:00,Sunday,Finch Station,Mechanical,10,20,WB,3328
2019-10-13,47,18:23:00,Sunday,Queen / Lansdowne,Mechanical,18,36,N/B,1287
2019-10-13,2,19:02:00,Sunday,between coxwell and woodbine,Investigation,1,1,E/B,9108
2019-10-13,36,19:06:00,Sunday,Arrow,Mechanical,5,10,W/B,3479
2019-10-13,2,19:30:00,Sunday,St George Stn,Investigation,1,1,E/B,1052
2019-10-13,32,19:36:00,Sunday,Renforth Station,Mechanical,10,20,W/B,1536
2019-10-13,719,19:45:00,Sunday,Eglinton Station,Mechanical,1,1,B/W,1614
2019-10-13,60,20:14:00,Sunday,Steeles and Murry Ross,Investigation,14,28,E/B,3249
2019-10-13,102,20:20:00,Sunday,Warden Station,Mechanical,10,20,N/B,8549
2019-10-13,189,20:38:00,Sunday,St.Clari and Jane,Mechanical,22,44,S/B,8002
2019-10-13,2,20:50:00,Sunday,Castle frank stn,Investigation,1,1,E/B,9107
2019-10-13,42,20:59:00,Sunday,Markham,Mechanical,20,40,W/B,8108
2019-10-13,20,21:16:00,Sunday,Midland & Verdun Ave,Mechanical,27,54,S/B,9207
2019-10-13,87,21:20:00,Sunday,Broadview Ave & Bater Ave,Investigation,10,20,N/B,8473
2019-10-13,67,21:25:00,Sunday,VICTORIA PK STATION,Investigation,24,48,N/B,8689
2019-10-13,37,21:52:00,Sunday,Eglinton and Islington,Investigation,30,60,N/B,8444
2019-10-13,24,22:17:00,Sunday,VICTORIA PARK & STEELS,Diversion,1,,S/B,
2019-10-13,2,22:37:00,Sunday,kennedy station,Mechanical,1,1,E/B,3423
2019-10-13,66,22:55:00,Sunday,162 Berry street,Investigation,30,60,N/B,8046
2019-10-13,25,23:05:00,Sunday,Don Mills and Godstone rd,Investigation,10,20,B/W,8682
2019-10-13,2,23:05:00,Sunday,St George Station.,Mechanical,1,1,E/B,8092
2019-10-13,39,23:14:00,Sunday,Finch and Warden,Mechanical,20,40,W/B,3433
2019-10-13,31,23:20:00,Sunday,Greenwood Station,Emergency Services,0,1,N/B,3122
2019-10-13,32,23:30:00,Sunday,Eglinton West Station,Mechanical,30,60,W/B,1203
2019-10-14,11,01:35:00,Monday,Steeles loop.,Mechanical,15,30,E/B,8348
2019-10-14,312,05:13:00,Monday,St Clair stn,Utilized Off Route,0,0,E/B,1010
2019-10-14,329,05:13:00,Monday,Princess gate,Utilized Off Route,30,60,N/B,9017
2019-10-14,29,05:23:00,Monday,Excibition Loop,Utilized Off Route,28,28,S/B,9017
2019-10-14,36,05:26:00,Monday,Finch stn,Utilized Off Route,10,25,W/B,3299
2019-10-14,72,05:35:00,Monday,BRGA,Utilized Off Route,17,35,B/W,8492
2019-10-14,39,05:37:00,Monday,McCowan and Sheppard POD Finch stn,Utilized Off Route,9,17,W/B,3532
2019-10-14,116,05:38:00,Monday,Kennedy station,Utilized Off Route,22,44,N/B,8759
2019-10-14,52,05:40:00,Monday,Avenue Road and Lawrence,Utilized Off Route,6,24,W/B,1236
2019-10-14,32,05:44:00,Monday,Renforth Station,Utilized Off Route,30,60,E/B,1261
2019-10-14,32,05:44:00,Monday,Renforth St,Mechanical,30,60,E/B,1261
2019-10-14,53,05:49:00,Monday,Malvern Garage POD Passmore & Markham,Utilized Off Route,19,,W/B,1533
2019-10-14,29,06:12:00,Monday,Dufferin and Lawrence,Investigation,10,20,S/B,9044
2019-10-14,72,06:50:00,Monday,Hazelwood ave and Pape,Mechanical,17,35,B/W,8566
2019-10-14,52,07:50:00,Monday,Martin Grove and The Westway,Mechanical,15,30,E/B,1302
2019-10-14,105,09:25:00,Monday,Sheppard West Station,Mechanical,15,30,W/B,8364
2019-10-14,102,09:45:00,Monday,steels and markham,Mechanical,10,20,S/B,8494
2019-10-14,34,09:46:00,Monday,Don mills and Eglinton,Emergency Services,17,29,W/B,8847
2019-10-14,108,12:00:00,Monday,Grandview and Sentianal,Investigation,10,20,,3565
2019-10-14,108,12:00:00,Monday,Grandview /santinal,Diversion,53,63,,3565
2019-10-14,106,12:20:00,Monday,Grandreviene and Sentinel Rd,Diversion,32,42,B/W,
2019-10-14,109,12:22:00,Monday,Verna Drive / Leila Ln,Investigation,50,100,S/B,8358
2019-10-14,7,12:25:00,Monday,Bathurst/Wilson,Vision,7,14,N/B,1288
2019-10-14,86,12:30:00,Monday,Laerverly trail and Meadowvale,Diversion,16,24,N/B,
2019-10-14,939,12:33:00,Monday,Finch Station,Mechanical,16,32,E/B,1299
2019-10-14,25,13:38:00,Monday,Freshmeadow at Don Mills,Mechanical,9,18,S/B,8638
2019-10-14,900,13:45:00,Monday,Kipling Station,Mechanical,5,10,N/B,8000
2019-10-14,33,14:30:00,Monday,St. Clair West Stn.,Mechanical,20,20,N/B,8122
2019-10-14,90,14:30:00,Monday,St. Clair West Stn,Utilized Off Route,8,16,N/B,1344
2019-10-14,9,14:37:00,Monday,Warden Station,Mechanical,30,60,N/B,3105
2019-10-14,110,14:55:00,Monday,Longbranch Loop,Mechanical,20,40,N/B,8462
2019-10-14,68,15:57:00,Monday,Steeles Avenue E and Warden,Investigation,30,60,S/B,8905
2019-10-14,37,16:08:00,Monday,Islington Station,Investigation,12,24,N/B,7955
2019-10-14,134,16:20:00,Monday,Finchdene Square & Finch,Investigation,15,30,W/B,3428
2019-10-14,40,17:28:00,Monday,Dundas West Station,Utilized Off Route,15,30,S/B,8081
2019-10-14,70,17:45:00,Monday,Coxwell station,Mechanical,10,10,W/B,8896
2019-10-14,39,18:06:00,Monday,Finch station,Mechanical,6,12,E/B,3435
2019-10-14,73,18:49:00,Monday,Anglesey  and Royal York,Mechanical,30,60,N/B,8044
2019-10-14,125,19:02:00,Monday,Finch Station,Mechanical,15,29,Bus placed back in service at Finch station for,8184
2019-10-14,36,19:17:00,Monday,Finch and Arrow,Mechanical,7,14,E/B,3328
2019-10-14,42,19:20:00,Monday,Finch Station,Utilized Off Route,20,40,E/B,1212
2019-10-14,40,19:50:00,Monday,Mabelle Ave.,Diversion,35,47,B/W,
2019-10-14,16,20:59:00,Monday,Warden Station,Investigation,24,48,N/B,8584
2019-10-14,36,21:00:00,Monday,Finch station,Mechanical,7,14,W/B,3179
2019-10-14,7,21:10:00,Monday,bathurst and wilson,Mechanical,8,15,S/B,8101
2019-10-14,71,21:45:00,Monday,Runnymede Station,Mechanical,15,30,S/B,1618
2019-10-14,7,22:10:00,Monday,bathurst station,Emergency Services,8,15,S/B,8187
2019-10-14,60,22:45:00,Monday,Pioneer station,Mechanical,9,18,W/B,3262
2019-10-14,52,22:49:00,Monday,Lawrence Stn,Investigation,20,40,,8157
2019-10-14,60,23:00:00,Monday,Finch station,Mechanical,9,18,W/B,3492
2019-10-15,36,00:10:00,Tuesday,Humberwood Loop,Mechanical,10,20,E/B,3172
2019-10-15,63,00:20:00,Tuesday,eglinton west station,Utilized Off Route,10,20,N/B,8363
2019-10-15,320,01:45:00,Tuesday,Yonge and Lakeshore,Diversion,240,240,N/B,
2019-10-15,29,02:20:00,Tuesday,Eglinton and Dufferin,Mechanical,14,28,N/B,9046
2019-10-15,343,02:43:00,Tuesday,Kennedy and Passmore,Emergency Services,30,60,N/B,8716
2019-10-15,300,03:30:00,Tuesday,Danforth/Coxwell,General Delay,20,40,B/W,
2019-10-15,36,05:00:00,Tuesday,Finch & Dufferin,Diversion,720,725,EB,
2019-10-15,21,05:05:00,Tuesday,Scarborough Town Center,Mechanical,20,20,S/B,1662
2019-10-15,939,05:09:00,Tuesday,Dufferin & Finch,Diversion,740,750,B/W,
2019-10-15,20,05:29:00,Tuesday,Midland/Verdun,Investigation,20,20,S/B,3138
2019-10-15,44,05:31:00,Tuesday,Kipling Station,Mechanical,15,30,SB,8083
2019-10-15,104,05:40:00,Tuesday,Dufferin/Finch,Diversion,20,35,B/W,
2019-10-15,105,05:40:00,Tuesday,Dufferin/Finch,Diversion,15,30,B/W,
2019-10-15,87,05:43:00,Tuesday,Broadview and Mortimer,Mechanical,6,13,B/W,8758
2019-10-15,122,06:07:00,Tuesday,Transit and Wilson,Mechanical,11,23,S/B,8205
2019-10-15,32,06:08:00,Tuesday,Pine and Lawrence,Mechanical,7,14,E/B,1135
2019-10-15,47,06:15:00,Tuesday,Caledonia and Rogers,Investigation,19,38,N/B,1114
2019-10-15,35,06:36:00,Tuesday,Pioneer Village Station,Mechanical,9,18,S/B,3185
2019-10-15,39,07:00:00,Tuesday,Route 39,General Delay,15,23,B/W,
2019-10-15,602,07:04:00,Tuesday,Royal York stn,Utilized Off Route,0,0,W/B,8060
2019-10-15,941,07:04:00,Tuesday,Keele stn,Investigation,8,16,S/B,1023
2019-10-15,7,07:20:00,Tuesday,Steeles,Diversion,8,16,S/B,8380
2019-10-15,7,07:25:00,Tuesday,Bathurst stn,Emergency Services,8,16,N/B,1387
2019-10-15,105,07:30:00,Tuesday,Entire route,General Delay,555,610,B/W,
2019-10-15,117,07:30:00,Tuesday,Entire route,General Delay,660,675,B/W,
2019-10-15,54,07:30:00,Tuesday,Eglinton and Markham,Mechanical,8,16,E/B,8648
2019-10-15,42,07:35:00,Tuesday,Snowcrest Ave and Cummer Ave,Utilized Off Route,1,1,WB,8159
2019-10-15,986,07:57:00,Tuesday,Beachell and Eglinton,Investigation,5,10,W/B,8635
2019-10-15,55,07:57:00,Tuesday,Old Mill Station,Mechanical,16,32,N/B,1002
2019-10-15,60,08:00:00,Tuesday,Steeles West Route,General Delay,20,29,BW,0
2019-10-15,925,08:00:00,Tuesday,Entire route,General Delay,15,25,N/B,
2019-10-15,900,08:15:00,Tuesday,Dundas St W & East Mall,Investigation,9,18,E/B,8006
2019-10-15,941,08:24:00,Tuesday,Keele stn,Mechanical,14,28,N/B,9048
2019-10-15,121,08:36:00,Tuesday,Front st and Cherry,Mechanical,12,24,B/W,8561
2019-10-15,989,09:00:00,Tuesday,Weston Rd & Sidney Belsey Cres,Investigation,14,28,S/B,1009
2019-10-15,45,09:00:00,Tuesday,Disco/Atwell and Kipling Station,General Delay,15,37,B/W,8047
2019-10-15,54,09:17:00,Tuesday,Don Mills and Eglinton,Investigation,8,16,E/B,8674
2019-10-15,610,09:18:00,Tuesday,CRAIGTON/PHARMACY,Mechanical,1,1,W/B,8938
2019-10-15,46,09:30:00,Tuesday,Kipling & Rathburn,Investigation,11,22,N/B,3705
2019-10-15,15,09:35:00,Tuesday,Queensway Garage,Investigation,1,1,N/A,8009
2019-10-15,25,09:42:00,Tuesday,McNicoll Ave,Emergency Services,8,16,N/B,8702
2019-10-15,23,09:46:00,Tuesday,Dawes/Danforth Ave,Diversion,167,177,B/W,8554
2019-10-15,6,10:15:00,Tuesday,Bay and King,Investigation,12,24,B/W,1010
2019-10-15,701,10:15:00,Tuesday,Drewry Route,Utilized Off Route,1,1,NB,8159
2019-10-15,116,10:15:00,Tuesday,Conlins and Canmore,Diversion,290,315,B/W,
2019-10-15,94,10:35:00,Tuesday,Ossington Station,Mechanical,14,28,B/W,1047
2019-10-15,52,11:07:00,Tuesday,Lawrence Ave West at Elms St.,Investigation,14,27,W/B,8360
2019-10-15,36,11:19:00,Tuesday,Humber College and Humber college Blvd,Mechanical,5,10,W/B,9133
2019-10-15,120,11:21:00,Tuesday,Wilson station,Mechanical,25,50,W/B,3329
2019-10-15,996,11:36:00,Tuesday,Humber College loop,Mechanical,12,24,W/B,3491
2019-10-15,85,12:19:00,Tuesday,Don Mills Station,Mechanical,23,46,E/B,1322
2019-10-15,985,12:24:00,Tuesday,Scarborough Town Centre,Mechanical,12,24,N/B,9093
2019-10-15,76,12:33:00,Tuesday,Royal York and Hornell St.,Investigation,10,20,S/B,8053
2019-10-15,939,13:24:00,Tuesday,Scarborough town center,Mechanical,8,17,W/B,1322
2019-10-15,42,13:50:00,Tuesday,Leslie/McNicoll,Diversion,15,30,W/B,8158
2019-10-15,84,13:50:00,Tuesday,Sheppard Ave West at Maxwell St,Mechanical,8,16,E/B,3504
2019-10-15,40,13:50:00,Tuesday,Edna/Dundas,Mechanical,20,40,E/B,7975
2019-10-15,64,14:00:00,Tuesday,64 Main Street Route,General Delay,10,20,B/W,8409
2019-10-15,70,14:00:00,Tuesday,victoria park and Eglintion,General Delay,12,24,B/W,
2019-10-15,41,14:02:00,Tuesday,Keele Stn,Vision,12,24,N/B,9016
2019-10-15,110,14:06:00,Tuesday,Islington Station,Investigation,12,24,N/B,7976
2019-10-15,38,14:29:00,Tuesday,Ellesmere,Investigation,12,24,E/B,1706
2019-10-15,25,14:30:00,Tuesday,pape stn,General Delay,7,14,B/W,
2019-10-15,68,14:35:00,Tuesday,Warden at Hwy 7,Diversion,20,35,B/W,
2019-10-15,44,14:40:00,Tuesday,Kipling Station,Mechanical,7,13,S/B,7963
2019-10-15,54,14:49:00,Tuesday,Eglinton station,Mechanical,10,20,E/B,8633
2019-10-15,925,15:00:00,Tuesday,pape station,General Delay,10,20,B/W,
2019-10-15,72,15:00:00,Tuesday,Pape Station - Front at Bay,General Delay,20,30,B/W,
2019-10-15,121,15:00:00,Tuesday,Mill st at Cherry - Princes' Gates,General Delay,20,30,B/W,
2019-10-15,85,15:00:00,Tuesday,Brimley and Sheppard Ave,General Delay,1,1,B/W,
2019-10-15,985,15:00:00,Tuesday,Brimley and Sheppard Ave,General Delay,330,340,B/W,
2019-10-15,63,15:35:00,Tuesday,Ossington Stn,Utilized Off Route,4,9,S/B,8358
2019-10-15,53,16:00:00,Tuesday,53 Steeles Route,General Delay,6,12,B/W,0
2019-10-15,36,16:00:00,Tuesday,Finch west,General Delay,5,10,B/W,0
2019-10-15,23,16:00:00,Tuesday,23 Dawes Rd route,General Delay,10,20,B/W,
2019-10-15,953,16:00:00,Tuesday,953 Steeles express,General Delay,15,30,B/W,0
2019-10-15,31,16:08:00,Tuesday,greenwood stn,Investigation,15,30,B/W,3111
2019-10-15,600,16:13:00,Tuesday,Dundas West Station,Investigation,20,40,E/B,8447
2019-10-15,168,16:13:00,Tuesday,Dundas West Station,Investigation,1,1,E/B,1421
2019-10-15,39,16:15:00,Tuesday,Sewell and Little,Mechanical,15,30,W/B,1703
2019-10-15,54,16:17:00,Tuesday,lawerence and yonge,General Delay,9,18,E/B,8815
2019-10-15,52,16:25:00,Tuesday,Dixon at Attwell,Mechanical,1,1,E/B,1370
2019-10-15,86,16:25:00,Tuesday,Eglinton & Markham,Mechanical,16,32,E/B,8843
2019-10-15,29,16:30:00,Tuesday,From Springhurst loop to Princess Gate Loop,Diversion,8,308,S/B,
2019-10-15,73,16:44:00,Tuesday,Albion and Islington,Investigation,24,48,S/B,8612
2019-10-15,124,16:46:00,Tuesday,lawerence and yonge,Mechanical,9,18,E/B,8317
2019-10-15,42,16:50:00,Tuesday,Goodyear/Mcnicoll,Investigation,15,30,W/B,8215
2019-10-15,60,16:55:00,Tuesday,Signal Hill/Steeles,Mechanical,9,17,E/B,3231
2019-10-15,97,17:00:00,Tuesday,Hilda and Steeles to Queens Quay,General Delay,45,60,B/W,
2019-10-15,6,17:00:00,Tuesday,"Bay at King, Bay at Queen",Diversion,60,70,B/W,
2019-10-15,165,17:24:00,Tuesday,york mills station,Investigation,18,36,W/B,3233
2019-10-15,995,17:27:00,Tuesday,York Mills Station,Investigation,11,21,E/B,1710
2019-10-15,52,17:31:00,Tuesday,Lawrence West Station,Mechanical,13,26,W/B,8316
2019-10-15,12,17:43:00,Tuesday,Danforth & Victoria Park,Investigation,20,40,N/B,8582
2019-10-15,45,17:50:00,Tuesday,Kipling & Kingsway,Diversion,1,1,W/B,8016
2019-10-15,945,17:50:00,Tuesday,Kipling & Kingsway,Diversion,1,1,B/W,8617
2019-10-15,80,17:50:00,Tuesday,Sherway Gardens,Mechanical,14,38,E/B,8610
2019-10-15,6,17:54:00,Tuesday,Dupont at Davenport,Mechanical,8,16,S/B,1075
2019-10-15,143,17:56:00,Tuesday,Adelaide & University,Investigation,1,1,E/B,8551
2019-10-15,37,18:05:00,Tuesday,Islington and Finch,Investigation,12,24,S/B,8080
2019-10-15,76,18:15:00,Tuesday,Royal York and Melrose,Mechanical,6,12,S/B,7974
2019-10-15,984,18:23:00,Tuesday,Weston at Bradstock,Mechanical,9,18,E/B,3328
2019-10-15,927,18:30:00,Tuesday,Royal Crest/ Highway 27,Mechanical,6,12,N/B,3193
2019-10-15,927,18:40:00,Tuesday,Kipling/Eglinton,Emergency Services,10,20,S/B,3161
2019-10-15,36,18:47:00,Tuesday,Finch West Station,Mechanical,4,8,W/B,9114
2019-10-15,116,18:48:00,Tuesday,Morningside & Kingston,Investigation,7,14,N/B,8667
2019-10-15,66,19:17:00,Tuesday,Old mill,Mechanical,10,20,S/B,8436
2019-10-15,952,19:20:00,Tuesday,Dixon at Kipling,Investigation,12,1,E/B,8140
2019-10-15,24,19:45:00,Tuesday,Victoria Park & Eglinton,Mechanical,7,15,S/B,8574
2019-10-15,945,19:45:00,Tuesday,Kipling & Steeles loop,Emergency Services,11,22,S/B,8611
2019-10-15,116,20:15:00,Tuesday,Morningside & Lawerence,Diversion,5,14,N/B,8684
2019-10-15,29,20:19:00,Tuesday,wilson station,Mechanical,8,16,N/B,9012
2019-10-15,36,20:50:00,Tuesday,Finch west station,Mechanical,8,16,W/B,9129
2019-10-15,32,21:20:00,Tuesday,west of martingrove and eglinton,Diversion,20,48,W/B,
2019-10-15,6,21:32:00,Tuesday,Bay & Front E.,Investigation,26,46,S/B,1010
2019-10-15,54,21:40:00,Tuesday,Lawrence at Don Mills,Mechanical,14,28,W/B,8724
2019-10-15,36,22:00:00,Tuesday,Finch and Islington,Diversion,10,20,W/B,0
2019-10-15,54,22:30:00,Tuesday,Eglinton Station,Utilized Off Route,14,28,E/B,8748
2019-10-15,6,23:10:00,Tuesday,Bay & Lakeshore,Diversion,156,186,S/B,1560
2019-10-15,72,23:38:00,Tuesday,Bay & Lakeshore,Diversion,151,165,BW,3134
2019-10-16,54,00:05:00,Wednesday,Eglinton Station,Emergency Services,20,40,E/B,8764
2019-10-16,16,00:10:00,Wednesday,Scarbourgh Town Center,Emergency Services,17,34,S/B,8529
2019-10-16,102,00:40:00,Wednesday,Warden Station,Utilized Off Route,16,32,N/B,3159
2019-10-16,100,00:47:00,Wednesday,Broadview Station,Mechanical,10,20,N/B,8753
2019-10-16,36,00:55:00,Wednesday,Finch and Hwy 27,Diversion,13,26,E/B,0
2019-10-16,32,01:17:00,Wednesday,eglinton west station,Mechanical,11,22,W/B,1147
2019-10-16,320,01:35:00,Wednesday,Bay & Lakeshore,Diversion,292,298,S/B,1259
2019-10-16,53,01:55:00,Wednesday,Steeles and Markham,Mechanical,10,20,W/B,3459
2019-10-16,54,02:12:00,Wednesday,Lawrence and Birchmount,Emergency Services,10,20,E/B,8648
2019-10-16,925,03:00:00,Wednesday,steeles and Fresh Meadow,General Delay,10,20,,
2019-10-16,300,03:30:00,Wednesday,Entire Route,General Delay,25,45,BW,
2019-10-16,320,03:50:00,Wednesday,Avenue/Queenspark,Mechanical,4,8,N/B,8209
2019-10-16,601,04:45:00,Wednesday,EGLINTON STATION,Utilized Off Route,1,1,S/B,1215
2019-10-16,704,04:45:00,Wednesday,Arrow garage,Utilized Off Route,,,S/B,3346
2019-10-16,701,04:48:00,Wednesday,Wilson garage,Utilized Off Route,,,S/B,8212
2019-10-16,601,04:54:00,Wednesday,Wilson garage,Utilized Off Route,,,S/B,1219
2019-10-16,601,04:55:00,Wednesday,WILSON GARAGE,Utilized Off Route,1,1,B/W,1219
2019-10-16,300,05:15:00,Wednesday,Broadview Station,Mechanical,20,40,WB,8459
2019-10-16,90,05:16:00,Wednesday,St. Clair West Station,Mechanical,8,15,S/B,8127
2019-10-16,41,05:19:00,Wednesday,Wilson and Keele,Mechanical,8,26,S/B,9017
2019-10-16,601,05:25:00,Wednesday,SHEPPARD WEST STATION,Utilized Off Route,1,1,B/W,1233
2019-10-16,601,05:25:00,Wednesday,Scarborough Town Center.,Utilized Off Route,1,1,W/B,3458
2019-10-16,601,05:25:00,Wednesday,Scarborough Town Center.,Utilized Off Route,1,1,W/B,3439
2019-10-16,604,05:36:00,Wednesday,Finch stn,Utilized Off Route,,,S/B,3205
2019-10-16,79,05:40:00,Wednesday,Pine & Lawrence,Mechanical,10,45,S/B,1019
2019-10-16,300,05:42:00,Wednesday,Castlefrank Station,Mechanical,20,40,WB,8051
2019-10-16,35,05:48:00,Wednesday,Jane Station,Mechanical,10,28,N/B,3576
2019-10-16,112,05:56:00,Wednesday,Kipling Station,Mechanical,14,1,N/B,8063
2019-10-16,35,06:00:00,Wednesday,Jane Station to Pioneer Village Station,General Delay,25,34,B/W,
2019-10-16,111,06:00:00,Wednesday,Kipling Station,Mechanical,11,22,N/B,8459
2019-10-16,935,06:00:00,Wednesday,Jane Station to Pioneer Village Station,General Delay,25,35,B/W,
2019-10-16,32,06:10:00,Wednesday,Tretheway and Black Creek,Mechanical,7,12,E/B,1054
2019-10-16,54,06:10:00,Wednesday,Scarborough golf center,Mechanical,8,16,W/B,8886
2019-10-16,945,06:25:00,Wednesday,Kipling Station,Mechanical,5,1,N/B,8051
2019-10-16,134,06:30:00,Wednesday,Scarborough Town Center to Finchdene Square,General Delay,10,29,B/W,
2019-10-16,133,06:30:00,Wednesday,Scarborough to Morningside/Finch,General Delay,12,23,B/W,
2019-10-16,95,06:30:00,Wednesday,Ellesmere RT,Mechanical,8,16,W/B,5
2019-10-16,42,06:30:00,Wednesday,Finch Station,Mechanical,23,1,NB,8200
2019-10-16,709,06:35:00,Wednesday,Castlefrank Station,Utilized Off Route,1,1,B/W,1406
2019-10-16,600,06:35:00,Wednesday,Keele/Dundas,Utilized Off Route,1,1,S/B,1148
2019-10-16,710,06:36:00,Wednesday,Kipling stn,Utilized Off Route,1,1,S/B,8712
2019-10-16,54,06:37:00,Wednesday,Lawrence and Warden,Mechanical,8,16,E/B,8926
2019-10-16,29,06:40:00,Wednesday,Wilson STn,Mechanical,6,12,S/B,9050
2019-10-16,32,06:42:00,Wednesday,Eglinton and Oakwood,Mechanical,7,14,W/B,1060
2019-10-16,601,06:43:00,Wednesday,St. Geroge Stn,Utilized Off Route,1,1,S/B,1215
2019-10-16,51,06:48:00,Wednesday,Don Mills and Steels,Mechanical,10,20,S/B,1278
2019-10-16,704,06:50:00,Wednesday,St. George Stn,Utilized Off Route,1,1,S/B,3193
2019-10-16,16,06:54:00,Wednesday,warden stn,Mechanical,9,18,S/B,8518
2019-10-16,609,06:56:00,Wednesday,Steeles/Bathurst,Utilized Off Route,0,0,S/B,1114
2019-10-16,29,06:57:00,Wednesday,Wilson STn,Mechanical,8,16,S/B,9146
2019-10-16,704,06:59:00,Wednesday,Bathurst/Dupont,Utilized Off Route,1,1,S/B,3346
2019-10-16,129,07:00:00,Wednesday,Scarborough Town Center to Major MacKenzie,General Delay,15,28,B/W,
2019-10-16,84,07:00:00,Wednesday,Pioneer village Station to Sheppard Yonge Station,General Delay,15,30,B/W,
2019-10-16,42,07:00:00,Wednesday,Cummer Route,General Delay,15,22,BW,0
2019-10-16,939,07:00:00,Wednesday,Route 939,General Delay,20,24,B/W,
2019-10-16,131,07:00:00,Wednesday,Morningview trail to Scarborough Town Center,General Delay,9,17,B/W,
2019-10-16,39,07:00:00,Wednesday,Route 39,General Delay,15,20,B/W,
2019-10-16,939,07:07:00,Wednesday,McCowan and Commander,Mechanical,4,8,N/B,1668
2019-10-16,101,07:15:00,Wednesday,inside Downsview Park,General Delay,225,235,B/W,
2019-10-16,132,07:15:00,Wednesday,Scarborough Town Center to Hupfield/Steeles,General Delay,8,20,B/W,
2019-10-16,716,07:18:00,Wednesday,Woodbine Station,Utilized Off Route,1,1,B/W,8555
2019-10-16,32,07:19:00,Wednesday,Eglinton Station,Utilized Off Route,7,14,W/B,1000
2019-10-16,7,07:29:00,Wednesday,Steeles/Bathurst,Mechanical,8,16,S/B,1282
2019-10-16,38,07:30:00,Wednesday,Scarborough Town Center to Rouge Hill GO Stn,General Delay,12,23,B/W,
2019-10-16,604,07:34:00,Wednesday,Arrow Garage,Utilized Off Route,1,1,SB,3209
2019-10-16,996,07:34:00,Wednesday,Jane and Wilson,Mechanical,10,19,E/B,3293
2019-10-16,34,07:37:00,Wednesday,WARDEN/EGLINTON,Emergency Services,1,1,W/B,8877
2019-10-16,14,07:41:00,Wednesday,ROSELAWN/CHAPLIN,Mechanical,16,32,E/B,1125
2019-10-16,59,07:42:00,Wednesday,Coulter and Weston,Investigation,24,48,S/B,3360
2019-10-16,160,07:43:00,Wednesday,Wilson stn,Mechanical,20,40,S/B,8108
2019-10-16,32,07:46:00,Wednesday,Pine and Lawrence,Mechanical,7,14,E/B,1015
2019-10-16,902,08:00:00,Wednesday,Markham road express,General Delay,10,1,B/W,
2019-10-16,716,08:00:00,Wednesday,BSTN,Utilized Off Route,1,1,B/W,8941
2019-10-16,25,08:00:00,Wednesday,Entire route,General Delay,10,22,B/W,
2019-10-16,65,08:00:00,Wednesday,Entire Route,General Delay,10,23,B/W,
2019-10-16,925,08:00:00,Wednesday,Entire route,General Delay,15,24,B/W,
2019-10-16,11,08:00:00,Wednesday,"BAYVIEW/EGLINTON, BAYVIEW/YORK MILLS",General Delay,20,30,B/W,
2019-10-16,60,08:00:00,Wednesday,Steeles West Route,General Delay,15,24,BW,0
2019-10-16,984,08:00:00,Wednesday,Weston Rd/Bradstock Rd to Sheppard-Yonge Station,General Delay,15,24,B/W,
2019-10-16,125,08:00:00,Wednesday,Drewry Route,General Delay,15,22,BW,0
2019-10-16,45,08:00:00,Wednesday,Kipling Station,Utilized Off Route,6,12,N/B,8609
2019-10-16,953,08:07:00,Wednesday,Morningside and Finch,Mechanical,13,27,W/B,9061
2019-10-16,79,08:14:00,Wednesday,Runnymede Stataion,Mechanical,10,20,N/B,1562
2019-10-16,132,08:17:00,Wednesday,Hupfield and Steeles,Mechanical,12,25,W/B,1377
2019-10-16,74,08:23:00,Wednesday,DONCLIFFE LOOP,Mechanical,15,30,S/B,8133
2019-10-16,35,08:26:00,Wednesday,Pioneer Village Station,Vision,12,19,S/B,3468
2019-10-16,97,08:28:00,Wednesday,Yonge and Chatsworth,Emergency Services,30,60,S/B,8347
2019-10-16,97,08:28:00,Wednesday,Yonge and Chatsworth,Diversion,43,73,S/B,8347
2019-10-16,45,08:30:00,Wednesday,Dixon to Kipling Station,General Delay,9,15,S/B,
2019-10-16,29,08:45:00,Wednesday,Dufferin and Lawrence,Investigation,7,14,S/B,9051
2019-10-16,941,08:47:00,Wednesday,Wandle and Keele,Mechanical,14,28,N/B,1045
2019-10-16,120,08:53:00,Wednesday,Arleta and Sheppard West,General Delay,20,44,nw,
2019-10-16,6,08:54:00,Wednesday,Queens Quay and Dockside,Investigation,5,10,N/B,1090
2019-10-16,54,08:57:00,Wednesday,Lawrence at Victoria Park,Investigation,10,24,W/B,8912
2019-10-16,5,09:00:00,Wednesday,AVENUE ROAD/BLOOR,General Delay,30,30,B/W,
2019-10-16,36,09:07:00,Wednesday,Finch West Station,Mechanical,4,9,W/B,9108
2019-10-16,98,09:32:00,Wednesday,Senlac/Burndale,Mechanical,16,32,N/B,8328
2019-10-16,24,09:43:00,Wednesday,24 Victoria Park Route- All Branch,General Delay,10,20,B/W,
2019-10-16,24,09:44:00,Wednesday,2025 Sheppard Ave E/Consumers Rd,Mechanical,15,30,E/B,3100
2019-10-16,87,09:45:00,Wednesday,Cosburn and Haldon,Diversion,247,265,E/B,8569
2019-10-16,75,09:51:00,Wednesday,Jarvis and Sirman Lane,Investigation,5,11,B/W,8194
2019-10-16,63,09:54:00,Wednesday,Oakwood Loop,Mechanical,5,10,S/B,1296
2019-10-16,85,10:00:00,Wednesday,Don Mills stn,Mechanical,7,15,E/B,3518
2019-10-16,22,10:00:00,Wednesday,Coxwell Station,Mechanical,8,16,B/W,8400
2019-10-16,95,10:08:00,Wednesday,Markham and Ellesmere,Mechanical,10,20,E/B,1745
2019-10-16,52,10:12:00,Wednesday,Lawrence West Station,Vision,14,28,W/B,8335
2019-10-16,925,10:14:00,Wednesday,1005 Pape Station,Investigation,10,20,B/W,8827
2019-10-16,38,10:17:00,Wednesday,Scarborough Town Center,Mechanical,12,24,W/B,3513
2019-10-16,53,10:17:00,Wednesday,Steeles route,General Delay,20,40,B/W,1504
2019-10-16,6,10:30:00,Wednesday,Bay & Lakeshore,Diversion,196,226,B/W,1419
2019-10-16,24,10:40:00,Wednesday,Victoria Park Station,Mechanical,15,30,N/B,3100
2019-10-16,126,11:00:00,Wednesday,St. Clair/Christie,Diversion,26,56,N/B,1412
2019-10-16,54,11:01:00,Wednesday,Lawrence RT,Mechanical,8,16,E/B,8733
2019-10-16,41,11:01:00,Wednesday,Keele and Gulliver,Emergency Services,12,24,S/B,9102
2019-10-16,70,11:09:00,Wednesday,Mortimer Ave,Emergency Services,9,18,B/W,8631
2019-10-16,54,11:12:00,Wednesday,Bruce Park and Eglinton,Investigation,8,16,W/B,8746
2019-10-16,47,11:27:00,Wednesday,Lansdowned & Queen,Mechanical,18,36,N/B,1087
2019-10-16,129,11:43:00,Wednesday,McCowan and Alton Tower Circle North,Diversion,26,40,S/B,
2019-10-16,29,11:43:00,Wednesday,Dufferin and Samor,Mechanical,8,15,S/B,9032
2019-10-16,116,11:54:00,Wednesday,Midland,Investigation,10,20,E/B,8817
2019-10-16,52,12:05:00,Wednesday,Lawrence Ave West at Scarlett Rd,Mechanical,14,28,E/B,8173
2019-10-16,54,12:16:00,Wednesday,Tremont cres and Lawrence,Investigation,8,16,e,8935
2019-10-16,999,12:20:00,Wednesday,Dixon and Martin Grove Rd,Mechanical,1,1,E/B,
2019-10-16,120,12:45:00,Wednesday,Keele gate and keele,Investigation,24,48,,3352
2019-10-16,52,13:34:00,Wednesday,Airport Rd at Morning Star Dr,Diversion,27,49,B/W,1307
2019-10-16,32,13:45:00,Wednesday,Keele st and Trethewey Dr,Mechanical,11,22,E/B,1380
2019-10-16,98,14:00:00,Wednesday,Sheppard Stn,Mechanical,25,30,N/B,1283
2019-10-16,60,14:08:00,Wednesday,Signal Hill and Steeles West,Mechanical,9,18,E/B,3316
2019-10-16,54,14:16:00,Wednesday,markham and lawerence,Vision,10,20,E/B,8721
2019-10-16,7,14:18:00,Wednesday,Steeles,Mechanical,6,14,S/B,8316
2019-10-16,32,14:21:00,Wednesday,Eglinton and Keele,Mechanical,13,30,,1134
2019-10-16,23,14:23:00,Wednesday,Main Street Station,Mechanical,10,20,N/B,3154
2019-10-16,985,14:40:00,Wednesday,Scarborough Town Centre,Investigation,12,24,E/B,9099
2019-10-16,37,14:52:00,Wednesday,Islington and 401,Investigation,1,1,S/B,8449
2019-10-16,189,14:57:00,Wednesday,Keele and Dundas,Investigation,21,42,S/B,8617
2019-10-16,70,15:00:00,Wednesday,Eglintion and Victoria Park,General Delay,15,30,,
2019-10-16,25,15:00:00,Wednesday,Eglintion and Donmills,General Delay,8,16,,
2019-10-16,72,15:00:00,Wednesday,Pape Station - Front at Bay,General Delay,20,30,B/W,
2019-10-16,121,15:00:00,Wednesday,Mill St at Cherry - Princes' Gates,General Delay,20,30,B/W,
2019-10-16,53,15:05:00,Wednesday,Midland on Steeles,Mechanical,5,11,W/B,3412
2019-10-16,937,15:30:00,Wednesday,Islington Station,Mechanical,12,24,E/B,7956
2019-10-16,68,15:31:00,Wednesday,Comstock,Investigation,14,28,S/B,8828
2019-10-16,986,15:45:00,Wednesday,Kennedy Station,Mechanical,10,20,N/B,8760
2019-10-16,23,16:00:00,Wednesday,23 Dawes route,General Delay,1,1,B/W,
2019-10-16,122,16:02:00,Wednesday,Duncan Mills and Valleybrook,Investigation,12,25,E/B,8302
2019-10-16,706,16:07:00,Wednesday,Carlaw at Dickens,Investigation,1,1,S/B,9232
2019-10-16,995,16:11:00,Wednesday,Scarborough Loop,Mechanical,10,21,W/B,1631
2019-10-16,953,16:12:00,Wednesday,Steeles and Ferrier,Investigation,15,30,W/B,9059
2019-10-16,24,16:17:00,Wednesday,Victoria Park station,Mechanical,9,19,S/B,9217
2019-10-16,122,16:25:00,Wednesday,Lesmill and York Mills,Diversion,130,141,B/W,8363
2019-10-16,952,16:32:00,Wednesday,Airport,Mechanical,12,24,E/B,8108
2019-10-16,49,16:32:00,Wednesday,Bloor & West Mall,Investigation,12,24,E/B,8021
2019-10-16,34,16:32:00,Wednesday,Grenoble and Starspray,Mechanical,12,24,E/B,8637
2019-10-16,52,16:37:00,Wednesday,Lawrence at Avenue,Mechanical,1,1,W/B,8131
2019-10-16,985,17:00:00,Wednesday,Pitfield and Midland Ave,Diversion,70,85,N/B,
2019-10-16,71,17:05:00,Wednesday,Mount Dennis Garage,Mechanical,9,18,S/B,1064
2019-10-16,87,17:17:00,Wednesday,Broadview Station,Mechanical,7,14,E/B,8951
2019-10-16,32,17:27:00,Wednesday,Eglinton and Dufferin,Investigation,14,33,E/B,1268
2019-10-16,929,17:28:00,Wednesday,SB on Dufferin at Queen,Mechanical,7,14,S/B,9101
2019-10-16,57,17:30:00,Wednesday,Midland & Pitfield,Diversion,10,20,N/B,8644
2019-10-16,54,17:33:00,Wednesday,pharmacy and lawerence,Investigation,10,20,E/B,8870
2019-10-16,41,17:47:00,Wednesday,Yore Road,Emergency Services,15,31,S/B,9029
2019-10-16,71,17:55:00,Wednesday,Southport St & Windemere Place,Mechanical,9,18,S/B,1033
2019-10-16,37,18:17:00,Wednesday,Islington and Bloor,Investigation,12,24,N/B,8089
2019-10-16,68,18:33:00,Wednesday,Warden and Steeles,Utilized Off Route,6,12,S/B,8690
2019-10-16,952,18:36:00,Wednesday,Lawrence Station,Investigation,12,24,W/B,8310
2019-10-16,101,18:40:00,Wednesday,Downview Park,Mechanical,10,20,E/B,3709
2019-10-16,97,20:16:00,Wednesday,Wilson and Yonge,Mechanical,30,58,E/B,8330
2019-10-16,43,20:25:00,Wednesday,Kennedy & Ellesmere,Investigation,10,20,N/B,8636
2019-10-16,6,21:10:00,Wednesday,Sherbourne & Queen's Quay,Utilized Off Route,15,30,S/B,1422
2019-10-16,94,21:10:00,Wednesday,Castle Frank station,Utilized Off Route,10,20,W/B,1633
2019-10-16,72,21:10:00,Wednesday,Yonge & Queen's Quay,Utilized Off Route,18,36,E/B,8579
2019-10-16,52,22:25:00,Wednesday,Lawrence at Keele,Mechanical,1,1,E/B,8335
2019-10-16,72,22:35:00,Wednesday,Bay & Lakeshore,Diversion,314,232,B/W,8579
2019-10-16,45,23:21:00,Wednesday,SLPK - Kipling & Steeles loop,Mechanical,10,20,S/B,8069
2019-10-17,22,00:06:00,Thursday,Bingham Loop,Mechanical,10,20,W/B,8469
2019-10-17,29,00:10:00,Thursday,dufferin and lawrence,Mechanical,9,18,N/B,9043
2019-10-17,131,00:20:00,Thursday,McCowan & Nuggest,Mechanical,15,30,S/B,1658
2019-10-17,88,00:30:00,Thursday,Thorncliffe and Overlea,Mechanical,5,10,W/B,8116
2019-10-17,927,01:02:00,Thursday,Finch West & HWY 27,Diversion,11,22,N/B,3577
2019-10-17,939,01:58:00,Thursday,Finch Stn,Investigation,1,1,E/B,3442
2019-10-17,39,02:00:00,Thursday,Finch Stn,Diversion,28,38,E/B,3514
2019-10-17,320,03:15:00,Thursday,Soudan,Investigation,1,1,N/B,8156
2019-10-17,300,04:00:00,Thursday,Entire Route,General Delay,30,50,BW,1120
2019-10-17,41,04:00:00,Thursday,Keele Station,Mechanical,30,60,N/B,9136
2019-10-17,320,04:00:00,Thursday,Yonge & Eglinton,Mechanical,4,7,S/B,8785
2019-10-17,320,04:37:00,Thursday,Bay & Queens Quay,Emergency Services,4,7,S/B,8136
2019-10-17,36,04:56:00,Thursday,Arrow garage POD Finch and Arrow,Mechanical,6,16,E/B,3268
2019-10-17,63,05:15:00,Thursday,Canniff/Strachan,Mechanical,13,13,S/B,8108
2019-10-17,52,05:37:00,Thursday,BATHURST/LAWRENCE,Mechanical,13,37,W/B,8146
2019-10-17,701,05:50:00,Thursday,STC,Utilized Off Route,1,1,S/B,1741
2019-10-17,719,05:54:00,Thursday,Eglinton Station,Utilized Off Route,1,1,E/B,1145
2019-10-17,709,05:55:00,Thursday,Castle Frank,Utilized Off Route,1,1,B/W,1358
2019-10-17,604,05:58:00,Thursday,Finch stn,Utilized Off Route,,,S/B,3350
2019-10-17,935,06:00:00,Thursday,Jane Station to Pioneer Village Station,General Delay,25,35,B/W,
2019-10-17,720,06:00:00,Thursday,EGGA,Utilized Off Route,1,1,S/B,8753
2019-10-17,35,06:00:00,Thursday,Jane Station to Pioneer Village Station,General Delay,25,34,B/W,
2019-10-17,34,06:04:00,Thursday,EGLINTON STATION,Mechanical,6,12,E/B,8880
2019-10-17,601,06:04:00,Thursday,Royal York / Eglinton Ave,Utilized Off Route,1,1,W/B,1105
2019-10-17,41,06:07:00,Thursday,Keele and Wilson,Mechanical,11,25,N/B,9152
2019-10-17,21,06:08:00,Thursday,Scarborough Town Center,Mechanical,15,27,S/B,1404
2019-10-17,29,06:11:00,Thursday,Dufferin station,Mechanical,8,16,N/B,9101
2019-10-17,607,06:20:00,Thursday,Scarborough Centre Station,Utilized Off Route,1,1,SB,3428
2019-10-17,601,06:20:00,Thursday,Eglinton Station,Utilized Off Route,1,1,E/B,1079
2019-10-17,601,06:23:00,Thursday,Yonge & Queens Quay,Utilized Off Route,,,N/B,1236
2019-10-17,944,07:00:00,Thursday,Kipling to Norseman,General Delay,7,15,B/W,
2019-10-17,34,07:00:00,Thursday,EGLINTON/SLOANE,General Delay,20,26,W/B,
2019-10-17,39,07:00:00,Thursday,Route 39,General Delay,11,16,B/W,
2019-10-17,70,07:08:00,Thursday,Craigton Drive,Emergency Services,17,36,S/B,8917
2019-10-17,24,07:08:00,Thursday,Don Mills Station,Mechanical,15,30,S/B,8582
2019-10-17,90,07:35:00,Thursday,St.Clair West Station,Mechanical,5,10,N/B,8212
2019-10-17,42,07:35:00,Thursday,Leslie St on Cummer Ave,Utilized Off Route,1,1,WB,3260
2019-10-17,123,07:40:00,Thursday,Kipling Station,Mechanical,18,36,N/B,8436
2019-10-17,81,08:00:00,Thursday,Floyed Ave,Mechanical,7,14,S/B,8491
2019-10-17,925,08:00:00,Thursday,Entire route,General Delay,12,22,B/W,
2019-10-17,144,08:00:00,Thursday,Richmond and Yonge,General Delay,25,31,W/B,
2019-10-17,143,08:00:00,Thursday,Richmond and Yonge St,General Delay,20,35,W/B,
2019-10-17,913,08:13:00,Thursday,Scarborough Town Center,Mechanical,4,8,W/B,9097
2019-10-17,116,08:46:00,Thursday,Kennedy Station,Mechanical,6,13,E/B,8859
2019-10-17,165,08:57:00,Thursday,Weston/Burgandy,Investigation,6,12,N/B,3231
2019-10-17,5,09:00:00,Thursday,AVENUE/BLOOR,General Delay,15,45,S/B,
2019-10-17,601,09:10:00,Thursday,St. Clair West Station,Utilized Off Route,1,1,E/B,1384
2019-10-17,87,09:36:00,Thursday,Cosburn and Holden Ave,Diversion,324,339,B/W,3104
2019-10-17,125,09:45:00,Thursday,Finch Station,Utilized Off Route,1,1,EB,3260
2019-10-17,35,10:07:00,Thursday,Finch and Arrow,Investigation,1,1,W/B,3201
2019-10-17,36,10:19:00,Thursday,Finch and Al Bion,Mechanical,5,10,W/B,9108
2019-10-17,69,10:20:00,Thursday,warden station,Mechanical,11,22,S/B,3155
2019-10-17,36,10:20:00,Thursday,Finch and Islington,Investigation,5,10,E/B,9130
2019-10-17,14,10:21:00,Thursday,CHAPLIN/YONGE,Mechanical,1,1,E/B,1114
2019-10-17,127,10:34:00,Thursday,Spadina Stn,Mechanical,30,60,W/B,1141
2019-10-17,98,10:35:00,Thursday,Willowdale/Kingsdale,Diversion,72,97,S/B,
2019-10-17,7,10:55:00,Thursday,Bathrust and Bloor,Emergency Services,7,14,S/B,8307
2019-10-17,165,10:58:00,Thursday,Keele/Wilson,Investigation,12,24,E/B,3494
2019-10-17,134,11:38:00,Thursday,Scarborough Town center,Mechanical,6,13,E/B,9009
2019-10-17,925,11:45:00,Thursday,Don Mills Station,General Delay,1,1,B/W,8763
2019-10-17,54,11:46:00,Thursday,Eglinton Station,Mechanical,8,16,E/B,8737
2019-10-17,35,11:52:00,Thursday,Jane & Humberview,Investigation,7,14,N/B,3566
2019-10-17,719,11:53:00,Thursday,Eglinton station,Utilized Off Route,1,1,E/B,1408
2019-10-17,63,12:00:00,Thursday,Atlantic/King,Utilized Off Route,5,10,N/B,8136
2019-10-17,701,12:05:00,Thursday,Queensway Garage,Utilized Off Route,1,1,E/B,8435
2019-10-17,88,12:06:00,Thursday,St.Clair and Mt.Pleasant,Investigation,40,80,W/B,8141
2019-10-17,600,12:33:00,Thursday,Mt Dennis garage,Utilized Off Route,1,1,E/B,1361
2019-10-17,50,13:13:00,Thursday,Burnhamthorpe and Saturn,Mechanical,20,40,E/B,8447
2019-10-17,35,13:29:00,Thursday,Pioneer Village Stn,Mechanical,7,14,N/B,3599
2019-10-17,70,13:36:00,Thursday,Craigton/Vic Park,Mechanical,18,36,S/B,8862
2019-10-17,32,13:39:00,Thursday,Eglinton Station,Mechanical,11,22,W/B,1073
2019-10-17,68,14:00:00,Thursday,Warden and Eglinton and at Hwy 401,General Delay,20,1,B/W,
2019-10-17,70,14:00:00,Thursday,Between Coxwell Stn and Craigton and/or Between Coxwell Stn and Warden Stn,General Delay,39,41,B/W,
2019-10-17,92,14:27:00,Thursday,Lakeshore and Ashrbridges Bay,Investigation,12,24,N/B,8545
2019-10-17,11,14:42:00,Thursday,Davisville Station,Mechanical,18,36,N/B,8325
2019-10-17,56,14:57:00,Thursday,Laird and Eglinton,Investigation,18,36,N/B,8155
2019-10-17,35,15:00:00,Thursday,Jane Stn to Pioneer Village Stn,General Delay,30,7,B/W,
2019-10-17,935,15:00:00,Thursday,Jane Stn to Pioneer Village Stn,General Delay,30,39,B/W,
2019-10-17,72,15:00:00,Thursday,Pape Station - Front at Bay,General Delay,20,30,B/W,
2019-10-17,121,15:00:00,Thursday,Mill St. At Cherry - Princes' Gates,General Delay,20,30,B/W,
2019-10-17,92,15:00:00,Thursday,Between Woodbine Stn and Asbridges Bay,General Delay,21,28,N/B,
2019-10-17,925,15:00:00,Thursday,Between Steele/DonMills and Pape Stn,General Delay,25,31,N/B,
2019-10-17,25,15:00:00,Thursday,Between Don Mills Stn and Pape stn,General Delay,35,41,N/B,
2019-10-17,45,15:01:00,Thursday,Kipling & Tyre,Mechanical,3,14,N/B,8034
2019-10-17,75,15:05:00,Thursday,South Dr. Glen rd,Mechanical,6,12,S/B,1219
2019-10-17,96,15:14:00,Thursday,Wilson/Jethro,Mechanical,25,50,E/B,3195
2019-10-17,984,15:19:00,Thursday,Arrow Rd Garage,Vision,1,1,E/B,3329
2019-10-17,71,15:23:00,Thursday,Rockcliffe and Woolner,Mechanical,13,26,S/B,1618
2019-10-17,95,15:41:00,Thursday,Ellesmere Station,Mechanical,10,20,W/B,1701
2019-10-17,36,15:45:00,Thursday,Finch and Yonge,Investigation,6,12,W/B,3283
2019-10-17,129,16:00:00,Thursday,Highway 7 and McCowan,General Delay,17,34,N/B,1504
2019-10-17,161,16:00:00,Thursday,Jane to Ossington station,General Delay,13,25,B/W,
2019-10-17,33,16:00:00,Thursday,St clair west station to Chaplin,General Delay,10,40,B/W,
2019-10-17,23,16:00:00,Thursday,23 Dawes route,General Delay,1,1,B/W,
2019-10-17,52,16:00:00,Thursday,Entire Route,General Delay,20,35,B/W,
2019-10-17,127,16:00:00,Thursday,Townsley loop to Spadina station.,General Delay,15,32,B/W,
2019-10-17,952,16:02:00,Thursday,Lawrence at Benton,Investigation,12,24,W/B,8321
2019-10-17,89,16:06:00,Thursday,Albion and Weston,Mechanical,11,22,S/B,1021
2019-10-17,52,16:13:00,Thursday,Airport at Jetliner,Mechanical,20,40,E/B,1213
2019-10-17,52,16:18:00,Thursday,Lawrence at Apex,Mechanical,20,40,W/B,8303
2019-10-17,985,16:23:00,Thursday,Don Mills stn,Investigation,1,1,N/B,3428
2019-10-17,95,16:30:00,Thursday,York Mills and Fenside,Investigation,10,21,E/B,3440
2019-10-17,52,16:30:00,Thursday,Lawrence West Station,Utilized Off Route,14,28,W/B,1315
2019-10-17,52,16:35:00,Thursday,Airport at south of Derry,Diversion,85,105,W/B,
2019-10-17,117,16:40:00,Thursday,Sheppard West Stn,Mechanical,12,24,N/B,1355
2019-10-17,84,16:42:00,Thursday,Sheppard Station,Mechanical,30,60,W/B,3184
2019-10-17,52,17:14:00,Thursday,The Westway at Islington,Mechanical,1,1,E/B,8173
2019-10-17,29,17:15:00,Thursday,NB from Lawrence to Wilson on Dufferin,General Delay,20,30,S/B,
2019-10-17,60,17:15:00,Thursday,Yonge and Anitibes,Mechanical,11,22,EB,3361
2019-10-17,66,17:24:00,Thursday,Old Mill Station,Utilized Off Route,9,18,S/B,8015
2019-10-17,706,17:25:00,Thursday,Pape Station,Utilized Off Route,1,1,S/B,8594
2019-10-17,116,17:25:00,Thursday,Kennedy Station,Utilized Off Route,6,12,N/B,8662
2019-10-17,34,17:27:00,Thursday,Don Millls and Eglinton,Utilized Off Route,6,12,W/B,8715
2019-10-17,42,17:28:00,Thursday,Victoria Park and Gordon Baker,Utilized Off Route,15,30,WB,8168
2019-10-17,710,17:28:00,Thursday,Warden Stn,Utilized Off Route,1,1,W/B,8694
2019-10-17,95,17:29:00,Thursday,Ellesmere RT Station,Utilized Off Route,10,21,W/B,3473
2019-10-17,54,17:30:00,Thursday,Orton Park and Lawrence,Utilized Off Route,10,21,W/B,8813
2019-10-17,20,17:30:00,Thursday,Kennedy station,Utilized Off Route,13,26,N/B,9224
2019-10-17,116,17:31:00,Thursday,Kennedy Station,Utilized Off Route,12,24,N/B,8701
2019-10-17,113,17:32:00,Thursday,Kennedy station,Utilized Off Route,11,22,E/B,8496
2019-10-17,54,17:35:00,Thursday,Lawrence RT,Utilized Off Route,10,20,E/B,8660
2019-10-17,985,17:35:00,Thursday,Don Mills Stn,Utilized Off Route,10,20,E/B,9073
2019-10-17,985,17:35:00,Thursday,Kennedy and Sheppard,Utilized Off Route,10,20,E/B,9079
2019-10-17,86,17:36:00,Thursday,Kennedy Station,Utilized Off Route,16,32,N/B,8835
2019-10-17,11,17:36:00,Thursday,Davisville Station,Investigation,15,30,N/B,8371
2019-10-17,34,17:39:00,Thursday,Kennedy Station,Utilized Off Route,6,12,W/B,8855
2019-10-17,72,17:39:00,Thursday,Pape Station,Utilized Off Route,21,42,S/B,8597
2019-10-17,116,17:39:00,Thursday,Kennedy station,Utilized Off Route,12,24,N/B,8846
2019-10-17,165,17:40:00,Thursday,Weston and Sheppard,Vision,9,18,W/B,3574
2019-10-17,939,17:40:00,Thursday,Scarborough town center,Utilized Off Route,6,15,W/B,1651
2019-10-17,924,17:42:00,Thursday,Victoria Park station,Utilized Off Route,10,20,S/B,9210
2019-10-17,132,17:42:00,Thursday,Morningside and Sheppard,Utilized Off Route,13,25,W/B,3446
2019-10-17,112,17:42:00,Thursday,Kipling Stn,Mechanical,16,32,N/B,8071
2019-10-17,42,17:43:00,Thursday,Dynamic and McNicoll,Utilized Off Route,15,30,WB,8209
2019-10-17,161,17:45:00,Thursday,Dovercourt and Hallam,Investigation,13,26,N/B,1350
2019-10-17,24,17:47:00,Thursday,Victoria Park station,Utilized Off Route,8,18,N/B,8532
2019-10-17,134,17:47:00,Thursday,Scarborough Town Center,Utilized Off Route,18,36,E/B,9081
2019-10-17,34,17:50:00,Thursday,Kennedy Station,Utilized Off Route,7,14,W/B,8781
2019-10-17,116,17:50:00,Thursday,Kennedy station,Utilized Off Route,6,12,N/B,8840
2019-10-17,63,18:00:00,Thursday,Eglinton west station to Atlantic,General Delay,10,19,B/W,
2019-10-17,14,18:08:00,Thursday,Caledonia and Glencairn,Emergency Services,16,32,E/B,1560
2019-10-17,52,18:30:00,Thursday,Lawrence West Station,Utilized Off Route,13,26,W/B,8327
2019-10-17,36,18:30:00,Thursday,Finch west station,Investigation,8,16,E/B,3225
2019-10-17,945,18:40:00,Thursday,Kipling & Genthorn,Emergency Services,8,16,S/B,8032
2019-10-17,113,18:46:00,Thursday,Danforth Rd. & Birchmount,Mechanical,20,37,E/B,8496
2019-10-17,7,19:15:00,Thursday,Wilson Stn,Mechanical,8,15,S/B,1362
2019-10-17,165,19:30:00,Thursday,wilson and belgrave,Investigation,10,20,E/B,3530
2019-10-17,53,19:40:00,Thursday,Steeles and Ferrier,Mechanical,6,12,W/B,3439
2019-10-17,116,19:43:00,Thursday,Morningside/Sheppard,Diversion,8,16,N/B,8730
2019-10-17,51,19:45:00,Thursday,Leslie Subway Station,Mechanical,23,48,S/B,8200
2019-10-17,53,20:00:00,Thursday,Steeles and Don Mills,Diversion,8,16,E/B,0
2019-10-17,108,20:01:00,Thursday,Keele and Grandravine,Investigation,22,44,E/B,3561
2019-10-17,23,20:42:00,Thursday,Main Street station,Emergency Services,10,20,E/B,3115
2019-10-17,89,20:51:00,Thursday,ALWS - Albion & Weston,Emergency Services,10,20,S/B,1102
2019-10-17,97,21:22:00,Thursday,Yonge and Patricia,Mechanical,30,60,N/B,8118
2019-10-17,16,21:25:00,Thursday,McCowan & Ellesmere,Mechanical,12,24,S/B,8492
2019-10-17,85,21:37:00,Thursday,Pharmacy and Sheppard,Investigation,16,32,W/B,3531
2019-10-17,35,21:51:00,Thursday,Jane and Wright,Investigation,9,18,N/B,3364
2019-10-17,41,21:52:00,Thursday,Keele and Eglinton,Investigation,10,26,N/B,9052
2019-10-17,939,21:52:00,Thursday,Finch Stn,Mechanical,12,24,E/B,1548
2019-10-17,127,22:15:00,Thursday,Daveporn and Salem.,Diversion,180,210,B/W,
2019-10-17,132,22:40:00,Thursday,Scarbourgh Town Center,Mechanical,30,60,E/B,1398
2019-10-17,133,22:40:00,Thursday,Scarbough Town Center,Utilized Off Route,12,24,E/B,3503
2019-10-17,17,22:50:00,Thursday,Warden Station,Emergency Services,15,30,N/B,8535
2019-10-17,168,22:51:00,Thursday,DWST - Dundas West Stn,Emergency Services,18,36,N/B,1129
2019-10-17,53,23:00:00,Thursday,Yonge and Connaught,Investigation,9,18,N/B,1318
2019-10-17,6,23:20:00,Thursday,Bay & Lakeshore,Diversion,31,61,bw,1070
2019-10-17,72,23:20:00,Thursday,Bay & Lakeshore,Diversion,31,49,bw,8584
2019-10-18,52,00:10:00,Friday,Lawrence West Station,Mechanical,18,36,E/B,8164
2019-10-18,126,00:15:00,Friday,St.Clair West Station,Utilized Off Route,15,30,S/B,1041
2019-10-18,32,00:25:00,Friday,Eglinton West Station,Utilized Off Route,11,22,W/B,1516
2019-10-18,44,00:35:00,Friday,Kipling Stn,Mechanical,10,20,S/B,8040
2019-10-18,41,01:40:00,Friday,Keele station,Mechanical,25,50,N/B,8104
2019-10-18,29,04:52:00,Friday,Wilson stn.,Mechanical,9,18,S/B,8148
2019-10-18,17,04:59:00,Friday,Ashtonbee and Birchmount,Diversion,31,41,S/B,8511
2019-10-18,73,05:34:00,Friday,Royal York Station,Mechanical,18,36,NB,8431
2019-10-18,600,05:35:00,Friday,High Park Loop,Utilized Off Route,1,1,bw,1411
2019-10-18,606,05:38:00,Friday,Victoria pk stn,Utilized Off Route,,,W/B,8571
2019-10-18,600,05:40:00,Friday,Runnymede Station,Utilized Off Route,1,1,bw,1576
2019-10-18,32,05:44:00,Friday,Eglinton West Station,Mechanical,9,9,bw,7877
2019-10-18,111,05:45:00,Friday,Kipling Station,Mechanical,15,35,NB,8068
2019-10-18,927,06:00:00,Friday,Martin Grove & Royal Crest,Mechanical,10,20,S/B,3496
2019-10-18,34,06:16:00,Friday,EGLINTON STATION,Vision,6,12,E/B,8784
2019-10-18,925,06:27:00,Friday,Pape Station,Vision,8,16,,8738
2019-10-18,43,06:28:00,Friday,Treverton Drive,Investigation,10,20,N/B,8636
2019-10-18,985,06:33:00,Friday,Sheppard/McCowan,Mechanical,9,9,W/B,9063
2019-10-18,606,06:59:00,Friday,High park stn,Utilized Off Route,,,W/B,8523
2019-10-18,16,07:00:00,Friday,McCowan route,General Delay,10,1,B/W,
2019-10-18,43,07:04:00,Friday,Kennedy station,Mechanical,5,10,E/B,8856
2019-10-18,62,07:08:00,Friday,Mortimer Ave/Woodbine Ave,Diversion,47,63,W/B,8587
2019-10-18,54,07:18:00,Friday,Leslie and Eglinton,Mechanical,8,16,W/B,8868
2019-10-18,161,07:30:00,Friday,Dupont & Dovercourt,Investigation,12,24,E/B,1409
2019-10-18,52,07:36:00,Friday,LAWRENCE WEST / Dufferin and Lawrence,Investigation,15,30,W/B,8202
2019-10-18,17,08:00:00,Friday,Birchmount route,General Delay,20,1,B/W,
2019-10-18,925,08:00:00,Friday,Entire route,General Delay,15,23,S/B,
2019-10-18,60,08:00:00,Friday,Steeles West Route,General Delay,15,22,BW,0
2019-10-18,17,08:20:00,Friday,Birchmount and Ranstone gardens,Diversion,298,313,B/W,
2019-10-18,125,08:40:00,Friday,Finch Station,Mechanical,6,13,NB,8163
2019-10-18,87,08:41:00,Friday,Haldon and Cosburn,Diversion,379,390,B/W,8941
2019-10-18,913,08:55:00,Friday,Scarborough Town Center,Mechanical,8,16,E/B,7881
2019-10-18,995,08:57:00,Friday,Bayview and York Mills,Mechanical,10,20,E/B,1327
2019-10-18,989,09:02:00,Friday,Weston Rd & Habitant Dr,Mechanical,15,30,N/B,1112
2019-10-18,85,09:05:00,Friday,Don Mills stn,Mechanical,15,22,E/B,3483
2019-10-18,924,09:10:00,Friday,Victoria Park/Meadowacres Dr,Mechanical,10,20,N/B,9227
2019-10-18,945,09:26:00,Friday,Kipling and Rexdale,Mechanical,6,12,N/B,8089
2019-10-18,73,09:29:00,Friday,Royal York Station,Mechanical,10,20,NB,8024
2019-10-18,42,09:34:00,Friday,Leslie and McNicoll,Utilized Off Route,1,1,WB,3300
2019-10-18,952,09:40:00,Friday,LAWRENCE WEST EXP / Islington and Dixon,Mechanical,11,22,E/B,8193
2019-10-18,26,10:10:00,Friday,Dupont & Bathurst,Investigation,22,44,W/B,
2019-10-18,924,10:16:00,Friday,Eglinton/Rosemount,Investigation,1,1,E/B,9215
2019-10-18,133,10:18:00,Friday,Scarborough Town Center,Investigation,11,22,E/B,3518
2019-10-18,52,10:24:00,Friday,LAWRENCE - Silver Dart and  Jetliners,Investigation,15,30,W/B,8375
2019-10-18,97,10:30:00,Friday,Yonge and Norton to Sheppard,General Delay,25,55,S/B,
2019-10-18,52,10:40:00,Friday,Lawrence at Jane,Investigation,14,25,E/B,8339
2019-10-18,34,10:50:00,Friday,EGLINTON/ROSEMOUNT,Diversion,34,46,W/B,
2019-10-18,105,10:53:00,Friday,Dufferin/Finch,Investigation,17,33,S/B,8146
2019-10-18,94,10:56:00,Friday,Ossington Station,Mechanical,14,28,B/W,1269
2019-10-18,102,11:07:00,Friday,warden stn,Mechanical,30,60,S/B,8180
2019-10-18,22,11:18:00,Friday,Coxwell Station,Mechanical,8,16,S/B,8400
2019-10-18,7,11:49:00,Friday,St. Calir to Bathrsut,Mechanical,8,16,S/B,8340
2019-10-18,985,12:10:00,Friday,Scarborough Town centre,Mechanical,12,24,W/B,9005
2019-10-18,927,12:16:00,Friday,Humber College,Mechanical,5,10,N/B,3346
2019-10-18,161,12:40:00,Friday,Jane & Lambton,Mechanical,17,35,E/B,1148
2019-10-18,7,12:41:00,Friday,Sheppard and Sufferine,Mechanical,8,16,N/B,1388
2019-10-18,56,12:45:00,Friday,Eglinton Station,Mechanical,15,30,N/B,8123
2019-10-18,54,12:46:00,Friday,Eglinton Station,Mechanical,8,16,E/B,8701
2019-10-18,106,12:53:00,Friday,Sheppard West Stn,Utilized Off Route,13,26,N/B,8183
2019-10-18,63,12:57:00,Friday,King & Atlantic,Utilized Off Route,5,10,W/B,8303
2019-10-18,68,13:00:00,Friday,Warden Ave/Eglinton Ave E,General Delay,20,30,B/W,
2019-10-18,75,13:07:00,Friday,Sherbourne at Carlton,Investigation,6,12,S/B,8147
2019-10-18,68,13:20:00,Friday,Warden & Sherry Rd,Investigation,18,36,N/B,8871
2019-10-18,37,13:30:00,Friday,The Kingsway and Islington,Diversion,10,,N/B,
2019-10-18,74,13:42:00,Friday,St.Clair station,Mechanical,19,38,N/B,1382
2019-10-18,7,13:51:00,Friday,Bathrsut Stn,Mechanical,8,16,N/B,1234
2019-10-18,73,14:00:00,Friday,BW on Albion rd,General Delay,20,34,B/W,
2019-10-18,37,14:00:00,Friday,Islington and Kingsway.,General Delay,20,30,N/B,
2019-10-18,60,14:02:00,Friday,Yonge and Athabaska avenue,Investigation,9,18,SB,3320
2019-10-18,51,14:05:00,Friday,Bayview and Eglinton,Investigation,27,54,E/B,8304
2019-10-18,32,14:26:00,Friday,Weston and Eglinton,Investigation,11,22,W/B,1030
2019-10-18,63,14:30:00,Friday,St Clair & Oakwood,Diversion,70,75,B/W,1368
2019-10-18,161,14:30:00,Friday,St Clair & Oakwood,Diversion,70,88,B/W,1064
2019-10-18,52,14:33:00,Friday,Lawrence at Jane,Investigation,14,28,W/B,1221
2019-10-18,719,14:40:00,Friday,Eglinton Station,Utilized Off Route,1,1,B/W,1605
2019-10-18,54,14:52:00,Friday,ESTN,Utilized Off Route,12,24,E/B,8883
2019-10-18,89,14:55:00,Friday,Keele stn,Utilized Off Route,9,20,N/B,1010
2019-10-18,35,14:55:00,Friday,Jane Stn,Utilized Off Route,5,10,N/B,3199
2019-10-18,25,15:00:00,Friday,Between Steeles and Pape Stn,General Delay,35,45,B/W,
2019-10-18,925,15:00:00,Friday,Between Don Mills Stn and Pape Stn,General Delay,45,51,B/W,
2019-10-18,75,15:00:00,Friday,South st. Glan - Queens Quay at Lower Jarvis,General Delay,20,30,B/W,
2019-10-18,70,15:00:00,Friday,Between Coxwell stn and Warden Stn/craigton,General Delay,35,45,B/W,
2019-10-18,72,15:00:00,Friday,Pape Station - Front at Bay,General Delay,20,30,B/W,
2019-10-18,121,15:00:00,Friday,Mill st. At Cherry - Princes' Gates,General Delay,20,30,B/W,
2019-10-18,22,15:00:00,Friday,Between Coxwell stn and Queen/Coxwell,General Delay,35,41,B/W,
2019-10-18,952,15:00:00,Friday,Entire Route,General Delay,20,35,B/W,
2019-10-18,35,15:00:00,Friday,Jane Stn to Pioneer Village Stn,General Delay,30,40,B/W,
2019-10-18,36,15:00:00,Friday,Finch and Weston,Diversion,5,10,E/B,3228
2019-10-18,36,15:00:00,Friday,Finch and Weston,General Delay,5,10,E/B,9126
2019-10-18,935,15:00:00,Friday,Jane Stn to Pioneer Village Stn,General Delay,30,40,B/W,
2019-10-18,84,15:15:00,Friday,Finch at Arrow,Diversion,130,160,B/W,
2019-10-18,68,15:15:00,Friday,Warden Ave/Bowater Ave,Investigation,20,50,N/B,8848
2019-10-18,29,15:16:00,Friday,St. Clair And Dufferine,Investigation,8,16,S/B,9104
2019-10-18,35,15:23:00,Friday,Pioneer Village Stn,Utilized Off Route,5,10,S/B,3337
2019-10-18,59,15:28:00,Friday,Ingram and Keele,Mechanical,29,57,E/B,3195
2019-10-18,52,15:33:00,Friday,Lawrence at Weston,Investigation,6,20,W/B,8181
2019-10-18,7,15:52:00,Friday,Steeles,Mechanical,8,16,S/B,8332
2019-10-18,54,15:52:00,Friday,GunnsLoop,Utilized Off Route,12,24,E/B,8883
2019-10-18,129,16:00:00,Friday,Highway 7 and McCowan,General Delay,17,34,N/B,3450
2019-10-18,84,16:00:00,Friday,Entire Route,General Delay,20,35,B/W,
2019-10-18,52,16:00:00,Friday,Entire Route,General Delay,20,35,B/W,
2019-10-18,35,16:00:00,Friday,Jane STn,Utilized Off Route,10,20,N/B,3268
2019-10-18,32,16:00:00,Friday,Entire Route,General Delay,20,25,B/W,
2019-10-18,63,16:01:00,Friday,King and Atlantic,Utilized Off Route,9,18,N/B,8124
2019-10-18,935,16:03:00,Friday,Jane Stn,Utilized Off Route,10,20,N/B,3477
2019-10-18,43,16:30:00,Friday,Lawerence - Ellesmere,General Delay,15,20,B/W,1111
2019-10-18,85,16:30:00,Friday,McCowan and Sheppard,Mechanical,13,27,E/B,3436
2019-10-18,131,16:30:00,Friday,Milner and McCowan,Mechanical,9,18,N/B,1650
2019-10-18,7,16:36:00,Friday,Steeles,Mechanical,8,16,S/B,8108
2019-10-18,52,16:40:00,Friday,Lawrence West Station,Utilized Off Route,13,26,W/B,1235
2019-10-18,60,16:54:00,Friday,Signal Hill,Vision,17,34,EB,3338
2019-10-18,32,16:57:00,Friday,Black Creek and Eglinton,Mechanical,11,22,W/B,1354
2019-10-18,122,17:00:00,Friday,185 Graydon Hall Dr,Mechanical,10,20,E/B,8128
2019-10-18,52,17:00:00,Friday,Lawrence West Station,Utilized Off Route,14,28,W/B,1296
2019-10-18,10,17:00:00,Friday,Van Horne and Brian Dr,General Delay,0,0,N/B,1252
2019-10-18,123,17:01:00,Friday,KPSN - Kipling Stn,Mechanical,19,32,S/B,8032
2019-10-18,120,17:10:00,Friday,Jane and Sheppard,Mechanical,26,52,W/B,3492
2019-10-18,120,17:10:00,Friday,Jane and Sheppard,Mechanical,26,52,W/B,3492
2019-10-18,133,17:16:00,Friday,Scarborough Town Center,Mechanical,8,16,N/B,3444
2019-10-18,21,17:24:00,Friday,Scarborough Town Center,Mechanical,11,22,S/B,1533
2019-10-18,941,17:24:00,Friday,ST. Calir,Mechanical,15,30,N/B,1576
2019-10-18,52,17:25:00,Friday,L.W Station,Utilized Off Route,13,26,W/B,1387
2019-10-18,41,17:26:00,Friday,Pioneer Village Stn,Mechanical,15,30,S/B,9039
2019-10-18,35,17:40:00,Friday,Jane St,Investigation,10,20,S/B,3337
2019-10-18,91,17:41:00,Friday,Hollinger and Dohme,Mechanical,14,28,S/B,9236
2019-10-18,14,17:42:00,Friday,Evergreen Brickworks and DVP,Mechanical,16,32,N/B,1350
2019-10-18,116,17:55:00,Friday,Kennedy Station,Utilized Off Route,12,24,N/B,8891
2019-10-18,94,18:10:00,Friday,Harboard at Bathurst,Mechanical,16,32,E/B,1422
2019-10-18,95,18:10:00,Friday,York Mills/ Parkwoods,Diversion,20,30,B/W,
2019-10-18,25,18:44:00,Friday,Don Mills Stn,Mechanical,5,11,S/B,8712
2019-10-18,16,19:10:00,Friday,McCowan and Lawrence,Diversion,60,70,,8490
2019-10-18,29,19:30:00,Friday,Dufferin and Bloor,Investigation,8,16,N/B,9035
2019-10-18,54,19:39:00,Friday,Lawrence and McCowan,Mechanical,10,20,E/B,8637
2019-10-18,16,19:40:00,Friday,McCowan & Eglinton,Diversion,1,1,N/B,1111
2019-10-18,848,19:42:00,Friday,Millwood Loop,Mechanical,30,60,E/B,8097
2019-10-18,32,19:45:00,Friday,Eglinton West Station,Utilized Off Route,30,60,W/B,1008
2019-10-18,5,20:00:00,Friday,Queens park to Eglinton station,General Delay,10,32,B/W,1228
2019-10-18,32,20:46:00,Friday,Pine and Lawrence,Mechanical,10,20,E/B,1516
2019-10-18,54,20:55:00,Friday,Lawrence RT,Mechanical,10,21,E/B,8737
2019-10-18,70,20:59:00,Friday,St.Clair /Oconner,Mechanical,12,24,S/B,8746
2019-10-18,935,21:00:00,Friday,Jane and East,Diversion,45,55,B/W,
2019-10-18,35,21:00:00,Friday,Jane and East,Diversion,,10,S/B,
2019-10-18,17,21:15:00,Friday,Warden Station,Diversion,24,48,S/B,9224
2019-10-18,43,21:25:00,Friday,Kennedy Station,Emergency Services,10,20,N/B,8760
2019-10-18,71,21:26:00,Friday,INMD - Mt Dennis Garage,Mechanical,14,28,S/B,1260
2019-10-18,37,22:30:00,Friday,Islington Station,Utilized Off Route,26,52,N/B,8610
2019-10-18,37,22:30:00,Friday,Islington Station,Mechanical,26,52,N/B,8610
2019-10-18,50,22:38:00,Friday,Islington Station,Investigation,30,30,W/B,7977
2019-10-18,168,23:08:00,Friday,DWST - Dundas West Stn,Emergency Services,18,36,W/B,1027
2019-10-18,94,23:27:00,Friday,Ossington Station,Mechanical,10,20,S/B,1137
2019-10-18,40,23:35:00,Friday,DWST - Dundas West Stn,Mechanical,15,30,W/B,8069
2019-10-18,39,23:44:00,Friday,Neilson/Crowtrail,Mechanical,20,40,W/B,1504
2019-10-18,7,23:49:00,Friday,Bathurst Station,Mechanical,9,18,N/B,8170
2019-10-19,112,00:30:00,Saturday,Renforth Stn,Mechanical,16,32,N/B,8443
2019-10-19,300,02:00:00,Saturday,Jane st to Broadview station,General Delay,20,40,B/W,
2019-10-19,300,03:16:00,Saturday,Terminal 3,Investigation,20,40,E/B,3104
2019-10-19,320,03:50:00,Saturday,Queensquay/Yonge,Utilized Off Route,4,8,N/B,8204
2019-10-19,320,04:02:00,Saturday,Steeles & Yonge,Mechanical,7,23,S/B,8322
2019-10-19,320,04:02:00,Saturday,Steeles & Yonge Loop,Investigation,1,1,S/B,1037
2019-10-19,396,04:04:00,Saturday,Brookmere & Kipling,Investigation,30,48,W/B,3365
2019-10-19,32,04:12:00,Saturday,Eglinton Station,Utilized Off Route,4,4,W/B,1002
2019-10-19,396,04:20:00,Saturday,Steeles/Martin Grove,Investigation,60,90,E/B,3365
2019-10-19,32,05:00:00,Saturday,Eglinton Station,Emergency Services,10,20,W/B,1002
2019-10-19,73,05:20:00,Saturday,Queensway Garage,Mechanical,17,39,E/B,8414
2019-10-19,87,06:01:00,Saturday,BRGA,Mechanical,,10,W/B,8541
2019-10-19,34,06:29:00,Saturday,Kennedy Station,Mechanical,10,20,W/B,8637
2019-10-19,112,06:30:00,Saturday,Belfield and Attwell,Diversion,15,30,N/B,7976
2019-10-19,94,06:34:00,Saturday,Spadina/Carlton,Utilized Off Route,10,20,E/B,1378
2019-10-19,29,06:40:00,Saturday,Princess Gate,Utilized Off Route,8,16,N/B,9023
2019-10-19,999,06:40:00,Saturday,Yonge/Davisville,Mechanical,1,1,S/B,9107
2019-10-19,67,06:50:00,Saturday,PHARMACY NORTH / Pharmancy and Eglinton,Investigation,0,0,S/B,8821
2019-10-19,32,06:58:00,Saturday,Pine & Lawrence,Mechanical,5,10,W/B,1407
2019-10-19,50,08:00:00,Saturday,Islington and Bloor St W,General Delay,25,40,B/W,
2019-10-19,63,08:01:00,Saturday,Eglinton West Station,Mechanical,6,12,S/B,8323
2019-10-19,165,09:40:00,Saturday,Wilson Station Lower,Emergency Services,10,21,E/B,3281
2019-10-19,43,09:41:00,Saturday,Progress/Consentino,Investigation,15,30,S/B,8695
2019-10-19,89,09:45:00,Saturday,Keele Station,Mechanical,10,20,S/B,1131
2019-10-19,160,09:50:00,Saturday,Promanade,Diversion,36,72,N/B,1238
2019-10-19,87,10:25:00,Saturday,Main Station,Mechanical,10,20,W/B,9227
2019-10-19,84,10:35:00,Saturday,Sheppard and Arrow rd.,Investigation,8,16,W/B,3496
2019-10-19,984,11:00:00,Saturday,Sheppard west station,Investigation,10,20,E/B,3586
2019-10-19,35,11:05:00,Saturday,Pioneer Village Stn,Mechanical,10,20,S/B,3572
2019-10-19,543,11:15:00,Saturday,Lawrence and Tremont,Investigation,10,20,W/B,8838
2019-10-19,126,11:53:00,Saturday,Entire route,General Delay,15,15,B/W,1418
2019-10-19,935,12:00:00,Saturday,Jane Stn to Pioneer Village Stn,General Delay,30,40,B/W,
2019-10-19,110,12:00:00,Saturday,Entire Route,General Delay,20,30,B/W,
2019-10-19,37,12:00:00,Saturday,Entire Route,General Delay,30,40,B/W,
2019-10-19,89,12:00:00,Saturday,Entire Route,General Delay,25,35,B/W,
2019-10-19,129,12:00:00,Saturday,McCowan and Milner,General Delay,10,20,B/W,3452
2019-10-19,65,12:00:00,Saturday,Between Castle Frank Stn and Berkely/Front,General Delay,15,32,B/W,
2019-10-19,35,12:00:00,Saturday,Jane Stn to Pioneer Village Stn,General Delay,30,40,B/W,
2019-10-19,60,12:00:00,Saturday,Signal Hill and Steeles,General Delay,30,60,BW,3253
2019-10-19,68,12:00:00,Saturday,Warden and Eglinton,General Delay,10,20,B/W,
2019-10-19,11,12:18:00,Saturday,Davisville Stn,Mechanical,15,30,E/B,8195
2019-10-19,97,12:30:00,Saturday,Yong and Finch and Yonge Lawrence to St Clair,General Delay,25,55,B/W,
2019-10-19,86,13:00:00,Saturday,Kingston/Morningside,General Delay,20,30,W/B,
2019-10-19,17,13:00:00,Saturday,Eglinton and Birchmount,General Delay,12,24,B/W,8592
2019-10-19,73,13:00:00,Saturday,Entire Route,General Delay,25,35,B/W,
2019-10-19,74,13:18:00,Saturday,St Clair Ave and Clifton,Mechanical,18,36,E/B,1257
2019-10-19,84,13:20:00,Saturday,Sheppard and Weston,Mechanical,10,20,E/B,3279
2019-10-19,126,13:30:00,Saturday,Entire route,General Delay,15,15,B/W,1418
2019-10-19,86,13:38:00,Saturday,Lawrence/Kingston,Diversion,61,76,W/B,
2019-10-19,89,13:45:00,Saturday,Weston and John,Mechanical,10,20,S/B,1047
2019-10-19,41,13:46:00,Saturday,Keele Station,Investigation,8,17,N/B,1147
2019-10-19,40,13:54:00,Saturday,Dundas west stn,Emergency Services,10,20,N/B,8092
2019-10-19,40,14:00:00,Saturday,Entire Route,General Delay,30,40,B/W,
2019-10-19,80,14:00:00,Saturday,Entire Route,General Delay,25,40,B/W,
2019-10-19,41,14:03:00,Saturday,Keele & Eglinton,Mechanical,9,17,S/B,1529
2019-10-19,110,15:00:00,Saturday,Islington stn,Mechanical,18,36,S/B,8056
2019-10-19,984,15:10:00,Saturday,Sheppard west station,Mechanical,10,20,E/B,3586
2019-10-19,96,15:23:00,Saturday,Entire route,Mechanical,1,1,S/B,3564
2019-10-19,123,16:00:00,Saturday,Kipling station to Long Branch,General Delay,20,50,B/W,
2019-10-19,14,16:04:00,Saturday,Eglinton and Chaplain,Diversion,190,210,S/B,1072
2019-10-19,89,16:08:00,Saturday,Weston and Jane,Investigation,10,20,N/B,1139
2019-10-19,36,16:15:00,Saturday,FWSN,Mechanical,5,11,W/B,3220
2019-10-19,91,16:20:00,Saturday,Camforth Rd & Lawrence,Vision,24,48,N/B,8400
2019-10-19,25,17:00:00,Saturday,Freshmedow and Don Mills,Utilized Off Route,9,18,S/B,8782
2019-10-19,79,17:05:00,Saturday,Runnymede Station,Investigation,12,24,N/B,1502
2019-10-19,63,17:08:00,Saturday,Eglinton West Station,Mechanical,5,11,S/B,8156
2019-10-19,60,17:37:00,Saturday,Steeles and Norfinch,Investigation,10,20,WB,3253
2019-10-19,130,17:38:00,Saturday,Middlefield Loop,Diversion,30,60,S/B,3413
2019-10-19,130,17:38:00,Saturday,Middlefield Loop,General Delay,30,60,S/B,3413
2019-10-19,109,17:39:00,Saturday,Ridlle Ave / Marlee Ave,Investigation,20,40,S/B,8370
2019-10-19,68,17:55:00,Saturday,Warden and Danube,Investigation,0,0,S/B,8846
2019-10-19,25,18:00:00,Saturday,Freshmedow and Don Mills,Utilized Off Route,9,18,S/B,8528
2019-10-19,32,18:08:00,Saturday,Glenholme and Eglinton,Investigation,9,18,W/B,1555
2019-10-19,96,18:14:00,Saturday,Jane and Wilson,Mechanical,17,34,E/B,3217
2019-10-19,134,18:18:00,Saturday,Crow Trail and Whiteless,Mechanical,15,30,N/B,1656
2019-10-19,29,18:29:00,Saturday,Dufferin & Castlefield,Mechanical,3,6,N/B,9137
2019-10-19,45,18:55:00,Saturday,Kipling/ Penlea,Diversion,15,25,N/B,
2019-10-19,79,19:13:00,Saturday,Bloor /High prh ave,Mechanical,12,24,S/B,1357
2019-10-19,86,19:41:00,Saturday,Eglinton and Brimley,Mechanical,9,19,E/B,8752
2019-10-19,5,20:00:00,Saturday,Queens park to Eglinton station,General Delay,10,30,B/W,
2019-10-19,63,20:00:00,Saturday,Atlantic and King,Diversion,120,128,S/B,
2019-10-19,71,20:05:00,Saturday,Runnymede/ Morningside,Mechanical,15,30,S/B,1098
2019-10-19,29,20:08:00,Saturday,Dufferin and Dufferin Park,Mechanical,8,16,S/B,9036
2019-10-19,102,20:53:00,Saturday,Kingston and McCowan,Investigation,10,20,E/B,8588
2019-10-19,24,21:10:00,Saturday,VICTORIA PARK STATION,Mechanical,9,18,N/B,9228
2019-10-19,86,21:15:00,Saturday,Kingston and Galloway,Mechanical,10,19,E/B,8816
2019-10-19,97,21:27:00,Saturday,York Mills Station,Mechanical,30,60,S/B,8115
2019-10-19,6,22:02:00,Saturday,Bay & Front,General Delay,20,40,BW,
2019-10-19,89,22:18:00,Saturday,Keele/ Dundas,Investigation,5,10,S/B,1064
2019-10-19,89,22:18:00,Saturday,Keele / Dundas,Investigation,10,20,S/B,1036
2019-10-19,201,22:19:00,Saturday,Major Mackenzie and Markham,Emergency Services,50,100,E/B,8588
2019-10-19,89,22:20:00,Saturday,Keele/ Dundas,Investigation,10,20,S/B,1135
2019-10-19,29,22:24:00,Saturday,Playfair and Dufferin,Investigation,9,18,S/B,9022
2019-10-19,102,22:29:00,Saturday,Warden Station,Investigation,10,20,,3145
2019-10-19,35,22:56:00,Saturday,Jane Station,Mechanical,9,18,N/B,3617
2019-10-19,96,22:59:00,Saturday,Wilson Station,Investigation,20,40,W/B,3560
2019-10-19,129,23:10:00,Saturday,McCowan and 14th Ave,General Delay,40,80,S/B,3452
2019-10-19,72,23:52:00,Saturday,Pape Station,Mechanical,18,36,S/B,3113
2019-10-20,17,00:38:00,Sunday,Steeles and Birchmount,Investigation,22,22,S/B,3108
2019-10-20,35,01:07:00,Sunday,Shoreham Drive and Jane,Mechanical,10,20,N/B,3337
2019-10-20,332,01:30:00,Sunday,Eglinton & Bathurst,Diversion,106,136,BW,1138
2019-10-20,300,02:00:00,Sunday,Bathrust to Parliament,General Delay,15,30,B/W,
2019-10-20,363,02:42:00,Sunday,Eglinton/Northcliffe,Diversion,174,204,N/B,
2019-10-20,320,03:00:00,Sunday,Along Yonge,General Delay,15,19,N/B,
2019-10-20,320,03:00:00,Sunday,Along Yonge,General Delay,15,19,N/B,
2019-10-20,307,04:00:00,Sunday,Bathurst and Fleet to CNE Loop,Diversion,230,270,W/B,8190
2019-10-20,6,04:00:00,Sunday,Bay / elm,Diversion,30,60,,
2019-10-20,320,04:18:00,Sunday,Steeles & Yonge,Mechanical,15,30,S/B,8182
2019-10-20,320,04:20:00,Sunday,Wellington & Bay,Diversion,40,43,S/B,8849
2019-10-20,320,04:30:00,Sunday,Yonge & Adelaide,Diversion,1,1,S/B,8370
2019-10-20,36,04:54:00,Sunday,Keele St-Finch Av,Mechanical,30,30,W/B,3216
2019-10-20,89,06:25:00,Sunday,Weston/Rogers,Mechanical,26,36,N/B,1503
2019-10-20,52,06:41:00,Sunday,Airport Rd & Derry,Diversion,64,78,W/B,8124
2019-10-20,42,06:54:00,Sunday,Willowdale to Maxome on Cummer,Diversion,60,90,eb,8328
2019-10-20,307,07:00:00,Sunday,Bathurst and Bloor (Bathurst Station),Diversion,60,90,B/W,8190
2019-10-20,54,07:15:00,Sunday,Eglinton Station,Mechanical,30,30,E/B,8800
2019-10-20,5,07:30:00,Sunday,Davenport and Avenue Road,Diversion,20,230,B/W,
2019-10-20,75,07:30:00,Sunday,Adelaid and  Lower Sherbourne,Diversion,30,60,B/W,
2019-10-20,300,07:37:00,Sunday,Bloor and Bathurst / Bloor and Davenport,Diversion,79,85,B/W,
2019-10-20,96,07:40:00,Sunday,Entire route,Mechanical,1,1,B/W,3347
2019-10-20,63,07:40:00,Sunday,Entire route,Mechanical,1,1,B/W,8373
2019-10-20,131,07:42:00,Sunday,Morningview Tr/Old Finch Ave,Mechanical,26,27,W/B,1313
2019-10-20,83,07:45:00,Sunday,JONES / Woodbine and Queen,Diversion,568,486,B/W,
2019-10-20,92,07:45:00,Sunday,WOODBINE SOUTH / Woodbine and Queen,Diversion,454,466,B/W,
2019-10-20,64,07:45:00,Sunday,MAIN / Southwood and Kingston,Diversion,440,460,B/W,
2019-10-20,121,08:06:00,Sunday,Front/York,General Delay,,20,W/B,8409
2019-10-20,939,08:07:00,Sunday,STC Station,Utilized Off Route,8,16,E/B,3430
2019-10-20,32,08:07:00,Sunday,Eglinton Station,Mechanical,13,23,W/B,1031
2019-10-20,75,08:07:00,Sunday,Bloor/Sherbourne,Diversion,1,20,N/B,1290
2019-10-20,26,08:26:00,Sunday,St George station,Mechanical,22,44,B/W,1525
2019-10-20,61,08:28:00,Sunday,Bombay Loop,Mechanical,17,37,S/B,8305
2019-10-20,63,08:30:00,Sunday,Entire route,Mechanical,1,1,B/W,8307
2019-10-20,165,08:32:00,Sunday,Entire route,Mechanical,1,1,B/W,3522
2019-10-20,600,08:34:00,Sunday,Eglinton and Broadway,Mechanical,1,1,NB,8570
2019-10-20,600,09:30:00,Sunday,Eglinton and St Clair,Mechanical,1,1,,3270
2019-10-20,111,09:33:00,Sunday,Richgrove at Martin Grove,Mechanical,15,30,S/B,8054
2019-10-20,63,09:51:00,Sunday,Entire route,Mechanical,1,1,B/W,8304
2019-10-20,33,10:12:00,Sunday,Spadina & St Clair,Diversion,10,40,N/B,1288
2019-10-20,335,10:15:00,Sunday,Jane and Lawrence,Investigation,10,20,S/B,3343
2019-10-20,935,10:22:00,Sunday,Jane and Lawrence,Emergency Services,9,18,S/B,3569
2019-10-20,161,10:45:00,Sunday,Entire route,Mechanical,1,1,B/W,1413
2019-10-20,65,11:46:00,Sunday,Parliament / Queen,Investigation,15,30,N/B,3107
2019-10-20,85,11:55:00,Sunday,Don Mills stn,Mechanical,6,12,E/B,3425
2019-10-20,89,12:00:00,Sunday,Weston/Albion,Mechanical,10,20,N/B,1019
2019-10-20,76,12:00:00,Sunday,Royal York stn,Mechanical,9,18,S/B,8033
2019-10-20,35,12:00:00,Sunday,Jane Stn to Pioneer Village,General Delay,30,40,B/W,
2019-10-20,22,12:00:00,Sunday,COXWELL / Coxwell Station,General Delay,10,20,B/W,
2019-10-20,75,12:15:00,Sunday,Sherboune and Bloor,Diversion,30,30,N/B,1290
2019-10-20,81,12:30:00,Sunday,Pape stn,Utilized Off Route,8,16,N/B,3121
2019-10-20,102,13:14:00,Sunday,0,Mechanical,0,0,N/B,8474
2019-10-20,68,13:16:00,Sunday,Angus Glen Center,Investigation,30,60,S/B,8626
2019-10-20,985,13:16:00,Sunday,Scarb. Town Centre,Mechanical,12,24,E/B,9063
2019-10-20,84,13:27:00,Sunday,Sheppard Station,Mechanical,7,17,W/B,3356
2019-10-20,68,13:30:00,Sunday,Eglinton and Warden,General Delay,10,20,N/B,8731
2019-10-20,53,13:30:00,Sunday,leslie,Mechanical,5,10,E/B,1200
2019-10-20,36,14:32:00,Sunday,Humberwood loop,Mechanical,5,10,E/B,3703
2019-10-20,35,14:38:00,Sunday,Jane St And John,Investigation,7,14,S/B,3356
2019-10-20,123,14:40:00,Sunday,Kipling Station,Mechanical,20,40,S/B,8012
2019-10-20,32,15:01:00,Sunday,Eglinton & Atlas,Investigation,10,20,E/B,1358
2019-10-20,66,15:01:00,Sunday,Lakeshore and Brookers Ln,Mechanical,20,40,S/B,8086
2019-10-20,41,15:34:00,Sunday,Keele Street / Lawrence West ave.,Investigation,10,20,N/B,1066
2019-10-20,52,15:45:00,Sunday,Caledonia and Lawrence,Mechanical,10,20,,8181
2019-10-20,49,16:50:00,Sunday,Kipling Station,Investigation,30,60,W/B,8052
2019-10-20,92,16:50:00,Sunday,Woodbine & Queen St,Investigation,5,10,N/B,8579
2019-10-20,900,16:55:00,Sunday,Kipling stn,Emergency Services,7,15,N/B,8000
2019-10-20,6,17:15:00,Sunday,Dupont and Davenport,Mechanical,14,28,W/B,1130
2019-10-20,600,17:58:00,Sunday,Wilson Stn,Utilized Off Route,1,1,N/B,8178
2019-10-20,602,17:58:00,Sunday,Kipling Station,Utilized Off Route,1,2,S/B,8099
2019-10-20,9,18:05:00,Sunday,0,Mechanical,0,0,N/B,8533
2019-10-20,161,18:25:00,Sunday,Rogers and Gilbert,Investigation,1,1,W/B,1080
2019-10-20,161,18:32:00,Sunday,Gilbert and Rogers,Investigation,20,40,W/B,1032
2019-10-20,63,18:58:00,Sunday,Eglinton and Marlee,Diversion,10,20,WB,8172
2019-10-20,32,18:58:00,Sunday,Marlee and Eglinton,Diversion,17,27,W/B,
2019-10-20,85,19:40:00,Sunday,Sheppard and Markham,Mechanical,6,11,W/B,1730
2019-10-20,71,19:45:00,Sunday,Mount Dennis Division,Mechanical,10,20,N/B,1030
2019-10-20,7,20:22:00,Sunday,Kenton and Bathurst,Mechanical,7,15,N/B,8106
2019-10-20,67,20:37:00,Sunday,Lawrence & Pharmacy,Diversion,1,0,N/B,8727
2019-10-20,102,20:59:00,Sunday,Sheppard and Wilson Heights,Mechanical,20,40,E/B,8347
2019-10-20,63,21:56:00,Sunday,Atlantic and King,Mechanical,10,20,N/B,8206
2019-10-20,35,22:30:00,Sunday,Jane Stn,Investigation,9,18,N/B,3224
2019-10-20,65,22:30:00,Sunday,Parliament & Queen St,Mechanical,15,30,S/B,8406
2019-10-20,161,22:42:00,Sunday,Rogers and Bicknell,Mechanical,20,40,E/B,1413
2019-10-20,94,23:00:00,Sunday,OSSINGTON STATION,Mechanical,7,14,E/B,1348
2019-10-20,95,23:10:00,Sunday,Ellesmere and McCowan,Mechanical,10,20,E/B,1308
2019-10-20,39,23:30:00,Sunday,Finch sttaion to Sewells,General Delay,10,20,B/W,
2019-10-21,60,00:27:00,Monday,Finch station,Mechanical,8,17,W/B,3287
2019-10-21,52,01:18:00,Monday,Lawrence W Stn,Mechanical,20,40,,8360
2019-10-21,36,01:30:00,Monday,Finch station,Mechanical,10,20,W/B,9108
2019-10-21,302,03:20:00,Monday,McCowan and St. Andrew's Rd,Investigation,30,60,N/B,8562
2019-10-21,24,04:49:00,Monday,VICTORIA PARK / Victoria Park Station,Diversion,1,1,B/W,
2019-10-21,600,05:34:00,Monday,High Park Loop,Utilized Off Route,1,1,B/W,1131
2019-10-21,607,05:38:00,Monday,Main stn,Utilized Off Route,,,W/B,9203
2019-10-21,607,05:43:00,Monday,Warden stn,Utilized Off Route,,,W/B,8583
2019-10-21,600,05:46:00,Monday,Mt Dennis Garage,Utilized Off Route,1,1,B/W,1521
2019-10-21,601,05:53:00,Monday,Arrow garage,Utilized Off Route,,,S/B,3357
2019-10-21,924,06:02:00,Monday,VICTORIA PARK EXP/ Victoria Park Station,Diversion,1,1,B/W,
2019-10-21,32,06:12:00,Monday,Tretheway and Jane,Mechanical,4,9,E/B,1078
2019-10-21,706,06:14:00,Monday,Victoria pk stn,Utilized Off Route,,,W/B,8477
2019-10-21,32,06:16:00,Monday,Caledonia and Eglinton,Investigation,12,12,E/B,1407
2019-10-21,42,06:18:00,Monday,Finch Station - Leslie and McNicoll,Utilized Off Route,1,1,BW,8388
2019-10-21,95,06:22:00,Monday,Kingston Road Loop,Mechanical,8,16,W/B,3555
2019-10-21,50,06:45:00,Monday,Islington Station,Mechanical,11,22,W/B,8088
2019-10-21,71,07:22:00,Monday,Industry Street at Mount Dennis Garage,Mechanical,9,18,S/B,1264
2019-10-21,91,07:24:00,Monday,Brookbanks Dr,Mechanical,12,24,S/B,8562
2019-10-21,168,07:25:00,Monday,Old Weston/Davenport,Investigation,11,22,S/B,1124
2019-10-21,145,07:40:00,Monday,Richmond & Portland,Diversion,58,116,W/B,8087
2019-10-21,111,07:57:00,Monday,Eglinton and Martin Grove,Investigation,11,22,N/B,8097
2019-10-21,63,07:58:00,Monday,Oakwood Loop,Mechanical,4,8,S/B,8386
2019-10-21,65,08:00:00,Monday,Entire route,General Delay,10,23,S/B,
2019-10-21,939,08:00:00,Monday,Route 939,General Delay,16,21,B/W,
2019-10-21,60,08:15:00,Monday,Palm Gate Blvd on Steeles Ave West,Investigation,7,14,WB,3233
2019-10-21,32,08:23:00,Monday,Renforth Station,Vision,7,14,E/B,1059
2019-10-21,32,08:27:00,Monday,Wincott and Eglinton,Mechanical,8,19,W/B,1614
2019-10-21,986,08:47:00,Monday,Kennedy Station,Mechanical,5,5,N/B,8923
2019-10-21,939,09:27:00,Monday,Finch stn,Mechanical,7,15,E/B,1385
2019-10-21,116,09:30:00,Monday,Kennedy Station,Mechanical,10,20,N/B,8635
2019-10-21,97,09:41:00,Monday,Hilda and Steeles,Mechanical,30,60,S/B,8355
2019-10-21,125,09:45:00,Monday,Drewry Route,Utilized Off Route,1,1,BW,8388
2019-10-21,22,09:50:00,Monday,Coxwell Station,Mechanical,8,16,S/B,8963
2019-10-21,996,10:01:00,Monday,York Mills Station,Mechanical,1,1,E/B,3509
2019-10-21,65,10:43:00,Monday,Castle Frank Station,Mechanical,13,26,S/B,8521
2019-10-21,36,10:50:00,Monday,martin grove,Mechanical,5,10,W/B,9123
2019-10-21,126,11:20:00,Monday,Christie/Lambertlodge,Mechanical,15,15,N/B,1062
2019-10-21,90,11:30:00,Monday,St. Clair West Stn,Utilized Off Route,10,20,N/B,8147
2019-10-21,125,11:45:00,Monday,Drewry Route,Utilized Off Route,1,1,BW,1315
2019-10-21,126,11:50:00,Monday,christie and stclair,Investigation,15,15,S/B,1325
2019-10-21,56,11:50:00,Monday,Donald and Warland ave,Mechanical,10,20,S/B,1241
2019-10-21,98,12:35:00,Monday,Steeles and Willowdale,Diversion,110,130,B/W,
2019-10-21,63,12:40:00,Monday,Ossington/College,Mechanical,5,10,N/B,8172
2019-10-21,935,12:48:00,Monday,Jane and Weston,Investigation,10,19,S/B,3226
2019-10-21,35,12:53:00,Monday,Jane and Sheppard,Mechanical,7,14,S/B,3523
2019-10-21,123,13:08:00,Monday,Kipling Station,Mechanical,21,42,W/B,8020
2019-10-21,133,13:14:00,Monday,Nielson and Ellesmere,Mechanical,11,22,service,3459
2019-10-21,110,13:57:00,Monday,Longbranch Loop.,Mechanical,18,36,E/B,8065
2019-10-21,37,14:00:00,Monday,Bothways on Islington,General Delay,20,1,B/W,
2019-10-21,47,14:19:00,Monday,Lansdowne and Bloor,Diversion,77,86,B/W,
2019-10-21,125,14:25:00,Monday,Antibes / Torresdale,Mechanical,12,22,E/B,1228
2019-10-21,60,14:29:00,Monday,Steeles / Hwy 27,Diversion,46,55,E/B,3244
2019-10-21,36,14:34:00,Monday,Sentinel,Diversion,52,62,W/B,9130
2019-10-21,927,14:35:00,Monday,Steeles/HWY 27,Diversion,20,36,W/B,3225
2019-10-21,47,14:40:00,Monday,Caledonia and Innis,Diversion,44,59,S/B,
2019-10-21,133,14:42:00,Monday,McCowan Rd. / Ellesmere Rd,Mechanical,8,16,E/B,1561
2019-10-21,984,14:49:00,Monday,Sheppard West Station,Mechanical,10,20,E/B,3232
2019-10-21,123,15:11:00,Monday,Sherway Gardens,Emergency Services,21,42,E/B,8018
2019-10-21,52,15:25:00,Monday,Lawrence West Station,Mechanical,14,28,E/B,1248
2019-10-21,939,15:36:00,Monday,Scarborough Town Center,Mechanical,12,22,E/B,1206
2019-10-21,32,15:37:00,Monday,Pine and Lawrence,Mechanical,9,19,,1359
2019-10-21,123,15:42:00,Monday,Sherway gardens,Utilized Off Route,16,32,N/B,7979
2019-10-21,72,15:45:00,Monday,Queens Quay and Yonge St,Investigation,24,42,E/B,9218
2019-10-21,123,15:50:00,Monday,Sherway Gardens,Investigation,11,22,E/B,8083
2019-10-21,46,16:06:00,Monday,Kipling Station,Mechanical,11,22,S/B,3574
2019-10-21,96,16:15:00,Monday,Claireville and Hudder,Investigation,25,50,S/B,3339
2019-10-21,95,16:20:00,Monday,Warden and Ellesmere,Investigation,11,21,W/B,1701
2019-10-21,985,16:52:00,Monday,Bridlewood and Sheppard Ave,Investigation,10,20,E/B,9058
2019-10-21,165,16:58:00,Monday,steeles and barmac,Mechanical,9,18,S/B,3317
2019-10-21,944,17:00:00,Monday,Humber college,Mechanical,9,18,N/B,8602
2019-10-21,60,17:05:00,Monday,Pioneer Village stn,Mechanical,9,18,W/B,3359
2019-10-21,72,17:18:00,Monday,Pape Station,Mechanical,10,20,S/B,8514
2019-10-21,36,17:33:00,Monday,Finch and Martin Grove,Mechanical,6,12,E/B,9127
2019-10-21,15,17:51:00,Monday,Old Mill Station,Mechanical,13,26,S/B,8064
2019-10-21,47,18:10:00,Monday,Yorkdale,Mechanical,15,30,S/B,1132
2019-10-21,102,18:34:00,Monday,Warden station,Utilized Off Route,20,40,N/B,8459
2019-10-21,45,18:35:00,Monday,Rexdale and kipling,Mechanical,9,18,N/B,7959
2019-10-21,16,18:35:00,Monday,Danforth and Midland,Mechanical,9,18,S/B,3126
2019-10-21,102,18:35:00,Monday,Warden station,Utilized Off Route,22,44,N/B,8409
2019-10-21,60,18:40:00,Monday,Steeles / Bathurst,Mechanical,9,18,W/B,3363
2019-10-21,86,18:44:00,Monday,Kennedy Station,Emergency Services,18,36,E/B,8629
2019-10-21,76,18:47:00,Monday,Royal York Station,Investigation,5,10,S/B,7961
2019-10-21,68,18:47:00,Monday,Warden / Ellesmere Rd,Mechanical,31,62,N/B,8747
2019-10-21,102,19:00:00,Monday,Nugget and Marjham,Mechanical,10,20,S/B,8537
2019-10-21,60,19:15:00,Monday,Steeles / Bathurst,Mechanical,9,18,W/B,3485
2019-10-21,87,19:32:00,Monday,Broadview Station,Investigation,9,18,N/B,3106
2019-10-21,113,19:48:00,Monday,Main Station,Mechanical,20,40,E/B,8582
2019-10-21,96,20:34:00,Monday,Wilson and Yonge,Investigation,26,52,W/B,3568
2019-10-21,7,21:14:00,Monday,greenwin village and bathurst,Mechanical,8,16,S/B,8214
2019-10-21,32,22:41:00,Monday,caledonia and eglinton,Mechanical,11,22,W/B,1029
2019-10-21,68,22:55:00,Monday,Warden and Boem,Diversion,15,30,S/B,
2019-10-21,15,23:04:00,Monday,Sherway gardens,Mechanical,15,30,E/B,8064
2019-10-21,60,23:27:00,Monday,Steeles and Martin Grove,Mechanical,17,34,E/B,3363
2019-10-21,25,23:28:00,Monday,Don Mills and Overlea,Mechanical,10,20,S/B,8809
2019-10-22,90,00:00:00,Tuesday,stclair west station,Utilized Off Route,10,20,E/B,8163
2019-10-22,39,00:30:00,Tuesday,Finch east and Kennedy,Mechanical,20,40,W/B,1341
2019-10-22,300,03:06:00,Tuesday,Bloor Street and Palmerston Blvd,Investigation,20,40,W/B,8936
2019-10-22,320,03:59:00,Tuesday,Crescent rd and Yonge,Diversion,21,29,B/W,8349
2019-10-22,5,05:00:00,Tuesday,AVENUE ROAD/ COLLEGE,Diversion,720,750,B/W,
2019-10-22,42,05:28:00,Tuesday,Dynamic Drive at McNicoll Ave,Utilized Off Route,1,1,WB,1400
2019-10-22,54,06:00:00,Tuesday,Warden and Lawrence,Mechanical,8,16,W/B,8662
2019-10-22,53,06:01:00,Tuesday,Fairway Heights Drive on Steeles Ave East,Mechanical,6,11,Wb,1703
2019-10-22,116,06:20:00,Tuesday,Eglinton at Kingston,Vision,12,24,W/B,8652
2019-10-22,84,06:22:00,Tuesday,Sheppard Yonge Station,Mechanical,11,22,W/B,3302
2019-10-22,986,06:30:00,Tuesday,Kennedy Station - Meadowvale Loop,General Delay,20,25,B/W,
2019-10-22,129,07:00:00,Tuesday,Scarborough Town Center to Major MacKenzie,General Delay,10,23,B/W,
2019-10-22,162,07:14:00,Tuesday,Roe Loop,Mechanical,10,20,S/B,1340
2019-10-22,38,07:15:00,Tuesday,Scarborough Town Center to Rouge Hill GO Stn,General Delay,9,20,B/W,
2019-10-22,133,07:15:00,Tuesday,Scarborough to Morningside/Finch,General Delay,8,19,B/W,
2019-10-22,600,07:15:00,Tuesday,Wilson station,Utilized Off Route,1,1,B/W,1420
2019-10-22,46,07:16:00,Tuesday,Steels & Martin Grove,Mechanical,11,22,N/B,3709
2019-10-22,709,07:20:00,Tuesday,Ossington Station,Utilized Off Route,1,1,B/W,1553
2019-10-22,601,07:20:00,Tuesday,EGLINTON STATION,Utilized Off Route,1,1,B/W,1315
2019-10-22,610,07:25:00,Tuesday,WARDEN STATION,Utilized Off Route,1,1,B/W,8894
2019-10-22,607,07:26:00,Tuesday,Finch stn,Utilized Off Route,,,S/B,1688
2019-10-22,17,07:30:00,Tuesday,Birchmount rd,General Delay,10,1,B/W,
2019-10-22,939,07:30:00,Tuesday,Route 939,General Delay,12,17,B/W,
2019-10-22,39,07:30:00,Tuesday,Route 39,General Delay,12,17,B/W,
2019-10-22,42,07:33:00,Tuesday,Leslie St on Cummer Ave,Utilized Off Route,1,1,WB,3304
2019-10-22,995,07:35:00,Tuesday,Mondeo and Ellesmere,Diversion,36,50,bw,3458
2019-10-22,95,07:35:00,Tuesday,Ellesmere and Mondeo,Diversion,35,45,bw,1310
2019-10-22,32,07:51:00,Tuesday,Renforth Station,Mechanical,7,14,E/B,1073
2019-10-22,46,07:55:00,Tuesday,Rexdale & Martin Grove,Investigation,13,26,S/B,3221
2019-10-22,84,08:00:00,Tuesday,Weston Rd and Bradstock Rd to Sheppard-Yoge Station,General Delay,15,25,B/W,
2019-10-22,169,08:00:00,Tuesday,Don Mills STN to Scarborough Town Center,General Delay,10,36,B/W,
2019-10-22,984,08:00:00,Tuesday,Weston Rd and Bradstock rd to Sheppard-Yonge Station,General Delay,15,25,B/W,
2019-10-22,939,08:02:00,Tuesday,Finch stn,Investigation,7,15,E/B,1707
2019-10-22,609,08:08:00,Tuesday,Dundas west stn (on route 505),Mechanical,,,E/B,1420
2019-10-22,15,08:11:00,Tuesday,Kipling & Evans,Mechanical,13,26,W/B,8066
2019-10-22,607,08:26:00,Tuesday,Finch stn,Utilized Off Route,,,S/B,1400
2019-10-22,116,08:28:00,Tuesday,Morningside at Military Trail,Mechanical,6,12,N/B,8723
2019-10-22,924,08:38:00,Tuesday,Victoria Park Ave/Eglinton Ave E,Mechanical,10,19,N/B,8575
2019-10-22,25,08:45:00,Tuesday,Selkirk St,Investigation,8,16,S/B,8775
2019-10-22,97,08:57:00,Tuesday,Yonge and Bloor,Diversion,90,120,N/B,1384
2019-10-22,6,09:08:00,Tuesday,Bay and Carlton,Mechanical,5,10,B/W,1112
2019-10-22,939,09:20:00,Tuesday,Finch and Brahms,Mechanical,7,15,E/B,1240
2019-10-22,48,09:23:00,Tuesday,Royal york mills,Mechanical,13,27,W/B,8413
2019-10-22,133,09:25:00,Tuesday,Neilson and Tapscott,Diversion,184,195,S/B,
2019-10-22,90,09:32:00,Tuesday,St. Clair West Station,Utilized Off Route,10,20,N/B,1247
2019-10-22,85,09:33:00,Tuesday,Malvern Gate,Mechanical,15,22,E/B,3529
2019-10-22,63,09:35:00,Tuesday,Oakwood Loop,Utilized Off Route,5,10,S/B,8325
2019-10-22,41,09:43:00,Tuesday,St Clair / Old Weston Road,Mechanical,14,28,S/B,
2019-10-22,24,09:44:00,Tuesday,Victoria Park Ave/Steeles Ave E,Mechanical,10,20,S/B,8761
2019-10-22,94,09:45:00,Tuesday,Sherbourne& wellesley and Queens park,General Delay,18,32,B/W,
2019-10-22,125,09:45:00,Tuesday,Drewry Route,Utilized Off Route,1,1,BW,3304
2019-10-22,60,10:00:00,Tuesday,Finch Station,Mechanical,9,19,NB,3258
2019-10-22,32,10:03:00,Tuesday,Eglinton station,Mechanical,1,1,E/B,1139
2019-10-22,53,10:05:00,Tuesday,Steeles and Leslie,General Delay,25,50,E/B,1339
2019-10-22,76,10:10:00,Tuesday,Royal York and Melrose,Investigation,10,20,N/B,8604
2019-10-22,996,10:20:00,Tuesday,Martin Grove and West Humber Blvd,Mechanical,12,24,E/B,3595
2019-10-22,939,10:30:00,Tuesday,McCowan and Sheppard,Mechanical,9,17,N/B,1526
2019-10-22,707,10:39:00,Tuesday,Finch stn,Utilized Off Route,,,S/B,3487
2019-10-22,21,10:42:00,Tuesday,Brimley and Steeles,Mechanical,12,24,S/B,1323
2019-10-22,122,11:05:00,Tuesday,Roywoods and Fenside,Mechanical,17,34,W/B,8373
2019-10-22,111,11:06:00,Tuesday,Kipling Station,Mechanical,15,30,N/B,8062
2019-10-22,939,12:55:00,Tuesday,Scarborough Town Center,Mechanical,8,17,E/B,3422
2019-10-22,60,13:10:00,Tuesday,,Investigation,9,18,W/B,3301
2019-10-22,73,13:18:00,Tuesday,St Phillips and Weston,Mechanical,17,34,S/B,8457
2019-10-22,34,13:19:00,Tuesday,Kennedy station,Mechanical,12,24,WB,8742
2019-10-22,985,13:41:00,Tuesday,STC,Mechanical,12,24,N/B,9086
2019-10-22,37,14:00:00,Tuesday,Islington Station,Mechanical,25,50,N/B,8044
2019-10-22,53,14:06:00,Tuesday,Woodbine on Steeles,Mechanical,23,46,E/B,3418
2019-10-22,702,14:22:00,Tuesday,Sherway Gardens,Utilized Off Route,1,1,E/B,8437
2019-10-22,939,14:33:00,Tuesday,Finch Station,Utilized Off Route,8,17,E/B,1651
2019-10-22,168,14:35:00,Tuesday,Dundas West Station,Utilized Off Route,13,25,S/B,1555
2019-10-22,122,14:35:00,Tuesday,Wilson and Avenue,Utilized Off Route,11,23,W/B,8123
2019-10-22,36,14:36:00,Tuesday,Finch Station,Utilized Off Route,5,10,W/B,3567
2019-10-22,165,14:37:00,Tuesday,York Mills Stn,Utilized Off Route,10,20,W/B,3243
2019-10-22,60,14:38:00,Tuesday,Finch stn,Utilized Off Route,9,18,W/B,3270
2019-10-22,35,14:38:00,Tuesday,Jane and St.Clair,Utilized Off Route,5,10,S/B,3485
2019-10-22,600,14:39:00,Tuesday,Neptune and Bathurst,Utilized Off Route,1,1,S/B,8131
2019-10-22,706,14:39:00,Tuesday,Pape Station,Utilized Off Route,1,1,E/B,8553
2019-10-22,98,14:40:00,Tuesday,Sheppard and Yonge,Utilized Off Route,15,30,E/B,8321
2019-10-22,45,14:40:00,Tuesday,Kipling Station,Utilized Off Route,8,16,N/B,8027
2019-10-22,60,14:43:00,Tuesday,Finch stn,Utilized Off Route,9,18,W/B,3310
2019-10-22,32,14:44:00,Tuesday,Eglinton Stn,Utilized Off Route,9,19,,1024
2019-10-22,32,14:45:00,Tuesday,Eglinton Stn,Utilized Off Route,10,19,,1015
2019-10-22,54,14:45:00,Tuesday,warden & lawrence,Utilized Off Route,10,20,E/B,8664
2019-10-22,96,14:45:00,Tuesday,York Mills Stn,Utilized Off Route,24,48,W/B,3476
2019-10-22,63,14:45:00,Tuesday,Eglinton West Stn,Utilized Off Route,3,9,S/B,8329
2019-10-22,52,14:45:00,Tuesday,Lawrence Station,Utilized Off Route,13,27,W/B,8368
2019-10-22,34,14:46:00,Tuesday,Eglinton Station,Utilized Off Route,12,24,E/B,8727
2019-10-22,52,14:46:00,Tuesday,Lawrence Station,Utilized Off Route,15,24,W/B,1352
2019-10-22,51,14:49:00,Tuesday,york mills and leslie,Utilized Off Route,21,42,E/B,8156
2019-10-22,57,14:49:00,Tuesday,Midland south of Passmore,Diversion,8,16,S/B,8750
2019-10-22,42,14:49:00,Tuesday,Finch stn,Utilized Off Route,8,15,W/B,1283
2019-10-22,36,14:50:00,Tuesday,Finch station,Utilized Off Route,5,10,W/B,3331
2019-10-22,95,14:50:00,Tuesday,York Mills Station,Utilized Off Route,10,20,E/B,1308
2019-10-22,89,14:50:00,Tuesday,Keele Stn.,Utilized Off Route,11,20,S/B,1137
2019-10-22,602,14:50:00,Tuesday,Steeles and Kipling Loop,Utilized Off Route,1,1,S/B,8030
2019-10-22,134,14:53:00,Tuesday,STC,Utilized Off Route,7,14,E/B,9094
2019-10-22,83,14:53:00,Tuesday,Don mills station,Mechanical,22,36,S/B,8476
2019-10-22,7,14:55:00,Tuesday,Bathurst Station,Utilized Off Route,7,14,N/B,8219
2019-10-22,165,14:55:00,Tuesday,York Mills Stn,Utilized Off Route,9,17,W/B,3179
2019-10-22,34,14:56:00,Tuesday,Eglinton Station,Utilized Off Route,6,12,E/B,8662
2019-10-22,34,14:58:00,Tuesday,Eglinton Station,Utilized Off Route,13,26,E/B,8694
2019-10-22,60,14:59:00,Tuesday,Finch stn,Utilized Off Route,9,18,W/B,3579
2019-10-22,35,15:00:00,Tuesday,Jane Stn,Mechanical,5,10,N/B,1707
2019-10-22,902,15:00:00,Tuesday,Warden Stn,Utilized Off Route,10,20,N/B,8542
2019-10-22,57,15:00:00,Tuesday,Midland at Passmore,Diversion,143,151,B/W,
2019-10-22,63,15:00:00,Tuesday,Eglinton West Stn,Utilized Off Route,10,19,S/B,1251
2019-10-22,52,15:04:00,Tuesday,Lawrence Station,Utilized Off Route,14,24,W/B,8167
2019-10-22,75,15:04:00,Tuesday,Bllor and Sherbourne,Utilized Off Route,8,9,S/B,8375
2019-10-22,937,15:05:00,Tuesday,Islington and Eglinton,Vision,12,24,S/B,8073
2019-10-22,85,15:05:00,Tuesday,Don Mills Stn,Utilized Off Route,13,23,E/B,1661
2019-10-22,996,15:06:00,Tuesday,Yorkmills Stn,Utilized Off Route,12,23,,3198
2019-10-22,47,15:08:00,Tuesday,Lansdowne and Seaforth,Investigation,7,15,N/B,1410
2019-10-22,95,15:08:00,Tuesday,Bayview and York Mills,Utilized Off Route,10,20,W/B,1611
2019-10-22,960,15:10:00,Tuesday,Finch stn,Utilized Off Route,9,18,W/B,3273
2019-10-22,924,15:16:00,Tuesday,Victoria Park and Steeles,Utilized Off Route,10,19,S/B,8570
2019-10-22,168,15:20:00,Tuesday,Avon Loop,Utilized Off Route,7,15,N/B,1085
2019-10-22,127,15:20:00,Tuesday,Spadina Stn,Utilized Off Route,15,30,W/B,1281
2019-10-22,94,15:20:00,Tuesday,Castle Frank Station,Utilized Off Route,15,30,E/B,1095
2019-10-22,79,15:20:00,Tuesday,Runnymemde Stn,Utilized Off Route,9,17,N/B,1143
2019-10-22,69,15:24:00,Tuesday,Warden Stn.,Mechanical,9,18,S/B,9226
2019-10-22,69,15:24:00,Tuesday,Warden Stn.,Mechanical,9,18,S/B,9226
2019-10-22,701,15:25:00,Tuesday,Wilson Garage,Utilized Off Route,1,1,E/B,8114
2019-10-22,56,15:28:00,Tuesday,wilson garage,Utilized Off Route,18,36,E/B,1364
2019-10-22,600,15:30:00,Tuesday,STC,Utilized Off Route,1,1,W/B,8831
2019-10-22,709,15:33:00,Tuesday,Oakwood Loop,Utilized Off Route,1,1,E/B,1074
2019-10-22,57,15:39:00,Tuesday,Midland at McNicoll,Diversion,8,16,N/B,8738
2019-10-22,41,15:45:00,Tuesday,Keele and Grandravine,Emergency Services,8,16,N/B,9101
2019-10-22,53,16:00:00,Tuesday,53 Steeles,General Delay,6,12,B/W,0
2019-10-22,63,16:03:00,Tuesday,Eglinton west station,Emergency Services,8,16,N/B,8183
2019-10-22,701,16:16:00,Tuesday,Bathurst and Lawrence,Utilized Off Route,1,1,W/B,8114
2019-10-22,35,16:16:00,Tuesday,Jane Stn,Utilized Off Route,5,10,N/B,3330
2019-10-22,97,16:20:00,Tuesday,Hilda and Steeles to Queens Quay and Yonge,General Delay,60,90,B/W,
2019-10-22,600,16:20:00,Tuesday,Pioneer Village stn,Utilized Off Route,1,1,W/B,3346
2019-10-22,168,16:20:00,Tuesday,St.Clair/Bathurst,Utilized Off Route,8,15,W/B,1085
2019-10-22,719,16:20:00,Tuesday,Eglinton Stn,Utilized Off Route,1,1,,1072
2019-10-22,7,16:24:00,Tuesday,Bathurst Station,Utilized Off Route,7,14,N/B,8341
2019-10-22,96,16:25:00,Tuesday,york millls station,Utilized Off Route,8,16,E/B,3207
2019-10-22,935,16:26:00,Tuesday,Jane Stn,Utilized Off Route,10,20,N/B,3253
2019-10-22,927,16:26:00,Tuesday,Kipling Station,Utilized Off Route,12,24,S/B,3278
2019-10-22,34,16:29:00,Tuesday,Leslie and Eglinton,Utilized Off Route,6,12,E/B,8928
2019-10-22,37,16:30:00,Tuesday,Islington Station,Utilized Off Route,12,24,N/B,8047
2019-10-22,85,16:30:00,Tuesday,Don Mills Stn,Utilized Off Route,13,26,E/B,3520
2019-10-22,90,16:30:00,Tuesday,St Clair Stn,Utilized Off Route,6,12,,1247
2019-10-22,94,16:31:00,Tuesday,Castle Frank Station,Utilized Off Route,16,32,W/B,1267
2019-10-22,11,16:32:00,Tuesday,Davisville Station,Utilized Off Route,15,30,N/B,8130
2019-10-22,39,16:32:00,Tuesday,Finch Station,Utilized Off Route,15,29,E/B,3541
2019-10-22,72,16:36:00,Tuesday,Pape south of Danforth,Mechanical,21,42,S/B,9235
2019-10-22,935,16:37:00,Tuesday,Jane Stn,Utilized Off Route,10,20,N/B,3563
2019-10-22,935,16:37:00,Tuesday,Jane Stn,Utilized Off Route,10,20,N/B,3563
2019-10-22,12,16:39:00,Tuesday,Birchmount/ Danforth,Utilized Off Route,20,40,W/B,8527
2019-10-22,706,16:39:00,Tuesday,Main St Station,Utilized Off Route,1,1,W/B,3115
2019-10-22,960,16:40:00,Tuesday,Finch stn,Utilized Off Route,9,18,W/B,3546
2019-10-22,102,16:40:00,Tuesday,Warden Stn,Utilized Off Route,22,44,N/B,8955
2019-10-22,165,16:40:00,Tuesday,`york mills station,Utilized Off Route,12,24,E/B,3291
2019-10-22,24,16:40:00,Tuesday,Don Mills Station,Utilized Off Route,18,36,W/B,3136
2019-10-22,32,16:44:00,Tuesday,Eglinton Stn,Utilized Off Route,10,19,,1136
2019-10-22,25,16:45:00,Tuesday,Donmills Station,Utilized Off Route,5,11,S/B,8775
2019-10-22,989,16:45:00,Tuesday,Keele Stn.,Utilized Off Route,14,27,S/B,1359
2019-10-22,602,16:46:00,Tuesday,Steeles and Clalirport,Utilized Off Route,1,1,E/B,8024
2019-10-22,902,16:48:00,Tuesday,Birchmount Division,Utilized Off Route,10,20,N/B,3143
2019-10-22,96,16:50:00,Tuesday,york mills station,Utilized Off Route,8,16,E/B,3228
2019-10-22,56,16:50:00,Tuesday,donlands st.,Utilized Off Route,18,36,E/B,1364
2019-10-22,133,16:55:00,Tuesday,STC,Utilized Off Route,8,16,E/B,3536
2019-10-22,32,16:59:00,Tuesday,Eglinton Stn,Utilized Off Route,101,19,,1603
2019-10-22,953,17:00:00,Tuesday,953 Steeles express,General Delay,8,16,B/W,0
2019-10-22,168,17:05:00,Tuesday,Avon loop,Utilized Off Route,7,15,N/B,1361
2019-10-22,927,17:05:00,Tuesday,Kipling Station,Utilized Off Route,6,12,S/B,3263
2019-10-22,135,17:05:00,Tuesday,Warden Stn,Mechanical,20,40,S/B,8556
2019-10-22,90,17:06:00,Tuesday,St Clair Stn,Utilized Off Route,6,12,,
2019-10-22,53,17:07:00,Tuesday,Steeles and Mt Castle Gate,Diversion,6,12,E/B,0
2019-10-22,35,17:10:00,Tuesday,Jane and Finch,Utilized Off Route,5,10,N/B,3354
2019-10-22,165,17:10:00,Tuesday,york mills station,Utilized Off Route,8,18,E/B,3277
2019-10-22,984,17:11:00,Tuesday,Sheppard Station,Utilized Off Route,9,18,W/B,3324
2019-10-22,134,17:15:00,Tuesday,STC,Utilized Off Route,5,10,E/B,1327
2019-10-22,84,17:15:00,Tuesday,Sheppard at Min Ave,Emergency Services,15,30,E/B,3489
2019-10-22,60,17:20:00,Tuesday,Steeles / Norfinch,Diversion,80,89,W/B,3211
2019-10-22,53,17:28:00,Tuesday,Steeles and Tarbert,Investigation,5,10,W/B,3513
2019-10-22,43,17:30:00,Tuesday,Scarborough Town centre,Mechanical,15,30,S/B,8706
2019-10-22,68,17:30:00,Tuesday,Warden Station,Utilized Off Route,7,14,N/B,8901
2019-10-22,39,17:30:00,Tuesday,Finch Sattion,Utilized Off Route,15,30,E/B,3440
2019-10-22,129,17:30:00,Tuesday,STC,Utilized Off Route,5,10,N/B,1561
2019-10-22,927,17:40:00,Tuesday,Kipling Station,Utilized Off Route,6,12,S/B,3328
2019-10-22,134,17:50:00,Tuesday,Centenniel College,Mechanical,5,10,W/B,9076
2019-10-22,995,17:50:00,Tuesday,York Mills and Don Mills,Investigation,11,21,W/B,1550
2019-10-22,927,18:00:00,Tuesday,Steeles/Martin Grove,Utilized Off Route,6,12,N/B,3350
2019-10-22,51,18:04:00,Tuesday,eglinton station,Utilized Off Route,21,42,E/B,8156
2019-10-22,927,18:05:00,Tuesday,kipling station,Utilized Off Route,1,1,S/B,3599
2019-10-22,35,18:10:00,Tuesday,Pioneer Village Stn,Mechanical,5,10,S/B,3707
2019-10-22,113,18:20:00,Tuesday,Danforth/ Victoria Park,Mechanical,11,22,W/B,8519
2019-10-22,165,18:21:00,Tuesday,york mills station,Utilized Off Route,8,16,E/B,3561
2019-10-22,924,18:24:00,Tuesday,Victoria Park station,Mechanical,9,18,S/B,8470
2019-10-22,6,18:55:00,Tuesday,Davenport and Dupont,Mechanical,7,15,N/B,1590
2019-10-22,71,19:07:00,Tuesday,Rockcliff & Hector/ Alliance,Mechanical,9,18,N/B,1357
2019-10-22,75,19:10:00,Tuesday,Queen/ Sherbourne,Investigation,10,20,S/B,1214
2019-10-22,24,19:12:00,Tuesday,Don Mills Station,Mechanical,9,18,S/B,9210
2019-10-22,935,19:25:00,Tuesday,Jane and Finch,Mechanical,10,20,S/B,3586
2019-10-22,925,19:43:00,Tuesday,Pape Station,Mechanical,10,20,N/B,8620
2019-10-22,20,19:54:00,Tuesday,Kennedy station,Mechanical,20,40,S/B,3141
2019-10-22,34,20:00:00,Tuesday,Eglinton & Brentcliff,Investigation,16,32,W/B,8801
2019-10-22,989,20:08:00,Tuesday,Kipling Station,Utilized Off Route,1,1,S/B,111
2019-10-22,53,20:20:00,Tuesday,Steeles and Don Mills,Mechanical,5,20,E/B,1744
2019-10-22,112,21:08:00,Tuesday,Kipling Stn,Mechanical,15,30,N/B,8090
2019-10-22,53,21:15:00,Tuesday,Finch station,Mechanical,5,10,E/B,1631
2019-10-22,86,21:57:00,Tuesday,Kennedy STN,Utilized Off Route,10,20,E/B,8913
2019-10-22,116,21:58:00,Tuesday,Morningside and Sheppard,Utilized Off Route,10,20,E/B,8898
2019-10-22,84,22:09:00,Tuesday,Sheppard Station,Utilized Off Route,10,19,W/B,3227
2019-10-22,36,22:10:00,Tuesday,Finch station,Utilized Off Route,10,20,W/B,3337
2019-10-22,96,22:13:00,Tuesday,York Mills Stn,Utilized Off Route,21,42,S/B,3294
2019-10-22,72,22:15:00,Tuesday,Lakeshore & Parliament,Emergency Services,18,36,E/B,8511
2019-10-22,95,22:15:00,Tuesday,Yorkmills stn,Utilized Off Route,10,20,E/B,1566
2019-10-22,7,22:21:00,Tuesday,Lawrence,Mechanical,9,18,N/B,8315
2019-10-22,72,22:25:00,Tuesday,Bay & Front,Investigation,18,36,E/B,8540
2019-10-22,34,22:37:00,Tuesday,Eglinton Station,Utilized Off Route,11,19,E/B,8877
2019-10-22,87,22:44:00,Tuesday,Broadview Station,Utilized Off Route,11,22,N/B,8962
2019-10-22,6,22:45:00,Tuesday,Bay & Front,Diversion,70,100,BW,1605
2019-10-22,72,22:45:00,Tuesday,Front & Bay,Diversion,70,88,B/W,8584
2019-10-22,87,23:12:00,Tuesday,Cosburn & Donlands,Emergency Services,11,22,E/B,8400
2019-10-22,22,23:20:00,Tuesday,Coxwell Loop,Diversion,34,44,B/W,8451
2019-10-23,54,00:05:00,Wednesday,Eglinton Station,Mechanical,20,40,E/B,8931
2019-10-23,24,00:10:00,Wednesday,Victoria Park/ Holland dr,Investigation,9,18,N/B,3145
2019-10-23,41,00:16:00,Wednesday,Keele Stn,Investigation,25,50,N/B,9101
2019-10-23,300,02:16:00,Wednesday,Spadina Ave and Bloor Street,Emergency Services,20,40,E/B,8018
2019-10-23,396,03:37:00,Wednesday,York Mills Station,Investigation,30,43,E/B,3218
2019-10-23,320,04:02:00,Wednesday,Steeles & Yonge Loop,Mechanical,3,19,S/B,8215
2019-10-23,334,04:15:00,Wednesday,Kennedy satn,Investigation,30,60,E/B,8676
2019-10-23,300,04:35:00,Wednesday,Danforth/Danforth,Mechanical,20,40,W/B,3129
2019-10-23,52,04:55:00,Wednesday,DUFFERIN/LAWRENCE,Mechanical,28,35,W/B,1275
2019-10-23,339,05:20:00,Wednesday,Finch and Markham,Investigation,,,N/B,1727
2019-10-23,116,05:23:00,Wednesday,Kennedy stn,Mechanical,7,14,S/B,8684
2019-10-23,716,06:00:00,Wednesday,Victoria Park Station,Utilized Off Route,1,1,N/B,8564
2019-10-23,116,06:10:00,Wednesday,Morningside at Nightstar,Mechanical,7,14,E/B,8620
2019-10-23,716,06:26:00,Wednesday,Main stn,Utilized Off Route,,,W/B,9201
2019-10-23,935,06:38:00,Wednesday,Sheppard / Jane,Mechanical,7,14,N/B,3337
2019-10-23,32,06:41:00,Wednesday,Eglinton Station,Investigation,10,15,W/B,
2019-10-23,56,06:42:00,Wednesday,Eglinton Station,Investigation,8,16,E/B,8106
2019-10-23,42,06:58:00,Wednesday,Finch Staation,Mechanical,14,28,NB,8348
2019-10-23,34,07:00:00,Wednesday,VICTORIA PARK/EGLINTON TO DVP/EGLINTON,General Delay,15,21,B/W,
2019-10-23,900,07:05:00,Wednesday,Airport T1,Mechanical,9,18,N/B,8011
2019-10-23,939,07:11:00,Wednesday,Finch & Birchmount,Mechanical,7,15,E/B,3541
2019-10-23,131,07:28:00,Wednesday,McLevin and Fawcett,Investigation,8,16,W/B,1292
2019-10-23,85,07:58:00,Wednesday,Don Mills stn,Mechanical,15,30,E/B,3461
2019-10-23,39,08:00:00,Wednesday,Route 39,General Delay,14,19,B/W,
2019-10-23,60,08:00:00,Wednesday,Steeles West Route,General Delay,15,22,BW,0
2019-10-23,925,08:00:00,Wednesday,Entire route,General Delay,15,23,N/B,
2019-10-23,939,08:00:00,Wednesday,Route 939,General Delay,10,15,B/W,
2019-10-23,46,08:05:00,Wednesday,Westway & Kipling,Diversion,35,46,N/B,
2019-10-23,32,08:29:00,Wednesday,Islington and Eglinton,Mechanical,7,14,E/B,1265
2019-10-23,72,08:31:00,Wednesday,Carlaw and lakeshore,Investigation,9,18,,9208
2019-10-23,89,08:31:00,Wednesday,Weston Rd & King St,Mechanical,7,14,S/B,1149
2019-10-23,32,08:42:00,Wednesday,Eglinton Station,Utilized Off Route,1,1,E/B,1092
2019-10-23,53,09:00:00,Wednesday,Steeles route,Diversion,120,130,B/W,1745
2019-10-23,125,09:01:00,Wednesday,Drewry Route,General Delay,10,18,SB,1374
2019-10-23,161,09:38:00,Wednesday,Ossington Stn,Mechanical,17,32,W/B,1029
2019-10-23,42,10:10:00,Wednesday,Finch Station,Mechanical,13,26,SB,8193
2019-10-23,52,10:35:00,Wednesday,Lawrence Ave West at Jane St,Investigation,15,30,W/B,1216
2019-10-23,56,10:50:00,Wednesday,Eglinton Station,Investigation,10,20,N/B,1211
2019-10-23,61,11:03:00,Wednesday,AVENUE ROAD/EGLINTON,Investigation,20,40,N/B,1218
2019-10-23,29,11:46:00,Wednesday,Wilson Station,Mechanical,7,14,S/B,9148
2019-10-23,63,12:00:00,Wednesday,Atlantic/King,Utilized Off Route,5,10,N/B,1290
2019-10-23,100,12:09:00,Wednesday,Broadview Station,Utilized Off Route,6,17,N/B,8780
2019-10-23,89,12:17:00,Wednesday,Keele Stn,Investigation,10,20,N/B,1050
2019-10-23,61,12:30:00,Wednesday,Avenue Rd at St.Clements,Diversion,1,1,S/B,
2019-10-23,56,12:41:00,Wednesday,Donlands Station,Investigation,10,20,N/B,1211
2019-10-23,52,12:51:00,Wednesday,Lawrence Station,Mechanical,15,30,W/B,1236
2019-10-23,52,13:03:00,Wednesday,Lawrence Ave West at Jane St,Investigation,14,28,E/B,8133
2019-10-23,34,13:04:00,Wednesday,Grenoble and Spanbridge,Mechanical,12,24,W/B,8870
2019-10-23,927,13:10:00,Wednesday,Steeles/Martin Grove,Mechanical,6,12,N/B,3326
2019-10-23,100,13:29:00,Wednesday,Wynford and Eglinton,Diversion,137,143,W/B,8807
2019-10-23,34,13:30:00,Wednesday,Wynford at Eglinton (underpass),Diversion,1,1,B/W,
2019-10-23,36,13:47:00,Wednesday,Finch West station,Investigation,5,10,W/B,9026
2019-10-23,54,13:58:00,Wednesday,lawrence and kennedy,Mechanical,6,12,N/B,8845
2019-10-23,52,14:00:00,Wednesday,Westwood Mall and Terminal 3 to Lawrence Station,General Delay,20,35,B/W,
2019-10-23,63,14:02:00,Wednesday,Queen/Ossington,Mechanical,10,20,N/B,1210
2019-10-23,133,14:11:00,Wednesday,Neilson rd. / Purple Dust Trail,Investigation,11,22,S/B,3505
2019-10-23,996,14:15:00,Wednesday,Humber College and Hwy 27,Mechanical,12,24,E/B,3228
2019-10-23,54,14:17:00,Wednesday,lawrence and don mills.,Investigation,9,18,E/B,8666
2019-10-23,53,14:36:00,Wednesday,Midland ave on Steeles,Investigation,7,20,W/B,9059
2019-10-23,52,14:40:00,Wednesday,Lawrence Ave West at Bathurst St,Investigation,14,28,E/B,8205
2019-10-23,937,15:07:00,Wednesday,Islington Station,Mechanical,12,24,N/B,8013
2019-10-23,95,15:12:00,Wednesday,Brimley and Triton,Mechanical,5,11,S/B,3480
2019-10-23,9,15:17:00,Wednesday,Warden Stn.,Mechanical,18,36,N/B,8479
2019-10-23,996,15:30:00,Wednesday,Humber College,Mechanical,12,24,E/B,3586
2019-10-23,32,15:40:00,Wednesday,Eglinton Stn,Mechanical,9,19,EB,1141
2019-10-23,165,15:47:00,Wednesday,jane and wilson,Mechanical,8,17,E/B,3485
2019-10-23,85,15:52:00,Wednesday,Morningside and Sheppard ave,Investigation,13,26,W/B,3412
2019-10-23,36,15:53:00,Wednesday,Finch west station,Mechanical,6,12,W/B,3362
2019-10-23,70,16:00:00,Wednesday,Enitre Route,General Delay,20,25,B/W,
2019-10-23,25,16:00:00,Wednesday,Entire Route,General Delay,20,25,B/W,
2019-10-23,925,16:00:00,Wednesday,Entire Route,General Delay,20,25,B/W,
2019-10-23,97,16:00:00,Wednesday,Hilda and Steeles to Queens Quay and Yonge,General Delay,60,90,B/W,
2019-10-23,35,16:05:00,Wednesday,Jane and Lawrence,Mechanical,5,10,S/B,3366
2019-10-23,954,16:05:00,Wednesday,on kingston west of lawrence,Mechanical,7,14,E/B,8643
2019-10-23,89,16:05:00,Wednesday,Weston/Black Creek,Mechanical,11,22,S/B,1010
2019-10-23,71,16:15:00,Wednesday,Weston Rd & Lambton,Investigation,9,18,N/B,1131
2019-10-23,83,16:45:00,Wednesday,Donlands Station,Mechanical,14,28,S/B,8484
2019-10-23,96,17:10:00,Wednesday,albion and elmhurst,Mechanical,11,24,S/B,3351
2019-10-23,77,17:16:00,Wednesday,Queensway & Kingsway,Investigation,9,18,N/B,1379
2019-10-23,52,17:30:00,Wednesday,Lawrence at Corona,Mechanical,7,20,E/B,1387
2019-10-23,54,17:33:00,Wednesday,MARKHAm lawrence,General Delay,11,22,W/B,8775
2019-10-23,32,17:37:00,Wednesday,Keele and Eglinton,Mechanical,10,19,,1560
2019-10-23,54,17:40:00,Wednesday,eglinton and leslie,Investigation,12,24,E/B,8729
2019-10-23,116,18:40:00,Wednesday,Morningside and Sheppard,Investigation,10,20,N/B,8670
2019-10-23,116,19:35:00,Wednesday,Kennedy STN,Utilized Off Route,10,20,E/B,8096
2019-10-23,41,19:46:00,Wednesday,Rogers and Old Weston,Diversion,154,170,N/B,9039
2019-10-23,161,19:50:00,Wednesday,old weston and rogers,Diversion,150,170,B/W,
2019-10-23,168,19:55:00,Wednesday,Old Weston Rd. & Rogers Rd.,Diversion,9,18,b/w,1205
2019-10-23,36,20:20:00,Wednesday,Humberwood and Morning star,Mechanical,8,16,E/B,9110
2019-10-23,52,21:42:00,Wednesday,Lawrence Station,Mechanical,11,23,W/B,8205
2019-10-23,70,21:55:00,Wednesday,St Clair & Squires,Mechanical,30,60,E/B,8829
2019-10-23,34,22:00:00,Wednesday,Eglinton Station,Emergency Services,7,14,E/B,8827
2019-10-23,7,22:21:00,Wednesday,Lawrence,Mechanical,9,18,N/B,8315
2019-10-23,60,23:40:00,Wednesday,Steeles at 100 steeles Ave,Mechanical,17,34,W/B,3273
2019-10-23,35,23:55:00,Wednesday,Pioneer Village stn,Mechanical,9,18,S/B,3572
2019-10-23,12,23:55:00,Wednesday,Kingston Rd and Warden,Investigation,23,46,E/B,8530
2019-10-24,54,00:45:00,Thursday,Eglinton Station,Mechanical,20,40,E/B,8905
2019-10-24,116,01:11:00,Thursday,Morningside at Ling,Emergency Services,10,20,S/B,8628
2019-10-24,165,01:18:00,Thursday,york mills station,Mechanical,10,20,E/B,3547
2019-10-24,320,01:30:00,Thursday,Yonge & Dundas,Diversion,300,304,BW,8178
2019-10-24,2,01:34:00,Thursday,St George Station,Mechanical,3,6,WB,1149
2019-10-24,38,04:22:00,Thursday,Ellesmere and McCowan,Investigation,15,30,E/B,1652
2019-10-24,610,04:53:00,Thursday,Coxwell stn,Utilized Off Route,,,S/B,8921
2019-10-24,320,05:05:00,Thursday,Yonge and Eglinton,Mechanical,14,28,B/W,1211
2019-10-24,165,05:23:00,Thursday,Imogene and Weston,Diversion,21,27,bw,
2019-10-24,129,05:28:00,Thursday,Scarborough Town Center,Mechanical,22,28,N/B,3514
2019-10-24,953,05:41:00,Thursday,Steeles East & Turff,Mechanical,9,30,W/B,9076
2019-10-24,50,06:11:00,Thursday,Mill Road Loop,Mechanical,11,22,E/B,8066
2019-10-24,7,06:25:00,Thursday,Bathurst / Wilson,Investigation,36,72,S/B,8196
2019-10-24,23,06:52:00,Thursday,195 Rexleigh Drive,Mechanical,5,11,S/B,8575
2019-10-24,105,06:58:00,Thursday,Steeles /Dundas,Mechanical,11,22,S/B,8175
2019-10-24,70,07:00:00,Thursday,Eglinton Ave,General Delay,10,18,N/B,
2019-10-24,38,07:00:00,Thursday,Scarborough Town Center to Rouge Hill GO Stn,General Delay,10,21,B/W,
2019-10-24,39,07:00:00,Thursday,,Mechanical,20,,B/W,
2019-10-24,53,07:48:00,Thursday,Approaching Kennedy rd. Steeles,Investigation,5,11,E/B,1653
2019-10-24,945,07:50:00,Thursday,Kipling Station,Mechanical,6,11,N/B,8061
2019-10-24,132,08:00:00,Thursday,Scarborough Town Center to Hupfield/Steeles,General Delay,12,24,B/W,
2019-10-24,60,08:00:00,Thursday,Steeles West Route,General Delay,10,17,BW,0
2019-10-24,65,08:00:00,Thursday,Entire route,General Delay,10,23,N/B,
2019-10-24,925,08:00:00,Thursday,Entire route,General Delay,15,23,N/B,
2019-10-24,24,08:06:00,Thursday,Sheppard Ave E/Consumers Rd,Diversion,54,69,S/B,8571
2019-10-24,125,08:30:00,Thursday,Drewry Route,General Delay,10,17,BW,0
2019-10-24,704,08:33:00,Thursday,Pioneer Village Station,Utilized Off Route,1,1,SB,3307
2019-10-24,716,08:37:00,Thursday,KENN to McCowan,Utilized Off Route,1,1,B/W,8497
2019-10-24,716,08:54:00,Thursday,finch and warden,Utilized Off Route,1,1,S/B,8539
2019-10-24,604,08:55:00,Thursday,Finch Station,Utilized Off Route,1,1,SB,3343
2019-10-24,600,08:55:00,Thursday,stc,Utilized Off Route,1,1,S/B,3115
2019-10-24,600,08:57:00,Thursday,Warden Station,Utilized Off Route,1,1,N/B,8531
2019-10-24,100,09:00:00,Thursday,DMWF,Utilized Off Route,1,1,B/W,8754
2019-10-24,16,09:01:00,Thursday,STC,Utilized Off Route,1,1,S/B,8589
2019-10-24,9,09:03:00,Thursday,STC,Utilized Off Route,24,48,N/B,8525
2019-10-24,54,09:05:00,Thursday,Don Mills and Lawrence,Utilized Off Route,8,16,E/B,8845
2019-10-24,23,09:12:00,Thursday,Main Station,Utilized Off Route,1,1,E/B,8533
2019-10-24,57,09:15:00,Thursday,Kennedy Station,Utilized Off Route,14,28,N/B,8697
2019-10-24,954,09:15:00,Thursday,Kennedy Station,Utilized Off Route,10,20,E/B,8669
2019-10-24,913,09:19:00,Thursday,Scarborough Town Center,Utilized Off Route,5,9,E/B,9073
2019-10-24,86,09:20:00,Thursday,Kennedy Station,Utilized Off Route,1,1,S/B,8638
2019-10-24,44,09:25:00,Thursday,Kipling and Jutland,Investigation,6,12,N/B,8068
2019-10-24,954,09:27:00,Thursday,Lawrence Station,Utilized Off Route,1,1,S/B,8860
2019-10-24,43,09:30:00,Thursday,Kennedy at Lawrence to Kenndy at Ellesmere,General Delay,20,30,B/W,
2019-10-24,59,09:31:00,Thursday,Lawrence West Station,Vision,40,72,W/B,3275
2019-10-24,68,09:45:00,Thursday,kennedy station,Utilized Off Route,1,1,N/B,8930
2019-10-24,716,10:13:00,Thursday,Kennedy station,Utilized Off Route,1,1,N/B,3126
2019-10-24,52,10:25:00,Thursday,Entire route,Mechanical,1,1,B/W,8167
2019-10-24,29,10:30:00,Thursday,Davenport / Dufferin,Diversion,50,58,N/B,
2019-10-24,63,10:30:00,Thursday,Atlantic/King,Mechanical,10,20,N/B,8143
2019-10-24,929,10:30:00,Thursday,Davenport / Dufferin,Diversion,50,60,N/B,
2019-10-24,720,10:37:00,Thursday,Kennedy station,Utilized Off Route,1,1,N/B,8873
2019-10-24,127,10:40:00,Thursday,Dufferin/Davenport,Diversion,42,72,B/W,1068
2019-10-24,88,11:00:00,Thursday,ST. CLAIR STATION,Mechanical,40,80,E/B,1249
2019-10-24,939,11:04:00,Thursday,Finch and Brimley,Mechanical,9,17,W/B,3459
2019-10-24,34,11:04:00,Thursday,GRENOBLE/SPANBRIDGE,Mechanical,12,24,W/B,8759
2019-10-24,45,11:26:00,Thursday,Kipling and Albion,Investigation,10,20,N/B,8050
2019-10-24,24,11:30:00,Thursday,Victoria Park Station,Investigation,10,20,N/B,3100
2019-10-24,929,12:00:00,Thursday,Entire Route,General Delay,30,35,B/W,
2019-10-24,29,12:00:00,Thursday,Entire Route,General Delay,30,35,B/W,
2019-10-24,32,12:15:00,Thursday,Dufferin and Eglinton,General Delay,20,31,bw,
2019-10-24,52,12:15:00,Thursday,Lawrence Station,Mechanical,14,28,W/B,8209
2019-10-24,51,12:20:00,Thursday,Eglinton Station,Mechanical,10,20,N/B,8160
2019-10-24,44,12:26:00,Thursday,Colonel Sam Smith Loop,Mechanical,6,13,N/B,7974
2019-10-24,66,12:30:00,Thursday,Kingscourt and Bloor St West,Diversion,25,37,B/W,
2019-10-24,32,12:40:00,Thursday,Keele and Eglinton,Investigation,10,20,E/B,1023
2019-10-24,20,12:54:00,Thursday,Birchmount Rd/Highview Ave,Mechanical,15,30,W/B,8581
2019-10-24,38,13:00:00,Thursday,38 Higland Creek-All Branch,General Delay,15,30,B/W,1652
2019-10-24,42,13:02:00,Thursday,Finch Station,Mechanical,13,26,EB,8194
2019-10-24,76,13:13:00,Thursday,Royal York and Norseman,Mechanical,10,20,S/B,8019
2019-10-24,37,13:47:00,Thursday,Islington Station,Mechanical,10,20,N/B,8067
2019-10-24,902,14:00:00,Thursday,902 Markham Rd-Express,General Delay,20,30,B/W,8557
2019-10-24,79,14:00:00,Thursday,Jane and Lawrence,Mechanical,11,22,S/B,1549
2019-10-24,165,14:18:00,Thursday,Wilson/Lanyard,Investigation,9,17,S/B,3233
2019-10-24,169,14:22:00,Thursday,Commander and Huntingwood,Investigation,19,38,W/B,8334
2019-10-24,25,14:42:00,Thursday,Don Mills / Mallard,Mechanical,9,18,N/B,8703
2019-10-24,110,14:46:00,Thursday,Longbranch loop,Mechanical,18,36,S/B,8458
2019-10-24,600,14:50:00,Thursday,Lawrence Station,Investigation,1,1,B/W,3511
2019-10-24,16,15:00:00,Thursday,16 McCowan South Service,General Delay,10,20,B/W,8566
2019-10-24,17,15:00:00,Thursday,17 Birchmount-All Branch,General Delay,15,30,B/W,8532
2019-10-24,10,15:00:00,Thursday,10 Van Horne Route-All Branch,General Delay,20,30,B/W,8143
2019-10-24,69,15:00:00,Thursday,69 Warden South-All Branch,General Delay,15,30,B/W,8504
2019-10-24,9,15:00:00,Thursday,9 Bellamy,General Delay,18,28,B/W,8476
2019-10-24,135,15:00:00,Thursday,135 Garrard Route,General Delay,15,30,B/W,9209
2019-10-24,169,15:00:00,Thursday,169 Huntingwood Route,General Delay,20,40,B/W,8334
2019-10-24,102,15:00:00,Thursday,102 Markham Rd-All Branch,General Delay,15,30,B/W,8572
2019-10-24,95,15:00:00,Thursday,Meadowvale Loop,Mechanical,12,32,W/B,1713
2019-10-24,925,15:00:00,Thursday,Between Steeles/DonMills and Pape stn,General Delay,20,31,B/W,
2019-10-24,70,15:00:00,Thursday,Between Coxwell Stn and Craigton/Pharmacy and Coxwell Stn and Warden Stn,General Delay,25,42,B/W,
2019-10-24,53,15:17:00,Thursday,Finch Station,Mechanical,5,10,E/B,1402
2019-10-24,123,15:20:00,Thursday,Queensway and West Mall,Diversion,12,20,N/B,8616
2019-10-24,15,15:24:00,Thursday,Sherways gardens,Mechanical,14,28,E/B,8073
2019-10-24,79,15:28:00,Thursday,Jane and Lawrence,Mechanical,6,17,S/B,1065
2019-10-24,939,15:38:00,Thursday,Birchmount,Investigation,8,12,W/B,3558
2019-10-24,905,15:45:00,Thursday,Kennedy STN,Mechanical,9,18,E/B,8688
2019-10-24,67,16:00:00,Thursday,Crosland/ Ellesmere to Victoria Park station,General Delay,20,30,B/W,
2019-10-24,24,16:00:00,Thursday,Victoria Park to Steeles loop,General Delay,15,24,B/W,
2019-10-24,109,16:00:00,Thursday,Neptune to Eglinton West Station,General Delay,23,44,B/W,
2019-10-24,952,16:00:00,Thursday,Entire Route,General Delay,25,36,B/W,
2019-10-24,25,16:00:00,Thursday,Between Don Mills Stn and Pape Stn,General Delay,25,31,N/B,
2019-10-24,97,16:00:00,Thursday,Hilda and Steeles to Queens Quay and Yonge,General Delay,50,80,B/W,
2019-10-24,52,16:10:00,Thursday,Lawrence at Olympia,Mechanical,13,26,E/B,8108
2019-10-24,35,16:18:00,Thursday,Jane and Sheppard,Investigation,15,25,S/B,3291
2019-10-24,40,16:30:00,Thursday,Entire Route,General Delay,20,5,B/W,
2019-10-24,34,16:35:00,Thursday,Eglinton at Victoria Park,Investigation,6,12,W/B,8871
2019-10-24,939,16:44:00,Thursday,Finch and Au Large Blvd.,Emergency Services,12,24,W/B,1745
2019-10-24,60,16:50:00,Thursday,Steeles and Petrolia,Emergency Services,9,18,EB,3289
2019-10-24,116,16:56:00,Thursday,Kennedy STN,Utilized Off Route,2,5,E/B,8656
2019-10-24,39,16:59:00,Thursday,Leslie Street,Emergency Services,14,28,W/B,3516
2019-10-24,161,17:00:00,Thursday,jane and alliance,Mechanical,13,26,N/B,1416
2019-10-24,80,17:00:00,Thursday,Entire Route,General Delay,25,45,B/W,
2019-10-24,10,17:10:00,Thursday,Don Mills Station,Mechanical,10,20,E/B,8143
2019-10-24,98,17:15:00,Thursday,Sheppard and Senlac to Yonge St,General Delay,135,155,B/W,
2019-10-24,905,17:28:00,Thursday,North Service Road - Kennedy STN,Investigation,9,18,E/B,8678
2019-10-24,985,17:30:00,Thursday,Don Mills Stn to Birchmount,General Delay,150,165,W/B,
2019-10-24,40,17:40:00,Thursday,Dundas West stn,Utilized Off Route,9,18,W/B,8048
2019-10-24,168,18:00:00,Thursday,Dundas West stn,Mechanical,7,15,N/B,1060
2019-10-24,125,18:18:00,Thursday,Yonge and Drewry,Investigation,10,20,WB,8945
2019-10-24,47,18:30:00,Thursday,Lansdowne and Bloor,Mechanical,15,30,S/B,1078
2019-10-24,989,18:30:00,Thursday,Weston and Steeles,Mechanical,14,27,S/B,1586
2019-10-24,75,18:33:00,Thursday,Lower Jarvis and Lakeshore BLVD,Diversion,1,1,N/B,8118
2019-10-24,935,18:35:00,Thursday,Jane Stn,Emergency Services,10,20,N/B,3202
2019-10-24,133,18:35:00,Thursday,Tapscott and Neilson,Investigation,9,18,S/B,1707
2019-10-24,133,18:35:00,Thursday,Tapscott and Neilson,Investigation,9,18,S/B,3488
2019-10-24,133,18:35:00,Thursday,Tapscott and Neilson,Diversion,9,85,S/B,3488
2019-10-24,41,18:44:00,Thursday,Finch West Station,Investigation,15,30,S/B,9027
2019-10-24,71,18:49:00,Thursday,Mount Dennis garage,Mechanical,9,18,S/B,1203
2019-10-24,989,19:00:00,Thursday,Weston and Albion,Mechanical,14,27,N/B,1076
2019-10-24,86,19:00:00,Thursday,Eglinton at Mason,Mechanical,16,32,E/B,8935
2019-10-24,902,19:27:00,Thursday,Kingston Rd-Cathedral Bluff Dr,Investigation,10,20,E/B,8598
2019-10-24,26,19:50:00,Thursday,Christie and Dupont,Investigation,20,40,W/B,1595
2019-10-24,54,19:57:00,Thursday,Lawrence Ave East & McCowan,Diversion,0,0,B/W,0
2019-10-24,85,20:15:00,Thursday,Warden and Sheppard,Mechanical,16,32,E/B,3447
2019-10-24,53,20:17:00,Thursday,Steeles and Middlefield,Investigation,5,10,W/B,3428
2019-10-24,96,20:20:00,Thursday,humber college,Mechanical,12,24,E/B,3468
2019-10-24,16,20:23:00,Thursday,McCowan and Lawrence,Diversion,37,49,B/W,
2019-10-24,53,20:25:00,Thursday,Steeles and Middlefield,Diversion,5,10,E/B,0
2019-10-24,9,21:04:00,Thursday,McCowan at Bridlegrove Dr,Mechanical,18,36,E/B,9205
2019-10-24,53,21:10:00,Thursday,Finch station,Investigation,5,10,E/B,1401
2019-10-24,32,21:28:00,Thursday,eglinton west station,Mechanical,10,20,W/B,1415
2019-10-24,56,21:30:00,Thursday,Laird at Industrial,Diversion,195,215,B/W,
2019-10-24,995,21:38:00,Thursday,York Mills and Leslie,Investigation,7,14,E/B,3409
2019-10-24,39,22:09:00,Thursday,Sewells,Mechanical,17,34,E/B,1548
2019-10-24,120,22:29:00,Thursday,wilson station,Emergency Services,30,60,E/B,3173
2019-10-24,2,22:57:00,Thursday,Coxwell Station,Mechanical,1,1,W/B,3124
2019-10-24,2,22:58:00,Thursday,Bloor and Bedford,Mechanical,3,6,WB,1069
2019-10-24,86,23:58:00,Thursday,Eglinton at Midland,Emergency Services,10,20,W/B,8832
2019-10-25,41,00:17:00,Friday,Keele Station,Mechanical,25,50,N/B,1325
2019-10-25,52,00:27:00,Friday,The Westway at Kipling,Mechanical,18,36,E/B,1249
2019-10-25,165,01:18:00,Friday,york mills station,Mechanical,165,4,W/B,3547
2019-10-25,16,01:25:00,Friday,Danforth and Eglinton,Emergency Services,13,30,N/B,3109
2019-10-25,165,01:39:00,Friday,weston and fenmar,Investigation,10,20,S/B,3552
2019-10-25,320,02:49:00,Friday,Steeles & Yonge,Utilized Off Route,4,7,S/B,1350
2019-10-25,329,03:57:00,Friday,Dufferin & Wilson,Mechanical,30,60,S/B,1422
2019-10-25,704,04:52:00,Friday,Arrow garage,Utilized Off Route,,,S/B,3351
2019-10-25,95,04:56:00,Friday,Bayview and York mills,Investigation,6,6,W/B,1337
2019-10-25,604,05:01:00,Friday,Arrow garage,Utilized Off Route,,,S/B,3160
2019-10-25,52,05:18:00,Friday,Lawrence and Apex,Mechanical,8,16,W/B,8116
2019-10-25,48,05:41:00,Friday,Martin Grove and Rathburn,Investigation,13,26,E/B,8448
2019-10-25,112,05:50:00,Friday,Westmall & Rathburn,Diversion,24,48,B/W,7970
2019-10-25,706,05:53:00,Friday,Victoria park stn,Utilized Off Route,,,W/B,8524
2019-10-25,707,05:57:00,Friday,Scarborough town centre,Utilized Off Route,,,W/B,1402
2019-10-25,42,06:00:00,Friday,Finch Station,Mechanical,15,30,E/B,8340
2019-10-25,116,06:12:00,Friday,Kennedy Station,Investigation,12,24,E/B,8659
2019-10-25,63,06:23:00,Friday,Eglinton West Station,Investigation,4,7,S/B,1201
2019-10-25,602,06:30:00,Friday,Kipling stn,Utilized Off Route,,,W/B,8422
2019-10-25,704,06:38:00,Friday,Pioneer Village stn,Utilized Off Route,,,S/B,3332
2019-10-25,945,06:46:00,Friday,Kipling Station,Mechanical,6,12,S/B,8005
2019-10-25,56,06:49:00,Friday,Eglinton and Redpath,Mechanical,10,20,W/B,1371
2019-10-25,34,07:00:00,Friday,DON MILLS/EGLINTON,General Delay,20,26,B/W,
2019-10-25,69,07:00:00,Friday,kingston and warden,Diversion,101,113,E/B,8403
2019-10-25,36,07:03:00,Friday,Pearldale,Investigation,5,10,W/B,3124
2019-10-25,34,07:05:00,Friday,BIRCHMOUNT/EGLINTON,Mechanical,6,11,W/B,8789
2019-10-25,63,07:06:00,Friday,Entire route,Mechanical,1,1,B/W,8392
2019-10-25,97,07:10:00,Friday,Yonge St and Wellington,Investigation,30,60,S/B,1275
2019-10-25,935,07:22:00,Friday,Jane and St. Clair,Investigation,5,10,N/B,3339
2019-10-25,939,07:30:00,Friday,Route 939,General Delay,9,14,B/W,
2019-10-25,79,07:55:00,Friday,Runnymede station,Mechanical,5,10,N/B,1406
2019-10-25,125,08:00:00,Friday,Drewry Route,General Delay,10,17,BW,0
2019-10-25,25,08:00:00,Friday,Entire route,General Delay,10,16,N/B,
2019-10-25,95,08:30:00,Friday,Don Mills and York mills,General Delay,20,28,B/W,
2019-10-25,995,08:30:00,Friday,Don Mills and York mills,General Delay,20,30,B/W,
2019-10-25,45,08:33:00,Friday,Kipling Station,Mechanical,9,18,N/B,8071
2019-10-25,54,08:40:00,Friday,Eglinton Station,Investigation,8,16,E/B,8648
2019-10-25,134,08:41:00,Friday,Scarborough Town Center,Mechanical,8,16,E/B,9079
2019-10-25,937,08:42:00,Friday,Islington Station,Mechanical,10,20,N/B,8437
2019-10-25,985,08:42:00,Friday,Scarborough Center Station,Mechanical,12,24,W/B,9084
2019-10-25,41,09:44:00,Friday,Annet Street / Keele,Investigation,14,28,S/B,9150
2019-10-25,984,10:00:00,Friday,SHEPPARD WEST EXP,General Delay,10,20,B/W,
2019-10-25,84,10:00:00,Friday,SHEPPARD WEST,General Delay,8,16,B/W,
2019-10-25,12,10:15:00,Friday,Kingston Rd/Woodland Park,Investigation,25,50,E/B,8562
2019-10-25,85,10:50:00,Friday,Meadowvale and Sheppard,Mechanical,7,12,E/B,3415
2019-10-25,97,11:00:00,Friday,Yonge & Finch to  Hwy 401,General Delay,30,60,B/W,
2019-10-25,53,11:14:00,Friday,Passmore,Mechanical,5,10,W/B,1655
2019-10-25,165,11:37:00,Friday,Steeles & Barmac,Investigation,12,24,S/B,3268
2019-10-25,57,11:40:00,Friday,Gilder Dr,Investigation,14,28,N/B,8716
2019-10-25,70,11:41:00,Friday,Coxwell Station,Investigation,9,18,N/B,8710
2019-10-25,168,11:44:00,Friday,Old Weston & Turnberry,Investigation,13,26,S/B,1072
2019-10-25,111,11:49:00,Friday,Willow Ridge and Richgrove,Mechanical,15,30,S/B,8453
2019-10-25,29,12:00:00,Friday,B/W Lawrence to Wilson,General Delay,25,35,B/W,
2019-10-25,79,12:08:00,Friday,Pine and Lawrence,Mechanical,12,21,S/B,1265
2019-10-25,36,12:10:00,Friday,finch wst station,Mechanical,5,10,W/B,9110
2019-10-25,83,12:28:00,Friday,Jones and Dundas,Investigation,20,40,S/B,9229
2019-10-25,96,12:30:00,Friday,Wilson & Clayson,Mechanical,24,48,E/B,3357
2019-10-25,168,12:31:00,Friday,Davenport & Old Weston Road,Investigation,18,36,W/B,1021
2019-10-25,39,13:04:00,Friday,Neilson and Finch,Investigation,16,32,E/B,1392
2019-10-25,47,13:21:00,Friday,St Clair and Caledonia,Investigation,9,18,N/B,1633
2019-10-25,101,13:56:00,Friday,Downs view park,General Delay,1,1,B/W,3567
2019-10-25,99,13:59:00,Friday,Arrow rd Jane,General Delay,1,1,B/W,3211
2019-10-25,37,14:00:00,Friday,Bothways along the route,General Delay,20,10,B/W,
2019-10-25,54,14:00:00,Friday,Eglinton Station to Starspray Loop,General Delay,20,30,B/W,
2019-10-25,52,14:00:00,Friday,LAWRENCE,General Delay,8,16,B/W,
2019-10-25,952,14:00:00,Friday,LAWRENCE WEST EXP,General Delay,10,20,B/W,
2019-10-25,60,14:00:00,Friday,60 Steeles Route-All Branch,General Delay,25,34,B/W,3309
2019-10-25,43,14:30:00,Friday,Ellesmere to Lawrence,General Delay,20,30,B/W,
2019-10-25,73,14:31:00,Friday,Royal York and Dixon,Diversion,39,55,S/B,8039
2019-10-25,36,14:31:00,Friday,Humberwood loop,Mechanical,5,10,W/B,9127
2019-10-25,63,14:41:00,Friday,Eglinton West Station,Investigation,10,19,S/B,1282
2019-10-25,17,14:54:00,Friday,Warden Station,Investigation,9,18,NB,8583
2019-10-25,996,15:00:00,Friday,Entire Route,General Delay,25,30,B/W,
2019-10-25,165,15:00:00,Friday,Dubray & Wilson,General Delay,25,1,B/W,
2019-10-25,118,15:00:00,Friday,Entire Route,General Delay,30,35,B/W,
2019-10-25,35,15:00:00,Friday,Jane Stn to Pioneer Village Stn,General Delay,30,10,B/W,
2019-10-25,96,15:00:00,Friday,Dubray & Wilson,General Delay,20,1,B/W,
2019-10-25,935,15:00:00,Friday,Jane Stn to Pioneer Village Stn,General Delay,30,40,B/W,
2019-10-25,120,15:00:00,Friday,Entire Route,General Delay,30,35,B/W,
2019-10-25,70,15:00:00,Friday,Between Coxwell Stn and Craigton and/or Warden stn,General Delay,25,31,S/B,
2019-10-25,102,15:17:00,Friday,Markham and Progress,Investigation,21,42,NB,3135
2019-10-25,165,15:30:00,Friday,Wilson Station,Mechanical,12,24,E/B,3268
2019-10-25,54,15:35:00,Friday,"On Lawrence, east of Birchmount",Investigation,10,20,E/B,8649
2019-10-25,952,15:37:00,Friday,Lawrence at Bathurst,Mechanical,12,24,W/B,8344
2019-10-25,53,15:59:00,Friday,Passmore,Mechanical,5,11,W/B,1200
2019-10-25,984,16:00:00,Friday,Entire Route,General Delay,25,35,B/W,
2019-10-25,84,16:00:00,Friday,Entire Route,General Delay,25,40,B/W,
2019-10-25,952,16:00:00,Friday,Entire Route,General Delay,20,33,B/W,
2019-10-25,953,16:00:00,Friday,FSTN,Mechanical,5,10,E/B,
2019-10-25,52,16:00:00,Friday,Entire Route,General Delay,20,35,W/B,
2019-10-25,47,16:00:00,Friday,Caledonia and Eglinton,General Delay,30,45,B/W,
2019-10-25,36,16:08:00,Friday,Martin Grove,Mechanical,6,12,W/B,9111
2019-10-25,116,16:10:00,Friday,Eglinton at Torrence,Investigation,2,5,E/B,8858
2019-10-25,902,16:10:00,Friday,Warden Station,Mechanical,10,20,NB,8559
2019-10-25,984,16:17:00,Friday,Sheppard at Beecroft,Investigation,9,18,E/B,3236
2019-10-25,953,16:17:00,Friday,FSTN,Mechanical,15,30,E/B,9062
2019-10-25,52,16:20:00,Friday,Lawrence Station,Utilized Off Route,14,28,W/B,1290
2019-10-25,52,16:46:00,Friday,Lawrence at Caledonia,Investigation,20,40,W/B,8118
2019-10-25,37,16:47:00,Friday,Humberline Loop,Investigation,22,44,N/B,8089
2019-10-25,52,16:48:00,Friday,Lawrence Station,Utilized Off Route,14,28,W/B,1328
2019-10-25,52,16:50:00,Friday,Lawrence Station,Utilized Off Route,14,28,W/B,8374
2019-10-25,35,16:50:00,Friday,Jane Stn,Utilized Off Route,5,15,S/B,3319
2019-10-25,29,16:53:00,Friday,Lawrence,Investigation,8,16,N/B,9036
2019-10-25,10,17:00:00,Friday,Don Mills Station,Mechanical,20,40,EB,8197
2019-10-25,85,17:02:00,Friday,Sheppard and McCowan,Mechanical,13,26,E/B,1311
2019-10-25,35,17:10:00,Friday,Jane and Eglinton,Mechanical,10,20,S/B,3281
2019-10-25,165,17:15:00,Friday,Barmack and Steeles,Mechanical,9,18,S/B,3355
2019-10-25,97,17:21:00,Friday,401 to finch,General Delay,20,50,S/B,
2019-10-25,95,17:22:00,Friday,Leslie to donmills,General Delay,20,30,B/W,
2019-10-25,995,17:25:00,Friday,Leslie to donmills,General Delay,20,30,B/W,
2019-10-25,89,18:14:00,Friday,Weston and Lambton,Investigation,11,22,N/B,1025
2019-10-25,29,18:27:00,Friday,St. Clir and Dufferine,Utilized Off Route,8,16,S/B,9054
2019-10-25,63,18:27:00,Friday,Eglinton West Station,Utilized Off Route,10,20,S/B,1315
2019-10-25,14,18:36:00,Friday,Davisville stn,Utilized Off Route,25,50,E/B,1107
2019-10-25,941,18:46:00,Friday,St. Calir,Utilized Off Route,12,24,S/B,1417
2019-10-25,43,18:49:00,Friday,Kennedy and Lawrence,Mechanical,8,17,N/B,8938
2019-10-25,89,18:50:00,Friday,Keele stn,Utilized Off Route,11,22,N/B,1418
2019-10-25,63,18:57:00,Friday,Oakwood and St.Clair Loop,Utilized Off Route,10,20,S/B,8107
2019-10-25,36,19:01:00,Friday,HWLP,Mechanical,8,16,W/B,9123
2019-10-25,39,19:03:00,Friday,Micmac Crescent,Mechanical,14,28,E/B,3541
2019-10-25,935,19:10:00,Friday,Jane Stn,Utilized Off Route,9,18,N/B,3233
2019-10-25,107,19:15:00,Friday,Sheppard West Stn,Investigation,25,50,N/B,3278
2019-10-25,952,19:20:00,Friday,Dixon at Islington,Investigation,12,24,W/B,8212
2019-10-25,55,19:35:00,Friday,Jane & Bloor,Investigation,10,20,S/B,1003
2019-10-25,134,19:50:00,Friday,Bushby and McCowan,Investigation,15,30,W/B,9079
2019-10-25,134,19:50:00,Friday,Bushby and McCowan,Diversion,15,65,W/B,9079
2019-10-25,160,19:56:00,Friday,Basthrust and Atkinson,Diversion,24,48,N/B,8122
2019-10-25,7,20:19:00,Friday,Greenwin Village and Steeles,Mechanical,7,14,S/B,8307
2019-10-25,63,20:35:00,Friday,Eglinton West Station,Mechanical,10,20,S/B,8304
2019-10-25,98,20:45:00,Friday,Willowdale and Cummer,Diversion,22,44,N/B,8178
2019-10-25,54,20:45:00,Friday,"On Lawrence, at Pharmacy",Mechanical,10,20,W/B,8825
2019-10-25,98,20:45:00,Friday,Willowdale from Bishop to Newton,Diversion,277,299,B/W,
2019-10-25,20,21:00:00,Friday,Danforth Ave @ Medford Ave to Kalmar Ave,Diversion,1,1,B/W,
2019-10-25,56,21:31:00,Friday,Eglinton station,Utilized Off Route,20,40,E/B,8129
2019-10-25,34,21:42:00,Friday,Eglinton station,Mechanical,7,12,E/B,
2019-10-25,35,22:30:00,Friday,Pioneer village station,Mechanical,10,20,S/B,3533
2019-10-25,94,22:30:00,Friday,Along Wellesley,General Delay,10,20,BW,
2019-10-25,47,23:46:00,Friday,Yorkdale Station,Mechanical,30,60,S/B,1085
2019-10-26,34,00:45:00,Saturday,Eglinton and Duplex.,Diversion,180,190,B/W,
2019-10-26,34,00:45:00,Saturday,Eglinton and Duplex,Investigation,9,21,E/B,8899
2019-10-26,54,00:50:00,Saturday,Eglinton at Duplex,Diversion,70,80,B/W,
2019-10-26,56,00:50:00,Saturday,Eglinton and Duplex,Diversion,100,120,B/W,1
2019-10-26,56,00:50:00,Saturday,Duplex and Berwick,Utilized Off Route,22,44,W/B,8356
2019-10-26,51,00:50:00,Saturday,Duplex and Eglinton,Diversion,28,52,B/W,8201
2019-10-26,129,01:20:00,Saturday,McCowan and Sheppard,Emergency Services,10,20,N/B,1318
2019-10-26,334,02:00:00,Saturday,Duplex and Eglinton,Diversion,20,155,B/W,
2019-10-26,54,02:00:00,Saturday,Eglinton at Duplex,Diversion,10,10,B/W,
2019-10-26,354,02:00:00,Saturday,Duplex and Eglinton,Diversion,16,151,B/W,
2019-10-26,7,02:04:00,Saturday,Fiinch,Mechanical,17,34,N/B,1214
2019-10-26,16,02:04:00,Saturday,Danforth and Eglinton,Emergency Services,30,60,E/B,3109
2019-10-26,320,02:07:00,Saturday,Yonge & Harbour,Utilized Off Route,4,7,S/B,8201
2019-10-26,36,02:08:00,Saturday,Humberwood Loop,Emergency Services,10,20,E/B,9116
2019-10-26,396,02:10:00,Saturday,Elmhurst & Islington,Mechanical,15,35,W/B,3198
2019-10-26,307,02:43:00,Saturday,Shepperd,Mechanical,30,60,S/B,1214
2019-10-26,320,02:55:00,Saturday,Yonge & Quuens Quay,Utilized Off Route,3,7,N/B,8309
2019-10-26,320,03:00:00,Saturday,Queens Quay - Steeles,General Delay,15,19,BW,
2019-10-26,320,04:02:00,Saturday,Steeles & Yonge,Mechanical,3,8,S/B,8194
2019-10-26,300,04:43:00,Saturday,Airport Terminal - 1,Mechanical,1,1,E/B,8006
2019-10-26,5,05:40:00,Saturday,Avenue Road at Bloor St. West,Diversion,999,999,B/W,
2019-10-26,160,06:04:00,Saturday,New westminster /Beverley,Diversion,15,30,N/B,8102
2019-10-26,89,06:37:00,Saturday,Weston/Little Ave.,Mechanical,10,20,S/B,1077
2019-10-26,73,06:40:00,Saturday,Claireport Cres/Albion RD.,Mechanical,15,30,N/B,8021
2019-10-26,83,07:09:00,Saturday,JONES - Wheeltrans(Lakeshore) Division,Diversion,45,60,B/W,
2019-10-26,169,07:50:00,Saturday,Huntingwood Dr/Brimley Rd,Diversion,35,65,B/W,
2019-10-26,96,08:00:00,Saturday,Shendale & Albion,Mechanical,20,40,E/B,3213
2019-10-26,36,08:03:00,Saturday,Finch station,Mechanical,5,10,W/B,3336
2019-10-26,32,08:19:00,Saturday,Eglintion west stn,Mechanical,15,30,N/B,1203
2019-10-26,33,08:26:00,Saturday,St Clair West Stn.,Mechanical,18,36,N/B,1251
2019-10-26,90,08:44:00,Saturday,"St, Clair west Stn",Utilized Off Route,8,16,N/B,8357
2019-10-26,39,08:45:00,Saturday,39 Finch Route-All Branch,Vision,1,1,B/W,
2019-10-26,42,08:45:00,Saturday,42 Cummer Route-All Branch,Vision,1,1,B/W,
2019-10-26,125,08:45:00,Saturday,125 Drewry Route-All Branch,Vision,1,1,B/W,
2019-10-26,939,08:45:00,Saturday,939 Finch Express-All Branch,Vision,1,1,B/W,
2019-10-26,939,09:04:00,Saturday,Bayview and Finch,Investigation,14,28,E/B,1658
2019-10-26,42,09:13:00,Saturday,Finch Station,Mechanical,16,32,E/B,8186
2019-10-26,94,09:47:00,Saturday,Ossington Stn,Mechanical,9,21,E/B,1407
2019-10-26,925,10:13:00,Saturday,Cosburn/Pape,Mechanical,10,20,N/B,8937
2019-10-26,122,10:34:00,Saturday,York Mills and Lesmill,Diversion,256,286,B/W,
2019-10-26,52,11:08:00,Saturday,Culford and Lawrence,Diversion,1,1,W/B,8310
2019-10-26,94,11:23:00,Saturday,Bloor/Parliament,Diversion,300,320,B/W,
2019-10-26,65,11:23:00,Saturday,Bloor/Parliament,Diversion,300,315,B/W,
2019-10-26,37,11:25:00,Saturday,kipling Station,Mechanical,16,32,S/B,8029
2019-10-26,125,11:34:00,Saturday,Yonge St-Bishop Av,Investigation,15,30,N/B,8303
2019-10-26,985,12:00:00,Saturday,Don Mills Stn to Scarb. Town Centre,General Delay,30,40,B/W,
2019-10-26,85,12:00:00,Saturday,Don Mills Stn to Rouge Hill Go Stn (All Branches),General Delay,30,44,B/W,
2019-10-26,935,12:00:00,Saturday,Jane Stn to Pioneer Village Stn,General Delay,35,45,B/W,
2019-10-26,35,12:00:00,Saturday,Jane Stn to Pioneer Village stn,General Delay,35,45,B/W,
2019-10-26,85,12:40:00,Saturday,Sheppard and Pharmacy,Diversion,305,320,B/W,
2019-10-26,985,12:40:00,Saturday,Sheppard / Pharmacy,Diversion,305,320,B/W,
2019-10-26,167,12:55:00,Saturday,Sheppard and Pharmacy,Diversion,290,320,B/W,
2019-10-26,89,13:00:00,Saturday,Entire Route,General Delay,25,30,B/W,
2019-10-26,73,13:00:00,Saturday,Entire Route,General Delay,25,40,B/W,
2019-10-26,95,13:00:00,Saturday,Don Mill and York Mills,General Delay,30,43,B/W,
2019-10-26,83,13:31:00,Saturday,JONES - Gerrard and Jones,Mechanical,22,44,S/B,9203
2019-10-26,81,13:39:00,Saturday,Pape Ave and Selkirk,Mechanical,7,14,N/B,3114
2019-10-26,80,14:00:00,Saturday,Entire Route,General Delay,25,45,B/W,
2019-10-26,95,14:05:00,Saturday,York Mills Station,Mechanical,13,26,S/B,3449
2019-10-26,72,14:43:00,Saturday,Pape stn,Vision,18,36,S/B,8557
2019-10-26,29,14:58:00,Saturday,Wilson Station,Mechanical,5,10,S/B,9035
2019-10-26,26,15:10:00,Saturday,Old Mills stn,Mechanical,22,44,E/B,1532
2019-10-26,133,15:53:00,Saturday,Finch and Neilson,Mechanical,9,18,S/B,1509
2019-10-26,30,16:00:00,Saturday,High Park Station to Kipling Station,General Delay,15,45,B/W,
2019-10-26,123,16:00:00,Saturday,Kipling Station to Long Branch Loop,General Delay,15,35,B/W,
2019-10-26,600,16:04:00,Saturday,St . Clair Stn,Mechanical,1,1,S/B,8535
2019-10-26,14,16:05:00,Saturday,Caledonia and Glencairn,Mechanical,20,40,E/B,1021
2019-10-26,939,16:05:00,Saturday,leslie and finch,Mechanical,12,24,W/B,1680
2019-10-26,939,16:05:00,Saturday,leslie and finch,Mechanical,12,24,W/B,1680
2019-10-26,25,16:20:00,Saturday,Steeles / Don Mills.,Utilized Off Route,7,14,S/B,8859
2019-10-26,25,16:20:00,Saturday,Steeles/Freshmeadow,Utilized Off Route,7,14,S/B,8823
2019-10-26,22,16:30:00,Saturday,DANFROTH & WOODBINE AVE,Mechanical,8,16,W/B,3133
2019-10-26,39,16:31:00,Saturday,tapscott AND finch,Utilized Off Route,14,28,W/B,3431
2019-10-26,161,16:48:00,Saturday,Rockcliffe and Alliance,Mechanical,5,10,W/B,1072
2019-10-26,21,16:50:00,Saturday,Brimley and Steeles,Mechanical,15,30,S/B,1385
2019-10-26,23,16:55:00,Saturday,Main Station,Vision,10,20,S/B,9234
2019-10-26,600,17:03:00,Saturday,Bay / Grosvenor,Investigation,1,1,N/B,3116
2019-10-26,34,17:51:00,Saturday,Kennedy Station,Mechanical,20,40,W/B,8737
2019-10-26,108,18:01:00,Saturday,Driftwood and Driftwood Court,Investigation,16,32,N/B,1053
2019-10-26,87,18:06:00,Saturday,Broadview and Cosburn,Investigation,10,20,E/B,9212
2019-10-26,85,18:23:00,Saturday,Malvern Gates,Mechanical,22,44,W/B,1568
2019-10-26,11,18:26:00,Saturday,Davisville and Mt Pleasant,Investigation,12,24,E/B,1315
2019-10-26,52,18:37:00,Saturday,Dixon and Carlingview,Mechanical,17,37,W/B,8158
2019-10-26,9,18:38:00,Saturday,Scarborough Town Centre,Mechanical,22,44,S/B,9208
2019-10-26,24,18:46:00,Saturday,Victoria Park Station,Diversion,1,1,B/W,0
2019-10-26,41,18:59:00,Saturday,Keele Station,Mechanical,8,16,N/B,
2019-10-26,81,19:00:00,Saturday,Pape stn,Utilized Off Route,7,14,N/B,8540
2019-10-26,939,19:01:00,Saturday,Yonge and finch,Utilized Off Route,12,24,W/B,1579
2019-10-26,54,19:01:00,Saturday,Eglinton and Midland,Utilized Off Route,7,14,E/B,8819
2019-10-26,34,19:03:00,Saturday,Concord Place,Utilized Off Route,18,36,S/B,8925
2019-10-26,701,19:04:00,Saturday,Wilson Stn,Utilized Off Route,1,1,W/B,8175
2019-10-26,985,19:06:00,Saturday,Scarb. Town Center,Mechanical,10,20,W/B,9074
2019-10-26,34,19:07:00,Saturday,Kennedy Station,Utilized Off Route,9,18,W/B,8882
2019-10-26,17,19:10:00,Saturday,Warden Station,Utilized Off Route,22,44,N/B,3119
2019-10-26,85,19:17:00,Saturday,Meadowvale Loop,Mechanical,5,15,W/B,3526
2019-10-26,32,19:23:00,Saturday,Jane and Eglinton,Mechanical,10,20,E/B,1011
2019-10-26,927,19:24:00,Saturday,"Steeles Loop, at Martin Grove",Mechanical,11,22,S/B,3186
2019-10-26,168,19:25:00,Saturday,Avon Loop,Mechanical,9,17,S/B,1100
2019-10-26,47,19:25:00,Saturday,Yorkdale Road,Investigation,20,40,W/B,1141
2019-10-26,32,19:46:00,Saturday,Renforth Station,Mechanical,10,20,E/B,1378
2019-10-26,52,19:51:00,Saturday,Lawrence and Brookhaven,Investigation,10,20,W/B,1362
2019-10-26,35,19:54:00,Saturday,Pioneer Village stn,Mechanical,5,10,S/B,3253
2019-10-26,29,20:00:00,Saturday,Dufferin and Yorkdale/ 401,Diversion,204,249,B/W,
2019-10-26,88,20:00:00,Saturday,St clair west station to Thorncliffe Pk.,General Delay,20,40,B/W,
2019-10-26,11,20:00:00,Saturday,Davisville station to Steeles loop.,General Delay,24,48,B/W,
2019-10-26,47,20:10:00,Saturday,Yorkdale road,Diversion,150,180,N/B,
2019-10-26,67,20:30:00,Saturday,Pharmacy Ave & Brian,Diversion,24,48,S/B,8877
2019-10-26,900,20:45:00,Saturday,Kipling Station,Mechanical,10,20,N/B,8462
2019-10-26,94,21:00:00,Saturday,Along Wellesley & Barbord,General Delay,10,20,BW,
2019-10-26,94,21:18:00,Saturday,Castlefrank Station,Utilized Off Route,9,18,W/B,1137
2019-10-26,25,21:24:00,Saturday,Pape Station,Mechanical,8,16,S/B,8784
2019-10-26,72,21:28:00,Saturday,Pape Station,Utilized Off Route,18,36,S/B,8495
2019-10-26,118,21:40:00,Saturday,Thistle Down,Investigation,30,60,E/B,3245
2019-10-26,34,21:50:00,Saturday,Eglinton and Don mills,Mechanical,18,36,E/B,8892
2019-10-26,36,21:55:00,Saturday,HWY27,Mechanical,10,19,W/B,3363
2019-10-26,47,22:51:00,Saturday,St.Clair and caledonia,Mechanical,20,40,S/B,1043
2019-10-26,6,23:00:00,Saturday,Bay & Front,General Delay,10,34,BW,
2019-10-26,52,23:22:00,Saturday,Lawrence Stn,Mechanical,20,40,W/B,8139
2019-10-26,53,23:38:00,Saturday,FSTN,Emergency Services,10,20,E/B,3450
2019-10-26,53,23:56:00,Saturday,FSTN,Mechanical,10,20,E/B,3529
2019-10-27,900,00:12:00,Sunday,"On Dundas, at Aukland",Investigation,10,20,W/B,8411
2019-10-27,165,01:41:00,Sunday,Wilson and Bathurst,Investigation,10,20,EB,3193
2019-10-27,29,01:41:00,Sunday,Dufferin and Dupont,Mechanical,10,20,SB,9023
2019-10-27,300,02:00:00,Sunday,Bathrust to Parliament,General Delay,15,30,B/W,
2019-10-27,52,02:03:00,Sunday,Dixona nd Royal york,Investigation,10,20,E/B,8180
2019-10-27,300,02:23:00,Sunday,Pearson Airport,Investigation,1,30,E/B,8411
2019-10-27,320,02:43:00,Sunday,Steeles & Yonge,Mechanical,4,7,S/B,9052
2019-10-27,320,03:00:00,Sunday,Queens Quay - Steeles,General Delay,15,19,BW,
2019-10-27,307,03:34:00,Sunday,Entire route,General Delay,30,1,B/W,
2019-10-27,334,04:00:00,Sunday,Entire Route,General Delay,30,60,B/W,
2019-10-27,300,04:09:00,Sunday,Kennedy station,Utilized Off Route,30,60,E/B,8033
2019-10-27,334,04:25:00,Sunday,Rosemount and Eglinton,Diversion,30,165,B/W,
2019-10-27,334,04:25:00,Sunday,Finchdane Square,Emergency Services,30,60,W/B,8900
2019-10-27,29,04:37:00,Sunday,Dufferin / Bridgeland,Diversion,361,371,B/W,9151
2019-10-27,320,04:37:00,Sunday,Queens Quay & Yonge,Utilized Off Route,7,15,N/B,9049
2019-10-27,320,05:00:00,Sunday,Queens Quay at Young,Utilized Off Route,15,30,N/B,8214
2019-10-27,334,05:10:00,Sunday,Finchdane Square,Diversion,30,150,W/B,
2019-10-27,553,05:10:00,Sunday,Finchdane Square,Diversion,30,210,W/B,
2019-10-27,307,05:16:00,Sunday,Bloor,Mechanical,30,60,N/B,8308
2019-10-27,63,05:47:00,Sunday,Duro / Queen,Utilized Off Route,12,24,S/B,8365
2019-10-27,36,06:05:00,Sunday,Finch Station,Investigation,11,22,W/B,3232
2019-10-27,29,06:28:00,Sunday,Lawrence /Dufferin,Mechanical,15,30,N/B,9136
2019-10-27,34,06:40:00,Sunday,Rosemount and Eglinton,Diversion,15,134,B/W,
2019-10-27,704,06:46:00,Sunday,Srrow garage,Utilized Off Route,,,S/B,3332
2019-10-27,716,06:58:00,Sunday,METROLINX RAD,Utilized Off Route,1,1,B/W,8486
2019-10-27,706,06:58:00,Sunday,RAD,Utilized Off Route,1,1,B/W,8582
2019-10-27,601,06:58:00,Sunday,Wilson garage,Utilized Off Route,,,S/B,1376
2019-10-27,63,07:20:00,Sunday,Eglinton West Station,Utilized Off Route,10,20,S/B,1222
2019-10-27,90,07:20:00,Sunday,Kenwood & Vaughan,Diversion,80,87,B/W,
2019-10-27,34,07:34:00,Sunday,Eglinton Station,Mechanical,19,32,W/B,8102
2019-10-27,5,07:35:00,Sunday,Bloor and Avenue Rd,Diversion,20,999,B/W,
2019-10-27,94,07:58:00,Sunday,Ossington Station,Mechanical,13,26,E/B,1084
2019-10-27,63,08:37:00,Sunday,Eglinton West Station,Mechanical,9,17,S/B,1213
2019-10-27,320,09:35:00,Sunday,Steeles Loop at Young,Investigation,3,6,S/B,8659
2019-10-27,46,09:44:00,Sunday,Kipling Station,Mechanical,15,30,N/B,3309
2019-10-27,900,10:25:00,Sunday,KIPLING STN,Mechanical,10,20,N/B,8010
2019-10-27,95,10:30:00,Sunday,York Mills Station,Mechanical,20,40,W/B,1653
2019-10-27,82,11:20:00,Sunday,JONES / Donlands Station,Diversion,1,1,B/W,
2019-10-27,32,11:30:00,Sunday,Jane & Emmett,Mechanical,30,60,E/B,1264
2019-10-27,168,12:09:00,Sunday,Symington and Antler,Mechanical,9,18,N/B,1111
2019-10-27,95,12:12:00,Sunday,Fenn and York Mills,Investigation,17,27,E/B,1322
2019-10-27,25,12:16:00,Sunday,Havenbrooke and Don Mills,Investigation,9,18,S/B,8906
2019-10-27,32,12:20:00,Sunday,Old Forest Hill & Eglinton,Investigation,10,20,E/B,1406
2019-10-27,39,12:55:00,Sunday,Finch Station,Diversion,16,32,EB,1657
2019-10-27,60,13:04:00,Sunday,Pioneer Village Station,Mechanical,10,20,E/B,3286
2019-10-27,165,13:24:00,Sunday,Entire route,Mechanical,1,1,B/W,3573
2019-10-27,24,13:51:00,Sunday,VICTORIA PARK - Yardley and Victoria Park,Investigation,7,14,S/B,8588
2019-10-27,100,14:04:00,Sunday,Greennoble and Douvillelane,Investigation,8,16,S/B,8684
2019-10-27,7,14:23:00,Sunday,Bathurst Station,Utilized Off Route,7,14,N/B,8175
2019-10-27,41,14:30:00,Sunday,Keele and Ingram,Mechanical,11,22,S/B,1008
2019-10-27,100,15:00:00,Sunday,Concord Place,Investigation,8,17,N/B,8679
2019-10-27,90,15:19:00,Sunday,Vaughan and Maplewood,Mechanical,8,16,N/B,8189
2019-10-27,984,15:25:00,Sunday,Sheppard West Station,Mechanical,13,26,E/B,3708
2019-10-27,29,15:45:00,Sunday,Wilson Station,Utilized Off Route,5,10,S/B,9021
2019-10-27,900,15:50:00,Sunday,Kipling stn,Utilized Off Route,7,14,N/B,8000
2019-10-27,84,16:00:00,Sunday,Sheppard west STN,Mechanical,7,14,W/B,3298
2019-10-27,41,16:02:00,Sunday,Pioneer Village Station,Investigation,11,22,S/B,1032
2019-10-27,116,16:31:00,Sunday,Eglinton and Midland,Investigation,7,14,E/B,8903
2019-10-27,165,16:45:00,Sunday,Wilson/Transit Road,Mechanical,10,20,E/B,3506
2019-10-27,935,16:47:00,Sunday,Jane and Denison,Investigation,8,16,S/B,3489
2019-10-27,52,17:05:00,Sunday,Lawrence STN,Investigation,14,28,W/B,8160
2019-10-27,75,17:27:00,Sunday,Bloor/Sherbourne,Mechanical,15,30,N/B,8197
2019-10-27,87,17:31:00,Sunday,Main Street Stn,Mechanical,10,20,W/B,3100
2019-10-27,52,17:40:00,Sunday,McNaughton at Victory Cr,Mechanical,16,32,E/B,8305
2019-10-27,41,17:42:00,Sunday,Keele and Sheppard,Mechanical,11,22,S/B,1020
2019-10-27,29,18:00:00,Sunday,Princess Gate,Mechanical,5,10,N/B,9137
2019-10-27,54,18:18:00,Sunday,Lawrence RT,Investigation,6,12,W/B,8762
2019-10-27,39,19:58:00,Sunday,Finch and Baylawn,Mechanical,20,40,EB,1593
2019-10-27,68,20:10:00,Sunday,Warden from Canadian to Sheppard,Diversion,245,260,B/W,
2019-10-27,64,20:47:00,Sunday,Main St & Danforth Rd,Investigation,1,1,S/B,9205
2019-10-27,25,21:25:00,Sunday,Pape Station,Utilized Off Route,9,18,S/B,8753
2019-10-27,45,21:43:00,Sunday,Kipling Station,Mechanical,10,20,N/B,8444
2019-10-27,32,21:46:00,Sunday,Keele and Eglinton,Mechanical,10,20,EB,1408
2019-10-27,53,21:59:00,Sunday,Mc Cowan and Steeles,Investigation,19,35,W/B,3401
2019-10-27,165,22:59:00,Sunday,Weston and Wallasey,Diversion,10,20,SB,3194
2019-10-27,113,23:10:00,Sunday,Danforth Rd & Birchmount Rd,Mechanical,28,56,E/B,3126
2019-10-28,25,00:10:00,Monday,Don Mills & Steels,Mechanical,10,20,N/B,8681
2019-10-28,116,00:28:00,Monday,Morninside and Cumber,Investigation,10,20,E/B,8881
2019-10-28,98,01:02:00,Monday,Willowdale & Waring Ct,Investigation,30,60,S/B,8395
2019-10-28,300,02:25:00,Monday,The East Mall and Bloor Street,Mechanical,30,60,W/B,8957
2019-10-28,307,02:45:00,Monday,Green village and Bison Dr.,Emergency Services,30,60,S/B,8385
2019-10-28,320,04:41:00,Monday,Yonge & Queens Quay,Investigation,,,S/B,8468
2019-10-28,165,05:18:00,Monday,Weston and Finch,Investigation,18,36,S/B,3629
2019-10-28,68,05:47:00,Monday,Warden and Enterprise,Diversion,79,98,N/B,8630
2019-10-28,29,05:48:00,Monday,Dufferin and Queen,Investigation,7,14,S/B,9023
2019-10-28,17,05:48:00,Monday,Warden / Enterprise,Diversion,78,88,N/B,8947
2019-10-28,32,05:53:00,Monday,Keele and Eglinton,Mechanical,7,14,E/B,1008
2019-10-28,57,05:58:00,Monday,Eglinton Garage,Mechanical,1,1,ob,8798
2019-10-28,25,05:58:00,Monday,Eglinton Garage,Mechanical,1,1,ob,8731
2019-10-28,86,06:00:00,Monday,eglinton yard,Mechanical,1,1,E/B,8709
2019-10-28,54,06:00:00,Monday,eglinton yard,Mechanical,1,1,E/B,8639
2019-10-28,25,06:00:00,Monday,eglinton yard,Mechanical,1,1,E/B,8698
2019-10-28,67,06:00:00,Monday,eglinton yard,Mechanical,1,1,E/B,8775
2019-10-28,100,06:00:00,Monday,eglinton yard,Mechanical,1,1,E/B,8858
2019-10-28,43,06:00:00,Monday,eglinton yard,Mechanical,1,1,E/B,8861
2019-10-28,54,06:00:00,Monday,eglintonyard,Mechanical,1,1,E/B,8900
2019-10-28,34,06:00:00,Monday,elginton yard,Mechanical,1,1,E/B,8752
2019-10-28,925,06:00:00,Monday,egllinton yard,Mechanical,1,1,E/B,8758
2019-10-28,25,06:00:00,Monday,eglinton yard,Mechanical,1,1,N/B,8783
2019-10-28,116,06:00:00,Monday,eglinton yard,Mechanical,1,1,E/B,8787
2019-10-28,25,06:00:00,Monday,eglinton yard,Mechanical,1,1,E/B,8838
2019-10-28,54,06:00:00,Monday,eglinton  yard,Mechanical,1,1,E/B,8834
2019-10-28,34,06:00:00,Monday,eglinton yard,Mechanical,1,1,E/B,8898
2019-10-28,67,06:00:00,Monday,eglinton yard,Mechanical,1,1,N/B,31
2019-10-28,54,06:00:00,Monday,eglinton yard,Mechanical,1,1,N/B,8809
2019-10-28,54,06:00:00,Monday,eglinton yard,Mechanical,1,1,N/B,8809
2019-10-28,43,06:00:00,Monday,eglinton yard,Mechanical,1,1,N/B,8778
2019-10-28,116,06:00:00,Monday,eglinton yard,Mechanical,1,1,E/B,8753
2019-10-28,25,06:00:00,Monday,eglinton yard,Mechanical,1,1,N/B,8686
2019-10-28,68,06:00:00,Monday,Eglinton Garage,Mechanical,1,1,ob,8745
2019-10-28,925,06:00:00,Monday,eglinton yard,Mechanical,1,1,N/B,8934
2019-10-28,600,06:00:00,Monday,eglinton yard,Mechanical,1,1,E/B,8849
2019-10-28,25,06:00:00,Monday,eglinton yard,Mechanical,1,1,N/B,8783
2019-10-28,68,06:01:00,Monday,Eglinton Garage,Mechanical,1,1,ob,8818
2019-10-28,17,06:02:00,Monday,Steeles / Birchmount,Mechanical,7,14,S/B,3133
2019-10-28,43,06:04:00,Monday,Eglinton Yard,Mechanical,1,1,ob,8784
2019-10-28,95,06:16:00,Monday,Markham and Sheppard,Mechanical,8,16,E/B,3454
2019-10-28,905,06:20:00,Monday,Eglinton Yard,Mechanical,1,1,ob,8805
2019-10-28,116,06:25:00,Monday,Eglinton Yard,Mechanical,1,1,ob,8912
2019-10-28,54,06:26:00,Monday,Eglinton Garage,Mechanical,1,1,ob,8815
2019-10-28,100,06:27:00,Monday,Eglinton Garage,Mechanical,1,1,ob,8742
2019-10-28,34,06:30:00,Monday,EGLINTON/DON MILLS,Diversion,200,206,E/B,
2019-10-28,11,06:40:00,Monday,SUNNYBROOK,Mechanical,16,32,S/B,1243
2019-10-28,95,06:41:00,Monday,Malvern Garage,Investigation,8,16,W/B,1661
2019-10-28,395,06:43:00,Monday,Finch station,Mechanical,7,14,E/B,9064
2019-10-28,600,06:43:00,Monday,Main Station,Utilized Off Route,1,1,B/W,8453
2019-10-28,25,07:00:00,Monday,Eglinton Ave,General Delay,20,26,B/W,
2019-10-28,133,07:00:00,Monday,Morningside/Finch to Scarborough Town Center,General Delay,10,21,B/W,
2019-10-28,952,07:08:00,Monday,Lawrence Ave West at Dufferin St,Emergency Services,11,22,W/B,8173
2019-10-28,607,07:08:00,Monday,Scarborough town centre,Utilized Off Route,,,S/B,3558
2019-10-28,32,07:11:00,Monday,Emmett and Eglinton,Vision,12,23,E/B,1118
2019-10-28,126,07:11:00,Monday,Christie Station,Mechanical,17,34,N/B,1096
2019-10-28,89,07:15:00,Monday,Weston / Jane,Mechanical,7,14,S/B,1111
2019-10-28,945,07:17:00,Monday,Kipling Station,Mechanical,6,12,N/B,8034
2019-10-28,34,07:20:00,Monday,HAKIMI/EGLINTON,Mechanical,6,12,W/B,8627
2019-10-28,34,07:28:00,Monday,HAKIMI/EGLINTON,Diversion,2,8,W/B,8738
2019-10-28,709,07:30:00,Monday,Pioneer Village stn,Utilized Off Route,,,S/B,1421
2019-10-28,939,07:30:00,Monday,Route 939,General Delay,11,19,B/W,
2019-10-28,604,07:35:00,Monday,Finch Station,Utilized Off Route,1,1,SB,3225
2019-10-28,47,07:41:00,Monday,Queen and Lansdown,Investigation,11,22,W/B,1087
2019-10-28,607,07:55:00,Monday,Finch Station,Utilized Off Route,1,1,SB,1611
2019-10-28,35,08:00:00,Monday,Pioneer Village - Jane Station,General Delay,7,14,B/W,3275
2019-10-28,129,08:15:00,Monday,Scarborough Town Center,Mechanical,5,15,N/B,1743
2019-10-28,125,08:18:00,Monday,Lister Drive at Drewry Ave,Mechanical,7,13,WB,8215
2019-10-28,7,08:20:00,Monday,Ridelle Ave and Bathurst,Mechanical,8,16,S/B,8355
2019-10-28,41,08:35:00,Monday,Seneca Lane / The pond roadf,Investigation,14,28,S/B,9139
2019-10-28,94,08:40:00,Monday,Parliament and St.James,Investigation,14,28,B/W,1018
2019-10-28,94,08:45:00,Monday,Wellesley and Queens Park,Diversion,369,341,B/W,1203
2019-10-28,102,08:47:00,Monday,Brimley / St Clair,Diversion,37,47,E/B,8950
2019-10-28,9,08:47:00,Monday,St Clair / Brimley,Diversion,37,47,E/B,3101
2019-10-28,9,08:48:00,Monday,St Clair / Brimley,Diversion,39,49,E/B,3101
2019-10-28,73,09:04:00,Monday,CLAIRPORT,Investigation,17,36,N/B,8464
2019-10-28,70,09:30:00,Monday,Presley Ave,Investigation,17,36,B/W,8876
2019-10-28,96,10:00:00,Monday,Humberline/ Clairville,General Delay,690,715,B/W,
2019-10-28,189,10:15:00,Monday,St Clair and Castleton,Diversion,25,50,E/B,8035
2019-10-28,79,10:17:00,Monday,Runnymede and St. Clair,Diversion,78,88,BW,1560
2019-10-28,40,10:19:00,Monday,Runnymede & Castleton,Diversion,125,145,B/W,
2019-10-28,939,10:24:00,Monday,Finch & Don Mills,Mechanical,8,17,wb,3435
2019-10-28,939,10:50:00,Monday,Finch & Birchmount,Mechanical,8,17,wb,3516
2019-10-28,35,10:55:00,Monday,Sheppard and Jane,Mechanical,13,26,S/B,3572
2019-10-28,35,10:55:00,Monday,Firgrove Crest and Jane Street,Investigation,7,14,S/B,3366
2019-10-28,63,11:10:00,Monday,Eglinton West station,Mechanical,10,20,S/B,8342
2019-10-28,54,11:22:00,Monday,Eglinton Ave E/Bruce Park Ave,Emergency Services,6,12,W/B,8684
2019-10-28,49,11:41:00,Monday,Kipling station,Mechanical,15,30,W/B,8413
2019-10-28,162,11:51:00,Monday,Roe Loop (Old Orchard Grove/Avenue Rd),Mechanical,30,60,S/B,1390
2019-10-28,52,12:05:00,Monday,Lawrence STN,Utilized Off Route,14,28,W/B,8386
2019-10-28,102,12:22:00,Monday,Warden Station,Mechanical,22,44,E/B,8525
2019-10-28,87,12:27:00,Monday,East York Acres,Diversion,421,397,B/W,3156
2019-10-28,108,12:30:00,Monday,Pioneer Village station,Mechanical,9,18,S/B,3291
2019-10-28,47,12:37:00,Monday,Dundas and Lansdown,Investigation,9,18,N/B,1099
2019-10-28,87,12:40:00,Monday,Main Street Station,Mechanical,11,22,W/B,3136
2019-10-28,52,12:42:00,Monday,Lawrence Ave West at Dufferin St,Mechanical,14,28,W/B,8158
2019-10-28,52,12:43:00,Monday,Lawrence Ave West at Dufferin St,Utilized Off Route,14,28,W/B,8201
2019-10-28,29,13:00:00,Monday,Dufferin and Wilson,General Delay,20,27,B/W,
2019-10-28,25,13:10:00,Monday,Don Mills Station,Mechanical,9,18,S/B,8888
2019-10-28,32,13:10:00,Monday,Keele and Eglinton,Mechanical,11,22,W/B,1107
2019-10-28,40,13:45:00,Monday,Dundas West Station,Mechanical,20,40,E/B,7964
2019-10-28,133,14:00:00,Monday,STC,Mechanical,11,22,E/B,3457
2019-10-28,63,14:19:00,Monday,Ossington and Argyle,Investigation,10,20,S/B,1278
2019-10-28,985,14:30:00,Monday,Scarborough Town Center,Emergency Services,12,24,W/B,9007
2019-10-28,57,14:30:00,Monday,Eglinton Yard,Mechanical,1,1,OB,8699
2019-10-28,925,14:37:00,Monday,Eglinton Yard,Mechanical,1,1,OB,8893
2019-10-28,67,14:45:00,Monday,Eglinton Yard,Mechanical,1,1,OB,8865
2019-10-28,54,14:48:00,Monday,Eglinton Yard,Mechanical,1,1,OB,8681
2019-10-28,73,14:56:00,Monday,Royal York and Eglinton,Investigation,1,1,S/B,8464
2019-10-28,124,15:00:00,Monday,423 OLD ORCHARD ROAD,Mechanical,9,18,E/B,8385
2019-10-28,941,15:05:00,Monday,Finch West station,Mechanical,14,29,S/B,1111
2019-10-28,39,15:06:00,Monday,Kennedy Road,Investigation,14,28,W/B,1718
2019-10-28,953,15:15:00,Monday,Bayview,Mechanical,7,14,E/B,9008
2019-10-28,954,15:16:00,Monday,Eglinton Yard,Mechanical,1,1,OB,8839
2019-10-28,925,15:17:00,Monday,Eglinton Yard,Mechanical,1,1,OB,8838
2019-10-28,86,15:20:00,Monday,Eglinton Yard,Mechanical,1,1,OB,8777
2019-10-28,34,15:21:00,Monday,Eglinton Yard,Mechanical,1,1,OB,8640
2019-10-28,43,15:23:00,Monday,Eglinton Yard,Mechanical,1,1,OB,8929
2019-10-28,43,15:31:00,Monday,Kennedy and Dancy,Investigation,8,16,N/B,8825
2019-10-28,36,15:40:00,Monday,Highway 27,Mechanical,5,10,E/B,9111
2019-10-28,109,15:45:00,Monday,Dufferin and Wilson,Vision,22,44,S/B,1251
2019-10-28,80,15:50:00,Monday,Queensway/Avon Park Blvd,Diversion,25,55,B/W,
2019-10-28,939,15:51:00,Monday,Scarborough Town Center,Mechanical,12,24,W/B,3486
2019-10-28,45,16:00:00,Monday,Kipling Station to Steeles and Disco and Attwell,General Delay,15,21,B/W,
2019-10-28,44,16:00:00,Monday,Kipling Station to Colonel Samuel Smith Loop,General Delay,15,20,B/W,
2019-10-28,45,16:16:00,Monday,"On Kipling, at Finch",Investigation,4,8,N/B,7958
2019-10-28,34,16:19:00,Monday,Grenoble and Spanbridge,Mechanical,12,24,W/B,8807
2019-10-28,161,16:20:00,Monday,rogers and oakwood,Emergency Services,13,26,W/B,1103
2019-10-28,53,16:30:00,Monday,53 Steeles E,General Delay,5,10,B/W,0
2019-10-28,97,16:35:00,Monday,Davisville station,Mechanical,30,60,S/B,8383
2019-10-28,134,16:35:00,Monday,STC,Mechanical,5,10,E/B,9063
2019-10-28,79,16:35:00,Monday,Runnymede Station,Mechanical,12,24,S/B,1109
2019-10-28,924,16:40:00,Monday,Victoria Park & McNicoll,Investigation,10,19,S/B,3119
2019-10-28,165,16:48:00,Monday,york mills station,Mechanical,8,17,W/B,3586
2019-10-28,17,16:58:00,Monday,Rougeside Promenade at Birchmount,Diversion,71,112,S/B,
2019-10-28,937,17:05:00,Monday,Islington and 401,Mechanical,12,24,N/B,8441
2019-10-28,165,17:05:00,Monday,barmac and steeles,Mechanical,8,17,S/B,3629
2019-10-28,989,17:20:00,Monday,Weston/Steeles,Mechanical,14,27,S/B,1010
2019-10-28,95,17:30:00,Monday,Dundalk and Ellesmere,Investigation,10,21,W/B,1232
2019-10-28,34,17:32:00,Monday,Eglinton and redpath,Investigation,7,14,E/B,8940
2019-10-28,94,17:48:00,Monday,Wellesley Station,Mechanical,8,16,E/B,1001
2019-10-28,65,18:18:00,Monday,Coxwell Station,Emergency Services,11,22,S/B,8404
2019-10-28,53,18:24:00,Monday,Steeles and Leslie,Mechanical,5,10,W/B,3473
2019-10-28,6,18:47:00,Monday,Bay and Richmond,Investigation,8,15,S/B,1267
2019-10-28,42,19:00:00,Monday,Finch stn,Utilized Off Route,16,23,E/B,8339
2019-10-28,160,19:12:00,Monday,Bathurst and Atkinson,Diversion,205,229,S/B,
2019-10-28,25,19:13:00,Monday,Don Mills Station,Investigation,8,16,N/B,8669
2019-10-28,35,19:20:00,Monday,Jane and St.Marks,Mechanical,13,23,S/B,3492
2019-10-28,95,19:20:00,Monday,Oxbow and York Mills,Mechanical,11,21,E/B,1337
2019-10-28,60,19:20:00,Monday,Steeles / Signet,Utilized Off Route,1,1,W/B,3189
2019-10-28,17,19:32:00,Monday,Warden Station,Emergency Services,13,26,N/B,8472
2019-10-28,39,20:00:00,Monday,Sewells and Old finch.,Utilized Off Route,17,34,E/B,3544
2019-10-28,60,20:35:00,Monday,Yonge /North of  Bishop,Investigation,10,20,N/B,3332
2019-10-28,21,20:46:00,Monday,Haileyburt Drv/Brimley,Diversion,9,18,N/B,3545
2019-10-28,32,20:48:00,Monday,Eglinton and Yonge,Emergency Services,10,20,,1055
2019-10-28,89,22:41:00,Monday,"On Weston Road, at Albion Road",Mechanical,10,20,N/B,1555
2019-10-29,35,00:19:00,Tuesday,Jane Station,Utilized Off Route,9,18,W/B,3332
2019-10-29,320,01:30:00,Tuesday,Yonge and Dundas,Diversion,150,160,B,
2019-10-29,329,01:30:00,Tuesday,Princes gates,Diversion,1,1,B/W,
2019-10-29,396,02:00:00,Tuesday,Wilson and Julian.,Diversion,60,90,B/W,
2019-10-29,320,04:30:00,Tuesday,Yonge and Eglinton,Mechanical,4,8,N/B,8359
2019-10-29,60,04:59:00,Tuesday,Finch Station,Investigation,21,68,NB,3297
2019-10-29,707,05:01:00,Tuesday,Scarborough town centre,Utilized Off Route,,,S/B,1579
2019-10-29,70,05:03:00,Tuesday,EGLINTON YARD,Mechanical,1,1,W/B,8921
2019-10-29,607,05:04:00,Tuesday,Sheppard and Markham,Utilized Off Route,,,S/B,1680
2019-10-29,100,05:06:00,Tuesday,EGLINTON YARD,Mechanical,1,1,W/B,8937
2019-10-29,607,05:06:00,Tuesday,Scarborough town centre,Utilized Off Route,,,S/B,1294
2019-10-29,63,05:08:00,Tuesday,College/ Ossington,Investigation,13,26,S/B,1221
2019-10-29,116,05:09:00,Tuesday,EGLINTON YARD,Mechanical,1,1,W/B,8777
2019-10-29,39,05:18:00,Tuesday,Finch E & Neilson,Mechanical,20,30,E/B,3503
2019-10-29,604,05:19:00,Tuesday,Steeles & Signet,Utilized Off Route,,,S/B,3255
2019-10-29,70,05:22:00,Tuesday,EGLINTON YARD,Mechanical,1,1,W/B,8700
2019-10-29,34,05:26:00,Tuesday,EGLINTON STATION,Mechanical,8,16,E/B,8833
2019-10-29,925,05:31:00,Tuesday,EGLINTON YARD,Mechanical,1,1,W/B,8702
2019-10-29,98,05:32:00,Tuesday,Empress and Willowdale,Diversion,15,999,N/B,
2019-10-29,43,05:33:00,Tuesday,EGLINTON YARD,Mechanical,1,1,W/B,8668
2019-10-29,34,05:35:00,Tuesday,EGLINTON YARD,Mechanical,1,1,W/B,8837
2019-10-29,68,05:36:00,Tuesday,EGLINTON YARD,Mechanical,1,1,W/B,8736
2019-10-29,70,05:39:00,Tuesday,EGLINTON YARD,Mechanical,1,1,W/B,8931
2019-10-29,34,05:42:00,Tuesday,EGLINTON YARD,Mechanical,1,1,W/B,8629
2019-10-29,54,05:43:00,Tuesday,EGLINTON YARD,Mechanical,1,1,W/B,8734
2019-10-29,54,05:48:00,Tuesday,EGLINTON YARD,Mechanical,1,1,W/B,8798
2019-10-29,54,05:53:00,Tuesday,EGLINTON YARD,Mechanical,1,1,W/B,8725
2019-10-29,57,05:58:00,Tuesday,EGLINTON YARD,Mechanical,1,1,W/B,8670
2019-10-29,67,05:58:00,Tuesday,EGLINTON YARD,Mechanical,1,1,W/B,8666
2019-10-29,116,05:59:00,Tuesday,eglinton yard,Mechanical,1,1,W/B,8771
2019-10-29,100,06:00:00,Tuesday,eglinton yard,Mechanical,1,1,W/B,8823
2019-10-29,100,06:03:00,Tuesday,eglinton yard,Mechanical,1,1,W/B,8692
2019-10-29,43,06:04:00,Tuesday,eglinton yard,Mechanical,1,1,W/B,8791
2019-10-29,57,06:07:00,Tuesday,Eglinton Yard,Mechanical,1,1,W/B,8708
2019-10-29,100,06:14:00,Tuesday,eglinton yard,Mechanical,1,1,W/B,8730
2019-10-29,86,06:17:00,Tuesday,eglinton yard,Mechanical,1,1,W/B,8694
2019-10-29,43,06:19:00,Tuesday,eglinton yard,Mechanical,1,1,W/B,8656
2019-10-29,905,06:20:00,Tuesday,EGLINTON YARD,Mechanical,1,1,W/B,8686
2019-10-29,607,06:21:00,Tuesday,Kennedy stn,Utilized Off Route,,,S/B,3500
2019-10-29,68,06:22:00,Tuesday,EGLINTON YARD,Mechanical,1,1,W/B,8640
2019-10-29,36,06:22:00,Tuesday,Finch West station,Mechanical,5,10,B/W,9106
2019-10-29,95,06:24:00,Tuesday,Ellesmere and Crocus,Investigation,8,16,W/B,1339
2019-10-29,606,06:25:00,Tuesday,Warden stn,Utilized Off Route,,,W/B,3154
2019-10-29,72,06:30:00,Tuesday,Pape and Withrow ave,Emergency Services,9,18,N/B,3135
2019-10-29,604,06:30:00,Tuesday,Finch Station,Utilized Off Route,1,1,SB,3255
2019-10-29,100,06:31:00,Tuesday,EGLINTON YARD,Mechanical,1,1,W/B,8704
2019-10-29,35,06:32:00,Tuesday,Jane at Weston,Investigation,9,19,N/B,3296
2019-10-29,57,06:36:00,Tuesday,EGLINTON YARD,Mechanical,1,1,W/B,8676
2019-10-29,600,06:37:00,Tuesday,Royal York stn,Utilized Off Route,,,E/B,8080
2019-10-29,100,06:38:00,Tuesday,EGLINTON YARD,Mechanical,1,1,W/B,8625
2019-10-29,52,06:45:00,Tuesday,Lawrence Ave West at Pimlico Rd,Diversion,11,25,E/B,
2019-10-29,952,06:45:00,Tuesday,Lawrence Ave West at Pimlico Rd,Diversion,11,23,E/B,
2019-10-29,25,07:00:00,Tuesday,York Mills road,General Delay,20,26,N/B,
2019-10-29,925,07:00:00,Tuesday,York Mills Road,General Delay,20,30,N/B,
2019-10-29,76,07:02:00,Tuesday,Royal York Station,Mechanical,5,10,SB,8089
2019-10-29,43,07:30:00,Tuesday,Kennedy and Progress,Diversion,1,1,W/B,8791
2019-10-29,54,07:30:00,Tuesday,LAWRENCE/DVP,General Delay,20,31,B/W,
2019-10-29,939,07:30:00,Tuesday,Route 939,General Delay,15,22,B/W,
2019-10-29,39,07:30:00,Tuesday,Route 39,General Delay,11,16,B/W,
2019-10-29,952,07:37:00,Tuesday,Lawrence Ave West at Pimlico Dr,Diversion,61,74,E/B,
2019-10-29,52,07:37:00,Tuesday,Lawrence Ave West at Pimlico Drive,Diversion,61,75,E/B,
2019-10-29,995,08:00:00,Tuesday,York Mills Station to University of Toronto,General Delay,35,45,bw,
2019-10-29,65,08:00:00,Tuesday,Entire route,General Delay,10,23,N/B,
2019-10-29,132,08:00:00,Tuesday,Scarborough Town Center to Hupfield/Steeles,General Delay,12,24,B/W,
2019-10-29,133,08:00:00,Tuesday,Scarborough to Morningside/Finch,General Delay,10,21,B/W,
2019-10-29,95,08:00:00,Tuesday,York Mills Station to Kingston Road Loop,General Delay,33,41,bw,
2019-10-29,129,08:00:00,Tuesday,Scarborough Town Center to Major MacKenzie,General Delay,18,33,S/B,
2019-10-29,52,08:00:00,Tuesday,Lawrence Ave West from Jane St to Keele St,General Delay,15,30,B/W,
2019-10-29,952,08:00:00,Tuesday,Lawrence Ave West from Jane st to Lawrence,General Delay,15,27,B/W,
2019-10-29,102,08:01:00,Tuesday,Warden stn / Markham,General Delay,7,13,B/W,
2019-10-29,135,08:01:00,Tuesday,Main stn / Warden stn,General Delay,6,12,B/W,
2019-10-29,60,08:05:00,Tuesday,Steeles Ave West and Village Gate,Diversion,132,139,EB,3193
2019-10-29,902,08:10:00,Tuesday,Warden stn / Progess ave.,General Delay,6,12,B/W,
2019-10-29,7,08:10:00,Tuesday,Steeles and Village Gate,Diversion,110,118,S/B,
2019-10-29,6,08:25:00,Tuesday,Bay and Dundas,Mechanical,5,10,S/B,3725
2019-10-29,129,08:26:00,Tuesday,McCowan and HWY #7,Emergency Services,15,30,S/B,3538
2019-10-29,38,08:28:00,Tuesday,scarborough town,Mechanical,10,20,E/B,1402
2019-10-29,984,08:30:00,Tuesday,Weston Rd and Bradstock to Sheppard Yonge Station,General Delay,15,25,B/W,
2019-10-29,84,08:30:00,Tuesday,Sheppard Ave West at Jane St,General Delay,15,25,B/W,
2019-10-29,24,08:40:00,Tuesday,24 Victoria Park Route- All Brach,General Delay,15,30,B/W,9218
2019-10-29,924,08:40:00,Tuesday,924 Victoria Park Express Route,General Delay,10,19,B/W,3107
2019-10-29,112,08:40:00,Tuesday,Dundas and Shaver,Mechanical,7,14,N/B,8032
2019-10-29,122,08:50:00,Tuesday,York Mills Station to Roywoods and Fenside,General Delay,29,38,bw,
2019-10-29,935,09:00:00,Tuesday,Jane at Falstaff,General Delay,20,30,N/B,
2019-10-29,35,09:00:00,Tuesday,Jane at Falstaff,General Delay,20,30,N/B,
2019-10-29,94,09:50:00,Tuesday,Wellesley Station,Mechanical,14,28,E/B,1010
2019-10-29,36,09:58:00,Tuesday,Approaching Kipling,Mechanical,5,10,E/B,9107
2019-10-29,126,10:00:00,Tuesday,Christie/ St Clair West,General Delay,15,45,B/W,
2019-10-29,35,10:00:00,Tuesday,York Gate at Hullmar,Diversion,30,40,N/B,
2019-10-29,35,10:00:00,Tuesday,York Gate at Hullmar,General Delay,30,40,N/B,
2019-10-29,44,10:00:00,Tuesday,Kipling Station,Mechanical,6,12,S/B,7962
2019-10-29,75,10:07:00,Tuesday,Sherbourne and Bloor,Emergency Services,5,10,N/B,1389
2019-10-29,52,10:18:00,Tuesday,Lawrence West station,Mechanical,9,24,E/B,1344
2019-10-29,111,10:21:00,Tuesday,Kipling Station,Utilized Off Route,15,30,N/B,7975
2019-10-29,29,10:25:00,Tuesday,Dufferin and St Clair,Mechanical,7,14,NB,9035
2019-10-29,121,11:17:00,Tuesday,Princess Gate Loop,Mechanical,10,20,B/W,8403
2019-10-29,81,11:33:00,Tuesday,867 Pape Ave,Investigation,11,22,N/B,9217
2019-10-29,32,11:39:00,Tuesday,Eglinton West Station,Mechanical,11,22,E/B,1142
2019-10-29,79,11:45:00,Tuesday,St. Clair at Jane,Investigation,11,22,W/B,1051
2019-10-29,47,11:47:00,Tuesday,Yorkdale Station,Mechanical,20,41,N/B,1348
2019-10-29,52,11:58:00,Tuesday,Lawrence Ave West at Dufferin St,Investigation,14,28,W/B,8181
2019-10-29,32,12:00:00,Tuesday,Keele and Eglinton,Mechanical,11,22,E/B,1521
2019-10-29,86,12:54:00,Tuesday,Kennedy Station,Mechanical,33,50,E/B,8824
2019-10-29,925,13:00:00,Tuesday,Entire Line,General Delay,15,20,N/B,8779
2019-10-29,165,13:00:00,Tuesday,Wilson / Beverly,Mechanical,12,24,S/B,3265
2019-10-29,52,13:13:00,Tuesday,Lawrence West Station,Mechanical,14,28,E/B,8114
2019-10-29,32,13:16:00,Tuesday,Jane and Lawrence,Mechanical,11,22,,1408
2019-10-29,939,13:34:00,Tuesday,Finch and Bathurst,Diversion,214,223,W/B,1393
2019-10-29,36,13:40:00,Tuesday,Finch and Bathurst,Diversion,1,1,W/B,3496
2019-10-29,108,13:41:00,Tuesday,Driftwood and Finch,Investigation,8,16,SB,3331
2019-10-29,36,13:45:00,Tuesday,Finch West Station,Mechanical,5,10,E/B,3165
2019-10-29,32,13:51:00,Tuesday,Eglinton and Weston Rd,Mechanical,10,19,E/B,1081
2019-10-29,113,13:51:00,Tuesday,Victoria Park Station,Mechanical,23,46,E/B,8523
2019-10-29,54,14:15:00,Tuesday,dufferin and redpath,Investigation,5,10,E/B,8781
2019-10-29,71,14:26:00,Tuesday,Runnymede Station,Mechanical,9,18,S/B,1084
2019-10-29,57,14:30:00,Tuesday,Eglinton Yard,Mechanical,1,1,OB,8676
2019-10-29,54,14:34:00,Tuesday,Eglinton Yard,Mechanical,1,1,OB,8653
2019-10-29,116,14:39:00,Tuesday,Eglinton Yard,Mechanical,0,0,OB,8708
2019-10-29,939,14:45:00,Tuesday,Scarborough Town Center,Mechanical,9,18,W/B,1701
2019-10-29,25,14:52:00,Tuesday,Eglinton Yard,Mechanical,0,0,OB,8637
2019-10-29,116,14:54:00,Tuesday,Eglinton YARd,Mechanical,0,0,OB,8908
2019-10-29,68,14:56:00,Tuesday,Eglinton Yard,Mechanical,0,0,OB,8732
2019-10-29,97,14:57:00,Tuesday,Yonge and Charles,Investigation,30,60,S/B,1211
2019-10-29,36,14:58:00,Tuesday,John Garland on Finch,Mechanical,6,12,E/B,3206
2019-10-29,29,15:00:00,Tuesday,Wilson Station,Mechanical,8,16,SB,9146
2019-10-29,37,15:00:00,Tuesday,BW on route,General Delay,20,1,B/W,
2019-10-29,73,15:00:00,Tuesday,BW on route,General Delay,20,1,B/W,
2019-10-29,125,15:00:00,Tuesday,Entire Route,General Delay,15,30,BW,
2019-10-29,34,15:08:00,Tuesday,Eglinton Yard,Mechanical,0,0,OB,8715
2019-10-29,116,15:15:00,Tuesday,EglintonYArd,Mechanical,0,0,OB,8700
2019-10-29,925,15:17:00,Tuesday,Eglinton Yard,Mechanical,1,1,OB,8652
2019-10-29,986,15:25:00,Tuesday,Eglinton Yard,Mechanical,1,1,OB,8828
2019-10-29,57,15:26:00,Tuesday,Eglinton Yard,Mechanical,0,0,OB,8625
2019-10-29,60,15:30:00,Tuesday,Entire Route,General Delay,15,30,BW,
2019-10-29,25,15:33:00,Tuesday,Eglinton Yard,Mechanical,0,0,OB,8809
2019-10-29,34,15:33:00,Tuesday,EglintonYArd,Mechanical,0,0,OB,8849
2019-10-29,53,15:39:00,Tuesday,Brimley on Steeles,Mechanical,5,12,W/B,1661
2019-10-29,56,15:44:00,Tuesday,eglinton stn,Mechanical,18,36,W/B,8354
2019-10-29,54,15:49:00,Tuesday,lawrence and victoria park,Investigation,6,12,E/B,8621
2019-10-29,109,16:00:00,Tuesday,Neptune to Eglinton West Station,General Delay,22,34,B/W,
2019-10-29,952,16:00:00,Tuesday,Entire Route,General Delay,25,36,B/W,
2019-10-29,52,16:00:00,Tuesday,Entire Route,General Delay,25,35,B/W,
2019-10-29,953,16:00:00,Tuesday,953 steeles express,General Delay,6,12,B/W,0
2019-10-29,53,16:00:00,Tuesday,53 steeles east,General Delay,5,10,B/W,0
2019-10-29,36,16:00:00,Tuesday,36 Finch west route,General Delay,5,10,B/W,0
2019-10-29,984,16:00:00,Tuesday,Entire Route,General Delay,20,30,B/W,
2019-10-29,25,16:00:00,Tuesday,Entire Line,General Delay,15,20,S/B,8716
2019-10-29,64,16:00:00,Tuesday,64 Main route,General Delay,8,16,B/W,
2019-10-29,84,16:00:00,Tuesday,Entire Route,General Delay,20,30,B/W,
2019-10-29,986,16:01:00,Tuesday,Meadowvale Loop,Mechanical,10,20,W/B,8759
2019-10-29,941,16:03:00,Tuesday,Finch West Station,Vision,14,28,S/B,1114
2019-10-29,41,16:11:00,Tuesday,Keele Station,Mechanical,15,30,NB,9029
2019-10-29,38,16:41:00,Tuesday,Rouge Hill GO STN,Mechanical,13,26,W/B,1725
2019-10-29,900,17:10:00,Tuesday,Kipling Station,Mechanical,9,17,E/B,8001
2019-10-29,36,17:14:00,Tuesday,Finch west station,Investigation,6,12,W/B,3165
2019-10-29,72,17:16:00,Tuesday,Pape Station,Mechanical,10,20,S/B,8962
2019-10-29,51,17:31:00,Tuesday,leslie  steeles,Utilized Off Route,27,54,N/B,1217
2019-10-29,41,18:00:00,Tuesday,Keele Station,Investigation,16,32,SB,9026
2019-10-29,7,18:09:00,Tuesday,Bathurst Station,Mechanical,8,16,NB,1382
2019-10-29,54,18:15:00,Tuesday,rouge hill,General Delay,5,10,E/B,8733
2019-10-29,134,18:41:00,Tuesday,Progress/Markham,Investigation,5,10,E/B,9081
2019-10-29,129,18:43:00,Tuesday,McCowan/Finch Ave E,Mechanical,4,8,N/B,3538
2019-10-29,42,18:50:00,Tuesday,Cummer / Graigmont,Mechanical,15,30,BW,1321
2019-10-29,90,18:50:00,Tuesday,St Clair Stn,Investigation,6,12,N/B,1315
2019-10-29,47,19:19:00,Tuesday,Lansdowne Station,Investigation,19,38,S/B,1325
2019-10-29,116,19:25:00,Tuesday,Morningside and Ellesmere,Investigation,7,13,S/B,8708
2019-10-29,985,19:26:00,Tuesday,Idagrove gate and Sheppard,Investigation,10,20,W/B,9062
2019-10-29,66,19:30:00,Tuesday,Old Mill Stn,Emergency Services,20,40,S/B,8035
2019-10-29,89,19:35:00,Tuesday,Weston/Albion,Mechanical,10,20,N/B,1345
2019-10-29,7,19:43:00,Tuesday,Bathurst Station,Investigation,8,16,NB,8180
2019-10-29,54,20:15:00,Tuesday,lawrence at McCowan,Investigation,12,24,E/B,8728
2019-10-29,85,21:15:00,Tuesday,Sheppard and Gateforth,Investigation,15,32,E/B,3412
2019-10-29,94,21:41:00,Tuesday,Castlefrank Station,Mechanical,10,20,W/B,1503
2019-10-29,7,22:14:00,Tuesday,greenville village and bathurst,Mechanical,8,16,S/B,8320
2019-10-29,935,22:18:00,Tuesday,Jane and Wilson,Investigation,10,20,S/B,3161
2019-10-29,70,22:24:00,Tuesday,O'Connor & Dohme,Investigation,30,60,E/B,8698
2019-10-29,25,22:42:00,Tuesday,Pape station,Utilized Off Route,9,18,S/B,8744
2019-10-29,87,23:04:00,Tuesday,Broadview Station,Investigation,1,1,N/B,9234
2019-10-30,110,01:21:00,Wednesday,Longbranch,Utilized Off Route,30,60,N/B,8069
2019-10-30,320,01:30:00,Wednesday,Yonge & Dundas,Diversion,300,304,BW,8342
2019-10-30,76,01:30:00,Wednesday,Mimico Ave & Lake Shore,Mechanical,10,20,W/B,8029
2019-10-30,329,01:30:00,Wednesday,Springhurst Loop,Utilized Off Route,30,60,N/B,9021
2019-10-30,41,01:55:00,Wednesday,keele station,Investigation,25,50,S/B,9104
2019-10-30,300,02:33:00,Wednesday,Warden Ave and Danforth Rd,Emergency Services,1,1,E/B,8659
2019-10-30,320,03:30:00,Wednesday,Steeles & Yonge,Mechanical,3,7,S/B,1032
2019-10-30,320,04:36:00,Wednesday,Davisville Station,Utilized Off Route,15,30,N/B,1536
2019-10-30,54,04:46:00,Wednesday,Eglinton yard,Mechanical,1,1,E/B,8898
2019-10-30,34,04:55:00,Wednesday,EGL. YARD,Mechanical,1,1,E/B,8790
2019-10-30,34,05:00:00,Wednesday,egl. Yard,Mechanical,1,1,E,8686
2019-10-30,116,05:09:00,Wednesday,egli. Yard,Mechanical,1,1,E,8640
2019-10-30,68,05:17:00,Wednesday,egli. Yard,Mechanical,1,1,E,8827
2019-10-30,67,05:22:00,Wednesday,egli yard,Mechanical,1,1,N/B,8847
2019-10-30,34,05:25:00,Wednesday,egli yard,Mechanical,1,1,N/B,8887
2019-10-30,116,05:26:00,Wednesday,egli.yard,Mechanical,1,1,N/B,8644
2019-10-30,986,05:27:00,Wednesday,egli. Yard,Mechanical,1,1,N/B,8632
2019-10-30,939,05:28:00,Wednesday,Malvern garage POD Sheppard and McCowan,Mechanical,8,15,W/B,1313
2019-10-30,43,05:33:00,Wednesday,egli yard,Mechanical,1,1,N/B,8789
2019-10-30,68,05:33:00,Wednesday,egli yard,Mechanical,1,1,N/B,8794
2019-10-30,34,05:41:00,Wednesday,egli yard,Mechanical,1,1,N/B,8861
2019-10-30,925,05:42:00,Wednesday,egli yard,Mechanical,1,1,N/B,8745
2019-10-30,986,05:42:00,Wednesday,egli yard,Mechanical,1,1,N/B,8866
2019-10-30,116,05:46:00,Wednesday,egli yard,Mechanical,1,1,N/B,8698
2019-10-30,86,05:47:00,Wednesday,egli yar,Mechanical,1,1,N/B,8907
2019-10-30,86,05:47:00,Wednesday,egli yard,Mechanical,1,1,N/B,8907
2019-10-30,25,05:48:00,Wednesday,egli. Yard,Mechanical,1,1,N/B,8775
2019-10-30,929,05:50:00,Wednesday,Industry Street and Bertal Road,Mechanical,9,18,S/B,9100
2019-10-30,925,05:51:00,Wednesday,egli. Yard,Mechanical,1,1,N/B,8747
2019-10-30,986,05:52:00,Wednesday,egli yard,Mechanical,1,1,N/B,8622
2019-10-30,954,05:57:00,Wednesday,egli yard,Mechanical,1,1,N/B,8701
2019-10-30,54,05:59:00,Wednesday,egli. Yard,Mechanical,1,1,N/B,8928
2019-10-30,54,06:00:00,Wednesday,Eglinton Station,Investigation,9,18,EB,8756
2019-10-30,100,06:00:00,Wednesday,egli yard,Mechanical,1,1,E/B,8739
2019-10-30,68,06:01:00,Wednesday,egli. Yard,Mechanical,1,1,N/B,8693
2019-10-30,34,06:03:00,Wednesday,YONGE/EGLINTON,Investigation,6,12,E/B,8811
2019-10-30,100,06:03:00,Wednesday,egli yard,Mechanical,1,1,N/B,8837
2019-10-30,954,06:04:00,Wednesday,egli. Yard,Mechanical,1,1,N/B,8809
2019-10-30,34,06:05:00,Wednesday,egli. Yard,Mechanical,1,1,N/B,8670
2019-10-30,38,06:06:00,Wednesday,Scarborough centre,Mechanical,11,22,E/B,1207
2019-10-30,25,06:08:00,Wednesday,egli yard,Mechanical,1,1,N/B,8921
2019-10-30,25,06:08:00,Wednesday,"egli, yard",Mechanical,1,1,N/B,8921
2019-10-30,34,06:13:00,Wednesday,KENNEDY STATION,Mechanical,6,12,W/B,8896
2019-10-30,54,06:16:00,Wednesday,egli yard,Mechanical,1,1,N/B,8926
2019-10-30,100,06:17:00,Wednesday,egli yard,Mechanical,1,1,N/B,8923
2019-10-30,954,06:26:00,Wednesday,Egli yard,Mechanical,1,1,N/B,8741
2019-10-30,925,06:27:00,Wednesday,egli yard,Mechanical,1,1,N/B,8656
2019-10-30,100,06:27:00,Wednesday,egli. Yard,Mechanical,1,1,N/B,8929
2019-10-30,954,06:30:00,Wednesday,egli yard,Mechanical,1,1,N/B,8635
2019-10-30,35,06:36:00,Wednesday,Pioneer Village Station,Mechanical,6,12,SB,3351
2019-10-30,12,06:48:00,Wednesday,Victoria Park Station,Mechanical,16,32,E/B,3144
2019-10-30,952,06:50:00,Wednesday,T1 PEARSON AIRPORT,Utilized Off Route,8,19,E/B,1215
2019-10-30,71,06:55:00,Wednesday,Industry and Mount Dennis Garage,Mechanical,9,18,S/B,1143
2019-10-30,52,06:57:00,Wednesday,Pearson Airport Terminal 3,Mechanical,12,22,E/B,1383
2019-10-30,95,07:00:00,Wednesday,Victoria Park and Ellesmere,Mechanical,8,16,E/B,3503
2019-10-30,65,07:00:00,Wednesday,Entire route,General Delay,10,23,S/B,
2019-10-30,52,07:00:00,Wednesday,Westwood Mall to Lawrence Station,General Delay,20,35,B/W,
2019-10-30,125,07:22:00,Wednesday,Finch stn,Mechanical,6,11,W/B,8104
2019-10-30,39,07:30:00,Wednesday,Route 39,General Delay,16,21,B/W,
2019-10-30,98,07:30:00,Wednesday,Steeles /Willodale,Investigation,16,32,S/B,8162
2019-10-30,129,07:30:00,Wednesday,Scarborough Town Center to Major MacKenzie,General Delay,12,27,B/W,
2019-10-30,939,07:30:00,Wednesday,Route 939,General Delay,11,18,B/W,
2019-10-30,937,07:56:00,Wednesday,Islington and Finchley,Mechanical,12,24,NB,8447
2019-10-30,32,07:57:00,Wednesday,Emmett and Verona,Mechanical,11,22,E/B,1107
2019-10-30,132,08:00:00,Wednesday,Scarborough Town Center to Hupfield/Steeles,General Delay,10,22,B/W,
2019-10-30,925,08:00:00,Wednesday,Entire route,General Delay,15,25,S/B,
2019-10-30,68,08:00:00,Wednesday,Angus Glen Community Center to Warden STN,General Delay,12,38,S/B,
2019-10-30,986,08:00:00,Wednesday,Meadowvale and ShepparLoop - Kenndey Station,General Delay,7,14,B/W,8925
2019-10-30,98,08:18:00,Wednesday,Steeles /Yonge,Mechanical,16,32,S/B,9193
2019-10-30,47,08:45:00,Wednesday,Caledonia and Raithearn Drive,Investigation,9,18,N/B,1265
2019-10-30,36,08:50:00,Wednesday,Finch West station,Mechanical,5,10,W/B,9124
2019-10-30,123,08:52:00,Wednesday,Kipling station,Utilized Off Route,24,48,S/B,7974
2019-10-30,36,09:00:00,Wednesday,Weston rd,Mechanical,5,9,W/B,9114
2019-10-30,105,09:07:00,Wednesday,Allen Rd/Rimrock,Investigation,11,22,N/B,8381
2019-10-30,985,09:15:00,Wednesday,Sheppard/McCowan,Mechanical,12,24,E/B,9067
2019-10-30,52,09:15:00,Wednesday,Lawrence Ave West at Weston Rd,Investigation,15,26,E/B,8377
2019-10-30,63,09:18:00,Wednesday,Ossington  and Leeds,Mechanical,5,10,N/B,8157
2019-10-30,63,09:27:00,Wednesday,Eglinton from Oakwood to Almeda,Diversion,15,25,B/W,
2019-10-30,32,09:27:00,Wednesday,Oakwood and Eglinton,Diversion,38,48,bw,
2019-10-30,34,09:30:00,Wednesday,BRENTCLIFFE/EGLINTON,Diversion,96,109,B/W,
2019-10-30,32,09:30:00,Wednesday,Oakwood and Eglinton,Investigation,7,14,E/B,1127
2019-10-30,51,09:40:00,Wednesday,Eglinton Ave East and Brentcliffe Road,Diversion,110,130,EB,8212
2019-10-30,54,09:40:00,Wednesday,Eglinton Ave East and Brentcliff Road,Diversion,102,114,WB,8939
2019-10-30,35,10:00:00,Wednesday,Jane and Chalkfarm,Mechanical,7,14,SB,3311
2019-10-30,53,10:02:00,Wednesday,Leslie on Steeles,Investigation,6,11,W/B,1565
2019-10-30,45,10:15:00,Wednesday,Disco Road and Attwell,Diversion,56,76,B/W,8045
2019-10-30,74,10:32:00,Wednesday,ST. CLAIR STATION,Mechanical,19,38,N/B,8306
2019-10-30,925,10:49:00,Wednesday,Cosburn Ave,Mechanical,10,20,S/B,8702
2019-10-30,38,11:05:00,Wednesday,Scarborough centre,Mechanical,6,12,W/B,1225
2019-10-30,165,11:24:00,Wednesday,Weston/ Finch,Mechanical,6,12,S/B,3315
2019-10-30,90,11:55:00,Wednesday,St. Clair West Station,Investigation,10,20,N/B,8118
2019-10-30,52,12:00:00,Wednesday,Lawrence Ave West at Bathurst St,Investigation,14,28,E/B,1217
2019-10-30,73,12:07:00,Wednesday,Royal York stn,Investigation,17,34,N/B,8025
2019-10-30,32,12:07:00,Wednesday,Tretheway and Black Creek,Mechanical,11,22,E/B,1026
2019-10-30,939,12:07:00,Wednesday,Scarborough Town Center,Mechanical,8,17,W/B,3446
2019-10-30,905,12:11:00,Wednesday,Kennedy Station,Mechanical,8,21,E/B,8806
2019-10-30,929,12:17:00,Wednesday,Dufferin & Bloor,Investigation,10,20,S/B,9151
2019-10-30,21,12:34:00,Wednesday,STC,Mechanical,13,26,S/B,1320
2019-10-30,41,12:40:00,Wednesday,Keele and Lawerence,Emergency Services,12,24,N/B,9049
2019-10-30,929,13:00:00,Wednesday,Dundas - Queen & Lawerence - 401,General Delay,20,25,N/B,9021
2019-10-30,34,13:30:00,Wednesday,Eglinton and Don Mills,General Delay,45,45,E/B,
2019-10-30,939,13:33:00,Wednesday,McCowan and Sheppard,Mechanical,9,17,W/B,1318
2019-10-30,711,13:45:00,Wednesday,Avenue rd and Tranby ave,Investigation,1,1,N/B,8205
2019-10-30,29,14:00:00,Wednesday,Dundas - Queen & Lawerence - 401,General Delay,7,14,S/B,9016
2019-10-30,76,14:00:00,Wednesday,Bothways along the route,General Delay,20,1,B/W,
2019-10-30,26,14:00:00,Wednesday,Dundas,General Delay,17,34,B/W,1020
2019-10-30,37,14:00:00,Wednesday,Bothways on route,General Delay,30,1,B/W,
2019-10-30,76,14:00:00,Wednesday,"Bothways along route,",General Delay,20,1,B/W,
2019-10-30,9,14:00:00,Wednesday,Warden stn,Mechanical,27,53,E/B,8488
2019-10-30,20,14:01:00,Wednesday,Midland Ave/St. Claire Ave,Mechanical,15,30,W/B,8407
2019-10-30,35,14:08:00,Wednesday,Jane Station,Mechanical,7,14,N/B,3356
2019-10-30,57,14:14:00,Wednesday,Eglinton Garage,Mechanical,1,1,OB,8775
2019-10-30,67,14:15:00,Wednesday,Eglinton Garage,Mechanical,1,1,OB,8809
2019-10-30,116,14:16:00,Wednesday,Eglinton Garage,Mechanical,1,1,OB,8797
2019-10-30,57,14:18:00,Wednesday,Eglinton Garage,Mechanical,1,1,OB,8635
2019-10-30,87,14:21:00,Wednesday,Broadview Station,Mechanical,11,22,E/B,3158
2019-10-30,100,14:25:00,Wednesday,Wynford and Don Mills,Mechanical,6,12,E/B,8910
2019-10-30,53,14:29:00,Wednesday,Finch Station,Mechanical,6,12,E/B,3453
2019-10-30,25,14:30:00,Wednesday,Eglinton Garage,Mechanical,1,1,OB,8680
2019-10-30,16,14:30:00,Wednesday,Warden stn,Investigation,13,26,E/B,3157
2019-10-30,34,14:31:00,Wednesday,Eglinton Garage,Mechanical,1,1,OB,8937
2019-10-30,39,14:39:00,Wednesday,Brimley Road,Mechanical,11,23,E/B,3424
2019-10-30,131,14:40:00,Wednesday,Markham and McLevin,Investigation,13,26,W/B,3434
2019-10-30,925,14:46:00,Wednesday,Eglinton Garage,Mechanical,1,1,OB,8668
2019-10-30,54,14:48:00,Wednesday,Eglinton Garage,Mechanical,1,1,OB,8699
2019-10-30,122,14:50:00,Wednesday,Roywoods Fenside - York Mills Station,General Delay,25,37,B/W,
2019-10-30,25,14:54:00,Wednesday,Eglinton Garage,Mechanical,1,1,OB,8849
2019-10-30,929,14:55:00,Wednesday,St Clair and Dufferin,Utilized Off Route,10,20,N/B,9015
2019-10-30,35,14:55:00,Wednesday,Jane Station,Utilized Off Route,5,10,N/B,3164
2019-10-30,68,14:57:00,Wednesday,Eglinton Garage,Mechanical,1,1,OB,8640
2019-10-30,25,14:58:00,Wednesday,Eglinton Garage,Mechanical,1,1,OB,8670
2019-10-30,32,15:00:00,Wednesday,Eglinton and Old Forrest hill Rd,Mechanical,10,19,,1105
2019-10-30,37,15:00:00,Wednesday,BW on route,General Delay,20,1,B/W,
2019-10-30,11,15:00:00,Wednesday,On route,General Delay,30,30,B/W,
2019-10-30,52,15:00:00,Wednesday,Westwood Mall,General Delay,20,35,B/W,
2019-10-30,63,15:00:00,Wednesday,Oakwood Loop,Utilized Off Route,9,18,S/B,8345
2019-10-30,45,15:00:00,Wednesday,Kipling Station,Utilized Off Route,8,16,N/B,8440
2019-10-30,89,15:00:00,Wednesday,Keele Station,Utilized Off Route,11,20,S/B,1052
2019-10-30,79,15:04:00,Wednesday,Runnymede Station,Mechanical,8,16,N/B,1097
2019-10-30,25,15:05:00,Wednesday,Eglinton Garage,Mechanical,1,1,OB,8816
2019-10-30,29,15:08:00,Wednesday,St Clair and Dufferin,Utilized Off Route,7,14,S/B,9013
2019-10-30,110,15:08:00,Wednesday,Long Branch loop,Investigation,12,24,S/B,8424
2019-10-30,120,15:10:00,Wednesday,Garrett and Spaulding,Investigation,24,50,S/B,3278
2019-10-30,54,15:16:00,Wednesday,don mills lawrence east,Investigation,5,10,E/B,8827
2019-10-30,954,15:16:00,Wednesday,Eglinton Garage,Mechanical,1,1,OB,8741
2019-10-30,144,15:21:00,Wednesday,Eglinton Garage,Mechanical,1,1,OB,8914
2019-10-30,43,15:23:00,Wednesday,Eglinton Garage,Mechanical,1,1,OB,8722
2019-10-30,925,15:26:00,Wednesday,Eglinton Garage,Mechanical,1,1,OB,8847
2019-10-30,954,15:27:00,Wednesday,Eglinton Garage,Mechanical,1,1,OB,8935
2019-10-30,42,15:28:00,Wednesday,McNicoll / Donmills,Diversion,16,31,E/B,8175
2019-10-30,38,15:30:00,Wednesday,Scarb Town ctr,Mechanical,13,26,W/B,1323
2019-10-30,100,15:31:00,Wednesday,Eglinton Garage,Mechanical,1,1,OB,8835
2019-10-30,63,15:39:00,Wednesday,Oakwood loop,Utilized Off Route,10,20,S/B,8355
2019-10-30,89,15:40:00,Wednesday,Keele Stn.,Utilized Off Route,11,22,S/B,1139
2019-10-30,97,15:40:00,Wednesday,Queens Quay to Hilda and Steeles,General Delay,50,80,B/W,
2019-10-30,95,15:40:00,Wednesday,Kingston Road Loop to York Mills Station,General Delay,25,35,B/W,
2019-10-30,995,15:40:00,Wednesday,York Mills Station to University of Toronto,General Delay,33,48,B/W,
2019-10-30,59,15:40:00,Wednesday,Lawrence West Station to Oak and Weston,General Delay,43,71,B/W,
2019-10-30,109,15:40:00,Wednesday,Neptune and Bathurst to Eglinton West Station,General Delay,42,64,B/W,
2019-10-30,144,15:41:00,Wednesday,Eglinton Garage,Mechanical,1,1,OB,8923
2019-10-30,36,15:48:00,Wednesday,Humberwood Loop,Mechanical,6,12,W/B,9126
2019-10-30,996,15:50:00,Wednesday,Keele st to Transit road,General Delay,11,22,B/W,
2019-10-30,116,15:54:00,Wednesday,Kennedy Station - Morningside and Nightstar,General Delay,10,20,B/W,
2019-10-30,76,15:59:00,Wednesday,Royal York and Norseman,Mechanical,5,10,S/B,8091
2019-10-30,161,16:00:00,Wednesday,rogers rd and oakwood road,General Delay,13,26,B/W,
2019-10-30,84,16:00:00,Wednesday,Entire Route,General Delay,20,30,B/W,
2019-10-30,952,16:00:00,Wednesday,Entire Route,General Delay,25,36,B/W,
2019-10-30,96,16:00:00,Wednesday,wilson ave,General Delay,12,24,B/W,
2019-10-30,64,16:00:00,Wednesday,64 Main route,General Delay,8,16,B/W,
2019-10-30,953,16:00:00,Wednesday,953 Steeles Express,General Delay,6,12,B/W,0
2019-10-30,36,16:00:00,Wednesday,36 Finch west,General Delay,6,12,B/W,0
2019-10-30,53,16:00:00,Wednesday,53 Steeles east,General Delay,5,10,B/W,0
2019-10-30,63,16:00:00,Wednesday,ossington,General Delay,8,16,B/W,
2019-10-30,985,16:00:00,Wednesday,Don Mills to Scarb. Town Centre & Meadowvale (All branches),General Delay,25,35,BW,
2019-10-30,85,16:00:00,Wednesday,Don Mills Stn to Rouge HilL Go Stn (All branches),General Delay,30,40,BW,
2019-10-30,984,16:00:00,Wednesday,Entire Route,General Delay,20,30,B/W,
2019-10-30,60,16:00:00,Wednesday,Entire Route,General Delay,20,40,B/W,
2019-10-30,32,16:00:00,Wednesday,Eglinton route,General Delay,10,19,B/W,
2019-10-30,111,16:21:00,Wednesday,Willowridge & Richgrove,Mechanical,10,20,S/B,8087
2019-10-30,110,16:27:00,Wednesday,Long Branch Loop,Mechanical,12,24,W/B,7967
2019-10-30,81,16:28:00,Wednesday,Pape Stn,Mechanical,9,18,N/B,3125
2019-10-30,118,16:30:00,Wednesday,Wilson route,General Delay,25,25,B/W,
2019-10-30,95,16:37:00,Wednesday,York Mills and York Ridge,Mechanical,10,21,W/B,1559
2019-10-30,37,16:40:00,Wednesday,Islington and Eglinton,Diversion,88,98,S/B,8425
2019-10-30,110,17:02:00,Wednesday,Birmingham and 8 th street,Mechanical,12,24,S/B,8041
2019-10-30,929,17:05:00,Wednesday,Queen,Investigation,10,20,S/B,9102
2019-10-30,42,17:06:00,Wednesday,McNicoll / Pharmacy,Investigation,15,30,E/B,8340
2019-10-30,141,17:15:00,Wednesday,,General Delay,30,30,B/W,
2019-10-30,29,17:20:00,Wednesday,College,Mechanical,7,14,S/B,9013
2019-10-30,54,17:30:00,Wednesday,lawrence and brimley,Vision,54,12,W/B,8721
2019-10-30,15,17:45:00,Wednesday,Sherway Gardens,Mechanical,21,21,WB,8013
2019-10-30,80,18:05:00,Wednesday,Entire Route,General Delay,25,55,B/W,
2019-10-30,935,18:07:00,Wednesday,Sheppard and Jane,Investigation,9,18,S/B,3547
2019-10-30,73,18:08:00,Wednesday,Weston and Albion,Investigation,24,48,S/B,8007
2019-10-30,954,18:08:00,Wednesday,lawrence rt,Mechanical,11,22,E/B,8741
2019-10-30,900,18:20:00,Wednesday,Entire Route,General Delay,18,26,B/W,
2019-10-30,7,18:37:00,Wednesday,Bathurt and St Clair,Emergency Services,8,16,S/B,8702
2019-10-30,42,18:46:00,Wednesday,Finch stn,Utilized Off Route,1,1,E/B,8322
2019-10-30,32,18:50:00,Wednesday,Pine and Lawrence,Mechanical,10,20,E/B,1406
2019-10-30,39,19:07:00,Wednesday,Finch and Victoria Park Avenue,Diversion,0,0,E/B,3421
2019-10-30,95,19:16:00,Wednesday,Scarborough Loop,Mechanical,19,1,W/B,3472
2019-10-30,25,19:17:00,Wednesday,Pape and Cosburn,Investigation,8,23,N/B,8762
2019-10-30,52,19:20:00,Wednesday,Lawrence Station,Mechanical,16,22,W/B,8368
2019-10-30,35,19:30:00,Wednesday,Thretheway and Jane,Mechanical,5,10,N/B,3247
2019-10-30,54,19:45:00,Wednesday,lawrence and birchmont,Investigation,10,20,E/B,8708
2019-10-30,54,20:08:00,Wednesday,rt lawrence,Mechanical,13,26,E/B,8724
2019-10-30,129,20:10:00,Wednesday,McNicoll/McCowan,Investigation,24,48,S/B,3467
2019-10-30,52,20:15:00,Wednesday,Lawrence at Pin,Investigation,11,23,W/B,8102
2019-10-30,35,20:27:00,Wednesday,Jane and Finch,Investigation,9,18,N/B,3237
2019-10-30,42,20:27:00,Wednesday,McCowan/McNicoll,Diversion,335,350,B/W,
2019-10-30,169,20:30:00,Wednesday,Huntingwood/Midland,Diversion,275,305,W/B,8207
2019-10-30,76,21:05:00,Wednesday,Lakeshore and Mimico,Utilized Off Route,10,20,N/B,8072
2019-10-30,123,21:48:00,Wednesday,Kiplinmg Stn,Mechanical,24,48,S/B,7974
2019-10-30,53,21:58:00,Wednesday,Morningside and Neilson,Investigation,15,30,W/B,3447
2019-10-30,129,22:17:00,Wednesday,McCowan at McNicoll,Diversion,233,243,B/W,
2019-10-30,94,22:35:00,Wednesday,Castlefrank Station,Utilized Off Route,10,20,W/B,1107
2019-10-30,60,22:38:00,Wednesday,Steeles and Martin Grove,Mechanical,17,34,E/B,3288
2019-10-30,25,23:19:00,Wednesday,Pape station,Mechanical,9,18,S/B,8777
2019-10-30,116,23:29:00,Wednesday,Kingston Rd and Scarborough Golf Club rd,Investigation,10,20,E/B,8852
2019-10-30,113,23:49:00,Wednesday,Kennedy station,Investigation,30,60,W/B,8534
2019-10-31,52,00:16:00,Thursday,Martingrove at Tollington,Mechanical,1,1,E/B,8118
2019-10-31,25,00:36:00,Thursday,Pape station,Utilized Off Route,9,18,E/B,8701
2019-10-31,63,00:40:00,Thursday,king and shaw,Utilized Off Route,10,20,E/B,8378
2019-10-31,100,00:40:00,Thursday,Broadview Station,Utilized Off Route,10,20,N/B,8929
2019-10-31,94,00:43:00,Thursday,Castlefrank Station,Utilized Off Route,10,15,W/B,1078
2019-10-31,47,00:55:00,Thursday,St. Clair and Landsdowne,Utilized Off Route,21,41,N/B,
2019-10-31,302,01:18:00,Thursday,McCowan Rd and McNicoll Ave,Diversion,56,86,N/B,3118
2019-10-31,320,01:30:00,Thursday,Yonge & Dundas,Diversion,300,304,N/B,8369
2019-10-31,29,01:30:00,Thursday,SPRINGHURST LOOP,Utilized Off Route,10,20,S/B,9021
2019-10-31,300,01:33:00,Thursday,Kipling Station,Utilized Off Route,10,20,W/B,8091
2019-10-31,300,02:03:00,Thursday,Kipling Station,Utilized Off Route,10,20,W/B,8069
2019-10-31,89,02:13:00,Thursday,Keele Stn,Mechanical,10,20,N/B,1049
2019-10-31,324,02:16:00,Thursday,Victoria Park/401,Emergency Services,30,60,S/B,8504
2019-10-31,300,04:29:00,Thursday,Danforth/Barrington,Mechanical,25,55,W/B,1050
2019-10-31,600,04:30:00,Thursday,Elginton Yard,Mechanical,1,1,E/B,8735
2019-10-31,70,04:43:00,Thursday,egli yard,Mechanical,1,1,E/B,8745
2019-10-31,34,05:03:00,Thursday,egli. Yard,Mechanical,1,1,E/B,8970
2019-10-31,67,05:05:00,Thursday,egli. Yard,Mechanical,1,1,E/B,8870
2019-10-31,953,05:15:00,Thursday,Morningside and McNicoll,Mechanical,8,,N/B,9070
2019-10-31,54,05:25:00,Thursday,EGLI. YARD,Mechanical,1,1,E/B,8656
2019-10-31,25,05:25:00,Thursday,EGLI YARD,Mechanical,1,1,E/B,8786
2019-10-31,116,05:26:00,Thursday,EGLI YARD,Mechanical,1,1,E/B,8847
2019-10-31,50,05:30:00,Thursday,Islington Station,Diversion,999,999,BW,
2019-10-31,100,05:33:00,Thursday,Braodview Station,Vision,9,18,N/B,8737
2019-10-31,25,05:36:00,Thursday,EGLI YARD,Mechanical,1,1,E/B,8783
2019-10-31,925,05:42:00,Thursday,EGLI. YARD,Mechanical,1,1,E/B,8681
2019-10-31,110,05:45:00,Thursday,Islington Station,Diversion,999,999,BW,
2019-10-31,37,05:45:00,Thursday,Islington Station,Diversion,999,999,BW,
2019-10-31,68,05:46:00,Thursday,EGLI YARD,Mechanical,1,1,E/B,8880
2019-10-31,116,05:46:00,Thursday,EGLI.. YARD,Mechanical,1,1,E/B,8900
2019-10-31,937,05:50:00,Thursday,Islington Station,Diversion,244,255,BW,
2019-10-31,986,05:52:00,Thursday,EGLI YARD,Mechanical,1,1,E/B,8887
2019-10-31,54,05:58:00,Thursday,EGLI YARD,Mechanical,1,1,E/B,8839
2019-10-31,57,05:58:00,Thursday,EGLI YARD,Mechanical,1,1,E/B,8914
2019-10-31,75,06:00:00,Thursday,Bloor,Mechanical,8,15,B/W,1217
2019-10-31,100,06:00:00,Thursday,EGLI YARD,Mechanical,1,1,E/B,8746
2019-10-31,43,06:02:00,Thursday,Kennedy Station,Mechanical,10,20,N/B,8703
2019-10-31,86,06:02:00,Thursday,EGLI YARD,Mechanical,1,1,E/B,8845
2019-10-31,100,06:03:00,Thursday,EGLI YARD,Mechanical,1,1,E/B,8770
2019-10-31,954,06:04:00,Thursday,EGLI YARD,Mechanical,1,1,E/B,8744
2019-10-31,43,06:04:00,Thursday,EGLINTON YARD,Mechanical,1,1,E/B,8767
2019-10-31,68,06:07:00,Thursday,EGLI YARD,Mechanical,1,1,E/B,8838
2019-10-31,925,06:07:00,Thursday,EGLI YARD,Mechanical,1,1,E/B,8725
2019-10-31,57,06:08:00,Thursday,EGLI YARD,Mechanical,1,1,E/B,8835
2019-10-31,84,06:09:00,Thursday,Sheppard-Yonge Station,Mechanical,21,1,W/B,3364
2019-10-31,116,06:16:00,Thursday,EGLI YARD,Mechanical,1,1,E/B,8772
2019-10-31,123,06:21:00,Thursday,Sherway Gardens,Mechanical,13,1,N/B,8053
2019-10-31,68,06:21:00,Thursday,EGLI YARD,Mechanical,1,1,E/B,8659
2019-10-31,68,06:22:00,Thursday,EGLI YARD,Mechanical,1,1,E/B,8647
2019-10-31,86,06:22:00,Thursday,EGLI YARD,Mechanical,1,1,E/B,8788
2019-10-31,122,06:28:00,Thursday,Yorkmills station,Mechanical,9,18,E/B,8141
2019-10-31,68,06:28:00,Thursday,EGLI YARD,Mechanical,1,1,E/B,8773
2019-10-31,86,06:29:00,Thursday,EGLI YARD,Mechanical,1,1,E/B,8648
2019-10-31,100,06:30:00,Thursday,EGLI. YARD,Mechanical,1,1,E/B,8706
2019-10-31,72,06:34:00,Thursday,pape station,Investigation,9,18,B/W,8405
2019-10-31,72,06:34:00,Thursday,pape Station,Investigation,9,18,B/W,3143
2019-10-31,52,06:45:00,Thursday,Lawrence Station,Mechanical,8,23,W/B,8206
2019-10-31,925,07:00:00,Thursday,Entire route,General Delay,15,25,B/W,
2019-10-31,46,07:10:00,Thursday,Princess Margret Blvd & Dornoch,Investigation,13,26,S/B,3216
2019-10-31,95,07:18:00,Thursday,SRT,Mechanical,8,16,E/B,1205
2019-10-31,48,07:25:00,Thursday,Mill Loop,Mechanical,12,25,E/B,8459
2019-10-31,36,07:37:00,Thursday,Finch and Dufferin,Diversion,93,98,W/B,3533
2019-10-31,29,07:44:00,Thursday,Wilson Station,Mechanical,8,16,S/B,9029
2019-10-31,84,08:00:00,Thursday,Sheppard West Station,Investigation,11,22,E/B,3236
2019-10-31,60,08:01:00,Thursday,Steeles Ave West and Cactus Ave,Mechanical,7,14,WB,3179
2019-10-31,84,08:01:00,Thursday,Sheppard Ave West at Allen Rd,Investigation,13,36,W/B,3319
2019-10-31,133,08:06:00,Thursday,Scarborough town Center,Mechanical,11,22,W/B,3408
2019-10-31,52,08:15:00,Thursday,Lawrence West Station,Mechanical,14,28,W/B,1253
2019-10-31,16,08:21:00,Thursday,McCowan-Brimley,Investigation,12,24,S/B,8944
2019-10-31,29,08:22:00,Thursday,Dufferin and Lawrence,Mechanical,1,1,N/B,9012
2019-10-31,39,08:47:00,Thursday,Finch and  Willowdale,Diversion,221,226,B/W,
2019-10-31,939,08:47:00,Thursday,Finch & Willowdale,Diversion,221,235,B/W,
2019-10-31,41,09:00:00,Thursday,Lawrence and Keele,Mechanical,15,29,N/B,9010
2019-10-31,71,09:15:00,Thursday,Industry and Mount Dennis,Mechanical,14,29,S/B,1068
2019-10-31,98,09:30:00,Thursday,Finch/Willodale,Diversion,245,275,B/W,
2019-10-31,20,09:32:00,Thursday,Mian Station,Mechanical,15,30,E/B,8406
2019-10-31,100,09:43:00,Thursday,Wynford and Gervais,Emergency Services,6,12,W/B,8746
2019-10-31,64,10:00:00,Thursday,64 Main Route,General Delay,10,20,B/W,8495
2019-10-31,44,10:02:00,Thursday,Kipling Station,Mechanical,7,14,N/B,8085
2019-10-31,929,10:15:00,Thursday,Wilson Station,Mechanical,10,20,S/B,9048
2019-10-31,89,10:16:00,Thursday,Weston & Lawrence,Diversion,24,35,B/W,
2019-10-31,32,10:26:00,Thursday,Pine Street / Lawrence,Mechanical,11,22,E/B,1378
2019-10-31,60,10:28:00,Thursday,Finch Station,Mechanical,9,19,NB,3497
2019-10-31,133,10:29:00,Thursday,Scarborough Town Center,Mechanical,11,22,E/B,3408
2019-10-31,35,10:45:00,Thursday,Jane & Steeles,Diversion,55,62,S/B,
2019-10-31,935,10:45:00,Thursday,Jane & Steeles,Diversion,55,65,S/B,
2019-10-31,935,10:46:00,Thursday,Pioneer Village Station,Vision,10,19,S/B,3287
2019-10-31,984,10:53:00,Thursday,Sheppard West Station,Mechanical,17,1,E/B,3306
2019-10-31,112,10:59:00,Thursday,Renforth Station,Mechanical,20,40,S/B,8066
2019-10-31,63,11:05:00,Thursday,Oakwood Loop,Mechanical,10,20,S/B,8197
2019-10-31,25,11:06:00,Thursday,Mill Wood Ave and Overlea Blvd,Investigation,9,18,B/W,8939
2019-10-31,60,11:08:00,Thursday,Steeles Ave West and Jane St,Diversion,95,105,EB,3629
2019-10-31,47,12:10:00,Thursday,Entire route,Mechanical,1,1,B/W,1142
2019-10-31,89,12:31:00,Thursday,Weston Road & Albion,Mechanical,10,20,S/B,1052
2019-10-31,86,12:40:00,Thursday,Kennedy Station,Mechanical,10,20,E/B,8733
2019-10-31,90,12:45:00,Thursday,Oakwood and Vaughan,Mechanical,10,20,S/B,8109
2019-10-31,25,13:00:00,Thursday,Between Pape Stn and Don Mills Stn,General Delay,31,41,B/W,
2019-10-31,927,13:05:00,Thursday,Albion and Martin Grove,Mechanical,5,11,S/B,3257
2019-10-31,89,13:15:00,Thursday,Albion and Weston,Mechanical,11,22,S/B,1003
2019-10-31,935,13:47:00,Thursday,Jane and Wilson,Investigation,10,20,S/B,3579
2019-10-31,35,13:48:00,Thursday,Jane Stn,Emergency Services,7,14,N/B,3546
2019-10-31,70,14:00:00,Thursday,Between Coxwell Stn and Craigton and/or Warden stn,General Delay,25,42,B/W,
2019-10-31,65,14:00:00,Thursday,Between Castle Frank Stn and Front/Berkley,General Delay,15,21,B/W,
2019-10-31,165,14:12:00,Thursday,Weston/ Finch,Mechanical,12,24,S/B,3294
2019-10-31,111,14:15:00,Thursday,Kipling Station,Mechanical,10,20,S/B,8054
2019-10-31,53,14:18:00,Thursday,Passmore and Markham,Mechanical,6,12,W/B,1331
2019-10-31,9,14:30:00,Thursday,Eglinton yard,Mechanical,0,0,OB,8866
2019-10-31,132,14:30:00,Thursday,Dailing Gate and Milner,Diversion,0,0,B/W,3459
2019-10-31,98,14:35:00,Thursday,Steeles and Yonge,Mechanical,21,46,S/B,8387
2019-10-31,116,14:39:00,Thursday,Eglinton Yard,Mechanical,0,0,OB,8783
2019-10-31,144,14:39:00,Thursday,Eglinton Yard,Mechanical,0,0,OB,8900
2019-10-31,87,14:44:00,Thursday,MainStreet Station,Mechanical,9,16,W/B,9206
2019-10-31,111,14:47:00,Thursday,East Mall and Robinglade,Investigation,10,20,N/B,8038
2019-10-31,68,14:47:00,Thursday,EglintonYard,Mechanical,0,0,OB,8700
2019-10-31,32,14:48:00,Thursday,EglintonYard,Mechanical,0,0,OB,8721
2019-10-31,53,14:48:00,Thursday,Passmore and Markham,Mechanical,6,12,E/B,1323
2019-10-31,133,14:53:00,Thursday,Sheppard and Neilson,Investigation,7,14,N/B,3418
2019-10-31,32,14:56:00,Thursday,Marlee and Eglinton,Investigation,9,18,W/B,1145
2019-10-31,25,14:58:00,Thursday,Eglinton Yard,Mechanical,0,0,OB,8646
2019-10-31,935,15:00:00,Thursday,Jane Stn to Pioneer Village Stn,General Delay,25,35,B/W,
2019-10-31,46,15:00:00,Thursday,Entire Route,General Delay,25,35,B/W,
2019-10-31,925,15:00:00,Thursday,Between Don Mills Stn and Pape Stn,General Delay,45,51,B/W,
2019-10-31,60,15:00:00,Thursday,Pioneer Village Station,General Delay,10,20,BW,3197
2019-10-31,25,15:05:00,Thursday,Eglinton Yard,Mechanical,0,0,OB,8798
2019-10-31,116,15:15:00,Thursday,Eglintoin Yard,Mechanical,0,0,OB,8805
2019-10-31,116,15:16:00,Thursday,Kennedy Station,Mechanical,6,12,E/B,8657
2019-10-31,52,15:19:00,Thursday,Lawrence Station,Mechanical,14,28,E/B,8212
2019-10-31,34,15:23:00,Thursday,EglintonYard,Mechanical,0,0,OB,8887
2019-10-31,116,15:23:00,Thursday,Eglinton Yard,Mechanical,0,0,OB,8627
2019-10-31,60,15:25:00,Thursday,Pioneer Village Station,Vision,8,16,WB,3482
2019-10-31,925,15:26:00,Thursday,Eglinton Yard,Mechanical,0,0,OB,8703
2019-10-31,995,15:29:00,Thursday,Scarborough Loop,Mechanical,11,21,W/B,1607
2019-10-31,35,15:30:00,Thursday,Jane Stn to Pioneer Village Stn,General Delay,25,35,B/W,
2019-10-31,52,15:30:00,Thursday,Westwood Mall to Lawrence Station,General Delay,20,35,B/W,
2019-10-31,80,15:30:00,Thursday,Entire Route,General Delay,25,55,B/W,
2019-10-31,927,15:30:00,Thursday,Entire Route,General Delay,25,30,B/W,
2019-10-31,100,15:31:00,Thursday,EglintonYard,Mechanical,0,0,OB,8701
2019-10-31,25,15:33:00,Thursday,Eglinton Yard,Mechanical,0,0,OB,8800
2019-10-31,47,15:35:00,Thursday,Lansdowne and Tretheway,Mechanical,10,20,N/B,1078
2019-10-31,905,15:40:00,Thursday,Midland and Eglinton,Mechanical,9,18,E/B,8938
2019-10-31,985,15:55:00,Thursday,Nelson and Sheppard,Mechanical,10,20,W/B,1593
2019-10-31,995,16:00:00,Thursday,York Mills Station to Scarborough Loop,General Delay,28,38,B/W,
2019-10-31,122,16:00:00,Thursday,York Mills Station to Roywood,General Delay,31,43,B/W,
2019-10-31,97,16:00:00,Thursday,Hilda and Steeles to Queens Quay and Yonge,General Delay,63,93,B/W,
2019-10-31,953,16:00:00,Thursday,953 Steeles Express,General Delay,6,12,B/W,0
2019-10-31,32,16:00:00,Thursday,Entire Route,General Delay,20,25,B/W,
2019-10-31,53,16:00:00,Thursday,53 Steeles East Route,General Delay,6,12,B/W,0
2019-10-31,36,16:00:00,Thursday,36 Funch west route,General Delay,5,10,B/W,0
2019-10-31,40,16:00:00,Thursday,Entire Route,General Delay,20,30,B/W,
2019-10-31,952,16:00:00,Thursday,Pearson Airport Terminal 3 to Lawrence Station,General Delay,20,35,B/W,
2019-10-31,32,16:03:00,Thursday,Marlee and Eglinton,Investigation,10,20,E/B,1061
2019-10-31,89,16:07:00,Thursday,Weston and Northland,Investigation,11,21,N/B,1149
2019-10-31,32,16:10:00,Thursday,Municipal Drive and Eglinton,Mechanical,10,20,E/B,1039
2019-10-31,7,16:11:00,Thursday,Greenwin and Bathurst,Mechanical,8,15,S/B,8211
2019-10-31,95,16:13:00,Thursday,York Mills Station to Kingston Road Loop,General Delay,30,40,B/W,
2019-10-31,32,16:13:00,Thursday,Eglinton Station,Mechanical,9,18,E/B,1101
2019-10-31,84,16:15:00,Thursday,Sheppard Station,Mechanical,30,60,W/B,3206
2019-10-31,954,16:25:00,Thursday,Lawrence and Morningside,Mechanical,11,22,W/B,8675
2019-10-31,84,16:25:00,Thursday,Sheppard Station,Utilized Off Route,15,30,W/B,3573
2019-10-31,109,16:28:00,Thursday,Eglinton West Station to Neptune,General Delay,25,49,B/W,
2019-10-31,98,16:30:00,Thursday,Sheppard Ave between Senlac to Willowdale,General Delay,150,180,B/W,
2019-10-31,953,16:42:00,Thursday,Passmore and Markham,Mechanical,15,30,W/B,9088
2019-10-31,25,16:50:00,Thursday,Lawrence/Don Mills,Mechanical,6,11,N/B,8712
2019-10-31,52,16:52:00,Thursday,Lawrence West Station,Mechanical,14,21,E/B,8326
2019-10-31,125,16:52:00,Thursday,Finch Station,Emergency Services,12,20,WB,8396
2019-10-31,161,16:55:00,Thursday,jane and alliance,Mechanical,13,26,W/B,1053
2019-10-31,117,17:00:00,Thursday,Steeels and Dufferin,General Delay,60,75,B/W,
2019-10-31,42,17:08:00,Thursday,Finch Station,Utilized Off Route,15,30,EB,8162
2019-10-31,26,17:08:00,Thursday,Old Mills Stn,Mechanical,17,34,N/B,1019
2019-10-31,87,17:16:00,Thursday,Broadview and Cosburn,Investigation,6,13,E/B,8562
2019-10-31,25,17:17:00,Thursday,Pape Stn,Mechanical,6,11,N/B,8911
2019-10-31,35,17:18:00,Thursday,Jane and Finch,Mechanical,10,20,S/B,3702
2019-10-31,91,17:24:00,Thursday,Sloane / Eglinton,Mechanical,14,28,N/B,8533
2019-10-31,168,17:30:00,Thursday,Avon Loop,Mechanical,8,15,S/B,1555
2019-10-31,21,17:34:00,Thursday,Scarborough Town Center,Mechanical,10,20,N/B,1657
2019-10-31,953,17:45:00,Thursday,Staines and Season,Mechanical,6,12,W/B,9079
2019-10-31,63,18:00:00,Thursday,eglinton west station,Mechanical,8,17,N/B,1223
2019-10-31,929,18:02:00,Thursday,Dufferin Gate,Utilized Off Route,10,20,N/B,9148
2019-10-31,600,18:04:00,Thursday,ossington station,Utilized Off Route,1,1,S/B,1633
2019-10-31,129,18:05:00,Thursday,Scarborough Town Center,Utilized Off Route,6,12,N/B,1706
2019-10-31,41,18:05:00,Thursday,Keele Stn,Utilized Off Route,16,31,S/B,9036
2019-10-31,127,18:11:00,Thursday,spadina station,Mechanical,20,40,S/B,1098
2019-10-31,168,18:15:00,Thursday,Avon Loop,Mechanical,7,15,S/B,1119
2019-10-31,108,18:16:00,Thursday,Sheppard W Stn,Mechanical,9,17,N/B,3561
2019-10-31,7,18:25:00,Thursday,Bathurst and Wilson,Mechanical,7,15,N/B,8145
2019-10-31,68,19:18:00,Thursday,Bamburgh and Warden,Investigation,46,73,N/B,8880
2019-10-31,952,19:30:00,Thursday,Lawrence at Brook view,Mechanical,1,1,W/B,8102
2019-10-31,91,19:33:00,Thursday,Valleywood and YorkMills,Investigation,10,24,S/B,8403
2019-10-31,84,19:43:00,Thursday,Weston at Bradstock,Mechanical,8,17,E/B,3491
2019-10-31,84,19:45:00,Thursday,Sheppard at Jane,Mechanical,17,25,W/B,3361
2019-10-31,94,20:15:00,Thursday,Wellesley and Church,General Delay,15,25,B/W,
2019-10-31,85,20:25:00,Thursday,Rouge Hill Go Station,Mechanical,15,30,W/B,3416
2019-10-31,7,20:45:00,Thursday,bathurst and burton,Diversion,40,48,B/W,
2019-10-31,7,20:53:00,Thursday,Bathurst and Woburn,Mechanical,7,14,N/B,8114
2019-10-31,87,21:12:00,Thursday,Cosburn Ave between Pape and Donlands,Diversion,1,1,B/W,
2019-10-31,32,21:54:00,Thursday,eglinton west station,Utilized Off Route,10,20,E/B,1040
2019-10-31,44,21:55:00,Thursday,KPSN - Lipling Stn,Mechanical,10,20,S/B,8075
2019-10-31,35,21:55:00,Thursday,Pioneer Village Station,Mechanical,9,18,S/B,3369
2019-10-31,75,22:00:00,Thursday,Sherbourne and Carlton,Diversion,180,185,B/W,
2019-10-31,79,22:25:00,Thursday,High Park Station,Mechanical,10,36,N/B,1071
2019-10-31,165,23:00:00,Thursday,ormont and weston,Mechanical,8,17,E/B,3225
2019-10-31,77,23:11:00,Thursday,Morningside & Windermere,Mechanical,17,34,S/B,1004
2019-10-31,35,23:25:00,Thursday,jane station,Utilized Off Route,9,18,S/B,3567
