Report Date,Route,Time,Day,Location,Incident,Delay,Gap,Direction,Vehicle
2019-11-01,90,00:07:00,Friday,oakwood and vaughn,Mechanical,10,20,N/B,8340
2019-11-01,25,00:11:00,Friday,Pape station,Utilized Off Route,9,18,S/B,8774
2019-11-01,62,00:32:00,Friday,Chisholm Ave between Lumsden and Doncaster,Diversion,1,1,B/W,9238
2019-11-01,11,00:37:00,Friday,Davisville stn,Utilized Off Route,15,30,E/B,8188
2019-11-01,34,00:45:00,Friday,Eglinton Station,Utilized Off Route,11,22,E/B,8711
2019-11-01,33,00:50:00,Friday,stclair west station,Diversion,31,51,W/B,
2019-11-01,320,01:53:00,Friday,Yonge and Eglinton,Utilized Off Route,10,20,S/B,8188
2019-11-01,34,02:06:00,Friday,Gervais Dr and Eglinton Ave,Diversion,54,66,W/B,8850
2019-11-01,334,02:15:00,Friday,Gervais Dr and Eglinton Ave,Diversion,213,243,W/B,8804
2019-11-01,300,02:20:00,Friday,Kennedy Station,Emergency Services,20,40,W/B,8916
2019-11-01,36,02:29:00,Friday,Humber College/Finch,Diversion,40,52,W/B,9116
2019-11-01,54,02:41:00,Friday,Lawrence Ave and Scarborough Golf Club Rd,Investigation,20,20,S/B,8658
2019-11-01,34,04:00:00,Friday,EGLINTON/WYNFORD,Diversion,840,846,W/B,
2019-11-01,302,04:20:00,Friday,Birchmount garage,Late Leaving Garage - Mechanical,20,,S/B,8163
2019-11-01,600,04:30:00,Friday,EGLINTON YARD,Mechanical,1,1,E/B,8880
2019-11-01,600,04:30:00,Friday,eglinton yard,Mechanical,1,1,E/B,8735
2019-11-01,36,04:36:00,Friday,Arrow garage POD Finch  stn,Late Leaving Garage - Operator,15,45,.s,9133
2019-11-01,54,04:49:00,Friday,Eglinton Garage,Late Leaving Garage - Management,7,1,OB,8675
2019-11-01,100,04:51:00,Friday,eglinton yard,Mechanical,1,1,E/B,8940
2019-11-01,9,04:59:00,Friday,Birchmount garage,Late Leaving Garage - Vision,20,,S/B,8163
2019-11-01,25,05:00:00,Friday,eglinton yard,Mechanical,1,1,E/B,8900
2019-11-01,67,05:05:00,Friday,Eglinton Garage,Late Leaving Garage - Operator,11,1,OB,8898
2019-11-01,35,05:07:00,Friday,Peter Kaiser/Steeles,Late Leaving Garage - Operator,25,35,S/B,3252
2019-11-01,108,05:08:00,Friday,Wilson Station,Mechanical,20,40,S/B,3210
2019-11-01,116,05:10:00,Friday,eglinton yard,Mechanical,1,1,E/B,8844
2019-11-01,100,05:10:00,Friday,Wynford and Eglinton,Diversion,815,788,W/B,8940
2019-11-01,70,05:13:00,Friday,egli yard,Mechanical,1,1,E/B,8672
2019-11-01,43,05:13:00,Friday,egli yard,Mechanical,1,1,E/B,8794
2019-11-01,43,05:15:00,Friday,eglinton yard,Mechanical,1,1,E/B,8842
2019-11-01,54,05:16:00,Friday,egli yard,Mechanical,1,1,E/B,8931
2019-11-01,46,05:19:00,Friday,Steeles Loop at Martingrove,Late Leaving Garage - Management,16,32,SB,
2019-11-01,47,05:21:00,Friday,Yorkdale Station,Late Leaving Garage - Mechanical,13,26,S/B,1045
2019-11-01,189,05:21:00,Friday,Jane & St.Clair,Mechanical,25,50,S/B,8053
2019-11-01,67,05:22:00,Friday,egli yard,Mechanical,1,1,E/B,8797
2019-11-01,86,05:23:00,Friday,egli yard,Mechanical,1,1,E/B,8656
2019-11-01,25,05:24:00,Friday,egli yard,Mechanical,1,1,E/B,8834
2019-11-01,161,05:25:00,Friday,Oakwood / St. Clair,Mechanical,20,40,S/B,1532
2019-11-01,50,05:30:00,Friday,Islington and Bloor,Diversion,999,999,BW,
2019-11-01,56,05:32:00,Friday,Eglinton station,Late Leaving Garage - Operator,10,18,E/B,8389
2019-11-01,43,05:33:00,Friday,egl yard,Mechanical,1,1,E/B,8893
2019-11-01,25,05:35:00,Friday,egli yard,Mechanical,1,1,E/B,8736
2019-11-01,34,05:37:00,Friday,Eglinton Garage,Late Leaving Garage - Mechanical,11,1,OB,8759
2019-11-01,7,05:37:00,Friday,Marque Ave / Bathurst,Mechanical,9,18,S/B,8111
2019-11-01,70,05:39:00,Friday,egli yard,Mechanical,1,1,E/B,8704
2019-11-01,34,05:39:00,Friday,Eglinton Garage,Late Leaving Garage - Management,20,1,OB,8872
2019-11-01,34,05:41:00,Friday,egli yard,Mechanical,1,1,E/B,8660
2019-11-01,86,05:42:00,Friday,egli yard,Mechanical,1,1,E/B,8763
2019-11-01,32,05:45:00,Friday,Renforth Station,Late Leaving Garage - Mechanical,7,14,E/B,1091
2019-11-01,37,05:45:00,Friday,Islington and Bloor,Diversion,999,999,BW,
2019-11-01,110,05:45:00,Friday,Islington and Bloor,Diversion,999,999,BW,
2019-11-01,937,05:50:00,Friday,Islington and Bloor,Diversion,244,255,BW,
2019-11-01,116,05:51:00,Friday,Eglinton Garage,Late Leaving Garage - Mechanical,10,1,OB,8788
2019-11-01,925,05:51:00,Friday,egli yard,Mechanical,1,1,E/B,8641
2019-11-01,54,05:52:00,Friday,egli yard,Mechanical,1,1,E/B,8644
2019-11-01,54,05:52:00,Friday,egli yard,Mechanical,1,1,E/B,8710
2019-11-01,107,05:55:00,Friday,Keele St / Canarctic,Investigation,24,48,N/B,3239
2019-11-01,25,05:58:00,Friday,egli yard,Mechanical,1,1,E/B,8692
2019-11-01,34,06:00:00,Friday,REDPATH/EGLINTON,Investigation,6,12,E/B,8930
2019-11-01,43,06:04:00,Friday,egli yard,Mechanical,1,1,E/B,8674
2019-11-01,34,06:05:00,Friday,egli yard,Mechanical,1,1,E/B,8750
2019-11-01,86,06:05:00,Friday,egli yard,Mechanical,1,1,E/B,8632
2019-11-01,66,06:06:00,Friday,58 Marine Parade Drive,Late Leaving Garage - Mechanical,7,23,NB,7968
2019-11-01,925,06:07:00,Friday,egli. Yard,Mechanical,1,1,E/B,8923
2019-11-01,67,06:07:00,Friday,egli yard,Mechanical,1,1,E/B,8934
2019-11-01,25,06:08:00,Friday,egli yard,Mechanical,1,1,E/B,8702
2019-11-01,35,06:08:00,Friday,Pioneer Village Station,Late Leaving Garage - Mechanical,9,18,S/B,3166
2019-11-01,112,06:10:00,Friday,Kipling Station,Late Leaving Garage - Mechanical,14,28,W/B,8040
2019-11-01,165,06:11:00,Friday,Entire route,Mechanical,1,1,B/W,3195
2019-11-01,68,06:12:00,Friday,egli yard,Mechanical,1,1,E/B,8828
2019-11-01,100,06:17:00,Friday,egli yard,Mechanical,1,1,E/B,8862
2019-11-01,86,06:17:00,Friday,egli yard,Mechanical,1,1,E/B,8775
2019-11-01,116,06:19:00,Friday,egli yard,Mechanical,1,1,E/B,8635
2019-11-01,63,06:19:00,Friday,Eglinton West Station,Mechanical,3,7,S/B,1342
2019-11-01,52,06:19:00,Friday,,Late Leaving Garage - Mechanical,15,30,W/B,8175
2019-11-01,32,06:19:00,Friday,Keele/Eglinton,Late Leaving Garage - Mechanical,30,34,E/B,1118
2019-11-01,52,06:19:00,Friday,Lawrence Station,Late Leaving Garage - Mechanical,15,30,W/B,8175
2019-11-01,925,06:20:00,Friday,egli yard,Mechanical,1,1,E/B,8701
2019-11-01,905,06:20:00,Friday,egli yard,Mechanical,1,1,E/B,8847
2019-11-01,925,06:23:00,Friday,egli yard,Mechanical,1,1,E/B,8772
2019-11-01,36,06:24:00,Friday,Humberwood Loop,Late Leaving Garage - Mechanical,4,9,NB,9116
2019-11-01,72,06:24:00,Friday,Cherry and Commissioner,Mechanical,9,18,E/B,8944
2019-11-01,110,06:25:00,Friday,Islington and Bloor,Investigation,20,40,SB,8031
2019-11-01,54,06:25:00,Friday,egli yard,Mechanical,1,1,E/B,8852
2019-11-01,52,06:30:00,Friday,Lawrence West Station,Mechanical,15,30,E/B,8131
2019-11-01,953,06:36:00,Friday,Finch station,Mechanical,7,14,E/B,9077
2019-11-01,79,06:36:00,Friday,Scarlett at Raymere,Mechanical,10,20,N/B,1357
2019-11-01,125,06:38:00,Friday,Bathurst St and Antibes Drive,Late Leaving Garage - Operator,11,21,BW,8141
2019-11-01,607,06:39:00,Friday,Scarborough town centre,Utilized Off Route,,,S/B,1662
2019-11-01,607,06:39:00,Friday,Scarborough town centre,Utilized Off Route,,,S/B,1743
2019-11-01,123,06:40:00,Friday,Kipling Station,Mechanical,18,36,W/B,8012
2019-11-01,36,06:42:00,Friday,Humberwood loop,Late Leaving Garage - Operator,5,10,W/B,9117
2019-11-01,96,06:47:00,Friday,Humberline,Late Leaving Garage - Mechanical,17,28,E/B,3468
2019-11-01,52,06:49:00,Friday,Lawrence West Station,Investigation,15,30,E/B,8131
2019-11-01,106,07:00:00,Friday,Keele/Sheppard,Mechanical,8,16,S/B,1340
2019-11-01,600,07:02:00,Friday,Kennedy stn,Utilized Off Route,,,S/B,8631
2019-11-01,935,07:08:00,Friday,Jane at Finch,Mechanical,7,14,S/B,3188
2019-11-01,34,07:15:00,Friday,EGLINTON STATION,Utilized Off Route,6,12,E/B,8865
2019-11-01,34,07:20:00,Friday,BRENTCLIFFE/EGLINTON,Investigation,12,25,W/B,8909
2019-11-01,74,07:21:00,Friday,MOUNT PLEASANT/ MERTON,Mechanical,15,30,S/B,8134
2019-11-01,54,07:28:00,Friday,Lawrence and Star spray,Investigation,9,18,W/B,8810
2019-11-01,607,07:28:00,Friday,Danforth and Birchmount,Mechanical,,,.s,1662
2019-11-01,32,07:32:00,Friday,Weston Road,Mechanical,1,1,E/B,1560
2019-11-01,60,07:51:00,Friday,Yonge St and Drewry Ave,Investigation,7,14,SB,3261
2019-11-01,51,08:00:00,Friday,Eglinton Station,Mechanical,20,40,N/B,1289
2019-11-01,35,08:00:00,Friday,Jane at Sheppard,General Delay,20,30,B/W,
2019-11-01,36,08:00:00,Friday,Finch west stn to Finch stn,General Delay,16,20,B/W,
2019-11-01,9,08:18:00,Friday,Warden stn,Mechanical,15,30,W/B,8943
2019-11-01,52,08:20:00,Friday,Lawrence and Shermount,Investigation,15,30,W/B,1319
2019-11-01,935,08:30:00,Friday,Jane at Sheppard,General Delay,20,30,B/W,
2019-11-01,7,08:42:00,Friday,Bathurst Station,Emergency Services,8,16,N/B,8192
2019-11-01,89,08:53:00,Friday,Church & Weston,Mechanical,6,12,S/B,1018
2019-11-01,701,09:07:00,Friday,Keele and Eglinton,Investigation,1,1,E/B,1528
2019-11-01,162,09:15:00,Friday,Bridal path and Park Lane,Mechanical,33,63,S/B,1241
2019-11-01,162,09:15:00,Friday,Bridal path and Park Line,Diversion,268,298,S/B,1241
2019-11-01,64,09:27:00,Friday,64 Main Route,General Delay,10,20,B/W,8452
2019-11-01,36,09:37:00,Friday,Humberwood blvd,Mechanical,5,10,E/B,9106
2019-11-01,7,10:07:00,Friday,Bathurst Station,Mechanical,8,16,N/B,8342
2019-11-01,29,10:08:00,Friday,Dufferin Gate,Mechanical,7,14,N/B,9146
2019-11-01,41,10:25:00,Friday,Keele Station,Mechanical,10,20,N/B,9100
2019-11-01,168,10:28:00,Friday,Dundas West Station,Mechanical,13,26,S/B,1005
2019-11-01,36,10:30:00,Friday,keele stn,Mechanical,5,10,W/B,9106
2019-11-01,90,10:45:00,Friday,St. Clair Station,Mechanical,10,20,N/B,8328
2019-11-01,38,10:55:00,Friday,Scarborough center,Mechanical,7,14,E/B,1209
2019-11-01,70,11:00:00,Friday,Victoria Park Ave,Investigation,17,36,N/B,8826
2019-11-01,39,11:18:00,Friday,Finch and Brimley,Investigation,16,32,W/B,3531
2019-11-01,122,11:31:00,Friday,York Mills Station,Mechanical,17,34,E/B,8193
2019-11-01,7,11:43:00,Friday,Drewry and Bathurst,Mechanical,8,16,N/B,8122
2019-11-01,23,11:59:00,Friday,Dawes Rd/Park Vista,Investigation,10,20,S/B,8402
2019-11-01,929,12:00:00,Friday,929 Dufferin Express-All Branch,General Delay,30,40,B/W,9137
2019-11-01,941,12:00:00,Friday,941 Keele Express All Branch,General Delay,30,42,B/W,1595
2019-11-01,41,12:00:00,Friday,41 Keele Rotue-All Branch,General Delay,30,42,B/W,9139
2019-11-01,16,12:00:00,Friday,Entire Route,General Delay,13,28,B/W,
2019-11-01,29,12:00:00,Friday,29 Dufferin Route-All Branch,General Delay,40,48,B/W,9048
2019-11-01,95,12:30:00,Friday,Kingston Rd Loop,Investigation,20,40,W/B,3527
2019-11-01,600,12:35:00,Friday,Jane & Alliance,Utilized Off Route,1,1,B/W,1026
2019-11-01,600,12:37:00,Friday,spadina to shaw on king 504,Utilized Off Route,1,1,bw,1413
2019-11-01,39,12:49:00,Friday,Finch and Sandhurst Circle east,Mechanical,16,32,W/B,1720
2019-11-01,935,13:14:00,Friday,Pioneer Village Stn,Mechanical,10,20,N/B,3599
2019-11-01,11,13:22:00,Friday,Bayview and Heathcote,Investigation,13,26,,8117
2019-11-01,25,13:30:00,Friday,Pape Stn,Investigation,9,18,N/B,8761
2019-11-01,65,13:31:00,Friday,Castle Frank Stn,Investigation,12,25,S/B,8542
2019-11-01,929,13:38:00,Friday,Dufferin and Dundas,Investigation,10,20,S/B,9136
2019-11-01,935,13:45:00,Friday,Jane and Finch,Investigation,10,20,S/B,3329
2019-11-01,929,13:52:00,Friday,Lawrence and Dufferin,Mechanical,10,20,N/B,9011
2019-11-01,52,14:02:00,Friday,Lawrence and Black Creek,Investigation,14,28,E/B,1351
2019-11-01,161,14:20:00,Friday,Dovercourt & Hallam,Mechanical,17,35,W/B,1532
2019-11-01,986,14:28:00,Friday,EglintonYArd,Mechanical,0,0,OB,8786
2019-11-01,54,14:34:00,Friday,Eglinton Yard,Mechanical,0,0,OB,8900
2019-11-01,925,14:37:00,Friday,eglintonYard,Mechanical,0,0,OB,8745
2019-11-01,144,14:44:00,Friday,Eglinton Yard,Mechanical,0,0,OB,8640
2019-11-01,941,14:45:00,Friday,Finch West Station,Late Leaving Garage - Mechanical,10,20,N/B,1064
2019-11-01,954,14:45:00,Friday,EglintonYard,Mechanical,1,0,OB,8716
2019-11-01,37,14:47:00,Friday,Woodbine,Mechanical,12,24,S/B,8015
2019-11-01,34,14:48:00,Friday,EglintonYArd,Mechanical,1,1,OB,8632
2019-11-01,68,14:49:00,Friday,Eglinton Yrad,Mechanical,0,0,OB,8768
2019-11-01,25,14:52:00,Friday,eglintin Yard,Mechanical,0,0,OB,8770
2019-11-01,116,14:54:00,Friday,Eglinton Yard,Mechanical,0,0,OB,8693
2019-11-01,927,14:56:00,Friday,Martin Grove and Bethridge,Emergency Services,6,12,S/B,3199
2019-11-01,84,14:59:00,Friday,Weston and Bradstock,Mechanical,8,16,E/B,3361
2019-11-01,935,15:00:00,Friday,Jane Stn to Pioneer Village Stn,General Delay,40,50,B/W,
2019-11-01,35,15:00:00,Friday,Jane Stn to Pioneer Village Stn,General Delay,40,50,B/W,
2019-11-01,116,15:03:00,Friday,eglintonYard,Mechanical,0,0,OB,8756
2019-11-01,60,15:08:00,Friday,Finch Station,Vision,10,20,WB,3230
2019-11-01,954,15:16:00,Friday,Eglinton Yard,Mechanical,0,0,OB,8804
2019-11-01,925,15:17:00,Friday,Eglintion Yard,Mechanical,0,0,OB,8844
2019-11-01,68,15:19:00,Friday,EglintonYard,Mechanical,0,0,OB,8692
2019-11-01,86,15:20:00,Friday,Eglinton Yard,Mechanical,0,0,OB,8771
2019-11-01,144,15:21:00,Friday,Eglinton Yard,Mechanical,0,0,OB,8823
2019-11-01,68,15:22:00,Friday,Eglinton Yard,Mechanical,0,0,OB,8694
2019-11-01,95,15:24:00,Friday,Ellesmere RT,Mechanical,10,30,W/B,1566
2019-11-01,68,15:24:00,Friday,Warden Station,Late Leaving Garage - Operator,30,60,N/B,8778
2019-11-01,34,15:33:00,Friday,Eglinton Yard,Mechanical,0,0,OB,8680
2019-11-01,60,15:37:00,Friday,Signal Hill,Late Leaving Garage - Vision,9,18,WB,3324
2019-11-01,17,15:38:00,Friday,Scarborough Center Station,Late Leaving Garage - Mechanical,10,20,S/B,8544
2019-11-01,36,15:38:00,Friday,finch west station,Late Leaving Garage - Mechanical,18,36,W/B,9135
2019-11-01,35,15:40:00,Friday,Pioneer Village Station,Utilized Off Route,5,10,S/B,3331
2019-11-01,952,15:41:00,Friday,Terminal 1,Mechanical,12,24,E/B,1334
2019-11-01,924,15:42:00,Friday,Victoria Park Station,Late Leaving Garage - Management,10,20,N/B,3140
2019-11-01,600,15:42:00,Friday,Jane and Finch,Investigation,0,0,N/B,3365
2019-11-01,95,15:42:00,Friday,Kingston Loop,Late Leaving Garage - Vision,11,21,W/B,3415
2019-11-01,47,15:43:00,Friday,Queen and Lansdowne,Late Leaving Garage - Mechanical,15,30,N/B,1139
2019-11-01,20,15:54:00,Friday,MAIN STATION,Mechanical,13,26,E/B,8550
2019-11-01,35,15:55:00,Friday,Jane and Sheppard,Investigation,10,20,S/B,3301
2019-11-01,26,15:57:00,Friday,Jane and Bloor,Mechanical,17,34,E/B,1117
2019-11-01,52,16:00:00,Friday,Entire Route,General Delay,20,30,B/W,
2019-11-01,34,16:11:00,Friday,Eglinton and Swift,Emergency Services,7,14,,8705
2019-11-01,44,16:20:00,Friday,Col Sam Smith loop,Mechanical,5,10,N/B,8606
2019-11-01,52,16:25:00,Friday,Lawrence Station,Utilized Off Route,13,26,W/B,1351
2019-11-01,76,16:33:00,Friday,Royal York Station,Mechanical,6,12,S/B,8417
2019-11-01,161,16:45:00,Friday,Jane and Alliance,Mechanical,13,26,E/B,1262
2019-11-01,63,16:53:00,Friday,Eglinton West Station,Mechanical,9,18,S/B,8379
2019-11-01,29,16:53:00,Friday,Lawrence and Dufferin,Mechanical,8,16,N/B,9150
2019-11-01,952,17:00:00,Friday,Entire Route,General Delay,20,32,B/W,
2019-11-01,52,17:00:00,Friday,Lawrence Station,Utilized Off Route,13,26,W/B,1201
2019-11-01,37,17:21:00,Friday,Hwy 27 and Queens Plate,Investigation,20,40,S/B,8018
2019-11-01,985,17:25:00,Friday,Birchmount and Sheppard Ave,Investigation,10,20,E/B,9007
2019-11-01,109,17:26:00,Friday,Marlee ave,General Delay,15,30,B/W,
2019-11-01,116,17:39:00,Friday,Kennedy Station,Mechanical,6,12,E/B,8635
2019-11-01,134,17:44:00,Friday,Corporate Drive and McCowan,Mechanical,18,36,E/B,9093
2019-11-01,129,17:44:00,Friday,Steeles and McCowan,Mechanical,17,34,N/B,1343
2019-11-01,123,17:45:00,Friday,KPSN - Kipling Stn,Mechanical,16,32,S/B,7958
2019-11-01,168,18:10:00,Friday,Avon Loop,Mechanical,7,15,S/B,1014
2019-11-01,25,18:17:00,Friday,Don Mills and Overlea,Mechanical,5,11,N/B,8761
2019-11-01,38,18:20:00,Friday,Scarborough College Loop,Mechanical,13,26,N/B,1504
2019-11-01,7,18:24:00,Friday,Bathurst and Glencairn,Mechanical,8,16,NB,8108
2019-11-01,123,18:25:00,Friday,Long Branch,Investigation,19,39,S/B,7979
2019-11-01,8,18:27:00,Friday,Cosburn and Broadview,Mechanical,15,30,S/B,9212
2019-11-01,97,18:29:00,Friday,Bay and front,Investigation,30,60,S/B,8321
2019-11-01,985,18:30:00,Friday,Scarborough town centre,Mechanical,10,20,N/B,9069
2019-11-01,985,18:32:00,Friday,Morningside and Sheppard,Investigation,10,20,W/B,9078
2019-11-01,60,18:35:00,Friday,Steeles and Dufferin,Emergency Services,10,20,EB,3215
2019-11-01,939,18:41:00,Friday,Finch and Yonge,Investigation,12,24,W/B,1224
2019-11-01,35,19:06:00,Friday,Jane and (South of) Giltspur,Investigation,10,20,S/B,3301
2019-11-01,52,19:16:00,Friday,Lawrence at Marlee,Investigation,13,26,E/B,8195
2019-11-01,31,19:57:00,Friday,Greenwood Stn,Mechanical,12,24,S/B,8583
2019-11-01,45,20:00:00,Friday,SLPK - Kipling & Steeles loop,Mechanical,9,18,S/B,8061
2019-11-01,41,20:09:00,Friday,Pioneer Village Station,Mechanical,16,32,S/B,9139
2019-11-01,984,20:31:00,Friday,Sheppard Station,Mechanical,13,26,W/B,3309
2019-11-01,96,21:24:00,Friday,Finch and Humber College Blvd,Investigation,20,40,W/B,3522
2019-11-01,6,21:35:00,Friday,Bay & Scollard,Diversion,240,270,BW,
2019-11-01,505,21:36:00,Friday,Dundas West Station,Utilized Off Route,10,20,E/B,1070
2019-11-01,85,21:38:00,Friday,Don Mills station,Investigation,24,40,W/B,3481
2019-11-01,71,21:40:00,Friday,Mount Dennis garage,Mechanical,13,27,S/B,1419
2019-11-01,60,22:26:00,Friday,Weston and Finch,Investigation,16,33,E/B,3293
2019-11-02,72,00:13:00,Saturday,Pape Station,Mechanical,18,36,S/B,8518
2019-11-02,32,00:49:00,Saturday,Jane and Eglinton,Mechanical,10,20,W/B,1010
2019-11-02,320,01:30:00,Saturday,Eglinton & Berwick,Diversion,300,304,B/W,
2019-11-02,320,01:30:00,Saturday,Yonge & Berwick,General Delay,22,26,B/W,
2019-11-02,300,01:45:00,Saturday,Bloor and Bathrust,Diversion,180,190,E/B,
2019-11-02,300,02:00:00,Saturday,Bathrust st to Parliament,General Delay,15,30,E/B,
2019-11-02,320,02:01:00,Saturday,Yonge & Eglinton,Mechanical,4,8,N/B,1277
2019-11-02,37,02:14:00,Saturday,Islington Stn,Investigation,1,1,S/B,8600
2019-11-02,300,02:49:00,Saturday,Danforth and Victoria Park,Investigation,20,40,E/B,1208
2019-11-02,395,02:57:00,Saturday,Victoria Park,Emergency Services,1,1,W/B,3421
2019-11-02,320,03:22:00,Saturday,Queens Quay & Yonge,Mechanical,2,3,N/B,8109
2019-11-02,332,04:12:00,Saturday,Eglinton Station,Late Leaving Garage - Mechanical,30,60,W/B,1502
2019-11-02,320,04:54:00,Saturday,Queens Quay at Bay St,Emergency Services,1,1,S/B,8331
2019-11-02,41,05:13:00,Saturday,PVST,Late Leaving Garage - Operator,16,32,S/B,1025
2019-11-02,320,05:28:00,Saturday,Steeles Loop at Young,Emergency Services,1,1,S/B,8912
2019-11-02,6,05:32:00,Saturday,Bay between Davenport to Bloor,Diversion,999,999,B/W,
2019-11-02,52,05:36:00,Saturday,Yonge and Lawrence,Late Leaving Garage - Operator,24,34,W/B,1236
2019-11-02,14,05:40:00,Saturday,Caledonia and Glencairn,Late Leaving Garage - Operator,10,10,S/B,1099
2019-11-02,34,05:41:00,Saturday,Brentcliff and Eglinton,Mechanical,9,18,E/B,8729
2019-11-02,32,05:50:00,Saturday,Eglinton Station,Utilized Off Route,5,10,W/B,1023
2019-11-02,96,05:50:00,Saturday,York Mills Station,Late Leaving Garage - Operator,10,20,W/B,3163
2019-11-02,134,05:58:00,Saturday,Tapscott Rd/Crow Tr,Late Leaving Garage - Mechanical,27,55,N/B,3403
2019-11-02,123,06:21:00,Saturday,Kipling Station,Mechanical,1,30,W/B,8456
2019-11-02,95,06:23:00,Saturday,Don mills and York mills,Mechanical,15,30,E/B,1400
2019-11-02,35,06:23:00,Saturday,Firgrove and Jane,Mechanical,8,17,S/B,3316
2019-11-02,37,06:50:00,Saturday,ISLINGTON AND GOLFDOWN,Investigation,25,50,N/B,8608
2019-11-02,47,06:57:00,Saturday,Queen St and Lansdowne,Mechanical,18,36,S/B,1305
2019-11-02,80,07:00:00,Saturday,SHERWAY GARDENS,Vision,30,60,E/B,8437
2019-11-02,60,07:40:00,Saturday,Finch west station,Late Leaving Garage - Management,5,10,W/B,3333
2019-11-02,134,07:49:00,Saturday,Scarborough Centre STN,Late Leaving Garage - Mechanical,30,59,E/B,3420
2019-11-02,102,07:55:00,Saturday,Markham Rd/Steeles Ave E,Mechanical,10,20,S/B,8530
2019-11-02,91,08:13:00,Saturday,WOODBINE N / Woodbine Station,Mechanical,23,46,N/B,9212
2019-11-02,84,08:26:00,Saturday,Sheppard/Yonge Station,Mechanical,10,20,E/B,3324
2019-11-02,22,08:27:00,Saturday,COXWELL / Queen and Coxwell,Investigation,10,20,S/B,8493
2019-11-02,55,08:50:00,Saturday,Varsity and underwood,Mechanical,20,40,S/B,1529
2019-11-02,123,09:00:00,Saturday,Evans to Horner,General Delay,10,20,B/W,7955
2019-11-02,168,09:00:00,Saturday,Avon Loop,Mechanical,10,20,S/B,1028
2019-11-02,89,09:00:00,Saturday,ENTIRE ROUTE,General Delay,7,25,B/W,
2019-11-02,42,09:05:00,Saturday,Dynamic and McNicoll,Mechanical,18,36,W/B,8123
2019-11-02,63,09:19:00,Saturday,Eglinton West Station,Mechanical,6,12,S/B,1395
2019-11-02,43,09:29:00,Saturday,Lawrence,Investigation,10,20,N/B,8919
2019-11-02,75,09:29:00,Saturday,Bloor at Sherbourne,Late Leaving Garage - Mechanical,7,14,S/B,8186
2019-11-02,7,09:29:00,Saturday,Bathurt Street and Wilson,Mechanical,10,20,S/B,1347
2019-11-02,41,09:42:00,Saturday,Keele Station,Late Leaving Garage - Operator,5,9,N/B,1268
2019-11-02,7,09:53:00,Saturday,Bathurst and Wilson,Late Leaving Garage - Mechanical,10,20,S/B,8318
2019-11-02,34,10:00:00,Saturday,Entire Route,General Delay,17,32,B/W,
2019-11-02,53,10:00:00,Saturday,Steeles east,General Delay,15,25,B/W,
2019-11-02,34,10:13:00,Saturday,Donmills and Eglinton,Utilized Off Route,17,34,E/B,8710
2019-11-02,165,10:35:00,Saturday,York Mills Station,Late Leaving Garage - Mechanical,10,20,W/B,3707
2019-11-02,32,10:42:00,Saturday,Eglinton West Station,Mechanical,24,48,W/B,1096
2019-11-02,63,10:54:00,Saturday,Eglinton West Station,Mechanical,5,10,S/B,8313
2019-11-02,34,11:00:00,Saturday,Entire Route,General Delay,10,30,B/W,
2019-11-02,7,11:20:00,Saturday,Bathurst/Wilson,Late Leaving Garage - Mechanical,10,20,N/B,8210
2019-11-02,96,11:30:00,Saturday,York Mills Station,Mechanical,20,40,W/B,3360
2019-11-02,33,12:00:00,Saturday,St Clair West Station,Mechanical,30,30,N/B,1223
2019-11-02,97,12:00:00,Saturday,Young and Eglinton and Steeles,General Delay,30,60,B/W,
2019-11-02,134,12:15:00,Saturday,Markham and Progress,Utilized Off Route,15,30,W/B,3539
2019-11-02,16,12:16:00,Saturday,Lawrence,Mechanical,10,20,S/B,9235
2019-11-02,96,12:17:00,Saturday,York Mills Station,Late Leaving Garage - Mechanical,17,34,W/B,3245
2019-11-02,14,12:18:00,Saturday,Glencairn station,Mechanical,20,40,W/B,1099
2019-11-02,90,12:30:00,Saturday,St Clair West Station,Utilized Off Route,8,16,N/B,8126
2019-11-02,15,12:42:00,Saturday,Royal York Station,Investigation,30,60,W/B,8037
2019-11-02,927,12:47:00,Saturday,Steeles/Martin Grove Loop,Mechanical,10,20,S/B,3368
2019-11-02,95,13:00:00,Saturday,Entire Route,General Delay,20,33,B/W,
2019-11-02,709,13:04:00,Saturday,Trethewey & Eaton Way,Investigation,1,1,N/B,1358
2019-11-02,85,14:00:00,Saturday,Don Mills to Rouge Hill Go Stn,General Delay,20,28,B/W,
2019-11-02,68,14:00:00,Saturday,Eglinton and Warden,General Delay,10,20,S/B,8688
2019-11-02,39,14:00:00,Saturday,Finch Station,General Delay,14,28,WB,3481
2019-11-02,73,14:00:00,Saturday,Entire Route,General Delay,25,35,B/W,
2019-11-02,935,14:00:00,Saturday,Jane Stn to Pioneer Village Stn,General Delay,25,35,B/W,
2019-11-02,939,14:00:00,Saturday,Finch Station,General Delay,12,24,WB,3412
2019-11-02,36,14:44:00,Saturday,Topcliff,Diversion,50,60,W/B,
2019-11-02,34,14:51:00,Saturday,KENN,Mechanical,9,18,W/B,8712
2019-11-02,47,14:53:00,Saturday,Lansdowne and st.clair,Investigation,18,36,N/B,1055
2019-11-02,47,14:53:00,Saturday,Lansdowne and St Clair West,Investigation,18,36,N/B,1055
2019-11-02,66,15:00:00,Saturday,Entire Route,General Delay,20,30,B/W,
2019-11-02,935,15:00:00,Saturday,Jane Station,Mechanical,9,18,S/B,3578
2019-11-02,80,15:00:00,Saturday,Entire Route,General Delay,25,45,B/W,
2019-11-02,169,15:11:00,Saturday,Scarborough Town Center,Mechanical,30,60,S/B,8395
2019-11-02,29,15:21:00,Saturday,Wilson Station,Mechanical,3,6,S/B,9152
2019-11-02,35,15:50:00,Saturday,Jane and Annette,Diversion,20,29,B/W,
2019-11-02,935,15:50:00,Saturday,Jane and Annette,Diversion,20,29,B/W,
2019-11-02,63,15:52:00,Saturday,Northhumberland and Ossington,Mechanical,5,10,N/B,1219
2019-11-02,32,15:59:00,Saturday,Keele and Eglinton,Investigation,9,18,W/B,1202
2019-11-02,53,16:00:00,Saturday,Entire route,General Delay,16,6,B/W,
2019-11-02,60,16:00:00,Saturday,Entire route,General Delay,20,10,B/W,
2019-11-02,26,16:01:00,Saturday,Jane and Annette,Diversion,20,37,B/W,
2019-11-02,96,16:55:00,Saturday,Elmhurst and Genthorn,Investigation,17,34,E/B,3163
2019-11-02,47,16:58:00,Saturday,St.Clair and lansdowne,Mechanical,18,36,N/B,1281
2019-11-02,47,17:00:00,Saturday,Dupont and lansdowne,Investigation,18,36,S/B,1026
2019-11-02,935,17:05:00,Saturday,Jane and Annette,Investigation,9,18,N/B,3571
2019-11-02,41,17:10:00,Saturday,Weston and Cayuga,Mechanical,9,18,S/B,1260
2019-11-02,35,17:13:00,Saturday,Jane stn,Investigation,7,14,S/B,3316
2019-11-02,935,17:27:00,Saturday,Jane and Wilson,Investigation,9,18,S/B,3565
2019-11-02,36,17:42:00,Saturday,Albion,Mechanical,5,9,W/B,3294
2019-11-02,600,17:45:00,Saturday,Victoria Park stn,Mechanical,1,1,N/B,3111
2019-11-02,95,17:59:00,Saturday,Markham and ellesmere,Mechanical,17,34,W/B,1657
2019-11-02,38,18:10:00,Saturday,Markham and Ellesmere,Investigation,9,18,W/B,3415
2019-11-02,41,18:36:00,Saturday,Pioneer Village Station,Mechanical,9,18,S/B,1081
2019-11-02,32,18:44:00,Saturday,Eglinton West Station,Investigation,9,18,W/B,1021
2019-11-02,56,18:50:00,Saturday,Eglinton Station,Mechanical,24,45,E/B,1212
2019-11-02,76,18:50:00,Saturday,Royal York stn,Utilized Off Route,10,20,S/B,8435
2019-11-02,79,19:01:00,Saturday,Jane and Lawrence,Mechanical,12,24,N/B,1413
2019-11-02,108,19:02:00,Saturday,Tuscan Gate and Sheppard,Mechanical,16,32,E/B,3706
2019-11-02,34,19:10:00,Saturday,Eglinton and Ionview,Mechanical,9,18,E/B,8807
2019-11-02,53,19:31:00,Saturday,Kennedy,Investigation,21,42,W/B,1292
2019-11-02,102,19:36:00,Saturday,Markham and Steeles,Emergency Services,10,20,S/B,8560
2019-11-02,35,19:42:00,Saturday,Pioneer Village stn,Emergency Services,7,14,S/B,3231
2019-11-02,189,19:45:00,Saturday,Keele and St. Clair,Investigation,15,30,S/B,8067
2019-11-02,94,19:46:00,Saturday,Ossington Stn,Utilized Off Route,9,18,E/B,1417
2019-11-02,35,19:46:00,Saturday,Jane Station,Utilized Off Route,7,14,E/B,3316
2019-11-02,63,19:50:00,Saturday,Ossington Station,Utilized Off Route,6,13,S/B,8211
2019-11-02,706,19:51:00,Saturday,Pape Stn,Utilized Off Route,1,1,W/B,8487
2019-11-02,47,19:53:00,Saturday,Queen and Lansdowne,Utilized Off Route,20,40,S/B,1061
2019-11-02,39,19:56:00,Saturday,Finch Station,Utilized Off Route,15,30,EB,1298
2019-11-02,7,19:58:00,Saturday,Bathurst Station,Utilized Off Route,9,18,N/B,1363
2019-11-02,701,20:00:00,Saturday,Yonge/Sheppard,Utilized Off Route,1,1,E/B,8172
2019-11-02,63,20:05:00,Saturday,Ossington Station,Utilized Off Route,5,11,N/B,1257
2019-11-02,41,20:05:00,Saturday,Keele Station,Utilized Off Route,16,32,N/B,1001
2019-11-02,42,20:06:00,Saturday,Finch Station,Utilized Off Route,16,32,EB,8123
2019-11-02,89,20:10:00,Saturday,Weston/Tretheway,Mechanical,14,30,N/B,1058
2019-11-02,7,20:16:00,Saturday,Bathurst Station,Utilized Off Route,9,18,N/B,8108
2019-11-02,45,20:20:00,Saturday,Kipling Station,Utilized Off Route,9,19,S/B,8023
2019-11-02,7,20:40:00,Saturday,Bathurst Station,Utilized Off Route,9,18,N/B,8389
2019-11-02,106,21:00:00,Saturday,Sheppard West station,Mechanical,10,20,W/B,8122
2019-11-02,60,21:19:00,Saturday,Steeles loop,Mechanical,14,27,E/B,3185
2019-11-02,21,21:25:00,Saturday,Kennedy Station,Mechanical,22,44,N/B,3451
2019-11-02,85,22:05:00,Saturday,Brimley and sheppard,Diversion,35,45,B/W,
2019-11-02,121,23:40:00,Saturday,Front & York,Diversion,110,130,E/B,8564
2019-11-03,105,00:00:00,Sunday,Sheppard Station,Mechanical,30,60,N/B,8216
2019-11-03,106,00:00:00,Sunday,Sheppard West Station,Mechanical,16,32,W/B,8129
2019-11-03,320,01:30:00,Sunday,Yonge & Berwick,General Delay,450,454,B/W,
2019-11-03,300,01:30:00,Sunday,Bathrust to Parliament,General Delay,15,30,B/W,
2019-11-03,320,02:02:00,Sunday,Yonge Street,Vision,1,1,BW,
2019-11-03,320,02:25:00,Sunday,Queens Quay & Yonge,Utilized Off Route,4,7,N/B,1093
2019-11-03,41,04:28:00,Sunday,Mt Dennis garage,Late Leaving Garage - Operator,15,30,S/B,1014
2019-11-03,32,05:06:00,Sunday,Mt Dennis garage,Late Leaving Garage - Management,30,60,E/B,1254
2019-11-03,52,05:36:00,Sunday,Lawrence and Yonge,Late Leaving Garage - Mechanical,12,36,W/B,8327
2019-11-03,354,05:39:00,Sunday,Star spray at Lawrence,Late Leaving Garage - Mechanical,60,71,W/B,8684
2019-11-03,52,07:25:00,Sunday,Lawrence West Station,Late Leaving Garage - Management,15,30,W/B,1355
2019-11-03,89,07:30:00,Sunday,ENTIRE ROUTE,General Delay,10,30,B/W,
2019-11-03,7,07:39:00,Sunday,Bathurst stn / Steeles,General Delay,10,20,B/W,
2019-11-03,307,07:45:00,Sunday,Bloor an d Bathurst,General Delay,20,40,N/B,8136
2019-11-03,89,08:06:00,Sunday,WESTON AND KNOBHILL,Investigation,10,20,S/B,1115
2019-11-03,89,08:20:00,Sunday,ST PHILIPS AND WESTON,Emergency Services,10,20,S/B,1053
2019-11-03,106,08:38:00,Sunday,Sentinel and Sheppard,Mechanical,15,30,W/B,8376
2019-11-03,29,08:40:00,Sunday,Springhurst loop,Mechanical,9,18,N/B,9048
2019-11-03,9,09:02:00,Sunday,McCowan Rd/Eglinton Ave E,Diversion,110,132,N/B,
2019-11-03,116,09:05:00,Sunday,Eglinton/McCowan,Diversion,1,1,E/B,
2019-11-03,905,09:05:00,Sunday,Eglinton/McCowan,Diversion,1,1,E/B,
2019-11-03,86,09:05:00,Sunday,Eglinton/McCowan,Diversion,1,1,E/B,
2019-11-03,63,09:31:00,Sunday,Ossington & Bloor,Mechanical,9,17,S/B,1367
2019-11-03,14,09:40:00,Sunday,Caledonia and Tycos,Mechanical,20,40,E/B,1126
2019-11-03,123,09:49:00,Sunday,Long Branch Loop,Mechanical,20,40,N/B,8034
2019-11-03,20,10:10:00,Sunday,Kennedy and Park,Mechanical,24,48,N/B,8529
2019-11-03,32,10:13:00,Sunday,Eglinton & Russell,Mechanical,10,20,W/B,1254
2019-11-03,52,10:25:00,Sunday,Lawrence West Station,Mechanical,20,40,E/B,1373
2019-11-03,54,10:28:00,Sunday,Eglinton Station,Late Leaving Garage - Mechanical,16,32,E/B,8793
2019-11-03,116,10:30:00,Sunday,Kingston/Eglinton,Mechanical,8,16,W/B,8858
2019-11-03,75,10:35:00,Sunday,Adelaide/King,Diversion,,20,B/W,1347
2019-11-03,32,10:36:00,Sunday,Entire route,Mechanical,1,1,B/W,1081
2019-11-03,32,10:50:00,Sunday,Keele & Eglinton,Mechanical,10,20,W/B,1010
2019-11-03,24,10:57:00,Sunday,Victoria Park and Craigton,Mechanical,9,18,N/B,3130
2019-11-03,189,11:10:00,Sunday,Keele and Dundas,Investigation,20,40,S/B,8457
2019-11-03,162,11:28:00,Sunday,Donmills and Barber Green,Mechanical,30,60,W/B,1399
2019-11-03,97,11:41:00,Sunday,Finch Station,Mechanical,30,60,W/B,8359
2019-11-03,11,11:49:00,Sunday,Bayview and Yorkmills,Investigation,30,60,S/B,8194
2019-11-03,54,11:53:00,Sunday,Lawrence at starspray,Mechanical,16,32,W/B,8918
2019-11-03,34,12:28:00,Sunday,Kennedy Station,Mechanical,8,16,W/B,8681
2019-11-03,84,12:53:00,Sunday,Sheppard at Bakersfield,Mechanical,8,16,E/B,3564
2019-11-03,52,13:02:00,Sunday,Lawrence Station,Late Leaving Garage - Mechanical,14,28,W/B,8346
2019-11-03,29,13:27:00,Sunday,Dufferin Street / King Street,Investigation,4,8,N/B,9023
2019-11-03,925,13:42:00,Sunday,Throncliff Park and Overlea,Investigation,10,20,S/B,8703
2019-11-03,113,14:07:00,Sunday,DANFORTH AND DAWES,Investigation,0,0,W/B,8557
2019-11-03,7,14:15:00,Sunday,Bathurst / Wilson,Mechanical,10,20,S/B,8392
2019-11-03,29,14:40:00,Sunday,Dufferin Strteet/ King Street,Investigation,4,8,N/B,9026
2019-11-03,22,14:54:00,Sunday,COXWELL / Coxwell Station,Mechanical,10,20,S/B,9203
2019-11-03,80,15:00:00,Sunday,Entire Route,General Delay,25,45,B/W,
2019-11-03,134,15:01:00,Sunday,Finchdene Square,Mechanical,15,30,W/B,1337
2019-11-03,600,15:25:00,Sunday,Victoria Park Stn,Mechanical,1,1,N/B,8539
2019-11-03,161,15:43:00,Sunday,Jane & Alliance,Mechanical,15,30,E/B,1026
2019-11-03,16,15:54:00,Sunday,Warden Station,Mechanical,12,24,N/B,9217
2019-11-03,52,16:00:00,Sunday,Lawrence West Station,Mechanical,14,28,E/B,8110
2019-11-03,62,16:05:00,Sunday,Main St Stn,Mechanical,15,30,W/B,8960
2019-11-03,53,16:25:00,Sunday,FSTN,Mechanical,12,18,E/B,3405
2019-11-03,935,16:43:00,Sunday,Jane and Church,Mechanical,9,18,N/B,3562
2019-11-03,985,16:43:00,Sunday,Sheppard and Commons,Mechanical,12,24,W/B,9088
2019-11-03,60,17:35:00,Sunday,FSTN,Mechanical,10,20,W/B,3529
2019-11-03,41,17:41:00,Sunday,Keele Street / sheppard Ave. West,Investigation,10,21,S/B,1356
2019-11-03,60,17:52:00,Sunday,FSTN,Mechanical,10,20,W/B,3326
2019-11-03,25,18:22:00,Sunday,Don Mills /Greenbelt,Mechanical,9,18,S/B,8646
2019-11-03,51,18:25:00,Sunday,ESTN,Mechanical,24,47,E/B,8196
2019-11-03,600,18:29:00,Sunday,Kennedy / Foxridge,Investigation,1,1,S/B,8070
2019-11-03,52,18:30:00,Sunday,Lawrence Station,Mechanical,7,14,W/B,8357
2019-11-03,102,18:33:00,Sunday,Markham and Steeles,Emergency Services,10,20,S/B,3152
2019-11-03,123,19:08:00,Sunday,Lakeshore and 40th,Investigation,30,60,W/B,8429
2019-11-03,32,19:18:00,Sunday,Eglinton and Royal York,Mechanical,10,20,W/B,1066
2019-11-03,26,19:24:00,Sunday,St George Station,Mechanical,25,50,W/B,1005
2019-11-03,36,20:48:00,Sunday,Humberwood loop,Mechanical,7,14,W/B,3189
2019-11-03,11,20:55:00,Sunday,Bayview/Steeles,Mechanical,24,48,N/B,8194
2019-11-03,2,21:00:00,Sunday,kennedy station,Mechanical,1,2,E/B,3251
2019-11-03,2,21:26:00,Sunday,Warden Station,Mechanical,1,2,E/B,8886
2019-11-03,116,22:00:00,Sunday,Morningside and McLevin,Diversion,44,54,S/B,
2019-11-03,25,23:08:00,Sunday,DON MILLS @ LAWRENCE AVE EAST,Investigation,10,20,N/B,8926
2019-11-03,54,23:55:00,Sunday,Lawrence/Minnacote,Investigation,15,35,E/B,8763
2019-11-04,34,00:25:00,Monday,Eglinton/Mt. Pleasant,Investigation,10,21,E/B,8760
2019-11-04,86,00:45:00,Monday,Meadowvale Loop,Investigation,10,20,S/B,8935
2019-11-04,97,01:30:00,Monday,Yonge and Dundas,Diversion,210,220,B/W,
2019-11-04,37,01:47:00,Monday,"On Rexdale, at Frost",Investigation,30,60,W/B,8080
2019-11-04,29,02:31:00,Monday,Exhibition loop.,Mechanical,30,60,N/B,1359
2019-11-04,29,05:01:00,Monday,Dufferin / Wilson,Mechanical,24,48,N/B,9139
2019-11-04,112,05:15:00,Monday,The East Mall & Eglinton Ave,Mechanical,15,30,N/B,8448
2019-11-04,41,05:22:00,Monday,Keele Station,Late Leaving Garage - Vision,13,26,N/B,9016
2019-11-04,24,05:24:00,Monday,Bingham Loop,Mechanical,19,38,N/B,9211
2019-11-04,85,05:27:00,Monday,Rouge Hill Go stn,Late Leaving Garage - Operator,12,12,W/B,3541
2019-11-04,32,05:31:00,Monday,Renforth Station,Late Leaving Garage - Mechanical,7,14,E/B,1264
2019-11-04,160,05:37:00,Monday,Wilson station,Mechanical,20,40,N/B,8212
2019-11-04,52,05:50:00,Monday,Lawrence Ave West at Scarlett Rd,Diversion,43,55,W/B,
2019-11-04,102,05:51:00,Monday,painted post and mkm,Mechanical,23,56,S/B,9207
2019-11-04,7,05:51:00,Monday,Wilson / Bathurst,Mechanical,8,16,S/B,8170
2019-11-04,32,05:59:00,Monday,Keele and Eglinton,Mechanical,4,7,E/B,1407
2019-11-04,24,06:05:00,Monday,VICTORIA PARK - Van Horne and Victoria Park,Investigation,10,20,S/B,8467
2019-11-04,111,06:11:00,Monday,Kipling Station,Mechanical,11,22,N/B,8437
2019-11-04,927,06:13:00,Monday,Martin Grove & Royal Crest,Mechanical,10,20,S/B,3564
2019-11-04,98,06:13:00,Monday,Peckham,Late Leaving Garage - Operator,16,34,E/B,8348
2019-11-04,925,06:19:00,Monday,Pape Station,Mechanical,1,1,N/B,8839
2019-11-04,939,06:29:00,Monday,Malvern garage POD Morningside and nightstar,Late Leaving Garage - Mechanical,7,15,W/B,3557
2019-11-04,952,06:29:00,Monday,Lawrence West Station,Mechanical,11,24,W/B,8198
2019-11-04,960,06:30:00,Monday,Yonge St-Steeles to Finch Av,General Delay,30,40,B/W,3552
2019-11-04,125,06:30:00,Monday,Yonge St-Steeles to Finch Av,General Delay,30,46,B/W,8375
2019-11-04,42,06:30:00,Monday,Yonge St-Steeles to Finch,General Delay,30,43,B/W,8364
2019-11-04,60,06:30:00,Monday,Yonge St from Steeles to Finch,General Delay,30,40,B/W,3310
2019-11-04,35,06:36:00,Monday,Pioneer Village STN,Late Leaving Garage - Mechanical,9,18,S/B,3330
2019-11-04,985,06:48:00,Monday,Don Mills stn,Late Leaving Garage - Operator,12,21,E/B,9066
2019-11-04,52,06:49:00,Monday,Lawrence Ave West at Bathurst St,Mechanical,22,45,E/B,8219
2019-11-04,29,06:50:00,Monday,Dufferin Loop,Mechanical,7,14,N/B,9150
2019-11-04,94,06:58:00,Monday,Wellesley and Church,Investigation,14,28,W/B,1071
2019-11-04,939,06:59:00,Monday,Finch & Bayview,Mechanical,8,15,W/B,1224
2019-11-04,925,07:00:00,Monday,Entire route,General Delay,15,24,S/B,
2019-11-04,53,07:00:00,Monday,Finch station,General Delay,15,30,B/W,
2019-11-04,985,07:26:00,Monday,Meadowvale Loop,Mechanical,12,24,W/B,9076
2019-11-04,68,07:26:00,Monday,Warden and Finch,Investigation,5,10,S/B,8833
2019-11-04,133,07:30:00,Monday,Morningside/Finch to Scarborough Town Center,General Delay,10,21,B/W,
2019-11-04,939,07:30:00,Monday,Route 939,General Delay,45,50,B/W,
2019-11-04,39,07:30:00,Monday,Route 39,General Delay,45,5,B/W,
2019-11-04,161,07:42:00,Monday,Ossington Station,Mechanical,12,25,S/B,1100
2019-11-04,935,08:00:00,Monday,Jane St/Sheppard Ave E,General Delay,20,27,B/W,
2019-11-04,34,08:00:00,Monday,"EGLINTON FROM WARDEN-PHARMACY, VICTORIA PARK TO DVP",General Delay,27,33,W/B,
2019-11-04,68,08:00:00,Monday,Angus Glen Community Center to Warden STN,General Delay,12,38,B/W,
2019-11-04,129,08:00:00,Monday,Scarborough Town Center to Major MacKenzie,General Delay,9,24,B/W,
2019-11-04,35,08:00:00,Monday,Jane St/Sheppard Ave E,General Delay,20,27,B/W,
2019-11-04,25,08:00:00,Monday,"York Mills RD, Eglinton Ave",General Delay,15,16,S/B,
2019-11-04,106,08:13:00,Monday,Keele /Sheppard,Mechanical,8,16,W/B,8184
2019-11-04,913,08:15:00,Monday,Centennial College,Mechanical,4,8,W/B,9093
2019-11-04,122,08:25:00,Monday,Fenelon and Graydon Hall,Investigation,17,34,W/B,8218
2019-11-04,32,08:33:00,Monday,Eglinton West Station,Mechanical,10,19,W/B,1021
2019-11-04,39,08:36:00,Monday,Finch and Chartland,Diversion,31,36,B/W,
2019-11-04,939,08:36:00,Monday,Finch and Chartland,Diversion,31,36,B/W,
2019-11-04,129,08:45:00,Monday,McCowan and McNicoll,Investigation,5,15,N/B,1745
2019-11-04,76,08:48:00,Monday,,Mechanical,10,20,N/B,8610
2019-11-04,53,08:49:00,Monday,Bayview,Mechanical,7,14,B/W,3461
2019-11-04,122,08:53:00,Monday,Fenelon and Graydon Hall,Investigation,17,34,W/B,8323
2019-11-04,985,09:00:00,Monday,progress and various locations,General Delay,150,162,B/W,
2019-11-04,145,09:06:00,Monday,Bathurst & Brownsline,Investigation,25,50,W/B,8061
2019-11-04,701,09:29:00,Monday,Lawrence Ave West at Scarlett Rd,Utilized Off Route,1,1,B/W,8300
2019-11-04,600,09:30:00,Monday,Pioneer village,Utilized Off Route,1,1,E/B,3233
2019-11-04,600,09:30:00,Monday,Pioneer Village,Utilized Off Route,1,1,E/B,3169
2019-11-04,709,09:34:00,Monday,Wilson Station,Utilized Off Route,1,1,bw,1111
2019-11-04,600,09:34:00,Monday,CastleFrank Station,Utilized Off Route,1,1,bw,1059
2019-11-04,600,09:34:00,Monday,Eglinton West Station,Utilized Off Route,1,1,bw,1024
2019-11-04,84,09:35:00,Monday,Sheppard West Station,Utilized Off Route,8,16,E/B,3577
2019-11-04,42,09:35:00,Monday,Don Mills and McNicoll,Mechanical,14,28,W/B,8376
2019-11-04,989,09:35:00,Monday,Keel Station,Utilized Off Route,0,0,S/B,1273
2019-11-04,66,09:35:00,Monday,OLD MILL STN,Utilized Off Route,1,1,S/B,8068
2019-11-04,600,09:35:00,Monday,606 CONSTRUCTION RAD / Victoria Park Station,Utilized Off Route,0,0,B/W,8557
2019-11-04,996,09:41:00,Monday,Humber College,Utilized Off Route,1,1,bw,3308
2019-11-04,600,09:41:00,Monday,warden stn,Utilized Off Route,1,1,S/B,3125
2019-11-04,142,09:41:00,Monday,oriole pk and yonge,Utilized Off Route,1,1,S/B,8342
2019-11-04,35,09:42:00,Monday,Jane STN,Utilized Off Route,7,14,N/B,3268
2019-11-04,929,09:42:00,Monday,Dufferin / Bloor,Utilized Off Route,10,20,N/B,9043
2019-11-04,41,09:42:00,Monday,Keele Station,Utilized Off Route,14,28,N/B,9025
2019-11-04,141,09:44:00,Monday,Bay and College,Utilized Off Route,1,1,bw,1022
2019-11-04,79,09:44:00,Monday,Runnymede STN,Utilized Off Route,5,10,N/B,1034
2019-11-04,75,09:45:00,Monday,Jarvis and Queens Quay,Utilized Off Route,6,11,N/B,1222
2019-11-04,96,09:45:00,Monday,Wilson Station,Utilized Off Route,1,1,bw,3333
2019-11-04,34,09:45:00,Monday,EGLINTON/ROSEMOUNT,Diversion,12,24,W/B,
2019-11-04,47,09:45:00,Monday,Yorkdale STN,Utilized Off Route,1,1,S/B,1102
2019-11-04,169,09:47:00,Monday,donmills and van horne,Mechanical,30,60,S/B,8147
2019-11-04,704,09:48:00,Monday,Lawrence West Station,Utilized Off Route,1,1,W/B,3166
2019-11-04,32,09:50:00,Monday,Keele and Eglinton,Mechanical,13,36,W/B,1625
2019-11-04,11,09:50:00,Monday,DAVISVILLE STATION,Utilized Off Route,1,1,W/B,8191
2019-11-04,952,09:53:00,Monday,Lawrence West Station,Utilized Off Route,12,24,E/B,1296
2019-11-04,32,09:54:00,Monday,Eglinton West Station,Utilized Off Route,11,22,W/B,1143
2019-11-04,704,10:00:00,Monday,Jane,Utilized Off Route,0,0,W/B,3342
2019-11-04,97,10:04:00,Monday,Lawrence and Bathurst,Utilized Off Route,1,1,W/B,8302
2019-11-04,600,10:05:00,Monday,Eglinton Station,Utilized Off Route,1,1,bw,1203
2019-11-04,32,10:10:00,Monday,Eglinton Station,Utilized Off Route,1,1,bw,1093
2019-11-04,85,10:10:00,Monday,Malvern gate,Mechanical,7,15,E/B,3459
2019-11-04,60,10:18:00,Monday,HWY 27 and Steeles,Utilized Off Route,1,1,W/B,3334
2019-11-04,39,10:55:00,Monday,Finch & Longmore,Mechanical,16,32,W/B,1579
2019-11-04,165,11:02:00,Monday,York Mills Station,Mechanical,12,24,W/B,3590
2019-11-04,81,11:25:00,Monday,Pape Station,Investigation,11,22,S/B,8566
2019-11-04,701,11:25:00,Monday,Oldmill station,Mechanical,1,1,B/W,8300
2019-11-04,29,11:25:00,Monday,Dufferin Loop,Mechanical,7,14,N/B,9041
2019-11-04,25,11:28:00,Monday,Pape Station,Investigation,9,18,S/B,8666
2019-11-04,925,11:28:00,Monday,Pape Station,Investigation,10,20,S/B,8909
2019-11-04,129,11:32:00,Monday,Scarborough Town Center,Mechanical,7,21,N/B,1331
2019-11-04,52,11:50:00,Monday,lAwrence Ave West at Aleen Rd S/B ramp,Diversion,12,26,E/B,
2019-11-04,131,11:56:00,Monday,Morningview tail and Old Finch,Emergency Services,13,27,W/B,1658
2019-11-04,52,12:18:00,Monday,Lawrence Ave West at Keele St,Mechanical,14,28,W/B,8363
2019-11-04,7,12:48:00,Monday,Steeles and Bathrust,Mechanical,8,16,N/B,8131
2019-11-04,123,13:00:00,Monday,Shorcliff and Lockport,Investigation,18,36,E/B,8050
2019-11-04,60,13:00:00,Monday,Entire Route,General Delay,15,30,B/W,
2019-11-04,11,13:15:00,Monday,Bayview and Sheppard,Investigation,13,26,N/B,8303
2019-11-04,54,13:23:00,Monday,rouge hill drive,Mechanical,12,24,S/B,8628
2019-11-04,168,13:34:00,Monday,Dundas West Station,Investigation,13,25,E/B,1305
2019-11-04,40,13:40:00,Monday,Dundas/Keele,Investigation,20,40,W/B,8447
2019-11-04,41,13:46:00,Monday,SB on Keele at Ingram,Emergency Services,12,24,S/B,9023
2019-11-04,75,13:54:00,Monday,Bloor and Sherbourne,Mechanical,8,15,N/B,1221
2019-11-04,25,14:00:00,Monday,Don Mills stn,Investigation,5,10,,8643
2019-11-04,925,14:00:00,Monday,Eglintion and Don mills,General Delay,10,20,,
2019-11-04,129,14:13:00,Monday,Steeles Loop /McCowan,Mechanical,7,14,S/B,3436
2019-11-04,35,14:30:00,Monday,Jane at Sheppard,General Delay,20,30,B/W,
2019-11-04,935,14:30:00,Monday,Jane at Sheppard,General Delay,20,30,B/W,
2019-11-04,144,14:39:00,Monday,EglintonYard,Mechanical,0,0,OB,8629
2019-11-04,36,14:40:00,Monday,Signet,Diversion,73,83,W/B,9116
2019-11-04,108,14:40:00,Monday,Pioneer Village Stn,Mechanical,24,42,S/B,3261
2019-11-04,25,14:44:00,Monday,Eglinton Yard,Mechanical,0,0,OB,8921
2019-11-04,57,14:46:00,Monday,Eglinton yard,Mechanical,0,0,OB,8817
2019-11-04,54,14:48:00,Monday,Eglinton Yard,Mechanical,0,0,OB,8898
2019-11-04,57,14:50:00,Monday,Eglinton Yard,Mechanical,0,0,OB,8900
2019-11-04,119,14:53:00,Monday,Bartor,Late Leaving Garage - Operator,25,50,E/B,3629
2019-11-04,54,15:00:00,Monday,Eglinton Yard,Mechanical,0,0,OB,8897
2019-11-04,25,15:00:00,Monday,Don Mills and Eglintion,General Delay,8,16,B/W,
2019-11-04,42,15:00:00,Monday,Entire Route,General Delay,10,20,BW,
2019-11-04,952,15:12:00,Monday,Lawrence West Station,Late Leaving Garage - Operator,12,24,W/B,1390
2019-11-04,54,15:17:00,Monday,Eglinton Yard,Mechanical,0,0,OB,8693
2019-11-04,43,15:18:00,Monday,Kennedy Station,Investigation,8,16,N/B,8671
2019-11-04,25,15:19:00,Monday,Eglinton Yard,Mechanical,0,0,OB,8693
2019-11-04,903,15:32:00,Monday,Kennedy Station,Late Leaving Garage - Management,9,18,S/B,8411
2019-11-04,35,15:36:00,Monday,Jane Station,Late Leaving Garage - Operator,9,18,N/B,3233
2019-11-04,56,15:38:00,Monday,donlands and millwood,Investigation,18,36,W/B,8332
2019-11-04,954,15:38:00,Monday,Eglinton Yard,Mechanical,0,0,OB,8738
2019-11-04,100,15:40:00,Monday,Grenoble and Spanbridge,Mechanical,7,14,E/B,8741
2019-11-04,42,15:45:00,Monday,Finch stn,Mechanical,15,30,N/B,1317
2019-11-04,986,15:52:00,Monday,Eglinton Yard,Mechanical,0,0,OB,8908
2019-11-04,23,16:00:00,Monday,23 Dawes Rd route,General Delay,7,14,B/W,
2019-11-04,45,16:00:00,Monday,Kipling Station to Steeles and Disco and Attwell,General Delay,15,21,B/W,
2019-11-04,44,16:00:00,Monday,Kipling Station to Colonel Samuel Smith Loop,General Delay,15,20,B/W,
2019-11-04,111,16:00:00,Monday,Kipling Station to Willowridge,General Delay,15,26,B/W,
2019-11-04,59,16:08:00,Monday,Ingram and Caledonia,Investigation,26,52,E/B,3167
2019-11-04,111,16:21:00,Monday,Kipling Station,Mechanical,10,20,N/B,8438
2019-11-04,174,16:30:00,Monday,Signal Hill,Utilized Off Route,1,1,E/B,3185
2019-11-04,54,16:30:00,Monday,Rumsey and eglinton,Investigation,10,20,W/B,8831
2019-11-04,929,16:41:00,Monday,Spring Hurst Loop,Emergency Services,10,20,N/B,9142
2019-11-04,123,16:47:00,Monday,Long Branch Loop,Mechanical,16,32,N/B,8437
2019-11-04,34,16:50:00,Monday,Eglinton and Rumsey,Diversion,1,1,B/W,
2019-11-04,116,16:58:00,Monday,Eglinton and Huntington,Emergency Services,25,50,E/B,8790
2019-11-04,53,17:21:00,Monday,Steeles and Willowdale,Investigation,5,10,W/B,1526
2019-11-04,900,17:30:00,Monday,Pearson Airport ( Terminal 3),Mechanical,8,17,E/B,8009
2019-11-04,54,17:40:00,Monday,Kennedy and Lawrence,General Delay,10,20,E/B,8704
2019-11-04,56,17:45:00,Monday,Yonge and eglinton,General Delay,18,36,E/B,1226
2019-11-04,35,17:54:00,Monday,Pioneer Village Station,Mechanical,10,20,S/B,3287
2019-11-04,96,17:55:00,Monday,westmore and humber college blvd,Diversion,110,122,B/W,
2019-11-04,40,17:55:00,Monday,Kipling Station,Mechanical,18,36,E/B,8416
2019-11-04,996,18:00:00,Monday,Humber College & Westmore,Diversion,5,8,B/W,3468
2019-11-04,132,18:18:00,Monday,STC,Emergency Services,13,26,N/B,3517
2019-11-04,925,18:30:00,Monday,vanhorn and Donmills,Mechanical,10,20,S/B,8840
2019-11-04,96,18:45:00,Monday,humberline loop,Mechanical,12,24,S/B,3339
2019-11-04,985,18:45:00,Monday,Don Mills Stn,Mechanical,10,20,E/B,9008
2019-11-04,165,18:45:00,Monday,barmac and steeles,Mechanical,8,17,N/B,3365
2019-11-04,15,18:58:00,Monday,Royal York at Coney st,Investigation,22,44,S/B,7975
2019-11-04,985,19:00:00,Monday,Don Mills Stn,Utilized Off Route,10,20,E/B,9078
2019-11-04,23,19:00:00,Monday,23 Dawes route,General Delay,10,20,B/W,
2019-11-04,32,19:25:00,Monday,Alameda,Investigation,10,20,W/B,1420
2019-11-04,929,19:42:00,Monday,dufferin an bloor,Mechanical,8,16,N/B,9017
2019-11-04,36,19:56:00,Monday,Finch and Jane,Mechanical,8,16,W/B,9110
2019-11-04,36,20:20:00,Monday,Finch and Weston rd,Mechanical,8,16,E/B,9133
2019-11-04,60,20:20:00,Monday,Steeles / Dufferin,Vision,10,20,E/B,3296
2019-11-04,36,20:54:00,Monday,Finch and Sentinel,Investigation,8,16,W/B,9114
2019-11-04,171,21:37:00,Monday,Mt. Dennis Garage,Mechanical,20,40,N/B,1113
2019-11-04,109,21:55:00,Monday,Neptune and Rajah,Diversion,52,77,S/B,8213
2019-11-04,41,22:11:00,Monday,keele station,Mechanical,16,32,S/B,1035
2019-11-04,109,22:37:00,Monday,LA. W to Neptune,General Delay,25,50,S/B,
2019-11-04,65,22:47:00,Monday,Castle Frank station,Emergency Services,16,32,S/B,3117
2019-11-04,29,23:01:00,Monday,exhibition loop,Mechanical,10,20,S/B,9045
2019-11-04,44,23:35:00,Monday,Kipling Station,Utilized Off Route,10,20,S/B,8015
2019-11-04,89,23:44:00,Monday,Keele Station,Mechanical,10,20,N/B,1118
2019-11-04,29,23:55:00,Monday,exhibition loop,Mechanical,10,20,S/B,9051
2019-11-05,95,00:57:00,Tuesday,VP and Ellesmere,Investigation,10,20,E/B,3414
2019-11-05,63,01:04:00,Tuesday,shannon and ossington,Emergency Services,10,20,S/B,8165
2019-11-05,320,01:30:00,Tuesday,Yonge and Dundas,Diversion,210,213,B/W,
2019-11-05,25,02:00:00,Tuesday,Eglintion / Donmills,General Delay,1,20,,
2019-11-05,63,02:21:00,Tuesday,Steeles loop.,Investigation,3,7,S/B,8465
2019-11-05,320,02:35:00,Tuesday,Finch station,Vision,3,7,S/B,8195
2019-11-05,320,02:45:00,Tuesday,Steeles and Yonge loop.,Vision,3,7,S/B,8129
2019-11-05,97,03:23:00,Tuesday,Yonge and Yorkmills,Emergency Services,3,7,N/B,8135
2019-11-05,300,03:45:00,Tuesday,The East Mall and Bloor Street,Mechanical,20,40,E/B,3142
2019-11-05,54,04:46:00,Tuesday,egli yard,Mechanical,1,1,E/B,8788
2019-11-05,9,04:56:00,Tuesday,scar town ctr,Late Leaving Garage - Mechanical,30,60,S/B,8542
2019-11-05,116,04:58:00,Tuesday,egli. Yard,Mechanical,1,1,E/B,8783
2019-11-05,34,05:00:00,Tuesday,Egli. Yard,Mechanical,1,1,E/B,8727
2019-11-05,70,05:03:00,Tuesday,elgi yard,Mechanical,1,1,E/B,8752
2019-11-05,900,05:07:00,Tuesday,Queensway Garage,Late Leaving Garage - Mechanical,22,44,N/B,8002
2019-11-05,43,05:13:00,Tuesday,eglinton yard,Mechanical,1,1,E/B,8817
2019-11-05,100,05:18:00,Tuesday,Eglinton Garage,Mechanical,1,1,OB,8624
2019-11-05,116,05:21:00,Tuesday,Eglinton Garage,Mechanical,1,1,OB,8896
2019-11-05,86,05:21:00,Tuesday,Eglinton Garage,Mechanical,1,1,OB,8701
2019-11-05,25,05:24:00,Tuesday,Eglinton Garage,Mechanical,1,1,OB,8771
2019-11-05,68,05:33:00,Tuesday,Eglinton Garage,Mechanical,1,1,OB,8898
2019-11-05,165,05:33:00,Tuesday,York mills Station,Late Leaving Garage - Operator,6,12,W/B,3199
2019-11-05,25,05:36:00,Tuesday,Eglinton Garage,Mechanical,1,1,OB,8923
2019-11-05,986,05:37:00,Tuesday,Eglinton Garage,Mechanical,1,1,OB,8880
2019-11-05,34,05:37:00,Tuesday,Eglinton Garage,Mechanical,1,1,OB,8744
2019-11-05,54,05:38:00,Tuesday,Eglinton Garage,Mechanical,1,1,OB,8846
2019-11-05,116,05:39:00,Tuesday,Eglinton Garage,Mechanical,1,1,OB,8660
2019-11-05,986,05:41:00,Tuesday,Kennedy Station,Mechanical,17,33,E/B,8685
2019-11-05,79,05:46:00,Tuesday,Lawrence Ave W/Pine St,Late Leaving Garage - Management,10,22,S/B,1349
2019-11-05,25,05:47:00,Tuesday,egli yard,Mechanical,1,1,e,8929
2019-11-05,25,05:47:00,Tuesday,egli.. Yard,Mechanical,1,1,E/B,8929
2019-11-05,54,05:48:00,Tuesday,Eglinton Garage,Mechanical,1,1,OB,8743
2019-11-05,54,05:52:00,Tuesday,egli yard,Mechanical,1,1,E/B,8635
2019-11-05,986,05:52:00,Tuesday,egli. Yard,Mechanical,1,1,E/B,8622
2019-11-05,54,05:53:00,Tuesday,Eglinton Garage,Mechanical,1,1,OB,8847
2019-11-05,80,05:56:00,Tuesday,Kipling & Queensway,Mechanical,30,60,W/B,8057
2019-11-05,925,05:58:00,Tuesday,Eglinton Garage,Mechanical,1,1,OB,8844
2019-11-05,34,05:59:00,Tuesday,.egli yard,Mechanical,1,1,E/B,8668
2019-11-05,925,05:59:00,Tuesday,egli yard,Mechanical,1,1,E/B,8687
2019-11-05,100,06:00:00,Tuesday,egli yard,Mechanical,1,1,E/B,8731
2019-11-05,34,06:05:00,Tuesday,egli yard,Mechanical,1,1,E/B,8867
2019-11-05,54,06:06:00,Tuesday,Eglinton Garage,Late Leaving Garage - Operator,14,1,OB,8672
2019-11-05,68,06:07:00,Tuesday,egli yard,Mechanical,1,1,E/B,8686
2019-11-05,25,06:08:00,Tuesday,egli yard,Mechanical,1,1,E/B,8758
2019-11-05,17,06:11:00,Tuesday,70643,Late Leaving Garage - Vision,7,14,S/B,8951
2019-11-05,43,06:14:00,Tuesday,egli yard,Mechanical,1,1,E/B,8940
2019-11-05,54,06:16:00,Tuesday,egli. Yard,Mechanical,1,1,E/B,8702
2019-11-05,95,06:17:00,Tuesday,Markham and Ellesmere,Investigation,8,16,W/B,3432
2019-11-05,100,06:21:00,Tuesday,egli. Yard,Mechanical,1,1,E/B,8710
2019-11-05,73,06:25:00,Tuesday,Royal York Station,Mechanical,17,34,S/B,8455
2019-11-05,57,06:28:00,Tuesday,Eglinton Garage,Mechanical,1,1,OB,8928
2019-11-05,105,06:30:00,Tuesday,Dufferin/Steeles,Mechanical,11,22,S/B,8104
2019-11-05,34,06:33:00,Tuesday,Eglinton Garage,Mechanical,1,1,OB,8799
2019-11-05,996,06:34:00,Tuesday,York Mills Station,Late Leaving Garage - Operator,10,10,W/B,3265
2019-11-05,100,06:38:00,Tuesday,Eglinton Garage,Mechanical,1,1,OB,8712
2019-11-05,63,06:40:00,Tuesday,East Liberty/Hanna,Mechanical,10,22,W/B,8335
2019-11-05,131,06:40:00,Tuesday,Scarborough Town Center,Mechanical,8,15,E/B,3544
2019-11-05,85,06:54:00,Tuesday,Don Mills stn,Mechanical,15,30,E/B,3532
2019-11-05,996,06:56:00,Tuesday,Humber College,Late Leaving Garage - Mechanical,10,20,E/B,3630
2019-11-05,79,07:00:00,Tuesday,Lawrence Ave W/Pine St,Mechanical,10,20,S/B,1349
2019-11-05,60,07:00:00,Tuesday,Steeles West Route,General Delay,20,30,BW,0
2019-11-05,37,07:05:00,Tuesday,Islington Station,Investigation,14,28,N/B,8039
2019-11-05,15,07:11:00,Tuesday,Royal York STN,Mechanical,13,26,S/B,8042
2019-11-05,939,07:12:00,Tuesday,Finch stn,Mechanical,8,15,W/B,1732
2019-11-05,36,07:25:00,Tuesday,Highway 27 on Finch West,Mechanical,5,11,E/B,3626
2019-11-05,939,07:30:00,Tuesday,Route 939,General Delay,20,25,B/W,
2019-11-05,34,07:30:00,Tuesday,LESLIE/EGLINTON,General Delay,29,35,W/B,
2019-11-05,132,07:30:00,Tuesday,Scarborough Town Center to Hupfield/Steeles,General Delay,10,22,B/W,
2019-11-05,73,07:37:00,Tuesday,Royal York Station,Mechanical,17,34,N/B,8031
2019-11-05,56,07:43:00,Tuesday,Brantcliff and Eglinton,Mechanical,10,20,E/B,8144
2019-11-05,11,07:45:00,Tuesday,YORK MILLS/BAYVIEW,General Delay,25,41,B/W,
2019-11-05,165,07:53:00,Tuesday,Wilson/Dallner,Mechanical,6,12,E/B,3590
2019-11-05,143,07:57:00,Tuesday,Peter Street/ Adelaide Street,Diversion,29,44,S/B,8465
2019-11-05,144,07:57:00,Tuesday,Peter Street/Adelaide Street,Diversion,29,43,S/B,8901
2019-11-05,70,08:00:00,Tuesday,Entire route,General Delay,10,23,S/B,
2019-11-05,944,08:00:00,Tuesday,Kipling and Norseman to Kipling and North Queen,General Delay,8,15,S/B,
2019-11-05,169,08:00:00,Tuesday,404 and Sheppard,General Delay,20,1,B/W,
2019-11-05,984,08:00:00,Tuesday,Weston Rd and Bradstock Rd to Sheppard Yong Station,General Delay,1,1,B/W,
2019-11-05,44,08:00:00,Tuesday,Kipling and Norseman to Kipling and Jutland,General Delay,9,16,B/W,
2019-11-05,925,08:00:00,Tuesday,Entire route,General Delay,15,25,S/B,
2019-11-05,25,08:00:00,Tuesday,Entire route,General Delay,15,21,S/B,
2019-11-05,42,08:00:00,Tuesday,Cummer Route,General Delay,15,29,BW,0
2019-11-05,600,08:03:00,Tuesday,Concorde/Bloor (Ossington Station),Investigation,1,1,N/B,1049
2019-11-05,35,08:30:00,Tuesday,Jane St/Sheppard Ave W,General Delay,20,27,B/W,
2019-11-05,935,08:30:00,Tuesday,Jane St/Sheppard Ave W,General Delay,20,27,B/W,
2019-11-05,53,08:30:00,Tuesday,Steeles and Yonge,Diversion,570,575,B/W,1322
2019-11-05,11,08:37:00,Tuesday,SUNNYBROOK HOSPITAL,Emergency Services,16,32,S/B,8342
2019-11-05,95,08:40:00,Tuesday,York Mills Station to Kingston Road Loop,General Delay,23,31,bw,
2019-11-05,122,08:40:00,Tuesday,York Mills Station to Roywoods and Fenside,General Delay,24,33,B/W,
2019-11-05,995,08:41:00,Tuesday,York Mills Station to Univeristy of Toronto,General Delay,25,35,bw,
2019-11-05,97,08:45:00,Tuesday,Davisville Station to Hilda and Steeles,General Delay,45,75,B/W,
2019-11-05,12,08:57:00,Tuesday,Kingston Rd/Markham Rd,Investigation,27,54,E/B,8544
2019-11-05,29,09:00:00,Tuesday,On route at Dundas and Eglinton,General Delay,18,26,B/W,
2019-11-05,63,09:00:00,Tuesday,East Liberty/Atlantic,Diversion,28,32,N/B,1370
2019-11-05,60,09:00:00,Tuesday,on Yonge from Drewry to Steeles,Diversion,580,600,BW,3599
2019-11-05,985,09:00:00,Tuesday,404/Sheppard,General Delay,1,1,B/W,
2019-11-05,32,09:37:00,Tuesday,Eglinton Station,Mechanical,11,22,W/B,1047
2019-11-05,131,09:55:00,Tuesday,Scarborough Town Center,Investigation,14,27,W/B,1299
2019-11-05,112,10:00:00,Tuesday,Westmall and Civic Centre Crt,Investigation,20,40,N/B,8608
2019-11-05,87,10:05:00,Tuesday,Main and Lumsden,Investigation,11,22,E/B,8491
2019-11-05,97,10:40:00,Tuesday,York Mills Station,Utilized Off Route,30,60,S/B,1246
2019-11-05,47,11:00:00,Tuesday,MacDonnell Ave/Seaforth Ave,Diversion,18,36,N/B,1014
2019-11-05,85,11:00:00,Tuesday,Midland/Sheppard,Diversion,1,1,E/B,
2019-11-05,996,11:00:00,Tuesday,Wilson Station,Vision,12,24,W/B,3287
2019-11-05,47,11:00:00,Tuesday,MacDonnell Ave/Seaforth Ave,Diversion,25,43,N/B,
2019-11-05,36,11:17:00,Tuesday,Humber wood Loop,Mechanical,5,10,W/B,9135
2019-11-05,12,11:49:00,Tuesday,Kingston Rd/Birchcliff Ave,Investigation,25,50,E/B,8947
2019-11-05,64,12:00:00,Tuesday,64 Main Route,General Delay,10,20,B/W,3106
2019-11-05,36,12:02:00,Tuesday,Finch and Dufferin,Investigation,5,10,E/B,3359
2019-11-05,102,12:03:00,Tuesday,St Clair/Gidley,Mechanical,20,30,E/B,9228
2019-11-05,54,12:05:00,Tuesday,Don Mills and Lawrence,Mechanical,8,16,W/B,8846
2019-11-05,22,12:30:00,Tuesday,Coxwell Station,Mechanical,8,16,S/B,8514
2019-11-05,101,13:00:00,Tuesday,SHEPPARD WEST STATION,Vision,20,20,W/B,3456
2019-11-05,102,13:40:00,Tuesday,St Clair/Kingston Rd,Mechanical,20,30,E/B,3102
2019-11-05,21,13:40:00,Tuesday,Brimley / Eglinton Ave. E,Mechanical,25,50,S/B,1526
2019-11-05,95,13:49:00,Tuesday,Kennedy and Ellesmere,Mechanical,20,40,E/B,3540
2019-11-05,54,13:54:00,Tuesday,Fortune Gate and Lawrence,Mechanical,12,24,W/B,8784
2019-11-05,600,13:54:00,Tuesday,Ossington Stn,Utilized Off Route,1,1,W/B,1028
2019-11-05,131,13:55:00,Tuesday,Sewell/McLevine,Investigation,13,26,W/B,3518
2019-11-05,73,14:00:00,Tuesday,BW On route.,General Delay,20,1,B/W,
2019-11-05,37,14:00:00,Tuesday,BW on route .,Mechanical,20,1,B/W,
2019-11-05,37,14:00:00,Tuesday,BW on route,General Delay,20,1,B/W,
2019-11-05,123,14:02:00,Tuesday,Long Branch,Utilized Off Route,21,42,N/B,8051
2019-11-05,44,14:09:00,Tuesday,Colonel Sam Smith Loop,Utilized Off Route,6,12,N/B,8038
2019-11-05,66,14:10:00,Tuesday,Marine Parade,Utilized Off Route,12,24,S/B,8045
2019-11-05,35,14:15:00,Tuesday,Jane Station,Utilized Off Route,7,14,N/B,3207
2019-11-05,7,14:25:00,Tuesday,St. Calir,Mechanical,8,16,S/B,8327
2019-11-05,29,14:28:00,Tuesday,Lawrence Ave,Investigation,8,16,N/B,9029
2019-11-05,35,14:30:00,Tuesday,Fallstaff to Church at Jane,General Delay,20,30,B/W,
2019-11-05,57,14:30:00,Tuesday,Eglinton Yard,Mechanical,0,0,OB,8690
2019-11-05,935,14:30:00,Tuesday,Fallstaff to Church on Jane,General Delay,20,30,B/W,
2019-11-05,54,14:34:00,Tuesday,Eglinton Yard,Mechanical,0,0,OB,8660
2019-11-05,77,14:35:00,Tuesday,South Port and Windermere,Emergency Services,14,28,N/B,1287
2019-11-05,131,14:37:00,Tuesday,Morningside Ave. McLevine,Mechanical,15,30,S/B,3480
2019-11-05,52,14:37:00,Tuesday,Lawrence Ave West at Jane St,Investigation,4,16,E/B,1309
2019-11-05,25,14:47:00,Tuesday,Eglinton Yard,Mechanical,0,0,OB,8900
2019-11-05,131,14:47:00,Tuesday,Morningside/McLevine,Late Leaving Garage - Mechanical,15,30,S/B,3480
2019-11-05,54,14:48:00,Tuesday,EglintonYArd,Mechanical,0,0,OB,8645
2019-11-05,34,14:49:00,Tuesday,Kennedy Station,Late Leaving Garage - Mechanical,6,12,W/B,8902
2019-11-05,116,14:52:00,Tuesday,Eglinton Yard,Mechanical,0,0,OB,8898
2019-11-05,29,15:00:00,Tuesday,From Lawrence to Yorkdale,General Delay,15,20,B/W,
2019-11-05,60,15:00:00,Tuesday,Finch stn,Utilized Off Route,1,1,W/B,3367
2019-11-05,125,15:00:00,Tuesday,Entire Route,General Delay,15,30,B/W,
2019-11-05,85,15:00:00,Tuesday,Parkway Forest Dr and Sheppard Ave,Diversion,65,75,E/B,
2019-11-05,985,15:00:00,Tuesday,Don Mills Stn,Diversion,65,75,E/B,
2019-11-05,167,15:00:00,Tuesday,Don Mills Stn,Diversion,65,95,E/B,
2019-11-05,70,15:00:00,Tuesday,Victoria park and Eglintion,General Delay,8,16,,
2019-11-05,92,15:00:00,Tuesday,Eglintion and Swift,General Delay,8,16,,
2019-11-05,954,15:03:00,Tuesday,0,Mechanical,0,0,OB,8917
2019-11-05,34,15:08:00,Tuesday,Eglinton Yard,Mechanical,0,0,OB,8646
2019-11-05,95,15:11:00,Tuesday,Kingston Road Loop,Late Leaving Garage - Mechanical,10,20,W/B,1593
2019-11-05,954,15:16:00,Tuesday,Eglinton Yard,Mechanical,0,0,OB,8922
2019-11-05,939,15:20:00,Tuesday,7506 McCawan Road,Investigation,8,12,N/B,1324
2019-11-05,116,15:23:00,Tuesday,Eglinton Yard,Mechanical,0,0,OB,8899
2019-11-05,996,15:25:00,Tuesday,HumberWood College,Mechanical,12,24,E/B,3179
2019-11-05,986,15:25:00,Tuesday,EglintonYArd,Mechanical,0,0,OB,8799
2019-11-05,954,15:27:00,Tuesday,eglinton Yard,Mechanical,0,0,OB,8938
2019-11-05,133,15:28:00,Tuesday,Morningside / Night star,Late Leaving Garage - Mechanical,30,60,W/B,1209
2019-11-05,42,15:30:00,Tuesday,Finch stn,Mechanical,15,30,E/B,1344
2019-11-05,996,15:30:00,Tuesday,York Mills Station,Late Leaving Garage - Mechanical,11,22,W/B,3552
2019-11-05,144,15:41:00,Tuesday,Eglinton Yard,Mechanical,0,0,OB,8790
2019-11-05,7,15:45:00,Tuesday,Roselawn,Mechanical,8,16,N/B,8389
2019-11-05,32,15:50:00,Tuesday,Eglinton West Station,Mechanical,9,181,W/B,1114
2019-11-05,986,15:52:00,Tuesday,Eglinton Yard,Mechanical,0,0,OB,8792
2019-11-05,60,16:00:00,Tuesday,Finch stn,Utilized Off Route,1,1,W/B,3255
2019-11-05,53,16:00:00,Tuesday,53 Steeles service,General Delay,5,12,B/W,0
2019-11-05,953,16:00:00,Tuesday,953 Steeles Express,General Delay,6,12,B/W,0
2019-11-05,23,16:00:00,Tuesday,23 Dawes route,General Delay,7,14,B/W,
2019-11-05,937,16:19:00,Tuesday,Islington Station,Mechanical,12,24,N/B,8013
2019-11-05,900,16:20:00,Tuesday,Pearson Airport( Terminal 1),Investigation,9,17,E/B,8005
2019-11-05,84,16:25:00,Tuesday,Sheppard Station,Mechanical,15,30,W/B,3190
2019-11-05,984,16:30:00,Tuesday,Entire Route,General Delay,20,30,B/W,
2019-11-05,84,16:30:00,Tuesday,Entire Route,General Delay,20,35,B/W,
2019-11-05,952,16:30:00,Tuesday,Entire Route,General Delay,25,37,B/W,
2019-11-05,52,16:30:00,Tuesday,Entire Route,General Delay,20,35,B/W,
2019-11-05,937,16:31:00,Tuesday,Islington Station,Mechanical,12,24,N/B,7976
2019-11-05,52,16:32:00,Tuesday,Lawrence Station,Utilized Off Route,13,25,W/B,1228
2019-11-05,63,16:35:00,Tuesday,atlantic and king,Mechanical,8,17,S/B,8194
2019-11-05,36,16:35:00,Tuesday,Finch west station,Mechanical,12,24,W/B,9110
2019-11-05,953,16:41:00,Tuesday,Passmore and Markham,Investigation,6,12,W/B,9063
2019-11-05,945,16:44:00,Tuesday,Kipling & Steeles loop,Vision,7,15,S/B,8094
2019-11-05,68,16:50:00,Tuesday,Warden/Finch,Mechanical,7,14,S/B,8709
2019-11-05,64,16:50:00,Tuesday,64 Main route,General Delay,8,16,B/W,
2019-11-05,47,16:53:00,Tuesday,Caledonia at Playfair,Mechanical,30,60,N/B,1111
2019-11-05,98,17:00:00,Tuesday,Sheppard Ave between Senlac and Yonge St,General Delay,120,140,E/B,
2019-11-05,95,17:05:00,Tuesday,Brimley and Ellesmere,Mechanical,10,20,W/B,3419
2019-11-05,10,17:08:00,Tuesday,Don Mills Rd,Investigation,15,27,S/B,8104
2019-11-05,85,17:20:00,Tuesday,Meadowvale Loop,Mechanical,13,26,W/B,3500
2019-11-05,67,17:23:00,Tuesday,Pharmacy & Ellesmere,Investigation,10,20,S/B,8803
2019-11-05,69,17:34:00,Tuesday,WSTN,Mechanical,9,19,S/B,8957
2019-11-05,939,17:36:00,Tuesday,Scarborough Town Centre,Mechanical,6,12,W/B,1701
2019-11-05,123,18:00:00,Tuesday,Kipling Stn,Mechanical,16,32,S/B,8020
2019-11-05,17,18:08:00,Tuesday,Birchmount/Ellesmere,Mechanical,9,18,S/B,3124
2019-11-05,87,18:27:00,Tuesday,Broadview Station,Vision,11,22,e,8491
2019-11-05,116,18:33:00,Tuesday,Kennedy STN,Mechanical,7,13,E/B,8658
2019-11-05,56,18:40:00,Tuesday,Eglinton Station,Mechanical,20,40,N/B,1229
2019-11-05,100,18:44:00,Tuesday,Overlea and Thorncliffe Park Dr,Investigation,7,14,E/B,8712
2019-11-05,134,18:50:00,Tuesday,Progress and Markham,Diversion,7,14,W/B,9008
2019-11-05,23,19:00:00,Tuesday,23 Dawes route,General Delay,10,20,B/W,
2019-11-05,34,19:00:00,Tuesday,Eglinton and Rosemount,Diversion,1,1,W/B,
2019-11-05,47,19:06:00,Tuesday,Queen at Macdonell ave,Mechanical,21,42,N/B,1417
2019-11-05,985,19:20:00,Tuesday,Scarborough Town Centre,Mechanical,12,24,W/B,9083
2019-11-05,937,19:33:00,Tuesday,Islington and Steeles,Mechanical,12,24,N/B,8044
2019-11-05,42,20:00:00,Tuesday,Finch stn,Mechanical,15,30,E/B,8108
2019-11-05,900,20:15:00,Tuesday,Kipling Station,Mechanical,10,20,W/B,8436
2019-11-05,939,20:28:00,Tuesday,Victoria Park and Finch,Mechanical,13,26,W/B,1547
2019-11-05,23,20:55:00,Tuesday,Danforth Ave & Dawes Rd,Investigation,10,20,E/B,8495
2019-11-05,95,21:42:00,Tuesday,Morningside Ave and Ellesmere Rd,Diversion,79,89,W/B,1639
2019-11-05,38,21:42:00,Tuesday,Morningside Ave and Ellesmere Rd,Diversion,79,91,W/B,3456
2019-11-05,45,21:51:00,Tuesday,SLPK - Kipling & Steeles loop,Utilized Off Route,10,20,S/B,8090
2019-11-05,116,21:53:00,Tuesday,Morningside and Ellesmere,Diversion,185,195,S/B,
2019-11-05,96,22:02:00,Tuesday,humber college blvd and lynmont,Investigation,12,24,E/B,3173
2019-11-05,39,22:10:00,Tuesday,Neilson,Mechanical,18,36,E/B,1509
2019-11-05,96,22:35:00,Tuesday,wilson station,Mechanical,12,24,W/B,3241
2019-11-05,63,23:09:00,Tuesday,shaw and king,Diversion,411,419,S/B,
2019-11-05,85,23:14:00,Tuesday,Meadowvale Loop,Investigation,10,22,W/B,3534
2019-11-06,320,01:30:00,Wednesday,Yonge & Dundas,General Delay,300,304,BW,8310
2019-11-06,320,01:30:00,Wednesday,Yonge & Dundas,Diversion,300,304,BW,
2019-11-06,320,02:12:00,Wednesday,Yonge & Queens Quay,Emergency Services,4,7,SN,8113
2019-11-06,320,04:13:00,Wednesday,Bay & Queens Quay,Emergency Services,4,7,S/B,8101
2019-11-06,600,04:30:00,Wednesday,Eglinton yard,Mechanical,1,1,E/B,8890
2019-11-06,116,04:35:00,Wednesday,egli yard,Mechanical,1,1,E/B,8834
2019-11-06,70,04:43:00,Wednesday,egli yard,Mechanical,1,1,E/B,8713
2019-11-06,25,04:45:00,Wednesday,egli yard,Mechanical,1,1,E/B,8704
2019-11-06,102,04:45:00,Wednesday,warden stn,Late Leaving Garage - Mechanical,4,1,N/B,8406
2019-11-06,34,04:48:00,Wednesday,egli. Yard,Mechanical,1,1,E/B,8701
2019-11-06,17,04:56:00,Wednesday,warden stn,Mechanical,7,14,N/B,3132
2019-11-06,704,04:57:00,Wednesday,Arrow Garage,Utilized Off Route,1,1,NB,3245
2019-11-06,604,04:57:00,Wednesday,Arrow Garage,Utilized Off Route,1,1,NB,3288
2019-11-06,601,04:57:00,Wednesday,LAWRENCE WEST STATION,Utilized Off Route,1,1,W/B,8359
2019-11-06,704,04:57:00,Wednesday,Arrow Garage,Utilized Off Route,1,1,NB,3178
2019-11-06,116,04:58:00,Wednesday,eglinton yard,Mechanical,1,1,E/B,8825
2019-11-06,70,05:03:00,Wednesday,egli. Yard,Mechanical,1,1,E/B,8928
2019-11-06,320,05:03:00,Wednesday,Steeles and Yonge,Vision,7,15,S/B,8345
2019-11-06,986,05:10:00,Wednesday,eglinton yard,Mechanical,1,1,E/B,8938
2019-11-06,116,05:10:00,Wednesday,eglinton yard,Mechanical,1,1,E/B,8893
2019-11-06,43,05:13:00,Wednesday,eglinton yard,Mechanical,1,1,E/B,8624
2019-11-06,600,05:16:00,Wednesday,warden stn,Utilized Off Route,1,1,N/B,8890
2019-11-06,600,05:17:00,Wednesday,Queensway Garage,Utilized Off Route,1,1,N/B,7979
2019-11-06,100,05:18:00,Wednesday,eglinton yard,Mechanical,1,1,E/B,8795
2019-11-06,116,05:21:00,Wednesday,eglinton yard,Mechanical,1,1,E/B,8754
2019-11-06,67,05:22:00,Wednesday,eglinton yard,Mechanical,1,1,E/B,8812
2019-11-06,63,05:25:00,Wednesday,Ossington Stn,Investigation,13,26,N/B,8365
2019-11-06,35,05:25:00,Wednesday,Jane Station,Mechanical,18,36,N/B,3316
2019-11-06,925,05:31:00,Wednesday,eglinton yard,Mechanical,1,1,E/B,8922
2019-11-06,25,05:35:00,Wednesday,eglinton yard,Mechanical,1,1,E/B,8863
2019-11-06,34,05:35:00,Wednesday,eglinton yard,Mechanical,1,1,E/B,8670
2019-11-06,925,05:38:00,Wednesday,eglinton yard,Mechanical,1,1,E/B,8666
2019-11-06,34,05:39:00,Wednesday,eglintonyard,Mechanical,1,1,E/B,8629
2019-11-06,54,05:39:00,Wednesday,eglinton yard,Mechanical,1,1,E/B,8690
2019-11-06,26,05:45:00,Wednesday,Old Mill Station,Late Leaving Garage - Mechanical,20,40,E/B,1052
2019-11-06,116,05:46:00,Wednesday,eglinton yard,Mechanical,1,1,E/B,8780
2019-11-06,25,05:47:00,Wednesday,eglinton yard,Mechanical,1,1,E/B,8866
2019-11-06,54,05:48:00,Wednesday,eglinton yard,Mechanical,1,1,E/B,8644
2019-11-06,54,05:49:00,Wednesday,eglinton yard,Mechanical,1,1,E/B,8934
2019-11-06,67,05:50:00,Wednesday,eglinton yard,Mechanical,1,1,E/B,8645
2019-11-06,68,05:51:00,Wednesday,eglinton yard,Mechanical,1,1,E/B,8900
2019-11-06,66,05:52:00,Wednesday,Old Mill Station,Late Leaving Garage - Mechanical,10,19,S/B,8028
2019-11-06,34,05:53:00,Wednesday,eglinton yard,Mechanical,1,1,E/B,8699
2019-11-06,86,05:53:00,Wednesday,eglinton yard,Mechanical,1,1,E/B,8693
2019-11-06,100,05:56:00,Wednesday,eglinton yard,Mechanical,1,1,E/B,8775
2019-11-06,954,05:57:00,Wednesday,eglinton yard,Mechanical,1,1,E/B,8676
2019-11-06,25,05:58:00,Wednesday,eglinton yard,Mechanical,1,1,E/B,8844
2019-11-06,100,06:00:00,Wednesday,eglinton yard,Mechanical,1,1,E/B,8622
2019-11-06,68,06:01:00,Wednesday,eglintob yard,Mechanical,1,1,E/B,8686
2019-11-06,32,06:01:00,Wednesday,Eglinton Station,Investigation,12,19,W/B,1633
2019-11-06,68,06:01:00,Wednesday,eglinton yard,Mechanical,1,1,E/B,8686
2019-11-06,57,06:07:00,Wednesday,eglinton yard,Mechanical,1,1,E/B,8660
2019-11-06,954,06:12:00,Wednesday,eglinton yard,Mechanical,1,1,E/B,8783
2019-11-06,34,06:15:00,Wednesday,eglinton yard,Mechanical,1,1,E/B,8897
2019-11-06,953,06:15:00,Wednesday,Finch Station,Mechanical,14,28,E/B,9001
2019-11-06,52,06:15:00,Wednesday,Lawrence Ave West at Jane St,Mechanical,23,55,E/B,8159
2019-11-06,81,06:18:00,Wednesday,42 Thorncliff Park Dr,Mechanical,6,12,N/B,9232
2019-11-06,925,06:19:00,Wednesday,eglinton yard,Mechanical,1,1,E/B,8745
2019-11-06,68,06:34:00,Wednesday,Warden Station,Late Leaving Garage - Operator,6,16,N/B,8907
2019-11-06,32,06:45:00,Wednesday,Eglinton Station,Investigation,7,14,E/B,1259
2019-11-06,952,06:47:00,Wednesday,Lawrence Station,Late Leaving Garage - Vision,11,22,W/B,8337
2019-11-06,25,07:00:00,Wednesday,Entire route,General Delay,15,21,N/B,
2019-11-06,42,07:00:00,Wednesday,on McNicoll from Maybrook to Dynamic,Diversion,999,999,WB,8185
2019-11-06,144,07:00:00,Wednesday,144 Downtown/ Don Valley Express,General Delay,15,30,B/W,8747
2019-11-06,54,07:00:00,Wednesday,Leslie to Eglinton station,General Delay,15,23,W/B,
2019-11-06,70,07:00:00,Wednesday,Entire route,General Delay,10,23,N/B,
2019-11-06,17,07:00:00,Wednesday,warden stn,Late Leaving Garage - Vision,4,1,N/B,9200
2019-11-06,143,07:00:00,Wednesday,143 Downtown/ Beach Express,General Delay,15,30,B/W,8594
2019-11-06,925,07:00:00,Wednesday,Entire route,General Delay,15,25,N/B,
2019-11-06,944,07:01:00,Wednesday,Kipling and Lakeshore,Mechanical,10,20,S/B,8068
2019-11-06,26,07:07:00,Wednesday,Old Mill Station,Late Leaving Garage - Mechanical,14,28,E/B,1079
2019-11-06,34,07:15:00,Wednesday,BERMONDSEY/EGLINTON TO LESLIE/EGLINTON,General Delay,23,29,W/B,
2019-11-06,134,07:15:00,Wednesday,Scarborough Town Center,Late Leaving Garage - Operator,4,9,E/B,9095
2019-11-06,32,07:19:00,Wednesday,Dufferin,Mechanical,1,1,W/B,1128
2019-11-06,37,07:19:00,Wednesday,Steeles and Islington,Mechanical,14,28,S/B,8066
2019-11-06,132,07:30:00,Wednesday,Scarborough Town Center to Hupfield/Steeles,General Delay,8,21,B/W,
2019-11-06,939,07:30:00,Wednesday,Route 939,General Delay,24,29,B/W,
2019-11-06,39,07:30:00,Wednesday,Route 39,General Delay,20,25,B/W,
2019-11-06,53,07:32:00,Wednesday,Steeles Route,Diversion,1,1,B/W,1404
2019-11-06,32,07:39:00,Wednesday,Eglinton Station,Mechanical,5,14,W/B,1413
2019-11-06,34,07:44:00,Wednesday,REDPATH/EGLINTON,Investigation,6,12,W/B,8764
2019-11-06,60,07:55:00,Wednesday,on Yonge St from Finch Station to Yonge St,Diversion,605,615,NB,9113
2019-11-06,73,08:00:00,Wednesday,Clairport & Albion - Royal York Station,General Delay,12,24,B/W,
2019-11-06,65,08:00:00,Wednesday,Entire route,General Delay,10,213,N/B,
2019-11-06,985,08:06:00,Wednesday,Sheppard and Victoria Park,Mechanical,12,24,E/B,9009
2019-11-06,44,08:10:00,Wednesday,Colonel Sam Smith Loop,Mechanical,5,10,N/B,8068
2019-11-06,129,08:12:00,Wednesday,Scarborough Town Center,Mechanical,5,15,N/B,3435
2019-11-06,61,08:17:00,Wednesday,GLENCAIRN/AVENUE ROAD.,Vision,12,24,S/B,1210
2019-11-06,953,08:20:00,Wednesday,Steeles and McCowan,Investigation,7,14,E/B,9006
2019-11-06,122,08:26:00,Wednesday,Leslie and York Mills,Investigation,9,18,E/B,1382
2019-11-06,68,08:30:00,Wednesday,Ellesmere and Warden,Utilized Off Route,5,9,N/B,8714
2019-11-06,130,08:30:00,Wednesday,Scarborough Town Center to Middlefield loop,General Delay,15,27,S/B,
2019-11-06,129,08:30:00,Wednesday,Scarborough Town Center to Major MacKenzie,General Delay,19,34,S/B,
2019-11-06,131,08:30:00,Wednesday,Scarborough Town Center to Morningview/Old Finch,General Delay,7,15,B/W,
2019-11-06,63,09:08:00,Wednesday,King/Douro,Investigation,10,20,N/B,8213
2019-11-06,952,09:21:00,Wednesday,Jetliner Dr at Silver Dart Rd,Mechanical,11,22,E/B,8335
2019-11-06,996,09:51:00,Wednesday,Clayson and Wilson,Mechanical,12,24,W/B,3482
2019-11-06,96,09:55:00,Wednesday,Jane/Wilson,Investigation,24,48,W/B,3276
2019-11-06,51,10:04:00,Wednesday,Bruce Park and Eglinton,Investigation,15,30,W/B,8339
2019-11-06,32,10:16:00,Wednesday,Dufferin and Eglinton,Mechanical,13,26,W/B,1272
2019-11-06,35,10:16:00,Wednesday,Jane and Finch,Mechanical,7,14,N/B,3262
2019-11-06,59,10:41:00,Wednesday,Oak and Weston,Vision,45,85,E/B,3296
2019-11-06,36,10:42:00,Wednesday,Milvan Drive on Finch West,Mechanical,5,10,W/B,9118
2019-11-06,109,10:50:00,Wednesday,Eglinton West Station,Mechanical,40,80,N/B,1246
2019-11-06,63,11:26:00,Wednesday,Atlantic/King,Investigation,10,20,N/B,8309
2019-11-06,89,11:40:00,Wednesday,Weston Rd & Humber Blvd,Emergency Services,11,22,N/B,1101
2019-11-06,63,11:44:00,Wednesday,Atlantic/King,Utilized Off Route,5,10,N/B,1243
2019-11-06,719,11:45:00,Wednesday,Carlton 506,Utilized Off Route,1,1,B/W,1127
2019-11-06,63,11:50:00,Wednesday,Eglinton West Stn,Utilized Off Route,5,10,S/B,8175
2019-11-06,52,11:59:00,Wednesday,Pearson Airport Terminal 3,Mechanical,14,26,E/B,8207
2019-11-06,160,12:00:00,Wednesday,New Westminster and Centre St,Diversion,25,50,N/B,
2019-11-06,86,12:08:00,Wednesday,Morningside and Lawrence,Investigation,12,24,E/B,8743
2019-11-06,7,12:25:00,Wednesday,St. Calir,Investigation,8,16,N/B,8200
2019-11-06,84,12:25:00,Wednesday,Sheppard Ave West at Senlac Rd,Investigation,8,16,W/B,3495
2019-11-06,11,12:25:00,Wednesday,Eglinton and Bayview,Investigation,13,26,S/B,8210
2019-11-06,35,12:58:00,Wednesday,Jane Station,Utilized Off Route,7,14,N/B,3230
2019-11-06,600,13:00:00,Wednesday,Queensway Garage,Late Leaving Garage - Mechanical,1,1,N/B,8433
2019-11-06,60,13:00:00,Wednesday,Entire Route,General Delay,15,30,B/W,
2019-11-06,42,13:45:00,Wednesday,McNicoll / Midland,Mechanical,15,30,W/B,8131
2019-11-06,7,13:56:00,Wednesday,Steeles,Mechanical,8,16,S/B,8358
2019-11-06,20,13:58:00,Wednesday,Danforth Ave/August Ave,Mechanical,15,30,W/B,3117
2019-11-06,37,14:00:00,Wednesday,Bothways On Route.,General Delay,20,1,B/W,
2019-11-06,925,14:00:00,Wednesday,Don mills and  Eglintion,General Delay,10,20,,
2019-11-06,73,14:00:00,Wednesday,Bothways on Route.,General Delay,20,32,B/W,
2019-11-06,134,14:01:00,Wednesday,STC,Mechanical,7,14,E/B,3517
2019-11-06,88,14:15:00,Wednesday,St.Clair Station,Late Leaving Garage - Mechanical,15,30,E/B,8374
2019-11-06,996,14:15:00,Wednesday,Wilson Station,Mechanical,12,24,E/B,996
2019-11-06,12,14:25:00,Wednesday,Victoria Park Station,Mechanical,25,44,E/B,8949
2019-11-06,6,14:30:00,Wednesday,Davenport and Bedford,Investigation,12,24,1416,
2019-11-06,35,14:30:00,Wednesday,Fallstaff to Church on Jane,General Delay,20,30,B/W,
2019-11-06,935,14:30:00,Wednesday,Fallstaff to church on Jane,General Delay,20,30,B/W,
2019-11-06,34,14:33:00,Wednesday,Eglinton Yard,Mechanical,0,0,OB,8770
2019-11-06,144,14:34:00,Wednesday,Eglinton Yard,Mechanical,0,0,OB,8645
2019-11-06,941,14:36:00,Wednesday,Finch West Stn,Mechanical,15,30,N/B,1013
2019-11-06,25,14:39:00,Wednesday,EglintonYArd,Mechanical,0,0,OB,8773
2019-11-06,112,14:54:00,Wednesday,Rangoon / Hagersville,Investigation,12,24,Bus out of service for XXX minutes and placed for service at XXXXXXXXX,8083
2019-11-06,902,14:55:00,Wednesday,Markham Road and Painted Post,Mechanical,15,30,N/B,8960
2019-11-06,70,15:00:00,Wednesday,Victoria park and Eglintion,General Delay,13,26,,
2019-11-06,125,15:00:00,Wednesday,Entire Route,General Delay,15,30,B/W,
2019-11-06,36,15:05:00,Wednesday,Finch and Weston Rd,Investigation,6,11,E/B,3263
2019-11-06,98,15:10:00,Wednesday,Steeles and Yonge,Vision,17,34,S/B,8368
2019-11-06,144,15:15:00,Wednesday,EglintonYArd,Mechanical,0,0,OB,8644
2019-11-06,86,15:17:00,Wednesday,EglintonYard,Mechanical,0,0,OB,8786
2019-11-06,42,15:23:00,Wednesday,Finch stn,Late Leaving Garage - Mechanical,15,30,E/B,1275
2019-11-06,984,15:24:00,Wednesday,Lawrence Station,Late Leaving Garage - Mechanical,12,24,E/B,1388
2019-11-06,600,15:24:00,Wednesday,Eglinton yard,Mechanical,0,0,OB,8858
2019-11-06,925,15:26:00,Wednesday,EglintonYArd,Mechanical,0,0,OB,8656
2019-11-06,34,15:28:00,Wednesday,EglintonYard,Mechanical,0,0,OB,8794
2019-11-06,113,15:29:00,Wednesday,Main Street station,Mechanical,11,22,E/B,8572
2019-11-06,25,15:29:00,Wednesday,Eglinton Yard,Mechanical,0,0,OB,8668
2019-11-06,60,15:30:00,Wednesday,Pioneer Village stn,Utilized Off Route,1,1,W/B,3229
2019-11-06,60,15:30:00,Wednesday,Pioneer Village stn,Utilized Off Route,1,1,W/B,3229
2019-11-06,100,15:31:00,Wednesday,EglintonYard,Mechanical,1,1,OB,8627
2019-11-06,939,15:36:00,Wednesday,Scarborough Town Center,Mechanical,12,24,W/B,1611
2019-11-06,85,15:40:00,Wednesday,Meadowvale Loop,Investigation,13,26,W/B,3531
2019-11-06,111,15:45:00,Wednesday,Willowridge/ Richview,Mechanical,10,20,S/B,8462
2019-11-06,35,15:50:00,Wednesday,Jane at Humberview Rd,Investigation,10,20,S/B,3586
2019-11-06,81,16:00:00,Wednesday,pape and oconnor,General Delay,8,16,,
2019-11-06,69,16:01:00,Wednesday,Warden and Kingston Road,Investigation,9,18,N/B,9204
2019-11-06,995,16:05:00,Wednesday,York Mills Station,Late Leaving Garage - Mechanical,11,22,E/B,3488
2019-11-06,12,16:14:00,Wednesday,Victoria Park & Kingston Rd,Emergency Services,7,27,E/B,9213
2019-11-06,60,16:20:00,Wednesday,Finch stn,Utilized Off Route,1,1,W/B,3302
2019-11-06,84,16:30:00,Wednesday,Entire Route,General Delay,25,40,B/W,
2019-11-06,52,16:30:00,Wednesday,Entire Route,General Delay,25,40,B/W,
2019-11-06,952,16:30:00,Wednesday,Entire Route,General Delay,20,32,B/W,
2019-11-06,984,16:30:00,Wednesday,Entire Route,General Delay,20,30,B/W,
2019-11-06,77,16:30:00,Wednesday,Windemere Place,Mechanical,9,18,N/B,1305
2019-11-06,24,16:35:00,Wednesday,Victoria Park & Eglinton,Mechanical,9,19,S/B,3139
2019-11-06,122,16:40:00,Wednesday,York Mills Station,Utilized Off Route,12,24,E/B,1213
2019-11-06,165,16:45:00,Wednesday,york mills station,Utilized Off Route,8,17,E/B,3626
2019-11-06,84,16:45:00,Wednesday,Sheppard Station,Investigation,30,60,W/B,3183
2019-11-06,32,16:45:00,Wednesday,Eglinton Station,Utilized Off Route,10,20,W/B,1116
2019-11-06,42,16:48:00,Wednesday,Finch stn,Utilized Off Route,15,30,E/B,1250
2019-11-06,34,16:50:00,Wednesday,Eglinton and Laird,Utilized Off Route,13,26,E/B,8888
2019-11-06,36,16:50:00,Wednesday,Finch station,Utilized Off Route,6,12,W/B,3468
2019-11-06,952,16:50:00,Wednesday,Lawrence Station,Utilized Off Route,12,24,W/B,8376
2019-11-06,60,16:50:00,Wednesday,Steeles / Signet,Utilized Off Route,1,1,E/B,3700
2019-11-06,989,16:50:00,Wednesday,Weston/Steeles,Utilized Off Route,13,27,N/B,1010
2019-11-06,60,16:53:00,Wednesday,Finch stn,Utilized Off Route,9,18,E/B,3215
2019-11-06,984,16:55:00,Wednesday,Sheppard Station,Utilized Off Route,9,18,W/B,3578
2019-11-06,96,16:57:00,Wednesday,york mills station,Utilized Off Route,12,24,E/B,3322
2019-11-06,953,16:58:00,Wednesday,Finch station,Utilized Off Route,15,30,E/B,9096
2019-11-06,984,17:00:00,Wednesday,Sheppard Station,Utilized Off Route,9,18,W/B,3521
2019-11-06,32,17:00:00,Wednesday,Eglinton Station,Utilized Off Route,10,20,W/B,1042
2019-11-06,52,17:07:00,Wednesday,Lawrence Station,Utilized Off Route,7,20,W/B,8343
2019-11-06,53,17:18:00,Wednesday,Passmore and Markham,Late Leaving Garage - Vision,5,10,W/B,9069
2019-11-06,37,17:19:00,Wednesday,Islington and Bergamot,Investigation,12,24,B/W,8616
2019-11-06,34,17:28:00,Wednesday,Eglinton and Warden,Mechanical,7,14,W/B,8924
2019-11-06,84,17:28:00,Wednesday,Sheppard at Senlac,Mechanical,30,60,W/B,3617
2019-11-06,40,17:30:00,Wednesday,Dundas/Jane,Diversion,20,40,E/B,8045
2019-11-06,98,17:30:00,Wednesday,Sheppard Ave from Willowdale to Senlac,General Delay,120,150,B/W,
2019-11-06,56,17:35:00,Wednesday,Brentcliffe and eglinton,Mechanical,20,40,S/B,1277
2019-11-06,51,18:00:00,Wednesday,eglinton and bayview,General Delay,26,52,W/B,8370
2019-11-06,54,18:01:00,Wednesday,Birchmont and lawrence,General Delay,10,20,E/B,8706
2019-11-06,56,18:02:00,Wednesday,donlands and o'connor,General Delay,18,36,E/B,1351
2019-11-06,168,18:18:00,Wednesday,Dundas West Station,Investigation,7,15,E/B,1605
2019-11-06,110,18:30:00,Wednesday,Islington Station,Mechanical,12,24,S/B,8411
2019-11-06,52,18:32:00,Wednesday,Lawrence West Station,Mechanical,7,20,W/B,1201
2019-11-06,121,18:56:00,Wednesday,Front and John,Diversion,82,48,B/W,9219
2019-11-06,52,19:07:00,Wednesday,Lawrence West Station,Mechanical,21,40,E/B,8197
2019-11-06,16,19:38:00,Wednesday,McCowan and Danforth,Diversion,165,177,S/B,9224
2019-11-06,73,19:50:00,Wednesday,Albion Road & Carrier Dr,Investigation,17,34,N/B,7958
2019-11-06,54,20:19:00,Wednesday,lawrence at markham,Investigation,14,28,WB,8662
2019-11-06,71,20:19:00,Wednesday,Mount Dennis garage,Mechanical,14,28,S/B,1124
2019-11-06,929,20:24:00,Wednesday,wilson station,Mechanical,10,20,N/B,9031
2019-11-06,121,21:15:00,Wednesday,Along Front Street,General Delay,10,30,BW,
2019-11-06,112,22:10:00,Wednesday,Renforth Stn,Investigation,15,30,S/B,8438
2019-11-06,6,22:28:00,Wednesday,Bay & Front,General Delay,10,40,BW,
2019-11-06,9,22:30:00,Wednesday,Warden STN,Mechanical,30,43,E/B,9230
2019-11-06,52,22:55:00,Wednesday,Lawrence at Dufferin,Diversion,231,249,B/W,
2019-11-06,59,23:00:00,Wednesday,Apex and Lawrence,Diversion,154,184,E/B,3169
2019-11-06,45,23:06:00,Wednesday,KPSN - Kipling Stn,Mechanical,10,20,N/B,8017
2019-11-06,900,23:35:00,Wednesday,KPSN - Kipling Stn,Mechanical,10,20,N/B,8070
2019-11-06,116,23:42:00,Wednesday,Morningside at Nightstar,Emergency Services,10,20,S/B,8918
2019-11-06,81,23:59:00,Wednesday,Pape Station,Investigation,24,40,N/B,8959
2019-11-07,25,00:02:00,Thursday,Pape station,Investigation,9,20,N/B,8668
2019-11-07,72,00:10:00,Thursday,Pape Station,Utilized Off Route,18,36,S/B,8513
2019-11-07,35,00:57:00,Thursday,Pioneer Village Station,Utilized Off Route,1,1,S/B,3477
2019-11-07,59,01:10:00,Thursday,Church and Jane,Utilized Off Route,1,1,N/B,3168
2019-11-07,85,01:24:00,Thursday,Bessarian and Sheppard,Mechanical,20,40,W/B,1385
2019-11-07,320,01:30:00,Thursday,Yonge & Dundas,Diversion,300,304,BW,8190
2019-11-07,85,01:47:00,Thursday,Don Mills Station,Utilized Off Route,22,44,E/B,1721
2019-11-07,320,02:02:00,Thursday,Queens Quay & Bay,Mechanical,3,6,E/B,1118
2019-11-07,54,02:12:00,Thursday,Scarborough Golf Club Rd and Lawrence Ave,Emergency Services,1,1,S/B,8917
2019-11-07,352,02:15:00,Thursday,Lawrence & Dufferin,Diversion,40,70,BW,8367
2019-11-07,384,03:19:00,Thursday,Yonge & Sheppard,Investigation,30,40,W/B,3210
2019-11-07,300,03:23:00,Thursday,Bloor Street and The West Mall,Mechanical,20,40,WE,3153
2019-11-07,396,03:29:00,Thursday,York Mills & Yonge,Emergency Services,30,60,W/B,3225
2019-11-07,320,03:56:00,Thursday,Yonge & Queen,Investigation,1,1,S/B,8322
2019-11-07,329,04:26:00,Thursday,Wilson & Transit Road,Mechanical,30,60,W/B,9016
2019-11-07,41,04:57:00,Thursday,Pineer village station,Late Leaving Garage - Mechanical,12,24,S/B,9046
2019-11-07,116,04:58:00,Thursday,eglinton yard,Mechanical,1,1,E/B,8844
2019-11-07,24,05:00:00,Thursday,EGLINTON YARD,Mechanical,1,1,E/B,8783
2019-11-07,51,05:08:00,Thursday,Wilson Garage,Late Leaving Garage - Mechanical,1,1,N/B,8351
2019-11-07,42,05:13:00,Thursday,On McNicoll Ave from Maybrook to Dynamic,Diversion,999,999,WB,8303
2019-11-07,116,05:17:00,Thursday,EGLIN. YARD,Mechanical,1,1,E/B,8645
2019-11-07,116,05:21:00,Thursday,eglinton yard,Mechanical,1,1,E/B,8660
2019-11-07,43,05:23:00,Thursday,eglinton yard,Mechanical,1,1,E/B,8823
2019-11-07,25,05:24:00,Thursday,Pape Station,Late Leaving Garage - Management,1,1,S/B,8860
2019-11-07,52,05:26:00,Thursday,Wilson Garage,Late Leaving Garage - Management,1,1,E/B,1219
2019-11-07,67,05:29:00,Thursday,eglinton yard,Mechanical,1,1,E/B,8880
2019-11-07,59,05:35:00,Thursday,Lawrence West Station,Late Leaving Garage - Mechanical,12,24,W/B,3349
2019-11-07,129,05:37:00,Thursday,McCowan and Steeles,Late Leaving Garage - Mechanical,13,19,S/B,1324
2019-11-07,54,05:38:00,Thursday,eglinton yard,Mechanical,1,1,E/B,8706
2019-11-07,25,05:42:00,Thursday,eglinton yard,Late Leaving Garage - Management,1,1,E/B,8860
2019-11-07,34,05:42:00,Thursday,eglinton yard,Mechanical,1,1,E/B,8686
2019-11-07,54,05:52:00,Thursday,eglinton yard,Mechanical,1,1,E/B,8791
2019-11-07,86,05:53:00,Thursday,eglinton yard,Mechanical,1,1,E/B,8818
2019-11-07,67,05:56:00,Thursday,eglin yard,Mechanical,1,1,E/B,8656
2019-11-07,86,05:57:00,Thursday,egli. Yard,Mechanical,1,1,E/B,8701
2019-11-07,954,05:57:00,Thursday,eglinton yard,Mechanical,1,1,E/B,8773
2019-11-07,25,05:59:00,Thursday,eglinton yard,Mechanical,1,1,E/B,8695
2019-11-07,952,06:00:00,Thursday,Pearson Airport T3 to Lawrence Station,General Delay,15,26,B/W,
2019-11-07,52,06:00:00,Thursday,Westwood Mall to Lawrence Station,General Delay,15,28,B/W,
2019-11-07,7,06:04:00,Thursday,Bathurst / Wilson,Late Leaving Garage - Operator,8,16,S/B,8312
2019-11-07,7,06:07:00,Thursday,Wilson Garage,Late Leaving Garage - Operator,1,1,N/B,1399
2019-11-07,63,06:09:00,Thursday,Wilson Garage,Late Leaving Garage - Operator,1,1,N/B,1288
2019-11-07,54,06:16:00,Thursday,egliinton yard,Mechanical,1,1,E/B,8625
2019-11-07,954,06:17:00,Thursday,egli yard,Mechanical,1,1,E/B,8703
2019-11-07,36,06:19:00,Thursday,finch at Jane,Mechanical,5,11,50504,9110
2019-11-07,925,06:19:00,Thursday,egli yard,Mechanical,1,1,E/B,8680
2019-11-07,53,06:26:00,Thursday,Yonge and Newton,Investigation,6,11,S/B,1652
2019-11-07,7,06:26:00,Thursday,Greenwin Village / Bathurst,Late Leaving Garage - Management,8,16,S/B,1399
2019-11-07,68,06:28:00,Thursday,Warden STN,Late Leaving Garage - Mechanical,5,11,N/B,8925
2019-11-07,43,06:30:00,Thursday,Kennedy and Ellesmere,Diversion,9,18,N/B,8917
2019-11-07,996,06:34:00,Thursday,York Mills Station,Late Leaving Garage - Operator,10,10,W/B,3214
2019-11-07,60,06:36:00,Thursday,Steeles Ave East and Bathurst St,Mechanical,7,14,WB,3562
2019-11-07,24,06:38:00,Thursday,Don Mills Station,Late Leaving Garage - Mechanical,15,30,S/B,8589
2019-11-07,996,06:38:00,Thursday,Islington/Elmhurst,Mechanical,1,1,B/W,3257
2019-11-07,63,06:44:00,Thursday,Eglinton West Stn,Utilized Off Route,4,8,S/B,1293
2019-11-07,113,06:45:00,Thursday,Danforth Ave/Medford,Mechanical,11,22,E/B,9239
2019-11-07,33,06:45:00,Thursday,Roselawn/Bathurst,Late Leaving Garage - Mechanical,1,1,S/B,8346
2019-11-07,29,06:47:00,Thursday,Dufferin / Ranee,Mechanical,7,14,N/B,9022
2019-11-07,925,07:00:00,Thursday,Entire route,General Delay,20,30,S/B,
2019-11-07,25,07:00:00,Thursday,Entire route,General Delay,20,26,S/B,
2019-11-07,39,07:00:00,Thursday,Route 39,General Delay,24,29,B/W,
2019-11-07,984,07:00:00,Thursday,Weston Rd at Bradstock Rd to Sheppard Yonge Station,General Delay,15,25,B/W,
2019-11-07,75,07:00:00,Thursday,Sherbourne and Rosedale Heights,Mechanical,17,34,B/W,1384
2019-11-07,939,07:00:00,Thursday,Route 939,General Delay,28,33,B/W,
2019-11-07,62,07:00:00,Thursday,62 Mortimer Route,General Delay,16,32,B/W,3107
2019-11-07,64,07:00:00,Thursday,64 Mian Station,General Delay,10,20,B/W,
2019-11-07,144,07:00:00,Thursday,144 Express/ Don Valley Express,General Delay,15,30,B/W,8867
2019-11-07,143,07:00:00,Thursday,143 Express/ Beach Express,General Delay,15,30,B/W,8595
2019-11-07,84,07:00:00,Thursday,Weston Rd at Bradstock Rd to Sheppard-Yonge Station,General Delay,15,25,B/W,
2019-11-07,600,07:02:00,Thursday,Wilson Station,Utilized Off Route,1,1,B/W,1097
2019-11-07,53,07:04:00,Thursday,McCowan and Sheppard,Utilized Off Route,6,11,W/B,3558
2019-11-07,600,07:05:00,Thursday,Wilson Station,Utilized Off Route,1,1,B/W,1345
2019-11-07,123,07:06:00,Thursday,Aukland and St. Albans,Investigation,18,36,S/B,7970
2019-11-07,34,07:07:00,Thursday,EGLINTON/LESLIE,General Delay,25,31,W/B,
2019-11-07,54,07:07:00,Thursday,Rogue Go Loop,Utilized Off Route,8,16,E/B,8899
2019-11-07,63,07:08:00,Thursday,St. Clair/Oakwood,Utilized Off Route,4,8,S/B,1210
2019-11-07,29,07:08:00,Thursday,Dufferin Loop,Utilized Off Route,8,16,N/B,9049
2019-11-07,903,07:08:00,Thursday,Kennedy STN,Utilized Off Route,8,16,E/B,1398
2019-11-07,6,07:08:00,Thursday,Front and bay,Diversion,87,92,S/B,3729
2019-11-07,6,07:08:00,Thursday,Front and bay,Investigation,6,10,S/B,1117
2019-11-07,72,07:08:00,Thursday,Front and bay,Diversion,87,105,S/B,8943
2019-11-07,81,07:09:00,Thursday,Pape Station,Utilized Off Route,6,12,S/B,8405
2019-11-07,600,07:09:00,Thursday,Egllinton stn,Utilized Off Route,1,1,E/B,8394
2019-11-07,716,07:09:00,Thursday,warden station,Utilized Off Route,1,1,S/B,8554
2019-11-07,716,07:09:00,Thursday,warden station,Utilized Off Route,1,1,S/B,8554
2019-11-07,709,07:09:00,Thursday,Pioneer Village,Utilized Off Route,1,1,B/W,1051
2019-11-07,600,07:10:00,Thursday,Pape Station,Utilized Off Route,1,1,S/B,8622
2019-11-07,600,07:10:00,Thursday,Royal York & Queensway,Utilized Off Route,0,0,E/B,8612
2019-11-07,54,07:12:00,Thursday,Yonge and Eglinton,Investigation,8,16,W/B,8758
2019-11-07,59,07:13:00,Thursday,Lawrence West Station,Utilized Off Route,24,48,W/B,3349
2019-11-07,85,07:13:00,Thursday,Don Mills Station,Utilized Off Route,15,30,E/B,3417
2019-11-07,952,07:14:00,Thursday,Lawrence Station,Utilized Off Route,11,22,W/B,1301
2019-11-07,127,07:15:00,Thursday,Spadina Stn,Utilized Off Route,16,32,W/B,1049
2019-11-07,79,07:15:00,Thursday,Runnymede Station,Utilized Off Route,5,10,N/B,1145
2019-11-07,76,07:15:00,Thursday,Royal York Station,Utilized Off Route,5,10,SB,8018
2019-11-07,57,07:15:00,Thursday,Kennedy Station,Utilized Off Route,8,16,N/B,8776
2019-11-07,90,07:15:00,Thursday,St.Clair West Station,Utilized Off Route,5,10,bw,1296
2019-11-07,709,07:15:00,Thursday,Pioneer stn,Utilized Off Route,1,1,E/B,1051
2019-11-07,44,07:15:00,Thursday,Kipling Station,Utilized Off Route,5,10,S/B,8611
2019-11-07,16,07:16:00,Thursday,warden station,Utilized Off Route,9,13,S/B,8544
2019-11-07,960,07:16:00,Thursday,Finch Station,Utilized Off Route,10,20,NB,3264
2019-11-07,53,07:16:00,Thursday,McCowan and Sheppard,Utilized Off Route,6,11,W/B,1377
2019-11-07,42,07:16:00,Thursday,Finch Station,Utilized Off Route,14,28,NB,8348
2019-11-07,40,07:16:00,Thursday,Dundas West Station,Utilized Off Route,16,32,S/B,8425
2019-11-07,600,07:16:00,Thursday,kennedy station,Utilized Off Route,1,1,S/B,8684
2019-11-07,600,07:17:00,Thursday,Eglinton West Stn,Utilized Off Route,1,1,S/B,8176
2019-11-07,97,07:18:00,Thursday,Bay and Front,Diversion,125,155,S/B,1289
2019-11-07,100,07:18:00,Thursday,Broadview Station,Utilized Off Route,4,7,B/W,8932
2019-11-07,952,07:21:00,Thursday,Lawrence Station,Utilized Off Route,11,22,W/B,1347
2019-11-07,12,07:21:00,Thursday,Victoria Park Station,Utilized Off Route,16,32,E/B,8475
2019-11-07,34,07:22:00,Thursday,EGLINTON STATION,Utilized Off Route,6,12,E/B,8846
2019-11-07,17,07:22:00,Thursday,warden station,Utilized Off Route,7,14,S/B,8526
2019-11-07,995,07:24:00,Thursday,Scarborough College Loop,Late Leaving Garage - Operator,10,20,W/B,3450
2019-11-07,100,07:24:00,Thursday,Broadview Station,Utilized Off Route,4,7,B/W,8916
2019-11-07,63,07:24:00,Thursday,St. Clair West Stn,Utilized Off Route,12,24,S/B,1293
2019-11-07,7,07:25:00,Thursday,Bathurst Station,Utilized Off Route,8,16,N/B,8331
2019-11-07,102,07:25:00,Thursday,warden station,Utilized Off Route,23,46,S/B,8501
2019-11-07,5,07:25:00,Thursday,Eglinton Station,Utilized Off Route,7,13,bw,1023
2019-11-07,600,07:25:00,Thursday,Victoria pk stn,Utilized Off Route,,,W/B,8959
2019-11-07,95,07:26:00,Thursday,York Mills Station,Utilized Off Route,8,16,W/B,3500
2019-11-07,706,07:27:00,Thursday,Victoria park stn,Utilized Off Route,,,W/B,3111
2019-11-07,995,07:27:00,Thursday,York Mills Station,Utilized Off Route,11,22,E/B,3444
2019-11-07,25,07:27:00,Thursday,Pape Station,Utilized Off Route,5,10,S/B,8868
2019-11-07,81,07:30:00,Thursday,Pape Station,Utilized Off Route,6,12,S/B,8538
2019-11-07,53,07:30:00,Thursday,Steeles Route,Diversion,270,275,B/W,1728
2019-11-07,953,07:30:00,Thursday,Steeles route at Yonge,Diversion,150,156,B/W,9086
2019-11-07,167,07:30:00,Thursday,167 Pharmacy North,General Delay,30,30,B/W,9201
2019-11-07,129,07:30:00,Thursday,Scarborough Town Center to Major MacKenzie,General Delay,10,25,N/B,
2019-11-07,985,07:30:00,Thursday,985 Sheppard Express-All Branch,General Delay,6,26,B/W,9083
2019-11-07,98,07:30:00,Thursday,98 Willowdale and Senlac route-All Branch,General Delay,16,26,B/W,8308
2019-11-07,85,07:30:00,Thursday,85 Sheppard Route-All Branch,General Delay,15,25,B/W,3505
2019-11-07,101,07:30:00,Thursday,101 Downsview Park,General Delay,10,20,B/W,3291
2019-11-07,32,07:32:00,Thursday,Eglinton Station,Utilized Off Route,8,19,bw,1032
2019-11-07,34,07:34:00,Thursday,EGLINTON STATION,Utilized Off Route,6,12,E/B,8824
2019-11-07,77,07:38:00,Thursday,Runnymede Station,Utilized Off Route,9,18,S/B,1001
2019-11-07,600,07:38:00,Thursday,Atlantic/King,Utilized Off Route,1,1,N/B,1074
2019-11-07,56,07:40:00,Thursday,Eglinton Station,Utilized Off Route,15,30,N/B,8109
2019-11-07,60,07:40:00,Thursday,on Yonge St from Steeles to Finch Station,Diversion,245,255,EB,3590
2019-11-07,144,07:43:00,Thursday,Ness Dr/York Mils Rd,Late Leaving Garage - Mechanical,15,30,S/B,8751
2019-11-07,47,07:44:00,Thursday,Lansdowne Station,Utilized Off Route,9,19,S/B,1094
2019-11-07,952,07:45:00,Thursday,Lawrence Station,Utilized Off Route,11,22,W/B,8162
2019-11-07,995,07:46:00,Thursday,York Mills Station,Late Leaving Garage - Operator,10,20,E/B,3455
2019-11-07,11,07:47:00,Thursday,DAVISVILLE STATION,Utilized Off Route,16,32,N/B,8392
2019-11-07,76,07:48:00,Thursday,Queensway and Royal York,Utilized Off Route,5,10,SB,8089
2019-11-07,716,07:49:00,Thursday,Kennedy Station,Utilized Off Route,1,1,W/B,8539
2019-11-07,984,07:50:00,Thursday,Sheppard west Station,Utilized Off Route,9,19,W/B,3303
2019-11-07,161,07:51:00,Thursday,Jane/Alliance,Mechanical,12,24,W/B,1379
2019-11-07,88,07:54:00,Thursday,ST. CLAIR STATION,Utilized Off Route,14,28,E/B,1250
2019-11-07,96,07:58:00,Thursday,1700 Wilson (Sheridan Mall),Investigation,20,39,W/B,3576
2019-11-07,97,08:00:00,Thursday,Queens Quay to Hilda and Steeles,General Delay,45,75,B/W,
2019-11-07,70,08:00:00,Thursday,Entire route,General Delay,10,23,S/B,
2019-11-07,35,08:00:00,Thursday,Entire Route,General Delay,20,25,B/W,
2019-11-07,95,08:00:00,Thursday,York Mills Station to Kingston Road Loop,General Delay,23,31,B/W,
2019-11-07,600,08:00:00,Thursday,bstn,Utilized Off Route,1,1,S/B,8513
2019-11-07,50,08:00:00,Thursday,Islington stn / Millroad,General Delay,5,12,B/W,
2019-11-07,902,08:00:00,Thursday,Markham road express,General Delay,10,1,B/W,
2019-11-07,995,08:00:00,Thursday,Scarborough College to York Mills Station,General Delay,29,40,B/W,
2019-11-07,25,08:00:00,Thursday,Pape Station,Utilized Off Route,5,10,S/B,8755
2019-11-07,935,08:00:00,Thursday,Entire Route,General Delay,25,35,B/W,
2019-11-07,924,08:08:00,Thursday,Victoria Park Station,Utilized Off Route,10,19,N/B,9220
2019-11-07,986,08:08:00,Thursday,Kennedy Station,Utilized Off Route,8,16,N/B,8635
2019-11-07,952,08:09:00,Thursday,Lawrence West Station,Utilized Off Route,11,22,E/B,8365
2019-11-07,7,08:10:00,Thursday,Bathurst Station,Utilized Off Route,8,16,N/B,8357
2019-11-07,989,08:12:00,Thursday,Weston Rd & Steels Ave,Utilized Off Route,14,28,S/B,1549
2019-11-07,952,08:14:00,Thursday,Lawrence Station,Utilized Off Route,11,22,W/B,8134
2019-11-07,87,08:15:00,Thursday,Main Station,Utilized Off Route,6,12,B/W,3105
2019-11-07,21,08:17:00,Thursday,Kennedy STN,Utilized Off Route,10,20,E/B,1735
2019-11-07,96,08:18:00,Thursday,York Mills Stn,Utilized Off Route,19,39,W/B,3180
2019-11-07,14,08:19:00,Thursday,YONGE/DAVISVILLE,Utilized Off Route,16,32,W/B,1103
2019-11-07,989,08:20:00,Thursday,Lawrence & Weston,Utilized Off Route,15,30,N/B,1085
2019-11-07,954,08:20:00,Thursday,Star spray and Lawrence,Utilized Off Route,10,20,W/B,8703
2019-11-07,25,08:20:00,Thursday,Pape Station,Utilized Off Route,5,10,S/B,8827
2019-11-07,102,08:21:00,Thursday,warden station,Utilized Off Route,23,46,S/B,3108
2019-11-07,125,08:23:00,Thursday,Antibes Drive and Torresdale Ave,Utilized Off Route,6,12,WB,1388
2019-11-07,39,08:23:00,Thursday,Finch stn,Utilized Off Route,10,15,E/B,1715
2019-11-07,90,08:25:00,Thursday,St. Clair West Station,Utilized Off Route,5,10,N/B,1328
2019-11-07,86,08:27:00,Thursday,Kennedy Station,Utilized Off Route,8,16,N/B,8701
2019-11-07,996,08:30:00,Thursday,York Mills Station to Humber College,General Delay,18,30,bw,
2019-11-07,24,08:30:00,Thursday,Pape Station,Utilized Off Route,6,12,S/B,8682
2019-11-07,86,08:34:00,Thursday,Kennedy Station,Utilized Off Route,8,16,N/B,8632
2019-11-07,141,08:35:00,Thursday,Adelaide and Church,Utilized Off Route,1,1,B/W,1128
2019-11-07,927,08:36:00,Thursday,Kipling Station,Utilized Off Route,3,6,S/B,3227
2019-11-07,9,08:37:00,Thursday,stc,Utilized Off Route,17,34,S/B,8518
2019-11-07,116,08:37:00,Thursday,Kennedy Station,Utilized Off Route,7,14,N/B,8764
2019-11-07,131,08:39:00,Thursday,Scarborough Town Center,Utilized Off Route,8,16,E/B,1726
2019-11-07,84,08:40:00,Thursday,Sheppard-Yonge Station,Utilized Off Route,18,36,W/B,3552
2019-11-07,63,08:40:00,Thursday,Ossington Stn,Utilized Off Route,11,22,W/B,8349
2019-11-07,984,08:40:00,Thursday,Sheppard Yonge Station,Utilized Off Route,10,20,W/B,3363
2019-11-07,16,08:43:00,Thursday,STC,Utilized Off Route,12,24,S/B,8581
2019-11-07,704,08:45:00,Thursday,Finch Station,Utilized Off Route,1,1,NB,3236
2019-11-07,23,08:45:00,Thursday,Main Station,Utilized Off Route,1,1,W/B,8586
2019-11-07,960,08:45:00,Thursday,Finch Station,Utilized Off Route,10,20,NB,3316
2019-11-07,168,08:50:00,Thursday,Dundas West Station,Utilized Off Route,6,12,S/B,1064
2019-11-07,5,08:50:00,Thursday,QUEENS PARK CIRCLE,Utilized Off Route,10,20,N/B,1147
2019-11-07,10,08:50:00,Thursday,Donmills and Vanhorne,Diversion,25,40,B/W,
2019-11-07,95,08:56:00,Thursday,York Mills  and Sandfield,Investigation,8,16,W/B,1385
2019-11-07,960,09:00:00,Thursday,Finch Station,Utilized Off Route,10,20,NB,3239
2019-11-07,996,09:07:00,Thursday,Jane and Wilson,Mechanical,9,19,E/B,3547
2019-11-07,100,09:11:00,Thursday,Broadview,Utilized Off Route,1,1,B/W,8675
2019-11-07,116,09:14:00,Thursday,Morningside and Casebridge,Emergency Services,8,16,N/B,8739
2019-11-07,12,09:15:00,Thursday,Victoria Park Station,Utilized Off Route,1,1,W/B,9202
2019-11-07,95,09:18:00,Thursday,York Mills Station,Utilized Off Route,1,1,E/B,3426
2019-11-07,131,09:19:00,Thursday,Scarborough Town Center,Utilized Off Route,1,1,E/B,3431
2019-11-07,42,09:20:00,Thursday,Finch Station,Utilized Off Route,1,1,NB,8199
2019-11-07,54,09:20:00,Thursday,Warden and Lawrence,Utilized Off Route,8,16,W/B,8708
2019-11-07,20,09:22:00,Thursday,Main Station,Utilized Off Route,1,1,W/B,8543
2019-11-07,88,09:23:00,Thursday,ST. CLAIR/ MT. PLEASANT,Diversion,105,119,B/W,8205
2019-11-07,11,09:28:00,Thursday,DAVISVILLE STATION,Utilized Off Route,1,1,N/B,8368
2019-11-07,924,09:31:00,Thursday,Victoria Park at Steeles,Utilized Off Route,1,1,S/B,3102
2019-11-07,69,09:35:00,Thursday,warden stn,Investigation,11,22,S/B,3142
2019-11-07,12,09:42:00,Thursday,Victoria Park Station,Utilized Off Route,1,1,W/B,8524
2019-11-07,36,09:45:00,Thursday,FSTN,Emergency Services,5,10,W/B,3167
2019-11-07,5,09:58:00,Thursday,EGLINTON STATION,Mechanical,30,60,S/B,1253
2019-11-07,82,10:03:00,Thursday,Rosedale,Mechanical,40,40,B/W,8305
2019-11-07,34,10:11:00,Thursday,EGLINTON STATION,Emergency Services,12,24,E/B,8697
2019-11-07,106,10:35:00,Thursday,Sheppard West Station,Mechanical,13,26,E/B,8326
2019-11-07,88,10:36:00,Thursday,OVERLEA/MILLWOOD,Mechanical,40,80,E/B,8200
2019-11-07,935,11:07:00,Thursday,Jane and Steeles,Vision,10,19,S/B,3266
2019-11-07,134,11:10:00,Thursday,Progress and Centennial College entrance,Investigation,7,13,W/B,9089
2019-11-07,90,11:22:00,Thursday,St. Clair West Stn,Utilized Off Route,10,20,N/B,1222
2019-11-07,32,11:27:00,Thursday,Eglinton Station,Mechanical,11,22,B/W,1104
2019-11-07,706,11:38:00,Thursday,Warden stn,Utilized Off Route,,,S/B,3111
2019-11-07,70,11:50:00,Thursday,Between Coxwell Stn and 1:Craigton/Pharmacy 2: Warden Stn,General Delay,35,41,B/W,
2019-11-07,34,11:54:00,Thursday,Eglinton Station,Mechanical,12,24,E/B,8621
2019-11-07,76,12:07:00,Thursday,Royal York and Queensway,Investigation,1,1,S/B,8012
2019-11-07,929,12:12:00,Thursday,SB at Orfus Road,Mechanical,10,20,S/B,9031
2019-11-07,100,12:28:00,Thursday,Broadview Station,Mechanical,6,13,W/B,8760
2019-11-07,11,12:32:00,Thursday,Davisville station,Mechanical,13,26,N/B,8131
2019-11-07,63,12:54:00,Thursday,King/Atlantic,Mechanical,5,10,S/B,8371
2019-11-07,129,12:55:00,Thursday,Scarborough Town Center,Investigation,0,0,N/B,3446
2019-11-07,52,12:55:00,Thursday,Lawrence West Station,Mechanical,14,28,W/B,1212
2019-11-07,22,14:00:00,Thursday,Between Coxwell Stn and Queen,General Delay,25,31,B/W,
2019-11-07,925,14:00:00,Thursday,Between Pape Stn and Don Mills/Steeles,General Delay,45,51,B/W,
2019-11-07,25,14:20:00,Thursday,Eglinton Yard,Mechanical,0,0,OB,8688
2019-11-07,36,14:22:00,Thursday,FARR,Mechanical,5,11,W/B,9118
2019-11-07,32,14:23:00,Thursday,mt dennis garage.,Mechanical,9,18,E/B,1037
2019-11-07,34,14:24:00,Thursday,Eglinton Yard,Mechanical,0,0,OB,8773
2019-11-07,34,14:31:00,Thursday,Eglinton Yard,Mechanical,0,0,OB,8901
2019-11-07,929,14:35:00,Thursday,Dufferine and Lawrence,Late Leaving Garage - Mechanical,10,20,S/B,9016
2019-11-07,116,14:36:00,Thursday,Eglinton Yard,Mechanical,0,0,OB,8870
2019-11-07,57,14:37:00,Thursday,Eglinton Yard,Mechanical,0,0,OB,8863
2019-11-07,57,14:37:00,Thursday,Eglinton,Mechanical,0,0,OB,8863
2019-11-07,144,14:40:00,Thursday,Eglinton Yard,Mechanical,0,0,OB,8892
2019-11-07,34,14:44:00,Thursday,Eglinton Yard,Mechanical,0,0,OB,8764
2019-11-07,68,14:45:00,Thursday,Eglinton Yard,Mechanical,0,0,OB,8779
2019-11-07,53,14:48:00,Thursday,Bayview and Steeles BREB school,Mechanical,1,5,E/B,1530
2019-11-07,116,14:54:00,Thursday,Eglinton Yard,Mechanical,0,0,OB,8900
2019-11-07,935,15:00:00,Thursday,Pinoeer Village - Jane Station,General Delay,15,30,B/W,3323
2019-11-07,25,15:00:00,Thursday,Between Pape Stn and Don Mills Stn,General Delay,35,41,B/W,
2019-11-07,35,15:00:00,Thursday,Pioneer Village and Jane Station,General Delay,15,30,B/W,3306
2019-11-07,36,15:00:00,Thursday,FWSN,Late Leaving Garage - Mechanical,12,24,W/B,3292
2019-11-07,91,15:00:00,Thursday,Between  Woodbine Stn and YorkMills/Underhill Dr,General Delay,25,31,B/W,
2019-11-07,954,15:00:00,Thursday,Eglinton Yard,Mechanical,0,0,OB,8896
2019-11-07,52,15:01:00,Thursday,Church St at Jane St,Late Leaving Garage - Operator,7,20,E/B,
2019-11-07,984,15:01:00,Thursday,Sheppard Ave West at Rivalda RD,Late Leaving Garage - Operator,9,24,W/B,
2019-11-07,84,15:06:00,Thursday,Pioneer Village Station,Late Leaving Garage - Mechanical,30,55,W/B,3304
2019-11-07,944,15:08:00,Thursday,Colonel Sam Smith Loop,Mechanical,10,20,N/B,7957
2019-11-07,36,15:09:00,Thursday,FARR,Late Leaving Garage - Operator,18,25,W/B,9110
2019-11-07,25,15:10:00,Thursday,Eglinton Yard,Mechanical,0,0,OB,8807
2019-11-07,941,15:10:00,Thursday,Finch West Stn,Late Leaving Garage - Operator,15,30,S/B,1420
2019-11-07,925,15:15:00,Thursday,,Mechanical,0,0,OB,8937
2019-11-07,954,15:18:00,Thursday,Eglinton Yard,Mechanical,0,0,OB,8818
2019-11-07,54,15:18:00,Thursday,Eglinton Yard,Mechanical,0,0,OB,8897
2019-11-07,68,15:19:00,Thursday,Eglinton Yard,Mechanical,0,0,OB,8872
2019-11-07,51,15:20:00,Thursday,Leslie and Finch,Late Leaving Garage - Mechanical,21,42,N/B,1381
2019-11-07,34,15:22:00,Thursday,Eglinton Yard,Mechanical,0,0,OB,8693
2019-11-07,168,15:22:00,Thursday,Davenport and Old Weston,Investigation,7,19,N/B,1086
2019-11-07,57,15:22:00,Thursday,Eglinton Yard,Mechanical,0,0,OB,8624
2019-11-07,119,15:22:00,Thursday,arrow garage,Vision,25,50,E/B,3178
2019-11-07,32,15:25:00,Thursday,on eglinton at Keele,Investigation,9,18,E/B,1416
2019-11-07,989,15:25:00,Thursday,Jane and Weston,Mechanical,13,27,N/B,1108
2019-11-07,937,15:37:00,Thursday,Mill Rd and Markland,Mechanical,12,24,N/B,8420
2019-11-07,7,15:38:00,Thursday,Heath St Notrt of St. Calir,Investigation,8,16,N/B,8182
2019-11-07,954,15:40:00,Thursday,STSP,Late Leaving Garage - Management,10,21,W/B,8795
2019-11-07,51,15:55:00,Thursday,Fresh Meadow and Don Mills,Mechanical,21,42,S/B,1248
2019-11-07,84,16:00:00,Thursday,Sheppard at Min Ave,Mechanical,30,60,E/B,3279
2019-11-07,97,16:00:00,Thursday,Hilda and Steeles to Queens Quay and Yonge,General Delay,50,80,B/W,
2019-11-07,109,16:00:00,Thursday,Neptune to Eglinton West Station,General Delay,25,36,B/W,
2019-11-07,15,16:00:00,Thursday,Sherway Gardens - Royal York Station,General Delay,10,20,B/W,8609
2019-11-07,29,16:06:00,Thursday,Wilson Station,Mechanical,7,14,S/B,9146
2019-11-07,145,16:07:00,Thursday,Richmond and Jarvis,Mechanical,30,60,E/B,8060
2019-11-07,989,16:10:00,Thursday,Keele stn,Utilized Off Route,14,27,N/B,1273
2019-11-07,64,16:15:00,Thursday,64 Main route,General Delay,8,16,B/W,
2019-11-07,984,16:17:00,Thursday,Sheppard Station,Utilized Off Route,9,18,W/B,3363
2019-11-07,144,16:30:00,Thursday,Richmond & Bay,Investigation,20,40,W/B,8755
2019-11-07,52,16:30:00,Thursday,Lawrence Station,Utilized Off Route,13,26,W/B,1372
2019-11-07,133,16:30:00,Thursday,0,Mechanical,0,0,N/B,3519
2019-11-07,929,16:50:00,Thursday,Dufferin and Lawrence,Investigation,10,20,S/B,9052
2019-11-07,37,16:52:00,Thursday,Islington Station,Mechanical,12,24,N/B,7956
2019-11-07,984,17:00:00,Thursday,Entire Route,General Delay,20,30,B/W,
2019-11-07,84,17:00:00,Thursday,Entire Route,General Delay,20,35,B/W,
2019-11-07,109,17:00:00,Thursday,Lawrence West Station,Mechanical,22,44,N/B,1374
2019-11-07,6,17:09:00,Thursday,Sherbourne and Queens Quay,Utilized Off Route,7,15,E/B,1100
2019-11-07,37,17:13:00,Thursday,Islington Station,Vision,12,24,N/B,8436
2019-11-07,25,17:13:00,Thursday,Don Mills/Finch,Investigation,5,10,N/B,8650
2019-11-07,28,17:20:00,Thursday,Bayview and Pottery Rd,General Delay,32,48,B/W,
2019-11-07,14,17:20:00,Thursday,Bayview and Pottery rd.,General Delay,32,48,B/W,
2019-11-07,28,17:20:00,Thursday,Bayview and Pottery Rd,Diversion,1,1,B/W,
2019-11-07,11,17:20:00,Thursday,Sunnybrook Hospital,Emergency Services,15,30,N/B,1382
2019-11-07,925,17:25:00,Thursday,Don Mills/Finch,Investigation,8,16,N/B,8741
2019-11-07,47,17:30:00,Thursday,Lansdown Station,Mechanical,15,35,N/B,1137
2019-11-07,927,17:40:00,Thursday,Royal Crest and Hwy 27,Mechanical,6,12,S/B,3366
2019-11-07,70,18:13:00,Thursday,O'Connor and Glenwood,Investigation,1,1,W/B,8817
2019-11-07,52,18:20:00,Thursday,Lawrence at Apex,Mechanical,1,1,W/B,8209
2019-11-07,17,18:20:00,Thursday,BIRCHMOUNT @ HUNTINGWOOD DR,Mechanical,9,18,S/B,9207
2019-11-07,109,18:25:00,Thursday,Eglinton West Station,Investigation,22,44,N/B,8189
2019-11-07,116,18:26:00,Thursday,Kennedy STN,Vision,7,14,E/B,8929
2019-11-07,133,18:31:00,Thursday,Scarborough Town Centre,Mechanical,7,14,E/B,1568
2019-11-07,939,18:34:00,Thursday,Midland Avenue,Mechanical,12,24,W/B,1550
2019-11-07,133,18:40:00,Thursday,Sheppard and Neilson,Emergency Services,9,18,S/B,3456
2019-11-07,45,18:50:00,Thursday,Kipling & Dixon,Mechanical,7,15,N/B,8022
2019-11-07,97,18:54:00,Thursday,Davisville Station,Mechanical,30,60,N/B,1387
2019-11-07,32,18:59:00,Thursday,renforth stn,Mechanical,10,20,W/B,1072
2019-11-07,945,19:17:00,Thursday,KPSN - Kipling Stn,Mechanical,14,28,N/B,8422
2019-11-07,52,19:28:00,Thursday,Lawrence Station,Mechanical,10,21,W/B,8183
2019-11-07,129,19:39:00,Thursday,Scarborough Town Centre,Mechanical,6,12,N/B,3427
2019-11-07,61,20:00:00,Thursday,Bombay Loop,Diversion,344,364,N/B,1328
2019-11-07,25,20:50:00,Thursday,Pape Stn,Mechanical,9,18,N/B,8634
2019-11-07,63,21:16:00,Thursday,ossington and argyle,Investigation,8,17,S/B,8154
2019-11-07,121,22:00:00,Thursday,Bay & Front,General Delay,10,40,BW,
2019-11-07,85,22:52:00,Thursday,Neilson and Sheppard,Mechanical,22,44,W/B,3435
2019-11-07,110,23:20:00,Thursday,LONG - Long Branch,Mechanical,30,60,N/B,8048
2019-11-08,161,00:05:00,Friday,rogers and dufferin,Mechanical,20,40,E/B,1053
2019-11-08,36,00:21:00,Friday,Finch and Hwy 27,Mechanical,10,20,E/B,3316
2019-11-08,35,00:30:00,Friday,Weston and jane,Mechanical,10,20,N/B,3310
2019-11-08,36,00:33:00,Friday,Finch and Weston Road,Investigation,10,20,W/B,3210
2019-11-08,939,00:39:00,Friday,Mc Cowan and Finch,Investigation,10,20,W/B,1655
2019-11-08,7,00:46:00,Friday,greenwich village and bathurst,Utilized Off Route,8,17,E/B,8331
2019-11-08,84,00:57:00,Friday,Weston at Bradstock,Utilized Off Route,10,20,E/B,3202
2019-11-08,41,01:01:00,Friday,pioneer village station,Utilized Off Route,25,50,S/B,9018
2019-11-08,60,01:05:00,Friday,Pioneer station,Utilized Off Route,17,34,E/B,3237
2019-11-08,45,01:10:00,Friday,SLPK - Steeles & Kipling loop,Utilized Off Route,10,20,S/B,8071
2019-11-08,35,01:10:00,Friday,Pioneer village station,Utilized Off Route,15,30,N/B,3595
2019-11-08,96,01:23:00,Friday,Wilson Station,Utilized Off Route,25,50,E/B,3318
2019-11-08,7,01:23:00,Friday,Bathurst Station,Utilized Off Route,9,18,N/B,8391
2019-11-08,320,01:30:00,Friday,Yonge & Dundas,Diversion,300,304,BW,8387
2019-11-08,384,03:15:00,Friday,Sheppard Station,Investigation,30,60,W/B,3182
2019-11-08,41,04:25:00,Friday,Mount Dennis garage,Late Leaving Garage - Mechanical,,,S/B,9102
2019-11-08,41,04:40:00,Friday,Mt Dennis garage,Late Leaving Garage - Operator,16,32,S/B,9102
2019-11-08,160,05:25:00,Friday,Wilson and Wilson Heights Blvd,Mechanical,20,40,S/B,8153
2019-11-08,50,05:30:00,Friday,Islington Station,Diversion,999,999,BW,
2019-11-08,37,05:45:00,Friday,Islington Station,Diversion,999,999,BW,
2019-11-08,110,05:45:00,Friday,Islington Station,Diversion,999,999,BW,
2019-11-08,937,05:50:00,Friday,Islington Station,Diversion,244,255,BW,
2019-11-08,7,05:52:00,Friday,Bathurst / Wilson,Late Leaving Garage - Mechanical,5,10,S/B,1309
2019-11-08,53,05:55:00,Friday,Steeles and Old Kennedy,Diversion,185,190,B/W,
2019-11-08,953,05:55:00,Friday,Finch &  Old Kennedy,Diversion,185,190,W/B,9079
2019-11-08,125,06:00:00,Friday,Finch Station,Mechanical,15,30,NB,8131
2019-11-08,168,06:08:00,Friday,Mt Dennis Garage,Late Leaving Garage - Mechanical,6,12,S/B,1107
2019-11-08,88,06:30:00,Friday,ST. CLAIR STATION,Vision,14,14,E/B,8148
2019-11-08,48,06:50:00,Friday,Royal York stn,Mechanical,13,26,N/B,8041
2019-11-08,60,06:52:00,Friday,on Yonge St from Finch Station to Steeles,Diversion,999,999,NB,3201
2019-11-08,113,06:54:00,Friday,Main Station,Utilized Off Route,11,22,E/B,8468
2019-11-08,84,06:55:00,Friday,Sheppard west route,General Delay,1,1,B/W,3292
2019-11-08,89,06:55:00,Friday,Weston Rd & Knob Hill Dr,Investigation,7,14,N/B,1208
2019-11-08,924,06:59:00,Friday,Steeles Loop at Victoria Park Ave,Mechanical,9,19,S/B,9222
2019-11-08,953,07:00:00,Friday,Steeles/ Finch stn,Diversion,715,725,bw,
2019-11-08,53,07:00:00,Friday,Yonge to Steeles,Diversion,540,550,E/B,
2019-11-08,38,07:03:00,Friday,stc,Mechanical,11,22,S/B,1323
2019-11-08,116,07:06:00,Friday,Morningside/Gardentree,Mechanical,6,7,W/B,8683
2019-11-08,32,07:07:00,Friday,Renforth Station,Late Leaving Garage - Mechanical,7,14,E/B,1026
2019-11-08,34,07:15:00,Friday,EGLINTON/LESLIE,General Delay,15,21,W/B,
2019-11-08,63,07:15:00,Friday,Caniff & Strachan,Late Leaving Garage - Mechanical,4,7,S/B,8351
2019-11-08,32,07:17:00,Friday,Eglinton West Station,Vision,11,22,W/B,1026
2019-11-08,83,07:23:00,Friday,Lakeshore Garage,Investigation,14,28,N/B,9207
2019-11-08,39,07:30:00,Friday,Route 39,General Delay,18,24,B/W,
2019-11-08,39,07:30:00,Friday,Finch & Bridletown circle,Mechanical,16,31,E/B,1573
2019-11-08,68,07:52:00,Friday,Warden Station,Mechanical,5,16,N/B,8777
2019-11-08,35,07:52:00,Friday,Pioneer Village,Mechanical,4,9,S/B,3282
2019-11-08,65,08:00:00,Friday,Entire route,General Delay,10,23,N/B,
2019-11-08,129,08:00:00,Friday,Scarborough Town Center to Major MacKenzie,General Delay,8,32,S/B,
2019-11-08,5,08:01:00,Friday,DUPONT/AVENUE ROAD,Investigation,13,29,N/B,1278
2019-11-08,29,08:04:00,Friday,Wilson Station,Mechanical,8,16,S/B,9052
2019-11-08,75,08:14:00,Friday,Bloor and Sherbourne,Mechanical,5,11,B/W,8308
2019-11-08,32,08:47:00,Friday,Pine and Lawrence,Vision,9,19,E/B,1002
2019-11-08,45,09:01:00,Friday,Kipling and Bethridge,Mechanical,8,16,S/B,8074
2019-11-08,94,09:03:00,Friday,Sherbourne and Wellesley,Diversion,220,227,B/W,
2019-11-08,94,09:08:00,Friday,Wellesley and Sherbourne,Utilized Off Route,14,28,E/B,1626
2019-11-08,25,09:14:00,Friday,York Mills Road,Investigation,9,18,N/B,8791
2019-11-08,935,09:17:00,Friday,Jane stn,Mechanical,9,18,N/B,3307
2019-11-08,8,09:24:00,Friday,Broadview Station,Investigation,15,30,N/B,8947
2019-11-08,95,09:28:00,Friday,Don Mills and and York mills,General Delay,15,25,W/B,
2019-11-08,32,09:30:00,Friday,Marlee and Eglinton,Mechanical,3,10,W/B,1258
2019-11-08,100,09:34:00,Friday,Broadview and Cosburn,Investigation,6,13,B/W,8662
2019-11-08,90,10:02:00,Friday,Kenwood ave/Vaughan,Mechanical,10,20,N/B,1293
2019-11-08,94,10:08:00,Friday,CAST,Utilized Off Route,14,28,B/W,1626
2019-11-08,84,10:13:00,Friday,North over street on Sheppard,Mechanical,8,16,E/B,3565
2019-11-08,600,10:28:00,Friday,warden station,Utilized Off Route,1,1,S/B,8688
2019-11-08,20,10:29:00,Friday,Midland/ Wolfe Ave,Mechanical,15,30,S/B,8571
2019-11-08,600,10:29:00,Friday,warden station,Utilized Off Route,1,1,S/B,7049
2019-11-08,63,10:35:00,Friday,Oakwood Loop,Utilized Off Route,10,20,S/B,8310
2019-11-08,63,10:41:00,Friday,Atlantic & King,Utilized Off Route,10,20,N/B,8317
2019-11-08,935,10:45:00,Friday,Jane / Clare,Emergency Services,9,18,S/B,3185
2019-11-08,700,10:47:00,Friday,Eglinton division,Utilized Off Route,,,S/B,8812
2019-11-08,34,11:20:00,Friday,Eglinton Ave and Victoria Park,Investigation,5,15,E/B,8822
2019-11-08,32,11:28:00,Friday,Renforth station,Mechanical,11,22,E/B,1262
2019-11-08,35,11:31:00,Friday,Pioneer stn,Mechanical,7,14,S/B,3339
2019-11-08,935,11:51:00,Friday,Jane and Yewtree,Investigation,10,20,N/B,3521
2019-11-08,935,12:05:00,Friday,Jane and Yewtree,Investigation,10,20,N/B,3185
2019-11-08,53,12:06:00,Friday,Brimley,Investigation,5,10,E/B,3457
2019-11-08,94,12:34:00,Friday,Castle Frank Subway Station,Mechanical,7,14,W/B,1626
2019-11-08,67,12:42:00,Friday,Pharmacy Ave/Knightsbridge Rd,Diversion,45,60,B/W,8815
2019-11-08,960,13:00:00,Friday,Finch station to Pioneer Village stn,General Delay,20,30,B/W,
2019-11-08,60,13:00:00,Friday,Whole route,General Delay,30,40,B/W,
2019-11-08,935,13:00:00,Friday,Pioneer Village - Jane Station,General Delay,15,30,B/W,3595
2019-11-08,35,13:00:00,Friday,Pioneer Village - Jane Street,General Delay,15,30,B/W,3491
2019-11-08,54,13:01:00,Friday,Lawrence and Midland,Investigation,12,24,E/B,8896
2019-11-08,165,13:38:00,Friday,Finch & Weston,Mechanical,12,24,N/B,3572
2019-11-08,29,13:46:00,Friday,Lawrence to Yorkdale BW,General Delay,45,50,B/W,
2019-11-08,929,13:46:00,Friday,Between Lawrence to Yorkdale,General Delay,45,50,B/W,
2019-11-08,29,13:46:00,Friday,Lawrence to York Dale,Diversion,8,16,N/B,
2019-11-08,929,13:46:00,Friday,Lawrence to Yorkdale,Diversion,45,50,N/B,
2019-11-08,72,14:00:00,Friday,Pape Station to Front and Bay,General Delay,15,34,B/W,
2019-11-08,121,14:00:00,Friday,Mill St. and Cherry St. to Prince's Gate,General Delay,15,35,B/W,
2019-11-08,72,14:00:00,Friday,"On Commissioners, at The Don Roadway",Diversion,456,477,B/W,
2019-11-08,36,14:15:00,Friday,Weston Road,Mechanical,5,10,E/B,6963
2019-11-08,50,14:24:00,Friday,Islington Station,Mechanical,20,40,N/B,7971
2019-11-08,52,14:30:00,Friday,Lawrence route,General Delay,20,40,B/W,8188
2019-11-08,34,14:36:00,Friday,Eglinton Yard,Mechanical,0,0,OB,8795
2019-11-08,110,14:38:00,Friday,Lakeshore and Islington,Utilized Off Route,12,24,S/B,8043
2019-11-08,144,14:39:00,Friday,EglintonYArd,Mechanical,0,0,OB,8660
2019-11-08,116,14:39:00,Friday,Eglinton Yard,Mechanical,0,0,OB,8635
2019-11-08,34,14:44:00,Friday,Eglinton Yard,Mechanical,0,0,OB,8740
2019-11-08,144,14:45:00,Friday,EglintonYArd,Mechanical,0,0,OB,8783
2019-11-08,14,14:45:00,Friday,Davisville Station,Late Leaving Garage - Operator,17,34,W/B,1423
2019-11-08,68,14:47:00,Friday,EglintonYard,Mechanical,0,0,OB,8915
2019-11-08,25,14:47:00,Friday,EglintonYard,Mechanical,0,0,OB,8716
2019-11-08,54,14:48:00,Friday,EglintonYArd,Mechanical,0,0,OB,8622
2019-11-08,927,15:00:00,Friday,Steeles and Martin Grove,Mechanical,6,12,N/B,3213
2019-11-08,25,15:00:00,Friday,Between Pape Stn and DonMIlls/Steeles,General Delay,25,31,B/W,
2019-11-08,40,15:00:00,Friday,Entire Route,General Delay,15,22,B/W,
2019-11-08,70,15:00:00,Friday,Between Coxwell Station and Craigton/Pharmacy and/or Warden Stn,General Delay,25,31,B/W,
2019-11-08,22,15:00:00,Friday,Between Coxwell Stn and Queen/Coxwell,General Delay,15,21,B/W,
2019-11-08,960,15:00:00,Friday,Finch station,Utilized Off Route,10,20,W/B,3528
2019-11-08,91,15:00:00,Friday,Between Woodbine Stn and YorkMills,General Delay,21,35,B/W,
2019-11-08,925,15:00:00,Friday,Between Pape Stn and DonMills/Steeles,General Delay,35,41,B/W,
2019-11-08,92,15:00:00,Friday,Between Woodbine Stn and Beach,General Delay,15,21,B/W,
2019-11-08,68,15:01:00,Friday,Eglinton Yard,Mechanical,0,0,OB,8692
2019-11-08,953,15:12:00,Friday,Finch station,Late Leaving Garage - Mechanical,5,10,E/B,9057
2019-11-08,131,15:15:00,Friday,Scarborough Town Centre,Mechanical,16,30,E/B,1299
2019-11-08,91,15:18:00,Friday,CASS,Mechanical,1,1,S/B,9213
2019-11-08,86,15:20:00,Friday,EglintonYArd,Mechanical,0,0,OB,8900
2019-11-08,986,15:22:00,Friday,Eglinton Yard,Mechanical,0,0,OB,8643
2019-11-08,52,15:25:00,Friday,Caledonia on Lawrence,Mechanical,14,28,E/B,1248
2019-11-08,953,15:27:00,Friday,Finch station,Utilized Off Route,5,10,bw,9094
2019-11-08,80,15:30:00,Friday,Entire Route,General Delay,25,45,B/W,
2019-11-08,29,15:36:00,Friday,Duffeerine Stn,Mechanical,8,16,N/B,9139
2019-11-08,123,15:41:00,Friday,Kipling Station,Mechanical,16,32,W/B,8415
2019-11-08,167,15:45:00,Friday,Pharmacy ave and Huntingdale Blvd,Investigation,30,60,N/B,9215
2019-11-08,43,15:52:00,Friday,Kennedy at Treverton Dr,Mechanical,15,30,N/B,8737
2019-11-08,60,16:00:00,Friday,Finch station,Utilized Off Route,10,20,W/B,3279
2019-11-08,37,16:00:00,Friday,Bothways along the route.,General Delay,20,10,B/W,
2019-11-08,112,16:05:00,Friday,Wellesworth & Eringate,Emergency Services,8,15,N/B,8436
2019-11-08,85,16:05:00,Friday,Don Mills Stn,Utilized Off Route,13,26,E/B,3410
2019-11-08,59,16:11:00,Friday,Jane and Church,Mechanical,28,56,N/B,3249
2019-11-08,97,16:20:00,Friday,Dundas and yonge,Mechanical,30,60,S/B,8205
2019-11-08,6,16:34:00,Friday,"On Bay, at Wellesley",Investigation,8,15,S/B,1071
2019-11-08,986,16:57:00,Friday,Kennedy STN,Investigation,10,20,E/B,8890
2019-11-08,85,17:00:00,Friday,Don Mills Stn to Victoria park ave,General Delay,180,190,B/W,
2019-11-08,24,17:00:00,Friday,Victoria Park from Sheppard to Victoria Park Station,General Delay,39,48,B/W,
2019-11-08,939,17:00:00,Friday,McCawan and Sheppard,Mechanical,12,24,E/B,1530
2019-11-08,63,17:09:00,Friday,St.Clair and Oakwood,Investigation,10,20,N/B,8366
2019-11-08,985,17:15:00,Friday,Don Mills Stn to Vitoria Park and Victoria park to Warden,General Delay,180,190,B/W,
2019-11-08,109,17:30:00,Friday,Marlee and Lawrence,General Delay,15,30,N/B,
2019-11-08,984,17:30:00,Friday,Sheppard West Station,Investigation,9,18,W/B,3272
2019-11-08,91,17:34:00,Friday,Woodbine Stn,Investigation,14,28,N/B,8489
2019-11-08,92,17:36:00,Friday,Woodbine Stn,Investigation,12,24,S/B,8519
2019-11-08,59,17:45:00,Friday,Lawrence and Caledonia,General Delay,15,30,W/B,
2019-11-08,87,17:48:00,Friday,Main St Station,Utilized Off Route,7,14,W/B,9235
2019-11-08,63,17:55:00,Friday,Oakwood Loop,Mechanical,10,20,S/B,8164
2019-11-08,9,17:55:00,Friday,BELLAMY / Eglinton and Bellamy,Investigation,18,36,N/B,8474
2019-11-08,52,18:01:00,Friday,Lawrence at Duplex,Mechanical,14,28,W/B,1279
2019-11-08,77,18:06:00,Friday,WNPL - Windemere Place,Mechanical,9,18,N/B,1051
2019-11-08,12,18:20:00,Friday,Victoria Park Station,Investigation,20,40,S/B,3135
2019-11-08,67,18:20:00,Friday,Victoria Park Station,Investigation,10,20,N/B,8815
2019-11-08,85,18:52:00,Friday,Sheppard Stn,Mechanical,19,36,E/B,1292
2019-11-08,7,18:55:00,Friday,Finch,Mechanical,8,16,N/B,8118
2019-11-08,52,19:06:00,Friday,Lawrence at Weston,Mechanical,13,20,E/B,8181
2019-11-08,32,19:48:00,Friday,Tretheway and Paulson,Investigation,10,20,W/B,1203
2019-11-08,32,20:19:00,Friday,Eglinton Station,Mechanical,10,20,W/B,1070
2019-11-08,88,20:30:00,Friday,St Clair Station,Mechanical,18,36,B/W,8209
2019-11-08,106,20:45:00,Friday,Murray ross and sentinel,Investigation,20,40,N/B,8352
2019-11-08,167,21:00:00,Friday,don mills station,Mechanical,30,60,E/B,3109
2019-11-08,113,21:23:00,Friday,Danforth and Victoria Park,Investigation,20,40,W/B,9225
2019-11-08,41,21:38:00,Friday,Annette and Keele,Investigation,16,32,S/B,9043
2019-11-08,929,21:45:00,Friday,Wilson Station,Mechanical,10,20,S/B,9054
2019-11-08,37,21:46:00,Friday,ISTN - Islington Stn,Mechanical,24,43,N/B,8019
2019-11-08,123,22:00:00,Friday,North Queen & Queensway,Investigation,24,48,S/B,8422
2019-11-08,52,23:30:00,Friday,Lawrence at Marlee,Emergency Services,18,36,E/B,8188
2019-11-09,35,00:03:00,Saturday,John st and jane,Diversion,30,40,S/B,
2019-11-09,87,00:07:00,Saturday,Main Station,Mechanical,11,22,W/B,3141
2019-11-09,62,00:15:00,Saturday,Main Station,Mechanical,20,40,W/B,8407
2019-11-09,87,00:17:00,Saturday,Cosburn & Todmorden,Investigation,11,17,E/B,8593
2019-11-09,72,00:40:00,Saturday,Commissioners,Diversion,78,94,B/W,
2019-11-09,124,01:05:00,Saturday,Roe loop.,Utilized Off Route,20,40,E/B,8175
2019-11-09,52,01:05:00,Saturday,Lawrence West Station,Utilized Off Route,19,37,W/B,1319
2019-11-09,52,01:05:00,Saturday,Lawrence West Station,Utilized Off Route,18,36,E/B,8109
2019-11-09,43,01:38:00,Saturday,Kennedy Station,Utilized Off Route,10,20,N/B,8876
2019-11-09,54,01:42:00,Saturday,Lawrence RT station,Utilized Off Route,10,20,W/B,8756
2019-11-09,396,01:45:00,Saturday,York Mills Station,Utilized Off Route,20,20,W/B,3318
2019-11-09,29,01:53:00,Saturday,Springhurst Loop,Mechanical,10,25,N/B,9029
2019-11-09,37,01:55:00,Saturday,Woodbine Racetrack,Mechanical,30,60,S/B,7977
2019-11-09,320,02:14:00,Saturday,Yonge and Eglinton,Utilized Off Route,3,7,W/B,8756
2019-11-09,320,02:24:00,Saturday,Steeles & Yonge,Mechanical,3,7,S/B,8122
2019-11-09,337,02:31:00,Saturday,Islington Station,Mechanical,30,39,N/B,7977
2019-11-09,110,02:48:00,Saturday,Islington & Bloor,Investigation,30,30,N/B,8602
2019-11-09,320,02:55:00,Saturday,Queens Quay & Yonge,Utilized Off Route,3,7,N/B,8106
2019-11-09,29,04:09:00,Saturday,Dufferin at Lawrence,Late Leaving Garage - Mechanical,14,28,N/B,9012
2019-11-09,385,04:10:00,Saturday,Sheppard and Dean Park,Investigation,30,60,E/B,1318
2019-11-09,7,04:18:00,Saturday,Wilson Traffic Office,Late Leaving Garage - Mechanical,1,1,S/B,1384
2019-11-09,45,05:17:00,Saturday,STEELES LOOP,Late Leaving Garage - Mechanical,1,1,S/B,7955
2019-11-09,17,05:18:00,Saturday,Birchmount Rd/Lawrence Ave E,Diversion,35,65,B/W,
2019-11-09,63,05:23:00,Saturday,Eglinton West Station,Late Leaving Garage - Mechanical,10,20,S/B,1201
2019-11-09,900,05:24:00,Saturday,KIPLING STN,Late Leaving Garage - Mechanical,20,40,E/B,8002
2019-11-09,24,05:30:00,Saturday,STLV,Emergency Services,,16,S/B,8581
2019-11-09,21,05:39:00,Saturday,Kennedy Station,Mechanical,18,18,N/B,3420
2019-11-09,61,05:40:00,Saturday,Eglinton Station,Late Leaving Garage - Management,25,5,N/B,8181
2019-11-09,116,05:55:00,Saturday,Kennedy STN,Late Leaving Garage - Mechanical,10,25,E/B,8821
2019-11-09,45,06:13:00,Saturday,Kipling Loop,Diversion,517,527,N/B,8438
2019-11-09,32,06:15:00,Saturday,Eglinton Station,Emergency Services,5,10,E/B,1026
2019-11-09,63,06:15:00,Saturday,Cannift St at Strachan Ave,Late Leaving Garage - Mechanical,3,6,N/B,8197
2019-11-09,35,06:18:00,Saturday,Pioneer Village station,Investigation,8,16,S/B,3506
2019-11-09,52,06:28:00,Saturday,terminal 3,Mechanical,15,30,,8131
2019-11-09,63,06:30:00,Saturday,Entire route,Mechanical,1,1,B/W,1370
2019-11-09,63,06:52:00,Saturday,Eglinton West Station,Mechanical,6,12,S/B,8149
2019-11-09,70,06:54:00,Saturday,O'CONNOR / Coxwell Station,Vision,11,22,E/B,8699
2019-11-09,89,06:55:00,Saturday,LAWRENCE AND WESTON,Diversion,23,10,S/B,
2019-11-09,44,07:28:00,Saturday,Kipling Station,Late Leaving Garage - Mechanical,10,20,S/B,7969
2019-11-09,121,07:37:00,Saturday,Princess Gate,Mechanical,19,38,E/B,8583
2019-11-09,106,07:43:00,Saturday,Sheppard west station,Utilized Off Route,11,22,S/B,1340
2019-11-09,29,07:56:00,Saturday,Dufferin at Lawrence,Late Leaving Garage - Mechanical,3,6,N/B,9026
2019-11-09,29,08:11:00,Saturday,Dufferin at Lawrence,Late Leaving Garage - Mechanical,4,8,N/B,9048
2019-11-09,34,08:15:00,Saturday,Entire Route,General Delay,10,30,B/W,
2019-11-09,81,08:23:00,Saturday,Pape Station,Mechanical,7,14,N/B,8548
2019-11-09,29,08:27:00,Saturday,Dufferin at Lawrence,Late Leaving Garage - Operator,4,8,N/B,9010
2019-11-09,133,08:43:00,Saturday,Nielson Rd/Berner Tr,Investigation,10,21,S/B,1274
2019-11-09,52,08:52:00,Saturday,weston road / tollington,Mechanical,15,30,,
2019-11-09,89,09:00:00,Saturday,ENTIRE ROUTE,General Delay,10,30,B/W,
2019-11-09,35,09:01:00,Saturday,Jane station,Utilized Off Route,8,16,N/B,3278
2019-11-09,29,09:02:00,Saturday,Dufferin at Bloor,Utilized Off Route,4,8,S/B,1562
2019-11-09,44,09:08:00,Saturday,Kipling Station,Utilized Off Route,10,20,S/B,8449
2019-11-09,123,09:11:00,Saturday,Long Branch,Late Leaving Garage - Mechanical,20,40,E/B,8073
2019-11-09,48,09:11:00,Saturday,Royal York Station,Utilized Off Route,30,60,E/B,8459
2019-11-09,45,09:12:00,Saturday,Kipling Station,Utilized Off Route,10,20,N/B,8438
2019-11-09,12,09:13:00,Saturday,KINGSTON / Kennedy Station,Mechanical,0,0,W/B,8406
2019-11-09,935,09:18:00,Saturday,Jane station,Utilized Off Route,9,18,N/B,3521
2019-11-09,37,09:25:00,Saturday,ISLINGTON STN,Utilized Off Route,13,26,N/B,8016
2019-11-09,112,09:27:00,Saturday,Kipling Station,Utilized Off Route,17,34,W/B,7973
2019-11-09,32,09:27:00,Saturday,Eglinton West Station,Mechanical,10,20,E/B,1106
2019-11-09,111,09:31:00,Saturday,Kipling Station,Mechanical,18,36,W/B,8013
2019-11-09,32,09:32:00,Saturday,Jane & Wright,Investigation,14,24,E/B,1028
2019-11-09,939,09:37:00,Saturday,Finch West Station,Utilized Off Route,14,28,S/B,1240
2019-11-09,36,09:48:00,Saturday,Humberwood loop,Late Leaving Garage - Management,5,10,E/B,3621
2019-11-09,71,09:50:00,Saturday,Runnymeade Station,Utilized Off Route,10,20,S/B,1018
2019-11-09,60,09:54:00,Saturday,Finch stn,Utilized Off Route,5,10,E/B,3183
2019-11-09,102,10:00:00,Saturday,Markham Rd/HWY 7,Diversion,1,1,B/W,
2019-11-09,6,10:03:00,Saturday,Bay/Gerrard,Mechanical,16,32,S/B,1004
2019-11-09,22,10:08:00,Saturday,COXWELL / Bingham Loop,Mechanical,9,18,W/B,9200
2019-11-09,47,10:39:00,Saturday,Yorkdale Station,Late Leaving Garage - Operator,8,21,S/B,1416
2019-11-09,97,10:48:00,Saturday,Elmwood and Yonge St,Diversion,114,144,S/B,
2019-11-09,87,11:17:00,Saturday,Pape/Cosburn,Mechanical,10,20,E/B,9225
2019-11-09,26,11:19:00,Saturday,Dupont and Lansdowne,Investigation,12,24,W/B,1532
2019-11-09,23,11:27:00,Saturday,DAWES - St.Clair and Rexleigh,Investigation,10,20,S/B,8942
2019-11-09,36,11:35:00,Saturday,Senlac,Investigation,5,10,E/B,3215
2019-11-09,935,11:39:00,Saturday,Jane / Finch,Investigation,10,20,S/B,3546
2019-11-09,21,11:50:00,Saturday,Kennedy Station,Mechanical,14,28,N/B,1688
2019-11-09,36,11:57:00,Saturday,Humberwood loop,Late Leaving Garage - Mechanical,5,10,E/B,3530
2019-11-09,97,12:00:00,Saturday,Yonge and Finch to Sheppard,General Delay,20,50,B/W,
2019-11-09,935,12:17:00,Saturday,Jane and Finch,Investigation,10,20,S/B,3316
2019-11-09,94,12:22:00,Saturday,Ossington Stn,Mechanical,14,28,E/B,1590
2019-11-09,63,12:23:00,Saturday,Eglinton West Station,Mechanical,5,10,S/B,8118
2019-11-09,102,12:30:00,Saturday,Eastpark and Markham,Mechanical,10,20,N/B,8598
2019-11-09,102,12:38:00,Saturday,Warden Station,Mechanical,10,20,N/B,8544
2019-11-09,109,12:45:00,Saturday,Lawrence West Station,Mechanical,40,80,S/B,8154
2019-11-09,81,12:58:00,Saturday,Pape Stn,Utilized Off Route,7,14,N/B,9212
2019-11-09,68,13:00:00,Saturday,Warden and Eglinton,General Delay,10,20,N/B,8780
2019-11-09,73,13:00:00,Saturday,Entire Route,General Delay,25,40,B/W,
2019-11-09,935,13:04:00,Saturday,Pioneer Village Station,Utilized Off Route,10,20,S/B,3298
2019-11-09,123,13:40:00,Saturday,Kipling Station,Mechanical,20,40,W/B,7976
2019-11-09,116,13:45:00,Saturday,Kennedy Station,Investigation,9,18,E/B,8834
2019-11-09,109,13:57:00,Saturday,Lawrence West Station,Mechanical,40,80,N/B,8137
2019-11-09,66,14:00:00,Saturday,Entire Route,General Delay,20,30,B/W,
2019-11-09,80,14:00:00,Saturday,Entire Route,General Delay,25,50,B/W,
2019-11-09,89,14:00:00,Saturday,Weston and St Clair,Mechanical,10,20,S/B,1132
2019-11-09,63,14:00:00,Saturday,Atlantic and King,Diversion,430,440,N/B,8380
2019-11-09,36,14:47:00,Saturday,Weston Road,Investigation,5,10,E/B,3586
2019-11-09,134,15:00:00,Saturday,Progress and Markham,General Delay,15,30,W/B,1341
2019-11-09,102,15:00:00,Saturday,Markham and Progress,General Delay,13,26,B/W,3115
2019-11-09,171,15:04:00,Saturday,Ray Ave and Industry Road,Diversion,296,306,S/B,1264
2019-11-09,71,15:15:00,Saturday,Industry and Black Creek,Diversion,613,623,S/B,1025
2019-11-09,85,15:22:00,Saturday,Midland / Sheppard,Mechanical,5,10,W/B,3467
2019-11-09,169,15:30:00,Saturday,Scarborough Town Center,Mechanical,30,60,S/B,8330
2019-11-09,45,15:34:00,Saturday,Kipling Station,Mechanical,10,20,N/B,8608
2019-11-09,37,15:35:00,Saturday,Islington stn,Mechanical,14,28,N/B,8068
2019-11-09,935,15:51:00,Saturday,Jane Station,Utilized Off Route,9,18,N/B,3212
2019-11-09,44,16:00:00,Saturday,Kipling Station to Colonel Samuel Smith Loop,General Delay,15,24,B/W,
2019-11-09,60,16:00:00,Saturday,Entire route,General Delay,25,34,B/W,
2019-11-09,53,16:00:00,Saturday,Entire route,General Delay,20,26,B/W,
2019-11-09,110,16:06:00,Saturday,Long Branch Loop,Investigation,17,35,N/B,8069
2019-11-09,60,16:08:00,Saturday,Steeles,Mechanical,9,18,E/B,3263
2019-11-09,935,16:08:00,Saturday,Jane Station,Utilized Off Route,9,18,N/B,3502
2019-11-09,29,16:08:00,Saturday,Dufferin and Lawrence,Mechanical,3,6,N/B,9034
2019-11-09,36,16:58:00,Saturday,FWSN,Mechanical,6,10,W/B,3308
2019-11-09,60,17:00:00,Saturday,PVST,Mechanical,9,18,E/B,3321
2019-11-09,66,17:10:00,Saturday,Humber Loop,Mechanical,20,40,N/B,8018
2019-11-09,116,17:29:00,Saturday,Kennedy Station,Mechanical,7,14,E/B,8861
2019-11-09,68,17:50:00,Saturday,Steeles and Warden,Utilized Off Route,13,26,S/B,8642
2019-11-09,54,18:51:00,Saturday,Markham and Lawrence,Mechanical,19,38,,8662
2019-11-09,116,18:51:00,Saturday,Eglinton garage,Late Leaving Garage - Mechanical,9,18,E/B,8635
2019-11-09,52,18:58:00,Saturday,Tollington Rd and Martin Grove Rd,Utilized Off Route,7,17,E/B,1399
2019-11-09,985,19:06:00,Saturday,Scarb. Town Centre,Mechanical,10,20,w,9064
2019-11-09,84,19:35:00,Saturday,Allen and Sheppard,Investigation,10,20,,3342
2019-11-09,116,19:38:00,Saturday,Kennedy Station,Vision,9,18,E/B,8684
2019-11-09,79,19:45:00,Saturday,Eglinton and Scarlett road,Diversion,27,39,S/B,
2019-11-09,7,20:16:00,Saturday,Bathurst Stn,Utilized Off Route,9,18,N/B,8378
2019-11-09,43,20:50:00,Saturday,Midland and Steeles,Mechanical,10,20,S/B,8850
2019-11-09,96,21:15:00,Saturday,Bathurst and Wilson,Investigation,20,40,W/B,3584
2019-11-09,70,21:30:00,Saturday,Warden Station,Mechanical,23,47,W/B,8925
2019-11-09,85,21:45:00,Saturday,Sheppard and Kingston Road,Diversion,205,225,B/W,
2019-11-09,96,21:56:00,Saturday,Wilson and Delahaye,Investigation,20,40,W/B,3207
2019-11-09,6,22:00:00,Saturday,Bay & Front,General Delay,20,40,BW,
2019-11-09,96,22:00:00,Saturday,Wilson and Delahaye,Diversion,260,270,B/W,
2019-11-09,165,22:00:00,Saturday,Wilson and Delahaye,Diversion,285,295,B/W,
2019-11-09,121,22:00:00,Saturday,Bay & Front,General Delay,20,40,BW,
2019-11-09,126,23:03:00,Saturday,Davenport and Christie,Investigation,30,30,S/B,1144
2019-11-09,85,23:04:00,Saturday,Don mills station,Mechanical,16,32,E/B,1343
2019-11-09,53,23:37:00,Saturday,FSTN,Mechanical,20,40,E/B,1393
2019-11-10,89,00:40:00,Sunday,Keele Station,Mechanical,10,20,N/B,1050
2019-11-10,50,00:55:00,Sunday,Westmall and Burnamthrope,Diversion,33,63,E/B,8088
2019-11-10,36,01:14:00,Sunday,Weston,Emergency Services,10,20,W/B,3290
2019-11-10,79,01:15:00,Sunday,Pine and Lawrence,Utilized Off Route,25,50,S/B,1018
2019-11-10,300,02:00:00,Sunday,Bathrust to Parliament,General Delay,15,30,B/W,
2019-11-10,36,02:10:00,Sunday,Finch station,Mechanical,10,30,W/B,3578
2019-11-10,320,02:25:00,Sunday,Queens Quay & Yonge,Mechanical,4,7,N/B,8369
2019-11-10,320,03:47:00,Sunday,Yonge & Wellesley,Mechanical,4,8,N/B,1253
2019-11-10,307,05:31:00,Sunday,Greenwin Village and Bathurst Street,Emergency Services,10,20,S/B,8215
2019-11-10,307,06:17:00,Sunday,Bathurst and Bloor,Mechanical,10,20,S/B,8198
2019-11-10,300,06:25:00,Sunday,Ossington and Bloor,Investigation,1,1,W/B,8584
2019-11-10,29,06:27:00,Sunday,Davenport,Mechanical,10,20,S/B,9151
2019-11-10,29,06:57:00,Sunday,Wilson garage,Late Leaving Garage - Mechanical,12,24,N/B,9029
2019-11-10,300,07:28:00,Sunday,MAIN AND DANFORTH,Investigation,8,16,W/B,8088
2019-11-10,1,07:50:00,Sunday,Eglinton Ave West & Bicknell,Investigation,1,1,E/B,1005
2019-11-10,69,07:52:00,Sunday,Warden Ave/Danforth Ave,Mechanical,20,40,N/B,9233
2019-11-10,300,08:00:00,Sunday,Bloor/Danforth Line,General Delay,20,28,B/W,
2019-11-10,939,08:01:00,Sunday,Finch West Station,Mechanical,16,32,E/B,1709
2019-11-10,939,08:01:00,Sunday,Finch West Station,Late Leaving Garage - Operator,16,32,E/B,1709
2019-11-10,320,08:02:00,Sunday,Steeles/Yonge,Mechanical,9,18,N/B,8707
2019-11-10,14,08:28:00,Sunday,Glencairn Station,Mechanical,20,40,S/B,1356
2019-11-10,95,08:35:00,Sunday,Scarboro College,Mechanical,20,40,E/B,1331
2019-11-10,89,09:00:00,Sunday,ENTIRE ROUTE,General Delay,10,30,B/W,
2019-11-10,64,10:30:00,Sunday,Main at Kingston,Investigation,20,40,N/B,3106
2019-11-10,84,10:45:00,Sunday,sheppard west / Keele,Investigation,10,20,,3191
2019-11-10,43,11:08:00,Sunday,Progress/Midland,Emergency Services,15,30,N/B,8877
2019-11-10,43,11:08:00,Sunday,Progerss/Midland,Diversion,15,30,N/B,
2019-11-10,92,11:17:00,Sunday,Woodbine Beach Loop,Mechanical,20,40,W/B,9207
2019-11-10,165,11:30:00,Sunday,Finch & Weston,Vision,10,20,N/B,3247
2019-11-10,96,11:34:00,Sunday,Westmore & Finch,Vision,9,20,E/B,3282
2019-11-10,96,11:39:00,Sunday,Elmhurst & Islington,Vision,20,40,E/B,3327
2019-11-10,32,11:41:00,Sunday,Eglinton & Allen,Investigation,10,20,W/B,1118
2019-11-10,161,11:41:00,Sunday,Jane & Alliance,Mechanical,16,25,E/B,1061
2019-11-10,63,11:42:00,Sunday,Queen & Shaw,Vision,9,17,S/B,1228
2019-11-10,905,11:44:00,Sunday,Kennedy Station,Mechanical,11,22,E/B,8716
2019-11-10,60,12:00:00,Sunday,Steeles route,General Delay,12,30,B/W,
2019-11-10,1,12:05:00,Sunday,Bay & Front,Investigation,1,1,N/B,8530
2019-11-10,1,12:05:00,Sunday,Bay and Front,Investigation,1,1,E/B,3116
2019-11-10,111,12:20:00,Sunday,Kipling Station,Late Leaving Garage - Operator,11,22,N/B,7969
2019-11-10,32,12:30:00,Sunday,Eglinton Station,Mechanical,10,20,W/B,1016
2019-11-10,93,12:30:00,Sunday,PARKVIEW HILLS / Barker and Woodbine,Investigation,24,48,S/B,9229
2019-11-10,84,12:53:00,Sunday,Weston road and Bradstock,Mechanical,8,16,,3482
2019-11-10,17,13:00:00,Sunday,Birchmount and St Clair,General Delay,18,36,N/B,3138
2019-11-10,9,13:00:00,Sunday,Warden Station,General Delay,22,44,S/B,
2019-11-10,68,13:00:00,Sunday,Eglinton and Warden,General Delay,10,20,S/B,8696
2019-11-10,60,13:08:00,Sunday,Thurman,Investigation,5,10,W/B,3307
2019-11-10,32,13:21:00,Sunday,Gabian Way & Eglinton,Mechanical,10,20,E/B,1066
2019-11-10,32,13:46:00,Sunday,Eglinton Station,Vision,10,20,W/B,1423
2019-11-10,32,13:49:00,Sunday,Keele & Eglinton,Vision,10,20,E/B,1529
2019-11-10,24,14:16:00,Sunday,VICTORIA PARK / Victoria Park Station,Mechanical,7,14,N/B,3144
2019-11-10,935,14:16:00,Sunday,Jane and Driftwood NB,Investigation,10,20,N/B,320
2019-11-10,939,14:19:00,Sunday,Finch / Trudy,Mechanical,10,20,W/B,1209
2019-11-10,52,14:21:00,Sunday,lawrance west stn,Mechanical,8,16,,8128
2019-11-10,39,14:37:00,Sunday,Finch  / Brimley,Investigation,5,11,W/B,1337
2019-11-10,104,14:50:00,Sunday,Sheppard West Station,Mechanical,22,44,S/B,8323
2019-11-10,24,14:56:00,Sunday,VICTORIA PARK / Patrick and Victoria Park,Investigation,7,14,S/B,8527
2019-11-10,35,14:56:00,Sunday,Jane Station,Utilized Off Route,10,20,N/B,3297
2019-11-10,79,14:58:00,Sunday,Jane and Lawernce Ave West,Investigation,12,24,S/B,1057
2019-11-10,36,15:00:00,Sunday,Weston Road,Mechanical,5,10,B/W,3256
2019-11-10,35,15:00:00,Sunday,Jane Station,Utilized Off Route,10,20,N/B,3303
2019-11-10,168,15:05:00,Sunday,Rogers and Old Weston Road,Diversion,105,115,B/W,1359
2019-11-10,985,15:08:00,Sunday,Don Mills Station,Investigation,12,24,E/B,9062
2019-11-10,32,15:15:00,Sunday,Jane & Lawrence,Diversion,25,45,E/B,1118
2019-11-10,34,15:17:00,Sunday,Grenoble and spanbridge,Investigation,18,36,W/B,8868
2019-11-10,41,15:18:00,Sunday,Old Weston and Rogers Road,Diversion,64,75,N/B,1116
2019-11-10,985,15:25:00,Sunday,Don Mills Station,Investigation,12,24,E/B,902
2019-11-10,96,15:49:00,Sunday,Jane & Wilson,Mechanical,1,1,W/B,3178
2019-11-10,20,16:02:00,Sunday,Cliffside/Kennedy,Mechanical,24,48,S/B,8954
2019-11-10,16,16:29:00,Sunday,Scarborough Town Center,Emergency Services,0,0,S/B,8481
2019-11-10,116,16:34:00,Sunday,Kennedy Station,Mechanical,7,14,E/B,8888
2019-11-10,60,16:42:00,Sunday,Bathurst,Mechanical,10,20,E/B,3321
2019-11-10,110,16:50:00,Sunday,Islington stn,Mechanical,20,40,S/B,8073
2019-11-10,41,16:54:00,Sunday,Keele and Rogers,Diversion,74,84,N/B,
2019-11-10,41,17:04:00,Sunday,Keele Station,Mechanical,10,20,N/B,1116
2019-11-10,97,17:32:00,Sunday,Davisville station,Investigation,30,60,N/B,1283
2019-11-10,35,17:32:00,Sunday,Pioneer Village Station,Utilized Off Route,10,20,E/B,3563
2019-11-10,6,17:33:00,Sunday,Bay/Bloor,Mechanical,14,28,S/B,1088
2019-11-10,84,17:46:00,Sunday,Jane and Sheppard,Mechanical,10,20,,3528
2019-11-10,29,17:51:00,Sunday,Wilson Station,Investigation,5,10,S/B,9030
2019-11-10,20,18:02:00,Sunday,Kennedy Station,Emergency Services,30,60,N/B,3124
2019-11-10,17,18:15:00,Sunday,Birchmount,Emergency Services,22,44,B/W,
2019-11-10,32,18:17:00,Sunday,Eglinton West Station,Mechanical,10,20,E/B,1575
2019-11-10,40,19:15:00,Sunday,Dundas West stn,Mechanical,24,48,W/B,8034
2019-11-10,1,19:30:00,Sunday,rosedale station,Mechanical,1,1,S/B,8560
2019-11-10,52,20:00:00,Sunday,Lawrence W Stn,Mechanical,20,40,,8205
2019-11-10,168,20:00:00,Sunday,Avon Loop,Investigation,12,24,S/B,1359
2019-11-10,102,22:18:00,Sunday,St Clair and Brimley,Mechanical,10,20,E/B,8564
2019-11-10,24,22:42:00,Sunday,Victoria Park Station,Utilized Off Route,10,20,N/B,3152
2019-11-10,935,23:11:00,Sunday,Jane station,Mechanical,10,20,N/B,3341
2019-11-10,113,23:48:00,Sunday,Main Station,Emergency Services,30,60,N/B,3157
2019-11-10,39,23:55:00,Sunday,Finch and Kennedy,Mechanical,20,40,W/B,3455
2019-11-10,900,23:57:00,Sunday,Kipling Station,Investigation,15,30,S/B,8008
2019-11-11,47,00:35:00,Monday,Caledonia and Eglinton,Mechanical,13,27,N/B,1586
2019-11-11,37,00:39:00,Monday,Woodbine Casino,Investigation,15,30,S/B,8016
2019-11-11,47,01:09:00,Monday,Caledonia and Eglinton,Mechanical,10,20,N/B,1148
2019-11-11,68,01:40:00,Monday,Warden Station,Investigation,60,1,N/B,8627
2019-11-11,116,01:48:00,Monday,Kennedy Station,Utilized Off Route,10,20,E/B,8725
2019-11-11,65,02:04:00,Monday,Front and Berkeley Street,Mechanical,30,30,W/B,8501
2019-11-11,300,02:16:00,Monday,Bathurst Station,Utilized Off Route,15,30,E/B,3150
2019-11-11,395,02:46:00,Monday,York Mills and Hedgewood Rd,Mechanical,30,60,E/B,1316
2019-11-11,168,04:42:00,Monday,Dundas West Station,Late Leaving Garage - Mechanical,20,20,NB,1263
2019-11-11,25,04:45:00,Monday,egli yard,Mechanical,1,1,E/B,8844
2019-11-11,102,04:48:00,Monday,GARAGE,Late Leaving Garage - Mechanical,1,1,,8942
2019-11-11,54,04:49:00,Monday,egli yard,Mechanical,1,1,E/B,8702
2019-11-11,43,05:03:00,Monday,eglinton yard,Mechanical,1,1,E/B,8772
2019-11-11,43,05:03:00,Monday,egli. Yard,Mechanical,1,1,E/B,8772
2019-11-11,25,05:05:00,Monday,EGGA,Late Leaving Garage - Mechanical,25,50,B/W,8844
2019-11-11,67,05:05:00,Monday,eglinton yard,Mechanical,1,1,E/B,8652
2019-11-11,24,05:07:00,Monday,GARAGE,Late Leaving Garage - Operator,1,1,,3137
2019-11-11,31,05:09:00,Monday,GARAGE,Late Leaving Garage - Mechanical,1,1,,3118
2019-11-11,31,05:09:00,Monday,Birchmount Garage,Late Leaving Garage - Mechanical,1,1,S/B,3118
2019-11-11,986,05:10:00,Monday,egli yard,Mechanical,1,1,E/B,8922
2019-11-11,87,05:15:00,Monday,GARAGE,Late Leaving Garage - Operator,1,1,,8596
2019-11-11,68,05:17:00,Monday,eglinton,Mechanical,1,1,E/B,8898
2019-11-11,87,05:19:00,Monday,GARIAGE,Late Leaving Garage - Operator,1,1,,9200
2019-11-11,45,05:20:00,Monday,Kipling Loop,Diversion,10,20,N/B,8438
2019-11-11,88,05:22:00,Monday,Wilson garage,Mechanical,1,1,,8328
2019-11-11,47,05:22:00,Monday,Mt Dennis garage,Late Leaving Garage - Operator,10,20,N/B,1039
2019-11-11,116,05:26:00,Monday,eglinton,Mechanical,1,1,,7625
2019-11-11,16,05:27:00,Monday,BIRCHMOUNT GARAGE,Late Leaving Garage - Operator,1,1,,8528
2019-11-11,953,05:28:00,Monday,Malvern Garage,Late Leaving Garage - Management,0,0,E/B,9080
2019-11-11,34,05:28:00,Monday,eglinton yard,Late Leaving Garage - Management,1,1,E/B,8727
2019-11-11,50,05:30:00,Monday,Islington Station,Diversion,999,999,BW,
2019-11-11,25,05:30:00,Monday,BRGA,Late Leaving Garage - Mechanical,1,1,S/B,8797
2019-11-11,106,05:30:00,Monday,Wilson garage,Mechanical,1,1,,8344
2019-11-11,68,05:33:00,Monday,eglinton,Mechanical,1,1,E/B,8901
2019-11-11,116,05:34:00,Monday,EGLINTON,Mechanical,1,1,E/B,8895
2019-11-11,505,05:34:00,Monday,GARAGE,Late Leaving Garage - Mechanical,1,1,,8958
2019-11-11,25,05:35:00,Monday,Fresh Meadow and Don Mills Road,Late Leaving Garage - Operator,6,12,S/B,8885
2019-11-11,111,05:35:00,Monday,Eglinton Ave & Martin Grove,Mechanical,8,16,S/B,8066
2019-11-11,86,05:36:00,Monday,eglinton yard,Late Leaving Garage - Management,1,1,E/B,8752
2019-11-11,986,05:42:00,Monday,EGLINTON,Mechanical,1,1,E/B,8900
2019-11-11,26,05:43:00,Monday,Queensways garage,Late Leaving Garage - Management,20,40,E/B,1028
2019-11-11,110,05:45:00,Monday,Islington Station,Diversion,999,999,BW,
2019-11-11,37,05:45:00,Monday,Islington Station,Diversion,999,999,BW,
2019-11-11,121,05:46:00,Monday,GARAGE,Late Leaving Garage - Mechanical,1,1,,8409
2019-11-11,986,05:47:00,Monday,EGLINTON,Mechanical,1,1,E/B,8897
2019-11-11,92,05:48:00,Monday,GARAGE,Late Leaving Garage - Mechanical,1,1,,8474
2019-11-11,106,05:50:00,Monday,Pioneer Village stn,Late Leaving Garage - Mechanical,13,13,S/B,8344
2019-11-11,937,05:50:00,Monday,Islington Station,Diversion,244,255,BW,
2019-11-11,34,05:53:00,Monday,EGLINTON,Mechanical,1,1,E/B,8794
2019-11-11,54,05:59:00,Monday,Railside and Lawrence,Mechanical,8,16,W/B,8764
2019-11-11,121,05:59:00,Monday,GARAGE,Late Leaving Garage - Operator,1,1,,8592
2019-11-11,12,06:01:00,Monday,BIRCHMOUNT GARAGE,Late Leaving Garage - Mechanical,1,1,,9227
2019-11-11,25,06:02:00,Monday,Pape Station,Mechanical,1,1,S/B,8662
2019-11-11,17,06:04:00,Monday,GARAGE,Late Leaving Garage - Mechanical,1,1,,8472
2019-11-11,17,06:08:00,Monday,warden stn,Mechanical,7,14,S/B,9207
2019-11-11,36,06:13:00,Monday,Finch west station,Vision,5,10,BW,3326
2019-11-11,121,06:14:00,Monday,Princess Gate,Late Leaving Garage - Mechanical,16,32,E/B,8409
2019-11-11,100,06:15:00,Monday,EGLINTON,Mechanical,1,1,E/B,8686
2019-11-11,985,06:18:00,Monday,Malvern Gate,Late Leaving Garage - Operator,12,24,W/B,9061
2019-11-11,985,06:25:00,Monday,STC,Late Leaving Garage - Mechanical,9,9,E/B,9099
2019-11-11,100,06:27:00,Monday,EGLINTON,Mechanical,1,1,E/B,8714
2019-11-11,59,06:30:00,Monday,Culford and Harrow,Mechanical,14,28,E/B,3701
2019-11-11,100,06:31:00,Monday,EGLINTON,Mechanical,1,1,E/B,8689
2019-11-11,902,06:32:00,Monday,GARAGE,Late Leaving Garage - Mechanical,1,1,,8575
2019-11-11,144,06:32:00,Monday,EGLINTON,Mechanical,1,1,E/B,8635
2019-11-11,905,06:40:00,Monday,EGLINTON YARD,Mechanical,1,1,E/B,8791
2019-11-11,960,07:00:00,Monday,Yonge and Steels to Finch Station,Diversion,10,20,B/W,
2019-11-11,43,07:04:00,Monday,Kennedy Station,Late Leaving Garage - Management,10,20,E/B,8746
2019-11-11,32,07:09:00,Monday,Renforth Station,Late Leaving Garage - Operator,7,14,E/B,1379
2019-11-11,5,07:10:00,Monday,BLOOR/AVENUE,Diversion,300,312,B/W,
2019-11-11,902,07:10:00,Monday,warden stn,Late Leaving Garage - Operator,10,20,S/B,3118
2019-11-11,142,07:10:00,Monday,Bloor and Avenue rd.,Diversion,170,190,B/W,
2019-11-11,716,07:12:00,Monday,Victoria Park,Utilized Off Route,1,1,W/B,8589
2019-11-11,704,07:19:00,Monday,York Mills and Yonge,Utilized Off Route,1,1,E/B,3220
2019-11-11,36,07:20:00,Monday,Humberwood loop,Utilized Off Route,5,10,E/B,3233
2019-11-11,63,07:26:00,Monday,Canniff/Strachan,Late Leaving Garage - Mechanical,4,7,S/B,8106
2019-11-11,161,07:27:00,Monday,Jane/Alliance,Mechanical,1,1,E/B,1618
2019-11-11,32,07:34:00,Monday,Eglinton West Station,Vision,7,14,E/B,1043
2019-11-11,169,07:35:00,Monday,Commander and McCowan,Diversion,147,162,B/W,
2019-11-11,7,07:41:00,Monday,Neptune Drive / Bathurst,Investigation,12,24,S/B,8118
2019-11-11,47,07:58:00,Monday,Mt Dennis garage,Late Leaving Garage - Mechanical,9,18,S/B,1549
2019-11-11,953,08:00:00,Monday,Finch station,Diversion,5,10,BW,
2019-11-11,32,08:03:00,Monday,Pine/Lawrence,Vision,7,14,E/B,1349
2019-11-11,716,08:30:00,Monday,Warden and St Clair,Utilized Off Route,,,N/B,8554
2019-11-11,54,08:52:00,Monday,Gooderham and Lawrence,Mechanical,8,16,W/B,8869
2019-11-11,64,09:00:00,Monday,64 Main Route,General Delay,10,20,B/W,8959
2019-11-11,57,09:15:00,Monday,Kennedy Station,Mechanical,14,28,N/B,8855
2019-11-11,105,09:38:00,Monday,Sheppard W stn,Mechanical,12,23,N/B,8159
2019-11-11,34,10:00:00,Monday,EGLINTON/SWIFT,General Delay,25,37,W/B,
2019-11-11,165,10:11:00,Monday,Wilson/Bathurst,Mechanical,12,24,W/B,3293
2019-11-11,900,10:17:00,Monday,Kipling Station,Investigation,9,18,N/B,8008
2019-11-11,40,10:20:00,Monday,Kipling Station,Investigation,20,40,E/B,7964
2019-11-11,167,10:30:00,Monday,Victoria Park/Consumers,Diversion,55,85,S/B,9228
2019-11-11,25,10:34:00,Monday,Eglinton Ave,Investigation,9,18,S/B,8824
2019-11-11,11,10:45:00,Monday,SUNNYBROOK HOSPITAL,Diversion,75,88,B/W,
2019-11-11,59,11:02:00,Monday,Lawrence West and Apex,Investigation,45,90,W/B,3283
2019-11-11,34,11:14:00,Monday,VICTORIA PARK/ELGINTON,Mechanical,12,24,W/B,8622
2019-11-11,52,11:14:00,Monday,Lawrence and Weston rd.,Investigation,14,28,W/B,1210
2019-11-11,36,11:15:00,Monday,Finch west station,Mechanical,5,10,E/B,3305
2019-11-11,37,11:54:00,Monday,Islington and Westhampton,Mechanical,20,40,N/B,8433
2019-11-11,85,11:55:00,Monday,Dons Mills Station,Mechanical,8,15,E/B,3416
2019-11-11,985,12:00:00,Monday,Dons Mills Station - Meadowvale Loop,General Delay,20,40,B/W,
2019-11-11,98,12:00:00,Monday,Peckham - Steeles and Willowdale Loop,General Delay,15,30,B/W,
2019-11-11,85,12:00:00,Monday,Rougehill Go -Sheppard and Yong Station,General Delay,15,30,B/W,
2019-11-11,106,12:00:00,Monday,Pioneer Village - Sheppard West Station,General Delay,10,20,B/W,
2019-11-11,37,12:36:00,Monday,Finch and Islington,Investigation,,,N/B,8443
2019-11-11,93,12:36:00,Monday,Cosburn Ave,Mechanical,15,30,S/B,8595
2019-11-11,75,12:42:00,Monday,,Investigation,8,15,S/B,1237
2019-11-11,85,12:50:00,Monday,Malvern Gate,Mechanical,15,22,E/B,3435
2019-11-11,63,12:54:00,Monday,St. Clair/Oakwood,Mechanical,10,20,N/B,8348
2019-11-11,32,13:16:00,Monday,Emmet,Mechanical,13,26,E/B,1118
2019-11-11,39,13:51:00,Monday,Finch Station,Investigation,16,32,E/B,1403
2019-11-11,68,14:01:00,Monday,Warden Ave/Ashtonbee Rd,Investigation,10,20,S/B,8829
2019-11-11,54,14:06:00,Monday,Eglinton Yard,Mechanical,0,0,OB,8852
2019-11-11,935,14:07:00,Monday,Jane Stn,Mechanical,10,19,N/B,3356
2019-11-11,16,14:13:00,Monday,McCowan/ St.Andrews,Diversion,67,80,S/B,
2019-11-11,116,14:14:00,Monday,Eglinton Yard,Mechanical,0,0,OB,8635
2019-11-11,32,14:15:00,Monday,Eglinton Ave W & Castle Knock Rd,Mechanical,9,18,W/B,1357
2019-11-11,40,14:17:00,Monday,Mabelle/Cordova,Investigation,20,40,W/B,8025
2019-11-11,73,14:23:00,Monday,Edenbridge and royal york,Investigation,28,56,N/B,8064
2019-11-11,63,14:23:00,Monday,Oakwood Loop,Mechanical,4,8,S/B,8186
2019-11-11,25,14:29:00,Monday,Eglinton Yard,Mechanical,0,0,OB,8686
2019-11-11,102,14:30:00,Monday,Markham route,General Delay,25,25,B/W,
2019-11-11,16,14:30:00,Monday,McCowan,General Delay,15,15,B/W,
2019-11-11,854,14:30:00,Monday,Eglinton Yard,Mechanical,0,0,OB,8934
2019-11-11,34,14:31:00,Monday,Kennedy Station,Mechanical,12,24,W/B,8828
2019-11-11,952,14:33:00,Monday,Wilson garage,Mechanical,1,1,,1217
2019-11-11,11,14:37:00,Monday,Bayview and Sheppard,Investigation,15,30,S/B,8351
2019-11-11,129,14:43:00,Monday,McCowan Rd/Finch Ave E,Mechanical,4,14,N/B,1654
2019-11-11,32,14:44:00,Monday,Emmet,Mechanical,8,16,E/B,1045
2019-11-11,122,14:45:00,Monday,York Mills Station,Late Leaving Garage - Management,11,22,E/B,8396
2019-11-11,85,14:47:00,Monday,Sheppard and Dean Park Road,Investigation,7,15,E/B,3459
2019-11-11,53,14:49:00,Monday,Dumont,Investigation,5,10,W/B,3476
2019-11-11,98,14:49:00,Monday,Wilson garage,Mechanical,1,1,,8301
2019-11-11,36,14:50:00,Monday,Sentinel,Diversion,,1,W/B,9131
2019-11-11,142,14:55:00,Monday,Wilson garage,Vision,1,1,,8150
2019-11-11,5,14:56:00,Monday,Eglinton Station,Late Leaving Garage - Management,20,40,S/B,1276
2019-11-11,116,14:56:00,Monday,Eglinton Yard,Mechanical,0,0,OB,8900
2019-11-11,54,14:57:00,Monday,Eglinton Yard,Mechanical,0,0,OB,8897
2019-11-11,116,14:59:00,Monday,Eglinton Yard,Mechanical,0,0,OB,8680
2019-11-11,133,15:00:00,Monday,Neilson,General Delay,20,1,B/W,
2019-11-11,60,15:00:00,Monday,Entire Route.,General Delay,30,60,B/W,
2019-11-11,42,15:00:00,Monday,Entire Route,General Delay,17,36,BW,
2019-11-11,68,15:00:00,Monday,Warden,General Delay,30,1,B/W,
2019-11-11,129,15:00:00,Monday,McCowan,General Delay,25,1,B/W,
2019-11-11,132,15:00:00,Monday,Milner,General Delay,20,1,B/W,
2019-11-11,134,15:00:00,Monday,Progress,General Delay,20,1,B/W,
2019-11-11,903,15:00:00,Monday,Kennedy-Scarborough Centre Express,General Delay,20,1,B/W,
2019-11-11,23,15:00:00,Monday,Main Station to 195 Rexleigh Dr,General Delay,10,20,B/W,
2019-11-11,131,15:00:00,Monday,Nugget,General Delay,20,1,B/W,
2019-11-11,144,15:10:00,Monday,Eglinton yard,Mechanical,0,0,OB,8632
2019-11-11,52,15:11:00,Monday,Westwood Mall,Mechanical,10,20,E/B,8380
2019-11-11,111,15:11:00,Monday,Kipling Station,Mechanical,10,20,W/B,8001
2019-11-11,25,15:13:00,Monday,Eglinton Yard,Mechanical,0,0,OB,8684
2019-11-11,16,15:14:00,Monday,Warden station,Utilized Off Route,13,26,N/B,3116
2019-11-11,963,15:18:00,Monday,Morning side and Night Star,Late Leaving Garage - Mechanical,12,24,E/B,3410
2019-11-11,935,15:20:00,Monday,Jane Stn,Late Leaving Garage - Mechanical,10,19,N/B,3580
2019-11-11,116,15:22:00,Monday,Eglinton Yard,Mechanical,0,0,OB,8731
2019-11-11,86,15:23:00,Monday,Manse/ Lawrence,Investigation,8,16,W/B,8659
2019-11-11,68,15:24:00,Monday,Warden STN,Late Leaving Garage - Mechanical,17,51,N/B,8643
2019-11-11,17,15:24:00,Monday,Wintermute,Late Leaving Garage - Management,9,18,N/B,8488
2019-11-11,25,15:24:00,Monday,Eglinton Yard,Mechanical,0,0,OB,8798
2019-11-11,52,15:25:00,Monday,Lawrence W station,Mechanical,10,20,W/B,1249
2019-11-11,925,15:28:00,Monday,Donmils aqnd seneca,Investigation,10,20,,8653
2019-11-11,95,15:30:00,Monday,York Mills Station to Kingston Road Loop,General Delay,30,40,B/W,
2019-11-11,122,15:30:00,Monday,Roywoods and Fenside to York Mills Station,General Delay,31,42,B/W,
2019-11-11,109,15:30:00,Monday,Eglinton West Station to Bathurst and Neptune,General Delay,42,64,B/W,
2019-11-11,995,15:30:00,Monday,York Mills Station,General Delay,30,40,B/W,
2019-11-11,78,15:30:00,Monday,Carluke and Fifeshire to York Mills Station,General Delay,30,45,B/W,
2019-11-11,115,15:30:00,Monday,York Mills Station to bannatyne and Silvergrove,General Delay,35,55,B/W,
2019-11-11,59,15:30:00,Monday,Oak and Weston to Lawrence West Station,General Delay,47,74,B/W,
2019-11-11,927,15:30:00,Monday,Entire Route,General Delay,18,24,B/W,
2019-11-11,900,15:30:00,Monday,Entrie Route,General Delay,18,26,B/W,
2019-11-11,117,15:30:00,Monday,Duffrin and Steeles,Late Leaving Garage - Mechanical,12,26,S/B,8121
2019-11-11,46,15:30:00,Monday,Entire Route,General Delay,18,26,B/W,
2019-11-11,52,15:35:00,Monday,Lawrence Stn,Diversion,180,190,,1226
2019-11-11,7,15:38:00,Monday,SB on Bathrust at Dewbourne,Investigation,8,16,S/B,8208
2019-11-11,45,15:39:00,Monday,Kipling Station,Mechanical,6,12,S/B,8018
2019-11-11,116,15:50:00,Monday,Morningside and Finch,Investigation,7,14,S/B,8929
2019-11-11,69,15:54:00,Monday,Danforth Rd/ Warden,Diversion,49,56,N/B,
2019-11-11,45,16:00:00,Monday,Kipling Station to Steeles and Disco and Attwell,General Delay,20,30,B/W,
2019-11-11,71,16:00:00,Monday,Runnymede Loop to,General Delay,20,30,B/W,
2019-11-11,53,16:00:00,Monday,53 Steeles East route,General Delay,6,12,B/W,0
2019-11-11,953,16:00:00,Monday,953 Steeles Expess Route,General Delay,9,18,B/W,0
2019-11-11,123,16:00:00,Monday,Kipling Station to Long Branch Loop,General Delay,20,35,B/W,
2019-11-11,55,16:00:00,Monday,Old Mill to Underwood,General Delay,20,35,B/W,
2019-11-11,111,16:00:00,Monday,Kipling Station to Willowridge,General Delay,20,35,B/W,
2019-11-11,36,16:00:00,Monday,36 Finch West Route,General Delay,6,12,B/W,0
2019-11-11,44,16:00:00,Monday,Kipling Station to Colonel Samuel Smith Loop,General Delay,20,27,B/W,
2019-11-11,49,16:00:00,Monday,Kipling Station to Markland and Bloor,General Delay,20,35,B/W,
2019-11-11,30,16:00:00,Monday,High Park Station to Runnymede Loop,General Delay,20,27,B/W,
2019-11-11,23,16:00:00,Monday,23 Dawes route,General Delay,7,14,B/W,
2019-11-11,112,16:00:00,Monday,Kipling Station to Disco and Attwell,General Delay,20,35,B/W,
2019-11-11,189,16:00:00,Monday,Full Stockyards Route,General Delay,20,35,B/W,
2019-11-11,97,16:00:00,Monday,Hilda and Steeles to Queens Quay and Yonge,General Delay,20,50,B/W,
2019-11-11,953,16:08:00,Monday,Midland and steeles,Mechanical,5,10,W/B,9067
2019-11-11,924,16:25:00,Monday,Victoria Park & Sheppard,Investigation,10,19,S/B,8563
2019-11-11,32,16:28:00,Monday,Eglinton Ave W & Allen,Investigation,10,20,E/B,1131
2019-11-11,60,16:30:00,Monday,SignalHill,Utilized Off Route,1,1,E/B,3342
2019-11-11,41,16:30:00,Monday,Keele and Eglinton,Investigation,16,32,S/B,9026
2019-11-11,87,16:32:00,Monday,Secord and Eastdale,Investigation,7,13,E/B,8482
2019-11-11,39,16:40:00,Monday,Finch and McCawan,Mechanical,15,30,W/B,1568
2019-11-11,54,16:42:00,Monday,Bayview and Eglinton,Investigation,10,20,E/B,8638
2019-11-11,989,16:50:00,Monday,Weston/Denis,Investigation,14,27,N/B,1098
2019-11-11,54,17:03:00,Monday,Victoria Park and Lawrence,Mechanical,10,20,E/B,8804
2019-11-11,53,17:18:00,Monday,Passmore and Markham,Late Leaving Garage - Mechanical,5,10,W/B,1718
2019-11-11,39,17:21:00,Monday,McCawan,Mechanical,14,29,E/B,1593
2019-11-11,144,17:23:00,Monday,Victoria Park & Parkwoods Village,Investigation,20,40,S/B,8644
2019-11-11,34,17:40:00,Monday,Grenoble and Spanbridge,Investigation,13,26,E/B,8875
2019-11-11,41,17:43:00,Monday,King Geaorge Blvd,Investigation,12,24,S/B,9033
2019-11-11,16,17:51:00,Monday,Warden Station,Investigation,10,20,N/B,9227
2019-11-11,94,18:25:00,Monday,Wellesley and Jarvis,Mechanical,16,32,W/B,1102
2019-11-11,57,18:30:00,Monday,Midland and Ellesmere,Investigation,8,16,S/B,8724
2019-11-11,23,19:00:00,Monday,23 Dawes route,General Delay,10,20,B/W,
2019-11-11,64,19:00:00,Monday,64 Main route,General Delay,12,24,B/W,
2019-11-11,53,19:02:00,Monday,Finch station,Investigation,5,10,E/B,1238
2019-11-11,939,19:24:00,Monday,Bead Fernway,Investigation,12,21,E/B,3424
2019-11-11,35,19:30:00,Monday,Jane Station,Utilized Off Route,10,20,N/B,3195
2019-11-11,900,19:33:00,Monday,427/27,Mechanical,12,22,N/B,8005
2019-11-11,51,19:37:00,Monday,Eglinton and Laird,Mechanical,21,42,W/B,1383
2019-11-11,47,19:38:00,Monday,Queen and Lansdowne,Utilized Off Route,10,21,N/B,1024
2019-11-11,126,19:40:00,Monday,St.Clair West Station,Diversion,78,108,N/B,
2019-11-11,935,19:40:00,Monday,Jane Station,Utilized Off Route,10,20,N/B,3595
2019-11-11,89,19:45:00,Monday,Keele Stn.,Utilized Off Route,10,20,N/B,1085
2019-11-11,709,19:50:00,Monday,Eglinton West Station,Utilized Off Route,1,1,E/B,1019
2019-11-11,32,19:50:00,Monday,Eglinton West Station,Utilized Off Route,10,20,W/B,1021
2019-11-11,90,19:50:00,Monday,St Clair West Station,Diversion,5,10,N/B,8102
2019-11-11,63,19:52:00,Monday,Eglinton West Station,Utilized Off Route,8,17,S/B,8186
2019-11-11,168,19:59:00,Monday,Avon Loop,Utilized Off Route,11,22,W/B,1146
2019-11-11,63,20:00:00,Monday,St.Clair and Oakwood,Utilized Off Route,8,17,S/B,1227
2019-11-11,939,20:00:00,Monday,Fnch west station to Scarbrough town center,General Delay,18,25,B/W,
2019-11-11,39,20:00:00,Monday,Finch and Don Mills,General Delay,25,35,B/W,
2019-11-11,162,20:01:00,Monday,The Donway and Don Mills,Investigation,30,60,W/B,8163
2019-11-11,24,20:07:00,Monday,Victoria Park station,Mechanical,8,15,S/B,8499
2019-11-11,63,20:19:00,Monday,St.Clair and Oakwood,Utilized Off Route,8,17,N/B,8321
2019-11-11,102,20:20:00,Monday,markham and Eglinton,Mechanical,20,40,S/B,8475
2019-11-11,6,20:26:00,Monday,Dupont & Davenport,Utilized Off Route,15,30,N/B,1113
2019-11-11,7,20:30:00,Monday,Bathurst Station,Utilized Off Route,8,17,N/B,1212
2019-11-11,935,20:35:00,Monday,Jane Station,Utilized Off Route,9,18,N/B,3235
2019-11-11,121,20:51:00,Monday,Prince's Gate loop,Mechanical,20,40,E/B,9233
2019-11-11,913,21:13:00,Monday,Progress Express,General Delay,25,1,B/W,
2019-11-11,53,21:45:00,Monday,Finch station,Mechanical,5,10,E/B,1680
2019-11-11,54,22:25:00,Monday,Don Mills and Eglinton,Investigation,10,20,,8638
2019-11-11,8,23:00:00,Monday,Broadview station,Investigation,30,60,N/B,3100
2019-11-11,939,23:10:00,Monday,Don mills and Finch,Utilized Off Route,9,18,E/B,3429
2019-11-11,87,23:18:00,Monday,Broadview station,Utilized Off Route,11,22,S/B,8588
2019-11-11,123,23:20:00,Monday,Long Branch Loop,General Delay,15,30,N/B,8614
2019-11-11,110,23:20:00,Monday,Long Branch Loop,General Delay,15,30,N/B,7960
2019-11-11,36,23:21:00,Monday,Finch station,Mechanical,10,20,W/B,9118
2019-11-11,102,23:30:00,Monday,Warden Station,Utilized Off Route,22,44,E/B,3130
2019-11-11,85,23:34:00,Monday,Victoria Park and Sheppard,Utilized Off Route,20,40,E/B,1712
2019-11-11,85,23:38:00,Monday,Rouge Hill Go Station,Utilized Off Route,22,44,W/B,3538
2019-11-11,63,23:40:00,Monday,atlantic and king,Utilized Off Route,10,20,N/B,1241
2019-11-11,22,23:48:00,Monday,Bingham Loop,Mechanical,10,20,W/B,3164
2019-11-11,34,23:50:00,Monday,Eglinton East & Ionview,Investigation,11,22,E/B,8628
2019-11-11,102,23:50:00,Monday,Warden Station,Utilized Off Route,22,44,E/B,3110
2019-11-11,29,23:53:00,Monday,dufferin and davenport,Mechanical,10,20,N/B,9028
2019-11-12,98,00:07:00,Tuesday,Sheppard and Yonge Station,Mechanical,22,44,N/B,8111
2019-11-12,34,00:47:00,Tuesday,Don Mills & Eglinton,Mechanical,11,22,W/B,8935
2019-11-12,39,01:00:00,Tuesday,Finch and Neilson,Diversion,30,40,W/B,
2019-11-12,35,01:55:00,Tuesday,Sheppard and Jane,Mechanical,15,30,N/B,3520
2019-11-12,320,02:00:00,Tuesday,Yonge steeles to Queens quay,General Delay,11,15,S/B,
2019-11-12,29,02:00:00,Tuesday,Dufferin and Steeles,Vision,30,60,S/B,9010
2019-11-12,32,02:00:00,Tuesday,Terminal 3 to Eglinton station,General Delay,30,60,B/W,
2019-11-12,300,02:24:00,Tuesday,Kennedy Station,Mechanical,20,40,W/B,8671
2019-11-12,300,02:29:00,Tuesday,Broadview Station,Emergency Services,10,20,E/B,8097
2019-11-12,300,02:34:00,Tuesday,Bloor Street and Eagle Ave,Mechanical,10,20,E/B,8057
2019-11-12,116,02:37:00,Tuesday,Neilson Rd and Morningside Ave,Emergency Services,1,1,S/B,8669
2019-11-12,395,03:23:00,Tuesday,Ellesmere Rd and Gander,Mechanical,30,60,E/B,3542
2019-11-12,320,03:26:00,Tuesday,Wellinton and Bay,Mechanical,3,7,S/B,8335
2019-11-12,39,04:00:00,Tuesday,Route 39,General Delay,20,25,B/W,
2019-11-12,384,04:20:00,Tuesday,Sheppard and Brentwood,Mechanical,30,60,W/B,3368
2019-11-12,320,04:35:00,Tuesday,Front and bay,Emergency Services,3,7,S/B,8177
2019-11-12,52,04:38:00,Tuesday,Wilson Garage,Mechanical,1,1,,1243
2019-11-12,307,04:43:00,Tuesday,Bathurst and King,Investigation,30,60,S/B,8107
2019-11-12,34,04:48:00,Tuesday,eglinton yard,Mechanical,1,1,E/B,8666
2019-11-12,54,04:50:00,Tuesday,eglinton yard,Mechanical,1,1,E/B,8721
2019-11-12,9,04:56:00,Tuesday,GARAGE,Late Leaving Garage - Mechanical,1,1,,8594
2019-11-12,709,04:56:00,Tuesday,Mt Dennis garage,Utilized Off Route,,,S/B,1045
2019-11-12,52,04:57:00,Tuesday,Wilson  Garage,Late Leaving Garage - Mechanical,1,1,,1243
2019-11-12,939,05:00:00,Tuesday,Route  939,General Delay,25,30,B/W,
2019-11-12,935,05:01:00,Tuesday,Pioneer stn,Mechanical,8,16,S/B,3365
2019-11-12,604,05:03:00,Tuesday,Arrow garage,Utilized Off Route,,,S/B,3300
2019-11-12,17,05:05:00,Tuesday,GARAGE,Late Leaving Garage - Mechanical,1,1,,8480
2019-11-12,604,05:07:00,Tuesday,Arrow garage,Utilized Off Route,,,S/B,3342
2019-11-12,7,05:07:00,Tuesday,Wilson Garage,Mechanical,1,1,,1374
2019-11-12,300,05:07:00,Tuesday,Kipling stn,Investigation,35,65,W/B,8789
2019-11-12,91,05:10:00,Tuesday,GARAGE,Late Leaving Garage - Operator,1,1,,3152
2019-11-12,9,05:12:00,Tuesday,GARAGE,Late Leaving Garage - Mechanical,1,1,,8504
2019-11-12,17,05:12:00,Tuesday,GARAGE,Late Leaving Garage - Mechanical,1,1,,3125
2019-11-12,35,05:13:00,Tuesday,Jane stn,Mechanical,13,26,N/B,3183
2019-11-12,25,05:14:00,Tuesday,eglinton yard,Mechanical,1,1,E/B,8735
2019-11-12,16,05:14:00,Tuesday,GARAGE,Late Leaving Garage - Operator,1,1,,8491
2019-11-12,7,05:15:00,Tuesday,Wilson Garage,Late Leaving Garage - Mechanical,1,1,,1374
2019-11-12,604,05:15:00,Tuesday,Arrow garage,Utilized Off Route,,,S/B,3344
2019-11-12,87,05:16:00,Tuesday,GARAGE,Late Leaving Garage - Mechanical,1,1,,3140
2019-11-12,65,05:17:00,Tuesday,GARAGE,Late Leaving Garage - Mechanical,1,1,,9201
2019-11-12,43,05:18:00,Tuesday,eglinton yard,Mechanical,1,1,E/B,8686
2019-11-12,17,05:18:00,Tuesday,GARAGE,Late Leaving Garage - Mechanical,1,1,,8503
2019-11-12,606,05:18:00,Tuesday,Kennedy and Eglinton,Utilized Off Route,,,S/B,3109
2019-11-12,505,05:20:00,Tuesday,GARAGE,Late Leaving Garage - Mechanical,1,1,,8489
2019-11-12,81,05:21:00,Tuesday,GARAGE,Late Leaving Garage - Mechanical,1,1,,8519
2019-11-12,86,05:21:00,Tuesday,eglinton yard,Mechanical,1,1,E/B,8775
2019-11-12,102,05:22:00,Tuesday,GARAGE,Late Leaving Garage - Mechanical,1,1,,3129
2019-11-12,606,05:24:00,Tuesday,Kennedy stn,Utilized Off Route,,,S/B,9239
2019-11-12,95,05:25:00,Tuesday,Warden and Sheppard,Mechanical,11,41,W/B,1573
2019-11-12,20,05:28:00,Tuesday,GARAGE,Late Leaving Garage - Operator,1,1,,9225
2019-11-12,50,05:30:00,Tuesday,Islington Station,Diversion,999,999,BW,
2019-11-12,25,05:31:00,Tuesday,eglinton yard,Mechanical,1,1,E/B,8815
2019-11-12,925,05:31:00,Tuesday,eglinton yard,Mechanical,1,1,E/B,8866
2019-11-12,16,05:31:00,Tuesday,GARAGE,Late Leaving Garage - Operator,1,1,,9234
2019-11-12,11,05:34:00,Tuesday,Wilson Garage,Mechanical,1,1,,8338
2019-11-12,110,05:45:00,Tuesday,Islington Station,Diversion,999,999,BW,
2019-11-12,37,05:45:00,Tuesday,Islington Station,Diversion,999,999,BW,
2019-11-12,34,05:49:00,Tuesday,eglintonyard,Late Leaving Garage - Management,1,1,E/B,8927
2019-11-12,83,05:50:00,Tuesday,GARAGE,Late Leaving Garage - Mechanical,1,1,,3142
2019-11-12,937,05:50:00,Tuesday,Islington Station,Diversion,244,255,BW,
2019-11-12,17,05:53:00,Tuesday,warden stn,Mechanical,7,21,S/B,8548
2019-11-12,39,05:54:00,Tuesday,Finch and Don Mills,Mechanical,10,20,W/B,1385
2019-11-12,23,05:55:00,Tuesday,GARAGE,Late Leaving Garage - Mechanical,1,1,,8552
2019-11-12,59,05:55:00,Tuesday,Lawrence West Station,Late Leaving Garage - Operator,24,1,W/B,3700
2019-11-12,100,05:56:00,Tuesday,eglinton yard,Mechanical,1,1,E/B,8662
2019-11-12,11,05:57:00,Tuesday,Wilson Garage,Mechanical,1,1,,8146
2019-11-12,32,05:58:00,Tuesday,Emmett,Late Leaving Garage - Mechanical,12,12,E/B,1503
2019-11-12,111,06:00:00,Tuesday,Kipling Station,Mechanical,11,22,N/B,8413
2019-11-12,32,06:02:00,Tuesday,Pine/Lawrence,Late Leaving Garage - Operator,6,17,E/B,1063
2019-11-12,70,06:04:00,Tuesday,eglinton yard,Mechanical,1,1,E/B,8892
2019-11-12,54,06:06:00,Tuesday,eglinton yard,Late Leaving Garage - Operator,1,1,E/B,8798
2019-11-12,36,06:09:00,Tuesday,FWSN,Late Leaving Garage - Mechanical,5,11,W/B,9113
2019-11-12,24,06:14:00,Tuesday,GARAGE,Late Leaving Garage - Mechanical,1,1,,3108
2019-11-12,95,06:16:00,Tuesday,Kingston Road Loop,Late Leaving Garage - Mechanical,8,16,W/B,3540
2019-11-12,100,06:18:00,Tuesday,DMWF,Late Leaving Garage - Management,3,7,S/B,8895
2019-11-12,36,06:23:00,Tuesday,FWSN,Late Leaving Garage - Management,4,9,W/B,3298
2019-11-12,54,06:24:00,Tuesday,eglinton yard,Mechanical,1,1,E/B,8795
2019-11-12,17,06:24:00,Tuesday,GARAGE,Late Leaving Garage - Mechanical,1,1,,8548
2019-11-12,939,06:26:00,Tuesday,Malvern garage POD Scarborough town centre,Late Leaving Garage - Management,8,15,W/B,1655
2019-11-12,925,06:27:00,Tuesday,eglinton yard,Mechanical,1,1,E/B,8646
2019-11-12,130,06:30:00,Tuesday,Scarborough Town Center to Middlefield/Steeles,General Delay,11,31,B/W,
2019-11-12,132,06:30:00,Tuesday,Scarborough Town Center to Hupfield/Sewells,General Delay,10,22,B/W,
2019-11-12,32,06:30:00,Tuesday,Eglinton station,Late Leaving Garage - Mechanical,11,11,W/B,1098
2019-11-12,134,06:30:00,Tuesday,Scarborough Town Center to Baldoon and Finch,General Delay,8,26,B/W,
2019-11-12,118,06:30:00,Tuesday,Wilson station,Late Leaving Garage - Operator,20,40,W/B,3527
2019-11-12,14,06:30:00,Tuesday,GLENCARIN STATION,Mechanical,16,32,E/B,1032
2019-11-12,57,06:31:00,Tuesday,Eglinton yard,Late Leaving Garage - Management,1,1,E/B,8850
2019-11-12,935,06:35:00,Tuesday,Arrow garage,Late Leaving Garage - Operator,8,16,S/B,3310
2019-11-12,23,06:39:00,Tuesday,GARAGE,Late Leaving Garage - Operator,1,1,,8500
2019-11-12,960,06:40:00,Tuesday,Finch Station,Late Leaving Garage - Operator,10,20,N/B,3286
2019-11-12,12,06:40:00,Tuesday,GARAGE,Late Leaving Garage - Mechanical,1,1,,8955
2019-11-12,66,06:45:00,Tuesday,Entire Route Northbound,General Delay,25,35,NB,
2019-11-12,86,06:45:00,Tuesday,Kennedy station,Mechanical,18,36,E/B,8775
2019-11-12,60,06:49:00,Tuesday,Pioneer Village Station,Mechanical,4,10,W/B,3286
2019-11-12,953,06:52:00,Tuesday,PAMK,Late Leaving Garage - Operator,7,14,W/B,9095
2019-11-12,124,06:52:00,Tuesday,Roe Loop,Late Leaving Garage - Mechanical,20,40,S/B,8154
2019-11-12,902,06:52:00,Tuesday,warden stn,Late Leaving Garage - Operator,10,20,S/B,8482
2019-11-12,935,06:53:00,Tuesday,Arrow garage,Late Leaving Garage - Operator,7,14,S/B,3701
2019-11-12,84,06:54:00,Tuesday,Sheppard Station,Mechanical,18,36,W/B,3245
2019-11-12,954,06:55:00,Tuesday,Scarborough Golf Club,Mechanical,10,20,W/B,8730
2019-11-12,45,06:55:00,Tuesday,Kipling and Belfield,Mechanical,22,44,S/B,8061
2019-11-12,996,06:58:00,Tuesday,Humber College loop,Late Leaving Garage - Operator,10,20,E/B,3187
2019-11-12,70,07:00:00,Tuesday,Entire route,General Delay,15,23,N/B,
2019-11-12,54,07:00:00,Tuesday,"Leslie, Bayview, Yonge, Warden, Markham, SRT",General Delay,30,38,B/W,
2019-11-12,5,07:00:00,Tuesday,AVENUE/BLOOR,General Delay,20,23,B/W,
2019-11-12,50,07:00:00,Tuesday,Kipling to The West Mall,General Delay,25,35,WB,
2019-11-12,144,07:00:00,Tuesday,144 Downtown/Don Valley Express,General Delay,15,30,B/W,
2019-11-12,84,07:00:00,Tuesday,Weston Rd at Bradstock Rd to Sheppard Yonge Station,General Delay,25,35,B/W,
2019-11-12,133,07:00:00,Tuesday,Scarborough Town Center to Morningside/Finch,General Delay,15,26,B/W,
2019-11-12,143,07:00:00,Tuesday,143 Downtown/ Beach Express,General Delay,15,30,B/W,
2019-11-12,925,07:00:00,Tuesday,Entire route,General Delay,20,29,N/B,
2019-11-12,52,07:00:00,Tuesday,Westwood Mall to Lawrence Station,General Delay,25,40,B/W,
2019-11-12,984,07:00:00,Tuesday,Weston Rd and Bradstock rd to Sheppard Yonge Station,General Delay,25,37,B/W,
2019-11-12,21,07:00:00,Tuesday,Steeles to Kennedy Station,General Delay,7,16,B/W,
2019-11-12,73,07:00:00,Tuesday,Dixon to Royal York Station,General Delay,30,40,SB,
2019-11-12,34,07:00:00,Tuesday,LESLIE/EGLINTON,General Delay,30,36,B/W,
2019-11-12,131,07:00:00,Tuesday,Scarborough Town Center to Morningside/Old Finch,General Delay,10,18,B/W,
2019-11-12,161,07:00:00,Tuesday,Jane/Alliance to Ossington Stn,General Delay,18,35,B/W,
2019-11-12,61,07:00:00,Tuesday,AVENUE/LAWRENCE,General Delay,20,30,B/W,
2019-11-12,15,07:00:00,Tuesday,Royal York / Sherway,Late Leaving Garage - Operator,5,13,B/W,
2019-11-12,53,07:00:00,Tuesday,FSTN,Late Leaving Garage - Mechanical,6,11,E/B,3538
2019-11-12,48,07:00:00,Tuesday,Royal York / Mill Rd,General Delay,6,12,B/W,
2019-11-12,54,07:10:00,Tuesday,Redpath and Eglinton,Mechanical,8,16,E/B,8798
2019-11-12,996,07:15:00,Tuesday,Humber college loop,Late Leaving Garage - Operator,9,19,E/B,3173
2019-11-12,66,07:23:00,Tuesday,Prince Edward Drive and Edwalter,General Delay,10,20,NB,8078
2019-11-12,7,07:28:00,Tuesday,Bathurst Station,Utilized Off Route,8,16,N/B,8196
2019-11-12,95,07:30:00,Tuesday,York Mills Station to Kingston Road Loop,General Delay,28,36,B/W,
2019-11-12,129,07:30:00,Tuesday,Major Mackenzie to Scarborough Town Center,General Delay,20,35,B/W,
2019-11-12,79,07:30:00,Tuesday,Rannymede stn / Pine,General Delay,10,20,B/W,
2019-11-12,51,07:30:00,Tuesday,"Eglinton, Leslie, Steeles",General Delay,25,45,B/W,
2019-11-12,162,07:30:00,Tuesday,"Bayview, Lawrence , Avenue",General Delay,20,40,B/W,
2019-11-12,952,07:30:00,Tuesday,Pearson Airport Terminal 3,General Delay,25,37,B/W,
2019-11-12,986,07:30:00,Tuesday,Meadowale loop to Kennedy station,General Delay,25,31,B/W,
2019-11-12,86,07:30:00,Tuesday,Whole route,General Delay,25,40,B/W,
2019-11-12,124,07:30:00,Tuesday,"Yonge, Bayview, Avenue",General Delay,20,30,B/W,
2019-11-12,68,07:30:00,Tuesday,Warden Station to Angus Glenn,General Delay,22,47,B/W,
2019-11-12,995,07:30:00,Tuesday,York Mills Station to University of Toronto,General Delay,30,40,B/W,
2019-11-12,54,07:30:00,Tuesday,"Leslie, Bayview, Don Mills, Warden, Mc Cowan, RT,",General Delay,35,43,B/W,
2019-11-12,97,07:30:00,Tuesday,Hilda and Steeles to Queens Quay,General Delay,48,78,B/W,
2019-11-12,935,07:30:00,Tuesday,Jane stn / Pioneer stn,General Delay,15,30,B/W,
2019-11-12,60,07:30:00,Tuesday,Entire route,General Delay,9,39,B/W,
2019-11-12,960,07:30:00,Tuesday,Entire route,General Delay,10,40,B/W,
2019-11-12,122,07:30:00,Tuesday,Roywoods and Fenside to York Mills Station,General Delay,26,34,B/W,
2019-11-12,26,07:30:00,Tuesday,St George stn / Old Mill stn,General Delay,8,13,B/W,
2019-11-12,76,07:30:00,Tuesday,Entire Route,General Delay,20,30,BW,
2019-11-12,35,07:30:00,Tuesday,Jane stn / Pioneer stn,General Delay,15,30,B/W,
2019-11-12,47,07:30:00,Tuesday,Queen / Yorkdale,General Delay,11,22,B/W,
2019-11-12,109,07:30:00,Tuesday,Neptune and bathurst to Eglinto West Station,General Delay,59,98,B/W,
2019-11-12,63,07:31:00,Tuesday,King/Atlantic,Utilized Off Route,4,8,N/B,8151
2019-11-12,29,07:34:00,Tuesday,Princess loop,Utilized Off Route,8,16,N/B,9024
2019-11-12,90,07:40:00,Tuesday,St. Clair West Station,Utilized Off Route,5,10,N/B,8393
2019-11-12,53,07:42:00,Tuesday,Steeles and Yonge,Diversion,390,395,B/W,1402
2019-11-12,707,07:43:00,Tuesday,Scarborough town centre,Utilized Off Route,,,S/B,1225
2019-11-12,116,07:45:00,Tuesday,Morningside north of Guildwood,General Delay,25,32,B/W,
2019-11-12,60,07:45:00,Tuesday,Finch station to Yonge and Steels,Diversion,9,18,B/W,
2019-11-12,960,07:45:00,Tuesday,Yonge and Steels,Diversion,10,20,B/W,
2019-11-12,927,07:48:00,Tuesday,Kipling Station,Mechanical,13,26,N/B,3299
2019-11-12,73,07:55:00,Tuesday,Royal York Station,Mechanical,17,34,NB,8086
2019-11-12,111,07:56:00,Tuesday,Kipling Station,Mechanical,11,22,N/B,8074
2019-11-12,69,08:00:00,Tuesday,Warden south,General Delay,15,15,B/W,
2019-11-12,9,08:00:00,Tuesday,Bellamy route,General Delay,15,15,B/W,
2019-11-12,16,08:00:00,Tuesday,McCowan,General Delay,15,15,B/W,
2019-11-12,10,08:00:00,Tuesday,Van Horne,General Delay,15,15,B/W,
2019-11-12,924,08:00:00,Tuesday,924 Victoria Park Express Route.,General Delay,10,19,B/W,
2019-11-12,169,08:00:00,Tuesday,Huntingwood route,General Delay,15,15,B/W,
2019-11-12,42,08:00:00,Tuesday,Entire route,General Delay,12,32,B/W,
2019-11-12,125,08:00:00,Tuesday,Entire route,General Delay,7,21,B/W,
2019-11-12,62,08:00:00,Tuesday,62 Mortimer route,General Delay,16,32,B/W,
2019-11-12,12,08:00:00,Tuesday,12 Kingston Route- All Branch,General Delay,15,37,B/W,
2019-11-12,67,08:00:00,Tuesday,67 Pharmacy Route - All Branch,General Delay,17,34,B/W,
2019-11-12,45,08:00:00,Tuesday,Kipling Station to Eglinton,General Delay,17,31,B/W,
2019-11-12,24,08:00:00,Tuesday,24 Victoria Park Route- All Branch,General Delay,15,30,B/W,
2019-11-12,167,08:00:00,Tuesday,Pharmacy/ and varioius locations,General Delay,240,270,B/W,
2019-11-12,102,08:00:00,Tuesday,Markham route,General Delay,20,20,B/W,
2019-11-12,38,08:00:00,Tuesday,Highland creek route,General Delay,15,15,B/W,
2019-11-12,98,08:00:00,Tuesday,Various locations along route,General Delay,240,255,B/W,
2019-11-12,11,08:00:00,Tuesday,BAVYIEW/FINCH,General Delay,30,43,B/W,
2019-11-12,37,08:00:00,Tuesday,Islington Station,General Delay,30,50,BW,
2019-11-12,937,08:00:00,Tuesday,Entire Route,General Delay,23,33,BW,
2019-11-12,985,08:00:00,Tuesday,Various locations along route,General Delay,205,217,B/W,
2019-11-12,25,08:00:00,Tuesday,Entire route,General Delay,20,26,N/B,
2019-11-12,85,08:00:00,Tuesday,Various locations along route,General Delay,360,367,B/W,
2019-11-12,54,08:02:00,Tuesday,Warden and Lawrence,Mechanical,8,16,W/B,8825
2019-11-12,88,08:07:00,Tuesday,ST. CLAIR STATION,Mechanical,14,28,E/B,1346
2019-11-12,7,08:09:00,Tuesday,Bathurst Station,Utilized Off Route,8,16,N/B,1247
2019-11-12,984,08:10:00,Tuesday,Sheppard Ave West at Jane St,Investigation,9,18,E/B,3192
2019-11-12,51,08:13:00,Tuesday,Bayview and Eglinton,Investigation,10,20,N/B,1201
2019-11-12,996,08:15:00,Tuesday,York Mills to Humber College loop,General Delay,20,12,B/W,
2019-11-12,52,08:20:00,Tuesday,Pearson Airport Terminal 3,Mechanical,7,22,E/B,1384
2019-11-12,165,08:24:00,Tuesday,Finch/Weston,Investigation,6,12,S/B,3333
2019-11-12,36,08:25:00,Tuesday,Finch West Route,General Delay,5,10,E/B,9124
2019-11-12,165,08:27:00,Tuesday,York Mills Stn,Utilized Off Route,6,12,W/B,3484
2019-11-12,939,08:39:00,Tuesday,Finch and Morningside,Mechanical,7,15,S/B,1712
2019-11-12,900,08:40:00,Tuesday,Highway 427 & Eglinton,General Delay,27,36,S/B,
2019-11-12,927,08:40:00,Tuesday,Highweay 427 & Eglinton,General Delay,23,28,S/B,
2019-11-12,132,08:43:00,Tuesday,Scarborough Town Center,Mechanical,13,25,E/B,15
2019-11-12,905,08:44:00,Tuesday,Eglinton / McCowan,Emergency Services,10,20,E/B,8716
2019-11-12,32,08:49:00,Tuesday,Keele and Eglinton,Emergency Services,7,12,W/B,1408
2019-11-12,29,08:53:00,Tuesday,Wilson Station,Mechanical,7,14,S/B,9045
2019-11-12,97,08:56:00,Tuesday,Wilson and Mason,Mechanical,30,60,W/B,8195
2019-11-12,924,09:00:00,Tuesday,Victoria Park/Lawrence,Investigation,10,19,N/B,3134
2019-11-12,53,09:05:00,Tuesday,Steeles Route,General Delay,30,60,B/W,1402
2019-11-12,24,09:14:00,Tuesday,Victoria Park  Station,Mechanical,9,19,N/B,9237
2019-11-12,108,09:17:00,Tuesday,Finch / Driftwood,Mechanical,9,18,W/B,3204
2019-11-12,32,09:18:00,Tuesday,Eglinton station,Mechanical,10,21,W/B,1081
2019-11-12,102,09:18:00,Tuesday,East park and markham,Mechanical,23,46,S/B,3123
2019-11-12,36,09:26:00,Tuesday,Alness on Finch,Mechanical,5,10,W/B,3230
2019-11-12,63,09:26:00,Tuesday,Ossington Stn,Mechanical,4,9,N/B,8321
2019-11-12,165,09:41:00,Tuesday,Weston/Sheppard,Investigation,6,12,S/B,3580
2019-11-12,102,09:47:00,Tuesday,warden stn,Investigation,10,20,S/B,3128
2019-11-12,24,09:48:00,Tuesday,Victoria Park/Steeles,Investigation,10,19,S/B,8475
2019-11-12,52,09:58:00,Tuesday,Lawrence West Station,Mechanical,15,30,W/B,8361
2019-11-12,59,10:00:00,Tuesday,Lawrence West Station to Oak and Weston,General Delay,60,135,B/W,
2019-11-12,80,10:05:00,Tuesday,Sherway Gardens,Mechanical,30,60,E/B,8016
2019-11-12,42,10:07:00,Tuesday,Dynamic Dr. at McNiccol,Mechanical,13,26,W/B,8186
2019-11-12,115,10:10:00,Tuesday,York Mills Station to Bannatyne and Silvergrove,General Delay,35,55,W/B,
2019-11-12,52,10:10:00,Tuesday,Lawrence West Station,Utilized Off Route,11,26,E/B,1293
2019-11-12,63,10:14:00,Tuesday,Ossington/Argyle,Investigation,10,20,S/B,8365
2019-11-12,26,10:15:00,Tuesday,Bloor,Investigation,22,44,E/B,1078
2019-11-12,89,10:19:00,Tuesday,Weston Rd & Gunns Rd,Investigation,11,22,N/B,1021
2019-11-12,68,10:28:00,Tuesday,Warden and Steeles,Mechanical,10,20,S/B,8820
2019-11-12,996,10:36:00,Tuesday,Kipling/Elmerst,Investigation,12,24,E/B,3556
2019-11-12,169,10:41:00,Tuesday,warden stn,Mechanical,30,60,S/B,8013
2019-11-12,25,10:42:00,Tuesday,Lawrence Ave,Mechanical,9,18,N/B,8735
2019-11-12,54,10:45:00,Tuesday,Birchmount and Lawrence,Mechanical,8,16,E/B,8864
2019-11-12,35,10:56:00,Tuesday,Jane / Tretheway,Mechanical,7,14,S/B,3362
2019-11-12,91,11:01:00,Tuesday,Lawrence Ave,Mechanical,25,50,N/B,8595
2019-11-12,995,11:01:00,Tuesday,University of Toronto Scarborough,Mechanical,14,30,W/B,1206
2019-11-12,935,11:03:00,Tuesday,Weston Rd,Investigation,10,20,S/B,3171
2019-11-12,102,11:04:00,Tuesday,warden stn,Investigation,30,60,S/B,9232
2019-11-12,52,11:16:00,Tuesday,Lawrence Station,Mechanical,14,28,W/B,8163
2019-11-12,102,11:21:00,Tuesday,warden stn,Investigation,30,60,S/B,8958
2019-11-12,52,11:30:00,Tuesday,Airport Rd at Orlando Dr,Diversion,188,202,E/B,8107
2019-11-12,34,11:35:00,Tuesday,Don Valley Parkway and Eglinton,Mechanical,12,24,E/B,8632
2019-11-12,25,11:45:00,Tuesday,Lawrence Ave,Mechanical,8,16,N/B,8805
2019-11-12,129,11:53:00,Tuesday,Scarborough Town Center,Mechanical,7,14,N/B,1404
2019-11-12,71,11:59:00,Tuesday,Industry and Mount Dennis,Mechanical,13,26,S/B,1267
2019-11-12,929,12:00:00,Tuesday,Duferine and Lawrence,Mechanical,10,20,N/B,9013
2019-11-12,41,12:05:00,Tuesday,St. Calir and Old Weston Road,Diversion,12,24,N/B,
2019-11-12,941,12:05:00,Tuesday,St. Calir and Weston Road,Diversion,15,30,N/B,
2019-11-12,54,12:05:00,Tuesday,victoria park and lawrence,Mechanical,8,16,E/B,8421
2019-11-12,12,12:30:00,Tuesday,Kingston Rd/ Birchmount Rd,Mechanical,25,50,E/B,3105
2019-11-12,63,12:35:00,Tuesday,Queen/Shaw,Investigation,10,20,N/B,1279
2019-11-12,7,12:50:00,Tuesday,Bathrust Stn,Utilized Off Route,8,16,N/B,1247
2019-11-12,929,12:55:00,Tuesday,Queen and Dufferin,Utilized Off Route,8,16,N/B,9149
2019-11-12,35,13:00:00,Tuesday,Jane and Lawrence,Mechanical,7,14,N/B,3226
2019-11-12,60,13:00:00,Tuesday,Entire Route,General Delay,15,30,B/W,
2019-11-12,63,13:00:00,Tuesday,King/Atlantic,Utilized Off Route,10,20,N/B,8395
2019-11-12,902,13:03:00,Tuesday,Markham/ painted post,Mechanical,15,30,S/B,9213
2019-11-12,29,13:05:00,Tuesday,Springhurst Loop,Investigation,8,16,N/B,9049
2019-11-12,29,13:05:00,Tuesday,Springhurst Loop,Investigation,8,16,N/B,9026
2019-11-12,29,13:05:00,Tuesday,Springhurst Loop,Investigation,8,16,S/B,9148
2019-11-12,929,13:05:00,Tuesday,Springhurst Loop,Investigation,8,16,N/B,9014
2019-11-12,29,13:05:00,Tuesday,Springhurst Loop,Investigation,8,16,N/B,9043
2019-11-12,929,13:05:00,Tuesday,Springhurst Loop,Investigation,8,16,N/B,9023
2019-11-12,29,13:05:00,Tuesday,Springhurst Loop,Investigation,7,14,S/B,9017
2019-11-12,709,13:05:00,Tuesday,Ossington Stn,Utilized Off Route,1,1,W/B,1091
2019-11-12,15,13:09:00,Tuesday,Sherway Gardens,Mechanical,30,60,W/B,8075
2019-11-12,29,13:10:00,Tuesday,Stringhurst Loop,Diversion,7,14,B/W,
2019-11-12,63,13:10:00,Tuesday,Oakwood Loop,Mechanical,10,20,S/B,1227
2019-11-12,929,13:15:00,Tuesday,Springhurst Loop,Diversion,8,16,B/W,
2019-11-12,37,13:17:00,Tuesday,Islington and Steeles,Vision,12,24,N/B,8449
2019-11-12,36,13:20:00,Tuesday,Martin Grove on Finch West,Mechanical,5,10,E/B,3246
2019-11-12,35,13:24:00,Tuesday,Jane and Wright,Mechanical,7,14,S/B,3256
2019-11-12,54,13:25:00,Tuesday,eglinton and mt pleasant,Mechanical,10,20,W/B,8874
2019-11-12,56,13:33:00,Tuesday,cosplay and leslie,Mechanical,18,36,S/B,8199
2019-11-12,86,13:33:00,Tuesday,Kennedy Station,Mechanical,10,20,E/B,8709
2019-11-12,52,13:38:00,Tuesday,Lawrence Station,Mechanical,14,28,W/B,8387
2019-11-12,24,13:40:00,Tuesday,Victoria Park/ Sheppard Ave E,Mechanical,10,19,N/B,8543
2019-11-12,54,13:42:00,Tuesday,lawrence and tower drive,Mechanical,12,24,W/B,8766
2019-11-12,102,13:46:00,Tuesday,Kingston/ St.Calir,Mechanical,22,44,S/B,8549
2019-11-12,36,13:47:00,Tuesday,FARR,Mechanical,5,10,W/B,9124
2019-11-12,37,13:48:00,Tuesday,Humberwood Blvd.,Investigation,18,36,S/B,8070
2019-11-12,11,13:53:00,Tuesday,Davisville and Mt.Pleasant,Diversion,1,1,E/B,
2019-11-12,28,13:53:00,Tuesday,Davisville and Mt.Pleasant,Diversion,1,1,E/B,
2019-11-12,11,13:53:00,Tuesday,Davisville and Mt.Pleasant,Investigation,13,26,E/B,1241
2019-11-12,66,13:59:00,Tuesday,Prince Edward and Bloor,Mechanical,24,48,S/B,8027
2019-11-12,29,14:00:00,Tuesday,Entire Route,General Delay,10,30,B/W,
2019-11-12,124,14:00:00,Tuesday,lawrence & avenue,Mechanical,9,18,S/B,1236
2019-11-12,54,14:00:00,Tuesday,lawrence and midland,General Delay,10,20,E/B,8835
2019-11-12,168,14:00:00,Tuesday,"Old Weston/St,Clair",General Delay,20,32,B/W,
2019-11-12,929,14:00:00,Tuesday,Entire Route,General Delay,15,30,B/W,
2019-11-12,96,14:05:00,Tuesday,Keele/Wilson,Mechanical,20,39,W/B,3217
2019-11-12,57,14:11:00,Tuesday,Eglinton Yard,Mechanical,0,0,OB,8849
2019-11-12,16,14:14:00,Tuesday,Scarborought town centre,Mechanical,13,26,S/B,8527
2019-11-12,110,14:23:00,Tuesday,Long Branch,Vision,13,26,S/B,8433
2019-11-12,16,14:30:00,Tuesday,STC,Mechanical,13,26,B/W,9200
2019-11-12,32,14:30:00,Tuesday,Pine,Mechanical,11,22,E/B,1265
2019-11-12,129,14:30:00,Tuesday,Scarborough Centre STN,Late Leaving Garage - Mechanical,4,14,N/B,1207
2019-11-12,34,14:43:00,Tuesday,Eglinton and Lebovic,Mechanical,12,24,W/B,8808
2019-11-12,116,14:45:00,Tuesday,Eglinton Yard,Mechanical,0,0,OB,8895
2019-11-12,54,14:45:00,Tuesday,lawrence and victoria park,Mechanical,11,22,E/B,8795
2019-11-12,67,14:46:00,Tuesday,Eglinton Yard,Mechanical,0,0,OB,8745
2019-11-12,40,14:46:00,Tuesday,Queensway Garage,Investigation,15,33,W/B,8422
2019-11-12,44,14:49:00,Tuesday,Colonel Sam Smith Loop,Investigation,5,10,N/B,8014
2019-11-12,34,14:49:00,Tuesday,Kennedy Station,Late Leaving Garage - Mechanical,6,12,W/B,8634
2019-11-12,109,14:56:00,Tuesday,Eglinton West Station,Late Leaving Garage - Mechanical,22,44,N/B,1228
2019-11-12,16,14:56:00,Tuesday,STC,Mechanical,17,33,B/W,3147
2019-11-12,24,14:59:00,Tuesday,Victoria Park/ Dawes,Mechanical,10,19,S/B,3108
2019-11-12,51,15:00:00,Tuesday,wilson garage.,Mechanical,21,42,E/B,8166
2019-11-12,52,15:00:00,Tuesday,lawrence Station,Mechanical,14,28,W/B,8381
2019-11-12,111,15:01:00,Tuesday,Willowridge and Richgrove,Mechanical,15,30,S/B,8456
2019-11-12,106,15:02:00,Tuesday,Sentinal and Finch,Mechanical,12,24,N/B,8134
2019-11-12,70,15:04:00,Tuesday,Eglinton Yard,Mechanical,0,0,OB,8916
2019-11-12,144,15:07:00,Tuesday,Eglinton Yard,Mechanical,0,0,OB,8624
2019-11-12,25,15:08:00,Tuesday,Eglinton Yard,Mechanical,0,0,OB,8887
2019-11-12,76,15:09:00,Tuesday,Royal York and Bloor,Mechanical,6,12,S/B,8431
2019-11-12,34,15:10:00,Tuesday,Eglinton Yard,Mechanical,0,0,OB,8712
2019-11-12,68,15:11:00,Tuesday,Warden/Steeles Loop,Late Leaving Garage - Mechanical,5,10,S/B,8624
2019-11-12,52,15:15:00,Tuesday,Lawrence West Station,Mechanical,14,28,W/B,1253
2019-11-12,36,15:15:00,Tuesday,Islington Ave,Mechanical,5,10,W/B,9134
2019-11-12,68,15:17:00,Tuesday,Eglinton Yard,Mechanical,0,0,OB,8660
2019-11-12,925,15:18:00,Tuesday,Eglinton Yard,Mechanical,0,0,OB,8763
2019-11-12,86,15:20:00,Tuesday,Eglinton Yard,Mechanical,0,0,OB,8926
2019-11-12,35,15:20:00,Tuesday,Jane Stn,Late Leaving Garage - Mechanical,5,10,N/B,3349
2019-11-12,134,15:22:00,Tuesday,Centennial College Progress Campus,Mechanical,5,10,W/B,9075
2019-11-12,952,15:24:00,Tuesday,Lawrence Station,Late Leaving Garage - Mechanical,12,24,W/B,1373
2019-11-12,25,15:24:00,Tuesday,Eglinton Yard,Mechanical,0,0,OB,8781
2019-11-12,954,15:25:00,Tuesday,starspray loop,Mechanical,11,22,E/B,8629
2019-11-12,133,15:28:00,Tuesday,Morningside Ave/Nightstar Rd,Mechanical,7,12,E/B,1232
2019-11-12,34,15:31:00,Tuesday,Eglinton Yard,Mechanical,0,0,OB,8866
2019-11-12,52,15:35:00,Tuesday,Lawrence Stn,General Delay,10,20,,1226
2019-11-12,21,15:44:00,Tuesday,Kennedy STN,Late Leaving Garage - Mechanical,11,21,N/B,3545
2019-11-12,109,15:51:00,Tuesday,Eglinton West Station,Late Leaving Garage - Mechanical,22,44,N/B,8132
2019-11-12,17,15:53:00,Tuesday,Steeles,Mechanical,9,18,B/W,8404
2019-11-12,952,16:00:00,Tuesday,Entire Route,General Delay,25,37,B/W,
2019-11-12,23,16:00:00,Tuesday,23 Dawes route,General Delay,7,14,B/W,
2019-11-12,36,16:00:00,Tuesday,36 Finch west route,General Delay,6,12,B/W,0
2019-11-12,53,16:00:00,Tuesday,53 Steeles East,General Delay,5,10,B/W,0
2019-11-12,953,16:00:00,Tuesday,953 Steeles express route,General Delay,6,12,B/W,0
2019-11-12,984,16:00:00,Tuesday,Weston Rd at Bradstock rd to Sheppard-Yonge Station,General Delay,15,30,B/W,
2019-11-12,84,16:00:00,Tuesday,Weston rd at Bradstock rd to Sheppard-Yonge Station,General Delay,15,25,B/W,
2019-11-12,100,16:18:00,Tuesday,Overlea west of Don Mills,Investigation,7,14,E/B,8778
2019-11-12,35,16:20:00,Tuesday,Pioneer Village,Late Leaving Garage - Mechanical,7,17,S/B,
2019-11-12,52,16:20:00,Tuesday,Lawrence West Station,Investigation,11,23,E/B,8300
2019-11-12,76,16:25:00,Tuesday,Royal York and Queensway.,Mechanical,5,10,S/B,8056
2019-11-12,64,16:30:00,Tuesday,64 Main route,General Delay,8,16,B/W,
2019-11-12,52,16:34:00,Tuesday,Lawrence West Station,Investigation,14,28,E/B,1307
2019-11-12,96,16:35:00,Tuesday,jane and wilson,Mechanical,12,24,E/B,3574
2019-11-12,116,16:35:00,Tuesday,Kennedy STN,Mechanical,7,13,W/B,8807
2019-11-12,17,16:36:00,Tuesday,Birchmount/St Clair,Mechanical,18,27,N/B,3106
2019-11-12,37,16:40:00,Tuesday,Islington Station,Mechanical,10,20,S/B,8060
2019-11-12,63,16:48:00,Tuesday,east liberty and pirandello,Mechanical,8,17,W/B,8347
2019-11-12,85,16:56:00,Tuesday,Brimley and Sheppard,Mechanical,13,26,E/B,3476
2019-11-12,32,17:00:00,Tuesday,Eglinton Ave W & Allen,General Delay,1,1,B/W,1111
2019-11-12,995,17:10:00,Tuesday,Ellesmere and Kennedy,Mechanical,10,20,E/B,1611
2019-11-12,35,17:30:00,Tuesday,Jane Stn,Mechanical,5,10,N/B,3256
2019-11-12,39,17:34:00,Tuesday,Finch and Maxome,Mechanical,14,28,E/B,3513
2019-11-12,35,17:45:00,Tuesday,Jane and Wilson,Mechanical,5,10,S/B,3274
2019-11-12,12,17:55:00,Tuesday,Victoria Park station,Mechanical,20,40,E/B,8566
2019-11-12,117,17:55:00,Tuesday,Sheppard West Station,Mechanical,12,24,S/B,1355
2019-11-12,10,17:57:00,Tuesday,Kingslake/Van Horne,Diversion,15,30,W/B,8186
2019-11-12,132,17:58:00,Tuesday,Milner Ave/Dailing Gt,Diversion,62,75,B/W,
2019-11-12,11,18:03:00,Tuesday,SUNNYBROOK HOSPITAL,Mechanical,15,20,N/B,1253
2019-11-12,105,18:17:00,Tuesday,Supertest and Dufferin,Diversion,12,56,S/B,1304
2019-11-12,142,18:20:00,Tuesday,avenue and wilson`,Mechanical,30,60,S/B,8323
2019-11-12,133,18:26:00,Tuesday,Ellesmere and Scarborough Golf Club rd,Mechanical,8,15,W/B,3465
2019-11-12,47,18:31:00,Tuesday,Earlscourt loop,Mechanical,7,14,S/B,1262
2019-11-12,985,18:34:00,Tuesday,Consumers and Sheppards,Mechanical,5,10,E/B,9080
2019-11-12,23,19:00:00,Tuesday,23 Dawes route,General Delay,10,20,B/W,
2019-11-12,43,19:10:00,Tuesday,Kennedy at Trojan Gate,Investigation,9,18,N/B,8637
2019-11-12,36,19:25:00,Tuesday,Finch and Oakdale,Mechanical,6,12,W/B,9135
2019-11-12,13,19:33:00,Tuesday,Progress Ave (Centennial College Campus),Mechanical,24,44,E/B,9008
2019-11-12,134,19:42:00,Tuesday,Centennial College Progress Campus,Utilized Off Route,15,24,W/B,1327
2019-11-12,35,19:42:00,Tuesday,Jane and Lawrence,Mechanical,4,12,N/B,3701
2019-11-12,118,19:45:00,Tuesday,Weston Rd,Mechanical,22,44,W/B,3491
2019-11-12,35,19:52:00,Tuesday,Jane Stn,Mechanical,9,18,N/B,3707
2019-11-12,121,19:54:00,Tuesday,Esplanade & Princess,Investigation,20,40,W/B,9215
2019-11-12,52,20:24:00,Tuesday,Lawrence Station,Investigation,11,23,W/B,8327
2019-11-12,85,20:43:00,Tuesday,Rouge Hill Go Station,Mechanical,16,32,W/B,3515
2019-11-12,85,21:25:00,Tuesday,Don Mills Station,Mechanical,16,32,E/B,3464
2019-11-12,95,21:31:00,Tuesday,Midland and Ellesmere,Investigation,14,28,W/B,3461
2019-11-12,72,21:31:00,Tuesday,Parliament & Lakeshore,Emergency Services,18,38,E/B,8526
2019-11-12,59,21:44:00,Tuesday,Maple Leaf between Veerland and Bourdon,Diversion,30,60,E/B,3219
2019-11-12,36,21:51:00,Tuesday,Humberwood Loop,Late Leaving Garage - Mechanical,10,20,E/B,3338
2019-11-12,133,22:09:00,Tuesday,Scarborough Town Centre,Investigation,9,24,E/B,3532
2019-11-12,116,22:49:00,Tuesday,Eglinton and Markham,Emergency Services,10,20,E/B,8767
2019-11-12,37,23:20:00,Tuesday,Islington & Dixon,Mechanical,13,26,S/B,8060
2019-11-13,66,00:21:00,Wednesday,OLDM - Old Mills Stn,Emergency Services,10,34,S/B,8088
2019-11-13,396,02:20:00,Wednesday,Martin Grove Rd and Finch Ave,Emergency Services,20,50,N/B,3261
2019-11-13,300,02:29:00,Wednesday,Kipling Station,Emergency Services,20,40,E/B,8081
2019-11-13,300,02:39:00,Wednesday,Main and Danforth,Mechanical,20,40,W/B,8580
2019-11-13,352,03:58:00,Wednesday,Bathurst Street and Lawrence Ave,Mechanical,30,60,W/B,8320
2019-11-13,24,04:49:00,Wednesday,Steele Loop,Late Leaving Garage - Operator,10,10,S/B,8498
2019-11-13,54,05:03:00,Wednesday,eglinton yard,Late Leaving Garage - Mechanical,1,1,E/B,8778
2019-11-13,34,05:03:00,Wednesday,eglinton yard,Mechanical,1,1,E/B,8940
2019-11-13,116,05:07:00,Wednesday,eglinton yard,Late Leaving Garage - Operator,1,1,E/B,8832
2019-11-13,116,05:09:00,Wednesday,Eglinton Div,Mechanical,1,1,E/B,8734
2019-11-13,67,05:16:00,Wednesday,eglinton yard,Late Leaving Garage - Mechanical,1,1,E/B,8846
2019-11-13,110,05:18:00,Wednesday,Longbranch Loop,Late Leaving Garage - Mechanical,11,11,NB,7966
2019-11-13,20,05:20:00,Wednesday,Main Station,Late Leaving Garage - Mechanical,1,1,S/B,8454
2019-11-13,116,05:21:00,Wednesday,kennedy stn,Late Leaving Garage - Mechanical,7,14,S/B,8743
2019-11-13,116,05:21:00,Wednesday,EGLINTON YARD,Mechanical,1,1,E/B,8849
2019-11-13,50,05:30:00,Wednesday,Islington Station,Diversion,999,999,B/W,
2019-11-13,329,05:34:00,Wednesday,Eglinton / Dufferin,Mechanical,30,60,S/B,9034
2019-11-13,52,05:37:00,Wednesday,Lawrence Ave West at Bathurst St,Late Leaving Garage - Operator,19,43,W/B,8123
2019-11-13,925,05:38:00,Wednesday,Pape Station,Late Leaving Garage - Mechanical,1,1,S/B,8775
2019-11-13,36,05:39:00,Wednesday,Arrow  garage PD Finch w stn,Late Leaving Garage - Mechanical,6,,W/B,3187
2019-11-13,37,05:45:00,Wednesday,Islington Station,Diversion,999,999,B/W,
2019-11-13,110,05:45:00,Wednesday,Islington Station,Diversion,999,999,B/W,
2019-11-13,7,05:47:00,Wednesday,Wilson Garage,Late Leaving Garage - Management,1,1,,8132
2019-11-13,116,05:47:00,Wednesday,kennedy station,Mechanical,7,14,N/B,8754
2019-11-13,903,05:48:00,Wednesday,Scarborough Town Center,Mechanical,8,16,E/B,1336
2019-11-13,32,05:49:00,Wednesday,Keele and Eglinton,Late Leaving Garage - Mechanical,3,5,E/B,1008
2019-11-13,189,05:50:00,Wednesday,Jane and St Clair,Late Leaving Garage - Mechanical,25,50,N/B,8463
2019-11-13,937,05:50:00,Wednesday,Islington Station,Diversion,244,255,B/W,
2019-11-13,45,05:50:00,Wednesday,Kipling Station,Mechanical,15,30,N/B,7977
2019-11-13,54,05:54:00,Wednesday,elginton div.,Mechanical,1,1,E/B,8791
2019-11-13,54,05:58:00,Wednesday,EGLINTON YARD,Mechanical,1,1,E/B,8735
2019-11-13,88,05:59:00,Wednesday,Wilson,Late Leaving Garage - Mechanical,1,1,,1250
2019-11-13,76,06:02:00,Wednesday,Evans and Royal York,Late Leaving Garage - Mechanical,5,10,S/B,8441
2019-11-13,29,06:03:00,Wednesday,Wilson Station,Mechanical,8,16,S/B,9052
2019-11-13,34,06:05:00,Wednesday,EGLINTON YARD,Mechanical,1,1,E/B,8905
2019-11-13,25,06:08:00,Wednesday,EGLINTON YARD,Mechanical,1,1,E/B,8794
2019-11-13,75,06:09:00,Wednesday,Wilson Garage,Late Leaving Garage - Operator,1,1,,8172
2019-11-13,135,06:12:00,Wednesday,main station,Mechanical,19,38,N/B,3137
2019-11-13,97,06:13:00,Wednesday,Wilson and Faywood,Mechanical,30,60,W/B,8301
2019-11-13,86,06:17:00,Wednesday,EGLINTON DIV,Mechanical,1,1,E/B,8892
2019-11-13,939,06:19:00,Wednesday,Malvern garage POD Scacrborough town centre,Late Leaving Garage - Operator,0,0,W/B,
2019-11-13,902,06:20:00,Wednesday,warden stn,Mechanical,10,20,N/B,8566
2019-11-13,95,06:22:00,Wednesday,Ellesmere Station,Late Leaving Garage - Mechanical,8,16,W/B,3465
2019-11-13,125,06:26:00,Wednesday,Bathurst Antibes,Mechanical,6,12,,8174
2019-11-13,42,06:27:00,Wednesday,Dynamic and Mcnicoll,Vision,14,28,,8337
2019-11-13,44,06:28:00,Wednesday,Colonel Sam Smith Loop,Mechanical,7,14,N/B,8080
2019-11-13,42,06:28:00,Wednesday,Wilson Garage,Late Leaving Garage - Vision,1,1,,8337
2019-11-13,36,06:31:00,Wednesday,Kipling Ave on Finch,Mechanical,4,9,E/B,9106
2019-11-13,73,06:35:00,Wednesday,Royal Yrok Station,Late Leaving Garage - Operator,30,60,N/B,8607
2019-11-13,29,06:37:00,Wednesday,Dufferin and Lawrence,Mechanical,25,50,N/B,9011
2019-11-13,88,06:38:00,Wednesday,Wilson Garage,Late Leaving Garage - Mechanical,1,1,,8341
2019-11-13,941,06:40:00,Wednesday,Finch west station,Late Leaving Garage - Mechanical,14,28,S/B,9055
2019-11-13,63,06:44:00,Wednesday,Eglinton West Stn,Utilized Off Route,4,8,S/B,8186
2019-11-13,127,06:50:00,Wednesday,Davenport/Ossington,Mechanical,16,32,W/B,1124
2019-11-13,132,07:00:00,Wednesday,Scarborough Town Center to Hupfield/Sewells,General Delay,12,20,B/W,
2019-11-13,34,07:00:00,Wednesday,EGLINTON FROM VICTORIA PARK TO LESLIE,General Delay,20,26,B/W,
2019-11-13,54,07:00:00,Wednesday,Leslie to Eglinton Station,General Delay,15,23,W/B,
2019-11-13,133,07:00:00,Wednesday,Scarborough Town Center to Morningside/Finch,General Delay,12,23,B/W,
2019-11-13,105,07:04:00,Wednesday,Sheppard W stn,Mechanical,11,22,N/B,8107
2019-11-13,79,07:14:00,Wednesday,Bloor/Runnymede,Mechanical,6,10,N/B,1103
2019-11-13,108,07:17:00,Wednesday,Poineer village station,Mechanical,9,18,E/B,3173
2019-11-13,43,07:19:00,Wednesday,Kennedy Station,Mechanical,10,20,N/B,8820
2019-11-13,75,07:20:00,Wednesday,Carlton and Sherbourne,Mechanical,16,22,B/W,1383
2019-11-13,32,07:20:00,Wednesday,Eglinton West Station,Mechanical,7,14,W/B,18
2019-11-13,52,07:24:00,Wednesday,Lawrence West Station,Mechanical,15,30,W/B,8333
2019-11-13,129,07:30:00,Wednesday,Scarborough Town Center to Major Mackenzie,General Delay,15,30,B/W,
2019-11-13,39,07:30:00,Wednesday,Route 39,General Delay,15,20,B/W,
2019-11-13,939,07:30:00,Wednesday,Route 939,General Delay,13,18,B/W,
2019-11-13,110,07:32:00,Wednesday,Islington and Aberfoyle,Investigation,24,48,SB,8032
2019-11-13,89,07:34:00,Wednesday,Albion Rd & Weston,Mechanical,7,14,S/B,1068
2019-11-13,929,07:36:00,Wednesday,Wilson Station,Mechanical,8,16,N/B,9043
2019-11-13,35,07:50:00,Wednesday,Pioneer Village Stn,Mechanical,9,18,S/B,3705
2019-11-13,131,07:51:00,Wednesday,Scarborough Town Center,Mechanical,8,11,E/B,3464
2019-11-13,60,08:00:00,Wednesday,Yonge and Cummer,General Delay,5,10,,
2019-11-13,102,08:00:00,Wednesday,markham road,General Delay,10,1,B/W,
2019-11-13,161,08:00:00,Wednesday,Jane/Alliance to Ossington Stn,General Delay,18,35,B/W,1086
2019-11-13,68,08:00:00,Wednesday,Warden Station to Angus Glenn,General Delay,13,39,B/W,
2019-11-13,925,08:00:00,Wednesday,Entire route,General Delay,15,24,S/B,
2019-11-13,25,08:00:00,Wednesday,Entire route,General Delay,15,1,S/B,
2019-11-13,94,08:02:00,Wednesday,Wellesley and jarvis,Investigation,14,28,B/W,1202
2019-11-13,53,08:15:00,Wednesday,Steeles and Yonge,Diversion,720,726,B/W,9077
2019-11-13,925,08:25:00,Wednesday,Esterbrooke Ave,Investigation,9,18,S/B,8851
2019-11-13,84,08:33:00,Wednesday,Norfich at Finch Ave West,Investigation,18,36,S/B,3701
2019-11-13,32,08:42:00,Wednesday,Eglinton Station,Utilized Off Route,1,1,W/B,1258
2019-11-13,11,08:51:00,Wednesday,DAVISVILLE STATION,Utilized Off Route,9,16,N/B,8392
2019-11-13,90,08:58:00,Wednesday,St. Clair West Station,Investigation,5,10,N/B,1304
2019-11-13,65,09:00:00,Wednesday,Entire route,General Delay,10,23,S/B,
2019-11-13,85,09:04:00,Wednesday,Sheppard/ Brimley,Mechanical,7,15,W/B,3418
2019-11-13,52,09:15:00,Wednesday,Lawrence Ave West at Bathurst St,Investigation,15,28,E/B,1216
2019-11-13,42,09:20:00,Wednesday,Victoria park and Mcnicoll,Investigation,18,36,,8378
2019-11-13,23,09:25:00,Wednesday,main station,Mechanical,1,1,S/B,3146
2019-11-13,41,09:41:00,Wednesday,Poineer Village Station,Mechanical,10,20,S/B,9013
2019-11-13,60,09:42:00,Wednesday,Finch station,Investigation,10,20,,3286
2019-11-13,40,09:56:00,Wednesday,Mabelle Dr,Mechanical,20,40,E/B,8427
2019-11-13,97,10:10:00,Wednesday,Davisville Station to Hilda and Steeles,General Delay,48,78,B/W,
2019-11-13,100,10:30:00,Wednesday,Thorncliffe and overlea,Mechanical,6,12,W/B,8770
2019-11-13,94,10:33:00,Wednesday,Castle Frank station,Investigation,14,28,B/W,1202
2019-11-13,7,10:40:00,Wednesday,Bathurst Station,Diversion,8,18,S/B,
2019-11-13,996,10:48:00,Wednesday,Humber College Loop,Mechanical,12,24,E/B,3590
2019-11-13,600,10:50:00,Wednesday,Ossington Stn,Utilized Off Route,1,1,S/B,1010
2019-11-13,123,10:55:00,Wednesday,Sherway Gardens,Mechanical,21,42,N/B,8097
2019-11-13,63,10:55:00,Wednesday,Atlantic/King,Utilized Off Route,5,10,N/B,8155
2019-11-13,7,10:57:00,Wednesday,Dathurst Station,Utilized Off Route,8,16,N/B,8390
2019-11-13,29,11:04:00,Wednesday,Dufferin Loop,Utilized Off Route,7,14,N/B,9041
2019-11-13,52,11:05:00,Wednesday,Lawrence Ave West at Keele St,Investigation,14,28,E/B,8321
2019-11-13,47,11:09:00,Wednesday,Queen/Lansdown,Utilized Off Route,18,36,N/B,1100
2019-11-13,21,11:22:00,Wednesday,Brimley and Triton,Investigation,12,24,N/B,3404
2019-11-13,41,11:30:00,Wednesday,,Diversion,12,24,S/B,
2019-11-13,52,11:34:00,Wednesday,Lawrence Ave West at Apex Rd,Diversion,152,177,B/W,
2019-11-13,59,11:36:00,Wednesday,Dufferin and Lawrence,Diversion,197,242,E/B,3338
2019-11-13,189,11:41:00,Wednesday,Gunn's Loop,Mechanical,25,50,W/B,8090
2019-11-13,106,11:45:00,Wednesday,Sheppard W stn,Mechanical,13,26,N/B,8336
2019-11-13,996,11:58:00,Wednesday,Eglinton Station,Utilized Off Route,1,1,E/B,3590
2019-11-13,34,12:00:00,Wednesday,Don Mills Rd to Credit Union,General Delay,30,30,B/W,
2019-11-13,52,12:00:00,Wednesday,West Wood Mall to Sheppard-Yonge Station,General Delay,25,40,B/W,
2019-11-13,108,12:46:00,Wednesday,Arleta Ave South of Grand Ravine,Diversion,17,34,S/B,3562
2019-11-13,60,13:00:00,Wednesday,Entire Route,General Delay,20,40,B/W,
2019-11-13,37,13:00:00,Wednesday,Islington Station,Diversion,332,344,B/W,
2019-11-13,41,13:00:00,Wednesday,Enteire Route,General Delay,15,30,B/W,
2019-11-13,60,13:00:00,Wednesday,On Yonge from Steeles to Finch stn,Diversion,10,20,B/W,
2019-11-13,52,13:07:00,Wednesday,Lawrence Station,Mechanical,14,28,W/B,8313
2019-11-13,168,13:10:00,Wednesday,Old Weston Road/St.Clair,General Delay,20,33,B/W,
2019-11-13,6,13:11:00,Wednesday,Bay and Charles,Mechanical,12,24,N/B,1263
2019-11-13,42,13:20:00,Wednesday,McNicoll / Pineway,Mechanical,13,26,E/B,8353
2019-11-13,902,13:27:00,Wednesday,Midland/ St.Clair,Mechanical,15,30,N/B,8583
2019-11-13,29,13:30:00,Wednesday,All route,General Delay,15,20,B/W,
2019-11-13,929,13:30:00,Wednesday,Entire Route,General Delay,15,30,B/W,
2019-11-13,110,13:52:00,Wednesday,Islington Station,Late Leaving Garage - Operator,11,22,S/B,7968
2019-11-13,63,13:52:00,Wednesday,King/Atlantic,Utilized Off Route,10,20,N/B,1285
2019-11-13,716,13:53:00,Wednesday,Lawrence/ Danforth,Utilized Off Route,0,0,N/B,9214
2019-11-13,40,13:57:00,Wednesday,Dundas West Station,Utilized Off Route,20,40,E/B,8420
2019-11-13,11,14:00:00,Wednesday,Whole route,General Delay,30,30,B/W,
2019-11-13,925,14:00:00,Wednesday,Pape Station,Utilized Off Route,10,20,N/B,8760
2019-11-13,52,14:01:00,Wednesday,Westwood Mall,Investigation,21,35,E/B,8120
2019-11-13,102,14:01:00,Wednesday,Warden station,Utilized Off Route,22,44,N/B,8949
2019-11-13,716,14:05:00,Wednesday,Warden station,Utilized Off Route,0,0,N/B,8519
2019-11-13,123,14:10:00,Wednesday,Sherway Gardens,Late Leaving Garage - Mechanical,16,1,N/B,8042
2019-11-13,32,14:11:00,Wednesday,Jane and Eglinton,Mechanical,10,20,E/B,1144
2019-11-13,88,14:15:00,Wednesday,St.Clair station,Late Leaving Garage - Mechanical,15,30,E/B,1251
2019-11-13,116,14:18:00,Wednesday,Eglinton Yard,Mechanical,0,0,OB,8849
2019-11-13,40,14:20:00,Wednesday,Dundas/Bloor,Investigation,20,40,E/B,7955
2019-11-13,25,14:27:00,Wednesday,Eglinton Yard,Mechanical,0,0,OB,8629
2019-11-13,15,14:33:00,Wednesday,QWGA,Late Leaving Garage - Vision,14,1,,8433
2019-11-13,123,14:33:00,Wednesday,Queensway Garage,Late Leaving Garage - Mechanical,32,1,,8042
2019-11-13,121,14:37:00,Wednesday,Fort York and Spadina,Mechanical,20,39,E/B,8451
2019-11-13,121,14:37:00,Wednesday,Fort York and Spadina,Diversion,1,1,E/B,8451
2019-11-13,15,14:42:00,Wednesday,Sherway Gardens,Late Leaving Garage - Mechanical,14,30,E/B,8433
2019-11-13,119,14:45:00,Wednesday,Madonna high school,Late Leaving Garage - Operator,15,30,W/B,3225
2019-11-13,53,14:47:00,Wednesday,Willowdale and cummer,Mechanical,5,10,E/B,1731
2019-11-13,116,14:48:00,Wednesday,Eglinton Yard,Mechanical,0,0,OB,8773
2019-11-13,34,14:49:00,Wednesday,Eglinton Yard,Mechanical,0,0,OB,8764
2019-11-13,25,14:53:00,Wednesday,Eglinton Yard,Mechanical,0,0,OB,8936
2019-11-13,953,14:54:00,Wednesday,Finch station,Late Leaving Garage - Mechanical,7,15,E/B,9071
2019-11-13,93,15:00:00,Wednesday,Finch avenue east,General Delay,10,35,E/B,
2019-11-13,995,15:03:00,Wednesday,York Mills Station,Late Leaving Garage - Mechanical,10,20,W/B,3516
2019-11-13,127,15:04:00,Wednesday,Spadina Stn,Utilized Off Route,15,45,W/B,1124
2019-11-13,161,15:05:00,Wednesday,Louvain/Cordella,Diversion,655,672,B/W,1407
2019-11-13,161,15:05:00,Wednesday,Louvain/Cordella,Emergency Services,18,35,E/B,1269
2019-11-13,25,15:06:00,Wednesday,Eglinton Yard,Mechanical,0,0,OB,8734
2019-11-13,36,15:06:00,Wednesday,FWSN,Late Leaving Garage - Mechanical,5,10,W/B,3356
2019-11-13,32,15:06:00,Wednesday,Eglinton West Station,Utilized Off Route,20,40,E/B,1042
2019-11-13,116,15:08:00,Wednesday,Kennedy Station,Emergency Services,10,20,E/B,8720
2019-11-13,54,15:10:00,Wednesday,eglinton station,Utilized Off Route,10,20,W/B,8633
2019-11-13,32,15:10:00,Wednesday,Eglinton west station,Utilized Off Route,10,20,E/B,1034
2019-11-13,34,15:12:00,Wednesday,Bayview and Eglinton,Utilized Off Route,1,1,W/B,8794
2019-11-13,126,15:12:00,Wednesday,St. Clair/Wychwood,Investigation,15,15,E/B,1406
2019-11-13,37,15:13:00,Wednesday,QWGA,Late Leaving Garage - Operator,17,1,,8099
2019-11-13,927,15:15:00,Wednesday,Kipling Station,Mechanical,12,24,E/B,3249
2019-11-13,34,15:15:00,Wednesday,Eglinton station,Utilized Off Route,1,1,E/B,8875
2019-11-13,124,15:20:00,Wednesday,sunnybrook health science center,Investigation,9,18,E/B,8198
2019-11-13,130,15:20:00,Wednesday,Middlefield Loop,Late Leaving Garage - Mechanical,22,44,S/B,1327
2019-11-13,24,15:22:00,Wednesday,Victoria park and Ivordale,Mechanical,9,18,N/B,8511
2019-11-13,985,15:27:00,Wednesday,Victoria Park and Sheppard,Mechanical,5,10,E/B,9080
2019-11-13,925,15:30:00,Wednesday,Entire Route,General Delay,25,30,B/W,
2019-11-13,25,15:30:00,Wednesday,Entire Route,General Delay,25,30,B/W,
2019-11-13,90,15:30:00,Wednesday,St. Clair West Stn,Utilized Off Route,6,12,N/B,8173
2019-11-13,984,15:30:00,Wednesday,Sheppard ave west at Rivalda Rd,Late Leaving Garage - Mechanical,12,15,W/B,3201
2019-11-13,53,15:31:00,Wednesday,PAMK,Late Leaving Garage - Operator,5,10,W/B,3420
2019-11-13,100,15:32:00,Wednesday,Eglinton Yard,Mechanical,0,0,OB,8886
2019-11-13,953,15:33:00,Wednesday,Stains and Seasons,Mechanical,15,30,W/B,9066
2019-11-13,954,15:55:00,Wednesday,eglinton garage,Mechanical,11,22,E/B,8657
2019-11-13,161,16:00:00,Wednesday,Louvain and Cordella,Emergency Services,18,35,E/B,1015
2019-11-13,122,16:00:00,Wednesday,York Mills to Roywood and Fifeshire,General Delay,35,46,B/W,
2019-11-13,96,16:00:00,Wednesday,wilson,General Delay,12,24,S/B,
2019-11-13,165,16:00:00,Wednesday,wilson,General Delay,8,17,S/B,
2019-11-13,59,16:00:00,Wednesday,Oak and Weston Road to Lawrence West Station,General Delay,35,49,B/W,
2019-11-13,109,16:00:00,Wednesday,Neptune to Eglinton West Station,General Delay,25,34,B/W,
2019-11-13,63,16:00:00,Wednesday,entire route,General Delay,8,17,B/W,
2019-11-13,68,16:00:00,Wednesday,Warden Station,General Delay,20,40,N/B,8776
2019-11-13,36,16:00:00,Wednesday,36 Finch west route,General Delay,5,15,B/W,0
2019-11-13,98,16:00:00,Wednesday,Peckham and Steels and Yonge,General Delay,20,40,B/W,8300
2019-11-13,53,16:00:00,Wednesday,53 Steeles E Route,General Delay,6,12,B/W,0
2019-11-13,953,16:00:00,Wednesday,953 Steeles Express,General Delay,6,12,B/W,0
2019-11-13,23,16:00:00,Wednesday,23 Dawes route,General Delay,7,14,B/W,
2019-11-13,127,16:00:00,Wednesday,entire route,General Delay,23,46,B/W,
2019-11-13,37,16:03:00,Wednesday,Bothways on route,General Delay,20,12,B/W,
2019-11-13,52,16:04:00,Wednesday,Pearson Airport Terminal 1,Late Leaving Garage - Mechanical,14,20,W/B,8330
2019-11-13,54,16:14:00,Wednesday,victoria park and lawrence,Mechanical,14,28,E/B,8824
2019-11-13,49,16:15:00,Wednesday,Bloor & West Mall,Mechanical,12,24,E/B,8412
2019-11-13,60,16:15:00,Wednesday,Steeles / Dudley,Investigation,9,18,W/B,3348
2019-11-13,35,16:20:00,Wednesday,Pioneer Village Stn,Late Leaving Garage - Operator,4,14,S/B,
2019-11-13,996,16:30:00,Wednesday,"Jane, Keele, Dufferin, Bathurst",General Delay,25,45,B/W,
2019-11-13,97,16:30:00,Wednesday,Hilda and Steeles to Queens Quay and Yonge,General Delay,30,44,B/W,
2019-11-13,939,16:35:00,Wednesday,Don Mills,Mechanical,12,24,E/B,1719
2019-11-13,32,16:37:00,Wednesday,Keele and Eglinton,Mechanical,5,11,E/B,1102
2019-11-13,35,16:40:00,Wednesday,Jane and Church,Investigation,5,10,S/B,3490
2019-11-13,35,16:40:00,Wednesday,Jane and Church,Mechanical,5,10,S/B,3490
2019-11-13,134,16:42:00,Wednesday,Progress and Bellamy,Mechanical,18,36,E/B,9081
2019-11-13,935,16:45:00,Wednesday,Jane route,General Delay,20,30,B/W,
2019-11-13,35,16:45:00,Wednesday,Jane route,General Delay,20,30,B/W,
2019-11-13,113,16:47:00,Wednesday,Main Street station,Mechanical,11,22,E/B,3107
2019-11-13,86,16:54:00,Wednesday,Eglinton and Bellamy,Mechanical,16,32,W/B,8805
2019-11-13,115,17:00:00,Wednesday,York Mills Station to Bannatyne and Silvergrove,General Delay,30,54,B/W,
2019-11-13,78,17:00:00,Wednesday,York Mills Station to Carluke and Fifeshire,General Delay,20,35,B/W,
2019-11-13,995,17:00:00,Wednesday,York Mills to Scarborough Loop,General Delay,30,40,B/W,
2019-11-13,127,17:00:00,Wednesday,townsley loop,Mechanical,23,46,S/B,1124
2019-11-13,64,17:00:00,Wednesday,64 Main route,General Delay,8,16,B/W,
2019-11-13,26,17:00:00,Wednesday,Dupont route,General Delay,20,30,B/W,
2019-11-13,32,17:00:00,Wednesday,"Keele, Allen, Bathurst, Avenue, Dufferin, Jane, Weston",General Delay,20,28,B/W,
2019-11-13,985,17:00:00,Wednesday,Dons Mills Station - Meadowvale Loop,General Delay,10,20,B/W,
2019-11-13,112,17:10:00,Wednesday,International Blvd & Carlingview Dr,Mechanical,16,32,S/B,8079
2019-11-13,76,17:12:00,Wednesday,Royal York Station,Vision,6,12,S/B,8073
2019-11-13,75,17:15:00,Wednesday,Sherbourne and Bloor,Mechanical,7,18,N/B,1364
2019-11-13,706,17:30:00,Wednesday,Main Street station,Utilized Off Route,1,1,W/B,9234
2019-11-13,985,17:32:00,Wednesday,Sheppard and Midland,Utilized Off Route,5,10,E/B,3465
2019-11-13,7,17:32:00,Wednesday,St. Calir and Bathrust,Mechanical,7,14,N/B,8205
2019-11-13,35,17:35:00,Wednesday,Jane Stn,Utilized Off Route,5,10,N/B,3248
2019-11-13,32,17:35:00,Wednesday,Eglinton West Station,Utilized Off Route,4,9,E/B,1101
2019-11-13,32,17:35:00,Wednesday,Eglinton West Station,Utilized Off Route,10,20,W/B,1045
2019-11-13,89,17:35:00,Wednesday,Keele Station,Utilized Off Route,11,22,S/B,1049
2019-11-13,25,17:36:00,Wednesday,Pape Station,Utilized Off Route,5,10,N/B,8713
2019-11-13,52,17:37:00,Wednesday,Lawrence West Station,Utilized Off Route,14,28,WB,8350
2019-11-13,69,17:40:00,Wednesday,Warden Station,Utilized Off Route,10,20,E/B,3135
2019-11-13,35,17:41:00,Wednesday,Jane and Dundas,Investigation,5,10,N/B,3293
2019-11-13,43,17:44:00,Wednesday,Kennedy and progress,Investigation,9,18,N/B,8843
2019-11-13,26,17:45:00,Wednesday,St.George Stn,Utilized Off Route,17,34,W/B,1266
2019-11-13,34,17:58:00,Wednesday,Kennedy Station,Mechanical,6,12,W/B,8764
2019-11-13,40,17:58:00,Wednesday,Dundas/Pacific,Diversion,27,37,E/B,
2019-11-13,989,18:01:00,Wednesday,Weston/Wilson,Mechanical,13,27,N/B,1085
2019-11-13,53,18:25:00,Wednesday,Passmore and Markham,Mechanical,10,20,W/B,1639
2019-11-13,50,18:30:00,Wednesday,Islington Station,Mechanical,15,30,W/B,7978
2019-11-13,927,18:30:00,Wednesday,HWY27/Royal Crest,Mechanical,6,12,S/B,3364
2019-11-13,108,18:32:00,Wednesday,Alerta and South OF Grand Ravine,Diversion,17,34,B/W,
2019-11-13,107,18:50:00,Wednesday,On Bakerside at St. regis,Investigation,24,48,N/B,3302
2019-11-13,64,19:00:00,Wednesday,64 Main route,General Delay,12,24,B/W,
2019-11-13,41,19:09:00,Wednesday,St. Calir,Utilized Off Route,12,24,B/W,1143
2019-11-13,52,19:11:00,Wednesday,Terminal 3,Mechanical,12,24,E/B,8150
2019-11-13,7,19:12:00,Wednesday,Bathrust Stn,Utilized Off Route,7,14,B/W,8189
2019-11-13,168,19:20:00,Wednesday,Avon Loop,Utilized Off Route,9,18,N/B,1005
2019-11-13,52,19:20:00,Wednesday,Lawrence West Station,Utilized Off Route,11,22,E/B,8317
2019-11-13,106,19:21:00,Wednesday,Sheppard West Station,Mechanical,20,40,N/B,8186
2019-11-13,34,19:25:00,Wednesday,Eglinton Station,Utilized Off Route,7,14,E/B,8794
2019-11-13,72,19:27:00,Wednesday,Carlaw and Queen St E,Mechanical,10,18,N/B,9205
2019-11-13,63,19:40:00,Wednesday,ossington station,Mechanical,8,17,N/B,8389
2019-11-13,34,20:00:00,Wednesday,Kennedy to Eglinton Station,General Delay,20,29,B/W,
2019-11-13,134,20:03:00,Wednesday,Sheppard and Progress,Investigation,6,12,W/B,9073
2019-11-13,108,20:12:00,Wednesday,117 Arletta,Diversion,126,143,B/W,
2019-11-13,706,20:53:00,Wednesday,Cherry & Commissioners,Utilized Off Route,1,1,E/B,8405
2019-11-13,46,20:56:00,Wednesday,Martin Grove/Racine,Diversion,45,55,B/W,
2019-11-13,96,21:54:00,Wednesday,jane and wilson,Mechanical,12,24,W/B,3294
2019-11-13,29,22:45:00,Wednesday,wilson station,Mechanical,8,17,S/B,9041
2019-11-13,36,22:46:00,Wednesday,Finch and Rumike,Investigation,10,20,W/B,3323
2019-11-13,29,23:01:00,Wednesday,springhurst loop,Mechanical,8,19,N/B,9150
2019-11-13,73,23:20:00,Wednesday,Royal York & Eglington,Emergency Services,20,40,S/B,8428
2019-11-14,96,00:35:00,Thursday,wilson and king high,Emergency Services,12,24,W/B,3304
2019-11-14,312,01:40:00,Thursday,St.Clair/Dufferin,Diversion,230,300,W/B,
2019-11-14,54,02:35:00,Thursday,Eglinton Street,Emergency Services,1,1,E/B,8820
2019-11-14,300,03:11:00,Thursday,Keele and Bloor Street,Emergency Services,20,40,W/B,8834
2019-11-14,396,03:20:00,Thursday,Keele,Emergency Services,30,60,E/B,3184
2019-11-14,320,03:30:00,Thursday,Edmond/University,Mechanical,4,8,N/B,8334
2019-11-14,363,03:35:00,Thursday,Northcliffe/Eglinton,Mechanical,30,60,N/B,8163
2019-11-14,320,04:25:00,Thursday,Queens Quay,Emergency Services,15,30,N/B,8493
2019-11-14,29,05:00:00,Thursday,Dufferin / Lawrence,Late Leaving Garage - Vision,5,10,S/B,9015
2019-11-14,29,05:05:00,Thursday,Wilson Station,Late Leaving Garage - Management,1,1,N/B,9052
2019-11-14,25,05:06:00,Thursday,EGLINTON YARD,Mechanical,1,1,E/B,8825
2019-11-14,25,05:18:00,Thursday,EGLINTON YARD,Mechanical,1,1,E/B,8629
2019-11-14,54,05:20:00,Thursday,EGLINTON YARD,Mechanical,1,1,E/B,8866
2019-11-14,108,05:23:00,Thursday,Stong Court / Driftwood,Late Leaving Garage - Management,20,40,W/B,3359
2019-11-14,25,05:25:00,Thursday,EGLINTON YARD,Mechanical,1,1,E/B,8661
2019-11-14,80,05:27:00,Thursday,Queensway & Kipling,Mechanical,23,46,W/B,8096
2019-11-14,34,05:27:00,Thursday,EGLINTONYARD,Mechanical,1,1,E/B,8863
2019-11-14,36,05:28:00,Thursday,Humberwood Loop,Vision,6,11,E/B,9125
2019-11-14,86,05:33:00,Thursday,EGLINTON YARD,Mechanical,1,1,E/B,8886
2019-11-14,161,05:33:00,Thursday,Cordella/Louvian,Diversion,1,1,E/B,
2019-11-14,108,05:36:00,Thursday,Pioneer Village Station,Late Leaving Garage - Vision,10,20,E/B,3510
2019-11-14,52,05:37:00,Thursday,Lawrence West Station,Late Leaving Garage - Mechanical,15,23,W/B,1373
2019-11-14,94,05:39:00,Thursday,Castle Frank,Late Leaving Garage - Mechanical,16,16,W/B,1042
2019-11-14,85,05:40:00,Thursday,Huntingwood/ Brimley,Mechanical,15,30,W/B,3404
2019-11-14,709,05:40:00,Thursday,Mount Dennis garage,Utilized Off Route,,,S/B,1083
2019-11-14,100,05:42:00,Thursday,EGLINTON YARD,Mechanical,1,1,E/B,8768
2019-11-14,100,05:45:00,Thursday,DMWF,Late Leaving Garage - Management,12,24,W/B,8678
2019-11-14,50,05:47:00,Thursday,Queensway garage,Late Leaving Garage - Mechanical,6,12,N/B,7974
2019-11-14,43,06:00:00,Thursday,ELGINTON,Mechanical,1,1,E/B,8732
2019-11-14,110,06:00:00,Thursday,bothways on route,Diversion,1,1,B/W,
2019-11-14,79,06:04:00,Thursday,Pine St. and Lawrence,Mechanical,5,10,S/B,1035
2019-11-14,68,06:12:00,Thursday,EGLINTON YARD,Mechanical,1,1,E/B,8868
2019-11-14,954,06:13:00,Thursday,eglinton yard,Late Leaving Garage - Mechanical,1,1,E/B,8708
2019-11-14,76,06:14:00,Thursday,Queensway garage,Late Leaving Garage - Mechanical,5,10,N/B,8054
2019-11-14,79,06:16:00,Thursday,Pine St. and Lawrence,Mechanical,6,10,S/B,1039
2019-11-14,119,06:20:00,Thursday,Wilson Station,Late Leaving Garage - Mechanical,20,40,W/B,3337
2019-11-14,929,06:25:00,Thursday,Dufferin / Lawrence,Late Leaving Garage - Mechanical,8,16,N/B,9046
2019-11-14,36,06:31:00,Thursday,FWSN,Late Leaving Garage - Operator,5,10,W/B,9131
2019-11-14,996,06:37:00,Thursday,Humber college loop,Late Leaving Garage - Operator,10,20,E/B,3215
2019-11-14,985,06:42:00,Thursday,Don Mills stn,Late Leaving Garage - Mechanical,12,18,E/B,9083
2019-11-14,60,06:46:00,Thursday,Pioneer Village station,Mechanical,7,14,E/B,3358
2019-11-14,32,06:46:00,Thursday,Pine / Lawrence,Late Leaving Garage - Operator,7,14,E/B,1131
2019-11-14,34,06:59:00,Thursday,EGLINTON/MT PLEASANT,Investigation,6,12,W/B,8804
2019-11-14,24,07:00:00,Thursday,24 Victoria Park Route- All Branch,General Delay,10,19,B/W,
2019-11-14,924,07:00:00,Thursday,924 Victoria Park Express Route,General Delay,10,19,B/W,
2019-11-14,144,07:00:00,Thursday,144 Downtown-Don Valley Express,General Delay,15,30,B/W,
2019-11-14,143,07:00:00,Thursday,143 Downtown-Beach Express,General Delay,15,30,B/W,
2019-11-14,76,07:12:00,Thursday,Lakeshore / Royal york,General Delay,4,9,B/W,
2019-11-14,945,07:15:00,Thursday,Steeles and Kipling Loop,Mechanical,6,12,S/B,8456
2019-11-14,44,07:20:00,Thursday,Evans and Kipling,Late Leaving Garage - Mechanical,5,10,N/B,8013
2019-11-14,73,07:20:00,Thursday,Royal Stn / Albion,General Delay,5,10,B/W,
2019-11-14,52,07:29:00,Thursday,Braecrest Ave at The Westway,Mechanical,15,30,E/B,8329
2019-11-14,133,07:30:00,Thursday,Scarborough Town Center to Morningside/Finch,General Delay,12,23,B/W,
2019-11-14,68,07:30:00,Thursday,Warden Station to Angus Glenn,General Delay,14,40,B/W,
2019-11-14,86,07:30:00,Thursday,Kingston road,General Delay,15,27,B/W,
2019-11-14,937,07:30:00,Thursday,Islington / Steeles,General Delay,7,16,B/W,
2019-11-14,110,07:30:00,Thursday,Longbranch / Islington stn,General Delay,6,12,B/W,
2019-11-14,66,07:30:00,Thursday,Humber / Oldmill,General Delay,4,9,B/W,
2019-11-14,939,07:30:00,Thursday,Route 939,General Delay,19,24,B/W,
2019-11-14,53,07:30:00,Thursday,Yonge and Steels on Yonge,Diversion,720,725,B/W,1306
2019-11-14,39,07:30:00,Thursday,Route 39,General Delay,19,24,B/W,
2019-11-14,50,07:40:00,Thursday,Islington / Millroad,General Delay,7,14,B/W,
2019-11-14,37,07:40:00,Thursday,Islington stn / Humberview,General Delay,7,15,B/W,
2019-11-14,32,07:51:00,Thursday,Renforth Station,Mechanical,7,14,W/B,1008
2019-11-14,70,08:00:00,Thursday,Entire route,General Delay,15,24,S/B,
2019-11-14,935,08:00:00,Thursday,Jane Street,General Delay,25,32,B/W,
2019-11-14,925,08:00:00,Thursday,Entire route,General Delay,15,24,S/B,
2019-11-14,52,08:00:00,Thursday,Westwood Mall to Lawrence Station,General Delay,20,34,B/W,
2019-11-14,841,08:00:00,Thursday,Renforth,Mechanical,6,12,E/B,8412
2019-11-14,902,08:00:00,Thursday,Markham road express,General Delay,10,1,B/W,
2019-11-14,129,08:00:00,Thursday,Scarborough Town Center to Major MacKenzie,General Delay,17,32,B/W,
2019-11-14,953,08:00:00,Thursday,Yonge and Steeles,General Delay,25,32,B/W,
2019-11-14,132,08:00:00,Thursday,Scarborough Town Center to Hupfield/Sewells,General Delay,10,18,B/W,
2019-11-14,91,08:00:00,Thursday,Entire route,General Delay,10,22,S/B,
2019-11-14,25,08:00:00,Thursday,Entie route,General Delay,15,21,S/B,
2019-11-14,960,08:00:00,Thursday,Yonge and Steeles,General Delay,30,40,B/W,
2019-11-14,60,08:00:00,Thursday,Yonge and Steeles,General Delay,20,27,B/W,
2019-11-14,102,08:00:00,Thursday,Markham road,General Delay,10,1,B/W,
2019-11-14,952,08:00:00,Thursday,Person Airport Terminal 3,General Delay,20,25,B/W,
2019-11-14,986,08:00:00,Thursday,Kingston Road,General Delay,15,20,B/W,
2019-11-14,35,08:00:00,Thursday,Jane Street,General Delay,30,35,B/W,
2019-11-14,38,08:00:00,Thursday,Highland creek route,General Delay,10,1,B/W,
2019-11-14,65,08:00:00,Thursday,Entire route,General Delay,10,23,S/B,
2019-11-14,94,08:02:00,Thursday,sherborne to spadina,General Delay,13,27,W/B,
2019-11-14,94,08:02:00,Thursday,Castle frank,Mechanical,14,28,W/B,1104
2019-11-14,935,08:06:00,Thursday,Jane and Shoreham Dr.,Mechanical,8,16,S/B,3199
2019-11-14,36,08:08:00,Thursday,HWLP,Mechanical,4,9,E/B,9124
2019-11-14,985,08:30:00,Thursday,Sheppard/Donvalley-Midland to Kennedy,General Delay,240,260,W/B,
2019-11-14,985,08:30:00,Thursday,Sheppard/Donvalley- Midlad to Kennedy,General Delay,240,260,W/B,
2019-11-14,111,08:41:00,Thursday,Eglinton and East Mall,Mechanical,11,22,N/B,8060
2019-11-14,29,08:53:00,Thursday,Wilson Station,Mechanical,7,14,S/B,9150
2019-11-14,54,09:00:00,Thursday,"Leslie, Bayview, Mt. Pleasant, Yonge",General Delay,25,33,B/W,
2019-11-14,44,09:12:00,Thursday,Colonel Sam Smith Loop,Mechanical,5,10,N/B,8432
2019-11-14,34,09:30:00,Thursday,EGLINTON/ MT. PLEASANT,General Delay,15,27,B/W,
2019-11-14,952,09:37:00,Thursday,Lawrence Ave West at Culford Rd,Investigation,11,22,E/B,8367
2019-11-14,29,09:43:00,Thursday,Castlefield / Dufferin,Mechanical,8,16,S/B,9045
2019-11-14,927,09:44:00,Thursday,Humber College,Mechanical,6,12,S/B,3329
2019-11-14,719,09:58:00,Thursday,Black Creek and Weston Road,Utilized Off Route,1,1,bw,1067
2019-11-14,709,09:59:00,Thursday,Ossington Stn,Utilized Off Route,1,1,S/B,1016
2019-11-14,60,09:59:00,Thursday,Founders and Steeles,Mechanical,10,19,E/B,3356
2019-11-14,52,10:09:00,Thursday,Lawrence West Station,Mechanical,14,28,W/B,8329
2019-11-14,37,10:11:00,Thursday,Belmount,Investigation,15,30,S/B,8023
2019-11-14,52,10:39:00,Thursday,Pearson Airport Terminal 3,Mechanical,14,28,E/B,1321
2019-11-14,75,10:50:00,Thursday,Glen Rd and South Drive,Utilized Off Route,5,11,B/W,8373
2019-11-14,63,11:00:00,Thursday,Queen/Shaw,Diversion,27,31,N/B,
2019-11-14,7,11:00:00,Thursday,Codwell and Bathrust,Emergency Services,8,16,S/B,8201
2019-11-14,126,11:00:00,Thursday,St. Clair/Christie,Diversion,60,90,N/B,1074
2019-11-14,719,11:05:00,Thursday,Mt. Dennis Garage,Utilized Off Route,1,1,W/B,1035
2019-11-14,52,11:05:00,Thursday,Braecrest Ave at The Westway,Mechanical,16,30,E/B,1271
2019-11-14,85,11:05:00,Thursday,Malvern gate,Mechanical,15,22,E/B,3536
2019-11-14,939,11:06:00,Thursday,Finch and Seneca hill,Mechanical,,,W/B,1398
2019-11-14,56,11:07:00,Thursday,Donald Station,Mechanical,10,20,N/B,8113
2019-11-14,56,11:10:00,Thursday,Don lands station,Diversion,85,105,N/B,
2019-11-14,117,11:12:00,Thursday,Alness and Magnetic Dr,Diversion,228,240,B/W,
2019-11-14,63,11:29:00,Thursday,Ossington Stn,Investigation,10,20,S/B,1363
2019-11-14,9,11:30:00,Thursday,st clair and kennedy,Mechanical,27,54,N/B,3135
2019-11-14,168,11:33:00,Thursday,Avan Loop,Vision,13,26,S/B,1030
2019-11-14,84,11:38:00,Thursday,Weston Rd at Bradstock rd,Mechanical,8,16,E/B,3626
2019-11-14,104,11:50:00,Thursday,Sheppard W stn,Mechanical,20,40,S/B,8341
2019-11-14,35,12:00:00,Thursday,Jane Stn to Pioneer Village Stn,General Delay,40,50,B/W,
2019-11-14,12,12:10:00,Thursday,Kingston Rd/Midland Ave,Diversion,156,181,B/W,8541
2019-11-14,41,12:20:00,Thursday,On Keele at Ingram,Mechanical,12,24,N/B,9026
2019-11-14,64,12:22:00,Thursday,Main Street/Gerrard,Investigation,10,20,S/B,8595
2019-11-14,168,12:30:00,Thursday,St.Clair & Weston Rd,General Delay,20,40,B/W,
2019-11-14,116,12:30:00,Thursday,Kennedy Station,Mechanical,10,20,E/B,8759
2019-11-14,45,12:35:00,Thursday,Kipling and Windermere,Diversion,38,44,N/B,8413
2019-11-14,63,12:40:00,Thursday,King/Atlantic,Utilized Off Route,10,20,N/B,8210
2019-11-14,7,12:45:00,Thursday,Bathrust Stn,Utilized Off Route,7,14,N/B,1347
2019-11-14,80,13:00:00,Thursday,Sherway Gardens - Keele Station,General Delay,15,30,B/W,
2019-11-14,935,13:00:00,Thursday,Jane Stn to Pioneer Village Stn,General Delay,35,45,B/W,
2019-11-14,60,13:00:00,Thursday,Yonge Street,Diversion,9,18,BW,3595
2019-11-14,165,13:17:00,Thursday,Wilson Stn (upper level),Mechanical,12,24,W/B,3314
2019-11-14,39,13:19:00,Thursday,Finch Station,Mechanical,16,32,W/B,3441
2019-11-14,40,13:22:00,Thursday,Kipling Station,Mechanical,10,20,E/B,8444
2019-11-14,60,13:34:00,Thursday,Finch Station,Vision,9,18,WB,3560
2019-11-14,167,13:34:00,Thursday,Sheppard and Consumers Road,Vision,0,0,W/B,3129
2019-11-14,50,13:38:00,Thursday,Terminal 3 to Sheppard-Yonge Station,General Delay,15,30,B/W,
2019-11-14,996,13:39:00,Thursday,wilson & clayson.,Vision,19,38,W/B,3246
2019-11-14,84,13:52:00,Thursday,Weston Rd at Bradstock Rd,Mechanical,8,16,E/B,3590
2019-11-14,90,14:00:00,Thursday,st clair w staTION,Mechanical,10,20,S/B,8185
2019-11-14,960,14:00:00,Thursday,Yonge street,Diversion,15,30,BW,3510
2019-11-14,70,14:00:00,Thursday,Between Coxwell Stn and 1: Craigton Dr; 2: Warden Stn,General Delay,15,26,B/W,
2019-11-14,35,14:23:00,Thursday,Arrow Garage,Vision,1,1,,3705
2019-11-14,59,14:24:00,Thursday,Church and Jane,Late Leaving Garage - Vision,25,50,W/B,3707
2019-11-14,42,14:26:00,Thursday,Wilson Garage,Late Leaving Garage - Vision,15,30,EB,1227
2019-11-14,126,14:27:00,Thursday,St. Clair/Vaughan,Investigation,15,15,W/B,1074
2019-11-14,986,14:30:00,Thursday,Eglinton Yard,Mechanical,0,0,OB,8723
2019-11-14,129,14:30:00,Thursday,Steeles and McCowan,Mechanical,15,30,S/B,1509
2019-11-14,34,14:32:00,Thursday,Eglinton Division,Mechanical,0,0,OB,8940
2019-11-14,144,14:35:00,Thursday,Eglinton division,Mechanical,0,0,OB,8644
2019-11-14,925,14:36:00,Thursday,Eglinton Yard,Mechanical,0,0,OB,8632
2019-11-14,7,14:36:00,Thursday,Bathurst Stn,Utilized Off Route,8,15,N/B,8351
2019-11-14,954,14:37:00,Thursday,Eglinton Yard,Mechanical,0,0,OB,8701
2019-11-14,34,14:38:00,Thursday,Eglinton Yard,Mechanical,0,0,OB,8795
2019-11-14,32,14:40:00,Thursday,eglinton station,Investigation,14,28,E/B,1603
2019-11-14,42,14:41:00,Thursday,Mc Nicoll and Victoria Park,Late Leaving Garage - Mechanical,12,24,WB,1370
2019-11-14,122,14:45:00,Thursday,York Mills Station,Late Leaving Garage - Mechanical,11,22,E/B,8129
2019-11-14,112,14:46:00,Thursday,Renforth Station,Mechanical,10,20,S/B,8031
2019-11-14,37,14:48:00,Thursday,Islington Station,Mechanical,16,32,N/B,7968
2019-11-14,52,14:53:00,Thursday,Church St at Jane St,Late Leaving Garage - Mechanical,8,1,E/B,8312
2019-11-14,985,14:55:00,Thursday,Sheppard and Kennedy,Mechanical,7,17,W/B,9080
2019-11-14,132,14:57:00,Thursday,Sewells and Brenyon Way,Late Leaving Garage - Operator,12,24,E/B,1712
2019-11-14,34,14:58:00,Thursday,Eglinton Yard,Mechanical,0,0,OB,8622
2019-11-14,22,15:00:00,Thursday,Between Coxwell Stn and Coxwell/Queen,General Delay,10,17,B/W,
2019-11-14,91,15:00:00,Thursday,Between Woodbine Stn and YorkMills,General Delay,15,21,B/W,
2019-11-14,925,15:00:00,Thursday,Between Pape Stn and DonMills/Steeles,General Delay,29,35,B/W,
2019-11-14,47,15:00:00,Thursday,YKDL to Queen Lansdowne,General Delay,60,72,B/W,
2019-11-14,25,15:00:00,Thursday,Between Pape Stn and Don Mills Stn,General Delay,21,31,B/W,
2019-11-14,70,15:02:00,Thursday,Eglinton Yard,Mechanical,0,0,OB,8635
2019-11-14,63,15:03:00,Thursday,Oakwood/Rosemount,Diversion,56,60,B/W,
2019-11-14,161,15:03:00,Thursday,Oakwood/Rosemount,Diversion,56,69,B/W,
2019-11-14,86,15:12:00,Thursday,Eglinton Yard,Mechanical,0,0,OB,8934
2019-11-14,102,15:13:00,Thursday,Kingston/ Markham,Investigation,0,0,S/B,3164
2019-11-14,35,15:15:00,Thursday,Jane and Woolner,Utilized Off Route,10,20,N/B,3238
2019-11-14,34,15:16:00,Thursday,Eglinton Station,Late Leaving Garage - Vision,7,14,E/B,8877
2019-11-14,54,15:17:00,Thursday,Eglinton Yard,Mechanical,0,0,OB,8880
2019-11-14,116,15:18:00,Thursday,Eglinton Yard,Mechanical,0,0,OB,8736
2019-11-14,91,15:19:00,Thursday,Cassandra and Underhill,Mechanical,1,1,S/B,9213
2019-11-14,32,15:20:00,Thursday,royal york & eglinton w,Mechanical,9,18,W/B,1098
2019-11-14,989,15:22:00,Thursday,Signet and Steeles,Late Leaving Garage - Mechanical,14,27,S/B,1030
2019-11-14,34,15:22:00,Thursday,Eglinton Yard,Mechanical,0,0,OB,8710
2019-11-14,43,15:23:00,Thursday,Eglinton Yard,Mechanical,0,0,OB,8866
2019-11-14,935,15:27:00,Thursday,Pioneer Village Station,Utilized Off Route,9,18,S/B,3630
2019-11-14,602,15:27:00,Thursday,,Late Leaving Garage - Management,1,1,N/B,7957
2019-11-14,68,15:27:00,Thursday,Eglinton Yard,Mechanical,0,0,OB,8932
2019-11-14,32,15:30:00,Thursday,eglinton west station,Mechanical,9,18,E/B,1411
2019-11-14,100,15:32:00,Thursday,Eglintomn Yard,Mechanical,0,0,OB,8660
2019-11-14,35,15:39:00,Thursday,Jane And Steeles,Utilized Off Route,5,10,N/B,3573
2019-11-14,95,15:40:00,Thursday,Brimley and Ellesmere,Vision,10,20,W/B,1397
2019-11-14,944,15:40:00,Thursday,CSSL - Col. Sam Smith loop,Mechanical,9,18,N/B,8437
2019-11-14,113,15:40:00,Thursday,Kennedy Stn,Vision,11,22,W/B,8599
2019-11-14,89,15:42:00,Thursday,Annette St - Keele Street,Mechanical,11,22,N/B,1680
2019-11-14,85,15:46:00,Thursday,Malvern gate,Mechanical,13,26,E/B,3471
2019-11-14,131,15:48:00,Thursday,Sewells and Brenyon Way,Investigation,9,18,W/B,1559
2019-11-14,111,15:51:00,Thursday,KPSN - Kipling Stn,Mechanical,10,20,N/B,8039
2019-11-14,937,15:55:00,Thursday,Islington Station,Late Leaving Garage - Vision,12,24,N/B,8013
2019-11-14,953,16:00:00,Thursday,953 Steeles Express,General Delay,6,12,B/W,0
2019-11-14,53,16:00:00,Thursday,53 Steeles E,General Delay,6,12,B/W,0
2019-11-14,935,16:16:00,Thursday,Jane and Church/Maple leaf,Investigation,0,0,S/B,3242
2019-11-14,35,16:19:00,Thursday,Jane station,Utilized Off Route,10,20,N/B,3288
2019-11-14,35,16:20:00,Thursday,Jane and Driftwood,Utilized Off Route,10,20,N/B,3217
2019-11-14,52,16:20:00,Thursday,Airport to Lawrence station,General Delay,20,30,B/W,
2019-11-14,952,16:20:00,Thursday,Airport to Lawrence station,General Delay,18,30,B/W,
2019-11-14,35,16:27:00,Thursday,Pioneer Village Station,Mechanical,10,20,S/B,3509
2019-11-14,110,16:33:00,Thursday,Evans and Islington,Investigation,12,24,N/B,8089
2019-11-14,97,16:38:00,Thursday,Yonge and Merton,Diversion,77,107,S/B,1213
2019-11-14,161,16:40:00,Thursday,jane and alliance,Mechanical,13,26,N/B,1127
2019-11-14,108,16:42:00,Thursday,Grandravine  and Keele,Emergency Services,17,34,N/B,3275
2019-11-14,98,17:00:00,Thursday,Drewery and Cactus,Mechanical,17,44,W/B,8143
2019-11-14,108,17:04:00,Thursday,Pioneer Vilage Stn,Mechanical,20,40,N/B,3494
2019-11-14,91,17:12:00,Thursday,Bermondsey and Hollinger,Mechanical,1,1,N/B,8533
2019-11-14,102,17:15:00,Thursday,Markham and Sheppard,Investigation,22,44,N/B,3145
2019-11-14,52,17:30:00,Thursday,Westway and Royal york,Vision,14,28,E/B,8365
2019-11-14,97,17:33:00,Thursday,Lawrence and Yonge,Utilized Off Route,30,60,N/B,8195
2019-11-14,995,17:35:00,Thursday,York Mills Station,Utilized Off Route,10,20,W/B,1713
2019-11-14,989,17:39:00,Thursday,Steeles and Weston Road,Mechanical,13,27,S/B,1024
2019-11-14,32,17:50:00,Thursday,scarlett and eglinton,Mechanical,9,18,E/B,1008
2019-11-14,84,18:00:00,Thursday,Sheppard and Welbech Rd,Diversion,480,490,B/W,
2019-11-14,29,18:10:00,Thursday,NB on Dufferin ar Dundas,Investigation,8,16,N/B,9035
2019-11-14,59,18:14:00,Thursday,Caledonia and Lawrence,Mechanical,14,28,E/B,3701
2019-11-14,32,18:25:00,Thursday,avenue and eglinton.,Investigation,10,20,E/B,1357
2019-11-14,98,18:40:00,Thursday,Sheppard and Wellback ave,Diversion,410,430,B/W,
2019-11-14,68,18:45:00,Thursday,Eglinton and Warden,Investigation,11,22,S/B,8902
2019-11-14,117,18:46:00,Thursday,Sheppard West Stn,Mechanical,12,24,N/B,1277
2019-11-14,63,19:01:00,Thursday,stclair and robina,Diversion,149,158,S/B,
2019-11-14,600,19:01:00,Thursday,stclair and robina,Investigation,1,1,N/B,1085
2019-11-14,59,19:12:00,Thursday,Maple Leaf and Culford,Investigation,18,36,W/B,3707
2019-11-14,52,19:18:00,Thursday,Lawrence west station,Mechanical,21,39,E/B,8212
2019-11-14,41,19:40:00,Thursday,four winds drive and keele,Mechanical,15,30,S/B,9022
2019-11-14,41,19:46:00,Thursday,SB on Keele at Vine Ave,Investigation,12,24,S/B,9028
2019-11-14,37,20:00:00,Thursday,Islington Station,Diversion,332,344,B/W,
2019-11-14,85,20:39:00,Thursday,Rouge Hill Go Station,Vision,0,0,N/B,3557
2019-11-14,95,20:59:00,Thursday,Scarborough Loop,Mechanical,14,28,W/B,1303
2019-11-14,52,21:17:00,Thursday,Lawrence west station,Mechanical,11,22,W/B,8218
2019-11-14,52,21:19:00,Thursday,Dufferin and Lawrence,Mechanical,11,22,W/B,8167
2019-11-14,54,21:27:00,Thursday,Lawrence RT,Investigation,13,26,E/B,8779
2019-11-14,69,21:57:00,Thursday,St. Clair & Birchmount,Investigation,10,20,E/B,3155
2019-11-14,44,22:10:00,Thursday,KPSN - Kipling Stn,Mechanical,10,20,S/B,8457
2019-11-14,47,22:28:00,Thursday,Queen and Landsdowne,Mechanical,20,40,N/B,1016
2019-11-14,94,23:27:00,Thursday,Castlefrank Station,Vision,10,20,BW,1002
2019-11-14,45,23:40:00,Thursday,KPSN - Kipling Stn,Mechanical,10,20,N/B,8606
2019-11-14,102,23:47:00,Thursday,MARKHAM RD & NASHDENE,Investigation,11,22,N/B,8544
2019-11-14,94,23:57:00,Thursday,Castlefrank Station,Mechanical,10,20,W/B,1050
2019-11-15,32,00:18:00,Friday,Eglinton West Station,Utilized Off Route,11,22,E/B,1131
2019-11-15,96,00:48:00,Friday,Jane and Wilson,Utilized Off Route,20,40,W/B,3178
2019-11-15,32,01:04:00,Friday,Renforth Station,Mechanical,15,30,E/B,1010
2019-11-15,54,01:31:00,Friday,Lawrence RT,Investigation,20,20,E/B,8880
2019-11-15,329,02:10:00,Friday,Dufferin & Ascott,Mechanical,30,30,S/B,1081
2019-11-15,384,02:15:00,Friday,Sheppard & Welbech,Diversion,180,210,BW,
2019-11-15,312,02:25:00,Friday,St Clair & Dufferin,Diversion,245,275,W/B,1361
2019-11-15,43,02:30:00,Friday,Kennedy Rd and Munham Gate,Emergency Services,12,22,N/B,8745
2019-11-15,320,03:37:00,Friday,Steeles & Yonge,Vision,3,7,S/B,1421
2019-11-15,37,04:38:00,Friday,Islington and Evans,Mechanical,15,15,NB,8093
2019-11-15,98,04:45:00,Friday,Sheppard/Wellbeck,Diversion,485,515,B/W,
2019-11-15,300,04:46:00,Friday,Danforth /Warden,Investigation,1,26,W/B,8948
2019-11-15,116,04:57:00,Friday,eglinton,Mechanical,1,1,E/B,8882
2019-11-15,34,05:03:00,Friday,eglinton,Mechanical,1,1,E/B,8862
2019-11-15,984,05:10:00,Friday,Senlac and Lawrence,Diversion,1,1,B/W,
2019-11-15,84,05:10:00,Friday,Senlac and Lawrence,Diversion,1,1,B/W,
2019-11-15,68,05:16:00,Friday,eglinton,Mechanical,1,1,E/B,8626
2019-11-15,89,05:25:00,Friday,Mt Dennis Garage,Late Leaving Garage - Operator,10,20,N/B,1027
2019-11-15,116,05:26:00,Friday,eglinton,Mechanical,1,1,E/B,8856
2019-11-15,90,05:29:00,Friday,St. Clair West Station,Late Leaving Garage - Operator,10,20,S/B,1293
2019-11-15,118,05:30:00,Friday,Wilson Station,Mechanical,20,20,W/B,3494
2019-11-15,50,05:30:00,Friday,Islington Station,Diversion,999,999,BW,
2019-11-15,54,05:31:00,Friday,eglinton div,Mechanical,1,1,E/B,8632
2019-11-15,168,05:34:00,Friday,Dundas West Station,Mechanical,10,20,S/B,1126
2019-11-15,96,05:35:00,Friday,Finch and Humberline Dr.,Late Leaving Garage - Mechanical,12,24,E/B,3178
2019-11-15,87,05:37:00,Friday,Main Station,Mechanical,6,12,W/B,8562
2019-11-15,34,05:42:00,Friday,eglinton div,Mechanical,1,1,E/B,8844
2019-11-15,110,05:45:00,Friday,Islington Station,Diversion,999,999,BW,
2019-11-15,37,05:45:00,Friday,Islington Station,Diversion,999,999,BW,
2019-11-15,43,05:50:00,Friday,eglinton,Mechanical,1,1,E/B,8839
2019-11-15,937,05:50:00,Friday,Islington Station,Diversion,244,255,BW,
2019-11-15,986,05:52:00,Friday,kennedy station,Late Leaving Garage - Operator,1,1,S/B,8770
2019-11-15,25,05:52:00,Friday,eglinton,Mechanical,1,1,E/B,8773
2019-11-15,29,05:55:00,Friday,Wilson Station,Mechanical,8,15,S/B,9052
2019-11-15,100,05:56:00,Friday,eglinton,Mechanical,1,1,E/B,556
2019-11-15,925,06:03:00,Friday,eglinton,Mechanical,1,1,E/B,8722
2019-11-15,935,06:10:00,Friday,Pioneer Village station,Investigation,11,25,S/B,3602
2019-11-15,9,06:11:00,Friday,Ellesmere and Bellamy,Mechanical,17,34,S/B,9208
2019-11-15,41,06:11:00,Friday,Pioneer Village Station,Mechanical,15,29,S/B,9029
2019-11-15,34,06:15:00,Friday,eglinton,Mechanical,1,1,E/B,8680
2019-11-15,939,06:15:00,Friday,Sewells and Morning side,Late Leaving Garage - Mechanical,8,15,N/B,3555
2019-11-15,905,06:20:00,Friday,eglinton,Mechanical,1,1,E/B,8886
2019-11-15,953,06:22:00,Friday,Steeles route,Late Leaving Garage - Operator,6,12,E/B,9063
2019-11-15,116,06:25:00,Friday,eglinton yard,Mechanical,1,1,E/B,8693
2019-11-15,29,06:26:00,Friday,Prince's Gate,Mechanical,22,30,N/B,9026
2019-11-15,35,06:29:00,Friday,Pioneer Village station,Vision,6,12,S/B,3319
2019-11-15,6,06:29:00,Friday,Davenport and Dupont,Late Leaving Garage - Mechanical,5,10,S/B,1380
2019-11-15,989,06:41:00,Friday,Weston Rd & Bradstock,Mechanical,24,48,N/B,1379
2019-11-15,36,06:46:00,Friday,Finch west station,Late Leaving Garage - Operator,5,10,E/B,9126
2019-11-15,108,06:47:00,Friday,Pioneer Village Station,Late Leaving Garage - Operator,8,16,S/B,3703
2019-11-15,984,06:49:00,Friday,Rivalda and Sheppard,Mechanical,9,18,E/B,3173
2019-11-15,86,06:51:00,Friday,Kennedy Station,Late Leaving Garage - Mechanical,18,36,E/B,8815
2019-11-15,939,06:57:00,Friday,Malvern garage POD  Finch stn,Late Leaving Garage - Operator,7,15,W/B,
2019-11-15,35,07:01:00,Friday,Pioneer Village station,Mechanical,6,12,S/B,3322
2019-11-15,953,07:03:00,Friday,Finch station,Late Leaving Garage - Mechanical,6,12,E/B,9083
2019-11-15,36,07:13:00,Friday,Finch west station,Vision,5,10,E/B,3224
2019-11-15,34,07:22:00,Friday,HANNA/EGLINTON,Mechanical,6,12,E/B,8862
2019-11-15,32,07:23:00,Friday,Keele and Eglinton,Mechanical,7,14,E/B,1052
2019-11-15,29,07:25:00,Friday,Dufferin and Rogers,Mechanical,8,16,N/B,9052
2019-11-15,60,07:30:00,Friday,on Yonge St from Finch Station to Steeles,Diversion,999,999,NB,3366
2019-11-15,32,07:52:00,Friday,Caledonia and Eglinton,Mechanical,17,24,W/B,1413
2019-11-15,116,07:53:00,Friday,Eglinton/Adanac,Mechanical,22,44,E/B,8767
2019-11-15,953,07:59:00,Friday,,Mechanical,6,12,E/B,9093
2019-11-15,6,07:59:00,Friday,Bay and Queens Quay,Mechanical,5,10,N/B,1262
2019-11-15,939,08:02:00,Friday,Finch and McCowan,Mechanical,7,15,E/B,3517
2019-11-15,86,08:16:00,Friday,Kingston/Eglinton,Investigation,6,12,W/B,8697
2019-11-15,121,08:46:00,Friday,Lakeshore and Strachan,Investigation,12,24,W/B,8594
2019-11-15,37,08:50:00,Friday,Islington and Dixon,Mechanical,24,48,SB,8430
2019-11-15,64,09:00:00,Friday,64 Main,General Delay,10,20,B/W,8475
2019-11-15,41,09:00:00,Friday,Old Weston and St. Clair,Diversion,420,434,N/B,9036
2019-11-15,102,09:11:00,Friday,Warden stn,Mechanical,20,20,S/B,8952
2019-11-15,123,09:15:00,Friday,Sherway garden,Mechanical,21,42,N/B,7973
2019-11-15,70,09:22:00,Friday,Mortimer Ave,Investigation,9,18,S/B,8650
2019-11-15,36,09:54:00,Friday,Weston road,Mechanical,5,10,E/B,3204
2019-11-15,76,10:13:00,Friday,Royal York Station,Investigation,10,20,SB,8431
2019-11-15,32,10:14:00,Friday,Verona and Eglinton,Mechanical,13,26,E/B,1139
2019-11-15,67,10:35:00,Friday,Victoria Park Station,Mechanical,15,30,N/B,8737
2019-11-15,63,11:00:00,Friday,Ossington Station,Mechanical,10,20,S/B,8386
2019-11-15,168,12:30:00,Friday,St Clair & Weston Rd,General Delay,28,40,B/W,
2019-11-15,37,12:52:00,Friday,Islington Station,Diversion,332,344,B/W,
2019-11-15,161,12:57:00,Friday,Keele Street and Rogers,Investigation,18,36,W/B,1073
2019-11-15,168,13:00:00,Friday,Avon Loop - Dundas West Statiom,General Delay,13,162,B/W,
2019-11-15,39,13:16:00,Friday,Milliken Blvd.,Mechanical,16,32,W/B,1568
2019-11-15,36,13:30:00,Friday,Entire route,General Delay,18,24,B/W,
2019-11-15,162,13:32:00,Friday,Lawrence and Duplex,Investigation,30,60,W/B,8200
2019-11-15,35,13:37:00,Friday,Pioneer Village Station,Utilized Off Route,10,20,S/B,3490
2019-11-15,935,13:59:00,Friday,Pioneer Village Stn,Utilized Off Route,10,20,S/B,3294
2019-11-15,52,14:00:00,Friday,LAWRENCE WEST,General Delay,10,20,B/W,
2019-11-15,60,14:00:00,Friday,Yonge Street,Diversion,9,18,BW,3254
2019-11-15,59,14:00:00,Friday,Caledonia and Lawrence Ave,General Delay,25,55,B/W,
2019-11-15,6,14:03:00,Friday,Bay and Cumberland,Investigation,12,24,N/B,1130
2019-11-15,29,14:11:00,Friday,Dufferin and Lawrence,Vision,8,16,S/B,9026
2019-11-15,804,14:30:00,Friday,Kipling stn,Investigation,2,12,N/B,8041
2019-11-15,57,14:31:00,Friday,Eglinton Yard,Mechanical,0,0,OB,8795
2019-11-15,925,14:32:00,Friday,Eglinton Yard,Mechanical,0,0,OB,8931
2019-11-15,131,14:41:00,Friday,Nugget and McCowan,Investigation,14,28,W/B,1274
2019-11-15,95,14:43:00,Friday,Kingston Rd Loop,Emergency Services,12,32,ew,3477
2019-11-15,35,14:43:00,Friday,Jane / Steeles,Utilized Off Route,5,10,S/B,3592
2019-11-15,84,14:45:00,Friday,Sheppard West Station,Vision,15,30,E/B,3521
2019-11-15,79,14:48:00,Friday,Jane and Lawrence,Mechanical,7,16,S/B,1025
2019-11-15,44,14:51:00,Friday,Queensway garage,Late Leaving Garage - Vision,5,10,N/B,8054
2019-11-15,68,14:54:00,Friday,Eglinton yard,Mechanical,0,0,OB,8921
2019-11-15,129,14:55:00,Friday,Scarborough Town Center,Late Leaving Garage - Operator,12,24,N/B,1386
2019-11-15,113,14:57:00,Friday,Main Station,Late Leaving Garage - Mechanical,13,24,E/B,3146
2019-11-15,35,15:00:00,Friday,Jane Stn to Pioneer Village Stn,General Delay,30,39,B/W,
2019-11-15,939,15:00:00,Friday,Finch station,Investigation,8,17,E/B,3457
2019-11-15,47,15:00:00,Friday,Ordus/Caledonia to St Clair/Caledonia,General Delay,60,80,B/W,
2019-11-15,935,15:00:00,Friday,Jane Stn to Pioneer Village,General Delay,30,40,B/W,
2019-11-15,70,15:01:00,Friday,Eglinton Yard,Mechanical,0,0,OB,8686
2019-11-15,60,15:06:00,Friday,Steeles and Dufferin,Investigation,9,18,EB,3580
2019-11-15,34,15:06:00,Friday,Eglinton Yard,Mechanical,0,0,OB,8773
2019-11-15,939,15:08:00,Friday,Finch and Sky mark,Investigation,13,21,E/B,3503
2019-11-15,113,15:12:00,Friday,Dabnforth Ave/Warden,Mechanical,11,22,E/B,8487
2019-11-15,960,15:15:00,Friday,Finch Station,Late Leaving Garage - Mechanical,15,30,EB,3499
2019-11-15,54,15:16:00,Friday,Eglinton Yard,Mechanical,0,0,OB,8928
2019-11-15,25,15:19:00,Friday,Eglinton Yard,Mechanical,0,0,OB,8622
2019-11-15,43,15:20:00,Friday,Eglinton Yard,Mechanical,0,0,OB,8693
2019-11-15,35,15:22:00,Friday,Pioneer Village Station,Utilized Off Route,10,20,S/B,
2019-11-15,57,15:22:00,Friday,Eglinton Yard,Mechanical,0,0,OB,8684
2019-11-15,116,15:24:00,Friday,Eglinton Yard,Mechanical,0,0,OB,8835
2019-11-15,34,15:26:00,Friday,Eglinton Yard,Mechanical,0,0,OB,8914
2019-11-15,953,15:27:00,Friday,Finch station,Utilized Off Route,15,30,E/B,9087
2019-11-15,34,15:28:00,Friday,Eglinton Yard,Mechanical,0,0,OB,8828
2019-11-15,80,15:30:00,Friday,Sherway Garden - Keele Station,General Delay,15,30,B/W,
2019-11-15,47,15:40:00,Friday,Yorkdale to St Clair,Utilized Off Route,20,40,S/B,1260
2019-11-15,72,15:43:00,Friday,Pape Station,Investigation,5,10,S/B,8568
2019-11-15,21,15:49:00,Friday,Brimley and Steeles,Late Leaving Garage - Mechanical,11,22,S/B,1721
2019-11-15,935,15:57:00,Friday,Jane Station,Utilized Off Route,10,20,N/B,3619
2019-11-15,960,16:01:00,Friday,Steeles and Emerald Lane,Investigation,15,30,EB,3495
2019-11-15,116,16:09:00,Friday,Kennedy Station,Mechanical,7,13,E/B,8744
2019-11-15,51,16:12:00,Friday,Leslie Station,Mechanical,21,42,N/B,1285
2019-11-15,168,16:32:00,Friday,Avon Loop,Mechanical,8,15,S/B,1126
2019-11-15,59,16:35:00,Friday,Dufferin and Lawrence,General Delay,20,50,B/W,
2019-11-15,954,16:35:00,Friday,StarSpray,Mechanical,9,18,W/B,8838
2019-11-15,600,16:41:00,Friday,The Bridle Walk and Major Mackenzie,Investigation,0,0,N/B,8946
2019-11-15,6,16:55:00,Friday,Bay South of Front,Investigation,7,15,S/B,1325
2019-11-15,985,17:00:00,Friday,Sheppard ave East to Victoria Park ave,General Delay,165,175,W/B,
2019-11-15,719,17:20:00,Friday,Bathurst and Eglinton,Emergency Services,1,1,W/B,1106
2019-11-15,925,17:35:00,Friday,Freshmeadow,Mechanical,8,16,S/B,8689
2019-11-15,60,17:39:00,Friday,Finch Station,Mechanical,9,18,WB,3185
2019-11-15,953,17:43:00,Friday,Morningside and Finch,Investigation,15,30,W/B,9092
2019-11-15,704,17:45:00,Friday,Jane and Shoreham,Utilized Off Route,1,1,S/B,3223
2019-11-15,35,17:59:00,Friday,Jane and Finch,Utilized Off Route,10,20,N/B,3240
2019-11-15,134,18:01:00,Friday,Finchdene Square,Mechanical,18,36,S/B,9000
2019-11-15,32,18:07:00,Friday,Caledonia and Eglinton,Mechanical,9,18,W/B,1503
2019-11-15,952,18:13:00,Friday,Lawerence and Islinton,Mechanical,12,24,E/B,1253
2019-11-15,39,18:28:00,Friday,Finch Station,Utilized Off Route,8,22,E/B,3487
2019-11-15,900,18:30:00,Friday,Terminla 3 - Kipling Station,General Delay,15,30,B/W,
2019-11-15,168,18:35:00,Friday,Avon Loop,Mechanical,7,15,S/B,1019
2019-11-15,84,18:36:00,Friday,Sheppard West Station,Mechanical,9,18,W/B,3609
2019-11-15,989,18:39:00,Friday,Northland and Weston Road,Mechanical,14,27,N/B,1112
2019-11-15,60,18:43:00,Friday,Pioneer Village Station,Utilized Off Route,8,16,EB,3324
2019-11-15,35,18:45:00,Friday,Jane and Shoreham,Diversion,135,145,N/B,
2019-11-15,53,18:54:00,Friday,Pharmacy,Mechanical,5,15,E/B,3472
2019-11-15,939,19:08:00,Friday,Finch and McCowan,Mechanical,12,24,E/B,1657
2019-11-15,46,19:32:00,Friday,Princess Margret - Martian Grove,General Delay,17,33,W/B,3265
2019-11-15,704,20:00:00,Friday,Finch station,Utilized Off Route,0,0,W/B,3324
2019-11-15,704,20:00:00,Friday,Finch station,Utilized Off Route,0,0,W/B,3173
2019-11-15,600,20:00:00,Friday,Finch station,Utilized Off Route,0,0,W/B,3351
2019-11-15,60,20:05:00,Friday,Pioneer Village Station,Utilized Off Route,9,18,WB,3306
2019-11-15,54,20:08:00,Friday,Eglinton Station,Utilized Off Route,14,27,E/B,8822
2019-11-15,35,20:09:00,Friday,Jane Stn,Mechanical,110,20,N/B,3703
2019-11-15,34,20:10:00,Friday,Eglinton and Bayview,Emergency Services,4,11,W/B,8707
2019-11-15,100,20:20:00,Friday,DON MILLS & EGLINTON,Mechanical,9,18,N/B,8881
2019-11-15,11,20:24:00,Friday,Bayview and Highland cres.,Investigation,28,56,N/B,8370
2019-11-15,701,20:55:00,Friday,Eglinton West Station,Utilized Off Route,1,1,B/W,1234
2019-11-15,121,21:00:00,Friday,Mill Street & Parliament,General Delay,20,40,BW,
2019-11-15,52,21:15:00,Friday,Lawerence and Scarlett,Mechanical,12,24,W/B,8306
2019-11-15,7,21:16:00,Friday,Bathurst Station,Utilized Off Route,8,17,N/B,8101
2019-11-15,36,21:24:00,Friday,Fstn,Late Leaving Garage - Operator,8,16,W/B,3244
2019-11-15,118,22:06:00,Friday,Wilson Station,Investigation,24,48,W/B,3330
2019-11-15,7,22:30:00,Friday,Greenwin Village and Bathurst,Mechanical,8,17,S/B,1370
2019-11-15,939,22:31:00,Friday,Finch/Alness,Investigation,10,20,E/B,3459
2019-11-15,94,22:40:00,Friday,Castlefrank Station,Utilized Off Route,10,20,W/B,1353
2019-11-15,20,23:05:00,Friday,MAIN STATION,Investigation,30,60,E/B,8948
2019-11-15,94,23:08:00,Friday,Ossington Station,Utilized Off Route,10,20,S/B,1420
2019-11-15,29,23:47:00,Friday,Dufferin and Yorkdale,Investigation,8,17,S/B,9104
2019-11-16,36,00:00:00,Saturday,Finch west station,Utilized Off Route,10,20,W/B,9123
2019-11-16,106,00:05:00,Saturday,Pioneer village station,Utilized Off Route,20,40,E/B,8145
2019-11-16,123,00:05:00,Saturday,Long Branch,Utilized Off Route,24,48,N/B,8458
2019-11-16,53,00:05:00,Saturday,Finch station,Utilized Off Route,18,36,E/B,3540
2019-11-16,52,00:11:00,Saturday,"Airport, Terminal 3",Mechanical,18,36,E/B,8392
2019-11-16,52,00:38:00,Saturday,Tollington and Martin Grove,Utilized Off Route,18,36,E/B,8322
2019-11-16,47,01:15:00,Saturday,Rideau and landsdowne,Investigation,15,30,S/B,1205
2019-11-16,24,01:35:00,Saturday,VICTORIA PK & TERRAVIEW,Mechanical,10,20,N/B,8489
2019-11-16,47,01:44:00,Saturday,Earlscourt loop.,Utilized Off Route,12,22,S/B,1261
2019-11-16,300,02:00:00,Saturday,Bathrust to Parliament,General Delay,15,30,B/W,
2019-11-16,320,02:08:00,Saturday,Yonge  & Castlefield,Emergency Services,3,8,N/B,8184
2019-11-16,329,02:20:00,Saturday,Dufferin & Gerry Fitzgerald,Mechanical,30,60,S/B,9034
2019-11-16,363,02:34:00,Saturday,Oakwood/Jesmond,Diversion,182,212,B/W,
2019-11-16,300,02:34:00,Saturday,Bathrust station,Investigation,10,20,E/B,1205
2019-11-16,89,02:43:00,Saturday,Mt Dennis Yard,Investigation,1,1,E/B,1412
2019-11-16,63,02:55:00,Saturday,Queens Quay & Yonge,Utilized Off Route,3,7,N/B,8170
2019-11-16,320,03:06:00,Saturday,Queens Quay &  Yonge,Utilized Off Route,4,7,N/B,8346
2019-11-16,320,03:27:00,Saturday,Yonge & Empress,Mechanical,3,7,N/B,8338
2019-11-16,122,03:44:00,Saturday,Yonge & Empress,Utilized Off Route,4,7,S/B,1384
2019-11-16,320,04:05:00,Saturday,Yonge & 401,General Delay,4,7,S/B,8569
2019-11-16,320,04:26:00,Saturday,Steeles & Yonge Loop,Emergency Services,1,1,W/B,1120
2019-11-16,332,04:30:00,Saturday,Eglinton & Caledonia,Diversion,1,1,BW,1109
2019-11-16,363,04:33:00,Saturday,Strachan and King,Emergency Services,22,44,S/B,8157
2019-11-16,32,04:42:00,Saturday,Eglinton/Montcalm,Diversion,132,142,B/W,
2019-11-16,75,04:45:00,Saturday,Bloor/Sherbourne,Late Leaving Garage - Mechanical,,15,S/B,1374
2019-11-16,63,05:00:00,Saturday,Oakwood / Vaughan,Diversion,487,493,BW,1365
2019-11-16,21,05:57:00,Saturday,Kennedy STN,Late Leaving Garage - Mechanical,0,0,N/B,1337
2019-11-16,52,05:59:00,Saturday,Martin grove and The west way,Late Leaving Garage - Mechanical,19,25,E/B,8328
2019-11-16,52,06:01:00,Saturday,Keele and Lawrence,Mechanical,21,41,W/B,8154
2019-11-16,90,06:10:00,Saturday,Vaughan / Oakwood,Diversion,417,437,w,
2019-11-16,32,06:17:00,Saturday,Oakwood/Ashbury,Emergency Services,10,20,N/B,1063
2019-11-16,716,06:17:00,Saturday,Metrolinx RAD,Utilized Off Route,1,1,B/W,9223
2019-11-16,161,06:20:00,Saturday,Ossington stn,Utilized Off Route,15,30,S/B,1025
2019-11-16,24,06:20:00,Saturday,VICTORIA PARK / Victoria Park Station,Mechanical,9,18,N/B,3115
2019-11-16,123,06:21:00,Saturday,Kipling Station,Utilized Off Route,1,30,W/B,8048
2019-11-16,39,06:22:00,Saturday,Finch Station,Utilized Off Route,10,20,S/B,3409
2019-11-16,60,06:23:00,Saturday,Finch station,Utilized Off Route,5,10,W/B,3327
2019-11-16,60,06:24:00,Saturday,Pioneer Village Station,Utilized Off Route,5,10,W/B,3309
2019-11-16,35,06:24:00,Saturday,Jane Station,Utilized Off Route,9,17,N/B,3337
2019-11-16,162,06:25:00,Saturday,Donway west and Lawrence,Late Leaving Garage - Vision,30,18,W/B,1228
2019-11-16,24,06:25:00,Saturday,VICTORIA PARK / Steeles and Victoria Park Loop,Late Leaving Garage - Mechanical,9,18,S/B,3163
2019-11-16,63,06:25:00,Saturday,Ossington stn,Utilized Off Route,10,20,S/B,1257
2019-11-16,47,06:32:00,Saturday,Jane station,Utilized Off Route,9,17,,1258
2019-11-16,45,06:33:00,Saturday,Kipling Station,Utilized Off Route,10,20,N/B,8063
2019-11-16,168,06:34:00,Saturday,Dundas West Stn,Utilized Off Route,10,20,N/B,1047
2019-11-16,71,06:35:00,Saturday,Windermere Place,Utilized Off Route,17,34,N/B,1045
2019-11-16,79,06:35:00,Saturday,Jane station,Utilized Off Route,10,20,,1406
2019-11-16,35,06:44:00,Saturday,Jane Station,Utilized Off Route,9,17,N/B,3270
2019-11-16,935,07:02:00,Saturday,Pioneer Village Station,Late Leaving Garage - Mechanical,10,20,S/B,3204
2019-11-16,44,07:03:00,Saturday,Kipling Station,Utilized Off Route,15,30,S/B,8432
2019-11-16,50,07:20:00,Saturday,MILL RD LOOP,Mechanical,15,30,E/B,8047
2019-11-16,52,07:38:00,Saturday,Terminal,Mechanical,18,36,,8188
2019-11-16,52,07:40:00,Saturday,tollington road,Mechanical,19,38,,8161
2019-11-16,63,07:50:00,Saturday,Ossington / Queen,Mechanical,8,16,N/B,8168
2019-11-16,161,08:00:00,Saturday,Alliance / Rockcliff,Diversion,84,96,B/W,
2019-11-16,63,08:30:00,Saturday,Strachan / East Liberty,Diversion,110,116,B/W,
2019-11-16,73,08:57:00,Saturday,ROYAL YORK STN,Late Leaving Garage - Mechanical,15,30,N/B,8416
2019-11-16,74,09:00:00,Saturday,St. Clair Station,Investigation,20,40,N/B,1215
2019-11-16,34,09:11:00,Saturday,Eglinton Station,Late Leaving Garage - Mechanical,9,18,E/B,8748
2019-11-16,36,09:16:00,Saturday,humberwood loop,Late Leaving Garage - Mechanical,5,10,W/B,3490
2019-11-16,53,09:21:00,Saturday,Markham,Late Leaving Garage - Vision,5,10,W/B,3416
2019-11-16,20,09:27:00,Saturday,CLIFFESIDE - Birchmount Division,Investigation,0,0,E/B,8564
2019-11-16,45,09:35:00,Saturday,Steeles Loop,Late Leaving Garage - Mechanical,10,20,S/B,8033
2019-11-16,79,09:45:00,Saturday,Pine and Lawrence St W,Late Leaving Garage - Mechanical,14,34,S/B,1144
2019-11-16,81,09:46:00,Saturday,Pape Station,Mechanical,7,14,N/B,3146
2019-11-16,29,09:50:00,Saturday,Dufferin/Bloor,Mechanical,5,10,S/B,9052
2019-11-16,132,10:10:00,Saturday,Sewells and Brenyan Way,Diversion,114,144,B/W,
2019-11-16,29,10:15:00,Saturday,Dufferin/St.Clair,Mechanical,5,11,N/B,9020
2019-11-16,53,10:18:00,Saturday,Staines,Investigation,5,10,W/B,3431
2019-11-16,68,10:30:00,Saturday,Warden Ave/Eglinton Ave E,General Delay,15,26,B/W,
2019-11-16,35,10:33:00,Saturday,Jane and Eglinton,Mechanical,10,17,,3308
2019-11-16,123,10:35:00,Saturday,Kipling Station,Mechanical,10,20,E/B,8031
2019-11-16,127,11:00:00,Saturday,Townsley Loop,Mechanical,20,40,S/B,1281
2019-11-16,32,11:00:00,Saturday,Yonge/Eglinton,Mechanical,5,10,E/B,1135
2019-11-16,108,11:00:00,Saturday,Sheppard/Tuscan Gate,Investigation,25,50,S/B,3509
2019-11-16,135,11:08:00,Saturday,Gerrard St E/Blantyre Ave,Mechanical,20,40,E/B,8453
2019-11-16,85,11:27:00,Saturday,Don Mills station,Mechanical,5,11,E/B,3527
2019-11-16,106,11:54:00,Saturday,Sheppard West Station,Late Leaving Garage - Mechanical,6,12,sw,8143
2019-11-16,106,11:57:00,Saturday,Pioneer Village Stn,Late Leaving Garage - Vision,8,16,S/B,8183
2019-11-16,59,12:00:00,Saturday,Caledonia and Lawrence Ave,General Delay,30,60,B/W,
2019-11-16,89,12:00:00,Saturday,Entire Route,General Delay,25,35,B/W,
2019-11-16,60,12:00:00,Saturday,Steeles route,General Delay,12,15,W/B,
2019-11-16,52,12:00:00,Saturday,Dufferin  to caledonia,General Delay,8,16,,
2019-11-16,6,12:10:00,Saturday,Daverport and Belmount,Investigation,14,28,W/B,1089
2019-11-16,42,12:17:00,Saturday,Finch Station,Mechanical,13,26,EB,8318
2019-11-16,23,12:27:00,Saturday,DAWES and Crescent Town,Investigation,10,20,N/B,8450
2019-11-16,60,12:31:00,Saturday,Finch station,Late Leaving Garage - Mechanical,5,10,W/B,3497
2019-11-16,32,12:54:00,Saturday,Eglinton Station,Late Leaving Garage - Mechanical,9,18,W/B,1287
2019-11-16,80,13:00:00,Saturday,Entire Route,General Delay,25,40,B/W,
2019-11-16,73,13:00:00,Saturday,Entire Route,General Delay,25,35,B/W,
2019-11-16,102,13:05:00,Saturday,Warden Station,Mechanical,19,29,N/B,8957
2019-11-16,63,13:10:00,Saturday,Ossington stn,Mechanical,8,16,S/B,1317
2019-11-16,111,13:12:00,Saturday,Martin Grove and Clement,Mechanical,10,20,W/B,7979
2019-11-16,32,13:17:00,Saturday,Keele and Eglinton,Mechanical,9,18,E/B,1006
2019-11-16,104,13:20:00,Saturday,Wilson Stn,Mechanical,15,30,N/B,8209
2019-11-16,29,13:36:00,Saturday,Dufferin and Bloor,Mechanical,4,8,S/B,9037
2019-11-16,95,13:57:00,Saturday,Leslie and York Mills,Investigation,13,26,B/W,3505
2019-11-16,66,14:00:00,Saturday,Entire Route,General Delay,20,30,B/W,
2019-11-16,110,14:00:00,Saturday,Islington stn,Mechanical,17,35,S/B,8440
2019-11-16,35,14:00:00,Saturday,Jane Station to Pioneer Village,General Delay,40,50,S/B,
2019-11-16,935,14:00:00,Saturday,Jane Stn to Pioneer Village Stn,General Delay,45,55,B/W,
2019-11-16,112,14:25:00,Saturday,Dundas and Shaver,Mechanical,15,30,W/B,8049
2019-11-16,7,15:01:00,Saturday,Bathurst and Wilson,Mechanical,8,16,S/B,8192
2019-11-16,47,15:09:00,Saturday,Lansdowne and Bloor St West,Investigation,18,36,S/B,1258
2019-11-16,935,15:21:00,Saturday,Jane and Sheppard,Investigation,10,20,S/B,3305
2019-11-16,89,15:55:00,Saturday,Keele stn,Emergency Services,10,20,N/B,1146
2019-11-16,60,16:00:00,Saturday,Entire route,General Delay,22,31,B/W,
2019-11-16,12,16:15:00,Saturday,BRIMLEY RD & ST. CLAIR,Investigation,15,30,N/B,8548
2019-11-16,95,17:04:00,Saturday,Warden and Ellesmere,Investigation,10,21,W/B,1718
2019-11-16,96,17:10:00,Saturday,Carrier and Albion,Diversion,70,87,E/B,
2019-11-16,36,17:14:00,Saturday,FWSN,Mechanical,5,9,W/B,3504
2019-11-16,97,17:52:00,Saturday,Davisville station,Mechanical,30,59,N/B,1217
2019-11-16,53,17:58:00,Saturday,Woodbine and Steeles,Diversion,90,96,B/W,3427
2019-11-16,53,18:27:00,Saturday,Finch Station,Mechanical,10,20,EB,1658
2019-11-16,94,18:30:00,Saturday,Castle Frank Stn,Mechanical,13,26,W/B,1605
2019-11-16,41,18:36:00,Saturday,Keele Station,Mechanical,9,18,N/B,1050
2019-11-16,7,18:40:00,Saturday,Bathurst Station,Mechanical,8,16,N/B,8301
2019-11-16,42,19:06:00,Saturday,Finch Station,Mechanical,16,32,EB,8205
2019-11-16,122,19:55:00,Saturday,Leslie and Yorkmills,Mechanical,30,60,W/B,8207
2019-11-16,63,20:00:00,Saturday,Ossington Station,Utilized Off Route,4,8,N/B,1365
2019-11-16,113,20:17:00,Saturday,MAIN STATION,Investigation,20,40,E/B,8954
2019-11-16,165,20:26:00,Saturday,Faywood and Wilson,Investigation,10,20,E/B,3281
2019-11-16,85,20:30:00,Saturday,Don Mills station,Mechanical,16,32,W/B,3515
2019-11-16,95,20:46:00,Saturday,Yorkmills station,Mechanical,7,15,E/B,1688
2019-11-16,67,21:14:00,Saturday,PHSRMACY & EGLINTON,Diversion,0,0,S/B,8871
2019-11-16,168,21:31:00,Saturday,Dundas West Station,Investigation,12,24,N/B,1047
2019-11-16,132,21:56:00,Saturday,Sewells and Brenyan Way,Utilized Off Route,30,60,S/B,3525
2019-11-16,1,22:00:00,Saturday,st. clair west station,Investigation,1,1,S/B,8527
2019-11-16,133,22:20:00,Saturday,Morningside and Old Finch,Utilized Off Route,10,20,S/B,3449
2019-11-16,116,22:25:00,Saturday,Morningside and Nightstar,Utilized Off Route,9,18,S/B,8866
2019-11-16,25,22:29:00,Saturday,FRESHMEADOW & DON MILLS,Investigation,0,0,S/B,8868
2019-11-16,26,22:31:00,Saturday,Campbell and dupont,Investigation,15,30,W/B,1590
2019-11-16,26,22:31:00,Saturday,Symington and dupont,Diversion,104,119,W/B,
2019-11-16,44,22:42:00,Saturday,Kipling Station,Utilized Off Route,10,20,S/B,8017
2019-11-16,53,22:48:00,Saturday,Don Mills,Mechanical,20,40,W/B,3473
2019-11-16,47,22:50:00,Saturday,Queen and Lansdowne,Utilized Off Route,16,32,S/B,1118
2019-11-16,63,22:54:00,Saturday,Atlantic and King,Utilized Off Route,8,16,N/B,1290
2019-11-16,95,23:00:00,Saturday,Victoria park and ellesmere,Investigation,10,20,E/B,1713
2019-11-16,95,23:20:00,Saturday,Kingston loop,Mechanical,10,20,W/B,1207
2019-11-17,312,02:40:00,Sunday,St clair and Lansdowne,Diversion,1,1,W/B,1134
2019-11-17,334,02:47:00,Sunday,Finch and Tapscot,Investigation,30,60,S/B,8930
2019-11-17,52,05:18:00,Sunday,Lawrence and Bathurst,Late Leaving Garage - Vision,17,33,W/B,8183
2019-11-17,334,05:33:00,Sunday,Eglinton and Wynford,Investigation,25,55,W/B,8779
2019-11-17,300,06:00:00,Sunday,Bloor/Danforth,General Delay,25,30,B/W,
2019-11-17,7,06:19:00,Sunday,Wilson Garage,Mechanical,1,1,S/B,8382
2019-11-17,118,06:36:00,Sunday,Albion / Wilson,Investigation,20,40,W/B,3197
2019-11-17,37,06:55:00,Sunday,STEELES AND ISLINGTON,Mechanical,25,,S/B,8613
2019-11-17,307,07:00:00,Sunday,307 Bathurst Night Bus,General Delay,20,42,S/B,8358
2019-11-17,300,07:10:00,Sunday,Kennedy station,Mechanical,6,12,E/B,8060
2019-11-17,34,07:22:00,Sunday,Grenoble and Spanbridge,Late Leaving Garage - Mechanical,20,37,W/B,8914
2019-11-17,116,07:35:00,Sunday,Morningside Ave/Stains Rd.,Mechanical,10,20,W/B,8646
2019-11-17,108,07:44:00,Sunday,Pioneer Village Station,Mechanical,30,60,S/B,3205
2019-11-17,102,07:50:00,Sunday,Warden STN,Late Leaving Garage - Mechanical,0,0,E/B,9239
2019-11-17,102,07:56:00,Sunday,Markham Rd/Steeles Ave E,Vision,10,20,S/B,8552
2019-11-17,134,08:18:00,Sunday,Scarborough Centre STN,Mechanical,0,0,E/B,3458
2019-11-17,5,08:20:00,Sunday,Davenport and Avenue Road,Diversion,20,600,B/W,
2019-11-17,74,08:30:00,Sunday,St. Clair Station,Mechanical,18,36,N/B,1211
2019-11-17,89,08:30:00,Sunday,ENTIRE ROUTE,General Delay,10,30,B/W,
2019-11-17,65,08:30:00,Sunday,Parliament/Wellesley,Diversion,450,465,E/B,9210
2019-11-17,59,09:00:00,Sunday,Caledonia and Lawrence Ave West,General Delay,30,60,B/W,
2019-11-17,6,09:00:00,Sunday,Route 6,Diversion,,,B/W,
2019-11-17,121,09:00:00,Sunday,Front/Spadina,Diversion,420,435,W/B,8523
2019-11-17,86,09:20:00,Sunday,Kennedy Station,Mechanical,6,14,E/B,8722
2019-11-17,87,09:22:00,Sunday,Main Stn,Mechanical,10,20,W/B,9235
2019-11-17,74,09:30:00,Sunday,On Avenue Rd and Bowood,Mechanical,18,36,S/B,8392
2019-11-17,395,09:35:00,Sunday,395 York Mills Night bus,General Delay,30,60,S/B,3558
2019-11-17,53,09:50:00,Sunday,DonMills,Diversion,46,50,E/B,3432
2019-11-17,51,09:50:00,Sunday,Steels and Don mills,Diversion,29,79,N/B,
2019-11-17,51,09:55:00,Sunday,Steels and Leslie,Emergency Services,29,50,N/B,1370
2019-11-17,36,10:08:00,Sunday,Norfinch,Diversion,232,242,W/B,3269
2019-11-17,52,10:14:00,Sunday,Lawrance stn,Mechanical,20,40,,8305
2019-11-17,939,10:15:00,Sunday,STC Station,Vision,8,16,W/B,1718
2019-11-17,94,10:30:00,Sunday,Route 94,Diversion,,,B/W,
2019-11-17,75,10:30:00,Sunday,Route 75,Diversion,,,B/W,
2019-11-17,32,10:30:00,Sunday,Eglinton West station,Mechanical,10,20,E/B,1353
2019-11-17,118,10:32:00,Sunday,Wilson stn,Investigation,20,40,W/B,3197
2019-11-17,116,10:36:00,Sunday,Kennedy Station,Mechanical,5,13,E/B,8688
2019-11-17,11,11:05:00,Sunday,Steels and Bayview,Late Leaving Garage - Vision,30,46,S/B,8357
2019-11-17,39,11:20:00,Sunday,Finch Station,Mechanical,17,24,E/B,3554
2019-11-17,100,11:24:00,Sunday,O'conner and Hopedale,Investigation,10,20,S/B,8714
2019-11-17,29,11:47:00,Sunday,Dufferin and Shanly,Investigation,7,14,N/B,9138
2019-11-17,161,11:55:00,Sunday,Jane / Alliance,Mechanical,12,24,W/B,1101
2019-11-17,85,11:58:00,Sunday,Washburn Way / Sheppard,Mechanical,5,10,W/B,1745
2019-11-17,53,12:12:00,Sunday,Passmore,Late Leaving Garage - Mechanical,5,10,W/B,1732
2019-11-17,97,12:15:00,Sunday,Deloraine and Yong St,Investigation,30,60,E/B,8173
2019-11-17,37,12:15:00,Sunday,Hwy 427 and Bloor,Mechanical,20,40,N/B,8049
2019-11-17,11,12:17:00,Sunday,Davisville Station,Mechanical,15,30,E/B,8357
2019-11-17,32,12:36:00,Sunday,Eglinton West Station,Mechanical,10,20,W/B,1038
2019-11-17,84,12:39:00,Sunday,Jane and Sheppard,Mechanical,10,20,,3279
2019-11-17,985,13:00:00,Sunday,Don Mill Stn,Mechanical,12,24,E/B,9096
2019-11-17,939,13:00:00,Sunday,Finch West Station,Mechanical,16,32,WB,1713
2019-11-17,111,13:24:00,Sunday,Kipling Station,Mechanical,13,26,E/B,8414
2019-11-17,36,13:35:00,Sunday,Finch west station,Vision,5,10,W/B,3509
2019-11-17,11,13:38:00,Sunday,Davisville Stn,Mechanical,15,30,E/B,1219
2019-11-17,116,13:43:00,Sunday,Eglinton/Bellamy,Mechanical,8,16,E/B,8632
2019-11-17,927,13:55:00,Sunday,Martin Grove/Steeles,Diversion,83,93,S/B,
2019-11-17,46,13:55:00,Sunday,Martin grove/Steeles,Diversion,83,100,S/B,
2019-11-17,14,13:57:00,Sunday,Caledonia and Glencairn,Mechanical,20,40,E/B,1521
2019-11-17,54,14:00:00,Sunday,Leslie and eglintion,General Delay,10,20,,
2019-11-17,52,14:00:00,Sunday,Dufferin and Calodonia,General Delay,10,20,,
2019-11-17,102,14:05:00,Sunday,Markham and Lawrence,Mechanical,60,120,N/B,9204
2019-11-17,39,14:16:00,Sunday,Finch Station,Mechanical,16,32,EB,1639
2019-11-17,165,14:30:00,Sunday,Barmac / Steeles,Vision,10,20,E/B,3578
2019-11-17,53,14:51:00,Sunday,Markham,Mechanical,5,12,W/B,1327
2019-11-17,53,14:51:00,Sunday,Markham,Mechanical,24,48,W/B,1327
2019-11-17,44,14:57:00,Sunday,Sam Smith Loop,Mechanical,10,20,N/B,8018
2019-11-17,51,14:58:00,Sunday,Eglinton Station,Mechanical,23,47,E/B,8386
2019-11-17,80,15:00:00,Sunday,Entire Route,General Delay,25,45,B/W,
2019-11-17,29,15:47:00,Sunday,Dufferin and Bloor,Mechanical,5,10,S/B,9138
2019-11-17,60,16:07:00,Sunday,Fstn,Mechanical,10,20,W/B,3258
2019-11-17,81,16:12:00,Sunday,Pape stn,Utilized Off Route,9,17,N/B,8475
2019-11-17,68,16:15:00,Sunday,Warden Station,Mechanical,30,60,N/B,8861
2019-11-17,72,16:30:00,Sunday,QueensQuay and Parliament,Diversion,37,55,B/W,
2019-11-17,20,16:35:00,Sunday,BIRCHMOUNT RD & PINEGROVE,Mechanical,24,48,N/B,8953
2019-11-17,123,16:44:00,Sunday,"On Shorncliffe, at Dundas",Mechanical,20,40,N/B,8424
2019-11-17,73,16:52:00,Sunday,Albion and Humberline,Emergency Services,23,46,N/B,8412
2019-11-17,94,16:53:00,Sunday,Castle Frank Stn,Mechanical,12,24,W/B,1356
2019-11-17,52,16:56:00,Sunday,Jane and Lawrence,Investigation,14,28,,8156
2019-11-17,169,17:10:00,Sunday,Don Mills Station,Mechanical,30,60,W/B,8151
2019-11-17,47,17:16:00,Sunday,Lansdowne and Davenport,Mechanical,18,36,N/B,1135
2019-11-17,935,17:24:00,Sunday,Jane and Steeles,Investigation,9,18,S/B,3252
2019-11-17,6,17:57:00,Sunday,QueensQuay and Dockside,Mechanical,14,28,N/B,1406
2019-11-17,161,18:14:00,Sunday,Nairn and Rogers,Investigation,7,14,E/B,1113
2019-11-17,53,20:00:00,Sunday,FINCH STN,Mechanical,9,18,E/B,1338
2019-11-17,41,20:07:00,Sunday,Murray Ross and Sentinal,Mechanical,1,1,N/B,1068
2019-11-17,97,20:30:00,Sunday,St.Clair and yonge,Investigation,30,60,S/B,8114
2019-11-17,36,21:40:00,Sunday,pioneed village stn,Mechanical,7,14,E/B,3303
2019-11-17,72,22:49:00,Sunday,COMMISIONER & LOGAN,Emergency Services,18,27,E/B,3151
2019-11-17,44,23:06:00,Sunday,"On Kipling, at Norseman",Mechanical,10,20,S/B,8098
2019-11-18,57,00:20:00,Monday,Salome Dr and Midland,Diversion,87,103,N/B,8842
2019-11-18,11,00:32:00,Monday,Bayview and Steeles Ave,Investigation,24,48,S/B,8196
2019-11-18,61,01:02:00,Monday,Brooke Ave and Avenue Rd,Emergency Services,18,36,S/B,1381
2019-11-18,47,01:40:00,Monday,St clair and Lansdowne,Emergency Services,30,60,W/B,1134
2019-11-18,600,02:32:00,Monday,Yonge and Bloor,Investigation,1,1,N/B,3259
2019-11-18,309,04:34:00,Monday,Mt Dennis,Utilized Off Route,,,S/B,1000
2019-11-18,609,04:34:00,Monday,Mt Dennis,Utilized Off Route,,,S/B,1040
2019-11-18,606,04:40:00,Monday,Broadview stn,Utilized Off Route,,,S/B,3151
2019-11-18,34,04:47:00,Monday,eglinton yard,Mechanical,1,1,E/B,8791
2019-11-18,68,04:57:00,Monday,eglinton yard,Mechanical,1,1,E/B,8693
2019-11-18,70,05:03:00,Monday,eglinton yard,Mechanical,1,1,E/B,8662
2019-11-18,606,05:26:00,Monday,Birchmount Garage,Utilized Off Route,,,W/B,8953
2019-11-18,6,05:27:00,Monday,MDGA,Late Leaving Garage - Mechanical,20,32,S/B,1002
2019-11-18,68,05:33:00,Monday,eglinton yard,Mechanical,1,1,E/B,8880
2019-11-18,100,05:35:00,Monday,Broadview Station,Mechanical,14,14,N/B,8936
2019-11-18,34,05:37:00,Monday,KENNEDY TATION,Investigation,6,12,W/B,8665
2019-11-18,54,05:40:00,Monday,eglinton yard,Mechanical,1,1,E/B,8636
2019-11-18,25,05:40:00,Monday,eglinton yard,Late Leaving Garage - Operator,1,1,E/B,8679
2019-11-18,986,05:52:00,Monday,eglinton yard,Mechanical,1,1,E/B,8664
2019-11-18,86,05:53:00,Monday,eglinton yard,Mechanical,1,1,E/B,8840
2019-11-18,34,05:53:00,Monday,eglinton yard,Mechanical,1,1,E/B,8897
2019-11-18,67,05:58:00,Monday,eglinton yard,Mechanical,1,1,E/B,8716
2019-11-18,168,06:03:00,Monday,Mt Dennis Garage,Late Leaving Garage - Vision,6,12,N/B,1033
2019-11-18,100,06:03:00,Monday,eglinton yard,Mechanical,1,1,E/B,8844
2019-11-18,161,06:06:00,Monday,Jane/Alliance,Mechanical,12,24,E/B,1521
2019-11-18,68,06:07:00,Monday,eglinton yard,Mechanical,1,1,E/B,8644
2019-11-18,925,06:07:00,Monday,Fresh Meadow,Late Leaving Garage - Mechanical,1,1,N/B,8871
2019-11-18,100,06:12:00,Monday,Broadview Station,Mechanical,8,12,N/B,8684
2019-11-18,925,06:16:00,Monday,eglinton yard,Late Leaving Garage - Operator,1,1,E/B,8871
2019-11-18,945,06:30:00,Monday,Steeles Loop at Kipling,Mechanical,5,11,S/B,8033
2019-11-18,95,06:30:00,Monday,Ellesmere RT Station,Late Leaving Garage - Mechanical,8,16,W/B,95
2019-11-18,32,06:37:00,Monday,Keele and Eglinton,Late Leaving Garage - Mechanical,4,18,E/B,1092
2019-11-18,22,06:37:00,Monday,Coxwell Ave/ Queen St,Investigation,8,16,N/B,8503
2019-11-18,63,06:40:00,Monday,Eglinton West Stn,Mechanical,4,8,S/B,1289
2019-11-18,86,06:43:00,Monday,Kennedy Station,Late Leaving Garage - Mechanical,18,36,E/B,8939
2019-11-18,60,06:45:00,Monday,on Yonge St from Finch Station to Steeles,Diversion,999,999,NB,3280
2019-11-18,15,06:45:00,Monday,Royal York Station,Mechanical,13,26,,8032
2019-11-18,935,06:48:00,Monday,Pioneer Village station,Vision,7,14,S/B,3630
2019-11-18,40,06:49:00,Monday,Kipling Station,Mechanical,16,32,E/B,8614
2019-11-18,60,06:52:00,Monday,Finch Station,Mechanical,7,14,NB,3485
2019-11-18,100,06:53:00,Monday,DMWF,Late Leaving Garage - Mechanical,4,7,S/B,8940
2019-11-18,125,07:00:00,Monday,Drewry Route,General Delay,15,22,BW,0
2019-11-18,935,07:00:00,Monday,Jane and St. Clair,Investigation,8,15,N/B,3576
2019-11-18,935,07:03:00,Monday,Pioneer Village Station,Mechanical,6,12,S/B,3232
2019-11-18,60,07:24:00,Monday,Finch Station,Investigation,7,14,NB,3216
2019-11-18,68,07:30:00,Monday,Warden Station to Angus Glenn,General Delay,12,38,B/W,
2019-11-18,129,07:30:00,Monday,Scarborough Town Center to Major MacKenzie,General Delay,12,38,B/W,
2019-11-18,34,07:30:00,Monday,SWIFT/EGLINTON,General Delay,45,51,B/W,
2019-11-18,96,07:37:00,Monday,York Mills Stn,Late Leaving Garage - Operator,19,39,W/B,3195
2019-11-18,47,07:57:00,Monday,Lansdown and Bowie,Investigation,10,20,S/B,1136
2019-11-18,925,08:00:00,Monday,Entire route,General Delay,15,23,N/B,
2019-11-18,52,08:00:00,Monday,Westwood Mall to Lawrence Station,General Delay,15,40,B/W,
2019-11-18,952,08:00:00,Monday,Terminal 3 to Lawrence  Station,General Delay,15,26,B/W,
2019-11-18,39,08:00:00,Monday,Route 39,General Delay,21,26,B/W,
2019-11-18,939,08:00:00,Monday,Route 939,General Delay,13,18,B/W,
2019-11-18,54,08:00:00,Monday,Eglinton Station - Star Spray,General Delay,11,22,B/W,8904
2019-11-18,70,08:00:00,Monday,Entire route,General Delay,10,19,N/B,
2019-11-18,984,08:00:00,Monday,Weston Rd at Bradstock Rd to Sheppard-Yonge Station,General Delay,15,30,B/W,
2019-11-18,84,08:00:00,Monday,Weston Rd at Bradstock rd to Sheppard - Yonge Station,General Delay,15,30,B/W,
2019-11-18,34,08:04:00,Monday,MT. PLEASANT/ EGLINTON,Investigation,6,12,W/B,8897
2019-11-18,36,08:12:00,Monday,Finch West Station,Mechanical,5,9,W/B,9111
2019-11-18,36,08:15:00,Monday,Finch West Station,Investigation,4,9,W/B,9118
2019-11-18,706,08:30:00,Monday,Main stn,Utilized Off Route,,,W/B,8523
2019-11-18,109,08:30:00,Monday,Eglinton West Station - Neptune at Bathurst,General Delay,40,80,B/W,
2019-11-18,23,08:39:00,Monday,DAWES and Crescent Town,Mechanical,6,12,S/B,8529
2019-11-18,996,08:40:00,Monday,Wilson Station,Utilized Off Route,10,20,W/B,3228
2019-11-18,119,08:40:00,Monday,Wilson Station,Mechanical,20,40,W/B,3354
2019-11-18,52,08:55:00,Monday,Lawrence West at Bathurst St,Investigation,10,20,W/B,1231
2019-11-18,116,08:58:00,Monday,Kennedy station,Investigation,8,16,E/B,8659
2019-11-18,113,09:02:00,Monday,DANFORTH and Sibley,Investigation,9,18,E/B,8454
2019-11-18,944,09:04:00,Monday,Kipling station,Investigation,8,16,S/B,7962
2019-11-18,20,09:19:00,Monday,CLIFFESIDE - Danforth and Mackie,Mechanical,1,1,W/B,8466
2019-11-18,927,09:27:00,Monday,Humber College,Mechanical,6,12,N/B,3263
2019-11-18,79,09:36:00,Monday,Pine St and Lawrence,Mechanical,6,12,S/B,1081
2019-11-18,52,09:37:00,Monday,Lawrence West Station,Investigation,15,30,E/B,8396
2019-11-18,49,09:39:00,Monday,Kipling station,Mechanical,13,26,W/B,8460
2019-11-18,34,09:54:00,Monday,EGLINTON STATION,Utilized Off Route,12,24,E/B,8810
2019-11-18,15,09:55:00,Monday,Steeles Loop at Kipling,Mechanical,10,14,S/B,8023
2019-11-18,36,10:14:00,Monday,Finch West Station,Mechanical,5,10,W/B,9109
2019-11-18,52,10:31:00,Monday,Lawrence Ave West at Duval Dr,Mechanical,14,28,E/B,1301
2019-11-18,89,10:43:00,Monday,Albian & Finch,Mechanical,11,22,N/B,1516
2019-11-18,29,11:12:00,Monday,Dufferin and Eglinton,Mechanical,8,16,S/B,9022
2019-11-18,47,11:15:00,Monday,Lansdowne and Seaforth,Mechanical,18,32,S/B,1130
2019-11-18,52,11:32:00,Monday,Lawrence Ave West at Bathurst St,Mechanical,14,28,W/B,8144
2019-11-18,925,11:44:00,Monday,Green belt Drive,Investigation,9,18,N/B,8726
2019-11-18,29,11:51:00,Monday,Dufferin and Lawrence,Mechanical,8,16,S/B,9045
2019-11-18,73,11:58:00,Monday,Royal York Station,Mechanical,17,34,N/B,8440
2019-11-18,37,12:08:00,Monday,Islington and Rexdale,Mechanical,5,10,S/B,8028
2019-11-18,168,12:30:00,Monday,St. Clair & Old Weston,General Delay,27,39,B/W,
2019-11-18,16,12:46:00,Monday,Waredn station,Mechanical,13,26,N/B,3102
2019-11-18,162,12:52:00,Monday,lawrence and yonge,Mechanical,30,60,W/B,8127
2019-11-18,60,13:00:00,Monday,Entire Route,General Delay,15,30,BW,
2019-11-18,59,14:00:00,Monday,Lawrence West Station - Weston at Oakwood,General Delay,45,90,B/W,
2019-11-18,165,14:01:00,Monday,Barmac/Steeles,Mechanical,12,24,S/B,3316
2019-11-18,38,14:03:00,Monday,Brumwell and Lawson,Mechanical,12,24,N/B,1245
2019-11-18,5,14:20:00,Monday,Eglinton and Oriole Parkway,Diversion,1,1,B/W,
2019-11-18,954,14:21:00,Monday,Eglinton Yard,Mechanical,0,0,OB,8704
2019-11-18,23,14:25:00,Monday,DAWES / Main Station,Mechanical,10,20,N/B,8584
2019-11-18,43,14:37:00,Monday,Lawrence,Investigation,10,20,S/B,8797
2019-11-18,131,14:45:00,Monday,Morningside/McLevine,Investigation,9,18,W/B,3457
2019-11-18,989,14:48:00,Monday,Mt.Dennis Garage,Late Leaving Garage - Mechanical,15,28,N/B,1359
2019-11-18,54,14:48:00,Monday,Eglinton Yard,Mechanical,0,0,OB,8756
2019-11-18,53,14:50:00,Monday,Morningside,Late Leaving Garage - Operator,5,10,W/B,
2019-11-18,68,14:50:00,Monday,Eglinton Yard,Mechanical,0,0,OB,8645
2019-11-18,25,14:55:00,Monday,Eglinton Yard,Mechanical,0,0,OB,8680
2019-11-18,32,14:57:00,Monday,Eglinton Av W & Oakwood,Investigation,9,18,W/B,1004
2019-11-18,59,14:58:00,Monday,Lawrence West Station,Late Leaving Garage - Mechanical,30,60,W/B,3702
2019-11-18,34,15:04:00,Monday,Eglinton Yard,Mechanical,0,0,OB,8862
2019-11-18,68,15:06:00,Monday,Eglinton yard,Mechanical,0,0,OB,8644
2019-11-18,60,15:10:00,Monday,Finch stn,Utilized Off Route,1,1,W/B,3595
2019-11-18,36,15:12:00,Monday,Finch west station,Investigation,5,10,W/B,3238
2019-11-18,960,15:20:00,Monday,Pioneer Village Steeles / Signet,Utilized Off Route,1,1,W/B,3362
2019-11-18,100,15:28:00,Monday,Gateway BLVD and Don Mills,Mechanical,7,14,E/B,8707
2019-11-18,133,15:28:00,Monday,Morningside and Night Star,Late Leaving Garage - Mechanical,30,60,N/B,1316
2019-11-18,111,15:38:00,Monday,"On Martin Grove, at Redgrave",Mechanical,10,20,N/B,8079
2019-11-18,133,15:41:00,Monday,Markham / Neilson,Investigation,8,16,W/B,1209
2019-11-18,100,16:03:00,Monday,Broadview and Pretoria,Investigation,7,14,N/B,8621
2019-11-18,37,16:04:00,Monday,Rexdale and Martingrove,Mechanical,22,44,S/B,8462
2019-11-18,106,16:08:00,Monday,Lambert and Sentinel,Emergency Services,11,23,S/B,8389
2019-11-18,32,16:12:00,Monday,Eglinton Station,Investigation,10,20,W/B,1502
2019-11-18,42,16:20:00,Monday,Finch stn,Mechanical,13,26,E/B,8111
2019-11-18,145,16:30:00,Monday,Spadina and Richmond,Mechanical,30,60,W/B,7968
2019-11-18,130,16:30:00,Monday,Steeles/ Highway 7,Emergency Services,16,32,S/B,3406
2019-11-18,60,16:30:00,Monday,SignalHill,Utilized Off Route,1,1,E/B,3240
2019-11-18,162,16:30:00,Monday,donway and lawrence,Investigation,30,60,W/B,8387
2019-11-18,109,16:31:00,Monday,Lawrence and Shermount,Investigation,22,44,W/B,1384
2019-11-18,76,16:47:00,Monday,Lake shore and Mimico,Utilized Off Route,6,12,S/B,8456
2019-11-18,60,16:55:00,Monday,Finch stn,Investigation,10,20,E/B,3328
2019-11-18,953,17:08:00,Monday,Finch station,Mechanical,7,14,E/B,9088
2019-11-18,63,17:14:00,Monday,king and shaw,Mechanical,8,17,N/B,8122
2019-11-18,939,17:18:00,Monday,McCowan and Sheppard,Mechanical,12,24,E/B,3435
2019-11-18,106,17:20:00,Monday,Pioneer Village,Investigation,11,22,S/B,8373
2019-11-18,36,17:40:00,Monday,Finch and Weston Road,Investigation,6,12,E/B,9123
2019-11-18,56,17:40:00,Monday,millwood and village stn rd,Mechanical,18,36,N/B,8139
2019-11-18,68,17:45:00,Monday,Highway 7 / Warden,Investigation,31,62,S/B,8848
2019-11-18,14,17:51:00,Monday,Chaplin and Yonge,Investigation,16,32,E/B,1008
2019-11-18,929,18:00:00,Monday,Springhurst Loop,Mechanical,10,20,S/B,9050
2019-11-18,168,18:14:00,Monday,Dundas West Station,Investigation,8,15,E/B,1281
2019-11-18,72,18:18:00,Monday,Pape Station,Mechanical,10,20,S/B,8406
2019-11-18,80,18:19:00,Monday,Sherway Gardens,Emergency Services,30,57,W/B,8085
2019-11-18,65,18:29:00,Monday,CASTLE FRANK STN,Mechanical,10,20,,8942
2019-11-18,60,19:00:00,Monday,Steeles / Islington,Mechanical,10,20,E/B,3492
2019-11-18,57,19:25:00,Monday,Passmore and Midland,Diversion,231,241,S/B,8764
2019-11-18,7,19:26:00,Monday,Greenwin and Bathrust,Mechanical,7,14,S/B,8392
2019-11-18,43,19:35:00,Monday,Steeles and Midland,Diversion,221,231,S/B,8846
2019-11-18,73,20:03:00,Monday,"On Weston, at Albion",Mechanical,20,40,S/B,8035
2019-11-18,96,20:15:00,Monday,weston and albion,Mechanical,12,24,E/B,3256
2019-11-18,60,20:40:00,Monday,Steeles and Martin Grove,Mechanical,9,18,E/B,3206
2019-11-18,67,20:45:00,Monday,Pharmacy & St. Clair,Investigation,17,28,S/B,8725
2019-11-18,73,21:00:00,Monday,"On Albion, at Martin Grove",Mechanical,20,40,E/B,8066
2019-11-18,89,22:33:00,Monday,Keele Station,Mechanical,11,22,N/B,1516
2019-11-19,7,00:11:00,Tuesday,Bathurst and Shallmar,Investigation,8,17,S/B,8213
2019-11-19,320,02:10:00,Tuesday,Steeles loop,Utilized Off Route,7,14,S/B,8377
2019-11-19,107,02:46:00,Tuesday,Keele and Canartic.,Emergency Services,30,30,N/B,3368
2019-11-19,26,04:45:00,Tuesday,Exit to St George stn,Diversion,900,920,S/B,
2019-11-19,34,04:47:00,Tuesday,eglinton yard,Mechanical,1,1,E/B,8666
2019-11-19,100,04:51:00,Tuesday,eglinton yard,Mechanical,1,1,INC 7603241,8706
2019-11-19,70,05:13:00,Tuesday,eglinton yard,Mechanical,1,1,E/B,8856
2019-11-19,24,05:30:00,Tuesday,Bingham Loop,Late Leaving Garage - Operator,1,1,N/B,3143
2019-11-19,50,05:30:00,Tuesday,Islington Station,Diversion,999,999,BW,
2019-11-19,925,05:31:00,Tuesday,EGLINTON,Mechanical,1,1,E/B,8772
2019-11-19,600,05:35:00,Tuesday,Pape stn,Utilized Off Route,,,S/B,8783
2019-11-19,34,05:35:00,Tuesday,EGLINTON YARD,Mechanical,1,1,E/B,8887
2019-11-19,116,05:39:00,Tuesday,kennedy Station,Late Leaving Garage - Operator,1,2,E/B,8802
2019-11-19,986,05:42:00,Tuesday,EGLINTON YARD,Mechanical,1,1,E/B,8892
2019-11-19,39,05:43:00,Tuesday,Malvern garage POD  Old Finch and Valley ctr,Late Leaving Garage - Mechanical,,,W/B,1663
2019-11-19,110,05:45:00,Tuesday,Islington Station,Diversion,999,999,BW,
2019-11-19,37,05:45:00,Tuesday,,Diversion,999,999,BW,
2019-11-19,937,05:50:00,Tuesday,Islington Station,Diversion,244,255,BW,
2019-11-19,14,06:04:00,Tuesday,GLENCAIRN/DANESBURY,Mechanical,16,39,E/B,1069
2019-11-19,90,06:10:00,Tuesday,Oakwood and Vaughan,Late Leaving Garage - Operator,5,10,S/B,8189
2019-11-19,709,06:17:00,Tuesday,Dufferin and Dupont,Utilized Off Route,,,S/B,1120
2019-11-19,47,06:19:00,Tuesday,Queen and Lansdowne,Utilized Off Route,19,38,N/B,1136
2019-11-19,116,06:25:00,Tuesday,EGLINTON YARD,Mechanical,1,1,E/B,8930
2019-11-19,95,06:30:00,Tuesday,Ellesmere Station RT,Late Leaving Garage - Mechanical,8,16,W/B,3526
2019-11-19,36,06:42:00,Tuesday,Finch Station,Mechanical,6,11,W/B,3211
2019-11-19,24,07:00:00,Tuesday,24 Victoria Park Route- All Branch,General Delay,15,30,B/W,
2019-11-19,144,07:00:00,Tuesday,144 Downtown-  Don Valley Express,General Delay,15,30,B/W,
2019-11-19,145,07:00:00,Tuesday,Richmond and Church,Mechanical,35,35,WB,8412
2019-11-19,143,07:00:00,Tuesday,143 Downtown- Beach Express,General Delay,15,30,B/W,
2019-11-19,984,07:00:00,Tuesday,Weston rd at Bradstock Rd to Sheppard-Yonge Station,General Delay,15,30,B/W,
2019-11-19,84,07:00:00,Tuesday,Weston Rd at Bradstock Rd to Sheppard-Yonge Station,General Delay,15,30,B/W,
2019-11-19,88,07:06:00,Tuesday,THORNCLIFFE PARK,Mechanical,14,28,W/B,1253
2019-11-19,996,07:18:00,Tuesday,Elmhurst and Islington,Mechanical,10,10,W/B,3315
2019-11-19,53,07:20:00,Tuesday,Steeles and Yonge,Diversion,720,725,B/W,3463
2019-11-19,94,07:20:00,Tuesday,Castle Frank Station,Mechanical,14,28,B/W,1139
2019-11-19,29,07:20:00,Tuesday,Springhurst Loop,Utilized Off Route,7,15,N/B,9150
2019-11-19,63,07:21:00,Tuesday,King/Atlantic,Utilized Off Route,4,8,N/B,8201
2019-11-19,986,07:24:00,Tuesday,Dean park rd and Meadowvale,Investigation,5,10,N/B,8812
2019-11-19,995,07:24:00,Tuesday,Scarb. Coll. Loop Military Trail,Late Leaving Garage - Management,10,20,W/B,1701
2019-11-19,76,07:24:00,Tuesday,Lakeshore and Royal York,Utilized Off Route,5,10,NB,8027
2019-11-19,952,07:30:00,Tuesday,Terminal 3 to Lawrence Station,General Delay,15,27,B/W,
2019-11-19,52,07:30:00,Tuesday,Westwood Mall to Lawrence Station,General Delay,15,30,B/W,
2019-11-19,39,07:30:00,Tuesday,route 39,General Delay,16,21,B/W,
2019-11-19,169,07:30:00,Tuesday,Huntingwood,General Delay,20,1,B/W,
2019-11-19,129,07:30:00,Tuesday,Scarborough Town Center to Major MacKenzie,General Delay,11,26,B/W,
2019-11-19,60,07:40:00,Tuesday,on Yonge St from Finch Station to Steeles,Diversion,157,166,EB,3306
2019-11-19,913,07:41:00,Tuesday,Scarborough Town Center,Mechanical,4,8,E/B,9060
2019-11-19,935,07:45:00,Tuesday,Jane and Sheppard,General Delay,15,25,B/W,
2019-11-19,985,07:45:00,Tuesday,Sheppard/ Victoria park to Don Mills stn,General Delay,255,267,W/B,
2019-11-19,85,07:45:00,Tuesday,Sheppard/ victoria park to Don Mills stn,General Delay,255,262,W/B,
2019-11-19,36,07:45:00,Tuesday,FWSN,Mechanical,4,9,W/B,9134
2019-11-19,57,07:46:00,Tuesday,Kennedy Station,Mechanical,8,16,N/B,8865
2019-11-19,924,08:00:00,Tuesday,924 Victoria Park Express Route,General Delay,10,19,B/W,
2019-11-19,70,08:00:00,Tuesday,Entire route,General Delay,15,28,N/B,
2019-11-19,62,08:00:00,Tuesday,Mortimer/Pape,General Delay,16,32,B/W,3164
2019-11-19,35,08:00:00,Tuesday,Jane/ Sheppard,General Delay,15,25,B/W,
2019-11-19,34,08:00:00,Tuesday,EGLINTON/SWIFT,General Delay,35,41,B/W,
2019-11-19,985,08:06:00,Tuesday,Don Mills stn,Mechanical,12,24,E/B,9081
2019-11-19,86,08:11:00,Tuesday,Scarborough Loop,Mechanical,7,14,N/B,8716
2019-11-19,36,08:12:00,Tuesday,Humberwood Blvd and Top Bank,Investigation,4,9,E/B,9110
2019-11-19,54,08:30:00,Tuesday,Eglinton Station - Starspray,General Delay,12,24,B/W,8714
2019-11-19,38,08:30:00,Tuesday,Portunion and winter garden trail,Mechanical,10,20,N/B,1397
2019-11-19,25,08:35:00,Tuesday,Parkway Forst,Investigation,9,18,N/B,8745
2019-11-19,53,08:37:00,Tuesday,PAMK,Mechanical,5,10,W/B,1713
2019-11-19,161,08:48:00,Tuesday,Dovercourt at Bloor,Mechanical,12,24,S/B,1085
2019-11-19,64,09:00:00,Tuesday,64 Main Route,General Delay,10,20,B/W,
2019-11-19,48,09:02:00,Tuesday,Anglesey/ Islington,Diversion,628,641,W/B,
2019-11-19,52,09:13:00,Tuesday,Lawrence and Duval,Mechanical,14,28,W/B,8203
2019-11-19,600,09:50:00,Tuesday,Ossington Stn,Utilized Off Route,1,1,S/B,1260
2019-11-19,90,09:55:00,Tuesday,St. Clair west station,Utilized Off Route,10,20,N/B,1252
2019-11-19,7,10:00:00,Tuesday,Bathurst Station,Utilized Off Route,8,16,N/B,8202
2019-11-19,61,10:00:00,Tuesday,BOMBAY LOOP,General Delay,10,30,S/B,
2019-11-19,984,10:04:00,Tuesday,Sheppard West Station,Mechanical,10,20,E/B,3316
2019-11-19,600,10:45:00,Tuesday,Pape Stn,Investigation,1,1,B/W,8581
2019-11-19,94,11:01:00,Tuesday,Harbord St and St.George,Mechanical,14,28,wb,1073
2019-11-19,63,11:06:00,Tuesday,Queen/Ossington,Investigation,5,10,S/B,8324
2019-11-19,80,11:15:00,Tuesday,Queensway & Kipling,Mechanical,30,60,W/B,8462
2019-11-19,54,11:38:00,Tuesday,Eglinton Station,Mechanical,12,24,E/B,8874
2019-11-19,927,11:45:00,Tuesday,Martin grove & Lexington Ave,Investigation,5,10,N/B,3263
2019-11-19,29,12:10:00,Tuesday,Springhurst Loop,General Delay,8,16,B/W,9022
2019-11-19,168,12:30:00,Tuesday,St. Clair & Old Weston Rd,General Delay,26,38,B/W,
2019-11-19,54,12:36:00,Tuesday,Brentcliffe and Eglinton,Mechanical,12,24,W/B,8931
2019-11-19,929,13:00:00,Tuesday,North of James Osler on Duefferine,Investigation,10,20,N/B,9025
2019-11-19,72,13:41:00,Tuesday,Pape Station,Investigation,19,38,S/B,8496
2019-11-19,905,13:55:00,Tuesday,Kennedy Station,Mechanical,8,16,E/B,8713
2019-11-19,59,14:00:00,Tuesday,Lawrence West Station - Weston at Oakwood,General Delay,45,90,B/W,
2019-11-19,60,14:00:00,Tuesday,Entire Route,General Delay,15,30,B/W,
2019-11-19,25,14:01:00,Tuesday,Jane and Wilson,Mechanical,7,14,S/B,3215
2019-11-19,29,14:04:00,Tuesday,On Dufferin north of Queen,Mechanical,8,16,N/B,9101
2019-11-19,51,14:05:00,Tuesday,Mt pleasant and eglinton,Mechanical,26,52,E/B,8145
2019-11-19,57,14:14:00,Tuesday,Eglinton yard,Mechanical,0,0,OB,8898
2019-11-19,67,14:20:00,Tuesday,Eglinton Yard,Mechanical,0,0,OB,8677
2019-11-19,986,14:28:00,Tuesday,Eglinton Yard,Mechanical,0,0,OB,8847
2019-11-19,25,14:28:00,Tuesday,Eglinton Yard,Mechanical,0,0,OB,8937
2019-11-19,116,14:39:00,Tuesday,Eglinton Yard,Mechanical,0,0,OB,8820
2019-11-19,116,14:39:00,Tuesday,Eglinton Yard,Mechanical,0,0,OB,8820
2019-11-19,25,14:40:00,Tuesday,Eglinton Yard,Mechanical,0,0,OB,8859
2019-11-19,144,14:41:00,Tuesday,Eglinton Yard,Mechanical,0,0,OB,8911
2019-11-19,36,14:44:00,Tuesday,KEFI,Late Leaving Garage - Mechanical,5,10,W/B,9130
2019-11-19,165,14:48:00,Tuesday,Clayson/Wilson,Mechanical,12,24,E/B,3495
2019-11-19,25,14:48:00,Tuesday,Eglinton Yard,Mechanical,0,0,OB,8866
2019-11-19,7,14:50:00,Tuesday,Bathrust Stn,Investigation,7,14,N/B,8155
2019-11-19,34,14:50:00,Tuesday,Eglinton Yard,Mechanical,0,0,OB,8880
2019-11-19,68,15:00:00,Tuesday,Eglinton Yard,Mechanical,0,0,OB,8680
2019-11-19,36,15:01:00,Tuesday,Arrow on Finch,Late Leaving Garage - Mechanical,5,10,W/B,9112
2019-11-19,70,15:04:00,Tuesday,Eglinton Yard,Mechanical,0,0,OB,8778
2019-11-19,37,15:07:00,Tuesday,Islington Station,Diversion,332,344,B/W,
2019-11-19,117,15:08:00,Tuesday,Steeprock and Chesswood,Diversion,75,90,S/B,
2019-11-19,925,15:11:00,Tuesday,Eglinton Yard,Mechanical,0,0,OB,8771
2019-11-19,86,15:13:00,Tuesday,Eglinton Yard,Mechanical,0,0,OB,8775
2019-11-19,34,15:21:00,Tuesday,Eglinton Yard,Mechanical,0,0,OB,8930
2019-11-19,956,15:22:00,Tuesday,Meadowvale Loop,Late Leaving Garage - Operator,10,20,S/B,8804
2019-11-19,986,15:27:00,Tuesday,Eglinton Yard,Mechanical,0,0,OB,8696
2019-11-19,60,15:30:00,Tuesday,Steeles / Yonge,Utilized Off Route,1,1,E/B,3599
2019-11-19,953,15:32:00,Tuesday,Markham rd. on Steeles,Mechanical,15,30,W/B,9095
2019-11-19,85,15:34:00,Tuesday,Malvern gate,Mechanical,13,26,W/B,1386
2019-11-19,95,15:59:00,Tuesday,Markham and Ellesmere,Mechanical,7,16,E/B,1274
2019-11-19,60,16:00:00,Tuesday,Martingrove / Steeles.,Utilized Off Route,1,1,E/B,3189
2019-11-19,70,16:00:00,Tuesday,Victoria /Eglintion,General Delay,8,16,,
2019-11-19,132,16:00:00,Tuesday,75 Milner Rd,Emergency Services,13,25,E/B,1392
2019-11-19,925,16:00:00,Tuesday,Eglintion and Donmills,General Delay,10,20,,
2019-11-19,902,16:10:00,Tuesday,Markham/Lawrence,Investigation,10,20,N/B,3103
2019-11-19,116,16:14:00,Tuesday,Morningside and Plaintain,Mechanical,6,12,S/B,8724
2019-11-19,68,16:19:00,Tuesday,Warden/Steeles,Mechanical,7,20,S/B,8830
2019-11-19,116,16:20:00,Tuesday,Eglinton and Brimley,Emergency Services,6,12,E/B,8652
2019-11-19,52,16:30:00,Tuesday,Entire route,General Delay,25,40,B/W,
2019-11-19,952,16:30:00,Tuesday,Entire Route,General Delay,25,40,B/W,
2019-11-19,52,16:45:00,Tuesday,Martingrove and Tollington,Mechanical,14,28,W/B,1277
2019-11-19,111,16:50:00,Tuesday,Martin Grove & Eglington,Mechanical,10,20,N/B,8440
2019-11-19,64,17:00:00,Tuesday,64 Main route,General Delay,8,16,B/W,
2019-11-19,48,17:04:00,Tuesday,Royal York Stn,Mechanical,17,34,W/B,8612
2019-11-19,944,17:08:00,Tuesday,KPSN - Kipling Stn,Mechanical,9,18,S/B,8616
2019-11-19,32,17:10:00,Tuesday,Eglinton Ave West & Jane,Mechanical,9,18,E/B,1412
2019-11-19,935,17:11:00,Tuesday,Jane Stn,Investigation,10,20,N/B,3592
2019-11-19,46,17:20:00,Tuesday,Kipling Station,Mechanical,11,22,S/B,3562
2019-11-19,60,17:27:00,Tuesday,Steeles / Bathurst,Investigation,10,20,E/B,3546
2019-11-19,145,17:37:00,Tuesday,Bathurst and Adelaide,Mechanical,30,60,W/B,8412
2019-11-19,29,17:44:00,Tuesday,NB on Dufferine and Orfus,Investigation,8,16,N/B,9017
2019-11-19,76,17:49:00,Tuesday,LakeShore and Mimico.,Utilized Off Route,5,10,S/B,8429
2019-11-19,36,17:50:00,Tuesday,Finch and Weston Road,Mechanical,12,24,W/B,9111
2019-11-19,52,18:00:00,Tuesday,Lawrence West at Brookhaven,Emergency Services,14,28,W/B,8337
2019-11-19,84,18:00:00,Tuesday,Sheppard West Station,Mechanical,15,32,E/B,3494
2019-11-19,91,18:00:00,Tuesday,Eglintion and Bermondsey,General Delay,15,30,,
2019-11-19,7,18:10:00,Tuesday,Bathrust and Wilson,Mechanical,7,14,S/B,7610
2019-11-19,35,18:15:00,Tuesday,Jane Stn,Investigation,5,10,N/B,3241
2019-11-19,35,18:15:00,Tuesday,Jane Stn,Investigation,5,10,N/B,3595
2019-11-19,60,18:25:00,Tuesday,Steeles / Yonge,Utilized Off Route,1,1,S/B,3521
2019-11-19,52,18:55:00,Tuesday,Lawrence at Caledonia,Mechanical,14,28,W/B,1236
2019-11-19,985,19:32:00,Tuesday,Brian Drive and Sheppard Ave,Investigation,10,10,W/B,9058
2019-11-19,927,19:35:00,Tuesday,Kipling Station,Mechanical,10,20,E/B,3635
2019-11-19,34,20:21:00,Tuesday,Eglinton and Victoria Park Ave,Investigation,7,14,E/B,8629
2019-11-19,63,20:58:00,Tuesday,ossington station,Mechanical,8,17,S/B,1249
2019-11-19,929,21:00:00,Tuesday,dufferin and dundas,Mechanical,10,20,S/B,9025
2019-11-19,64,21:01:00,Tuesday,Main Street station,Mechanical,16,24,S/B,9205
2019-11-19,129,21:27:00,Tuesday,STC,Mechanical,12,24,N/B,1650
2019-11-19,37,21:33:00,Tuesday,ISTN - Islington Stn,Mechanical,20,40,N/B,8042
2019-11-19,29,22:31:00,Tuesday,springhurst loop,Mechanical,8,17,N/B,9017
2019-11-19,96,23:07:00,Tuesday,york mills station,Mechanical,21,42,W/B,3572
2019-11-20,47,00:17:00,Wednesday,Landsdowne and Davenport,Mechanical,20,40,N/B,1325
2019-11-20,85,00:47:00,Wednesday,Don Mills Station,Utilized Off Route,22,44,E/B,3543
2019-11-20,300,02:57:00,Wednesday,Broadview Station,Emergency Services,20,40,E/B,1618
2019-11-20,320,03:57:00,Wednesday,Yonge & Wellington,Emergency Services,4,8,N/B,8328
2019-11-20,68,04:38:00,Wednesday,elginton yard,Mechanical,1,1,E/B,8701
2019-11-20,54,04:50:00,Wednesday,eglinton yard,Mechanical,1,1,E/B,8825
2019-11-20,116,04:58:00,Wednesday,eglinton yard,Mechanical,1,1,E/B,8722
2019-11-20,54,04:59:00,Wednesday,elginton yard,Mechanical,1,1,E/B,8849
2019-11-20,133,05:04:00,Wednesday,Morningside and Finch,Late Leaving Garage - Operator,11,22,S/B,3503
2019-11-20,116,05:17:00,Wednesday,eglinton yard,Mechanical,1,1,E/B,873
2019-11-20,86,05:23:00,Wednesday,egli. Yard,Mechanical,1,1,E/B,8850
2019-11-20,986,05:27:00,Wednesday,eglinton yard,Mechanical,1,1,E/B,879
2019-11-20,131,05:29:00,Wednesday,Morningview Trail & Morningside,Late Leaving Garage - Mechanical,13,22,W/B,1404
2019-11-20,50,05:30:00,Wednesday,Islington Station,Diversion,999,999,BW,
2019-11-20,25,05:31:00,Wednesday,eglinton yard,Mechanical,1,1,E/B,8815
2019-11-20,100,05:33:00,Wednesday,Don Mills and Wynford,Mechanical,12,24,W/B,8725
2019-11-20,116,05:34:00,Wednesday,eglinton yard,Mechanical,1,1,E/B,8898
2019-11-20,25,05:35:00,Wednesday,eglin ard,Mechanical,1,1,E/B,8771
2019-11-20,54,05:39:00,Wednesday,egllinton yard,Mechanical,1,1,E/B,8775
2019-11-20,110,05:45:00,Wednesday,Islington Station,Diversion,999,999,BW,
2019-11-20,37,05:45:00,Wednesday,Islington Station,Diversion,999,999,BW,
2019-11-20,937,05:50:00,Wednesday,Islington Station,Diversion,244,255,BW,
2019-11-20,986,05:52:00,Wednesday,eglinton yard,Mechanical,1,1,E/B,8795
2019-11-20,54,05:52:00,Wednesday,eglin. Yard,Mechanical,1,1,E/B,8856
2019-11-20,110,05:54:00,Wednesday,Islington and The Queensway,Mechanical,10,25,NB,8412
2019-11-20,100,06:03:00,Wednesday,eglinton yard,Mechanical,1,1,E/B,8736
2019-11-20,925,06:07:00,Wednesday,eglinton yard,Mechanical,1,1,E/B,8923
2019-11-20,57,06:07:00,Wednesday,eglinton yard,Mechanical,1,1,E/B,8625
2019-11-20,129,06:13:00,Wednesday,McCowan & Steeles,Late Leaving Garage - Mechanical,5,10,S/B,3554
2019-11-20,122,06:15:00,Wednesday,Yorkmills Station,Mechanical,9,18,E/B,8147
2019-11-20,54,06:16:00,Wednesday,eglinton yard,Mechanical,1,1,E/B,8649
2019-11-20,116,06:16:00,Wednesday,eglin. Yard,Mechanical,1,1,E/B,8734
2019-11-20,100,06:17:00,Wednesday,eglinton yard,Mechanical,1,1,E/B,8870
2019-11-20,57,06:24:00,Wednesday,egli yard,Mechanical,1,1,E/B,8819
2019-11-20,36,06:24:00,Wednesday,FSTN,Investigation,4,9,E/B,3291
2019-11-20,36,06:25:00,Wednesday,HWLP,Late Leaving Garage - Mechanical,4,9,E/B,9127
2019-11-20,954,06:30:00,Wednesday,eglinton yard,Mechanical,1,1,E/B,8806
2019-11-20,35,06:42:00,Wednesday,Peter Kaiser and Steeles,Investigation,9,18,S/B,3308
2019-11-20,73,06:50:00,Wednesday,Royal York Station,Mechanical,30,30,NB,8005
2019-11-20,43,06:54:00,Wednesday,kennedy Station,Late Leaving Garage - Mechanical,10,20,N/B,8760
2019-11-20,60,06:59:00,Wednesday,on Yonge St from Finch Station to Steeles,Diversion,999,999,NB,9117
2019-11-20,143,07:00:00,Wednesday,143 Downtown- Beach Express,General Delay,15,30,B/W,
2019-11-20,144,07:00:00,Wednesday,144 Downtown- Don Valley Express,General Delay,15,30,B/W,
2019-11-20,74,07:00:00,Wednesday,ST. CLAIR STATION,Mechanical,15,30,N/B,1328
2019-11-20,112,07:00:00,Wednesday,Kipling Station,Mechanical,13,26,W/B,8426
2019-11-20,53,07:25:00,Wednesday,Steeles and Yonge,Diversion,720,725,B/W,1559
2019-11-20,129,07:30:00,Wednesday,Scarborough Town Center to Major MacKenzie,General Delay,13,28,B/W,
2019-11-20,37,07:50:00,Wednesday,Islington and Rathburn,Mechanical,14,26,SB,8449
2019-11-20,17,07:54:00,Wednesday,14th and Birchmount,Diversion,63,74,N/B,8949
2019-11-20,70,08:00:00,Wednesday,Entire route,General Delay,10,19,S/B,
2019-11-20,65,08:00:00,Wednesday,Entire route,General Delay,10,20,S/B,
2019-11-20,64,08:00:00,Wednesday,64 Main Route,General Delay,10,20,B/W,
2019-11-20,34,08:00:00,Wednesday,EGLINTON/SWIFT,General Delay,20,26,B/W,
2019-11-20,39,08:00:00,Wednesday,Route 39,General Delay,10,15,B/W,
2019-11-20,939,08:00:00,Wednesday,Route 939,General Delay,12,17,B/W,
2019-11-20,116,08:00:00,Wednesday,Milner and Morningside,Diversion,40,47,B/W,
2019-11-20,17,08:12:00,Wednesday,steels and birchmount,Mechanical,7,14,S/B,8406
2019-11-20,12,08:14:00,Wednesday,Kingston Rd/Celeste,Investigation,27,54,W/B,3126
2019-11-20,79,08:22:00,Wednesday,Pine and Wright,Mechanical,10,20,S/B,1418
2019-11-20,921,08:34:00,Wednesday,Kingston Road,Mechanical,11,22,S/B,9210
2019-11-20,24,08:37:00,Wednesday,Victoria Park/Consumer Rd,Mechanical,15,30,S/B,8578
2019-11-20,32,08:54:00,Wednesday,Weston Rd and Eglinton,Mechanical,7,14,E/B,1095
2019-11-20,7,09:22:00,Wednesday,Greenwin Village and Bathurst,Mechanical,9,18,S/B,1252
2019-11-20,121,09:33:00,Wednesday,Lakeshore and Don Roadway,Mechanical,1,1,E/B,9218
2019-11-20,986,09:34:00,Wednesday,Galloway and Kingston,Investigation,5,10,W/B,8909
2019-11-20,11,09:50:00,Wednesday,BAYVIEW/LAWRENCE,Diversion,34,47,S/B,
2019-11-20,165,10:00:00,Wednesday,Barmac/Steeles,Mechanical,8,20,S/B,3495
2019-11-20,74,10:16:00,Wednesday,GLENFOREST/ MT. PLEASANT,Mechanical,15,30,S/B,8129
2019-11-20,39,10:27:00,Wednesday,Finch and Leslie,Diversion,64,72,W/B,
2019-11-20,939,10:27:00,Wednesday,Finch and Leslie,Diversion,64,68,W/B,
2019-11-20,96,10:31:00,Wednesday,Weston/Walsh,Investigation,12,24,E/B,3228
2019-11-20,94,10:49:00,Wednesday,Castle Frank Station,Mechanical,14,28,E/B,1092
2019-11-20,106,10:53:00,Wednesday,Sheppard W stn,Mechanical,13,26,N/B,8101
2019-11-20,116,11:14:00,Wednesday,lawrence,Mechanical,10,20,E/B,8898
2019-11-20,102,11:39:00,Wednesday,College Loop,Investigation,22,44,58913,8962
2019-11-20,160,12:00:00,Wednesday,EB on Atkinson at Bathrust,Diversion,24,48,S/B,
2019-11-20,32,12:05:00,Wednesday,Jane and Wilson,Investigation,11,22,E/B,1113
2019-11-20,29,12:14:00,Wednesday,North of Dufferine notrth of Bloor,Investigation,8,16,N/B,9020
2019-11-20,47,12:24:00,Wednesday,Queen and Lansdowne,Investigation,18,36,S/B,1147
2019-11-20,65,12:30:00,Wednesday,Front and Parliament,General Delay,13,26,,
2019-11-20,168,12:50:00,Wednesday,St.Clair & Old Weston Rd,General Delay,13,25,B/W,
2019-11-20,37,13:00:00,Wednesday,Islington Station,Diversion,332,344,B/W,
2019-11-20,76,13:00:00,Wednesday,Royal York and Lakeshore,Mechanical,10,20,S/B,8084
2019-11-20,94,13:20:00,Wednesday,Wellesley Station,Mechanical,14,28,E/B,1266
2019-11-20,927,13:28:00,Wednesday,Martin Grove/Albion,Mechanical,6,12,N/B,3580
2019-11-20,17,13:30:00,Wednesday,Warden station,Mechanical,17,33,N/B,8493
2019-11-20,123,13:40:00,Wednesday,Browns Line and Woodbury,Emergency Services,21,42,W/B,8071
2019-11-20,32,13:40:00,Wednesday,Eglinton Ave West & Caledonia,Investigation,11,22,W/B,1066
2019-11-20,124,13:45:00,Wednesday,lawrence and yonge,Mechanical,11,22,W/B,1248
2019-11-20,67,14:00:00,Wednesday,Pharmacy Ave/Eglinton Ave,General Delay,15,30,B/W,
2019-11-20,60,14:00:00,Wednesday,Entire Route,General Delay,15,30,B/W,
2019-11-20,60,14:00:00,Wednesday,Steeles / Yonge,Utilized Off Route,1,1,E/B,3635
2019-11-20,905,14:03:00,Wednesday,kennedy station,Investigation,8,16,E/B,8753
2019-11-20,60,14:15:00,Wednesday,Finch stn,Utilized Off Route,1,1,E/B,3577
2019-11-20,953,14:40:00,Wednesday,Morningside and Finch,Late Leaving Garage - Operator,15,30,W/B,
2019-11-20,123,14:45:00,Wednesday,Evans and Brown Line.,Diversion,20,40,S/B,8071
2019-11-20,71,14:58:00,Wednesday,RUST,Late Leaving Garage - Operator,5,10,N/B,1267
2019-11-20,935,15:00:00,Wednesday,Jane Express route,General Delay,20,30,B/W,
2019-11-20,47,15:00:00,Wednesday,Lawrence to St.Clair,General Delay,20,25,B/W,
2019-11-20,35,15:00:00,Wednesday,Jane route,General Delay,20,30,B/W,
2019-11-20,32,15:05:00,Wednesday,Renfoth & Erin Gate,Mechanical,9,18,E/B,1128
2019-11-20,95,15:06:00,Wednesday,York Mills Collegiate inst.,Late Leaving Garage - Management,8,16,W/B,3460
2019-11-20,35,15:14:00,Wednesday,Pioneer Village Stn,Late Leaving Garage - Operator,5,10,S/B,
2019-11-20,985,15:30:00,Wednesday,Don Mills Stn,Mechanical,10,20,E/B,9081
2019-11-20,91,15:35:00,Wednesday,lawrance and camforth,Investigation,10,20,,8495
2019-11-20,122,15:40:00,Wednesday,York Mills and Leslie,Mechanical,14,28,W/B,8358
2019-11-20,106,15:45:00,Wednesday,Pioneer Village,Mechanical,11,22,S/B,8145
2019-11-20,83,15:50:00,Wednesday,jones and shudell,Mechanical,14,28,,8496
2019-11-20,952,16:00:00,Wednesday,Entire Route,General Delay,25,37,B/W,
2019-11-20,108,16:00:00,Wednesday,Finch and Driftwood,Mechanical,24,48,S/B,
2019-11-20,52,16:00:00,Wednesday,Entire Route,General Delay,25,40,B/W,
2019-11-20,70,16:00:00,Wednesday,victoria  / Eglintion,General Delay,8,16,,
2019-11-20,127,16:00:00,Wednesday,davenport,General Delay,23,46,N/B,
2019-11-20,59,16:00:00,Wednesday,Neptune to Eglinton West Station,General Delay,30,44,B/W,
2019-11-20,97,16:00:00,Wednesday,Hilda and Steeles to Queens Quay and Yonge,General Delay,30,60,B/W,
2019-11-20,925,16:00:00,Wednesday,Donmills and Eglintion,General Delay,10,20,,
2019-11-20,109,16:00:00,Wednesday,Neptune to Eglinton West Station,General Delay,25,35,B/W,
2019-11-20,52,16:20:00,Wednesday,Westwood Mall,Utilized Off Route,20,40,E/B,1293
2019-11-20,41,16:20:00,Wednesday,Keele and George Anderson,Diversion,12,24,B/W,
2019-11-20,941,16:20:00,Wednesday,Keele and George Anderson,Diversion,12,24,N/B,
2019-11-20,52,16:29:00,Wednesday,Lawrence at Brookview,Investigation,14,28,W/B,8106
2019-11-20,925,16:30:00,Wednesday,pape  stn / Oconnor,General Delay,10,20,,
2019-11-20,60,16:35:00,Wednesday,Signal Hill,Utilized Off Route,1,1,W/B,3293
2019-11-20,85,16:39:00,Wednesday,Morningside and Sheppard Ave,Mechanical,13,26,W/B,3432
2019-11-20,944,16:40:00,Wednesday,CSSL - Col Sam Smith loop,Mechanical,9,18,N/B,8610
2019-11-20,52,16:45:00,Wednesday,Lawrence Station,Utilized Off Route,14,28,W/B,1370
2019-11-20,123,16:50:00,Wednesday,Sherway Gardens,Mechanical,16,32,S/B,8099
2019-11-20,35,16:50:00,Wednesday,Jane and Finch,Investigation,5,10,N/B,3288
2019-11-20,84,17:00:00,Wednesday,Entire Route,General Delay,20,35,B/W,
2019-11-20,984,17:00:00,Wednesday,Entire Route,General Delay,20,35,B/W,
2019-11-20,142,17:00:00,Wednesday,unniversity ave and queen west,General Delay,30,60,N/B,8306
2019-11-20,945,17:02:00,Wednesday,Kipling & Dixon,Emergency Services,7,15,S/B,8025
2019-11-20,46,17:12:00,Wednesday,Martin Grove/Belfield,Investigation,10,21,N/B,3341
2019-11-20,121,17:12:00,Wednesday,Front St east of Blue Jays Way,Mechanical,15,30,W/B,8406
2019-11-20,64,17:15:00,Wednesday,64 Main route,General Delay,8,16,B/W,
2019-11-20,94,17:22:00,Wednesday,Castle Frank Station,Mechanical,16,32,W/B,1057
2019-11-20,996,17:30:00,Wednesday,Humber College,Mechanical,10,20,E/B,3218
2019-11-20,986,17:34:00,Wednesday,Kennedy Station,Mechanical,10,20,E/B,8790
2019-11-20,12,17:40:00,Wednesday,St. Clair & Brimley,Mechanical,20,40,E/B,3126
2019-11-20,985,17:45:00,Wednesday,Don Mills stn to Victoria Park Ave,General Delay,105,1,W/B,
2019-11-20,953,18:00:00,Wednesday,Finch station,Mechanical,7,14,E/B,9006
2019-11-20,123,18:09:00,Wednesday,Sherway Gardens,Mechanical,16,32,S/B,8099
2019-11-20,116,18:16:00,Wednesday,Eglinton and Huntington,Mechanical,6,12,E/B,8867
2019-11-20,95,18:20:00,Wednesday,Kingston Road,Mechanical,10,20,WB,3471
2019-11-20,937,18:26:00,Wednesday,Islington Station,Mechanical,12,24,S/B,8090
2019-11-20,169,18:48:00,Wednesday,Scarborough Town Center,Mechanical,24,48,E/B,8205
2019-11-20,96,18:48:00,Wednesday,humberline loop,Mechanical,12,24,E/B,3499
2019-11-20,945,18:50:00,Wednesday,Kipling & Burnhamthorpe,Mechanical,8,16,N/B,8049
2019-11-20,5,19:00:00,Wednesday,Bathurst and Lonsmount,Mechanical,1,1,N/B,1355
2019-11-20,63,19:02:00,Wednesday,ossington and dundas,Investigation,8,17,S/B,8300
2019-11-20,73,19:06:00,Wednesday,Royal York and Wilgar,Diversion,10,20,S/B,8462
2019-11-20,34,19:16:00,Wednesday,Eglinton Station,Investigation,5,10,E/B,8820
2019-11-20,116,19:20:00,Wednesday,Moninside and GO railway,Diversion,10,20,S/B,8826
2019-11-20,116,19:20:00,Wednesday,Morningside and GO Railway,Diversion,10,20,N/B,8716
2019-11-20,116,19:20:00,Wednesday,Morningside and GO Railway,Diversion,10,20,N/B,8865
2019-11-20,116,19:20:00,Wednesday,Morningside/Kingston to Kingston/Guildwood Parkway,Diversion,40,50,B/W,
2019-11-20,116,19:20:00,Wednesday,Morningside and GO Railway,Diversion,10,20,N/B,8871
2019-11-20,86,19:31:00,Wednesday,Kennedy Stagtion,Investigation,10,20,E/B,8930
2019-11-20,43,19:31:00,Wednesday,Kennedy Station,Investigation,15,30,NB,8905
2019-11-20,63,19:40:00,Wednesday,atlantic and king,Mechanical,8,17,N/B,8387
2019-11-20,59,19:45:00,Wednesday,Uphill and Church,Mechanical,12,45,W/B,3704
2019-11-20,32,20:10:00,Wednesday,Eglinton Station,Diversion,330,340,E/B,1111
2019-11-20,59,20:17:00,Wednesday,Benton and Lawrence,Mechanical,30,60,N/B,3701
2019-11-20,113,20:54:00,Wednesday,St. Clair & Kennedy,Investigation,20,40,E/B,9238
2019-11-20,84,21:00:00,Wednesday,Sheppard at Laura,Mechanical,9,18,W/B,3316
2019-11-20,95,21:10:00,Wednesday,York Mills Station,Mechanical,14,28,E/B,1232
2019-11-20,131,21:20:00,Wednesday,Sewells and Morningview,Mechanical,13,26,S/B,3481
2019-11-20,34,21:39:00,Wednesday,Yonge Street and Eglinton Ave,Investigation,7,14,E/B,8869
2019-11-20,24,21:40:00,Wednesday,Victoria Park station,Mechanical,7,15,N/B,8484
2019-11-20,68,21:45:00,Wednesday,Warden Station,Emergency Services,15,30,N/B,8765
2019-11-20,62,21:45:00,Wednesday,Mortimer & Carlaw,Diversion,1,1,E/B,8544
2019-11-20,112,21:50:00,Wednesday,West Mall & Wellsworth Drive,Diversion,15,30,N/B,8609
2019-11-20,134,22:25:00,Wednesday,Progress and Markham,Investigation,15,30,E/B,9005
2019-11-20,84,22:48:00,Wednesday,Bradstock at Rivelda,Mechanical,9,18,E/B,3315
2019-11-20,65,23:51:00,Wednesday,Castle Frank station,Utilized Off Route,16,32,S/B,9207
2019-11-20,29,23:55:00,Wednesday,springhurst loop,Utilized Off Route,8,17,N/B,1108
2019-11-20,7,23:59:00,Wednesday,bathurst station,Utilized Off Route,8,17,N/B,8341
2019-11-21,39,00:04:00,Thursday,Finch Stn,Utilized Off Route,20,40,E/B,3417
2019-11-21,32,00:35:00,Thursday,pine and lawrence,Mechanical,10,18,N/B,1033
2019-11-21,16,00:45:00,Thursday,STC,Mechanical,17,34,S/B,8476
2019-11-21,307,01:07:00,Thursday,Greenwin village,Investigation,30,60,S/B,8342
2019-11-21,83,01:18:00,Thursday,Queen & Donlands,Mechanical,10,30,S/B,8596
2019-11-21,22,01:18:00,Thursday,Queen & Coxwell,Mechanical,10,20,S/B,8964
2019-11-21,320,04:20:00,Thursday,Yonge & Queens Quay,Emergency Services,1,1,N/B,8377
2019-11-21,953,05:17:00,Thursday,Malvern garage POD Finch & Morningside,Late Leaving Garage - Mechanical,6,19,E/B,3451
2019-11-21,50,05:30:00,Thursday,Islington Station,Diversion,999,999,BW,
2019-11-21,42,05:37:00,Thursday,Wilson Garage,Late Leaving Garage - Operator,1,1,,8374
2019-11-21,32,05:39:00,Thursday,Keele and Eglinton,Late Leaving Garage - Mechanical,3,6,E/B,1023
2019-11-21,110,05:45:00,Thursday,Islington Station,Diversion,999,999,BW,
2019-11-21,37,05:45:00,Thursday,Islington Station,Diversion,999,999,BW,
2019-11-21,937,05:50:00,Thursday,Islington Station,Diversion,244,255,BW,
2019-11-21,112,06:10:00,Thursday,Kipling Station,Late Leaving Garage - Mechanical,7,14,N/B,8071
2019-11-21,96,06:10:00,Thursday,Humber College Blvd,Mechanical,43,43,S/B,3186
2019-11-21,122,06:15:00,Thursday,York Mills Station,Late Leaving Garage - Management,9,18,E/B,8347
2019-11-21,89,06:21:00,Thursday,Albian & Weston Rd,Mechanical,7,14,N/B,1357
2019-11-21,929,06:25:00,Thursday,Springhurst Loop,Mechanical,9,18,N/B,9026
2019-11-21,996,06:27:00,Thursday,Humber College,Late Leaving Garage - Mechanical,10,20,E/B,3617
2019-11-21,939,06:27:00,Thursday,Malvern garage POD Morningside & Nightstar,Late Leaving Garage - Mechanical,7,15,E/B,3527
2019-11-21,95,06:30:00,Thursday,Ellesmere Station RT,Late Leaving Garage - Mechanical,8,16,W/B,1533
2019-11-21,97,06:35:00,Thursday,Queens Quay at Yonge,Late Leaving Garage - Mechanical,30,60,N/B,8162
2019-11-21,63,06:35:00,Thursday,Wilson Garage,Late Leaving Garage - Vision,1,1,,8307
2019-11-21,45,06:55:00,Thursday,Steeles and Kipling,Emergency Services,6,12,N/B,8611
2019-11-21,52,07:00:00,Thursday,52 Lawrence West Route-All Branch,General Delay,14,28,B/W,8396
2019-11-21,21,07:00:00,Thursday,Scarborough Town Center,Mechanical,8,16,N/B,1655
2019-11-21,144,07:00:00,Thursday,144 Downtown- Don Valley Express,General Delay,15,30,B/W,
2019-11-21,984,07:00:00,Thursday,984 Sheppard Express-All Branch,General Delay,10,20,B/W,3177
2019-11-21,952,07:00:00,Thursday,952 Lawrence West-All Branch,General Delay,15,27,B/W,1375
2019-11-21,84,07:00:00,Thursday,84 Sheppard West-All Branch,General Delay,10,20,B/W,3579
2019-11-21,42,07:19:00,Thursday,Finch Station,Mechanical,14,28,NB,8372
2019-11-21,91,07:20:00,Thursday,1 Valentine Drive,Investigation,12,24,S/B,9204
2019-11-21,905,07:20:00,Thursday,Kennedy Station,Late Leaving Garage - Mechanical,10,20,E/B,8936
2019-11-21,39,07:30:00,Thursday,Finch and Brimley,General Delay,16,21,B/W,
2019-11-21,116,07:35:00,Thursday,Kennedy Station,Utilized Off Route,25,50,E/B,8927
2019-11-21,935,07:40:00,Thursday,Jane and Heathrow,Mechanical,8,16,N/B,3506
2019-11-21,68,07:42:00,Thursday,Warden & Alden,Investigation,26,52,S/B,8778
2019-11-21,40,07:44:00,Thursday,Dundas West Station,Mechanical,16,32,N/B,8072
2019-11-21,113,07:45:00,Thursday,Kennedy Rd/St. Clair Ave,Diversion,25,36,B/W,9210
2019-11-21,34,08:00:00,Thursday,EGLITNON/SWIFT,General Delay,25,31,B/W,
2019-11-21,65,08:00:00,Thursday,Entire route,General Delay,10,23,S/B,
2019-11-21,59,08:00:00,Thursday,Lawrence West Station - Oakwood at Weston,General Delay,20,30,B/W,
2019-11-21,25,08:00:00,Thursday,Entire route,General Delay,10,18,N/B,
2019-11-21,64,08:00:00,Thursday,64 Main Route,General Delay,10,20,B/W,
2019-11-21,925,08:00:00,Thursday,Entire route,General Delay,15,23,N/B,
2019-11-21,91,08:00:00,Thursday,Entire route,General Delay,15,27,S/B,
2019-11-21,63,08:05:00,Thursday,Oakwood Loop,Mechanical,4,8,S/B,1257
2019-11-21,935,08:15:00,Thursday,Jane and Eglinton,Emergency Services,8,16,S/B,3578
2019-11-21,54,08:15:00,Thursday,Egltinton Station - Staryspray,General Delay,12,24,B/W,8926
2019-11-21,52,08:27:00,Thursday,West Mall,Mechanical,23,46,W/B,8163
2019-11-21,61,08:38:00,Thursday,AVENUE RD/ WILSON,Mechanical,12,24,S/B,1289
2019-11-21,937,08:41:00,Thursday,Islington Station,Mechanical,11,22,NB,8606
2019-11-21,25,08:57:00,Thursday,Overlea Blvd and Don Mills Road,Investigation,6,12,S/B,8629
2019-11-21,88,09:04:00,Thursday,ST. CLAIR STATION,Mechanical,16,32,E/B,1250
2019-11-21,29,09:15:00,Thursday,Dufferin and Ranee,Mechanical,9,18,S/B,9036
2019-11-21,32,09:17:00,Thursday,Marlee and Eglinton,Investigation,9,19,E/B,1418
2019-11-21,37,09:20:00,Thursday,Bergamot and Islington,Diversion,100,120,BW,
2019-11-21,63,09:40:00,Thursday,Earnscliffe/Oakwood,Mechanical,10,20,N/B,1390
2019-11-21,165,09:50:00,Thursday,Barmac/Steeles,Mechanical,12,20,S/B,3313
2019-11-21,52,10:08:00,Thursday,Lawrence Station,Mechanical,14,28,W/B,8336
2019-11-21,90,10:35:00,Thursday,St. Clair West Station,Vision,10,20,N/B,8199
2019-11-21,52,11:00:00,Thursday,Lawrence West Station,Mechanical,14,28,E/B,8322
2019-11-21,87,11:05:00,Thursday,Eastdale and Goodwood park,Emergency Services,12,22,E/B,9236
2019-11-21,87,11:05:00,Thursday,Eastdale and Goodwood park,Diversion,1,11,E/B,9236
2019-11-21,41,11:07:00,Thursday,Keele Station,Mechanical,8,16,N/B,1093
2019-11-21,939,11:30:00,Thursday,Finch and Seneca Hill,Mechanical,8,15,W/B,3404
2019-11-21,7,11:36:00,Thursday,Wilson and Dufferin,Mechanical,7,14,N/B,8380
2019-11-21,36,12:16:00,Thursday,Finch and Arrow,Investigation,5,10,E/B,9128
2019-11-21,54,12:32:00,Thursday,Midland and Lawrence,Investigation,12,24,E/B,8798
2019-11-21,168,12:45:00,Thursday,Old Weston & St.Clair,General Delay,27,39,B/W,
2019-11-21,984,13:19:00,Thursday,Sheppard and Beaman Rd,Investigation,10,20,W/B,3234
2019-11-21,902,13:20:00,Thursday,Lawrence,Mechanical,15,30,S/B,3123
2019-11-21,37,14:00:00,Thursday,Bothways on Islington along the route,General Delay,20,30,B/W,
2019-11-21,73,14:00:00,Thursday,Bothways along the route,General Delay,20,32,B/W,
2019-11-21,35,14:00:00,Thursday,Pioneer Village STn,Utilized Off Route,10,20,S/B,3224
2019-11-21,35,14:00:00,Thursday,Jane Stn to Pioneer Village Stn,General Delay,30,40,B/W,
2019-11-21,935,14:00:00,Thursday,Jane Stn to Pioneer Village Stn,General Delay,30,40,B/W,
2019-11-21,111,14:19:00,Thursday,Willoridge and Richgrove,Mechanical,15,30,S/B,8000
2019-11-21,61,14:28:00,Thursday,Avenue rd and Roselawn,Late Leaving Garage - Mechanical,13,26,N/B,1234
2019-11-21,37,14:32:00,Thursday,Islington Station,Diversion,20,40,NB,7963
2019-11-21,37,14:34:00,Thursday,Islington Station,Diversion,332,344,B/W,
2019-11-21,60,14:37:00,Thursday,Yonge and Cummer,Investigation,10,20,SB,3317
2019-11-21,100,14:41:00,Thursday,Broadview and Browning,Mechanical,6,12,N/B,8815
2019-11-21,36,14:45:00,Thursday,FWSN,Late Leaving Garage - Mechanical,13,26,W/B,3340
2019-11-21,57,14:46:00,Thursday,kennedy station,Late Leaving Garage - Mechanical,8,16,N/B,8892
2019-11-21,118,14:49:00,Thursday,Albion and Thistledown,Investigation,25,50,S/B,3268
2019-11-21,6,14:59:00,Thursday,Bay north of Bloor,Mechanical,12,20,S/B,1016
2019-11-21,40,15:00:00,Thursday,Entire Route,General Delay,25,35,B/W,
2019-11-21,104,15:00:00,Thursday,Sheppard West Stn,Mechanical,15,30,N/B,8342
2019-11-21,80,15:00:00,Thursday,Entire Route,General Delay,25,45,B/W,
2019-11-21,46,15:00:00,Thursday,Entire Route,General Delay,25,40,B/W,
2019-11-21,34,15:00:00,Thursday,Laird and Eglinton,General Delay,30,30,E/B,
2019-11-21,34,15:08:00,Thursday,Kennedy Station,Late Leaving Garage - Mechanical,7,14,W/B,8830
2019-11-21,17,15:15:00,Thursday,Wintermute/ Birchmount,Late Leaving Garage - Operator,9,18,N/B,3139
2019-11-21,40,15:15:00,Thursday,Dundas and Annette,Investigation,18,36,E/B,8077
2019-11-21,134,15:17:00,Thursday,Centennial College,Late Leaving Garage - Operator,5,10,W/B,3447
2019-11-21,952,15:24:00,Thursday,Lawrence Station,Late Leaving Garage - Mechanical,12,24,W/B,1211
2019-11-21,68,15:24:00,Thursday,Warden Station,Late Leaving Garage - Mechanical,27,53,N/B,8742
2019-11-21,105,15:26:00,Thursday,Sheppard West Stn,Mechanical,12,23,N/B,1293
2019-11-21,95,15:29:00,Thursday,Ellesmere at Parkwoods,Investigation,20,40,W/B,1397
2019-11-21,90,15:32:00,Thursday,Oakwood and Vaughan,Late Leaving Garage - Mechanical,6,12,E/B,8184
2019-11-21,60,15:37:00,Thursday,Signal Hill Drive,Vision,9,18,EB,3167
2019-11-21,21,15:44:00,Thursday,Kennedy Station,Mechanical,11,22,N/B,1631
2019-11-21,47,16:00:00,Thursday,Orfus/Caledonia to Eglinton/Orfus,General Delay,40,60,B/W,
2019-11-21,36,16:00:00,Thursday,36 Finch west route,General Delay,6,12,B/W,0
2019-11-21,53,16:00:00,Thursday,53 Steeles East Route,General Delay,6,12,B/W,0
2019-11-21,109,16:00:00,Thursday,Neptune to Eglinton West Station,General Delay,30,40,B/W,
2019-11-21,97,16:00:00,Thursday,Hilda and Steeles to Queens Quay and Yonge,General Delay,20,50,B/W,
2019-11-21,59,16:00:00,Thursday,Oak St to Lawrence West Station,General Delay,30,46,B/W,
2019-11-21,32,16:00:00,Thursday,Entire Route,General Delay,20,25,B/W,
2019-11-21,111,16:00:00,Thursday,KPSN,Mechanical,10,20,N/B,8045
2019-11-21,54,16:06:00,Thursday,Eglinton Station,Mechanical,10,20,E/B,8800
2019-11-21,937,16:10:00,Thursday,Islington Station,Mechanical,12,24,N/B,7958
2019-11-21,925,16:10:00,Thursday,Freshmeadow and Don Mills,Vision,8,16,S/B,8638
2019-11-21,952,16:40:00,Thursday,Lawrence Station,Utilized Off Route,12,24,W/B,1216
2019-11-21,64,16:48:00,Thursday,Main Street station,Mechanical,8,16,S/B,8963
2019-11-21,35,16:55:00,Thursday,Pioneer Village Stn,Utilized Off Route,10,20,S/B,3333
2019-11-21,63,16:55:00,Thursday,oakwood and davenport,Emergency Services,8,17,N/B,8303
2019-11-21,35,16:58:00,Thursday,Jane / Finch,Utilized Off Route,10,20,S/B,3547
2019-11-21,52,17:00:00,Thursday,Lawrence Station,Utilized Off Route,14,28,W/B,1321
2019-11-21,995,17:00:00,Thursday,York Mills to Scarborough Loop,General Delay,30,40,B/W,
2019-11-21,68,17:00:00,Thursday,Astonbee and Warden,Diversion,7,27,N/B,8712
2019-11-21,37,17:02:00,Thursday,Rexdale and Kipling,Investigation,22,44,W/B,8427
2019-11-21,37,17:02:00,Thursday,Rexdale and Kipling,Mechanical,22,44,W/B,8427
2019-11-21,71,17:10:00,Thursday,Mount Dennis Garage,Mechanical,9,18,S/B,1144
2019-11-21,25,17:21:00,Thursday,Don Mills Stn,Mechanical,5,10,N/B,8797
2019-11-21,44,17:23:00,Thursday,Kipling and Advance Road,Diversion,5,10,B/W,8023
2019-11-21,944,17:23:00,Thursday,Kipling and Olivewood,Diversion,9,18,B/W,
2019-11-21,73,17:26:00,Thursday,Albion and Kipling,Investigation,24,48,E/B,8431
2019-11-21,122,17:30:00,Thursday,York Mills Station to Carluke,General Delay,20,29,B/W,
2019-11-21,95,17:30:00,Thursday,York Mills Station to Kingston Rd Loop,General Delay,25,30,B/W,
2019-11-21,925,17:40:00,Thursday,Greydon hall/Don Mills,Investigation,8,16,N/B,8754
2019-11-21,169,17:44:00,Thursday,Pharmacy & Huntingwood,Diversion,25,50,E/B,8384
2019-11-21,985,17:45:00,Thursday,Victoria Park ave to Don Mills Stn,General Delay,105,1,W/B,
2019-11-21,37,17:50:00,Thursday,Islington and Eglinton,Mechanical,22,44,N/B,8423
2019-11-21,32,17:51:00,Thursday,Black Creek and Threthewey,Emergency Services,10,20,E/B,1023
2019-11-21,600,17:52:00,Thursday,Queen & Wineva,Utilized Off Route,1,1,N/B,8503
2019-11-21,22,17:58:00,Thursday,Coxwell Stn,Utilized Off Route,8,16,S/B,8955
2019-11-21,20,18:03:00,Thursday,Main Street station,Utilized Off Route,13,26,W/B,9226
2019-11-21,51,18:12:00,Thursday,Leslie and Finch,Investigation,26,52,N/B,8164
2019-11-21,110,18:13:00,Thursday,Islington and Queensway,Mechanical,12,24,S/B,8017
2019-11-21,53,18:25:00,Thursday,Steeles and Middlefield,Mechanical,6,12,E/B,3459
2019-11-21,109,18:25:00,Thursday,Marlee and Eglinton,Diversion,6,18,N/B,8143
2019-11-21,52,18:25:00,Thursday,Lawrence West Station,Mechanical,13,26,W/B,1387
2019-11-21,84,18:30:00,Thursday,Sheppard at Jane,Mechanical,15,30,W/B,3602
2019-11-21,144,18:33:00,Thursday,Victoria Park & Ellesmere,Mechanical,20,40,E/B,8929
2019-11-21,24,18:50:00,Thursday,Victoria Park station,Mechanical,9,19,N/B,9227
2019-11-21,112,18:50:00,Thursday,Renforth Stn,Mechanical,8,16,S/B,8038
2019-11-21,57,19:10:00,Thursday,Midland and Sheppard,Mechanical,12,24,S/B,8886
2019-11-21,76,19:11:00,Thursday,Islington and Queensway,Investigation,1,1,S/B,8429
2019-11-21,97,19:25:00,Thursday,Hilda and Steeles,Mechanical,30,60,E/B,8214
2019-11-21,902,19:35:00,Thursday,PROGRESS & MILNER,Investigation,10,20,S/B,9230
2019-11-21,161,19:37:00,Thursday,jane and alliance,Mechanical,13,26,N/B,1140
2019-11-21,36,19:40:00,Thursday,Finch station,Mechanical,6,12,W/B,3552
2019-11-21,54,19:55:00,Thursday,Lawrence and Galloway,Mechanical,14,27,W/B,8909
2019-11-21,600,20:00:00,Thursday,Parkiside and Constance,Investigation,1,1,N/B,7974
2019-11-21,62,20:11:00,Thursday,Broadview station,Investigation,20,40,E/B,8473
2019-11-21,51,20:30:00,Thursday,Leslie Station,Mechanical,19,42,N/B,1340
2019-11-21,7,20:47:00,Thursday,bathurst station,Mechanical,8,17,N/B,8170
2019-11-21,29,20:56:00,Thursday,wilson station,Vision,8,17,S/B,9016
2019-11-21,68,20:59:00,Thursday,Warden Station,Mechanical,10,20,N/B,8712
2019-11-21,36,21:02:00,Thursday,Finch west station,Mechanical,8,16,E/B,9106
2019-11-21,36,21:13:00,Thursday,Finch and Westmore,Investigation,11,22,W/B,9123
2019-11-21,39,22:01:00,Thursday,Middlefield,Diversion,39,52,W/B,
2019-11-21,54,22:10:00,Thursday,Brichmount at Lawrence,Mechanical,14,27,W/B,8665
2019-11-21,121,22:24:00,Thursday,Mill & Trinity,Mechanical,20,40,W/B,8465
2019-11-21,72,23:36:00,Thursday,Pape Station,Emergency Services,18,36,S/B,8594
2019-11-22,102,01:00:00,Friday,Warden Station,Mechanical,16,34,E/B,8580
2019-11-22,320,02:55:00,Friday,Queens Quay & Yonge,Utilized Off Route,3,7,N/B,8188
2019-11-22,320,03:07:00,Friday,Yonge & Eglinton,Emergency Services,4,9,N/B,8364
2019-11-22,300,04:20:00,Friday,Bloor/Danforth,Mechanical,20,40,E/B,8707
2019-11-22,96,04:50:00,Friday,Humberline and Finch,Late Leaving Garage - Operator,8,16,E/B,3333
2019-11-22,38,05:07:00,Friday,Rouge hill go stn,Late Leaving Garage - Mechanical,15,30,N/B,3467
2019-11-22,50,05:30:00,Friday,Islington Station,Diversion,999,999,BW,
2019-11-22,37,05:45:00,Friday,Islington Station,Diversion,999,999,BW,
2019-11-22,110,05:45:00,Friday,Islington Station,Diversion,999,999,BW,
2019-11-22,937,05:50:00,Friday,Islington Station,Diversion,244,255,BW,
2019-11-22,39,06:13:00,Friday,Finch stn,Emergency Services,5,15,EB,1232
2019-11-22,14,06:14:00,Friday,Mt Dennis Garage AM Pull out,Late Leaving Garage - Operator,,,EB,1070
2019-11-22,117,06:15:00,Friday,Sheppard west station,Mechanical,10,20,N/B,8205
2019-11-22,90,06:15:00,Friday,St. Clair West Station,Utilized Off Route,5,10,N/B,8107
2019-11-22,6,06:16:00,Friday,Sherbourne and Queens Quay,Late Leaving Garage - Mechanical,5,10,N/B,3731
2019-11-22,123,06:21:00,Friday,Sherway Gardens,Mechanical,1,17,E/B,8043
2019-11-22,45,06:23:00,Friday,Kipling and Steeles,Late Leaving Garage - Operator,5,10,S/B,8011
2019-11-22,160,06:29:00,Friday,Bathurst and Atkinson,Diversion,15,30,N/B,1231
2019-11-22,122,06:32:00,Friday,York Mill Station,Mechanical,12,24,E/B,8332
2019-11-22,902,06:32:00,Friday,Eglinton and Markham,Mechanical,10,20,N/B,8592
2019-11-22,95,06:45:00,Friday,Ellesmere RT,Late Leaving Garage - Mechanical,8,16,E/B,3455
2019-11-22,63,06:47:00,Friday,CANF-Caniff Street and Strachan Ave,Late Leaving Garage - Mechanical,4,8,N/B,8146
2019-11-22,6,06:48:00,Friday,Bay and Wellington,Diversion,29,34,S/B,1503
2019-11-22,600,06:53:00,Friday,Sherway Gardens,Emergency Services,1,1,B/W,8426
2019-11-22,44,06:57:00,Friday,Kipling Station,Late Leaving Garage - Management,5,10,S/B,8039
2019-11-22,34,07:00:00,Friday,LESLIE/EGLINTON,General Delay,15,21,B/W,
2019-11-22,72,07:03:00,Friday,Bay and Wellington,Diversion,57,76,N/B,8570
2019-11-22,97,07:15:00,Friday,Wellington and Bay,Diversion,50,80,S/B,1236
2019-11-22,51,07:18:00,Friday,Steeles and Leslie,Mechanical,20,40,S/B,8369
2019-11-22,989,07:23:00,Friday,Weston Rd & Lawrence,Mechanical,15,30,S/B,1045
2019-11-22,935,07:39:00,Friday,Jane/ shoreham,Investigation,8,16,S/B,3560
2019-11-22,98,07:57:00,Friday,Cactus and Connaught Ave,Diversion,486,501,B/W,
2019-11-22,30,07:58:00,Friday,Renforth station,Emergency Services,7,14,E/B,1503
2019-11-22,88,07:59:00,Friday,ST. CLAIR STATION,Mechanical,14,28,E/B,8143
2019-11-22,39,08:00:00,Friday,Route 39,General Delay,10,15,B/W,
2019-11-22,35,08:00:00,Friday,Jane station to Pioneer Village station,General Delay,20,30,B/W,
2019-11-22,64,08:00:00,Friday,64 Main Station,General Delay,10,20,B/W,9217
2019-11-22,935,08:00:00,Friday,Jane stn to Pioneer village stn,General Delay,20,30,B/W,
2019-11-22,122,08:05:00,Friday,York Mills and Bayview,Mechanical,6,12,W/B,8118
2019-11-22,63,08:11:00,Friday,Atlantic Ave,Mechanical,11,22,N/B,8172
2019-11-22,57,08:30:00,Friday,Kennedy Station,Mechanical,9,18,N/B,8911
2019-11-22,60,08:41:00,Friday,on Steeles Ave West at Palm Gate Blvd/ Cactus Ave,Investigation,7,14,WB,3232
2019-11-22,63,08:44:00,Friday,Atlantic,Utilized Off Route,4,11,N/B,8193
2019-11-22,63,09:07:00,Friday,DuPont on Ossington,Mechanical,4,11,S/B,1204
2019-11-22,60,09:24:00,Friday,Pionner Village Station,Investigation,7,14,EB,3342
2019-11-22,102,09:33:00,Friday,markham and steels,Mechanical,10,20,S/B,8499
2019-11-22,35,10:00:00,Friday,Jane/ Eglinton,Mechanical,10,20,N/B,3510
2019-11-22,71,10:01:00,Friday,Bloor and Runnymeade,Mechanical,13,26,S/B,1112
2019-11-22,100,10:03:00,Friday,Broadview Station,Investigation,6,12,W/B,8628
2019-11-22,100,10:32:00,Friday,Wynford and Gervais,Investigation,6,13,W/B,8768
2019-11-22,54,10:36:00,Friday,Orton Park,Mechanical,12,24,W/B,8672
2019-11-22,32,10:37:00,Friday,Avenue and Eglinton,Mechanical,11,22,W/B,1078
2019-11-22,52,10:48:00,Friday,LAWRENCE WEST / Lawrence West Station,Vision,14,28,W/B,8336
2019-11-22,41,10:49:00,Friday,Keele Station,Mechanical,9,18,N/B,9149
2019-11-22,5,11:05:00,Friday,AVENUE/ BLOOR,Vision,30,60,S/B,1355
2019-11-22,121,11:06:00,Friday,Front and bay,Investigation,20,40,E/B,8595
2019-11-22,134,11:06:00,Friday,Scarborough Town Center,Mechanical,7,13,E/B,9037
2019-11-22,935,11:15:00,Friday,Jane / Finch,Mechanical,10,20,N/B,3214
2019-11-22,105,11:40:00,Friday,Sheppard West Stn,Mechanical,17,34,S/B,8322
2019-11-22,35,11:41:00,Friday,Jane Station,Mechanical,10,20,N/B,3616
2019-11-22,79,11:45:00,Friday,Pine/ Lawrence,Mechanical,12,24,S/B,1041
2019-11-22,939,11:49:00,Friday,Finch stn,Mechanical,,,E/B,3517
2019-11-22,124,11:57:00,Friday,Lawrence and Bayview,Mechanical,10,20,E/B,8327
2019-11-22,47,12:10:00,Friday,St clair/ Lansdowne,Investigation,15,30,S/B,1071
2019-11-22,929,12:13:00,Friday,Dufferin and Lawrence,Vision,10,20,N/B,9150
2019-11-22,52,12:30:00,Friday,LAWRENCE WEST,General Delay,10,20,B/W,
2019-11-22,33,12:35:00,Friday,Rose lawn Ave,Mechanical,1,1,N/B,8181
2019-11-22,935,12:45:00,Friday,Bloor/ Jane,Diversion,125,145,N/B,
2019-11-22,35,12:45:00,Friday,Jane/ Bloor,Diversion,125,145,N/B,
2019-11-22,89,12:45:00,Friday,Weston Rd & Junction,Investigation,11,22,S/B,1004
2019-11-22,94,13:26:00,Friday,Wellesley Station,Mechanical,14,28,S/B,1118
2019-11-22,935,13:35:00,Friday,Jane Stn,Mechanical,10,20,N/B,3612
2019-11-22,32,13:40:00,Friday,Eglinton and Gilbert,Investigation,11,22,E/B,1325
2019-11-22,102,13:45:00,Friday,Warden station,Mechanical,0,0,B/W,8543
2019-11-22,85,13:53:00,Friday,Sheppard stn,Investigation,10,32,E/B,3471
2019-11-22,35,14:00:00,Friday,Jane Stn to Pioneer Village Stn,General Delay,30,40,B/W,
2019-11-22,52,14:00:00,Friday,LAWRENCE and Rosewell,Diversion,400,410,E/B,
2019-11-22,935,14:00:00,Friday,Jane Stn to Pioneer Village Stn,General Delay,30,40,B/W,
2019-11-22,37,14:00:00,Friday,Islington Station,Diversion,332,344,B/W,
2019-11-22,60,14:04:00,Friday,Pioneer Village Station,Vision,9,18,EB,3184
2019-11-22,6,14:10:00,Friday,Bay south of Wellesley,Mechanical,12,24,S/B,1032
2019-11-22,941,14:11:00,Friday,Finch West Stn,Late Leaving Garage - Mechanical,15,15,S/B,1093
2019-11-22,162,14:15:00,Friday,Lawrence and Rosewell,Diversion,30,50,E/B,8218
2019-11-22,124,14:15:00,Friday,Lawrence and Rosewell,Diversion,11,31,E/B,8330
2019-11-22,48,14:45:00,Friday,Kipling / Rathburn,Mechanical,22,44,W/B,8082
2019-11-22,42,14:48:00,Friday,Finch Station,Mechanical,12,24,EB,8365
2019-11-22,118,14:48:00,Friday,Keele and Wilson,Investigation,25,50,E/B,3547
2019-11-22,165,14:50:00,Friday,Wilson and Steeles,Investigation,12,24,E/B,3249
2019-11-22,132,14:58:00,Friday,Scarborough Town Center,Mechanical,13,26,E/B,1611
2019-11-22,102,15:00:00,Friday,Markham/Highway7-Markham/Highway7,Diversion,390,412,B/W,8941
2019-11-22,168,15:00:00,Friday,Entire Route,General Delay,20,28,B/W,
2019-11-22,939,15:06:00,Friday,Seneca Hill,Mechanical,9,17,W/B,1209
2019-11-22,79,15:14:00,Friday,Runnymede stn,Mechanical,17,34,N/B,1575
2019-11-22,935,15:14:00,Friday,Pioneer Vilalge Stn,Utilized Off Route,10,20,S/B,3242
2019-11-22,953,15:14:00,Friday,Bayview Steeles,Late Leaving Garage - Mechanical,6,12,W/B,9077
2019-11-22,91,15:15:00,Friday,Cassandra Blvd/Underhill Dr,Late Leaving Garage - Mechanical,5,5,S/B,8519
2019-11-22,47,15:15:00,Friday,Lansdowne and Brendon Ave,Mechanical,15,30,N/B,1258
2019-11-22,985,15:19:00,Friday,Sheppard Loop,Mechanical,10,20,W/B,9083
2019-11-22,32,15:19:00,Friday,Glenarden and Eglinton,Investigation,10,20,W/B,1027
2019-11-22,52,15:20:00,Friday,LAWRENCE / Lawrence West Station,Mechanical,20,40,W/B,1212
2019-11-22,45,15:30:00,Friday,Kipling Station,General Delay,15,21,B/W,
2019-11-22,44,15:30:00,Friday,Kipling Station to Colonel Samuel Smith Loop,General Delay,15,20,B/W,
2019-11-22,941,15:36:00,Friday,Keele and Dundas,Investigation,15,30,N/B,1116
2019-11-22,29,15:37:00,Friday,Sb on Dufferine at Queen,Investigation,8,16,S/B,9024
2019-11-22,47,15:43:00,Friday,Queen/ Lansdowne,Late Leaving Garage - Mechanical,8,16,N/B,1266
2019-11-22,100,15:46:00,Friday,O'Cpnnor and Woodbine,Investigation,7,14,S/B,8792
2019-11-22,52,16:00:00,Friday,Entire Route,General Delay,30,45,B/W,
2019-11-22,952,16:00:00,Friday,Entire Route,General Delay,30,45,B/W,
2019-11-22,52,16:00:00,Friday,Lawrence at Keele,Mechanical,17,31,E/B,1370
2019-11-22,985,16:20:00,Friday,McCowan,Mechanical,10,20,W/B,9073
2019-11-22,935,16:24:00,Friday,Pioneer Village Stn,Utilized Off Route,10,20,S/B,3629
2019-11-22,124,16:35:00,Friday,Lawrence and Rosewell,Diversion,11,131,B/W,8115
2019-11-22,162,16:35:00,Friday,Lawrence and Rosewell,Diversion,30,151,B/W,8334
2019-11-22,60,16:45:00,Friday,Steeles and Islington,Investigation,8,16,WB,3282
2019-11-22,710,16:45:00,Friday,O'conner and Woodvale,Investigation,1,1,E/B,8923
2019-11-22,60,16:52:00,Friday,Finch Station,Vision,9,18,WB,3344
2019-11-22,902,16:59:00,Friday,Progress/Sheppard,Mechanical,10,20,S/B,8465
2019-11-22,929,17:00:00,Friday,Wilson Stn,Mechanical,10,20,S/B,9104
2019-11-22,59,17:00:00,Friday,Caledonia and Lawrence west,General Delay,25,40,B/W,3304
2019-11-22,935,17:01:00,Friday,Jane Station,Utilized Off Route,10,20,N/B,3354
2019-11-22,35,17:05:00,Friday,Pioneer Village Stn,Utilized Off Route,10,20,N/B,3349
2019-11-22,63,17:12:00,Friday,Eglinton West Station,Mechanical,9,18,S/B,8332
2019-11-22,89,17:16:00,Friday,Weston and St Clair,Investigation,11,22,S/B,1016
2019-11-22,32,17:16:00,Friday,Eglinton and Willowridge,Investigation,10,20,W/B,1069
2019-11-22,113,17:20:00,Friday,DANFORTH & ELWARD BLV,Investigation,11,22,E/B,9211
2019-11-22,47,17:50:00,Friday,Orfus rd and Dufferin,Mechanical,30,60,B/W,1258
2019-11-22,953,17:51:00,Friday,Finch station,Emergency Services,15,30,E/B,9079
2019-11-22,35,18:00:00,Friday,Jane Stn,Utilized Off Route,10,20,N/B,3283
2019-11-22,43,18:00:00,Friday,Passmore and Kennedy,Investigation,9,18,S/B,8871
2019-11-22,86,18:00:00,Friday,Kennedy Station,Mechanical,16,32,E/B,8698
2019-11-22,935,18:05:00,Friday,Jane Stn,Utilized Off Route,9,18,N/B,3275
2019-11-22,41,18:11:00,Friday,Junction and Keele,Diversion,12,24,N/B,9036
2019-11-22,941,18:11:00,Friday,Junction and Keele,Diversion,15,30,N/B,
2019-11-22,89,18:30:00,Friday,Keele and Junction,Diversion,65,76,N/B,
2019-11-22,989,18:30:00,Friday,Keele and Junction,Diversion,65,78,N/B,
2019-11-22,189,18:30:00,Friday,"On Keele, at Junction",Diversion,80,100,S/B,
2019-11-22,35,19:15:00,Friday,Jane Stn,Utilized Off Route,10,20,N/B,3366
2019-11-22,108,19:18:00,Friday,"NB on Driftwood, at Yorkwood",Investigation,1,1,N/B,3270
2019-11-22,122,19:21:00,Friday,Yorkmills Station,Mechanical,14,28,E/B,8108
2019-11-22,60,19:21:00,Friday,Steeles and Palm Gate,Investigation,9,18,WB,3179
2019-11-22,42,19:24:00,Friday,Cumer and Pineway Blvd,Mechanical,8,16,EB,8156
2019-11-22,7,19:53:00,Friday,Bathurst Station,Mechanical,7,15,N/B,8186
2019-11-22,63,21:19:00,Friday,Eglinton West Station,Utilized Off Route,10,20,S/B,1307
2019-11-22,46,21:43:00,Friday,"Steeles Loop, at Martin Grove",Mechanical,17,34,S/B,3186
2019-11-22,67,21:47:00,Friday,PHARMACY AVE & SURREY AVE,Diversion,0,0,S/B,8928
2019-11-22,102,22:33:00,Friday,Warden Station,Vision,11,22,E/B,8579
2019-11-22,96,22:39:00,Friday,Wilson Station,Mechanical,24,48,E/B,3523
2019-11-22,133,22:39:00,Friday,STC,Mechanical,13,26,E/B,3423
2019-11-22,97,22:57:00,Friday,Eglinton and Yonge,Emergency Services,30,60,S/B,8149
2019-11-22,168,23:07:00,Friday,"On Symington, at Dupont",Investigation,18,36,S/B,1096
2019-11-22,121,23:07:00,Friday,Blue Jay Way & Front,Diversion,89,109,S/B,8595
2019-11-22,23,23:25:00,Friday,ST. CLAIR & VICTORIA PK,Mechanical,15,30,S/B,3104
2019-11-22,121,23:26:00,Friday,Along Front St,General Delay,20,40,BW,
2019-11-22,36,23:30:00,Friday,HWLP,Mechanical,10,20,E/B,9133
2019-11-22,89,23:56:00,Friday,"On Weston, at Church",Investigation,10,20,S/B,1272
2019-11-23,34,00:10:00,Saturday,Eglinton and Bermondsey,General Delay,10,20,S/B,
2019-11-23,900,00:30:00,Saturday,"On Dundas, at Shorncliffe",Mechanical,10,20,W/B,8002
2019-11-23,168,01:33:00,Saturday,Avon Loop,Mechanical,18,36,S/B,1061
2019-11-23,320,01:49:00,Saturday,Steeles & Yonge Loop,Mechanical,6,13,S/B,8100
2019-11-23,300,02:00:00,Saturday,Bathrust to Parliament,General Delay,15,30,B/W,
2019-11-23,312,02:20:00,Saturday,St Clair & Christie,Diversion,70,100,SW,1041
2019-11-23,363,02:38:00,Saturday,Northcliffe and Eglinton,Emergency Services,30,60,S/B,8381
2019-11-23,320,02:55:00,Saturday,Queens Quay & Yonge,Utilized Off Route,3,7,N/B,8176
2019-11-23,320,03:22:00,Saturday,Queens Quay & Yonge,Utilized Off Route,2,3,N/B,891
2019-11-23,320,03:44:00,Saturday,Yonge & Eglinton,Mechanical,4,7,N/B,8774
2019-11-23,320,04:07:00,Saturday,Queens Quay & Yonge,Utilized Off Route,7,15,N/B,8389
2019-11-23,335,04:14:00,Saturday,Jane and Lawrence,Emergency Services,30,60,N/B,3271
2019-11-23,300,04:17:00,Saturday,Terminal 1,Late Leaving Garage - Operator,20,40,E/B,8827
2019-11-23,24,05:22:00,Saturday,Biscayne/Victoria Park,Diversion,10,19,N/B,9200
2019-11-23,36,05:30:00,Saturday,Keele St and Finch Av,Investigation,30,30,W/B,3194
2019-11-23,36,05:32:00,Saturday,Humber Loop,Late Leaving Garage - Management,10,20,E/B,3612
2019-11-23,52,05:36:00,Saturday,Lawrence and Yonge,Late Leaving Garage - Mechanical,26,26,W/B,1227
2019-11-23,34,05:38:00,Saturday,Sloane and Eglinton,Mechanical,9,9,E/B,8696
2019-11-23,45,05:43:00,Saturday,KIPLING STN,Mechanical,10,20,N/B,8013
2019-11-23,116,05:46:00,Saturday,Kennedy Station,Late Leaving Garage - Mechanical,10,25,E/B,8886
2019-11-23,84,06:05:00,Saturday,Sheppard station,Late Leaving Garage - Mechanical,20,30,W/B,3201
2019-11-23,122,06:15:00,Saturday,Yorkmills Station,Late Leaving Garage - Mechanical,30,60,E/B,8124
2019-11-23,54,06:15:00,Saturday,StarSpray at Lawrence,Late Leaving Garage - Mechanical,20,30,W/B,8869
2019-11-23,905,06:43:00,Saturday,Kennedy Station,Late Leaving Garage - Mechanical,11,24,E/B,8928
2019-11-23,7,07:04:00,Saturday,Greenwin Village,Mechanical,10,20,S/B,1314
2019-11-23,935,07:22:00,Saturday,PVST,Late Leaving Garage - Operator,10,20,S/B,3595
2019-11-23,39,07:44:00,Saturday,Finch Station,Mechanical,14,28,E/B,3406
2019-11-23,102,08:00:00,Saturday,Markham Rd/HWY 7,Diversion,330,390,B/W,
2019-11-23,939,08:55:00,Saturday,Finch West Station,Late Leaving Garage - Mechanical,14,28,E/B,1311
2019-11-23,89,09:00:00,Saturday,ENTIRE ROUTE,General Delay,10,30,B/W,
2019-11-23,63,09:05:00,Saturday,Atlantic / King,Diversion,420,426,N/B,1346
2019-11-23,29,09:09:00,Saturday,Dufferin/ Lawrence,Late Leaving Garage - Mechanical,11,22,N/B,9018
2019-11-23,113,09:28:00,Saturday,DANFORTH and Birchmount,Mechanical,14,28,S/B,8405
2019-11-23,34,09:30:00,Saturday,Entire Route,General Delay,10,40,B/W,
2019-11-23,1,09:35:00,Saturday,Yonge & Lawerence,Mechanical,1,1,S/B,1400
2019-11-23,73,09:39:00,Saturday,ROYAL YORK STN,Mechanical,15,30,N/B,8424
2019-11-23,63,10:04:00,Saturday,Shaw / King,Mechanical,6,12,E/B,8365
2019-11-23,34,10:05:00,Saturday,Rumsey and Eglinton,Diversion,10,165,W/B,
2019-11-23,56,10:05:00,Saturday,Rumsey and Eglinton,Diversion,24,179,N/B,
2019-11-23,51,10:05:00,Saturday,Rumsey and Eglinton,Diversion,25,180,W/B,
2019-11-23,24,10:13:00,Saturday,VICTORIA PARK and Biscayne,Investigation,10,20,S/B,8590
2019-11-23,68,10:30:00,Saturday,Warden Ave/Eglinton Ave E,General Delay,15,26,B/W,
2019-11-23,54,10:30:00,Saturday,Ramsey and  Eglintion,Diversion,10,20,,8662
2019-11-23,41,10:46:00,Saturday,Old Weston/ St Clair,Investigation,10,20,N/B,1001
2019-11-23,900,10:52:00,Saturday,DUNDAS AND SUBWAY CRES,Investigation,10,20,S/B,8010
2019-11-23,72,11:22:00,Saturday,Riverdale and Carlaw,Investigation,18,36,S/B,8565
2019-11-23,900,11:50:00,Saturday,Airport T3,Emergency Services,9,19,S/B,8009
2019-11-23,89,12:00:00,Saturday,Entire Route,General Delay,25,35,B/W,
2019-11-23,79,12:06:00,Saturday,Lawrence and Pine,Mechanical,12,24,S/B,1521
2019-11-23,16,12:33:00,Saturday,Eglinton and McCowan,Mechanical,10,20,N/B,3162
2019-11-23,7,12:54:00,Saturday,Greenwin Village and Bathurst,Mechanical,8,16,S/B,1355
2019-11-23,39,12:59:00,Saturday,Finch Station,Mechanical,14,28,EB,1541
2019-11-23,73,13:00:00,Saturday,Entire Route,General Delay,25,40,B/W,
2019-11-23,17,13:00:00,Saturday,Warden Station,General Delay,15,30,N/B,8495
2019-11-23,905,13:29:00,Saturday,Kigston/Celeste,Investigation,11,22,E/B,8664
2019-11-23,168,13:30:00,Saturday,Symington/Kingsley,Investigation,9,17,S/B,1064
2019-11-23,54,13:30:00,Saturday,Don mills and Lawrance,Diversion,7,14,E/B,
2019-11-23,102,13:38:00,Saturday,Warden Station,Late Leaving Garage - Mechanical,10,20,E/B,8567
2019-11-23,29,13:43:00,Saturday,Dufferin and Shanly,Emergency Services,4,8,N/B,9152
2019-11-23,41,13:47:00,Saturday,Keele Station,Mechanical,9,18,N/B,1109
2019-11-23,98,13:49:00,Saturday,Steeles/Yonge,Mechanical,15,30,S/B,8157
2019-11-23,94,13:53:00,Saturday,Harbord and Major,Diversion,32,45,B/W,
2019-11-23,66,14:00:00,Saturday,Entire Route,General Delay,20,30,B/W,
2019-11-23,80,14:00:00,Saturday,Entire Route,General Delay,25,45,B/W,
2019-11-23,52,14:00:00,Saturday,Duffrine and Caedonia,General Delay,7,14,E/B,
2019-11-23,35,14:00:00,Saturday,Jane Stn to Pioneer Village stn,General Delay,40,47,S/B,
2019-11-23,21,14:25:00,Saturday,Lawrence,Mechanical,15,30,N/B,3518
2019-11-23,939,14:34:00,Saturday,Scarborough Town Center,Mechanical,12,24,WB,1579
2019-11-23,925,14:36:00,Saturday,Overlea and Beth Nealson,Investigation,10,20,N/B,8681
2019-11-23,81,14:40:00,Saturday,Papae Stn,Mechanical,7,14,N/B,8948
2019-11-23,59,15:06:00,Saturday,Weston / Oak,Mechanical,30,60,E/B,3250
2019-11-23,102,15:10:00,Saturday,Warden Station,Mechanical,57,114,N/B,3139
2019-11-23,74,15:11:00,Saturday,St Clair Station,Mechanical,18,36,E/B,1365
2019-11-23,37,15:24:00,Saturday,Islington stn,Investigation,14,28,N/B,8074
2019-11-23,113,15:38:00,Saturday,DANFORTH - Kennedy and Corvette,Investigation,16,32,N/B,8484
2019-11-23,17,15:48:00,Saturday,Lawrence and Birchmount,Emergency Services,15,30,N/B,8963
2019-11-23,905,15:59:00,Saturday,Eglinton and Bellamy,Investigation,11,22,W/B,8664
2019-11-23,935,16:00:00,Saturday,Jane Stn to Pioneer Village stn,General Delay,40,50,S/B,
2019-11-23,43,16:44:00,Saturday,Bertrand and Kennedy,Mechanical,13,26,N/B,8761
2019-11-23,985,16:48:00,Saturday,Scarb. Town Center,Mechanical,10,20,W/B,9006
2019-11-23,160,17:05:00,Saturday,Bathurst and Atkinson,Diversion,97,136,E/B,1247
2019-11-23,110,17:12:00,Saturday,Islington and Athol ave,Emergency Services,18,36,N/B,8065
2019-11-23,42,18:30:00,Saturday,Finch Station,Mechanical,16,32,EB,8328
2019-11-23,74,19:15:00,Saturday,St Clair Station,Mechanical,18,36,E/B,8185
2019-11-23,97,19:20:00,Saturday,York Mills Station,Mechanical,33,66,S/B,8116
2019-11-23,12,19:37:00,Saturday,KINGSTON RD & BLANTYRE AVE,Investigation,17,34,E/B,8467
2019-11-23,54,20:29:00,Saturday,Brimley and Lawrence,Mechanical,20,39,E/B,8800
2019-11-23,24,21:05:00,Saturday,VICTPORIA PARK & McNICOLLE AVE,Diversion,9,18,S/B,8580
2019-11-23,52,21:33:00,Saturday,Lawrence station,Investigation,20,40,W/B,8195
2019-11-23,121,21:51:00,Saturday,Along Front,General Delay,20,40,BW,
2019-11-23,94,21:55:00,Saturday,Wellesley & Church,General Delay,20,30,BW,
2019-11-23,45,21:59:00,Saturday,Kipling Station,Utilized Off Route,10,20,N/B,8415
2019-11-23,65,22:25:00,Saturday,PARLIAMENT & HOWARD,Investigation,15,30,S/B,3118
2019-11-23,52,23:09:00,Saturday,Lawrence west station,Emergency Services,10,30,W/B,8128
2019-11-23,94,23:15:00,Saturday,Ossington Station,Utilized Off Route,10,20,S/B,1407
2019-11-24,11,00:18:00,Sunday,Davisville station,Investigation,30,60,W/B,8342
2019-11-24,40,00:56:00,Sunday,St. Clair and Jane,Utilized Off Route,30,60,E/B,8028
2019-11-24,35,01:16:00,Sunday,Pioneer Village Stn,Emergency Services,1,1,S/B,3253
2019-11-24,87,01:19:00,Sunday,Secord & Barrington,Investigation,10,20,E/B,3149
2019-11-24,300,01:38:00,Sunday,Danforth and Danforth,Investigation,1,30,W/B,3149
2019-11-24,54,01:40:00,Sunday,Eglinton and Brentcliffe,Emergency Services,10,20,W/B,8839
2019-11-24,300,02:00:00,Sunday,Bathrust to Parliament,General Delay,15,30,E/B,
2019-11-24,320,02:00:00,Sunday,Yonge and Queens quay.,Utilized Off Route,3,7,W/B,8765
2019-11-24,320,02:10:00,Sunday,Yonge & Eglinton,Investigation,7,12,S/B,8839
2019-11-24,89,02:17:00,Sunday,Mc Cormack,Emergency Services,16,,S/B,1353
2019-11-24,307,02:19:00,Sunday,Harbord/bathurst,Investigation,30,60,N/B,8132
2019-11-24,116,02:36:00,Sunday,Sewells and morningside,Investigation,9,18,N/B,8768
2019-11-24,85,02:50:00,Sunday,Yonge and sheppard,Investigation,30,60,E/B,3481
2019-11-24,385,02:50:00,Sunday,Meadowvale loop.,Mechanical,30,60,E/B,1320
2019-11-24,320,03:29:00,Sunday,Queens Quay & Yonge,Mechanical,4,9,N/B,9011
2019-11-24,35,03:39:00,Sunday,Jane Stn,Mechanical,30,60,N/B,3635
2019-11-24,320,04:37:00,Sunday,Queens Quay & Yonge,Late Leaving Garage - Mechanical,7,15,N/B,9023
2019-11-24,89,05:56:00,Sunday,Keele stn,Late Leaving Garage - Operator,10,36,N/B,1018
2019-11-24,86,06:00:00,Sunday,kennedy Station,Late Leaving Garage - Mechanical,13,26,E/B,8832
2019-11-24,42,06:48:00,Sunday,Finch stn,Mechanical,24,48,N/B,8321
2019-11-24,36,07:05:00,Sunday,Drift wood on Finch West,Investigation,10,20,E/B,3344
2019-11-24,601,07:05:00,Sunday,Wilson garage,Utilized Off Route,,,S/B,8320
2019-11-24,130,07:19:00,Sunday,Steeles,Late Leaving Garage - Mechanical,34,68,S/B,1401
2019-11-24,168,07:23:00,Sunday,Avon loop,Mechanical,18,38,S/B,1054
2019-11-24,165,07:44:00,Sunday,Weston / Finch,Late Leaving Garage - Mechanical,18,26,N/B,3197
2019-11-24,189,07:45:00,Sunday,Jane/ St Clair,Late Leaving Garage - Mechanical,20,20,S/B,8039
2019-11-24,300,07:50:00,Sunday,Danforth & Brichmount,Emergency Services,6,12,W/B,8427
2019-11-24,43,07:55:00,Sunday,Terminal 1,Investigation,17,34,E/B,8788
2019-11-24,162,07:55:00,Sunday,DONWAY WEST/ LAWRENCE,Late Leaving Garage - Mechanical,13,43,W/B,1367
2019-11-24,51,08:15:00,Sunday,EGLINTON STATION,Late Leaving Garage - Management,29,58,N/B,8369
2019-11-24,121,08:27:00,Sunday,Fort York and Bastion Street,Mechanical,20,37,E/B,8512
2019-11-24,61,08:40:00,Sunday,LAWRENCE/AVENUE RD,Mechanical,1,1,S/B,1321
2019-11-24,36,09:00:00,Sunday,HWLP,Late Leaving Garage - Mechanical,7,13,E/B,3320
2019-11-24,165,09:28:00,Sunday,Weston / Imogene,Investigation,10,20,S/B,3577
2019-11-24,87,11:10:00,Sunday,Broadview Station,Mechanical,10,20,E/B,8948
2019-11-24,939,11:37:00,Sunday,Finch and Victoria pk,Mechanical,16,32,E/B,1657
2019-11-24,39,11:50:00,Sunday,Finch and Pharmacy,Mechanical,10,20,W/B,1593
2019-11-24,60,11:51:00,Sunday,FSTN,Late Leaving Garage - Mechanical,5,10,W/B,3176
2019-11-24,168,11:56:00,Sunday,Dundas W stn,Investigation,9,18,N/B,1586
2019-11-24,105,12:00:00,Sunday,105 Dufferin North Route,General Delay,30,60,B/W,8141
2019-11-24,26,12:00:00,Sunday,26 Dupont Route,General Delay,24,48,B/W,1532
2019-11-24,47,12:00:00,Sunday,47 Lawnsdoen Route-All Branch,General Delay,20,40,B/W,1265
2019-11-24,79,12:00:00,Sunday,79 Scarlett Route-All Branch,General Delay,20,40,B/W,1011
2019-11-24,98,12:00:00,Sunday,98 Willowdale-Senlac Route,General Delay,30,60,B/W,8359
2019-11-24,101,12:00:00,Sunday,101 Downsview Park,General Delay,30,30,B/W,3165
2019-11-24,17,12:00:00,Sunday,17 Birchmount Route-All Branch,General Delay,18,36,B/W,8588
2019-11-24,104,12:00:00,Sunday,104 Faywood Route,General Delay,30,60,B/W,8390
2019-11-24,106,12:00:00,Sunday,106 Sentinel Route,General Delay,20,30,B/W,1346
2019-11-24,52,12:00:00,Sunday,Lawrence from Jane to Scarlett,General Delay,25,32,B/W,
2019-11-24,985,12:00:00,Sunday,985 Sheppard Express-All Branch,General Delay,20,32,B/W,9000
2019-11-24,85,12:00:00,Sunday,85 Sheppard Route,General Delay,20,35,B/W,3446
2019-11-24,89,12:00:00,Sunday,Entire Route,General Delay,20,25,B/W,
2019-11-24,59,12:05:00,Sunday,Weston Rd / Church Street to St. Phillips Rd,Diversion,300,330,EB,3594
2019-11-24,84,12:21:00,Sunday,Sheppard/ Yonge,Investigation,9,18,W/B,3550
2019-11-24,12,12:30:00,Sunday,Kingston Rd/Victoria Park Ave,Diversion,106,121,B/W,3119
2019-11-24,63,12:34:00,Sunday,King / Atlantic,Utilized Off Route,10,20,S/B,1247
2019-11-24,37,12:38:00,Sunday,Steeles and Islington,Mechanical,20,40,S/B,7963
2019-11-24,113,12:40:00,Sunday,Kennedy Station,Mechanical,20,40,E/B,3122
2019-11-24,65,13:00:00,Sunday,65 Parliament Route,General Delay,7,15,B/W,
2019-11-24,64,13:00:00,Sunday,64 Main Station,General Delay,10,20,B/W,
2019-11-24,60,13:00:00,Sunday,Steeles West Route,General Delay,20,40,B/W,3366
2019-11-24,97,13:01:00,Sunday,Yonge St and Melrose Ave,Investigation,30,60,SB,1282
2019-11-24,70,13:10:00,Sunday,O'connor and St. Clair,General Delay,20,40,N/B,8727
2019-11-24,52,13:14:00,Sunday,Lawrence West station,Late Leaving Garage - Mechanical,7,14,W/B,8135
2019-11-24,168,13:22:00,Sunday,Avon Loop,Mechanical,9,18,S/B,1411
2019-11-24,165,13:30:00,Sunday,Wilson stn,Mechanical,10,20,E/B,3325
2019-11-24,41,13:34:00,Sunday,Keele and Wilson,Investigation,11,22,S/B,1105
2019-11-24,29,13:44:00,Sunday,Princess gates,Mechanical,4,8,N/B,9148
2019-11-24,84,14:00:00,Sunday,Entire Route,General Delay,20,30,B/W,
2019-11-24,37,14:08:00,Sunday,Islington Station,Mechanical,12,24,N/B,8452
2019-11-24,165,14:45:00,Sunday,Wilson stn,Mechanical,10,20,E/B,3599
2019-11-24,600,15:00:00,Sunday,Wilson Station,Late Leaving Garage - Mechanical,1,1,W/B,8168
2019-11-24,47,15:09:00,Sunday,Lansdown and Queen St,Investigation,18,36,B/W,1287
2019-11-24,89,15:32:00,Sunday,Black Creek and Eglinton,Mechanical,10,20,S/B,1074
2019-11-24,79,15:55:00,Sunday,On Lawrence Av West from Scarlet Rd to Jane St,Diversion,270,290,B/W,1011
2019-11-24,32,16:00:00,Sunday,Keele and Eglinton,Mechanical,10,20,E/B,1012
2019-11-24,121,16:58:00,Sunday,The Esplanade and Jarvis,Mechanical,15,30,E/B,3121
2019-11-24,984,17:00:00,Sunday,Sheppard at Wilson Heights,Mechanical,13,26,E/B,3561
2019-11-24,123,17:16:00,Sunday,Kipling Station,Mechanical,10,20,S/B,8414
2019-11-24,67,18:00:00,Sunday,Pharmacy & Ellesmere,Mechanical,17,34,N/B,8681
2019-11-24,35,18:12:00,Sunday,Church and Jane,Mechanical,10,20,N/B,3634
2019-11-24,7,18:50:00,Sunday,Bathurst and Steeles,Mechanical,7,14,S/B,8340
2019-11-24,86,19:05:00,Sunday,Kennedy Station,Investigation,8,16,E/B,8801
2019-11-24,36,19:55:00,Sunday,Humberwood Loop,Mechanical,7,14,E/B,3344
2019-11-24,47,21:20:00,Sunday,Queens and Landsdowne,Mechanical,20,40,S/B,1287
2019-11-24,47,22:04:00,Sunday,Queens and Landsdowne,Mechanical,20,40,N/B,1272
2019-11-24,900,22:13:00,Sunday,Kipling station,Investigation,9,18,N/B,8010
2019-11-24,29,22:40:00,Sunday,dufferin and lawrence,Mechanical,8,17,S/B,9024
2019-11-24,927,23:30:00,Sunday,Kipling Station,Mechanical,10,20,N/B,3253
2019-11-25,29,01:04:00,Monday,dufferin and bloor,Mechanical,8,17,S/B,9045
2019-11-25,315,03:10:00,Monday,Royal York Station,Emergency Services,30,60,S/B,8081
2019-11-25,47,04:45:00,Monday,Earls Court Loop,Late Leaving Garage - Mechanical,30,60,S/B,1521
2019-11-25,300,05:00:00,Monday,Kennedy Station,Mechanical,30,60,W/B,3108
2019-11-25,161,05:06:00,Monday,Humber Blvd North to Weston Road,Diversion,999,999,S/B,
2019-11-25,52,05:10:00,Monday,Lawrence and Keele,Mechanical,13,26,W/B,8208
2019-11-25,39,05:14:00,Monday,Baldoon and Finch,Late Leaving Garage - Mechanical,10,20,E/B,3514
2019-11-25,98,05:16:00,Monday,Willowdale at Empress,Diversion,999,999,N/B,
2019-11-25,131,05:16:00,Monday,Morningview and Morningside,Late Leaving Garage - Management,13,13,W/B,1337
2019-11-25,300,05:26:00,Monday,Kipling Staion,Late Leaving Garage - Operator,8,16,E/B,9017
2019-11-25,46,05:29:00,Monday,KIPLING STN,Late Leaving Garage - Operator,15,30,N/B,3706
2019-11-25,51,05:30:00,Monday,Eglinton Station,Mechanical,20,40,N/B,8217
2019-11-25,37,05:30:00,Monday,"On Islington, at Evans",Investigation,14,28,N/B,8044
2019-11-25,52,05:40:00,Monday,Wilson Garage,Late Leaving Garage - Operator,1,1,,8175
2019-11-25,52,05:41:00,Monday,Wilson Garage,Late Leaving Garage - Operator,1,1,,1342
2019-11-25,122,05:45:00,Monday,Wilson garage,Late Leaving Garage - Mechanical,1,1,,8326
2019-11-25,6,05:50:00,Monday,FRONT ST & BAY,Mechanical,20,40,N/B,3731
2019-11-25,132,05:55:00,Monday,Sewells and Brenyon,Late Leaving Garage - Mechanical,12,26,E/B,3479
2019-11-25,132,05:57:00,Monday,Sewells and Brenyon Way,Late Leaving Garage - Operator,12,36,W/B,3479
2019-11-25,131,05:58:00,Monday,Morningside and Morningview Trail,Late Leaving Garage - Mechanical,8,8,E/B,3473
2019-11-25,165,06:01:00,Monday,Yorkmills Stn,Late Leaving Garage - Mechanical,6,12,W/B,3704
2019-11-25,939,06:04:00,Monday,Finch Station,Late Leaving Garage - Mechanical,8,15,E/B,3444
2019-11-25,927,06:06:00,Monday,HUMBER COLLEGE,Late Leaving Garage - Mechanical,13,26,S/B,3307
2019-11-25,100,06:06:00,Monday,COMSTOCK & WARDEN,Mechanical,7,14,E/B,8898
2019-11-25,95,06:08:00,Monday,Ellesmere Rt Station,Late Leaving Garage - Operator,8,16,W/B,3400
2019-11-25,131,06:08:00,Monday,Morningview and Morningside,Late Leaving Garage - Mechanical,8,16,W/B,3473
2019-11-25,131,06:08:00,Monday,Morningview and Morningside,Late Leaving Garage - Mechanical,8,16,W/B,3473
2019-11-25,68,06:11:00,Monday,Steeles and Warden,Late Leaving Garage - Mechanical,13,26,S/B,8793
2019-11-25,54,06:11:00,Monday,Eglinton Station,Late Leaving Garage - Operator,9,18,E/B,8919
2019-11-25,63,06:19:00,Monday,Wilson Garage,Late Leaving Garage - Mechanical,1,1,,8102
2019-11-25,84,06:20:00,Monday,FINCH/ARROW,Late Leaving Garage - Management,25,25,E/B,3641
2019-11-25,95,06:22:00,Monday,Kingstno Cul De Sac,Late Leaving Garage - Operator,8,16,W/B,3400
2019-11-25,984,06:27:00,Monday,RIVALDA/SHEPPARD,Late Leaving Garage - Management,13,13,W/B,3558
2019-11-25,960,06:30:00,Monday,Finch Station,Late Leaving Garage - Operator,10,1,W/B,3187
2019-11-25,78,06:40:00,Monday,York Mills Stn,Late Leaving Garage - Management,10,20,E/B,1376
2019-11-25,51,06:40:00,Monday,Leslie and Kirkwood,Mechanical,20,40,S/B,1280
2019-11-25,126,06:49:00,Monday,St.Clair west,Mechanical,17,34,N/B,1104
2019-11-25,131,06:57:00,Monday,Scarborough Town Center,Mechanical,10,20,E/B,1657
2019-11-25,46,07:00:00,Monday,ENTIRE ROUTE,General Delay,11,35,B/W,
2019-11-25,143,07:00:00,Monday,143 Downtown- Beach Express,General Delay,15,30,B/W,
2019-11-25,144,07:00:00,Monday,144 Downtown- Don Valley Express,General Delay,15,30,B/W,
2019-11-25,960,07:02:00,Monday,Pioneer Village Station,Mechanical,10,1,E/B,8346
2019-11-25,6,07:04:00,Monday,DOCKSIDE DR & KNAPP LN,Mechanical,5,10,E/B,1027
2019-11-25,953,07:08:00,Monday,Fenton Rd on Steeles,Investigation,13,26,W/B,9064
2019-11-25,945,07:12:00,Monday,Kipling stn,Mechanical,7,13,N/B,8027
2019-11-25,60,07:17:00,Monday,Signal Hill,Late Leaving Garage - Management,8,16,E/B,3327
2019-11-25,929,07:27:00,Monday,Dufferin and Lawrence,Mechanical,9,18,S/B,9016
2019-11-25,84,07:30:00,Monday,SHEPPARD-YONGE STATION,Mechanical,11,23,W/B,3533
2019-11-25,34,07:30:00,Monday,Route 34,General Delay,11,17,W/B,
2019-11-25,11,07:30:00,Monday,Route 11,General Delay,11,21,B/W,
2019-11-25,165,07:51:00,Monday,Yorkmills Stn,Mechanical,6,12,W/B,3630
2019-11-25,144,07:58:00,Monday,Ness Dr/York Mills Rd,Late Leaving Garage - Mechanical,15,15,S/B,8815
2019-11-25,84,08:00:00,Monday,JANE/SHEPPARD,General Delay,15,26,B/W,
2019-11-25,984,08:00:00,Monday,JANE/SHEPPARD,General Delay,15,24,B/W,
2019-11-25,54,08:05:00,Monday,Lawrence and Scarborough Golf Club road,Mechanical,9,18,W/B,8638
2019-11-25,55,08:15:00,Monday,Varsity /Underwood,Diversion,420,450,S/B,
2019-11-25,985,08:17:00,Monday,Scarborough Town Center,Investigation,12,24,W/B,9082
2019-11-25,57,08:18:00,Monday,Kennedy Station,Mechanical,9,17,N/B,8685
2019-11-25,32,08:25:00,Monday,Eglinton and Weston,Mechanical,9,18,E/B,1052
2019-11-25,116,08:53:00,Monday,Syracuse Cre. / Morningside,Mechanical,7,13,W/B,8925
2019-11-25,56,09:01:00,Monday,Donlands Station,Mechanical,20,40,E/B,8378
2019-11-25,34,09:04:00,Monday,Eglinton and Mt Pleasant,Investigation,12,24,W/B,8819
2019-11-25,121,09:20:00,Monday,Prince's Gate,Mechanical,16,32,E/B,3107
2019-11-25,131,09:29:00,Monday,Old Finch and Mountain Trail,Investigation,7,14,N/B,1713
2019-11-25,108,09:34:00,Monday,Pioneer Village Station,Mechanical,8,16,S/B,3584
2019-11-25,75,09:55:00,Monday,SHERBOURN & BLOOR,Mechanical,6,12,N/B,8206
2019-11-25,76,09:55:00,Monday,"On Royal York, at Coney",Investigation,19,38,S/B,8030
2019-11-25,87,10:14:00,Monday,COSBURN & DONLANDS,Mechanical,11,22,E/B,8517
2019-11-25,939,10:14:00,Monday,FSTN,Mechanical,8,17,W/B,3532
2019-11-25,929,10:42:00,Monday,Yorkdale and Dufferin,Investigation,10,20,N/B,9026
2019-11-25,716,10:42:00,Monday,Kennedy Station,Utilized Off Route,1,1,E/B,9224
2019-11-25,46,11:23:00,Monday,KIPLING STN,Mechanical,18,36,N/B,3369
2019-11-25,92,11:43:00,Monday,Woodbine/Gerrard,Mechanical,12,24,S/B,8503
2019-11-25,73,11:46:00,Monday,Weston and Knob Hill,Investigation,17,34,N/B,8464
2019-11-25,39,12:00:00,Monday,39 Finch Route-All Branch,General Delay,16,32,B/W,3427
2019-11-25,939,12:00:00,Monday,939 Finch Express-All Branch,General Delay,16,32,B/W,3517
2019-11-25,64,12:00:00,Monday,64 Main Route,General Delay,10,20,B/W,
2019-11-25,710,12:12:00,Monday,Warden STN,Utilized Off Route,1,1,,8728
2019-11-25,54,12:12:00,Monday,LAW RT,Utilized Off Route,12,24,E/B,8928
2019-11-25,706,12:13:00,Monday,Kennedy Station,Utilized Off Route,1,1,E/B,3135
2019-11-25,600,12:14:00,Monday,Steeles/McCowan,Utilized Off Route,1,1,S/B,3485
2019-11-25,720,12:15:00,Monday,Warden Station,Utilized Off Route,1,1,W/B,8707
2019-11-25,706,12:18:00,Monday,Birchmount yard,Utilized Off Route,1,1,,3135
2019-11-25,710,12:19:00,Monday,Warden Station,Utilized Off Route,1,1,W/B,8704
2019-11-25,600,12:21:00,Monday,Warden Station,Utilized Off Route,0,0,W/B,8853
2019-11-25,985,12:21:00,Monday,STC,Utilized Off Route,8,16,W/B,9098
2019-11-25,925,12:22:00,Monday,Entire Route,General Delay,25,30,N/B,
2019-11-25,25,12:22:00,Monday,Greenbelt & Don Mills,Diversion,361,369,N/B,8625
2019-11-25,25,12:22:00,Monday,Entire Route,General Delay,25,30,N/B,
2019-11-25,81,12:22:00,Monday,Entire Route,General Delay,20,25,B/W,
2019-11-25,117,12:25:00,Monday,Sheppard west station,Mechanical,20,40,N/B,1297
2019-11-25,95,12:27:00,Monday,Leslie and York Mills,Mechanical,10,20,E/B,1331
2019-11-25,133,12:39:00,Monday,Morningside and Finch,Mechanical,11,22,W/B,3516
2019-11-25,160,12:50:00,Monday,Bathurst and Atkinson,Diversion,1,1,N/B,8201
2019-11-25,116,12:57:00,Monday,Kennedy Station,Investigation,25,50,W/B,8848
2019-11-25,22,12:57:00,Monday,Danforth Ave/Woodington Ave,Mechanical,10,20,N/B,3105
2019-11-25,81,12:58:00,Monday,Pape Station,Mechanical,10,20,N/B,5625
2019-11-25,81,12:58:00,Monday,Pape Stn,Vision,1,1,N/B,8483
2019-11-25,39,13:10:00,Monday,Finch Station,Investigation,16,32,E/B,3427
2019-11-25,54,13:15:00,Monday,Warden and Eglinton,Mechanical,8,16,E/B,8749
2019-11-25,102,13:31:00,Monday,St. Clair Ave E/Santa Monica Blvd,Investigation,22,44,W/B,8582
2019-11-25,124,14:00:00,Monday,Roe Loop,Investigation,10,20,S/B,8167
2019-11-25,160,14:05:00,Monday,New Westminister and Bathurst,Investigation,20,40,E/B,8201
2019-11-25,7,14:15:00,Monday,Bathurst station,Investigation,7,14,N/B,1245
2019-11-25,32,14:27:00,Monday,Eglinton Station,Late Leaving Garage - Mechanical,5,14,W/B,1502
2019-11-25,54,14:30:00,Monday,Eglinton Station,Mechanical,8,16,W/B,8712
2019-11-25,47,14:30:00,Monday,Lawrence and Caledonia,General Delay,30,30,S/B,
2019-11-25,129,14:30:00,Monday,Scarborough Town Center to Major MacKenzie,General Delay,17,32,B/W,
2019-11-25,32,14:40:00,Monday,Michael Power School,Mechanical,10,20,E/B,1272
2019-11-25,25,14:43:00,Monday,Don Mills and Wynford,Investigation,10,20,S/B,8765
2019-11-25,88,14:45:00,Monday,St. Clair Station,Late Leaving Garage - Mechanical,15,21,E/B,1228
2019-11-25,34,14:50:00,Monday,Kennedy Station,Late Leaving Garage - Operator,7,13,W/B,8821
2019-11-25,134,15:00:00,Monday,Scarborough Town Center to Baldoon and Finch,General Delay,11,29,B/W,
2019-11-25,34,15:00:00,Monday,ENTIRE ROUTE,General Delay,12,42,B/W,
2019-11-25,132,15:00:00,Monday,Scarborough Town Center to Hupfield/Steeles,General Delay,12,25,B/W,
2019-11-25,34,15:11:00,Monday,Wynford and Eglinton,Investigation,12,24,E/B,8674
2019-11-25,76,15:15:00,Monday,Royal York and Norseman,Mechanical,10,20,N/B,8084
2019-11-25,122,15:15:00,Monday,York Mills Stn,Late Leaving Garage - Mechanical,12,24,E/B,8109
2019-11-25,79,15:20:00,Monday,Pine and Lawrence,Mechanical,18,36,S/B,1421
2019-11-25,116,15:22:00,Monday,Guildwood Prk,Late Leaving Garage - Mechanical,7,14,E/B,8814
2019-11-25,39,15:22:00,Monday,Birchmount and Finch,Mechanical,14,28,W/B,3513
2019-11-25,11,15:23:00,Monday,Sunnybrook Hospital,Late Leaving Garage - Mechanical,12,28,S/B,8380
2019-11-25,126,15:24:00,Monday,st clair west station,Mechanical,19,38,S/B,1054
2019-11-25,52,15:30:00,Monday,Lawrence Station to West Mall,General Delay,20,30,B/W,
2019-11-25,130,15:30:00,Monday,Scarborough Town Center to Middlefield/Steeles,General Delay,14,30,B/W,
2019-11-25,90,15:32:00,Monday,St Clair West Station,Mechanical,10,20,N/B,8218
2019-11-25,16,15:35:00,Monday,Warden STN,Investigation,13,26,N/B,8950
2019-11-25,45,15:40:00,Monday,Kipling stn,Mechanical,8,11,N/B,8435
2019-11-25,952,16:00:00,Monday,Entire Route,General Delay,30,42,B/W,
2019-11-25,97,16:00:00,Monday,York Mills- Queens Quay,General Delay,12,24,B/W,1236
2019-11-25,24,16:00:00,Monday,VICTORIA PARK and Lynvalley,Investigation,10,20,N/B,3111
2019-11-25,42,16:00:00,Monday,Cummer Route,General Delay,15,30,BW,0
2019-11-25,929,16:00:00,Monday,Wilson station,Mechanical,9,18,S/B,9026
2019-11-25,76,16:00:00,Monday,Lakeshore and Mimico,Mechanical,5,12,N/B,8030
2019-11-25,109,16:00:00,Monday,Eglinton West - Baycrest and Bathurst,Diversion,20,40,B/W,1387
2019-11-25,6,16:23:00,Monday,Davenport/Dupont,Mechanical,7,15,S/B,1305
2019-11-25,143,16:30:00,Monday,DWTN BEACH EXPRESS,General Delay,25,50,B/W,
2019-11-25,144,16:30:00,Monday,DON VALLEY EXPRESS,General Delay,20,40,B/W,
2019-11-25,97,16:50:00,Monday,Queens Quay and Yonge,Utilized Off Route,30,60,N/B,1236
2019-11-25,52,16:53:00,Monday,Lawrence West at Avenue,Mechanical,14,24,W/B,1271
2019-11-25,995,17:00:00,Monday,York Mills Station - Scarborough Loop,General Delay,15,30,B/W,3419
2019-11-25,95,17:00:00,Monday,York Mills Station - Kingston Road Loop,General Delay,15,30,B/W,3520
2019-11-25,59,17:00:00,Monday,Oak/Weston - Lawrence West Station,General Delay,30,60,bw,
2019-11-25,24,17:00:00,Monday,VICTORIA PARK / Victoria Park Station,General Delay,10,20,B/W,
2019-11-25,54,17:00:00,Monday,"Bayview, Leslie, Don Mills, Warden, Markham",General Delay,25,33,B/W,
2019-11-25,88,17:01:00,Monday,Throncliff and Overlea,Emergency Services,15,30,W/B,1395
2019-11-25,925,17:05:00,Monday,Overlea and Millwood,Investigation,9,18,N/B,8682
2019-11-25,9,17:11:00,Monday,Kingston Rd/Dorset Rd,Investigation,18,36,E/B,8579
2019-11-25,88,17:15:00,Monday,St. Clair Station,Mechanical,15,30,E/B,8159
2019-11-25,169,17:30:00,Monday,Scarborough Centre STN,Mechanical,30,60,W/B,8352
2019-11-25,102,17:33:00,Monday,Markham Rd/Finch Ave E,Diversion,89,109,S/B,
2019-11-25,36,17:42:00,Monday,Romfield,Mechanical,6,12,W/B,3642
2019-11-25,10,17:50:00,Monday,Don Mills STN,Utilized Off Route,10,20,E/B,8132
2019-11-25,24,17:58:00,Monday,VICTORIA PARK and Bassett,Investigation,10,20,N/B,3148
2019-11-25,116,18:06:00,Monday,Morningside and Sheppard,Investigation,7,14,S/B,8869
2019-11-25,94,18:22:00,Monday,Bloor/ Castle Frank,Investigation,9,17,W/B,1410
2019-11-25,925,18:28:00,Monday,Pape Station,Mechanical,9,18,N/B,8804
2019-11-25,935,18:55:00,Monday,Jane and Falstaff,Mechanical,9,18,S/B,3368
2019-11-25,90,19:00:00,Monday,Vaughn and Oakwood,Mechanical,9,15,S/B,8184
2019-11-25,131,19:14:00,Monday,Scarborough Town Center,Mechanical,13,27,E/B,1631
2019-11-25,94,19:21:00,Monday,Wellsley/Sherbourne,Diversion,9,17,B/W,1143
2019-11-25,95,19:39:00,Monday,York Mills Stn,Mechanical,11,22,E/B,1565
2019-11-25,49,20:03:00,Monday,Bloor / Markland Drive,Mechanical,13,26,W/B,8038
2019-11-25,90,20:03:00,Monday,St. Clair West Station,Mechanical,5,10,N/B,8351
2019-11-25,171,20:17:00,Monday,Jane and Weston road,Mechanical,20,40,N/B,1080
2019-11-25,32,20:54:00,Monday,Eglinton Station,Investigation,10,20,W/B,1079
2019-11-25,52,21:16:00,Monday,The Westway and Islington,Mechanical,12,24,W/B,8209
2019-11-25,52,21:23:00,Monday,Lawrence Station,Mechanical,12,24,W/B,1309
2019-11-25,100,21:49:00,Monday,Thorncliffe Park and Overlea,Mechanical,9,18,N/B,8780
2019-11-25,73,21:55:00,Monday,Royal York Station,Mechanical,9,18,N/B,8069
2019-11-25,124,22:27:00,Monday,ROE Loop,Mechanical,20,40,S/B,8206
2019-11-25,44,22:35:00,Monday,Col Sam Smith Loop,Mechanical,10,20,N/B,8055
2019-11-25,32,23:09:00,Monday,Pine and Lawrence,Mechanical,21,42,W/B,1066
2019-11-25,14,23:18:00,Monday,927 Glencairn,Mechanical,20,40,E/B,1356
2019-11-25,985,23:23:00,Monday,Midland and Progress,Diversion,20,40,W/B,1550
2019-11-25,57,23:30:00,Monday,Midland and Progress,Diversion,45,60,N/B,
2019-11-26,102,00:10:00,Tuesday,Markham & Parkcrest,Diversion,5,10,B/W,9231
2019-11-26,37,00:11:00,Tuesday,Islington Station,Mechanical,132,26,S/B,8027
2019-11-26,52,00:27:00,Tuesday,Lawrence and Cledonia,Emergency Services,18,36,WB,8363
2019-11-26,123,00:34:00,Tuesday,Long Branch loop,Mechanical,12,24,N/B,8453
2019-11-26,94,05:00:00,Tuesday,WELLESLEY STATION & QUEENS'S PARK,Diversion,1,1,B/W,
2019-11-26,116,05:10:00,Tuesday,Eglinton Division,Mechanical,0,0,,8875
2019-11-26,38,05:12:00,Tuesday,Rouge Hill Go,Mechanical,15,30,W/B,3417
2019-11-26,70,05:13:00,Tuesday,Eglinton garage,Mechanical,0,0,,8667
2019-11-26,116,05:17:00,Tuesday,Eglinton Garage,Mechanical,0,0,,8878
2019-11-26,96,05:18:00,Tuesday,Wilson Station,Late Leaving Garage - Management,27,54,W/B,3312
2019-11-26,116,05:21:00,Tuesday,Eglinton Garage,Mechanical,0,0,,8745
2019-11-26,25,05:23:00,Tuesday,Eglinton garage,Mechanical,1,1,,8847
2019-11-26,112,05:23:00,Tuesday,KIPLING STN,Late Leaving Garage - Mechanical,12,24,N/B,8040
2019-11-26,54,05:24:00,Tuesday,Eglinton Garage,Mechanical,1,1,,8680
2019-11-26,9,05:29:00,Tuesday,Warden STN,Mechanical,17,34,W/B,8584
2019-11-26,925,05:38:00,Tuesday,Eglinton Division,Mechanical,0,0,,8732
2019-11-26,72,05:41:00,Tuesday,Birchmount Garage,Mechanical,9,18,S/B,8528
2019-11-26,108,05:43:00,Tuesday,Stong Crescent and Driftwood,Late Leaving Garage - Management,27,54,N/B,3252
2019-11-26,116,05:46:00,Tuesday,Eglinton Division,Mechanical,0,0,,8861
2019-11-26,986,05:47:00,Tuesday,Eglinton division,Mechanical,0,0,,8635
2019-11-26,116,05:56:00,Tuesday,Eglinton Garage,Mechanical,1,1,,8861
2019-11-26,54,05:58:00,Tuesday,Eglinton garage,Mechanical,1,1,,8700
2019-11-26,54,05:58:00,Tuesday,Eglinton Garage,Mechanical,1,1,,8700
2019-11-26,134,06:00:00,Tuesday,,Mechanical,0,0,N/B,9004
2019-11-26,129,06:01:00,Tuesday,,Mechanical,0,0,N/B,3412
2019-11-26,43,06:04:00,Tuesday,Eglinton garage,Mechanical,1,1,,8734
2019-11-26,43,06:06:00,Tuesday,Kennedy Station,General Delay,10,20,N/B,8655
2019-11-26,168,06:08:00,Tuesday,AVON LOOP,Late Leaving Garage - Operator,6,12,S/B,1022
2019-11-26,57,06:08:00,Tuesday,Eglinton garage,Mechanical,1,1,,8897
2019-11-26,109,06:15:00,Tuesday,Lawrence West Stn,Late Leaving Garage - Mechanical,20,55,S/B,1226
2019-11-26,100,06:19:00,Tuesday,Eglinton Garage,Late Leaving Garage - Management,1,1,,8681
2019-11-26,39,06:19:00,Tuesday,Neilson and Crowtrail,Late Leaving Garage - Mechanical,6,12,W/B,1655
2019-11-26,954,06:21:00,Tuesday,Eglinton Division,Mechanical,0,0,,8858
2019-11-26,927,06:21:00,Tuesday,MARTINGROVE AND LEXINGTON,Investigation,6,12,S/B,3202
2019-11-26,68,06:22:00,Tuesday,Eglinton garage,Mechanical,0,0,,8744
2019-11-26,7,06:26:00,Tuesday,Greenwin Village and Steeles,Mechanical,8,16,S/B,8104
2019-11-26,905,06:30:00,Tuesday,Eglinton Division,Mechanical,0,0,,8885
2019-11-26,60,06:32:00,Tuesday,Finch Station,Mechanical,8,16,W/B,3561
2019-11-26,144,06:32:00,Tuesday,Eglinton division,Mechanical,0,0,,8937
2019-11-26,95,06:34:00,Tuesday,Marham / Ellesmere,Investigation,6,18,W/B,3479
2019-11-26,7,06:35:00,Tuesday,Bathurst and Wilson,Late Leaving Garage - Mechanical,6,12,S/B,8311
2019-11-26,70,06:46:00,Tuesday,Warden Stn,Mechanical,17,34,W/B,8652
2019-11-26,960,06:52:00,Tuesday,Pioneer Village Station,Late Leaving Garage - Management,10,20,E/B,3633
2019-11-26,95,07:02:00,Tuesday,Ellesmere RT,Late Leaving Garage - Mechanical,8,16,W/B,3430
2019-11-26,941,07:03:00,Tuesday,Keele Station,Late Leaving Garage - Mechanical,14,28,N/B,1603
2019-11-26,102,07:12:00,Tuesday,Centennial College Progress Campus,Utilized Off Route,18,42,S/B,8551
2019-11-26,60,07:17:00,Tuesday,Signal Hill and Steeles,Late Leaving Garage - Management,8,16,E/B,3298
2019-11-26,68,07:19:00,Tuesday,Eglinton division,Mechanical,0,0,,8879
2019-11-26,171,07:43:00,Tuesday,Mt. Dennis Garage,Mechanical,20,20,E/B,1035
2019-11-26,84,08:00:00,Tuesday,JANE/SHEPPARD,General Delay,15,33,B/W,
2019-11-26,89,08:06:00,Tuesday,Keel & GlenLake,Investigation,10,20,N/B,1030
2019-11-26,62,08:07:00,Tuesday,woodbine /mortimner,Investigation,20,40,,
2019-11-26,939,08:08:00,Tuesday,FSTN,Mechanical,9,18,E/B,1559
2019-11-26,62,08:08:00,Tuesday,Woodbind and Mortimner,Diversion,66,86,,
2019-11-26,36,08:19:00,Tuesday,Humber College Blvd/Humberline,Emergency Services,4,9,W/B,9110
2019-11-26,24,08:32:00,Tuesday,Victoria park station,Mechanical,9,14,,3101
2019-11-26,83,09:02:00,Tuesday,Jones/Dundas,Diversion,361,382,S/B,8479
2019-11-26,97,09:35:00,Tuesday,Yonge and Wilson/York Mills,Mechanical,30,60,S/B,8166
2019-11-26,944,09:50:00,Tuesday,Kipling/Lakeshore,Utilized Off Route,8,16,S/B,7971
2019-11-26,937,09:54:00,Tuesday,Islington station,Utilized Off Route,0,0,S/B,8011
2019-11-26,29,10:13:00,Tuesday,Dufferin and Lawrence,Mechanical,7,14,N/B,9016
2019-11-26,86,10:30:00,Tuesday,Kennedy Station,Emergency Services,10,20,E/B,8925
2019-11-26,94,10:34:00,Tuesday,CASTLE FRANK STATION,Vision,8,16,E/B,1348
2019-11-26,34,11:25:00,Tuesday,Eglinton and Redpath ave,Emergency Services,12,24,W/B,8764
2019-11-26,168,11:45:00,Tuesday,OLD WESTON AND ST CLAIR,Emergency Services,12,25,S/B,1268
2019-11-26,122,11:46:00,Tuesday,York Mills Stn,Mechanical,17,34,W/B,8159
2019-11-26,35,11:55:00,Tuesday,Pioneer Village Stn,Mechanical,7,14,S/B,3231
2019-11-26,39,12:00:00,Tuesday,39 Finch Route-All Branch,General Delay,16,32,B/W,3537
2019-11-26,939,12:00:00,Tuesday,939 Finch Express-All Branch,General Delay,14,28,B/W,3475
2019-11-26,68,12:04:00,Tuesday,Wooden and Enterprise,Diversion,36,47,N/B,8695
2019-11-26,36,12:05:00,Tuesday,Finch West Stn,Vision,5,10,E/B,3176
2019-11-26,61,12:27:00,Tuesday,Lawrence and Avenue Road,Investigation,20,40,N/B,8195
2019-11-26,52,12:30:00,Tuesday,CALEDONIA/LAWRENCE,General Delay,20,34,B/W,
2019-11-26,73,12:50:00,Tuesday,Royal York stn,Mechanical,17,34,N/B,8083
2019-11-26,45,12:55:00,Tuesday,Kipling Station,Mechanical,10,20,S/B,8020
2019-11-26,11,12:56:00,Tuesday,Davisville Stn.,Mechanical,1,1,N/B,1243
2019-11-26,935,13:40:00,Tuesday,Jane and Wilson,General Delay,7,14,N/B,3528
2019-11-26,41,13:54:00,Tuesday,Founders / Ian Macdonald blvd,Diversion,78,88,S/B,9026
2019-11-26,38,13:55:00,Tuesday,Rouge Hill GO STN,Mechanical,12,24,W/B,1343
2019-11-26,929,13:56:00,Tuesday,Dufferin / Sylvan,Investigation,10,20,S/B,9150
2019-11-26,60,13:58:00,Tuesday,Pioneer Village Station,Emergency Services,11,22,EB,3578
2019-11-26,32,14:08:00,Tuesday,Eglinton & Keele,Mechanical,11,22,W/B,1111
2019-11-26,11,14:16:00,Tuesday,Davisville stn,Mechanical,1,1,S/B,8145
2019-11-26,160,14:29:00,Tuesday,Wilson garage,Late Leaving Garage - Mechanical,17,34,N/B,8147
2019-11-26,122,14:33:00,Tuesday,York Mills Station,Mechanical,15,30,E/B,8384
2019-11-26,52,14:45:00,Tuesday,Caledonia/Lawrence,Mechanical,14,29,W/B,1344
2019-11-26,63,14:46:00,Tuesday,ossington and dundas,Mechanical,8,17,N/B,8111
2019-11-26,129,15:00:00,Tuesday,Scarborough Town Center to Major MacKenzie,General Delay,17,32,B/W,
2019-11-26,37,15:00:00,Tuesday,Entire Route,General Delay,30,40,B/W,
2019-11-26,110,15:00:00,Tuesday,Entire Route,General Delay,30,40,B/W,
2019-11-26,35,15:00:00,Tuesday,Jane Station,General Delay,0,0,S/B,
2019-11-26,935,15:00:00,Tuesday,Jane Station,General Delay,0,0,S/B,
2019-11-26,131,15:00:00,Tuesday,Scarborough Town Center to Morningview/Old Finch,General Delay,9,17,B/W,
2019-11-26,21,15:00:00,Tuesday,Scarborough Town Center to Kennedy STN,General Delay,7,33,B/W,
2019-11-26,132,15:00:00,Tuesday,Scarborough Town Center to Hupfield/Steeles,General Delay,10,23,B/W,
2019-11-26,941,15:09:00,Tuesday,Mt Dennis garage,Late Leaving Garage - Mechanical,14,28,N/B,1633
2019-11-26,85,15:09:00,Tuesday,Meadowvale Loop,Mechanical,12,21,N/B,3545
2019-11-26,102,15:10:00,Tuesday,Centennial College Progress Campus,Mechanical,14,34,S/B,8465
2019-11-26,95,15:21:00,Tuesday,Kingston Cul De Sac,Late Leaving Garage - Operator,10,20,W/B,3463
2019-11-26,902,15:24:00,Tuesday,Warden Station,Late Leaving Garage - Operator,1,1,N/B,9222
2019-11-26,95,15:28:00,Tuesday,Bayview / York Mills,Investigation,10,20,W/B,1320
2019-11-26,130,15:30:00,Tuesday,Scarborough Town Center to Middlefield/Steeles,General Delay,10,26,B/W,
2019-11-26,104,15:39:00,Tuesday,Faywood and Invermay,Mechanical,17,34,N/B,1317
2019-11-26,143,15:40:00,Tuesday,Nevilloop,Late Leaving Garage - Operator,1,1,W/B,8540
2019-11-26,135,15:45:00,Tuesday,Warden Ave/Danforth Ave,Diversion,140,160,B/W,
2019-11-26,69,15:45:00,Tuesday,Warden Ave/Danforth Rd,Diversion,140,158,B/W,
2019-11-26,97,16:00:00,Tuesday,York Mills Station - Queens Quay,General Delay,20,40,B/W,
2019-11-26,5,16:00:00,Tuesday,Entire Route,General Delay,20,38,B/W,
2019-11-26,59,16:00:00,Tuesday,Weston and Oak - Lawrence West station,General Delay,15,30,B/W,3244
2019-11-26,165,16:10:00,Tuesday,wilson station,Mechanical,8,17,N/B,3267
2019-11-26,122,16:18:00,Tuesday,Duncan Mills,Mechanical,1,1,E/B,8130
2019-11-26,63,16:20:00,Tuesday,atlantic and king,Utilized Off Route,8,17,N/B,8374
2019-11-26,97,16:21:00,Tuesday,Yonge and Queens Quay,Mechanical,30,60,N/B,8379
2019-11-26,7,16:22:00,Tuesday,Bathurst stn,Utilized Off Route,8,16,N/B,1210
2019-11-26,35,16:23:00,Tuesday,Flax Gardenway and Peter Kaiser Gate,Investigation,7,14,S/B,3351
2019-11-26,600,16:24:00,Tuesday,St. Clair,Utilized Off Route,1,1,E/B,8101
2019-11-26,63,16:26:00,Tuesday,atlantic and king,Utilized Off Route,8,17,N/B,1222
2019-11-26,68,16:29:00,Tuesday,Warden at Steeles,Emergency Services,17,25,S/B,8849
2019-11-26,162,16:29:00,Tuesday,Bayview and Park Lane,Mechanical,10,20,E/B,8167
2019-11-26,11,16:30:00,Tuesday,Entire route,General Delay,15,30,B/W,
2019-11-26,95,16:30:00,Tuesday,York Mills - Kingston Road Loop,General Delay,12,24,B/W,
2019-11-26,995,16:30:00,Tuesday,York Mills Station- Scarborough Campus Loop,General Delay,15,30,B/W,
2019-11-26,937,16:30:00,Tuesday,Entire Route,General Delay,30,42,B/W,
2019-11-26,39,16:45:00,Tuesday,Finch and Leslie,Mechanical,14,26,E/B,1526
2019-11-26,102,16:51:00,Tuesday,Kingston Rd/Markham Rd,Investigation,22,44,S/B,8489
2019-11-26,54,17:07:00,Tuesday,Kennedy and Lawrence,Investigation,8,16,W/B,8783
2019-11-26,54,17:10:00,Tuesday,Pharmacy and Lawrence,Investigation,8,16,E/B,8811
2019-11-26,102,17:24:00,Tuesday,Warden STN,Emergency Services,22,44,E/B,8529
2019-11-26,937,17:45:00,Tuesday,Islington and Summitcrest,Diversion,50,62,N/B,
2019-11-26,37,17:45:00,Tuesday,Islington and Summitrcrest,Diversion,50,60,N/B,
2019-11-26,925,18:38:00,Tuesday,Pape Station,Investigation,9,18,N/B,8732
2019-11-26,41,18:43:00,Tuesday,Keele / Donald,Mechanical,15,30,N/B,9026
2019-11-26,43,18:45:00,Tuesday,Kennedy & Sheppard,Diversion,9,18,S/B,8932
2019-11-26,98,18:46:00,Tuesday,Sheppard station,Mechanical,17,34,E/B,8168
2019-11-26,85,18:51:00,Tuesday,Sheppard and Kennedy,Diversion,1,1,W/B,
2019-11-26,102,18:53:00,Tuesday,Markham Rd/Cougar Crt,Mechanical,22,44,N/B,8942
2019-11-26,41,19:02:00,Tuesday,Keele / Wilson,Mechanical,16,32,N/B,1055
2019-11-26,76,19:08:00,Tuesday,Royal York stn,Mechanical,6,11,S/B,8429
2019-11-26,59,19:35:00,Tuesday,Caledonia and Lawrence,Diversion,14,25,W/B,3702
2019-11-26,35,20:34:00,Tuesday,Arrow Garage,Late Leaving Garage - Mechanical,7,14,S/B,3328
2019-11-26,63,20:50:00,Tuesday,atlantic and king,Mechanical,8,17,N/B,8346
2019-11-26,65,20:54:00,Tuesday,PARLIAMENT / Castle Frank Station,Mechanical,9,18,S/B,3161
2019-11-26,98,20:57:00,Tuesday,Sheppard and Yonge Station,Mechanical,22,44,W/B,8163
2019-11-26,35,21:49:00,Tuesday,Pineer Village Station,Late Leaving Garage - Mechanical,9,18,S/B,3283
2019-11-26,129,22:50:00,Tuesday,Major Mackenzie & Ridgecrest,Diversion,22,44,S/B,3507
2019-11-26,29,23:00:00,Tuesday,springhurst loop,Utilized Off Route,8,17,N/B,9020
2019-11-26,63,23:00:00,Tuesday,atlantic and king,Utilized Off Route,8,17,N/B,8206
2019-11-26,7,23:00:00,Tuesday,bathurst station,Utilized Off Route,8,17,N/B,8331
2019-11-26,52,23:19:00,Tuesday,Westwood Mall at Goreway and Morninstar,Mechanical,18,36,EB,1277
2019-11-27,41,00:03:00,Wednesday,Keele and St Clair,Investigation,10,20,S/B,9037
2019-11-27,116,00:30:00,Wednesday,Kennedy Station,Mechanical,10,20,E/B,8924
2019-11-27,22,00:50:00,Wednesday,Bingham ave and Kington Rd,Mechanical,10,20,W/B,8400
2019-11-27,85,01:48:00,Wednesday,Donmills Station,Investigation,26,52,E/B,3428
2019-11-27,22,02:12:00,Wednesday,Danforth and Lee ave.,Mechanical,20,40,E/B,8517
2019-11-27,320,03:10:00,Wednesday,Sheppard and Yonge,Utilized Off Route,4,8,N/B,1230
2019-11-27,720,05:00:00,Wednesday,Eglinton division,Mechanical,0,0,,8883
2019-11-27,87,05:23:00,Wednesday,BROADVIEW STATION,General Delay,6,12,E/B,
2019-11-27,21,05:35:00,Wednesday,STC,Mechanical,20,20,N/B,1339
2019-11-27,113,05:36:00,Wednesday,MAIN STSTION,Mechanical,12,24,E/B,3118
2019-11-27,54,05:40:00,Wednesday,Eglinton Division,Mechanical,0,0,,8734
2019-11-27,17,05:43:00,Wednesday,Birchmount and Denison,Mechanical,31,60,N/B,8524
2019-11-27,86,05:47:00,Wednesday,Eglinton division,Mechanical,0,0,,8620
2019-11-27,43,05:50:00,Wednesday,Passmore/Milken Blv,Investigation,10,20,W/B,8895
2019-11-27,56,05:52:00,Wednesday,Eglitnon Station,Late Leaving Garage - Mechanical,8,16,E/B,8136
2019-11-27,54,05:53:00,Wednesday,Eglinton division,Mechanical,0,0,,8901
2019-11-27,954,05:57:00,Wednesday,Eglinton division garage,Mechanical,0,0,,8917
2019-11-27,34,05:59:00,Wednesday,Eglinton Division,Mechanical,0,0,,8925
2019-11-27,42,06:02:00,Wednesday,Dynamic and McNicoll,Late Leaving Garage - Mechanical,15,30,W/B,8130
2019-11-27,986,06:07:00,Wednesday,Eglinton division,Mechanical,0,0,,8775
2019-11-27,60,06:07:00,Wednesday,Signet and Steeles,Late Leaving Garage - Mechanical,7,14,E/B,3319
2019-11-27,168,06:07:00,Wednesday,Dundas West Station,Utilized Off Route,8,16,N/B,1056
2019-11-27,45,06:13:00,Wednesday,Kipling Station,Mechanical,1,1,S/B,8056
2019-11-27,47,06:16:00,Wednesday,Queen and Lansdowne,Utilized Off Route,5,10,N/B,1121
2019-11-27,7,06:18:00,Wednesday,Greenwin Village and Steeles,Mechanical,8,16,S/B,8163
2019-11-27,100,06:21:00,Wednesday,Eglinton division,Mechanical,0,0,,8689
2019-11-27,600,06:30:00,Wednesday,Ossington Station,Utilized Off Route,1,1,S/B,1086
2019-11-27,144,06:32:00,Wednesday,Eglinton division,Mechanical,0,0,,8862
2019-11-27,72,06:40:00,Wednesday,Pape Station,Mechanical,9,18,S/B,9237
2019-11-27,905,06:40:00,Wednesday,Eglinton division,Mechanical,0,0,,8645
2019-11-27,954,06:41:00,Wednesday,Starspray,Late Leaving Garage - Mechanical,9,18,W/B,8765
2019-11-27,54,06:44:00,Wednesday,Lawrence and Burnview,Investigation,9,18,E/B,8935
2019-11-27,45,06:50:00,Wednesday,Kipling Station,Utilized Off Route,10,20,N/B,8614
2019-11-27,952,06:53:00,Wednesday,Carlingview and Dixon,Mechanical,10,20,E/B,8366
2019-11-27,41,06:56:00,Wednesday,N Park and Keele,Mechanical,15,30,N/B,9056
2019-11-27,100,06:59:00,Wednesday,Eglinton division,Mechanical,0,0,,8937
2019-11-27,941,07:03:00,Wednesday,Keele Station,Late Leaving Garage - Operator,14,28,N/B,
2019-11-27,120,07:03:00,Wednesday,Wilson station,Late Leaving Garage - Mechanical,24,48,W/B,3510
2019-11-27,90,07:15:00,Wednesday,St Clair west station,Mechanical,5,10,W/B,8317
2019-11-27,26,07:18:00,Wednesday,St.George Stn,Late Leaving Garage - Mechanical,14,28,W/B,1503
2019-11-27,29,07:21:00,Wednesday,Princess Gates,Mechanical,7,15,N/B,9025
2019-11-27,939,07:29:00,Wednesday,Mc Cowan and Milner,Mechanical,8,16,N/B,1657
2019-11-27,56,07:43:00,Wednesday,Eglinton Station,Investigation,20,40,E/B,1290
2019-11-27,941,07:46:00,Wednesday,Keele Station,Mechanical,15,30,N/B,1576
2019-11-27,35,07:46:00,Wednesday,Pioneer Village Stn,Mechanical,7,14,S/B,3550
2019-11-27,953,08:04:00,Wednesday,Finch stn,Mechanical,13,26,E/B,9086
2019-11-27,935,08:21:00,Wednesday,Jane and St.Clair,Investigation,7,15,S/B,3215
2019-11-27,167,08:24:00,Wednesday,Pharmacy and Steeles,Mechanical,30,60,N/B,9222
2019-11-27,63,08:24:00,Wednesday,Atlantic and King,Utilized Off Route,4,8,N/B,8332
2019-11-27,602,08:30:00,Wednesday,Kipling Station,Utilized Off Route,1,1,S/B,8091
2019-11-27,47,08:39:00,Wednesday,Queen and Lansdowne,Utilized Off Route,4,9,N/B,1121
2019-11-27,937,08:40:00,Wednesday,Islington Station,Utilized Off Route,12,23,N/B,8435
2019-11-27,46,08:57:00,Wednesday,MARTINGROVE AND RONSON,Investigation,11,22,S/B,3171
2019-11-27,68,09:15:00,Wednesday,Eglinton and Civic Rd,Diversion,6,36,B/W,
2019-11-27,54,09:15:00,Wednesday,Lawrence RT Station,Utilized Off Route,9,18,W/B,8712
2019-11-27,601,09:19:00,Wednesday,Royal York and Eglinton,Investigation,1,1,E/B,1420
2019-11-27,929,09:45:00,Wednesday,Dufferin and Lawrence,Mechanical,8,16,N/B,9016
2019-11-27,41,09:50:00,Wednesday,Glenlake and Keele,Investigation,12,24,N/B,9052
2019-11-27,47,09:50:00,Wednesday,Bloor to Queen,General Delay,20,25,S/B,
2019-11-27,7,10:08:00,Wednesday,Greenwin Village and Steeles,Mechanical,8,16,S/B,1248
2019-11-27,995,10:19:00,Wednesday,Markham/Ellesmere,Investigation,15,30,E/B,3446
2019-11-27,67,10:20:00,Wednesday,victoria park station,Mechanical,15,30,,8847
2019-11-27,40,10:22:00,Wednesday,ST CLAIR AND MOULD,Investigation,20,40,E/B,7958
2019-11-27,100,10:35:00,Wednesday,EGLINTON & DON MILLS,Investigation,6,12,W/B,8894
2019-11-27,43,10:38:00,Wednesday,Kennedy Station,Mechanical,10,20,N/B,8758
2019-11-27,63,10:42:00,Wednesday,Oakwood Loop,Mechanical,10,20,S/B,1282
2019-11-27,120,11:00:00,Wednesday,Keele and Wilson,Mechanical,24,48,S/B,3572
2019-11-27,7,11:12:00,Wednesday,Greenwin,Mechanical,8,16,S/B,8168
2019-11-27,94,11:24:00,Wednesday,HARBORD ST & BATHURST ST,Investigation,15,30,W/B,1260
2019-11-27,29,11:26:00,Wednesday,Dufferin / College,Mechanical,8,15,N/B,9045
2019-11-27,501,11:38:00,Wednesday,Sheppard and Jane,Utilized Off Route,1,1,S/B,3204
2019-11-27,54,11:40:00,Wednesday,Lawrence RT,Utilized Off Route,9,18,W/B,8811
2019-11-27,600,11:40:00,Wednesday,Neptune / Bathurst,Utilized Off Route,0,0,,8340
2019-11-27,600,11:40:00,Wednesday,KIPLING STN,Utilized Off Route,1,1,E/B,3194
2019-11-27,54,11:41:00,Wednesday,Lawrence RT,Utilized Off Route,9,20,E/B,8747
2019-11-27,34,11:42:00,Wednesday,Wynford and Wynford,Utilized Off Route,12,24,E/B,8843
2019-11-27,939,11:45:00,Wednesday,FSTN,Utilized Off Route,9,18,E/B,3514
2019-11-27,34,11:45:00,Wednesday,Bayview and Eglinton,Utilized Off Route,12,24,E/B,8649
2019-11-27,935,11:45:00,Wednesday,Jane Stn,Utilized Off Route,9,19,N/B,3325
2019-11-27,60,11:50:00,Wednesday,Finch Station,Utilized Off Route,11,22,N/B,3252
2019-11-27,935,11:50:00,Wednesday,Jane Stn,Utilized Off Route,9,19,N/B,3306
2019-11-27,39,12:00:00,Wednesday,39 Finch Route-All Branch,General Delay,16,32,B/W,3444
2019-11-27,939,12:00:00,Wednesday,939 Finch Express-all Branch,General Delay,14,28,B/W,1332
2019-11-27,701,12:00:00,Wednesday,Wilson Garage,Utilized Off Route,0,0,,8177
2019-11-27,710,12:00:00,Wednesday,Eglinton Yard,Utilized Off Route,1,1,,8808
2019-11-27,44,12:05:00,Wednesday,Kipling Station,Utilized Off Route,6,13,S/B,8434
2019-11-27,706,12:07:00,Wednesday,Birchmount garage,Utilized Off Route,0,0,N/B,8472
2019-11-27,702,12:10:00,Wednesday,Kipling Station,Utilized Off Route,1,1,E/B,7972
2019-11-27,600,12:12:00,Wednesday,Jane Stn,Utilized Off Route,0,0,,3194
2019-11-27,701,12:14:00,Wednesday,Arrow Rd Garage,Utilized Off Route,0,0,E/B,3344
2019-11-27,36,12:17:00,Wednesday,Finch station,Mechanical,6,12,W/B,9135
2019-11-27,100,12:20:00,Wednesday,Broadview station,Utilized Off Route,7,13,N/B,8928
2019-11-27,29,12:22:00,Wednesday,Dufferin / Glancairn,Investigation,7,14,N/B,9012
2019-11-27,57,12:23:00,Wednesday,Kennedy Station,Mechanical,13,26,N/B,8872
2019-11-27,57,12:23:00,Wednesday,Kennedy Station,Utilized Off Route,13,26,N/B,8872
2019-11-27,700,12:25:00,Wednesday,Malvern Garage,Utilized Off Route,1,1,E/B,3463
2019-11-27,45,12:25:00,Wednesday,Kipling Station,Utilized Off Route,5,10,S/B,8614
2019-11-27,76,12:30:00,Wednesday,Lakeshore and Mimico,Utilized Off Route,10,20,N/B,8093
2019-11-27,600,12:30:00,Wednesday,Eglinton Yard,Utilized Off Route,1,1,,8891
2019-11-27,600,12:30:00,Wednesday,Eglinton Yard,Utilized Off Route,1,1,,8671
2019-11-27,108,12:32:00,Wednesday,Keele / Grandravine,Diversion,80,90,B/W,3192
2019-11-27,25,12:37:00,Wednesday,Pape Stn,Utilized Off Route,10,20,N/B,8797
2019-11-27,38,12:38:00,Wednesday,Scarborough College loop (U of T),Utilized Off Route,12,24,W/B,1650
2019-11-27,16,12:40:00,Wednesday,danfortth  and Birchmount,Diversion,46,62,,
2019-11-27,32,12:40:00,Wednesday,Pine and Lawrence,Mechanical,9,18,E/B,1012
2019-11-27,600,12:41:00,Wednesday,Arrow Garage,Utilized Off Route,0,0,,3172
2019-11-27,89,12:48:00,Wednesday,KEELE STN,Utilized Off Route,11,22,N/B,1618
2019-11-27,7,12:49:00,Wednesday,Bathurst stn,Utilized Off Route,8,16,N/B,1280
2019-11-27,53,12:55:00,Wednesday,Steeles / Victoria Park,Utilized Off Route,5,11,W/B,1386
2019-11-27,102,12:55:00,Wednesday,Warden STN,Utilized Off Route,10,30,E/B,8583
2019-11-27,600,13:00:00,Wednesday,Arrow Garage,Utilized Off Route,1,1,W/B,3174
2019-11-27,929,13:00:00,Wednesday,Exhibition loop,Utilized Off Route,10,20,N/B,9020
2019-11-27,600,13:00:00,Wednesday,Arrow Garage,Utilized Off Route,1,1,W/B,3293
2019-11-27,53,13:00:00,Wednesday,Steeles / Leslie,Mechanical,5,11,E/B,3527
2019-11-27,53,13:04:00,Wednesday,Steeles / Victoria Park,Utilized Off Route,5,11,W/B,3424
2019-11-27,52,13:07:00,Wednesday,Lawrence Station,Utilized Off Route,14,28,W/B,1304
2019-11-27,52,13:08:00,Wednesday,Lawrence Station,Utilized Off Route,14,28,W/B,8178
2019-11-27,29,13:08:00,Wednesday,Exhibition loop,Mechanical,8,16,N/B,9012
2019-11-27,111,13:10:00,Wednesday,Eglinton/Martin Grove,Utilized Off Route,15,30,N/B,8060
2019-11-27,41,13:14:00,Wednesday,Keele stn,Utilized Off Route,12,24,N/B,9148
2019-11-27,36,13:15:00,Wednesday,Finch stn,Utilized Off Route,5,10,E/B,3338
2019-11-27,29,13:20:00,Wednesday,Wilson stn,Vision,8,16,S/B,9142
2019-11-27,927,13:23:00,Wednesday,Steels & Martin Grove,Mechanical,5,10,S/B,3193
2019-11-27,95,13:39:00,Wednesday,Kingston Cul De Sac,Mechanical,10,20,E/B,1534
2019-11-27,600,13:40:00,Wednesday,Finch west stn,Utilized Off Route,1,1,E/B,3567
2019-11-27,47,13:43:00,Wednesday,Caledonia & Eglinton,Mechanical,18,36,N/B,1025
2019-11-27,902,13:45:00,Wednesday,Warden STN,Mechanical,15,30,E/B,8406
2019-11-27,45,14:19:00,Wednesday,Kipling Station,Utilized Off Route,10,19,S/B,8059
2019-11-27,110,14:20:00,Wednesday,Islington stn,Mechanical,12,24,S/B,7968
2019-11-27,41,14:22:00,Wednesday,Keele / Eglinton,Investigation,12,24,N/B,9018
2019-11-27,135,14:24:00,Wednesday,Gerrard St/Main St,Investigation,20,40,W/B,8482
2019-11-27,36,14:30:00,Wednesday,Humberwood Loop,Mechanical,5,11,E/B,9131
2019-11-27,604,14:50:00,Wednesday,Arrow Equipment,Utilized Off Route,1,1,SB,3302
2019-11-27,24,14:50:00,Wednesday,Victoria Park and Sheppard,Investigation,10,20,N/B,9224
2019-11-27,66,14:55:00,Wednesday,Old Mill stn,Late Leaving Garage - Mechanical,9,27,S/B,8040
2019-11-27,604,15:00:00,Wednesday,Arrow Equipment,Utilized Off Route,1,1,SB,3523
2019-11-27,935,15:00:00,Wednesday,Jane Station to Pioneer Village Station,General Delay,25,35,B/W,
2019-11-27,52,15:00:00,Wednesday,Lawrence West Station,General Delay,13,26,BW,8384
2019-11-27,600,15:00:00,Wednesday,Arrow Garage,Utilized Off Route,1,1,W/B,3232
2019-11-27,604,15:00:00,Wednesday,Arrow Equipment,Utilized Off Route,1,1,SB,3333
2019-11-27,35,15:00:00,Wednesday,Jane Station to Pioneer Village Station,General Delay,25,35,B/W,
2019-11-27,176,15:08:00,Wednesday,New Castle and Windsor,Late Leaving Garage - Mechanical,30,30,E/B,8437
2019-11-27,35,15:11:00,Wednesday,Pioneer Village Station,Late Leaving Garage - Mechanical,10,20,S/B,3214
2019-11-27,66,15:13:00,Wednesday,Old Mill stn,Late Leaving Garage - Mechanical,9,18,S/B,8435
2019-11-27,9,15:17:00,Wednesday,Bellamy Rd/East Park Ave,Mechanical,18,38,S/B,9211
2019-11-27,11,15:23:00,Wednesday,Sunnybrook Hospital,Late Leaving Garage - Mechanical,12,24,S/B,8132
2019-11-27,112,15:24:00,Wednesday,Queensway Garage,Utilized Off Route,16,32,E/B,8610
2019-11-27,113,15:26:00,Wednesday,main stn,Late Leaving Garage - Mechanical,7,14,,
2019-11-27,900,15:30:00,Wednesday,Highway 427 & Eglinton,General Delay,26,35,B/W,
2019-11-27,133,15:30:00,Wednesday,Scarborough Town Center to Morningside/Finch,General Delay,9,13,B/W,
2019-11-27,132,15:30:00,Wednesday,Scarborough Town Center to Hupfield/Sewells,General Delay,9,22,B/W,
2019-11-27,600,15:38:00,Wednesday,Wilson garage,Utilized Off Route,1,1,S/B,8159
2019-11-27,86,15:58:00,Wednesday,Kennedy Station,Utilized Off Route,10,20,E/B,8786
2019-11-27,935,15:59:00,Wednesday,Jane & Wilson,Emergency Services,9,18,S/B,3216
2019-11-27,952,16:00:00,Wednesday,Lawrence West Station,General Delay,12,24,BW,8349
2019-11-27,134,16:00:00,Wednesday,Scarborough Town Center to Finchdene Square,General Delay,9,27,B/W,
2019-11-27,130,16:00:00,Wednesday,Scarborough Town Center to Middlefield/Steeles,General Delay,11,27,B/W,
2019-11-27,36,16:06:00,Wednesday,Kipling,Investigation,6,12,W/B,9134
2019-11-27,124,16:15:00,Wednesday,Sunnybrook Hospital,Investigation,10,20,N/B,8197
2019-11-27,23,16:26:00,Wednesday,DAWES / Main Station,Mechanical,7,14,N/B,8477
2019-11-27,111,16:35:00,Wednesday,Widdicomb and Richgrove,Mechanical,10,20,S/B,7973
2019-11-27,43,16:40:00,Wednesday,Kennedy & Cardell,Investigation,1,1,N/B,8746
2019-11-27,72,16:40:00,Wednesday,Pape Station,Investigation,10,19,S/B,9208
2019-11-27,111,16:41:00,Wednesday,Kipling Station,Mechanical,10,20,W/B,8450
2019-11-27,25,16:52:00,Wednesday,Pape Station,Investigation,6,12,N/B,8710
2019-11-27,129,17:00:00,Wednesday,Scarborough Town Center to Major Mackenzie,General Delay,13,30,B/W,
2019-11-27,95,17:00:00,Wednesday,Victoria park and Yorkmills,General Delay,5,10,E/B,
2019-11-27,160,17:01:00,Wednesday,Steeles,Investigation,15,30,N/B,1270
2019-11-27,935,17:15:00,Wednesday,Jane / Eglinton,Investigation,10,20,S/B,3626
2019-11-27,939,17:30:00,Wednesday,Warden and Finch,Mechanical,14,18,E/B,1232
2019-11-27,126,17:45:00,Wednesday,Christie and St. Clair Ave W,Diversion,45,57,NB,1605
2019-11-27,36,17:49:00,Wednesday,Finch west station,Mechanical,6,12,E/B,9126
2019-11-27,95,17:59:00,Wednesday,york milss and victoria park,Diversion,35,40,,
2019-11-27,116,18:00:00,Wednesday,Kennedy Station,Utilized Off Route,6,12,N/B,8744
2019-11-27,87,18:21:00,Wednesday,Main Station,Investigation,6,13,W/B,8402
2019-11-27,35,18:30:00,Wednesday,Pioneer Village stn,Utilized Off Route,1,1,S/B,3238
2019-11-27,21,18:46:00,Wednesday,Brimley and Citadel,Investigation,11,11,S/B,3408
2019-11-27,68,18:47:00,Wednesday,Warden and Ellesmere,Mechanical,6,14,S/B,8902
2019-11-27,68,18:57:00,Wednesday,Warden and Bridletown Circle South.,Mechanical,3,11,S/B,8884
2019-11-27,40,19:06:00,Wednesday,Dundas West Station,Mechanical,25,50,N/B,8044
2019-11-27,102,19:12:00,Wednesday,Centennial College Progress Campus,Utilized Off Route,20,48,S/B,3119
2019-11-27,124,19:12:00,Wednesday,Roe Loop,Mechanical,10,20,S/B,8183
2019-11-27,52,19:36:00,Wednesday,Lawrence West Station,Utilized Off Route,13,26,WB,8110
2019-11-27,36,19:42:00,Wednesday,Weston road,Investigation,6,12,W/B,9116
2019-11-27,102,19:54:00,Wednesday,St Clair & Andrew,Investigation,10,20,W/B,8590
2019-11-27,79,20:59:00,Wednesday,Pine and Lawrance,Mechanical,13,26,0,1089
2019-11-27,22,21:00:00,Wednesday,Gerrad St and Coxwell,General Delay,10,25,B/W,
2019-11-27,80,21:27:00,Wednesday,Keele Station,Emergency Services,30,60,W/B,7957
2019-11-27,81,21:30:00,Wednesday,Pape statio to Thorncliffe,General Delay,10,20,B/W,
2019-11-27,116,22:00:00,Wednesday,Morningside Lawrence,Investigation,10,20,E/B,8886
2019-11-27,97,23:16:00,Wednesday,Ranleigh,Diversion,15,79,B/W,
2019-11-28,36,01:00:00,Thursday,Finch station,Investigation,6,12,W/B,9117
2019-11-28,29,02:35:00,Thursday,Dufferin and Lawrence,Mechanical,20,20,N/B,9149
2019-11-28,51,02:53:00,Thursday,Steeles loop,Mechanical,3,7,S/B,8361
2019-11-28,168,03:30:00,Thursday,Dundas West Station,Late Leaving Garage - Mechanical,7,15,N/B,1039
2019-11-28,935,04:00:00,Thursday,Jane & Eglinton,General Delay,18,28,B/W,
2019-11-28,600,04:30:00,Thursday,EGGA,Utilized Off Route,1,1,O/B,8858
2019-11-28,710,04:30:00,Thursday,EGGA,Utilized Off Route,1,1,O/B,8793
2019-11-28,600,04:30:00,Thursday,EGGA,Utilized Off Route,1,1,O/B,8891
2019-11-28,600,04:30:00,Thursday,EGGA,Utilized Off Route,1,1,O/B,8633
2019-11-28,600,04:30:00,Thursday,Eglinton Division,Mechanical,0,0,,8858
2019-11-28,25,04:40:00,Thursday,Eglinton Division,Mechanical,0,0,,8667
2019-11-28,87,05:00:00,Thursday,DANFORTH & WARDEN,Mechanical,6,12,W/B,8554
2019-11-28,17,05:17:00,Thursday,Warden STN,Utilized Off Route,11,20,N/B,3149
2019-11-28,107,05:18:00,Thursday,Arrow garage POD Wilson stn,Late Leaving Garage - Operator,6,,B/W,3326
2019-11-28,945,05:29:00,Thursday,Queensway Garage,Utilized Off Route,6,12,E/B,8442
2019-11-28,43,05:33:00,Thursday,Eglinton Division,Mechanical,0,0,,8901
2019-11-28,116,05:39:00,Thursday,Kennedy STN,Utilized Off Route,3,7,E/B,8889
2019-11-28,116,05:40:00,Thursday,Kennedy STN,Utilized Off Route,5,6,E/B,8635
2019-11-28,85,05:40:00,Thursday,Malvern Gates,Late Leaving Garage - Vision,23,46,W/B,3485
2019-11-28,32,05:41:00,Thursday,Mt Dennis  garage POD Eglinton and Renforth,Late Leaving Garage - Mechanical,10,17,B/W,1010
2019-11-28,116,05:45:00,Thursday,Kingston rd and Eglinton Ave,Utilized Off Route,12,15,W/B,8666
2019-11-28,79,05:46:00,Thursday,Pine and Lawrence,Late Leaving Garage - Operator,10,22,S/B,1140
2019-11-28,25,05:48:00,Thursday,Eglinton division,Mechanical,0,0,,8656
2019-11-28,25,05:50:00,Thursday,Pape Stn,Utilized Off Route,6,12,N/B,8711
2019-11-28,95,05:52:00,Thursday,Kingston Cul De Sac,Utilized Off Route,8,16,W/B,3400
2019-11-28,52,05:53:00,Thursday,Lawrence West Station,Mechanical,16,32,W/B,8183
2019-11-28,900,05:53:00,Thursday,KIPLING STN,Late Leaving Garage - Operator,10,20,E/B,8001
2019-11-28,67,05:56:00,Thursday,Eglinton Division,Mechanical,0,0,,8702
2019-11-28,64,06:00:00,Thursday,main stn,Late Leaving Garage - Operator,8,16,,
2019-11-28,37,06:00:00,Thursday,Islington Station to Steeles and Humberwood Loop,General Delay,20,40,B/W,
2019-11-28,116,06:00:00,Thursday,Kennedy STN,Utilized Off Route,5,6,E/B,8624
2019-11-28,110,06:00:00,Thursday,Islington Station to Lakeshore and Long Branch Loop,General Delay,15,30,B/W,
2019-11-28,37,06:02:00,Thursday,Islinton Station,Utilized Off Route,23,43,N/B,8420
2019-11-28,945,06:03:00,Thursday,Queensway Garage,Utilized Off Route,6,13,E/B,8018
2019-11-28,68,06:05:00,Thursday,Eglinton division,Mechanical,0,0,,8882
2019-11-28,104,06:06:00,Thursday,Wilson Station,Late Leaving Garage - Mechanical,16,32,N/B,1271
2019-11-28,86,06:07:00,Thursday,Kennedy Station,Utilized Off Route,14,28,E/B,8761
2019-11-28,25,06:07:00,Thursday,Eglinton Division,Mechanical,0,0,,8734
2019-11-28,54,06:10:00,Thursday,Lawrence RT,Utilized Off Route,9,18,W/B,8925
2019-11-28,16,06:10:00,Thursday,Warden STN,Utilized Off Route,10,20,E/B,8944
2019-11-28,986,06:10:00,Thursday,Eglinton Division,Mechanical,0,0,,8662
2019-11-28,116,06:10:00,Thursday,Eglinton Division,Mechanical,0,0,,8700
2019-11-28,95,06:14:00,Thursday,Ellesmere RT,Utilized Off Route,8,16,W/B,3468
2019-11-28,60,06:14:00,Thursday,Signet and Steeles,Late Leaving Garage - Mechanical,7,14,E/B,3579
2019-11-28,86,06:15:00,Thursday,Eglinton Ave. E / Kingston rd.,Emergency Services,18,42,W/B,8751
2019-11-28,117,06:20:00,Thursday,Sheppard West Station,Mechanical,10,20,N/B,1399
2019-11-28,48,06:23:00,Thursday,Royal York Stn,Mechanical,12,23,E/B,8441
2019-11-28,91,06:24:00,Thursday,Woodbine stn,Mechanical,12,24,N/B,3108
2019-11-28,17,06:25:00,Thursday,Birchmount and St.Clair,Utilized Off Route,7,14,N/B,9234
2019-11-28,95,06:25:00,Thursday,York Mills Station,Utilized Off Route,6,18,E/B,1661
2019-11-28,47,06:26:00,Thursday,Queen and Lansdowne,Utilized Off Route,4,9,N/B,1127
2019-11-28,925,06:27:00,Thursday,Peanut Plaza/Don Mills,Mechanical,10,20,S/B,8908
2019-11-28,85,06:30:00,Thursday,Don Mills Station,Diversion,15,30,E/B,3484
2019-11-28,935,06:30:00,Thursday,Arrow Division,Utilized Off Route,10,10,S/B,3562
2019-11-28,60,06:32:00,Thursday,Finch Station,Utilized Off Route,8,16,W/B,3572
2019-11-28,937,06:32:00,Thursday,"On Islington, at Finch",Investigation,12,24,S/B,7978
2019-11-28,37,06:32:00,Thursday,"On Islington, at Finch",Diversion,613,627,B/W,
2019-11-28,60,06:33:00,Thursday,Pioneer Village Station,Mechanical,12,24,S/B,3550
2019-11-28,54,06:35:00,Thursday,Lawrence RT,Utilized Off Route,9,18,W/B,8712
2019-11-28,985,06:36:00,Thursday,Don Mills Station,Late Leaving Garage - Mechanical,6,12,E/B,1657
2019-11-28,81,06:39:00,Thursday,Pape and Cosburn,Utilized Off Route,6,11,N/B,9221
2019-11-28,42,06:44:00,Thursday,McNicoll and Victoria Park,Utilized Off Route,14,28,W/B,8329
2019-11-28,63,06:44:00,Thursday,Eglinton West Stn,Utilized Off Route,4,8,S/B,8314
2019-11-28,60,06:44:00,Thursday,Finch Station,Mechanical,4,8,W/B,3290
2019-11-28,52,06:49:00,Thursday,Lawrence and Keele,Investigation,15,30,W/B,1344
2019-11-28,47,06:50:00,Thursday,Queen and Lansdowne,Utilized Off Route,5,10,N/B,1130
2019-11-28,85,06:54:00,Thursday,Don Mills Station,Diversion,15,30,W/B,3549
2019-11-28,54,06:56:00,Thursday,Lawrence RT,Utilized Off Route,9,18,W/B,8894
2019-11-28,168,07:00:00,Thursday,ENTIRE ROUTE,General Delay,6,25,B/W,
2019-11-28,17,07:00:00,Thursday,BRGA,Utilized Off Route,7,14,S/B,8587
2019-11-28,600,07:00:00,Thursday,EGGA,Utilized Off Route,1,1,O/B,8892
2019-11-28,600,07:00:00,Thursday,EGGA,Utilized Off Route,1,1,O/B,8746
2019-11-28,168,07:00:00,Thursday,DAVENPORT AND SYMINGTON,Diversion,1,1,B/W,
2019-11-28,600,07:00:00,Thursday,EGGA,Utilized Off Route,1,1,O/B,8786
2019-11-28,952,07:09:00,Thursday,Lawrence Station,Late Leaving Garage - Management,11,22,W/B,8153
2019-11-28,7,07:11:00,Thursday,Bathurst and Wilson,Utilized Off Route,4,8,S/B,8390
2019-11-28,127,07:15:00,Thursday,Old Weston/Davenport,Diversion,1,1,B/W,
2019-11-28,26,07:18:00,Thursday,St.George Stn,Late Leaving Garage - Vision,14,28,W/B,1410
2019-11-28,124,07:19:00,Thursday,Wilson Garage,Late Leaving Garage - Mechanical,1,1,,8324
2019-11-28,90,07:26:00,Thursday,St Clair west stn,Investigation,5,10,W/B,1243
2019-11-28,927,07:27:00,Thursday,HUMBERLINE AND HUMBER COLLEGE,Investigation,7,14,S/B,3350
2019-11-28,996,07:30:00,Thursday,Route 996,General Delay,14,24,B/W,
2019-11-28,36,07:30:00,Thursday,Finch stn,Utilized Off Route,5,10,W/B,3237
2019-11-28,29,07:51:00,Thursday,Dufferin and Yorkdale,Mechanical,8,15,S/B,9104
2019-11-28,985,08:06:00,Thursday,Don Mills Station,Diversion,12,24,E/B,9075
2019-11-28,25,08:07:00,Thursday,Donway N and Don Mills,Mechanical,6,12,N/B,8667
2019-11-28,110,08:07:00,Thursday,Long Branch Loop,Mechanical,24,48,N/B,8418
2019-11-28,6,08:20:00,Thursday,BAY & WELLESLEY,Mechanical,5,10,S/B,3733
2019-11-28,6,08:40:00,Thursday,HAGERMAN ST & BAY ST,Investigation,5,10,N/B,3728
2019-11-28,935,09:00:00,Thursday,Jane Stn,Investigation,9,17,N/B,3192
2019-11-28,95,09:10:00,Thursday,Ellesmere RT,Utilized Off Route,8,16,W/B,1312
2019-11-28,165,09:57:00,Thursday,Wilson/Northgate,Mechanical,10,20,E/B,3590
2019-11-28,25,10:03:00,Thursday,Don Mills and Lawrence,Mechanical,10,20,N/B,8906
2019-11-28,129,10:15:00,Thursday,Scarborough Town Center,Mechanical,11,22,N/B,1396
2019-11-28,54,10:18:00,Thursday,Lawrence RT,Mechanical,12,24,E/B,8710
2019-11-28,720,10:30:00,Thursday,Eglinton Garage,Utilized Off Route,0,0,W/B,8869
2019-11-28,24,10:39:00,Thursday,steeles and  Victoria park,Vision,10,20,,9216
2019-11-28,900,10:53:00,Thursday,KIPLING STN,Mechanical,9,18,E/B,8008
2019-11-28,73,10:54:00,Thursday,Royal York Station,Mechanical,17,34,N/B,8089
2019-11-28,89,11:05:00,Thursday,WESTON AND 401,Mechanical,11,22,S/B,1101
2019-11-28,32,11:21:00,Thursday,Lawrence & Pine,Mechanical,9,22,E/B,1099
2019-11-28,39,12:00:00,Thursday,39 Finch Route-All Branch,General Delay,16,32,B/W,3544
2019-11-28,710,12:00:00,Thursday,Eglinton Yard,Utilized Off Route,1,1,,8818
2019-11-28,939,12:00:00,Thursday,939 Finch Express-All Branch,General Delay,14,28,B/W,1207
2019-11-28,706,12:00:00,Thursday,Birchmount Yard,Utilized Off Route,1,1,,8557
2019-11-28,25,12:11:00,Thursday,Pape Stn,Mechanical,10,20,N/B,8629
2019-11-28,12,12:19:00,Thursday,Brimley/ St Clair,Investigation,15,30,W/B,8951
2019-11-28,73,12:20:00,Thursday,Royal York stn,Mechanical,17,34,N/B,8412
2019-11-28,600,12:30:00,Thursday,Birchmount Yard,Utilized Off Route,1,1,,9228
2019-11-28,600,12:30:00,Thursday,Birchmount Yard,Utilized Off Route,1,1,,8561
2019-11-28,600,12:30:00,Thursday,Eglinton Yard,Utilized Off Route,1,1,,8893
2019-11-28,600,12:30:00,Thursday,Eglinton Yard,Utilized Off Route,1,1,,8853
2019-11-28,100,12:39:00,Thursday,Broadview Station,Investigation,6,13,N/B,8646
2019-11-28,73,12:40:00,Thursday,Albion and Clairport,Utilized Off Route,17,34,S/B,8005
2019-11-28,24,12:44:00,Thursday,Vic Prk Stn,Utilized Off Route,25,50,N/B,8468
2019-11-28,29,12:45:00,Thursday,Queen st,Investigation,8,16,S/B,9141
2019-11-28,84,12:48:00,Thursday,Sheppard and Magellan,Investigation,8,16,W/B,3642
2019-11-28,86,12:50:00,Thursday,Kennedy Station,Utilized Off Route,10,20,E/B,8649
2019-11-28,600,13:00:00,Thursday,Long Branch,Utilized Off Route,1,1,,3221
2019-11-28,600,13:00:00,Thursday,Long Branch,Utilized Off Route,1,1,,3249
2019-11-28,32,13:07:00,Thursday,WB on Egliton at Russel Road,Mechanical,10,20,W/B,1031
2019-11-28,102,13:09:00,Thursday,Markham & Finch,Investigation,11,22,N/B,8566
2019-11-28,45,13:20:00,Thursday,Kipling Station,Utilized Off Route,10,20,S/B,8037
2019-11-28,25,13:35:00,Thursday,Pape Station,Mechanical,10,20,bn,8876
2019-11-28,53,13:52:00,Thursday,Steeles / Warden,Investigation,7,12,W/B,1534
2019-11-28,52,14:00:00,Thursday,Lawrence Station to Westwood Mall,General Delay,29,43,B/W,
2019-11-28,54,14:00:00,Thursday,On route,General Delay,25,25,B/W,
2019-11-28,73,14:00:00,Thursday,Entire Route,General Delay,25,35,B/W,
2019-11-28,939,14:00:00,Thursday,Finch Station,Utilized Off Route,9,18,W/B,1209
2019-11-28,123,14:01:00,Thursday,Queensway Garage,Utilized Off Route,5,16,E/B,7956
2019-11-28,84,14:01:00,Thursday,Finch and Oakdale,Utilized Off Route,30,60,E/B,3272
2019-11-28,54,14:10:00,Thursday,Lawrence Ave. E. at Starspray Blvd.,Late Leaving Garage - Operator,10,20,W/B,8691
2019-11-28,110,14:20:00,Thursday,Islington and Meadowvale,Emergency Services,12,23,S/B,8604
2019-11-28,43,14:24:00,Thursday,Kennedy Station,Utilized Off Route,10,20,N/B,8938
2019-11-28,41,14:24:00,Thursday,Keele stn,Utilized Off Route,12,24,N/B,9100
2019-11-28,63,14:25:00,Thursday,King/Atlantic,Utilized Off Route,4,8,S/B,8335
2019-11-28,25,14:27:00,Thursday,Pape Station,Utilized Off Route,10,20,N/B,8895
2019-11-28,57,14:31:00,Thursday,Kennedy Station,Utilized Off Route,8,16,N/B,8748
2019-11-28,95,14:32:00,Thursday,Markham and Ellesmere,Mechanical,20,40,W/B,1323
2019-11-28,954,14:35:00,Thursday,Lawrence Ave. E. and Starspray Blvd,Late Leaving Garage - Operator,10,20,W/B,8940
2019-11-28,34,14:36:00,Thursday,Eglinton Yard,Mechanical,0,0,OB,8823
2019-11-28,76,14:40:00,Thursday,Lakeshore and Mimico,Utilized Off Route,10,20,N/B,8027
2019-11-28,100,14:41:00,Thursday,Broadview station,Utilized Off Route,6,13,N/B,8682
2019-11-28,11,14:43:00,Thursday,Bayview Ave and Forest Height Blvd,Utilized Off Route,13,26,N/B,1365
2019-11-28,60,14:51:00,Thursday,Finch station,Utilized Off Route,10,20,W/B,3264
2019-11-28,57,14:51:00,Thursday,Eglinton Yard,Mechanical,0,0,OB,8812
2019-11-28,53,14:54:00,Thursday,Brebeuf College trip,Utilized Off Route,4,9,W/B,3411
2019-11-28,7,14:55:00,Thursday,Wilson garage,Late Leaving Garage - Mechanical,7,14,S/B,8314
2019-11-28,954,14:56:00,Thursday,Eglinton Yard,Mechanical,0,0,OB,8885
2019-11-28,34,14:56:00,Thursday,Eglinton Station,Late Leaving Garage - Mechanical,6,14,E/B,8823
2019-11-28,44,14:56:00,Thursday,Queensway Div.,Utilized Off Route,4,12,E/B,8073
2019-11-28,53,14:58:00,Thursday,Brebeuf College,Utilized Off Route,4,8,W/B,3488
2019-11-28,600,15:00:00,Thursday,Long Branch,Utilized Off Route,1,1,,3238
2019-11-28,996,15:00:00,Thursday,Humber College,Utilized Off Route,12,24,E/B,3189
2019-11-28,76,15:00:00,Thursday,Entire Route,General Delay,15,20,B/W,
2019-11-28,600,15:00:00,Thursday,Long Branch,Utilized Off Route,1,1,,3635
2019-11-28,600,15:00:00,Thursday,Long Branch,Utilized Off Route,1,1,,3283
2019-11-28,600,15:00:00,Thursday,Long Branch,Utilized Off Route,1,1,,3547
2019-11-28,600,15:00:00,Thursday,Long Branch,Utilized Off Route,1,1,,3174
2019-11-28,600,15:00:00,Thursday,Long Branch,Utilized Off Route,1,1,,3352
2019-11-28,105,15:03:00,Thursday,Sheppard west station,Mechanical,12,24,N/B,8186
2019-11-28,54,15:04:00,Thursday,Lawrence S.R.T. Station,Utilized Off Route,10,20,E/B,8936
2019-11-28,95,15:06:00,Thursday,York Mills Collegiate,Utilized Off Route,10,20,E/B,3548
2019-11-28,17,15:09:00,Thursday,Warden STN,Utilized Off Route,1,1,N/B,8572
2019-11-28,95,15:11:00,Thursday,York Mills Stn,Utilized Off Route,7,14,E/B,3481
2019-11-28,60,15:14:00,Thursday,Finch Station,Utilized Off Route,10,20,W/B,3289
2019-11-28,165,15:15:00,Thursday,Finch/Weston,Mechanical,6,12,N/B,3237
2019-11-28,144,15:16:00,Thursday,Eglinton Yard,Mechanical,0,0,OB,8862
2019-11-28,602,15:17:00,Thursday,Finch Station,Late Leaving Garage - Vision,10,20,W/B,3183
2019-11-28,952,15:17:00,Thursday,Terminal 3,Late Leaving Garage - Operator,12,24,E/B,8130
2019-11-28,123,15:18:00,Thursday,Queensway Div.,Utilized Off Route,16,32,E/B,7964
2019-11-28,116,15:19:00,Thursday,Eglinton Yard,Mechanical,0,0,OB,8625
2019-11-28,116,15:24:00,Thursday,Kennedy Station,Utilized Off Route,10,20,E/B,8788
2019-11-28,989,15:24:00,Thursday,Kipling Station,Utilized Off Route,14,27,N/B,1075
2019-11-28,25,15:26:00,Thursday,Eglinton Yard,Mechanical,0,0,OB,8909
2019-11-28,76,15:30:00,Thursday,Royal York stn,Mechanical,6,11,S/B,7912
2019-11-28,45,15:31:00,Thursday,Queensway Garage,Utilized Off Route,14,28,E/B,7958
2019-11-28,989,15:36:00,Thursday,Signet & Steeles,Utilized Off Route,14,27,S/B,1281
2019-11-28,96,15:38:00,Thursday,York Mills station,Investigation,25,50,E/B,3232
2019-11-28,34,15:41:00,Thursday,Eglinton Station,Late Leaving Garage - Operator,7,13,E/B,
2019-11-28,34,15:48:00,Thursday,Eglinton Station,Utilized Off Route,6,13,E/B,8764
2019-11-28,902,15:50:00,Thursday,Warden STN,Utilized Off Route,10,20,E/B,8504
2019-11-28,989,15:55:00,Thursday,Weston & Dundas,Investigation,13,27,S/B,1203
2019-11-28,34,16:00:00,Thursday,Eglinton Station to Kennedy Station,General Delay,20,35,B/W,
2019-11-28,22,16:00:00,Thursday,Coxwell and Gerrard,General Delay,1,1,B/W,8533
2019-11-28,80,16:00:00,Thursday,Keele Station - Sherway Gardens,General Delay,20,50,BW,
2019-11-28,43,16:00:00,Thursday,Lawerence - Ellesmere,General Delay,15,30,N/B,8918
2019-11-28,35,16:00:00,Thursday,Jane & Eglinton,General Delay,31,36,B/W,
2019-11-28,102,16:02:00,Thursday,Markham Rd/Eglinton Ave E,Emergency Services,22,44,N/B,8517
2019-11-28,52,16:12:00,Thursday,Lawrence Station,Late Leaving Garage - Mechanical,22,44,WB,8358
2019-11-28,73,16:15:00,Thursday,Weston and Oak,Utilized Off Route,12,24,S/B,8038
2019-11-28,63,16:23:00,Thursday,Davenport & Ossington,Investigation,9,19,S/B,8349
2019-11-28,935,16:23:00,Thursday,Jane Station,Utilized Off Route,10,20,S/B,3252
2019-11-28,7,16:24:00,Thursday,Bathurst stn,Diversion,8,16,S/B,8389
2019-11-28,52,16:25:00,Thursday,Lawrence station,Utilized Off Route,13,26,WB,8326
2019-11-28,7,16:26:00,Thursday,bathurst stn,Diversion,8,16,S/B,8314
2019-11-28,110,16:30:00,Thursday,Islington stn,Utilized Off Route,12,24,S/B,8421
2019-11-28,989,16:30:00,Thursday,Keele Station - Signet,General Delay,15,29,BW,
2019-11-28,34,16:35:00,Thursday,Eglinton Ave East at Bayview Ave,Utilized Off Route,13,25,E/B,8877
2019-11-28,116,16:35:00,Thursday,Kennedy Station,Utilized Off Route,25,50,N/B,8923
2019-11-28,945,16:40:00,Thursday,Kipling Station,Utilized Off Route,11,22,N/B,8447
2019-11-28,53,16:40:00,Thursday,Bayview and Steeles,Mechanical,10,20,W/B,3445
2019-11-28,985,16:42:00,Thursday,Sheppard and Warden,Utilized Off Route,10,20,E/B,3524
2019-11-28,54,16:45:00,Thursday,Lawrence Ave. E. at Victoria Park,Utilized Off Route,10,20,E/B,8852
2019-11-28,65,16:54:00,Thursday,Castle Frank Station,Mechanical,11,22,W/B,8465
2019-11-28,53,16:55:00,Thursday,Kennedy,Mechanical,6,10,W/B,3417
2019-11-28,7,16:56:00,Thursday,Bathurst / Elmridge,Investigation,7,14,S/B,8217
2019-11-28,25,16:57:00,Thursday,Pape Station,Utilized Off Route,6,12,N/B,8807
2019-11-28,12,17:00:00,Thursday,KINGSTON / Victoria Park Station,Mechanical,20,40,E/B,8499
2019-11-28,939,17:00:00,Thursday,Nightstar and Morningside,Utilized Off Route,12,24,W/B,1207
2019-11-28,34,17:05:00,Thursday,Eglinton Ave East at Mt Pleasant,Investigation,13,26,W/B,8713
2019-11-28,43,17:05:00,Thursday,Kennedy & Forbes,Investigation,15,30,N/B,8744
2019-11-28,945,17:15:00,Thursday,Kipling and Albion,Mechanical,8,16,N/B,8033
2019-11-28,36,17:20:00,Thursday,Finch Station,Utilized Off Route,5,10,W/B,9126
2019-11-28,34,17:27:00,Thursday,Linkwood Lane at Windy Golfway,Investigation,13,26,N/B,8828
2019-11-28,952,17:28:00,Thursday,Terminal 3,Utilized Off Route,12,24,EB,8130
2019-11-28,996,17:30:00,Thursday,Wilson Stn,Mechanical,11,22,E/B,3187
2019-11-28,925,17:40:00,Thursday,Don Mills and Lawrence,Mechanical,9,18,S/B,8836
2019-11-28,168,17:48:00,Thursday,Avon Loop,Utilized Off Route,7,15,S/B,1011
2019-11-28,97,17:50:00,Thursday,Davisville Station,Mechanical,30,60,N/B,8352
2019-11-28,984,17:56:00,Thursday,Sheppard Yonge Station,Mechanical,9,18,WB,3576
2019-11-28,89,18:00:00,Thursday,Keeles Station - Albion Loop,General Delay,15,25,BW,
2019-11-28,96,18:00:00,Thursday,Jane & Wilson,Utilized Off Route,25,50,E/B,3232
2019-11-28,95,18:00:00,Thursday,Ellesmere RT station,Utilized Off Route,10,20,W/B,3531
2019-11-28,96,18:06:00,Thursday,Wilson & Wendell,Emergency Services,25,50,E/B,3212
2019-11-28,29,18:14:00,Thursday,Princess gate,Mechanical,8,16,N/B,9010
2019-11-28,63,18:20:00,Thursday,Ossington station,Mechanical,10,14,S/B,8170
2019-11-28,22,18:26:00,Thursday,Danforth and Woodbime,Investigation,10,20,W/B,3125
2019-11-28,102,18:51:00,Thursday,St. Clair Ave E/Brimley Rd,Investigation,22,44,E/B,8564
2019-11-28,38,18:57:00,Thursday,McCowan Rd/Ellesmere Rd,Mechanical,13,26,W/B,1660
2019-11-28,29,19:05:00,Thursday,Exhibition loop,Mechanical,8,16,N/B,9024
2019-11-28,11,19:58:00,Thursday,Davisville Station,Mechanical,28,44,N/B,8209
2019-11-28,94,20:00:00,Thursday,Ossington station to Castle frank station,General Delay,10,25,B/W,
2019-11-28,929,20:10:00,Thursday,Dufferin & Rogers Rd,Investigation,10,20,N/B,9022
2019-11-28,24,20:42:00,Thursday,VICTORIA PARK / Victoria Park Station,Mechanical,10,20,N/B,8408
2019-11-28,39,20:43:00,Thursday,Sewells and Littles,Mechanical,17,34,W/B,1338
2019-11-28,73,20:54:00,Thursday,LaRose and Scarlett,Mechanical,17,34,S/B,8424
2019-11-28,22,21:00:00,Thursday,Coxwell station to Bingam loop,General Delay,12,22,B/W,
2019-11-28,16,21:05:00,Thursday,Warden Station,Investigation,12,24,N/B,8948
2019-11-28,32,21:09:00,Thursday,Eglinton West station,Mechanical,10,20,E/B,1058
2019-11-28,76,21:20:00,Thursday,Royal York Station,Utilized Off Route,10,20,S/B,8059
2019-11-28,24,21:22:00,Thursday,VICTORIA PARK / Victoria Park Station,Utilized Off Route,10,20,N/B,8500
2019-11-28,12,21:22:00,Thursday,KINGSTON / Victoria Park Station,Utilized Off Route,20,40,E/B,3120
2019-11-28,54,21:24:00,Thursday,Lawrence East RT,Utilized Off Route,19,38,WB,8745
2019-11-28,57,21:27:00,Thursday,Kennedy Station,Utilized Off Route,14,28,N/B,8689
2019-11-28,68,21:30:00,Thursday,Warden & Arkona Dr,Diversion,12,24,S/B,8708
2019-11-28,939,21:43:00,Thursday,Finch and Kennedy,Investigation,13,26,E/B,1318
2019-11-28,79,21:55:00,Thursday,Lawrence / Jane,Mechanical,13,26,S/B,1059
2019-11-28,165,22:24:00,Thursday,Barmac at Steeles,Investigation,10,20,S/B,3306
2019-11-28,72,22:43:00,Thursday,Front and Yonge,Investigation,10,20,E/B,8477
2019-11-28,102,23:28:00,Thursday,Warden Station,Mechanical,11,22,N/B,8524
2019-11-29,168,01:15:00,Friday,Avon Loop,Mechanical,18,36,S/B,3015
2019-11-29,112,01:15:00,Friday,Kipling Station,Emergency Services,10,20,W/B,8092
2019-11-29,320,01:23:00,Friday,Yonge and Eglinton,Mechanical,1,5,S/B,1359
2019-11-29,11,02:28:00,Friday,Morningside and Sheppard,Investigation,10,20,N/B,8728
2019-11-29,54,04:37:00,Friday,Eglinton Division,Mechanical,0,0,,8901
2019-11-29,100,04:51:00,Friday,Eglinton Division,Mechanical,0,0,,8636
2019-11-29,54,05:03:00,Friday,Eglinton Division,Mechanical,0,0,,8773
2019-11-29,100,05:06:00,Friday,Eglinton Division,Mechanical,0,0,,8680
2019-11-29,116,05:10:00,Friday,Eglinton Division,Mechanical,0,0,,8693
2019-11-29,36,05:10:00,Friday,HWLP,Late Leaving Garage - Operator,10,20,E/B,9124
2019-11-29,710,05:20:00,Friday,Warden Station,Utilized Off Route,0,0,W/B,8647
2019-11-29,76,05:24:00,Friday,Royal York Station,Mechanical,14,28,N/B,7915
2019-11-29,34,05:25:00,Friday,Eglinton Division,Mechanical,0,0,,8856
2019-11-29,89,05:25:00,Friday,KEELE STN,Late Leaving Garage - Vision,10,20,N/B,1119
2019-11-29,95,05:29:00,Friday,Ellesmere Col-De-Sac (Kingston),Late Leaving Garage - Mechanical,7,14,WB,1679
2019-11-29,46,05:29:00,Friday,KIPLING STN,Late Leaving Garage - Management,15,30,N/B,3576
2019-11-29,116,05:34:00,Friday,Eglinton Division,Mechanical,0,0,,8928
2019-11-29,54,05:39:00,Friday,Eglinton Division,Mechanical,0,0,,8892
2019-11-29,54,05:40:00,Friday,Eglinton Division,Mechanical,0,0,,8867
2019-11-29,133,05:52:00,Friday,Morningside and Finch,Late Leaving Garage - Operator,11,22,W/B,3538
2019-11-29,132,05:55:00,Friday,Sewells and Brenyon Way,Late Leaving Garage - Operator,12,24,W/B,1303
2019-11-29,86,06:02:00,Friday,Kennedy Station,Late Leaving Garage - Operator,5,10,E/B,8751
2019-11-29,101,06:10:00,Friday,Sheppard West Station,Late Leaving Garage - Vision,10,20,S/B,3292
2019-11-29,116,06:10:00,Friday,Eglinton Division,Mechanical,0,0,,8816
2019-11-29,60,06:20:00,Friday,Finch Station,Mechanical,4,8,W/B,3496
2019-11-29,100,06:21:00,Friday,Eglinton Division,Mechanical,0,0,,8855
2019-11-29,939,06:21:00,Friday,STC,Utilized Off Route,7,15,W/B,3403
2019-11-29,9,06:21:00,Friday,Bellamy and Brimorton,Emergency Services,20,37,S/B,8656
2019-11-29,35,06:26:00,Friday,Jane Stn,Late Leaving Garage - Operator,4,9,N/B,3306
2019-11-29,60,06:28:00,Friday,Finch Station,Utilized Off Route,4,8,W/B,3211
2019-11-29,25,06:38:00,Friday,Pape Stn,Utilized Off Route,6,12,N/B,8787
2019-11-29,35,06:39:00,Friday,Jane Stn,Late Leaving Garage - Operator,5,9,N/B,3700
2019-11-29,54,06:40:00,Friday,Lawrence / Orton Park,Utilized Off Route,9,18,W/B,8716
2019-11-29,63,06:40:00,Friday,Eglinton West Stn,Utilized Off Route,4,8,S/B,8197
2019-11-29,52,06:43:00,Friday,Airport Rd at Derry Rd,Mechanical,12,45,W/B,1371
2019-11-29,47,06:45:00,Friday,Queen and Lansdowne,Utilized Off Route,4,9,N/B,1006
2019-11-29,32,06:48:00,Friday,Renforth Station,Utilized Off Route,8,16,E/B,1003
2019-11-29,95,06:48:00,Friday,Midland and Ellesmere,Utilized Off Route,8,16,S/B,1318
2019-11-29,63,06:52:00,Friday,Eglinton West Stn,Late Leaving Garage - Mechanical,4,8,S/B,8124
2019-11-29,17,06:53:00,Friday,Birchmount and St. Clair,Mechanical,7,14,S/B,8524
2019-11-29,32,07:00:00,Friday,Pine and Lawrence,Utilized Off Route,8,16,E/B,1090
2019-11-29,123,07:00:00,Friday,Kipling Station,Mechanical,16,33,E/B,8039
2019-11-29,17,07:01:00,Friday,WAST,Utilized Off Route,7,14,E/B,8524
2019-11-29,47,07:04:00,Friday,Queen and Lansdowne,Utilized Off Route,4,9,N/B,1102
2019-11-29,23,07:08:00,Friday,Rexleigh /st  clair,Mechanical,12,24,,8406
2019-11-29,57,07:10:00,Friday,kennedy Station,Utilized Off Route,9,18,N/B,8882
2019-11-29,7,07:11:00,Friday,Bathurst and Wilson,Utilized Off Route,4,8,S/B,8314
2019-11-29,100,07:14:00,Friday,DON MILLS & WYNFORD,Mechanical,4,8,S/B,8703
2019-11-29,984,07:21:00,Friday,Sheppard-Yonge Station,Late Leaving Garage - Mechanical,10,19,W/B,3258
2019-11-29,21,07:26:00,Friday,Kennedy Station,Utilized Off Route,10,20,N/B,3543
2019-11-29,986,07:27:00,Friday,kennedy Station,Utilized Off Route,5,10,E/B,8865
2019-11-29,952,07:30:00,Friday,Terminal 3 to Lawrence Station,General Delay,10,25,B/W,
2019-11-29,52,07:30:00,Friday,Westwood Mall to Lawrence Station,General Delay,10,30,B/W,
2019-11-29,984,07:30:00,Friday,Weston Rd at Bradstock Rd to Sheppard-Yonge Station,General Delay,10,25,B/W,
2019-11-29,84,07:30:00,Friday,Weston Rd at Bradstock rd to Sheppard-Yonge Station,General Delay,10,25,B/W,
2019-11-29,54,07:32:00,Friday,Eglinton stn,Mechanical,9,18,E/B,8844
2019-11-29,929,07:40:00,Friday,Dufferin and Lawrence,Diversion,25,34,B/W,
2019-11-29,29,07:40:00,Friday,Dufferin and Lawrence,Diversion,25,33,B/W,
2019-11-29,29,07:44:00,Friday,Wilson Station,Mechanical,8,15,S/B,9017
2019-11-29,52,07:44:00,Friday,Lawrence Ave West at Culford Rd,Investigation,8,23,E/B,8379
2019-11-29,937,07:45:00,Friday,Islington Station,Utilized Off Route,11,23,N/B,8419
2019-11-29,44,07:50:00,Friday,Col Sam Smith Loop,Utilized Off Route,5,10,N/B,8457
2019-11-29,63,07:51:00,Friday,King/Atlantic,Utilized Off Route,10,20,N/B,8138
2019-11-29,95,07:56:00,Friday,Ellesmere Station,Late Leaving Garage - Mechanical,7,16,W/B,3448
2019-11-29,985,07:57:00,Friday,Scarborough Town Centre,Utilized Off Route,12,24,WB,9062
2019-11-29,79,07:59:00,Friday,Runnymede Stn,Utilized Off Route,5,10,N/B,1106
2019-11-29,68,08:00:00,Friday,Warden Station,Utilized Off Route,6,12,N/B,8757
2019-11-29,59,08:07:00,Friday,Lawrence West Station,Utilized Off Route,24,48,W/B,3245
2019-11-29,32,08:10:00,Friday,Eglinton Station,Utilized Off Route,8,16,E/B,1111
2019-11-29,124,08:15:00,Friday,Lawrence stn,Utilized Off Route,9,18,E/B,8312
2019-11-29,36,08:15:00,Friday,FWSN,Mechanical,5,10,W/B,9124
2019-11-29,952,08:20:00,Friday,Lawrence Ave West at Scarlett RD,Utilized Off Route,11,22,W/B,1253
2019-11-29,112,08:27:00,Friday,Dundas/Aukland,Investigation,14,28,E/B,8417
2019-11-29,6,08:30:00,Friday,DAVENPORT & DUPONT,Vision,5,10,S/B,3725
2019-11-29,42,08:43:00,Friday,Finch Station,Mechanical,14,28,E/B,8395
2019-11-29,944,09:00:00,Friday,Col Sam Smith Loop,Mechanical,8,16,S/B,8075
2019-11-29,43,09:04:00,Friday,kennedy Station,Utilized Off Route,10,20,N/B,8912
2019-11-29,26,09:04:00,Friday,Jane Stn,Mechanical,14,18,E/B,1417
2019-11-29,86,09:20:00,Friday,kennedy Station,Utilized Off Route,10,20,E/B,8756
2019-11-29,57,09:20:00,Friday,Kennedy Station,Utilized Off Route,13,26,N/B,8806
2019-11-29,89,09:20:00,Friday,KEELE AND JUNCTION,Investigation,11,22,S/B,1080
2019-11-29,97,09:33:00,Friday,York Mills Station,Mechanical,29,59,S/B,1220
2019-11-29,134,10:33:00,Friday,STC,Utilized Off Route,15,30,N/B,9096
2019-11-29,84,10:35:00,Friday,Weston Rd at Bradstock Rd,Mechanical,8,16,E/B,3354
2019-11-29,24,10:50:00,Friday,Victoria park stn,Mechanical,10,20,,3147
2019-11-29,124,10:50:00,Friday,Lawrence / Yonge,Mechanical,10,20,W/B,1352
2019-11-29,68,10:58:00,Friday,Roper Rd,Mechanical,12,24,N/B,8742
2019-11-29,68,11:10:00,Friday,Roper Rd,Mechanical,12,24,N/B,8937
2019-11-29,168,11:18:00,Friday,SYMINGTON AND DUPONT,Mechanical,12,24,S/B,1423
2019-11-29,54,11:25:00,Friday,Lawrence / Burnview,Mechanical,12,24,E/B,8792
2019-11-29,41,11:30:00,Friday,Keele and Sir William Hearst,Investigation,12,24,N/B,9039
2019-11-29,66,11:50:00,Friday,Park Lawn and Berry Rd,Investigation,24,48,N/B,7969
2019-11-29,985,11:57:00,Friday,STC,Mechanical,12,24,W/B,9004
2019-11-29,600,12:00:00,Friday,Wilson Garage,Utilized Off Route,1,1,W/B,1212
2019-11-29,39,12:00:00,Friday,39 Finch Route-All Branch,General Delay,16,32,B/W,3406
2019-11-29,600,12:00:00,Friday,Wilson Garage,Utilized Off Route,1,1,W/B,1236
2019-11-29,939,12:00:00,Friday,939 Finch Express-All Branch,General Delay,14,28,B/W,3459
2019-11-29,76,12:05:00,Friday,Royal York stn,Utilized Off Route,10,20,S/B,7974
2019-11-29,84,12:20:00,Friday,Weston RD at Bradstock Rd to Sheppard Yonge Station,General Delay,10,25,E/B,
2019-11-29,54,12:25:00,Friday,Lawrence / Brimley,Investigation,12,24,E/B,8728
2019-11-29,600,12:30:00,Friday,Eglinton Yard,Utilized Off Route,1,1,,8873
2019-11-29,600,12:30:00,Friday,Birchmount yard,Utilized Off Route,1,1,,9218
2019-11-29,600,12:30:00,Friday,Birchmount Yard,Utilized Off Route,1,1,,3116
2019-11-29,600,12:30:00,Friday,Eglinton Yard,Utilized Off Route,1,1,,8661
2019-11-29,60,12:42:00,Friday,Steeles and Bathurst,Investigation,10,20,W/B,3303
2019-11-29,63,12:43:00,Friday,King/Atlantic,Investigation,10,20,N/B,8125
2019-11-29,600,13:00:00,Friday,501 Queen shuttle,Utilized Off Route,1,1,,3249
2019-11-29,41,13:00:00,Friday,Keele Station to Pioneer Village Station,General Delay,12,24,B/W,
2019-11-29,701,13:00:00,Friday,Wilson Garage,Utilized Off Route,1,1,W/B,8323
2019-11-29,45,13:00:00,Friday,Kipling Station,Mechanical,10,20,S/B,8071
2019-11-29,710,13:00:00,Friday,Eglinton Yard,Utilized Off Route,1,1,,8809
2019-11-29,600,13:00:00,Friday,501 Queen,Utilized Off Route,1,1,,6502
2019-11-29,38,13:10:00,Friday,Ellesmere Rd/Gander Dr,Investigation,12,24,E/B,3548
2019-11-29,123,13:25:00,Friday,Sherway Gardens,Mechanical,21,42,S/B,8424
2019-11-29,123,13:40:00,Friday,West Mall/Evans,Mechanical,21,42,N/B,8424
2019-11-29,45,13:40:00,Friday,Kipling Station,Utilized Off Route,10,20,S/B,8021
2019-11-29,53,13:43:00,Friday,Steeles and Waggener's Wells,Investigation,6,12,E/B,1320
2019-11-29,100,13:44:00,Friday,Broadview station,Utilized Off Route,6,13,N/B,8729
2019-11-29,25,13:51:00,Friday,Pape Station,Utilized Off Route,10,20,N/B,8933
2019-11-29,939,14:00:00,Friday,Finch Station,Utilized Off Route,9,18,E/B,1707
2019-11-29,23,14:02:00,Friday,Jane and Lawrecne,Late Leaving Garage - Operator,5,10,E/B,1549
2019-11-29,110,14:04:00,Friday,Islington stn,Late Leaving Garage - Operator,11,26,S/B,8432
2019-11-29,63,14:05:00,Friday,Ossington Stn,Utilized Off Route,10,20,N/B,1229
2019-11-29,68,14:07:00,Friday,Eglinton Yard,Mechanical,0,0,OB,8670
2019-11-29,63,14:08:00,Friday,King/Shaw,Mechanical,10,20,N/B,1231
2019-11-29,57,14:09:00,Friday,Kennedy Station,Late Leaving Garage - Operator,8,16,N/B,8836
2019-11-29,59,14:11:00,Friday,Arrow Garage,Utilized Off Route,28,58,W/B,3703
2019-11-29,54,14:12:00,Friday,Lawrence S.R.T. Station,Utilized Off Route,11,22,E/B,8892
2019-11-29,29,14:27:00,Friday,PRGT,Utilized Off Route,7,14,N/B,9046
2019-11-29,63,14:28:00,Friday,Liberty/Atlantic,Investigation,10,20,N/B,8104
2019-11-29,38,14:29:00,Friday,Ellesmere Rd/Markham Rd,Mechanical,12,24,E/B,1284
2019-11-29,22,14:30:00,Friday,Coxwell and Gerrard,General Delay,1,1,B/W,3160
2019-11-29,68,14:32:00,Friday,Eglinton yard,Mechanical,0,0,OB,8771
2019-11-29,63,14:33:00,Friday,King/Atlantic,Utilized Off Route,10,20,N/B,8208
2019-11-29,60,14:34:00,Friday,Pioneer Village Station,Utilized Off Route,11,22,W/B,3359
2019-11-29,929,14:35:00,Friday,PRGT,Utilized Off Route,9,18,N/B,9028
2019-11-29,996,14:35:00,Friday,Yonge  and Yorkmills,Utilized Off Route,12,24,W/B,3196
2019-11-29,144,14:36:00,Friday,Eglinton yard,Mechanical,0,0,OB,8734
2019-11-29,924,14:38:00,Friday,Senator/Oconnor,Late Leaving Garage - Mechanical,10,20,,8493
2019-11-29,39,14:38:00,Friday,McNicoll and Victoria Pk,Utilized Off Route,14,28,W/B,3443
2019-11-29,76,14:40:00,Friday,Lakeshore and Mimico,Utilized Off Route,10,20,N/B,8042
2019-11-29,36,14:43:00,Friday,FSTN,Utilized Off Route,6,12,W/B,9111
2019-11-29,996,14:45:00,Friday,Humber Colege,Utilized Off Route,12,24,W/B,3271
2019-11-29,60,14:47:00,Friday,Finch Station,Utilized Off Route,10,20,W/B,3361
2019-11-29,25,14:49:00,Friday,Eglinton yard,Mechanical,0,0,OB,8886
2019-11-29,16,14:49:00,Friday,Scarborough Centre STN,Mechanical,13,26,S/B,9232
2019-11-29,54,14:50:00,Friday,Eglinton yard,Mechanical,0,0,OB,8773
2019-11-29,32,14:50:00,Friday,Jane and Emmette,Mechanical,15,30,E/B,1360
2019-11-29,984,14:50:00,Friday,St Basil College,Late Leaving Garage - Management,8,12,E/B,3351
2019-11-29,126,14:54:00,Friday,Christie/Davenport,Diversion,30,60,N/B,1114
2019-11-29,927,14:55:00,Friday,steeles / Hwy 27,Mechanical,6,12,S/B,3594
2019-11-29,927,14:59:00,Friday,Kipling Station,Utilized Off Route,6,12,N/B,3367
2019-11-29,116,14:59:00,Friday,Kennedy Station,Utilized Off Route,12,24,E/B,8740
2019-11-29,600,15:00:00,Friday,501 Queen,Utilized Off Route,1,1,,3344
2019-11-29,600,15:00:00,Friday,501 Queen,Utilized Off Route,1,1,,3321
2019-11-29,39,15:00:00,Friday,Birchmount and Finch,Mechanical,17,24,E/B,1650
2019-11-29,600,15:00:00,Friday,501 Queen,Utilized Off Route,1,1,,3279
2019-11-29,600,15:00:00,Friday,501 Queen,Utilized Off Route,1,1,,3592
2019-11-29,73,15:00:00,Friday,Entire Route,General Delay,30,40,B/W,
2019-11-29,600,15:00:00,Friday,501 Queen,Utilized Off Route,1,1,,3280
2019-11-29,37,15:00:00,Friday,Entire Route,General Delay,30,40,B/W,
2019-11-29,600,15:00:00,Friday,Wilson Garage,Utilized Off Route,1,1,W/B,8133
2019-11-29,29,15:00:00,Friday,College and Dufferin,Investigation,7,14,S/B,9020
2019-11-29,600,15:00:00,Friday,Birchmount Yard,Utilized Off Route,1,1,,8504
2019-11-29,600,15:00:00,Friday,Wilson Garage,Utilized Off Route,1,1,W/B,8296
2019-11-29,32,15:00:00,Friday,Jane and Lawrence,Utilized Off Route,9,18,W/B,1529
2019-11-29,83,15:01:00,Friday,Jones south of Myrtle,Mechanical,22,36,S/B,9235
2019-11-29,34,15:09:00,Friday,Eglinton Station,Utilized Off Route,6,13,E/B,8872
2019-11-29,989,15:10:00,Friday,Keele station,Late Leaving Garage - Management,14,28,2,103
2019-11-29,86,15:15:00,Friday,Eglinton yard,Mechanical,0,0,OB,8801
2019-11-29,43,15:19:00,Friday,Eglinton Yard,Mechanical,0,0,OB,8875
2019-11-29,34,15:20:00,Friday,Eglinton yard,Mechanical,0,0,OB,8796
2019-11-29,47,15:21:00,Friday,Queens & Lansdown,Utilized Off Route,15,30,N/B,1378
2019-11-29,52,15:21:00,Friday,Lawrence West station,Utilized Off Route,12,20,E/B,1234
2019-11-29,54,15:25:00,Friday,Eglinton Station,Utilized Off Route,10,20,E/B,8911
2019-11-29,89,15:27:00,Friday,Eglinton / weston road,Investigation,11,22,N/B,1034
2019-11-29,129,15:30:00,Friday,McCowan / Hwy 7,Diversion,20,28,BNW,3447
2019-11-29,939,15:30:00,Friday,Kennedy and Finch,Investigation,8,16,W/B,1559
2019-11-29,985,15:32:00,Friday,Meadowvale Loop,Utilized Off Route,5,10,,3498
2019-11-29,902,15:39:00,Friday,Progress Ave/Sheppard Ave E,Utilized Off Route,10,20,S/B,3113
2019-11-29,95,15:40:00,Friday,York Mills Station,Utilized Off Route,10,20,E/B,1651
2019-11-29,116,15:44:00,Friday,Kennedy Station,Utilized Off Route,12,24,E/B,8780
2019-11-29,32,15:45:00,Friday,EB on Eglinton at Royal York,Investigation,9,18,E/B,1521
2019-11-29,131,15:49:00,Friday,STC,Utilized Off Route,9,18,N/B,1688
2019-11-29,52,15:52:00,Friday,Westwood Mall,Utilized Off Route,12,23,E/B,8386
2019-11-29,87,16:05:00,Friday,Mortimer/Broadview,Investigation,7,13,E/B,8496
2019-11-29,984,16:10:00,Friday,Yonge and Sheppard,Utilized Off Route,9,18,W/B,3297
2019-11-29,17,16:12:00,Friday,Warden STN,Utilized Off Route,9,18,N/B,3112
2019-11-29,73,16:20:00,Friday,Weston and Oak,Utilized Off Route,10,20,S/B,8031
2019-11-29,94,16:25:00,Friday,Castle Frank Station,Mechanical,7,16,W/B,1107
2019-11-29,122,16:28:00,Friday,York Mills Station,Mechanical,12,23,E/B,8380
2019-11-29,116,16:29:00,Friday,Kennedy Station,Utilized Off Route,12,24,N/B,8847
2019-11-29,64,16:30:00,Friday,64 Main route,General Delay,8,16,B/W,
2019-11-29,23,16:30:00,Friday,23 Dawes route,General Delay,7,14,B/W,
2019-11-29,35,16:33:00,Friday,Jane & St Clair,General Delay,30,36,B/W,
2019-11-29,16,16:42:00,Friday,Warden STN,Investigation,10,19,E/B,3141
2019-11-29,116,16:44:00,Friday,Kennedy Station,Utilized Off Route,12,24,N/B,8793
2019-11-29,25,16:48:00,Friday,Pape Station,Mechanical,6,12,N/B,8781
2019-11-29,989,16:51:00,Friday,Weston Road / Church,Mechanical,14,28,N/B,1043
2019-11-29,37,16:52:00,Friday,Woodbine Racetrack,Investigation,22,44,N/B,8022
2019-11-29,54,16:52:00,Friday,Lawrence and Pharmacy,Investigation,10,20,W/B,8626
2019-11-29,131,17:00:00,Friday,Nugget,General Delay,20,20,bw,
2019-11-29,129,17:00:00,Friday,McCowan,General Delay,20,20,B/W,
2019-11-29,5,17:00:00,Friday,Entire Route,General Delay,20,40,B/W,
2019-11-29,131,17:09:00,Friday,STC,Mechanical,9,18,N/B,3415
2019-11-29,953,17:25:00,Friday,Morningside and Finch,Mechanical,15,30,W/B,9086
2019-11-29,116,17:32:00,Friday,Morningside & Tefft,Investigation,6,12,N/B,8897
2019-11-29,96,17:41:00,Friday,humber college,Emergency Services,12,24,W/B,3356
2019-11-29,63,17:46:00,Friday,eglinton west station,Mechanical,8,17,S/B,8108
2019-11-29,22,18:01:00,Friday,Coxwell Station,Mechanical,6,11,S/B,8599
2019-11-29,88,18:36:00,Friday,St. Clair Station,Mechanical,17,27,E/B,8132
2019-11-29,75,18:41:00,Friday,Carlton/Sherbourne,Investigation,7,14,N/B,1242
2019-11-29,72,18:53:00,Friday,Front/Bay,Mechanical,20,34,E/B,3102
2019-11-29,720,19:00:00,Friday,Kennedy Station,Mechanical,1,1,W/B,8838
2019-11-29,23,19:00:00,Friday,23 Dawes route,General Delay,10,20,B/W,
2019-11-29,92,19:07:00,Friday,Woodbine Station,Utilized Off Route,14,28,S/B,8944
2019-11-29,57,19:14:00,Friday,Kennedy Station,Mechanical,12,24,N/B,8715
2019-11-29,54,19:17:00,Friday,Lawrence and Warden,Investigation,10,20,E/B,8867
2019-11-29,47,19:25:00,Friday,Lansdown & Queens,Investigation,18,36,N/B,1553
2019-11-29,36,19:45:00,Friday,Finch and Kipling,Mechanical,8,16,W/B,9105
2019-11-29,94,20:00:00,Friday,Ossington station to Castle frank station.,General Delay,15,25,B/W,
2019-11-29,64,20:04:00,Friday,Main & Danforth,Investigation,20,40,S/B,9211
2019-11-29,45,20:10:00,Friday,Kipling Station,Utilized Off Route,6,12,S/B,8021
2019-11-29,97,20:14:00,Friday,Finch Station,Mechanical,30,60,N/B,8162
2019-11-29,23,20:16:00,Friday,Main Street station,Utilized Off Route,10,20,W/B,8593
2019-11-29,23,20:21:00,Friday,23 Dawes route,General Delay,15,30,B/W,
2019-11-29,98,20:38:00,Friday,Sheppard Station,Mechanical,22,44,N/B,8100
2019-11-29,161,20:59:00,Friday,jane and alliance,Mechanical,13,26,N/B,1016
2019-11-29,22,21:00:00,Friday,Coxwell and Gerrard,General Delay,12,22,B/W,
2019-11-29,85,21:16:00,Friday,Sheppard and Meadowvale Loop,Investigation,16,32,W/B,3481
2019-11-29,94,21:22:00,Friday,Harbord and Bathrust,Investigation,10,20,W/B,1267
2019-11-29,21,21:42:00,Friday,Sheppard,Emergency Services,14,28,N/B,3543
2019-11-29,95,21:50:00,Friday,Warden and Ellesmere,Investigation,14,28,W/B,3409
2019-11-29,32,21:51:00,Friday,renforth station,Mechanical,10,20,E/B,1117
2019-11-29,9,22:10:00,Friday,St Clair & Danforth,Diversion,5,15,E/B,8591
2019-11-29,102,22:20:00,Friday,St Clair & Danforth,Diversion,5,10,E/B,9226
2019-11-29,112,22:52:00,Friday,Islingon Stn,Mechanical,26,52,N/B,7977
2019-11-29,107,22:54:00,Friday,sheppard west station,Mechanical,30,60,W/B,3213
2019-11-29,86,23:23:00,Friday,Kennedy Station,Emergency Services,10,20,E/B,8778
2019-11-30,87,00:49:00,Saturday,Broadview station,Mechanical,11,22,W/B,8520
2019-11-30,53,00:49:00,Saturday,Finch station,Investigation,10,20,E/B,3474
2019-11-30,95,01:15:00,Saturday,Kingston Road Loop,Mechanical,10,20,W/B,
2019-11-30,112,01:43:00,Saturday,Kipling Station,Utilized Off Route,10,20,W/B,7929
2019-11-30,320,01:52:00,Saturday,Yonge and queens quay.,Utilized Off Route,5,10,S/B,8328
2019-11-30,320,02:15:00,Saturday,Yonge and Bloor,Utilized Off Route,3,7,S/B,8144
2019-11-30,320,02:25:00,Saturday,Yonge and Queen,Utilized Off Route,4,7,S/B,8366
2019-11-30,300,02:28:00,Saturday,Danforth & Danforth,Utilized Off Route,20,40,W/B,8703
2019-11-30,320,03:15:00,Saturday,Steeles and Yonge,Investigation,3,7,S/B,8346
2019-11-30,300,03:28:00,Saturday,Danforth & Warden,Emergency Services,20,40,E/B,8011
2019-11-30,300,03:40:00,Saturday,Danforth & Victoria Park,Utilized Off Route,20,40,W/B,8637
2019-11-30,300,04:24:00,Saturday,Kennedy Staiton,Emergency Services,45,90,W/B,8099
2019-11-30,609,04:35:00,Saturday,Mt Dennis garage,Utilized Off Route,,,S/B,1097
2019-11-30,609,04:39:00,Saturday,Mt Dennis garage,Utilized Off Route,,,S/B,1325
2019-11-30,609,04:40:00,Saturday,Mt Dennis garage,Utilized Off Route,,,N/B,1549
2019-11-30,600,05:04:00,Saturday,Eglinton garage,Utilized Off Route,,,W/B,8623
2019-11-30,7,05:18:00,Saturday,Wilson Garage,Late Leaving Garage - Operator,1,1,S/B,1223
2019-11-30,124,05:23:00,Saturday,Wilson Garage,Late Leaving Garage - Operator,1,1,W/B,8392
2019-11-30,169,05:23:00,Saturday,Donmills road,Mechanical,30,60,S/B,8145
2019-11-30,52,05:34:00,Saturday,Wilson garage,Late Leaving Garage - Mechanical,1,1,W/B,8136
2019-11-30,52,05:36:00,Saturday,Wilson Garage,Late Leaving Garage - Management,1,1,W/B,8321
2019-11-30,61,05:40:00,Saturday,EGLINTON STATION,Late Leaving Garage - Mechanical,25,25,N/B,8386
2019-11-30,339,05:44:00,Saturday,Tapscott & Finch,Investigation,,,S/B,1392
2019-11-30,109,06:06:00,Saturday,Wilson garage,Late Leaving Garage - Operator,1,1,W/B,8183
2019-11-30,122,06:09:00,Saturday,Roywood and Underpass Gate,Late Leaving Garage - Mechanical,30,60,W/B,8321
2019-11-30,95,06:11:00,Saturday,York Mills Station,Late Leaving Garage - Mechanical,14,28,E/B,3517
2019-11-30,34,06:17:00,Saturday,DON MILLS/WYNFORD,Late Leaving Garage - Mechanical,17,34,E/B,8726
2019-11-30,81,07:00:00,Saturday,Thorncliffe and Overlea,Mechanical,15,30,B/W,8964
2019-11-30,43,07:10:00,Saturday,Midland and steeles,Mechanical,10,20,S/B,8661
2019-11-30,53,07:12:00,Saturday,Steeles and Putnam Gate,Diversion,62,72,W/B,3503
2019-11-30,42,07:20:00,Saturday,Finch stn,Mechanical,5,25,E/B,1321
2019-11-30,54,07:40:00,Saturday,Lawrence Ave West at Townley Ave,Mechanical,20,35,W/B,8815
2019-11-30,133,08:01:00,Saturday,Neilson and sheppard,Investigation,12,24,S/B,3423
2019-11-30,94,08:45:00,Saturday,Ossington Station,Mechanical,20,40,B/W,1006
2019-11-30,68,09:00:00,Saturday,Warden route,General Delay,15,1,B/W,
2019-11-30,935,09:03:00,Saturday,Jane and Chalkfarm,Mechanical,10,20,S/B,3291
2019-11-30,36,09:24:00,Saturday,HWLP,Investigation,6,12,E/B,3346
2019-11-30,63,09:25:00,Saturday,King/Atlantic,Utilized Off Route,6,12,N/B,8352
2019-11-30,52,09:30:00,Saturday,Lawrence Station,Late Leaving Garage - Mechanical,21,1,W/B,8141
2019-11-30,29,09:40:00,Saturday,Exhibition Loop,Utilized Off Route,8,16,N/B,9050
2019-11-30,52,09:46:00,Saturday,Braecrest and The Westway,Late Leaving Garage - Operator,23,43,E/B,1399
2019-11-30,24,09:49:00,Saturday,Victoria Park Station,Mechanical,9,19,N/B,9231
2019-11-30,29,10:00:00,Saturday,Dufferin and Lawrence,Mechanical,9,18,N/B,9043
2019-11-30,84,10:00:00,Saturday,Weston Rd at Bradstock Rd to Sheppard Yonge Station,General Delay,20,30,B/W,
2019-11-30,60,10:33:00,Saturday,Signet Dr.,Mechanical,11,22,W/B,3202
2019-11-30,5,11:00:00,Saturday,EGLINTON STATION,Mechanical,18,38,S/B,8310
2019-11-30,6,11:13:00,Saturday,Queens Quay,Mechanical,16,32,N/B,1081
2019-11-30,89,11:22:00,Saturday,Weston Road and St. Clair Ave West,Mechanical,10,20,NB,1018
2019-11-30,779,11:22:00,Saturday,Malvern garage,Utilized Off Route,,,W/B,3481
2019-11-30,779,11:30:00,Saturday,Malvern garage,Utilized Off Route,,,W/B,3417
2019-11-30,32,11:45:00,Saturday,Glen Cedar,Investigation,10,20,W/B,1502
2019-11-30,17,12:00:00,Saturday,Warden Station to Steeles,General Delay,15,20,B/W,
2019-11-30,35,12:00:00,Saturday,Pioneer Village Station to Jane Station,General Delay,22,29,B/W,
2019-11-30,935,12:00:00,Saturday,Pioneer Village Station to Jane Station,General Delay,25,35,B/W,
2019-11-30,89,12:00:00,Saturday,Albion and Weston to Keele Stn,General Delay,18,28,B/W,
2019-11-30,38,12:00:00,Saturday,Scarborough Town centre to Roughe Hill Stn,General Delay,10,15,W/B,
2019-11-30,23,12:00:00,Saturday,Main Station to 195 rexleigh Dr,General Delay,10,20,B/W,
2019-11-30,102,12:00:00,Saturday,Warden station to Major Mac,General Delay,15,20,B/W,
2019-11-30,129,12:00:00,Saturday,Scarborough Town Centre to Major Mac,General Delay,15,20,B/W,
2019-11-30,116,12:00:00,Saturday,Kennedy Station to Nightstar,General Delay,15,20,B/W,
2019-11-30,64,12:00:00,Saturday,Main Station to Queen/Weneva,General Delay,10,20,B/W,3139
2019-11-30,86,12:00:00,Saturday,kennedy Station to Zoo,General Delay,15,20,B/W,
2019-11-30,116,12:03:00,Saturday,Kennedy Station,Late Leaving Garage - Mechanical,7,14,E/B,8644
2019-11-30,41,12:10:00,Saturday,SB on Keele at Wilson,Diversion,8,17,N/B,1063
2019-11-30,12,12:12:00,Saturday,Victoria Park Ave/Danforth Ave,Mechanical,15,30,E/B,9235
2019-11-30,60,12:16:00,Saturday,Signal Hill,Late Leaving Garage - Mechanical,10,20,E/B,3626
2019-11-30,37,12:22:00,Saturday,Islington Stn,Late Leaving Garage - Mechanical,14,28,N/B,8072
2019-11-30,36,12:29:00,Saturday,HWLP,Late Leaving Garage - Management,4,9,E/B,3192
2019-11-30,97,12:40:00,Saturday,Davisville Station to Hilda and Steeles,General Delay,45,75,B/W,
2019-11-30,935,12:45:00,Saturday,Jane Station,Late Leaving Garage - Mechanical,9,18,N/B,3201
2019-11-30,24,12:50:00,Saturday,Victoria Park Station,Mechanical,10,19,N/B,9216
2019-11-30,80,13:00:00,Saturday,Keele Station to Sherway Gardens,General Delay,12,36,B/W,
2019-11-30,35,13:00:00,Saturday,Pioneer Village Station,Mechanical,7,15,S/B,3562
2019-11-30,25,13:00:00,Saturday,25 Don Mills Route-All Branch,General Delay,9,17,B/W,
2019-11-30,40,13:00:00,Saturday,Dundas West Station to Kipling Station/Jane and St Clair,General Delay,13,43,B/W,
2019-11-30,73,13:00:00,Saturday,Royal York Stn to Scarlett/La Rose and Albion,General Delay,17,27,B/W,
2019-11-30,65,13:00:00,Saturday,Castle Frank Station to Berkeley St/Front St E,General Delay,8,16,B/W,
2019-11-30,16,13:06:00,Saturday,Scarborough Town centre,Investigation,10,20,S/B,8402
2019-11-30,29,13:10:00,Saturday,Dufferin and South OF Dundas,Investigation,4,8,S/B,9020
2019-11-30,84,13:22:00,Saturday,Sheppard Ave West At Jane St,Investigation,10,20,W/B,3571
2019-11-30,53,13:29:00,Saturday,Steeles and Henderson,Investigation,5,10,W/B,3507
2019-11-30,29,13:40:00,Saturday,Dufferin and Wilson,Mechanical,4,8,S/B,9025
2019-11-30,29,13:46:00,Saturday,Duffeerin and Lawrence,Mechanical,4,8,S/B,9013
2019-11-30,63,14:00:00,Saturday,Eglinton West Stn to Liberty Village,General Delay,15,21,B/W,
2019-11-30,53,14:22:00,Saturday,Yonge and Cummer,Investigation,5,10,N/B,1335
2019-11-30,60,14:32:00,Saturday,Steeles West Route,General Delay,20,40,B/W,3497
2019-11-30,41,14:35:00,Saturday,Keele Stn,Vision,12,24,N/B,1054
2019-11-30,169,14:38:00,Saturday,Scarborough Town centre,Mechanical,30,60,W/B,8353
2019-11-30,76,14:54:00,Saturday,Royal York Stn,Emergency Services,9,18,S/B,8428
2019-11-30,54,15:00:00,Saturday,Eglinton Station to Starspray Loop,General Delay,15,35,B/W,
2019-11-30,51,15:00:00,Saturday,Leslie and Kirkwood,Investigation,24,48,N/B,8133
2019-11-30,24,15:01:00,Saturday,Victoria Park Station,Mechanical,8,16,W/B,3106
2019-11-30,984,15:04:00,Saturday,Sheppard Ave West at Bryant,Emergency Services,13,26,W/B,3614
2019-11-30,17,15:11:00,Saturday,Bonniewood,Mechanical,15,30,S/B,8540
2019-11-30,17,15:23:00,Saturday,Warden station,Mechanical,15,30,S/B,3130
2019-11-30,35,15:25:00,Saturday,Pioneer Village Station,Vision,8,16,S/B,3292
2019-11-30,54,15:30:00,Saturday,Lawrence Ave East at Railside Rd,Investigation,17,34,E/B,8824
2019-11-30,36,15:40:00,Saturday,Finch west station,Mechanical,6,12,W/B,3360
2019-11-30,23,16:00:00,Saturday,23 Dawes route,General Delay,10,20,B/W,
2019-11-30,60,16:00:00,Saturday,60 Steeles west route,General Delay,9,18,B/W,0
2019-11-30,102,16:08:00,Saturday,Progress/ Markham,Mechanical,10,9,sb,8494
2019-11-30,52,16:57:00,Saturday,Lawrence Station,Mechanical,17,34,W/B,8365
2019-11-30,66,17:00:00,Saturday,Old Mill Stn to Humber loop/Marine Parade Drive,General Delay,12,32,B/W,
2019-11-30,43,17:05:00,Saturday,Kennedy and Bertrand,Emergency Services,10,20,S/B,8903
2019-11-30,36,17:25:00,Saturday,Finch west station,Mechanical,4,8,W/B,3224
2019-11-30,41,17:49:00,Saturday,ON On Keele at Ashwarren Road,Mechanical,8,17,S/B,1035
2019-11-30,84,18:11:00,Saturday,Sheppard Station,Investigation,6,12,W/B,3252
2019-11-30,16,18:14:00,Saturday,Eglinton,Utilized Off Route,10,20,S/B,8582
2019-11-30,29,18:35:00,Saturday,Rogers and Wilson,Emergency Services,7,14,N/B,9150
2019-11-30,100,18:44:00,Saturday,Broadview Station,Mechanical,11,22,B/W,8926
2019-11-30,20,19:12:00,Saturday,Kennedy station,Mechanical,21,39,W/B,8577
2019-11-30,86,19:55:00,Saturday,Kingston Rd and Scarboro Golf,Mechanical,9,18,E/B,8872
2019-11-30,22,20:00:00,Saturday,Coxwell station to Bingham loop,General Delay,10,25,B/W,
2019-11-30,121,20:00:00,Saturday,Exhibition loop to Mills st,General Delay,15,45,B/W,
2019-11-30,70,20:00:00,Saturday,Broadview station to Coxwell station,General Delay,15,30,B/W,
2019-11-30,94,20:00:00,Saturday,Ossington station and Castle frank,General Delay,15,25,B/W,
2019-11-30,87,20:00:00,Saturday,Broadview station to main station,General Delay,10,20,B/W,
2019-11-30,29,20:04:00,Saturday,dufferin and hope,Mechanical,8,17,N/B,9150
2019-11-30,25,20:35:00,Saturday,Pape station,Mechanical,9,17,S/B,8781
2019-11-30,53,21:32:00,Saturday,Finch station,Investigation,7,14,W/B,3551
2019-11-30,32,21:45:00,Saturday,eglinton and kipling,Emergency Services,10,20,W/B,1048
2019-11-30,7,21:46:00,Saturday,bathurst and romney,Emergency Services,8,17,N/B,8195
2019-11-30,133,22:05:00,Saturday,McCowan and Ellesmere,Investigation,13,26,E/B,3408
2019-11-30,52,22:30:00,Saturday,Lawrence at Black Creek,Diversion,47,52,B/W,
2019-11-30,34,23:07:00,Saturday,Kennedy Station,Emergency Services,10,21,W/B,8680
2019-11-30,89,23:25:00,Saturday,Lawrence / Weston Road,Diversion,10,55,S/B,
