Report Date,Route,Time,Day,Location,Incident,Delay,Gap,Direction,Vehicle
2019-12-01,85,00:50:00,Sunday,Don Mills Station,Emergency Services,20,40,E/B,8538
2019-12-01,35,01:00:00,Sunday,Jane and Lawrence,Mechanical,9,17,S/B,3530
2019-12-01,39,01:03:00,Sunday,Neilson and Crow,Mechanical,20,40,E/B,3412
2019-12-01,45,02:20:00,Sunday,Kipling Station,Emergency Services,1,1,N/B,8037
2019-12-01,329,03:32:00,Sunday,Ehbibition loop.,Mechanical,30,60,N/B,9040
2019-12-01,337,03:42:00,Sunday,Humber Loop & lakeshore,Utilized Off Route,30,60,N/B,8088
2019-12-01,337,03:45:00,Sunday,Sherway Gardens,Utilized Off Route,30,60,E/B,8059
2019-12-01,320,04:07:00,Sunday,Yonge and Queensquay,Late Leaving Garage - Mechanical,5,10,N/B,8327
2019-12-01,320,04:27:00,Sunday,Yonge and St.Clair,Diversion,84,99,B/W,9049
2019-12-01,300,04:42:00,Sunday,Keele Station,Utilized Off Route,15,30,W/B,8681
2019-12-01,320,04:46:00,Sunday,BATHURST/ST. CLAIR,Utilized Off Route,1,1,N/B,8113
2019-12-01,320,05:33:00,Sunday,YONGE/STEELES,Late Leaving Garage - Mechanical,4,8,S/B,1315
2019-12-01,47,06:24:00,Sunday,Lansdowne at Queen,Emergency Services,20,40,N/B,1053
2019-12-01,300,06:30:00,Sunday,Kennedy Station - East mall at Bloor,General Delay,20,25,B/W,
2019-12-01,39,06:53:00,Sunday,Finch and Markham,Mechanical,17,34,E/B,3527
2019-12-01,26,07:15:00,Sunday,Jane Station,Late Leaving Garage - Mechanical,25,50,E/B,1349
2019-12-01,84,07:21:00,Sunday,Sheppard Ave West at Rivalda Rd,Late Leaving Garage - Management,15,30,W/B,3239
2019-12-01,600,07:23:00,Sunday,Broadview & Danforth,Utilized Off Route,,,W/B,3119
2019-12-01,63,07:23:00,Sunday,King/Atlantic,Utilized Off Route,10,20,W/B,8118
2019-12-01,600,07:33:00,Sunday,Main  stn,Utilized Off Route,,,W/B,8522
2019-12-01,354,07:40:00,Sunday,Lawrence RT,Mechanical,1,1,W/B,8662
2019-12-01,32,07:43:00,Sunday,MDGA,Late Leaving Garage - Mechanical,10,20,E/B,1120
2019-12-01,106,08:00:00,Sunday,Sheppard West Station,Late Leaving Garage - Vision,15,30,W/B,1271
2019-12-01,604,08:10:00,Sunday,Yonge St and Lawrence Ave East,Mechanical,1,2,SB,3214
2019-12-01,54,08:15:00,Sunday,Eglinton Station,Mechanical,15,30,E/B,8662
2019-12-01,63,08:18:00,Sunday,Liberty/Atlantic,Diversion,72,81,N/B,1201
2019-12-01,96,08:28:00,Sunday,York Mills Stn,Mechanical,20,40,W/B,3183
2019-12-01,935,08:59:00,Sunday,Jane and Finch,Mechanical,9,18,S/B,3202
2019-12-01,24,09:00:00,Sunday,24 Victoria Park Route -All Branch,General Delay,7,14,B/W,
2019-12-01,67,09:00:00,Sunday,67 Pharmacy Route- All Branch,General Delay,15,39,B/W,
2019-12-01,925,09:00:00,Sunday,925 Don Mills Express Route,General Delay,10,19,B/W,
2019-12-01,25,09:00:00,Sunday,25 Don Mills Route- All Branch,General Delay,10,19,B/W,
2019-12-01,16,09:00:00,Sunday,Warden stn,General Delay,15,1,B/W,
2019-12-01,68,09:00:00,Sunday,warden route,General Delay,15,1,B/W,
2019-12-01,9,09:00:00,Sunday,Bellamy route,General Delay,15,1,B/W,
2019-12-01,984,09:00:00,Sunday,Sheppard West Station to Sheppard-Yonge Station,General Delay,10,30,B/W,
2019-12-01,84,09:00:00,Sunday,Weston Rd at Bradstock Rd to Sheppard-Yonge Station,General Delay,25,40,B/W,
2019-12-01,54,09:00:00,Sunday,Eglinton Station to Starspray Loop,General Delay,15,30,B/W,
2019-12-01,52,09:00:00,Sunday,Terminal 3 to Lawrence Station,General Delay,20,45,B/W,
2019-12-01,65,09:00:00,Sunday,65 Parliament,General Delay,7,14,B/W,
2019-12-01,64,09:00:00,Sunday,64 Main Route,General Delay,10,20,B/W,
2019-12-01,23,09:00:00,Sunday,23 Dawes Route,General Delay,10,20,B/W,
2019-12-01,83,09:00:00,Sunday,83 Jones Route,General Delay,18,36,B/W,
2019-12-01,34,09:11:00,Sunday,WYNFORD/CONCORDE PLACE`,Investigation,18,36,W/B,8689
2019-12-01,51,09:17:00,Sunday,FRESHMEADOW/DON MILLS,Late Leaving Garage - Mechanical,24,48,S/B,8111
2019-12-01,7,09:34:00,Sunday,MDGA,Utilized Off Route,11,20,E/B,8300
2019-12-01,51,09:45:00,Sunday,BOMBAY LOOP,Utilized Off Route,24,48,S/B,8111
2019-12-01,87,09:45:00,Sunday,Eastdale acres,Diversion,1,1,B/W,8515
2019-12-01,34,09:51:00,Sunday,EGLINTON STATION,Late Leaving Garage - Mechanical,8,16,E/B,8643
2019-12-01,134,10:00:00,Sunday,Progress Route,General Delay,20,1,B/W,
2019-12-01,43,10:00:00,Sunday,Kennedy and Ellesmere,Investigation,10,20,S/B,8685
2019-12-01,939,10:00:00,Sunday,Route  39,General Delay,16,32,W/B,
2019-12-01,124,10:00:00,Sunday,124 SUNNYBROOK,General Delay,10,30,B/W,
2019-12-01,51,10:00:00,Sunday,51 LESLIE,General Delay,20,40,B/W,
2019-12-01,39,10:00:00,Sunday,Finch and Alamosa,General Delay,10,27,B/W,
2019-12-01,162,10:00:00,Sunday,162 LAWRENCE DONWAY,General Delay,15,35,B/W,
2019-12-01,88,10:00:00,Sunday,88 SOUTH LEASIDE,General Delay,20,40,B/W,
2019-12-01,61,10:00:00,Sunday,61 AVENUE RD NORTH,General Delay,10,30,B/W,
2019-12-01,11,10:00:00,Sunday,11 BAYVIEW,General Delay,15,35,B/W,
2019-12-01,161,10:07:00,Sunday,Rockcliffe/Lambton,Diversion,945,960,E/B,1118
2019-12-01,35,10:14:00,Sunday,Jane Station to Pioneer Village Station,General Delay,25,35,B/W,
2019-12-01,29,10:24:00,Sunday,Manitoba Dr,Investigation,10,20,E/B,9030
2019-12-01,606,10:24:00,Sunday,Brichmount garage,Utilized Off Route,,,W/B,9209
2019-12-01,25,10:25:00,Sunday,Don Mills Rd/ St.Dennis Dr,Mechanical,9,17,N/B,8661
2019-12-01,127,10:30:00,Sunday,Spadina/Davenport,Diversion,900,920,N/B,1126
2019-12-01,25,10:36:00,Sunday,Don Mills Rd/St.Dennis Dr,Investigation,9,17,N/B,8627
2019-12-01,95,10:53:00,Sunday,Old York Mills and York Mills,Investigation,20,40,E/B,3507
2019-12-01,168,11:00:00,Sunday,Various location along route,General Delay,,,B/W,
2019-12-01,95,11:12:00,Sunday,Morningside and Ellesmere,Mechanical,10,20,W/B,1401
2019-12-01,7,11:18:00,Sunday,Bathurst and Dupont,Investigation,10,20,S/B,8391
2019-12-01,24,11:32:00,Sunday,Victoria Park Station,Mechanical,9,18,N/B,8477
2019-12-01,607,11:55:00,Sunday,Yonge St and St. Clair Ave East,Mechanical,1,2,NB,1333
2019-12-01,63,12:00:00,Sunday,Eglinton West Stn to Liberty Village,General Delay,20,30,B/W,
2019-12-01,95,12:00:00,Sunday,York Mills Station to Kingston Road Loop,General Delay,35,55,B/W,
2019-12-01,118,12:00:00,Sunday,Albion/Thistle Down Rd.,Diversion,1,1,W/B,3348
2019-12-01,610,12:10:00,Sunday,Eglinton Division,Late Leaving Garage - Mechanical,1,2,EB,8649
2019-12-01,935,12:11:00,Sunday,Jane Station to Pioneer Village Station,General Delay,24,33,B/W,
2019-12-01,607,12:15:00,Sunday,Yonge St and St. Clair Ave East,Utilized Off Route,1,2,NB,9068
2019-12-01,32,12:28:00,Sunday,Eglinton West Stn,Vision,10,20,E/B,1002
2019-12-01,60,12:44:00,Sunday,Steeles West route,General Delay,20,40,B/W,3298
2019-12-01,34,12:56:00,Sunday,Eglinton Ave. E. at DVP,Investigation,9,18,E/B,8885
2019-12-01,69,13:00:00,Sunday,Warden South,General Delay,20,20,B/W,
2019-12-01,133,13:00:00,Sunday,Neilson,General Delay,20,20,B/W,
2019-12-01,97,13:00:00,Sunday,Davisville Station to Hilda and Steeles,General Delay,45,75,B/W,
2019-12-01,109,13:00:00,Sunday,Neptune and Bathurst to Lawrence West Station,General Delay,40,60,B/W,
2019-12-01,48,13:00:00,Sunday,Royal York Station to Mill Rd Loop,General Delay,40,70,B/W,
2019-12-01,15,13:00:00,Sunday,Royal York Station to Sherway Gardens,General Delay,40,70,B/W,
2019-12-01,927,13:00:00,Sunday,Entire route,General Delay,,,B/W,
2019-12-01,78,13:00:00,Sunday,Carluke and Fifeshire to York Mills Station,General Delay,45,75,B/W,
2019-12-01,160,13:18:00,Sunday,SB on Atkinson at Clark,Investigation,24,48,S/B,1278
2019-12-01,985,13:31:00,Sunday,Scarborough Town Center,Mechanical,12,24,W/B,9069
2019-12-01,22,13:34:00,Sunday,Gerrard and Coxwell,Investigation,1,1,N/B,3164
2019-12-01,935,13:35:00,Sunday,Jane and Trethewey,Mechanical,8,16,S/B,3196
2019-12-01,37,13:42:00,Sunday,Rexdale and 401,Mechanical,14,28,N/B,8462
2019-12-01,97,13:45:00,Sunday,York Mills and Yonge,Mechanical,30,60,S/B,8127
2019-12-01,41,13:46:00,Sunday,Finch And Driftwood,Mechanical,18,36,S/B,1083
2019-12-01,41,13:46:00,Sunday,Finch West Stn,Mechanical,11,22,S/B,1083
2019-12-01,25,13:47:00,Sunday,Pape Station,Mechanical,8,17,N/B,8894
2019-12-01,34,13:58:00,Sunday,Eglinton and Birchmount,Mechanical,8,16,W/B,8650
2019-12-01,59,14:00:00,Sunday,Lawrence West Station to Oak and Weston,General Delay,70,130,B/W,
2019-12-01,161,14:00:00,Sunday,Ossington Stn,Mechanical,15,30,S/B,1118
2019-12-01,122,14:00:00,Sunday,Graydon Hall/York Mills Station,General Delay,40,70,B/W,
2019-12-01,115,14:00:00,Sunday,Bannatyne to York Mills Station,General Delay,40,70,B/W,
2019-12-01,24,14:12:00,Sunday,Victoria Park Ave/Pawnee Ave,Mechanical,7,14,W/B,8546
2019-12-01,36,14:15:00,Sunday,FARR,Mechanical,5,10,W/B,3281
2019-12-01,43,14:21:00,Sunday,Kennedy and Sheppard,Investigation,10,20,S/B,8709
2019-12-01,165,15:00:00,Sunday,York Mills Stn,Mechanical,10,20,S/B,3199
2019-12-01,927,15:00:00,Sunday,Steeles & Marting Grove Loop,Mechanical,10,20,S/B,3617
2019-12-01,985,15:22:00,Sunday,Kennedy and Sheppard,Investigation,12,24,W/B,1324
2019-12-01,80,15:36:00,Sunday,Sherway Gardens,Mechanical,24,48,E/B,8036
2019-12-01,985,15:49:00,Sunday,Victoria Park and Sheppard,Mechanical,12,24,E/B,9006
2019-12-01,53,15:50:00,Sunday,Steeles and Midland,Mechanical,6,12,E/B,3410
2019-12-01,34,15:54:00,Sunday,Grenoble and Spanbridge,Mechanical,18,36,E/B,8640
2019-12-01,5,16:00:00,Sunday,On route,General Delay,10,10,B/W,
2019-12-01,95,16:00:00,Sunday,Kingston Road Loop to York Mills Station,General Delay,30,44,B/W,
2019-12-01,23,16:01:00,Sunday,Main Street station,Mechanical,10,20,E/B,3116
2019-12-01,110,16:10:00,Sunday,Long Branch,Mechanical,10,20,S/B,8023
2019-12-01,84,16:10:00,Sunday,Sheppard West Station,Mechanical,8,16,E/B,3250
2019-12-01,23,16:20:00,Sunday,Main Street station,Mechanical,10,20,E/B,9217
2019-12-01,87,16:26:00,Sunday,Main Street station,Utilized Off Route,10,20,E/B,8527
2019-12-01,94,16:27:00,Sunday,Harbord and Euclide,Mechanical,8,16,E/B,1553
2019-12-01,47,16:27:00,Sunday,Caledonia and Eglinton,Mechanical,18,36,N/B,1105
2019-12-01,25,16:28:00,Sunday,Don Mills & Wynford,Mechanical,8,17,S/B,8861
2019-12-01,59,16:30:00,Sunday,Oak Street to Lawrence West Station,General Delay,20,50,B/W,
2019-12-01,130,16:39:00,Sunday,McCowan,Investigation,30,60,B/W,1403
2019-12-01,133,16:40:00,Sunday,McCowan,Investigation,10,20,B/W,1326
2019-12-01,23,16:45:00,Sunday,23 Dawes route,General Delay,10,20,B/W,
2019-12-01,116,16:54:00,Sunday,Kennedy Station,Vision,7,14,E/B,8733
2019-12-01,45,17:40:00,Sunday,SLPK - Steeles & Kipling,Mechanical,10,20,S/B,7954
2019-12-01,113,18:05:00,Sunday,Kennedy station,Mechanical,20,40,W/B,8565
2019-12-01,1,18:15:00,Sunday,St Clair Station,Mechanical,1,1,N/B,1560
2019-12-01,935,18:30:00,Sunday,Jane Station to Pioneer Village Station,General Delay,30,40,B/W,
2019-12-01,85,18:30:00,Sunday,Don Mills Station to Rouge Hill Go Station,General Delay,30,40,B/W,
2019-12-01,52,18:31:00,Sunday,Lawrence Station,Mechanical,14,28,W/B,8162
2019-12-01,111,18:37:00,Sunday,Kipling Stn,Utilized Off Route,13,26,N/B,8016
2019-12-01,52,18:39:00,Sunday,Lawrence West Station,Mechanical,15,30,W/B,8130
2019-12-01,47,19:06:00,Sunday,Earlscourt Loop,Mechanical,20,40,S/B,1052
2019-12-01,600,19:18:00,Sunday,Lawrence Station,Investigation,1,1,S/B,3242
2019-12-01,39,19:18:00,Sunday,Finch and Neilson,Investigation,16,32,E/B,1566
2019-12-01,84,19:20:00,Sunday,Sheppard Station,Vision,10,20,W/B,3292
2019-12-01,40,19:45:00,Sunday,Kipling Stn,Investigation,24,48,E/B,8081
2019-12-01,900,19:45:00,Sunday,Kipling Stn,Investigation,9,18,N/B,8005
2019-12-01,39,20:00:00,Sunday,Finch Station - Sewells,General Delay,15,35,BW,
2019-12-01,939,20:00:00,Sunday,Finch Station - Scarborough Station,General Delay,15,25,BW,
2019-12-01,7,20:09:00,Sunday,bathurst and hotspur,Investigation,8,17,S/B,8300
2019-12-01,165,20:32:00,Sunday,finch and weston,Vision,8,17,N/B,3246
2019-12-01,54,20:35:00,Sunday,Lawrence at Warden,Diversion,180,190,B/W,
2019-12-01,46,20:40:00,Sunday,Kipling Stn.,Mechanical,20,40,N/B,3609
2019-12-01,38,21:45:00,Sunday,Lawson and Centinel,Mechanical,12,24,W/B,3466
2019-12-01,39,21:49:00,Sunday,Midland and Finch,Mechanical,27,54,E/B,1311
2019-12-01,34,21:53:00,Sunday,Forman Ave / Eglinton E,Investigation,17,34,E/B,8690
2019-12-01,35,21:58:00,Sunday,Pioneer Village Station,Mechanical,10,17,S/B,3564
2019-12-01,45,22:32:00,Sunday,Kipling & Mattice,Investigation,10,20,S/B,7959
2019-12-01,84,22:40:00,Sunday,Weston at Bradstock,Mechanical,10,20,E/B,3272
2019-12-01,109,22:51:00,Sunday,Varna and Lawrence,Diversion,89,104,B/W,
2019-12-01,109,22:51:00,Sunday,Varna and Lawrence,Investigation,15,30,N/B,8330
2019-12-01,109,22:51:00,Sunday,Varna and Flemington,Investigation,15,30,S/B,8183
2019-12-01,52,23:13:00,Sunday,Lawrence at Jane,Investigation,10,30,W/B,8176
2019-12-01,32,23:20:00,Sunday,eglinton and ?,Investigation,10,20,E/B,1590
2019-12-01,106,23:25:00,Sunday,Sheppard West Station,Utilized Off Route,12,26,N/B,8348
2019-12-01,32,23:27:00,Sunday,eglinton and allen,Investigation,10,20,E/B,1268
2019-12-01,52,23:29:00,Sunday,Lawrence West Station,Utilized Off Route,15,30,W/B,8149
2019-12-02,32,00:30:00,Monday,eglinton and dufferin,Emergency Services,10,20,W/B,1085
2019-12-02,96,00:54:00,Monday,westhumber and martingrove,Investigation,12,24,E/B,3603
2019-12-02,39,00:55:00,Monday,Finch Station,Utilized Off Route,20,40,E/B,3520
2019-12-02,89,01:01:00,Monday,Weston & Ray,Mechanical,10,20,S/B,1325
2019-12-02,42,01:32:00,Monday,Finch & Skymark,Mechanical,1,1,W/B,8196
2019-12-02,396,01:45:00,Monday,York Mills Station,Investigation,20,20,W/B,3603
2019-12-02,320,02:00:00,Monday,Steeles - Queens Quay,General Delay,15,22,BW,
2019-12-02,110,02:01:00,Monday,Garnett James Road / Coins st,Mechanical,30,60,N/B,7976
2019-12-02,84,02:14:00,Monday,Weston & Bradstock,Investigation,17,27,E/B,3185
2019-12-02,900,02:50:00,Monday,Shaver Ave South and Dundas Street West,Mechanical,16,32,E/B,8056
2019-12-02,89,04:01:00,Monday,Weston & Dennis,Mechanical,11,22,S/B,1098
2019-12-02,161,05:00:00,Monday,Louvain and Humber Blvd,Diversion,999,999,E/B,
2019-12-02,32,05:07:00,Monday,Eglinton Station,Late Leaving Garage - Mechanical,17,34,W/B,1113
2019-12-02,116,05:10:00,Monday,eglin yard,Mechanical,1,1,E/B,8827
2019-12-02,34,05:19:00,Monday,egli.. Yard,Mechanical,1,1,E/B,8668
2019-12-02,96,05:20:00,Monday,Finch and Humberline,Late Leaving Garage - Operator,13,26,W/B,3199
2019-12-02,160,05:23:00,Monday,Wilson Station,Late Leaving Garage - Mechanical,20,40,N/B,1253
2019-12-02,34,05:25:00,Monday,eglinton yard,Late Leaving Garage - Operator,1,1,E/B,8698
2019-12-02,25,05:25:00,Monday,egli yard,Mechanical,1,1,E/B,8886
2019-12-02,107,05:29:00,Monday,Wilson Station,Late Leaving Garage - Mechanical,26,52,N/B,3284
2019-12-02,17,05:30:00,Monday,WINTERMARK/BIRCHMOUNT,Mechanical,14,34,N/B,8950
2019-12-02,67,05:30:00,Monday,eglinton yard,Late Leaving Garage - Operator,1,1,E/B,8647
2019-12-02,73,05:34:00,Monday,Royal York Station,Mechanical,17,35,N/B,8419
2019-12-02,32,05:36:00,Monday,Keele and Eglinton,Mechanical,3,6,E/B,1036
2019-12-02,57,05:36:00,Monday,eglinton yard,Late Leaving Garage - Operator,1,1,E/B,8685
2019-12-02,67,05:37:00,Monday,Crossland and Reddits,Late Leaving Garage - Operator,17,17,N/B,8647
2019-12-02,54,05:40:00,Monday,Lawrence and Scarborough Golf Club,Utilized Off Route,15,26,W/B,8691
2019-12-02,54,05:40:00,Monday,eglinton yard,Late Leaving Garage - Mechanical,1,1,E/B,8704
2019-12-02,929,05:43:00,Monday,Dufferin and Lawrence,Late Leaving Garage - Operator,9,18,S/B,9018
2019-12-02,989,05:55:00,Monday,SIGNET AND STEELES,Late Leaving Garage - Operator,14,28,S/B,1068
2019-12-02,25,05:59:00,Monday,Don Mills Station,Late Leaving Garage - Operator,12,23,S/B,8633
2019-12-02,925,06:00:00,Monday,Freshmeadow and Don Mills,Late Leaving Garage - Operator,10,10,S/B,8913
2019-12-02,57,06:00:00,Monday,Midland/Steeles,Late Leaving Garage - Operator,8,16,S/B,8672
2019-12-02,89,06:00:00,Monday,ENTIRE ROUTE,General Delay,11,35,B/W,
2019-12-02,80,06:00:00,Monday,ENTIRE ROUTE,General Delay,30,60,B/W,
2019-12-02,143,06:00:00,Monday,143 Downtown- Beach Express Route,General Delay,15,30,B/W,
2019-12-02,40,06:00:00,Monday,ENTIRE ROUTE,General Delay,16,45,B/W,
2019-12-02,144,06:00:00,Monday,144 Downtown- Don Valley Express Route,General Delay,15,30,B/W,
2019-12-02,168,06:00:00,Monday,ENTIRE ROUTE,General Delay,7,30,B/W,
2019-12-02,113,06:00:00,Monday,113 Danforth Route,General Delay,12,24,B/W,
2019-12-02,54,06:00:00,Monday,Lawrence and Scarborough Golf Club,Late Leaving Garage - Mechanical,9,18,W/B,8704
2019-12-02,927,06:00:00,Monday,ENTIRE ROUTE,General Delay,7,35,B/W,
2019-12-02,24,06:00:00,Monday,24 Victoria Park Route-All Branch,General Delay,15,30,B/W,
2019-12-02,23,06:00:00,Monday,23 Dawes Route-  Main Station to 195 Rexleigh Dr,General Delay,10,20,B/W,
2019-12-02,46,06:00:00,Monday,ENTIRE ROUTE,General Delay,15,45,B/W,
2019-12-02,905,06:00:00,Monday,Along the Route,General Delay,15,30,B/W,
2019-12-02,67,06:00:00,Monday,67 Pharmacy Route- All Branch,General Delay,15,30,B/W,
2019-12-02,57,06:00:00,Monday,Along Route,General Delay,15,30,B/W,
2019-12-02,64,06:00:00,Monday,64 Main Route,General Delay,10,20,B/W,
2019-12-02,86,06:00:00,Monday,Along the route,General Delay,20,38,B/W,
2019-12-02,116,06:00:00,Monday,Along the entire route,General Delay,20,35,B/W,
2019-12-02,900,06:00:00,Monday,ENTIRE ROUTE,General Delay,10,30,B/W,
2019-12-02,924,06:00:00,Monday,924 Victoria Park Express,General Delay,10,19,B/W,
2019-12-02,62,06:00:00,Monday,62 Mortimer Route,General Delay,16,32,B/W,
2019-12-02,86,06:03:00,Monday,Kennedy Station,Late Leaving Garage - Operator,24,48,W/B,8732
2019-12-02,84,06:05:00,Monday,weston and bradshaw,Vision,11,22,W/B,3292
2019-12-02,7,06:12:00,Monday,Bathurst and Wilson,Late Leaving Garage - Operator,8,16,S/B,8144
2019-12-02,91,06:12:00,Monday,Woodbine Stn,Mechanical,12,24,N/B,8524
2019-12-02,75,06:12:00,Monday,SHERBOURN & BLOOR,Mechanical,7,14,S/B,6853
2019-12-02,927,06:13:00,Monday,DIXON AND ISLINGTON,Investigation,7,14,S/B,3291
2019-12-02,7,06:15:00,Monday,Bathurst Station,Late Leaving Garage - Operator,9,18,N/B,8386
2019-12-02,90,06:15:00,Monday,Oakwood and Vaughan,Mechanical,5,10,E/B,1293
2019-12-02,17,06:15:00,Monday,ST.CLAIR/ SANTAMONICA,Mechanical,7,24,E/B,8574
2019-12-02,112,06:17:00,Monday,Kipling stn,Mechanical,14,28,N/B,7910
2019-12-02,61,06:18:00,Monday,Yonge and Yorkmills,Mechanical,12,24,,8314
2019-12-02,70,06:28:00,Monday,VicPark and O'conner.,Mechanical,17,34,E/B,8931
2019-12-02,945,06:30:00,Monday,Various locations along route,General Delay,32,48,B/W,
2019-12-02,45,06:30:00,Monday,Various location along route,General Delay,24,34,B/W,
2019-12-02,941,06:34:00,Monday,Keele Station,Late Leaving Garage - Mechanical,14,28,N/B,1056
2019-12-02,984,06:35:00,Monday,arrow garage,Mechanical,66,132,W/B,3274
2019-12-02,108,06:40:00,Monday,Pioneer Village Station,Late Leaving Garage - Operator,15,30,S/B,3368
2019-12-02,122,06:42:00,Monday,York Mills Stn,Late Leaving Garage - Operator,9,18,E/B,8374
2019-12-02,63,06:44:00,Monday,Eglinton West Station,Late Leaving Garage - Operator,9,18,S/B,1250
2019-12-02,108,06:47:00,Monday,Pioneer Village Station,Late Leaving Garage - Mechanical,8,16,S/B,3700
2019-12-02,953,06:48:00,Monday,Warden Ave on Steeles,Mechanical,11,22,W/B,9006
2019-12-02,11,06:57:00,Monday,Davisville Stn,Utilized Off Route,16,32,,8127
2019-12-02,913,06:58:00,Monday,STC,Late Leaving Garage - Operator,5,5,E/B,9091
2019-12-02,145,07:00:00,Monday,Lakeshore to King st,General Delay,30,40,E/B,
2019-12-02,143,07:00:00,Monday,Charlotte st Loop - Neville Loop,General Delay,20,30,B/W,
2019-12-02,142,07:00:00,Monday,Highway 401 at Bombay - Berkeley at King,General Delay,20,30,B/W,
2019-12-02,144,07:00:00,Monday,Victoria Pk at Parkwood - Charlotte Loop,General Delay,30,40,B/W,
2019-12-02,22,07:00:00,Monday,Between Coxwell Stn and Coxwell/Queen,General Delay,15,27,B/W,
2019-12-02,26,07:00:00,Monday,Dupont route,General Delay,40,40,B/W,
2019-12-02,142,07:00:00,Monday,Highway 401 at Bombay Loop,Late Leaving Garage - Mechanical,30,60,S/B,1283
2019-12-02,925,07:00:00,Monday,Between Pape Stn and Don Mills/Steeles,General Delay,15,26,B/W,
2019-12-02,35,07:00:00,Monday,Jane route,General Delay,25,35,B/W,
2019-12-02,132,07:00:00,Monday,STC,General Delay,12,24,N/B,3514
2019-12-02,133,07:00:00,Monday,STC,General Delay,8,16,E/B,9057
2019-12-02,134,07:00:00,Monday,STC,General Delay,17,34,E/B,9057
2019-12-02,70,07:00:00,Monday,Between Coxwell Stn and 1: Craigton/Pharmacy; 2:Warden Stn,General Delay,15,21,B/W,
2019-12-02,21,07:00:00,Monday,STC,General Delay,10,20,S/B,1245
2019-12-02,81,07:00:00,Monday,Between Pape Stn and Thorcliffe Park,General Delay,15,20,B/W,
2019-12-02,25,07:00:00,Monday,Between Pape Stn and Don Mills/Steeles,General Delay,25,31,B/W,
2019-12-02,129,07:00:00,Monday,STC,General Delay,7,14,N/B,3473
2019-12-02,935,07:00:00,Monday,Jane route,General Delay,20,30,B/W,
2019-12-02,91,07:00:00,Monday,Between Woodbine Stn and YorkMills/Valleywood,General Delay,21,31,B/W,
2019-12-02,131,07:01:00,Monday,STC,General Delay,9,18,S/B,3532
2019-12-02,54,07:05:00,Monday,Eglinton Station,Utilized Off Route,11,21,E/B,8862
2019-12-02,161,07:06:00,Monday,OSSINGTON STATION,Utilized Off Route,12,24,N/B,1576
2019-12-02,92,07:10:00,Monday,92- WOODBINE SOUTH,General Delay,15,24,B/W,
2019-12-02,7,07:11:00,Monday,Bathurst and Wilson,Late Leaving Garage - Operator,4,8,S/B,8185
2019-12-02,89,07:12:00,Monday,NORTHLAND AND WESTON,Mechanical,7,14,N/B,1040
2019-12-02,26,07:15:00,Monday,JANE STATION,Utilized Off Route,14,28,N/B,1127
2019-12-02,600,07:15:00,Monday,ARROW DIVISION,Utilized Off Route,1,1,N/B,3233
2019-12-02,35,07:15:00,Monday,JANE STATION,Utilized Off Route,5,10,N/B,3168
2019-12-02,604,07:16:00,Monday,ARROW GARAGE,Utilized Off Route,1,1,S/B,3238
2019-12-02,941,07:17:00,Monday,Keele Station,Utilized Off Route,15,30,N/B,1109
2019-12-02,941,07:17:00,Monday,Keele Station,Late Leaving Garage - Mechanical,15,30,N/B,1109
2019-12-02,604,07:17:00,Monday,ARROW GARAGE,Utilized Off Route,1,1,S/B,3422
2019-12-02,52,07:18:00,Monday,lawrence west station,Utilized Off Route,15,30,E/B,8326
2019-12-02,607,07:19:00,Monday,MALVERN GARAGE,Utilized Off Route,1,1,S/B,3365
2019-12-02,600,07:20:00,Monday,ROYAL YORK STATION,Utilized Off Route,1,1,E/B,8030
2019-12-02,63,07:21:00,Monday,Ossington Station,Utilized Off Route,8,16,N/B,8193
2019-12-02,600,07:22:00,Monday,SHEPPARD WEST STATION,Utilized Off Route,1,1,S/B,8335
2019-12-02,600,07:25:00,Monday,EGLINTON YARD,Utilized Off Route,1,1,E/B,8848
2019-12-02,6,07:25:00,Monday,BAY & BLOOR,Utilized Off Route,5,10,S/B,3726
2019-12-02,25,07:26:00,Monday,Pape Stn,Utilized Off Route,6,12,W/B,8624
2019-12-02,43,07:29:00,Monday,Kennedy/Lawrence,Investigation,10,20,S/B,8880
2019-12-02,161,07:30:00,Monday,161- ROGERS,General Delay,15,27,B/W,
2019-12-02,960,07:33:00,Monday,Steeles and Tandem Rd,Investigation,10,20,W/B,3362
2019-12-02,32,07:36:00,Monday,EGLINTON WEST STATION,Utilized Off Route,10,20,E/B,1133
2019-12-02,15,07:37:00,Monday,Sherway Gardens,Mechanical,13,26,W/B,8096
2019-12-02,939,07:40:00,Monday,Skymark and Finch,Investigation,4,8,W/B,3512
2019-12-02,32,07:40:00,Monday,Eglinton Station,Utilized Off Route,7,14,W/B,1625
2019-12-02,600,07:42:00,Monday,Wilson Garage,Utilized Off Route,0,0,,8214
2019-12-02,32,07:43:00,Monday,Eglinton Station,Mechanical,9,18,W/B,1000
2019-12-02,96,07:44:00,Monday,York Mills Station,Late Leaving Garage - Operator,9,18,S/B,3707
2019-12-02,134,07:45:00,Monday,Finch and Tapscott,Mechanical,18,36,W/B,9096
2019-12-02,995,07:45:00,Monday,York Mills Station,Late Leaving Garage - Operator,10,20,W/B,3432
2019-12-02,96,07:48:00,Monday,Keele and Wilson,Utilized Off Route,8,16,E/B,3707
2019-12-02,123,07:50:00,Monday,Long Branch,Mechanical,17,35,W/B,8418
2019-12-02,945,07:51:00,Monday,Kipling/Rexdale,Investigation,6,11,S/B,8034
2019-12-02,29,07:52:00,Monday,Wilson Station,Mechanical,7,14,S/B,9048
2019-12-02,81,07:53:00,Monday,Pape / Cosburn,Utilized Off Route,5,10,N/B,8526
2019-12-02,935,07:56:00,Monday,JANE STATION,Utilized Off Route,7,15,N/B,3230
2019-12-02,52,07:59:00,Monday,lawrence west station,Utilized Off Route,22,44,E/B,1399
2019-12-02,50,08:00:00,Monday,Entire Route,General Delay,20,31,B/W,
2019-12-02,73,08:00:00,Monday,Entire Route,General Delay,25,33,B/W,
2019-12-02,37,08:00:00,Monday,Entire Route,General Delay,25,35,B/W,
2019-12-02,60,08:00:00,Monday,Signal Hill to Finch Station,General Delay,19,25,B/W,
2019-12-02,189,08:00:00,Monday,Along route,General Delay,35,60,B/W,
2019-12-02,130,08:00:00,Monday,STC,General Delay,14,28,N/B,3423
2019-12-02,12,08:00:00,Monday,12 Kingston Route- All Branch,General Delay,12,24,B/W,
2019-12-02,76,08:00:00,Monday,Entire Route,General Delay,20,25,B/W,
2019-12-02,944,08:00:00,Monday,Along route,General Delay,32,40,B/W,
2019-12-02,168,08:01:00,Monday,DUNDAS WEST STN,Utilized Off Route,6,12,N/B,1549
2019-12-02,23,08:05:00,Monday,Victoria Park/St. Clair,Mechanical,6,11,S/B,8564
2019-12-02,52,08:05:00,Monday,allen and lawrence,Mechanical,15,30,E/B,8381
2019-12-02,53,08:11:00,Monday,Steeles Route,General Delay,20,40,B/W,3470
2019-12-02,7,08:15:00,Monday,Bathurst Station,Utilized Off Route,8,16,N/B,8185
2019-12-02,95,08:18:00,Monday,York Mills Stn,Utilized Off Route,8,16,E/B,1504
2019-12-02,54,08:20:00,Monday,Eglinton Station,Utilized Off Route,9,18,E/B,8795
2019-12-02,42,08:23:00,Monday,Dynamic and McNicoll,Mechanical,14,28,W/B,8174
2019-12-02,121,08:25:00,Monday,CHERRY ST & MILL ST.,Mechanical,16,32,W/B,8514
2019-12-02,902,08:26:00,Monday,ST CLAIR/ BIRCHMOUNT,Emergency Services,10,20,W/B,8527
2019-12-02,25,08:31:00,Monday,Pape Stn,Utilized Off Route,6,12,N/B,8759
2019-12-02,16,08:32:00,Monday,MCCOWAN/LAWRENCE,Mechanical,7,14,S/B,3142
2019-12-02,79,08:35:00,Monday,HIGH PARK STATION,Utilized Off Route,5,10,N/B,1575
2019-12-02,26,08:40:00,Monday,JANE STATION,Utilized Off Route,14,28,E/B,1096
2019-12-02,54,08:40:00,Monday,Eglitnon Station,Utilized Off Route,9,18,E/B,8899
2019-12-02,29,08:40:00,Monday,Bloor and dufferin,Utilized Off Route,9,18,N/B,9141
2019-12-02,7,08:50:00,Monday,Greenwin Village and Steeles,Mechanical,8,15,S/B,1340
2019-12-02,42,08:57:00,Monday,Finch Station,Mechanical,7,14,E/B,8140
2019-12-02,43,09:00:00,Monday,Kennedy/ Ellesmere Rd.,Investigation,13,26,N/B,8685
2019-12-02,706,09:05:00,Monday,Main Stn,Utilized Off Route,1,1,W/B,3138
2019-12-02,600,09:08:00,Monday,MALVERN GARAGE,Utilized Off Route,1,1,S/B,3545
2019-12-02,600,09:10:00,Monday,VICTORIA PARK STATION,Utilized Off Route,1,1,S/B,8791
2019-12-02,706,09:12:00,Monday,MAIN STATION,Utilized Off Route,1,1,S/B,9220
2019-12-02,145,09:12:00,Monday,Front at Bereley,Mechanical,30,60,N/B,7972
2019-12-02,600,09:12:00,Monday,KIPLING STN,Utilized Off Route,1,1,S/B,8433
2019-12-02,39,09:16:00,Monday,FSTN,Utilized Off Route,10,16,E/B,3469
2019-12-02,75,10:00:00,Monday,SHERBOURN & BLOOR,Mechanical,5,10,N/B,8122
2019-12-02,29,10:10:00,Monday,King and Dufferin,Mechanical,7,14,N/B,9035
2019-12-02,939,10:20:00,Monday,Sheppard,Mechanical,7,14,S/B,1206
2019-12-02,32,10:37:00,Monday,Keele and Eglinton,Mechanical,13,26,E/B,1028
2019-12-02,25,10:39:00,Monday,Thorncliffe and Overlea,Mechanical,10,20,S/B,8701
2019-12-02,41,11:01:00,Monday,Lawrence,Investigation,12,24,N/B,9150
2019-12-02,88,11:18:00,Monday,Leslie and Wickersteed,Emergency Services,20,40,,8128
2019-12-02,54,11:25:00,Monday,Orton Park and Lawrence,Mechanical,12,24,W/B,8888
2019-12-02,118,11:40:00,Monday,Wilson Station,Mechanical,25,50,W/B,3201
2019-12-02,47,11:42:00,Monday,Mt.Dennis garage,Mechanical,20,40,S/B,1423
2019-12-02,52,11:45:00,Monday,martingtove at tollington,Mechanical,14,28,S/B,8320
2019-12-02,65,11:49:00,Monday,Parliament and Richmount,Diversion,11,25,S/B,3153
2019-12-02,927,11:55:00,Monday,STEELES AND MARTINGROVE,Utilized Off Route,9,18,S/B,3283
2019-12-02,134,11:58:00,Monday,STC,Mechanical,6,12,E/B,9085
2019-12-02,39,12:00:00,Monday,39 Finch Route-All Branch,General Delay,16,32,B/W,3468
2019-12-02,939,12:00:00,Monday,939 Finch Express-All Branch,General Delay,14,28,B/W,3436
2019-12-02,35,12:07:00,Monday,Pioneer Village Stn,Mechanical,7,14,S/B,3195
2019-12-02,985,12:26:00,Monday,STC,Mechanical,12,24,W/B,9068
2019-12-02,160,12:32:00,Monday,Wilson stn,Mechanical,15,30,S/B,1307
2019-12-02,36,12:35:00,Monday,FWSN,Investigation,5,10,W/B,9129
2019-12-02,32,12:46:00,Monday,Oakwood and Eglinton,Mechanical,13,26,E/B,1038
2019-12-02,72,13:10:00,Monday,Carlaw/Lakeshore,Mechanical,19,38,N/B,8531
2019-12-02,37,13:30:00,Monday,Islington stn,Mechanical,20,40,N/B,8070
2019-12-02,29,13:53:00,Monday,Glencairn / Dufferin,Mechanical,7,14,S/B,9138
2019-12-02,34,13:58:00,Monday,Lebovic and Eglinton,Mechanical,12,24,W/B,8680
2019-12-02,68,14:00:00,Monday,Warden Station to Angus Glenn,General Delay,10,36,B/W,
2019-12-02,112,14:10:00,Monday,Dundas/427,Mechanical,20,40,W/B,8061
2019-12-02,996,14:15:00,Monday,Humber loop,Investigation,12,24,E/B,3299
2019-12-02,108,14:23:00,Monday,Niska / Driftwood,Investigation,8,16,N/B,3190
2019-12-02,104,14:26:00,Monday,Sheppard west station,Investigation,15,30,,1277
2019-12-02,106,14:33:00,Monday,Sheppard and Bakersfield,Mechanical,13,26,,1314
2019-12-02,12,14:35:00,Monday,Neil McNeil H.S,Late Leaving Garage - Operator,4,4,N/B,
2019-12-02,36,14:44:00,Monday,FWSN,Mechanical,5,10,W/B,3239
2019-12-02,43,14:52:00,Monday,Eglinton Yard,Mechanical,0,0,OB,8804
2019-12-02,7,14:55:00,Monday,Bathurst stn,Utilized Off Route,7,14,N/B,8103
2019-12-02,39,14:58:00,Monday,McNicoll and Victoria Pk,Late Leaving Garage - Mechanical,14,28,B/W,3480
2019-12-02,25,14:58:00,Monday,Eglinton Yard,Mechanical,0,0,OB,8911
2019-12-02,129,15:00:00,Monday,Scarborough Town Center to Major MacKenzie,General Delay,12,27,B/W,
2019-12-02,132,15:00:00,Monday,Scarborough Town Center to Hupfield/Steeles,General Delay,11,23,B/W,
2019-12-02,134,15:00:00,Monday,Scarborough Town Center to Baldoon and Finch,General Delay,12,30,B/W,
2019-12-02,76,15:00:00,Monday,Lakeshore and Mimico,Utilized Off Route,10,20,N/B,8452
2019-12-02,22,15:00:00,Monday,Coxwell and Henson,Investigation,10,20,S/B,9231
2019-12-02,117,15:14:00,Monday,Sheppard west station,Mechanical,14,28,N/B,1220
2019-12-02,924,15:15:00,Monday,Birchmount Rd/Highview,Late Leaving Garage - Operator,10,19,N/B,9210
2019-12-02,945,15:15:00,Monday,Bloor/Markland,Late Leaving Garage - Vision,5,12,S/B,7910
2019-12-02,995,15:19:00,Monday,Scarb. University Loop,Investigation,10,20,W/B,1652
2019-12-02,986,15:20:00,Monday,Eglinton Yard,Mechanical,0,0,OB,8700
2019-12-02,954,15:21:00,Monday,Eglinton Yard,Mechanical,0,0,OB,8735
2019-12-02,34,15:27:00,Monday,Eglinton Yard,Mechanical,0,0,OB,8802
2019-12-02,130,15:30:00,Monday,Scarborough Town Center to Middlefield/Steeles,General Delay,11,27,B/W,
2019-12-02,94,15:30:00,Monday,Castle Frank Stn,Mechanical,18,36,W/B,1002
2019-12-02,100,15:30:00,Monday,Eglinton Yard,Mechanical,0,0,OB,8736
2019-12-02,929,15:44:00,Monday,Mt Dennis garage,Late Leaving Garage - Mechanical,2,14,N/B,9144
2019-12-02,35,15:50:00,Monday,Jane Station,Investigation,10,20,N/B,3584
2019-12-02,953,15:54:00,Monday,Bayview and Steeles,Late Leaving Garage - Operator,8,16,W/B,9064
2019-12-02,35,15:58:00,Monday,Pioneer Village Station,Late Leaving Garage - Mechanical,10,20,S/B,3504
2019-12-02,74,16:08:00,Monday,Eglinton Station,Late Leaving Garage - Mechanical,17,33,N/B,8115
2019-12-02,108,16:09:00,Monday,Driftwood / Sentinel,Diversion,90,99,N/B,3324
2019-12-02,52,16:09:00,Monday,Lawrence at Keele,Investigation,3,6,E/B,8108
2019-12-02,70,16:15:00,Monday,70 O'Conner,General Delay,8,16,B/W,0
2019-12-02,24,16:15:00,Monday,VICTORIA PARK and Greylawn,Mechanical,9,18,N/B,9225
2019-12-02,86,16:30:00,Monday,Kennedy Station,Mechanical,16,32,E/B,8884
2019-12-02,600,16:36:00,Monday,Warden STN,Investigation,1,1,,8590
2019-12-02,952,16:50:00,Monday,Airport,Mechanical,12,24,W/B,8202
2019-12-02,79,16:53:00,Monday,Pine and Lawrence,Mechanical,17,34,S/B,1633
2019-12-02,600,17:13:00,Monday,Warden Station,Utilized Off Route,1,1,S/B,8776
2019-12-02,12,17:30:00,Monday,KINGSTON / Victoria Park Station,Investigation,20,40,E/B,8586
2019-12-02,939,17:33:00,Monday,Finch Station,Emergency Services,9,18,E/B,3484
2019-12-02,47,17:34:00,Monday,Eglinton and Caledonia,Investigation,8,16,S/B,1416
2019-12-02,109,17:39:00,Monday,Lawrence West Station,Mechanical,12,32,S/B,8170
2019-12-02,52,17:49:00,Monday,Airport T3,Mechanical,13,26,E/B,8200
2019-12-02,38,18:18:00,Monday,Ellesmere Rd/Military Tr,Mechanical,13,26,W/B,1688
2019-12-02,16,18:30:00,Monday,Danforth Rd/Gordonridge Pl,Mechanical,12,23,N/B,9239
2019-12-02,12,18:31:00,Monday,KINGSTON / Kennedy Station,Mechanical,20,40,W/B,8550
2019-12-02,69,19:25:00,Monday,St. Clair Ave/Birchmount Rd,Mechanical,10,20,W/B,9204
2019-12-02,102,19:35:00,Monday,Warden STN,Utilized Off Route,20,40,E/B,8525
2019-12-02,43,19:42:00,Monday,Kennedy Station,Utilized Off Route,10,20,N/B,8821
2019-12-02,17,19:54:00,Monday,Warden STN,Utilized Off Route,13,26,N/B,3157
2019-12-02,39,20:21:00,Monday,Finch & Markham,Mechanical,17,34,W/B,1298
2019-12-02,36,20:59:00,Monday,Norfinch,Investigation,6,12,E/B,9131
2019-12-02,95,21:04:00,Monday,Military Trail and Ellesmere,Mechanical,17,34,W/B,1397
2019-12-02,84,21:32:00,Monday,Sheppard at Arleta,Mechanical,1,1,W/B,3255
2019-12-02,16,21:48:00,Monday,McCowan and Trudelle,Mechanical,12,24,E/B,8593
2019-12-02,96,21:50:00,Monday,Bathrust,Investigation,10,20,N/B,3358
2019-12-02,116,22:20:00,Monday,Conlins and Canmore,Diversion,1,30,E/B,8933
2019-12-02,9,22:35:00,Monday,St Clair and Midland,Investigation,18,35,W/B,8479
2019-12-02,47,23:00:00,Monday,Bridgeland and Caledonia,Mechanical,21,41,S/B,1067
2019-12-02,113,23:09:00,Monday,Kennedy and Summer,Investigation,30,60,N/B,8555
2019-12-02,24,23:31:00,Monday,VICTORIA PARK / Victoria Park Station,Utilized Off Route,9,8,N/B,8599
2019-12-02,39,23:36:00,Monday,Finch & Bayview,Investigation,20,40,W/B,1291
2019-12-02,91,23:49:00,Monday,Underhill & Lawrence,Mechanical,30,60,S/B,9200
2019-12-03,85,00:30:00,Tuesday,Don Mills Station,Utilized Off Route,22,44,E/B,3440
2019-12-03,11,00:45:00,Tuesday,Steeles and Bayview,Mechanical,25,50,SB,1351
2019-12-03,36,01:00:00,Tuesday,Weston / Starview,Investigation,6,12,E/B,3563
2019-12-03,300,01:59:00,Tuesday,Broadview Station,Mechanical,10,20,W/B,1115
2019-12-03,320,02:03:00,Tuesday,Queens Quay & Yonge,Utilized Off Route,3,6,N/B,1149
2019-12-03,85,02:15:00,Tuesday,Don Mills Station,Investigation,1,1,E/B,3491
2019-12-03,86,02:21:00,Tuesday,Kingston Road / Lawrence,Investigation,10,20,N/B,8720
2019-12-03,117,02:40:00,Tuesday,Sheppard west station,Mechanical,20,40,N/B,1243
2019-12-03,320,03:52:00,Tuesday,Queens Quay & Yonge,Mechanical,4,8,N/B,8134
2019-12-03,100,05:06:00,Tuesday,eglinton yard,Mechanical,1,1,E/B,8734
2019-12-03,34,05:21:00,Tuesday,eglinton yard,Late Leaving Garage - Operator,1,1,E/B,8697
2019-12-03,86,05:23:00,Tuesday,eglinton yard,Mechanical,1,1,E/B,8693
2019-12-03,34,05:25:00,Tuesday,eglinton yard,Late Leaving Garage - Mechanical,1,1,E/B,8931
2019-12-03,96,05:31:00,Tuesday,Finch and Humberline,Mechanical,2,4,E/B,3704
2019-12-03,925,05:38:00,Tuesday,eglinton yard,Mechanical,1,1,E/B,8763
2019-12-03,92,05:47:00,Tuesday,Woodbine Stn,Investigation,15,15,S/B,8588
2019-12-03,32,05:47:00,Tuesday,Eglinton and Black Creek,Emergency Services,9,19,E/B,1123
2019-12-03,165,05:51:00,Tuesday,York Mills Station,Late Leaving Garage - Mechanical,6,12,E/B,3702
2019-12-03,29,05:55:00,Tuesday,Princess Gates,Mechanical,9,17,S/B,9016
2019-12-03,86,05:57:00,Tuesday,eglinton yard,Mechanical,1,1,E/B,8795
2019-12-03,12,06:00:00,Tuesday,Vic Prk Stn,Late Leaving Garage - Management,8,16,E/B,3140
2019-12-03,34,06:03:00,Tuesday,eglin yard,Mechanical,1,1,E/B,8702
2019-12-03,68,06:05:00,Tuesday,eglinton yard,Late Leaving Garage - Mechanical,1,1,E/B,8883
2019-12-03,17,06:12:00,Tuesday,BIRCHMOUNT/STEELES,Diversion,32,62,N/B,9238
2019-12-03,78,06:15:00,Tuesday,Carluke / Fifeshire,Late Leaving Garage - Operator,20,20,W/B,8342
2019-12-03,952,06:15:00,Tuesday,wilson garage,Mechanical,11,22,W/B,8171
2019-12-03,86,06:17:00,Tuesday,EGLINTON YARD,Mechanical,1,1,E/B,8707
2019-12-03,53,06:41:00,Tuesday,Passmore / Markham,Mechanical,5,11,W/B,1534
2019-12-03,29,06:48:00,Tuesday,Dufferin and Davenport,Mechanical,7,15,S/B,9137
2019-12-03,64,06:51:00,Tuesday,Main Station,Mechanical,11,22,S/B,3131
2019-12-03,116,06:52:00,Tuesday,Ellesmere Rd/ Morningside,Mechanical,50,100,W/B,8757
2019-12-03,89,06:55:00,Tuesday,ALBION AND WESTON,Mechanical,7,14,S/B,1603
2019-12-03,16,06:58:00,Tuesday,WARDEN STATION,Mechanical,9,19,N/B,8478
2019-12-03,64,06:58:00,Tuesday,Main Station,Mechanical,9,20,S/B,8510
2019-12-03,24,07:00:00,Tuesday,Victoria Park Station - Steeles and Victoria Park,General Delay,12,24,B/W,8524
2019-12-03,32,07:02:00,Tuesday,Keele and Eglinton,Mechanical,7,14,W/B,1092
2019-12-03,90,07:03:00,Tuesday,Oakwood and Vaughan,Investigation,5,10,E/B,8170
2019-12-03,122,07:05:00,Tuesday,York Mills Stn,Mechanical,9,9,E/B,1277
2019-12-03,144,07:30:00,Tuesday,Victoria Park and Charlotte St Loop,General Delay,15,30,B/W,8902
2019-12-03,143,07:30:00,Tuesday,Charlotte st Loop - Neville Loop,General Delay,12,24,B/W,3122
2019-12-03,929,07:50:00,Tuesday,Temple and Dufferin,Investigation,8,17,S/B,9141
2019-12-03,43,07:54:00,Tuesday,Kennedy Station,Mechanical,10,20,N/B,8639
2019-12-03,939,07:58:00,Tuesday,FWSN,Mechanical,7,14,E/B,3406
2019-12-03,63,08:07:00,Tuesday,Queen and Ossington,Investigation,4,7,N/B,8120
2019-12-03,76,08:15:00,Tuesday,Royal York Bloor to the Queensway,General Delay,15,25,B/W,
2019-12-03,60,08:20:00,Tuesday,Finch Station,Mechanical,8,16,W/B,3574
2019-12-03,145,08:24:00,Tuesday,Colburne Lodge and Lakeshore Blvd West,Mechanical,58,93,W/B,8449
2019-12-03,32,08:27:00,Tuesday,Eglinton & Allen Road,Mechanical,7,14,W/B,1605
2019-12-03,42,08:33:00,Tuesday,McNicoll and Hines,Diversion,999,999,B/W,8322
2019-12-03,41,08:50:00,Tuesday,Lonborough and Keele,Investigation,15,30,N/B,9040
2019-12-03,47,09:10:00,Tuesday,Earlscourt loop,Investigation,1,9,S/B,1129
2019-12-03,72,10:00:00,Tuesday,FRONT ST & BAY ST,Diversion,0,0,N/B,
2019-12-03,6,10:00:00,Tuesday,BAY ST & FRONT ST,Diversion,12,24,S/B,1133
2019-12-03,47,10:03:00,Tuesday,Caledonia and Eglinton,Diversion,16,34,S/B,1034
2019-12-03,25,10:10:00,Tuesday,Don Mills Stn,Utilized Off Route,9,18,N/B,8732
2019-12-03,131,10:20:00,Tuesday,Morningview Trail,Mechanical,14,28,N/B,3543
2019-12-03,72,10:27:00,Tuesday,Pape station,Investigation,9,19,S/B,3162
2019-12-03,927,10:56:00,Tuesday,MARTINGROVE AND TEALHAM DR,Investigation,6,12,S/B,3616
2019-12-03,9,11:56:00,Tuesday,BELLAMY/EGLINTON,Diversion,36,62,S/B,3106
2019-12-03,64,12:00:00,Tuesday,Main Station and Queen st/ Winerva,General Delay,10,20,B/W,8527
2019-12-03,39,12:00:00,Tuesday,39 Finch Route-All Branch,General Delay,16,32,B/W,3557
2019-12-03,939,12:00:00,Tuesday,939 Finch Express-All Branch,General Delay,14,28,B/W,3540
2019-12-03,86,12:30:00,Tuesday,Markham Rd. / Eglinton,Investigation,10,20,W/B,8876
2019-12-03,17,12:32:00,Tuesday,Birchmount Rd/Huntingwood Dr,Investigation,16,33,N/B,8563
2019-12-03,54,12:32:00,Tuesday,Rouge Hill Go Station,Mechanical,20,40,EB,8900
2019-12-03,52,12:38:00,Tuesday,lawrence west stn,Mechanical,12,24,E/B,8131
2019-12-03,929,12:40:00,Tuesday,Wilson stn / Princessgate,General Delay,8,16,B/W,
2019-12-03,929,12:40:00,Tuesday,Wilson stn / Exhibition loop,General Delay,15,27,B/W,
2019-12-03,36,12:40:00,Tuesday,Finch west stn,Mechanical,15,30,W/B,3354
2019-12-03,70,13:00:00,Tuesday,Entire route,General Delay,10,23,S/B,
2019-12-03,5,13:00:00,Tuesday,Entire route,General Delay,30,40,B/W,
2019-12-03,34,13:00:00,Tuesday,Entire route,General Delay,12,37,B/W,
2019-12-03,65,13:00:00,Tuesday,Entire route,General Delay,10,23,S/B,
2019-12-03,102,13:03:00,Tuesday,Markham Rd/Sheppard Ave E,Investigation,15,35,N/B,8580
2019-12-03,11,13:07:00,Tuesday,Steels and Bayview,Mechanical,13,26,S/B,1221
2019-12-03,32,13:30:00,Tuesday,Renforth to Eglinton Station,General Delay,20,33,B/W,
2019-12-03,86,13:40:00,Tuesday,Kennedy Station,Investigation,10,20,E/B,8790
2019-12-03,52,13:56:00,Tuesday,lawrence and culford,Investigation,14,28,E/B,8206
2019-12-03,91,14:00:00,Tuesday,O'Connor Drive/ St Clair and Woodbine Ave,General Delay,15,30,S/B,
2019-12-03,68,14:10:00,Tuesday,Eglinton Yard,Mechanical,0,0,OB,8723
2019-12-03,11,14:30:00,Tuesday,Entire route,General Delay,15,35,B/W,
2019-12-03,36,14:40:00,Tuesday,Finch / Arrow,Mechanical,5,10,W/B,9115
2019-12-03,54,14:45:00,Tuesday,Star spray,Late Leaving Garage - Mechanical,8,16,W/B,8739
2019-12-03,57,14:45:00,Tuesday,Eglinton Yard,Mechanical,0,0,OB,8905
2019-12-03,17,14:46:00,Tuesday,Birchmount Rd/Chelwood Rd,Investigation,20,20,N/B,9238
2019-12-03,32,14:47:00,Tuesday,Renforth Station,Mechanical,11,22,E/B,1208
2019-12-03,60,14:55:00,Tuesday,Pioneer Village Station,Mechanical,11,22,WB,3202
2019-12-03,37,14:58:00,Tuesday,Islington and Albion,Investigation,12,30,S/B,8443
2019-12-03,37,15:00:00,Tuesday,Entire Route,General Delay,25,35,B/W,
2019-12-03,68,15:00:00,Tuesday,Warden Station to Angus Glenn,General Delay,10,36,B/W,
2019-12-03,996,15:00:00,Tuesday,Weston and Starview,Investigation,11,22,E/B,3563
2019-12-03,935,15:00:00,Tuesday,Entire Line,General Delay,20,25,B/W,3241
2019-12-03,35,15:00:00,Tuesday,Entire Line,General Delay,20,25,B/W,3365
2019-12-03,929,15:07:00,Tuesday,Mt Dennis,Late Leaving Garage - Vision,2,14,S/B,
2019-12-03,17,15:08:00,Tuesday,Kennedy Loop,Late Leaving Garage - Operator,1,1,S/B,9223
2019-12-03,52,15:14:00,Tuesday,kipling and dixon,Mechanical,18,36,W/B,1297
2019-12-03,7,15:15:00,Tuesday,Wilson garage,Late Leaving Garage - Vision,5,10,N/B,8104
2019-12-03,11,15:23:00,Tuesday,Sunnybrook Hospital,Late Leaving Garage - Mechanical,12,24,S/B,8302
2019-12-03,986,15:26:00,Tuesday,Eglinton Yard,Mechanical,0,0,OB,8666
2019-12-03,25,15:27:00,Tuesday,Eglinton Yard,Mechanical,0,0,OB,8735
2019-12-03,95,15:30:00,Tuesday,York Mills Station to Kingston Road,General Delay,15,25,B/W,
2019-12-03,73,15:30:00,Tuesday,Entire Route,General Delay,25,35,B/W,
2019-12-03,97,15:30:00,Tuesday,Queen's Quay to Steeles,General Delay,20,40,B/W,
2019-12-03,132,15:30:00,Tuesday,Scarborough Town Center to Hupfield/Steeles,General Delay,9,22,B/W,
2019-12-03,129,15:30:00,Tuesday,Scarborough Town Center to Major MacKenzie,General Delay,9,24,W/B,
2019-12-03,122,15:30:00,Tuesday,York Mills Station to Lynedock,General Delay,15,30,B/W,
2019-12-03,109,15:30:00,Tuesday,Eglinton West Station to Neptune,General Delay,20,40,B/W,
2019-12-03,108,15:37:00,Tuesday,Pioneer stn,Vision,7,14,S/B,3636
2019-12-03,85,15:38:00,Tuesday,Sheppard and Morrison,Mechanical,13,26,,9000
2019-12-03,924,15:44:00,Tuesday,Ellemere/ Victoria Park,Mechanical,10,19,S/B,9211
2019-12-03,52,16:00:00,Tuesday,Jetliner Road,General Delay,20,40,BW,8379
2019-12-03,54,16:00:00,Tuesday,"Leslie, Bayview, Mt Pleasant, Warden < Markham",General Delay,30,38,B/W,
2019-12-03,952,16:00:00,Tuesday,Terminal 3,General Delay,12,24,BW,8203
2019-12-03,122,16:17:00,Tuesday,York Mills Station,Mechanical,10,20,E/B,9168
2019-12-03,24,16:30:00,Tuesday,VICTORIA PARK and York Mills,Investigation,18,36,S/B,8946
2019-12-03,73,16:40:00,Tuesday,Royal York stn,Utilized Off Route,13,25,N/B,8077
2019-12-03,63,16:50:00,Tuesday,Dundas and Ossington,General Delay,17,27,N/B,8382
2019-12-03,54,17:04:00,Tuesday,Morningside and Lawrence,Investigation,8,16,W/B,8766
2019-12-03,67,17:05:00,Tuesday,PHARMACY NORTH / Victoria Park Station,Mechanical,10,20,N/B,8892
2019-12-03,23,17:30:00,Tuesday,DAWES and Rexleigh,Mechanical,7,14,S/B,8537
2019-12-03,12,17:34:00,Tuesday,KINGSTON and Victoria Park,Mechanical,20,40,W/B,8571
2019-12-03,165,18:00:00,Tuesday,Jane and Wilson,General Delay,11,27,W/B,3182
2019-12-03,68,18:25:00,Tuesday,Warden and Hwy#7,Diversion,19,45,N/B,8841
2019-12-03,905,18:29:00,Tuesday,Eglinton / Mc.Cowan,Investigation,9,18,E/B,8715
2019-12-03,84,18:32:00,Tuesday,Sheppard and Jane,Investigation,20,40,WB,3187
2019-12-03,939,18:35:00,Tuesday,Finch E Station,Mechanical,9,18,E/B,1385
2019-12-03,86,18:45:00,Tuesday,Morningside / Kingston,Mechanical,16,32,W/B,8693
2019-12-03,68,18:53:00,Tuesday,Warden and Hwy#7,Mechanical,17,40,N/B,8879
2019-12-03,94,20:00:00,Tuesday,Ossington station and Wellesely station,General Delay,10,20,B/W,
2019-12-03,113,20:31:00,Tuesday,DANFORTH / Main Station,Mechanical,0,0,E/B,8516
2019-12-03,63,20:35:00,Tuesday,Ossington and Dupont,Emergency Services,10,20,S/B,8113
2019-12-03,124,20:52:00,Tuesday,Roe Loop,Mechanical,20,40,EB,1223
2019-12-03,48,21:00:00,Tuesday,Rathburn & West Mall,Diversion,5,60,E/B,8610
2019-12-03,109,21:22:00,Tuesday,On Varna and Flemington from Lawrence to Ranee,Diversion,240,260,B/W,
2019-12-03,89,21:26:00,Tuesday,Weston at Rey,Mechanical,10,20,S/B,1010
2019-12-03,70,22:00:00,Tuesday,Warden station,General Delay,15,45,B/W,
2019-12-03,72,22:00:00,Tuesday,Bay and Front,General Delay,15,25,B/W,
2019-12-03,52,22:28:00,Tuesday,Lawrence West Station,Utilized Off Route,17,34,EB,1371
2019-12-03,40,22:50:00,Tuesday,Dundas West station,Mechanical,15,30,W/B,8017
2019-12-03,7,23:06:00,Tuesday,Bathurst Stn.,Mechanical,8,16,N/B,8394
2019-12-03,167,23:07:00,Tuesday,"On Pharmacy, at Finch",Investigation,30,60,S/B,8502
2019-12-03,30,23:10:00,Tuesday,High park Station,Mechanical,15,30,W/B,8017
2019-12-03,44,23:25:00,Tuesday,Kipling Station,Mechanical,10,20,S/B,8026
2019-12-03,121,23:52:00,Tuesday,Cherry and Mill,Emergency Services,30,60,S/B,8958
2019-12-04,17,00:42:00,Wednesday,Warden station,Emergency Services,25,50,N/B,8504
2019-12-04,54,04:50:00,Wednesday,EGLINTON YARD,Mechanical,1,1,E/B,8892
2019-12-04,42,05:00:00,Wednesday,McNicoll and Hines,Diversion,999,999,B/W,8354
2019-12-04,34,05:03:00,Wednesday,EGLIN YARD,Mechanical,1,1,E/B,8939
2019-12-04,43,05:03:00,Wednesday,EGLIN. YARD,Mechanical,1,1,E/B,8701
2019-12-04,25,05:25:00,Wednesday,EGLINTON YARD,Mechanical,1,1,E/B,8725
2019-12-04,35,05:35:00,Wednesday,Steeles and Peter Kaiser,Mechanical,5,10,N/B,3574
2019-12-04,25,05:35:00,Wednesday,EGLIN. YARD,Mechanical,1,1,E/B,8771
2019-12-04,81,05:36:00,Wednesday,Fulton Ave,Investigation,8,16,S/B,3145
2019-12-04,702,05:45:00,Wednesday,Kipling Station,Utilized Off Route,1,1,E/B,7961
2019-12-04,602,05:45:00,Wednesday,Kipling Station,Utilized Off Route,1,1,E/B,7955
2019-12-04,602,05:45:00,Wednesday,Islington Station,Utilized Off Route,1,1,E/B,8433
2019-12-04,47,05:48:00,Wednesday,Queen and Lansdowne,Utilized Off Route,4,9,N/B,1412
2019-12-04,79,05:49:00,Wednesday,Runnymede Stn,Utilized Off Route,5,10,N/B,1000
2019-12-04,47,05:50:00,Wednesday,Earlscourt loop,Utilized Off Route,4,9,S/B,1614
2019-12-04,25,05:50:00,Wednesday,Pape Stn,Utilized Off Route,6,12,W/B,8727
2019-12-04,54,05:52:00,Wednesday,EGLIN. YARD,Mechanical,1,1,E/B,8866
2019-12-04,132,05:55:00,Wednesday,Sewells and Brenyon Way,Late Leaving Garage - Management,12,24,W/B,1310
2019-12-04,29,05:55:00,Wednesday,Princess Gates,Utilized Off Route,9,18,N/B,9038
2019-12-04,79,05:56:00,Wednesday,Runnymede Stn,Utilized Off Route,5,10,N/B,1305
2019-12-04,41,06:00:00,Wednesday,Keele Station,Utilized Off Route,12,25,N/B,9021
2019-12-04,60,06:00:00,Wednesday,Signal Hill,Late Leaving Garage - Management,14,1,E/B,3641
2019-12-04,168,06:01:00,Wednesday,Dundas West Station,Utilized Off Route,7,14,N/B,1071
2019-12-04,42,06:02:00,Wednesday,Dynamic and Mcnicoll,Mechanical,24,39,W/B,8181
2019-12-04,43,06:04:00,Wednesday,EGLIN. YARD,Mechanical,1,1,E/B,8723
2019-12-04,70,06:04:00,Wednesday,EGLIN. YARD,Mechanical,1,1,E/B,8931
2019-12-04,118,06:06:00,Wednesday,Albion and Arcott,Diversion,69,95,bw,
2019-12-04,54,06:09:00,Wednesday,Lawrence and Scarborough Golf Club,Utilized Off Route,18,32,9,8885
2019-12-04,54,06:11:00,Wednesday,Eglinton Station,Utilized Off Route,9,18,E/B,8739
2019-12-04,100,06:21:00,Wednesday,EGLIN. YARD,Mechanical,1,1,E/B,8855
2019-12-04,6,06:44:00,Wednesday,DAVENPORT & DUPONT,Mechanical,5,10,W/B,3727
2019-12-04,927,06:52:00,Wednesday,Kipling Station,Late Leaving Garage - Mechanical,7,14,N/B,3576
2019-12-04,12,06:54:00,Wednesday,Military Trail,Late Leaving Garage - Operator,27,54,W/B,8593
2019-12-04,925,06:56:00,Wednesday,Freshmeadow and Don Mills,Late Leaving Garage - Operator,9,18,S/B,8803
2019-12-04,12,06:57:00,Wednesday,St. Clair,Mechanical,16,32,S/B,3140
2019-12-04,54,06:58:00,Wednesday,Lawrence and Warden,Mechanical,9,18,W/B,8733
2019-12-04,42,06:58:00,Wednesday,Finch Station,Mechanical,7,14,E/B,8181
2019-12-04,51,07:00:00,Wednesday,Lelie and Sheppard,Diversion,20,160,E/B,
2019-12-04,941,07:03:00,Wednesday,Keele  Station,Late Leaving Garage - Mechanical,14,28,N/B,1409
2019-12-04,6,07:19:00,Wednesday,DAVENPORT & DUPONT,Vision,5,10,N/B,3725
2019-12-04,143,07:30:00,Wednesday,Nevil Park,Late Leaving Garage - Operator,15,30,W/B,8554
2019-12-04,43,07:35:00,Wednesday,Kennedy Station,Mechanical,10,20,N/B,8715
2019-12-04,995,07:52:00,Wednesday,Morningside and ellesmere,Mechanical,10,20,E/B,3492
2019-12-04,96,07:58:00,Wednesday,Wilson and Bathurst,Mechanical,10,20,W/B,3237
2019-12-04,56,08:00:00,Wednesday,Donlands Station,Mechanical,20,40,N/B,1246
2019-12-04,52,08:25:00,Wednesday,lawrence west stn,Vision,15,30,W/B,8104
2019-12-04,161,08:30:00,Wednesday,Jane and Alliance,Late Leaving Garage - Operator,12,24,,1503
2019-12-04,133,09:14:00,Wednesday,Neilson and Crowtrail,Investigation,11,22,S/B,3548
2019-12-04,42,09:17:00,Wednesday,Finch Station,Mechanical,13,26,E/B,8354
2019-12-04,52,09:19:00,Wednesday,Lawrence west station,Mechanical,15,30,W/B,8358
2019-12-04,939,09:50:00,Wednesday,Mc Cowan,Mechanical,9,17,W/B,1291
2019-12-04,63,09:55:00,Wednesday,Oakwood and Davenport,Mechanical,10,20,N/B,8105
2019-12-04,60,10:06:00,Wednesday,Finch Station,Mechanical,11,22,N/B,3585
2019-12-04,36,10:10:00,Wednesday,Finch west stn,Mechanical,5,10,E/B,3354
2019-12-04,43,10:14:00,Wednesday,Kennedy Station,Investigation,10,20,N/B,8912
2019-12-04,129,10:19:00,Wednesday,McCowan and Castlemore,Mechanical,28,56,S/B,1701
2019-12-04,41,10:29:00,Wednesday,St.Clair and Keele,Investigation,10,20,S/B,9026
2019-12-04,57,10:38:00,Wednesday,Kennedy Station,Mechanical,13,26,N/B,8652
2019-12-04,112,11:04:00,Wednesday,Dundas West and West Mall,Investigation,20,40,E/B,7959
2019-12-04,134,11:04:00,Wednesday,Finchdene and Finch,Mechanical,15,30,W/B,9082
2019-12-04,84,11:23:00,Wednesday,sheppard west station,Mechanical,14,28,E/B,3362
2019-12-04,63,11:35:00,Wednesday,Oakwood loop,Mechanical,10,20,,1221
2019-12-04,995,11:40:00,Wednesday,Brimley / Ellesmere,Investigation,13,26,W/B,3463
2019-12-04,52,11:40:00,Wednesday,"terminal 3, airport",Mechanical,14,28,E/B,1309
2019-12-04,939,12:00:00,Wednesday,939 Finch Express-All Branch,General Delay,,,B/W,1401
2019-12-04,39,12:00:00,Wednesday,39 Finch Route-All Branch,General Delay,16,32,B/W,3440
2019-12-04,32,12:38:00,Wednesday,Renforth Station,Mechanical,11,22,E/B,1521
2019-12-04,124,12:50:00,Wednesday,Lawrence and Wanless,Mechanical,15,30,E/B,1227
2019-12-04,70,13:00:00,Wednesday,Entire route,General Delay,15,28,S/B,
2019-12-04,91,13:00:00,Wednesday,Entire route,General Delay,15,30,S/B,
2019-12-04,65,13:00:00,Wednesday,Entire route,General Delay,10,23,S/B,
2019-12-04,32,13:11:00,Wednesday,Eglinton and Scott,Mechanical,11,22,E/B,1208
2019-12-04,95,13:14:00,Wednesday,Ellesmere / Crocus,Investigation,10,20,W/B,1343
2019-12-04,96,13:34:00,Wednesday,Wilson Stn,Mechanical,12,24,,3214
2019-12-04,133,13:56:00,Wednesday,Morningside and Finch,Mechanical,11,22,W/B,3454
2019-12-04,32,14:00:00,Wednesday,Eglinton to Renforth Station,General Delay,20,33,B/W,
2019-12-04,110,14:00:00,Wednesday,Islingotn stn,Mechanical,10,27,S/B,8030
2019-12-04,116,14:19:00,Wednesday,Eglinton Yard,Mechanical,0,0,OB,8802
2019-12-04,29,14:19:00,Wednesday,Lawrence / Dufferin,Mechanical,10,20,S/B,9045
2019-12-04,42,14:22:00,Wednesday,Finch Station,Mechanical,14,27,N/B,8167
2019-12-04,97,14:27:00,Wednesday,Davisville Stn,Late Leaving Garage - Mechanical,20,40,N/B,8370
2019-12-04,57,14:29:00,Wednesday,.Eglinton Yard,Mechanical,0,0,OB,8886
2019-12-04,29,14:30:00,Wednesday,Princess gate / Wilson stn,General Delay,11,18,B/W,
2019-12-04,935,14:30:00,Wednesday,Jane,General Delay,15,15,B/W,
2019-12-04,35,14:30:00,Wednesday,Jane,General Delay,15,15,B/W,
2019-12-04,929,14:30:00,Wednesday,Wilson stn / Springhurst loop,General Delay,8,16,B/W,
2019-12-04,941,14:34:00,Wednesday,Mt Dennis garage,Late Leaving Garage - Operator,15,30,S/B,1263
2019-12-04,133,14:41:00,Wednesday,Scarborough Town Center,Mechanical,9,19,E/B,3430
2019-12-04,129,14:42:00,Wednesday,Scarborough Town Center,Late Leaving Garage - Operator,15,27,N/B,3531
2019-12-04,57,14:44:00,Wednesday,Eglinton Yard,Mechanical,0,0,OB,8623
2019-12-04,986,14:44:00,Wednesday,Cardinal Newman High School,Late Leaving Garage - Mechanical,24,1,N/B,8651
2019-12-04,54,14:47:00,Wednesday,Eglinton Yard,Mechanical,0,0,OB,8680
2019-12-04,25,14:48:00,Wednesday,Eglinton Yard,Mechanical,0,0,OB,8690
2019-12-04,102,14:49:00,Wednesday,Markham & Lawrence,Investigation,20,30,N/B,8948
2019-12-04,37,14:50:00,Wednesday,Islington and The Westway,Late Leaving Garage - Vision,10,20,N/B,7910
2019-12-04,57,14:51:00,Wednesday,Eglinton yard,Mechanical,0,0,OB,8739
2019-12-04,54,14:52:00,Wednesday,Eglinton Yard,Mechanical,0,0,OB,8710
2019-12-04,129,14:54:00,Wednesday,Scarborough Town Center,Late Leaving Garage - Mechanical,12,29,N/B,1650
2019-12-04,54,14:55:00,Wednesday,Eglinton Yard,Mechanical,0,0,OB,8775
2019-12-04,132,15:00:00,Wednesday,Scarborough Town Center to Hupfield/Steeles,General Delay,10,23,B/W,
2019-12-04,129,15:00:00,Wednesday,Scarborough Town Center to Major MacKenzie,General Delay,10,25,B/W,
2019-12-04,25,15:00:00,Wednesday,Eglintomn Yard,Mechanical,0,0,OB,8691
2019-12-04,70,15:01:00,Wednesday,Eglinton Yard,Mechanical,0,0,OB,8866
2019-12-04,954,15:02:00,Wednesday,Eglinton Yard,Mechanical,0,0,OB,8823
2019-12-04,116,15:08:00,Wednesday,Eglinton Yard,Mechanical,0,0,OB,8696
2019-12-04,106,15:15:00,Wednesday,Pioneer Village station,Mechanical,12,24,S/B,8201
2019-12-04,68,15:17:00,Wednesday,Eglinton Yard,Late Leaving Garage - Mechanical,13,0,OB,8706
2019-12-04,116,15:23:00,Wednesday,Eglinton Yard,Mechanical,0,0,OB,8783
2019-12-04,34,15:24:00,Wednesday,Eglinton Yard,Mechanical,0,0,OB,8870
2019-12-04,144,15:27:00,Wednesday,Eglinton Yard,Mechanical,0,0,OB,8773
2019-12-04,34,15:28:00,Wednesday,Eglinton Yard,Mechanical,0,0,OB,8723
2019-12-04,95,15:30:00,Wednesday,York Mills Station to Kingston Road,General Delay,15,25,B/W,
2019-12-04,122,15:30:00,Wednesday,York Mills Station to Roywood,General Delay,15,30,B/W,
2019-12-04,109,15:30:00,Wednesday,Eglinton West Station to Neptune,General Delay,20,40,B/W,
2019-12-04,97,15:30:00,Wednesday,Queen's Quay to Steeles,General Delay,20,40,B/W,
2019-12-04,100,15:31:00,Wednesday,Eglinton Yard,Mechanical,0,0,OB,8700
2019-12-04,95,15:34:00,Wednesday,York Mills Station,Late Leaving Garage - Management,1,2,E/B,3526
2019-12-04,939,15:45:00,Wednesday,Morningside and Nightstar,Late Leaving Garage - Operator,8,16,W/B,
2019-12-04,34,15:48:00,Wednesday,Eglinton Station,Late Leaving Garage - Vision,7,13,E/B,8823
2019-12-04,79,15:49:00,Wednesday,Jone/ Pritchard,Investigation,17,34,B/W,1137
2019-12-04,953,15:52:00,Wednesday,Morningside,Mechanical,6,12,W/B,9095
2019-12-04,52,16:00:00,Wednesday,Lawrence Station,General Delay,20,40,BW,8115
2019-12-04,45,16:02:00,Wednesday,Kipling and Albion,Emergency Services,16,32,S/B,8070
2019-12-04,935,16:12:00,Wednesday,Jane and Steeles,Mechanical,9,19,S/B,3202
2019-12-04,39,16:13:00,Wednesday,Finch Station,Late Leaving Garage - Operator,14,28,E/B,3484
2019-12-04,913,16:27:00,Wednesday,Centennial College,Mechanical,5,10,W/B,9077
2019-12-04,70,16:44:00,Wednesday,Woodbine Ave,Mechanical,17,36,S/B,8750
2019-12-04,144,17:00:00,Wednesday,DON VALLEY DWNT EXP,General Delay,20,40,B/W,
2019-12-04,927,17:00:00,Wednesday,Weston Rd & 401,Mechanical,6,12,S/B,3194
2019-12-04,600,17:20:00,Wednesday,Warden Station,Utilized Off Route,1,1,,8585
2019-12-04,600,17:20:00,Wednesday,Doncliffe Loop,Utilized Off Route,1,1,N/B,8162
2019-12-04,600,17:21:00,Wednesday,Lawrence Station,Utilized Off Route,1,1,SB,8143
2019-12-04,601,17:22:00,Wednesday,Lawrence West Station,Utilized Off Route,1,2,S/B,1373
2019-12-04,600,17:22:00,Wednesday,Sheppard Station,Utilized Off Route,1,1,SB,3506
2019-12-04,600,17:23:00,Wednesday,Pioneer Village,Utilized Off Route,1,1,S/B,1129
2019-12-04,719,17:23:00,Wednesday,Eglinton West Stn.,Utilized Off Route,1,1,S/B,1406
2019-12-04,600,17:23:00,Wednesday,Lawrence Station,Utilized Off Route,1,1,SB,1246
2019-12-04,701,17:24:00,Wednesday,Steels and Bayview,Utilized Off Route,1,1,N/B,1243
2019-12-04,600,17:25:00,Wednesday,Wilson stn,Utilized Off Route,1,1,S/B,1348
2019-12-04,32,17:30:00,Wednesday,Eglinton West Station,Utilized Off Route,10,20,E/B,1208
2019-12-04,90,17:30:00,Wednesday,Oakwood and Vaughan,Utilized Off Route,6,12,S/B,8384
2019-12-04,600,17:30:00,Wednesday,Weston Road and Bradstock,Utilized Off Route,1,1,SB,3224
2019-12-04,143,17:30:00,Wednesday,DWNT BEACH EXP,General Delay,25,50,B/W,
2019-12-04,63,17:30:00,Wednesday,Eglinton West Stn,Utilized Off Route,9,18,S/B,1368
2019-12-04,35,17:30:00,Wednesday,Jane and Shoreham,Investigation,8,8,B/W,3288
2019-12-04,600,17:31:00,Wednesday,Finch / Keele,Utilized Off Route,1,1,N/B,1129
2019-12-04,601,17:32:00,Wednesday,West Stn,Utilized Off Route,1,1,S/B,1352
2019-12-04,32,17:33:00,Wednesday,Eglinton West Station,Utilized Off Route,10,20,E/B,1329
2019-12-04,953,17:33:00,Wednesday,kennedy,Mechanical,6,12,W/B,9072
2019-12-04,601,17:34:00,Wednesday,Lawrence West Station,Utilized Off Route,1,2,S/B,1352
2019-12-04,600,17:34:00,Wednesday,Highpark,Utilized Off Route,1,1,N/B,1035
2019-12-04,600,17:35:00,Wednesday,Lawrence West Station,Investigation,1,1,EB,8143
2019-12-04,952,17:36:00,Wednesday,Lawrence Station,Utilized Off Route,12,24,WB,8209
2019-12-04,7,17:37:00,Wednesday,St Clair,Investigation,7,14,N/B,8109
2019-12-04,52,17:38:00,Wednesday,Lawrence Station,Utilized Off Route,21,42,WB,8376
2019-12-04,61,17:46:00,Wednesday,Wilson and Avenue Road,Mechanical,13,26,N/B,8394
2019-12-04,61,17:55:00,Wednesday,Brook and Avenue Road,Mechanical,13,26,N/B,1253
2019-12-04,46,18:00:00,Wednesday,Martin Grove & 401,General Delay,23,34,N/B,
2019-12-04,954,18:22:00,Wednesday,Lawrence R T,Mechanical,10,20,E/B,8637
2019-12-04,36,18:43:00,Wednesday,Finch west station,Vision,5,10,W/B,9107
2019-12-04,76,18:51:00,Wednesday,Royal York stn,Emergency Services,1,1,S/B,8413
2019-12-04,129,18:59:00,Wednesday,Steeles and McCowan,Mechanical,7,11,S/B,3539
2019-12-04,937,19:11:00,Wednesday,Islington and Finch,Investigation,12,24,N/B,8034
2019-12-04,100,20:05:00,Wednesday,FLEMINGTON PARK / Broadview Station,Investigation,9,18,N/B,8914
2019-12-04,65,20:32:00,Wednesday,Queen St,Investigation,9,18,S/B,9228
2019-12-04,900,20:44:00,Wednesday,Dixon Rd & $ 427,Mechanical,10,20,N/B,8006
2019-12-04,89,21:05:00,Wednesday,Weston and Couter,Vision,10,20,S/B,1011
2019-12-04,54,21:13:00,Wednesday,Scarborough Golf Road,Diversion,13,26,WB,8892
2019-12-04,100,22:00:00,Wednesday,St Dennis and Eglinton,Investigation,10,20,N/B,8855
2019-12-04,53,22:12:00,Wednesday,Finch station,Utilized Off Route,6,12,W/B,3439
2019-12-04,60,22:15:00,Wednesday,Finch station,Utilized Off Route,5,10,W/B,3166
2019-12-04,89,22:44:00,Wednesday,Keele Station,Mechanical,11,22,N/B,1056
2019-12-04,63,22:56:00,Wednesday,Ossington Stn.,Utilized Off Route,10,20,S/B,1395
2019-12-04,32,23:10:00,Wednesday,Pine and Lawrence,Utilized Off Route,11,22,S/B,1516
2019-12-04,32,23:35:00,Wednesday,Eglinton West Stn.,Utilized Off Route,11,21,W/B,1053
2019-12-04,85,23:42:00,Wednesday,Don Mills Station,Investigation,15,30,E/B,3469
2019-12-04,42,23:50:00,Wednesday,McNicoll,Diversion,18,36,W/B,8335
2019-12-04,42,23:50:00,Wednesday,McNicholl,Diversion,18,36,W/B,8183
2019-12-04,42,23:50:00,Wednesday,McNicholl,Diversion,132,172,W/B,8156
2019-12-05,7,01:10:00,Thursday,Bathurst Stn,Utilized Off Route,10,20,S/B,8330
2019-12-05,32,01:17:00,Thursday,Jane and Lawrence,Utilized Off Route,10,20,S/B,1416
2019-12-05,32,01:23:00,Thursday,Eglinton Stn.,Utilized Off Route,11,21,E/B,1065
2019-12-05,332,01:56:00,Thursday,Eglinton station.,Utilized Off Route,16,32,E/B,1416
2019-12-05,300,02:03:00,Thursday,Yonge and Queens Quay,Utilized Off Route,3,6,N/B,1065
2019-12-05,396,03:35:00,Thursday,Wilson and Yonge,Mechanical,30,60,W/B,3352
2019-12-05,87,04:43:00,Thursday,BRGA,Late Leaving Garage - Mechanical,1,1,B/W,3113
2019-12-05,54,04:59:00,Thursday,eglinton yard,Mechanical,1,1,E/B,8735
2019-12-05,939,05:13:00,Thursday,Mc Cowan,Mechanical,10,18,W/B,3539
2019-12-05,133,05:15:00,Thursday,Main St Stn,Mechanical,14,14,E/B,8405
2019-12-05,34,05:15:00,Thursday,eglinton yard,Mechanical,1,1,E/B,8672
2019-12-05,116,05:26:00,Thursday,eglinton yard,Mechanical,1,1,E/B,8744
2019-12-05,54,05:40:00,Thursday,eglin yard,Mechanical,1,1,E/B,8918
2019-12-05,129,05:43:00,Thursday,Steeles Loop,Late Leaving Garage - Mechanical,5,10,S/B,3536
2019-12-05,32,05:45:00,Thursday,Eglinton West Station,Utilized Off Route,3,6,E/B,1140
2019-12-05,95,05:46:00,Thursday,McCowan/Ellesmere,Mechanical,19,38,W/B,1657
2019-12-05,34,05:47:00,Thursday,eglinton yard,Mechanical,1,1,E/B,8635
2019-12-05,92,05:48:00,Thursday,BRGA,Late Leaving Garage - Mechanical,1,1,B/W,8404
2019-12-05,12,05:51:00,Thursday,BRGA,Late Leaving Garage - Management,1,1,B/W,8576
2019-12-05,25,05:56:00,Thursday,Pape Stn,Late Leaving Garage - Mechanical,6,12,N/B,8716
2019-12-05,32,06:02:00,Thursday,Pine and Lawrence,Mechanical,4,8,E/B,1147
2019-12-05,86,06:04:00,Thursday,Manse at Lawrence,Late Leaving Garage - Mechanical,20,40,W/B,8772
2019-12-05,100,06:10:00,Thursday,eglinton yard,Mechanical,1,1,E/B,8918
2019-12-05,5,06:15:00,Thursday,Avenue and Bloor,Mechanical,13,13,,1309
2019-12-05,100,06:17:00,Thursday,eglinton yard,Mechanical,1,1,E/B,8645
2019-12-05,112,06:20:00,Thursday,Renforth Station,Mechanical,15,30,E/B,8460
2019-12-05,54,06:22:00,Thursday,Eglinton and Brentcliffe,Investigation,9,18,E/B,8878
2019-12-05,162,06:25:00,Thursday,Donway and Lawrence,Late Leaving Garage - Management,20,21,W/B,8154
2019-12-05,36,06:25:00,Thursday,Finch / Humber Blvd,Mechanical,4,9,E/B,9112
2019-12-05,89,06:27:00,Thursday,ALBION AND WESTON,Late Leaving Garage - Mechanical,7,14,S/B,1019
2019-12-05,57,06:27:00,Thursday,eglinton yard,Mechanical,1,1,E/B,8877
2019-12-05,25,06:33:00,Thursday,Overlea and William Morgan Dr,Mechanical,6,12,E/B,8729
2019-12-05,60,06:38:00,Thursday,Steeles and Islington,Diversion,42,46,W/B,3252
2019-12-05,937,06:40:00,Thursday,Islington and Steeles,Diversion,70,81,N/B,
2019-12-05,945,06:41:00,Thursday,Kipling Loop,Late Leaving Garage - Mechanical,5,10,S/B,7977
2019-12-05,113,06:43:00,Thursday,Danforth Rd at Woodrow Blvd,Investigation,12,24,S/B,3152
2019-12-05,7,06:48:00,Thursday,Neptune and Bathurst,Investigation,8,16,S/B,8375
2019-12-05,37,06:54:00,Thursday,Islington and Steeles,Diversion,74,88,N/B,8026
2019-12-05,100,06:55:00,Thursday,EGLINTON & VICTORIA PARK,Investigation,3,6,W/B,8757
2019-12-05,82,07:00:00,Thursday,GLEN ROAD & EDGAR AVENUE,Diversion,0,0,N/B,0
2019-12-05,134,07:15:00,Thursday,STC,Late Leaving Garage - Mechanical,7,14,E/B,9002
2019-12-05,60,07:17:00,Thursday,Signal Hill,Emergency Services,8,16,E/B,3208
2019-12-05,925,07:24:00,Thursday,Don Mills/St.Dennis,Mechanical,9,18,N/B,8901
2019-12-05,95,07:31:00,Thursday,York Mills Stn,Late Leaving Garage - Management,11,22,E/B,1639
2019-12-05,66,07:42:00,Thursday,Lakeshore Blvd W and Parklawn,Mechanical,10,20,N/B,7979
2019-12-05,60,07:52:00,Thursday,Steeles and Rossdean,Investigation,8,16,W/B,3233
2019-12-05,60,07:53:00,Thursday,Pioneer Village Station,Mechanical,8,16,E/B,3356
2019-12-05,24,08:00:00,Thursday,Victoria Park Station,Emergency Services,9,19,N/B,3122
2019-12-05,60,08:05:00,Thursday,Pioneer Village Station,Mechanical,8,16,S/B,3365
2019-12-05,939,08:16:00,Thursday,Leslie and Finch,Mechanical,7,15,W/B,1200
2019-12-05,88,08:20:00,Thursday,ST Clair Stn,Mechanical,14,28,,1253
2019-12-05,168,08:25:00,Thursday,DAVENPORT AND SYMINGTON,Investigation,6,12,S/B,1041
2019-12-05,23,08:30:00,Thursday,Main Station to 195 Rexleigh,General Delay,15,25,B/W,
2019-12-05,102,08:40:00,Thursday,Warden Station,Utilized Off Route,10,20,E/B,8497
2019-12-05,701,08:41:00,Thursday,Sheppard West Station,Utilized Off Route,1,1,E/B,8388
2019-12-05,995,09:48:00,Thursday,Scarb. Unviersity Loop,Mechanical,15,30,W/B,3459
2019-12-05,929,09:49:00,Thursday,Dufferin and Ascot,Investigation,8,17,N/B,9052
2019-12-05,63,09:55:00,Thursday,Eglinton stn,Mechanical,10,20,S/B,8150
2019-12-05,64,10:30:00,Thursday,Main Station to Wineva and Queens St,General Delay,15,25,B/W,
2019-12-05,85,10:37:00,Thursday,Markham road and sheppard,Mechanical,7,15,W/B,3481
2019-12-05,20,10:37:00,Thursday,Birchmount Rd at Packet Place,Mechanical,16,41,N/B,3145
2019-12-05,41,10:43:00,Thursday,Seneca and Weston,Investigation,12,24,S/B,9013
2019-12-05,135,11:00:00,Thursday,Gerrard/Malvern,Diversion,30,60,B/W,
2019-12-05,127,11:00:00,Thursday,Mcpherson and Spadina,Investigation,30,60,,1055
2019-12-05,52,11:00:00,Thursday,lawrence west stn,Mechanical,14,28,W/B,1301
2019-12-05,133,11:24:00,Thursday,Scarborough Town Center,Mechanical,10,20,E/B,3551
2019-12-05,36,11:25:00,Thursday,Finch west stn,Mechanical,5,10,E/B,9124
2019-12-05,39,12:00:00,Thursday,39 Finch Route-All Branch,General Delay,16,32,B/W,3542
2019-12-05,939,12:00:00,Thursday,939 Finch Express-All Branch,General Delay,14,28,B/W,3433
2019-12-05,7,12:08:00,Thursday,Greenwin village,Mechanical,8,16,N/B,8338
2019-12-05,995,12:15:00,Thursday,Scarb. University Loop,Mechanical,15,30,W/B,3435
2019-12-05,600,12:30:00,Thursday,Eglinton Yard,Utilized Off Route,1,1,,8662
2019-12-05,600,12:30:00,Thursday,Eglinton Yard,Utilized Off Route,1,1,,8868
2019-12-05,112,12:38:00,Thursday,Dundas St W and Shorncliff,Investigation,20,40,E/B,8020
2019-12-05,14,13:16:00,Thursday,Caledonia and Glencairn,Mechanical,20,40,E/B,1614
2019-12-05,41,13:30:00,Thursday,Pioneer stn / Keele stn,General Delay,15,22,B/W,
2019-12-05,123,13:40:00,Thursday,Long Branch Loop,Investigation,11,22,N/B,8420
2019-12-05,108,13:42:00,Thursday,Driftwood / Finch,Mechanical,8,16,S/B,3210
2019-12-05,600,13:46:00,Thursday,Main Station,Utilized Off Route,1,1,N/B,8577
2019-12-05,24,13:48:00,Thursday,Victoria Park at Lawrence Ave East,Emergency Services,10,20,S/B,3117
2019-12-05,935,13:50:00,Thursday,Pioneer Village,Mechanical,10,19,S/B,3581
2019-12-05,15,14:00:00,Thursday,Kipling and Evans,Diversion,15,40,W/B,
2019-12-05,35,14:25:00,Thursday,Pioneer Village,Mechanical,7,14,S/B,3248
2019-12-05,102,14:27:00,Thursday,Markham Rd/Lawrence Ave E,Mechanical,22,44,N/B,9227
2019-12-05,59,14:28:00,Thursday,Lawrence West Stn,Late Leaving Garage - Mechanical,15,28,W/B,3705
2019-12-05,42,14:37:00,Thursday,Finch Station,Late Leaving Garage - Mechanical,14,1,E/B,8394
2019-12-05,108,14:52:00,Thursday,Arrow rd garage,Late Leaving Garage - Mechanical,3,19,N/B,3284
2019-12-05,17,14:57:00,Thursday,Wintermute Blvd/Birchmount Rd,Late Leaving Garage - Management,9,16,N/B,9228
2019-12-05,37,15:00:00,Thursday,Entire Route,General Delay,20,32,B/W,
2019-12-05,73,15:00:00,Thursday,Entire Route,General Delay,25,35,B/W,
2019-12-05,97,15:10:00,Thursday,Yonge / Wilson,Mechanical,30,60,S/B,8302
2019-12-05,24,15:14:00,Thursday,Milne Middle School,Late Leaving Garage - Mechanical,10,20,E/B,8501
2019-12-05,130,15:19:00,Thursday,Middlefield Loop,Late Leaving Garage - Management,14,30,S/B,3434
2019-12-05,11,15:23:00,Thursday,Sunnybrook Hospital,Late Leaving Garage - Mechanical,12,24,S/B,1365
2019-12-05,113,15:37:00,Thursday,Main station,Late Leaving Garage - Operator,18,23,E/B,3127
2019-12-05,954,15:38:00,Thursday,Lawrence and Starspray,Late Leaving Garage - Mechanical,11,22,W/B,8775
2019-12-05,70,15:40:00,Thursday,Warden Station to Coxwell Station,General Delay,35,52,B/W,
2019-12-05,95,15:40:00,Thursday,University Scarb. Loop,Late Leaving Garage - Mechanical,10,20,W/B,3441
2019-12-05,902,15:40:00,Thursday,Warden STN,Mechanical,10,20,E/B,8943
2019-12-05,68,15:44:00,Thursday,Warden steeles loop,Late Leaving Garage - Mechanical,8,17,S/B,8899
2019-12-05,52,16:00:00,Thursday,Lawrence Station,General Delay,10,20,BW,1270
2019-12-05,952,16:00:00,Thursday,Lawrence Station,General Delay,12,24,BW,8339
2019-12-05,937,16:00:00,Thursday,Entire Route,General Delay,12,24,B/W,
2019-12-05,73,16:15:00,Thursday,Weston and Oak,Utilized Off Route,10,20,S/B,7971
2019-12-05,36,16:19:00,Thursday,Driftwood,Investigation,5,10,W/B,9131
2019-12-05,41,16:37:00,Thursday,St Clair ave,Investigation,16,32,N/B,9102
2019-12-05,35,16:45:00,Thursday,Wilson to 401,General Delay,180,1,B/W,
2019-12-05,35,16:50:00,Thursday,Finch and Jane,Mechanical,10,20,N/B,3315
2019-12-05,935,17:00:00,Thursday,401 to Wilson Ave,General Delay,180,1,B/W,
2019-12-05,47,17:04:00,Thursday,Earlscourt loop,Mechanical,15,30,S/B,1595
2019-12-05,97,17:04:00,Thursday,"On Yonge, at Sheppard",Investigation,20,40,S/B,8332
2019-12-05,36,17:18:00,Thursday,Weston Road,Investigation,18,36,W/B,3271
2019-12-05,144,17:30:00,Thursday,DWNT DON VALLEY EXP,General Delay,20,40,B/W,
2019-12-05,143,17:30:00,Thursday,DWNT BEACH EXPRESS,General Delay,15,30,B/W,
2019-12-05,927,17:30:00,Thursday,Humber college Blvd & Highway 27,Mechanical,6,12,S/B,3569
2019-12-05,32,17:38:00,Thursday,Keele and Eglinton,Investigation,10,20,E/B,1094
2019-12-05,161,17:41:00,Thursday,Dovercourt and Davenport,Investigation,13,26,N/B,1052
2019-12-05,102,17:43:00,Thursday,Markham Rd/16th Ave,Mechanical,22,44,N/B,8591
2019-12-05,56,17:57:00,Thursday,Laird and Industrial,Diversion,1,1,N/B,
2019-12-05,929,17:59:00,Thursday,Dufferin / Liberty,Investigation,10,20,S/B,9034
2019-12-05,94,18:12:00,Thursday,Ossington Stn,Mechanical,17,34,E/B,1044
2019-12-05,54,18:33:00,Thursday,Lawrence and Kingston rd,Emergency Services,10,20,W/B,8677
2019-12-05,935,18:39:00,Thursday,Jane and Exbury,Mechanical,9,19,N/B,3594
2019-12-05,927,19:14:00,Thursday,Humber College & HWY 27,Mechanical,10,20,S/B,3236
2019-12-05,39,19:27:00,Thursday,Old Finch and Morningside,Mechanical,17,34,E/B,3418
2019-12-05,84,19:34:00,Thursday,Weston Road and Bradstock,Mechanical,9,18,W/B,3354
2019-12-05,63,19:45:00,Thursday,Atlantic and King street,Utilized Off Route,10,20,NB,8329
2019-12-05,134,19:52:00,Thursday,Centennial college,Mechanical,16,31,S/B,9099
2019-12-05,72,20:00:00,Thursday,Pape station to Bay,General Delay,10,20,B/W,
2019-12-05,94,20:00:00,Thursday,Ossington station to Castle frank station,General Delay,12,22,B/W,
2019-12-05,935,20:25:00,Thursday,Pioneer village,Mechanical,9,18,S/B,3256
2019-12-05,900,20:40:00,Thursday,Kipling station,Mechanical,1,20,N/B,8000
2019-12-05,6,21:20:00,Thursday,Davenport and Dupont,Emergency Services,15,25,S/B,1070
2019-12-05,7,22:34:00,Thursday,Bathurst and Ridgewood,Investigation,1,1,N/B,8364
2019-12-05,32,23:15:00,Thursday,Martin Grove and Eglinton,Diversion,10,1,W/B,1264
2019-12-06,76,00:39:00,Friday,Lakeshore and Mimico,Vision,10,20,N/B,8027
2019-12-06,35,01:32:00,Friday,Jane Station,Utilized Off Route,1,2,N/B,3348
2019-12-06,71,01:35:00,Friday,Windermere Place,Utilized Off Route,17,17,N/B,1115
2019-12-06,300,01:56:00,Friday,Eglinton Station,Utilized Off Route,10,20,W/B,1416
2019-12-06,307,02:11:00,Friday,Greenwin Village & Bathurst,Utilized Off Route,30,60,E/B,8330
2019-12-06,300,02:19:00,Friday,Broadview Station,Utilized Off Route,10,20,W/B,1115
2019-12-06,320,03:19:00,Friday,Yonge and Chaplin,Investigation,3,7,S/B,8178
2019-12-06,320,04:15:00,Friday,Queens Quay & Yonge,Utilized Off Route,15,30,N/B,1420
2019-12-06,45,04:40:00,Friday,Kipling and Eglinton Ave West,Mechanical,16,32,N/B,8069
2019-12-06,710,04:46:00,Friday,Eglinton Garage,Utilized Off Route,1,1,S/B,8792
2019-12-06,600,04:53:00,Friday,Eglinton Garage,Utilized Off Route,1,1,S/B,8668
2019-12-06,6,05:07:00,Friday,DAVENPORT & DUPONT,Mechanical,0,20,S/B,
2019-12-06,25,05:14:00,Friday,EGLINTON YARD,Late Leaving Garage - Management,1,1,E/B,8741
2019-12-06,67,05:30:00,Friday,EGLINTON YARD,Mechanical,1,1,E/B,8761
2019-12-06,86,05:39:00,Friday,Eglinton at Markham,Investigation,24,48,W/B,8835
2019-12-06,86,05:39:00,Friday,Eglinton at Markham,Investigation,19,38,W/B,8754
2019-12-06,116,05:39:00,Friday,EGLINTON YARD,Mechanical,1,1,E/B,8925
2019-12-06,113,05:43:00,Friday,MSTN,Late Leaving Garage - Mechanical,1,1,B/W,8503
2019-12-06,75,05:45:00,Friday,Jarvest & Queen St,Mechanical,15,30,N/B,1289
2019-12-06,86,05:45:00,Friday,Manse at Lawrence,Late Leaving Garage - Mechanical,19,38,N/B,8793
2019-12-06,32,05:45:00,Friday,Eglinton West Station,Utilized Off Route,3,6,E/B,1409
2019-12-06,32,05:51:00,Friday,Pine and Lawrence,Late Leaving Garage - Mechanical,7,14,E/B,1268
2019-12-06,132,05:55:00,Friday,Brenyon Way and Sewells,Late Leaving Garage - Operator,12,24,W/B,3512
2019-12-06,52,05:57:00,Friday,Lawrence West Station,Mechanical,12,28,W/B,1226
2019-12-06,84,06:00:00,Friday,Weston Rd at Bradstock Rd to Sheppard-Yonge Station,General Delay,10,20,B/W,
2019-12-06,984,06:00:00,Friday,Weston RD at Bradstock Rd to Sheppard-Yonge Station,General Delay,10,20,B/W,
2019-12-06,52,06:00:00,Friday,Westwood Mall to Lawrence Station,General Delay,10,25,B/W,
2019-12-06,900,06:00:00,Friday,ENTIRE ROUTE,General Delay,10,35,B/W,
2019-12-06,927,06:00:00,Friday,ENTIRE ROUTE,General Delay,15,45,B/W,
2019-12-06,952,06:00:00,Friday,Terminal 3 to Lawrence Station,General Delay,10,20,B/W,
2019-12-06,29,06:14:00,Friday,Dufferin & Lawrence,Late Leaving Garage - Mechanical,7,14,S/B,6806
2019-12-06,86,06:17:00,Friday,EGLINTON YARD,Mechanical,1,1,E/B,8700
2019-12-06,68,06:20:00,Friday,warden and Castille,Mechanical,5,10,S/B,8706
2019-12-06,905,06:20:00,Friday,EGLINTON YARD,Mechanical,1,1,E/B,8866
2019-12-06,54,06:24:00,Friday,EGLINTON YARD,Mechanical,1,1,E/B,8693
2019-12-06,54,06:30:00,Friday,Lawrece Route,General Delay,10,30,B/W,
2019-12-06,51,06:30:00,Friday,Leslie,General Delay,10,30,B/W,
2019-12-06,100,06:31:00,Friday,EGLINTON YARD,Mechanical,1,1,E/B,8798
2019-12-06,76,06:32:00,Friday,Royal York Rd and Evans Ave,Mechanical,5,10,N/B,7957
2019-12-06,29,06:40:00,Friday,Dufferin & Gibson,Investigation,7,14,S/B,9014
2019-12-06,953,06:42:00,Friday,MOFI,Late Leaving Garage - Mechanical,13,27,W/B,9083
2019-12-06,503,06:43:00,Friday,BRGA,Late Leaving Garage - Mechanical,25,1,B/W,8401
2019-12-06,74,06:49:00,Friday,St.Clair Station,Emergency Services,15,30,S/B,8173
2019-12-06,952,06:50:00,Friday,Pearson Airport T1,Late Leaving Garage - Mechanical,8,19,W/B,8321
2019-12-06,52,06:53:00,Friday,Lawrence Station,Mechanical,15,23,W/B,8206
2019-12-06,74,06:58:00,Friday,St.Clair Station,Mechanical,15,30,S/B,8143
2019-12-06,925,07:00:00,Friday,Between Pape Stn and Steeles,General Delay,35,44,B/W,
2019-12-06,91,07:00:00,Friday,Between Woodbine Stn and York Mills,General Delay,16,21,B/W,
2019-12-06,81,07:00:00,Friday,Between Pape Stn and Throncliff Park,General Delay,21,25,B/W,
2019-12-06,70,07:00:00,Friday,Between Coxwell Stn - Criagton and/or Warden Stn,General Delay,31,36,B/W,
2019-12-06,92,07:00:00,Friday,Between Woodbine Stn and Ashbridge's Bay,General Delay,15,21,B/W,
2019-12-06,25,07:00:00,Friday,Between Steele and Pape Stn,General Delay,25,31,B/W,
2019-12-06,134,07:00:00,Friday,STC,General Delay,7,14,E/B,9066
2019-12-06,35,07:10:00,Friday,Jane and Finch,Mechanical,5,10,S/B,3202
2019-12-06,60,07:17:00,Friday,Signal Hill and Steeles,Mechanical,8,16,E/B,3614
2019-12-06,989,07:20:00,Friday,WALSH AND ALBION,Mechanical,15,30,S/B,1094
2019-12-06,72,07:25:00,Friday,Finch and Kipling,Diversion,69,74,E/B,18
2019-12-06,132,07:27:00,Friday,stc,Mechanical,13,25,S/B,3520
2019-12-06,86,07:30:00,Friday,kennedy stn to BZOO,General Delay,15,20,B/W,
2019-12-06,116,07:30:00,Friday,Kennedy Station to Morningside and Nightstar,General Delay,10,15,W/B,
2019-12-06,32,07:32:00,Friday,Eglinton Station,Investigation,11,22,W/B,1140
2019-12-06,54,07:33:00,Friday,Eglinton and Laird,Investigation,9,18,E/B,8887
2019-12-06,64,07:40:00,Friday,Main / Swanwick,Mechanical,8,16,S/B,9214
2019-12-06,937,07:45:00,Friday,Entire Route,General Delay,25,36,B/W,
2019-12-06,37,07:45:00,Friday,Entire Route,General Delay,20,30,B/W,
2019-12-06,84,07:45:00,Friday,Sheppard Ave West at Keele St,Investigation,18,36,W/B,3232
2019-12-06,29,07:52:00,Friday,Wilson Station,Investigation,7,15,N/B,9028
2019-12-06,63,07:55:00,Friday,Queen/Ossington,Utilized Off Route,3,7,S/B,8111
2019-12-06,24,07:57:00,Friday,Victoria Park,Investigation,10,20,S/B,8483
2019-12-06,126,07:58:00,Friday,St. Clair West Stn,Investigation,15,30,N/B,1032
2019-12-06,902,08:00:00,Friday,progress at Sheppard - Warden Station,General Delay,20,30,B/W,
2019-12-06,129,08:00:00,Friday,STC,General Delay,15,30,N/B,3467
2019-12-06,102,08:00:00,Friday,Major Mackenzie at Markham - Warden Station,General Delay,20,30,B/W,
2019-12-06,986,08:00:00,Friday,kennedy stn to Scarborough Loop,General Delay,15,20,B/W,
2019-12-06,905,08:00:00,Friday,kennedy Station to Scarborough Loop,General Delay,15,20,B/W,
2019-12-06,95,08:01:00,Friday,Progress and William Kitchen,Mechanical,7,14,W/B,3534
2019-12-06,984,08:02:00,Friday,Sheppard Ave West at Vitti St,Investigation,9,19,E/B,3165
2019-12-06,913,08:09:00,Friday,Centennial College,Mechanical,4,8,W/B,9075
2019-12-06,53,08:34:00,Friday,Steeles East Route,General Delay,20,40,B/W,3484
2019-12-06,36,08:50:00,Friday,Humberline Dr and Holyoake cres,Investigation,6,11,E/B,9130
2019-12-06,7,08:50:00,Friday,Bathurst Station,Mechanical,8,16,S/B,8151
2019-12-06,22,08:51:00,Friday,Coxwell and Hanson,Mechanical,8,16,N/B,8495
2019-12-06,984,09:12:00,Friday,Sheppard Ave West at Brentwood Ave,Investigation,8,16,W/B,3197
2019-12-06,97,09:17:00,Friday,Yonge and McNairn,Investigation,30,60,S/B,8149
2019-12-06,924,09:23:00,Friday,Eglinton,Mechanical,10,20,S/B,8568
2019-12-06,108,09:40:00,Friday,Sheppard West Station,Mechanical,17,34,N/B,3199
2019-12-06,134,10:14:00,Friday,Progress and Centennial College,Investigation,6,12,E/B,9066
2019-12-06,34,10:15:00,Friday,Eglinton and Swift Drive,Investigation,12,24,W/B,8688
2019-12-06,42,10:19:00,Friday,Cumer and Craigmont,Mechanical,13,26,E/B,8125
2019-12-06,11,10:27:00,Friday,Bayview and Bing,Investigation,13,26,s,8370
2019-12-06,25,10:31:00,Friday,Don Mills Stn,Utilized Off Route,9,18,N/B,8842
2019-12-06,95,10:34:00,Friday,York Mills Station,Utilized Off Route,20,40,E/B,1631
2019-12-06,36,10:37:00,Friday,FARR,Mechanical,5,10,E/B,9134
2019-12-06,87,10:42:00,Friday,EAST YORK ACRES,Diversion,0,0,W/B,3114
2019-12-06,939,10:45:00,Friday,Mc Cowan,Mechanical,8,15,E/B,3469
2019-12-06,110,10:45:00,Friday,Long Branch Loop,Mechanical,18,36,N/B,8070
2019-12-06,7,10:56:00,Friday,Greenwood village & steeles,Mechanical,8,16,N/B,8391
2019-12-06,109,11:21:00,Friday,Ranee and Varna,Mechanical,40,80,W/B,8203
2019-12-06,89,11:33:00,Friday,WESTON AND BLACK CREEK,Mechanical,11,22,S/B,1122
2019-12-06,134,11:35:00,Friday,STC,Mechanical,15,30,N/B,9004
2019-12-06,41,11:36:00,Friday,Keele and Sheppard,Mechanical,12,24,S/B,9052
2019-12-06,39,12:00:00,Friday,39 Finch Route-All Branch,General Delay,16,32,B/W,1602
2019-12-06,939,12:00:00,Friday,939 Finch Express-All Branch,General Delay,14,28,B/W,3458
2019-12-06,96,12:10:00,Friday,Wilson Station,Vision,12,24,W/B,3224
2019-12-06,63,12:25:00,Friday,Oakwood/Vaughan,Emergency Services,5,10,S/B,8328
2019-12-06,600,12:30:00,Friday,Birchmount Yard,Utilized Off Route,1,1,,3133
2019-12-06,600,12:30:00,Friday,Eglinton Yard,Utilized Off Route,1,1,,8683
2019-12-06,600,12:30:00,Friday,Eglinton Yard,Utilized Off Route,1,1,,8934
2019-12-06,39,12:33:00,Friday,Shandhurst Cr-Finch Av,Mechanical,16,32,E/B,1602
2019-12-06,43,13:14:00,Friday,Kennedy Station,Mechanical,10,20,N/B,8829
2019-12-06,63,13:15:00,Friday,Eglinton/Oakwood,Diversion,20,30,N/B,8389
2019-12-06,89,13:17:00,Friday,Albion and Wilson,Mechanical,11,22,S/B,1416
2019-12-06,45,13:25:00,Friday,Kipling stn,Mechanical,5,10,N/B,8089
2019-12-06,110,13:25:00,Friday,Islingotn stn,Mechanical,18,36,S/B,7916
2019-12-06,72,13:27:00,Friday,Pape Station,Mechanical,19,38,S/B,9204
2019-12-06,7,13:29:00,Friday,Bathurst and Finch,Mechanical,8,16,N/B,8140
2019-12-06,168,13:30:00,Friday,Keele and Rogers rd,General Delay,20,32,B/W,
2019-12-06,39,13:30:00,Friday,Chartland and Finch,Investigation,16,32,E/B,3554
2019-12-06,39,13:40:00,Friday,Middle field,Mechanical,6,12,W/B,1324
2019-12-06,168,13:43:00,Friday,Keele and Rogers.,Diversion,210,222,W/B,1046
2019-12-06,86,13:49:00,Friday,Kennedy Station,Mechanical,10,20,N/B,8880
2019-12-06,115,13:50:00,Friday,York Mills Station,Mechanical,20,40,E/B,8130
2019-12-06,53,13:52:00,Friday,Steeles and Hillcroft Dr,Emergency Services,6,12,W/B,1651
2019-12-06,168,13:57:00,Friday,Dundas west station,Mechanical,13,26,N/B,1359
2019-12-06,939,14:17:00,Friday,STC Station,Mechanical,9,18,W/B,1284
2019-12-06,939,14:24:00,Friday,Morningside and Nightstar,Late Leaving Garage - Operator,12,24,W/B,3401
2019-12-06,59,14:24:00,Friday,Jane and Church,Late Leaving Garage - Mechanical,15,30,W/B,3707
2019-12-06,39,14:25:00,Friday,Finch Station,Late Leaving Garage - Operator,14,28,W/B,
2019-12-06,34,14:27:00,Friday,Eglinton Yard,Mechanical,0,0,OB,8672
2019-12-06,144,14:28:00,Friday,Eglinton Yard,Mechanical,0,0,OB,8840
2019-12-06,57,14:29:00,Friday,Eglinton Yard,Mechanical,0,0,OB,8839
2019-12-06,160,14:29:00,Friday,Wilson Garage,Late Leaving Garage - Mechanical,1,1,W/B,1319
2019-12-06,54,14:29:00,Friday,Eglinton Station,Utilized Off Route,10,20,E/B,8906
2019-12-06,111,14:30:00,Friday,Willowridge/Richgrove,Mechanical,15,30,S/B,8062
2019-12-06,600,14:30:00,Friday,Warden STN,Utilized Off Route,1,1,,3122
2019-12-06,706,14:30:00,Friday,Birchmount Division,Utilized Off Route,1,1,S/B,3142
2019-12-06,706,14:30:00,Friday,Birchmount Division,Utilized Off Route,1,1,S/B,3162
2019-12-06,32,14:30:00,Friday,Eglinton Stn,Utilized Off Route,10,20,W/B,1031
2019-12-06,52,14:31:00,Friday,Lawrence Ave West at Avenue Rd,Utilized Off Route,15,30,E/B,1317
2019-12-06,600,14:32:00,Friday,Bathurst and Eglinton,Utilized Off Route,1,1,E/B,1416
2019-12-06,952,14:33:00,Friday,Wilson Garage,Late Leaving Garage - Mechanical,1,1,W/B,8182
2019-12-06,32,14:33:00,Friday,Eglitnon West Stn,Utilized Off Route,10,20,W/B,1048
2019-12-06,60,14:34:00,Friday,Finch Station,Utilized Off Route,11,22,W/B,3586
2019-12-06,7,14:34:00,Friday,Bathurst Station,Utilized Off Route,8,16,N/B,8175
2019-12-06,32,14:35:00,Friday,Egliton West Stn,Utilized Off Route,10,20,W/B,1034
2019-12-06,600,14:35:00,Friday,Islington stn,Utilized Off Route,1,1,N/B,8609
2019-12-06,34,14:36:00,Friday,Eglinton Station,Utilized Off Route,12,24,E/B,8822
2019-12-06,42,14:36:00,Friday,Wilson Garage,Late Leaving Garage - Operator,1,1,W/B,8110
2019-12-06,52,14:36:00,Friday,Wilson Garage,Late Leaving Garage - Management,1,1,W/B,8372
2019-12-06,95,14:37:00,Friday,York Mills Station,Utilized Off Route,20,40,E/B,1662
2019-12-06,95,14:37:00,Friday,Yorkmill Station,Utilized Off Route,10,20,E/B,1662
2019-12-06,52,14:38:00,Friday,Lawrence Ave West at Avenue Rd,Utilized Off Route,14,28,E/B,1241
2019-12-06,54,14:39:00,Friday,Eglinton Station,Utilized Off Route,10,20,E/B,8734
2019-12-06,14,14:40:00,Friday,Davisville and Yonge,Utilized Off Route,20,40,E/B,1115
2019-12-06,39,14:40:00,Friday,Finch Station,Utilized Off Route,14,26,E/B,1602
2019-12-06,56,14:42:00,Friday,Eglinton Station,Late Leaving Garage - Management,16,32,E/B,8142
2019-12-06,53,14:42:00,Friday,Steeles and Birchmount,Mechanical,6,12,E/B,1393
2019-12-06,56,14:42:00,Friday,Wilson Garage,Late Leaving Garage - Management,1,1,W/B,8142
2019-12-06,165,14:43:00,Friday,York Mills Stn,Utilized Off Route,12,24,W/B,3245
2019-12-06,34,14:43:00,Friday,Eglinton Station,Utilized Off Route,14,26,E/B,8740
2019-12-06,42,14:44:00,Friday,Finch Station,Utilized Off Route,12,24,E/B,8350
2019-12-06,68,14:44:00,Friday,Eglinton Yard,Mechanical,0,0,OB,8883
2019-12-06,54,14:44:00,Friday,Eglinton Station,Utilized Off Route,10,20,E/B,8758
2019-12-06,36,14:45:00,Friday,Finch station,Utilized Off Route,5,10,W/B,3209
2019-12-06,161,14:45:00,Friday,Bicknell/Rogers,Diversion,148,161,B/W,
2019-12-06,952,14:45:00,Friday,Wilson Garage,Late Leaving Garage - Mechanical,1,1,W/B,1271
2019-12-06,116,14:48:00,Friday,Kennedy Station,Utilized Off Route,17,34,E/B,8649
2019-12-06,61,14:48:00,Friday,Eglinton Station,Utilized Off Route,16,32,N/B,1321
2019-12-06,98,14:49:00,Friday,Wilson Garage,Late Leaving Garage - Mechanical,1,1,W/B,8171
2019-12-06,142,14:55:00,Friday,Wilson Garage,Late Leaving Garage - Operator,1,1,W/B,1502
2019-12-06,142,14:55:00,Friday,Wilson Garage,Late Leaving Garage - Vision,1,1,W/B,1280
2019-12-06,29,14:57:00,Friday,PRGT,Mechanical,8,16,N/B,9150
2019-12-06,116,14:58:00,Friday,Eglinton Yard,Mechanical,0,0,OB,8697
2019-12-06,94,15:10:00,Friday,Wellesley/Ontario,Mechanical,15,31,E/B,1056
2019-12-06,9,15:13:00,Friday,Bellamy Rd/Benleigh Dr,Mechanical,18,38,S/B,3159
2019-12-06,95,15:14:00,Friday,York Mills Collegiate,Late Leaving Garage - Operator,11,22,E/B,
2019-12-06,116,15:17:00,Friday,Eglinton Yard,Mechanical,0,0,OB,8780
2019-12-06,952,15:17:00,Friday,Pearson Airport T1,Late Leaving Garage - Mechanical,12,24,E/B,1271
2019-12-06,953,15:21:00,Friday,Morningside and Finch,Late Leaving Garage - Mechanical,15,30,W/B,9009
2019-12-06,68,15:22:00,Friday,Eglinton Yard,Mechanical,0,0,OB,8703
2019-12-06,95,15:25:00,Friday,York Mills Station,Investigation,10,20,E/B,3436
2019-12-06,986,15:25:00,Friday,Eglinton Yard,Mechanical,0,0,OB,8632
2019-12-06,34,15:25:00,Friday,Eglinton Yard,Mechanical,0,0,OB,8684
2019-12-06,73,15:30:00,Friday,Weston and Oak,Mechanical,25,50,S/B,8093
2019-12-06,21,15:38:00,Friday,Brimley and Steeles,Mechanical,9,18,S/B,3471
2019-12-06,985,15:44:00,Friday,Meadowvale loop,Mechanical,10,20,W/B,9006
2019-12-06,95,15:45:00,Friday,Kingston Road Loop,Mechanical,10,20,W/B,1238
2019-12-06,41,15:51:00,Friday,Rogers and Old Weston Road,Diversion,97,112,S/B,
2019-12-06,53,16:00:00,Friday,53 steeles East Route,General Delay,6,12,B/W,0
2019-12-06,142,16:00:00,Friday,On route,General Delay,30,30,B/W,
2019-12-06,900,16:00:00,Friday,427 and Dundas,Investigation,8,16,N/B,8002
2019-12-06,89,16:23:00,Friday,Keele station,Mechanical,11,22,W/B,1203
2019-12-06,52,16:25:00,Friday,Lawrence West Station,Mechanical,12,24,EB,8186
2019-12-06,952,16:27:00,Friday,Lawrence and Avenue,Mechanical,12,24,WB,8205
2019-12-06,64,16:30:00,Friday,64 Main route,General Delay,8,16,B/W,
2019-12-06,905,16:30:00,Friday,Kennedy Station,Mechanical,9,18,E/B,8866
2019-12-06,39,16:30:00,Friday,Page and Finch,Mechanical,14,28,E/B,3447
2019-12-06,23,16:42:00,Friday,Dawes & Ferris,Mechanical,7,14,N/B,8555
2019-12-06,23,16:50:00,Friday,23 Dawes route,General Delay,9,18,B/W,
2019-12-06,54,16:54:00,Friday,Lawrence S.R.T. Station,Mechanical,12,24,E/B,8762
2019-12-06,116,17:14:00,Friday,Morningside/Sheppard,Diversion,61,67,E/B,
2019-12-06,927,17:22:00,Friday,Kipling Station,Late Leaving Garage - Vision,5,10,N/B,3606
2019-12-06,36,17:30:00,Friday,Finch west station,Mechanical,6,12,W/B,9133
2019-12-06,42,17:39:00,Friday,Morbank Drive,Investigation,15,30,E/B,8132
2019-12-06,23,17:45:00,Friday,23 Dawes route,General Delay,7,14,B/W,
2019-12-06,600,17:50:00,Friday,Islington and Hwy 401,Mechanical,1,1,S/B,8031
2019-12-06,989,17:50:00,Friday,Weston rd and Rogers.,Mechanical,13,26,N/B,1413
2019-12-06,45,17:53:00,Friday,Kipling at Greensboro,Emergency Services,14,28,N/B,8018
2019-12-06,34,18:00:00,Friday,BRENTCLIFF AND EGLINTON,Diversion,260,264,W/B,
2019-12-06,51,18:00:00,Friday,Eglinton at Brentcliffe,Diversion,21,42,W/B,
2019-12-06,54,18:00:00,Friday,Eglinton at Brentcliffe,Diversion,9,18,W/B,
2019-12-06,108,18:10:00,Friday,Keele between ST Regis and Grandravine,Diversion,210,225,B/W,
2019-12-06,41,18:10:00,Friday,Keele between St Regis and Grandravine,Diversion,220,235,B/W,
2019-12-06,12,18:31:00,Friday,Victoria Park station,Mechanical,20,40,N/B,8523
2019-12-06,34,18:46:00,Friday,Ion View on Eglinton,Investigation,6,13,E/B,8794
2019-12-06,92,18:54:00,Friday,Woodbine and Cassels,Diversion,56,19,N/B,8953
2019-12-06,134,18:55:00,Friday,Scarborugh Town Centre,Utilized Off Route,5,15,S/B,9091
2019-12-06,89,18:55:00,Friday,Albion and Weston,Mechanical,11,22,N/B,1345
2019-12-06,52,18:56:00,Friday,Lawrence Station,Utilized Off Route,13,26,WB,8209
2019-12-06,116,19:12:00,Friday,Eglinton/Kingston,Investigation,30,60,E/B,8852
2019-12-06,11,19:50:00,Friday,Steels and Bayview,Emergency Services,28,56,N/B,8194
2019-12-06,37,19:50:00,Friday,Islington stn,Emergency Services,20,40,N/B,8040
2019-12-06,94,20:00:00,Friday,Ossington station to Castle frank station,General Delay,15,25,B/W,
2019-12-06,97,20:05:00,Friday,Yonge at Eglinton,Mechanical,30,60,N/B,8168
2019-12-06,23,20:15:00,Friday,23 Dawes route,General Delay,10,20,B/W,
2019-12-06,32,20:18:00,Friday,keele and eglinton,Mechanical,10,20,E/B,1036
2019-12-06,89,20:44:00,Friday,Weston and Wilson,Investigation,10,20,N/B,1287
2019-12-06,129,20:44:00,Friday,STC,Utilized Off Route,6,12,S/B,3517
2019-12-06,60,20:55:00,Friday,Pioneer station,Investigation,11,22,W/B,3319
2019-12-06,53,20:58:00,Friday,Yonge and Bishop,Investigation,5,10,E/B,3484
2019-12-06,47,21:54:00,Friday,Queen and Lansdowne,Mechanical,13,26,N/B,1021
2019-12-06,935,22:16:00,Friday,Jane at Eglinton,Investigation,10,20,S/B,3614
2019-12-06,63,22:43:00,Friday,ossington and argyle,Investigation,8,17,N/B,8198
2019-12-06,52,22:49:00,Friday,Dixon and Attwell,Diversion,12,24,WB,8346
2019-12-06,111,23:07:00,Friday,Eglington and East Mall,Diversion,24,48,S/B,8045
2019-12-06,43,23:15:00,Friday,Kennedy/Ellesmere,Emergency Services,10,20,S/B,8915
2019-12-06,75,23:49:00,Friday,Sherbourne & Bloor,Investigation,20,40,S/B,8351
2019-12-07,127,00:35:00,Saturday,spadina station,Mechanical,20,40,N/B,1360
2019-12-07,60,01:17:00,Saturday,Steeles and Turbine,Investigation,20,40,W/B,3299
2019-12-07,320,01:50:00,Saturday,Yonge and Dundas,Diversion,32,36,N,
2019-12-07,86,01:53:00,Saturday,Sheppard loop,Emergency Services,10,20,S/B,8696
2019-12-07,300,02:00:00,Saturday,Bloor & Yonge to Kennedy Station,General Delay,10,20,W/B,
2019-12-07,300,02:04:00,Saturday,Bathurst Station,Mechanical,10,20,E/B,8884
2019-12-07,60,02:17:00,Saturday,Finch Station,Investigation,10,20,WB,3181
2019-12-07,320,03:03:00,Saturday,Yonge and Eglinton,Mechanical,3,7,N/B,8358
2019-12-07,300,03:12:00,Saturday,Eats mall & Burnhamthorpe,Emergency Services,1,1,E/B,1132
2019-12-07,320,03:25:00,Saturday,Steeles loop.,Mechanical,3,7,S/B,8308
2019-12-07,11,05:20:00,Saturday,DAVISVILLE STATION,Late Leaving Garage - Management,5,5,N/B,1246
2019-12-07,47,05:45:00,Saturday,CALEDONIA AND ROGERS,Diversion,33,23,B/W,
2019-12-07,126,05:45:00,Saturday,St. Clair West Stn,Vision,15,15,S/B,1032
2019-12-07,39,05:49:00,Saturday,Neilson and Crow trail,Investigation,8,,W/B,1710
2019-12-07,935,06:15:00,Saturday,Pioneer Village Station,Late Leaving Garage - Mechanical,13,1,S/B,3506
2019-12-07,34,06:18:00,Saturday,EGLINTON SQUARE/EGLINTON,Investigation,9,18,E/B,8783
2019-12-07,63,06:31:00,Saturday,Wilson Garage,Late Leaving Garage - Operator,1,1,S/B,125
2019-12-07,63,06:35:00,Saturday,Eglinton West Stn,Late Leaving Garage - Management,5,10,S/B,1250
2019-12-07,35,06:38:00,Saturday,Pioneer Village Station,Mechanical,8,17,S/B,3348
2019-12-07,52,06:40:00,Saturday,Wilson Garage,Late Leaving Garage - Mechanical,1,1,S/B,1296
2019-12-07,5,06:41:00,Saturday,EGLINTON STATION,Mechanical,20,40,S/B,1257
2019-12-07,104,06:41:00,Saturday,WILSON STN,Late Leaving Garage - Mechanical,15,30,B/W,1374
2019-12-07,104,06:50:00,Saturday,Wilson Garagw,Late Leaving Garage - Mechanical,1,1,S/B,1374
2019-12-07,935,06:58:00,Saturday,Pioneer Village Station,Late Leaving Garage - Mechanical,10,20,S/B,3173
2019-12-07,65,07:30:00,Saturday,Castle Frank Station,Late Leaving Garage - Mechanical,15,30,S/B,3100
2019-12-07,63,07:53:00,Saturday,King/Atlantic,Mechanical,6,12,N/B,1317
2019-12-07,84,08:00:00,Saturday,Weston Rd at Bradstock Rd to Sheppard-Yonge Station,General Delay,10,20,B/W,
2019-12-07,29,08:13:00,Saturday,Duffering and Lawrence,Late Leaving Garage - Operator,10,26,N/B,
2019-12-07,53,08:37:00,Saturday,MOFI,Mechanical,26,44,W/B,1393
2019-12-07,116,08:44:00,Saturday,McCowan,Investigation,9,118,W/B,8731
2019-12-07,134,08:56:00,Saturday,STC,Late Leaving Garage - Operator,15,30,S/B,3446
2019-12-07,26,09:00:00,Saturday,ENTIRE ROUTE,General Delay,24,50,B/W,
2019-12-07,17,09:00:00,Saturday,Birchmount route,General Delay,10,1,B/W,
2019-12-07,68,09:00:00,Saturday,Warden route,General Delay,15,1,B/W,
2019-12-07,23,09:02:00,Saturday,Main Station,Late Leaving Garage - Mechanical,10,20,N/B,3111
2019-12-07,29,09:08:00,Saturday,Dufferin and Lawrence,Late Leaving Garage - Mechanical,16,26,N/B,9093
2019-12-07,109,09:12:00,Saturday,Hotspur and Bathurst,Mechanical,40,80,W/B,8153
2019-12-07,36,09:30:00,Saturday,FSTN,Late Leaving Garage - Mechanical,7,14,W/B,3617
2019-12-07,7,09:33:00,Saturday,Bathurst and Wilson,Late Leaving Garage - Mechanical,107,169,S/B,8212
2019-12-07,86,09:38:00,Saturday,Midland,Mechanical,22,44,E/B,8653
2019-12-07,20,09:50:00,Saturday,Main Station,Late Leaving Garage - Mechanical,17,37,E/B,8544
2019-12-07,63,10:00:00,Saturday,entire route,General Delay,8,17,B/W,
2019-12-07,52,10:00:00,Saturday,Victory Cresent  and McNaughton Ave to Lawrence Station,General Delay,10,35,B/W,
2019-12-07,7,10:05:00,Saturday,Wilson Garage,Late Leaving Garage - Operator,1,1,S/B,8212
2019-12-07,63,10:05:00,Saturday,Rogers/Oakwood,Diversion,145,150,B/W,
2019-12-07,52,10:25:00,Saturday,Lawrence Station,Late Leaving Garage - Operator,20,40,W/B,8152
2019-12-07,604,10:26:00,Saturday,St. Clair Station (Yonge & St.Clair),Investigation,1,1,NB,3289
2019-12-07,7,10:33:00,Saturday,Steeles and Bathurst,Investigation,9,19,S/B,8350
2019-12-07,25,10:50:00,Saturday,Overlea Buld/ East York Town Centre,Investigation,8,17,N/B,8811
2019-12-07,89,11:00:00,Saturday,Weston Road (from Albion road to Wray Ave),Mechanical,10,20,S/B,1097
2019-12-07,65,11:00:00,Saturday,65 parliament Route,General Delay,16,32,B/W,
2019-12-07,64,11:00:00,Saturday,64 Main Route,General Delay,10,20,B/W,
2019-12-07,9,11:09:00,Saturday,McCowan and Bridlegrove,Mechanical,23,46,N/B,8555
2019-12-07,88,11:35:00,Saturday,St.Clair Station,Late Leaving Garage - Operator,30,60,E/B,8178
2019-12-07,23,12:00:00,Saturday,23 Dawes Route,General Delay,10,20,B/W,
2019-12-07,54,12:00:00,Saturday,Eglinton Station to Starspray Loop,General Delay,15,30,B/W,
2019-12-07,12,12:00:00,Saturday,12 Kingston Route,General Delay,15,30,B/W,
2019-12-07,985,12:08:00,Saturday,Scarborough Town Center,Mechanical,21,42,N/B,9066
2019-12-07,60,12:09:00,Saturday,Finch Station,Late Leaving Garage - Operator,5,9,W/B,3299
2019-12-07,84,12:11:00,Saturday,Sheppard-Yonge Station,Late Leaving Garage - Mechanical,8,16,W/B,3214
2019-12-07,108,12:13:00,Saturday,Sheapprd West Stn,Late Leaving Garage - Mechanical,16,32,S/B,3497
2019-12-07,161,12:17:00,Saturday,Rogers/Oakwood,Diversion,13,28,N/B,
2019-12-07,121,12:36:00,Saturday,Front and Blue Jays Way,Diversion,54,32,W/B,3141
2019-12-07,54,12:42:00,Saturday,Eglinton Station,Late Leaving Garage - Mechanical,14,27,E/B,8822
2019-12-07,84,12:42:00,Saturday,Sheppard-Yonge Station,Mechanical,8,16,W/B,3522
2019-12-07,48,12:48:00,Saturday,Rathburn and Edenwood Dr,Investigation,35,70,N/B,8451
2019-12-07,28,12:49:00,Saturday,Davisville and Bayview,Investigation,20,40,E/B,1077
2019-12-07,135,12:49:00,Saturday,Firvalley,Mechanical,20,40,S/B,8471
2019-12-07,81,13:20:00,Saturday,Pape and Selkirk,Diversion,95,15,B/W,8957
2019-12-07,925,13:22:00,Saturday,Pape Ave/Selkirk Street,Diversion,10,19,W/B,8874
2019-12-07,60,13:23:00,Saturday,Steeles and Home depot Exit,Diversion,40,45,E/B,3642
2019-12-07,25,13:29:00,Saturday,Pape Ave/Selkirk Street,Diversion,9,17,N/B,8698
2019-12-07,97,13:30:00,Saturday,Davisville Station to Hilda and Steeles,General Delay,48,78,B/W,
2019-12-07,985,13:45:00,Saturday,STC,Mechanical,10,20,E/B,9082
2019-12-07,39,13:46:00,Saturday,Finch and McCowan,Mechanical,14,28,E/B,3459
2019-12-07,35,14:00:00,Saturday,Jane Station to Pioneer Village Station,General Delay,30,40,B/W,
2019-12-07,89,14:00:00,Saturday,Bothways on route .,General Delay,25,35,B/W,
2019-12-07,40,14:00:00,Saturday,Both ways on Route,General Delay,22,46,W/B,
2019-12-07,935,14:00:00,Saturday,Jane Station to Pioneer Village Station,General Delay,27,36,B/W,
2019-12-07,96,14:06:00,Saturday,Elmhurst and Harefield,Investigation,17,34,W/B,3288
2019-12-07,63,14:55:00,Saturday,Oakwood/Eglinton,Investigation,5,10,N/B,1315
2019-12-07,16,14:57:00,Saturday,Warden station,Mechanical,10,20,S/B,9224
2019-12-07,36,15:04:00,Saturday,Finch and Weston Rd,Mechanical,4,11,E/B,3354
2019-12-07,600,15:16:00,Saturday,Helen Dale Ave,Mechanical,1,1,S/B,9130
2019-12-07,60,15:32:00,Saturday,Steeles Route,General Delay,5,9,B/W,3317
2019-12-07,87,15:44:00,Saturday,Main Station,Mechanical,10,20,E/B,3150
2019-12-07,600,15:57:00,Saturday,St Clair Station,Emergency Services,1,1,S/B,3495
2019-12-07,65,16:05:00,Saturday,Front & Berkeley,Mechanical,8,16,N/B,8481
2019-12-07,72,16:12:00,Saturday,Pape Station,Mechanical,9,18,N/B,8465
2019-12-07,66,16:14:00,Saturday,58 Marine Parade Drive,Late Leaving Garage - Mechanical,15,30,N/B,8019
2019-12-07,7,16:26:00,Saturday,Bathrust Stn,Mechanical,8,16,S/B,1201
2019-12-07,54,16:30:00,Saturday,Lawrence at Warden,Mechanical,13,26,E/B,8723
2019-12-07,12,16:30:00,Saturday,Danforth & Victoria Park,Investigation,30,60,N/B,9234
2019-12-07,8,16:32:00,Saturday,Broadview Station,Investigation,30,60,N/B,9203
2019-12-07,52,16:57:00,Saturday,Lawrence at Ledbury,Mechanical,17,34,W/B,1217
2019-12-07,87,17:00:00,Saturday,Broadview Station,Utilized Off Route,10,20,N/B,8526
2019-12-07,60,17:05:00,Saturday,Pioneer station,Mechanical,7,14,W/B,3567
2019-12-07,935,17:14:00,Saturday,Wilson / Jane,Investigation,10,20,N/B,3506
2019-12-07,102,17:16:00,Saturday,Greencedar Circuit,Diversion,99,109,S/B,
2019-12-07,46,17:24:00,Saturday,Kipling Station,Mechanical,17,30,N/B,8424
2019-12-07,60,17:37:00,Saturday,Steeles and Hilda,Investigation,9,18,E/B,3642
2019-12-07,16,17:50:00,Saturday,Seminole/ Danforth Rd,Diversion,55,70,S/B,
2019-12-07,63,18:14:00,Saturday,oakwood and stclair,Investigation,8,17,W/B,1395
2019-12-07,43,18:15:00,Saturday,Kennedy Station,Investigation,10,20,N/B,8761
2019-12-07,25,18:26:00,Saturday,Don Mills & York Mills,Investigation,9,17,N/B,8698
2019-12-07,92,18:32:00,Saturday,Woodbine Station,Mechanical,12,24,S/B,8959
2019-12-07,36,18:34:00,Saturday,Finch and Greenview,Diversion,6,12,W/B,0
2019-12-07,25,19:00:00,Saturday,Don Mills station,Mechanical,8,17,N/B,8804
2019-12-07,54,19:07:00,Saturday,Lawrence at Markham,Mechanical,13,26,E/B,8901
2019-12-07,35,19:38:00,Saturday,Jane Station,Mechanical,7,14,N/B,3216
2019-12-07,34,19:41:00,Saturday,Kennedy Station,Emergency Services,10,20,W/B,8632
2019-12-07,72,20:00:00,Saturday,Coxwell station to Bingham loop.,General Delay,15,25,B/W,
2019-12-07,100,20:00:00,Saturday,Broadview station to Don mills,General Delay,10,20,B/W,
2019-12-07,121,20:00:00,Saturday,Cherry st to Exhibition loop.,General Delay,15,45,B/W,
2019-12-07,87,20:00:00,Saturday,Broadview Station to Main Station,General Delay,15,30,B/W,
2019-12-07,87,20:00:00,Saturday,Broadview Station to Main Station,General Delay,10,20,B/W,
2019-12-07,94,20:00:00,Saturday,Castle Frank to Ossington Station,General Delay,15,25,B/W,
2019-12-07,25,20:13:00,Saturday,Freshmeadow & Don Mills,Mechanical,9,17,N/B,8914
2019-12-07,7,20:35:00,Saturday,greenwin village and bathurst,Mechanical,8,17,S/B,8203
2019-12-07,48,20:39:00,Saturday,Royal York Station,Mechanical,30,60,S/B,8013
2019-12-07,38,20:45:00,Saturday,STC,Investigation,10,20,E/B,3411
2019-12-07,927,21:33:00,Saturday,Kipling Station,Mechanical,10,20,N/B,3325
2019-12-07,100,21:37:00,Saturday,Don Mills & Wynford,Mechanical,10,20,E/B,8781
2019-12-07,168,21:42:00,Saturday,Dundas West Station,Mechanical,12,24,S/B,1074
2019-12-07,32,22:30:00,Saturday,emmett and verona,Emergency Services,10,20,N/B,1054
2019-12-07,14,22:40:00,Saturday,Glancair & Caledonia,Mechanical,20,40,E/B,1516
2019-12-07,113,22:48:00,Saturday,Main Street station,Utilized Off Route,1,1,E/B,8960
2019-12-07,87,22:48:00,Saturday,Main station,Utilized Off Route,10,20,N/B,3128
2019-12-07,34,22:50:00,Saturday,Kennedy Stn,Utilized Off Route,9,18,E/B,8753
2019-12-07,102,22:50:00,Saturday,WAST,Utilized Off Route,10,20,E/B,8581
2019-12-07,130,22:56:00,Saturday,Hupfield and Sewells,Vision,30,60,W/B,3544
2019-12-07,28,23:00:00,Saturday,Davisville Station,Mechanical,20,40,E/B,1516
2019-12-07,32,23:06:00,Saturday,eglinton station,Utilized Off Route,10,20,W/B,1043
2019-12-07,109,23:30:00,Saturday,Lawrene West Station,Mechanical,24,48,N/B,8391
2019-12-08,95,01:09:00,Sunday,Ellsemere and Mccowan,Mechanical,12,24,N/B,3417
2019-12-08,24,01:20:00,Sunday,Victoria Park station,Utilized Off Route,10,20,N/B,8527
2019-12-08,320,01:50:00,Sunday,Yonge and Dundas,Diversion,40,44,N/B,
2019-12-08,320,02:00:00,Sunday,Queens quay to Bloor,General Delay,12,16,B/W,
2019-12-08,307,04:00:00,Sunday,Route 307,General Delay,20,50,B/W,
2019-12-08,320,04:33:00,Sunday,Yonge/Eglinton,Emergency Services,15,30,N/B,1372
2019-12-08,36,05:15:00,Sunday,Arrow garage POD Finch and Arrow,Late Leaving Garage - Operator,11,22,W/B,3341
2019-12-08,320,05:24:00,Sunday,Steeles/Yonge,Mechanical,15,30,S/B,8855
2019-12-08,320,05:47:00,Sunday,Steeles/Yonge,Late Leaving Garage - Mechanical,3,7,S/B,8880
2019-12-08,300,06:00:00,Sunday,300- BLOOR NIGHT BUS,General Delay,20,32,B/W,
2019-12-08,300,06:20:00,Sunday,EAST MALL/ BLOOR,Late Leaving Garage - Management,5,15,E/B,1012
2019-12-08,307,07:14:00,Sunday,Greenwin Village and Bathurst,Mechanical,15,45,W/B,8175
2019-12-08,116,07:25:00,Sunday,Morningside and staines,Late Leaving Garage - Mechanical,10,20,S/B,8882
2019-12-08,131,07:25:00,Sunday,Morningside,Late Leaving Garage - Mechanical,26,32,E/B,3481
2019-12-08,104,07:45:00,Sunday,Wilson Station,Late Leaving Garage - Mechanical,26,32,N/B,8394
2019-12-08,905,07:50:00,Sunday,Scarborough Loop,Late Leaving Garage - Operator,13,26,W/B,8735
2019-12-08,62,07:55:00,Sunday,Broadview Station,Late Leaving Garage - Mechanical,20,40,E/B,8495
2019-12-08,47,07:55:00,Sunday,York Dale Station,Late Leaving Garage - Operator,20,40,S/B,1077
2019-12-08,79,07:58:00,Sunday,Pine at Lawrence,Late Leaving Garage - Mechanical,20,40,S/B,1045
2019-12-08,16,08:00:00,Sunday,Warden Station to Scarborough Town Center,General Delay,14,31,B/W,
2019-12-08,78,08:00:00,Sunday,Entire route,General Delay,15,30,S/B,
2019-12-08,24,08:09:00,Sunday,Victoria Park/Huntingwood Dr,Mechanical,9,19,N/B,8501
2019-12-08,84,08:10:00,Sunday,Sheppard-Yonge Station,Late Leaving Garage - Mechanical,10,20,W/B,3363
2019-12-08,37,08:25:00,Sunday,Islington Station,Utilized Off Route,12,24,N/B,8024
2019-12-08,80,08:27:00,Sunday,Sherway Gardens,Late Leaving Garage - Mechanical,24,48,E/B,8454
2019-12-08,935,08:27:00,Sunday,Pioneer Village,Mechanical,10,20,S/B,3351
2019-12-08,68,08:30:00,Sunday,Warden Station to Angus Glenn,General Delay,11,44,B/W,
2019-12-08,307,08:33:00,Sunday,Bathurst and Wilson,Mechanical,20,32,N/B,1355
2019-12-08,307,08:37:00,Sunday,Wilson and  Collinson,Investigation,20,32,W/B,1355
2019-12-08,95,08:40:00,Sunday,Scarborough college loop,Mechanical,20,40,S/B,1400
2019-12-08,123,08:48:00,Sunday,N Queen/The East Mall,Investigation,20,40,W/B,8039
2019-12-08,17,08:48:00,Sunday,Warden and Steeles,Mechanical,14,28,S/B,8592
2019-12-08,36,08:56:00,Sunday,FWSN,Late Leaving Garage - Mechanical,7,14,W/B,3349
2019-12-08,85,10:00:00,Sunday,Don Mills Station - Rouge Hill Go,General Delay,20,30,B/W,
2019-12-08,123,10:20:00,Sunday,Sherway gardens,Mechanical,20,40,S/B,7972
2019-12-08,54,10:28:00,Sunday,Eglinton Station,Late Leaving Garage - Mechanical,16,32,E/B,8907
2019-12-08,82,10:30:00,Sunday,Glen and Roxborough,General Delay,10,10,E/B,8218
2019-12-08,53,11:03:00,Sunday,PAMK,Mechanical,9,18,W/B,1385
2019-12-08,11,11:20:00,Sunday,DAVISVILLE STATION,Mechanical,30,60,N/B,8122
2019-12-08,189,11:42:00,Sunday,Gunns Loop,Investigation,10,20,S/B,8091
2019-12-08,102,11:51:00,Sunday,Markham and Ellesmere,Diversion,33,43,S/B,3116
2019-12-08,85,11:51:00,Sunday,Toronto Zoo,Late Leaving Garage - Operator,11,22,W/B,1245
2019-12-08,47,11:54:00,Sunday,Yorkdale stn,Investigation,20,40,S/B,1077
2019-12-08,23,12:00:00,Sunday,23 Dawes Route,General Delay,10,20,B/W,
2019-12-08,67,12:00:00,Sunday,65 Parliament  Route,General Delay,8,15,B/W,
2019-12-08,64,12:00:00,Sunday,64 Main Route,General Delay,10,20,B/W,
2019-12-08,25,12:00:00,Sunday,25 Don Mills Route- All Branch,General Delay,10,19,B/W,
2019-12-08,67,12:00:00,Sunday,67 Pharmacy,General Delay,17,32,B/W,
2019-12-08,985,12:00:00,Sunday,Progress and Brimley,Investigation,15,30,W/B,9066
2019-12-08,84,12:00:00,Sunday,Weston Rd at Bradstock Rd to Sheppard West Station,General Delay,15,25,B/W,
2019-12-08,925,12:00:00,Sunday,925 Don Mills Express Route,General Delay,10,20,B/W,
2019-12-08,85,12:02:00,Sunday,Don Mills Station,Mechanical,5,10,E/B,1710
2019-12-08,29,12:10:00,Sunday,South of Bloor at Croatia,Diversion,4,8,S/B,
2019-12-08,29,12:38:00,Sunday,Bloor and Dufferin,Utilized Off Route,4,8,S/B,9144
2019-12-08,711,12:40:00,Sunday,Eglinton station,Utilized Off Route,1,1,S/B,8384
2019-12-08,24,12:45:00,Sunday,Victoria Park Station,Late Leaving Garage - Mechanical,7,14,N/B,8510
2019-12-08,52,12:47:00,Sunday,Dixon Rd at Islington Ave,Mechanical,20,40,W/B,8323
2019-12-08,35,13:00:00,Sunday,Entire route,General Delay,10,20,S/B,
2019-12-08,935,13:00:00,Sunday,Entire route,General Delay,10,20,S/B,
2019-12-08,95,13:30:00,Sunday,York Mills to Kingston Road Loop,General Delay,20,44,B/W,
2019-12-08,97,13:30:00,Sunday,Davisville Station to Hilda/Steeles,General Delay,20,30,nbw,
2019-12-08,100,13:36:00,Sunday,Concorde Place and Wynford,Mechanical,8,17,N/B,8758
2019-12-08,53,13:55:00,Sunday,Yonge and steeles,Investigation,7,14,S/B,1509
2019-12-08,80,13:56:00,Sunday,Kipling and Queensway,Diversion,54,102,B/W,
2019-12-08,37,13:56:00,Sunday,Islington Station,Mechanical,12,24,N/B,8027
2019-12-08,63,14:00:00,Sunday,Eglinton west stn,Mechanical,6,13,S/B,8383
2019-12-08,17,14:00:00,Sunday,Birchmount,General Delay,18,18,S/B,
2019-12-08,16,14:06:00,Sunday,Warden station,Mechanical,0,0,N/B,8579
2019-12-08,32,14:44:00,Sunday,Trathwey and Black Creek,Diversion,10,20,S/B,
2019-12-08,985,15:00:00,Sunday,Don Mills stn to Scarborough town centre,General Delay,10,20,B/W,
2019-12-08,5,15:00:00,Sunday,On route,General Delay,30,30,B/W,
2019-12-08,104,15:00:00,Sunday,Sheppard West Stn to Wilson Stn,General Delay,1,1,B/W,
2019-12-08,89,15:10:00,Sunday,Weston rd and Eglinton,Mechanical,10,20,N/B,1104
2019-12-08,127,15:20:00,Sunday,Spadina stn,Mechanical,20,40,W/B,1417
2019-12-08,106,15:21:00,Sunday,Sheppard West Stn,Mechanical,10,20,W/B,1309
2019-12-08,165,15:30:00,Sunday,wilson and jane,Mechanical,8,17,W/B,3348
2019-12-08,7,15:43:00,Sunday,St. Clair and Bathrust,Utilized Off Route,8,16,N/B,8160
2019-12-08,96,15:44:00,Sunday,carrier loop,Emergency Services,12,24,E/B,3284
2019-12-08,29,16:10:00,Sunday,Wilson Stn,Mechanical,4,9,S/B,9030
2019-12-08,53,16:20:00,Sunday,Passmore and Markham,Diversion,5,10,E/B,0
2019-12-08,51,17:05:00,Sunday,Leslie at Sheppard,Mechanical,24,48,S/B,8200
2019-12-08,91,17:14:00,Sunday,Woodbine station,Utilized Off Route,24,48,S/B,8527
2019-12-08,24,17:15:00,Sunday,Victoria Park station,Mechanical,11,14,S/B,3162
2019-12-08,780,17:20:00,Sunday,Pape station,Utilized Off Route,1,1,S/B,8691
2019-12-08,35,17:40:00,Sunday,Jane and Sheppard,Investigation,10,20,S/B,3255
2019-12-08,60,17:55:00,Sunday,Yonge and Cummer,Mechanical,10,20,W/B,3216
2019-12-08,133,18:04:00,Sunday,Morningside and Finch,Mechanical,10,20,S/B,1679
2019-12-08,927,18:15:00,Sunday,HWY 27 south of Rexdale,Diversion,55,65,S/B,
2019-12-08,133,18:17:00,Sunday,Morningside and Finch,Mechanical,10,20,S/B,3463
2019-12-08,9,18:39:00,Sunday,Warden station,Investigation,22,45,S/B,8948
2019-12-08,65,18:45:00,Sunday,65 Parliament route,General Delay,8,16,B/W,
2019-12-08,900,18:55:00,Sunday,427 and Dundas Street.,Mechanical,25,50,N/B,8002
2019-12-08,29,19:00:00,Sunday,dufferin and bloor,Diversion,20,28,B/W,
2019-12-08,29,19:00:00,Sunday,Bloor and Differin,Mechanical,8,16,N/B,9036
2019-12-08,29,19:10:00,Sunday,NB on Dufferin at Bloor,Investigation,8,16,S/B,9010
2019-12-08,86,20:09:00,Sunday,Kingston Road and Celeste Dr,Investigation,9,18,W/B,8832
2019-12-08,71,20:15:00,Sunday,Industry St. @ Mount Dennis,Mechanical,15,30,S/B,1345
2019-12-08,32,20:57:00,Sunday,dufferin and eglinton,Investigation,10,20,W/B,1071
2019-12-08,47,21:02:00,Sunday,LANSDOWNE and Queen,Mechanical,20,40,N/B,1080
2019-12-08,32,21:07:00,Sunday,dufferin and eglinton,Investigation,10,20,E/B,1378
2019-12-08,900,21:21:00,Sunday,AIRPORT EXP - Kipling Station,Mechanical,9,18,N/B,8010
2019-12-08,52,21:27:00,Sunday,Lawerence Station,Mechanical,20,40,W/B,8328
2019-12-08,38,21:29:00,Sunday,STC,Mechanical,12,24,E/B,1200
2019-12-08,130,22:00:00,Sunday,Sewells and Hupfield,Investigation,30,60,W/B,1397
2019-12-08,47,22:59:00,Sunday,Earlscourt Loop,Mechanical,20,40,N/B,1077
2019-12-09,34,00:19:00,Monday,Eglinton stn,Emergency Services,11,22,E/B,8874
2019-12-09,63,00:50:00,Monday,eglinton west station,Mechanical,10,20,S/B,8206
2019-12-09,96,01:02:00,Monday,york mills station,Investigation,8,17,W/B,3308
2019-12-09,116,01:40:00,Monday,Morningside and Nightstar,Mechanical,10,20,W/B,8900
2019-12-09,52,02:15:00,Monday,Lawrence & Bathurst,Mechanical,20,33,W/B,8310
2019-12-09,12,02:35:00,Monday,Neil McNeil H.S.,Late Leaving Garage - Mechanical,4,4,W/B,3143
2019-12-09,927,04:45:00,Monday,STEELES AND MARTINGROVE,Late Leaving Garage - Management,26,,S/B,3178
2019-12-09,34,05:00:00,Monday,Eglinton Yard,Mechanical,1,1,ob,8833
2019-12-09,113,05:05:00,Monday,Birchmount Garage,Late Leaving Garage - Mechanical,10,1,OB,3101
2019-12-09,36,05:13:00,Monday,Finch/Arrow,Late Leaving Garage - Mechanical,28,30,N/B,3271
2019-12-09,111,05:13:00,Monday,MARTINGROVE AND EGLINTON,Late Leaving Garage - Mechanical,14,28,S/B,7962
2019-12-09,95,05:14:00,Monday,york mills stan,Late Leaving Garage - Operator,11,41,E/B,
2019-12-09,34,05:18:00,Monday,EGLINTON STATION,Mechanical,8,26,E/B,8805
2019-12-09,102,05:20:00,Monday,Birchmount Yard,Mechanical,1,1,OB,8540
2019-12-09,116,05:21:00,Monday,Eglinton Yard,Mechanical,1,1,ob,8736
2019-12-09,25,05:23:00,Monday,Eglinton Yard,Mechanical,1,1,ob,8669
2019-12-09,25,05:24:00,Monday,Eglinton Yard,Mechanical,1,1,ob,8710
2019-12-09,17,05:27:00,Monday,Birchmount Garage,Mechanical,1,1,OB,8484
2019-12-09,133,05:30:00,Monday,Scarborough Town Centre,Diversion,20,40,E/B,3536
2019-12-09,134,05:40:00,Monday,Scarborough Town Center,Diversion,18,36,E/B,9099
2019-12-09,49,05:40:00,Monday,WESTMALL AND QUEENSWAY,Mechanical,15,,S/B,8016
2019-12-09,503,05:42:00,Monday,Birchmount Garage,Mechanical,1,1,OB,8518
2019-12-09,12,05:43:00,Monday,Birchmont Garage,Late Leaving Garage - Management,23,1,OB,8514
2019-12-09,17,05:43:00,Monday,Birchmount Garage,Mechanical,1,1,OB,8400
2019-12-09,40,05:44:00,Monday,Kipling Station,Mechanical,16,35,E/B,8087
2019-12-09,989,05:50:00,Monday,KEELE STN,Late Leaving Garage - Operator,24,,N/B,1036
2019-12-09,131,05:50:00,Monday,Scarborough Town Centre,Diversion,9,18,E/B,
2019-12-09,132,06:00:00,Monday,Scarborough Town Center,Diversion,12,24,E/B,1531
2019-12-09,130,06:00:00,Monday,Scarborough Town Center,Diversion,20,40,E/B,3532
2019-12-09,129,06:00:00,Monday,Scarborough Town Centre,Diversion,6,12,N/B,3459
2019-12-09,104,06:02:00,Monday,Wilson garage,Late Leaving Garage - Mechanical,16,32,E/B,1290
2019-12-09,34,06:04:00,Monday,EGLINTON STATION,Late Leaving Garage - Mechanical,6,12,E/B,8712
2019-12-09,9,06:06:00,Monday,POD Bellamy & East Park,Investigation,17,34,S/B,8513
2019-12-09,503,06:08:00,Monday,Birchmount Garage,Late Leaving Garage - Management,10,1,OB,8502
2019-12-09,69,06:10:00,Monday,Birchmount Garage,Mechanical,1,1,OB,8493
2019-12-09,69,06:10:00,Monday,Birchmount Garage,Mechanical,1,1,OB,9203
2019-12-09,986,06:11:00,Monday,Meadowvale Loop,Mechanical,5,10,W/B,8773
2019-12-09,36,06:11:00,Monday,FWSN,Late Leaving Garage - Mechanical,5,10,W/B,9109
2019-12-09,72,06:11:00,Monday,Birchmount Garage,Mechanical,1,1,OB,8530
2019-12-09,56,06:22:00,Monday,Donlands,Mechanical,10,20,N/B,8380
2019-12-09,985,06:31:00,Monday,Malvern Division,Late Leaving Garage - Mechanical,3,6,E/B,9080
2019-12-09,108,06:32:00,Monday,Pioneer Village Station,Mechanical,15,30,S/B,3499
2019-12-09,25,06:40:00,Monday,Pape Station,Mechanical,5,10,B/W,8624
2019-12-09,902,06:42:00,Monday,Birchmount Garage,Mechanical,1,1,OB,9212
2019-12-09,51,06:45:00,Monday,Leslie and Sheppard,Diversion,20,0,S/B,8323
2019-12-09,935,06:54:00,Monday,Pioneer Village Stn,Late Leaving Garage - Mechanical,7,14,S/B,3221
2019-12-09,954,06:57:00,Monday,Lawrence RT,Late Leaving Garage - Management,9,18,E/B,8931
2019-12-09,31,06:58:00,Monday,Eastern Ave and Knox Ave,Mechanical,15,30,N/B,8962
2019-12-09,64,07:00:00,Monday,64 Main Route,General Delay,10,20,B/W,
2019-12-09,144,07:00:00,Monday,144 Downtown Don Valley Express,General Delay,15,30,B/W,
2019-12-09,143,07:00:00,Monday,143 Downtown Beach Express Route,General Delay,15,30,B/W,
2019-12-09,989,07:10:00,Monday,STEELES AND OLD WESTON,Mechanical,15,30,S/B,1036
2019-12-09,60,07:17:00,Monday,Signal Hill,Utilized Off Route,1,1,E/B,3355
2019-12-09,45,07:25:00,Monday,Kipling sn,Mechanical,6,12,N/B,8454
2019-12-09,100,07:28:00,Monday,DON MILLS & WYNFORD,Mechanical,4,8,S/B,8818
2019-12-09,169,07:30:00,Monday,Route 169,General Delay,15,35,B/W,
2019-12-09,68,07:32:00,Monday,Warden and Lawrence,Mechanical,5,11,N/B,8758
2019-12-09,57,07:53:00,Monday,Kennedy Station,Mechanical,10,20,N/B,8792
2019-12-09,102,07:58:00,Monday,Markham & Hwy 7,Diversion,17,37,S/B,
2019-12-09,76,08:00:00,Monday,Bloor to the Queensway,General Delay,12,17,B/W,
2019-12-09,21,08:06:00,Monday,Kennedy Station,Mechanical,10,20,N/B,1547
2019-12-09,126,08:10:00,Monday,Christie and Essex,Investigation,17,24,,1058
2019-12-09,23,08:14:00,Monday,195 Rexleigh Drive,Mechanical,5,11,S/B,8555
2019-12-09,995,08:30:00,Monday,York Mills Station to University of Toronto,General Delay,25,35,B/W,
2019-12-09,95,08:30:00,Monday,York Mills Station to Kingston Road Loop,General Delay,23,31,B/W,
2019-12-09,945,08:36:00,Monday,Kipling stn,Mechanical,7,12,N/B,8037
2019-12-09,52,08:50:00,Monday,scarlett and lawrence,Investigation,15,30,E/B,8115
2019-12-09,96,09:41:00,Monday,Albion and Weston Rd,Emergency Services,24,48,E/B,3707
2019-12-09,112,10:15:00,Monday,Kipling stn,Mechanical,20,40,N/B,7917
2019-12-09,939,10:30:00,Monday,Finch at Bathurst,Emergency Services,8,16,E/B,1332
2019-12-09,54,11:06:00,Monday,Lawrence and Kingston Road,Investigation,12,24,W/B,8808
2019-12-09,70,11:16:00,Monday,O'Conner and Sunrise,Mechanical,18,36,S/B,8741
2019-12-09,79,11:45:00,Monday,Pine / Lawrence,Mechanical,23,45,S/B,1050
2019-12-09,16,11:56:00,Monday,McCowan and Lawrence,Mechanical,,,N/B,8521
2019-12-09,939,12:00:00,Monday,939 Finch Express -All Branch,General Delay,14,28,B/W,1663
2019-12-09,39,12:00:00,Monday,39 Finch Route-All Banch,General Delay,16,32,B/W,1313
2019-12-09,160,12:17:00,Monday,Wilson stn,Mechanical,15,30,N/B,1365
2019-12-09,60,12:23:00,Monday,Steeles/Highway 27,Diversion,73,83,E/B,3597
2019-12-09,16,12:23:00,Monday,Warden station,Investigation,13,26,N/B,8521
2019-12-09,35,12:52:00,Monday,Pioneer Village Stn,Investigation,7,14,S/B,3312
2019-12-09,935,12:55:00,Monday,Jane and Weston,Mechanical,10,20,S/B,3306
2019-12-09,25,12:57:00,Monday,Don Mills Stn,Mechanical,10,20,S/B,8731
2019-12-09,29,12:59:00,Monday,St Clair,Mechanical,7,14,N/B,9016
2019-12-09,60,13:25:00,Monday,Pioneer Village Station,Mechanical,11,22,EB,3351
2019-12-09,37,13:30:00,Monday,Islington stn,Mechanical,20,40,N/B,8419
2019-12-09,52,13:50:00,Monday,lawrence west station,Utilized Off Route,7,14,W/B,1328
2019-12-09,600,13:52:00,Monday,York mills and Bay view,Utilized Off Route,1,1,W/B,1319
2019-12-09,7,13:52:00,Monday,Renee / Bathurst,Utilized Off Route,8,16,S/B,8180
2019-12-09,90,13:55:00,Monday,St. Clair West Station,Utilized Off Route,10,20,N/B,8201
2019-12-09,106,13:55:00,Monday,Sheppard west station,Utilized Off Route,8,16,N/B,8391
2019-12-09,52,13:55:00,Monday,lawrence w stn,Utilized Off Route,14,28,W/B,8326
2019-12-09,600,13:57:00,Monday,Pioneer Village Station,Utilized Off Route,1,1,S/B,3278
2019-12-09,600,14:00:00,Monday,Lawrence West Station,Utilized Off Route,1,1,S/B,8322
2019-12-09,7,14:00:00,Monday,Dupont / Bathurst,Utilized Off Route,8,16,N/B,1334
2019-12-09,91,14:00:00,Monday,Entire route,General Delay,20,35,B/W,
2019-12-09,32,14:01:00,Monday,Eglinton West Station,Utilized Off Route,11,22,N/B,1119
2019-12-09,7,14:02:00,Monday,Wilson / Bathurst,Investigation,8,16,N/B,8357
2019-12-09,34,14:03:00,Monday,Eglinton Station,Utilized Off Route,12,24,E/B,8865
2019-12-09,600,14:04:00,Monday,Eglinton Station,Utilized Off Route,1,1,N/B,1103
2019-12-09,124,14:05:00,Monday,Roe Loop,Utilized Off Route,10,20,S/B,8191
2019-12-09,600,14:05:00,Monday,Warden Station,Utilized Off Route,1,1,W/B,8409
2019-12-09,34,14:07:00,Monday,Eglinton Station,Utilized Off Route,12,24,E/B,8847
2019-12-09,32,14:08:00,Monday,Eglinton West Station,Utilized Off Route,11,22,W/B,1261
2019-12-09,600,14:08:00,Monday,St. Clair West Station,Utilized Off Route,1,1,N/B,1012
2019-12-09,716,14:10:00,Monday,Warden Station,Utilized Off Route,1,1,W/B,3139
2019-12-09,60,14:13:00,Monday,Finch Station,Utilized Off Route,11,22,NB,3495
2019-12-09,52,14:14:00,Monday,lawrence west station.,Utilized Off Route,14,28,W/B,8316
2019-12-09,63,14:14:00,Monday,Ossington Stn,Utilized Off Route,10,20,S/B,1375
2019-12-09,36,14:15:00,Monday,FWSN,Utilized Off Route,5,10,E/B,3271
2019-12-09,710,14:15:00,Monday,Don Mills and Eglinton,Utilized Off Route,1,1,E/B,8713
2019-12-09,95,14:15:00,Monday,York Mills Station,Utilized Off Route,20,40,E/B,3422
2019-12-09,941,14:16:00,Monday,Finch wstn,Utilized Off Route,15,30,S/B,1605
2019-12-09,32,14:18:00,Monday,Eglinton West Station,Utilized Off Route,11,22,W/B,1134
2019-12-09,604,14:18:00,Monday,Pioneer Village Station,Utilized Off Route,1,1,EB,3245
2019-12-09,74,14:20:00,Monday,St. Clair Station,Utilized Off Route,19,38,N/B,8194
2019-12-09,63,14:20:00,Monday,Ossington Stn,Utilized Off Route,9,19,N/B,1227
2019-12-09,57,14:33:00,Monday,Eglinton Yard,Mechanical,0,0,OB,8823
2019-12-09,1,14:37:00,Monday,Saint Clair and Yonge,Investigation,1,1,W/B,3422
2019-12-09,57,14:43:00,Monday,Steeles Ave E / Midland,Investigation,8,16,S/B,8850
2019-12-09,37,14:50:00,Monday,Woodbine Racetrack,Emergency Services,22,44,N/B,8448
2019-12-09,25,14:52:00,Monday,Graydon Hall,Late Leaving Garage - Operator,6,12,B/W,8794
2019-12-09,37,15:00:00,Monday,Woodbine Racetrack,Diversion,50,70,B/W,
2019-12-09,939,15:00:00,Monday,STC Station NB exit on Triton Rd  to McCowan,Diversion,660,669,N/B,1654
2019-12-09,66,15:00:00,Monday,Berry and Park Lawn,Mechanical,9,27,S/B,8024
2019-12-09,37,15:00:00,Monday,Entire Route,General Delay,25,35,B/W,
2019-12-09,600,15:00:00,Monday,Mt Dennis Garage,Utilized Off Route,1,1,N/B,1118
2019-12-09,109,15:00:00,Monday,Eglinton W- Baycrest and Bathurst,Diversion,20,40,B/W,8389
2019-12-09,134,15:10:00,Monday,Finchdene Square,Mechanical,18,36,S/B,9099
2019-12-09,7,15:14:00,Monday,Wilson division,Late Leaving Garage - Mechanical,4,8,S/B,1278
2019-12-09,116,15:15:00,Monday,Eglinton Yard,Mechanical,0,0,OB,8700
2019-12-09,60,15:17:00,Monday,Finch Station,Mechanical,10,20,NB,3205
2019-12-09,29,15:19:00,Monday,Dufferin / Hallam,Investigation,3,9,S/B,9048
2019-12-09,37,15:20:00,Monday,Islington and Hilldowntree,Mechanical,11,27,N/B,8014
2019-12-09,34,15:22:00,Monday,Eglinton Yard,Mechanical,0,0,OB,8790
2019-12-09,925,15:27:00,Monday,Pape Station,Mechanical,10,20,B/W,8723
2019-12-09,144,15:28:00,Monday,Eglinton Yard,Mechanical,0,0,OB,8857
2019-12-09,122,15:30:00,Monday,York Mills Station to Roywood,General Delay,15,30,B/W,
2019-12-09,109,15:30:00,Monday,Eglinton West Station to Neptune,General Delay,15,35,B/W,
2019-12-09,25,15:36:00,Monday,Pape Station,Mechanical,6,12,B/W,8669
2019-12-09,989,15:40:00,Monday,Weston & Eglinton,Investigation,14,20,N/B,1129
2019-12-09,12,15:40:00,Monday,Victoria Park Station,Late Leaving Garage - Mechanical,10,20,E/B,9842
2019-12-09,108,15:40:00,Monday,Pioneer stn,Vision,7,14,S/B,3220
2019-12-09,86,15:42:00,Monday,Kennedy Station,Mechanical,16,32,E/B,8711
2019-12-09,86,15:45:00,Monday,Coronation and Manse,Vision,16,32,W/B,8629
2019-12-09,86,15:47:00,Monday,Kennedy Station,Mechanical,16,32,E/B,8711
2019-12-09,113,15:47:00,Monday,DANFORTH / Main Station,Investigation,11,22,E/B,3135
2019-12-09,15,16:15:00,Monday,Evans Ave. at Garroch Place,Mechanical,14,28,W/B,8454
2019-12-09,600,16:17:00,Monday,Scarborough Town Center,Utilized Off Route,1,1,E/B,3442
2019-12-09,706,16:26:00,Monday,RAD BUS / Main Station,Utilized Off Route,1,1,B/W,8490
2019-12-09,600,16:28:00,Monday,RAD bus / Main Station,Utilized Off Route,1,1,B/W,3162
2019-12-09,985,16:44:00,Monday,Sheppard and Midland,Investigation,10,20,E/B,3453
2019-12-09,600,16:46:00,Monday,Woodbine Station,Utilized Off Route,1,1,B/W,3117
2019-12-09,35,16:58:00,Monday,Old Park Road,Mechanical,10,19,W/B,1017
2019-12-09,87,17:00:00,Monday,Main station,Utilized Off Route,7,13,W/B,3157
2019-12-09,102,17:00:00,Monday,Markham and Lawrence,Mechanical,7,14,S/B,9226
2019-12-09,929,17:01:00,Monday,Queen st.,Mechanical,8,16,N/B,9026
2019-12-09,941,17:08:00,Monday,Keele stn,Mechanical,15,30,N/B,1265
2019-12-09,131,17:20:00,Monday,Kennedy Station,Mechanical,9,18,N/B,3545
2019-12-09,124,17:21:00,Monday,Roe Loop,Mechanical,10,20,S/B,8155
2019-12-09,144,17:30:00,Monday,DWTN DON VALLEY EXP,General Delay,20,40,B/W,
2019-12-09,143,17:45:00,Monday,DWTN BEACH EXP,General Delay,15,30,B/W,
2019-12-09,124,17:48:00,Monday,Roe Loop,Utilized Off Route,10,20,S/B,8191
2019-12-09,52,18:00:00,Monday,Entire Line,General Delay,20,25,W/B,8368
2019-12-09,952,18:00:00,Monday,Keele - Carlingview,General Delay,20,25,W/B,1228
2019-12-09,134,18:06:00,Monday,Corporate and Progress,Mechanical,5,10,E/B,3424
2019-12-09,161,18:20:00,Monday,jane and alliance,Diversion,20,33,W/B,1011
2019-12-09,21,18:21:00,Monday,Steeles Loop,Mechanical,14,28,S/B,3448
2019-12-09,144,18:31:00,Monday,Spadina and King,Diversion,33,53,W/B,
2019-12-09,143,18:31:00,Monday,DWNT BEACH EXP,Diversion,28,43,W/B,
2019-12-09,23,18:33:00,Monday,DAWES and Coleman,Mechanical,7,14,S/B,8555
2019-12-09,925,18:34:00,Monday,Fresh Meadow and Don Mills Road,Mechanical,9,18,B/W,8776
2019-12-09,117,18:50:00,Monday,Sheppard west station,Mechanical,12,24,N/B,1221
2019-12-09,38,19:00:00,Monday,STC,Mechanical,9,18,E/B,1311
2019-12-09,38,19:05:00,Monday,Scarborough Town center,Mechanical,9,18,E/B,1311
2019-12-09,39,19:25:00,Monday,Finch and Cherokee Blvd,Investigation,14,28,W/B,1655
2019-12-09,43,19:26:00,Monday,Kennedy Station,Mechanical,10,20,N/B,8657
2019-12-09,929,19:39:00,Monday,Dupont / Dufferin,Investigation,10,20,N/B,9029
2019-12-09,60,19:40:00,Monday,Pioneer Village Station,Mechanical,11,22,WB,3202
2019-12-09,36,20:06:00,Monday,Weston Road,Investigation,5,10,W/B,9134
2019-12-09,12,20:10:00,Monday,KINSTON ROAD / Victoria Park Station,Mechanical,0,0,E/B,3151
2019-12-09,54,20:35:00,Monday,Lawerence and Morningside,Mechanical,14,28,W/B,8649
2019-12-09,886,20:55:00,Monday,Morningside and Lawerence,Investigation,10,20,N/B,8863
2019-12-09,54,21:15:00,Monday,Lawerence and Morningside,Diversion,5,10,W/B,8675
2019-12-09,89,21:28:00,Monday,Albion / Wilson,Mechanical,10,20,S/B,1408
2019-12-09,32,21:37:00,Monday,renforth station,Mechanical,10,20,E/B,1590
2019-12-09,7,21:51:00,Monday,greenwin village and bathurst,Emergency Services,8,17,S/B,8307
2019-12-09,939,22:40:00,Monday,McCowan & Sheppard,Diversion,60,70,S/B,1561
2019-12-09,102,23:06:00,Monday,Markham and Steeles,Emergency Services,9,18,S/B,3122
2019-12-10,132,00:00:00,Tuesday,STC,Diversion,12,24,E/B,1327
2019-12-10,133,00:00:00,Tuesday,STC,Diversion,20,40,E/B,3491
2019-12-10,130,00:00:00,Tuesday,STC,Diversion,20,40,E/B,1331
2019-12-10,129,00:00:00,Tuesday,Scarborough Town Center,Diversion,6,12,E/B,3476
2019-12-10,131,00:00:00,Tuesday,STC,Diversion,13,26,E/B,1333
2019-12-10,134,00:00:00,Tuesday,STC,Diversion,19,38,E/B,9092
2019-12-10,332,02:26:00,Tuesday,Eglinton & Wincott,Mechanical,16,32,W/B,1413
2019-12-10,332,02:30:00,Tuesday,Eglinton/Wincott,Mechanical,16,32,W/B,1413
2019-12-10,600,04:30:00,Tuesday,Birchmount Garage,Mechanical,1,1,OB,3149
2019-12-10,300,04:43:00,Tuesday,DANFORTH/DANFORTH,Utilized Off Route,1,1,W/B,3128
2019-12-10,315,04:44:00,Tuesday,the Westmall and Sherway Dr.,Mechanical,30,60,E/B,8080
2019-12-10,87,04:55:00,Tuesday,Birchmount Garage,Mechanical,1,1,OB,3146
2019-12-10,68,04:57:00,Tuesday,Eglinton Yard,Mechanical,1,1,O/B,8695
2019-12-10,46,05:00:00,Tuesday,WESTWAY AND MARTINGROVE,Diversion,82,60,B/W,
2019-12-10,54,05:03:00,Tuesday,Eglinton Yard,Mechanical,1,1,O/B,8646
2019-12-10,52,05:08:00,Tuesday,MARTIN GROVE/ THE WESTWAY,Diversion,72,94,E/B,
2019-12-10,167,05:09:00,Tuesday,Birchmount Garage,Mechanical,1,1,OB,8401
2019-12-10,95,05:10:00,Tuesday,Malvern garage,Late Leaving Garage - Mechanical,9,20,E/B,1652
2019-12-10,43,05:15:00,Tuesday,eglinton Yard,Mechanical,1,1,O/B,8734
2019-12-10,116,05:17:00,Tuesday,Eglinton Yard,Mechanical,1,1,O/B,8660
2019-12-10,47,05:21:00,Tuesday,Yorkdale,Mechanical,8,16,S/B,1080
2019-12-10,70,05:22:00,Tuesday,Eglinton Yard,Mechanical,1,1,O/B,8923
2019-12-10,43,05:23:00,Tuesday,Eglinton Yard,Mechanical,1,1,O/B,8804
2019-12-10,34,05:23:00,Tuesday,EGLINTON STATION,Late Leaving Garage - Management,12,24,E/B,8844
2019-12-10,34,05:25:00,Tuesday,EglintonYard,Mechanical,1,1,O/B,8635
2019-12-10,16,05:27:00,Tuesday,Birchmount Garage,Mechanical,1,1,OB,8545
2019-12-10,505,05:28:00,Tuesday,Birchmount Garage,Mechanical,1,1,OB,8479
2019-12-10,116,05:34:00,Tuesday,EglintonYard,Mechanical,1,1,O/B,8813
2019-12-10,34,05:37:00,Tuesday,eg;linton Yard,Mechanical,1,1,O/B,8710
2019-12-10,54,05:39:00,Tuesday,Eglinton Yard,Mechanical,1,1,O/B,8914
2019-12-10,927,05:40:00,Tuesday,MARTINGROVE AND ROYAL CREST,Late Leaving Garage - Management,10,20,S/B,3510
2019-12-10,34,05:42:00,Tuesday,Eglinton Yard,Mechanical,1,1,O/B,8747
2019-12-10,86,05:42:00,Tuesday,Eglinton Yard,Mechanical,1,1,O/B,8880
2019-12-10,68,05:44:00,Tuesday,Steeles and Warden,Mechanical,6,12,S/B,8655
2019-12-10,57,05:44:00,Tuesday,Eglinton Yard,Mechanical,1,1,O/B,8763
2019-12-10,22,05:45:00,Tuesday,Birchmount Garage,Mechanical,1,1,OB,8572
2019-12-10,79,05:45:00,Tuesday,Runnymede Station,Late Leaving Garage - Mechanical,4,19,N/B,1208
2019-12-10,121,05:46:00,Tuesday,Birchmount Garage,Mechanical,1,1,OB,3121
2019-12-10,986,05:47:00,Tuesday,Eglinton Yard,Mechanical,1,1,O/B,8837
2019-12-10,17,05:50:00,Tuesday,Birchmount Garage,Mechanical,1,1,OB,8597
2019-12-10,62,05:51:00,Tuesday,Cosburn and Mortimer,Mechanical,14,14,E/B,8531
2019-12-10,69,05:52:00,Tuesday,Birchmount Garage,Mechanical,1,1,OB,3150
2019-12-10,43,06:04:00,Tuesday,Eglinton Yard,Mechanical,1,1,O/B,8875
2019-12-10,104,06:04:00,Tuesday,Wilson garage,Late Leaving Garage - Mechanical,16,32,E/B,8370
2019-12-10,986,06:07:00,Tuesday,Eglinton Yard,Mechanical,1,1,O/B,8900
2019-12-10,54,06:07:00,Tuesday,eglinton Yard,Mechanical,1,1,O/B,8909
2019-12-10,131,06:08:00,Tuesday,Morningview and Morningside,Late Leaving Garage - Vision,6,12,W/B,1565
2019-12-10,68,06:10:00,Tuesday,Eglinton Yard,Mechanical,1,1,O/B,8788
2019-12-10,86,06:11:00,Tuesday,EglintonYard,Mechanical,1,1,O/B,8886
2019-12-10,68,06:12:00,Tuesday,Eglinton Yard,Mechanical,1,1,O/B,8934
2019-12-10,72,06:13:00,Tuesday,Birchmount Garage,Mechanical,1,1,OB,8540
2019-12-10,924,06:15:00,Tuesday,Steeles,Mechanical,10,20,S/B,8465
2019-12-10,116,06:16:00,Tuesday,EglintonYArd,Mechanical,1,1,O/B,8847
2019-12-10,131,06:16:00,Tuesday,Scarborough Town Center,Mechanical,8,16,E/B,1337
2019-12-10,57,06:17:00,Tuesday,eglinton Yard,Mechanical,1,1,O/B,8746
2019-12-10,43,06:19:00,Tuesday,Eglinton Yard,Mechanical,1,1,O/B,8921
2019-12-10,925,06:27:00,Tuesday,Eglinton Yard,Mechanical,1,1,O/B,8679
2019-12-10,118,06:30:00,Tuesday,Wilson Station,Late Leaving Garage - Mechanical,20,40,W/B,3562
2019-12-10,996,06:34:00,Tuesday,York Mills Station,Late Leaving Garage - Management,10,20,E/B,3252
2019-12-10,54,06:40:00,Tuesday,Lawrence and DonMills,Investigation,9,18,E/B,8666
2019-12-10,51,06:45:00,Tuesday,Sheppard and Leslie,Diversion,20,770,S/B,
2019-12-10,96,06:47:00,Tuesday,Humberline Drive,Mechanical,27,47,,3237
2019-12-10,913,06:58:00,Tuesday,Scarborough Town Center,Late Leaving Garage - Management,5,5,E/B,9080
2019-12-10,59,07:03:00,Tuesday,Oak and Weston,Mechanical,24,48,E/B,3202
2019-12-10,984,07:07:00,Tuesday,ARROW garage,Vision,9,18,W/B,3283
2019-12-10,60,07:17:00,Tuesday,Signal Hill,Utilized Off Route,8,16,E/B,9128
2019-12-10,143,07:30:00,Tuesday,Neville Loop to Spadina and Adelaide,General Delay,15,20,B/W,
2019-12-10,17,07:30:00,Tuesday,Warden Station,Mechanical,7,14,B/W,8588
2019-12-10,92,07:56:00,Tuesday,Woodbine/Danforth,Investigation,8,16,S/B,9232
2019-12-10,64,08:00:00,Tuesday,Main Station to Queen,General Delay,10,15,B/W,
2019-12-10,986,08:02:00,Tuesday,Kennedy Station,Emergency Services,5,10,E/B,8920
2019-12-10,120,08:08:00,Tuesday,Keele and Calvington,Investigation,24,48,E/B,3641
2019-12-10,70,08:10:00,Tuesday,Between Coxwell Stn --- 1 Craigton/Pharmacy 2 Warden Stn,General Delay,20,26,B/W,
2019-12-10,47,08:54:00,Tuesday,Queen / Lansdowne,Utilized Off Route,10,20,E/B,1128
2019-12-10,54,08:56:00,Tuesday,Lawrence and Port Union,Mechanical,9,18,E/B,8781
2019-12-10,79,08:57:00,Tuesday,Highpark / Bloor,Utilized Off Route,10,20,W/B,1109
2019-12-10,64,09:00:00,Tuesday,Queen and Wineva,Utilized Off Route,8,16,N/B,8526
2019-12-10,63,09:07:00,Tuesday,King and Atlantic,Mechanical,4,9,N/B,8119
2019-12-10,935,09:08:00,Tuesday,Pioneer Village Stn,Investigation,8,16,S/B,3304
2019-12-10,501,09:15:00,Tuesday,Kipling Station,Utilized Off Route,1,1,E/B,7958
2019-12-10,704,09:18:00,Tuesday,Dufferin and Roselawn,Utilized Off Route,1,1,S/B,3193
2019-12-10,44,09:21:00,Tuesday,Lakeshore/Kipling,Utilized Off Route,6,13,N/B,8054
2019-12-10,54,09:55:00,Tuesday,Eglinton Station,Mechanical,12,24,E/B,8742
2019-12-10,23,11:02:00,Tuesday,Park Vista,Investigation,10,20,N/B,8575
2019-12-10,43,11:24:00,Tuesday,Kennedy Station,Investigation,10,20,N/B,8731
2019-12-10,84,11:29:00,Tuesday,"bradstock, and weston",Investigation,14,28,W/B,3578
2019-12-10,100,11:38:00,Tuesday,Don Mills and Wynford,Investigation,6,13,N/B,8830
2019-12-10,102,11:42:00,Tuesday,Markham and Kingstn Road,Investigation,20,40,N/b,9233
2019-12-10,39,12:00:00,Tuesday,39 Finch Route-All Branch,General Delay,16,32,B/W,1341
2019-12-10,939,12:00:00,Tuesday,On Triton Rd-under RT Bridge,Diversion,1,1,N/B,1284
2019-12-10,939,12:00:00,Tuesday,939 Finch Express-All Branch,General Delay,14,28,B/W,3462
2019-12-10,34,12:12:00,Tuesday,Eglinton Station,Mechanical,12,24,E/B,8776
2019-12-10,91,12:13:00,Tuesday,Victoria Park and Sloane,Mechanical,15,30,S/B,9235
2019-12-10,39,12:31:00,Tuesday,Leslie and Finch,Investigation,8,16,W/B,3462
2019-12-10,14,12:40:00,Tuesday,Dufferin and Glencairn,Investigation,20,40,E/B,1072
2019-12-10,69,12:58:00,Tuesday,Warden STN,Mechanical,11,22,S/B,3137
2019-12-10,40,13:02:00,Tuesday,Dundas West Station,Investigation,20,40,N/B,8055
2019-12-10,36,13:25:00,Tuesday,Finch & Driftwood,Diversion,59,64,,
2019-12-10,939,13:30:00,Tuesday,Finch Station,Investigation,8,16,E/B,1579
2019-12-10,32,13:50:00,Tuesday,Scarlett and Eglinton,Mechanical,11,22,W/B,1203
2019-12-10,32,14:00:00,Tuesday,Renforth to Eglinton Station,General Delay,25,38,B/W,
2019-12-10,133,14:02:00,Tuesday,Washburn way and Staines,Investigation,11,22,E/B,3540
2019-12-10,69,14:09:00,Tuesday,Warden STN,Mechanical,11,22,S/B,8960
2019-12-10,47,14:11:00,Tuesday,earlscourt loop,Mechanical,18,36,S/B,1011
2019-12-10,36,14:17:00,Tuesday,Finch & Kendleton,Investigation,5,10,W/B,3522
2019-12-10,39,14:20:00,Tuesday,Bayview and Finch,Investigation,16,32,W/B,1602
2019-12-10,68,14:22:00,Tuesday,Eglinton Garage,Mechanical,0,0,OB,8825
2019-12-10,84,14:23:00,Tuesday,arrow and sheppard,Utilized Off Route,15,30,W/B,3322
2019-12-10,7,14:26:00,Tuesday,Bathurst stn,Mechanical,7,14,N/B,1302
2019-12-10,129,14:27:00,Tuesday,Scarborough Town Center,Mechanical,28,56,N/B,1320
2019-12-10,57,14:28:00,Tuesday,Eglinton Yard,Mechanical,0,0,OB,8637
2019-12-10,104,14:30:00,Tuesday,Sheppard west station,Mechanical,20,35,W/B,1399
2019-12-10,127,14:35:00,Tuesday,Spadina and Lowther,Investigation,30,60,N/B,1013
2019-12-10,25,14:36:00,Tuesday,Eglinton Yard,Mechanical,0,0,OB,8767
2019-12-10,6,14:38:00,Tuesday,Dupont and Davenport,Mechanical,8,20,S/B,1418
2019-12-10,36,14:39:00,Tuesday,Finch w stn,Investigation,5,10,W/B,3585
2019-12-10,61,14:43:00,Tuesday,Avenue Road and Roselawn,Late Leaving Garage - Operator,13,26,N/B,8194
2019-12-10,34,14:47:00,Tuesday,Eglinton Yard,Mechanical,0,0,OB,8773
2019-12-10,134,14:48:00,Tuesday,Consilium and Corporate,Diversion,37,53,N/B,
2019-12-10,953,14:59:00,Tuesday,Malvern garage POD  Morningside & Finch,Late Leaving Garage - Mechanical,15,,W/B,9076
2019-12-10,925,14:59:00,Tuesday,Eglinton Yard,Mechanical,0,0,OB,8804
2019-12-10,41,15:00:00,Tuesday,Keele stn / Pioneer stn,General Delay,11,22,B/W,
2019-12-10,32,15:00:00,Tuesday,Royal York and Eglinton,Late Leaving Garage - Operator,1,1,E/B,1626
2019-12-10,70,15:01:00,Tuesday,Eglinton Garage,Late Leaving Garage - Mechanical,1,1,B/W,8856
2019-12-10,43,15:02:00,Tuesday,STC,Mechanical,15,30,S/B,8739
2019-12-10,68,15:04:00,Tuesday,Eglinton Yard,Mechanical,0,0,OB,8837
2019-12-10,984,15:10:00,Tuesday,Sheppard and Senlac,Diversion,9,18,BW,3600
2019-12-10,84,15:10:00,Tuesday,Sheppard and Senlac,Diversion,15,30,BW,3249
2019-12-10,129,15:11:00,Tuesday,Scarborough Town Center,Mechanical,17,34,N/B,1655
2019-12-10,20,15:13:00,Tuesday,Parkette,Investigation,14,28,E/B,3111
2019-12-10,34,15:14:00,Tuesday,Mt. Pleasant and Eglinton,Late Leaving Garage - Management,6,13,W/B,8798
2019-12-10,95,15:14:00,Tuesday,York Mills Collegiate,Late Leaving Garage - Vision,19,27,E/B,1676
2019-12-10,117,15:14:00,Tuesday,Sheppard west station,Mechanical,14,28,N/B,8150
2019-12-10,161,15:17:00,Tuesday,Jane and Alliance,Mechanical,9,22,,1106
2019-12-10,43,15:17:00,Tuesday,Eglinton Yard,Mechanical,0,0,OB,8840
2019-12-10,925,15:20:00,Tuesday,Steeles Ave and Warden Ave,Investigation,9,18,B/W,8795
2019-12-10,986,15:22:00,Tuesday,Eglinton Yard,Mechanical,0,0,OB,8889
2019-12-10,25,15:27:00,Tuesday,Eglinton Yard,Mechanical,0,0,OB,8911
2019-12-10,168,15:30:00,Tuesday,Avon Loop,Mechanical,8,16,S/B,1413
2019-12-10,122,15:30:00,Tuesday,York Mills Station to Roywood,General Delay,15,30,B/W,
2019-12-10,95,15:30:00,Tuesday,York Mills Station to Kingston Road,General Delay,15,25,B/W,
2019-12-10,109,15:30:00,Tuesday,Eglinton West Station to Neptune,General Delay,15,35,B/W,
2019-12-10,116,15:55:00,Tuesday,Morningside/Lawrence,Diversion,54,64,B/W,
2019-12-10,116,15:55:00,Tuesday,Morningside/lawrence,General Delay,15,25,B/W,
2019-12-10,952,16:00:00,Tuesday,Terminal 3,General Delay,12,24,BW,1235
2019-12-10,81,16:00:00,Tuesday,Pape Ave and Floyd Ave,Diversion,1,1,B/W,8587
2019-12-10,72,16:00:00,Tuesday,Route 72,General Delay,19,40,S/B,
2019-12-10,63,16:02:00,Tuesday,Atlantic Ave / King street,Mechanical,10,20,N/B,8130
2019-12-10,25,16:15:00,Tuesday,Floyd Ave and Gowan Ave,Diversion,1,1,B/W,
2019-12-10,24,16:22:00,Tuesday,VICTORIA PARK and Eglinton,Mechanical,9,18,N/B,3126
2019-12-10,6,16:32:00,Tuesday,Bay & Hayter,Mechanical,8,15,N/B,1069
2019-12-10,89,17:00:00,Tuesday,Keel Station,Mechanical,11,22,N/B,1325
2019-12-10,160,17:10:00,Tuesday,Wilson stn / Clarke,General Delay,7,14,B/W,
2019-12-10,35,17:10:00,Tuesday,jane station,Mechanical,5,10,N/B,3629
2019-12-10,95,17:14:00,Tuesday,"On York Mills, at Upper Highland",Investigation,10,20,E/B,1607
2019-12-10,6,17:17:00,Tuesday,Bay and Queen,Diversion,20,28,S/B,1265
2019-12-10,935,17:19:00,Tuesday,jane and alliance,Investigation,10,20,N/B,3300
2019-12-10,66,17:30:00,Tuesday,Old Mill stn,Mechanical,9,18,S/B,8022
2019-12-10,47,18:39:00,Tuesday,caledonia and schell,Mechanical,30,60,N/B,1043
2019-12-10,123,18:45:00,Tuesday,Long Branch Loop,Emergency Services,15,30,N/B,8425
2019-12-10,66,18:50:00,Tuesday,Old Mill stn,Mechanical,10,20,S/B,8094
2019-12-10,116,19:00:00,Tuesday,Eglinton/Midland,Mechanical,25,50,E/B,8873
2019-12-10,100,19:12:00,Tuesday,Broadview stn,Utilized Off Route,9,18,N/B,8700
2019-12-10,102,19:15:00,Tuesday,Warden STN,Utilized Off Route,20,43,E/B,8574
2019-12-10,25,19:20:00,Tuesday,Pape Staton,Utilized Off Route,9,18,B/W,8843
2019-12-10,17,19:28:00,Tuesday,Warden STN,Utilized Off Route,13,26,N/B,3146
2019-12-10,706,19:29:00,Tuesday,RAD - Main Station,Utilized Off Route,1,1,B/W,3124
2019-12-10,32,19:34:00,Tuesday,Pine/Lawrence,Mechanical,10,20,E/B,1113
2019-12-10,72,19:36:00,Tuesday,pape stn,Utilized Off Route,18,36,N/B,3149
2019-12-10,90,20:08:00,Tuesday,Maplewood and Vaughan,Mechanical,9,18,N/B,1219
2019-12-10,63,20:25:00,Tuesday,Atlantic Ave / King Street,Mechanical,10,20,N/B,8142
2019-12-10,85,21:14:00,Tuesday,"On Sheppard, at Yonge",Mechanical,15,30,E/B,3503
2019-12-10,68,21:27:00,Tuesday,Warden Station,Mechanical,12,24,N/B,8673
2019-12-10,41,22:11:00,Tuesday,Pioneer Village Station,Mechanical,16,32,S/B,9035
2019-12-10,41,22:40:00,Tuesday,Keele Station,Mechanical,16,32,N/B,9016
2019-12-10,124,22:47:00,Tuesday,Lawrence/Yonge,Mechanical,20,40,E/B,8311
2019-12-10,90,22:53:00,Tuesday,St.Clair / Bathurst,Mechanical,11,22,N/B,8340
2019-12-10,63,23:13:00,Tuesday,Eglinton west Station,Utilized Off Route,10,20,S/B,8144
2019-12-10,95,23:45:00,Tuesday,Full 95 Route,General Delay,10,20,B/W,
2019-12-11,89,00:11:00,Wednesday,Weston and Oak,Emergency Services,10,20,N/B,1606
2019-12-11,102,00:17:00,Wednesday,Markham/Eglinton,Emergency Services,6,12,S/B,8520
2019-12-11,32,01:20:00,Wednesday,Eglinton Station,Mechanical,8,16,W/B,1027
2019-12-11,325,01:24:00,Wednesday,Pape/Floyd,Diversion,225,255,B/W,
2019-12-11,335,02:46:00,Wednesday,Jane Street and Wilson Ave,Emergency Services,30,60,S/B,3268
2019-12-11,320,03:03:00,Wednesday,Yonge and Queens quay,Investigation,3,7,N/B,8342
2019-12-11,54,04:46:00,Wednesday,Eglinton Yard,Mechanical,1,1,O/B,8736
2019-12-11,87,04:58:00,Wednesday,Birchmount Garage,Mechanical,1,1,OB,9203
2019-12-11,116,04:58:00,Wednesday,Eglinton Yard,Mechanical,1,1,O/B,8844
2019-12-11,25,05:00:00,Wednesday,Pape and Floyed,Diversion,90,95,B/W,
2019-12-11,81,05:00:00,Wednesday,Pape and Floyed,Diversion,90,96,B/W,
2019-12-11,925,05:00:00,Wednesday,Pape and Floyed,Diversion,90,98,B/W,
2019-12-11,92,05:08:00,Wednesday,Brichmount Garage,Mechanical,1,1,OB,8518
2019-12-11,503,05:09:00,Wednesday,Birchmount Garage,Mechanical,1,1,OB,8961
2019-12-11,17,05:13:00,Wednesday,Birchmount Garage,Mechanical,1,1,OB,8521
2019-12-11,24,05:18:00,Wednesday,Birchmount Garage,Mechanical,1,1,OB,3126
2019-12-11,102,05:20:00,Wednesday,Birchmount Garage,Mechanical,1,1,OB,8540
2019-12-11,505,05:21:00,Wednesday,Birchmount Garage,Mechanical,1,1,OB,8956
2019-12-11,87,05:21:00,Wednesday,Birchmount Garage,Mechanical,1,1,OB,8465
2019-12-11,67,05:22:00,Wednesday,Eglinton Yard,Mechanical,1,1,O/B,8759
2019-12-11,503,05:29:00,Wednesday,Birchmount Garage,Mechanical,1,1,OB,8514
2019-12-11,133,05:30:00,Wednesday,STC,Diversion,20,40,E/B,3408
2019-12-11,113,05:31:00,Wednesday,Birchmount Garage,Mechanical,1,1,OB,8567
2019-12-11,60,05:32:00,Wednesday,Arrow Garage,Late Leaving Garage - Operator,10,20,S/B,3266
2019-12-11,62,05:34:00,Wednesday,Birchmount Garage,Mechanical,1,1,OB,9219
2019-12-11,503,05:35:00,Wednesday,Birchmount Garage,Mechanical,1,1,OB,3141
2019-12-11,130,05:40:00,Wednesday,STC,Diversion,20,40,N/B,3532
2019-12-11,134,05:40:00,Wednesday,STC,Diversion,19,38,N/B,9065
2019-12-11,116,05:46:00,Wednesday,Eglinton Yard,Mechanical,1,1,O/B,8712
2019-12-11,129,05:48:00,Wednesday,Scarborough Town Center,Diversion,8,16,N/B,3464
2019-12-11,165,05:48:00,Wednesday,Arrow Garage,Late Leaving Garage - Management,18,32,S/B,3342
2019-12-11,131,05:50:00,Wednesday,STC,Diversion,9,18,N/B,3429
2019-12-11,77,05:55:00,Wednesday,Runnymede Station,Mechanical,18,44,S/B,1007
2019-12-11,12,05:59:00,Wednesday,Birchmount Grage,Mechanical,1,1,OB,8484
2019-12-11,132,06:00:00,Wednesday,STC,Diversion,25,50,N/B,1710
2019-12-11,36,06:00:00,Wednesday,Arrow Garage,Late Leaving Garage - Mechanical,10,19,E/B,3244
2019-12-11,108,06:00:00,Wednesday,Arrow Garage,Late Leaving Garage - Mechanical,24,51,E/B,3566
2019-12-11,12,06:04:00,Wednesday,Birchmount Garage,Mechanical,1,1,OB,8490
2019-12-11,81,06:06:00,Wednesday,Pape Stn,Late Leaving Garage - Mechanical,13,23,N/B,3121
2019-12-11,503,06:14:00,Wednesday,Birchmount Garage,Mechanical,1,1,OB,8530
2019-12-11,47,06:20:00,Wednesday,Caledonia and Lawrence,Mechanical,10,20,B/W,1265
2019-12-11,70,06:20:00,Wednesday,Craigton and Pharmacy,Mechanical,18,36,S/B,8834
2019-12-11,116,06:25:00,Wednesday,Eglinton Yard,Mechanical,1,1,O/B,8640
2019-12-11,74,06:30:00,Wednesday,St Clair Station,Mechanical,15,30,E/B,8200
2019-12-11,12,06:31:00,Wednesday,Birchmount Garage,Mechanical,1,1,OB,8524
2019-12-11,902,06:32:00,Wednesday,Birchmount Garage,Mechanical,1,1,OB,8584
2019-12-11,41,06:41:00,Wednesday,Keele Station,Mechanical,14,29,N/B,9102
2019-12-11,935,06:53:00,Wednesday,Arrow Garage,Late Leaving Garage - Management,52,67,E/B,3641
2019-12-11,913,07:07:00,Wednesday,Scarborough Town Center,Late Leaving Garage - Mechanical,4,8,E/B,9080
2019-12-11,984,07:10:00,Wednesday,arrow garage,Mechanical,10,20,W/B,3705
2019-12-11,7,07:22:00,Wednesday,Greenwin Village and Steeles,Late Leaving Garage - Operator,8,16,S/B,8186
2019-12-11,935,07:24:00,Wednesday,Jane and Trethewey,Investigation,8,15,B/W,3638
2019-12-11,952,07:25:00,Wednesday,lawrence west stn,Mechanical,11,22,W/B,8158
2019-12-11,52,07:35:00,Wednesday,tollington martingrove.,Mechanical,12,24,E/B,1370
2019-12-11,40,08:06:00,Wednesday,Kipling Station,Mechanical,16,32,E/B,8601
2019-12-11,108,08:12:00,Wednesday,Sheppard West Station,Mechanical,15,30,N/B,3509
2019-12-11,101,08:20:00,Wednesday,Sheppard west station,Mechanical,10,20,W/B,3521
2019-12-11,97,08:30:00,Wednesday,Yonge/Steeles - Queen Quay,General Delay,15,30,B/W,8305
2019-12-11,63,08:30:00,Wednesday,Ossington and Bloor,Investigation,10,20,SB,8361
2019-12-11,945,08:31:00,Wednesday,Kipling Station,Mechanical,6,11,S/B,8440
2019-12-11,53,08:35:00,Wednesday,Markham/Passmore,Vision,6,11,W/B,1716
2019-12-11,52,08:40:00,Wednesday,lawrence west station,Mechanical,14,28,W/B,1363
2019-12-11,73,08:48:00,Wednesday,Kipling and Albion,Investigation,18,35,N/B,8040
2019-12-11,63,09:11:00,Wednesday,Eglinton Stn,Mechanical,9,18,SB,1257
2019-12-11,76,10:09:00,Wednesday,Royal York Rd and Melrose,Mechanical,10,20,S/B,8088
2019-12-11,68,11:07:00,Wednesday,Steeles and Warden,Investigation,12,24,S/B,8897
2019-12-11,36,11:21:00,Wednesday,Finch/Keele,Investigation,8,16,N/B,9129
2019-12-11,29,11:30:00,Wednesday,Billy Bishop and Dufferin,Diversion,,,N/B,
2019-12-11,929,11:30:00,Wednesday,Billy Bishop and Dufferin,Diversion,71,10,N/B,
2019-12-11,54,11:40:00,Wednesday,Banff and Eglinton,Investigation,8,16,W/B,8656
2019-12-11,85,11:49:00,Wednesday,Meadowvale loop,Mechanical,1,1,W/B,3405
2019-12-11,39,12:00:00,Wednesday,39 Finch Route-All Branch,General Delay,16,32,B/W,1323
2019-12-11,939,12:00:00,Wednesday,Triton Rd-McCowan,Diversion,1,1,N/B,3557
2019-12-11,939,12:00:00,Wednesday,939 Finch Express-All Branch,General Delay,14,28,B/W,1284
2019-12-11,106,12:01:00,Wednesday,Promenade mall,Late Leaving Garage - Mechanical,15,30,N/B,8135
2019-12-11,43,12:01:00,Wednesday,Kennedy Station,Mechanical,15,30,N/B,8839
2019-12-11,25,12:15:00,Wednesday,Don Mills/Heaven Brook,Mechanical,10,20,S/B,8893
2019-12-11,70,13:00:00,Wednesday,Entire route,General Delay,10,23,S/B,
2019-12-11,68,13:07:00,Wednesday,Warden Stn.,Mechanical,12,24,N/B,8666
2019-12-11,110,13:13:00,Wednesday,Islington stn,Mechanical,18,36,S/B,8609
2019-12-11,6,13:15:00,Wednesday,Bay & Dundas,Investigation,12,24,N/B,1097
2019-12-11,101,13:25:00,Wednesday,Carl Hall,Investigation,95,1,,3189
2019-12-11,52,13:25:00,Wednesday,lawrence west station,Mechanical,14,28,W/B,8375
2019-12-11,32,13:30:00,Wednesday,Islington and Eglinton,Mechanical,11,22,W/B,1002
2019-12-11,12,13:33:00,Wednesday,Kingston and Brimley,Investigation,22,47,N/B,9220
2019-12-11,91,14:00:00,Wednesday,Entire route,General Delay,10,25,S/B,
2019-12-11,32,14:00:00,Wednesday,Renforth to Eglinton Station,General Delay,20,33,B/W,
2019-12-11,45,14:05:00,Wednesday,Kipling/Steeles,Mechanical,10,20,N/B,8096
2019-12-11,97,14:12:00,Wednesday,Davisville Station,Late Leaving Garage - Mechanical,30,60,N/B,8197
2019-12-11,129,14:30:00,Wednesday,Scarborough Town Center to Major Mackenzie,General Delay,18,33,B/W,
2019-12-11,33,14:30:00,Wednesday,St Clair W Stn,Mechanical,30,60,,8185
2019-12-11,109,14:30:00,Wednesday,Neptune - Eglinton,General Delay,22,44,B/W,1276
2019-12-11,927,14:38:00,Wednesday,Kipling Station,Late Leaving Garage - Mechanical,12,24,N/B,3342
2019-12-11,133,14:38:00,Wednesday,Neilson and McLevin,Investigation,11,22,N/B,3438
2019-12-11,67,14:45:00,Wednesday,Eglinton Yard,Mechanical,0,0,OB,8792
2019-12-11,144,14:47:00,Wednesday,Eglinton yard,Mechanical,0,0,OB,8923
2019-12-11,57,14:49:00,Wednesday,Eglinton yard,Mechanical,0,0,OB,8802
2019-12-11,954,14:50:00,Wednesday,Eglinton Yard,Mechanical,0,0,OB,8772
2019-12-11,11,14:52:00,Wednesday,Ruth Ave and Bayview,Investigation,15,30,N/B,1249
2019-12-11,38,14:54:00,Wednesday,Scarborough Town Centre,Mechanical,9,21,E/B,1661
2019-12-11,97,14:57:00,Wednesday,Davisville,Mechanical,15,30,N/B,8150
2019-12-11,134,15:00:00,Wednesday,Scarborough Town Center to Finchdene Square,General Delay,19,37,B/W,
2019-12-11,130,15:00:00,Wednesday,Scarborough Town Center to Middlefield/Steeles,General Delay,12,28,B/W,
2019-12-11,954,15:00:00,Wednesday,Eglinton Yard,Mechanical,0,0,OB,8911
2019-12-11,131,15:00:00,Wednesday,Scarborough Town Center to Morningview/Sewels,General Delay,18,27,B/W,
2019-12-11,132,15:00:00,Wednesday,Scarborough Town Center to Hupfield/Steeles,General Delay,19,34,B/W,
2019-12-11,54,15:00:00,Wednesday,Starsprary Loop,Mechanical,10,20,E/B,8633
2019-12-11,133,15:00:00,Wednesday,Scarbough Town Center to Morningside/Finch,General Delay,9,16,B/W,
2019-12-11,927,15:02:00,Wednesday,Kipling Station,Late Leaving Garage - Management,12,24,S/B,3595
2019-12-11,939,15:15:00,Wednesday,Finch Station,Mechanical,10,20,N/B,1306
2019-12-11,34,15:16:00,Wednesday,Eglinton Yard,Mechanical,0,0,OB,8769
2019-12-11,68,15:21:00,Wednesday,Eglinton Yard,Mechanical,0,0,OB,8798
2019-12-11,11,15:23:00,Wednesday,Sunnybrook Hospital,Late Leaving Garage - Mechanical,12,28,S/B,8143
2019-12-11,85,15:24:00,Wednesday,Sheppard and Gateforth Drive,Mechanical,10,20,E/B,3492
2019-12-11,29,15:28:00,Wednesday,Wilson stn / Princessgate,General Delay,14,29,B/W,
2019-12-11,929,15:28:00,Wednesday,Wilson stn / Exhibition,General Delay,14,28,B/W,
2019-12-11,913,15:30:00,Wednesday,Scarborough Town Center to Centennial College,General Delay,12,17,B/W,
2019-12-11,21,15:30:00,Wednesday,Scarborough Town Center to Kennedy STN,General Delay,9,36,B/W,
2019-12-11,903,15:30:00,Wednesday,Scarborough Town Center to Kennedy STN,General Delay,16,35,B/W,
2019-12-11,95,15:30:00,Wednesday,York Mills Station to Kingston Road,General Delay,15,25,B/W,
2019-12-11,122,15:30:00,Wednesday,York Mills Station to Roywood,General Delay,15,30,B/W,
2019-12-11,54,15:37:00,Wednesday,Lawrence & Carnforth Ave,Investigation,10,20,E/B,8711
2019-12-11,636,15:47:00,Wednesday,Atlantic and King,Investigation,10,20,N/B,8198
2019-12-11,927,15:51:00,Wednesday,Kipling Station,Mechanical,12,24,N/B,3342
2019-12-11,37,16:00:00,Wednesday,Entire Route,General Delay,20,30,B/W,
2019-12-11,102,16:03:00,Wednesday,Markham and Brimorton,Investigation,22,44,N/B,9206
2019-12-11,984,16:06:00,Wednesday,Weston road and Bradstock,Mechanical,13,26,EB,3166
2019-12-11,134,16:20:00,Wednesday,McLevin and Washburn Way,Mechanical,18,36,E/B,9065
2019-12-11,142,16:38:00,Wednesday,Avenue Road and St Clair,Investigation,15,30,N/B,1257
2019-12-11,124,16:50:00,Wednesday,Roe Loop,Utilized Off Route,10,20,S/B,1371
2019-12-11,70,16:59:00,Wednesday,Eglinton Ave at Victoria Park,Diversion,240,250,S/B,8790
2019-12-11,9,17:00:00,Wednesday,Scarborough town Centre to Ellesmere,General Delay,120,1,B/W,
2019-12-11,169,17:00:00,Wednesday,Scarborough town Centre,General Delay,150,1,B/W,
2019-12-11,10,17:00:00,Wednesday,Don Mills Stn to Van Horne,General Delay,120,1,B/W,
2019-12-11,902,17:00:00,Wednesday,Sheppard to Ellesmere,General Delay,180,180,B/W,
2019-12-11,102,17:00:00,Wednesday,Ellesmere to Sheppard Ave,General Delay,180,1,B/W,
2019-12-11,85,17:04:00,Wednesday,Don Mill station,Emergency Services,13,26,W/B,3542
2019-12-11,118,17:05:00,Wednesday,Wilson Station,Mechanical,25,50,W/B,3547
2019-12-11,84,17:05:00,Wednesday,Sheppard and Welbeck,Investigation,15,30,WB,3573
2019-12-11,25,17:25:00,Wednesday,Don Mills Station,Investigation,6,12,S/B,8928
2019-12-11,132,17:30:00,Wednesday,Hupfield and Sewells,Mechanical,12,25,W/B,3409
2019-12-11,924,17:35:00,Wednesday,VICTORIA PARK and Eglinton,Diversion,195,204,B/W,
2019-12-11,24,17:35:00,Wednesday,VICTORIA PARK and Eglinton,Diversion,444,453,B/W,
2019-12-11,927,17:41:00,Wednesday,Kipling Station,Late Leaving Garage - Mechanical,6,12,N/B,3185
2019-12-11,927,17:43:00,Wednesday,Highway 27 & Royal Crest,Mechanical,6,12,N/B,3570
2019-12-11,42,17:46:00,Wednesday,Bayivew and Cummer,Diversion,52,60,WB,8138
2019-12-11,54,17:46:00,Wednesday,Eglinton and Laird dr,Investigation,10,20,E/B,8699
2019-12-11,941,18:01:00,Wednesday,Finch wstn,Mechanical,14,28,S/B,1124
2019-12-11,29,18:01:00,Wednesday,Dufferin / King,Investigation,8,16,S/B,9021
2019-12-11,7,18:01:00,Wednesday,Greenwin / Bathurst,Mechanical,7,14,S/B,8157
2019-12-11,102,18:04:00,Wednesday,Greenbrae Cicuit and Markham Rd,Investigation,23,47,N/B,8596
2019-12-11,34,18:10:00,Wednesday,Pharmacy and Eglinton,Emergency Services,6,12,E/B,8786
2019-12-11,34,18:15:00,Wednesday,Victoria Park and Eglinton,Emergency Services,6,12,E/B,8922
2019-12-11,34,18:20:00,Wednesday,Kennedy Station,Utilized Off Route,6,12,E/B,8739
2019-12-11,34,18:28:00,Wednesday,Victoria Park and Eglinton,Diversion,382,389,B/W,
2019-12-11,123,18:45:00,Wednesday,Long Branch Loop,Emergency Services,1,25,N/B,8425
2019-12-11,37,19:00:00,Wednesday,Rexdale and Queens Plate,Diversion,1,1,B/W,
2019-12-11,45,19:00:00,Wednesday,Kipling and Viking Lane,Investigation,10,20,S/B,8030
2019-12-11,52,19:09:00,Wednesday,Terminal 3,Vision,11,22,EB,8105
2019-12-11,126,19:12:00,Wednesday,Bloor and Christie,Mechanical,30,60,N/B,1004
2019-12-11,116,20:12:00,Wednesday,Eglinton/Danforth,Investigation,25,50,E/B,8692
2019-12-11,91,20:18:00,Wednesday,Eglinton Ave,Mechanical,22,44,S/B,8550
2019-12-11,131,20:25:00,Wednesday,Sewell's and Neilson,Diversion,53,67,E/B,1500
2019-12-11,56,20:47:00,Wednesday,Eglinton Station,Mechanical,22,44,EB,8212
2019-12-11,81,21:00:00,Wednesday,Thorncliffe to Station,General Delay,10,20,B/W,
2019-12-11,51,21:00:00,Wednesday,Eglinton Station,Utilized Off Route,10,20,NB,8122
2019-12-11,116,21:15:00,Wednesday,Eglinton/Brimley,Investigation,10,20,W/B,8692
2019-12-11,14,22:09:00,Wednesday,Caledonia,Mechanical,20,40,W/B,1502
2019-12-11,79,22:35:00,Wednesday,"On Wright, at Jane",Diversion,190,205,B/W,
2019-12-11,939,22:58:00,Wednesday,Dufferin Street and Finch Ave,Mechanical,12,25,W/B,1245
2019-12-12,71,00:10:00,Thursday,Industry and Mt Dennis garage,Mechanical,16,32,S/B,1264
2019-12-12,939,00:27:00,Thursday,Finch Ave and Leslie Street,Utilized Off Route,9,18,W/B,1707
2019-12-12,300,03:50:00,Thursday,Dixon and Highway 427,Investigation,1,1,W/B,1203
2019-12-12,20,05:10:00,Thursday,Main Stn,Late Leaving Garage - Mechanical,20,40,E/B,3108
2019-12-12,131,05:16:00,Thursday,Morningview and Morningside,Late Leaving Garage - Mechanical,13,1,W/B,3538
2019-12-12,70,05:22:00,Thursday,Eglinton Yard,Mechanical,1,1,O/B,8735
2019-12-12,26,05:30:00,Thursday,Jane Station,Late Leaving Garage - Mechanical,20,40,wn,1262
2019-12-12,11,05:30:00,Thursday,DUNDAS AND EASTMALL,Mechanical,20,40,N/B,8462
2019-12-12,133,05:30:00,Thursday,Scarborough Town Center,Diversion,20,1,E/B,3438
2019-12-12,134,05:40:00,Thursday,Scarborough Town Center,Diversion,19,1,E/B,9004
2019-12-12,130,05:40:00,Thursday,Scarborough Town Center,Diversion,20,1,E/B,1660
2019-12-12,129,05:48:00,Thursday,Scarborough Town Center,Diversion,16,1,N/B,1674
2019-12-12,131,05:50:00,Thursday,Scarborough Town Center,Diversion,9,1,E/B,3538
2019-12-12,35,05:50:00,Thursday,Peter Kaiser / Steeles,Late Leaving Garage - Operator,4,14,S/B,3287
2019-12-12,600,05:51:00,Thursday,ISLINGTON STN,Utilized Off Route,1,1,S/B,8601
2019-12-12,54,05:53:00,Thursday,Eglinton Yard,Mechanical,1,1,O/B,8819
2019-12-12,701,05:54:00,Thursday,Kiplign Station,Utilized Off Route,1,1,E/B,8076
2019-12-12,63,05:55:00,Thursday,Alliance and King,Utilized Off Route,13,26,,1346
2019-12-12,25,06:00:00,Thursday,Eglinton Yard,Mechanical,1,1,O/B,8672
2019-12-12,132,06:00:00,Thursday,Scarborough Town Center,Diversion,25,1,E/B,3475
2019-12-12,41,06:00:00,Thursday,Keele Station,Utilized Off Route,12,25,N/B,9100
2019-12-12,35,06:11:00,Thursday,Jane Station,Utilized Off Route,10,20,N/B,3337
2019-12-12,7,06:12:00,Thursday,Bathurst and Wilson,Utilized Off Route,8,16,S/B,8389
2019-12-12,35,06:15:00,Thursday,Pioneer Village Stn,Late Leaving Garage - Operator,10,20,S/B,
2019-12-12,15,06:19:00,Thursday,Royal York Station,Late Leaving Garage - Management,13,26,W/B,8003
2019-12-12,6,06:19:00,Thursday,DAVENPORT & DUPONT,Mechanical,5,10,S/B,1360
2019-12-12,60,06:30:00,Thursday,Finch Station,Emergency Services,8,16,W/B,3703
2019-12-12,42,06:31:00,Thursday,Dynamic at Mcnicoll,Late Leaving Garage - Mechanical,14,28,W/B,8154
2019-12-12,29,06:31:00,Thursday,Queen and Dufferin,Mechanical,8,16,S/B,9030
2019-12-12,54,06:32:00,Thursday,Lawrence RT,Mechanical,9,18,W/B,8776
2019-12-12,100,06:36:00,Thursday,DON MILLS & WYNFORD,Mechanical,3,6,S/B,
2019-12-12,131,06:37:00,Thursday,McCowan and Sheppard,Mechanical,8,16,W/B,3538
2019-12-12,44,06:50:00,Thursday,Colonel Sam Park,Mechanical,5,10,N/B,8069
2019-12-12,47,06:52:00,Thursday,Caledonia and Innes,Investigation,19,34,S/B,1016
2019-12-12,29,06:57:00,Thursday,Wilson Station,Mechanical,8,16,S/B,9104
2019-12-12,935,07:00:00,Thursday,Jane and Lambton,Diversion,10,17,S/B,
2019-12-12,35,07:02:00,Thursday,Jane / Lambton,Diversion,10,17,S/B,
2019-12-12,35,07:04:00,Thursday,Jane and Lambton,Diversion,10,36,N/B,
2019-12-12,96,07:06:00,Thursday,Humberline and Albion loop,Mechanical,18,38,E/B,3300
2019-12-12,165,07:08:00,Thursday,Oreman and Steeles,Mechanical,6,12,E/B,3354
2019-12-12,989,07:15:00,Thursday,STEELES AND WESTON,Mechanical,15,30,S/B,1265
2019-12-12,22,07:30:00,Thursday,Between Coxwell Stn and Queen/Coxwell.,General Delay,25,31,B/W,
2019-12-12,22,07:34:00,Thursday,Coxwell and Eastwood,Diversion,155,163,N/B,3151
2019-12-12,6,07:35:00,Thursday,SHERBOURN & QUEENS QUAY,Mechanical,5,10,N/B,1000
2019-12-12,25,07:38:00,Thursday,Freshmeadow and Don Mills,Mechanical,7,14,S/B,8681
2019-12-12,902,07:45:00,Thursday,Route 902,General Delay,16,26,B/W,
2019-12-12,32,07:45:00,Thursday,Eglinton Stn,Utilized Off Route,5,14,W/B,1560
2019-12-12,102,07:45:00,Thursday,Route 102,General Delay,11,19,B/W,
2019-12-12,939,07:46:00,Thursday,Sheppard,Utilized Off Route,7,15,S/B,3513
2019-12-12,24,07:48:00,Thursday,Victoria Park and Consumers,Investigation,15,30,S/B,8502
2019-12-12,95,07:50:00,Thursday,York Mills Station,Utilized Off Route,5,10,E/B,1339
2019-12-12,54,07:50:00,Thursday,Lawrence RT,Utilized Off Route,9,18,W/B,8714
2019-12-12,79,07:53:00,Thursday,Jane / Lawrence,Mechanical,10,20,S/B,1100
2019-12-12,36,07:55:00,Thursday,Finch / Hwy 27,Mechanical,4,9,E/B,9124
2019-12-12,86,07:59:00,Thursday,Lawson Rd at Highland Creek overpass,Utilized Off Route,16,32,E/B,8642
2019-12-12,49,08:05:00,Thursday,Aukland/Dundas,Vision,9,18,N/B,8030
2019-12-12,72,08:08:00,Thursday,PAPE STATION,Utilized Off Route,8,16,S/B,8588
2019-12-12,25,08:08:00,Thursday,Pape Stn,Utilized Off Route,6,12,N/B,8791
2019-12-12,41,08:08:00,Thursday,Keele Station,Mechanical,14,29,N/B,9141
2019-12-12,71,08:19:00,Thursday,Runnymede Station,Mechanical,9,18,N/B,1089
2019-12-12,91,08:21:00,Thursday,Woodbine Stn,Mechanical,12,24,N/B,8553
2019-12-12,985,08:26:00,Thursday,Don Mills station,Mechanical,12,24,E/B,9076
2019-12-12,76,08:30:00,Thursday,Bloor to Queensway and Royal York Rd,General Delay,11,22,B/W,
2019-12-12,32,08:35:00,Thursday,Bathurst/Eglinton,Mechanical,9,16,W/B,1325
2019-12-12,929,08:37:00,Thursday,Wilson Station,Mechanical,9,18,S/B,9043
2019-12-12,84,09:05:00,Thursday,arrow and sheppard,Utilized Off Route,6,12,W/B,3315
2019-12-12,35,09:07:00,Thursday,Jane / Finch,Mechanical,10,20,S/B,3330
2019-12-12,56,09:08:00,Thursday,Eglinton Station,Investigation,20,40,W/B,1231
2019-12-12,32,09:22:00,Thursday,Trethewey/Yore Rd,Emergency Services,11,22,N/B,1119
2019-12-12,944,09:25:00,Thursday,Kipling/St.Albams,Investigation,8,16,S/B,8429
2019-12-12,24,09:30:00,Thursday,Victoria Park and Sheppard,Mechanical,10,19,S/B,9235
2019-12-12,52,09:35:00,Thursday,lawrence and yonge,Mechanical,15,30,W/B,8191
2019-12-12,116,09:44:00,Thursday,Eglinton Ave East at Oswego RD,Diversion,45,61,W/B,
2019-12-12,905,09:44:00,Thursday,Eglinton Ave East at Oswego Rd,Diversion,45,60,W/B,
2019-12-12,116,09:44:00,Thursday,Eglinton Ave East at Oswego Rd,Investigation,15,22,W/B,8730
2019-12-12,57,09:44:00,Thursday,Midland Ave at Shields,Emergency Services,13,26,N/B,8654
2019-12-12,86,09:44:00,Thursday,Eglinton Ave East at Oswego rd,Diversion,45,50,W/B,
2019-12-12,63,09:52:00,Thursday,Qjueen and Shaw,Emergency Services,10,20,NB,1271
2019-12-12,59,09:54:00,Thursday,Lawrence and Brenton,Investigation,23,40,S/B,3311
2019-12-12,88,10:15:00,Thursday,St.Clair station,Mechanical,20,40,B/W,1234
2019-12-12,84,10:18:00,Thursday,Sheppard west stn.,Mechanical,8,16,W/B,3244
2019-12-12,71,10:38:00,Thursday,Industry/Mt.Dennis Garage,Mechanical,13,26,S/B,1124
2019-12-12,89,10:44:00,Thursday,ALBION AND WESTON,Mechanical,11,22,S/B,1417
2019-12-12,51,10:51:00,Thursday,Eglinton Station,Investigation,21,42,W/B,8304
2019-12-12,115,10:53:00,Thursday,York Mills Station,Mechanical,20,40,E/B,1375
2019-12-12,52,11:00:00,Thursday,lawrence west station,Utilized Off Route,14,28,W/B,8171
2019-12-12,29,11:00:00,Thursday,Bloor and Dufferin,Mechanical,8,15,S/B,1073
2019-12-12,120,11:01:00,Thursday,Sheppard/Northover,Mechanical,24,48,E/B,3306
2019-12-12,602,11:05:00,Thursday,Kipling Station,Utilized Off Route,1,1,E/B,8049
2019-12-12,63,11:12:00,Thursday,Ossington and Dundas,Investigation,5,10,S/B,8101
2019-12-12,12,11:37:00,Thursday,Bingham Loop,Investigation,25,50,B/W,8465
2019-12-12,116,11:40:00,Thursday,Kennedy Station,Mechanical,10,20,N/B,8682
2019-12-12,86,11:58:00,Thursday,Coronation Dr at Beechgrove Dr,Mechanical,25,50,W/B,8789
2019-12-12,706,12:00:00,Thursday,STC,Utilized Off Route,1,1,N/B,1662
2019-12-12,97,12:00:00,Thursday,Lawrence and Yonge,Utilized Off Route,30,60,S/B,8196
2019-12-12,929,13:11:00,Thursday,wilson stn / Princessgate,General Delay,10,20,B/W,
2019-12-12,996,13:28:00,Thursday,Elmhurst and Islingont,Emergency Services,12,24,E/B,3614
2019-12-12,168,13:45:00,Thursday,Dundas West Station,Mechanical,13,26,N/B,1123
2019-12-12,134,14:00:00,Thursday,Progress,General Delay,14,14,bw,
2019-12-12,100,14:10:00,Thursday,Broadview Station,Late Leaving Garage - Management,6,12,N/B,8638
2019-12-12,927,14:11:00,Thursday,Kipling Station,Late Leaving Garage - Mechanical,13,26,N/B,3648
2019-12-12,701,14:20:00,Thursday,Yorkmills and Bayview,Mechanical,1,1,S/B,8208
2019-12-12,144,14:27:00,Thursday,Eglinton Yard,Mechanical,0,0,OB,8798
2019-12-12,986,14:28:00,Thursday,Eglinton Yard,Mechanical,0,0,OB,8662
2019-12-12,34,14:35:00,Thursday,Eglinton Yard,Mechanical,0,0,OB,8772
2019-12-12,54,14:35:00,Thursday,Eglinton Yard,Mechanical,0,0,OB,8796
2019-12-12,72,14:45:00,Thursday,Cheery & Commissioner,Late Leaving Garage - Mechanical,8,16,N/B,3127
2019-12-12,25,14:49:00,Thursday,Eglinton Yard,Mechanical,0,0,OB,8859
2019-12-12,952,14:50:00,Thursday,wilson garage,Utilized Off Route,12,24,N/B,8334
2019-12-12,952,14:50:00,Thursday,wilson garage,Utilized Off Route,12,24,W/B,1227
2019-12-12,85,14:51:00,Thursday,Don Mills station,Investigation,7,14,W/B,3445
2019-12-12,53,14:54:00,Thursday,Brebeuf College,Mechanical,4,9,E/B,3417
2019-12-12,25,15:00:00,Thursday,Eglinton Yard,Mechanical,0,0,OB,8703
2019-12-12,72,15:00:00,Thursday,Pape Station,Late Leaving Garage - Mechanical,16,32,S/B,8590
2019-12-12,52,15:00:00,Thursday,keele wilson,Vision,7,14,W/B,8390
2019-12-12,70,15:02:00,Thursday,Eglinton Yard,Mechanical,0,0,OB,8686
2019-12-12,34,15:08:00,Thursday,Eglinton Yard,Mechanical,0,0,OB,8773
2019-12-12,168,15:10:00,Thursday,Dundas West Station,Mechanical,7,14,N/B,1108
2019-12-12,111,15:15:00,Thursday,East Mall/ W.DeannePark,Investigation,13,26,S/B,8084
2019-12-12,109,15:15:00,Thursday,Neptune - Eglinton Station,General Delay,20,44,B/W,8388
2019-12-12,600,15:15:00,Thursday,Lawrence Station,Utilized Off Route,1,1,EB,8145
2019-12-12,116,15:19:00,Thursday,Eglinton Yard,Mechanical,0,0,OB,8733
2019-12-12,26,15:20:00,Thursday,Shaw St and Dupont,Mechanical,18,36,W/B,1084
2019-12-12,116,15:23:00,Thursday,Eglinton Yard,Mechanical,0,0,OB,8756
2019-12-12,46,15:29:00,Thursday,Kipling Station,Late Leaving Garage - Mechanical,11,22,N/B,3287
2019-12-12,97,15:30:00,Thursday,Queen's Quay to Steeles,General Delay,20,40,B/W,
2019-12-12,953,15:40:00,Thursday,Steeles /Markham,Mechanical,5,11,E/B,9098
2019-12-12,34,15:48:00,Thursday,Kennedy Station,Utilized Off Route,6,13,W/B,8632
2019-12-12,21,15:49:00,Thursday,STC,Utilized Off Route,11,22,S/B,1316
2019-12-12,985,15:50:00,Thursday,SRT Line 3 Shuttle,Utilized Off Route,10,20,,9097
2019-12-12,85,15:50:00,Thursday,Line 3 SRT Shuttle,Utilized Off Route,13,26,,3445
2019-12-12,34,15:51:00,Thursday,Birchmount and Warden,Utilized Off Route,6,13,W/B,8889
2019-12-12,134,15:52:00,Thursday,STC,Utilized Off Route,5,10,E/B,9073
2019-12-12,54,16:00:00,Thursday,Lawrence Ave. E. at Markham Rd.,Utilized Off Route,10,20,E/B,8715
2019-12-12,35,16:00:00,Thursday,401 and Lawrence,General Delay,240,1,B/W,
2019-12-12,935,16:00:00,Thursday,Lawrence ave to 401,General Delay,240,1,B/W,
2019-12-12,116,16:00:00,Thursday,Morningside/Sheppard,General Delay,15,25,B/W,
2019-12-12,109,16:00:00,Thursday,Eglinton West Station to Neptune,General Delay,20,42,B/W,
2019-12-12,95,16:01:00,Thursday,"On Ellesmere, at Birchmount",Emergency Services,10,21,W/B,1676
2019-12-12,941,16:09:00,Thursday,Lawrence / Keele,Mechanical,14,28,S/B,1073
2019-12-12,600,16:32:00,Thursday,Eglinton Station,Utilized Off Route,1,1,S/B,8117
2019-12-12,34,16:35:00,Thursday,Eglinton Station,Utilized Off Route,6,13,E/B,8901
2019-12-12,25,16:40:00,Thursday,Pape Station,Utilized Off Route,6,11,N/B,8699
2019-12-12,929,16:41:00,Thursday,Bloor / Dufferin,Utilized Off Route,10,20,S/B,9034
2019-12-12,7,16:45:00,Thursday,Bathurst stn,Utilized Off Route,8,16,N/B,8389
2019-12-12,65,16:58:00,Thursday,Parliament and Shuter,Diversion,86,20,N/B,9206
2019-12-12,100,17:00:00,Thursday,Broadview Station,Mechanical,7,14,N/B,8629
2019-12-12,95,17:10:00,Thursday,"On Ellesmere, at Neilson",Investigation,10,20,W/B,3513
2019-12-12,129,17:16:00,Thursday,Progress,Mechanical,5,13,N/B,3424
2019-12-12,102,17:28:00,Thursday,Markham and McNicol,Investigation,22,44,N/B,3132
2019-12-12,54,17:35:00,Thursday,Lawrence and Kennedy,Mechanical,14,28,E/B,8660
2019-12-12,84,17:43:00,Thursday,Sheppard West,Utilized Off Route,9,18,WB,3219
2019-12-12,165,17:56:00,Thursday,Weston & Verobeach,Investigation,9,17,S/B,3642
2019-12-12,953,18:04:00,Thursday,Finch west station,Mechanical,6,12,W/B,9062
2019-12-12,600,18:37:00,Thursday,Lawrence Station,Utilized Off Route,1,1,EB,8145
2019-12-12,984,18:38:00,Thursday,Sheppard West Station,Utilized Off Route,9,18,EB,3605
2019-12-12,36,18:40:00,Thursday,finch west station,Utilized Off Route,5,10,W/B,128
2019-12-12,41,18:41:00,Thursday,Sheppard ave,Utilized Off Route,16,32,S/B,9144
2019-12-12,84,18:42:00,Thursday,Sheppard West Station,Utilized Off Route,15,30,EB,3336
2019-12-12,96,18:43:00,Thursday,Carrier loop,Mechanical,24,44,W/B,3638
2019-12-12,36,18:44:00,Thursday,Finch West station,Utilized Off Route,5,10,W/B,9108
2019-12-12,60,18:44:00,Thursday,Pioneer Village,Utilized Off Route,11,22,W/B,3368
2019-12-12,118,18:44:00,Thursday,Wilson Stn,Utilized Off Route,25,50,W/B,3183
2019-12-12,108,18:44:00,Thursday,Sheppard west stn,Utilized Off Route,8,16,N/B,3309
2019-12-12,36,18:46:00,Thursday,Finch west station,Utilized Off Route,5,10,W/B,3530
2019-12-12,7,18:47:00,Thursday,Sheppard / Bathurst,Utilized Off Route,8,16,N/B,8201
2019-12-12,60,18:48:00,Thursday,Pioneer Village Station,Utilized Off Route,11,22,E/B,3211
2019-12-12,84,18:49:00,Thursday,Sheppard West Station,Utilized Off Route,15,30,EB,3570
2019-12-12,84,18:55:00,Thursday,Sheppard West Station,Utilized Off Route,8,16,WB,3641
2019-12-12,130,19:18:00,Thursday,Finch/ Middlefield,Investigation,22,44,N/B,3437
2019-12-12,130,19:18:00,Thursday,Milner,Investigation,22,44,N/B,8529
2019-12-12,6,19:20:00,Thursday,George Brown College,Mechanical,7,14,W/B,1079
2019-12-12,189,19:22:00,Thursday,High Park Station,Mechanical,16,32,W/B,7959
2019-12-12,710,19:51:00,Thursday,Warden and Eglinton,Investigation,1,1,W/B,8631
2019-12-12,94,20:00:00,Thursday,Ossington station to Castle frank station,General Delay,10,20,B/W,
2019-12-12,6,20:00:00,Thursday,Queen to Front,General Delay,15,25,B/W,
2019-12-12,32,20:05:00,Thursday,WB on Eglinton at Forest Hill,Mechanical,10,20,W/B,1208
2019-12-12,26,20:10:00,Thursday,Davenport and Bedford Ave,Diversion,378,402,B/W,
2019-12-12,34,20:13:00,Thursday,Kennedy Station,Mechanical,7,14,W/B,8742
2019-12-12,984,20:18:00,Thursday,Sheppard Yonge Station,Investigation,13,26,WB,3605
2019-12-12,85,20:22:00,Thursday,"On Sheppard, at Birchmount",Investigation,16,32,E/B,3531
2019-12-12,34,20:34:00,Thursday,Grenoble and Spanbridge,Utilized Off Route,16,32,WB,8788
2019-12-12,6,21:05:00,Thursday,Bedford and Danenport,Diversion,300,320,B/W,
2019-12-12,52,21:09:00,Thursday,Lawrence West Station,Mechanical,12,24,EB,1347
2019-12-12,75,21:20:00,Thursday,Queens quay and Lowe Jarvis.,Vision,16,32,N/B,8104
2019-12-12,905,21:22:00,Thursday,Scarborough U of T Loop,Investigation,13,26,S/B,8736
2019-12-12,95,21:26:00,Thursday,"On Ellesmere, at Military Trail",Mechanical,14,28,W/B,3539
2019-12-12,81,22:00:00,Thursday,Pape station to Thorncliffe,General Delay,10,20,B/W,
2019-12-12,32,22:39:00,Thursday,Jane and Wright Ave,Diversion,208,230,B/W,1087
2019-12-12,35,22:45:00,Thursday,"On Jane, from Yewtree to Yorkwoods",Diversion,247,256,B/W,
2019-12-12,85,23:11:00,Thursday,"On Sheppard, at Don Mills",Emergency Services,15,30,E/B,3482
2019-12-13,37,00:47:00,Friday,Islington at Duncan Woods,Emergency Services,26,52,N/B,8080
2019-12-13,79,01:41:00,Friday,"On Bloor, at Havelock",Investigation,10,20,E/B,1065
2019-12-13,300,02:14:00,Friday,Bathurst Stn,Investigation,10,20,E/B,1065
2019-12-13,105,02:30:00,Friday,Sheppard west station,Emergency Services,30,30,N/B,8179
2019-12-13,54,03:17:00,Friday,Yonge and Finch,Emergency Services,4,7,N/B,8626
2019-12-13,54,04:46:00,Friday,Eglinton Yard,Mechanical,1,1,O/B,8875
2019-12-13,44,05:08:00,Friday,COL SAM SMITH LOOP,Late Leaving Garage - Mechanical,16,32,N/B,8458
2019-12-13,96,05:18:00,Friday,Wilson Stn,Late Leaving Garage - Operator,43,43,W/B,3324
2019-12-13,98,05:29:00,Friday,Wilson Division,Late Leaving Garage - Operator,21,39,N/B,8111
2019-12-13,133,05:30:00,Friday,Scarborough Town Center,Diversion,20,40,E/B,3431
2019-12-13,109,05:35:00,Friday,Wilson Division,Late Leaving Garage - Mechanical,15,30,N/B,8144
2019-12-13,134,05:40:00,Friday,Scarborough Town Center,Diversion,19,38,E/B,3527
2019-12-13,130,05:40:00,Friday,Scarborough Town Center,Diversion,20,40,E/B,3409
2019-12-13,79,05:48:00,Friday,Pine and Lawrence,Late Leaving Garage - Mechanical,10,20,S/B,1348
2019-12-13,129,05:48:00,Friday,Scarborough Town Center,Diversion,16,32,N/B,3478
2019-12-13,122,05:49:00,Friday,Wilson Division,Late Leaving Garage - Mechanical,12,19,E/B,1257
2019-12-13,131,05:50:00,Friday,Scarborough Town Center,Diversion,19,38,E/B,1339
2019-12-13,35,05:52:00,Friday,Peter Kaiser & Steeles,Late Leaving Garage - Operator,8,16,N/B,
2019-12-13,168,05:58:00,Friday,DUNDAS WEST STN,Late Leaving Garage - Mechanical,5,10,N/B,1063
2019-12-13,132,06:00:00,Friday,Scarborough Town Center,Diversion,25,50,E/B,1400
2019-12-13,924,06:00:00,Friday,Victoria Park Station,Late Leaving Garage - Vision,10,20,B/W,3104
2019-12-13,300,06:00:00,Friday,LANSDOWNE/BLOOR,Mechanical,8,8,E/B,7920
2019-12-13,109,06:00:00,Friday,109 Ranee Route- All Branch,General Delay,15,30,B/W,
2019-12-13,34,06:03:00,Friday,Eglinton Yard,Mechanical,1,1,O/B,8672
2019-12-13,84,06:04:00,Friday,Sheppard Ave West at Bangor Rd,Mechanical,18,1,W/B,3331
2019-12-13,86,06:05:00,Friday,Eglintoin Yard,Mechanical,1,1,O/B,8693
2019-12-13,116,06:10:00,Friday,EglintonYArd,Mechanical,1,1,O/B,8842
2019-12-13,6,06:14:00,Friday,DAVENPORT & DUPONT,Mechanical,5,10,S/B,1007
2019-12-13,6,06:19:00,Friday,Davenport & Dupont,Mechanical,5,10,S/B,1135
2019-12-13,100,06:27:00,Friday,Eglinton Yard,Mechanical,1,1,O/B,8844
2019-12-13,60,06:28:00,Friday,Signal Hill at Steeles,Late Leaving Garage - Mechanical,9,18,E/B,3613
2019-12-13,6,06:34:00,Friday,DAVENPORT & DUPONT,Mechanical,5,10,S/B,1264
2019-12-13,84,06:36:00,Friday,Sheppard-Yonge Station,Late Leaving Garage - Mechanical,18,36,W/B,3707
2019-12-13,42,06:51:00,Friday,Finch Station,Late Leaving Garage - Mechanical,14,28,E/B,8131
2019-12-13,905,06:53:00,Friday,Kennedy Station,Late Leaving Garage - Mechanical,10,20,E/B,8747
2019-12-13,120,07:05:00,Friday,Arrow garage POD Wilson stn,Mechanical,24,48,S/B,3592
2019-12-13,953,07:09:00,Friday,Steeles and 404,Investigation,6,12,W/B,9060
2019-12-13,984,07:12:00,Friday,Sheppard-Yonge Station,Late Leaving Garage - Operator,9,19,W/B,
2019-12-13,32,07:15:00,Friday,Pine & Lawrence,Mechanical,7,14,W/B,1419
2019-12-13,11,07:31:00,Friday,DAVISVILLE STATION,Late Leaving Garage - Mechanical,16,32,E/B,1217
2019-12-13,996,07:45:00,Friday,Humber College  bus loop,General Delay,10,21,B/W,
2019-12-13,17,07:55:00,Friday,Birchmount/Denison,Diversion,69,104,N/B,8954
2019-12-13,102,07:58:00,Friday,St.Clair/Danforth,Mechanical,23,46,W/B,9235
2019-12-13,65,08:00:00,Friday,Between CastleFrank and The Esplanded and Front St,General Delay,15,21,B/W,
2019-12-13,39,08:07:00,Friday,Middlefield and Finch,Investigation,15,35,,1707
2019-12-13,65,08:07:00,Friday,Parliament and Shuter,Diversion,697,26,B/W,3145
2019-12-13,66,08:30:00,Friday,The Queensway and Park Lawn to Lakeshore,General Delay,15,25,B/W,
2019-12-13,39,08:57:00,Friday,Middlefield and Finch,Diversion,138,143,W/B,
2019-12-13,41,08:58:00,Friday,Pond and Ian McDonald,Investigation,13,26,S/B,9137
2019-12-13,101,09:00:00,Friday,Downsview park,Mechanical,10,20,W/B,3311
2019-12-13,143,09:17:00,Friday,Parliament and King,Mechanical,15,30,W/B,8555
2019-12-13,129,09:27:00,Friday,Scarborough Centre Station,Mechanical,6,13,N/B,3542
2019-12-13,600,09:38:00,Friday,Sheppard-Yonge Station,Emergency Services,1,1,W/B,3561
2019-12-13,600,10:08:00,Friday,DAVISVILLE/YONGE,Mechanical,1,1,E/B,8180
2019-12-13,63,10:09:00,Friday,Ossington and Dewson,Diversion,471,480,S/B,8324
2019-12-13,81,10:15:00,Friday,Pape Stn,Mechanical,10,20,N/B,9214
2019-12-13,925,10:21:00,Friday,Don Mills and Greenbelt,Investigation,12,24,N/B,9214
2019-12-13,54,11:01:00,Friday,Lawrence RT,Mechanical,12,24,E/B,8806
2019-12-13,29,11:18:00,Friday,Billy Bishop,Diversion,86,96,N/B,
2019-12-13,929,11:18:00,Friday,Billy Bishop and Dufferin,Diversion,86,96,N/B,
2019-12-13,38,11:20:00,Friday,Lawerence East & East Ave,Mechanical,12,24,E/B,1573
2019-12-13,32,11:55:00,Friday,Moutn Dennis,Mechanical,13,26,E/B,1102
2019-12-13,6,12:19:00,Friday,Sherbourne/Queens Quay`,Investigation,12,24,N/B,1088
2019-12-13,87,12:34:00,Friday,Broadview station,Investigation,11,22,E/B,8575
2019-12-13,32,12:51:00,Friday,Keele and Eglinton,Mechanical,10,20,E/B,1099
2019-12-13,106,12:54:00,Friday,Sheppard west station,Mechanical,13,26,N/B,8327
2019-12-13,25,12:56:00,Friday,Pape and Mortimore,Investigation,10,20,S/B,8706
2019-12-13,902,13:00:00,Friday,Markha/Ellesmere,Mechanical,15,30,N/B,8561
2019-12-13,15,13:13:00,Friday,Royal York Stn,Mechanical,25,50,S/B,8463
2019-12-13,54,13:25:00,Friday,Lawrence and Carnforth Rd,Investigation,12,24,W/B,8821
2019-12-13,14,14:30:00,Friday,Progress,General Delay,15,15,B/W,
2019-12-13,34,14:30:00,Friday,Entire Route,General Delay,7,32,B/W,
2019-12-13,97,14:43:00,Friday,Eglinton Yard,Mechanical,0,0,OB,8761
2019-12-13,57,14:45:00,Friday,Eglinton Yard,Mechanical,0,0,OB,8868
2019-12-13,25,14:47:00,Friday,Eglinton Yard,Mechanical,0,0,OB,8684
2019-12-13,36,14:48:00,Friday,Keele and Finch,Late Leaving Garage - Mechanical,4,5,W/B,9105
2019-12-13,954,14:50:00,Friday,Eglinton Yard,Mechanical,0,0,OB,8655
2019-12-13,95,14:50:00,Friday,Kingston & Ellesmere,Late Leaving Garage - Mechanical,10,20,W/B,1500
2019-12-13,925,14:56:00,Friday,Eglinton Yard,Mechanical,0,0,OB,8848
2019-12-13,116,14:57:00,Friday,Eglinton yard,Mechanical,0,0,OB,8812
2019-12-13,25,14:58:00,Friday,Eglinton Yard,Mechanical,0,0,OB,8895
2019-12-13,953,14:59:00,Friday,FSTN,Late Leaving Garage - Mechanical,7,15,E/B,9089
2019-12-13,68,15:01:00,Friday,Eglinton Yard,Mechanical,0,0,OB,8763
2019-12-13,71,15:13:00,Friday,Industry/Mt Dennis,Late Leaving Garage - Mechanical,9,18,S/B,1121
2019-12-13,39,15:14:00,Friday,McCowan,Mechanical,6,12,W/B,1207
2019-12-13,41,15:14:00,Friday,Pioneer Village Station,Mechanical,12,24,S/B,9147
2019-12-13,960,15:15:00,Friday,Finch Station,Late Leaving Garage - Operator,15,30,W/B,3329
2019-12-13,68,15:22:00,Friday,Eglinton Yard,Mechanical,0,0,OB,8694
2019-12-13,85,15:35:00,Friday,Don Mills station,Mechanical,13,26,W/B,3479
2019-12-13,21,15:36:00,Friday,Kennedy station,Late Leaving Garage - Mechanical,11,22,N/B,3428
2019-12-13,935,15:45:00,Friday,Lawrence ave to Sheppard,General Delay,270,1,B/W,
2019-12-13,68,15:49:00,Friday,Warden station,Mechanical,7,13,N/B,8676
2019-12-13,129,16:00:00,Friday,McCowan north,General Delay,13,13,B/W,3442
2019-12-13,35,16:00:00,Friday,Sheppard to Lawrence Ave,General Delay,240,1,B/W,
2019-12-13,720,16:07:00,Friday,Midland/Southshiels Road,Investigation,1,1,N/B,8671
2019-12-13,105,16:19:00,Friday,Sheppard west station,Mechanical,11,22,N/B,8212
2019-12-13,35,16:20:00,Friday,Lawrence Ave and Jane,Investigation,4,12,S/B,3299
2019-12-13,52,16:30:00,Friday,Lawrence and Benton,Mechanical,13,26,WB,8310
2019-12-13,954,16:44:00,Friday,Lawrence and Orton Park Rd,Investigation,11,22,E/B,8743
2019-12-13,952,17:08:00,Friday,Terminal 3,Mechanical,12,24,EB,8138
2019-12-13,41,17:09:00,Friday,Pioneer Village Station,Mechanical,16,32,S/B,9137
2019-12-13,23,17:10:00,Friday,23 Dawes route,General Delay,7,14,B/W,
2019-12-13,105,17:26:00,Friday,Dufferin and Steeles,Investigation,11,22,S/B,1278
2019-12-13,7,17:30:00,Friday,Greenville Village,Mechanical,7,14,S/B,1270
2019-12-13,88,17:35:00,Friday,Millwood and Sutherland,Mechanical,15,30,E/B,1230
2019-12-13,79,17:42:00,Friday,St.Clair and scarlet,Mechanical,17,34,N/B,1418
2019-12-13,97,17:50:00,Friday,Yonge & Gould St,Investigation,30,60,N/B,1314
2019-12-13,941,17:51:00,Friday,Keel Station,Mechanical,17,28,N/B,1409
2019-12-13,142,17:52:00,Friday,King and Victoria,Investigation,30,60,E/B,8199
2019-12-13,43,17:56:00,Friday,Cardwell,Mechanical,9,17,N/B,8687
2019-12-13,22,17:58:00,Friday,Queem amd Eastern,Mechanical,10,20,E/B,8528
2019-12-13,51,18:02:00,Friday,Yonge and Eglinton,Investigation,21,42,E/B,8372
2019-12-13,34,18:02:00,Friday,Yonge and Eglinton,Investigation,7,13,W/B,8850
2019-12-13,927,18:23:00,Friday,Kipling station.,Vision,6,12,N/B,3183
2019-12-13,7,18:26:00,Friday,Bathurst & Ellerslie,Mechanical,8,16,S/B,8316
2019-12-13,134,18:27:00,Friday,Centennial college,Mechanical,5,10,B/W,9079
2019-12-13,63,18:40:00,Friday,atlantic and king,Utilized Off Route,8,17,N/B,8176
2019-12-13,145,18:45:00,Friday,King and John,Emergency Services,30,30,W/B,8612
2019-12-13,23,19:00:00,Friday,23 Dawes route,General Delay,10,20,B/W,
2019-12-13,26,19:33:00,Friday,Davenport and Bedford Ave,Diversion,1,1,B/W,
2019-12-13,35,19:40:00,Friday,Pioneer village,Mechanical,8,12,S/B,3595
2019-12-13,15,19:58:00,Friday,Van Dusen and Royal York,Mechanical,30,60,S/B,8611
2019-12-13,94,20:00:00,Friday,Queens Park circle,General Delay,10,20,B/W,
2019-12-13,121,20:00:00,Friday,Princes gates to Mill St,General Delay,15,30,B/W,
2019-12-13,39,20:13:00,Friday,Sandhurst Circle and Finch Ave,Investigation,18,36,W/B,3513
2019-12-13,65,20:21:00,Friday,Berkeley & Front,Utilized Off Route,9,18,S/B,9219
2019-12-13,97,20:29:00,Friday,York mills Station,Mechanical,14,28,S/B,8345
2019-12-13,133,20:38:00,Friday,Markham and Ellesmere,Investigation,9,18,B/W,3404
2019-12-13,84,20:48:00,Friday,Sheppard and Keele,Diversion,8,16,WB,3343
2019-12-13,108,20:50:00,Friday,Sheppard and Keele,Diversion,71,86,N/B,
2019-12-13,63,20:58:00,Friday,ossington and college,Mechanical,8,17,S/B,8325
2019-12-13,54,21:04:00,Friday,Lawrence and Barrymore,Mechanical,14,28,EB,8797
2019-12-13,22,21:11:00,Friday,Bingham Loop,Mechanical,11,22,E/B,8472
2019-12-13,929,21:21:00,Friday,dufferin and lawrence,Mechanical,10,20,S/B,9138
2019-12-13,95,21:30:00,Friday,Kennedy and Ellesmere,Mechanical,18,32,W/B,1200
2019-12-13,106,21:34:00,Friday,Sheppard and Keele,Diversion,10,20,WB,1215
2019-12-13,37,21:36:00,Friday,Dixon / Islington,Investigation,10,20,N/B,7972
2019-12-13,35,21:51:00,Friday,Jane and Sheppard,Mechanical,8,16,SB,3360
2019-12-13,939,21:52:00,Friday,Finch and Midland Ave,Mechanical,12,25,E/B,1337
2019-12-13,63,22:05:00,Friday,atlantic and king,Utilized Off Route,8,17,N/B,1288
2019-12-13,165,22:09:00,Friday,wilson and avenue,Mechanical,8,17,W/B,3337
2019-12-13,96,22:11:00,Friday,humberwood loop,Emergency Services,12,24,E/B,3314
2019-12-13,96,23:06:00,Friday,humber college and finch,Emergency Services,12,24,N/B,3320
2019-12-14,85,00:40:00,Saturday,Sheppard and Scunthorpe,Mechanical,22,44,W/B,3427
2019-12-14,85,00:40:00,Saturday,Scunthorpe and Sheppard,Emergency Services,22,44,W/B,3427
2019-12-14,87,00:57:00,Saturday,Main Street station,Mechanical,11,22,W/B,8534
2019-12-14,300,02:00:00,Saturday,Kipling Station,General Delay,20,40,BW,8803
2019-12-14,300,02:00:00,Saturday,Bathurst Station,Utilized Off Route,20,40,EB,1275
2019-12-14,900,02:13:00,Saturday,Kipling Station,Mechanical,7,14,NB,8011
2019-12-14,320,02:30:00,Saturday,Yonge and Queens quay,Utilized Off Route,4,8,N/B,8312
2019-12-14,320,02:35:00,Saturday,Yonge and Avondale,Investigation,3,7,N/B,8214
2019-12-14,320,02:44:00,Saturday,Yonge and Glen Echo,Investigation,4,7,S/B,8761
2019-12-14,37,02:49:00,Saturday,Lakeshore and Islington Ave,Mechanical,30,60,N/B,8083
2019-12-14,320,03:37:00,Saturday,Steeles Loop,Emergency Services,2,7,S/B,8319
2019-12-14,609,04:11:00,Saturday,Mt Dennis garage,Utilized Off Route,,,S/B,1006
2019-12-14,606,04:11:00,Saturday,Birchmount garage,Utilized Off Route,,,S/B,9227
2019-12-14,601,04:11:00,Saturday,Wilson garage,Utilized Off Route,,,S/B,8318
2019-12-14,29,04:46:00,Saturday,Dufferin and Lawrence,Late Leaving Garage - Mechanical,10,24,N/B,9014
2019-12-14,6,05:13:00,Saturday,Bedford and Davenport,Diversion,57,87,S/B,1072
2019-12-14,73,05:30:00,Saturday,Royalyork Station,Late Leaving Garage - Operator,15,30,N/B,8610
2019-12-14,85,05:30:00,Saturday,SHEPPARD YONGE STN,Late Leaving Garage - Operator,12,24,E/B,3476
2019-12-14,29,05:37:00,Saturday,Dufferin and Lawrence,Late Leaving Garage - Mechanical,8,16,S/B,9043
2019-12-14,600,05:40:00,Saturday,Ray and Weston,Investigation,1,1,S/B,1131
2019-12-14,130,05:45:00,Saturday,Scarborough Town Center,Late Leaving Garage - Operator,30,30,E/B,1607
2019-12-14,85,05:48:00,Saturday,DON MILLS SNT,Late Leaving Garage - Operator,8,16,E/B,1310
2019-12-14,17,05:48:00,Saturday,Warden Stn,Late Leaving Garage - Mechanical,30,54,E/B,8520
2019-12-14,66,06:00:00,Saturday,Humber Loop,Mechanical,1,1,W/B,8074
2019-12-14,32,07:10:00,Saturday,Bicknell and Eglinton,Diversion,1,1,E/B,
2019-12-14,38,07:25:00,Saturday,Ellemere (before Military Trail),Mechanical,12,24,W/B,1402
2019-12-14,129,07:35:00,Saturday,Alton Towers North,Mechanical,16,32,S/B,3470
2019-12-14,600,08:02:00,Saturday,Main Stn,Utilized Off Route,1,1,S/B,8562
2019-12-14,702,08:05:00,Saturday,Scarborough town centre,Utilized Off Route,,,S/B,1568
2019-12-14,72,08:15:00,Saturday,pape and queen,Diversion,65,83,S/B,8521
2019-12-14,100,08:16:00,Saturday,Broadview Station,Mechanical,9,18,S/B,8844
2019-12-14,905,08:35:00,Saturday,Kennedy Station,Mechanical,11,22,N/B,8666
2019-12-14,110,08:45:00,Saturday,Islington Station,Investigation,18,36,S/B,7920
2019-12-14,54,08:50:00,Saturday,Eglinton Station to Starspray loop,General Delay,10,25,W/B,
2019-12-14,52,08:50:00,Saturday,Terminal 3 to Lawrence Station,General Delay,10,30,B/W,
2019-12-14,84,09:00:00,Saturday,Weston Rd at Bradstock Rd to Sheppard-Yonge Station,General Delay,10,20,B/W,
2019-12-14,63,09:10:00,Saturday,King/Atlantic,Diversion,30,35,N/B,1257
2019-12-14,37,09:18:00,Saturday,Islington Station,Mechanical,16,32,N/B,8452
2019-12-14,36,09:26:00,Saturday,Finch and Jane,Diversion,14,21,E/B,3562
2019-12-14,52,09:48:00,Saturday,Scarlett RD at Lockheed Rd,Mechanical,20,40,W/B,1242
2019-12-14,52,10:13:00,Saturday,Lawrence West Station,Late Leaving Garage - Mechanical,20,40,W/B,8353
2019-12-14,86,10:14:00,Saturday,Kennedy Station,Mechanical,8,16,N/B,8681
2019-12-14,52,10:46:00,Saturday,Lawrence West Station,Mechanical,20,40,W/B,8116
2019-12-14,63,10:54:00,Saturday,King/Atlantic,Utilized Off Route,5,10,N/B,8206
2019-12-14,7,11:02:00,Saturday,Basthrust Stn,Utilized Off Route,9,18,S/B,8304
2019-12-14,129,11:15:00,Saturday,Scarbourgh Town Center,Investigation,7,14,N/B,1504
2019-12-14,53,11:20:00,Saturday,PAMK,Mechanical,9,17,W/B,3490
2019-12-14,52,11:33:00,Saturday,Lawrence West station,Mechanical,20,40,W/B,8359
2019-12-14,127,11:49:00,Saturday,Spadina Stn,Mechanical,23,45,N/B,1049
2019-12-14,85,12:00:00,Saturday,McCowan and Sheppard,Investigation,8,29,W/B,1573
2019-12-14,65,12:00:00,Saturday,65 Parliament Route,General Delay,15,30,B/W,
2019-12-14,64,12:00:00,Saturday,64 Main Route- from Main Station to Queen/Wineva,General Delay,10,20,B/W,
2019-12-14,102,12:00:00,Saturday,Warden station,Mechanical,10,20,N/B,8530
2019-12-14,60,12:11:00,Saturday,Steeles West Route,General Delay,15,30,B/W,3184
2019-12-14,71,12:21:00,Saturday,Industry/Mt Dednnis,Late Leaving Garage - Operator,10,19,S/B,1131
2019-12-14,108,12:35:00,Saturday,Pioneer Village Station,Late Leaving Garage - Vision,16,32,S/B,3255
2019-12-14,54,12:41:00,Saturday,Lawrence Ave East at Scarborough Golf Club,Late Leaving Garage - Mechanical,3,17,W/B,8661
2019-12-14,985,12:45:00,Saturday,Midland and Sheppard,Mechanical,10,20,N/B,9066
2019-12-14,29,12:55:00,Saturday,Dufferin and Lawrence,Late Leaving Garage - Operator,5,11,N/B,1026
2019-12-14,80,13:00:00,Saturday,BW along the route,General Delay,22,46,B/W,
2019-12-14,73,13:00:00,Saturday,Bothways on route,General Delay,20,35,B/W,
2019-12-14,37,13:00:00,Saturday,Bothways along the route,General Delay,20,34,B/W,
2019-12-14,41,13:05:00,Saturday,Keele Station,Late Leaving Garage - Mechanical,8,17,N/B,
2019-12-14,29,13:20:00,Saturday,Wilson Station,Mechanical,5,9,S/B,9039
2019-12-14,134,13:22:00,Saturday,"Progress. Tapscott, McNicoll",General Delay,15,15,B/W,
2019-12-14,600,13:28:00,Saturday,Bathurst Station,Utilized Off Route,1,1,B/W,1406
2019-12-14,41,13:30:00,Saturday,Keele to Pioneer Village Station,General Delay,20,31,be,
2019-12-14,127,13:37:00,Saturday,Townsley Loop,Mechanical,23,45,E/B,1116
2019-12-14,7,13:46:00,Saturday,Bathurst Station,Utilized Off Route,7,15,N/B,8326
2019-12-14,35,14:00:00,Saturday,Jane Station,General Delay,1,1,,
2019-12-14,113,14:03:00,Saturday,Kennedy Rd/Foxridge,Diversion,67,83,B/W,8469
2019-12-14,36,14:46:00,Saturday,FWSN,Mechanical,5,10,W/B,3199
2019-12-14,41,15:12:00,Saturday,Keele Station,Investigation,8,17,S/B,1281
2019-12-14,102,15:17:00,Saturday,Birchmount/ St.Clair,Diversion,67,77,W/B,8484
2019-12-14,102,15:17:00,Saturday,Painted Post/ Markham,Investigation,9,19,S/B,844
2019-12-14,54,15:18:00,Saturday,Scarborough Golf club at Lawrence Ave East,Mechanical,13,26,S/B,8695
2019-12-14,52,15:30:00,Saturday,The Westway at Sun Row Dr,Mechanical,20,40,E/B,8320
2019-12-14,108,15:41:00,Saturday,Pioneer Village Station,Mechanical,16,32,S/B,3623
2019-12-14,29,16:00:00,Saturday,Prince's gate,Mechanical,3,7,N/B,9022
2019-12-14,34,16:08:00,Saturday,Yonge and Eglinton,Investigation,9,18,W/B,8659
2019-12-14,35,16:15:00,Saturday,Jane Station,General Delay,20,30,B/W,
2019-12-14,95,16:15:00,Saturday,YorkMills Station,General Delay,20,35,B/W,
2019-12-14,95,16:54:00,Saturday,Kennedy and Wilson,Mechanical,13,26,E/B,1716
2019-12-14,109,17:00:00,Saturday,Eglinton West Station,Mechanical,20,40,B/W,8140
2019-12-14,95,17:00:00,Saturday,York Mills Station,Mechanical,13,26,E/B,3435
2019-12-14,127,17:03:00,Saturday,spadina station,Investigation,22,44,S/B,1061
2019-12-14,41,17:03:00,Saturday,Pioneer Village Station,Mechanical,7,15,S/B,1033
2019-12-14,63,17:04:00,Saturday,ossington and bloor,Investigation,8,17,S/B,8380
2019-12-14,47,17:20:00,Saturday,Earlscourt Loop,Utilized Off Route,20,40,S/B,1005
2019-12-14,42,17:30:00,Saturday,Yonge and Cummer,Diversion,13,40,N/B,8188
2019-12-14,102,17:35:00,Saturday,Ellesmere,Mechanical,10,24,N/B,8555
2019-12-14,758,17:55:00,Saturday,ossington station,Utilized Off Route,1,1,S/B,1036
2019-12-14,133,18:03:00,Saturday,Morningside and Neilson,Mechanical,10,20,S/B,1343
2019-12-14,63,18:10:00,Saturday,atlantic and king,Utilized Off Route,8,17,N/B,1257
2019-12-14,63,18:15:00,Saturday,atlantic and king,Utilized Off Route,8,17,N/B,8206
2019-12-14,600,18:18:00,Saturday,Jane and Sheppard,Mechanical,0,0,E/B,3635
2019-12-14,29,18:25:00,Saturday,Bowie and Dufferin,Mechanical,3,6,N/B,9023
2019-12-14,102,18:44:00,Saturday,Warden station,Investigation,10,20,S/B,9201
2019-12-14,927,18:45:00,Saturday,Humber college Bivd and Finch,Investigation,10,20,N/B,3355
2019-12-14,9,19:00:00,Saturday,Birchmount/ S.Clair,Diversion,67,89,W/B,
2019-12-14,16,19:00:00,Saturday,St.Clair/ Birchmount,Diversion,67,83,W/B,
2019-12-14,69,19:00:00,Saturday,Birchmount/ St.Clair,Diversion,67,77,N/B,
2019-12-14,17,19:00:00,Saturday,St Clair Ave and Birchmount Ave,Diversion,1,1,B/W,3102
2019-12-14,34,19:10:00,Saturday,Eglinton Station,Utilized Off Route,10,20,E/B,8860
2019-12-14,711,19:10:00,Saturday,Eglinton Station,Utilized Off Route,1,1,S/B,8196
2019-12-14,758,19:17:00,Saturday,eglinton west station,Utilized Off Route,1,1,S/B,1273
2019-12-14,32,19:18:00,Saturday,Eglinton Station,Utilized Off Route,11,22,N/B,1069
2019-12-14,6,19:24:00,Saturday,Queen's Quay,Utilized Off Route,14,28,N/B,1072
2019-12-14,34,19:25:00,Saturday,Wynford Dr. at Wynford Dr.,Investigation,18,36,N/B,8701
2019-12-14,600,19:25:00,Saturday,townsley loop,Utilized Off Route,1,1,E/B,1098
2019-12-14,85,19:32:00,Saturday,Don Mills Stn,Mechanical,24,26,E/B,1658
2019-12-14,54,19:37:00,Saturday,Eglinton Station,Utilized Off Route,19,38,E/B,8861
2019-12-14,600,19:41:00,Saturday,stclair west station,Utilized Off Route,1,1,E/B,1098
2019-12-14,29,19:58:00,Saturday,Dufferin and Wilson,Mechanical,3,9,N/B,9150
2019-12-14,100,20:00:00,Saturday,Broadview station to Donmills,General Delay,10,20,B/W,
2019-12-14,94,20:00:00,Saturday,Ossington station to Castle frank station,General Delay,12,22,B/W,
2019-12-14,121,20:00:00,Saturday,Princes gates to Mill st,General Delay,20,40,B/W,
2019-12-14,94,20:10:00,Saturday,Queenspark and Hoskin.,Diversion,20,30,W/B,1084
2019-12-14,63,20:14:00,Saturday,queen and shaw,Utilized Off Route,8,17,N/B,1288
2019-12-14,54,20:25:00,Saturday,Eglinton and Mount Pleasant,Investigation,21,34,W/B,8685
2019-12-14,96,21:19:00,Saturday,carrier loop,Diversion,71,83,S/B,3279
2019-12-14,63,21:27:00,Saturday,oakwood and earnscliffe,Investigation,8,17,S/B,1290
2019-12-14,20,21:43:00,Saturday,Main Street station,Mechanical,1,1,E/B,8959
2019-12-14,116,21:50:00,Saturday,Kennedy Station,Mechanical,8,16,E/B,8789
2019-12-14,15,22:00:00,Saturday,Queensway Traffic Office,Mechanical,30,60,W/B,8029
2019-12-14,64,22:00:00,Saturday,Main Street station,Mechanical,20,40,S/B,8569
2019-12-14,32,22:28:00,Saturday,eglinton west station,Investigation,10,20,W/B,1268
2019-12-14,118,23:44:00,Saturday,albion and thistle down,Mechanical,30,60,S/B,3305
2019-12-15,116,01:51:00,Sunday,Brimley and Eglinton,Investigation,9,18,E/B,8803
2019-12-15,53,02:04:00,Sunday,Markham Rd and Steeles Ave,Emergency Services,30,60,E/B,3458
2019-12-15,320,02:12:00,Sunday,Yonge and Eglinton,Mechanical,1,5,W/B,1276
2019-12-15,307,02:41:00,Sunday,Front and Bathrust,General Delay,15,35,B/W,
2019-12-15,307,03:30:00,Sunday,Front and Bathrust,Diversion,122,142,B/W,
2019-12-15,335,04:17:00,Sunday,Ian McDonald and Chimneystack,Investigation,25,55,N/B,3318
2019-12-15,334,04:42:00,Sunday,FINCHDENE/FINCH,Late Leaving Garage - Management,25,25,W/B,8808
2019-12-15,40,04:50:00,Sunday,Evans,Mechanical,18,,E/B,7979
2019-12-15,300,05:00:00,Sunday,ROUTE 300- BLOOR NIGHT BUS,General Delay,20,32,B/W,
2019-12-15,354,05:05:00,Sunday,MCCOWAN/LAWRENCE,Late Leaving Garage - Management,1,30,B/W,
2019-12-15,354,05:05:00,Sunday,MCCOWAN/LAWRENCE,Diversion,125,155,B/W,
2019-12-15,52,05:36:00,Sunday,LAWRENCE/YONGE,Late Leaving Garage - Mechanical,10,22,W/B,8321
2019-12-15,320,05:39:00,Sunday,Yonge and Wellesley,Mechanical,15,30,N/B,9021
2019-12-15,300,06:00:00,Sunday,DANFORTH/DANFORTH,Late Leaving Garage - Mechanical,12,32,W/B,8787
2019-12-15,54,06:00:00,Sunday,Lawrence Ave East at Barrymore Rd,Diversion,70,100,B/W,
2019-12-15,89,06:30:00,Sunday,Albion / Weston,Investigation,10,20,S/B,1139
2019-12-15,29,06:35:00,Sunday,Wilson Station,Mechanical,10,20,WB,9021
2019-12-15,300,07:00:00,Sunday,EAST MALL/ BLOOR,Late Leaving Garage - Mechanical,5,10,E/B,3131
2019-12-15,300,07:12:00,Sunday,DANFORTH/DANFORTH,Late Leaving Garage - Mechanical,12,12,W/B,8447
2019-12-15,84,07:28:00,Sunday,Sheppard Ave West at Rivalda RD,Late Leaving Garage - Mechanical,20,1,W/B,3641
2019-12-15,131,07:32:00,Sunday,Scarbrough Town centre,Diversion,999,999,N/B,3535
2019-12-15,74,07:45:00,Sunday,DONCLIFFE LOOP,Late Leaving Garage - Mechanical,27,27,S/B,1355
2019-12-15,130,07:45:00,Sunday,Scarborough Town Centre,Diversion,999,999,N/B,1326
2019-12-15,984,07:49:00,Sunday,Sheppard-Yonge Station,Late Leaving Garage - Vision,17,1,W/B,3608
2019-12-15,38,07:54:00,Sunday,Scarborough Town Centre,Diversion,999,999,E/B,1639
2019-12-15,16,08:00:00,Sunday,Warden station,General Delay,15,1,B/W,
2019-12-15,129,08:00:00,Sunday,Scarborough Town Centre,Diversion,999,999,E/B,1313
2019-12-15,60,08:01:00,Sunday,Steeles west at Jane,Diversion,70,80,W/B,3207
2019-12-15,985,08:12:00,Sunday,Don Mills Station,Late Leaving Garage - Mechanical,13,26,E/B,9061
2019-12-15,41,08:15:00,Sunday,Keele Station,Mechanical,16,31,WB,1000
2019-12-15,162,08:19:00,Sunday,ROE LOOP,Mechanical,30,60,S/B,1221
2019-12-15,162,08:20:00,Sunday,ROE LOOP,Diversion,35,65,N/B,
2019-12-15,124,08:20:00,Sunday,ROE LOOP,Diversion,20,55,N/B,
2019-12-15,29,08:24:00,Sunday,on Dufferin St at Lawrence Ave West,Mechanical,7,14,NB,9025
2019-12-15,900,08:32:00,Sunday,427 / Dundas,Investigation,7,14,S/B,8000
2019-12-15,17,09:00:00,Sunday,Birchmount Route,General Delay,15,1,B/W,
2019-12-15,134,09:00:00,Sunday,STC,General Delay,15,1,B/W,
2019-12-15,43,09:05:00,Sunday,Scarborough Town centre,Late Leaving Garage - Operator,16,32,S/B,8888
2019-12-15,37,09:07:00,Sunday,Humberwood loop,Mechanical,13,26,S/B,8422
2019-12-15,54,09:24:00,Sunday,Eglinton Station,Late Leaving Garage - Mechanical,16,32,E/B,8764
2019-12-15,84,09:28:00,Sunday,Sheppard-Yonge Station,Late Leaving Garage - Mechanical,10,20,W/B,3564
2019-12-15,16,11:10:00,Sunday,Warden stn,Late Leaving Garage - Operator,12,24,S/B,9206
2019-12-15,36,11:22:00,Sunday,FWSN,Mechanical,5,10,W/B,3199
2019-12-15,95,11:53:00,Sunday,Sheppard and Shorting,Mechanical,17,34,W/B,1602
2019-12-15,65,12:00:00,Sunday,65 Parliament Route,General Delay,15,30,B/W,
2019-12-15,84,12:00:00,Sunday,Weston Rd at Bradstock Rd to Sheppard-Yonge Station,General Delay,10,20,B/W,
2019-12-15,60,12:07:00,Sunday,Steeles West route,General Delay,20,40,B/W,3196
2019-12-15,52,12:07:00,Sunday,Lawrence West Station,Mechanical,12,20,W/B,8387
2019-12-15,35,12:22:00,Sunday,Jane and Finch,Mechanical,8,16,S/B,3314
2019-12-15,59,13:30:00,Sunday,Lawrence West Station,Vision,60,120,W/B,3604
2019-12-15,53,13:36:00,Sunday,Steeles route,General Delay,15,30,B/W,1653
2019-12-15,89,14:00:00,Sunday,Bothways on route,General Delay,24,34,B/W,
2019-12-15,80,14:00:00,Sunday,Bothway on route.,General Delay,20,50,B/W,
2019-12-15,37,14:00:00,Sunday,Bothways on route,General Delay,22,34,B/W,
2019-12-15,85,14:00:00,Sunday,Don Mills Stn,Mechanical,20,40,W/B,3555
2019-12-15,94,14:34:00,Sunday,Harbord and Brunswick,Investigation,12,24,E/B,1027
2019-12-15,17,15:00:00,Sunday,Warden Station,Investigation,16,32,N/B,9238
2019-12-15,126,15:01:00,Sunday,St. Clair West Stn,Mechanical,15,15,E/B,1058
2019-12-15,47,15:09:00,Sunday,Earscourt loop,Mechanical,18,36,S/B,1141
2019-12-15,935,15:37:00,Sunday,Pioneer Village Station,Mechanical,8,16,S/B,3183
2019-12-15,121,16:02:00,Sunday,The Esplanade and Princess St,Investigation,15,30,E/B,8526
2019-12-15,169,16:25:00,Sunday,STC,Mechanical,30,60,N/B,1328
2019-12-15,11,16:42:00,Sunday,Sunnybrook Hospital,Mechanical,30,60,S/B,8352
2019-12-15,600,16:57:00,Sunday,Eglinton West Station,Utilized Off Route,1,2,S/B,8141
2019-12-15,63,17:00:00,Sunday,Ossington Station,Utilized Off Route,6,13,N/B,1270
2019-12-15,104,17:00:00,Sunday,Wilson Stn to Sheppard West Stn,General Delay,30,60,B/W,
2019-12-15,7,17:10:00,Sunday,Bathrust Stn,Utilized Off Route,7,14,W/B,8314
2019-12-15,985,17:15:00,Sunday,Midland Ave and Sheppard,Diversion,15,25,W/B,
2019-12-15,78,17:56:00,Sunday,Carluke Crescent / Fifeshire Rd,Mechanical,15,30,N/B,1236
2019-12-15,600,18:14:00,Sunday,Dupont and Lansdowne Ave,Mechanical,1,1,W/B,1305
2019-12-15,86,18:30:00,Sunday,Kingston Road and Lawson,Vision,8,16,E/B,8776
2019-12-15,130,19:00:00,Sunday,Middlefied and Passmore.,Diversion,68,98,N/B,
2019-12-15,36,19:48:00,Sunday,Finch West Station,Investigation,7,14,E/B,3297
2019-12-15,600,20:27:00,Sunday,Victoria Park & Eglinton,Mechanical,1,1,N/B,9200
2019-12-15,189,20:35:00,Sunday,Scarlet & Foxwell,Diversion,30,60,N/B,8002
2019-12-15,67,21:00:00,Sunday,Crossland & Penworth,Investigation,24,48,S/B,8704
2019-12-15,34,21:28:00,Sunday,Lebovic,Diversion,32,41,E/B,8909
2019-12-15,32,21:33:00,Sunday,"On Eglinton, at Chaplin",Investigation,20,60,W/B,1054
2019-12-15,75,23:00:00,Sunday,Sherbourne & Wellesley,Diversion,1,1,S/B,
2019-12-15,129,23:20:00,Sunday,STC,Mechanical,10,20,N/B,3404
2019-12-16,20,00:10:00,Monday,Midland Ave between Danforth Rd and Eglinton,Diversion,1,1,B/W,9222
2019-12-16,66,00:25:00,Monday,162 Berry Road,Investigation,30,30,NB,7909
2019-12-16,39,00:55:00,Monday,Neilson / Crow Trail,Mechanical,20,40,W/B,1500
2019-12-16,133,02:04:00,Monday,Sheppard / Neilson,Mechanical,30,60,S/B,1559
2019-12-16,9,04:00:00,Monday,SCARBOROUGH TOWN CENTRE,Diversion,999,999,S/B,
2019-12-16,16,04:00:00,Monday,SCARBOROUGH TOWN CENTRE,Diversion,999,999,S/B,
2019-12-16,169,04:00:00,Monday,SCARBOROUGH TOWN CENTRE,Diversion,999,999,W/B,
2019-12-16,38,04:00:00,Monday,SCARBOROUGH TOWN CENTRE,Diversion,999,999,B/W,
2019-12-16,300,04:00:00,Monday,Route 300,General Delay,8,38,B/W,
2019-12-16,36,04:56:00,Monday,Arrow garage POD Finch & Arrow,Late Leaving Garage - Mechanical,7,17,E/B,9128
2019-12-16,133,05:00:00,Monday,Scarborough Town Centre,Diversion,11,22,E/B,3507
2019-12-16,134,05:00:00,Monday,Scarborough Town Centre,Diversion,15,30,E/B,9087
2019-12-16,132,05:00:00,Monday,Scarborough Town Centre,Diversion,25,50,E/B,3515
2019-12-16,131,05:00:00,Monday,Scarborough Town Centre,Diversion,9,18,E/B,1323
2019-12-16,130,05:00:00,Monday,Scarborough Town Centre,Diversion,20,40,E/B,3497
2019-12-16,129,05:00:00,Monday,Scarborough Town Centre,Diversion,15,30,N/B,3557
2019-12-16,54,05:16:00,Monday,EglintonYard,Mechanical,1,1,O/B,8670
2019-12-16,54,05:18:00,Monday,EglintonYArd,Mechanical,1,1,O/B,8922
2019-12-16,34,05:27:00,Monday,Eglinton Yard,Mechanical,1,1,O/B,8713
2019-12-16,68,05:40:00,Monday,Warden Station,Late Leaving Garage - Operator,19,33,N/B,8887
2019-12-16,47,05:58:00,Monday,Yorkdale Stn,Late Leaving Garage - Mechanical,9,18,S/B,1089
2019-12-16,84,06:15:00,Monday,Sheppard West Station,Vision,18,36,E/B,3623
2019-12-16,935,06:18:00,Monday,Steeles,Late Leaving Garage - Operator,10,20,S/B,3702
2019-12-16,95,06:27:00,Monday,Don Mills / York Mills,Mechanical,8,16,E/B,3520
2019-12-16,116,06:35:00,Monday,Kennedy Station,Late Leaving Garage - Management,6,13,N/B,8781
2019-12-16,104,06:38:00,Monday,Sheppard West Station,Mechanical,16,32,S/B,8154
2019-12-16,960,06:40:00,Monday,Finch Station,Mechanical,10,20,N/B,3701
2019-12-16,143,07:00:00,Monday,143 Downtown- Beach Express,General Delay,15,30,B/W,
2019-12-16,144,07:00:00,Monday,144 Downtown- Don Valley Express -All Branch,General Delay,15,30,S/B,
2019-12-16,64,07:03:00,Monday,Main Station,Mechanical,9,20,S/B,9216
2019-12-16,17,07:08:00,Monday,WARDEN STATION,Mechanical,14,21,N/B,9217
2019-12-16,36,07:10:00,Monday,Finch and Weston rd.,Mechanical,4,9,W/B,3201
2019-12-16,60,07:13:00,Monday,Pioneer Village Station,Mechanical,8,16,S/B,3608
2019-12-16,43,07:24:00,Monday,Kennedy Station,Mechanical,10,20,N/B,8779
2019-12-16,32,07:27:00,Monday,Eglinton West Station,Investigation,12,23,E/B,1273
2019-12-16,144,07:28:00,Monday,Ness Dr/York Mills Rd,Late Leaving Garage - Mechanical,20,35,S/B,8632
2019-12-16,45,07:34:00,Monday,Kipling/Dixon,Mechanical,11,22,N/B,7920
2019-12-16,143,07:45:00,Monday,Neville Park Loop,Mechanical,15,30,W/B,3107
2019-12-16,134,07:59:00,Monday,Progress and Markham,Mechanical,18,36,E/B,9073
2019-12-16,34,08:00:00,Monday,Victoria Pk and Eglinton,Mechanical,6,12,,8927
2019-12-16,996,08:05:00,Monday,Humber College/ Hwy 27,Mechanical,10,20,E/B,3295
2019-12-16,112,08:05:00,Monday,Renforth stn,Mechanical,14,28,S/B,8083
2019-12-16,989,08:25:00,Monday,Weston and Jane,Mechanical,15,30,N/B,1408
2019-12-16,64,09:00:00,Monday,64 Main Route,General Delay,10,20,B/W,
2019-12-16,97,09:41:00,Monday,Hilda / Steeles,Investigation,30,60,N/B,8334
2019-12-16,108,10:03:00,Monday,Finch and Driftwood,Mechanical,17,34,N/B,3249
2019-12-16,927,10:06:00,Monday,HWY 27 and Humber College Blvd,Investigation,16,32,N/B,3341
2019-12-16,88,10:20:00,Monday,ST Clair Stn,Emergency Services,20,40,,1288
2019-12-16,31,11:00:00,Monday,COXWELL / Coxwell Station,Vision,11,22,E/B,8491
2019-12-16,133,11:38:00,Monday,Scarborough Town Centre,Investigation,11,22,W/B,3437
2019-12-16,23,12:00:00,Monday,23 Dawes Rd,General Delay,1,20,B/W,
2019-12-16,65,12:15:00,Monday,Parliament and King,Investigation,13,26,S/B,3162
2019-12-16,600,12:30:00,Monday,Eglinton yard,Utilized Off Route,1,1,,8780
2019-12-16,600,12:30:00,Monday,Eglinton Yard,Utilized Off Route,1,1,,8914
2019-12-16,104,12:32:00,Monday,Wilson station,Mechanical,20,40,N/B,8101
2019-12-16,70,13:00:00,Monday,Entire route,General Delay,15,23,B/W,
2019-12-16,52,13:22:00,Monday,Lawrence Station,Mechanical,14,28,W/B,8353
2019-12-16,97,13:30:00,Monday,York Mills Stn,Mechanical,20,41,S/B,8363
2019-12-16,60,13:33:00,Monday,on Steeles Ave West at Carpenter Road,Emergency Services,11,22,EB,3647
2019-12-16,131,13:58:00,Monday,Scarburough Town Center,Mechanical,10,17,N/B,3430
2019-12-16,97,13:59:00,Monday,Yonge/Berwick,Diversion,81,101,B/W,
2019-12-16,102,14:06:00,Monday,Warden STN,Utilized Off Route,22,44,E/B,9222
2019-12-16,160,14:10:00,Monday,Wilson stn / Promenade mall,General Delay,8,16,B/W,1368
2019-12-16,54,14:12:00,Monday,Eglinton Yard,Mechanical,0,0,OB,8699
2019-12-16,76,14:15:00,Monday,Royal York stn,Mechanical,10,20,S/B,8033
2019-12-16,986,14:25:00,Monday,Eglinton Yard,Mechanical,0,0,OB,8706
2019-12-16,25,14:28:00,Monday,Eglinton Yard,Mechanical,0,0,OB,8885
2019-12-16,116,14:34:00,Monday,Eglinton Yard,Mechanical,0,0,OB,8923
2019-12-16,29,14:37:00,Monday,Mt Dennis garage,Late Leaving Garage - Operator,5,9,S/B,9024
2019-12-16,34,14:41:00,Monday,Eglinton Yard,Mechanical,0,0,OB,8862
2019-12-16,41,14:46:00,Monday,Dufferin / Rogers,Investigation,8,16,S/B,1555
2019-12-16,941,14:48:00,Monday,Mt Dennis garage,Late Leaving Garage - Mechanical,14,28,S/B,1560
2019-12-16,89,14:49:00,Monday,albion and weston,Mechanical,11,22,S/B,1549
2019-12-16,62,14:49:00,Monday,Broadview/Pottery Rd,Investigation,22,44,W/B,3159
2019-12-16,25,14:52:00,Monday,Eglinton Yard,Mechanical,0,0,OB,8704
2019-12-16,116,14:55:00,Monday,Eglinton Yard,Mechanical,0,0,OB,8911
2019-12-16,46,15:00:00,Monday,kipling station,Late Leaving Garage - Management,12,24,N/B,3192
2019-12-16,91,15:00:00,Monday,"Woodbine Ave, St Clair , O'Connor Drive",General Delay,15,30,B/W,
2019-12-16,54,15:07:00,Monday,Eglinton Yard,Mechanical,0,0,OB,8837
2019-12-16,79,15:11:00,Monday,Runnymede Station,Late Leaving Garage - Mechanical,17,34,N/B,1406
2019-12-16,54,15:12:00,Monday,Markham and Lawrence,Mechanical,10,20,E/B,8874
2019-12-16,54,15:16:00,Monday,Midland and Lawrence,Investigation,10,20,W/B,8699
2019-12-16,116,15:17:00,Monday,Eglinton Yard,Mechanical,0,0,OB,8686
2019-12-16,986,15:20:00,Monday,Eglinton Yard,Mechanical,0,0,OB,8632
2019-12-16,109,15:30:00,Monday,Eglinton West Station to Neptune,General Delay,15,35,B/W,
2019-12-16,97,15:30:00,Monday,Queen's Quay to Steeles,General Delay,20,40,B/W,
2019-12-16,63,15:30:00,Monday,Oakwood and Bigger,Diversion,14,28,N/B,1297
2019-12-16,95,15:30:00,Monday,York Mills Station to Kingston Road and Ellesmere,General Delay,15,25,B/W,
2019-12-16,63,15:31:00,Monday,Oakwood and Rosemount,Diversion,10,20,N/B,1229
2019-12-16,100,15:32:00,Monday,Eglinton Yard,Mechanical,0,0,OB,8922
2019-12-16,87,15:37:00,Monday,Main Street Station,Mechanical,7,13,W/B,3122
2019-12-16,54,15:45:00,Monday,Mc Cowan to SRT,General Delay,25,35,B/W,
2019-12-16,61,15:46:00,Monday,Bombay Loop,Late Leaving Garage - Operator,13,26,S/B,8184
2019-12-16,953,16:12:00,Monday,Finch Station,Mechanical,15,30,NB,9059
2019-12-16,32,16:19:00,Monday,Kipling  and Eglinton,Mechanical,9,19,W/B,1002
2019-12-16,40,16:24:00,Monday,dundas and wimbleton,Diversion,218,227,N/B,
2019-12-16,110,16:55:00,Monday,Horner and Kipling,Investigation,12,24,N/B,7976
2019-12-16,56,17:15:00,Monday,Cosburn and Donlands,Mechanical,10,20,N/B,1251
2019-12-16,78,17:17:00,Monday,Carluke and Fifeshire,Mechanical,10,20,W/B,1340
2019-12-16,102,17:27:00,Monday,Markham Rd/Greenbrae Circuit,Investigation,16,22,S/B,3164
2019-12-16,71,17:30:00,Monday,Runnymede Stn,Mechanical,9,18,S/B,1132
2019-12-16,52,17:33:00,Monday,Lawrence station,Investigation,13,26,E/B,7965
2019-12-16,96,18:04:00,Monday,Wilson station,Investigation,6,12,W/B,3271
2019-12-16,36,18:18:00,Monday,Wilson/Transit Road,Investigation,6,12,W/B,3337
2019-12-16,56,18:35:00,Monday,Laird and Wicksteed,Mechanical,10,20,S/B,8375
2019-12-16,61,18:44:00,Monday,Avenue and Willowbank,Mechanical,13,20,S/B,8325
2019-12-16,85,18:50:00,Monday,Sheppard and Shaughnessy,Diversion,36,53,E/B,
2019-12-16,54,18:52:00,Monday,Star spray,Mechanical,10,20,W/B,8891
2019-12-16,34,18:55:00,Monday,Credit Union and Eglinton,Mechanical,7,13,E/B,8813
2019-12-16,26,19:00:00,Monday,Bedford and Davenport,Diversion,1,1,B/W,
2019-12-16,6,19:03:00,Monday,Dupont and Bedford,Diversion,302,30,E/B,1360
2019-12-16,89,19:16:00,Monday,weston and ray,Mechanical,10,20,N/B,1142
2019-12-16,67,19:17:00,Monday,PHARMACY and Noreen,Investigation,10,20,S/B,8917
2019-12-16,42,19:25:00,Monday,on McNicoll Ave and Midland Ave,Diversion,68,83,EB,8185
2019-12-16,134,20:00:00,Monday,Mamothhall Trail and Washburn Way,Mechanical,24,48,E/B,3418
2019-12-16,167,20:00:00,Monday,"On Pharmacy, at Steeles",Mechanical,30,60,S/B,3119
2019-12-16,44,20:15:00,Monday,Kipling & Evans,Mechanical,10,20,S/B,8037
2019-12-16,54,20:40:00,Monday,Lawrence W Stn,Mechanical,11,22,E/B,8204
2019-12-16,54,21:30:00,Monday,Rouge Go station,Diversion,1,1,W/B,8906
2019-12-16,65,21:31:00,Monday,PARLIAMENT - Nicholson and Berkeley,Investigation,9,18,N/B,3168
2019-12-16,95,22:23:00,Monday,Kingston Road and Ellesmere,Mechanical,12,24,W/B,3429
2019-12-16,87,22:31:00,Monday,COSBURN - Broadview Station,Utilized Off Route,9,18,E/B,3157
2019-12-16,35,22:32:00,Monday,"On Jane, at Lawrence",Investigation,9,17,S/B,3183
2019-12-16,84,23:09:00,Monday,Jane & Sheppard,Diversion,1,1,W/B,3602
2019-12-16,95,23:15:00,Monday,Ellesmere and Kingston Road,Mechanical,10,20,W/B,3435
2019-12-16,116,23:50:00,Monday,Kennedy Station,Mechanical,10,20,E/B,8649
2019-12-17,35,01:21:00,Tuesday,Jane Station,Investigation,15,30,N/B,3325
2019-12-17,312,02:37:00,Tuesday,Bathurst / St Clair,Investigation,30,60,W/B,1046
2019-12-17,16,04:00:00,Tuesday,SCARBOROUGH TOWN CENTRE,Diversion,999,999,S/B,
2019-12-17,169,04:00:00,Tuesday,SCARBOROUGH TOWN CENTRE,Diversion,999,999,E/B,
2019-12-17,38,04:00:00,Tuesday,SCARBOROUGH TOWN CENTRE,Diversion,999,999,E/B,
2019-12-17,9,04:00:00,Tuesday,SCARBOROUGH TOWN CENTRE,Diversion,999,999,S/B,
2019-12-17,34,04:48:00,Tuesday,Eglinton Yard,Mechanical,1,1,OB,8693
2019-12-17,116,04:50:00,Tuesday,Eglinton Yard,Mechanical,1,1,OB,8632
2019-12-17,116,05:24:00,Tuesday,KINGSTON ROAD/ EGLINTON,Late Leaving Garage - Management,12,24,W/B,8787
2019-12-17,133,05:30:00,Tuesday,Scarborough Town Centre,Diversion,20,40,E/B,3499
2019-12-17,116,05:34:00,Tuesday,Eglinton Yard,Mechanical,1,1,OB,8839
2019-12-17,116,05:38:00,Tuesday,STAINES/MORNINGSIDE,Late Leaving Garage - Mechanical,10,22,N/B,8695
2019-12-17,134,05:40:00,Tuesday,Scarborough Town Centre,Diversion,19,38,E/B,9079
2019-12-17,130,05:40:00,Tuesday,Scarborough Town Centre,Diversion,20,40,E/B,3488
2019-12-17,38,05:42:00,Tuesday,ROUGE HILL GO,Late Leaving Garage - Mechanical,15,30,W/B,3451
2019-12-17,129,05:48:00,Tuesday,Scarborough Town Centre,Diversion,8,16,N/B,3448
2019-12-17,131,05:50:00,Tuesday,Scarborough Town Centre,Diversion,9,18,E/B,3553
2019-12-17,85,05:57:00,Tuesday,Brian dr and sheppard,Investigation,15,30,E/B,3544
2019-12-17,132,06:00:00,Tuesday,Scarborough Town Centre,Diversion,25,50,E/B,1331
2019-12-17,70,06:04:00,Tuesday,Eglinton Yard,Mechanical,1,1,OB,8823
2019-12-17,47,06:07:00,Tuesday,Yorkdale,Late Leaving Garage - Mechanical,19,38,S/B,1420
2019-12-17,122,06:08:00,Tuesday,Fenelon Drive Loop (Don Mills/Graydon Hall),Late Leaving Garage - Mechanical,8,16,W/B,1383
2019-12-17,160,06:10:00,Tuesday,Kenton and Bathurst,Mechanical,20,40,S/B,1253
2019-12-17,11,06:24:00,Tuesday,Wilson Garage,Investigation,24,48,,8374
2019-12-17,16,06:26:00,Tuesday,MIDLAND/DANFOTH,Mechanical,9,19,N/B,8501
2019-12-17,76,06:26:00,Tuesday,Wilson garage,Investigation,6,10,B/W,8341
2019-12-17,935,06:31:00,Tuesday,Pioneer Village Stn,Late Leaving Garage - Operator,8,17,S/B,3649
2019-12-17,53,06:35:00,Tuesday,Finch stn,Mechanical,,,E/B,3489
2019-12-17,952,06:36:00,Tuesday,Lawrence Station,Late Leaving Garage - Operator,11,22,W/B,8150
2019-12-17,53,06:41:00,Tuesday,Passmore / Markham,Late Leaving Garage - Mechanical,6,12,E/B,1341
2019-12-17,60,06:53:00,Tuesday,Signal Hill,Late Leaving Garage - Operator,8,16,N/B,9120
2019-12-17,42,06:58:00,Tuesday,Finch Station,Mechanical,14,28,N/B,8383
2019-12-17,31,07:15:00,Tuesday,Greenwood Stn,Mechanical,15,30,S/B,8555
2019-12-17,52,08:11:00,Tuesday,Lawrence and Weston Road,Mechanical,8,16,W/B,8360
2019-12-17,31,08:22:00,Tuesday,`Greenwood Stn,Investigation,13,26,S/B,8579
2019-12-17,78,08:30:00,Tuesday,York Mills Station,Mechanical,10,20,E/B,8318
2019-12-17,70,08:30:00,Tuesday,Between Coxwell Stn and 1: Craigton/Pharmacy 2:Warden Stn,General Delay,17,34,B/W,
2019-12-17,62,08:31:00,Tuesday,pape and mortiimer,Investigation,10,20,,8514
2019-12-17,110,08:32:00,Tuesday,Thirtieth St and Lakshore Blvd West,Mechanical,24,48,S/B,7920
2019-12-17,132,08:32:00,Tuesday,Brenyon Way and John Tabor Trail,Mechanical,12,24,N/B,1245
2019-12-17,927,08:45:00,Tuesday,KIPLING STN,Mechanical,7,14,N/B,3264
2019-12-17,110,09:14:00,Tuesday,Thirtieth and Lakeshore Blvd West,Diversion,14,28,S/B,8434
2019-12-17,36,09:50:00,Tuesday,Finch / Oakdale,Mechanical,5,9,E/B,9131
2019-12-17,109,10:21:00,Tuesday,Lawrence West Station,Mechanical,20,40,S/B,8133
2019-12-17,106,11:05:00,Tuesday,Sentinel and fourwinds,Diversion,13,26,N/B,8352
2019-12-17,71,11:06:00,Tuesday,Runnymede/Bloor,Investigation,14,27,S/B,1000
2019-12-17,52,11:07:00,Tuesday,Lawrence and Keele,Mechanical,13,26,W/B,8191
2019-12-17,54,11:14:00,Tuesday,Lawrence and Kingston Road,Mechanical,12,24,W/B,8874
2019-12-17,134,11:19:00,Tuesday,Scarborough Town Centre,Mechanical,6,12,N/B,9078
2019-12-17,97,11:40:00,Tuesday,York Mills Station,Mechanical,30,60,S/B,8320
2019-12-17,117,12:00:00,Tuesday,York Mills Station,Investigation,20,40,N/B,1382
2019-12-17,39,12:00:00,Tuesday,39 Finch Route-All Branch,General Delay,16,32,B/W,3467
2019-12-17,939,12:00:00,Tuesday,939 Finch Express-All Branch,General Delay,14,28,B/W,1240
2019-12-17,133,12:26:00,Tuesday,Neilson and Ellesmere,Investigation,11,22,N/B,3498
2019-12-17,54,12:29:00,Tuesday,Eglinton and Mt. Pleasant,Investigation,10,20,W/B,8712
2019-12-17,34,12:38:00,Tuesday,Mt. Pleasant and Eglinton,Diversion,6,48,W/B,
2019-12-17,54,12:42:00,Tuesday,Eglinton and Mt. Pleasant,Diversion,48,58,E/B,
2019-12-17,56,12:42:00,Tuesday,Eglinton and Mt. Pleasant,Diversion,48,58,E/B,
2019-12-17,51,12:42:00,Tuesday,Eglinton and Mt. Pleasant,Diversion,48,63,E/B,
2019-12-17,70,13:00:00,Tuesday,Entire route,General Delay,15,23,B/W,
2019-12-17,160,13:00:00,Tuesday,Wilson stn / Bathurst & Wilson,General Delay,22,40,B/W,
2019-12-17,129,13:10:00,Tuesday,Sandhurst and McCowan,General Delay,7,14,N/B,1660
2019-12-17,42,13:15:00,Tuesday,Finch Station,Mechanical,13,27,NB,8349
2019-12-17,36,13:30:00,Tuesday,Finch / Islington,Investigation,5,9,W/B,9112
2019-12-17,11,13:58:00,Tuesday,Sunnybrook Hospital,Mechanical,13,26,S/B,1228
2019-12-17,59,14:09:00,Tuesday,Church and Jane,Late Leaving Garage - Operator,12,21,S/B,3700
2019-12-17,102,14:13:00,Tuesday,St. Clair Ave E/Brimley Rd,Mechanical,30,40,E/B,8569
2019-12-17,60,14:24:00,Tuesday,Finch Station,Utilized Off Route,11,22,NB,3368
2019-12-17,941,14:43:00,Tuesday,Mt Dennis garage,Late Leaving Garage - Mechanical,15,30,S/B,1115
2019-12-17,54,14:45:00,Tuesday,Starspray,Late Leaving Garage - Management,10,20,W/B,8766
2019-12-17,32,15:00:00,Tuesday,Entire Route,General Delay,15,30,B/W,
2019-12-17,996,15:00:00,Tuesday,Entire Route,General Delay,20,40,B/W,
2019-12-17,935,15:00:00,Tuesday,Jane express,General Delay,15,1,B/W,
2019-12-17,16,15:00:00,Tuesday,Warden STN to Scarborough Centre STN,General Delay,20,33,B/W,
2019-12-17,91,15:00:00,Tuesday,Entire route,General Delay,10,25,B/W,
2019-12-17,35,15:00:00,Tuesday,Jane route,General Delay,15,1,B/W,
2019-12-17,25,15:04:00,Tuesday,Eglinton Yard,Mechanical,0,0,OB,8632
2019-12-17,79,15:11:00,Tuesday,Runnymede stn,Late Leaving Garage - Operator,9,18,S/B,1415
2019-12-17,925,15:21:00,Tuesday,Eglinton Yard,Mechanical,0,0,OB,8816
2019-12-17,109,15:30:00,Tuesday,Eglinton West Station to Neptune,General Delay,15,35,B/W,
2019-12-17,97,15:30:00,Tuesday,Queen's Quay to Steeles,General Delay,20,40,B/W,
2019-12-17,161,15:30:00,Tuesday,Humber Bl vd and Cliffe,Diversion,9,69,W/B,1124
2019-12-17,109,15:32:00,Tuesday,"On Marlee, at Dell Park Ave.",Investigation,15,30,N/B,8116
2019-12-17,98,15:34:00,Tuesday,Sheppard Ave W and Senlac,Diversion,194,211,B/W,
2019-12-17,7,15:34:00,Tuesday,Burton / Bathurst,Investigation,8,10,N/B,8214
2019-12-17,925,15:37:00,Tuesday,Pape Station,Late Leaving Garage - Management,10,20,B/W,8898
2019-12-17,24,15:39:00,Tuesday,Victoria Park and Sunrise,Investigation,9,18,S/B,8587
2019-12-17,984,15:40:00,Tuesday,Sheppard and Senlac,Diversion,9,18,WB,3318
2019-12-17,11,15:40:00,Tuesday,Wilson and Allen,Investigation,1,1,E/B,8306
2019-12-17,134,15:40:00,Tuesday,centenial college,Mechanical,5,10,E/B,3448
2019-12-17,86,15:42:00,Tuesday,Kennedy Station,Investigation,16,312,E/B,8690
2019-12-17,84,15:50:00,Tuesday,Shepopard and Senlac,Diversion,10,20,WB,3281
2019-12-17,36,15:56:00,Tuesday,Finch Oakdale,Investigation,13,25,E/B,3218
2019-12-17,54,16:00:00,Tuesday,Lawrence RT to Starspray,General Delay,25,35,E/B,
2019-12-17,65,16:00:00,Tuesday,Entire route,General Delay,10,19,B/W,
2019-12-17,23,16:00:00,Tuesday,DAWES / Main Station,General Delay,7,14,B/W,
2019-12-17,122,16:01:00,Tuesday,York Mills Station,Investigation,12,23,E/B,8300
2019-12-17,78,16:02:00,Tuesday,York Mills Station,Investigation,15,30,E/B,8318
2019-12-17,96,16:30:00,Tuesday,Wilson / Allen Road,General Delay,15,30,B/W,
2019-12-17,54,16:30:00,Tuesday,Scarborough Golf Club rd. and Lawrence,Investigation,10,20,E/B,8634
2019-12-17,165,16:30:00,Tuesday,Wilson / Allen,General Delay,15,30,B/W,
2019-12-17,54,16:32:00,Tuesday,Scarborough Golf Rd. and Lawrence,Investigation,10,20,E/B,8844
2019-12-17,986,16:50:00,Tuesday,Kennedy Station,Emergency Services,10,20,E/B,8697
2019-12-17,986,16:50:00,Tuesday,Kennedy Station,Mechanical,10,20,E/B,8684
2019-12-17,34,16:54:00,Tuesday,Eglinton and Mt. Pleasant,Investigation,7,13,W/B,8918
2019-12-17,954,17:00:00,Tuesday,Galloway and Lawrence,Investigation,10,20,E/B,8709
2019-12-17,143,17:00:00,Tuesday,DWTN BEACH EXP,General Delay,25,50,B/W,
2019-12-17,63,17:00:00,Tuesday,Bude and Oakwood,Diversion,10,20,B/W,8321
2019-12-17,144,17:00:00,Tuesday,DON VALLEY DWNT EXP,General Delay,20,40,B/W,
2019-12-17,54,17:11:00,Tuesday,Eglinton and Candiff,Investigation,10,20,W/B,8743
2019-12-17,72,17:13:00,Tuesday,Villiers/Commissioners,Mechanical,22,43,S/B,3159
2019-12-17,21,17:16:00,Tuesday,Scarburough town center,Mechanical,9,16,E/B,1316
2019-12-17,7,17:25:00,Tuesday,Bathurst / Wilson,Investigation,8,16,S/B,8321
2019-12-17,34,17:42:00,Tuesday,Falcon on Eglinton,Investigation,6,13,E/B,8904
2019-12-17,165,18:20:00,Tuesday,york Mill Station,Utilized Off Route,8,16,W/B,3310
2019-12-17,160,18:37:00,Tuesday,Wilson stn,Vision,23,46,N/B,8158
2019-12-17,52,18:39:00,Tuesday,Lawrence West Station,General Delay,12,24,EB,8361
2019-12-17,924,18:59:00,Tuesday,VICTORIA PARK and Consumers,Investigation,10,20,S/B,8963
2019-12-17,26,19:20:00,Tuesday,Dupont and Bedford,Diversion,488,492,B/W,
2019-12-17,41,19:22:00,Tuesday,Pioneer stn,Mechanical,15,30,S/B,9045
2019-12-17,6,19:30:00,Tuesday,Davenport and Bedford,Diversion,360,370,S/B,
2019-12-17,34,19:40:00,Tuesday,Lebovic and Eglinton,Mechanical,7,14,E/B,8691
2019-12-17,34,19:40:00,Tuesday,Donmills and Eglinton,Mechanical,7,14,W/B,8754
2019-12-17,131,19:42:00,Tuesday,Morning Side and Morningview trail,Mechanical,10,19,E/B,1326
2019-12-17,24,19:55:00,Tuesday,VICTORIA PARK and Surrey,Diversion,44,53,N/B,
2019-12-17,72,20:00:00,Tuesday,Bay/Front to Pape station,General Delay,10,20,B/W,
2019-12-17,63,20:10:00,Tuesday,Eglinton west Station,Mechanical,10,20,S/B,8103
2019-12-17,29,20:12:00,Tuesday,Wilson Station,Mechanical,10,20,S/B,9031
2019-12-17,51,20:20:00,Tuesday,Sheppard and Leslie,Diversion,35,50,N/B,
2019-12-17,32,20:40:00,Tuesday,Pine / Lawrence,Mechanical,10,20,E/B,1005
2019-12-17,41,20:40:00,Tuesday,On Keele from Ingram to Flamborough,Diversion,61,77,S/B,9014
2019-12-17,39,22:20:00,Tuesday,Brimley and Finch,Investigation,10,20,W/B,3475
2019-12-17,34,23:45:00,Tuesday,Kennedy Stn,Emergency Services,11,22,W/B,8675
2019-12-17,111,23:50:00,Tuesday,Kipling Stn,Investigation,24,48,W/B,8602
2019-12-17,96,2019-12-16,Tuesday,Wilson Station,Investigation,,,,
2019-12-18,72,00:25:00,Wednesday,Commissioners and Logan,Mechanical,18,36,W/B,8524
2019-12-18,54,01:15:00,Wednesday,Eglinton and Brentcliffe,Mechanical,25,50,WB,8721
2019-12-18,35,01:45:00,Wednesday,Pioneer Village Station,Mechanical,13,26,S/B,3630
2019-12-18,35,02:05:00,Wednesday,Jane and Sheppard,Mechanical,4,8,SB,3630
2019-12-18,320,02:45:00,Wednesday,Yonge and davenport.,Mechanical,3,7,S/B,8186
2019-12-18,320,02:52:00,Wednesday,Yonge and William carson cres,Emergency Services,4,7,N/B,8327
2019-12-18,300,03:21:00,Wednesday,Kennedy Stn,Emergency Services,1,1,E/B,8612
2019-12-18,335,04:22:00,Wednesday,Jane and Harding,Emergency Services,30,60,N/B,3220
2019-12-18,47,04:32:00,Wednesday,Earlscourt loop,Late Leaving Garage - Operator,30,30,S/B,1254
2019-12-18,6,05:07:00,Wednesday,Davenport and Bedford,Diversion,60,80,S/B,
2019-12-18,7,05:11:00,Wednesday,Greenwin Village and Steeles,Late Leaving Garage - Operator,27,54,S/B,8384
2019-12-18,129,05:24:00,Wednesday,Steeles Loop at McCowan,Late Leaving Garage - Mechanical,14,1,S/B,3422
2019-12-18,67,05:30:00,Wednesday,Egl;inton Yard,Mechanical,0,0,O/B,8801
2019-12-18,986,05:37:00,Wednesday,Eglinton Yard,Mechanical,0,0,O/B,8791
2019-12-18,26,05:40:00,Wednesday,Davenport and Bedford,Diversion,140,154,B/W,
2019-12-18,116,05:46:00,Wednesday,EglintonYArd,Mechanical,0,0,O/B,8731
2019-12-18,165,05:47:00,Wednesday,York Mills Station,Late Leaving Garage - Mechanical,6,12,W/B,3703
2019-12-18,132,05:55:00,Wednesday,Sewells and Brenyon Way,Late Leaving Garage - Management,12,36,E/B,1404
2019-12-18,106,05:55:00,Wednesday,Wilson garage,Late Leaving Garage - Mechanical,13,43,W/B,8377
2019-12-18,90,05:57:00,Wednesday,Oakwood and Vaughan,Late Leaving Garage - Mechanical,5,10,W/B,8386
2019-12-18,98,05:59:00,Wednesday,Yonge and steeles loop,Late Leaving Garage - Mechanical,16,16,S/B,8215
2019-12-18,32,06:04:00,Wednesday,Scarlett and Eglinton,Mechanical,8,15,E/B,1114
2019-12-18,6,06:09:00,Wednesday,Davenport and Dupont,Late Leaving Garage - Mechanical,5,10,N/B,1096
2019-12-18,39,06:09:00,Wednesday,Victoria Park,Late Leaving Garage - Mechanical,13,26,W/B,3403
2019-12-18,6,06:19:00,Wednesday,Dupont and Davenport,Late Leaving Garage - Mechanical,5,10,S/B,1096
2019-12-18,36,06:24:00,Wednesday,Finch west stn,Vision,9,13,E/B,3585
2019-12-18,44,06:45:00,Wednesday,Colonel Sam Smith Loop,Investigation,7,14,N/B,8098
2019-12-18,89,06:48:00,Wednesday,ALBION AND WESTON,Mechanical,7,14,S/B,1305
2019-12-18,35,06:50:00,Wednesday,Pioneer Village Stn,Mechanical,9,19,S/B,3275
2019-12-18,952,06:58:00,Wednesday,Lawrence Station,Mechanical,11,22,W/B,8354
2019-12-18,32,07:11:00,Wednesday,Eglinton West Station,Mechanical,7,14,W/B,1260
2019-12-18,939,07:25:00,Wednesday,Brimley and Finch,Investigation,8,15,E/B,1676
2019-12-18,133,07:27:00,Wednesday,Neilson and Ellesmere,Investigation,11,22,N/B,3492
2019-12-18,113,07:29:00,Wednesday,main stn,Mechanical,12,24,E/B,3133
2019-12-18,100,07:45:00,Wednesday,Don Mills and Wynford,Mechanical,4,7,N/B,8928
2019-12-18,939,08:00:00,Wednesday,STC,Mechanical,8,17,W/B,3506
2019-12-18,32,08:03:00,Wednesday,Locksley and Eglinton,Investigation,11,23,W/B,1273
2019-12-18,118,08:12:00,Wednesday,Elmhurst and Albion,Investigation,20,40,W/B,3343
2019-12-18,31,08:39:00,Wednesday,Dorothy and Hiltz,Investigation,13,26,N/B,9216
2019-12-18,35,08:40:00,Wednesday,Jane and Finch,Mechanical,5,10,S/B,3271
2019-12-18,70,08:45:00,Wednesday,Between Coxwell Stn and 1: Pharmacy/Craigton 2:Warden Stn,General Delay,17,26,B/W,
2019-12-18,125,08:45:00,Wednesday,Drewry and Peckford,Investigation,8,16,E/B,8156
2019-12-18,42,08:50:00,Wednesday,Finch Station,Mechanical,0,0,E/B,8301
2019-12-18,116,08:55:00,Wednesday,Morningsise/McLevine,Investigation,7,13,W/B,8898
2019-12-18,903,09:00:00,Wednesday,Brimley and Eglinton,Investigation,8,16,S/B,3498
2019-12-18,7,09:02:00,Wednesday,Coverington and Bathurst,Mechanical,8,16,S/B,8191
2019-12-18,995,09:03:00,Wednesday,University of Scarb. Coll. Loop,Mechanical,9,18,W/B,1565
2019-12-18,600,09:09:00,Wednesday,Finch station,Investigation,0,0,E/B,3499
2019-12-18,945,09:38:00,Wednesday,Kipling/Rowntree,Investigation,6,12,S/B,8024
2019-12-18,122,09:47:00,Wednesday,York Mills Station,Mechanical,17,34,E/B,8334
2019-12-18,52,09:49:00,Wednesday,Lawrence West Station,Mechanical,15,30,E/B,1328
2019-12-18,54,09:50:00,Wednesday,Lawrence and Flerimac,Investigation,7,18,W/B,8702
2019-12-18,63,09:52:00,Wednesday,Ossington and Davenport,Investigation,4,8,S/B,8334
2019-12-18,94,10:09:00,Wednesday,Welleseley Station,Investigation,15,30,E/B,1142
2019-12-18,32,10:40:00,Wednesday,Eglinton W Station,Mechanical,11,22,E/B,1075
2019-12-18,29,10:53:00,Wednesday,Rogers and Dufferin,Investigation,7,15,N/B,9018
2019-12-18,60,10:55:00,Wednesday,Finch Station,Mechanical,6,12,W/B,3240
2019-12-18,52,11:02:00,Wednesday,Westway and Treehorne,Investigation,14,28,W/B,8361
2019-12-18,79,11:11:00,Wednesday,Runnymede and Bloor,Mechanical,11,22,N/B,1015
2019-12-18,63,11:20:00,Wednesday,St Clair and Oakwood,Emergency Services,5,11,S/B,8118
2019-12-18,76,11:27:00,Wednesday,Royal York Station,Investigation,10,20,S/B,8458
2019-12-18,939,11:27:00,Wednesday,Warden,Mechanical,9,17,W/B,1655
2019-12-18,76,11:39:00,Wednesday,Lakeshore Blvd W and Mimico,Mechanical,10,20,S/B,7917
2019-12-18,54,11:57:00,Wednesday,Lawrence and Railside,Investigation,11,23,E/B,8886
2019-12-18,39,12:00:00,Wednesday,39 Finch Route-All Branch,General Delay,16,32,B/W,3529
2019-12-18,939,12:00:00,Wednesday,939 Finch Express-All Branch,General Delay,14,28,B/W,1207
2019-12-18,97,12:16:00,Wednesday,Yonge/Lawrence,Mechanical,20,40,S/B,1250
2019-12-18,53,12:17:00,Wednesday,Steeles / Middlefield,Investigation,5,12,W/B,1306
2019-12-18,70,13:00:00,Wednesday,Entire route,General Delay,15,23,W/B,
2019-12-18,75,13:03:00,Wednesday,South Dr/Glen Rd,Mechanical,8,15,S/B,8394
2019-12-18,64,14:00:00,Wednesday,Main stn,General Delay,15,30,E/B,
2019-12-18,927,14:00:00,Wednesday,Martingrove and Albion,Investigation,6,12,N/B,3564
2019-12-18,929,14:23:00,Wednesday,Springhurst loop,Vision,10,20,N/B,9137
2019-12-18,129,14:30:00,Wednesday,Scarburough Town Ceneter,Mechanical,7,10,N/B,3460
2019-12-18,71,14:35:00,Wednesday,Mt.Dennis Garage,Mechanical,14,27,N/B,1410
2019-12-18,94,14:41:00,Wednesday,Castle Frank Stn,Mechanical,15,32,W/B,1139
2019-12-18,32,14:44:00,Wednesday,Emmett,Late Leaving Garage - Mechanical,25,40,W/B,1516
2019-12-18,88,14:45:00,Wednesday,St. Clair Station,Late Leaving Garage - Mechanical,15,30,E/B,8328
2019-12-18,34,14:50:00,Wednesday,Eglinton Yard,Mechanical,0,0,OB,8807
2019-12-18,116,14:55:00,Wednesday,Eglinton Yard,Mechanical,0,0,OB,8735
2019-12-18,96,14:55:00,Wednesday,Wilson Stn,Mechanical,12,24,,3590
2019-12-18,91,15:00:00,Wednesday,Entire route,General Delay,10,25,W/B,
2019-12-18,70,15:00:00,Wednesday,Eglinton Yard,Mechanical,0,0,OB,8900
2019-12-18,25,15:03:00,Wednesday,Eglinton Yard,Mechanical,0,0,OB,8674
2019-12-18,108,15:07:00,Wednesday,Arrow rd Division,Late Leaving Garage - Mechanical,6,12,N/B,3326
2019-12-18,42,15:08:00,Wednesday,Finch Station,Late Leaving Garage - Operator,14,29,NB,8107
2019-12-18,85,15:10:00,Wednesday,Sheppard and Warden,Mechanical,30,45,E/B,3420
2019-12-18,952,15:20:00,Wednesday,Terminal 3,Mechanical,12,24,E/B,1215
2019-12-18,108,15:22:00,Wednesday,Sheppard wstn,Mechanical,8,16,N/B,3358
2019-12-18,79,15:35:00,Wednesday,High Park Stn,Mechanical,17,34,N/B,1350
2019-12-18,53,15:35:00,Wednesday,Yonge / Drewry,Investigation,5,10,S/B,9064
2019-12-18,106,15:36:00,Wednesday,Sheppard west station,Mechanical,11,22,N/B,8377
2019-12-18,38,15:39:00,Wednesday,Military Tr/Bobmar Dr,Mechanical,13,26,W/B,1292
2019-12-18,941,15:44:00,Wednesday,Mt Dennis garage,Late Leaving Garage - Mechanical,15,30,S/B,1202
2019-12-18,66,15:45:00,Wednesday,Marine Parade,Mechanical,9,18,N/B,8013
2019-12-18,98,15:49:00,Wednesday,Willowdale and Bishop,Diversion,23,38,W/B,
2019-12-18,57,15:52:00,Wednesday,Lawrence,Mechanical,8,16,N/B,8681
2019-12-18,23,16:00:00,Wednesday,DAWES / Main Station,General Delay,7,14,B/W,
2019-12-18,32,16:08:00,Wednesday,Renforth Station,Mechanical,10,19,E/B,1361
2019-12-18,97,16:20:00,Wednesday,yonge and montgomery,Investigation,30,60,S/B,8364
2019-12-18,41,16:35:00,Wednesday,Finch / Keele,Mechanical,12,24,N/B,9101
2019-12-18,29,16:43:00,Wednesday,Eglinton / Dufferin,Investigation,8,16,S/B,9019
2019-12-18,706,16:52:00,Wednesday,Warden STN,Utilized Off Route,1,1,,9209
2019-12-18,129,16:58:00,Wednesday,Major Mackenzie and McCowan,Investigation,17,34,N/B,3422
2019-12-18,53,16:58:00,Wednesday,markham road,Mechanical,5,10,E/B,9093
2019-12-18,100,17:00:00,Wednesday,Broadview Stn,Utilized Off Route,7,14,E/B,8644
2019-12-18,87,17:07:00,Wednesday,Main Stn,Utilized Off Route,6,13,W/B,8496
2019-12-18,7,17:08:00,Wednesday,Bathurst stn,Utilized Off Route,8,16,N/B,8177
2019-12-18,600,17:09:00,Wednesday,Eglinton station,Utilized Off Route,1,1,bw,1345
2019-12-18,927,17:12:00,Wednesday,Royalcrest,Mechanical,6,12,N/B,3649
2019-12-18,600,17:12:00,Wednesday,Lawrence Station,Utilized Off Route,1,1,WB,8307
2019-12-18,600,17:12:00,Wednesday,Eglinton station,Utilized Off Route,1,1,bw,1027
2019-12-18,719,17:12:00,Wednesday,Lansdowne station,Utilized Off Route,1,1,bw,1109
2019-12-18,600,17:13:00,Wednesday,Eglinton West Station,Utilized Off Route,1,1,bw,1205
2019-12-18,144,17:20:00,Wednesday,DWNT DON VALLEY EXP,Utilized Off Route,20,40,E/B,8760
2019-12-18,939,17:24:00,Wednesday,STC Station,Investigation,12,24,N/B,1308
2019-12-18,600,17:25:00,Wednesday,Lawrence West Station,Mechanical,1,1,W/B,1241
2019-12-18,606,17:30:00,Wednesday,RAD / DWNT DON VALLEY EXP,Utilized Off Route,20,40,E/B,8556
2019-12-18,706,17:34:00,Wednesday,Woodbine station,Utilized Off Route,1,1,bw,3156
2019-12-18,32,17:42:00,Wednesday,Keele and Eglinton,Mechanical,10,19,W/B,1130
2019-12-18,39,17:43:00,Wednesday,Finch Station,Mechanical,13,26,E/B,3529
2019-12-18,63,17:45:00,Wednesday,Atlantic and King,Utilized Off Route,10,20,N/B,1253
2019-12-18,89,17:47:00,Wednesday,Weston Rd and Albion,Mechanical,10,20,S/B,1006
2019-12-18,24,17:53:00,Wednesday,VICTORIA PARK and Biscayne,Investigation,18,36,S/B,3124
2019-12-18,144,18:00:00,Wednesday,DWNT DON VALLEY EXP,General Delay,20,40,E/B,
2019-12-18,36,18:35:00,Wednesday,Milvan,Investigation,18,36,E/B,3247
2019-12-18,36,18:35:00,Wednesday,Milvan /Penn,Diversion,21,57,E/B,3247
2019-12-18,6,18:38:00,Wednesday,Davenport/Dupont,Mechanical,7,15,S/B,3729
2019-12-18,939,18:40:00,Wednesday,Pineway and Finch,Investigation,14,28,E/B,3474
2019-12-18,47,18:40:00,Wednesday,Yorkdale Stn,Utilized Off Route,21,49,S/B,1066
2019-12-18,47,18:55:00,Wednesday,York Dale stn,Mechanical,11,11,S/B,1595
2019-12-18,12,19:00:00,Wednesday,KINGSTON / Victoria Park Station,Mechanical,0,0,S/B,8498
2019-12-18,87,19:01:00,Wednesday,Broadview station,Mechanical,11,22,E/B,9226
2019-12-18,606,19:13:00,Wednesday,RAD - Broadview Station,Utilized Off Route,1,1,B/W,8556
2019-12-18,606,19:15:00,Wednesday,RAD - Main Station,Utilized Off Route,1,1,B/W,8471
2019-12-18,7,19:17:00,Wednesday,Bathurst stn,Utilized Off Route,8,16,N/B,8374
2019-12-18,100,19:18:00,Wednesday,Broadview station,Utilized Off Route,10,19,N/B,8894
2019-12-18,600,19:19:00,Wednesday,Lawrence Station,Utilized Off Route,1,1,WB,8353
2019-12-18,7,19:20:00,Wednesday,Bathurst stn,Utilized Off Route,8,16,N/B,1387
2019-12-18,60,19:21:00,Wednesday,Steels Loop West of Martin Grove,Mechanical,11,22,EB,3193
2019-12-18,108,19:29:00,Wednesday,Sheppard / Bus roadway,Mechanical,11,22,N/B,3648
2019-12-18,954,19:30:00,Wednesday,Kingston rd and Celeste,Investigation,0,0,W/B,8851
2019-12-18,84,19:43:00,Wednesday,Weston raod and Bradstock,Mechanical,8,16,EB,3229
2019-12-18,41,19:54:00,Wednesday,keele stn,Utilized Off Route,15,30,N/B,9022
2019-12-18,168,19:59:00,Wednesday,Dundas and Bloor,Diversion,5,11,E/B,1046
2019-12-18,53,20:17:00,Wednesday,Finch station,Mechanical,5,10,E/B,3459
2019-12-18,29,20:26:00,Wednesday,Wilson Station,Mechanical,8,16,S/B,9030
2019-12-18,89,20:51:00,Wednesday,Keele and St Claire,Investigation,10,20,S/B,1113
2019-12-18,6,20:52:00,Wednesday,Queens Quay,Mechanical,15,30,N/B,1062
2019-12-18,76,21:11:00,Wednesday,Mimico and Lakeshore,Utilized Off Route,10,20,N/B,8450
2019-12-18,96,21:13:00,Wednesday,Elmhurst and Muncy,Investigation,20,40,E/B,3360
2019-12-18,29,21:23:00,Wednesday,Springhurst Loop,Utilized Off Route,8,16,N/B,9041
2019-12-18,35,21:23:00,Wednesday,JANE STATION,Utilized Off Route,9,18,N/B,3316
2019-12-18,32,21:30:00,Wednesday,Martingrove and Eglinton,Mechanical,11,22,E/B,1079
2019-12-18,39,21:31:00,Wednesday,Finch Station,Mechanical,23,46,WB,3403
2019-12-18,79,21:40:00,Wednesday,runnymede station,Utilized Off Route,15,30,N/B,1058
2019-12-18,95,21:45:00,Wednesday,dvp and york mills,Mechanical,7,14,W/B,3496
2019-12-18,935,22:08:00,Wednesday,jane and spenvalley,Mechanical,9,18,N/B,3619
2019-12-18,32,22:16:00,Wednesday,ESTN,Mechanical,10,20,W/B,1104
2019-12-18,7,22:30:00,Wednesday,Bathurst and Drewy,Investigation,8,16,S/B,8100
2019-12-18,44,22:59:00,Wednesday,Colonel Samuel Smith Park Loop,Utilized Off Route,10,20,N/B,8417
2019-12-18,45,23:06:00,Wednesday,Kipling Station,Utilized Off Route,10,20,N/B,8437
2019-12-18,111,23:50:00,Wednesday,Kipling Stn,Investigation,24,48,W/B,8602
2019-12-19,80,00:57:00,Thursday,Sherway Gardens,Emergency Services,30,1,E/B,8426
2019-12-19,45,01:19:00,Thursday,Kipling and Beaconhill,Emergency Services,10,20,N/B,8070
2019-12-19,11,01:51:00,Thursday,Steeles/bayview,Emergency Services,1,1,S/B,8165
2019-12-19,116,04:01:00,Thursday,Eastmall and bloor,Investigation,20,40,W/B,8766
2019-12-19,85,04:50:00,Thursday,Malvern division,Late Leaving Garage - Operator,30,60,E/B,3410
2019-12-19,29,05:06:00,Thursday,Wilson Station,Mechanical,9,18,S/B,9022
2019-12-19,7,05:14:00,Thursday,Greenwin village and Steeles,Late Leaving Garage - Mechanical,10,20,S/B,1375
2019-12-19,329,05:14:00,Thursday,Dufferin and King,Mechanical,0,0,S/B,9029
2019-12-19,107,05:17:00,Thursday,Pioneer Village Station,Late Leaving Garage - Operator,19,38,S/B,3351
2019-12-19,95,05:29:00,Thursday,Kingston Cul De Sac,Mechanical,7,16,W/B,1386
2019-12-19,131,05:29:00,Thursday,Morningview and Morningside,Late Leaving Garage - Operator,9,18,W/B,3465
2019-12-19,32,05:40:00,Thursday,Eglinton Station,Late Leaving Garage - Management,10,20,E/B,1267
2019-12-19,50,05:45:00,Thursday,Islington Station,Mechanical,13,1,W/B,8440
2019-12-19,47,05:50:00,Thursday,Queen and Lansdowne,Mechanical,5,10,N/B,1026
2019-12-19,929,05:58:00,Thursday,Dufferin and Lawrence,Late Leaving Garage - Mechanical,9,18,N/B,9041
2019-12-19,7,05:59:00,Thursday,Bathurst and Wilson,Late Leaving Garage - Operator,5,10,S/B,8125
2019-12-19,32,06:04:00,Thursday,Eglinton Station,Mechanical,6,12,W/B,1136
2019-12-19,929,06:07:00,Thursday,Dufferin and Lawrence,Late Leaving Garage - Mechanical,9,18,N/B,9026
2019-12-19,36,06:12:00,Thursday,Arrow garage POD Finch   w stn,Late Leaving Garage - Mechanical,17,34,W/B,3707
2019-12-19,29,06:14:00,Thursday,Dufferin and Lawrence,Late Leaving Garage - Operator,7,14,N/B,9144
2019-12-19,986,06:17:00,Thursday,Kennedy Station,Late Leaving Garage - Mechanical,5,10,E/B,8725
2019-12-19,59,06:19:00,Thursday,Uphill and Woodward,Mechanical,30,60,N/B,3352
2019-12-19,939,06:23:00,Thursday,Malvern garage POD Morningside and Nightstar,Late Leaving Garage - Operator,,,W/B,3458
2019-12-19,39,06:27:00,Thursday,Malvern garage POD Old Finch and Velley centre,Late Leaving Garage - Mechanical,5,,W/B,3483
2019-12-19,94,06:30:00,Thursday,wellesley & parliament,Mechanical,15,30,E/B,1269
2019-12-19,32,06:33:00,Thursday,Keele and Eglinton,Late Leaving Garage - Mechanical,4,8,E/B,1549
2019-12-19,122,06:42:00,Thursday,York Mills stn,Late Leaving Garage - Operator,9,18,E/B,8314
2019-12-19,66,06:45:00,Thursday,Oldmill Station,Mechanical,10,20,S/B,8415
2019-12-19,989,06:57:00,Thursday,KEELE STN,Mechanical,14,28,N/B,1059
2019-12-19,960,07:02:00,Thursday,Pioneer Village Station,Mechanical,10,20,E/B,3212
2019-12-19,939,07:05:00,Thursday,Malvern garage POD Scarborough town centre,Late Leaving Garage - Mechanical,7,15,W/B,1565
2019-12-19,32,07:09:00,Thursday,Renforth Station,Mechanical,7,14,E/B,1076
2019-12-19,937,07:10:00,Thursday,Islington Ave at Elmhurst Dr,Mechanical,12,23,N/B,7920
2019-12-19,68,07:28:00,Thursday,Angus Glen Centre,Mechanical,23,46,S/B,8732
2019-12-19,941,07:38:00,Thursday,Finch West Station,Vision,15,30,S/B,9027
2019-12-19,47,07:40:00,Thursday,Lansdowne and Seaforth,Mechanical,5,9,S/B,1348
2019-12-19,710,07:50:00,Thursday,Kennedy Station,Utilized Off Route,1,1,W/B,8712
2019-12-19,53,08:15:00,Thursday,On Steeles between Kennedy / Midland,Diversion,60,65,W/B,1656
2019-12-19,43,08:20:00,Thursday,Steeles Ave E / Kennedy,Diversion,58,68,N/B,8686
2019-12-19,954,08:31:00,Thursday,Birchmount and Lawrence,Investigation,1,1,W/B,8731
2019-12-19,925,08:34:00,Thursday,Don Mills Stn,Mechanical,9,18,S/B,8849
2019-12-19,945,08:35:00,Thursday,Kipling Station,General Delay,35,41,B/W,
2019-12-19,112,08:35:00,Thursday,Kipling Station,General Delay,35,42,B/W,
2019-12-19,944,08:35:00,Thursday,Kipling Station,General Delay,35,42,B/W,
2019-12-19,45,08:35:00,Thursday,Kipling Station,General Delay,35,46,B/W,
2019-12-19,927,08:35:00,Thursday,KIPLING STN,Mechanical,7,14,N/B,3580
2019-12-19,68,09:39:00,Thursday,Warden and 14th Ave,Investigation,36,66,N/B,8947
2019-12-19,36,10:10:00,Thursday,Finch west stn,Mechanical,5,10,W/B,3599
2019-12-19,60,10:28:00,Thursday,Finch Station,Mechanical,0,0,N/B,3310
2019-12-19,52,10:40:00,Thursday,Lawrence West Station,Mechanical,13,26,W/B,1296
2019-12-19,17,11:00:00,Thursday,Birchmount & Finch,Mechanical,17,35,N/B,8527
2019-12-19,68,11:05:00,Thursday,Warden and Manhattan,Investigation,24,36,S/B,8852
2019-12-19,70,11:22:00,Thursday,Woodbine and Oconnor,Investigation,18,36,E/B,8706
2019-12-19,189,11:25:00,Thursday,Keele/Dundas,Investigation,25,50,S/B,8455
2019-12-19,45,11:30:00,Thursday,Kipling Station,Mechanical,10,20,S/B,8446
2019-12-19,26,11:54:00,Thursday,Dupont and Durie,Investigation,20,40,E/B,1091
2019-12-19,41,12:00:00,Thursday,Keele stn / Pioneer stn,General Delay,17,29,B/W,
2019-12-19,939,12:00:00,Thursday,939 Finch Express-All Branch,General Delay,14,28,B/W,1533
2019-12-19,23,12:00:00,Thursday,Main st,General Delay,10,20,S/B,
2019-12-19,11,12:00:00,Thursday,Entire route,General Delay,13,43,B/W,
2019-12-19,34,12:00:00,Thursday,Entire Route,General Delay,6,31,B/W,
2019-12-19,160,12:00:00,Thursday,Wilson stn / Clarke,General Delay,15,25,B/W,
2019-12-19,39,12:00:00,Thursday,39 Finch Route-All Branch,General Delay,16,32,B/W,3504
2019-12-19,96,12:03:00,Thursday,Wilson Stn,Investigation,12,24,E/B,3190
2019-12-19,118,12:17:00,Thursday,Thistledown and Albion,Emergency Services,25,50,E/B,3652
2019-12-19,53,12:18:00,Thursday,Steeles / Middlefield,Mechanical,5,9,E/B,3418
2019-12-19,45,12:19:00,Thursday,Kipling Station,Mechanical,20,40,S/B,8060
2019-12-19,29,12:20:00,Thursday,Princessgate / Wilson stn,General Delay,10,20,B/W,
2019-12-19,54,12:23:00,Thursday,Lawrence and Victoria Park,Investigation,12,24,E/B,8826
2019-12-19,95,12:24:00,Thursday,Markham/ Ellesmere,Mechanical,20,40,E/B,3500
2019-12-19,96,12:30:00,Thursday,Wilson route,General Delay,37,25,B/W,
2019-12-19,706,12:30:00,Thursday,Victoria Park Station,Utilized Off Route,1,1,W/B,9231
2019-12-19,53,12:30:00,Thursday,Entire Route,General Delay,18,36,BW,
2019-12-19,165,12:30:00,Thursday,Weston Road Route,General Delay,20,32,,
2019-12-19,102,12:32:00,Thursday,Markham Rd/Nugget Ave,Mechanical,10,20,SB,8524
2019-12-19,87,12:32:00,Thursday,East York Acres,Diversion,11,22,W/B,3169
2019-12-19,706,12:35:00,Thursday,Main Station,Utilized Off Route,1,1,W/B,8559
2019-12-19,39,12:37:00,Thursday,Finch Station,Mechanical,16,32,E/B,3445
2019-12-19,600,12:41:00,Thursday,Birchmount Garage,Utilized Off Route,1,1,W/B,3119
2019-12-19,600,12:43:00,Thursday,Eglinton Garage,Utilized Off Route,1,1,W/B,8780
2019-12-19,41,12:43:00,Thursday,Murryross / Sentinel,Investigation,12,24,N/B,1555
2019-12-19,600,12:45:00,Thursday,Warden STN,Utilized Off Route,1,1,,8534
2019-12-19,124,13:00:00,Thursday,Sunnybrooke to Roe Loop,General Delay,25,35,B/W,
2019-12-19,54,13:00:00,Thursday,Eglinton Station to all branches,General Delay,30,40,B/W,
2019-12-19,118,13:00:00,Thursday,Wilson Station,Mechanical,25,45,E/B,3216
2019-12-19,929,13:00:00,Thursday,Exhibition loop / Wilson stn,General Delay,10,20,B/W,
2019-12-19,118,13:10:00,Thursday,Wilson Station,Mechanical,25,45,E/B,3216
2019-12-19,52,13:30:00,Thursday,Whole Route,General Delay,20,25,B/W,
2019-12-19,168,14:00:00,Thursday,Bothways along the route,General Delay,20,28,B/W,
2019-12-19,5,14:00:00,Thursday,Entire route,General Delay,30,60,B/W,
2019-12-19,89,14:00:00,Thursday,Bothways along the route.,General Delay,20,30,B/W,
2019-12-19,116,14:00:00,Thursday,Kennedy Station,Mechanical,10,20,E/B,8691
2019-12-19,40,14:00:00,Thursday,Bothways along the route,General Delay,15,25,B/W,
2019-12-19,54,14:10:00,Thursday,Lawrence Ave. E and Starspray Blvd,Late Leaving Garage - Mechanical,10,20,W/B,8791
2019-12-19,7,14:20:00,Thursday,Bathurst stn,Utilized Off Route,8,16,N/B,8316
2019-12-19,76,14:20:00,Thursday,Royal York stn,Utilized Off Route,10,20,S/B,8463
2019-12-19,935,14:22:00,Thursday,Jane stn,Utilized Off Route,10,19,N/B,3245
2019-12-19,26,14:22:00,Thursday,St George stn,Utilized Off Route,9,18,E/B,1357
2019-12-19,52,14:28:00,Thursday,Royalyork and Westway,Utilized Off Route,14,28,E/B,8363
2019-12-19,41,14:29:00,Thursday,Keele stn,Utilized Off Route,12,24,N/B,9023
2019-12-19,135,14:29:00,Thursday,Gerrard St E/Pickering St,Utilized Off Route,20,40,W/B,9209
2019-12-19,135,14:29:00,Thursday,Gerrard St E/Pickering St,Diversion,61,81,B/W,
2019-12-19,71,14:30:00,Thursday,Southport/Windermere,Utilized Off Route,14,19,N/B,1418
2019-12-19,71,14:30:00,Thursday,Runnymede Stn.,Utilized Off Route,9,18,S/B,1055
2019-12-19,7,14:30:00,Thursday,Bathurst stn,Utilized Off Route,7,14,N/B,8145
2019-12-19,35,14:32:00,Thursday,Jane Stn,Utilized Off Route,7,14,N/B,3295
2019-12-19,89,14:32:00,Thursday,Keele Staiton,Utilized Off Route,11,22,S/B,1325
2019-12-19,41,14:33:00,Thursday,keele stn,Utilized Off Route,12,24,N/B,9146
2019-12-19,7,14:33:00,Thursday,Bathurst stn,Utilized Off Route,7,14,N/B,8136
2019-12-19,84,14:35:00,Thursday,Pioneer Village Station,Late Leaving Garage - Operator,31,62,E/B,3335
2019-12-19,171,14:39:00,Thursday,Mt Dennis traffic office,Emergency Services,20,1,,1422
2019-12-19,53,14:40:00,Thursday,Steeles / Warden,Investigation,5,11,W/B,1579
2019-12-19,165,14:44:00,Thursday,Weston Road and Finch,Mechanical,12,24,N/B,3325
2019-12-19,76,15:00:00,Thursday,Entire Route,General Delay,20,25,B/W,
2019-12-19,73,15:00:00,Thursday,Entire Route,General Delay,25,35,B/W,
2019-12-19,37,15:00:00,Thursday,Entire Route,General Delay,25,35,B/W,
2019-12-19,17,15:10:00,Thursday,Birchmount Rd/Lawrence Ave E,Mechanical,13,26,S/B,8580
2019-12-19,95,15:15:00,Thursday,Ellesmere/Principal,Emergency Services,20,40,W/B,3474
2019-12-19,133,15:16:00,Thursday,Markham and Ellesmere,Investigation,7,14,E/B,3537
2019-12-19,21,15:19:00,Thursday,Brimley and Sheppard,Investigation,6,20,N/B,1676
2019-12-19,11,15:23:00,Thursday,Sunnybrook Hospital,Late Leaving Garage - Mechanical,12,28,S/B,8324
2019-12-19,924,15:23:00,Thursday,victoria park stn,Late Leaving Garage - Mechanical,10,20,S/B,8581
2019-12-19,995,15:25:00,Thursday,Scarb. College Loop,Utilized Off Route,10,20,W/B,3413
2019-12-19,34,15:25:00,Thursday,Eglinton yard,Mechanical,0,0,OB,8679
2019-12-19,935,15:30:00,Thursday,Jane Stn to Pioneer Village,General Delay,270,280,B/W,
2019-12-19,122,15:30:00,Thursday,York Mills Station to Roywood,General Delay,15,30,B/W,
2019-12-19,109,15:30:00,Thursday,Eglinton West Station to Neptune,General Delay,15,30,B/W,
2019-12-19,85,15:30:00,Thursday,Sheppard and Victoria Park,General Delay,25,32,B/W,
2019-12-19,35,15:30:00,Thursday,Jane stn to Pioneer village,General Delay,270,280,B/W,
2019-12-19,39,15:30:00,Thursday,Finch Station,Late Leaving Garage - Operator,15,30,W/B,1294
2019-12-19,95,15:30:00,Thursday,York Mills Station to Kingston Road,General Delay,15,25,B/W,
2019-12-19,97,15:30:00,Thursday,Queen's Quay to Steeles,General Delay,20,40,B/W,
2019-12-19,985,15:30:00,Thursday,Sheppard and Victoria Park,General Delay,25,35,B/W,
2019-12-19,935,15:35:00,Thursday,Pioneer Village to Jane stn,Vision,1,1,S/B,3631
2019-12-19,954,15:38:00,Thursday,Lawrence Ave. E and Starspray Blvd,Late Leaving Garage - Mechanical,11,22,W/B,8649
2019-12-19,941,15:40:00,Thursday,Keele stn / Finch wstn,General Delay,14,29,B/W,
2019-12-19,34,15:48:00,Thursday,Eglinton Station,Late Leaving Garage - Vision,6,13,E/B,8745
2019-12-19,116,16:00:00,Thursday,Kennedy Station to Huntington,General Delay,20,26,B/W,
2019-12-19,5,16:00:00,Thursday,Queens park circle at Treasury,Diversion,20,185,S/B,
2019-12-19,905,16:00:00,Thursday,Kennedy Station to Huntington,General Delay,20,9,B/W,
2019-12-19,23,16:00:00,Thursday,DAWES / Main Station,General Delay,7,14,B/W,
2019-12-19,952,16:00:00,Thursday,Lawrence Station,General Delay,12,24,BW,1204
2019-12-19,144,16:00:00,Thursday,DWNT DON VALLEY EXP,General Delay,20,40,B/W,
2019-12-19,24,16:00:00,Thursday,VICTORIA PARK / Victoria Park Station,General Delay,9,18,B/W,
2019-12-19,20,16:00:00,Thursday,CLIFFESIDE / Main Station / Kennedy Station,General Delay,14,28,B/W,
2019-12-19,86,16:00:00,Thursday,Kennedy Station to Huntington,General Delay,20,32,B/W,
2019-12-19,143,16:00:00,Thursday,DWNT BEACH EXP,General Delay,15,30,B/W,
2019-12-19,986,16:00:00,Thursday,Kennedy Station to Huntington,General Delay,20,30,B/W,
2019-12-19,12,16:00:00,Thursday,KINGSTON / Victoria Park Station / Kennedy Station,General Delay,20,40,B/W,
2019-12-19,46,16:10:00,Thursday,Martingrove and Rexdale,Mechanical,11,22,N/B,3267
2019-12-19,85,16:15:00,Thursday,Sheppard and Yonge,Investigation,17,34,W/B,3410
2019-12-19,52,16:30:00,Thursday,Lawrence and Keele,Emergency Services,21,42,WB,1363
2019-12-19,35,16:40:00,Thursday,Gilespur and Jane,Investigation,10,20,N/B,3184
2019-12-19,984,16:43:00,Thursday,Sheppard West Station,Mechanical,11,22,W/B,3590
2019-12-19,34,16:45:00,Thursday,Kennedy station,Mechanical,7,13,W/B,8724
2019-12-19,935,16:45:00,Thursday,Jane Stn,Mechanical,10,20,N/B,3528
2019-12-19,35,16:55:00,Thursday,St.Clair and Jane,Investigation,10,20,N/B,3242
2019-12-19,99,17:00:00,Thursday,Jane and Finch,General Delay,20,1,B/W,
2019-12-19,25,17:00:00,Thursday,Don Mills and St. Dennis,Diversion,38,12,N/B,8946
2019-12-19,34,17:00:00,Thursday,Kennedy Station,Utilized Off Route,7,13,W/B,8694
2019-12-19,89,17:06:00,Thursday,Ray and Weston Rd,Mechanical,11,22,N/B,1109
2019-12-19,986,17:15:00,Thursday,Meadowvale/Ellesmere,Mechanical,10,20,N/B,8691
2019-12-19,32,17:25:00,Thursday,Black creek and Eglinton,Mechanical,9,17,E/B,1305
2019-12-19,84,17:25:00,Thursday,Pioneer Village Station,Mechanical,31,62,EB,3579
2019-12-19,60,17:29:00,Thursday,Finch Station,Utilized Off Route,10,30,W/B,3315
2019-12-19,600,17:30:00,Thursday,Lawrence Station,Utilized Off Route,1,1,W/B,8167
2019-12-19,52,17:34:00,Thursday,Lawrence Station,Utilized Off Route,13,26,W/B,1246
2019-12-19,83,17:34:00,Thursday,Lakeshore Garage,Diversion,103,28,B/W,8570
2019-12-19,42,17:36:00,Thursday,Finch Station,Utilized Off Route,15,30,E/B,8354
2019-12-19,952,17:39:00,Thursday,Lawrence Station,Utilized Off Route,12,24,SB,1223
2019-12-19,129,17:44:00,Thursday,Scarborough Town Center,Mechanical,17,34,N/B,1404
2019-12-19,110,17:50:00,Thursday,Islington stn,Mechanical,24,48,S/B,8074
2019-12-19,29,18:06:00,Thursday,Springhurst,Mechanical,9,18,N/B,9020
2019-12-19,21,18:12:00,Thursday,Scarborough Town Center,Mechanical,11,22,S/B,1565
2019-12-19,927,18:17:00,Thursday,Dixon Rd and Hwy 27,Investigation,6,12,N/B,3255
2019-12-19,54,18:35:00,Thursday,Lawrence and Birchmount,Mechanical,11,22,W/B,8900
2019-12-19,6,18:45:00,Thursday,Bay/Wellesley,Mechanical,10,25,N/B,3729
2019-12-19,32,18:46:00,Thursday,Eglinton and Marlee,Mechanical,9,19,E/B,1421
2019-12-19,25,18:48:00,Thursday,Don Mills Station,Mechanical,6,11,N/B,8859
2019-12-19,83,19:54:00,Thursday,Lakeshore Garage,Diversion,1,40,B/W,8465
2019-12-19,15,20:18:00,Thursday,Sherway Gardens,Mechanical,30,60,E/B,7960
2019-12-19,34,21:11:00,Thursday,Eglinton and Don Mills,Mechanical,7,14,WB,8796
2019-12-19,53,21:27:00,Thursday,markham road,Mechanical,5,10,W/B,9083
2019-12-19,102,21:33:00,Thursday,Brimorton Dr.,Investigation,7,10,S/B,8572
2019-12-19,39,21:34:00,Thursday,Finch Ave and Blackbird Gate,Emergency Services,17,34,E/B,3439
2019-12-19,25,21:54:00,Thursday,DON MILLS and Eglinton,Investigation,9,18,N/B,8946
2019-12-19,984,21:54:00,Thursday,Sheppard West Station,Mechanical,13,26,EB,3329
2019-12-19,102,21:55:00,Thursday,Warden Station,Utilized Off Route,20,40,N/B,8470
2019-12-19,7,22:20:00,Thursday,Bathurst station,Mechanical,8,17,E/B,8136
2019-12-19,165,23:35:00,Thursday,Keele & Wilson,Mechanical,10,21,W/B,3344
2019-12-19,49,23:52:00,Thursday,Kipling Station,Mechanical,30,60,W/B,8064
2019-12-20,75,00:37:00,Friday,south of queen on sherbourne,Investigation,20,20,S/B,8380
2019-12-20,320,01:30:00,Friday,davisville station,Investigation,3,7,N/B,
2019-12-20,900,01:37:00,Friday,Terminal Three,Emergency Services,10,20,S/B,8010
2019-12-20,41,01:38:00,Friday,pioneer village station,Emergency Services,25,50,S/B,9045
2019-12-20,36,02:14:00,Friday,Finch Ave and Keele Street,Mechanical,12,22,W/B,9122
2019-12-20,312,02:33:00,Friday,caledonia and stclair,Diversion,162,192,W/B,
2019-12-20,9,04:00:00,Friday,SCARBOROUGH TOWN CENTRE,Diversion,330,347,S/B,
2019-12-20,169,04:00:00,Friday,SCARBOROUGH TOWN CENTRE,Diversion,330,350,W/B,
2019-12-20,16,04:00:00,Friday,SCARBORUGH TOWN CENTRE,Diversion,330,340,S/B,
2019-12-20,38,04:00:00,Friday,SCARBOROUGH TOWN CENTRE,Diversion,330,345,E/B,
2019-12-20,60,04:50:00,Friday,Steeles Loop (at Martingrove),Mechanical,0,0,E/B,3339
2019-12-20,168,04:54:00,Friday,keele and rogers,Mechanical,10,20,S/B,1012
2019-12-20,29,05:00:00,Friday,Dufferin and Lawrence,Late Leaving Garage - Mechanical,5,10,S/B,9027
2019-12-20,112,05:15:00,Friday,EAST MALL AND BURNHAMTHORPE,Mechanical,15,30,N/B,8056
2019-12-20,68,05:17:00,Friday,Eglinton Yard,Mechanical,0,0,OB,8736
2019-12-20,79,05:20:00,Friday,Pine and Lawrence,Late Leaving Garage - Mechanical,14,29,S/B,1083
2019-12-20,116,05:26:00,Friday,Eglinton Yard,Mechanical,0,0,OB,8734
2019-12-20,133,05:30:00,Friday,Scarborough Town Centre,Diversion,20,40,E/B,3486
2019-12-20,54,05:31:00,Friday,Eglinton Yard,Mechanical,0,0,OB,8674
2019-12-20,54,05:31:00,Friday,Eglinton Yard,Late Leaving Garage - Vision,8,1,OB,8930
2019-12-20,53,05:35:00,Friday,Passmore and Markham,Mechanical,8,,N/B,3455
2019-12-20,32,05:36:00,Friday,Keele and Eglinton,Late Leaving Garage - Vision,3,6,E/B,1625
2019-12-20,134,05:40:00,Friday,Scarborough Town Centre,Diversion,19,38,E/B,9099
2019-12-20,130,05:40:00,Friday,Scarborough Town Centre,Diversion,20,40,E/B,1339
2019-12-20,116,05:46:00,Friday,Eglinton Yard,Late Leaving Garage - Mechanical,6,14,OB,8665
2019-12-20,41,05:46:00,Friday,Pioneer Village Station,Mechanical,11,22,S/B,9101
2019-12-20,129,05:48:00,Friday,Scarborough Town Centre,Diversion,6,12,N/B,3426
2019-12-20,54,05:48:00,Friday,Eglinton Yard,Mechanical,0,0,OB,8648
2019-12-20,131,05:50:00,Friday,Scarborough Town Centre,Diversion,9,18,E/B,3544
2019-12-20,132,06:00:00,Friday,Scarborough Town Centre,Diversion,25,50,E/B,3412
2019-12-20,929,06:01:00,Friday,Dufferin and Lawrence,Late Leaving Garage - Mechanical,7,14,S/B,9016
2019-12-20,122,06:09:00,Friday,York Mills and Leslie,Mechanical,10,21,W/B,8301
2019-12-20,116,06:10:00,Friday,Eglinton Yard,Mechanical,0,0,OB,8771
2019-12-20,86,06:11:00,Friday,Eglinton Yard,Late Leaving Garage - Operator,18,36,OB,8854
2019-12-20,102,06:13:00,Friday,Warden Station,Late Leaving Garage - Operator,3,1,N/B,9083
2019-12-20,100,06:14:00,Friday,Eglinton Yard,Mechanical,0,0,OB,8786
2019-12-20,78,06:15:00,Friday,Carluke and Fifeshire,Late Leaving Garage - Mechanical,20,20,W/B,8176
2019-12-20,929,06:25:00,Friday,Dufferin and Lawrence,Late Leaving Garage - Mechanical,8,16,N/B,9040
2019-12-20,116,06:25:00,Friday,Kennedy Station,Late Leaving Garage - Operator,7,14,E/B,8778
2019-12-20,939,06:26:00,Friday,Malvern garage POD Scarborough town centre,Late Leaving Garage - Mechanical,7,11,N/B,3466
2019-12-20,76,06:30:00,Friday,royal york and lakeshore,Mechanical,5,10,S/B,8068
2019-12-20,995,06:31:00,Friday,University of Toronto Scarborough,Late Leaving Garage - Operator,11,21,W/B,3514
2019-12-20,168,06:42:00,Friday,SYMINGTON AND BLOOR,Mechanical,6,12,N/B,1039
2019-12-20,100,06:46:00,Friday,DMWF ( Don Mills and Wynford ),Late Leaving Garage - Management,4,7,W/B,8908
2019-12-20,941,06:48:00,Friday,Keele Station,Late Leaving Garage - Operator,14,28,N/B,
2019-12-20,39,06:48:00,Friday,Malvern garage POD Sewells and Littles,Late Leaving Garage - Operator,15,30,wb,1316
2019-12-20,108,06:55:00,Friday,Pioneer Village Station,Mechanical,15,30,S/B,3274
2019-12-20,913,06:58:00,Friday,Scarborough Town Centre,Late Leaving Garage - Operator,5,1,E/B,9059
2019-12-20,143,07:00:00,Friday,Neville loop,Late Leaving Garage - Operator,15,30,N/B,8587
2019-12-20,12,07:02:00,Friday,victoria pack,Late Leaving Garage - Operator,30,60,N/B,8519
2019-12-20,53,07:08:00,Friday,PAMK,Late Leaving Garage - Operator,5,10,W/B,1679
2019-12-20,927,07:12:00,Friday,HWY 27 AND DIXON,Mechanical,7,14,N/B,3585
2019-12-20,17,07:22:00,Friday,WARDEN STATION,Mechanical,7,14,N/B,3150
2019-12-20,53,07:31:00,Friday,PAMK,Mechanical,5,10,W/B,9079
2019-12-20,76,07:40:00,Friday,lakeshore and mimico,Mechanical,5,10,S/B,8614
2019-12-20,52,07:40:00,Friday,Martin Grove Rd at Tollington Ave,Mechanical,15,30,E/B,8114
2019-12-20,165,08:06:00,Friday,Wilson Stn,Mechanical,6,12,E/B,3255
2019-12-20,25,08:32:00,Friday,Pape Stn,Mechanical,6,12,N/B,8822
2019-12-20,996,08:33:00,Friday,Humber College,Mechanical,10,20,E/B,3293
2019-12-20,952,08:35:00,Friday,Dixon Rd at Islington Ave,Mechanical,11,22,W/B,1376
2019-12-20,902,08:50:00,Friday,WARDEN STATION,Mechanical,10,20,N/B,3141
2019-12-20,944,09:00:00,Friday,944 Kipling South Express,General Delay,8,16,B/W,
2019-12-20,45,09:00:00,Friday,45 Kipling Route- All Branch,General Delay,15,35,B/W,
2019-12-20,112,09:00:00,Friday,112 West Mall- All Branch,General Delay,9,19,B/W,
2019-12-20,123,09:00:00,Friday,123 Sherway- All Branch,General Delay,20,41,B/W,
2019-12-20,49,09:00:00,Friday,49 Bloor West,General Delay,13,25,B/W,7967
2019-12-20,939,09:04:00,Friday,Scarborough town centre,Mechanical,8,15,N/B,1393
2019-12-20,52,09:05:00,Friday,Lawrence West station,Mechanical,8,29,W/B,8209
2019-12-20,63,09:20:00,Friday,Eglinton West Stn,Investigation,1,1,S/B,1355
2019-12-20,63,09:30:00,Friday,Liberty/Atlantic,Diversion,60,65,N/B,8354
2019-12-20,75,09:40:00,Friday,Lower Jarvis and Front,Mechanical,6,11,N/B,8333
2019-12-20,60,10:39:00,Friday,Finch Station,Mechanical,0,0,N/B,3206
2019-12-20,34,11:00:00,Friday,Kennedy Stn.,Investigation,12,24,,8852
2019-12-20,41,11:21:00,Friday,Keele and Tilbury,Investigation,12,24,S/B,9138
2019-12-20,126,11:33:00,Friday,Christie/Tyrrel,Emergency Services,30,60,N/B,1107
2019-12-20,23,12:00:00,Friday,Rexliegh /St  St clair,General Delay,7,14,,
2019-12-20,939,12:00:00,Friday,939 Finch Express-All Branch,General Delay,14,28,B/W,1716
2019-12-20,39,12:00:00,Friday,39 Finch route-All Branch,General Delay,16,32,B/W,3517
2019-12-20,90,12:00:00,Friday,St. Clair West Stn,Utilized Off Route,10,20,N/B,8308
2019-12-20,102,12:05:00,Friday,Warden STN,Mechanical,20,30,E/B,8959
2019-12-20,44,12:10:00,Friday,Col Sam Smith Loop,Mechanical,7,13,N/B,8446
2019-12-20,32,12:14:00,Friday,Eglinton and Nairn ave,Mechanical,13,26,E/B,1139
2019-12-20,47,12:16:00,Friday,Yorkdale,Mechanical,18,36,S/B,1110
2019-12-20,53,12:34:00,Friday,WARDEN ON Steeles,Mechanical,6,12,E/B,1568
2019-12-20,52,12:36:00,Friday,Lawrence Ave West at Benton Rd,Emergency Services,14,28,W/B,8159
2019-12-20,73,12:47:00,Friday,Albion and Humberline,Investigation,17,34,N/B,8055
2019-12-20,54,12:49:00,Friday,Eglinton Station,Mechanical,12,24,E/B,8947
2019-12-20,67,13:00:00,Friday,Elms and Pharmacy,Investigation,15,30,N/B,8753
2019-12-20,75,13:05:00,Friday,Lower Jarvis/Sherbourne,Investigation,7,15,N/B,1389
2019-12-20,116,13:08:00,Friday,Beachell str and Eglinton,Emergency Services,10,20,E/B,8892
2019-12-20,72,13:49:00,Friday,Commissioners/Bouchette,Diversion,101,120,E/B,
2019-12-20,105,13:55:00,Friday,Sheppard west station,Mechanical,17,34,N/B,8102
2019-12-20,168,14:00:00,Friday,Bothways on Route,General Delay,20,28,B/W,
2019-12-20,40,14:00:00,Friday,Bothways,General Delay,20,27,B/W,
2019-12-20,52,14:00:00,Friday,Westwood Mall to Lawrence Station,General Delay,15,30,B/W,
2019-12-20,35,14:00:00,Friday,Jane stn to Pioneer Village,General Delay,360,1,B/W,
2019-12-20,935,14:00:00,Friday,Jane Stn to Pioneer Village,General Delay,360,1,B/W,
2019-12-20,110,14:04:00,Friday,Islington stn,Late Leaving Garage - Operator,23,38,S/B,8051
2019-12-20,82,14:20:00,Friday,Douglas Rd,Mechanical,9,18,N/B,8205
2019-12-20,59,14:24:00,Friday,Jane and Church,Late Leaving Garage - Mechanical,15,32,W/B,3701
2019-12-20,32,14:29:00,Friday,EGLINTON WEST,Mechanical,10,21,W/B,1379
2019-12-20,39,14:30:00,Friday,Old Finch and Swells Rd,Late Leaving Garage - Management,14,28,W/B,1313
2019-12-20,129,14:34:00,Friday,Scarborough Town Center,Late Leaving Garage - Mechanical,14,28,N/B,1602
2019-12-20,168,14:37:00,Friday,Dundas West Station,Vision,7,14,S/B,1419
2019-12-20,75,14:40:00,Friday,South Dr/ Glen Rd,Utilized Off Route,8,15,S/B,8344
2019-12-20,46,14:45:00,Friday,Martingrove and Eglinton,Mechanical,5,10,N/B,3363
2019-12-20,34,14:50:00,Friday,Kennedy Station,Late Leaving Garage - Operator,7,13,W/B,8872
2019-12-20,25,14:52:00,Friday,Eglinton Yard,Mechanical,0,0,OB,8686
2019-12-20,984,14:53:00,Friday,St Basil School,Mechanical,9,18,W/B,3296
2019-12-20,954,14:53:00,Friday,Eglinton Yard,Mechanical,0,0,OB,8769
2019-12-20,39,14:55:00,Friday,Kennedy and Finch,Investigation,14,28,W/B,1313
2019-12-20,16,15:00:00,Friday,Warden STN to Scarborough Centre STN,General Delay,15,28,B/W,
2019-12-20,53,15:03:00,Friday,BREB Collegiate,Late Leaving Garage - Operator,1,5,E/B,3501
2019-12-20,95,15:03:00,Friday,York Mills Station,Late Leaving Garage - Operator,12,23,E/B,3424
2019-12-20,37,15:05:00,Friday,Islington stn,Mechanical,18,34,N/B,8047
2019-12-20,51,15:05:00,Friday,Bathurst and Sheppard,Investigation,10,20,E/B,8325
2019-12-20,84,15:06:00,Friday,Pioneer Village Station,Late Leaving Garage - Operator,30,55,S/B,
2019-12-20,53,15:15:00,Friday,BREB Collegiate,Late Leaving Garage - Operator,5,10,E/B,3416
2019-12-20,95,15:16:00,Friday,York Mills Collegiate,Late Leaving Garage - Mechanical,19,27,E/B,3458
2019-12-20,86,15:18:00,Friday,Eglinton Yard,Mechanical,0,0,OB,8921
2019-12-20,110,15:20:00,Friday,Islington stn,Mechanical,12,24,S/B,8022
2019-12-20,100,15:30:00,Friday,Wynford Dr,Mechanical,7,14,S/B,8899
2019-12-20,70,15:30:00,Friday,O'Connor and Woodbine,General Delay,1,1,B/W,8901
2019-12-20,944,15:35:00,Friday,Kipling at Norsemen,Mechanical,6,10,N/B,8610
2019-12-20,95,15:42:00,Friday,Kingston Road Loop,Late Leaving Garage - Operator,11,22,W/B,
2019-12-20,121,15:46:00,Friday,Front/Bay,Mechanical,26,52,W/B,8467
2019-12-20,97,15:55:00,Friday,York Mills Station,Vision,30,60,S/B,1253
2019-12-20,24,15:55:00,Friday,Victoria Park & Eglinton,Investigation,9,19,S/B,3149
2019-12-20,41,15:57:00,Friday,Keele Station,Mechanical,15,30,S/B,9141
2019-12-20,78,16:00:00,Friday,York Mills Station,Mechanical,15,30,E/B,8176
2019-12-20,143,16:02:00,Friday,King & Yonge,Investigation,25,59,W/B,3103
2019-12-20,54,16:11:00,Friday,Morningside and Lawrence,Investigation,10,20,E/B,8682
2019-12-20,61,16:16:00,Friday,Eglinton Station,Mechanical,13,26,N/B,8135
2019-12-20,952,16:18:00,Friday,Terminal 3,Mechanical,12,24,EB,8392
2019-12-20,6,16:19:00,Friday,Queens Quay,Mechanical,7,15,N/B,3731
2019-12-20,41,16:20:00,Friday,Keele,General Delay,23,39,B/W,
2019-12-20,94,16:25:00,Friday,Castle Frank Stn,Mechanical,17,34,W/B,1057
2019-12-20,169,16:30:00,Friday,Don Mills STN to Scarborough Centre STN,General Delay,26,56,B/W,
2019-12-20,102,16:30:00,Friday,St.Clair Ave E/Birchmount Rd,General Delay,15,35,E/B,
2019-12-20,36,16:37:00,Friday,Finch Station,Vision,6,12,W/B,3220
2019-12-20,35,16:56:00,Friday,Jane Stn,Investigation,10,20,N/B,3317
2019-12-20,37,17:00:00,Friday,Islington and Dixon,Mechanical,22,44,N/B,8614
2019-12-20,79,17:01:00,Friday,Pine,Mechanical,16,32,S/B,1042
2019-12-20,60,17:12:00,Friday,Jane,Investigation,10,20,W/B,3560
2019-12-20,7,17:14:00,Friday,Bathurst/Wilson,Investigation,8,15,N/B,1214
2019-12-20,929,17:15:00,Friday,Dufferin/King,Investigation,10,20,N/B,9037
2019-12-20,83,17:25:00,Friday,Lakeshore Garage,Mechanical,14,28,N/B,8526
2019-12-20,132,17:45:00,Friday,Milner Business and Markham,Investigation,12,24,E/B,3417
2019-12-20,35,17:54:00,Friday,Shoreham and Jane,Investigation,10,20,N/B,3647
2019-12-20,49,18:30:00,Friday,Entire Route,General Delay,20,35,N/B,
2019-12-20,100,18:46:00,Friday,Broadview station,Utilized Off Route,11,21,N/B,8834
2019-12-20,925,18:47:00,Friday,Pape Station,Utilized Off Route,9,8,N/B,8703
2019-12-20,25,18:47:00,Friday,Pape Station,Utilized Off Route,6,12,N/B,8758
2019-12-20,600,18:55:00,Friday,501 Queen route Broadview - Neville Park,Utilized Off Route,1,1,W/B,3160
2019-12-20,87,18:59:00,Friday,Main Station,Utilized Off Route,11,22,W/B,9222
2019-12-20,17,19:03:00,Friday,Warden STN,Utilized Off Route,1,1,,9231
2019-12-20,168,19:05:00,Friday,Dundas west stn,Investigation,8,16,B/W,1123
2019-12-20,34,19:16:00,Friday,Bruce Park and Eglinton,Investigation,7,13,W/B,8658
2019-12-20,60,19:26:00,Friday,Finch Station,Mechanical,11,22,W/B,3199
2019-12-20,38,19:26:00,Friday,Scarborough Centre STN,Emergency Services,9,18,E/B,1245
2019-12-20,100,19:37:00,Friday,Broadview Stn,Mechanical,9,18,N/B,8772
2019-12-20,53,19:58:00,Friday,Markham and Steeles,Mechanical,5,10,W/B,1679
2019-12-20,42,20:08:00,Friday,Finch Station,Mechanical,14,29,E/B,1254
2019-12-20,47,20:14:00,Friday,St Clair and Landsdown,Mechanical,21,42,S/B,1037
2019-12-20,925,20:23:00,Friday,Pape and Westwood,Investigation,10,21,N/B,8653
2019-12-20,60,20:27:00,Friday,Finch Station,Vision,11,22,W/B,9107
2019-12-20,60,20:42:00,Friday,Finch Station,Mechanical,11,22,W/B,3229
2019-12-20,68,21:00:00,Friday,Warden and Sheppard,Diversion,45,81,S/B,8810
2019-12-20,116,21:00:00,Friday,Kennedy Station,Utilized Off Route,10,20,N/B,8884
2019-12-20,89,21:22:00,Friday,Weston at King,Investigation,10,20,N/B,1019
2019-12-20,85,21:23:00,Friday,Kennedy rd and Sheppard Ave,Investigation,19,35,W/B,3454
2019-12-20,9,21:27:00,Friday,Warden Station,Mechanical,17,34,N/B,8514
2019-12-20,32,21:45:00,Friday,Lawrence & Pine,Mechanical,10,20,E/B,1359
2019-12-20,79,21:56:00,Friday,Scarlet and East Drive,Mechanical,26,52,W/B,1202
2019-12-20,600,22:05:00,Friday,Kipling Station,Utilized Off Route,1,1,E/B,8015
2019-12-20,32,22:17:00,Friday,eglinton and northcliffe,Investigation,10,20,E/B,1141
2019-12-20,29,22:28:00,Friday,dufferin and brandon,Investigation,8,17,N/B,9048
2019-12-20,47,22:40:00,Friday,Yorkdale Station,Investigation,20,40,S/B,1034
2019-12-20,46,22:58:00,Friday,Martine Grove at Dixon,Mechanical,30,50,S/B,3580
2019-12-20,94,23:11:00,Friday,94 Wellesley route,Mechanical,10,20,B/W,1273
2019-12-20,32,23:13:00,Friday,pine and lawrence,Mechanical,10,20,S/B,1094
2019-12-20,22,23:14:00,Friday,Kingston Rd & Lee,Emergency Services,10,20,E/B,9228
2019-12-20,927,23:28:00,Friday,Kipling Station,Utilized Off Route,10,20,N/B,3225
2019-12-21,600,00:15:00,Saturday,Sheppard Station,Utilized Off Route,1,1,W/B,3280
2019-12-21,6,00:20:00,Saturday,250 Davenport Rd,Investigation,30,60,W/B,1041
2019-12-21,7,00:22:00,Saturday,Bathurst Station,Utilized Off Route,10,20,NB,8333
2019-12-21,40,00:25:00,Saturday,Dundas West Station,Utilized Off Route,15,30,NB,8038
2019-12-21,600,00:30:00,Saturday,Keele Station,Utilized Off Route,1,1,NB,1267
2019-12-21,64,00:35:00,Saturday,Main Street station,Emergency Services,20,40,S/B,8591
2019-12-21,72,01:54:00,Saturday,Carlaw & Eastern,Mechanical,7,18,S/B,8525
2019-12-21,320,02:05:00,Saturday,Bloor and Yonge,Utilized Off Route,5,10,N/B,8390
2019-12-21,300,02:24:00,Saturday,Bathurst station,Mechanical,10,20,E/B,8525
2019-12-21,300,02:34:00,Saturday,Bloor and Jane,Investigation,10,20,E/B,8455
2019-12-21,939,02:36:00,Saturday,Finch Station,Utilized Off Route,1,1,E/B,1284
2019-12-21,300,03:35:00,Saturday,Bloor and Runnymede,Investigation,20,40,W/B,8637
2019-12-21,99,04:00:00,Saturday,Arrow Traffic Office,Late Leaving Garage - Mechanical,20,40,N/B,3212
2019-12-21,320,05:15:00,Saturday,Yonge and Sheppard,Emergency Services,15,30,B/W,8149
2019-12-21,89,05:18:00,Saturday,Weston and Sidney Belsey,Mechanical,10,20,S/B,1024
2019-12-21,17,05:23:00,Saturday,warden stn,Late Leaving Garage - Operator,30,60,S/B,8479
2019-12-21,35,05:37:00,Saturday,Peter Kaiser at Steeles,Late Leaving Garage - Operator,23,46,S/B,3286
2019-12-21,36,05:41:00,Saturday,Finch and Tobermory,Mechanical,10,20,W/B,3354
2019-12-21,47,05:42:00,Saturday,Lansdowne at Bloor,Diversion,75,111,B/W,
2019-12-21,51,06:10:00,Saturday,EGLINTON STATION,Investigation,27,60,N/B,8149
2019-12-21,104,06:15:00,Saturday,Wilson Station,Late Leaving Garage - Mechanical,15,30,N/B,8307
2019-12-21,85,06:20:00,Saturday,Sheppard at Markham,Diversion,21,42,W/B,3454
2019-12-21,17,06:22:00,Saturday,warden stn,Late Leaving Garage - Vision,20,40,S/B,3156
2019-12-21,54,06:35:00,Saturday,Eglinton Station,Emergency Services,20,40,E/B,8825
2019-12-21,54,06:37:00,Saturday,Lawrence Ave East at Scarborough Golf Club,Late Leaving Garage - Operator,20,40,E/B,8712
2019-12-21,162,06:51:00,Saturday,ROE LOOP,Late Leaving Garage - Management,30,30,E/B,1201
2019-12-21,900,07:45:00,Saturday,Kipling Stn,Mechanical,10,20,W/B,8000
2019-12-21,121,07:50:00,Saturday,Navy Wharf and Blue jays way,Diversion,1,1,B/W,8519
2019-12-21,97,08:09:00,Saturday,Yonge and Horsham,Mechanical,30,60,S/B,1302
2019-12-21,60,08:35:00,Saturday,Signal Hill,Late Leaving Garage - Management,14,27,E/B,3616
2019-12-21,73,09:00:00,Saturday,Royal York Stn,Late Leaving Garage - Mechanical,15,24,N/B,7965
2019-12-21,43,09:25:00,Saturday,Progress,Mechanical,10,20,N/B,8689
2019-12-21,39,09:26:00,Saturday,Finch & Victoria park,Mechanical,14,28,E/B,3416
2019-12-21,34,09:42:00,Saturday,KENNEDY STATION,Mechanical,10,19,W/B,8903
2019-12-21,52,10:00:00,Saturday,Terminal 3 to Lawrence West Station,General Delay,10,30,B/W,
2019-12-21,9,10:00:00,Saturday,Bellamy route,General Delay,10,1,S/B,
2019-12-21,16,10:00:00,Saturday,Mccowan Route,General Delay,10,1,S/B,
2019-12-21,17,10:00:00,Saturday,Birchmount route,General Delay,15,1,S/B,
2019-12-21,68,10:00:00,Saturday,Warden route,General Delay,15,1,S/B,
2019-12-21,39,10:15:00,Saturday,Finch  and Brimley,Investigation,14,28,W/B,3412
2019-12-21,95,10:38:00,Saturday,York Mills and Leslie,Mechanical,14,28,W/B,3411
2019-12-21,97,10:44:00,Saturday,Finch Station,Investigation,30,60,N/B,8316
2019-12-21,84,11:00:00,Saturday,Weston rd at Bradstock rd,General Delay,10,20,B/W,
2019-12-21,165,11:08:00,Saturday,Strathburn/Weston,Diversion,29,39,B/W,3200
2019-12-21,131,11:47:00,Saturday,Morningside,Late Leaving Garage - Operator,14,28,S/B,1322
2019-12-21,116,11:49:00,Saturday,Kingston and Guildwood,Investigation,7,14,W/B,8779
2019-12-21,12,12:00:00,Saturday,12 Kingston Rd Route at Kennedy Station,General Delay,15,30,B/W,3140
2019-12-21,65,12:00:00,Saturday,65 Parliament  Route,General Delay,16,32,B/W,
2019-12-21,134,12:00:00,Saturday,Progress,General Delay,15,15,N/B,
2019-12-21,54,12:00:00,Saturday,Eglinton Station to Starspray Loop,General Delay,15,35,B/W,
2019-12-21,7,12:36:00,Saturday,Bathurst Station,Mechanical,8,16,N/B,8127
2019-12-21,60,12:40:00,Saturday,FSTN,Late Leaving Garage - Mechanical,5,10,W/B,3331
2019-12-21,129,13:00:00,Saturday,Scarborough Town Centre to Major Mac,General Delay,10,15,B/W,
2019-12-21,86,13:00:00,Saturday,kennedy station to Zoo,General Delay,10,15,B/W,
2019-12-21,60,13:00:00,Saturday,Steeles west route,General Delay,20,40,B/W,3600
2019-12-21,38,13:00:00,Saturday,Scarborough Town centre to RoughHill Go Station,General Delay,10,15,B/W,
2019-12-21,25,13:05:00,Saturday,Pape Station,Mechanical,8,17,N/B,8936
2019-12-21,71,13:11:00,Saturday,Industry/Mt Dennis,Mechanical,10,20,S/B,1590
2019-12-21,85,13:20:00,Saturday,Toronto Zoo,Vision,5,10,E/B,3483
2019-12-21,29,13:25:00,Saturday,Sylvan Ave,Mechanical,3,6,N/B,9100
2019-12-21,25,13:26:00,Saturday,Freshmeadow/ Don Mills Rd,Investigation,9,15,S/B,8794
2019-12-21,85,13:55:00,Saturday,Malvern gate,Mechanical,5,10,W/B,1533
2019-12-21,72,13:57:00,Saturday,Fron and Bay,Vision,18,36,E/B,3127
2019-12-21,80,14:00:00,Saturday,Bothways on route,General Delay,20,44,B/W,
2019-12-21,89,14:00:00,Saturday,Bothways on route,General Delay,20,30,B/W,
2019-12-21,40,14:00:00,Saturday,Bothways on route,General Delay,20,30,B/W,
2019-12-21,37,14:00:00,Saturday,Bothways on route,General Delay,10,30,B/W,
2019-12-21,17,14:00:00,Saturday,Birchmount,General Delay,15,15,N/B,
2019-12-21,29,14:02:00,Saturday,Lawrence Ave,Investigation,3,6,N/B,9018
2019-12-21,79,14:23:00,Saturday,Pine and Lawrence ave,Mechanical,24,48,S/B,1129
2019-12-21,35,14:30:00,Saturday,Jane Station to Pioneer Village Station,General Delay,28,36,BW,
2019-12-21,935,14:30:00,Saturday,Jane Station to Pioneer Village Station,General Delay,24,33,BW,
2019-12-21,985,14:34:00,Saturday,Scarborough Town Centre,Vision,10,20,W/B,9064
2019-12-21,29,14:50:00,Saturday,Eglinton Ave,Mechanical,7,14,N/B,9045
2019-12-21,85,15:00:00,Saturday,Meadowvale loop,Vision,6,9,W/B,3449
2019-12-21,8,15:01:00,Saturday,O'Connor and Derwyn,Investigation,30,30,W/B,8596
2019-12-21,52,15:07:00,Saturday,Lawrence West Station,Mechanical,20,40,W/B,1252
2019-12-21,106,15:11:00,Saturday,Finch and Sentinel,Diversion,24,34,S/B,
2019-12-21,36,15:20:00,Saturday,Finch west and Sentinel Rd,Diversion,25,30,W/B,3570
2019-12-21,37,15:22:00,Saturday,Steeles Loop,Investigation,14,28,N/B,7977
2019-12-21,927,15:33:00,Saturday,HWY 27 & Rexdale,Investigation,10,20,N/B,3550
2019-12-21,7,16:00:00,Saturday,Wilson Station,Mechanical,8,16,N/B,8341
2019-12-21,84,16:00:00,Saturday,Entire Route,General Delay,20,30,B/W,
2019-12-21,84,16:01:00,Saturday,Fennell and Sheppard,Investigation,6,12,E/B,3546
2019-12-21,52,16:20:00,Saturday,Martin Grove at Tollington,Emergency Services,9,18,E/B,1368
2019-12-21,900,16:26:00,Saturday,Terminal 3,Investigation,7,14,E/B,8008
2019-12-21,36,16:34:00,Saturday,Finch and Albion,Investigation,4,8,E/B,3561
2019-12-21,16,17:32:00,Saturday,Ellesmere,Mechanical,10,20,B/W,8951
2019-12-21,52,17:45:00,Saturday,Lawrence Station,Mechanical,17,34,W/B,8353
2019-12-21,41,18:04:00,Saturday,keele and wilson,Investigation,16,32,N/B,1038
2019-12-21,41,18:04:00,Saturday,Wilson Ave,Investigation,9,18,N/B,1038
2019-12-21,39,18:08:00,Saturday,Dudley Avenue,Mechanical,14,28,E/B,1209
2019-12-21,36,18:23:00,Saturday,Finch and Ardwick,Emergency Services,5,10,E/B,3561
2019-12-21,118,18:26:00,Saturday,thistledown and albion,Mechanical,30,60,E/B,3613
2019-12-21,35,18:27:00,Saturday,Pioneer Village Station,Mechanical,7,14,S/B,3643
2019-12-21,985,19:05:00,Saturday,Consumers Rd and Sheppard Ave,Investigation,10,20,E/B,9007
2019-12-21,600,19:10:00,Saturday,eglinton west station,Utilized Off Route,1,1,S/B,8101
2019-12-21,85,19:30:00,Saturday,Don Mills Stn,Emergency Services,25,49,E/B,1509
2019-12-21,25,20:16:00,Saturday,Overlea & Thorncliff Pk East,Diversion,1,1,B/W,
2019-12-21,88,20:16:00,Saturday,Overlea & Thorncliff Pk E,Diversion,1,1,B/W,
2019-12-21,81,20:16:00,Saturday,Overlea & Thorncliff Pk E,Diversion,1,1,B/W,
2019-12-21,925,20:16:00,Saturday,Overlea & Thorncliff Pk E,Diversion,1,1,B/W,
2019-12-21,100,20:16:00,Saturday,Overlea & Thorncliff Pk E,Diversion,1,1,B/W,
2019-12-21,121,20:30:00,Saturday,Distillery Loop,General Delay,,,E/B,
2019-12-21,54,21:12:00,Saturday,Lawrence at Don Mills,Emergency Services,17,34,W/B,8652
2019-12-21,900,22:02:00,Saturday,Airport T3 terminal,Mechanical,10,20,S/B,8001
2019-12-21,54,23:10:00,Saturday,Lawrence at Don Mills,Diversion,60,70,E/B,
2019-12-21,22,23:40:00,Saturday,Kingston Rd & Queen,Mechanical,10,20,N/B,9228
2019-12-21,89,23:40:00,Saturday,Keele Stn,Mechanical,10,20,N/B,1037
2019-12-21,22,23:40:00,Saturday,Coxwell Station,Mechanical,10,20,S/B,9228
2019-12-22,94,00:02:00,Sunday,Ossignton Station,Utilized Off Route,10,20,W/B,1020
2019-12-22,600,00:07:00,Sunday,Victoria Park station,Utilized Off Route,1,1,N/B,8487
2019-12-22,63,00:10:00,Sunday,ossington station,Utilized Off Route,8,16,S/B,1233
2019-12-22,600,00:10:00,Sunday,Mill & Cherry,Utilized Off Route,1,1,E/B,8490
2019-12-22,600,00:13:00,Sunday,Main Street station,Utilized Off Route,1,1,S/B,8533
2019-12-22,121,00:18:00,Sunday,Exibition Loop,Utilized Off Route,20,40,W/B,3160
2019-12-22,600,00:23:00,Sunday,eglinton station,Utilized Off Route,1,1,E/B,1350
2019-12-22,600,00:28:00,Sunday,townsley loop,Utilized Off Route,1,1,E/B,1603
2019-12-22,35,00:58:00,Sunday,Pioneer Village Station,Investigation,12,24,S/B,3235
2019-12-22,512,01:47:00,Sunday,Dundas & Pacific,Investigation,20,40,W/B,1325
2019-12-22,396,02:34:00,Sunday,Aldion and Humber river,Investigation,18,36,E/B,3185
2019-12-22,300,03:00:00,Sunday,Bloor & Church,Mechanical,10,20,E/B,8443
2019-12-22,300,03:08:00,Sunday,Kennedy Stn,Mechanical,30,60,W/B,8608
2019-12-22,300,03:40:00,Sunday,Danforth and Warden,Mechanical,30,60,E/B,8072
2019-12-22,320,03:41:00,Sunday,Yonge St & Melinda St,Mechanical,4,8,N/B,1406
2019-12-22,300,05:00:00,Sunday,ROUTE 300- BLOOR NIGHT BUS,General Delay,25,37,B/W,
2019-12-22,320,05:29:00,Sunday,Steeles Loop,Late Leaving Garage - Operator,1,1,S/B,8214
2019-12-22,105,05:56:00,Sunday,Wilson Garage,Late Leaving Garage - Mechanical,3,12,S/B,8214
2019-12-22,939,07:20:00,Sunday,Finch West Station,Late Leaving Garage - Mechanical,16,32,E/B,1225
2019-12-22,11,07:25:00,Sunday,SHEPPARD/BAYVIEW,Mechanical,23,40,S/B,8195
2019-12-22,320,07:42:00,Sunday,YONGE/STEELES LOOP,Utilized Off Route,3,6,S/B,8381
2019-12-22,169,07:51:00,Sunday,Scarborough Town Centre,Late Leaving Garage - Mechanical,1,1,W/B,8348
2019-12-22,106,07:52:00,Sunday,Sheppard West Stn,Late Leaving Garage - Mechanical,1,1,N/B,8172
2019-12-22,59,07:53:00,Sunday,Church and Grattan,Diversion,30,60,W/B,3368
2019-12-22,169,07:58:00,Sunday,Scar Town Ctr,Late Leaving Garage - Mechanical,30,60,S/B,8348
2019-12-22,96,08:12:00,Sunday,Wilson Stn,Vision,20,29,E/B,3224
2019-12-22,116,08:23:00,Sunday,Yonge and Bloor,Investigation,8,16,E/B,8699
2019-12-22,189,08:35:00,Sunday,Gunns Loop,Mechanical,30,60,W/B,7918
2019-12-22,35,08:53:00,Sunday,Pioneer Village Station,Mechanical,10,20,S/B,3608
2019-12-22,110,08:57:00,Sunday,Lakeshore and Fortieth,Investigation,20,40,N/B,7962
2019-12-22,64,09:00:00,Sunday,64 main,General Delay,10,20,B/W,
2019-12-22,23,09:00:00,Sunday,23  Dawes Route,General Delay,12,24,B/W,
2019-12-22,24,09:00:00,Sunday,24 Victoria Park,General Delay,10,19,B/W,
2019-12-22,84,09:05:00,Sunday,Arrow Garage,Late Leaving Garage - Vision,10,20,W/B,3231
2019-12-22,6,09:51:00,Sunday,Davenport and Dupont,Late Leaving Garage - Mechanical,16,32,S/B,1098
2019-12-22,68,10:00:00,Sunday,Warden route,General Delay,15,1,S/B,
2019-12-22,133,10:00:00,Sunday,Neilson  Route,General Delay,15,1,S/B,
2019-12-22,16,10:00:00,Sunday,McCowan route,General Delay,15,1,S/B,
2019-12-22,43,10:08:00,Sunday,Brimley and Progress,Investigation,15,30,E/B,8845
2019-12-22,127,10:12:00,Sunday,Townsley Loop,Mechanical,23,45,E/B,1562
2019-12-22,38,10:36:00,Sunday,Rouge Hill Go station,Mechanical,12,24,W/B,1657
2019-12-22,900,10:56:00,Sunday,Kipling Stn,Late Leaving Garage - Operator,9,17,W/B,8007
2019-12-22,96,11:00:00,Sunday,York Mills Stn,Vision,10,20,E/B,3634
2019-12-22,102,11:00:00,Sunday,St clair and Kingston rd,Investigation,10,20,W/B,8477
2019-12-22,95,11:00:00,Sunday,University of Toronto,Mechanical,20,40,W/B,3460
2019-12-22,60,11:36:00,Sunday,Finch Station,Late Leaving Garage - Mechanical,6,11,W/B,3312
2019-12-22,109,11:50:00,Sunday,Neptune and Bathurst,Late Leaving Garage - Mechanical,43,93,S/B,8304
2019-12-22,34,11:56:00,Sunday,Eglinton and Lebovic,Mechanical,8,16,E/B,8670
2019-12-22,67,12:00:00,Sunday,67 Pharmacy,General Delay,15,30,B/W,
2019-12-22,83,12:00:00,Sunday,83 Jones Route,General Delay,18,36,B/W,
2019-12-22,63,12:00:00,Sunday,King/Atlantic,Utilized Off Route,9,17,N/B,8359
2019-12-22,84,12:00:00,Sunday,Weston Rd at Bradstock RD to Sheppard - Yonge Station,General Delay,10,20,B/W,
2019-12-22,54,12:00:00,Sunday,Eglinton Station to Starspray loop,General Delay,10,30,B/W,
2019-12-22,65,12:00:00,Sunday,65 Parliament Route,General Delay,15,30,B/W,
2019-12-22,171,12:07:00,Sunday,Ray and Industry rd,Mechanical,20,40,W/B,1305
2019-12-22,900,12:08:00,Sunday,Kipling Station,Mechanical,7,14,W/B,8003
2019-12-22,168,12:15:00,Sunday,Sundas West stn,Utilized Off Route,9,18,N/B,1262
2019-12-22,60,12:26:00,Sunday,Steeles West route,General Delay,20,40,B/W,3565
2019-12-22,94,12:26:00,Sunday,Ossinton Station,Utilized Off Route,13,25,E/B,1023
2019-12-22,79,12:30:00,Sunday,Pine and Lawrence Ave,Utilized Off Route,12,24,S/B,1071
2019-12-22,96,12:35:00,Sunday,Martingrove/Westhumber,Diversion,55,75,E/B,3550
2019-12-22,89,13:00:00,Sunday,Keele Stn,Utilized Off Route,10,20,E/B,1094
2019-12-22,38,13:00:00,Sunday,Scarborough Town Centre to Rouge Hill Go station,General Delay,10,15,B/W,
2019-12-22,63,13:00:00,Sunday,King/Atlantic,Utilized Off Route,9,17,N/B,8395
2019-12-22,63,13:30:00,Sunday,Ossington Stn,Utilized Off Route,9,17,S/B,1399
2019-12-22,939,13:36:00,Sunday,Warden,Investigation,16,32,E/B,3470
2019-12-22,41,14:00:00,Sunday,Eglinton Ave,General Delay,15,26,B/W,
2019-12-22,37,14:00:00,Sunday,Bothways on route,General Delay,13,33,B/W,
2019-12-22,32,14:00:00,Sunday,Keele St,General Delay,15,25,B/W,
2019-12-22,89,14:00:00,Sunday,Bothways on route,General Delay,20,30,B/W,
2019-12-22,73,14:00:00,Sunday,Bothways on route,General Delay,20,53,B/W,
2019-12-22,29,14:00:00,Sunday,Auburn Ave,Investigation,4,8,B/W,9031
2019-12-22,35,14:00:00,Sunday,Jane Station to Pioneer Village Station,General Delay,28,38,B/W,
2019-12-22,80,14:00:00,Sunday,Bothways on route,General Delay,20,44,B/W,
2019-12-22,935,14:00:00,Sunday,Jane Station to Pioneer Village Station,General Delay,24,33,B/W,
2019-12-22,95,14:33:00,Sunday,Kingston Road Loop,Mechanical,17,34,W/B,1509
2019-12-22,54,15:13:00,Sunday,Lawrence Ave East at Midland Ave,Emergency Services,16,32,E/B,8663
2019-12-22,62,15:16:00,Sunday,Broadview station,Investigation,15,30,E/B,3171
2019-12-22,116,15:33:00,Sunday,"On Morningside, at Kingston Road",Mechanical,7,14,S/B,8662
2019-12-22,86,15:39:00,Sunday,"On Eglinton, at Falmouth",Emergency Services,11,22,S/B,8712
2019-12-22,905,15:50:00,Sunday,"On Eglinton, from Midland to Brimley",Diversion,65,76,E/B,
2019-12-22,86,15:50:00,Sunday,"On Eglinton, from Midland to Brimley",Diversion,65,73,E/B,
2019-12-22,116,15:50:00,Sunday,"On Eglinton, from Midland to Brimley",Diversion,65,72,E/B,8917
2019-12-22,21,15:50:00,Sunday,"On Eglinton, from Midland to Brimley",Diversion,65,83,E/B,
2019-12-22,70,15:55:00,Sunday,Coxwell Station,Emergency Services,20,40,N/B,8770
2019-12-22,39,15:56:00,Sunday,Finch Station,Mechanical,16,32,W/B,3436
2019-12-22,36,16:07:00,Sunday,Finch and Sanlac,Mechanical,6,12,E/B,3256
2019-12-22,31,16:10:00,Sunday,Queen & Greenwood,Investigation,10,20,S/B,8566
2019-12-22,52,16:10:00,Sunday,The Westway at Kipling,Investigation,7,14,W/B,8121
2019-12-22,45,16:16:00,Sunday,Kipling & Finch,Investigation,10,20,S/B,8601
2019-12-22,97,16:20:00,Sunday,Mill St and Yonge,Mechanical,30,60,N/B,8124
2019-12-22,84,16:38:00,Sunday,Weston at Bradstock,Vision,7,14,E/B,3232
2019-12-22,927,17:17:00,Sunday,SLPM - Steeles & Martin Grove loop,Mechanical,10,20,S/B,3354
2019-12-22,85,17:56:00,Sunday,Don Mills stn,Investigation,12,25,N/B,3487
2019-12-22,84,17:58:00,Sunday,Weston at Bradstock,Vision,7,14,E/B,8214
2019-12-22,102,18:07:00,Sunday,Birchmount/ St.Clair,Investigation,10,20,bw,8588
2019-12-22,52,18:14:00,Sunday,Dixon at Attwell,Mechanical,17,34,W/B,1286
2019-12-22,939,18:29:00,Sunday,Scarborough Town Center,Utilized Off Route,16,32,W/B,1255
2019-12-22,20,18:30:00,Sunday,Kennedy station,Utilized Off Route,30,60,W/B,8498
2019-12-22,95,18:30:00,Sunday,Birchmount and Ellesmere,Utilized Off Route,17,34,E/B,1404
2019-12-22,34,18:30:00,Sunday,Eglinton and Victoria Park,Utilized Off Route,9,18,W/B,8904
2019-12-22,716,18:31:00,Sunday,Warden station,Utilized Off Route,0,0,bw,9232
2019-12-22,133,18:31:00,Sunday,STC,Utilized Off Route,10,20,bw,3414
2019-12-22,134,18:33:00,Sunday,STC,Utilized Off Route,15,30,bw,3495
2019-12-22,54,18:35:00,Sunday,Eglinton at Mt. Pleasant,Utilized Off Route,19,38,E/B,8783
2019-12-22,54,18:35:00,Sunday,Lawrence at Mccowan,Utilized Off Route,16,32,W/B,8748
2019-12-22,95,18:38:00,Sunday,Midland and Ellesmere,Utilized Off Route,17,34,W/B,1311
2019-12-22,54,18:40:00,Sunday,Eglinton Station,Diversion,25,30,W/B,
2019-12-22,134,18:40:00,Sunday,Markham and Progress,Diversion,370,385,bw,
2019-12-22,102,18:40:00,Sunday,Markham and Progress,Diversion,370,380,bw,0
2019-12-22,85,18:41:00,Sunday,Meadowvale loop,Utilized Off Route,11,16,W/B,3487
2019-12-22,17,18:41:00,Sunday,Warden station,Utilized Off Route,18,36,bw,8522
2019-12-22,63,18:45:00,Sunday,eglinton and oakwood,Utilized Off Route,7,13,N/B,8395
2019-12-22,161,18:46:00,Sunday,jane and alliance,Mechanical,20,40,N/B,1144
2019-12-22,34,18:50:00,Sunday,Kennedy Station,Utilized Off Route,9,18,W/B,8938
2019-12-22,985,18:50:00,Sunday,Scarborough Town Ccentre,Utilized Off Route,12,24,W/B,9057
2019-12-22,116,18:59:00,Sunday,Kennedy Station,Mechanical,7,13,S/B,8722
2019-12-22,39,19:09:00,Sunday,Sewell and Little,Mechanical,20,46,W/B,1322
2019-12-22,41,19:23:00,Sunday,Densley Ave,Mechanical,11,22,B/W,1378
2019-12-22,7,20:00:00,Sunday,Greenwin Vi,Mechanical,7,14,B/W,8115
2019-12-22,63,20:39:00,Sunday,ossington and churchill,Emergency Services,10,20,S/B,8395
2019-12-22,40,20:41:00,Sunday,DWST - Dundas West Stn.,Mechanical,12,24,W/B,8455
2019-12-22,65,21:00:00,Sunday,65 Parliament route,General Delay,10,20,B/W,
2019-12-22,165,21:10:00,Sunday,weston and lanyard,Mechanical,10,20,S/B,3287
2019-12-22,121,22:09:00,Sunday,Front & John,Utilized Off Route,20,40,E/B,9214
2019-12-22,130,22:40:00,Sunday,"On Middlefield, at Steeles",Mechanical,30,60,S/B,1530
2019-12-22,25,22:47:00,Sunday,Don Mills & Finch,Investigation,8,17,S/B,8853
2019-12-22,39,23:05:00,Sunday,Leslie and Finch,Diversion,15,30,W/B,1333
2019-12-22,39,23:05:00,Sunday,Leslie and finch,Investigation,15,30,W/B,1333
2019-12-23,86,00:30:00,Monday,Kennedy Station,Investigation,11,22,E/B,8742
2019-12-23,7,01:03:00,Monday,bathurst station,Mechanical,10,20,N/B,8165
2019-12-23,39,01:56:00,Monday,Finch and Middlefield,Mechanical,5,10,W/B,1602
2019-12-23,300,03:00:00,Monday,Eglinton @ Midland,Diversion,168,198,E/B,
2019-12-23,334,03:17:00,Monday,Eglinton @ Midland,Diversion,148,178,E/B,
2019-12-23,46,04:45:00,Monday,Arrow garage POD Steeles west loop,Late Leaving Garage - Mechanical,16,,S/B,3705
2019-12-23,60,05:12:00,Monday,Signet and Steeles,Late Leaving Garage - Mechanical,8,0,E/B,3604
2019-12-23,87,05:19:00,Monday,MAIN STATION,Mechanical,6,12,W/B,8580
2019-12-23,20,05:22:00,Monday,EGLINTON & MIDLAND,Diversion,0,0,E/B,9212
2019-12-23,54,05:30:00,Monday,EGLINTON YARD,Mechanical,1,1,E/B,8896
2019-12-23,110,05:43:00,Monday,Long Branch Loop,Mechanical,10,20,N/B,7909
2019-12-23,125,05:49:00,Monday,Cactus and Hilda,Diversion,17,32,B/W,1344
2019-12-23,94,06:03:00,Monday,OSSINGTON STATION,Mechanical,14,28,E/B,1562
2019-12-23,90,06:10:00,Monday,Oakwood and Vaughan,Late Leaving Garage - Operator,5,10,E/B,8145
2019-12-23,52,06:16:00,Monday,Lawrence west stn,Vision,15,32,S/B,8168
2019-12-23,168,06:21:00,Monday,Mt Dennis garage POD Avon loop,Late Leaving Garage - Mechanical,7,13,S/B,1135
2019-12-23,960,06:30:00,Monday,Finch Station,Late Leaving Garage - Mechanical,5,0,W/B,3350
2019-12-23,46,06:47:00,Monday,Marting Grove and Bethridge,Diversion,27,42,S/B,
2019-12-23,52,06:50:00,Monday,wilson garage,Mechanical,52,32,S/B,8352
2019-12-23,125,07:11:00,Monday,Finch Station,Late Leaving Garage - Mechanical,7,14,W/B,1395
2019-12-23,929,07:20:00,Monday,Dufferin and lawrence,Mechanical,9,17,N/B,9022
2019-12-23,63,07:22:00,Monday,Atlantic Ave and King Str.west,Mechanical,4,8,N/B,1234
2019-12-23,53,07:22:00,Monday,Passmore and Markham,Mechanical,5,11,E/B,3461
2019-12-23,89,07:44:00,Monday,Weston and lawrence,Mechanical,7,14,N/B,1356
2019-12-23,100,07:45:00,Monday,WYNFORD & DON MILLS,Mechanical,4,8,S/B,8644
2019-12-23,925,08:06:00,Monday,Don Mills and Gateway Blvd,Mechanical,9,18,N/B,8931
2019-12-23,95,08:27:00,Monday,Neilson / Ellesmere (east of Neilson),Diversion,29,39,E/B,
2019-12-23,995,08:27:00,Monday,Neilson / Ellesmere (East of Neilson),Diversion,29,39,E/B,
2019-12-23,32,08:48:00,Monday,Duplex and Eglinton,Mechanical,11,22,W/B,1076
2019-12-23,168,10:00:00,Monday,Route 168,General Delay,,,B/W,
2019-12-23,54,10:06:00,Monday,Lawrence & Mccowan,Emergency Services,11,22,E/B,8809
2019-12-23,36,10:07:00,Monday,HWLP,Mechanical,5,10,E/B,9112
2019-12-23,40,10:30:00,Monday,Route 40,General Delay,,,B/W,
2019-12-23,134,11:00:00,Monday,Sheppard and Progress,Diversion,15,30,S/B,9077
2019-12-23,939,11:13:00,Monday,Finch Station,Investigation,8,16,W/B,3404
2019-12-23,76,11:24:00,Monday,Royal York Station,Utilized Off Route,10,20,S/B,7961
2019-12-23,43,11:30:00,Monday,Sheppard/Ellesmere and Kennedy Rd,General Delay,240,1,N/B,
2019-12-23,16,11:59:00,Monday,St.Clair Ave/Danforth Rd,Emergency Services,12,24,S/B,9221
2019-12-23,161,12:00:00,Monday,Eglinton West station to Atlantic Ave,General Delay,15,20,B/W,
2019-12-23,64,12:00:00,Monday,64 Main Route,General Delay,10,20,B/W,
2019-12-23,23,12:00:00,Monday,23 Dawes Route,General Delay,10,20,B/W,
2019-12-23,161,12:00:00,Monday,Ossington Station to Jane,General Delay,10,15,B/W,
2019-12-23,39,12:30:00,Monday,Finch East & Sandhurst Circle,Mechanical,16,32,E/B,1397
2019-12-23,711,12:32:00,Monday,Bathurst stn,Utilized Off Route,1,1,S/B,8339
2019-12-23,89,12:34:00,Monday,Weston and marston rd,Emergency Services,11,22,S/B,1045
2019-12-23,63,12:34:00,Monday,Atlantic and King,Utilized Off Route,10,20,N/B,1367
2019-12-23,7,12:35:00,Monday,Bathurst stn,Utilized Off Route,8,16,N/B,8125
2019-12-23,41,12:57:00,Monday,Keele stn,Utilized Off Route,12,24,S/B,9136
2019-12-23,34,12:59:00,Monday,Eglinton Station,Investigation,7,15,E/B,8726
2019-12-23,70,13:00:00,Monday,Entire route,General Delay,10,19,S/B,
2019-12-23,41,13:00:00,Monday,Keele stn / Pioneer stn,General Delay,15,29,B/W,
2019-12-23,32,13:00:00,Monday,Renforth Station to Eglinton Station,General Delay,30,43,bw,
2019-12-23,80,13:00:00,Monday,Queensway route,General Delay,20,1,B/W,
2019-12-23,22,13:00:00,Monday,Entire route,General Delay,10,1,S/B,
2019-12-23,68,13:00:00,Monday,Warden Station to Angus Glenn Com Center,General Delay,15,45,B/W,
2019-12-23,129,13:00:00,Monday,Scarborough Town Center to Major Mackenzie,General Delay,12,40,B/W,
2019-12-23,102,13:00:00,Monday,Markham Rd/Finch Ave E,General Delay,15,40,N/B,
2019-12-23,36,13:07:00,Monday,Finch and Virgil wood,Investigation,1,1,W/B,3180
2019-12-23,720,13:15:00,Monday,Sheppard and Kennedy,Emergency Services,1,1,N/B,8645
2019-12-23,63,13:19:00,Monday,Halton Street,Investigation,10,20,N/B,8307
2019-12-23,89,13:24:00,Monday,weston and 401,Investigation,11,22,S/B,1516
2019-12-23,71,13:24:00,Monday,Industry and Mount Dennis,Mechanical,14,28,S/B,1041
2019-12-23,39,13:25:00,Monday,Finch East & Skymark Dr,Investigation,16,32,W/B,1654
2019-12-23,52,13:29:00,Monday,keele and lawrence,Mechanical,14,28,N/B,8219
2019-12-23,72,13:30:00,Monday,Pape station,Utilized Off Route,19,38,S/B,8592
2019-12-23,25,13:30:00,Monday,Pape Station,Utilized Off Route,10,20,S/B,8777
2019-12-23,100,13:32:00,Monday,Broadview Station,Utilized Off Route,7,13,N/B,8856
2019-12-23,7,13:35:00,Monday,Bathurst stn,Mechanical,8,16,N/B,1309
2019-12-23,927,13:40:00,Monday,Finch and Martingrove,Diversion,56,61,S/B,3590
2019-12-23,939,13:50:00,Monday,Finch East & Pharmacy,Investigation,16,32,E/B,3473
2019-12-23,86,13:50:00,Monday,Kennedy Station,Mechanical,10,20,E/B,8802
2019-12-23,20,13:53:00,Monday,Main Station,Mechanical,16,32,E/B,3145
2019-12-23,131,14:00:00,Monday,Scarborough Town Center to Morningview/Sewels,General Delay,12,26,B/W,
2019-12-23,47,14:00:00,Monday,Queen and Lansdowne,General Delay,30,45,B/W,
2019-12-23,35,14:00:00,Monday,Jane Station to Pioneer Village Station,General Delay,29,38,B/W,
2019-12-23,46,14:00:00,Monday,Finch and Martin Grove,Diversion,36,55,S/B,3354
2019-12-23,132,14:00:00,Monday,Scarborough Town Center to Hupfield/Steeles,General Delay,12,36,B/W,
2019-12-23,34,14:00:00,Monday,Entire Route,General Delay,7,27,B/W,
2019-12-23,935,14:00:00,Monday,Jane Station to Pioneer Village Station,General Delay,31,42,B/W,
2019-12-23,16,14:00:00,Monday,Warden STN to Scarborough Centre STN,General Delay,20,34,B/W,
2019-12-23,130,14:00:00,Monday,Scarborough Town Center to Middlefield/Steeles,General Delay,10,26,B/W,
2019-12-23,21,14:00:00,Monday,Kennedy Stn to Steeles,General Delay,10,35,B/W,
2019-12-23,7,14:09:00,Monday,Drewry / Bathurst,Mechanical,8,16,N/B,8206
2019-12-23,52,14:28:00,Monday,lawrence west station,Vision,14,28,E/B,8116
2019-12-23,59,14:28:00,Monday,Lawrence West Station,Mechanical,15,30,W/B,3701
2019-12-23,48,14:30:00,Monday,Dundas and Royal York Station,Diversion,60,82,S/B,7959
2019-12-23,73,14:30:00,Monday,Royal York and Dundas,Diversion,1,1,B/W,
2019-12-23,929,14:32:00,Monday,Springhurst loop,Mechanical,10,20,N/B,9031
2019-12-23,87,14:43:00,Monday,Main stn,Mechanical,11,18,W/B,3136
2019-12-23,101,14:53:00,Monday,Sheppard  West Station,Late Leaving Garage - Mechanical,10,20,N/B,3706
2019-12-23,45,14:59:00,Monday,Kipling Station,Utilized Off Route,14,28,N/B,8023
2019-12-23,9,15:00:00,Monday,St. Clair Ave E (Birchmount to Warden STN),General Delay,15,34,WB,
2019-12-23,927,15:01:00,Monday,kipling stn,Utilized Off Route,9,18,S/B,3266
2019-12-23,45,15:03:00,Monday,Kipling Station,Utilized Off Route,14,28,N/B,8023
2019-12-23,25,15:07:00,Monday,Freshmeadow Drive,Late Leaving Garage - Mechanical,6,12,S/B,8832
2019-12-23,939,15:18:00,Monday,Mornigingside and Nightstar,Mechanical,12,24,E/B,1559
2019-12-23,54,15:25:00,Monday,Rogue Hill Go loop,Investigation,10,20,E/B,8896
2019-12-23,12,15:28:00,Monday,Victoria Park Station,Late Leaving Garage - Mechanical,18,40,E/B,3153
2019-12-23,17,15:30:00,Monday,St.Clair Ave (Birchmount to Warden STN),General Delay,20,30,WB,
2019-12-23,34,15:31:00,Monday,Eglinton Station,Utilized Off Route,7,15,E/B,8754
2019-12-23,900,15:35:00,Monday,Terminal 3,Mechanical,8,16,S/B,8011
2019-12-23,61,15:55:00,Monday,Eglinton Station,Investigation,15,30,N/B,1347
2019-12-23,944,16:00:00,Monday,kipling station,Utilized Off Route,9,18,S/B,7973
2019-12-23,935,16:29:00,Monday,Jane and Weston,Investigation,11,22,S/B,3186
2019-12-23,6,16:50:00,Monday,Bay/Front,Diversion,48,16,S/B,
2019-12-23,80,16:51:00,Monday,windemere and Queenways,Mechanical,30,60,S/B,8090
2019-12-23,97,16:56:00,Monday,"On Bay, at Front",Diversion,44,74,S/B,
2019-12-23,985,16:57:00,Monday,Don Mills Station to Scarborough Town Center,General Delay,20,32,B/W,
2019-12-23,944,17:10:00,Monday,Kipling station,Utilized Off Route,99,18,S/B,7973
2019-12-23,935,17:21:00,Monday,Jane and Sheppard,Investigation,11,22,S/B,3569
2019-12-23,23,17:30:00,Monday,DAWES / Main Station,General Delay,7,14,B/W,
2019-12-23,165,17:45:00,Monday,keele and wilson,Mechanical,9,17,E/B,3627
2019-12-23,924,17:52:00,Monday,VICTORIA PARK / Victoria Park Station,Investigation,9,18,N/B,3141
2019-12-23,134,17:57:00,Monday,Scarborough Town Center,Mechanical,72,36,E/B,9088
2019-12-23,945,18:02:00,Monday,Kipling Stn,Mechanical,8,15,N/B,8099
2019-12-23,85,18:02:00,Monday,Don Mills Station,Investigation,13,26,E/B,3525
2019-12-23,35,18:23:00,Monday,Jane and Weston,Mechanical,12,24,S/B,3290
2019-12-23,952,18:42:00,Monday,Dixon at Royal York,Mechanical,12,24,W/B,8165
2019-12-23,85,18:52:00,Monday,Sheppard and Yonge Station,Mechanical,19,38,E/B,1298
2019-12-23,94,19:14:00,Monday,Yonge/Wellesley,Investigation,7,15,W/B,1502
2019-12-23,35,19:27:00,Monday,Jane and Eglinton,Mechanical,12,24,S/B,3202
2019-12-23,24,19:36:00,Monday,VICTORIA PARK and Morecambe Gate,Mechanical,10,20,N/B,8590
2019-12-23,161,19:40:00,Monday,jane and alliance,Mechanical,17,32,N/B,1097
2019-12-23,94,20:16:00,Monday,WELLESLEY / Castle Frank Station,Investigation,10,20,W/B,1102
2019-12-23,84,20:35:00,Monday,Sheppard Station,Mechanical,9,18,W/B,3269
2019-12-23,127,20:36:00,Monday,spadina station,Investigation,24,48,N/B,1034
2019-12-23,57,22:00:00,Monday,Midland and Finch,Diversion,40,50,S/B,
2019-12-23,935,22:12:00,Monday,"On Jane, at Spengvalley",Mechanical,10,20,S/B,3205
2019-12-24,32,00:01:00,Tuesday,eglinton west station,Investigation,11,22,E/B,1046
2019-12-24,87,00:05:00,Tuesday,COSBURN / Woodbine and Cosburn,Mechanical,11,22,E/B,8580
2019-12-24,53,00:11:00,Tuesday,Markham and Steeles,Investigation,18,36,W/B,1327
2019-12-24,133,02:06:00,Tuesday,Markham and Ellesmere,Mechanical,1,1,W/B,3472
2019-12-24,320,02:13:00,Tuesday,Queens Quay,Mechanical,4,8,N/B,8683
2019-12-24,320,03:03:00,Tuesday,St Clair and Young,Mechanical,3,6,S/B,1128
2019-12-24,900,04:56:00,Tuesday,Kipling stn,Late Leaving Garage - Mechanical,22,22,N/B,8010
2019-12-24,300,05:03:00,Tuesday,Broadview station,Investigation,13,26,W/B,8462
2019-12-24,60,06:10:00,Tuesday,Signal Hill,Mechanical,9,18,E/B,3623
2019-12-24,53,06:10:00,Tuesday,Steeles /  Donmills,Mechanical,7,12,E/B,1602
2019-12-24,67,06:11:00,Tuesday,eglinton yard,Late Leaving Garage - Mechanical,1,1,E/B,8705
2019-12-24,54,06:19:00,Tuesday,eglinton yard,Late Leaving Garage - Mechanical,1,1,E/B,8735
2019-12-24,6,06:29:00,Tuesday,DAVENPORT & DUPONT,Mechanical,5,10,S/B,7259
2019-12-24,995,06:31:00,Tuesday,University Scarb. Loop,Late Leaving Garage - Mechanical,11,22,W/B,3401
2019-12-24,72,06:31:00,Tuesday,PAPE STATION,Mechanical,6,12,S/B,8496
2019-12-24,7,06:33:00,Tuesday,Bathrust Stn,Vision,8,16,N/B,8336
2019-12-24,32,06:45:00,Tuesday,Duplex and Eglinton,Mechanical,7,14,E/B,1053
2019-12-24,117,06:45:00,Tuesday,sheppard west station,Mechanical,12,24,N/B,1288
2019-12-24,42,06:47:00,Tuesday,Finch Station,Mechanical,12,24,E/B,8147
2019-12-24,52,06:50:00,Tuesday,Lawrence and unsworth,Investigation,8,16,E/B,8111
2019-12-24,7,07:15:00,Tuesday,Bathrust Stn,Mechanical,8,16,N/B,8153
2019-12-24,52,07:40:00,Tuesday,Lawrence station,Mechanical,15,30,S/B,8202
2019-12-24,32,07:45:00,Tuesday,Humber College,Late Leaving Garage - Mechanical,9,18,E/B,3575
2019-12-24,42,07:47:00,Tuesday,Dynamic and McNicoll,Mechanical,12,24,E/B,8105
2019-12-24,110,07:59:00,Tuesday,Islington and Lakeshore Blvd W,Investigation,12,24,W/B,8443
2019-12-24,81,08:03:00,Tuesday,Pape Stn,Mechanical,5,10,N/B,8587
2019-12-24,7,08:28:00,Tuesday,Eglinotn SB,Mechanical,8,16,S/B,1201
2019-12-24,43,08:45:00,Tuesday,Midland and Proggress Ave,Diversion,36,46,W/B,
2019-12-24,52,08:55:00,Tuesday,lawrence west station,Mechanical,15,30,S/B,1315
2019-12-24,985,08:55:00,Tuesday,Progress and Midland,Diversion,35,50,S/B,
2019-12-24,57,09:10:00,Tuesday,Progress and Midland,Diversion,36,47,N/B,
2019-12-24,6,09:10:00,Tuesday,DAVENPORT & DUPONT,Mechanical,5,10,N/B,3726
2019-12-24,20,09:34:00,Tuesday,Danfoth Sibleys,Investigation,10,20,W/B,
2019-12-24,44,09:49:00,Tuesday,Colonel Samuel Smith Loop,Mechanical,6,13,N/B,8615
2019-12-24,63,10:01:00,Tuesday,Ossington and Dundas,Mechanical,10,20,N/B,1280
2019-12-24,52,10:10:00,Tuesday,Lawrence west station,Mechanical,14,28,E/B,1289
2019-12-24,43,10:14:00,Tuesday,Kennedy Rd and Straton Ave,Investigation,10,20,N/B,8743
2019-12-24,38,10:42:00,Tuesday,Scarborough Centre,Mechanical,9,18,E/B,
2019-12-24,15,11:02:00,Tuesday,Sherway gardens,Mechanical,30,60,E/B,8051
2019-12-24,56,11:16:00,Tuesday,Laird and Southvale Road,Investigation,18,36,N/B,8160
2019-12-24,23,11:41:00,Tuesday,Main Stn,Investigation,10,20,W/B,8647
2019-12-24,23,12:00:00,Tuesday,Danforth to main stn,General Delay,10,20,W/B,
2019-12-24,16,12:05:00,Tuesday,Warden Station,Mechanical,12,24,N/B,8493
2019-12-24,89,12:31:00,Tuesday,Albion and Weston,Emergency Services,11,22,N/B,1605
2019-12-24,168,13:00:00,Tuesday,Symmington,General Delay,10,1,S/B,
2019-12-24,80,13:00:00,Tuesday,Queensway,General Delay,10,1,S/B,
2019-12-24,70,13:00:00,Tuesday,Entire route,General Delay,15,24,B/W,
2019-12-24,21,13:00:00,Tuesday,Kennedy Stn to Steeles,General Delay,10,35,B/W,
2019-12-24,68,13:30:00,Tuesday,Warden Station to Angus Glenn Com Center,General Delay,12,42,B/W,
2019-12-24,129,13:30:00,Tuesday,Scarborough Town Center to Major Mackenzie,General Delay,12,40,B/W,
2019-12-24,63,13:40:00,Tuesday,Oakwood Loop,Mechanical,10,20,N/B,1283
2019-12-24,24,13:40:00,Tuesday,Finch and Victoria park,Mechanical,10,20,W/B,3162
2019-12-24,54,13:42:00,Tuesday,Laird and Eglinton,Investigation,10,20,W/B,8686
2019-12-24,113,13:45:00,Tuesday,,General Delay,15,30,W/B,
2019-12-24,32,14:10:00,Tuesday,Eglinton Station,Mechanical,11,22,W/B,1145
2019-12-24,70,14:20:00,Tuesday,Coxwell Station,Investigation,18,36,N/B,8927
2019-12-24,47,14:37:00,Tuesday,Queen and Lansdown,Mechanical,10,20,N/B,1013
2019-12-24,34,14:50:00,Tuesday,Eglinton Yard,Mechanical,0,0,OB,8665
2019-12-24,902,15:00:00,Tuesday,Warden STN,Utilized Off Route,10,25,E/B,8567
2019-12-24,70,15:01:00,Tuesday,Coxwell Station,Late Leaving Garage - Mechanical,18,36,B/W,8860
2019-12-24,9,15:06:00,Tuesday,Warden STN,Vision,1,1,E/B,8495
2019-12-24,937,15:07:00,Tuesday,ISLINGTON STATION,Late Leaving Garage - Management,12,12,N/B,8094
2019-12-24,984,15:15:00,Tuesday,allen and sheppard,Mechanical,10,20,E/B,3318
2019-12-24,116,15:15:00,Tuesday,Eglinton Yard,Mechanical,0,0,OB,8695
2019-12-24,57,15:25:00,Tuesday,Eglinton Ave at Kennedy Stn,Investigation,9,18,N/B,8622
2019-12-24,941,15:29:00,Tuesday,Mt Dennis garage,Late Leaving Garage - Operator,15,30,S/B,1267
2019-12-24,937,15:45:00,Tuesday,STEELES/ISLINGTON,Late Leaving Garage - Mechanical,12,12,S/B,7916
2019-12-24,37,15:53:00,Tuesday,STEELES/ISLINGTON,Late Leaving Garage - Mechanical,12,24,S/B,7914
2019-12-24,902,16:09:00,Tuesday,Progress Ave/Sheppard Ave E,Mechanical,10,20,S/B,8408
2019-12-24,995,17:19:00,Tuesday,York Mills and Don Mills,Mechanical,10,20,W/B,1721
2019-12-24,102,17:50:00,Tuesday,Markham Rd/Eglinton Ave E,Diversion,127,149,N/B,
2019-12-24,902,17:50:00,Tuesday,Markham Rd/Eglinton Ave E,Diversion,127,137,N/B,
2019-12-24,112,17:50:00,Tuesday,Kipling stn,Mechanical,16,32,N/B,7912
2019-12-24,54,17:55:00,Tuesday,Brimorton and Scarborough Golf Road,Diversion,60,70,S/B,
2019-12-24,60,17:59:00,Tuesday,Steeles and hwy 27,Diversion,14,24,E/B,
2019-12-24,939,18:12:00,Tuesday,Finch Ave East & Warden,Emergency Services,12,24,E/B,1318
2019-12-24,84,18:15:00,Tuesday,Sheppard and Megellan,Investigation,10,20,W/B,3242
2019-12-24,97,18:30:00,Tuesday,Davisville Station,Late Leaving Garage - Mechanical,20,40,N/B,1221
2019-12-24,129,19:03:00,Tuesday,Scarborough Town Center,Mechanical,6,12,N/B,1316
2019-12-24,70,21:08:00,Tuesday,Warden and Stclair,Diversion,8,28,N/B,8927
2019-12-24,53,21:25:00,Tuesday,Passmore and Markham,Mechanical,5,15,W/B,1326
2019-12-24,39,23:15:00,Tuesday,Neilson and Crowtrail,Mechanical,20,40,E/B,3485
2019-12-24,116,23:15:00,Tuesday,Eglinton/Bellamy,Investigation,10,20,W/B,8781
2019-12-24,9,23:15:00,Tuesday,Eglinton/Bellamy,Investigation,30,60,N/B,3137
2019-12-24,9,23:15:00,Tuesday,Eglinton/Bellamy,Investigation,30,60,S/B,8501
2019-12-24,54,23:30:00,Tuesday,Eglinton and Mt Pleasant,Diversion,20,40,WB,8847
2019-12-24,34,23:35:00,Tuesday,Mt.pleasant,Diversion,18,28,W/B,
2019-12-24,34,23:35:00,Tuesday,Mt. Pleasant,Diversion,10,20,W/B,8935
2019-12-24,56,23:51:00,Tuesday,Mt.Pleasant,Diversion,2,27,W/B,
2019-12-24,56,23:55:00,Tuesday,Eglinton and Mt Pleasant,Diversion,20,40,WB,8160
2019-12-25,121,00:01:00,Wednesday,Front st and York St,Diversion,20,40,E/B,8406
2019-12-25,16,01:13:00,Wednesday,Scarborough Centre Station,Utilized Off Route,15,30,S/B,3157
2019-12-25,116,01:25:00,Wednesday,Morningside/Lawrence,Mechanical,10,20,S/B,8814
2019-12-25,332,04:37:00,Wednesday,Eglinton and Black creek,Mechanical,1,1,W/B,1134
2019-12-25,302,05:13:00,Wednesday,Kingston and Warden,Investigation,30,60,W/B,8956
2019-12-25,40,05:18:00,Wednesday,Dundas West stn,Late Leaving Garage - Mechanical,15,33,W/B,8612
2019-12-25,320,05:25:00,Wednesday,Wilson garage POD Steeles and Yonge,Late Leaving Garage - Vision,4,8,S/B,1223
2019-12-25,52,05:33:00,Wednesday,Wilson garage POD Yonge and Lawrence,Late Leaving Garage - Vision,24,36,W/B,8210
2019-12-25,320,05:42:00,Wednesday,Yonge and Steeles,Late Leaving Garage - Mechanical,4,8,S/B,9041
2019-12-25,320,05:46:00,Wednesday,Yonge and Steeles,Late Leaving Garage - Vision,4,8,S/B,1235
2019-12-25,300,06:04:00,Wednesday,Bloor & Islington,Mechanical,5,15,E/B,1091
2019-12-25,905,07:36:00,Wednesday,Scarborough Loop,Mechanical,13,26,W/B,8766
2019-12-25,134,08:09:00,Wednesday,Sheppard at Progress,Mechanical,22,44,N/B,3543
2019-12-25,41,08:17:00,Wednesday,St. Clair and Keele,Mechanical,25,47,S/B,1360
2019-12-25,50,08:20:00,Wednesday,Islington stn,Mechanical,18,38,E/B,8429
2019-12-25,87,08:42:00,Wednesday,Broadview Stn,Mechanical,10,20,E/B,9232
2019-12-25,62,09:38:00,Wednesday,855 Broadview Ave,Emergency Services,20,40,N/B,8531
2019-12-25,29,10:11:00,Wednesday,Dufferin and Lawrence,Mechanical,7,14,S/B,9026
2019-12-25,85,10:23:00,Wednesday,Don mills station,Mechanical,20,40,E/B,3543
2019-12-25,88,11:29:00,Wednesday,Pleasant and Avoca,Diversion,45,65,B/W,
2019-12-25,74,11:29:00,Wednesday,Pleasant Blvd and Avoca,Diversion,45,63,B/W,
2019-12-25,7,11:40:00,Wednesday,Bathurst and Wilson,Mechanical,7,15,N/B,8319
2019-12-25,60,12:16:00,Wednesday,Finch Station,Investigation,10,20,W/B,3322
2019-12-25,39,12:40:00,Wednesday,Finch Ave East & McCowan,Mechanical,16,32,W/B,3489
2019-12-25,905,12:47:00,Wednesday,Eglinton Ave. E / Markham,Mechanical,11,19,W/B,8676
2019-12-25,131,12:56:00,Wednesday,STC,Mechanical,26,42,E/B,1533
2019-12-25,85,13:32:00,Wednesday,Kennedy and Sheppard,Investigation,5,15,W/B,1662
2019-12-25,71,13:37:00,Wednesday,Runnymede/Bloor,Mechanical,15,30,N/B,1421
2019-12-25,37,13:44:00,Wednesday,Islington Station,Mechanical,12,24,N/B,8038
2019-12-25,64,14:10:00,Wednesday,Main Station,Investigation,10,20,N/B,8487
2019-12-25,24,14:50:00,Wednesday,Victoria Park Station,Utilized Off Route,7,14,N/B,3114
2019-12-25,51,14:53:00,Wednesday,Eglinton Station,Mechanical,24,48,N/B,8371
2019-12-25,39,15:20:00,Wednesday,Finch Ave East & Sandhurst Circle,Diversion,5,10,W/B,1565
2019-12-25,95,15:26:00,Wednesday,Kingston / Ellesmere,Mechanical,17,34,W/B,3555
2019-12-25,71,15:28:00,Wednesday,Mt.Dennis Div.,Mechanical,12,27,N/B,1202
2019-12-25,54,15:55:00,Wednesday,starspray,Mechanical,16,32,E/B,8755
2019-12-25,52,16:28:00,Wednesday,Lawrence Station,Mechanical,14,28,EB,1355
2019-12-25,118,17:15:00,Wednesday,Albion and Arcot Blvd,Diversion,27,42,E/B,3191
2019-12-25,161,17:30:00,Wednesday,Jane and Alliance,Mechanical,15,30,E/B,1260
2019-12-25,60,18:03:00,Wednesday,Finch Station,Emergency Services,10,20,WB,3570
2019-12-25,92,18:11:00,Wednesday,Ash Bridges Bay,Mechanical,12,24,N/B,8555
2019-12-25,12,19:15:00,Wednesday,Victoria Park & Kingston Road,Diversion,17,34,E/B,8501
2019-12-25,52,19:32:00,Wednesday,Lawrence and Jane,Diversion,20,40,WB,8216
2019-12-25,104,19:40:00,Wednesday,Wilson Stn,Vision,20,40,N/B,8356
2019-12-25,89,19:41:00,Wednesday,Albion and Weston,Mechanical,10,20,S/B,1085
2019-12-25,35,19:41:00,Wednesday,Jane & Lawrence,Diversion,59,99,N/B,
2019-12-25,73,20:27:00,Wednesday,Westmore Rd and Albion,Diversion,23,33,S/B,8079
2019-12-25,32,20:35:00,Wednesday,Eglinton and Royal York,Mechanical,15,30,E/B,1052
2019-12-25,35,21:37:00,Wednesday,Pioneer Village Station,Investigation,7,14,N/B,3311
2019-12-25,34,22:03:00,Wednesday,Kennedy Station,Mechanical,11,22,WB,8736
2019-12-25,11,22:12:00,Wednesday,Bayview and Garnier Ct,Emergency Services,24,48,SB,8108
2019-12-25,108,22:30:00,Wednesday,Sheppard Station,Mechanical,15,30,E/B,3608
2019-12-25,25,22:45:00,Wednesday,Eglinton Garage,Late Leaving Garage - Mechanical,10,20,N/B,8850
2019-12-25,32,22:51:00,Wednesday,Eglinton and Martine Grove,Investigation,15,30,E/B,1133
2019-12-25,85,22:54:00,Wednesday,Don Mills Station,Mechanical,20,40,W/B,1385
2019-12-25,985,22:58:00,Wednesday,Don Mills Station,Mechanical,21,42,W/B,3502
2019-12-26,73,00:17:00,Thursday,Royal York/Yorkleigh,Mechanical,22,44,S/B,7910
2019-12-26,54,00:56:00,Thursday,Rouge Hill Go Station,Emergency Services,15,30,WB,8896
2019-12-26,89,01:51:00,Thursday,Albion and Weston,Mechanical,10,20,S/B,1057
2019-12-26,300,04:52:00,Thursday,East Mall and Bloor,Investigation,15,30,,8437
2019-12-26,300,05:50:00,Thursday,Broadview and Bloor,Investigation,15,30,,8025
2019-12-26,39,06:10:00,Thursday,Warden/Finch,Investigation,15,15,E/B,3437
2019-12-26,123,06:20:00,Thursday,Kipling Station,Mechanical,20,40,S/B,8025
2019-12-26,53,06:30:00,Thursday,Tapscott / Passmore,Mechanical,9,18,W/B,1391
2019-12-26,29,06:59:00,Thursday,Dufferin and Lawrence,Late Leaving Garage - Mechanical,8,16,N/B,9041
2019-12-26,7,06:59:00,Thursday,Bathurst Station,Mechanical,10,20,N/B,8335
2019-12-26,985,07:05:00,Thursday,Malvern Garage,Late Leaving Garage - Mechanical,20,40,W/B,9005
2019-12-26,43,07:24:00,Thursday,Kennedy Station,Mechanical,10,20,N/B,8881
2019-12-26,72,07:50:00,Thursday,PAPE STATION,Mechanical,18,36,S/B,8519
2019-12-26,125,08:00:00,Thursday,Antibes and Drewry,Mechanical,15,30,E/B,8159
2019-12-26,939,08:35:00,Thursday,STC,Mechanical,8,16,W/B,3555
2019-12-26,91,08:45:00,Thursday,On Valleywood between YorkMills and Brookbank Dr,Diversion,24,48,S/B,8406
2019-12-26,36,09:05:00,Thursday,Finch West stn,Investigation,10,20,E/B,3260
2019-12-26,36,09:05:00,Thursday,Finch west stn,Investigation,10,20,W/B,3269
2019-12-26,43,09:10:00,Thursday,STC,Mechanical,15,30,S/B,8780
2019-12-26,105,09:15:00,Thursday,Wilson garage,Late Leaving Garage - Mechanical,15,30,W/B,8157
2019-12-26,29,09:26:00,Thursday,Dufferin and Lawrence,Late Leaving Garage - Mechanical,4,8,N/B,9020
2019-12-26,81,10:00:00,Thursday,Pape stn,Mechanical,10,20,N/B,8576
2019-12-26,7,10:01:00,Thursday,Bathurst and Wilson,Vision,10,19,N/B,1248
2019-12-26,41,10:24:00,Thursday,Pioneer Village Station,Mechanical,11,22,S/B,1146
2019-12-26,16,11:00:00,Thursday,Scarborough  Town Center,Late Leaving Garage - Mechanical,12,24,S/B,8532
2019-12-26,985,11:00:00,Thursday,Victoria park and Sheppard ave west,Mechanical,15,30,W/B,9005
2019-12-26,7,11:28:00,Thursday,Bathurst Station,Vision,7,15,N/B,8308
2019-12-26,53,11:30:00,Thursday,Finch stn,Mechanical,9,18,E/B,3502
2019-12-26,76,11:42:00,Thursday,Royal York Station,Mechanical,9,18,S/B,8605
2019-12-26,106,11:47:00,Thursday,Sheppard west station,Mechanical,15,30,W/B,8129
2019-12-26,29,12:00:00,Thursday,wilson stn to eglinton ave,General Delay,20,35,B/W,
2019-12-26,23,12:08:00,Thursday,Birchmount and Danfoert,Mechanical,10,20,,8510
2019-12-26,29,12:20:00,Thursday,Dufferin / McAdam,Investigation,6,12,S/B,9149
2019-12-26,7,12:22:00,Thursday,wilson garage,Late Leaving Garage - Operator,8,16,N/B,8353
2019-12-26,52,12:30:00,Thursday,starspray,Vision,10,20,E/B,8369
2019-12-26,38,12:53:00,Thursday,Ellesmere and Morningside,Investigation,10,20,E/B,1291
2019-12-26,60,12:57:00,Thursday,Pioneer village Station,Mechanical,10,20,E/B,3250
2019-12-26,45,13:11:00,Thursday,Kipling Station,Mechanical,1,1,S/B,8071
2019-12-26,47,13:23:00,Thursday,Queen and Lansdwone / Yorkdale Stn,General Delay,5,1,B/W,
2019-12-26,113,13:28:00,Thursday,Birchmount and Danfoth,Mechanical,20,40,,3158
2019-12-26,17,13:31:00,Thursday,Birchmount and Eglinton,Emergency Services,18,36,N/B,9204
2019-12-26,35,13:31:00,Thursday,Sheppard and Jane,Investigation,1,1,S/B,3313
2019-12-26,45,13:38:00,Thursday,Kipling Eglinton,Mechanical,1,1,S/B,8064
2019-12-26,52,13:50:00,Thursday,lawrence w station,Mechanical,7,14,E/B,8320
2019-12-26,71,13:58:00,Thursday,Mt.Dennis/ Industry St.,Mechanical,15,30,S/B,1029
2019-12-26,21,14:00:00,Thursday,Brimley/ Triton/ STC,General Delay,16,16,S/B,3467
2019-12-26,168,14:27:00,Thursday,Dundas West Station,Vision,9,18,N/B,1131
2019-12-26,32,14:40:00,Thursday,WB on Eglinton at Dufferine,Mechanical,21,42,W/B,1015
2019-12-26,63,14:42:00,Thursday,Ossington Station,Utilized Off Route,7,13,S/B,8188
2019-12-26,7,14:47:00,Thursday,bathurst stn,Utilized Off Route,8,16,N/B,1309
2019-12-26,113,14:50:00,Thursday,Kennedy stn,Mechanical,20,40,,3110
2019-12-26,9,15:00:00,Thursday,Scarborough Town Centre,General Delay,15,30,S/B,8536
2019-12-26,129,15:46:00,Thursday,Scarborough Town Centre,Mechanical,9,18,S/B,3543
2019-12-26,12,16:51:00,Thursday,KINGSTON / Kennedy Station,Mechanical,30,60,W/B,3145
2019-12-26,47,17:00:00,Thursday,Yorkdale Stn,General Delay,150,1,B/W,
2019-12-26,84,17:18:00,Thursday,Weston road and Verobeach Blvd,Diversion,7,14,WB,3197
2019-12-26,165,17:26:00,Thursday,Weston Rd & Bradstock,Diversion,1,1,N/B,
2019-12-26,36,17:29:00,Thursday,Milvan and Finch,Investigation,5,10,W/B,3624
2019-12-26,29,17:57:00,Thursday,Hallem / Dufferin,Mechanical,6,12,N/B,9037
2019-12-26,7,18:00:00,Thursday,bathurst stn,Utilized Off Route,8,16,N/B,8112
2019-12-26,63,18:01:00,Thursday,Atlantic & King,Utilized Off Route,6,13,S/B,8313
2019-12-26,935,18:25:00,Thursday,Pioneer Village Stn,Mechanical,9,17,S/B,3247
2019-12-26,53,18:28:00,Thursday,Passmore and Markham,Mechanical,6,12,W/B,3425
2019-12-26,85,19:15:00,Thursday,Don Mills station,Emergency Services,22,42,E/B,1398
2019-12-26,63,19:37:00,Thursday,Eglinton & Marlee,Investigation,1,1,N/B,1314
2019-12-26,39,20:55:00,Thursday,Swells Road / Littles Road,Late Leaving Garage - Operator,13,26,W/B,1391
2019-12-26,63,21:05:00,Thursday,Atlantic & King,Utilized Off Route,10,20,S/B,8188
2019-12-26,7,21:09:00,Thursday,Bathurst station,Utilized Off Route,9,17,S/B,8154
2019-12-26,52,21:27:00,Thursday,Lawrence Station,Utilized Off Route,20,40,WB,1362
2019-12-26,47,21:30:00,Thursday,Yorkdale Station,Diversion,79,99,B/W,
2019-12-26,122,21:30:00,Thursday,York Mills Station,Mechanical,30,60,E/B,8206
2019-12-26,84,21:43:00,Thursday,Sheppard Yonge,Utilized Off Route,10,20,WB,3326
2019-12-26,85,21:45:00,Thursday,Rouge Hill GO Station,Mechanical,20,40,B/W,9661
2019-12-26,60,21:50:00,Thursday,Pioneer Village,Utilized Off Route,14,28,E/B,3550
2019-12-26,29,21:50:00,Thursday,Dufferin & Lawrence,Utilized Off Route,10,20,N/B,9149
2019-12-26,75,21:51:00,Thursday,Lakeshore & Lower Jarvis,Diversion,1,1,N/B,8355
2019-12-26,84,21:55:00,Thursday,Sheppard West,Utilized Off Route,10,20,WB,3351
2019-12-26,52,21:58:00,Thursday,Lawrence and Dufferin,Utilized Off Route,20,40,WB,8190
2019-12-26,7,21:59:00,Thursday,Bathurst station,Utilized Off Route,9,17,N/B,8154
2019-12-26,52,22:47:00,Thursday,The Westway and Martingrove,Investigation,20,40,WB,1289
2019-12-26,54,22:57:00,Thursday,Yonge and Eglinton,Diversion,20,40,EB,8902
2019-12-26,51,23:01:00,Thursday,Eglinton and Yonge,Diversion,20,40,EB,8383
2019-12-26,34,23:04:00,Thursday,Eglinton/Yonge,Diversion,29,39,E/B,
2019-12-26,56,23:07:00,Thursday,Eglinton and Yonge,Diversion,24,48,EB,8178
2019-12-26,36,23:08:00,Thursday,Finch West Station,Investigation,10,21,wb,3322
2019-12-26,21,23:53:00,Thursday,Brimley /Huntingwood,Diversion,30,60,S/B,
2019-12-27,106,00:00:00,Friday,Sheppard West Station,Investigation,13,25,N/B,8307
2019-12-27,24,00:01:00,Friday,VICTORIA PARK / Victoria Park Station,Mechanical,10,20,N/B,8513
2019-12-27,102,01:00:00,Friday,Warden Station,Investigation,10,20,N/B,8400
2019-12-27,35,01:12:00,Friday,Yorkgate and Jane,Investigation,11,22,N/B,3523
2019-12-27,29,03:53:00,Friday,Dufferin at Lawrence,Mechanical,30,30,N/B,9029
2019-12-27,320,04:08:00,Friday,YONGE & STEELS,Mechanical,15,30,S/B,1100
2019-12-27,134,05:31:00,Friday,Tapscott and Crowtrail,Late Leaving Garage - Mechanical,18,36,E/B,9060
2019-12-27,32,05:39:00,Friday,Keele and Eglinton,Late Leaving Garage - Management,3,6,E/B,1633
2019-12-27,89,05:57:00,Friday,Mt Dennis garage POD Keele stn,Mechanical,6,17,N/B,1047
2019-12-27,953,06:10:00,Friday,Steeles / Bayview,Mechanical,7,13,W/B,9088
2019-12-27,93,06:12:00,Friday,St.Clair and Oconnor.,Late Leaving Garage - Operator,30,30,N/B,9202
2019-12-27,939,06:14:00,Friday,Scarb Town Centre,Late Leaving Garage - Management,6,10,B/W,1509
2019-12-27,91,06:24:00,Friday,Cassandra Blvd and Underhill Road,Late Leaving Garage - Operator,12,24,N/B,9200
2019-12-27,104,06:25:00,Friday,Dufferin and kenard,Mechanical,18,36,S/B,8163
2019-12-27,84,06:26:00,Friday,Sheppard Ave West at Jane St,Mechanical,11,22,E/B,3593
2019-12-27,125,06:37:00,Friday,Bathurst and Antibes,Mechanical,8,16,W/B,1223
2019-12-27,100,06:42:00,Friday,DON MILLS & WYNFORD,Mechanical,4,8,S/B,8847
2019-12-27,81,06:45:00,Friday,Thorncliffe Park,Mechanical,4,9,S/B,3102
2019-12-27,925,06:47:00,Friday,Pape Stn,Late Leaving Garage - Operator,9,18,N/B,
2019-12-27,39,06:47:00,Friday,Old Finch and Morningview Trail,Mechanical,15,30,W/B,3554
2019-12-27,134,07:11:00,Friday,Baldoon and Finch,Late Leaving Garage - Operator,15,30,W/B,9065
2019-12-27,116,07:12:00,Friday,Pan Am drive,Mechanical,7,14,S/B,8801
2019-12-27,7,07:13:00,Friday,Bathurst Station,Utilized Off Route,8,16,N/B,8155
2019-12-27,42,07:19:00,Friday,Cummer and Yonge,Mechanical,12,24,E/B,8173
2019-12-27,116,07:20:00,Friday,kennedy station,Utilized Off Route,7,14,E/B,8694
2019-12-27,63,07:22:00,Friday,King/Atlantic,Utilized Off Route,5,10,N/B,1220
2019-12-27,925,07:23:00,Friday,Pape Stn,Utilized Off Route,9,18,N/B,8884
2019-12-27,25,07:26:00,Friday,Pape Stn,Utilized Off Route,6,12,N/B,8620
2019-12-27,100,07:30:00,Friday,BROADVIEW STATION,Utilized Off Route,4,8,S/B,8917
2019-12-27,95,07:39:00,Friday,Ellesmere Station,Mechanical,8,16,W/B,1651
2019-12-27,939,07:44:00,Friday,VP and Finch,Mechanical,7,15,W/B,1397
2019-12-27,17,07:45:00,Friday,WARDEN STATION,Utilized Off Route,17,25,N/B,8538
2019-12-27,945,07:50:00,Friday,Kipling Station,Mechanical,6,12,W/B,8438
2019-12-27,29,07:52:00,Friday,Princess Gates,Mechanical,7,15,N/B,9030
2019-12-27,925,09:05:00,Friday,Pape Stn,Utilized Off Route,8,16,N/B,8810
2019-12-27,36,09:30:00,Friday,Finch / Keele,Mechanical,5,10,E/B,9112
2019-12-27,87,09:36:00,Friday,BROADVIEW STATION,Utilized Off Route,6,12,S/B,3120
2019-12-27,32,09:48:00,Friday,Industry and Trethewey,Mechanical,11,22,W/B,1108
2019-12-27,36,11:25:00,Friday,Finch west stn,Mechanical,5,10,E/B,3578
2019-12-27,7,11:37:00,Friday,Bathurst Station,Utilized Off Route,8,16,N/B,8354
2019-12-27,63,12:01:00,Friday,King/Atlantic,Utilized Off Route,5,10,N/B,8119
2019-12-27,36,12:27:00,Friday,Finch / Arrow,Mechanical,5,10,E/B,9130
2019-12-27,60,12:38:00,Friday,Pioneer Village Station,Utilized Off Route,5,11,E/B,3609
2019-12-27,35,12:41:00,Friday,Pioneer Vbillae Stn,Utilized Off Route,7,22,S/B,3614
2019-12-27,36,12:42:00,Friday,Finch West stn,Utilized Off Route,5,10,E/B,3595
2019-12-27,935,12:45:00,Friday,Pioneer Village Stn,Utilized Off Route,11,22,S/B,3643
2019-12-27,36,12:45:00,Friday,Finch West stn,Utilized Off Route,5,10,E/B,9110
2019-12-27,96,12:45:00,Friday,Carrier Loop,Utilized Off Route,24,48,E/B,3221
2019-12-27,41,12:46:00,Friday,Finch West Station,Utilized Off Route,12,24,S/B,9102
2019-12-27,84,12:46:00,Friday,Sheppard Ave West at Jane St,Utilized Off Route,8,16,W/B,3256
2019-12-27,89,12:47:00,Friday,Weston and church,Utilized Off Route,11,22,N/B,1261
2019-12-27,32,12:49:00,Friday,Renforth Station,Mechanical,11,22,E/B,1203
2019-12-27,36,12:50:00,Friday,Finch west stn,Utilized Off Route,5,5,E/B,3192
2019-12-27,165,12:50:00,Friday,Finch/Weston,Utilized Off Route,12,24,S/B,3620
2019-12-27,35,12:50:00,Friday,Pioneer Village Stn,Utilized Off Route,7,14,S/B,3317
2019-12-27,984,12:53:00,Friday,Sheppard West Station,Utilized Off Route,10,20,E/B,3248
2019-12-27,39,12:55:00,Friday,Finch Station,Utilized Off Route,16,32,E/B,3405
2019-12-27,25,12:55:00,Friday,Don Mills Stn,Utilized Off Route,9,18,N/B,8827
2019-12-27,939,12:55:00,Friday,Finch West Station,Utilized Off Route,9,18,E/B,3479
2019-12-27,995,12:55:00,Friday,York Mills Station,Utilized Off Route,15,30,E/B,3532
2019-12-27,165,12:55:00,Friday,Steeles/Weston,Utilized Off Route,12,24,N/B,3594
2019-12-27,36,12:56:00,Friday,Finch west stn,Utilized Off Route,5,5,E/B,3327
2019-12-27,927,12:57:00,Friday,steeles Loop,Utilized Off Route,7,14,N/B,3610
2019-12-27,60,12:58:00,Friday,Pioneer Village Station,Utilized Off Route,5,11,E/B,3530
2019-12-27,36,12:59:00,Friday,Finch west stn,Utilized Off Route,5,5,E/B,9133
2019-12-27,35,13:00:00,Friday,Pioneer Village Stn,Utilized Off Route,7,14,S/B,3228
2019-12-27,60,13:05:00,Friday,Pioneer Village station,Utilized Off Route,5,11,E/B,3336
2019-12-27,711,13:08:00,Friday,Eglinton Station,Utilized Off Route,1,1,E/B,8371
2019-12-27,716,13:08:00,Friday,Warden STN,Utilized Off Route,1,1,,8958
2019-12-27,36,13:10:00,Friday,Finch west stn,Utilized Off Route,5,5,E/B,9123
2019-12-27,85,13:10:00,Friday,Don Mill station,Utilized Off Route,7,14,,3452
2019-12-27,109,13:11:00,Friday,Neptune and Bathurst,Utilized Off Route,40,80,S/B,1279
2019-12-27,996,13:14:00,Friday,Islington and Elmhurst,Utilized Off Route,12,24,W/B,3289
2019-12-27,73,13:15:00,Friday,Clairport at Albion,Utilized Off Route,17,34,S/B,8416
2019-12-27,711,13:16:00,Friday,Bayview and Sheppard,Utilized Off Route,1,1,N/B,8183
2019-12-27,7,13:17:00,Friday,Bathurst and Wilson,Utilized Off Route,8,16,N/B,8155
2019-12-27,36,13:18:00,Friday,Finch west stn,Utilized Off Route,5,5,W/B,3361
2019-12-27,39,13:20:00,Friday,Finch Station,Utilized Off Route,16,32,E/B,1662
2019-12-27,45,13:22:00,Friday,Kipling/Steeles,Utilized Off Route,10,20,N/B,7913
2019-12-27,25,13:22:00,Friday,Don Mills Station,Mechanical,10,20,S/B,8929
2019-12-27,84,13:25:00,Friday,Sheppard Ave West at Keele St,Utilized Off Route,8,16,E/B,3269
2019-12-27,129,13:27:00,Friday,Sheppard/ McCowan,Mechanical,27,41,B/W,3409
2019-12-27,34,13:28:00,Friday,Eglinton Station,Utilized Off Route,11,22,E/B,8749
2019-12-27,996,13:29:00,Friday,Keele and Wilson,Utilized Off Route,12,24,E/B,3275
2019-12-27,71,13:29:00,Friday,Mt.Dennis/Industry,Utilized Off Route,14,27,N/B,1107
2019-12-27,165,13:30:00,Friday,Steeles/Weston,Utilized Off Route,12,24,N/B,3207
2019-12-27,36,13:31:00,Friday,Finch west stn,Utilized Off Route,5,5,W/B,9134
2019-12-27,60,13:32:00,Friday,Pioneer Village Station,Utilized Off Route,5,11,E/B,3296
2019-12-27,7,13:34:00,Friday,Bathurst Station,Mechanical,8,16,N/B,8354
2019-12-27,129,13:38:00,Friday,STC,Utilized Off Route,18,25,B/W,1533
2019-12-27,39,13:40:00,Friday,Finch Station,Utilized Off Route,16,32,E/B,1398
2019-12-27,161,13:40:00,Friday,Jane/Alliance,Utilized Off Route,17,34,E/B,1208
2019-12-27,36,13:43:00,Friday,Finch / Sentinel,Utilized Off Route,5,5,E/B,3238
2019-12-27,102,13:44:00,Friday,Warden STN,Utilized Off Route,22,44,E/B,3118
2019-12-27,935,13:48:00,Friday,Jane Stn,Investigation,11,22,N/B,3225
2019-12-27,68,13:49:00,Friday,Warden and Steeles,Utilized Off Route,10,20,B/W,8796
2019-12-27,70,13:50:00,Friday,Coxwell Station,Vision,12,34,B/W,8649
2019-12-27,106,13:50:00,Friday,Pioneer Village station,Utilized Off Route,13,26,,8307
2019-12-27,36,13:52:00,Friday,Finch / Sentinel,Utilized Off Route,5,5,E/B,9124
2019-12-27,944,13:56:00,Friday,Colonel Sam Smith loop,Utilized Off Route,8,16,S/B,7909
2019-12-27,161,13:58:00,Friday,Jane/Alliance,Mechanical,17,34,E/B,1087
2019-12-27,36,14:01:00,Friday,Finch / Sentinel,Utilized Off Route,5,5,E/B,9114
2019-12-27,84,14:04:00,Friday,Weston Rd at Bradstock RD,Utilized Off Route,8,16,E/B,3190
2019-12-27,59,14:06:00,Friday,Arrow Garage,Utilized Off Route,30,60,S/B,3700
2019-12-27,7,14:08:00,Friday,Bathurst and Steeles,Utilized Off Route,8,16,S/B,8130
2019-12-27,100,14:11:00,Friday,Broadview Station,Utilized Off Route,6,12,N/B,8686
2019-12-27,929,14:12:00,Friday,Wilson Station,Utilized Off Route,10,20,S/B,9028
2019-12-27,36,14:12:00,Friday,Finch / Sentinel,Utilized Off Route,5,5,E/B,3360
2019-12-27,87,14:15:00,Friday,Broadview Stn,Utilized Off Route,11,22,E/B,8525
2019-12-27,939,14:20:00,Friday,Finch West Station,Utilized Off Route,9,18,E/B,1404
2019-12-27,925,14:23:00,Friday,Pape Station,Utilized Off Route,12,24,N/B,8810
2019-12-27,52,14:23:00,Friday,Lawrence Station,Mechanical,14,28,W/B,1389
2019-12-27,100,14:24:00,Friday,Broadview Station,Utilized Off Route,7,13,N/B,8887
2019-12-27,25,14:27:00,Friday,Pape Station,Utilized Off Route,10,20,N/B,8778
2019-12-27,29,14:32:00,Friday,Wolson Atation,Mechanical,8,16,S/B,9056
2019-12-27,939,14:33:00,Friday,Finch Station,Mechanical,10,20,W/B,3412
2019-12-27,984,14:42:00,Friday,Sheppard West Station,Mechanical,10,20,E/B,3631
2019-12-27,35,14:45:00,Friday,Pioneer Village Stn,Utilized Off Route,6,8,S/B,3578
2019-12-27,935,14:55:00,Friday,Pioneer Village Stn,Utilized Off Route,7,14,N/B,3349
2019-12-27,960,15:00:00,Friday,Finch Station,Mechanical,15,30,E/B,3348
2019-12-27,984,15:01:00,Friday,Sheppard Ave West at Rivalda Rd,Late Leaving Garage - Operator,9,1,E/B,3202
2019-12-27,129,15:01:00,Friday,Highway 7,Diversion,27,54,S/B,1533
2019-12-27,129,15:01:00,Friday,Highway 7,Diversion,28,53,S/B,1533
2019-12-27,939,15:13:00,Friday,Finch Station,Late Leaving Garage - Mechanical,7,15,E/B,3412
2019-12-27,37,15:15:00,Friday,Steels Loop at Islington,Utilized Off Route,20,40,S/B,8611
2019-12-27,52,15:15:00,Friday,Lawrence Ave West at Caledonia Rd,Mechanical,14,28,W/B,8106
2019-12-27,989,15:19:00,Friday,Keele station,Late Leaving Garage - Mechanical,14,28,S/B,1088
2019-12-27,925,15:25:00,Friday,Eglinton Yard,Mechanical,0,0,OB,8710
2019-12-27,11,15:25:00,Friday,Davisville Station,Utilized Off Route,16,32,N/B,8202
2019-12-27,985,15:32:00,Friday,STC,Mechanical,10,20,W/B,9091
2019-12-27,89,15:32:00,Friday,Keele Stn,Late Leaving Garage - Mechanical,11,22,N/B,1149
2019-12-27,6,15:42:00,Friday,Davenport/Belmont,Investigation,8,15,N/B,1350
2019-12-27,49,15:43:00,Friday,Kipling Satation,Investigation,12,24,E/B,8462
2019-12-27,161,15:46:00,Friday,Dufferin/Davenport,Mechanical,13,39,E/B,1104
2019-12-27,32,15:50:00,Friday,Keele and Eglitnon,Investigation,10,20,E/B,1011
2019-12-27,32,15:51:00,Friday,WB on Eglinton at Islington,Mechanical,10,20,W/B,1041
2019-12-27,937,15:55:00,Friday,Islington Station,Utilized Off Route,12,24,N/B,8421
2019-12-27,167,16:00:00,Friday,Pharmacy and GlenDinning Avenue,Diversion,184,214,E/B,
2019-12-27,68,16:01:00,Friday,Warden/ McNicoll,Investigation,16,24,S/B,8924
2019-12-27,9,16:23:00,Friday,Warden STN,Mechanical,19,39,N/B,8473
2019-12-27,902,16:30:00,Friday,Warden STN,Mechanical,10,20,E/B,8500
2019-12-27,996,16:30:00,Friday,York Mills Stn,Mechanical,12,24,W/B,3563
2019-12-27,10,16:40:00,Friday,Don Mills STN,Late Leaving Garage - Operator,10,20,N/B,8325
2019-12-27,984,16:45:00,Friday,Sheppard Station,Mechanical,10,20,W/B,3191
2019-12-27,88,16:53:00,Friday,St. Clair Station,Investigation,15,45,E/B,8332
2019-12-27,88,16:53:00,Friday,St. Clair Station,Investigation,15,45,E/B,8100
2019-12-27,126,17:19:00,Friday,christie and dupont,Investigation,17,34,N/B,1521
2019-12-27,39,17:27:00,Friday,Finch Station,Investigation,14,28,E/B,3426
2019-12-27,86,17:43:00,Friday,Beechgrove/Coronation,Diversion,107,123,E/B,
2019-12-27,25,18:00:00,Friday,Don Mills and The Don Way,Diversion,42,53,N/B,8659
2019-12-27,925,18:00:00,Friday,Don Mills and The Don Way,Diversion,42,61,N/B,8625
2019-12-27,134,18:00:00,Friday,Centennial College,Mechanical,5,10,W/B,1298
2019-12-27,984,18:12:00,Friday,Sheppard and Rivalda,Mechanical,10,20,E/B,3202
2019-12-27,24,18:13:00,Friday,Steeles Loop at Victoria Park,Mechanical,9,22,S/B,8495
2019-12-27,6,18:16:00,Friday,Davenport/Dupont,Mechanical,8,15,S/B,3732
2019-12-27,84,18:30:00,Friday,Sheppard and Oakdale q,Mechanical,5,10,E/B,3367
2019-12-27,945,18:33:00,Friday,Kipling Stn,Mechanical,8,15,N/B,8052
2019-12-27,59,18:56:00,Friday,Weston Rd and Rectory,Mechanical,30,60,W/B,3704
2019-12-27,37,19:40:00,Friday,Woodbine Race Track,Mechanical,27,55,N/B,7967
2019-12-27,96,19:43:00,Friday,wilson station,Mechanical,10,20,E/B,3619
2019-12-27,35,19:59:00,Friday,Eglinton and Jane,Investigation,9,17,S/B,3627
2019-12-27,96,20:29:00,Friday,carrier loop,Vision,10,20,N/B,3246
2019-12-27,161,20:48:00,Friday,jane and alliance,Mechanical,17,34,N/B,1418
2019-12-27,37,21:31:00,Friday,Rexdale at Kipling,Emergency Services,20,40,S/B,8018
2019-12-27,905,22:01:00,Friday,Scarborough Loop at U of T,Investigation,13,26,W/B,8709
2019-12-27,89,22:20:00,Friday,Weston Rd & Albion,Mechanical,10,20,S/B,1122
2019-12-27,96,22:22:00,Friday,humber college and john garland,Investigation,10,24,N/B,3199
2019-12-27,35,22:46:00,Friday,Pioneer Stn,Mechanical,9,18,S/B,3572
2019-12-27,131,23:07:00,Friday,Mclevin/John Tabor trail,Mechanical,15,30,E/B,3454
2019-12-27,34,23:16:00,Friday,Eglinton and Yonge,Diversion,1,1,W/B,8807
2019-12-27,35,23:20:00,Friday,Jane and Yewtree,Investigation,9,18,N/B,3578
2019-12-27,54,23:25:00,Friday,Eglinton and Dunfield,Diversion,16,36,B/W,
2019-12-27,60,23:30:00,Friday,Finch Station,Mechanical,20,40,W/B,3293
2019-12-28,45,01:01:00,Saturday,SLPK - Kipling & Steeles loop,Investigation,10,20,S/B,8037
2019-12-28,85,01:38:00,Saturday,Pharmacy and Sheppard,Mechanical,10,20,E/B,1335
2019-12-28,44,02:06:00,Saturday,Kipling Station,Investigation,30,60,S/B,8431
2019-12-28,320,02:55:00,Saturday,Yonge and Finch,Emergency Services,3,7,S/B,1413
2019-12-28,94,03:27:00,Saturday,Yonge and Lytton Blvd,Emergency Services,3,7,S/B,1090
2019-12-28,300,04:49:00,Saturday,WOODBINE/DANFORTH,Emergency Services,15,20,W/B,9209
2019-12-28,63,05:13:00,Saturday,Oakwood and Eglinton,Investigation,13,43,S/B,1319
2019-12-28,47,05:21:00,Saturday,York Dale Station,Late Leaving Garage - Mechanical,8,16,S/B,1080
2019-12-28,300,05:35:00,Saturday,EAST MALL/BLOOR,Emergency Services,1,1,E/B,8441
2019-12-28,43,05:45:00,Saturday,warden stn,Late Leaving Garage - Operator,7,1,S/B,8817
2019-12-28,55,06:00:00,Saturday,Dundas at Scarlet,Emergency Services,30,60,S/B,1419
2019-12-28,56,06:00:00,Saturday,DONLANDS/O'CONNOR,Diversion,34,53,B/W,
2019-12-28,73,06:00:00,Saturday,Royal York Station,Emergency Services,15,30,S/B,8441
2019-12-28,66,06:00:00,Saturday,Humber loop,Late Leaving Garage - Mechanical,32,32,S/B,8427
2019-12-28,76,06:10:00,Saturday,Royal York Station,Late Leaving Garage - Mechanical,7,17,S/B,8462
2019-12-28,8,06:22:00,Saturday,Donlands and Oconnor,Diversion,108,138,B/W,9206
2019-12-28,96,06:34:00,Saturday,Jane/Wilson,Investigation,20,40,W/B,3275
2019-12-28,73,06:37:00,Saturday,Dixon and Royal York,Mechanical,1,1,N/B,8445
2019-12-28,984,07:01:00,Saturday,Sheppard-Yonge Station,Mechanical,16,32,W/B,3201
2019-12-28,35,07:01:00,Saturday,Jane an d Giltspur,Investigation,15,30,S/B,3299
2019-12-28,26,07:34:00,Saturday,St. Georage Station,Late Leaving Garage - Mechanical,24,48,N/B,1019
2019-12-28,14,07:40:00,Saturday,YONGE/DAVISVILLE,Mechanical,20,40,E/B,1102
2019-12-28,52,07:43:00,Saturday,Lawrence Station,Mechanical,20,40,W/B,8378
2019-12-28,32,08:05:00,Saturday,EGLINTON STATION,Utilized Off Route,10,20,W/B,1004
2019-12-28,161,08:14:00,Saturday,Ossington Stn,Investigation,13,26,W/B,1521
2019-12-28,86,08:26:00,Saturday,Kennedy Station,Mechanical,10,20,S/B,8918
2019-12-28,53,08:37:00,Saturday,Markham & Passmore,Mechanical,19,38,W/B,1294
2019-12-28,42,08:50:00,Saturday,Wilson garage POD Finch stn,Late Leaving Garage - Mechanical,17,33,E/B,8336
2019-12-28,985,09:05:00,Saturday,Scarborough Town Centre,Diversion,1,1,NW,
2019-12-28,116,09:09:00,Saturday,kennedy Station,Late Leaving Garage - Mechanical,9,18,E/B,8849
2019-12-28,63,09:35:00,Saturday,Eglinton West Stn,Late Leaving Garage - Management,5,10,S/B,8329
2019-12-28,927,09:56:00,Saturday,Martin Grove and Albion,Mechanical,7,14,N/B,3329
2019-12-28,124,10:27:00,Saturday,YONGE/LAWRENCE,Investigation,20,40,E/B,8372
2019-12-28,89,10:28:00,Saturday,West Toronto Street,Diversion,32,32,S/B,
2019-12-28,129,10:30:00,Saturday,Scarborough Town Centre,Mechanical,6,12,N/B,3514
2019-12-28,124,11:10:00,Saturday,SUNNYBROOK HOSPITAL,Investigation,20,40,W/B,8372
2019-12-28,64,11:16:00,Saturday,Wineva/Queen Street,Emergency Services,14,26,N/B,9200
2019-12-28,52,11:30:00,Saturday,Braecrest Ave at the West Way,Utilized Off Route,20,40,W/B,8321
2019-12-28,84,11:30:00,Saturday,Weston Rd at Bradstock Rd to Sheppard-Yonge Station,General Delay,15,25,B/W,
2019-12-28,52,11:32:00,Saturday,Braecrest Ave at The West Way,Mechanical,20,40,B/W,8367
2019-12-28,68,11:44:00,Saturday,Warden stn,Late Leaving Garage - Operator,12,1,S/B,8878
2019-12-28,32,11:46:00,Saturday,Eglinton West Station,Mechanical,10,20,W/B,1118
2019-12-28,939,11:59:00,Saturday,McCowan and Trinto road,Investigation,12,26,W/B,1332
2019-12-28,64,12:00:00,Saturday,Main Station to Queen/Wineva,General Delay,10,20,B/W,
2019-12-28,23,12:00:00,Saturday,23 Dawes Road,General Delay,10,20,B/W,
2019-12-28,52,12:00:00,Saturday,Westwood Mall to Lawrence Station,General Delay,10,30,B/W,
2019-12-28,65,12:00:00,Saturday,65 Parliament Route,General Delay,15,30,B/W,
2019-12-28,63,12:02:00,Saturday,Ossington/Dundas,Investigation,6,11,N/B,1368
2019-12-28,134,12:04:00,Saturday,Triton road and McCowan,Diversion,50,75,B/W,
2019-12-28,133,12:04:00,Saturday,Triton road and McCowan,Diversion,50,60,B/W,
2019-12-28,132,12:04:00,Saturday,Triton road and McCowan,Diversion,50,60,B/W,
2019-12-28,130,12:04:00,Saturday,Triton road and McCowan,Diversion,50,75,B/W,
2019-12-28,129,12:04:00,Saturday,Triton road and McCowan,Diversion,50,56,B/W,
2019-12-28,16,12:04:00,Saturday,Triton road and McCowan,Diversion,50,65,B/W,
2019-12-28,9,12:04:00,Saturday,Triton road  and McCowan,Diversion,50,74,B/W,
2019-12-28,38,12:04:00,Saturday,Triton road and McCowan,Diversion,50,59,B/W,
2019-12-28,131,12:04:00,Saturday,Triton road and McCowan,Diversion,50,64,B/W,
2019-12-28,64,12:18:00,Saturday,Mian Station,Mechanical,10,20,S/B,8586
2019-12-28,52,12:29:00,Saturday,Lawrence West Station,Mechanical,10,20,W/B,8203
2019-12-28,29,13:14:00,Saturday,Dufferin and Lawrence,Late Leaving Garage - Mechanical,7,14,N/B,9045
2019-12-28,32,13:42:00,Saturday,Keele and Eglinton,Mechanical,9,18,E/B,1423
2019-12-28,168,14:16:00,Saturday,Avon Loop,Mechanical,7,14,E/B,1033
2019-12-28,129,14:24:00,Saturday,Sheppard and McCowan,Mechanical,12,24,N/B,1393
2019-12-28,100,14:24:00,Saturday,Broadview Station,Utilized Off Route,9,18,N/B,8778
2019-12-28,720,14:26:00,Saturday,Coxwell Station,Utilized Off Route,1,1,N/B,8857
2019-12-28,47,14:40:00,Saturday,Earscourt Loop,Mechanical,18,36,S/B,1087
2019-12-28,115,15:04:00,Saturday,Leslie and York Mills,Mechanical,30,60,W/B,8328
2019-12-28,24,15:18:00,Saturday,Victoria Park/ Valdane Drive,Investigation,10,19,S/B,3124
2019-12-28,927,15:20:00,Saturday,Dundas and East Mall,Investigation,7,14,S/B,3319
2019-12-28,6,15:25:00,Saturday,Bay and Gerrard,Diversion,239,225,B/W,1065
2019-12-28,68,15:30:00,Saturday,Warden station,Utilized Off Route,10,20,N/B,8928
2019-12-28,116,15:32:00,Saturday,Kennedy Station,Utilized Off Route,7,14,E/B,8847
2019-12-28,720,15:35:00,Saturday,Broadview Station,Utilized Off Route,1,1,N/B,8857
2019-12-28,29,15:48:00,Saturday,Bloor and Dufferin,Investigation,3,6,S/B,9027
2019-12-28,720,15:55:00,Saturday,Kennedy Station,Utilized Off Route,1,1,W/B,8851
2019-12-28,29,15:56:00,Saturday,King and Dufferin,Investigation,4,8,S/B,9148
2019-12-28,129,15:57:00,Saturday,STC,Emergency Services,30,60,N/B,8548
2019-12-28,716,16:00:00,Saturday,Warden station,Utilized Off Route,0,0,N/B,8484
2019-12-28,720,16:00:00,Saturday,Warden station,Utilized Off Route,0,0,B/W,8659
2019-12-28,36,16:03:00,Saturday,Finch and Weston Road,Investigation,0,0,E/B,3342
2019-12-28,12,16:21:00,Saturday,Kennedy station,Mechanical,15,30,E/B,9239
2019-12-28,100,16:30:00,Saturday,Broadview Station,Utilized Off Route,9,18,N/B,8715
2019-12-28,24,16:33:00,Saturday,Victoria Park station,Utilized Off Route,8,15,N/B,8954
2019-12-28,52,16:40:00,Saturday,Lawrence at Keele,Mechanical,10,20,W/B,8395
2019-12-28,87,16:55:00,Saturday,Broadview Station,Mechanical,10,20,N/B,8564
2019-12-28,25,16:56:00,Saturday,Pape station,Utilized Off Route,8,17,S/B,8935
2019-12-28,73,17:16:00,Saturday,Eglinton and Royal York,Investigation,15,30,N/B,8080
2019-12-28,47,17:20:00,Saturday,Yorkdale Stn and Queen and Lansdowne,General Delay,70,90,B/W,
2019-12-28,939,17:30:00,Saturday,Finch West Station,Investigation,12,24,E/B,3496
2019-12-28,52,17:39:00,Saturday,Dixon at Martin Grove,Emergency Services,17,34,E/B,8102
2019-12-28,46,17:40:00,Saturday,Martin Grove & Dixon,Investigation,17,34,S/B,3528
2019-12-28,45,17:47:00,Saturday,KPSN - Kipling Stn,Mechanical,10,20,N/B,8081
2019-12-28,21,18:15:00,Saturday,Brimley and Huntingwood,Investigation,15,30,S/B,1662
2019-12-28,39,18:24:00,Saturday,Finch and Victoria Park,Mechanical,14,28,W/B,1531
2019-12-28,52,18:45:00,Saturday,Dixon at Martin Grove,Diversion,270,280,B/W,
2019-12-28,935,18:47:00,Saturday,Jane and Alliance,Investigation,8,17,S/B,3210
2019-12-28,35,18:47:00,Saturday,Jane and Alliance,Investigation,8,15,S/B,3307
2019-12-28,46,19:15:00,Saturday,Martin Grove & Dixon Road,Diversion,20,40,N/B,
2019-12-28,102,19:34:00,Saturday,Stevenwood,Mechanical,59,72,N/B,8474
2019-12-28,102,19:34:00,Saturday,Stevenwood,Utilized Off Route,20,30,N/B,3159
2019-12-28,60,20:24:00,Saturday,Pioneer Village Station,Investigation,13,26,E/B,3266
2019-12-28,51,20:45:00,Saturday,Eglinton Stn.,Mechanical,30,60,E/B,1247
2019-12-28,135,21:05:00,Saturday,Warden and Catarqui,Emergency Services,30,60,S/B,8570
2019-12-28,102,21:20:00,Saturday,Warden Station,Utilized Off Route,10,20,E/B,3153
2019-12-28,53,21:24:00,Saturday,Tapscott Road and Passmore Ave,Investigation,15,30,E/B,1316
2019-12-28,53,21:45:00,Saturday,Morningside and Staines,Mechanical,10,20,W/B,3502
2019-12-28,39,22:29:00,Saturday,Trudy and Finch,Mechanical,17,34,E/B,1397
2019-12-28,86,22:33:00,Saturday,Kennedy Station,Mechanical,9,18,E/B,8805
2019-12-28,39,23:15:00,Saturday,Finch Station,Investigation,15,30,E/B,3518
2019-12-28,123,23:57:00,Saturday,Evans & West Mall,Investigation,30,60,N/B,7924
2019-12-29,12,00:57:00,Sunday,Victoria Park station,Investigation,22,44,S/B,3133
2019-12-29,315,02:10:00,Sunday,Evans Road / Kipling,Mechanical,30,60,E/B,8020
2019-12-29,320,02:59:00,Sunday,Yonge and Eglinton,Emergency Services,3,7,S/B,8373
2019-12-29,329,03:10:00,Sunday,Sheppard and Allen,Utilized Off Route,30,60,N,1080
2019-12-29,320,03:30:00,Sunday,Yonge and Steeles.,Utilized Off Route,3,7,S/B,1348
2019-12-29,320,06:03:00,Sunday,Yonge and Lakeshore,Emergency Services,3,6,N/B,8920
2019-12-29,307,06:06:00,Sunday,Niagara St.,Investigation,20,40,N/B,8135
2019-12-29,29,06:26:00,Sunday,Dufferin and Lawrence,Late Leaving Garage - Operator,27,48,N/B,9144
2019-12-29,6,06:29:00,Sunday,Dabvenport and Dupont,Investigation,30,60,B/W,1062
2019-12-29,307,07:00:00,Sunday,Exhibition Loop - Greenwin Village and Steeles,General Delay,20,40,B/W,8135
2019-12-29,36,07:06:00,Sunday,Finch stn,Investigation,10,20,W/B,3183
2019-12-29,36,07:15:00,Sunday,Jane /Finch,Mechanical,11,22,W/B,3245
2019-12-29,52,07:19:00,Sunday,Lawrence Ave West at Ledbury Ave,Investigation,20,40,E/B,8111
2019-12-29,129,07:24:00,Sunday,Steeles and McCowan,Late Leaving Garage - Mechanical,12,24,S/B,3554
2019-12-29,116,07:25:00,Sunday,Staines and Morningside,Late Leaving Garage - Operator,10,20,S/B,8808
2019-12-29,53,07:27:00,Sunday,Markham and Passmore,Utilized Off Route,9,18,W/B,3554
2019-12-29,300,07:30:00,Sunday,ROUTE 300- BLOOR-DANFORTH NIGHT BUS,General Delay,20,32,B/W,
2019-12-29,73,07:34:00,Sunday,Finch & Albian,Diversion,50,80,E/B,0
2019-12-29,116,07:45:00,Sunday,Staines and Morningside,Late Leaving Garage - Mechanical,10,20,W/B,8814
2019-12-29,47,07:50:00,Sunday,Earlscourt Loop,Late Leaving Garage - Mechanical,16,32,S/B,1087
2019-12-29,7,07:52:00,Sunday,Drewry and Bathurst,Utilized Off Route,10,22,N/B,8351
2019-12-29,63,07:55:00,Sunday,Eglinton West Stn,Utilized Off Route,9,19,S/B,8106
2019-12-29,116,07:55:00,Sunday,Eglinton Garage,Utilized Off Route,10,20,W/B,8814
2019-12-29,52,07:55:00,Sunday,Lawrence West Station,Utilized Off Route,20,40,W/B,1314
2019-12-29,102,07:57:00,Sunday,warden stn,Utilized Off Route,10,20,S/B,3118
2019-12-29,162,07:58:00,Sunday,DONWAY EAST/ LAWRENCE,Late Leaving Garage - Mechanical,15,45,W/B,1220
2019-12-29,14,08:00:00,Sunday,CALEDONIA/GLENCAIRN,Mechanical,20,40,E/B,1272
2019-12-29,36,08:00:00,Sunday,Finch stn,Utilized Off Route,10,20,W/B,3349
2019-12-29,52,08:01:00,Sunday,Lawrence Ave West  at Benton Rd,Utilized Off Route,20,40,E/B,8109
2019-12-29,32,08:05:00,Sunday,Caledonia and Eglinton,Mechanical,10,10,E/B,1104
2019-12-29,36,08:05:00,Sunday,Finch /Bathurst,Utilized Off Route,10,20,E/B,3276
2019-12-29,165,08:10:00,Sunday,Wilson Stn,Utilized Off Route,25,43,E/B,3188
2019-12-29,320,08:11:00,Sunday,Yonge and Steeles,Utilized Off Route,3,6,B/W,1387
2019-12-29,72,08:16:00,Sunday,pape station,Late Leaving Garage - Mechanical,18,36,B/W,8569
2019-12-29,29,08:24:00,Sunday,Wilson Station,Utilized Off Route,13,13,S/B,9142
2019-12-29,47,08:35:00,Sunday,York Dale Station,Late Leaving Garage - Mechanical,20,40,S/B,1114
2019-12-29,32,08:37:00,Sunday,EGLINTON STATION,Utilized Off Route,10,20,W/B,1067
2019-12-29,985,09:00:00,Sunday,Scarborough Town Centre,Diversion,1,1,N/W,
2019-12-29,23,09:17:00,Sunday,Danforth Ave/Dawes Rd,Diversion,23,33,B/W,3102
2019-12-29,36,09:20:00,Sunday,Finch W stn,Late Leaving Garage - Mechanical,6,13,W/B,3332
2019-12-29,32,09:21:00,Sunday,Renforth and Eglinton,Mechanical,10,20,E/B,1118
2019-12-29,113,09:27:00,Sunday,Danforth Ave/Dawes Rd,Diversion,13,33,B/W,3126
2019-12-29,20,09:32:00,Sunday,Danforth Ave/Dawes Rd,Diversion,8,32,B/W,9239
2019-12-29,32,10:22:00,Sunday,Eglinton and E of Renforth,Investigation,10,20,E/B,1202
2019-12-29,76,10:40:00,Sunday,Lakeshore & Mimico,Mechanical,8,16,S/B,8027
2019-12-29,939,10:42:00,Sunday,McCowan and Sheppard,Mechanical,16,32,W/B,3435
2019-12-29,17,10:43:00,Sunday,Steels loop at warden,Investigation,24,48,S/B,8957
2019-12-29,52,11:24:00,Sunday,Lawrence Station,Mechanical,19,31,W/B,1321
2019-12-29,39,11:32:00,Sunday,Braham Ave/Finch,Mechanical,17,34,W/B,1661
2019-12-29,86,11:34:00,Sunday,Kennedy Station,Mechanical,7,14,E/B,8869
2019-12-29,905,11:50:00,Sunday,kennedy Station,Mechanical,11,22,E/B,8853
2019-12-29,89,11:55:00,Sunday,Weston Rd and Fern Ave,Diversion,10,65,B/W,1032
2019-12-29,135,12:00:00,Sunday,Entire route,General Delay,10,25,N/B,
2019-12-29,64,12:00:00,Sunday,64 Main Station to Queen/Wineva,General Delay,10,20,B/W,
2019-12-29,108,12:01:00,Sunday,Sheppard W Station,Late Leaving Garage - Mechanical,9,19,W/B,3562
2019-12-29,36,12:05:00,Sunday,Finch W stn,Mechanical,5,10,W/B,3331
2019-12-29,71,12:10:00,Sunday,Industry and Mt. Dennis,Mechanical,15,30,S/B,1421
2019-12-29,52,12:11:00,Sunday,Lawrence West Station,Late Leaving Garage - Operator,7,14,B/W,8159
2019-12-29,84,12:14:00,Sunday,Sheppard-Yonge Station,Late Leaving Garage - Mechanical,7,17,W/B,3586
2019-12-29,47,12:15:00,Sunday,Earlscourt loop,Mechanical,18,36,S/B,1349
2019-12-29,49,12:18:00,Sunday,KPSN - Kipling Stn,Mechanical,30,30,W/B,8424
2019-12-29,106,12:25:00,Sunday,Sheppard West Stn,Mechanical,10,20,S/B,8355
2019-12-29,45,12:29:00,Sunday,KPSN - Kipling Stn,Utilized Off Route,10,20,N/B,8603
2019-12-29,17,12:32:00,Sunday,Steeles Ave and Birchmount Road,Mechanical,18,36,N/B,8497
2019-12-29,21,12:40:00,Sunday,Kennedy Station,Mechanical,18,36,N/B,1653
2019-12-29,52,12:41:00,Sunday,Lawrence  Station,Late Leaving Garage - Operator,14,28,W/B,8203
2019-12-29,24,12:45:00,Sunday,Victoria Park Station,Late Leaving Garage - Operator,7,13,N/B,3172
2019-12-29,17,13:00:00,Sunday,Entire route,General Delay,12,30,N/B,
2019-12-29,113,13:00:00,Sunday,Danforth Ave/Sibley Ave,Investigation,20,40,W/B,9232
2019-12-29,52,13:14:00,Sunday,Lawrence West Station,Late Leaving Garage - Operator,7,14,W/B,1237
2019-12-29,86,13:15:00,Sunday,kennedy Station,Mechanical,8,16,W/B,8864
2019-12-29,22,13:18:00,Sunday,Binhgam Loop,Mechanical,10,20,N/B,8405
2019-12-29,64,13:20:00,Sunday,Hambly Ave/Williamson Rd,Diversion,32,42,N/B,3136
2019-12-29,16,13:37:00,Sunday,Scarborough Town Center,Mechanical,12,24,N/B,9226
2019-12-29,116,13:40:00,Sunday,Galloway and Guildwood park,Mechanical,7,14,E/B,8777
2019-12-29,41,13:49:00,Sunday,Keele Stn,Mechanical,11,22,N/B,1106
2019-12-29,129,13:50:00,Sunday,Scarborough Town Centre,Mechanical,9,18,N/B,3518
2019-12-29,60,14:19:00,Sunday,yonge/Steeles,Investigation,10,20,N/B,3350
2019-12-29,63,14:24:00,Sunday,King/Atlantic,Utilized Off Route,6,13,N/B,8313
2019-12-29,89,14:24:00,Sunday,Keele Station,Utilized Off Route,10,20,N/B,1516
2019-12-29,44,14:27:00,Sunday,Colonel Samuel Smith Loop,Utilized Off Route,10,20,N/B,8438
2019-12-29,45,14:29:00,Sunday,Kipling Station,Utilized Off Route,10,20,N/B,8041
2019-12-29,52,14:29:00,Sunday,Lawrence West Station,Mechanical,7,14,W/B,1237
2019-12-29,47,14:30:00,Sunday,Queen and Lansdowne,Utilized Off Route,18,36,N/B,1087
2019-12-29,86,14:32:00,Sunday,lawrence and kingsron Road,Investigation,7,14,E/B,8705
2019-12-29,123,14:36:00,Sunday,Long Branch,Utilized Off Route,18,36,N/B,8086
2019-12-29,29,14:56:00,Sunday,Sb On Dufferin at Bloor1,Investigation,5,10,S/B,9039
2019-12-29,81,15:21:00,Sunday,Pape Station,Mechanical,10,20,E/B,8403
2019-12-29,85,15:35:00,Sunday,Toronto Zoo,Mechanical,6,17,S/B,3503
2019-12-29,94,15:41:00,Sunday,Castle Frank Station,Mechanical,7,13,E/B,1139
2019-12-29,900,16:20:00,Sunday,Kipling Station,Mechanical,7,14,N/B,8007
2019-12-29,169,17:31:00,Sunday,Kingslake Road,Diversion,129,159,N/B,1395
2019-12-29,37,18:20:00,Sunday,Woodbine Race Track,Diversion,8,23,N/B,8617
2019-12-29,134,18:48:00,Sunday,Progress Ave and Corporate Drive,Diversion,43,65,N/B,3544
2019-12-29,9,18:48:00,Sunday,Progress and Corporate Drive,Diversion,43,58,N/B,8964
2019-12-29,116,20:06:00,Sunday,"On Eglinton, at Midland",Emergency Services,18,36,E/B,8809
2019-12-29,74,20:15:00,Sunday,St. Clair Station,Mechanical,25,50,B/W,8343
2019-12-29,41,20:40:00,Sunday,keele and rotherham,Investigation,21,42,S/B,1009
2019-12-29,16,21:14:00,Sunday,"On Danforth Rd., at Eglinton",Investigation,24,48,S/B,9210
2019-12-29,52,21:27:00,Sunday,Lawrence Station,Late Leaving Garage - Mechanical,20,40,W/B,8395
2019-12-29,129,21:50:00,Sunday,"On McCowan, at McNicoll",Diversion,66,76,S/B,3407
2019-12-30,25,01:13:00,Monday,Overlea & Thorncliff Park East,Mechanical,10,20,E/B,8781
2019-12-30,34,01:13:00,Monday,Kennedy Stn,Utilized Off Route,11,22,W/B,8725
2019-12-30,320,02:24:00,Monday,Yonge and Queen,Investigation,20,40,S/B,1329
2019-12-30,329,02:44:00,Monday,Steeles and Dufferin,Vision,30,60,S/B,9045
2019-12-30,70,05:13:00,Monday,eglinton yard,Mechanical,1,1,E/B,8922
2019-12-30,320,05:15:00,Monday,YONGE ST. & SHUTER,Mechanical,15,30,N/B,1367
2019-12-30,87,05:19:00,Monday,MAIN STATION,Mechanical,6,12,W/B,3123
2019-12-30,25,05:24:00,Monday,eglinton yard,Mechanical,1,1,E/B,8796
2019-12-30,48,05:27:00,Monday,Mill Rd loop,Mechanical,13,13,B/W,8462
2019-12-30,135,05:30:00,Monday,Main STN,Vision,20,20,E/B,3162
2019-12-30,60,05:35:00,Monday,Finch Station,Mechanical,11,23,W/B,3240
2019-12-30,95,05:36:00,Monday,Ellesmere Cul-de-sac,Late Leaving Garage - Operator,8,15,W/B,3433
2019-12-30,176,05:37:00,Monday,Maraine Parade and Shore Breeze Dr.,Diversion,61,97,W/B,7976
2019-12-30,29,05:41:00,Monday,Dufferin and Lawrence,Mechanical,8,16,N/B,9022
2019-12-30,95,05:41:00,Monday,YORK MILLS STATION,Mechanical,11,41,E/B,3419
2019-12-30,102,05:45:00,Monday,Markham and Eglinton,Mechanical,14,23,E/B,8955
2019-12-30,66,05:50:00,Monday,Marine Parade and Shore Breeeze Dr.,Diversion,33,43,W/B,
2019-12-30,989,05:50:00,Monday,ALBION AND WESTON,Mechanical,14,,S/B,1051
2019-12-30,986,05:57:00,Monday,Kennedy Station,Mechanical,5,10,E/B,8708
2019-12-30,935,06:02:00,Monday,Arrow Garage,Late Leaving Garage - Mechanical,6,16,B/W,3564
2019-12-30,98,06:10:00,Monday,SHEPARD-YONGE STATION,Mechanical,16,32,E/B,1367
2019-12-30,95,06:16:00,Monday,Ellesmere Cul-de-sac,Late Leaving Garage - Mechanical,8,16,W/B,9009
2019-12-30,68,06:18:00,Monday,Warden and Lawrence,Mechanical,6,12,S/B,8780
2019-12-30,5,06:22:00,Monday,Bathurst and Eglinton,Mechanical,13,26,,1297
2019-12-30,95,06:24:00,Monday,Kington Cul De Sac / Ellesmere,Late Leaving Garage - Mechanical,8,16,W/B,3442
2019-12-30,95,06:24:00,Monday,Ellesmere Cul-de-sac,Late Leaving Garage - Vision,8,16,W/B,3442
2019-12-30,42,06:30:00,Monday,Dynamic and McNicoll,Late Leaving Garage - Vision,12,24,W/B,8176
2019-12-30,35,06:33:00,Monday,Pioneer Village Station,Late Leaving Garage - Management,6,9,B/W,3642
2019-12-30,7,06:35:00,Monday,Bathurst and Wilson,Mechanical,5,10,SB,8349
2019-12-30,985,06:44:00,Monday,MEADOWVALE LOOP,Late Leaving Garage - Management,12,24,W/B,9080
2019-12-30,939,06:50:00,Monday,Finch at Bayview,Mechanical,8,16,E/B,3485
2019-12-30,60,06:53:00,Monday,Signal Hill,Late Leaving Garage - Vision,8,16,E/B,3319
2019-12-30,76,06:57:00,Monday,Lakeshore Blv d W and Mimico,Investigation,6,11,N/B,8013
2019-12-30,985,07:08:00,Monday,Meadowvale Loop,Late Leaving Garage - Operator,12,24,W/B,9067
2019-12-30,29,07:11:00,Monday,Dufferin and Lawrence,Late Leaving Garage - Mechanical,4,8,N/B,9141
2019-12-30,76,07:12:00,Monday,Royal York Station,Mechanical,5,10,S/B,8040
2019-12-30,913,07:15:00,Monday,Scarborough Town Centre,Late Leaving Garage - Mechanical,5,10,E/B,9059
2019-12-30,91,07:25:00,Monday,Eglinton and Bermondsey,Mechanical,12,24,S/B,8528
2019-12-30,106,07:50:00,Monday,SHEPPARD WEST STATION,Vision,8,16,W/B,1215
2019-12-30,52,07:50:00,Monday,keele and lawrence,Mechanical,15,30,W/B,8306
2019-12-30,52,08:00:00,Monday,lawrence and jane,Mechanical,15,30,W/B,8393
2019-12-30,64,08:10:00,Monday,Main Station,Mechanical,8,16,S/B,8491
2019-12-30,30,08:13:00,Monday,High Park Station,Emergency Services,20,40,W/B,8423
2019-12-30,105,08:20:00,Monday,MARTIN ROSS/DUFFERIN,Diversion,52,63,S/B,
2019-12-30,12,08:26:00,Monday,Kingston Rd/Brimley Rd,Mechanical,16,32,W/B,8488
2019-12-30,111,08:35:00,Monday,Willowridge and Richgrove,Mechanical,11,22,E/B,8429
2019-12-30,79,08:36:00,Monday,Runnymede and Bloor,Investigation,5,10,B/W,1075
2019-12-30,952,08:42:00,Monday,lawrence west station,Mechanical,13,26,W/B,8174
2019-12-30,944,08:50:00,Monday,Kipling Station,Utilized Off Route,8,16,S/B,7916
2019-12-30,37,08:50:00,Monday,Islington Station,Utilized Off Route,20,36,N/B,7966
2019-12-30,937,08:51:00,Monday,Islington Station,Utilized Off Route,11,23,N/B,8434
2019-12-30,98,08:54:00,Monday,CACTUS/PECKHAM,Mechanical,17,35,E/B,8367
2019-12-30,35,08:55:00,Monday,Jane Station,Utilized Off Route,5,10,B/W,3265
2019-12-30,7,08:57:00,Monday,Bathurst Station,Utilized Off Route,8,16,N/B,9134
2019-12-30,63,08:57:00,Monday,Atlantic and King,Utilized Off Route,4,8,N/B,8130
2019-12-30,944,09:00:00,Monday,Kipling station,Utilized Off Route,8,16,S/B,7977
2019-12-30,900,09:00:00,Monday,KIPLING STN,Utilized Off Route,9,18,N/B,8007
2019-12-30,66,09:03:00,Monday,Old mill Station,Utilized Off Route,10,20,S/B,8450
2019-12-30,123,09:05:00,Monday,Kipling Station,Utilized Off Route,19,38,W/B,7968
2019-12-30,35,09:08:00,Monday,Jane Station,Utilized Off Route,3,8,B/W,3642
2019-12-30,60,09:09:00,Monday,Finch Station,Mechanical,5,9,E/B,3562
2019-12-30,123,09:09:00,Monday,Kipling station,Mechanical,19,38,W/B,7913
2019-12-30,52,09:15:00,Monday,Martingrove and tollington,Mechanical,12,24,W/B,8358
2019-12-30,41,09:16:00,Monday,Keele Station,Utilized Off Route,12,24,N/B,9012
2019-12-30,97,09:19:00,Monday,Yonge / Hollywood,Mechanical,30,60,N/B,8206
2019-12-30,99,09:48:00,Monday,FINCH/ARROW,Investigation,20,20,N/B,3638
2019-12-30,100,09:55:00,Monday,O'CONNOR & PAPE,Mechanical,7,14,N/B,7762
2019-12-30,36,10:34:00,Monday,Finch/Arrow,Mechanical,5,10,E/B,9133
2019-12-30,32,11:19:00,Monday,Eglinton West Station,Mechanical,11,22,E/B,1059
2019-12-30,41,11:28:00,Monday,Keele Station,Mechanical,12,24,N/B,9030
2019-12-30,95,11:33:00,Monday,York Mills / Sandfield,Mechanical,10,20,W/B,1331
2019-12-30,927,11:41:00,Monday,SLPM - Steeles & Martin Grove loop,Utilized Off Route,10,20,S/B,3629
2019-12-30,125,12:00:00,Monday,Finch Station,Mechanical,7,22,W/B,8142
2019-12-30,32,12:04:00,Monday,Pine and Lawrence,Mechanical,11,22,E/B,1503
2019-12-30,102,12:10:00,Monday,St.Clair Ave/Kingston Rd,Mechanical,10,30,E/B,8955
2019-12-30,42,12:11:00,Monday,Finch Station,Utilized Off Route,12,23,E/B,8324
2019-12-30,104,12:40:00,Monday,Sheppard west station,Mechanical,20,40,W/B,8327
2019-12-30,85,13:05:00,Monday,Malvern Gate,Mechanical,15,28,W/B,3468
2019-12-30,116,13:28:00,Monday,Kennedy Station,Investigation,10,20,E/B,8665
2019-12-30,32,13:32:00,Monday,Eglinton station,Late Leaving Garage - Management,7,17,E/B,1412
2019-12-30,42,13:32:00,Monday,Finch Station,Mechanical,12,23,NB,8357
2019-12-30,37,13:40:00,Monday,Islington and Steeles,Mechanical,20,40,S/B,8452
2019-12-30,35,14:02:00,Monday,Jane Station,Investigation,7,14,N/B,3591
2019-12-30,88,14:08:00,Monday,St. Clair Station,Late Leaving Garage - Mechanical,15,30,E/B,8171
2019-12-30,54,14:10:00,Monday,Eglinton Division yard,Late Leaving Garage - Operator,1,1,,8711
2019-12-30,985,14:17:00,Monday,Don Mills station,Mechanical,11,22,W/B,9066
2019-12-30,36,14:23:00,Monday,Finch W stn,Mechanical,5,10,W/B,9125
2019-12-30,47,14:25:00,Monday,Kitchener and Celedonia,Diversion,10,25,B/W,1064
2019-12-30,108,14:37:00,Monday,Sheppard wstn,Mechanical,10,20,N/B,3341
2019-12-30,63,14:44:00,Monday,Wilson Garage,Late Leaving Garage - Mechanical,1,1,S/B,1249
2019-12-30,952,14:45:00,Monday,Wilson Garage,Late Leaving Garage - Operator,1,1,E/B,1216
2019-12-30,32,14:46:00,Monday,Renforth Station,Mechanical,11,22,E/B,1035
2019-12-30,68,14:49:00,Monday,Eglinton Division yard,Late Leaving Garage - Mechanical,1,1,,8714
2019-12-30,34,14:50:00,Monday,Grenoble and spanbridge,Mechanical,11,22,W/B,8872
2019-12-30,35,14:55:00,Monday,Jane Station,Mechanical,7,14,N/B,3598
2019-12-30,47,15:05:00,Monday,Lansdown and Bloor,Utilized Off Route,14,27,S/B,1108
2019-12-30,116,15:05:00,Monday,Eglinton garage,Mechanical,1,1,,8885
2019-12-30,25,15:06:00,Monday,Eglinton garage,Mechanical,1,1,,8923
2019-12-30,116,15:06:00,Monday,Eglinton garage,Mechanical,1,1,,8832
2019-12-30,29,15:07:00,Monday,exhibition loop,Utilized Off Route,8,16,N/B,9146
2019-12-30,76,15:15:00,Monday,Royal York stn,Utilized Off Route,6,13,S/B,7926
2019-12-30,41,15:18:00,Monday,keele stn,Utilized Off Route,15,30,N/B,9027
2019-12-30,984,15:20:00,Monday,arrow garage,Mechanical,9,18,E/B,3602
2019-12-30,86,15:20:00,Monday,Eglinton garage,Mechanical,1,1,,8732
2019-12-30,10,15:21:00,Monday,Don Mills STN,Late Leaving Garage - Mechanical,15,30,E/B,1251
2019-12-30,20,15:23:00,Monday,Main Station,Late Leaving Garage - Mechanical,14,28,E/B,3140
2019-12-30,925,15:26:00,Monday,Eglinton division,Mechanical,1,1,,8940
2019-12-30,63,15:35:00,Monday,Ossington and College,Mechanical,10,19,N/B,8163
2019-12-30,68,15:36:00,Monday,Eglinton Division,Late Leaving Garage - Mechanical,1,1,,8637
2019-12-30,59,15:38:00,Monday,Jane and Church,Mechanical,13,26,E/B,3634
2019-12-30,902,15:40:00,Monday,Warden STN,Mechanical,10,20,E/B,3166
2019-12-30,133,16:09:00,Monday,Morningside and Finch,Mechanical,7,15,W/B,3488
2019-12-30,133,16:17:00,Monday,Morningside and Finch,Mechanical,8,15,W/B,3515
2019-12-30,10,16:40:00,Monday,Don Mills STN,Late Leaving Garage - Mechanical,10,20,E/B,1228
2019-12-30,32,16:43:00,Monday,Emmett and Eglinton,Mechanical,8,16,E/B,1091
2019-12-30,37,17:05:00,Monday,Islington and Bloor,Mechanical,12,24,N/B,8082
2019-12-30,12,17:30:00,Monday,KINGSTON / Victoria Park Station,Vision,20,40,E/B,9237
2019-12-30,905,17:34:00,Monday,Kennedy Station,Mechanical,9,18,E/B,8723
2019-12-30,161,18:04:00,Monday,Jane and Alliance,Diversion,46,53,E/B,
2019-12-30,63,18:06:00,Monday,NB on Ossignton and Davenport,Mechanical,7,14,N/B,8340
2019-12-30,11,18:15:00,Monday,Steels at Bayview,Diversion,43,58,N/B,
2019-12-30,75,18:22:00,Monday,Sherbourne/Esplanade,Mechanical,9,17,S/B,8153
2019-12-30,927,18:37:00,Monday,Humber College,Mechanical,9,18,N/B,3324
2019-12-30,935,18:50:00,Monday,Jane & Sandcliff Rd,Diversion,10,20,S/B,3597
2019-12-30,900,19:03:00,Monday,Kipling Station,Mechanical,12,24,S/B,8008
2019-12-30,102,19:15:00,Monday,Warden STN,Utilized Off Route,20,43,E/B,8498
2019-12-30,105,19:34:00,Monday,Sheppard West Station,Mechanical,16,32,N/B,8337
2019-12-30,112,19:58:00,Monday,Renforth Station,Emergency Services,15,30,N/B,8062
2019-12-30,57,20:11:00,Monday,Kennedy Station,Mechanical,12,24,N/B,8662
2019-12-30,95,20:16:00,Monday,"On Ellesmere, at Victoria Park",Emergency Services,14,28,E/B,3519
2019-12-30,43,20:34:00,Monday,Midland and Steeles,Mechanical,10,20,S/B,8858
2019-12-30,89,20:39:00,Monday,Keele Stn,Mechanical,10,20,N/B,1349
2019-12-30,54,20:55:00,Monday,Lawrence at Charlottetown,Diversion,40,54,W/B,
2019-12-30,41,21:30:00,Monday,NB on Keele at Sheppard,Mechanical,16,32,N/B,9139
2019-12-30,131,21:40:00,Monday,Sewells and McLevin,Investigation,15,30,N/B,3472
2019-12-30,57,22:13:00,Monday,Kennedy Station,Mechanical,16,32,N/B,8817
2019-12-30,85,22:38:00,Monday,"On Sheppard, at Brian",Investigation,15,30,W/B,3446
2019-12-30,35,22:44:00,Monday,"On Jane, at Weston",Emergency Services,15,30,N/B,3176
2019-12-30,85,23:03:00,Monday,Morningside and Sheppard,Mechanical,20,40,W/B,1402
2019-12-30,132,23:22:00,Monday,Sewells and Hupfield,Mechanical,30,60,S/B,3548
2019-12-30,46,23:40:00,Monday,SLPM - Steeles & Martin Grove loop,Mechanical,30,60,S/B,3205
2019-12-30,85,23:44:00,Monday,Don Mills Station,Mechanical,20,40,E/B,3408
2019-12-30,109,23:49:00,Monday,"On Marlee, at Ridelle",Emergency Services,15,30,N/B,8127
2019-12-30,112,23:58:00,Monday,KPSN - Kipling Stn,Mechanical,16,32,N/B,8030
2019-12-31,87,00:22:00,Tuesday,COSBURN / Broadview Station,Utilized Off Route,12,24,E/B,8585
2019-12-31,312,01:44:00,Tuesday,Dundas West Stn.,Mechanical,30,60,N/B,1085
2019-12-31,165,02:19:00,Tuesday,Wilson Station,Mechanical,11,22,EB,3638
2019-12-31,86,02:28:00,Tuesday,Midland,Investigation,10,20,E/B,8763
2019-12-31,133,02:42:00,Tuesday,Neilson and Finch,Mechanical,25,50,SB,1400
2019-12-31,52,03:06:00,Tuesday,Terminal 3,Mechanical,17,34,EB,8111
2019-12-31,116,04:58:00,Tuesday,eglinton yard,Mechanical,1,1,E/B,8882
2019-12-31,68,05:07:00,Tuesday,Warden and Danforth,Late Leaving Garage - Operator,19,38,N/B,8697
2019-12-31,300,05:33:00,Tuesday,Danforth Road and Danforth Ave,Late Leaving Garage - Operator,10,20,W/B,85
2019-12-31,41,05:43:00,Tuesday,Humberside and Keele,Mechanical,13,26,N/B,9149
2019-12-31,34,05:45:00,Tuesday,eglinton yard,Late Leaving Garage - Management,1,1,E/B,8689
2019-12-31,79,05:45:00,Tuesday,Runnymede Station,Mechanical,15,29,B/W,1065
2019-12-31,6,05:51:00,Tuesday,DAVENPORT & DUPONT,Mechanical,7,14,S/B,1108
2019-12-31,129,05:54:00,Tuesday,Major Mackenzie and Ridgecrest,Late Leaving Garage - Operator,16,38,S/B,3517
2019-12-31,43,06:02:00,Tuesday,Kennedy Station,Mechanical,8,16,N/B,8865
2019-12-31,954,06:04:00,Tuesday,eglinton yard,Mechanical,1,1,E/B,8724
2019-12-31,68,06:06:00,Tuesday,Warden Station,Late Leaving Garage - Mechanical,24,48,N/B,8769
2019-12-31,925,06:06:00,Tuesday,eglinton yard,Late Leaving Garage - Mechanical,1,1,E/B,8941
2019-12-31,941,06:08:00,Tuesday,Keele Station,Late Leaving Garage - Mechanical,14,28,N/B,
2019-12-31,86,06:12:00,Tuesday,eglinton yard,Late Leaving Garage - Mechanical,1,1,E/B,8896
2019-12-31,95,06:16:00,Tuesday,Kingston / Ellesmere,Late Leaving Garage - Operator,8,16,W/B,
2019-12-31,68,06:17:00,Tuesday,EGLINTON YARD,Late Leaving Garage - Mechanical,1,1,E/B,8617
2019-12-31,34,06:19:00,Tuesday,EGLINTON YARD,Late Leaving Garage - Management,1,1,E/B,8931
2019-12-31,927,06:23:00,Tuesday,MARTINGROVE AND ROYAL CREST,Late Leaving Garage - Operator,10,20,S/B,3593
2019-12-31,89,06:31:00,Tuesday,KEELE STN,Late Leaving Garage - Mechanical,7,14,N/B,1127
2019-12-31,116,06:34:00,Tuesday,Morningside/Staines Rd.,Mechanical,13,19,E/B,8659
2019-12-31,95,06:38:00,Tuesday,Ellesmere RT,Late Leaving Garage - Operator,8,16,W/B,
2019-12-31,100,06:42:00,Tuesday,DON MILLS & WYNFORD,Vision,4,8,S/B,8700
2019-12-31,134,06:58:00,Tuesday,Scarborough Town Centre,Late Leaving Garage - Operator,5,1,E/B,1656
2019-12-31,54,07:00:00,Tuesday,Eglinton Station,Mechanical,9,18,E/B,8674
2019-12-31,134,07:03:00,Tuesday,Scarborough Town Centre,Late Leaving Garage - Operator,4,9,E/B,
2019-12-31,941,07:03:00,Tuesday,Keele Station,Late Leaving Garage - Management,14,28,N/B,
2019-12-31,134,07:06:00,Tuesday,Centennial College,Late Leaving Garage - Operator,4,8,W/B,
2019-12-31,71,07:07:00,Tuesday,Runnymede/Bloor,Mechanical,9,18,S/B,1059
2019-12-31,134,07:10:00,Tuesday,Centennial College,Late Leaving Garage - Operator,4,8,W/B,
2019-12-31,7,07:11:00,Tuesday,Bathurst and Wilson,Late Leaving Garage - Management,4,8,N/B,8380
2019-12-31,95,07:13:00,Tuesday,University Scarb. Loop,Late Leaving Garage - Operator,11,21,W/B,
2019-12-31,941,07:17:00,Tuesday,Keele Station,Late Leaving Garage - Management,15,29,N/B,
2019-12-31,21,07:37:00,Tuesday,Scarborough Town Centre,Mechanical,8,16,E/B,3435
2019-12-31,95,07:40:00,Tuesday,Ellesmere RT,Late Leaving Garage - Operator,7,14,W/B,
2019-12-31,995,07:45:00,Tuesday,York Mills station,Late Leaving Garage - Mechanical,10,20,E/B,3489
2019-12-31,63,09:20:00,Tuesday,Eglinton W Stn,Mechanical,9,19,S/B,8158
2019-12-31,71,09:40:00,Tuesday,Industry/Mt.Dennis,Mechanical,13,26,S/B,1281
2019-12-31,162,09:53:00,Tuesday,Lawrence Station,Mechanical,30,60,W/B,1246
2019-12-31,6,10:00:00,Tuesday,DAVENPORT & DUPONT,Mechanical,5,10,N/B,1018
2019-12-31,76,10:00:00,Tuesday,Judson and Royal York Rd,Diversion,330,340,S/B,
2019-12-31,47,10:02:00,Tuesday,Lansdowne and Davenport,Investigation,20,40,B/W,1410
2019-12-31,79,10:15:00,Tuesday,Runnymede Station,Mechanical,11,22,B/W,1263
2019-12-31,36,10:40:00,Tuesday,Finch /Arrow,Utilized Off Route,5,10,W/B,9116
2019-12-31,41,10:44:00,Tuesday,Sheppard and Keele,Mechanical,12,24,N/B,9032
2019-12-31,41,11:04:00,Tuesday,Keele Station,Mechanical,12,24,N/B,9030
2019-12-31,116,11:10:00,Tuesday,Kennedy Station,Mechanical,10,20,E/B,8834
2019-12-31,84,11:40:00,Tuesday,bradstock and sheppard,Mechanical,14,28,E/B,3346
2019-12-31,39,12:00:00,Tuesday,39 Finch Route-All Branch,General Delay,14,28,B/W,1533
2019-12-31,939,12:00:00,Tuesday,939 Finch Express-All Branch,General Delay,10,20,B/W,1224
2019-12-31,927,12:08:00,Tuesday,STEELES AND MARTINGROVE,Mechanical,7,14,S/B,3593
2019-12-31,89,12:11:00,Tuesday,ALBION AND WESTON,Mechanical,11,22,S/B,1031
2019-12-31,131,12:50:00,Tuesday,Scarborough Town Centre,Mechanical,14,28,E/B,1327
2019-12-31,996,13:09:00,Tuesday,Julian and Wilson,Mechanical,12,24,W/B,3598
2019-12-31,25,13:21:00,Tuesday,Pape Stn,Mechanical,10,20,N/B,8812
2019-12-31,165,13:24:00,Tuesday,Wilson and Avenue Rd,Investigation,12,24,,3244
2019-12-31,34,13:32:00,Tuesday,Donmills and Eglinton,Mechanical,7,15,W/B,8929
2019-12-31,134,13:35:00,Tuesday,Progress and Sheppard,Mechanical,15,30,N/B,9078
2019-12-31,68,13:50:00,Tuesday,Warden and Roper Rd,Investigation,10,20,N/B,8926
2019-12-31,902,14:00:00,Tuesday,Warden STN,General Delay,60,70,E/B,
2019-12-31,54,14:04:00,Tuesday,Eglinton Yard,Mechanical,0,0,OB,8889
2019-12-31,102,14:25:00,Tuesday,Warden Station,Mechanical,10,30,N/B,3170
2019-12-31,102,14:35:00,Tuesday,Warden Station,Utilized Off Route,30,53,N/B,3113
2019-12-31,984,14:40:00,Tuesday,bradstock and sheppard,Investigation,9,18,E/B,3256
2019-12-31,25,14:44:00,Tuesday,Eglinton Yard,Mechanical,0,0,OB,8724
2019-12-31,36,14:45:00,Tuesday,Finch/Weston,Mechanical,5,10,W/B,9113
2019-12-31,53,14:53:00,Tuesday,Steeles/Fairway,Investigation,12,23,W/B,355
2019-12-31,21,14:59:00,Tuesday,Brimley and Shediac,Mechanical,20,40,N/B,3485
2019-12-31,54,15:00:00,Tuesday,Eglinton Yard,Mechanical,0,0,OB,8704
2019-12-31,52,15:01:00,Tuesday,Lawrence West Station,Vision,21,42,E/B,1374
2019-12-31,995,15:03:00,Tuesday,York Mills Stn,Late Leaving Garage - Operator,10,20,W/B,
2019-12-31,25,15:03:00,Tuesday,Pape Station,Late Leaving Garage - Mechanical,6,12,B/W,8918
2019-12-31,953,15:04:00,Tuesday,Finch stn,Late Leaving Garage - Management,15,15,E/B,9002
2019-12-31,32,15:08:00,Tuesday,Emmett,Late Leaving Garage - Mechanical,13,39,eb,1047
2019-12-31,79,15:12:00,Tuesday,Pine and Lawrence,Late Leaving Garage - Management,8,15,S/B,1089
2019-12-31,34,15:12:00,Tuesday,Eglinton Yard,Mechanical,0,0,OB,8796
2019-12-31,60,15:17:00,Tuesday,Pioneer Village Station,Late Leaving Garage - Operator,10,20,EB,0
2019-12-31,953,15:19:00,Tuesday,Finch stn,Late Leaving Garage - Operator,15,30,W/B,9092
2019-12-31,52,15:20:00,Tuesday,yonge and lawrence,Mechanical,14,28,E/B,1285
2019-12-31,941,15:23:00,Tuesday,mt dennis garage,Late Leaving Garage - Vision,14,28,S/B,1261
2019-12-31,60,15:29:00,Tuesday,Pioneer Village Station,Late Leaving Garage - Operator,10,20,EB,0
2019-12-31,34,15:29:00,Tuesday,Kennedy Station,Investigation,6,12,W/B,8894
2019-12-31,937,15:31:00,Tuesday,Islington stn,Utilized Off Route,12,24,N/B,
2019-12-31,95,15:42:00,Tuesday,Kingston Cul De Sac / Ellesmere,Late Leaving Garage - Operator,9,18,W/B,
2019-12-31,98,16:00:00,Tuesday,Yonge and Steeles Loop,Mechanical,17,34,,8185
2019-12-31,23,16:04:00,Tuesday,DAWES / Main Station,Investigation,7,14,N/B,8547
2019-12-31,143,16:09:00,Tuesday,DWNT BEACH EXP,General Delay,15,30,B/W,
2019-12-31,87,16:10:00,Tuesday,Main Station,Investigation,7,13,W/B,8510
2019-12-31,29,16:15:00,Tuesday,exhibition loop,Mechanical,8,16,N/B,9029
2019-12-31,63,16:20:00,Tuesday,Avenue on Wilson,Investigation,11,22,E/B,8326
2019-12-31,95,16:43:00,Tuesday,Don Mills and York mills,Mechanical,10,20,E/B,3512
2019-12-31,995,16:45:00,Tuesday,Neilson and Ellesmere,Investigation,10,20,W/B,3491
2019-12-31,40,16:48:00,Tuesday,Kipling & Dundas,Investigation,18,36,E/B,8436
2019-12-31,9,17:31:00,Tuesday,St.Clair Ave/Gidley Rd,Investigation,9,39,E/B,3172
2019-12-31,36,17:50:00,Tuesday,Signet,Mechanical,5,10,W/B,9114
2019-12-31,66,17:55:00,Tuesday,Prince Edward and Bloor,Mechanical,9,18,S/B,8413
2019-12-31,110,18:00:00,Tuesday,Islington and Bloor,Mechanical,15,30,S/B,8450
2019-12-31,56,19:14:00,Tuesday,Mortimer and Donlands,Mechanical,10,20,N/B,8174
2019-12-31,83,19:29:00,Tuesday,Commissioner St,Emergency Services,20,40,B/W,9201
2019-12-31,43,19:38:00,Tuesday,Kennedy Station,Mechanical,8,16,N/B,8678
2019-12-31,121,20:00:00,Tuesday,Princes gates to Cherry st,General Delay,20,30,B/W,
2019-12-31,6,20:00:00,Tuesday,Queen St to Gerrard St,General Delay,15,30,B/W,
2019-12-31,121,20:00:00,Tuesday,Princes gates to Cherry St,General Delay,20,40,B/W,
2019-12-31,29,20:20:00,Tuesday,King and Dufferin,Investigation,8,16,N/B,9018
2019-12-31,939,20:36:00,Tuesday,Dufferin and York U. Busway,Mechanical,13,26,E/B,1509
2019-12-31,927,20:52:00,Tuesday,Kipling Station,Mechanical,10,20,N/B,3598
2019-12-31,63,20:58:00,Tuesday,Eglinton West Station,Diversion,10,20,SB,8210
2019-12-31,32,20:58:00,Tuesday,Eglinton West stn.,Investigation,30,60,W/B,1008
2019-12-31,72,21:00:00,Tuesday,Bay and Front,General Delay,15,30,B/W,
2019-12-31,32,21:12:00,Tuesday,Eglinton station.,Mechanical,11,22,E/B,1008
2019-12-31,24,21:24:00,Tuesday,VICTORIA PARK / Victoria Park Station,Investigation,8,16,N/B,8511
2019-12-31,133,21:37:00,Tuesday,Scarborough Town Center,Mechanical,9,18,E/B,3425
2019-12-31,927,22:45:00,Tuesday,Steels Loop and Marton Grove,Mechanical,10,20,S/B,3560
2019-12-31,34,22:50:00,Tuesday,Eglinton Station,Mechanical,10,20,EB,8685
2019-12-31,95,23:02:00,Tuesday,Markham and Ellesmere,Mechanical,10,20,W/B,3404
2019-12-31,32,23:24:00,Tuesday,Pine and Jane,Mechanical,11,22,E/B,1120
2019-12-31,39,23:31:00,Tuesday,Neilson / Crow Trail,Mechanical,20,40,W/B,1654
