Report Date,Route,Time,Day,Location,Incident,Min Delay,Min Gap,Direction,Vehicle
2019-01-01,301,01:08:00,Tuesday,Queen/Braodview,Held By,6,13,E/B,4193
2019-01-01,511,01:30:00,Tuesday,Bathurst/College,Investigation,5,10,N/B,1038
2019-01-01,306,01:40:00,Tuesday,Dundas West stn.,Mechanical,8,16,W/B,4146
2019-01-01,505,03:10:00,Tuesday,Lansdowne and Dundas,Mechanical,6,12,E/B,8416
2019-01-01,310,03:55:00,Tuesday,Spadina and Lakshore,Held By,20,30,N/B,4465
2019-01-01,505,03:58:00,Tuesday,Dundas and Sackville,Mechanical,20,40,W/B,9200
2019-01-01,505,05:58:00,Tuesday,Dundas and Parliament,Utilized Off Route,6,12,W/B,8934
2019-01-01,504,08:25:00,Tuesday,Leslie Barns,Late Leaving Garage,2,1,W/B,4449
2019-01-01,510,08:43:00,Tuesday,Leslie Barns,Late Leaving Garage,4,11,W/B,4446
2019-01-01,504,08:50:00,Tuesday,Leslie Barns,Late Leaving Garage,3,10,W/B,4500
2019-01-01,504,08:53:00,Tuesday,Leslie Barns,Late Leaving Garage,5,12,W/B,4405
2019-01-01,509,08:53:00,Tuesday,CNE loop,Mechanical,18,26,W/B,4507
2019-01-01,510,08:55:00,Tuesday,Leslie Barns,Late Leaving Garage,6,14,W/B,4407
2019-01-01,510,08:57:00,Tuesday,Leslie Barns,Late Leaving Garage,8,16,W/B,4412
2019-01-01,504,08:59:00,Tuesday,Leslie Barns,Late Leaving Garage,8,15,W/B,4474
2019-01-01,501,09:01:00,Tuesday,Leslie Barns,Late Leaving Garage,10,14,W/B,4480
2019-01-01,510,09:01:00,Tuesday,Leslie Barns,Late Leaving Garage,8,15,W/B,4435
2019-01-01,501,09:03:00,Tuesday,Leslie Barns,Late Leaving Garage,7,14,W/B,4462
2019-01-01,510,09:06:00,Tuesday,Leslie Barns,Late Leaving Garage,6,13,W/B,4421
2019-01-01,509,09:15:00,Tuesday,Leslie Barns,Late Leaving Garage,2,7,W/B,4451
2019-01-01,504,10:47:00,Tuesday,King and Dufferin,Mechanical,8,16,E/B,4438
2019-01-01,512,11:20:00,Tuesday,St. Clayr and Vaughan,Investigation,6,12,E/B,4490
2019-01-01,501,12:05:00,Tuesday,Queen and Connaught,Mechanical,22,4,W/B,4075
2019-01-01,501,13:37:00,Tuesday,QUEEN/DOVERCOURT,Mechanical,4,8,E/B,4489
2019-01-01,501,14:24:00,Tuesday,QUEEN/JONES,Mechanical,4,8,E/B,4495
2019-01-01,512,16:41:00,Tuesday,St. Clair and Dufferin,Held By,492,500,E/B,4509
2019-01-01,501,17:17:00,Tuesday,QUEEN/JAMESON,Mechanical,4,8,E/B,4077
2019-01-01,506,18:06:00,Tuesday,River and Gerrard,Held By,54,62,E/B,4029
2019-01-01,511,18:41:00,Tuesday,King and Bathurst,Investigation,7,14,S/B,1081
2019-01-01,505,20:20:00,Tuesday,broadview station,Mechanical,8,16,W/B,8466
2019-01-01,511,22:24:00,Tuesday,Exhibition loop East,Investigation,8,16,S/B,1325
2019-01-02,501,04:27:00,Wednesday,Queen and Woodfield,Mechanical,9,20,E/B,4144
2019-01-02,501,04:32:00,Wednesday,Queen and Woodfield,Held By,5,15,E/B,4089
2019-01-02,501,04:55:00,Wednesday,Jarvis / Quenn,Mechanical,8,16,W/B,4135
2019-01-02,501,04:59:00,Wednesday,Queen and Woodfield,Mechanical,11,20,W/B,4187
2019-01-02,501,05:08:00,Wednesday,Queen and Woodfield,Mechanical,3,13,W/B,4050
2019-01-02,501,05:45:00,Wednesday,Russell Yard,Late Leaving Garage,4,9,W/B,4091
2019-01-02,501,05:49:00,Wednesday,Queen and Woodfield,Mechanical,15,25,W/B,4073
2019-01-02,504,05:51:00,Wednesday,Leslie Barns,Late Leaving Garage,10,14,W/B,4435
2019-01-02,501,06:07:00,Wednesday,Queen and Woodfield,Mechanical,25,20,E/B,4074
2019-01-02,502,06:10:00,Wednesday,Birchmount Division,Mechanical,16,26,B/W,8480
2019-01-02,502,06:32:00,Wednesday,Birchmount,Mechanical,14,21,B/W,9221
2019-01-02,502,07:04:00,Wednesday,Marlvern / Kingston,Mechanical,14,21,B/W,8561
2019-01-02,501,07:10:00,Wednesday,Leslie Barns,Late Leaving Garage,16,24,W/B,4503
2019-01-02,501,07:20:00,Wednesday,Leslie Barns,Late Leaving Garage,13,21,W/B,4425
2019-01-02,506,07:33:00,Wednesday,Sterling and Dundas,Mechanical,12,18,W/B,4169
2019-01-02,504,07:35:00,Wednesday,Leslie Barnes,Late Leaving Garage,7,10,W/B,4428
2019-01-02,504,07:36:00,Wednesday,Leslie Barnes,Late Leaving Garage,4,10,W/B,4445
2019-01-02,505,11:54:00,Wednesday,Dundas West (Edna),Mechanical,6,12,26,1276
2019-01-02,506,12:21:00,Wednesday,Main Station,Mechanical,6,12,W/B,4065
2019-01-02,501,13:28:00,Wednesday,Queen and Connaught,Mechanical,5,10,E/B,4077
2019-01-02,1,15:26:00,Wednesday,Queen and Logan,Investigation,23,28,W/B,4204
2019-01-02,503,15:38:00,Wednesday,Queen & Broadview,Mechanical,12,24,W/B,4074
2019-01-02,504,19:01:00,Wednesday,Dundas West Station,General Delay,6,12,W/B,4477
2019-01-02,501,19:18:00,Wednesday,Humber Loop,Investigation,5,10,E/B,4020
2019-01-02,501,20:03:00,Wednesday,Queen and Bathurst,Held By,14,19,W/B,4103
2019-01-02,506,23:36:00,Wednesday,Main street Station,Mechanical,8,16,E/B,4032
2019-01-03,506,00:06:00,Thursday,Rusholme and College,Investigation,10,20,E/B,4178
2019-01-03,511,00:46:00,Thursday,Bathurst Station (on Street),Mechanical,5,10,N/B,1091
2019-01-03,501,04:53:00,Thursday,Queen and Connaught,Mechanical,5,15,W/B,4068
2019-01-03,512,05:10:00,Thursday,Bathurst and St Clair,Mechanical,8,14,W/B,4494
2019-01-03,509,05:41:00,Thursday,Leslie Barns,Late Leaving Garage,1,1,W/B,4517
2019-01-03,504,05:42:00,Thursday,Leslie Barns,Late Leaving Garage,1,1,W/B,4477
2019-01-03,504,05:42:00,Thursday,Leslie Barns,Late Leaving Garage,1,1,W/B,4436
2019-01-03,504,05:44:00,Thursday,Leslie Barns,Late Leaving Garage,1,1,W/B,4423
2019-01-03,501,05:56:00,Thursday,Russell Yard,Late Leaving Garage,3,6,W/B,4150
2019-01-03,506,06:17:00,Thursday,Russell Yard,Mechanical,12,24,W/B,4123
2019-01-03,501,06:24:00,Thursday,Spadina / Queen,Mechanical,6,12,E/B,4156
2019-01-03,504,06:26:00,Thursday,Dufferin Loop,Investigation,0,0,E/B,4468
2019-01-03,512,06:47:00,Thursday,Bathurst & St Clair,Utilized Off Route,3,5,E/B,4437
2019-01-03,510,06:59:00,Thursday,Leslie Barns,Late Leaving Garage,1,1,W/B,4497
2019-01-03,504,07:00:00,Thursday,Leslie Barns,Late Leaving Garage,1,1,W/B,4498
2019-01-03,510,07:10:00,Thursday,Leslie Barns,Late Leaving Garage,1,1,W/B,4461
2019-01-03,509,07:12:00,Thursday,Leslie Barns,Late Leaving Garage,8,16,W/B,4474
2019-01-03,510,07:20:00,Thursday,Leslie Barns,Late Leaving Garage,4,8,W/B,4473
2019-01-03,504,07:24:00,Thursday,Leslie Barns,Late Leaving Garage,4,11,W/B,4444
2019-01-03,504,07:30:00,Thursday,Leslie Barns,Mechanical,4,8,W/B,4508
2019-01-03,504,07:36:00,Thursday,Leslie Barns,Late Leaving Garage,1,1,W/B,4450
2019-01-03,504,10:52:00,Thursday,Dufferin Loop,Investigation,0,0,E/B,4452
2019-01-03,501,10:57:00,Thursday,Neville Loop,Mechanical,6,12,W/B,4150
2019-01-03,512,11:02:00,Thursday,St Clair West Stn,Held By,8,13,W/B,4500
2019-01-03,512,11:02:00,Thursday,St Clair west stn,Held By,8,13,E/B,4511
2019-01-03,501,12:46:00,Thursday,Queen and Church,Mechanical,5,10,E/B,4021
2019-01-03,501,14:23:00,Thursday,Queen and Ossington,Investigation,8,13,W/B,4432
2019-01-03,505,14:55:00,Thursday,Dundas West Station,Emergency Services,4,8,W/B,8474
2019-01-03,512,15:53:00,Thursday,St. Clair West & Alberta,Investigation,102,106,E/B,4460
2019-01-03,506,16:26:00,Thursday,Main station,Mechanical,6,12,W/B,4073
2019-01-03,505,17:26:00,Thursday,Dundas West Station,Mechanical,4,8,W/B,1389
2019-01-03,501,17:53:00,Thursday,Neville Loop,Mechanical,34,39,W/B,4186
2019-01-03,501,17:57:00,Thursday,Neville Loop,Utilized Off Route,34,39,W/B,4040
2019-01-03,503,18:19:00,Thursday,Glen Manor and Kingston road,Held By,65,79,E/B,4143
2019-01-03,505,19:29:00,Thursday,Sumach and Dundas,Investigation,4,8,W/B,9218
2019-01-03,504,21:09:00,Thursday,Broadview station,Mechanical,8,16,W/B,4464
2019-01-03,504,22:45:00,Thursday,Broadview,Mechanical,10,20,W/B,4462
2019-01-04,301,03:32:00,Friday,Humber Loop,Mechanical,1,1,E/B,4150
2019-01-04,304,04:53:00,Friday,Leslie & Queen,Mechanical,0,0,W/B,4515
2019-01-04,310,04:58:00,Friday,Spadina Station,Mechanical,10,20,S/B,4424
2019-01-04,512,05:25:00,Friday,Leslie barns,Late Leaving Garage,1,1,W/B,4416
2019-01-04,510,05:39:00,Friday,King Street,Mechanical,7,14,S/B,4410
2019-01-04,501,05:41:00,Friday,Russell Yard,Late Leaving Garage,6,10,W/B,4057
2019-01-04,504,05:43:00,Friday,Leslie Barns,Late Leaving Garage,1,1,W/B,4462
2019-01-04,501,05:46:00,Friday,Russell Yard,Late Leaving Garage,2,6,W/B,4032
2019-01-04,501,05:50:00,Friday,Russell Yard,Mechanical,4,8,W/B,4011
2019-01-04,511,06:06:00,Friday,Mount Dennis Garage,Mechanical,6,12,S/B,1007
2019-01-04,503,06:12:00,Friday,Russell Yard,Late Leaving Garage,0,0,W/B,4199
2019-01-04,512,06:13:00,Friday,Leslie Barns,Held By,1,1,W/B,4421
2019-01-04,509,06:26:00,Friday,Fleet Loop,Mechanical,8,16,E/B,4458
2019-01-04,510,06:35:00,Friday,QQ,Mechanical,5,10,W/B,4449
2019-01-04,509,07:09:00,Friday,Leslie Barns,Late Leaving Garage,6,13,W/B,4487
2019-01-04,504,07:15:00,Friday,King & Bathurst,Utilized Off Route,6,11,W/B,4513
2019-01-04,501,07:55:00,Friday,Roncevalles / Queen,Mechanical,6,12,W/B,4204
2019-01-04,505,08:16:00,Friday,Roncesvalles and Dundas,Mechanical,4,8,W/B,8545
2019-01-04,505,08:54:00,Friday,University Ave,Investigation,4,8,E/B,8175
2019-01-04,506,11:48:00,Friday,Jarvis and Carlton,Held By,18,24,W/B,4144
2019-01-04,501,14:09:00,Friday,Humber Loop,Mechanical,5,10,E/B,4001
2019-01-04,501,15:11:00,Friday,Queen and Peter,Held By,8,13,W/B,4420
2019-01-04,511,16:00:00,Friday,CNE,Mechanical,5,10,N/B,1144
2019-01-04,511,16:05:00,Friday,Spadina and College,Mechanical,2,7,W/B,4156
2019-01-04,504,16:26:00,Friday,King/ Atlantic,Mechanical,0,0,E/B,4448
2019-01-04,511,16:28:00,Friday,Fleet and Grand Magazine st.,Investigation,5,10,W/B,1354
2019-01-04,505,16:29:00,Friday,Danforth and Broadview,Investigation,4,8,S/B,9226
2019-01-04,504,16:29:00,Friday,Broadview and Danforth,Held By,9,15,W/B,4493
2019-01-04,501,16:50:00,Friday,Queen. Leslie to McCaul,General Delay,10,15,W/B,4501
2019-01-04,506,18:02:00,Friday,H.Park Loop,Emergency Services,25,30,E/B,4171
2019-01-04,504,19:29:00,Friday,Dundas West Station,Mechanical,0,0,E/B,4512
2019-01-04,501,20:10:00,Friday,Humberloop,Emergency Services,4,8,E/B,4057
2019-01-04,504,20:20:00,Friday,King and Queen West,Held By,45,50,W/B,4459
2019-01-04,512,20:52:00,Friday,Leslie and Queen,Emergency Services,4,8,E/B,4517
2019-01-04,501,21:10:00,Friday,Queen and parliament,Mechanical,4,8,W/B,4104
2019-01-04,510,21:55:00,Friday,Spadina Station,Emergency Services,14,22,N/B,4424
2019-01-04,506,23:29:00,Friday,Bathurst and College,Held By,14,20,E/B,4021
2019-01-04,501,23:36:00,Friday,lakeshore and 15th street,Mechanical,15,21,W/B,4141
2019-01-05,506,00:02:00,Saturday,College and Dufferin,Held By,15,22,W/B,4080
2019-01-05,301,03:58:00,Saturday,Lakeshore and 5th,Held By,12,20,E/B,4160
2019-01-05,505,05:15:00,Saturday,WILSON GARAGE,Mechanical,10,20,S/B,1216
2019-01-05,501,07:06:00,Saturday,QUEEN/BROADVIEW,Mechanical,6,12,W/B,4148
2019-01-05,501,08:02:00,Saturday,HUMBER LOOP,Mechanical,6,12,E/B,4171
2019-01-05,504,08:11:00,Saturday,Broadview Stn,Mechanical,9,18,W/B,4465
2019-01-05,505,09:00:00,Saturday,Broadview Stn,Mechanical,6,12,W/B,1222
2019-01-05,512,09:28:00,Saturday,Vaughan Rd,Mechanical,5,10,E/B,4439
2019-01-05,510,09:39:00,Saturday,College,Utilized Off Route,4,8,S/B,4512
2019-01-05,501,09:59:00,Saturday,QUEEN/EONCESVALLES,Mechanical,5,10,E/B,4150
2019-01-05,501,10:46:00,Saturday,Queen/Bay,General Delay,5,10,W/B,4204
2019-01-05,501,10:55:00,Saturday,Queen/ Ossington,Mechanical,,,W/B,4483
2019-01-05,506,12:27:00,Saturday,Coxwell Gerrard,Investigation,6,12,E/B,4087
2019-01-05,501,12:55:00,Saturday,Queen and Dovercourt,Mechanical,5,10,W/B,4022
2019-01-05,505,13:20:00,Saturday,Broadview Stn,Mechanical,4,8,S/B,1344
2019-01-05,504,13:25:00,Saturday,Dufferin south of King,Investigation,25,31,S/B,4458
2019-01-05,501,13:42:00,Saturday,Queen and Brookmount,Held By,13,18,E/B,4403
2019-01-05,504,15:58:00,Saturday,Iking and Atlantic,Mechanical,6,12,E/B,4481
2019-01-05,505,16:10:00,Saturday,Dundas West Station,Mechanical,4,8,W/B,8336
2019-01-05,505,16:16:00,Saturday,Rusholme and Dundas,Mechanical,4,8,E/B,8130
2019-01-05,504,16:38:00,Saturday,Roncesvalles and Fermanah,Investigation,13,19,N/B,4509
2019-01-05,501,17:06:00,Saturday,Lakeshore and Islington,Investigation,13,23,E/B,4065
2019-01-05,501,19:12:00,Saturday,Queen and Broadview,Held By,5,10,B/W,4024
2019-01-05,504,19:13:00,Saturday,Queen and Broadview,Investigation,4,10,S/B,4487
2019-01-05,501,23:13:00,Saturday,Lakeshore and 3rd,Mechanical,9,18,W/B,4114
2019-01-05,501,23:18:00,Saturday,Queen and Mccaul,Emergency Services,9,18,W/B,4179
2019-01-05,505,23:32:00,Saturday,Yonge and Dundas,Emergency Services,27,36,W/B,8955
2019-01-05,506,23:35:00,Saturday,Dundas and Howard Park,Emergency Services,20,30,W/B,4032
2019-01-06,301,01:12:00,Sunday,queen and connaught,Mechanical,9,18,E/B,4066
2019-01-06,501,01:34:00,Sunday,Leslie Barns,Mechanical,8,8,E/B,4403
2019-01-06,504,07:05:00,Sunday,King and Jameseon,Mechanical,1,1,E/B,4450
2019-01-06,505,07:30:00,Sunday,Broadview Station,Mechanical,10,20,W/B,8336
2019-01-06,505,08:55:00,Sunday,DWS,Late Leaving Garage,10,20,E/B,1376
2019-01-06,512,09:10:00,Sunday,Bathurst and St.Clair,Investigation,6,12,N/B,4435
2019-01-06,501,09:46:00,Sunday,Queen Street West  Shaw,Investigation,8,16,E/B,4101
2019-01-06,512,11:03:00,Sunday,St.Clair and Oakwood,Mechanical,6,12,E/B,4448
2019-01-06,511,11:36:00,Sunday,Mount Dennis Garage,Mechanical,6,6,S/B,1006
2019-01-06,511,11:53:00,Sunday,Mount Dennis,Mechanical,4,8,S/B,1348
2019-01-06,501,12:09:00,Sunday,Leslie Barns,Late Leaving Garage,7,9,E/B,4430
2019-01-06,512,13:50:00,Sunday,St. Clair and Silverthorn,Emergency Services,21,27,W/B,4473
2019-01-06,501,14:05:00,Sunday,Coxwell and Queen,Mechanical,4,8,W/B,4032
2019-01-06,501,14:26:00,Sunday,Sackville and Queen,Mechanical,4,8,E/B,501
2019-01-06,501,14:39:00,Sunday,Elmer and Queen,Held By,352,256,W/B,4114
2019-01-06,605,15:18:00,Sunday,Neville Loop,Mechanical,5,10,W/B,8510
2019-01-06,505,17:09:00,Sunday,dundas/brock,Investigation,5,10,E/B,8603
2019-01-06,512,18:05:00,Sunday,Oakwood Loop,Mechanical,6,12,E/B,4415
2019-01-06,505,22:19:00,Sunday,Montrose and Dundas,Investigation,10,20,W/B,8401
2019-01-06,512,23:15:00,Sunday,Lansdowne,Investigation,10,20,E/B,4429
2019-01-06,505,23:39:00,Sunday,Yonge and Dundas,Mechanical,9,18,W/B,8351
2019-01-06,510,23:57:00,Sunday,Queensquey and bay,Mechanical,7,14,E/B,4492
2019-01-07,512,04:23:00,Monday,Roncesvalles Yard,Late Leaving Garage,1,1,E/B,4473
2019-01-07,506,05:11:00,Monday,Russell Yard,Held By,5,10,,4125
2019-01-07,506,05:12:00,Monday,Russell Yard,Held By,8,14,,4143
2019-01-07,504,05:42:00,Monday,Leslie Barns,Late Leaving Garage,2,1,W/B,4427
2019-01-07,504,05:49:00,Monday,King and Bathurst,Mechanical,1,1,W/B,4442
2019-01-07,509,05:54:00,Monday,CNE LOOP,Mechanical,1,1,E/B,4498
2019-01-07,501,06:07:00,Monday,Russell Yard,Mechanical,7,10,,4198
2019-01-07,501,06:09:00,Monday,Queen & Yonge,Mechanical,4,9,W/B,4483
2019-01-07,504,06:16:00,Monday,King and Bathurst,Mechanical,1,1,W/B,4515
2019-01-07,510,06:24:00,Monday,King Street,Mechanical,8,12,N/B,4403
2019-01-07,501,06:32:00,Monday,Russell Yard,Mechanical,3,7,,4141
2019-01-07,512,06:37:00,Monday,St.Clair and Bathurst,Mechanical,1,1,W/B,4434
2019-01-07,504,07:05:00,Monday,Roncesvalles and Queen,Mechanical,5,10,E/B,4454
2019-01-07,504,07:24:00,Monday,Broadview Station,Mechanical,1,1,E/B,4516
2019-01-07,501,07:28:00,Monday,Queen & Augusta,Mechanical,0,0,W/B,4477
2019-01-07,512,07:31:00,Monday,St.Clair and Keele,Mechanical,4,8,E/B,4438
2019-01-07,501,07:34:00,Monday,Queensway & Ellis,Mechanical,0,0,W/B,4424
2019-01-07,501,07:38:00,Monday,Queen & Sumach,Mechanical,5,9,W/B,4127
2019-01-07,501,07:49:00,Monday,Queen & Connaught,Mechanical,6,12,W/B,4124
2019-01-07,504,07:54:00,Monday,King/Atlantic,Mechanical,0,0,E/B,4495
2019-01-07,510,07:57:00,Monday,King Street,Mechanical,0,0,S/B,4403
2019-01-07,504,07:58:00,Monday,king and Spadina,Mechanical,1,1,W/B,4454
2019-01-07,504,08:20:00,Monday,King/Close,Mechanical,0,0,E/B,4490
2019-01-07,512,08:25:00,Monday,St. Clair Stn,Mechanical,1,1,E/B,4410
2019-01-07,504,08:31:00,Monday,King and Queen,Mechanical,1,1,E/B,4515
2019-01-07,511,08:34:00,Monday,Bathurst station,Held By,6,9,S/B,1100
2019-01-07,509,08:56:00,Monday,CNE Loop,Mechanical,9,18,E/B,4467
2019-01-07,509,09:35:00,Monday,CNE Loop,Mechanical,1,1,E/B,467
2019-01-07,505,10:47:00,Monday,Bathurst Street,Mechanical,4,8,E/B,8388
2019-01-07,501,11:45:00,Monday,Queen & Pape,Mechanical,28,33,E/B,4149
2019-01-07,512,12:08:00,Monday,St. Clair and Oakwood,Mechanical,1,1,E/B,4470
2019-01-07,512,12:45:00,Monday,St. Clair and Northcliffe,Mechanical,1,1,E/B,4410
2019-01-07,506,13:08:00,Monday,highpark loop,Mechanical,13,18,E/B,4114
2019-01-07,501,13:20:00,Monday,Queen/Bay st.,General Delay,10,14,B/W,4123
2019-01-07,505,13:54:00,Monday,Gladstone and Dundas,Investigation,4,8,W/B,1215
2019-01-07,510,14:18:00,Monday,Dundas and Spadina,Mechanical,8,16,S/B,4403
2019-01-07,511,14:50:00,Monday,bathurst/dundas,Investigation,4,8,S/B,1058
2019-01-07,510,15:07:00,Monday,Russell street and Spadina Circle,Held By,13,21,N/B,4403
2019-01-07,512,15:20:00,Monday,St. Clair and Northcliff,Mechanical,1,1,E/B,4434
2019-01-07,501,15:26:00,Monday,Queen/ McCaul,Mechanical,4,8,B/W,4420
2019-01-07,504,15:27:00,Monday,Queen St E and Leslie St,Late Leaving Garage,4,8,W/B,4495
2019-01-07,504,15:33:00,Monday,Queen St E and Leslie St,Late Leaving Garage,4,8,W/B,4493
2019-01-07,501,15:43:00,Monday,QUEEN/CANNAUGHT,Mechanical,4,8,W/B,4067
2019-01-07,501,15:59:00,Monday,QUEEN/ LANSDOWNE,Investigation,36,44,E/B,4198
2019-01-07,504,16:14:00,Monday,Disillery Loop,Mechanical,6,12,W/B,4416
2019-01-07,501,16:42:00,Monday,Queen and Connaught,Mechanical,4,8,W/B,4204
2019-01-07,501,16:42:00,Monday,Queen/Shaw,Mechanical,5,10,W/B,4050
2019-01-07,501,17:01:00,Monday,Queen and Connaught,Late Leaving Garage,4,8,W/B,4229
2019-01-07,501,17:03:00,Monday,Queen/Broadview,Mechanical,3,6,W/B,4230
2019-01-07,501,17:39:00,Monday,Queen/Dowling,Investigation,94,102,E/B,4029
2019-01-07,501,18:32:00,Monday,Queen/Broadview,Emergency Services,8,12,B/W,4496
2019-01-07,504,19:21:00,Monday,Carrol and Queen,Mechanical,5,10,E/B,4515
2019-01-07,501,19:23:00,Monday,Queen/River,General Delay,10,14,E/B,4081
2019-01-07,501,19:37:00,Monday,Queen/Cannaught,Mechanical,4,8,E/B,4171
2019-01-07,512,19:43:00,Monday,Bathurst and Queen,Held By,27,33,S/B,4426
2019-01-07,505,19:55:00,Monday,Beverley and Dundas,Investigation,5,10,E/B,8310
2019-01-07,510,20:04:00,Monday,King and Spadina,Mechanical,8,16,N/B,4403
2019-01-07,501,20:36:00,Monday,Queen & Sherbourne,Investigation,15,20,W/B,4081
2019-01-07,505,22:12:00,Monday,DWS,Mechanical,7,14,E/B,8457
2019-01-07,510,22:17:00,Monday,Spadina and lakeshore,Held By,32,37,N/B,4476
2019-01-08,504,01:18:00,Tuesday,King and Strachan,Investigation,8,16,E/B,4469
2019-01-08,306,01:56:00,Tuesday,Main Station,Investigation,15,30,W/B,4111
2019-01-08,501,04:54:00,Tuesday,Russell Yard,Mechanical,5,10,E/B,4150
2019-01-08,512,05:17:00,Tuesday,Roncesvalles Yard,Mechanical,1,1,E/B,4441
2019-01-08,501,06:03:00,Tuesday,Russell Yard,Mechanical,5,10,W/B,4123
2019-01-08,501,06:53:00,Tuesday,Queensway & Sunnyside Loop,Investigation,7,11,W/B,4123
2019-01-08,504,07:08:00,Tuesday,Broadview Station,Mechanical,1,1,W/B,4477
2019-01-08,506,07:10:00,Tuesday,Eglinton Garage,Mechanical,10,20,S/B,8920
2019-01-08,504,08:40:00,Tuesday,King and Spadina,Mechanical,7,13,W/B,4514
2019-01-08,505,09:50:00,Tuesday,Broadview Station,Mechanical,4,8,W/B,8959
2019-01-08,505,10:05:00,Tuesday,Millbrook Ave,Mechanical,4,8,W/B,8558
2019-01-08,510,10:06:00,Tuesday,Queen,Mechanical,9,13,S/B,4506
2019-01-08,501,10:10:00,Tuesday,Queen & Logan,Held By,12,17,W/B,4146
2019-01-08,506,10:45:00,Tuesday,Lansdowne and College,Mechanical,6,12,W/B,4073
2019-01-08,504,11:31:00,Tuesday,King/Bay,Mechanical,7,14,E/B,4458
2019-01-08,504,13:27:00,Tuesday,King / Bay,Held By,58,64,B/W,4501
2019-01-08,505,13:32:00,Tuesday,Spadina and Dundas,Emergency Services,4,8,E/B,8390
2019-01-08,512,13:55:00,Tuesday,King / Bathurst,Utilized Off Route,4,8,E/B,4402
2019-01-08,510,14:01:00,Tuesday,Queen and Spadina,Held By,4,8,S/B,4424
2019-01-08,505,14:47:00,Tuesday,Jarvis and Dundas,Mechanical,4,8,W/B,8570
2019-01-08,705,16:00:00,Tuesday,Queen St E and Leslie St,Mechanical,4,8,W/B,4512
2019-01-08,705,16:05:00,Tuesday,Queen St E and Leslie St,Mechanical,4,8,W/B,4418
2019-01-08,705,16:10:00,Tuesday,Queen St E and Leslie St,Mechanical,4,8,E/B,4496
2019-01-08,501,17:01:00,Tuesday,Queen and Connaught,Mechanical,3,6,W/B,4050
2019-01-08,504,18:15:00,Tuesday,King / Parliament,General Delay,6,12,B/W,4428
2019-01-08,505,19:42:00,Tuesday,Dundas and Pembrooke,Investigation,4,8,E/B,8313
2019-01-08,511,23:04:00,Tuesday,Bathurst Stn.,Emergency Services,6,12,S/B,1409
2019-01-09,510,00:18:00,Wednesday,Spadina/QueenQuay,Mechanical,8,16,N/B,4468
2019-01-09,505,00:48:00,Wednesday,Dundas West Stn.,Mechanical,8,16,W/B,8116
2019-01-09,506,00:50:00,Wednesday,Carlton and Gerrard,Investigation,38,44,W/B,4186
2019-01-09,301,01:07:00,Wednesday,Queen & Connaught,Investigation,9,18,W/B,4469
2019-01-09,705,06:05:00,Wednesday,705 RAD,Late Leaving Garage,1,1,B/W,4195
2019-01-09,705,06:10:00,Wednesday,Russell Yard,Late Leaving Garage,1,1,B/W,4040
2019-01-09,705,06:15:00,Wednesday,Russell Yard,Late Leaving Garage,1,1,B/W,4165
2019-01-09,705,06:20:00,Wednesday,Russell Yard,Late Leaving Garage,1,1,B/W,4080
2019-01-09,506,06:55:00,Wednesday,Russell Yard,Mechanical,6,10,W/B,4021
2019-01-09,510,07:28:00,Wednesday,Church,Mechanical,4,8,W/B,4514
2019-01-09,505,09:00:00,Wednesday,Bay Street,Investigation,4,8,E/B,1243
2019-01-09,506,09:03:00,Wednesday,College St West Spadina,Mechanical,5,10,E/B,4156
2019-01-09,505,09:32:00,Wednesday,Chestnut Street,Mechanical,4,8,E/B,8182
2019-01-09,501,12:04:00,Wednesday,Queen & Augusta,Mechanical,5,10,E/B,4160
2019-01-09,705,12:05:00,Wednesday,Queen St E and Leslie St,Mechanical,4,8,W/B,4077
2019-01-09,705,12:10:00,Wednesday,Queen St E and Leslie St,Mechanical,4,8,W/B,4124
2019-01-09,501,12:30:00,Wednesday,Humber Loop,Mechanical,10,20,W/B,4085
2019-01-09,506,13:48:00,Wednesday,Gerrard And Marjory Ave,Held By,12,18,W/B,4051
2019-01-09,510,15:05:00,Wednesday,union station,Held By,11,17,N/B,4468
2019-01-09,705,16:00:00,Wednesday,Queen St E and Leslie St,Mechanical,4,8,W/B,4453
2019-01-09,705,16:05:00,Wednesday,Queen St E and Leslie St,Mechanical,4,8,E/B,4004
2019-01-09,705,16:10:00,Wednesday,Queen St E and Leslie St,Mechanical,4,8,W/B,4458
2019-01-09,501,16:37:00,Wednesday,HUMBER LOOP,Emergency Services,4,8,EB,4065
2019-01-09,501,16:58:00,Wednesday,Queen/Woodbine,Emergency Services,15,19,W/B,4079
2019-01-09,501,17:17:00,Wednesday,Queen/University,Mechanical,61,69,W/B,4084
2019-01-09,501,17:56:00,Wednesday,HUMBER LOOP,Mechanical,4,8,W/B,4111
2019-01-09,504,18:08:00,Wednesday,Queen / Broadview,General Delay,7,13,B/W,4402
2019-01-09,510,18:20:00,Wednesday,charlotte loop,Investigation,5,10,N/B,4439
2019-01-09,506,20:20:00,Wednesday,College at Dufferin,Mechanical,7,14,E/B,4133
2019-01-09,506,20:57:00,Wednesday,Gerrard/Parliament,Diversion,77,84,W/B,4114
2019-01-09,501,22:05:00,Wednesday,Humber Loop,Investigation,6,10,E/B,4065
2019-01-10,511,00:41:00,Thursday,Cne Loop,Mechanical,5,10,N/B,1416
2019-01-10,306,01:27:00,Thursday,Dundas/Roncesvalles,Mechanical,1,1,W/B,4075
2019-01-10,304,02:08:00,Thursday,Broadview and Danforth,Held By,7,20,S/B,4476
2019-01-10,501,04:37:00,Thursday,Russell Yard,Mechanical,5,16,W/B,4077
2019-01-10,501,04:59:00,Thursday,Russell Yard,Mechanical,9,20,W/B,4187
2019-01-10,506,05:37:00,Thursday,Russell Yard,Held By,6,11,W/B,4035
2019-01-10,512,05:39:00,Thursday,King and Bathurst,Mechanical,8,16,N/B,4508
2019-01-10,506,05:41:00,Thursday,Russell Yard,Held By,8,15,E/B,4145
2019-01-10,504,05:48:00,Thursday,King and Dufferin,Mechanical,1,1,W/B,4436
2019-01-10,504,05:56:00,Thursday,King/Spadina,Mechanical,5,10,W/B,4413
2019-01-10,705,06:00:00,Thursday,Leslie Barns,Late Leaving Garage,71,1,W/B,4414
2019-01-10,705,06:00:00,Thursday,Leslie Barns,Late Leaving Garage,70,1,W/B,4439
2019-01-10,705,06:05:00,Thursday,Leslie Barns,Late Leaving Garage,66,1,W/B,4412
2019-01-10,304,06:05:00,Thursday,King and Parliament,Mechanical,7,14,E/B,4434
2019-01-10,504,06:07:00,Thursday,King/Spadina,Mechanical,0,0,E/B,4445
2019-01-10,504,06:09:00,Thursday,King/Atlantic,Mechanical,0,0,E/B,4464
2019-01-10,705,06:10:00,Thursday,Leslie Barns,Late Leaving Garage,66,1,W/B,4469
2019-01-10,705,06:15:00,Thursday,Leslie Barns,Late Leaving Garage,83,1,W/B,4496
2019-01-10,505,06:19:00,Thursday,Dundas  Street West University,Investigation,6,12,W/B,9230
2019-01-10,510,06:29:00,Thursday,Spadina Queens Quay,Mechanical,0,0,N/B,4501
2019-01-10,504,07:03:00,Thursday,Distillery Loop,Mechanical,0,0,W/B,4443
2019-01-10,504,07:13:00,Thursday,King and Bathurst,Mechanical,1,1,E/B,4423
2019-01-10,512,07:13:00,Thursday,St.Clair West Station,Mechanical,1,1,W/B,4442
2019-01-10,510,07:13:00,Thursday,Leslie Barns,Held By,4,8,W/B,4421
2019-01-10,506,07:15:00,Thursday,Russell Yard,Mechanical,4,8,E/B,4149
2019-01-10,504,07:16:00,Thursday,Dundas W Stn,Mechanical,0,0,W/B,4432
2019-01-10,504,07:16:00,Thursday,Leslie Barns,Held By,2,6,W/B,4433
2019-01-10,501,07:22:00,Thursday,Lakeshore & Mimico,Mechanical,22,27,W/B,4124
2019-01-10,510,07:26:00,Thursday,Spadina Harbord,Mechanical,0,0,S/B,4456
2019-01-10,504,07:45:00,Thursday,King/Church,Mechanical,6,11,E/B,4417
2019-01-10,512,07:55:00,Thursday,St. Clair and Lansdown,Mechanical,4,8,E/B,4419
2019-01-10,510,08:11:00,Thursday,Spadina Queens Quay,Mechanical,0,0,S/B,4492
2019-01-10,504,08:14:00,Thursday,Dundas W stn,Mechanical,0,0,E/B,4517
2019-01-10,506,08:26:00,Thursday,Coxwell / Gerrard,Mechanical,6,12,S/B,4049
2019-01-10,506,09:41:00,Thursday,Yonge / College,Emergency Services,6,12,W/B,4105
2019-01-10,504,10:25:00,Thursday,Roncesvalles/Queen,Mechanical,0,0,E/B,4517
2019-01-10,504,10:38:00,Thursday,Roncesvalles/Howard Park,Mechanical,0,0,W/B,4483
2019-01-10,504,10:48:00,Thursday,King/Victoria,Mechanical,7,14,E/B,4424
2019-01-10,501,11:08:00,Thursday,Queen & Silverbirch,Mechanical,5,10,W/B,4066
2019-01-10,501,11:25:00,Thursday,Queen & Greenwood,Mechanical,5,10,E/B,4077
2019-01-10,506,11:30:00,Thursday,High Park Loop,Investigation,6,12,W/B,4035
2019-01-10,705,12:00:00,Thursday,Queen St E and Leslie St,Mechanical,4,8,W/B,4483
2019-01-10,705,12:05:00,Thursday,Queen St E and Leslie St,Mechanical,4,8,W/B,4481
2019-01-10,705,12:10:00,Thursday,Queen St E and Leslie St,Mechanical,4,8,W/B,4453
2019-01-10,501,12:14:00,Thursday,Queen/Bathurst,Mechanical,4,8,W/B,4193
2019-01-10,501,12:35:00,Thursday,QUEEN/BATHURST,Utilized Off Route,4,8,W/B,4040
2019-01-10,501,12:57:00,Thursday,Humber loop,Mechanical,4,8,E/B,4022
2019-01-10,505,13:40:00,Thursday,dundas west station,Mechanical,4,8,E/B,8194
2019-01-10,505,13:47:00,Thursday,dundas/chesnut,Investigation,4,8,W/B,8459
2019-01-10,504,14:42:00,Thursday,Brodview Station,Held By,10,15,W/B,4497
2019-01-10,506,15:11:00,Thursday,Danforth and Main,Investigation,19,25,E/B,4035
2019-01-10,504,15:33:00,Thursday,Queen St E and Leslie St,Mechanical,4,8,W/B,4408
2019-01-10,705,16:00:00,Thursday,Queen St E and Leslie St,Mechanical,4,8,W/B,4423
2019-01-10,512,16:02:00,Thursday,Gunn's Loop,Mechanical,4,8,W/B,4426
2019-01-10,705,16:05:00,Thursday,Queen St E and Leslie St,Mechanical,5,10,E/B,4124
2019-01-10,705,16:10:00,Thursday,Queen St E and Leslie St,Mechanical,4,8,W/B,4423
2019-01-10,506,16:54:00,Thursday,CNE Loop,Mechanical,4,8,S/B,1120
2019-01-10,501,18:03:00,Thursday,Humber loop,Mechanical,4,8,E/B,4051
2019-01-10,501,18:12:00,Thursday,Queen/Broadview,Mechanical,4,8,W/B,4192
2019-01-10,504,18:52:00,Thursday,Dundas W to Brodview St. both ways,General Delay,6,12,EW,
2019-01-10,512,19:12:00,Thursday,St. Clair and Bathurst,Mechanical,4,8,E/B,4432
2019-01-10,506,19:36:00,Thursday,St George and College,Mechanical,7,13,W/B,4186
2019-01-10,501,20:56:00,Thursday,Neville loop,Held By,14,18,E/B,4155
2019-01-10,501,21:09:00,Thursday,Queen/Empire,Mechanical,4,9,E/B,4052
2019-01-10,501,21:17:00,Thursday,Queen/Wineva,Mechanical,4,9,W/B,4073
2019-01-11,504,00:09:00,Friday,Broadview and danforth,Held By,11,20,S/B,4494
2019-01-11,506,00:12:00,Friday,Gerrard and Broadview,Mechanical,5,10,W/B,4048
2019-01-11,512,00:57:00,Friday,Vaughan Road,Mechanical,8,16,W/B,4502
2019-01-11,301,01:34:00,Friday,Queen/Roncesvalles,Held By,9,18,W/B,4020
2019-01-11,504,02:03:00,Friday,Leslie barns,Emergency Services,1,1,S/B,4495
2019-01-11,504,04:45:00,Friday,King/Jefferson,Mechanical,0,0,W/B,4510
2019-01-11,501,04:54:00,Friday,Russell Yard,Late Leaving Garage,10,20,E/B,4024
2019-01-11,501,04:58:00,Friday,Queensway & Ellis,Mechanical,0,0,W/B,4155
2019-01-11,509,05:30:00,Friday,Leslie Barns,Late Leaving Garage,24,14,W/B,4475
2019-01-11,504,05:54:00,Friday,Leslie Barns,Late Leaving Garage,2,1,W/B,4507
2019-01-11,705,06:00:00,Friday,Leslie Barns,Late Leaving Garage,90,1,W/B,4484
2019-01-11,705,06:00:00,Friday,Leslie Barns,Late Leaving Garage,136,1,W/B,4466
2019-01-11,501,06:03:00,Friday,Russell Yard,Late Leaving Garage,3,7,W/B,4030
2019-01-11,705,06:05:00,Friday,Leslie Barns,Late Leaving Garage,141,1,W/B,4464
2019-01-11,501,06:10:00,Friday,Russell Yard,Late Leaving Garage,3,7,E/B,4131
2019-01-11,705,06:10:00,Friday,Leslie Barns,Late Leaving Garage,126,1,W/B,4458
2019-01-11,705,06:15:00,Friday,Leslie Barns,Late Leaving Garage,138,1,W/B,4452
2019-01-11,512,06:17:00,Friday,Roncesvalles Yard,Mechanical,1,1,E/B,4462
2019-01-11,511,06:18:00,Friday,Bathurst Station,Mechanical,3,6,S/B,1040
2019-01-11,705,06:20:00,Friday,Leslie Barns,Late Leaving Garage,174,1,W/B,4415
2019-01-11,512,06:40:00,Friday,Roncesvalles Yard,Late Leaving Garage,1,1,E/B,4444
2019-01-11,501,06:42:00,Friday,Queen & Connught,Mechanical,4,9,E/B,4148
2019-01-11,511,06:45:00,Friday,Bathurst Station,Mechanical,3,6,S/B,1097
2019-01-11,512,06:51:00,Friday,Lansdowne and St. Clair,Mechanical,4,8,E/B,4511
2019-01-11,512,06:51:00,Friday,Gunn Loop,Mechanical,4,8,E/B,4432
2019-01-11,501,06:52:00,Friday,Russell Yard,Late Leaving Garage,3,5,E/B,4144
2019-01-11,504,06:57:00,Friday,Distillery loop,Mechanical,7,12,W/B,4480
2019-01-11,501,07:04:00,Friday,Humber Loop,Mechanical,4,9,E/B,4146
2019-01-11,512,07:18:00,Friday,Bathurst Stn,Mechanical,4,8,S/B,4432
2019-01-11,504,07:20:00,Friday,Dundas W stn,Mechanical,5,10,E/B,4493
2019-01-11,506,07:25:00,Friday,Eglinton Garage,Mechanical,8,18,W/B,8715
2019-01-11,511,07:28:00,Friday,Bathurst Station,Mechanical,3,6,S/B,1087
2019-01-11,512,07:29:00,Friday,St. Clair and Caledonia,Mechanical,1,1,E/B,4437
2019-01-11,512,07:51:00,Friday,Gunns loop,Mechanical,4,8,E/B,4485
2019-01-11,505,08:10:00,Friday,Keele Wilson,Mechanical,5,10,S/B,8116
2019-01-11,512,08:12:00,Friday,St. Clair and Lansdowne,Mechanical,4,8,E/B,4485
2019-01-11,501,08:18:00,Friday,Lakeshore & Browns Line,Mechanical,29,38,E/B,4091
2019-01-11,512,08:25:00,Friday,St. Clair and Oakwood,Mechanical,1,1,W/B,4473
2019-01-11,504,08:25:00,Friday,Distillery Loop,Mechanical,0,0,W/B,4500
2019-01-11,506,08:40:00,Friday,Howard Park and Dundas,Mechanical,10,20,E/B,8811
2019-01-11,504,08:47:00,Friday,Simcoe / King,Mechanical,9,18,W/B,4489
2019-01-11,501,09:13:00,Friday,Queen & Roncesvalles,Utilized Off Route,3,6,W/B,4042
2019-01-11,503,09:20:00,Friday,King/York,Mechanical,12,24,E/B,8495
2019-01-11,506,09:28:00,Friday,Grace and College,Investigation,12,18,W/B,4089
2019-01-11,512,09:40:00,Friday,St. Clair and Lansdowne,Mechanical,4,8,E/B,4462
2019-01-11,506,09:44:00,Friday,Gerrard Broadview,Investigation,6,0,,4012
2019-01-11,501,10:40:00,Friday,Queen & Roncy,Utilized Off Route,4,8,W/B,4187
2019-01-11,512,11:19:00,Friday,St Clair Stn,Mechanical,1,1,W/B,4473
2019-01-11,504,11:42:00,Friday,King/Queen,Mechanical,7,14,W/B,4407
2019-01-11,705,12:00:00,Friday,Queen St E and Leslie St,Mechanical,4,8,W/B,4452
2019-01-11,705,12:05:00,Friday,Queen St E and Leslie St,Mechanical,4,8,W/B,4418
2019-01-11,705,12:10:00,Friday,Queen St E and Connaught Ave,Mechanical,5,10,E/B,4146
2019-01-11,509,12:11:00,Friday,York and Queensquay,Mechanical,1,1,E/B,4453
2019-01-11,506,14:09:00,Friday,Carlton and Sumach,Mechanical,5,10,E/B,4124
2019-01-11,501,14:45:00,Friday,Queen/Cannaught,Mechanical,4,8,W/B,4144
2019-01-11,505,14:57:00,Friday,Sackville and Dundas,Mechanical,4,8,E/B,8156
2019-01-11,512,15:08:00,Friday,St. Clair west station,Held By,44,48,wb,4437
2019-01-11,503,15:41:00,Friday,Birchmount garage,Mechanical,12,24,W/B,8426
2019-01-11,501,17:28:00,Friday,Queen/Lee av.,Mechanical,6,10,W/B,4022
2019-01-11,512,17:43:00,Friday,St. Clair west station,Investigation,4,8,wb,4418
2019-01-11,512,18:01:00,Friday,St. clair and glenholme,Held By,11,15,wb,4414
2019-01-11,505,18:11:00,Friday,Huron and Dundas,Mechanical,4,8,W/B,8561
2019-01-11,504,18:52:00,Friday,King / Shaw,General Delay,7,13,B/W,4461
2019-01-11,510,19:08:00,Friday,Sussex and Spadina,Mechanical,4,8,N/B,4497
2019-01-11,510,19:11:00,Friday,Spadina and King (charlotte loop),Mechanical,4,8,N/B,4476
2019-01-11,505,20:18:00,Friday,Parliament and Dundas,Investigation,5,10,E/B,8596
2019-01-11,505,20:48:00,Friday,DWS,Mechanical,5,10,E/B,8126
2019-01-11,501,21:26:00,Friday,Queen & Neville Park,Investigation,66,71,E/B,4100
2019-01-11,506,23:47:00,Friday,Glenmount and Gerrard,Mechanical,30,38,E/B,4178
2019-01-12,504,01:30:00,Saturday,King/Queen,Mechanical,1,1,E/B,4518
2019-01-12,510,06:45:00,Saturday,Queens Quay,Mechanical,8,16,S/B,4445
2019-01-12,505,08:01:00,Saturday,Broadview Ave,Mechanical,8,16,E/B,1365
2019-01-12,501,09:12:00,Saturday,Queen Connaught,Mechanical,5,10,E/B,4114
2019-01-12,506,09:39:00,Saturday,Russell Yard,Held By,12,6,W/B,4191
2019-01-12,501,10:12:00,Saturday,Queen Bathurst,Mechanical,5,10,E/B,4408
2019-01-12,501,10:12:00,Saturday,Queen and Yonge,Investigation,5,10,W/B,4463
2019-01-12,509,10:20:00,Saturday,CNE loop,Mechanical,6,12,B/W,4470
2019-01-12,505,10:31:00,Saturday,Broadview Stn,Mechanical,5,10,W/B,8950
2019-01-12,511,10:35:00,Saturday,Exhibition Loop,Mechanical,6,11,N/B,1258
2019-01-12,504,11:15:00,Saturday,King and Bay,Mechanical,8,16,W/B,4476
2019-01-12,504,12:34:00,Saturday,Distillery Loop,Mechanical,4,8,N/B,4510
2019-01-12,501,13:18:00,Saturday,Connaught and Queen,Late Leaving Garage,4,8,E/B,4135
2019-01-12,501,13:26:00,Saturday,Connaught and Queen,Mechanical,4,8,W/B,4065
2019-01-12,501,15:28:00,Saturday,Simcoe and Queen,Mechanical,4,8,E/B,4034
2019-01-12,504,16:06:00,Saturday,king and Spence,Held By,12,16,E/B,4417
2019-01-12,506,17:49:00,Saturday,Gerrard and Sackville,Investigation,5,11,W/B,4146
2019-01-12,501,19:16:00,Saturday,Woodbine and Queen,Mechanical,5,10,E/B,4513
2019-01-12,506,19:24:00,Saturday,Fleet and Bathurst,General Delay,12,17,S/B,1058
2019-01-12,504,22:57:00,Saturday,Distillery Loop,Mechanical,1,1,N/B,4464
2019-01-12,505,23:07:00,Saturday,Broadview station,Investigation,9,18,W/B,1317
2019-01-12,506,23:38:00,Saturday,Bolton and College,Investigation,9,18,W/B,4110
2019-01-12,504,23:50:00,Saturday,Dundas West Stn.,Mechanical,10,20,S/B,4443
2019-01-13,510,00:13:00,Sunday,Charlotte Loop,Emergency Services,7,15,S/B,4438
2019-01-13,506,06:18:00,Sunday,russell yard,Mechanical,5,10,E/B,4053
2019-01-13,501,06:46:00,Sunday,Queen St East Ontario Street,Investigation,7,14,E/B,4438
2019-01-13,501,06:51:00,Sunday,Leslie barns,Late Leaving Garage,5,10,W/B,4518
2019-01-13,506,08:05:00,Sunday,Main Station,Mechanical,15,30,W/B,4032
2019-01-13,501,08:18:00,Sunday,Queen St East  Greenwood,Mechanical,7,14,E/B,4087
2019-01-13,511,09:45:00,Sunday,Fleet and Strachan,Investigation,6,12,N/B,1052
2019-01-13,501,10:17:00,Sunday,Kipling Lakeshore Blvd West,Mechanical,7,14,E/B,4074
2019-01-13,511,10:18:00,Sunday,Bathurst and Fleet,Mechanical,6,12,N/B,1039
2019-01-13,501,11:39:00,Sunday,,Investigation,7,14,E/B,4503
2019-01-13,504,12:31:00,Sunday,King and Sackville,Mechanical,4,8,E/B,4509
2019-01-13,505,12:50:00,Sunday,broadview station,Mechanical,5,10,W/B,8557
2019-01-13,505,14:25:00,Sunday,broadview station,Mechanical,5,10,W/B,8498
2019-01-13,506,17:20:00,Sunday,Yonge / Carlton,Investigation,6,12,E/B,4124
2019-01-13,505,17:25:00,Sunday,broadview station,Investigation,5,10,W/B,8603
2019-01-13,506,19:14:00,Sunday,High Park Loop,Mechanical,6,12,E/B,4149
2019-01-14,511,00:06:00,Monday,Exhitition loop,Mechanical,8,16,N/B,1057
2019-01-14,511,05:21:00,Monday,Mount Dennis Garage,Mechanical,3,6,S/B,1281
2019-01-14,501,05:25:00,Monday,Queen and Connaught,Late Leaving Garage,4,8,E/B,4010
2019-01-14,501,05:26:00,Monday,Queen and Connaught,Mechanical,4,8,E/B,4103
2019-01-14,501,05:42:00,Monday,Queen & Roncevalles,Mechanical,5,10,W/B,4145
2019-01-14,705,06:00:00,Monday,Lesile Barns,Late Leaving Garage,2,1,W/B,4503
2019-01-14,504,06:01:00,Monday,Leslie Brans,Late Leaving Garage,1,1,W/B,4512
2019-01-14,504,06:01:00,Monday,Leslie Brans,Late Leaving Garage,1,1,W/B,4428
2019-01-14,504,06:01:00,Monday,Leslie Brans,Late Leaving Garage,1,1,W/B,4510
2019-01-14,501,06:02:00,Monday,Queen and Greenwood,Mechanical,4,8,W/B,4081
2019-01-14,501,06:52:00,Monday,Queen and Woodfield,Mechanical,4,8,E/B,4144
2019-01-14,501,07:22:00,Monday,Queen & Connaught,Mechanical,4,9,E/B,4198
2019-01-14,501,07:32:00,Monday,Coxwell and Gerrard St.,Held By,5,10,E/B,4114
2019-01-14,503,08:25:00,Monday,Queen/Carlaw,Investigation,12,24,W/B,9228
2019-01-14,501,08:28:00,Monday,Queen & Carlaw,Investigation,16,21,W/B,4131
2019-01-14,504,08:42:00,Monday,King/Bathurst,Mechanical,0,0,W/B,4498
2019-01-14,504,09:08:00,Monday,Roncesvalles/Fermanagh,Mechanical,0,0,W/B,4498
2019-01-14,506,09:18:00,Monday,Gerrard and Carlaw,Mechanical,6,12,E/B,4153
2019-01-14,505,09:22:00,Monday,Gerrard,Utilized Off Route,4,8,W/B,8959
2019-01-14,506,09:49:00,Monday,Broadview and gerrard,Mechanical,6,12,E/B,4003
2019-01-14,504,10:34:00,Monday,King/Church,Mechanical,7,14,E/B,4432
2019-01-14,505,11:25:00,Monday,gerrard/coxwell,Investigation,10,15,E/B,4039
2019-01-14,501,12:13:00,Monday,Queen & Parliament,Mechanical,5,9,W/B,4482
2019-01-14,505,13:14:00,Monday,Sherborne and Dundas,Mechanical,4,8,E/B,8495
2019-01-14,504,13:26:00,Monday,King / Jameson,Held By,68,73,E/B,4415
2019-01-14,505,13:34:00,Monday,Dundas and Beverley (413 Dundas),Investigation,4,8,W/B,8167
2019-01-14,501,14:08:00,Monday,QUEEN/CANNAUGHT,Mechanical,4,8,E/B,4189
2019-01-14,501,14:39:00,Monday,QUEEN/CARLAW,Investigation,15,23,E/B,4145
2019-01-14,501,16:34:00,Monday,Queen/Sherbourne,Mechanical,4,8,E/B,4482
2019-01-14,505,17:25:00,Monday,Dundas and River,Investigation,4,8,W/B,8582
2019-01-14,512,17:33:00,Monday,St. Clair and Caledonia,Investigation,4,8,E/B,4467
2019-01-14,501,17:54:00,Monday,Queen/Kingston rd,Investigation,26,30,E/B,4111
2019-01-14,506,17:54:00,Monday,braodview/gerrard,Investigation,10,15,W/B,4040
2019-01-14,510,18:11:00,Monday,Spadina Station,General Delay,4,8,N/B,4514
2019-01-14,504,18:30:00,Monday,King / Dufferin,General Delay,7,13,B/W,4402
2019-01-14,501,18:43:00,Monday,Queen/Don bridge,Mechanical,15,19,W/B,805
2019-01-14,504,18:47:00,Monday,King/Queen (Don Bridge),Mechanical,11,14,W/B,4477
2019-01-14,510,22:43:00,Monday,Union station,Mechanical,5,14,E/B,4410
2019-01-15,501,05:11:00,Tuesday,Queen and Greenwood,Mechanical,4,8,W/B,4171
2019-01-15,501,05:14:00,Tuesday,Queen and Woodfield,Held By,4,8,E/B,4187
2019-01-15,511,05:56:00,Tuesday,Lakeshore  and York,Mechanical,9,18,W/B,1075
2019-01-15,705,06:00:00,Tuesday,Leslie Barns,Late Leaving Garage,2,1,W/B,4451
2019-01-15,504,06:01:00,Tuesday,Leslie Barns,Late Leaving Garage,3,1,W/B,4443
2019-01-15,504,06:01:00,Tuesday,Leslie Barns,Late Leaving Garage,4,1,W/B,4507
2019-01-15,504,06:01:00,Tuesday,Leslie Barns,Late Leaving Garage,2,1,W/B,4417
2019-01-15,705,06:05:00,Tuesday,Leslie Barns,Late Leaving Garage,6,1,W/B,4479
2019-01-15,705,06:10:00,Tuesday,Leslie Barns,Late Leaving Garage,2,1,W/B,4470
2019-01-15,501,06:10:00,Tuesday,Leslie Barns,Late Leaving Garage,3,1,W/B,4474
2019-01-15,504,06:18:00,Tuesday,Leslie Barns,Late Leaving Garage,1,1,W/B,4466
2019-01-15,502,06:22:00,Tuesday,Bingham Loop,Mechanical,12,24,W/B,8559
2019-01-15,509,06:42:00,Tuesday,Leslie Barns,Late Leaving Garage,1,1,W/B,4454
2019-01-15,504,06:43:00,Tuesday,Leslie Barns,Late Leaving Garage,1,1,W/B,4490
2019-01-15,505,07:56:00,Tuesday,Sheridan Ave,Investigation,4,8,E/B,9221
2019-01-15,511,08:07:00,Tuesday,Bathurst Station,Mechanical,6,12,N/B,1096
2019-01-15,509,09:40:00,Tuesday,CNE Loop,Investigation,7,14,E/B,4436
2019-01-15,501,09:57:00,Tuesday,Queen & Gladstone,Mechanical,4,6,E/B,4230
2019-01-15,705,12:00:00,Tuesday,Queen St E and Connaught Ave,Mechanical,4,8,W/B,4518
2019-01-15,705,12:05:00,Tuesday,Queen St E and Leslie Barns,General Delay,4,8,W/B,4495
2019-01-15,705,12:10:00,Tuesday,Queen St E and Leslie St,General Delay,4,8,W/B,4427
2019-01-15,501,12:26:00,Tuesday,Neville Loop,Held By,16,21,W/B,4169
2019-01-15,505,13:20:00,Tuesday,Spadina and Dundas,Mechanical,4,8,W/B,8519
2019-01-15,512,14:36:00,Tuesday,St. Clair West STN,Mechanical,4,8,W/B,4469
2019-01-15,504,14:58:00,Tuesday,Dufferin Loop,Mechanical,2,8,E/B,4421
2019-01-15,501,14:59:00,Tuesday,Queen/Ossington,Investigation,4,8,W/B,4103
2019-01-15,512,15:39:00,Tuesday,St. Clair STN,Mechanical,101,105,W/B,4503
2019-01-15,705,16:00:00,Tuesday,Queen St E and Leslie St,Late Leaving Garage,4,8,W/B,4487
2019-01-15,501,16:06:00,Tuesday,Queen/ Dufferin to Roncesvalles,General Delay,1,1,W/B,1
2019-01-15,705,16:10:00,Tuesday,Queen St E and Leslie St,Late Leaving Garage,4,8,W/B,4432
2019-01-15,503,16:49:00,Tuesday,Queen / Coxwell,Utilized Off Route,12,24,E/B,8957
2019-01-15,504,17:00:00,Tuesday,King / Dunn,General Delay,13,18,B/W,4431
2019-01-15,501,17:57:00,Tuesday,HUMBER LOOP,Emergency Services,4,8,W/B,4178
2019-01-15,511,18:35:00,Tuesday,front/portland,Investigation,4,8,N/B,1595
2019-01-15,512,18:39:00,Tuesday,St Clair Stn,Mechanical,0,0,W/B,4408
2019-01-15,506,19:00:00,Tuesday,gerrard/broadview,Mechanical,13,18,E/B,4079
2019-01-15,501,19:05:00,Tuesday,QUEEN/RONCY,Mechanical,4,8,W/B,4459
2019-01-15,510,19:16:00,Tuesday,College and Spadina,Emergency Services,11,15,S/B,4479
2019-01-15,505,19:29:00,Tuesday,Victoria/Yonge and Dundas,Investigation,5,10,W/B,8465
2019-01-15,501,21:56:00,Tuesday,Neville Loop,Investigation,19,24,W/B,4004
2019-01-15,505,22:07:00,Tuesday,Dundas/Broadview,Utilized Off Route,8,15,E/B,8474
2019-01-16,506,04:57:00,Wednesday,Coxwell and Gerrard,Held By,7,14,E/B,4068
2019-01-16,512,05:09:00,Wednesday,Roncesvalles Yard,Late Leaving Garage,1,1,E/B,4447
2019-01-16,506,05:11:00,Wednesday,Coxell and Gerrard,Mechanical,7,14,W/B,4144
2019-01-16,504,06:10:00,Wednesday,Queen and Broadview,General Delay,6,12,N/B,4504
2019-01-16,501,06:13:00,Wednesday,Queen & Connaught,Held By,5,9,E/B,4439
2019-01-16,504,06:17:00,Wednesday,Queen/Broadview,Late Leaving Garage,7,14,W/B,4434
2019-01-16,503,06:25:00,Wednesday,Queen/Kingston Rd,Late Leaving Garage,12,24,E/B,8409
2019-01-16,506,06:55:00,Wednesday,Coxwell and Gerrard,Mechanical,7,14,W/B,4105
2019-01-16,502,08:49:00,Wednesday,Bingham Loop,Mechanical,12,24,W/B,8943
2019-01-16,505,09:19:00,Wednesday,Parliament,Mechanical,4,8,W/B,8501
2019-01-16,505,09:30:00,Wednesday,Parliament,General Delay,10,14,E/B,8114
2019-01-16,504,09:53:00,Wednesday,King and Parliament,Mechanical,6,12,E/B,4421
2019-01-16,512,09:54:00,Wednesday,St Clair West Station,General Delay,4,8,W/B,4480
2019-01-16,505,10:30:00,Wednesday,broadview station`,Mechanical,4,8,E/B,8348
2019-01-16,506,10:35:00,Wednesday,MAIN STN,Mechanical,5,10,W/B,4189
2019-01-16,505,11:56:00,Wednesday,broadview station,Mechanical,4,8,W/B,8956
2019-01-16,504,12:02:00,Wednesday,King/Spadina,Mechanical,12,19,E/B,4408
2019-01-16,705,12:10:00,Wednesday,Queen St E and Leslie St,General Delay,4,8,W/B,4572
2019-01-16,505,14:34:00,Wednesday,broadview/jack layton,Investigation,8,12,W/B,9237
2019-01-16,506,15:09:00,Wednesday,Gerrard and Broadview,Held By,12,17,W/B,4023
2019-01-16,504,15:11:00,Wednesday,Queen St E and Leslie St,Late Leaving Garage,4,8,W/B,4477
2019-01-16,512,15:23:00,Wednesday,St. Clair STN,Held By,4,8,W/B,4446
2019-01-16,504,15:33:00,Wednesday,Queen St E and Leslie St,Mechanical,4,8,W/B,4520
2019-01-16,503,15:38:00,Wednesday,Birchmount Garage,Mechanical,12,24,W/B,8525
2019-01-16,501,16:07:00,Wednesday,Queen/Dovercourt,Investigation,1,1,W/B,4057
2019-01-16,501,16:36:00,Wednesday,LAKESHORE/LONGBRANCH LOOP,Mechanical,10,20,E/B,4171
2019-01-16,501,16:59:00,Wednesday,Humber loop,Mechanical,1,1,eb,4053
2019-01-16,506,18:21:00,Wednesday,Coxwell and Gerrad,Mechanical,19,25,W/B,4084
2019-01-16,506,18:21:00,Wednesday,Main station,Mechanical,29,35,W/B,4193
2019-01-16,501,18:24:00,Wednesday,QUEEN/TECUMSETH,Mechanical,4,8,E/B,4132
2019-01-16,504,18:43:00,Wednesday,Bathurst and King,General Delay,14,20,W/B,4501
2019-01-16,504,18:54:00,Wednesday,Roncesvalles / Wright,Held By,66,71,S/B,4514
2019-01-16,511,19:10:00,Wednesday,Exibition loop,Utilized Off Route,5,10,N/B,1261
2019-01-16,512,19:14:00,Wednesday,St. Clair and Lansdown,Mechanical,6,12,W/B,4413
2019-01-16,505,20:00:00,Wednesday,dundas/bay,Mechanical,4,8,E/B,1226
2019-01-17,510,00:15:00,Thursday,Union Station,Investigation,8,16,W/B,4488
2019-01-17,301,01:45:00,Thursday,Queen/Connaught,Mechanical,7,18,E/B,4075
2019-01-17,504,02:30:00,Thursday,Queen/leslie,Mechanical,1,1,E/B,4507
2019-01-17,504,05:04:00,Thursday,Roncesvalles/Howard Park,Mechanical,0,0,W/B,4507
2019-01-17,501,05:31:00,Thursday,King/Spadina,Mechanical,0,0,W/B,4492
2019-01-17,511,05:33:00,Thursday,CNE Loop,Mechanical,5,10,S/B,1024
2019-01-17,504,05:37:00,Thursday,St.C;lair and Young,Emergency Services,8,14,E/B,4443
2019-01-17,510,05:41:00,Thursday,Leslie Barns,Late Leaving Garage,2,1,W/B,4417
2019-01-17,504,05:42:00,Thursday,Leslie Barns,Late Leaving Garage,2,1,W/B,4515
2019-01-17,512,05:48:00,Thursday,Gunns Loop,Mechanical,9,18,E/B,4481
2019-01-17,512,05:55:00,Thursday,Bathurst Station,Mechanical,6,12,E/B,4498
2019-01-17,512,05:56:00,Thursday,Queen and Broadview,General Delay,7,14,E/B,4487
2019-01-17,501,06:08:00,Thursday,Lakeshore & Mimico,Mechanical,10,19,E/B,4042
2019-01-17,504,06:10:00,Thursday,Queen and Broadview,Mechanical,6,12,E/B,4510
2019-01-17,504,06:12:00,Thursday,King and Bathurst,Utilized Off Route,6,12,W/B,4497
2019-01-17,504,06:37:00,Thursday,King and Sumach,Mechanical,1,1,E/B,4443
2019-01-17,501,06:54:00,Thursday,Queen and Connaught,Mechanical,4,8,E/B,4071
2019-01-17,504,06:57:00,Thursday,Dundas W stn,Mechanical,0,0,E/B,4465
2019-01-17,501,07:09:00,Thursday,Queen and Connaught,Mechanical,4,8,E/B,4020
2019-01-17,504,07:20:00,Thursday,Eastern/Sumach,Mechanical,0,0,E/B,4483
2019-01-17,504,07:37:00,Thursday,King/Queen,Mechanical,9,16,E/B,4465
2019-01-17,506,07:40:00,Thursday,Main Station,Mechanical,4,8,W/B,4105
2019-01-17,504,07:41:00,Thursday,Broadview Station,Mechanical,1,1,W/B,4487
2019-01-17,501,07:47:00,Thursday,Queen & Gladstone,Mechanical,0,0,W/B,4503
2019-01-17,505,08:06:00,Thursday,Broadview Station,Mechanical,4,8,E/B,8555
2019-01-17,504,08:26:00,Thursday,King/Brant,Mechanical,0,0,W/B,4501
2019-01-17,506,08:55:00,Thursday,,Mechanical,4,8,E/B,4048
2019-01-17,506,09:08:00,Thursday,Spadina,Investigation,27,31,E/B,4131
2019-01-17,506,10:35:00,Thursday,Broadview Ave,Held By,21,25,E/B,4001
2019-01-17,705,12:00:00,Thursday,Queen St E and Leslie St,Held By,4,8,W/B,4482
2019-01-17,705,12:05:00,Thursday,Queen St E and Leslie St,Held By,4,8,W/B,4439
2019-01-17,512,12:06:00,Thursday,Lansdowne and St Clair,Investigation,12,15,W/B,4472
2019-01-17,505,12:45:00,Thursday,dundas/carroll,Held By,1,1,E/B,8932
2019-01-17,506,14:13:00,Thursday,Main Station,Mechanical,6,11,W/B,4048
2019-01-17,506,16:21:00,Thursday,Nassau and Bathurst,Mechanical,6,12,W/B,1606
2019-01-17,504,18:04:00,Thursday,King / Spadina,General Delay,8,13,B/W,4448
2019-01-17,510,18:57:00,Thursday,spadina/richmond,Held By,25,29,S/B,4417
2019-01-17,506,19:05:00,Thursday,High Park Loop,Mechanical,4,8,E/B,4001
2019-01-17,506,20:05:00,Thursday,Gerrard And Broadview,Investigation,0,0,E/B,4131
2019-01-17,501,21:21:00,Thursday,Queen/Grant,Utilized Off Route,4,11,E/B,4186
2019-01-17,501,21:21:00,Thursday,Queen/Grant,Mechanical,47,50,E/B,4191
2019-01-17,511,21:39:00,Thursday,Bathurst and Lennox,Diversion,5,10,S/B,1082
2019-01-17,511,21:43:00,Thursday,Bathurst station,Mechanical,5,10,N/B,1124
2019-01-17,506,22:38:00,Thursday,High Park Loop,Mechanical,77,81,E/B,4048
2019-01-18,304,01:32:00,Friday,King and bathurst,Held By,33,43,B/W,4433
2019-01-18,304,02:49:00,Friday,king and Church,Held By,30,60,W/B,4431
2019-01-18,501,05:26:00,Friday,Humber Loop,Mechanical,12,24,E/B,4077
2019-01-18,501,05:51:00,Friday,Queen and Connaught,Mechanical,4,8,W/B,4193
2019-01-18,501,05:57:00,Friday,Queen and Connaught,Held By,4,8,E/B,4182
2019-01-18,501,05:59:00,Friday,Queen and Connaught,Held By,4,8,E/B,4069
2019-01-18,501,06:02:00,Friday,Queen and Connaught,Held By,4,8,W/B,4079
2019-01-18,705,06:10:00,Friday,Leslie Barns,Late Leaving Garage,1,1,W/B,4506
2019-01-18,501,06:10:00,Friday,Leslie Barns.,Late Leaving Garage,3,1,W/B,4408
2019-01-18,501,06:30:00,Friday,Queen & Bathurst,Mechanical,5,9,E/B,4032
2019-01-18,504,07:16:00,Friday,Leslie Barns,Late Leaving Garage,2,1,W/B,4503
2019-01-18,505,07:27:00,Friday,Dundas Street East River,Mechanical,4,8,E/B,8187
2019-01-18,504,07:53:00,Friday,Queen and Roncesvalles,Mechanical,0,0,E/B,4508
2019-01-18,512,08:35:00,Friday,St. Clair and Keele,Investigation,32,36,E/B,4457
2019-01-18,510,08:39:00,Friday,,General Delay,4,9,S/B,4407
2019-01-18,511,08:50:00,Friday,KING AND BATHURST,Mechanical,3,6,S/B,1406
2019-01-18,506,09:20:00,Friday,Dundas to College,Mechanical,10,16,E/B,4184
2019-01-18,511,10:00:00,Friday,Bathurst Station,Mechanical,3,6,S/B,1044
2019-01-18,509,11:05:00,Friday,CNE Loop,Mechanical,7,14,E/B,4409
2019-01-18,501,11:41:00,Friday,Neville Loop,Mechanical,5,10,W/B,4101
2019-01-18,705,12:10:00,Friday,Queen St E and Leslie St,General Delay,4,8,W/B,4405
2019-01-18,56,13:04:00,Friday,College and McCaul,Investigation,19,25,W/B,4153
2019-01-18,512,13:28:00,Friday,St. Clair W. Stn,Investigation,3,7,W/B,4414
2019-01-18,502,14:41:00,Friday,BINGHAM LOOP,Mechanical,10,20,WB,9209
2019-01-18,501,15:18:00,Friday,QUEEN/SIMCOE,Mechanical,4,8,WB,4249
2019-01-18,705,16:10:00,Friday,Queen St E and Leslie St,Mechanical,4,8,W/B,4499
2019-01-18,511,16:47:00,Friday,Bathurst and Queen,Held By,9,15,S/B,1555
2019-01-18,504,18:38:00,Friday,Dundas W St to Brodview St.,General Delay,6,12,EW,
2019-01-18,501,19:02:00,Friday,Neville Park loop,Mechanical,3,6,WB,4108
2019-01-18,506,20:01:00,Friday,Gerrard at Leslie,Diversion,52,59,E/B,4030
2019-01-18,505,20:09:00,Friday,Lansdowne an Dundas,Investigation,5,10,W/B,8105
2019-01-18,504,20:44:00,Friday,King/Frasher,Investigation,26,33,E/B,4487
2019-01-18,705,20:58:00,Friday,Shaw and King,Mechanical,1,2,E/B,4442
2019-01-19,506,05:59:00,Saturday,Russell yard,Mechanical,7,14,W/B,4144
2019-01-19,509,06:02:00,Saturday,EXHIBITION LOOP,Mechanical,9,19,E/B,4481
2019-01-19,506,06:58:00,Saturday,Russell Yard,Mechanical,7,14,E/B,4068
2019-01-19,504,08:14:00,Saturday,King and Jameson,Investigation,18,27,W/B,412
2019-01-19,501,08:15:00,Saturday,Russell Yard,Mechanical,6,12,W/B,4221
2019-01-19,501,09:22:00,Saturday,Queen McCaul,Mechanical,4,8,E/B,4073
2019-01-19,505,10:01:00,Saturday,DWS,Late Leaving Garage,5,10,E/B,1229
2019-01-19,510,11:04:00,Saturday,Queens Quay,Mechanical,4,8,S/B,4428
2019-01-19,506,11:57:00,Saturday,Main Station,Mechanical,6,12,W/B,4123
2019-01-19,501,11:58:00,Saturday,Dundas and Broadview,Mechanical,4,8,E/B,4150
2019-01-19,506,12:16:00,Saturday,Clinton and College,Investigation,8,16,E/B,4147
2019-01-19,511,12:20:00,Saturday,Bathurst Station,Mechanical,6,12,E/B,1086
2019-01-19,501,12:48:00,Saturday,Longbranch and Lakeshore,Investigation,10,20,W/B,4079
2019-01-19,509,13:00:00,Saturday,Fort York and fleet,Overhead - Pantograph,6,12,E/B,4445
2019-01-19,501,13:04:00,Saturday,Dovercourt and Queen,Held By,8,12,W/B,4179
2019-01-19,501,13:09:00,Saturday,37th Street and Lakeshore,Mechanical,4,8,E/B,4077
2019-01-19,505,13:11:00,Saturday,Dundas and University,Held By,8,12,B/W,8572
2019-01-19,506,13:35:00,Saturday,College and University,Held By,9,15,E/B,4110
2019-01-19,501,13:38:00,Saturday,York and Queen,Mechanical,4,8,E/B,4204
2019-01-19,504,14:10:00,Saturday,Distillery Loop,Mechanical,5,10,W/B,4435
2019-01-19,501,14:13:00,Saturday,Spadina and Queen,Mechanical,4,8,E/B,4501
2019-01-19,510,14:13:00,Saturday,Spadina Station,Emergency Services,11,15,S/B,4506
2019-01-19,511,14:40:00,Saturday,Bathurst Station,General Delay,12,18,S/B,1055
2019-01-19,505,15:00:00,Saturday,Dundas and University,General Delay,15,20,B/W,
2019-01-19,504,15:14:00,Saturday,King and Jameon,Mechanical,5,10,E/B,4432
2019-01-19,505,15:28:00,Saturday,Dundas and Bathurst,Investigation,4,8,W/B,8136
2019-01-19,501,15:53:00,Saturday,The Queensway and Roncesvalles (Sunnyside loop),Mechanical,4,8,E/B,4024
2019-01-19,501,16:17:00,Saturday,Parklawn and Lakeshore,Held By,8,18,W/B,4149
2019-01-19,504,16:24:00,Saturday,Dufferin Loop (Springhurst Circle),Held By,9,14,N/B,4505
2019-01-19,501,16:29:00,Saturday,Jarvis and Queen,Mechanical,4,8,E/B,4189
2019-01-19,501,16:49:00,Saturday,28th Street and Lakeshore,Mechanical,10,20,E/B,4030
2019-01-19,505,16:56:00,Saturday,Dundas West Station,Utilized Off Route,4,8,E/B,8542
2019-01-19,506,17:15:00,Saturday,Gerrad and Leslie,Mechanical,6,12,E/B,4148
2019-01-19,501,17:20:00,Saturday,Bathurst and Queen,Mechanical,4,8,E/B,4111
2019-01-19,501,17:33:00,Saturday,Queen and Woodfield,Mechanical,4,8,W/B,4065
2019-01-19,501,17:41:00,Saturday,Hillside and Lakeshore,Emergency Services,4,8,W/B,4021
2019-01-19,501,18:41:00,Saturday,Peter and Queen,Mechanical,4,8,E/B,4165
2019-01-19,512,19:22:00,Saturday,King and Strachan,Investigation,1,1,W/B,4513
2019-01-19,504,19:23:00,Saturday,King and Strachan,Diversion,36,41,W/B,4498
2019-01-19,504,19:23:00,Saturday,King and Strachan,Held By,29,34,E/B,4428
2019-01-19,505,19:34:00,Saturday,Dundas West Station,Utilized Off Route,7,14,E/B,9231
2019-01-19,511,19:41:00,Saturday,Fleet and Fort York,Investigation,0,0,N/B,1268
2019-01-19,504,20:29:00,Saturday,King/Jameson,General Delay,20,28,E/B,4498
2019-01-19,509,20:48:00,Saturday,Exhibition,Mechanical,13,26,E/B,4455
2019-01-19,505,20:52:00,Saturday,Broadview station,Mechanical,5,10,E/B,8600
2019-01-19,512,20:59:00,Saturday,St Clair station,Mechanical,6,12,W/B,4458
2019-01-19,501,21:24:00,Saturday,Kingston Road & Queen,Investigation,20,25,E/B,4104
2019-01-19,501,21:45:00,Saturday,Neville Park,General Delay,6,12,W/B,4436
2019-01-19,505,21:53:00,Saturday,Bathust and Dundas,Investigation,9,18,W/B,8385
2019-01-19,506,22:54:00,Saturday,Gerrard and Coxwell,Mechanical,35,43,S/B,4195
2019-01-19,501,23:04:00,Saturday,Lakeshore & Burlington,Investigation,104,114,E/B,4192
2019-01-19,510,23:16:00,Saturday,Spadina and Queen,Held By,12,20,S/B,4491
2019-01-19,504,23:45:00,Saturday,Dufferin Loop,Mechanical,10,20,E/B,4517
2019-01-19,506,23:58:00,Saturday,Main STNB,Mechanical,7,14,W/B,4117
2019-01-20,304,01:57:00,Sunday,Broadview/Queen,Investigation,36,52,S/B,4452
2019-01-20,304,02:10:00,Sunday,Dundas/Parliament,Held By,37,53,W/B,4412
2019-01-20,304,03:20:00,Sunday,Broadview/Queen,Investigation,52,82,S/B,4428
2019-01-20,501,04:58:00,Sunday,Leslie Barns,Late Leaving Garage,8,16,W/B,4410
2019-01-20,504,04:58:00,Sunday,Leslie Barns,Late Leaving Garage,8,16,W/B,4470
2019-01-20,510,04:59:00,Sunday,Leslie Barns,Late Leaving Garage,8,16,W/B,4466
2019-01-20,501,05:00:00,Sunday,Lselie Barns,Late Leaving Garage,8,16,W/B,4520
2019-01-20,510,05:06:00,Sunday,Leslie Barns,Late Leaving Garage,8,16,W/B,4496
2019-01-20,510,05:07:00,Sunday,Leslie Barns,Late Leaving Garage,8,16,W/B,4474
2019-01-20,501,05:18:00,Sunday,Bathurst Street  Queen Street West,Investigation,10,35,S/B,4436
2019-01-20,504,05:28:00,Sunday,Leslie Barns,Late Leaving Garage,9,18,W/B,4467
2019-01-20,506,05:29:00,Sunday,Leslie Barns,Late Leaving Garage,9,17,W/B,4409
2019-01-20,501,05:30:00,Sunday,Leslie Barns,Late Leaving Garage,9,17,W/B,4419
2019-01-20,506,05:30:00,Sunday,Leslie Barns,Late Leaving Garage,9,17,W/B,4481
2019-01-20,509,05:31:00,Sunday,Leslie Barns,Late Leaving Garage,9,17,W/B,4485
2019-01-20,501,05:31:00,Sunday,Leslie Barns,Late Leaving Garage,8,16,W/B,4489
2019-01-20,509,05:32:00,Sunday,Leslie Barns,Late Leaving Garage,9,17,W/B,4439
2019-01-20,506,05:32:00,Sunday,Leslie Barns,Late Leaving Garage,9,17,W/B,4429
2019-01-20,504,05:33:00,Sunday,Leslie Barns,Late Leaving Garage,10,19,W/B,4498
2019-01-20,501,05:33:00,Sunday,Leslie Barns,Late Leaving Garage,8,17,W/B,4403
2019-01-20,506,05:45:00,Sunday,Coxwell and Queen,Held By,15,30,E/B,4429
2019-01-20,501,05:49:00,Sunday,Lakeshore Blvd West  Park Lawn,Held By,7,14,W/B,4410
2019-01-20,505,05:53:00,Sunday,Spadina Street,Held By,42,52,E/B,8131
2019-01-20,509,05:54:00,Sunday,Leslie Barns,Late Leaving Garage,9,17,W/B,4430
2019-01-20,506,05:54:00,Sunday,Leslie Barns,Late Leaving Garage,8,17,W/B,4504
2019-01-20,501,05:55:00,Sunday,Leslie Barns,Late Leaving Garage,8,17,W/B,4464
2019-01-20,504,05:56:00,Sunday,Leslie Barns,Late Leaving Garage,8,17,W/B,4494
2019-01-20,509,05:56:00,Sunday,Leslie Barns,Late Leaving Garage,9,17,W/B,4446
2019-01-20,501,05:56:00,Sunday,Leslie Barns,Late Leaving Garage,8,17,W/B,4454
2019-01-20,501,05:57:00,Sunday,Leslie Barns,Late Leaving Garage,8,17,W/B,4514
2019-01-20,504,05:57:00,Sunday,Leslie Barns,Late Leaving Garage,8,17,W/B,4482
2019-01-20,506,05:58:00,Sunday,Leslie Barns,Late Leaving Garage,8,17,W/B,4516
2019-01-20,501,05:58:00,Sunday,Leslie Barns,Late Leaving Garage,8,17,W/B,4510
2019-01-20,501,05:59:00,Sunday,Leslie Barns,Late Leaving Garage,8,17,W/B,4512
2019-01-20,512,06:11:00,Sunday,Bathurst Station,Mechanical,12,24,N/B,4462
2019-01-20,505,06:26:00,Sunday,Broadview Station,Mechanical,9,18,W/B,8131
2019-01-20,506,06:29:00,Sunday,Leslie Barns,Late Leaving Garage,8,17,W/B,4508
2019-01-20,504,06:29:00,Sunday,Leslie barns,Late Leaving Garage,8,17,W/B,4506
2019-01-20,501,06:30:00,Sunday,Leslie Barns,Late Leaving Garage,8,17,W/B,4480
2019-01-20,506,06:30:00,Sunday,Leslie Barns,Late Leaving Garage,9,17,W/B,4452
2019-01-20,504,06:30:00,Sunday,Leslie Barns,Late Leaving Garage,8,17,W/B,4421
2019-01-20,501,07:07:00,Sunday,Dundas Street East  Broadview Avenue,General Delay,4,8,N/B,4572
2019-01-20,501,07:29:00,Sunday,Queen Street East and Connaught,General Delay,6,12,E/B,501
2019-01-20,504,07:56:00,Sunday,King and Sumach,Investigation,9,19,W/B,4420
2019-01-20,504,08:00:00,Sunday,Leslie Barns,Late Leaving Garage,8,17,W/B,4420
2019-01-20,504,08:01:00,Sunday,leslie Barns,Late Leaving Garage,8,17,W/B,4440
2019-01-20,504,08:01:00,Sunday,Leslie Barns,Late Leaving Garage,8,17,W/B,4500
2019-01-20,510,08:01:00,Sunday,Spadina Circle,Mechanical,6,12,N/B,4445
2019-01-20,510,08:01:00,Sunday,Leslie Barns,Late Leaving Garage,8,17,W/B,4428
2019-01-20,504,08:02:00,Sunday,Leslie Barns,Late Leaving Garage,8,17,W/B,4477
2019-01-20,504,08:50:00,Sunday,Leslie Barns,Late Leaving Garage,8,17,W/B,4465
2019-01-20,510,08:51:00,Sunday,Leslie Barns,Late Leaving Garage,8,17,W/B,4422
2019-01-20,510,08:51:00,Sunday,Leslie Barns,Late Leaving Garage,8,17,W/B,4492
2019-01-20,510,08:52:00,Sunday,leslie Barns,Late Leaving Garage,8,17,W/B,4448
2019-01-20,510,08:52:00,Sunday,Leslie Barns,Late Leaving Garage,8,17,W/B,4481
2019-01-20,504,09:07:00,Sunday,Leslie barns,Late Leaving Garage,9,17,W/B,4469
2019-01-20,504,09:07:00,Sunday,Leslie Barns,Late Leaving Garage,9,17,W/B,4463
2019-01-20,505,09:07:00,Sunday,,Mechanical,6,12,S/B,8129
2019-01-20,510,09:08:00,Sunday,Leslie Barns,Late Leaving Garage,8,17,W/B,4431
2019-01-20,504,09:08:00,Sunday,Leslie Barns,Late Leaving Garage,9,17,W/B,4453
2019-01-20,504,09:14:00,Sunday,Leslie Barns,Late Leaving Garage,8,17,W/B,4509
2019-01-20,501,09:15:00,Sunday,Leslie Barns,Late Leaving Garage,8,17,W/B,4519
2019-01-20,501,09:15:00,Sunday,Leslie Barns,Late Leaving Garage,8,17,W/B,4425
2019-01-20,505,09:16:00,Sunday,Broadview Stn,Mechanical,6,12,W/B,8191
2019-01-20,510,09:16:00,Sunday,Leslie barns,Late Leaving Garage,8,17,W/B,4407
2019-01-20,501,09:26:00,Sunday,Leslie Barns,Late Leaving Garage,8,17,W/B,4434
2019-01-20,510,09:26:00,Sunday,Leslie Barns,Late Leaving Garage,8,17,W/B,4415
2019-01-20,509,09:27:00,Sunday,Leslie Barns,Late Leaving Garage,8,17,W/B,4491
2019-01-20,504,09:27:00,Sunday,Leslie Barns,Late Leaving Garage,8,17,W/B,4499
2019-01-20,504,09:28:00,Sunday,Leslie Barns,Late Leaving Garage,9,17,W/B,4411
2019-01-20,501,09:28:00,Sunday,Leslie Barns,Late Leaving Garage,8,17,W/B,4503
2019-01-20,506,09:37:00,Sunday,CNE Loop,Mechanical,6,13,E/B,4439
2019-01-20,504,09:50:00,Sunday,Dundas West Stn,Mechanical,10,18,E/B,4465
2019-01-20,511,09:59:00,Sunday,Bathurst Station,Mechanical,6,12,S/B,1092
2019-01-20,501,10:15:00,Sunday,Leslie Barns,Late Leaving Garage,8,17,W/B,4433
2019-01-20,504,10:29:00,Sunday,Broadview and Withrow,Mechanical,8,16,N/B,4507
2019-01-20,504,10:47:00,Sunday,Roncesvalles nd Howard Park,Held By,6,13,S/B,4500
2019-01-20,511,11:27:00,Sunday,Exhibiton loop,Mechanical,6,12,N/B,1022
2019-01-20,506,11:52:00,Sunday,Coxwell and Gerrard,Mechanical,6,12,W/B,4409
2019-01-20,511,12:09:00,Sunday,Queen and Bathurst,General Delay,9,12,N/B,1142
2019-01-20,505,12:43:00,Sunday,dudnas/ossington,Mechanical,5,10,W/B,8931
2019-01-20,512,12:56:00,Sunday,St Clair Avenue West Oakwood,Mechanical,5,10,W/B,4513
2019-01-20,510,13:17:00,Sunday,Leslie Barns,Late Leaving Garage,8,16,W/B,4476
2019-01-20,501,13:19:00,Sunday,Leslie Barns,Late Leaving Garage,8,16,W/B,4442
2019-01-20,501,13:20:00,Sunday,Leslie Barns,Late Leaving Garage,8,16,W/B,4572
2019-01-20,501,13:20:00,Sunday,Leslie Barns,Late Leaving Garage,8,16,W/B,4444
2019-01-20,504,13:35:00,Sunday,King and Ontario,Mechanical,9,14,W/B,4440
2019-01-20,501,13:43:00,Sunday,Connaught and Queen,Held By,10,14,W/B,4444
2019-01-20,501,13:59:00,Sunday,Connaught and Queen,Mechanical,5,10,W/B,4430
2019-01-20,504,14:09:00,Sunday,Erindale and Broadview,Held By,8,16,W/B,4467
2019-01-20,504,16:13:00,Sunday,Dundas West STN,Investigation,5,10,E/B,4411
2019-01-20,501,16:33:00,Sunday,Sherborne and Queen,Mechanical,4,8,E/B,4572
2019-01-20,510,16:35:00,Sunday,spadina/college,Investigation,14,19,S/B,4453
2019-01-20,504,17:07:00,Sunday,roncesvalles and Howard Park,Investigation,13,18,S/B,4449
2019-01-20,504,17:48:00,Sunday,Broadview and Riverdale,Held By,9,14,S/B,4467
2019-01-20,501,17:49:00,Sunday,Roncesvalles and The Queensway,Mechanical,4,8,W/B,4520
2019-01-20,509,18:44:00,Sunday,CNE Loop  W/B  North Track,Mechanical,5,10,W/B,4477
2019-01-20,506,18:52:00,Sunday,High Park Station,Mechanical,10,15,W/B,4487
2019-01-20,504,18:59:00,Sunday,Broadview STN,Mechanical,5,10,S/B,4498
2019-01-20,504,19:37:00,Sunday,Distillery Loop,Mechanical,5,10,N/B,4463
2019-01-20,504,20:41:00,Sunday,Roncy and queen,Investigation,9,18,E/B,4449
2019-01-20,504,20:56:00,Sunday,,Mechanical,9,18,EB,4411
2019-01-20,504,21:53:00,Sunday,King and Bathurst,Held By,13,22,W/B,4509
2019-01-20,504,22:51:00,Sunday,king and york,Mechanical,9,18,E/B,4417
2019-01-20,506,22:54:00,Sunday,Gerard and Coxwell,Diversion,35,43,S/B,4195
2019-01-20,504,23:53:00,Sunday,King and bay,Mechanical,9,18,E/B,4507
2019-01-21,511,01:11:00,Monday,Exhibition loop,Emergency Services,10,20,E/B,1091
2019-01-21,306,01:18:00,Monday,Howard park and Dundas,Mechanical,10,20,W/B,4405
2019-01-21,504,04:41:00,Monday,Leslie Barns,Late Leaving Garage,1,1,W/B,4500
2019-01-21,512,04:41:00,Monday,Bathurst and St.Clair,Mechanical,13,,N/B,4479
2019-01-21,501,05:00:00,Monday,Humber to Neville,General Delay,20,30,B/W,
2019-01-21,509,05:14:00,Monday,CNE loop,Late Leaving Garage,33,0,E/B,4470
2019-01-21,504,06:00:00,Monday,Broadview-Dundas W stn,General Delay,10,17,B/W,
2019-01-21,505,06:02:00,Monday,DWS,Mechanical,4,8,E/B,8521
2019-01-21,511,06:15:00,Monday,Mount Dennis,Mechanical,3,6,S/B,1084
2019-01-21,506,06:17:00,Monday,Russell Yard,Late Leaving Garage,13,10,W/B,4503
2019-01-21,504,06:45:00,Monday,King/Spadina,Mechanical,7,14,W/B,4431
2019-01-21,510,07:00:00,Monday,College,Mechanical,11,15,S/B,4505
2019-01-21,504,07:15:00,Monday,Broadview and Queen,Utilized Off Route,6,12,W/B,4517
2019-01-21,512,07:27:00,Monday,Bathurst and Stclair,Late Leaving Garage,4,5,W/B,4473
2019-01-21,504,07:37:00,Monday,King/Spadina,Mechanical,7,14,W/B,4496
2019-01-21,512,07:40:00,Monday,Gunns Loop,Mechanical,4,8,E/B,4495
2019-01-21,509,07:44:00,Monday,CNE Loop,Mechanical,7,14,E/B,4470
2019-01-21,501,07:46:00,Monday,Queen & Greenwood,Investigation,9,29,W/B,4520
2019-01-21,511,08:00:00,Monday,Bathurst Station,Mechanical,3,6,S/B,1022
2019-01-21,512,08:10:00,Monday,St. Clair and Wychwood,Mechanical,4,8,E/B,4473
2019-01-21,503,08:15:00,Monday,Bingham Loop,Mechanical,12,24,W/B,8953
2019-01-21,504,08:30:00,Monday,Ronesvalles-Dufferin,General Delay,10,17,E/B,
2019-01-21,504,08:49:00,Monday,King/Spadina,Mechanical,7,14,W/B,4492
2019-01-21,505,09:34:00,Monday,Parliament,General Delay,14,18,E/B,8134
2019-01-21,504,09:36:00,Monday,Broadview and Riverdale,Investigation,61,67,B/W,4421
2019-01-21,505,09:38:00,Monday,Withrow,Investigation,63,67,W/B,8559
2019-01-21,512,09:46:00,Monday,St. Clair and Vaughn,Mechanical,8,12,W/B,4411
2019-01-21,501,09:51:00,Monday,Queen and Logan,Investigation,10,20,E/B,8943
2019-01-21,504,10:22:00,Monday,King/Prliament,Mechanical,7,14,E/B,4427
2019-01-21,504,10:33:00,Monday,King/jameson,Mechanical,0,0,E/B,4425
2019-01-21,504,10:35:00,Monday,King/spadina,Held By,15,22,E/B,4423
2019-01-21,504,10:57:00,Monday,King/Charlotte,Mechanical,0,0,W/B,4497
2019-01-21,501,12:39:00,Monday,Lakeshore/Hill side av.,Held By,60,70,E/B,4481
2019-01-21,501,12:51:00,Monday,Queen & Empire,Mechanical,54,61,E/B,4464
2019-01-21,505,12:57:00,Monday,Brock and Dundas,Mechanical,4,8,W/B,8134
2019-01-21,510,12:59:00,Monday,Spadina and King,Overhead - Pantograph,4,8,N/B,4499
2019-01-21,512,13:13:00,Monday,St. Clair and Robina,Held By,6,10,W/B,4458
2019-01-21,504,13:20:00,Monday,King and Church,Mechanical,7,14,E/B,4465
2019-01-21,504,13:50:00,Monday,Howard park / Roncesvalles,Held By,6,12,S/B,4506
2019-01-21,501,13:52:00,Monday,QUEEN/KING,Mechanical,5,10,wb,4418
2019-01-21,505,14:20:00,Monday,Broadview Station,Mechanical,4,8,E/B,8495
2019-01-21,504,14:20:00,Monday,Leslie Barns,Late Leaving Garage,3,8,W/B,4433
2019-01-21,504,14:28:00,Monday,Leslie Yard,Late Leaving Garage,4,9,W/B,4488
2019-01-21,504,14:30:00,Monday,King and Jarvis,General Delay,10,15,B/W,4500
2019-01-21,505,14:36:00,Monday,River and Dundas,Mechanical,4,8,W/B,8559
2019-01-21,504,15:16:00,Monday,Leslie Yard,Late Leaving Garage,5,10,W/B,4445
2019-01-21,504,15:27:00,Monday,Leslie Barns,Mechanical,5,10,B/W,
2019-01-21,504,15:33:00,Monday,Broadview and Queen,Mechanical,6,12,E/B,
2019-01-21,505,16:08:00,Monday,Ossington and Dundas,Held By,38,42,W/B,8950
2019-01-21,505,17:04:00,Monday,Broadview and Jack Layton Way,Mechanical,4,8,S/B,8212
2019-01-21,504,18:07:00,Monday,King / Queen,Mechanical,6,12,E/B,4487
2019-01-21,504,18:24:00,Monday,King and Simcoe,Emergency Services,28,34,W/B,4500
2019-01-21,504,18:26:00,Monday,King / Berkley,Held By,19,24,W/B,4412
2019-01-21,510,19:00:00,Monday,Nassau and Spadina,Investigation,4,8,S/B,4510
2019-01-21,50,19:37:00,Monday,King and Berkeley,Held By,31,38,W/B,4409
2019-01-21,501,20:00:00,Monday,Queen/Kingston rd,Emergency Services,28,33,E/B,4494
2019-01-21,512,20:06:00,Monday,Oakwood and St. Clair,Held By,11,17,W/B,4502
2019-01-21,506,20:30:00,Monday,Main station to High Park loop,General Delay,30,60,B/W,4443
2019-01-21,504,20:40:00,Monday,Dundas west station,Emergency Services,18,22,W/B,4403
2019-01-21,510,20:47:00,Monday,Spadina and Queen,Investigation,8,16,S/B,4461
2019-01-21,509,21:05:00,Monday,CNE Loop,Mechanical,10,20,E/B,4426
2019-01-21,505,21:20:00,Monday,Broadview station,Mechanical,9,18,E/B,9203
2019-01-21,505,21:24:00,Monday,McCaul and Dundas,Emergency Services,5,10,E/B,8341
2019-01-21,505,21:52:00,Monday,Broadview station,Mechanical,9,18,W/B,8163
2019-01-21,506,23:30:00,Monday,Russell Yard,Mechanical,7,14,E/B,
2019-01-21,504,23:42:00,Monday,King and sumach,Utilized Off Route,9,18,E/B,4403
2019-01-22,304,02:07:00,Tuesday,King and portland,Investigation,20,40,E/B,4507
2019-01-22,501,05:14:00,Tuesday,Leslie Barns,Late Leaving Garage,2,1,W/B,4470
2019-01-22,504,05:15:00,Tuesday,Leslie Barns,Late Leaving Garage,1,1,W/B,4496
2019-01-22,504,05:16:00,Tuesday,Leslie Barns,Late Leaving Garage,1,1,W/B,4500
2019-01-22,504,06:10:00,Tuesday,Queen and Broadview,Mechanical,4,8,W/B,4519
2019-01-22,501,06:10:00,Tuesday,Leslie Barns,Late Leaving Garage,2,1,W/B,4417
2019-01-22,501,06:10:00,Tuesday,Leslie Barns,Late Leaving Garage,1,1,W/B,4419
2019-01-22,511,06:15:00,Tuesday,Mount Dennis Garage,Mechanical,3,6,S/B,1040
2019-01-22,504,06:18:00,Tuesday,Leslie Barns,Late Leaving Garage,4,1,W/B,4507
2019-01-22,501,06:32:00,Tuesday,Leslie Barns,Late Leaving Garage,3,1,W/B,4517
2019-01-22,510,06:40:00,Tuesday,Leslie Barns,Late Leaving Garage,3,1,W/B,4463
2019-01-22,504,06:43:00,Tuesday,Leslie Barns,Late Leaving Garage,4,1,W/B,4520
2019-01-22,504,06:46:00,Tuesday,Leslie Barns,Late Leaving Garage,2,1,W/B,4424
2019-01-22,510,06:49:00,Tuesday,Leslie Barns,Late Leaving Garage,1,1,W/B,4466
2019-01-22,504,06:55:00,Tuesday,Leslie Barns,Late Leaving Garage,4,1,W/B,4508
2019-01-22,510,06:57:00,Tuesday,Leslie Barns,Late Leaving Garage,3,1,W/B,4444
2019-01-22,504,07:02:00,Tuesday,Leslie Barns,Late Leaving Garage,1,1,W/B,4436
2019-01-22,506,07:03:00,Tuesday,Russell Yard,Late Leaving Garage,4,10,E/B,4011
2019-01-22,504,07:04:00,Tuesday,Leslie Barns,Late Leaving Garage,3,1,W/B,4403
2019-01-22,504,07:04:00,Tuesday,Queen and Broadview,Mechanical,4,8,W/B,4508
2019-01-22,510,07:05:00,Tuesday,Leslie Barns,Late Leaving Garage,3,1,W/B,4501
2019-01-22,504,07:11:00,Tuesday,Queen and Broaadview,Mechanical,4,8,W/B,4436
2019-01-22,504,07:16:00,Tuesday,Leslie Barns,Late Leaving Garage,1,1,W/B,4452
2019-01-22,504,07:25:00,Tuesday,Queen and Broadview,Mechanical,4,8,W/B,4485
2019-01-22,512,07:35:00,Tuesday,Bathurst and St.Clair,Late Leaving Garage,4,8,E/B,4445
2019-01-22,504,07:53:00,Tuesday,Queen and Broadview,Mechanical,4,8,N/B,
2019-01-22,504,07:54:00,Tuesday,distillery Loop,Mechanical,4,10,W/B,4453
2019-01-22,511,08:00:00,Tuesday,Bathurst Station,Mechanical,3,6,S/B,1143
2019-01-22,511,08:20:00,Tuesday,Lakeshore and Fleet,General Delay,6,9,N/B,1040
2019-01-22,505,08:21:00,Tuesday,Parliament,General Delay,11,15,E/B,8132
2019-01-22,506,08:30:00,Tuesday,Jones and Gerrard,General Delay,10,16,W/B,4169
2019-01-22,504,08:30:00,Tuesday,Broadview Station to King and  Parliament,General Delay,13,19,B/W,4496
2019-01-22,510,08:52:00,Tuesday,Richmond Street,Mechanical,4,8,S/B,4429
2019-01-22,505,09:12:00,Tuesday,Victoria Street,Mechanical,4,8,W/B,8383
2019-01-22,506,09:25:00,Tuesday,Parliament and Carlton,Held By,12,18,E/B,4091
2019-01-22,506,10:29:00,Tuesday,Main Station,Mechanical,6,12,W/B,4023
2019-01-22,504,11:05:00,Tuesday,king/Berkeley,Held By,14,21,W/B,4492
2019-01-22,505,11:14:00,Tuesday,Yonge Street,General Delay,8,12,E/B,8511
2019-01-22,504,11:29:00,Tuesday,King and Young,Investigation,9,15,W/B,4508
2019-01-22,506,12:22:00,Tuesday,carlton/church,Mechanical,68,73,E/B,4053
2019-01-22,504,12:34:00,Tuesday,King / Frasor,Investigation,7,13,E/B,4420
2019-01-22,504,13:19:00,Tuesday,King and Frazer,Investigation,10,21,E/B,4474
2019-01-22,501,14:18:00,Tuesday,Neville Loop,Mechanical,4,8,E/B,1804
2019-01-22,510,14:26:00,Tuesday,Russell Street and Spadina Circle,Mechanical,4,8,N/B,4473
2019-01-22,505,14:31:00,Tuesday,Bay and Dundas,Investigation,4,8,W/B,8132
2019-01-22,505,14:31:00,Tuesday,Bay and Dundas,Investigation,4,8,W/B,8132
2019-01-22,512,14:41:00,Tuesday,St. Clair and Arlington,Mechanical,4,8,E/B,4458
2019-01-22,501,14:44:00,Tuesday,Queen/Woodbine,Mechanical,4,8,E/B,4131
2019-01-22,503,15:40:00,Tuesday,Birchmount Garage,Mechanical,12,24,W/B,9235
2019-01-22,505,15:53:00,Tuesday,Dundas and Huron,Diversion,4,8,E/B,8336
2019-01-22,503,15:58:00,Tuesday,Birchmount garage,Mechanical,12,24,W/B,8474
2019-01-22,501,15:58:00,Tuesday,QUEEN/PELMERSTON,Mechanical,4,8,W/B,4419
2019-01-22,505,16:12:00,Tuesday,Erindale and Broadview,Mechanical,4,8,E/B,8596
2019-01-22,501,16:32:00,Tuesday,Lakeshore/30th street,Mechanical,10,20,wb,4145
2019-01-22,510,17:01:00,Tuesday,Spadina and Queens Quay,Mechanical,4,8,S/B,4444
2019-01-22,504,17:20:00,Tuesday,Dundas W St. To Brodview St. both ways,General Delay,8,12,EW,
2019-01-22,511,17:32:00,Tuesday,sne loop,Investigation,5,10,N/B,1417
2019-01-22,509,18:39:00,Tuesday,Bathurst and fleet,Investigation,112,118,E/B,4461
2019-01-22,509,18:39:00,Tuesday,CNE Loop,Emergency Services,13,20,E/B,4572
2019-01-22,505,19:00:00,Tuesday,Broadview Station,Emergency Services,5,10,E/B,8578
2019-01-22,510,19:00:00,Tuesday,Nassau and Spadina,Investigation,4,8,S/B,4510
2019-01-22,511,19:00:00,Tuesday,bathurst/fleet,Held By,10,15,S/B,1013
2019-01-22,506,19:15:00,Tuesday,college/ossington,Held By,15,20,E/B,4091
2019-01-22,506,23:08:00,Tuesday,Bay and College,Held By,18,26,W/B,4443
2019-01-23,506,00:28:00,Wednesday,Gerrard/Degrassi,Mechanical,9,18,E/B,4021
2019-01-23,306,03:41:00,Wednesday,Gerrard/River,Emergency Services,9,24,W/B,4193
2019-01-23,506,05:37:00,Wednesday,Russell Yard,Mechanical,3,8,E/B,4147
2019-01-23,501,05:51:00,Wednesday,Humber Loop,Mechanical,10,20,W/B,4141
2019-01-23,501,05:54:00,Wednesday,Russell Yard,Mechanical,3,13,W/B,4065
2019-01-23,501,05:55:00,Wednesday,Russell Yard,Mechanical,5,10,E/B,4144
2019-01-23,501,06:40:00,Wednesday,Humber Loop,Utilized Off Route,4,8,E/B,4121
2019-01-23,504,07:12:00,Wednesday,King and Parliament,Mechanical,4,8,W/B,4431
2019-01-23,506,07:15:00,Wednesday,Russell Yard,Mechanical,3,8,E/B,4024
2019-01-23,705,07:20:00,Wednesday,Charlotte Loop,Investigation,0,0,S/B,4496
2019-01-23,510,07:21:00,Wednesday,Charlotte Loop,Mechanical,4,8,N/B,4496
2019-01-23,504,08:09:00,Wednesday,Broadview/Queen,Mechanical,33,40,W/B,4412
2019-01-23,505,08:41:00,Wednesday,Broadview Station,Mechanical,4,8,W/B,1241
2019-01-23,501,09:05:00,Wednesday,Queensway & Roncy,Held By,15,20,W/B,4032
2019-01-23,501,09:32:00,Wednesday,Queen & McCaul,Mechanical,5,15,E/B,4035
2019-01-23,506,09:47:00,Wednesday,College and Major,Held By,11,16,W/B,4051
2019-01-23,506,10:18:00,Wednesday,Broadview and Gerrard,Mechanical,18,23,E/B,4195
2019-01-23,501,10:30:00,Wednesday,Queen & Connaught,Mechanical,5,10,E/B,4048
2019-01-23,506,11:41:00,Wednesday,College and Lansdown,Mechanical,5,10,E/B,4147
2019-01-23,705,12:00:00,Wednesday,Queen St E and Leslie St,Mechanical,4,8,W/B,4432
2019-01-23,500,12:04:00,Wednesday,Long Branch Looop,Investigation,5,10,W/B,4153
2019-01-23,705,12:05:00,Wednesday,Queen St E and Leslie St,Mechanical,4,8,W/B,4503
2019-01-23,506,12:08:00,Wednesday,Gerrard and Woodbine,Held By,42,48,W/B,4065
2019-01-23,705,12:10:00,Wednesday,Queen St E and Leslie St,Mechanical,4,8,W/B,4470
2019-01-23,506,13:26:00,Wednesday,Main Station,Mechanical,6,12,W/B,4186
2019-01-23,504,15:09:00,Wednesday,Queen / Jones,Emergency Services,5,10,W/B,4512
2019-01-23,504,15:25:00,Wednesday,Dufferin and Liberty,Held By,19,25,S/B,4416
2019-01-23,506,16:04:00,Wednesday,Gerrard and Woodbine,Mechanical,6,12,W/B,4186
2019-01-23,705,16:10:00,Wednesday,Queen St E and Leslie St,Mechanical,4,8,W/B,4433
2019-01-23,506,17:23:00,Wednesday,Main Station,Mechanical,6,12,W/B,4050
2019-01-23,504,17:50:00,Wednesday,Dundas W station to Brodvie Station,General Delay,6,12,EW,
2019-01-23,512,18:23:00,Wednesday,St. Clair West STN,Investigation,6,11,W/B,4472
2019-01-23,511,19:31:00,Wednesday,Bathurst and Lennox,Investigation,5,10,S/B,1549
2019-01-23,511,19:55:00,Wednesday,Fleet and Bathurst,General Delay,12,17,S/B,1146
2019-01-23,506,20:11:00,Wednesday,Bay and College,Investigation,7,14,E/B,4069
2019-01-23,505,20:47:00,Wednesday,Dundas west station,Utilized Off Route,5,10,E/B,8554
2019-01-23,504,20:58:00,Wednesday,Dundaswest station,Diversion,22,31,W/B,4452
2019-01-23,505,21:00:00,Wednesday,Broadview Station,Mechanical,5,10,W/B,8135
2019-01-23,501,21:02:00,Wednesday,Lakeshore/longBranch,Held By,15,24,E/B,4176
2019-01-23,501,21:42:00,Wednesday,Queen/Lansdowne,Mechanical,5,11,W/B,4023
2019-01-23,511,22:55:00,Wednesday,CNE,Mechanical,7,14,N/B,1048
2019-01-23,505,23:06:00,Wednesday,Sherbourne,Emergency Services,5,10,W/B,3263
2019-01-23,501,23:06:00,Wednesday,Humber Loop,Mechanical,1,1,E/B,4185
2019-01-24,501,00:26:00,Thursday,Queen/Brock,Emergency Services,7,16,W/B,4144
2019-01-24,301,01:03:00,Thursday,Queen/Parliament,Mechanical,9,18,E/B,4476
2019-01-24,511,01:32:00,Thursday,Exhibition Loop,Investigation,1,11,E/B,1139
2019-01-24,501,04:54:00,Thursday,Queen and Comnaught,Mechanical,5,10,E/B,4103
2019-01-24,501,05:03:00,Thursday,Queen and Connaught,Mechanical,4,8,W/B,4179
2019-01-24,510,05:14:00,Thursday,CNE Loop,Held By,15,30,W/B,4426
2019-01-24,511,05:20:00,Thursday,cne loop,Held By,30,40,N/B,1072
2019-01-24,504,05:36:00,Thursday,King and Bathurst,Mechanical,10,20,W/B,4517
2019-01-24,512,05:37:00,Thursday,Bathurst Station,Mechanical,6,12,E/B,4517
2019-01-24,506,05:49:00,Thursday,Coxwell and Gerrard,Mechanical,5,10,E/B,4193
2019-01-24,705,06:00:00,Thursday,Leslie Barns,Late Leaving Garage,106,1,W/B,4485
2019-01-24,705,06:00:00,Thursday,Leslie Brarns,Late Leaving Garage,104,1,W/B,4501
2019-01-24,501,06:02:00,Thursday,Queen and Connaught,Mechanical,4,8,W/B,4079
2019-01-24,705,06:05:00,Thursday,Leslie Barns,Late Leaving Garage,110,1,W/B,4512
2019-01-24,504,06:07:00,Thursday,King and Spadina,Mechanical,10,20,W/B,4402
2019-01-24,705,06:10:00,Thursday,Leslie Barns,Late Leaving Garage,105,1,W/B,4416
2019-01-24,501,06:12:00,Thursday,Queen And Connaught,Mechanical,5,10,W/B,4150
2019-01-24,705,06:15:00,Thursday,Leslie Barns,Late Leaving Garage,135,1,W/B,4427
2019-01-24,501,06:18:00,Thursday,Queen And Connaught,Mechanical,5,10,W/B,4101
2019-01-24,705,06:20:00,Thursday,Leslie Barns,Late Leaving Garage,600,1,W/B,1
2019-01-24,501,06:41:00,Thursday,Queen And Connaught,Mechanical,5,10,W/B,4075
2019-01-24,506,06:43:00,Thursday,Coxwell and Gerrard,Mechanical,5,10,W/B,4001
2019-01-24,504,06:46:00,Thursday,Leslie Barns,Late Leaving Garage,6,1,W/B,4424
2019-01-24,506,06:48:00,Thursday,Coxwell and Gerrard,Mechanical,5,10,W/B,4011
2019-01-24,510,06:49:00,Thursday,Leslie Barns,Late Leaving Garage,4,1,W/B,4447
2019-01-24,504,06:50:00,Thursday,King/Roncesvalles,Mechanical,7,14,W/B,4506
2019-01-24,504,06:53:00,Thursday,Bingham loop,Mechanical,12,24,W/B,8501
2019-01-24,506,07:20:00,Thursday,gerrard/coxwell,Mechanical,5,10,E/B,4087
2019-01-24,512,07:58:00,Thursday,St. Clair and Oakwood,Mechanical,3,6,E/B,4490
2019-01-24,501,08:23:00,Thursday,Longbranch Loop,Mechanical,9,18,E/B,4023
2019-01-24,512,09:00:00,Thursday,Oakwood Loop,Investigation,3,6,W/B,4502
2019-01-24,504,09:38:00,Thursday,King and Church,Mechanical,7,14,E/B,4416
2019-01-24,512,10:12:00,Thursday,St. Clair W. Stn,Mechanical,3,6,W/B,4411
2019-01-24,705,10:22:00,Thursday,Dufferin and King,Held By,5,10,N/B,4503
2019-01-24,504,10:35:00,Thursday,Dundas West Station to Broadview Station,General Delay,7,11,E/B,4455
2019-01-24,504,10:47:00,Thursday,King and Shaw,Mechanical,5,10,S/B,4503
2019-01-24,510,10:58:00,Thursday,College Spadina,Emergency Services,4,8,S/B,4414
2019-01-24,705,12:05:00,Thursday,Queen St E and Leslie St,Mechanical,4,8,W/B,4446
2019-01-24,705,12:10:00,Thursday,Queen St E and Leslie St,Mechanical,4,8,W/B,4518
2019-01-24,506,12:55:00,Thursday,Gerrard and Parliament,Diversion,14,20,W/B,4074
2019-01-24,501,12:59:00,Thursday,LAKESHORE/BROKERS LANE,Investigation,40,50,E/B,4023
2019-01-24,510,13:25:00,Thursday,college/bathurst/queen,Mechanical,4,8,B/W,4447
2019-01-24,510,13:25:00,Thursday,spadina/college,Investigation,10,14,S/B,4440
2019-01-24,504,14:31:00,Thursday,Etna / Dundas W.,Held By,9,15,S/B,4455
2019-01-24,506,15:02:00,Thursday,Main Station,Mechanical,6,12,W/B,4074
2019-01-24,501,15:20:00,Thursday,LONG BRANCH LOOP,Mechanical,10,20,E/B,4121
2019-01-24,509,15:41:00,Thursday,Fleet and Fort York,Overhead - Pantograph,7,14,W/B,4499
2019-01-24,501,15:48:00,Thursday,Cannaught/Queen,Mechanical,3,7,E/B,4067
2019-01-24,705,16:10:00,Thursday,Queen St E and Leslie St,Mechanical,4,8,W/B,4507
2019-01-24,512,16:30:00,Thursday,St. Clair and Earscourt,Emergency Services,5,9,B/W,4436
2019-01-24,501,16:51:00,Thursday,HUMBER LOOP,Utilized Off Route,4,8,E/B,4127
2019-01-24,501,17:08:00,Thursday,Queen/Birch av.,Mechanical,4,8,E/B,4433
2019-01-24,506,17:15:00,Thursday,College and Clinton,Held By,13,19,W/B,4073
2019-01-24,705,17:35:00,Thursday,Bathurst Station,Overhead - Pantograph,1,2,N/B,4518
2019-01-24,504,18:26:00,Thursday,Dundas W. Stn to Broadview Stn,General Delay,9,15,B/W,4415
2019-01-24,705,18:37:00,Thursday,Roncesvalles / geoffery,Mechanical,15,22,N/B,4518
2019-01-24,501,20:47:00,Thursday,Queen/Bay,Investigation,20,24,E/B,4141
2019-01-24,504,21:09:00,Thursday,King and shaw,Emergency Services,8,16,E/B,4462
2019-01-24,510,21:41:00,Thursday,Queens Quay Loop,Emergency Services,4,8,N/B,4420
2019-01-25,501,00:18:00,Friday,Queen/Strachan,Held By,9,18,E/B,4029
2019-01-25,501,05:01:00,Friday,Queen And Connaught,Mechanical,4,8,W/B,4143
2019-01-25,501,05:03:00,Friday,Queen And Connaught,Mechanical,4,8,W/B,4085
2019-01-25,501,05:06:00,Friday,Queen And Connaught,Late Leaving Garage,4,8,E/B,4053
2019-01-25,504,05:15:00,Friday,Leslie Barns,Late Leaving Garage,2,1,W/B,4465
2019-01-25,504,05:16:00,Friday,Leslie Barns,Late Leaving Garage,2,1,W/B,4496
2019-01-25,511,05:32:00,Friday,Bathurst and Fleet,Mechanical,9,18,N/B,1549
2019-01-25,512,05:52:00,Friday,gunns loop,Mechanical,5,10,E/B,4436
2019-01-25,512,05:55:00,Friday,st.clair/yonge,Mechanical,5,10,W/B,4467
2019-01-25,501,05:57:00,Friday,Queen And Connaught,Mechanical,4,8,E/B,4030
2019-01-25,705,06:00:00,Friday,Leslie Barns,Late Leaving Garage,1,1,W/B,4504
2019-01-25,705,06:05:00,Friday,Leslie Barns,Late Leaving Garage,1,1,W/B,4482
2019-01-25,512,06:08:00,Friday,st.clair/lansdowne,Mechanical,5,10,E/B,4420
2019-01-25,705,06:10:00,Friday,Leslie Barns,Late Leaving Garage,1,1,W/B,4444
2019-01-25,705,06:15:00,Friday,Leslie Barns,Late Leaving Garage,1,1,W/B,4495
2019-01-25,503,06:22:00,Friday,Queen and Kingston Road,Late Leaving Garage,12,24,E/B,8599
2019-01-25,505,06:25:00,Friday,Broadview Station,Mechanical,4,8,S/B,8350
2019-01-25,506,06:26:00,Friday,High Park loop,Mechanical,6,12,E/B,4065
2019-01-25,511,06:33:00,Friday,Bathurst Station,Mechanical,6,9,S/B,1010
2019-01-25,504,06:46:00,Friday,Leslie Barns,Late Leaving Garage,3,1,W/B,4421
2019-01-25,510,06:49:00,Friday,Leslie Barns,Late Leaving Garage,1,1,W/B,4466
2019-01-25,501,06:54:00,Friday,Neville Loop,Mechanical,4,8,W/B,4085
2019-01-25,501,06:54:00,Friday,Queen And Connaught,Late Leaving Garage,4,8,E/B,4029
2019-01-25,510,07:03:00,Friday,Spadina Station,Investigation,4,8,S/B,4415
2019-01-25,504,07:11:00,Friday,Dundas W Stn,Mechanical,0,0,E/B,4487
2019-01-25,501,07:38:00,Friday,Queen & Parkside,Mechanical,0,0,W/B,4445
2019-01-25,501,07:44:00,Friday,Queen & Starchan,Mechanical,0,0,W/B,4456
2019-01-25,504,08:00:00,Friday,king/spadina,Utilized Off Route,4,8,W/B,4428
2019-01-25,506,09:04:00,Friday,Parliament and Carlton,Held By,9,15,E/B,4145
2019-01-25,506,09:13:00,Friday,Parliament and Carlton,Emergency Services,7,13,W/B,4039
2019-01-25,504,09:16:00,Friday,Roncevalles and Boustead,Mechanical,0,0,E/B,4515
2019-01-25,506,09:37:00,Friday,Sterling and Dundas,Mechanical,6,12,W/B,4022
2019-01-25,510,09:57:00,Friday,Spadina Lakeshore Blvd West,Overhead - Pantograph,4,8,N/B,4477
2019-01-25,501,10:17:00,Friday,Queen & Connaught,Mechanical,4,9,W/B,4185
2019-01-25,504,11:00:00,Friday,broadview station,General Delay,10,15,W/B,4514
2019-01-25,511,11:02:00,Friday,Bathurst Station,Utilized Off Route,6,12,S/B,1027
2019-01-25,501,12:14:00,Friday,Queen & Church.,Mechanical,5,10,W/B,4144
2019-01-25,501,12:32:00,Friday,Queensway/Windermere,Mechanical,4,8,wb,4176
2019-01-25,501,12:35:00,Friday,LONG BRANCH LOOP ENTRANCE,Investigation,10,20,EB,4143
2019-01-25,504,13:34:00,Friday,Roncesvalles / Marion,Investigation,31,37,S/B,4455
2019-01-25,505,13:42:00,Friday,Dundas W. Stn,Utilized Off Route,5,10,E/B,8355
2019-01-25,505,13:50:00,Friday,Dundas and Yonge,Diversion,4,8,W/B,8553
2019-01-25,501,14:20:00,Friday,Humber loop,Utilized Off Route,4,8,E/B,4143
2019-01-25,505,14:26:00,Friday,Yonge and Dundas,Diversion,4,8,W/B,8163
2019-01-25,511,14:31:00,Friday,Bathurst/ Richmond,Diversion,18,24,S/B,1084
2019-01-25,504,14:39:00,Friday,Bathurst and King,Held By,10,20,E/B,4444
2019-01-25,512,14:43:00,Friday,St. Clair and Northcliffe,Investigation,5,10,E/B,4495
2019-01-25,512,14:47:00,Friday,St. Clair and Bathurst,Held By,4,8,E/B,4485
2019-01-25,506,14:49:00,Friday,Colleeg and University,Held By,11,16,W/B,4121
2019-01-25,511,14:55:00,Friday,Bathurst and Queen,Investigation,6,12,N/B,1131
2019-01-25,501,15:17:00,Friday,QUEEN/CANNAUGHT,Mechanical,4,8,E/B,4187
2019-01-25,512,16:13:00,Friday,St. Clair Station,Investigation,4,8,W/B,4505
2019-01-25,705,16:25:00,Friday,King / Dufferin,Mechanical,1,1,S/B,4496
2019-01-25,511,16:46:00,Friday,Bathurst Station,Mechanical,6,12,S/B,1148
2019-01-25,506,16:50:00,Friday,Coxwell and Gerrard,Mechanical,6,12,E/B,4144
2019-01-25,501,16:55:00,Friday,Queen/Lansdowne,Mechanical,4,8,W/B,4086
2019-01-25,501,17:02:00,Friday,HUMBER LOOP,Investigation,84,88,E/B,4075
2019-01-25,512,17:27:00,Friday,St. Clair and Lansdowne,Overhead - Pantograph,4,8,E/B,4429
2019-01-25,504,17:47:00,Friday,Dundas W Station to Brodview Station,General Delay,8,16,EW,
2019-01-25,501,17:53:00,Friday,Queen./Broadview,Mechanical,4,8,W/B,4012
2019-01-25,512,18:09:00,Friday,St. Clair and Gunns,Mechanical,4,8,E/B,4432
2019-01-25,512,18:24:00,Friday,St. Clair and Lansdowne,Mechanical,4,8,E/B,4432
2019-01-25,504,18:47:00,Friday,King / Simcoe,Mechanical,7,14,E/B,4513
2019-01-25,505,19:00:00,Friday,Sherborne and Dundas,Emergency Services,5,10,E/B,1372
2019-01-25,504,19:17:00,Friday,Dundas W. Stn,Emergency Services,7,14,S/B,4465
2019-01-25,504,20:56:00,Friday,Queen/Parliament,Held By,25,32,E/B,4514
2019-01-25,705,20:56:00,Friday,King/Parliament,Held By,25,32,E/B,4483
2019-01-25,512,23:57:00,Friday,Gunns Loop,Mechanical,5,12,E/B,4505
2019-01-26,304,02:08:00,Saturday,King/John,Held By,7,17,E/B,4448
2019-01-26,304,03:01:00,Saturday,King/Queen,Held By,18,48,N/B,4484
2019-01-26,510,03:05:00,Saturday,Charlotte Loop,Mechanical,1,2,E/B,4416
2019-01-26,301,03:49:00,Saturday,Long Branch Loop,Emergency Services,24,44,E/B,4085
2019-01-26,310,03:51:00,Saturday,Spadina and College,Held By,30,60,N/B,4451
2019-01-26,301,03:54:00,Saturday,Queen & Spadina,Utilized Off Route,9,18,E/B,4462
2019-01-26,501,04:32:00,Saturday,Russell Yard,Mechanical,4,8,W/B,4149
2019-01-26,501,04:43:00,Saturday,Russell Yard,Late Leaving Garage,6,12,W/B,4086
2019-01-26,501,05:20:00,Saturday,Russell Yard,Late Leaving Garage,4,8,W/B,4068
2019-01-26,510,05:55:00,Saturday,Charlotte Loop,Mechanical,8,16,S/B,4514
2019-01-26,506,05:58:00,Saturday,Russell Yard,Late Leaving Garage,7,14,W/B,4089
2019-01-26,506,06:52:00,Saturday,Russell Yard,Held By,5,10,W/B,4091
2019-01-26,506,06:52:00,Saturday,Russell Yard,Late Leaving Garage,7,14,W/B,4165
2019-01-26,510,07:50:00,Saturday,Spadina Station,Mechanical,0,0,S/B,4493
2019-01-26,511,07:53:00,Saturday,Exhibiton loop,Mechanical,6,12,N/B,1012
2019-01-26,506,08:00:00,Saturday,Main Station,Mechanical,7,14,W/B,4165
2019-01-26,501,08:09:00,Saturday,Russell Yard,Late Leaving Garage,7,14,W/B,4153
2019-01-26,512,08:42:00,Saturday,St Clair/Bathurst,Mechanical,5,10,W/B,4482
2019-01-26,505,09:45:00,Saturday,Broadview Station,Mechanical,5,10,W/B,8139
2019-01-26,512,10:16:00,Saturday,St Clair/Lansdowne,Mechanical,5,10,W/B,4502
2019-01-26,512,11:22:00,Saturday,St Clair/Wychwood,Mechanical,4,8,E/B,4494
2019-01-26,512,11:46:00,Saturday,St Clair stn,Mechanical,0,0,W/B,4455
2019-01-26,504,12:10:00,Saturday,Parliament and King,Mechanical,8,16,E/B,4418
2019-01-26,504,12:39:00,Saturday,leslie Barns,Late Leaving Garage,6,12,W/B,4407
2019-01-26,504,12:39:00,Saturday,King and Spadina,Investigation,21,25,E/B,4472
2019-01-26,501,13:29:00,Saturday,Roncesvalles and Queen,Emergency Services,5,10,E/B,4020
2019-01-26,505,13:43:00,Saturday,Dundas and Parliament,Mechanical,4,8,E/B,8321
2019-01-26,512,13:57:00,Saturday,Gunns Loop,Mechanical,6,12,W/B,4422
2019-01-26,501,14:01:00,Saturday,Sumach and Queen,Mechanical,5,10,W/B,4413
2019-01-26,501,14:16:00,Saturday,Waverley and Queen,Mechanical,5,10,W/B,4144
2019-01-26,512,14:18:00,Saturday,St Clair  W and Vaughan,Overhead - Pantograph,17,23,W/B,4445
2019-01-26,510,14:24:00,Saturday,Spadina and Queens Quay,Mechanical,4,8,N/B,4516
2019-01-26,501,14:35:00,Saturday,Greenwood and Queen,Mechanical,5,10,E/B,4077
2019-01-26,501,14:44:00,Saturday,Greenwood and Queen,Mechanical,5,10,E/B,4030
2019-01-26,505,15:00:00,Saturday,Dundas and Church,General Delay,8,7,B/W,8565
2019-01-26,501,15:58:00,Saturday,Ontario and Queen,Investigation,5,10,E/B,4413
2019-01-26,512,16:00:00,Saturday,Oakwood and St Clair W,Overhead - Pantograph,5,10,E/B,4440
2019-01-26,512,17:26:00,Saturday,Vaughan rd and St Clair W.,Overhead - Pantograph,8,14,E/B,4440
2019-01-26,512,17:29:00,Saturday,St Clair W and Avenue Rd.,Mechanical,5,10,W/B,4440
2019-01-26,512,17:50:00,Saturday,St Clair and Vaughan,Mechanical,5,10,W/B,4441
2019-01-26,501,20:12:00,Saturday,Jarvis and Queen,Emergency Services,17,22,W/B,4513
2019-01-26,501,20:27:00,Saturday,Parliament and Queen,Mechanical,5,10,W/B,4150
2019-01-26,505,20:51:00,Saturday,Shaw and Dundas,Investigation,6,12,E/B,8564
2019-01-26,501,20:52:00,Saturday,Queen & Strachan,Investigation,6,12,E/B,4066
2019-01-26,505,23:04:00,Saturday,Broadview station,Mechanical,9,18,E/B,8109
2019-01-27,301,01:34:00,Sunday,Long Branch Loop,Investigation,28,37,E/B,4081
2019-01-27,304,01:44:00,Sunday,King/Brant,Held By,12,20,W/B,4506
2019-01-27,306,03:23:00,Sunday,Elizabeth and College,Investigation,30,60,W/B,8356
2019-01-27,501,04:38:00,Sunday,Queen St E and Connaught Ave,Late Leaving Garage,5,10,W/B,4148
2019-01-27,510,04:51:00,Sunday,Leslie Barns,Late Leaving Garage,2,6,W/B,4492
2019-01-27,505,05:11:00,Sunday,Broadview Station,Late Leaving Garage,8,16,W/B,1231
2019-01-27,512,05:17:00,Sunday,Bathurst and Davenport,Investigation,11,,N/B,4453
2019-01-27,304,05:40:00,Sunday,Dundas St. West and Bloor,Held By,8,25,N/B,4420
2019-01-27,506,05:51:00,Sunday,Coxwell and Gerrard,Mechanical,6,12,W/B,4191
2019-01-27,506,06:13:00,Sunday,Queen St E and Connaught Ave,Late Leaving Garage,5,10,W/B,4021
2019-01-27,501,06:37:00,Sunday,Queen St East   Yonge Street,Mechanical,8,28,E/B,4171
2019-01-27,510,06:42:00,Sunday,Bremner,Mechanical,0,0,N/B,4498
2019-01-27,805,06:55:00,Sunday,High Park Loop,Investigation,1,1,W/B,3124
2019-01-27,805,07:43:00,Sunday,Jane and bloor,Mechanical,1,1,E/B,7912
2019-01-27,510,08:47:00,Sunday,Leslie Barns,Late Leaving Garage,3,6,W/B,4504
2019-01-27,504,08:51:00,Sunday,Leslie Barns,Late Leaving Garage,6,8,W/B,4445
2019-01-27,504,08:53:00,Sunday,Leslie Barns,Late Leaving Garage,6,8,W/B,4503
2019-01-27,504,08:54:00,Sunday,Leslie Barns,Late Leaving Garage,6,8,W/B,4447
2019-01-27,510,08:56:00,Sunday,Leslie Barns,Late Leaving Garage,6,10,W/B,4447
2019-01-27,504,08:57:00,Sunday,Leslie Barns,Late Leaving Garage,6,8,W/B,4457
2019-01-27,501,08:57:00,Sunday,Leslie Barns,Late Leaving Garage,6,8,W/B,4469
2019-01-27,512,09:06:00,Sunday,Bathurst and St.Clair,Late Leaving Garage,6,12,W/B,4425
2019-01-27,506,10:39:00,Sunday,River and Gerrard,Investigation,6,12,W/B,4135
2019-01-27,501,11:00:00,Sunday,Neville Park Lopp,Held By,6,12,E/B,4148
2019-01-27,506,11:10:00,Sunday,Glenmount Park and Gerrard,Held By,6,12,E/B,4193
2019-01-27,501,11:37:00,Sunday,Broadview and Queen,Mechanical,5,10,W/B,4031
2019-01-27,705,11:43:00,Sunday,Ossignton and College,Investigation,1,1,W/B,8306
2019-01-27,504,11:56:00,Sunday,King and Sumach,Mechanical,8,16,E/B,4499
2019-01-27,501,12:00:00,Sunday,Neville loop,Mechanical,4,8,W/B,4108
2019-01-27,501,12:07:00,Sunday,Queen St E at Connaught,Held By,6,5,W/B,4119
2019-01-27,504,12:09:00,Sunday,Broadview and Langley,Held By,11,20,S/B,4457
2019-01-27,501,12:14:00,Sunday,Lakeshore Blvd Kipling Ave,Mechanical,10,20,W/B,4189
2019-01-27,510,12:52:00,Sunday,spadina/king,Held By,33,38,N/B,4473
2019-01-27,504,12:52:00,Sunday,Spadina and Adelaide,Investigation,5,10,N/B,4452
2019-01-27,512,12:55:00,Sunday,Gunns Loop,Mechanical,1,2,E/B,4437
2019-01-27,512,13:43:00,Sunday,Gunns Loop,Mechanical,1,2,E/B,4453
2019-01-27,509,13:53:00,Sunday,Fleet and Strachen,Overhead - Pantograph,6,12,E/B,4428
2019-01-27,504,14:14:00,Sunday,King and Bathurst,Utilized Off Route,8,16,E/B,4509
2019-01-27,505,14:25:00,Sunday,dundas/sackville,Mechanical,5,10,E/B,8945
2019-01-27,511,15:52:00,Sunday,Bathurst Station,Investigation,5,10,S/B,1348
2019-01-27,509,17:18:00,Sunday,Fleet and Strachen,Mechanical,1,2,E/B,4439
2019-01-27,506,18:12:00,Sunday,Royal York and Bloor,Mechanical,3,6,E/B,7957
2019-01-27,506,18:55:00,Sunday,Howard park and Parkside,Investigation,3,6,E/B,3270
2019-01-27,509,18:56:00,Sunday,Fleet Loop,Investigation,6,12,E/B,4436
2019-01-27,505,19:14:00,Sunday,dundas/spadina,Mechanical,5,10,E/B,8525
2019-01-27,510,20:05:00,Sunday,spadina/king,Mechanical,4,14,N/B,4483
2019-01-27,504,20:56:00,Sunday,KING AND DUNN,Investigation,27,36,W/B,4405
2019-01-27,504,22:20:00,Sunday,king and peter,Mechanical,9,18,W/B,4402
2019-01-27,501,22:56:00,Sunday,Queen & George,Investigation,9,18,E/B,4111
2019-01-28,510,01:08:00,Monday,Spadina station,Mechanical,7,14,S/B,4435
2019-01-28,501,03:57:00,Monday,Russell Yard,Mechanical,1,1,E/B,4117
2019-01-28,501,04:26:00,Monday,Russell Yard,Mechanical,1,1,E/B,4086
2019-01-28,506,04:58:00,Monday,Russell Yard,Late Leaving Garage,1,1,E/B,4032
2019-01-28,501,04:59:00,Monday,Russell Yard,Late Leaving Garage,1,1,E/B,4124
2019-01-28,506,05:08:00,Monday,Connaught and Queen,Late Leaving Garage,1,1,E/B,4191
2019-01-28,506,05:12:00,Monday,Euclid and College,Held By,15,1,W/B,4074
2019-01-28,504,05:25:00,Monday,Leslie Barns,Late Leaving Garage,4,1,W/B,4501
2019-01-28,504,05:36:00,Monday,King/Dunn,Mechanical,0,0,W/B,4432
2019-01-28,501,05:38:00,Monday,Russell Yard,Mechanical,3,6,E/B,4085
2019-01-28,504,05:39:00,Monday,King and Dufferin,Mechanical,1,1,E/B,4477
2019-01-28,506,05:58:00,Monday,Russell Yard,Late Leaving Garage,7,14,E/B,4182
2019-01-28,705,06:00:00,Monday,Leslie Barns,Late Leaving Garage,1,1,W/B,4476
2019-01-28,705,06:00:00,Monday,Leslie Barns,Late Leaving Garage,1,1,W/B,4503
2019-01-28,705,06:05:00,Monday,Leslie Barns,Late Leaving Garage,1,1,W/B,4500
2019-01-28,501,06:07:00,Monday,Russell Yard,Mechanical,4,8,E/B,4148
2019-01-28,705,06:10:00,Monday,Leslie Barns,Late Leaving Garage,1,1,W/B,4458
2019-01-28,705,06:15:00,Monday,Leslie Barns,Late Leaving Garage,1,1,W/B,4443
2019-01-28,705,06:20:00,Monday,Leslie Barns,Late Leaving Garage,1,1,W/B,4473
2019-01-28,506,06:25:00,Monday,Russell Yard,Mechanical,1,1,E/B,4144
2019-01-28,501,06:26:00,Monday,Humber Loop,Mechanical,9,18,W/B,4022
2019-01-28,505,06:28:00,Monday,DWS,Mechanical,4,8,E/B,8356
2019-01-28,512,06:34:00,Monday,St. Clair and Yonge,Mechanical,6,12,W/B,4462
2019-01-28,511,06:37:00,Monday,College and Bathurst,Investigation,6,12,N/B,1348
2019-01-28,512,06:51:00,Monday,Bathurst and Dupont,Mechanical,4,8,S/B,4462
2019-01-28,501,06:56:00,Monday,Queen & Connaught,Mechanical,5,10,E/B,4199
2019-01-28,511,06:57:00,Monday,Exhibiton loop,Mechanical,6,12,N/B,1140
2019-01-28,501,07:03:00,Monday,Neville Loop,Mechanical,5,10,W/B,4004
2019-01-28,501,07:10:00,Monday,Queen & Connaught,Mechanical,5,10,E/B,4156
2019-01-28,501,07:20:00,Monday,Queen & Roncesvalles,Utilized Off Route,3,6,W/B,4121
2019-01-28,501,07:33:00,Monday,Queen & Connaught,Mechanical,5,10,E/B,4125
2019-01-28,501,07:34:00,Monday,Queen & Connaught,Mechanical,5,10,E/B,4030
2019-01-28,501,07:55:00,Monday,Queen & Beech,Mechanical,27,32,W/B,4053
2019-01-28,506,07:55:00,Monday,Coxwell and Gerrard,Mechanical,6,12,W/B,4165
2019-01-28,501,07:57:00,Monday,Queen & Dufferin,Mechanical,5,10,E/B,4148
2019-01-28,501,08:00:00,Monday,Queen & Connaught,Mechanical,5,10,E/B,4042
2019-01-28,504,08:00:00,Monday,dundas w Stn-brdv stn,General Delay,10,17,B/W,
2019-01-28,504,08:02:00,Monday,king/Church,Mechanical,0,0,E/B,4476
2019-01-28,504,08:39:00,Monday,King and Bathurst,Mechanical,5,10,W/B,4484
2019-01-28,504,08:45:00,Monday,King/Spadina,Mechanical,7,14,W/B,4483
2019-01-28,505,08:56:00,Monday,Ossington,General Delay,9,13,W/B,8947
2019-01-28,501,08:57:00,Monday,Queen & Connaught,Mechanical,5,10,E/B,4184
2019-01-28,501,09:07:00,Monday,Queen & Connaught,Mechanical,5,10,E/B,4111
2019-01-28,511,09:13:00,Monday,Queen and Bathurst,General Delay,10,16,S/B,1128
2019-01-28,506,09:16:00,Monday,Bay and College,General Delay,11,17,W/B,4034
2019-01-28,501,09:24:00,Monday,Queen & Carroll,Held By,12,17,W/B,4147
2019-01-28,504,09:50:00,Monday,Roncesvalles/Queen,Mechanical,0,0,E/B,4521
2019-01-28,510,09:51:00,Monday,Charlotte Loop,Mechanical,4,8,N/B,4484
2019-01-28,504,10:14:00,Monday,dundas W stn,Mechanical,0,0,E/B,4433
2019-01-28,501,10:15:00,Monday,Queen & Connaught,Mechanical,5,10,E/B,4085
2019-01-28,504,10:23:00,Monday,King/spadina,Mechanical,9,16,W/B,4440
2019-01-28,511,10:41:00,Monday,Exhibitoon loop,Mechanical,6,12,N/B,1066
2019-01-28,501,10:50:00,Monday,Queen & Connaught,Investigation,5,10,E/B,4029
2019-01-28,506,11:00:00,Monday,Coxwell and Gerrard,Mechanical,6,12,W/B,4074
2019-01-28,501,11:06:00,Monday,Queensway and Parkside.,Held By,8,13,W/B,4021
2019-01-28,506,11:10:00,Monday,Coxwell and Gerrard,Mechanical,6,12,W/B,4087
2019-01-28,501,11:31:00,Monday,Queen & Connaught,Mechanical,5,10,E/B,4086
2019-01-28,504,11:58:00,Monday,King and Spadina,Investigation,4,9,W/B,4443
2019-01-28,504,12:11:00,Monday,King / Church,Mechanical,6,12,E/B,4444
2019-01-28,505,12:54:00,Monday,Sherborne and Dundas,Mechanical,4,8,W/B,8161
2019-01-28,501,12:58:00,Monday,Queen/Dufferin,Mechanical,4,8,E/B,4029
2019-01-28,506,13:20:00,Monday,upper gerrard/woodbine,Investigation,58,63,W/B,4170
2019-01-28,504,13:47:00,Monday,King and Yonge,General Delay,8,7,B/W,4506
2019-01-28,501,14:19:00,Monday,LAKESHORE/KIPLING,Investigation,10,20,W/B,4121
2019-01-28,509,14:41:00,Monday,Queen St E and Leslie St,Mechanical,4,8,W/B,4452
2019-01-28,501,14:42:00,Monday,Queen/Bathurst,Mechanical,4,8,W/B,4149
2019-01-28,510,14:52:00,Monday,Front and Spadina,Held By,27,31,N/B,4467
2019-01-28,512,15:22:00,Monday,St. clair and Caledonia,Held By,9,19,E/B,4436
2019-01-28,505,15:54:00,Monday,Dundas West Station,Mechanical,4,8,E/B,8512
2019-01-28,501,16:07:00,Monday,Queen/Cannaught,Mechanical,4,8,W/B,4153
2019-01-28,501,16:30:00,Monday,Queen/Sorauren,Investigation,20,28,W/B,4148
2019-01-28,501,17:12:00,Monday,Humber loop,Utilized Off Route,4,8,E/B,4086
2019-01-28,506,17:34:00,Monday,dundas/bathurst,Investigation,5,10,E/B,4091
2019-01-28,506,17:45:00,Monday,gerrard/broadview,Investigation,21,26,E/B,4119
2019-01-28,504,17:57:00,Monday,King and Bathurst,Mechanical,10,20,E/B,4495
2019-01-28,504,18:00:00,Monday,Broadview and Dundas,Investigation,11,20,E/B,4422
2019-01-28,510,18:03:00,Monday,Lakeshore and Spadina/QQ loop,Mechanical,4,8,S/B,4515
2019-01-28,501,18:05:00,Monday,Queensway/parkside,Mechanical,4,8,W/B,4004
2019-01-28,501,18:07:00,Monday,Queen/Greenwood,Mechanical,4,38,W/B,4071
2019-01-28,512,18:29:00,Monday,St. Clair and Caledonia,Held By,21,26,E/B,4453
2019-01-28,510,18:31:00,Monday,Spadina and Queens Quay,Mechanical,18,22,N/B,4460
2019-01-28,501,18:41:00,Monday,Lakeshore/9th street,General Delay,89,99,W/B,4052
2019-01-28,504,18:42:00,Monday,King and Spadina,Emergency Services,18,28,E/B,4443
2019-01-28,501,18:43:00,Monday,Queen/Kingston rd,Investigation,65,69,E/B,4192
2019-01-28,501,19:35:00,Monday,Lakeshore/Burlington,Mechanical,10,20,W/B,4171
2019-01-28,501,19:56:00,Monday,Long branch loop,General Delay,28,38,E/B,4081
2019-01-28,501,20:06:00,Monday,Queen/Cannaught,Mechanical,4,8,W/B,4004
2019-01-28,501,20:12:00,Monday,Neville park loop,General Delay,36,40,W/B,4510
2019-01-28,510,20:24:00,Monday,Spadina and Wellington,Held By,9,17,N/B,4511
2019-01-28,501,21:01:00,Monday,Humber Loop,Held By,62,72,W/B,4081
2019-01-28,501,21:30:00,Monday,Queen & Yonge,General Delay,6,12,W/B,
2019-01-28,510,21:57:00,Monday,Spadina and Queens Quay,Investigation,8,16,E/B,4516
2019-01-28,509,22:01:00,Monday,Spadina and Queens Quay,Held By,22,32,E/B,4494
2019-01-28,510,22:32:00,Monday,Spadina Station,Mechanical,8,16,N/B,4511
2019-01-28,306,22:35:00,Monday,Ashdale and Gerrard,Held By,9,18,E/B,4050
2019-01-28,504,22:38:00,Monday,King and bathurst,Utilized Off Route,5,10,E/B,4458
2019-01-28,510,22:39:00,Monday,Adelaide and Spadina,Mechanical,8,16,S/B,4467
2019-01-28,504,23:07:00,Monday,Charlotte loop,Held By,8,16,S/B,4492
2019-01-28,504,23:35:00,Monday,king and peter,Mechanical,8,16,E/B,4432
2019-01-29,505,01:41:00,Tuesday,Broadview station,Emergency Services,10,20,E/B,9203
2019-01-29,306,03:29:00,Tuesday,Gerrard and Pape,Investigation,30,60,E/B,4091
2019-01-29,501,04:00:00,Tuesday,Neville Loop to Humber,General Delay,15,20,B/W,
2019-01-29,504,04:06:00,Tuesday,Russell Yard,Late Leaving Garage,4,12,W/B,4506
2019-01-29,501,04:32:00,Tuesday,Russell Yard,Mechanical,10,20,W/B,4170
2019-01-29,501,04:54:00,Tuesday,Russell Yard,Late Leaving Garage,10,20,E/B,4182
2019-01-29,506,04:57:00,Tuesday,Russell Yard,Mechanical,5,14,E/B,4066
2019-01-29,501,05:23:00,Tuesday,River,Mechanical,101,105,E/B,4040
2019-01-29,501,05:32:00,Tuesday,Parliament,Investigation,88,94,E/B,4185
2019-01-29,501,05:38:00,Tuesday,Russell Yard,Mechanical,3,6,W/B,
2019-01-29,512,05:42:00,Tuesday,St. Clair West Station,Held By,20,26,W/B,4469
2019-01-29,506,05:48:00,Tuesday,Russell Yard,Mechanical,7,14,E/B,4086
2019-01-29,511,05:51:00,Tuesday,Dufferin and Davenport,Mechanical,6,12,S/B,1406
2019-01-29,506,05:56:00,Tuesday,Russell Yard,Late Leaving Garage,4,11,E/B,4117
2019-01-29,504,06:00:00,Tuesday,Dundas West Station to Broadview Station,General Delay,13,20,B/W,
2019-01-29,501,06:00:00,Tuesday,Russell Yard,Late Leaving Garage,4,12,W/B,4121
2019-01-29,501,06:03:00,Tuesday,Russell Yard,Late Leaving Garage,4,8,W/B,4150
2019-01-29,501,06:07:00,Tuesday,Russell Yard,Late Leaving Garage,3,6,E/B,4024
2019-01-29,512,06:13:00,Tuesday,St. Clair West and Robina,Mechanical,6,12,E/B,4452
2019-01-29,501,06:17:00,Tuesday,Russell Yard,Late Leaving Garage,5,10,E/B,4437
2019-01-29,501,06:22:00,Tuesday,Russell Yard,Late Leaving Garage,5,10,E/B,4110
2019-01-29,512,06:27:00,Tuesday,St.Clair and Vaughan,Held By,13,19,B/W,4459
2019-01-29,506,06:40:00,Tuesday,Russell Yard,Mechanical,7,14,E/B,4069
2019-01-29,501,06:41:00,Tuesday,Russell Yard,Late Leaving Garage,10,20,W/B,4149
2019-01-29,501,06:52:00,Tuesday,Russell Yard,Late Leaving Garage,3,7,E/B,4100
2019-01-29,506,06:55:00,Tuesday,Russell Yard,Mechanical,7,14,E/B,4020
2019-01-29,503,07:00:00,Tuesday,Queen and Kingston Road,Late Leaving Garage,12,24,E/B,8493
2019-01-29,505,07:03:00,Tuesday,Gerrard Street,Mechanical,4,8,N/B,8519
2019-01-29,503,07:12:00,Tuesday,Queen and Kingston,Late Leaving Garage,12,24,E/B,9203
2019-01-29,512,07:27:00,Tuesday,St Clair West,General Delay,21,26,W/B,4516
2019-01-29,504,07:46:00,Tuesday,Leslie Barns,Late Leaving Garage,4,8,W/B,4508
2019-01-29,504,07:47:00,Tuesday,Leslie Barns,Late Leaving Garage,4,8,W/B,4464
2019-01-29,512,07:52:00,Tuesday,St. Clair and Oakwood,Held By,14,20,E/B,4516
2019-01-29,504,07:52:00,Tuesday,King St East and George Street,Held By,7,14,W/B,4432
2019-01-29,505,07:52:00,Tuesday,Broadview Station,Emergency Services,4,8,W/B,8537
2019-01-29,501,07:58:00,Tuesday,Broadview,Held By,20,24,E/B,4127
2019-01-29,512,08:38:00,Tuesday,St. Clair West Sn,Mechanical,6,12,W/B,4516
2019-01-29,511,08:51:00,Tuesday,Fortyork and Bathurst,Mechanical,6,12,N/B,1124
2019-01-29,505,08:56:00,Tuesday,Withrow,Mechanical,4,8,S/B,9216
2019-01-29,506,09:07:00,Tuesday,Beaton and Gerrard,Held By,12,18,E/B,4066
2019-01-29,506,09:09:00,Tuesday,Woodfield and Gerrard,Investigation,12,18,W/B,4034
2019-01-29,511,09:28:00,Tuesday,King and Bathurst,General Delay,10,13,S/B,1422
2019-01-29,506,09:53:00,Tuesday,Dufferin and College,Held By,12,18,W/B,4103
2019-01-29,506,10:17:00,Tuesday,Greenwood and Gerrard,Held By,18,24,E/B,4030
2019-01-29,504,10:18:00,Tuesday,Roncesvalles and Howard Park,Mechanical,6,13,W/B,4510
2019-01-29,512,10:19:00,Tuesday,Gunns Loop,Held By,38,43,E/B,4415
2019-01-29,506,11:07:00,Tuesday,Gerrard and Bowmore,Held By,6,12,E/B,4030
2019-01-29,506,11:21:00,Tuesday,Logan and Gerrard,Held By,12,18,E/B,4103
2019-01-29,506,11:26:00,Tuesday,Dundas and Howard,Held By,6,12,E/B,4104
2019-01-29,504,11:42:00,Tuesday,Dufferin Loop (Springhurst),Held By,6,13,E/B,4423
2019-01-29,504,11:45:00,Tuesday,Roncy/Marion,Held By,45,52,E/B,4506
2019-01-29,512,11:46:00,Tuesday,Vaughan road and Ellsworth,Held By,14,0,S/B,4463
2019-01-29,506,11:47:00,Tuesday,Leslie and Gerrard,Investigation,18,24,E/B,4103
2019-01-29,509,12:21:00,Tuesday,Rees and Qquay,Mechanical,36,42,W/B,4461
2019-01-29,506,12:50:00,Tuesday,college/grace,Held By,55,60,E/B,4048
2019-01-29,301,12:50:00,Tuesday,Queen & Sumach,Held By,13,22,W/B,4145
2019-01-29,505,13:07:00,Tuesday,Yonge and Dundas,Investigation,4,8,E/B,8523
2019-01-29,504,13:18:00,Tuesday,Brodview and Wolfrey,Held By,40,46,N/B,4493
2019-01-29,504,13:59:00,Tuesday,King / Spadina,Emergency Services,6,12,E/B,4416
2019-01-29,504,14:46:00,Tuesday,Dundas W to Brodvies Station,General Delay,15,25,EW,
2019-01-29,504,14:55:00,Tuesday,Roncesvalles / Pearson,Held By,11,17,S/B,4474
2019-01-29,504,14:56:00,Tuesday,Brodview and Withorow,Held By,44,50,S/B,4481
2019-01-29,510,15:00:00,Tuesday,SPSP to UNION,General Delay,4,8,B/W,4479
2019-01-29,505,15:00:00,Tuesday,DDW stn to BRDVW stn,General Delay,4,8,B/W,9203
2019-01-29,506,15:02:00,Tuesday,gerrard/logan,Held By,54,59,W/B,4101
2019-01-29,510,15:10:00,Tuesday,Queens Quay and Spadina,Mechanical,4,8,S/B,4417
2019-01-29,501,15:53:00,Tuesday,Connaugh,Mechanical,4,8,W/B,4084
2019-01-29,504,16:06:00,Tuesday,Queen and Carrol,Investigation,39,45,E/B,4482
2019-01-29,501,16:12:00,Tuesday,Carrol,Held By,32,36,E/B,4121
2019-01-29,506,16:41:00,Tuesday,howardpark/roncy,Held By,8,13,E/B,4147
2019-01-29,504,16:50:00,Tuesday,Brodview and Riverdale,Held By,38,42,S/B,4507
2019-01-29,501,16:55:00,Tuesday,Dufferin,Mechanical,4,8,W/B,4067
2019-01-29,504,17:33:00,Tuesday,Queen and River.,Mechanical,6,12,E/B,4512
2019-01-29,504,17:39:00,Tuesday,Brodview and Rivwerdale,Held By,71,77,S/B,4443
2019-01-29,504,17:42:00,Tuesday,Brodview and Queen,Held By,95,100,S/B,4507
2019-01-29,512,17:49:00,Tuesday,St. Clair and Wychwood,Held By,14,19,E/B,4441
2019-01-29,504,17:53:00,Tuesday,Roncesvalles / Grenadier,Held By,20,27,N/B,4465
2019-01-29,504,19:08:00,Tuesday,Gerrard and Brodvierw,Held By,14,20,S/B,4456
2019-01-29,506,19:10:00,Tuesday,gerrard/broadview,Held By,10,17,B/W,4187
2019-01-29,506,19:25:00,Tuesday,coxwell/dundas,Held By,7,14,W/B,
2019-01-29,511,19:30:00,Tuesday,Bathurst and Bloor,Mechanical,6,12,S/B,1147
2019-01-29,504,19:30:00,Tuesday,Brodview and Riverdale,Held By,23,29,S/B,4465
2019-01-29,506,19:56:00,Tuesday,gerrard/alton,Held By,30,37,E/B,4143
2019-01-29,510,20:10:00,Tuesday,Adelaide and Spadina,Mechanical,8,16,S/B,4407
2019-01-29,505,20:25:00,Tuesday,Yonge and Dundas,Mechanical,5,10,E/B,8936
2019-01-29,505,20:31:00,Tuesday,Dundas West Station,Investigation,5,10,W/B,8187
2019-01-29,501,20:58:00,Tuesday,Lakeshore & 30th St,Investigation,110,120,W/B,4176
2019-01-29,506,21:08:00,Tuesday,Gerrard/Ashdale,Held By,11,18,W/B,4156
2019-01-29,506,21:13:00,Tuesday,Howard Park/Roncesvalles,Held By,31,38,E/B,4085
2019-01-29,506,21:28:00,Tuesday,Gerrard/Logan,Held By,18,25,W/B,4156
2019-01-29,506,22:52:00,Tuesday,Gerrard/Broadview,Held By,35,42,W/B,4117
2019-01-29,506,23:00:00,Tuesday,College/Grace,Held By,20,29,E/B,4147
2019-01-30,501,00:21:00,Wednesday,Queen & St. Patrick,Held By,50,59,E/B,4150
2019-01-30,506,00:32:00,Wednesday,Gerrard/Jones,Mechanical,8,17,W/B,4085
2019-01-30,506,00:36:00,Wednesday,College/Clinton,Held By,45,53,E/B,4104
2019-01-30,512,02:20:00,Wednesday,Bathurst station,Mechanical,1,1,S/B,4415
2019-01-30,501,04:38:00,Wednesday,Queen & Church,Investigation,0,11,W/B,4430
2019-01-30,510,05:40:00,Wednesday,King and Spadina,Mechanical,15,30,S/B,4572
2019-01-30,505,05:51:00,Wednesday,Dufferin and St. Clair,Mechanical,4,8,S/B,1383
2019-01-30,512,05:52:00,Wednesday,Bathurst and St.Clair,Mechanical,1,1,E/B,4412
2019-01-30,504,05:58:00,Wednesday,King and Sumach,Mechanical,5,10,W/B,4444
2019-01-30,505,06:00:00,Wednesday,Broadview and Wolfrey,Mechanical,4,8,S/B,9212
2019-01-30,510,06:07:00,Wednesday,King and Spadina,Mechanical,8,16,N/B,4514
2019-01-30,512,07:36:00,Wednesday,St Clair & Lansdowne,Held By,5,9,W/B,4491
2019-01-30,504,07:39:00,Wednesday,Roncesvalles\Howard park.,Mechanical,6,13,E/B,4423
2019-01-30,501,07:47:00,Wednesday,Rocesvalles Queens Street West,Held By,8,28,E/B,4462
2019-01-30,504,07:50:00,Wednesday,King/parliament,Mechanical,0,0,W/B,4445
2019-01-30,505,07:50:00,Wednesday,Dundas west Stn to Broadview Stn,General Delay,15,19,W/B,8600
2019-01-30,504,07:54:00,Wednesday,Broadview and Withrow,Investigation,6,10,N/B,4503
2019-01-30,510,07:56:00,Wednesday,Spadina and King,Mechanical,4,8,W/B,4456
2019-01-30,504,08:00:00,Wednesday,Dundas W stn-Brdv Stn,General Delay,10,17,B/W,
2019-01-30,505,08:30:00,Wednesday,Dundas West Stn,Mechanical,4,8,W/B,1362
2019-01-30,512,08:49:00,Wednesday,St Clair & Robina,Held By,6,10,W/B,4459
2019-01-30,504,08:49:00,Wednesday,king/Shaw,Mechanical,6,13,E/B,4510
2019-01-30,505,08:57:00,Wednesday,Chestnut and Dundas,Mechanical,4,8,W/B,8947
2019-01-30,505,09:40:00,Wednesday,Bathurst and Dundas,Mechanical,4,8,W/B,8519
2019-01-30,504,09:45:00,Wednesday,Roncesvalles/Howard Park,Mechanical,5,12,E/B,4440
2019-01-30,512,10:11:00,Wednesday,St Clair & Vaughan,Held By,10,15,W/B,4505
2019-01-30,504,10:18:00,Wednesday,Distillery Loop,Mechanical,5,10,W/B,4426
2019-01-30,505,11:00:00,Wednesday,Dundas and Bathurst,Mechanical,4,8,W/B,8499
2019-01-30,504,11:38:00,Wednesday,Roncesvalles/Garden,Held By,10,17,W/B,4440
2019-01-30,504,11:52:00,Wednesday,Broadview and MT. Stephen,Held By,27,33,S/B,4424
2019-01-30,506,11:55:00,Wednesday,Clinton / College,Held By,,12,W/B,4067
2019-01-30,512,11:56:00,Wednesday,St Clair & Walmer,Held By,4,9,W/B,4508
2019-01-30,505,12:02:00,Wednesday,Mt. Stephen and Broadview,Held By,16,20,S/B,8935
2019-01-30,504,12:02:00,Wednesday,Queensway/Roncesvalles.,Investigation,7,14,E/B,4518
2019-01-30,501,12:02:00,Wednesday,Queen & Munro Park,Held By,15,24,E/B,4182
2019-01-30,506,12:27:00,Wednesday,Broadview and Gerrard,Investigation,6,12,E/B,4105
2019-01-30,506,12:39:00,Wednesday,Ashdale and Gerrard,Held By,6,12,W/B,4101
2019-01-30,506,13:10:00,Wednesday,Gerrard and Pape,Investigation,6,12,W/B,4105
2019-01-30,502,13:11:00,Wednesday,Bingham Loop,Mechanical,10,20,W/B,8495
2019-01-30,504,13:19:00,Wednesday,Shaw and King,Held By,6,12,S/B,4424
2019-01-30,504,13:24:00,Wednesday,Brodview and Mountstephen,Held By,45,51,S/B,4456
2019-01-30,504,13:27:00,Wednesday,King and Triniti,Held By,12,19,E/B,4510
2019-01-30,504,13:47:00,Wednesday,King / Spadina,General Delay,10,16,B/W,4405
2019-01-30,512,13:52:00,Wednesday,St Clair Avenue West  Landsdowne,Mechanical,5,10,E/B,4431
2019-01-30,504,14:12:00,Wednesday,Roncesvalles / Grenadier,Held By,38,45,N/B,4496
2019-01-30,504,14:20:00,Wednesday,King and Spadina,Held By,12,18,W/B,4481
2019-01-30,512,14:26:00,Wednesday,St Clair Avenue West Warren Ave,Mechanical,5,10,E/B,4508
2019-01-30,505,14:35:00,Wednesday,Dundas W. Stn,Utilized Off Route,6,12,E/B,8567
2019-01-30,506,14:43:00,Wednesday,Main Station,Emergency Services,39,45,E/B,4108
2019-01-30,504,14:46:00,Wednesday,Brodview and Withrow,Held By,115,126,S/B,4503
2019-01-30,505,14:46:00,Wednesday,broadview/withrow,Held By,109,114,W/B,9219
2019-01-30,506,14:53:00,Wednesday,Main station,Mechanical,6,12,E/B,4086
2019-01-30,504,15:29:00,Wednesday,Roncesvalles / Grenadier,Held By,11,18,N/B,4440
2019-01-30,501,15:45:00,Wednesday,Queen and Glen Manor,Held By,82,87,W/B,4480
2019-01-30,502,16:03:00,Wednesday,Jarvis Queen,Mechanical,10,20,W/B,9233
2019-01-30,503,16:13:00,Wednesday,Birchmount Garage,Mechanical,12,24,W/B,8937
2019-01-30,502,16:25:00,Wednesday,Bingham Loop,Mechanical,10,20,W/B,8558
2019-01-30,504,16:30:00,Wednesday,Mountstephen and Brodview,Investigation,21,27,S/B,4435
2019-01-30,505,16:45:00,Wednesday,dundas/ontario,Investigation,1,1,E/B,8146
2019-01-30,501,17:23:00,Wednesday,Glen Manor and Queen,Mechanical,10,20,W/B,4458
2019-01-30,511,17:38:00,Wednesday,Adelaide and Bathurst,Mechanical,6,12,S/B,1081
2019-01-30,506,18:20:00,Wednesday,Gerrard/Ashdale/Coxwell,Held By,43,50,E/B,4091
2019-01-30,512,18:32:00,Wednesday,Keele and St. Clair,Mechanical,5,10,E/B,4459
2019-01-30,506,18:36:00,Wednesday,Jones and Gerrard,Held By,4,10,W/B,4020
2019-01-30,511,18:50:00,Wednesday,Bathurst Station,Mechanical,5,10,N/B,1014
2019-01-30,509,19:09:00,Wednesday,Bathurst and Fleet,Investigation,55,62,E/B,4516
2019-01-30,506,19:19:00,Wednesday,Jarvis and Carlton,Emergency Services,8,15,E/B,4192
2019-01-30,506,20:01:00,Wednesday,Borden and College,Mechanical,7,14,W/B,4186
2019-01-30,505,20:30:00,Wednesday,DUNDAS/BAY,Mechanical,6,12,E/B,1218
2019-01-30,504,20:46:00,Wednesday,roncy and geoffrey,Held By,35,47,N/B,4410
2019-01-30,505,20:54:00,Wednesday,Dundas west station,Utilized Off Route,5,10,E/B,8135
2019-01-30,506,21:52:00,Wednesday,Dovercourt and College,Held By,14,14,W/B,4165
2019-01-30,509,21:54:00,Wednesday,Spadina and Queens Quay,Held By,9,18,W/B,4516
2019-01-30,501,22:26:00,Wednesday,Lakeshore/Kipling,Investigation,177,185,W/B,4480
2019-01-30,501,22:30:00,Wednesday,Lakeshore/Symons,Investigation,284,293,W/B,4497
2019-01-30,512,23:20:00,Wednesday,St. Clair STN,Mechanical,6,12,W/B,4436
2019-01-30,805,23:33:00,Wednesday,Mccaulk north of Queen`,Held By,1,1,N/B,4066
2019-01-31,512,00:49:00,Thursday,St.Clair and Lansdown,Held By,8,15,E/B,4439
2019-01-31,506,01:07:00,Thursday,Gerrard and Highfield,Investigation,8,16,W/B,4042
2019-01-31,504,01:27:00,Thursday,king and shaw,Mechanical,8,16,W/B,4429
2019-01-31,306,01:33:00,Thursday,Main station,Mechanical,8,16,W/B,4101
2019-01-31,301,02:00:00,Thursday,Neville Loop,Mechanical,72,81,W/B,4403
2019-01-31,513,02:51:00,Thursday,Bathurst station,Mechanical,1,1,S/B,4412
2019-01-31,512,02:51:00,Thursday,Bathurst Station,Mechanical,1,1,S/B,4412
2019-01-31,501,04:26:00,Thursday,Russell Yard,Mechanical,11,21,E/B,4477
2019-01-31,301,04:28:00,Thursday,Queen & Connaught,Held By,22,52,E/B,4430
2019-01-31,304,04:30:00,Thursday,Queen/Broadview,Mechanical,15,27,W/B,4424
2019-01-31,504,04:33:00,Thursday,Russell Yard,Diversion,7,14,E/B,4402
2019-01-31,504,04:41:00,Thursday,Russell Yard,Diversion,5,10,E/B,4518
2019-01-31,501,04:44:00,Thursday,Russell Yard,Late Leaving Garage,11,21,E/B,4492
2019-01-31,304,04:48:00,Thursday,Broadview/Queen,Mechanical,15,27,W/B,4424
2019-01-31,512,05:58:00,Thursday,Bathurst Station,Held By,1,1,E/B,4520
2019-01-31,511,06:00:00,Thursday,Bathurst  Street  Bloor  Street,Investigation,4,8,S/B,1097
2019-01-31,504,06:05:00,Thursday,King/Roncesvalles,Held By,6,13,W/B,4447
2019-01-31,503,06:13:00,Thursday,Queen/Kingston Rd,Late Leaving Garage,0,12,W/B,8598
2019-01-31,504,06:15:00,Thursday,Broadview and Dundas,Mechanical,5,10,S/B,4417
2019-01-31,501,06:30:00,Thursday,Leslie & Queen,Mechanical,11,22,E/B,4512
2019-01-31,504,06:37:00,Thursday,Broadview/Queen,Held By,7,14,W/B,4458
2019-01-31,506,06:40:00,Thursday,Russell Yard,Mechanical,5,10,W/B,4145
2019-01-31,503,06:41:00,Thursday,Queen/kingston rd,Late Leaving Garage,6,12,E/B,8530
2019-01-31,511,06:42:00,Thursday,Bathurst Street   College Street,Investigation,4,8,S/B,1305
2019-01-31,503,06:47:00,Thursday,Queen/kingstn Rd,Mechanical,6,12,E/B,8579
2019-01-31,510,06:49:00,Thursday,Leslie Barns,Late Leaving Garage,4,1,W/B,4437
2019-01-31,506,06:55:00,Thursday,Russell Yard,Mechanical,4,8,W/B,4067
2019-01-31,504,06:55:00,Thursday,Broadview and Queen,Mechanical,5,10,N/B,4405
2019-01-31,510,06:57:00,Thursday,Leslie Barns,Late Leaving Garage,2,1,W/B,4418
2019-01-31,504,07:04:00,Thursday,Leslie Barns,Late Leaving Garage,2,1,W/B,4484
2019-01-31,510,07:05:00,Thursday,Leslie Barns,Late Leaving Garage,4,1,W/B,4430
2019-01-31,504,07:16:00,Thursday,Leslie Barns,Late Leaving Garage,4,1,W/B,4496
2019-01-31,506,07:25:00,Thursday,College and Ossingston,Mechanical,9,15,W/B,4160
2019-01-31,506,07:42:00,Thursday,Gerrard and Coxwell,Mechanical,6,12,E/B,4181
2019-01-31,506,07:46:00,Thursday,Ossington Ave,Mechanical,12,16,W/B,4160
2019-01-31,510,07:48:00,Thursday,Spadina Station,Mechanical,4,8,S/B,4408
2019-01-31,504,08:03:00,Thursday,Broadview Station /Dundas platform,Investigation,5,10,S/B,4459
2019-01-31,506,08:30:00,Thursday,Carlaw,Mechanical,5,10,E/B,4066
2019-01-31,506,09:16:00,Thursday,Yonge Street,Mechanical,16,20,W/B,4110
2019-01-31,506,09:21:00,Thursday,Logan,Investigation,25,29,E/B,4169
2019-01-31,501,09:24:00,Thursday,Queen & Neville,Held By,9,20,E/B,4509
2019-01-31,504,09:40:00,Thursday,Shw and King,Held By,5,10,S/B,4459
2019-01-31,506,09:52:00,Thursday,Main Station,Mechanical,4,8,W/B,4165
2019-01-31,506,10:07:00,Thursday,College and Bay,Mechanical,9,18,W/B,4121
2019-01-31,504,10:09:00,Thursday,Broadview and Withrow,Held By,10,16,B/W,4417
2019-01-31,504,10:18:00,Thursday,King/University,Mechanical,0,0,E/B,4405
2019-01-31,506,10:33:00,Thursday,Roncesvalles and Howard Park Ave,Held By,60,64,E/B,4191
2019-01-31,504,10:38:00,Thursday,Roncesvalles\Queen,Mechanical,8,15,E/B,4515
2019-01-31,506,11:30:00,Thursday,Alton,Held By,27,31,E/B,4067
2019-01-31,506,12:18:00,Thursday,Broadview,Held By,15,19,E/B,4191
2019-01-31,506,12:45:00,Thursday,Ashdale,Held By,16,22,W/B,4069
2019-01-31,506,12:51:00,Thursday,Gerrard and Parliament,Mechanical,16,22,E/B,4145
2019-01-31,506,12:53:00,Thursday,ashdale and Coxwel,General Delay,16,22,W/B,4069
2019-01-31,510,12:54:00,Thursday,Queens Quay,Mechanical,30,34,S/B,4437
2019-01-31,509,13:00:00,Thursday,Queens Quay and Spadina,Held By,177,185,B/W,4483
2019-01-31,505,13:14:00,Thursday,Denison,Investigation,4,8,E/B,9204
2019-01-31,506,13:14:00,Thursday,Main station to High Park,General Delay,6,12,E/B,4169
2019-01-31,501,13:26:00,Thursday,Queen and Kingswood,Investigation,65,77,E/B,4477
2019-01-31,509,13:29:00,Thursday,Queens Quay and Spadina,Investigation,150,155,E/B,4437
2019-01-31,506,13:34:00,Thursday,Gerrard and De Grassi,Held By,72,78,W/B,4020
2019-01-31,512,13:43:00,Thursday,St.Clair and Dufferin,Investigation,177,182,E/B,4460
2019-01-31,504,13:45:00,Thursday,Queen and Brodview,Mechanical,7,14,E/B,4417
2019-01-31,510,13:45:00,Thursday,YOYOMA,Held By,4,8,E/B,4442
2019-01-31,504,13:48:00,Thursday,Brodview and Riverdale,Held By,10,16,S/B,4447
2019-01-31,506,13:54:00,Thursday,Gerrard and DeGrassi,Held By,45,51,E/B,4067
2019-01-31,506,14:10:00,Thursday,Coxwell and Fairford,Held By,30,36,W/B,4176
2019-01-31,506,14:25:00,Thursday,Kingsmount and Gerrard,Mechanical,6,12,W/B,4189
2019-01-31,506,14:29:00,Thursday,Roncy and Howard Park,Held By,14,20,E/B,4191
2019-01-31,506,14:41:00,Thursday,Broadview and Gerrard,Investigation,44,50,E/B,4074
2019-01-31,504,14:43:00,Thursday,Roncesvalles / Marion,Held By,19,26,S/B,4515
2019-01-31,504,14:49:00,Thursday,Dundas W St to Brodview Station,General Delay,10,17,EW,
2019-01-31,506,15:08:00,Thursday,Ossington/ College,Investigation,38,44,E/B,4176
2019-01-31,506,15:22:00,Thursday,Gerrard and De Garassi,Held By,22,28,W/B,4034
2019-01-31,805,15:28:00,Thursday,St.Clair and Oakwood,Investigation,1,1,W/B,1740
2019-01-31,501,15:30:00,Thursday,Queen and Leslie,Mechanical,11,22,W/B,4445
2019-01-31,506,15:42:00,Thursday,Bay and College,Mechanical,6,12,W/B,4143
2019-01-31,505,16:17:00,Thursday,DWS,Mechanical,4,8,W/B,8184
2019-01-31,506,16:22:00,Thursday,Bathurst and College,Mechanical,6,12,E/B,4148
2019-01-31,506,16:26:00,Thursday,Borden and College,Mechanical,6,12,W/B,4135
2019-01-31,506,16:36:00,Thursday,Ashdale/ Gerrard,Held By,11,17,W/B,4020
2019-01-31,506,16:45:00,Thursday,Parkside and Howard Park,Held By,26,32,W/B,4101
2019-01-31,505,16:56:00,Thursday,Broadview Station,Late Leaving Garage,4,8,W/B,8570
2019-01-31,506,16:56:00,Thursday,Clinton and College,Investigation,6,12,E/B,4010
2019-01-31,506,17:16:00,Thursday,Young and Dundas,Emergency Services,23,29,E/B,4192
2019-01-31,504,17:17:00,Thursday,King / Shaw,Investigation,7,14,E/B,4446
2019-01-31,506,17:20:00,Thursday,Alton and Gerrard,Mechanical,6,12,E/B,4091
2019-01-31,501,17:21:00,Thursday,Queen and St. Patrick,Held By,44,55,B/W,4479
2019-01-31,506,17:21:00,Thursday,College and spadina,Investigation,11,16,W/B,4020
2019-01-31,705,17:24:00,Thursday,Vaugh and Ellsworth,Held By,1,1,E/B,4460
2019-01-31,506,17:25:00,Thursday,Sorauren and Dundas,Mechanical,6,12,E/B,4065
2019-01-31,510,17:26:00,Thursday,Spadina Stn,Mechanical,4,8,S/B,4490
2019-01-31,506,18:10:00,Thursday,Woodbine and Gerrard,Mechanical,6,12,W/B,4042
2019-01-31,506,18:13:00,Thursday,Leslie/Gerrard,Held By,29,35,E/B,4067
2019-01-31,506,18:13:00,Thursday,Clinton and College,Mechanical,7,14,E/B,4169
2019-01-31,506,18:21:00,Thursday,Gerrard and Logan,Held By,35,41,E/B,4069
2019-01-31,504,18:31:00,Thursday,Roncesvalles / Grenadier,Held By,18,25,N/B,4464
2019-01-31,506,18:49:00,Thursday,Roncy and howard park,Investigation,118,123,E/B,4104
2019-01-31,505,18:57:00,Thursday,Broadview Station,Investigation,4,8,E/B,8300
2019-01-31,510,19:10:00,Thursday,Charlotte Loop,Mechanical,4,8,S/B,4431
2019-01-31,504,19:11:00,Thursday,Dundas W. Stn,Mechanical,7,14,E/B,4456
2019-01-31,506,19:13:00,Thursday,Roncy and Howard Park,Diversion,13,19,W/B,4111
2019-01-31,506,19:50:00,Thursday,Gerrard and Pape,Held By,60,67,E/B,4192
2019-01-31,506,19:57:00,Thursday,Bathurst and College,Held By,38,45,W/B,4171
2019-01-31,506,20:44:00,Thursday,De Grassi and Gerrard,Held By,19,26,W/B,4169
2019-01-31,501,21:10:00,Thursday,Windermere/QueensQuay,Investigation,8,16,S/B,1117
2019-01-31,504,21:26:00,Thursday,King and sumach,Mechanical,8,16,E/B,4495
2019-01-31,506,21:42:00,Thursday,College and Clinton,Investigation,23,32,W/B,4117
2019-01-31,506,23:20:00,Thursday,Pape and Gerrard,Mechanical,10,20,W/B,4029
2019-01-31,506,23:34:00,Thursday,College/Dufferin,Held By,20,29,W/B,4199
