Report Date,Route,Time,Day,Location,Incident,Delay,Gap,Direction,Vehicle
2020-06-01,62,00:00:00,Monday,Mortimer & Donlands,Mechanical,10,20,W/B,8555
2020-06-01,86,00:01:00,Monday,Kingston and Beechgrove,Emergency Services,10,20,W/B,8710
2020-06-01,29,00:14:00,Monday,Dufferin and Bloor,Diversion,70,85,B/W,9022
2020-06-01,87,00:20:00,Monday,Main Station,Utilized Off Route,10,20,W/B,8494
2020-06-01,53,01:02:00,Monday,Finch Station,Investigation,20,40,E/B,1402
2020-06-01,116,01:03:00,Monday,Eglinton and Danforth,Diversion,154,205,E/B,8693
2020-06-01,86,01:03:00,Monday,Eglinton and Danforth,Diversion,92,107,E/B,8754
2020-06-01,102,01:12:00,Monday,Markham and Ellesmere,Emergency Services,10,20,N/B,3127
2020-06-01,320,01:45:00,Monday,0533 Yonge & Queens Quay,Utilized Off Route,10,17,N/B,8134
2020-06-01,307,02:47:00,Monday,Greenwin & Bathurst,Vision,30,60,W/B,8345
2020-06-01,353,04:39:00,Monday,Newgale Gate and Tapscott,Mechanical,30,30,W/B,9069
2020-06-01,134,05:06:00,Monday,Tapscott at crowntrail,Investigation,18,36,N/B,1334
2020-06-01,134,05:15:00,Monday,Tapscott and Crow Trail,Late Leaving Garage - Operator,20,38,W/B,1663
2020-06-01,21,05:31:00,Monday,Brimley and Steeles,Late Leaving Garage - Operator,20,20,S/B,3562
2020-06-01,54,05:40:00,Monday,Lawrence and Scarborough Golf Club,Late Leaving Garage - Operator,30,42,E/B,8660
2020-06-01,34,06:06:00,Monday,Kennedy station,Investigation,8,16,W/B,8934
2020-06-01,53,06:09:00,Monday,FINCH STATION,Mechanical,9,18,E/B,3538
2020-06-01,113,06:11:00,Monday,Kenndy stn,Investigation,12,24,S/B,8530
2020-06-01,32,06:15:00,Monday,Eglinton Station,Investigation,7,14,W/B,1127
2020-06-01,105,06:31:00,Monday,Sheppard West Station,Mechanical,11,22,W/B,8131
2020-06-01,56,06:45:00,Monday,Eglinton station,Mechanical,10,20,S/B,1252
2020-06-01,54,06:54:00,Monday,Kennedy Stn.,Mechanical,13,26,E/B,8657
2020-06-01,52,07:13:00,Monday,Lawrence West Station,Mechanical,18,36,E/B,8205
2020-06-01,109,07:36:00,Monday,Neptune and Baycrest,Investigation,15,30,W/B,1257
2020-06-01,52,07:38:00,Monday,Lawrence Station,Utilized Off Route,18,36,W/B,8181
2020-06-01,63,07:40:00,Monday,Oakwood loop,Mechanical,4,7,S/B,1249
2020-06-01,63,07:49:00,Monday,Ossington stn,Investigation,4,7,N/B,1283
2020-06-01,12,07:50:00,Monday,Bingham Loop,Mechanical,20,40,W/B,8474
2020-06-01,133,07:59:00,Monday,STC,Utilized Off Route,11,22,e/B,3510
2020-06-01,122,08:22:00,Monday,Fenside dr and roywood,Mechanical,11,22,E/B,1278
2020-06-01,63,08:25:00,Monday,Oakwood loop,Mechanical,4,7,N/B,8361
2020-06-01,52,08:50:00,Monday,AVENUE RD AND LAWRENCE,Investigation,18,33,W/B,8212
2020-06-01,29,09:15:00,Monday,Dufferin & Lawrence,Mechanical,7,14,S/B,9150
2020-06-01,109,09:22:00,Monday,Varna & Cather Crescent,Diversion,221,251,B/W,8389
2020-06-01,38,09:38:00,Monday,Scarborough Town Centre,Utilized Off Route,1,1,E/B,3565
2020-06-01,123,09:59:00,Monday,Kipling station,Mechanical,21,42,S/B,8096
2020-06-01,60,10:07:00,Monday,STEELES/WESTON,Management,9,19,W/B,3276
2020-06-01,43,10:22:00,Monday,Kennedy station,Utilized Off Route,15,30,N/B,8784
2020-06-01,17,10:28:00,Monday,Warden Stn,Utilized Off Route,1,1,N/B,8517
2020-06-01,133,10:29:00,Monday,Scarborough Centre Station,Utilized Off Route,11,22,N/B,3499
2020-06-01,16,10:36:00,Monday,Warden Stn,Utilized Off Route,1,1,N/B,8595
2020-06-01,133,10:40:00,Monday,Scarborough Centre Station,Utilized Off Route,11,22,N/B,3510
2020-06-01,36,10:45:00,Monday,FINCH WEST STATION,Utilized Off Route,5,10,W/B,9128
2020-06-01,57,10:45:00,Monday,Kennedy Station,Utilized Off Route,17,34,N/B,8827
2020-06-01,133,10:51:00,Monday,Scarborough Centre Station,Utilized Off Route,11,22,N/B,3559
2020-06-01,133,11:02:00,Monday,Scarborough Centre Station,Utilized Off Route,11,22,N/B,3550
2020-06-01,79,11:11:00,Monday,Pine and Lawrence,Mechanical,24,48,S/B,1130
2020-06-01,927,11:20:00,Monday,Steeles loop,Utilized Off Route,6,12,N/B,3621
2020-06-01,57,11:20:00,Monday,Kennedy Station,Utilized Off Route,10,20,N/B,8799
2020-06-01,133,11:24:00,Monday,Scarborough Centre Station,Utilized Off Route,11,22,N/B,3519
2020-06-01,133,11:34:00,Monday,Scarborough Centre Station,Utilized Off Route,10,21,N/B,3470
2020-06-01,121,11:35:00,Monday,THE ESPLANADE & YONGE ST,Diversion,0,0,W/B,
2020-06-01,68,11:39:00,Monday,Warden/Lafontaine,Emergency Services,12,24,S/B,8689
2020-06-01,927,11:48:00,Monday,Steeles and Martingrove,Utilized Off Route,6,12,S/B,3621
2020-06-01,35,12:11:00,Monday,Jane and Harding,Investigation,7,14,S/B,3351
2020-06-01,43,13:14:00,Monday,Kennedy Station,Utilized Off Route,9,18,N/B,8850
2020-06-01,54,13:18:00,Monday,Leslie and Eglinton,Mechanical,14,28,W/B,8671
2020-06-01,63,13:19:00,Monday,Ossington stn,Mechanical,5,10,N/B,8124
2020-06-01,927,13:36:00,Monday,Steeles and Martingrove,Utilized Off Route,6,12,S/B,3274
2020-06-01,86,14:10:00,Monday,Kennedy Station,Utilized Off Route,10,20,N/B,8797
2020-06-01,32,14:42:00,Monday,Emmit and Jane,Mechanical,13,26,E/B,1002
2020-06-01,116,14:48:00,Monday,Eglin ton Garage,Late Leaving Garage - Mechanical,8,16,E/B,8938
2020-06-01,39,14:50:00,Monday,Bayview,Late Leaving Garage - Management,8,16,B/W,3436
2020-06-01,52,14:54:00,Monday,Braecrest Loop,Mechanical,15,22,E/B,8118
2020-06-01,36,14:58:00,Monday,HUMBERWOOD LOOP,Mechanical,7,13,E/B,3611
2020-06-01,53,15:00:00,Monday,YONGE/STEELES,Mechanical,7,15,E/B,9074
2020-06-01,29,15:09:00,Monday,Dufferin and King,Investigation,8,16,N/B,9046
2020-06-01,101,15:10:00,Monday,Downsview Park,Vision,30,50,S/B,3255
2020-06-01,36,15:12:00,Monday,FINCH/WESTON,Late Leaving Garage - Mechanical,20,20,W/B,3190
2020-06-01,47,15:18:00,Monday,Landsdown at Colledge,Mechanical,27,54,S/B,1549
2020-06-01,106,15:21:00,Monday,Sheppard West Station,Utilized Off Route,12,24,N/B,8354
2020-06-01,7,15:25:00,Monday,Greenwin Village and Bathurst,Mechanical,7,14,S/B,8364
2020-06-01,39,15:30:00,Monday,Sandhurst Circle,Diversion,45,60,B/W,3434
2020-06-01,112,15:44:00,Monday,Rathburn & The West Mall,Mechanical,20,40,S/B,8084
2020-06-01,600,15:47:00,Monday,Bathurst and Canyon,Mechanical,1,1,W/B,1420
2020-06-01,133,16:30:00,Monday,Neilson and keeler blvd,Mechanical,8,16,N/B,3550
2020-06-01,129,16:54:00,Monday,STC,Mechanical,15,30,e/B,1206
2020-06-01,54,17:01:00,Monday,Eglinton station,Utilized Off Route,13,26,E/B,8886
2020-06-01,47,17:19:00,Monday,Lansdowne at Davenport,Diversion,27,34,S/B,
2020-06-01,600,17:25:00,Monday,"On Weston, at Jane",Investigation,11,22,S/B,8085
2020-06-01,124,17:29:00,Monday,Lawrence Station,Mechanical,8,16,E/B,8100
2020-06-01,78,17:30:00,Monday,Carluke and Fifeshire,Mechanical,10,20,W/B,8215
2020-06-01,36,17:39:00,Monday,Finch and Kipling,Investigation,7,14,EB,9113
2020-06-01,34,18:00:00,Monday,Eglinton and Warden,Investigation,1,1,W/B,8706
2020-06-01,54,18:00:00,Monday,Bayview / Eglinton,Mechanical,13,26,E/B,8774
2020-06-01,56,18:35:00,Monday,Brentcliffe and Eglinton,Mechanical,12,24,S/B,8340
2020-06-01,7,18:43:00,Monday,Bathurst and Glen Park,Diversion,349,8,B/W,8172
2020-06-01,106,18:47:00,Monday,Pioneer Village Station,Mechanical,12,24,S/B,8365
2020-06-01,25,19:01:00,Monday,Pape Station,Mechanical,6,12,S/B,8698
2020-06-01,68,19:14:00,Monday,Bridletowne Circle and Warden,Diversion,390,425,B/W,
2020-06-01,94,19:14:00,Monday,WELLESLEY and Bay,Investigation,8,16,W/B,1107
2020-06-01,79,19:30:00,Monday,Pine at Lawrence,Mechanical,24,48,S/B,1130
2020-06-01,41,19:37:00,Monday,Pioneer Village Station,Investigation,15,30,S/B,9140
2020-06-01,43,19:50:00,Monday,Kennedy Station,Mechanical,15,30,N/B,8786
2020-06-01,116,19:51:00,Monday,Kennedy Station,Utilized Off Route,8,16,E/B,8812
2020-06-01,54,20:06:00,Monday,Port Union / Lawrence,Investigation,15,30,W/B,8805
2020-06-01,74,20:46:00,Monday,St.clair Yonge Station,Mechanical,18,36,W/B,1215
2020-06-01,54,20:48:00,Monday,Orton Park / Lawrence,Investigation,16,32,E/B,8647
2020-06-01,41,21:00:00,Monday,Keele and Dundas,Diversion,36,51,S/B,9021
2020-06-01,36,21:14:00,Monday,Finch West Station,Mechanical,8,16,EB,3290
2020-06-01,89,21:15:00,Monday,Dundas & Keel,Diversion,20,30,S/B,
2020-06-01,189,21:15:00,Monday,Dundas & Keel,Diversion,20,50,S/B,
2020-06-01,36,21:40:00,Monday,Finch West Station,Late Leaving Garage - Operator,8,16,WB,3620
2020-06-01,52,21:42:00,Monday,Dixon / Royal York,Mechanical,12,24,E/B,8118
2020-06-01,21,21:58:00,Monday,Brimley and Port Royal,Investigation,14,27,S/B,3429
2020-06-01,53,23:30:00,Monday,Steeles and Victoria Park drive,Mechanical,20,40,EB,9016
2020-06-02,31,00:14:00,Tuesday,Greenwood Stn,Mechanical,12,12,S/B,8569
2020-06-02,75,00:20:00,Tuesday,Sherbourne / Dundas,Investigation,16,32,S/B,8112
2020-06-02,52,00:20:00,Tuesday,Dixon and Attwell,Mechanical,18,36,E/B,8311
2020-06-02,600,00:50:00,Tuesday,Greenwin Village,Emergency Services,1,1,,1038
2020-06-02,300,02:41:00,Tuesday,Bloor & East Mall,Investigation,1,1,W/B,8588
2020-06-02,320,04:05:00,Tuesday,Yonge St-Blythewood Rd,Mechanical,10,20,S/B,8136
2020-06-02,600,05:00:00,Tuesday,Arrow Garage,Late Leaving Garage - Operator,40,40,E/B,3288
2020-06-02,34,05:22:00,Tuesday,DVP and Eglinton,Investigation,13,25,E/B,8879
2020-06-02,53,05:42:00,Tuesday,Markham and Passmore,Late Leaving Garage - Operator,9,18,W/B,9001
2020-06-02,43,05:53:00,Tuesday,Eglinton Division,Late Leaving Garage - Management,15,30,S/B,8652
2020-06-02,60,05:55:00,Tuesday,Finch and Jane,Mechanical,9,18,E/B,3591
2020-06-02,95,05:58:00,Tuesday,Ellesmere and Military trail,Emergency Services,1,1,W/B,3401
2020-06-02,32,06:08:00,Tuesday,Eglinton/Forest Hill rd,Investigation,13,20,E/B,1407
2020-06-02,36,06:18:00,Tuesday,Humberwood Loop,Late Leaving Garage - Management,6,12,E/B,3364
2020-06-02,84,06:20:00,Tuesday,Finch and Arrow Rd.,Late Leaving Garage - Mechanical,7,16,W/B,3272
2020-06-02,129,06:25:00,Tuesday,Major Mackenzie/Ridgecrest,Mechanical,17,32,S/B,1530
2020-06-02,11,06:38:00,Tuesday,Davisville,Mechanical,16,32,E/B,8147
2020-06-02,69,06:50:00,Tuesday,Danforth/Warden,Mechanical,13,25,N/B,8595
2020-06-02,11,06:53:00,Tuesday,York Mills,Mechanical,16,32,S/B,1376
2020-06-02,32,07:44:00,Tuesday,Eglinton/Allen Rd,Investigation,3,4,E/B,1419
2020-06-02,52,08:45:00,Tuesday,Dufferin and Lawrence,Management,18,36,E/B,8335
2020-06-02,600,08:50:00,Tuesday,Warden Station,Investigation,1,1,N/B,8553
2020-06-02,85,09:25:00,Tuesday,Sheppard and Morningside,Mechanical,8,16,W/B,3521
2020-06-02,52,09:30:00,Tuesday,Tollington and Martin Grove,Mechanical,18,36,E/B,8364
2020-06-02,16,10:10:00,Tuesday,Warden Station,Utilized Off Route,13,26,N/B,3134
2020-06-02,36,10:20:00,Tuesday,Finch west stn,Mechanical,5,10,E/B,3255
2020-06-02,16,10:23:00,Tuesday,Warden Station,Utilized Off Route,13,26,N/B,8569
2020-06-02,133,10:29:00,Tuesday,Scarborough Centre Station,Utilized Off Route,11,22,N/B,3422
2020-06-02,163,10:40:00,Tuesday,Lawrence West stn,Mechanical,12,24,S/B,1296
2020-06-02,133,10:40:00,Tuesday,Scarborough centre Station,Utilized Off Route,11,22,S/B,3488
2020-06-02,32,10:43:00,Tuesday,Eglinton Stn,Utilized Off Route,1,1,W/B,1147
2020-06-02,54,10:45:00,Tuesday,Lawrence RT Station,Mechanical,14,28,W/B,8831
2020-06-02,133,10:51:00,Tuesday,Scarborough Centre Station,Utilized Off Route,11,22,S/B,3565
2020-06-02,17,10:54:00,Tuesday,Warden Station,Utilized Off Route,13,26,N/B,9226
2020-06-02,116,10:57:00,Tuesday,Ellesmere & Morningside,Investigation,9,18,S/B,8840
2020-06-02,87,11:00:00,Tuesday,Barrington & Doncaster,Diversion,415,430,B/W,0
2020-06-02,133,11:02:00,Tuesday,Scarborough Centre Station,Utilized Off Route,11,22,N/B,3515
2020-06-02,133,11:13:00,Tuesday,Scarborough Centre Station,Utilized Off Route,11,22,N/B,3533
2020-06-02,73,11:16:00,Tuesday,Clairport,Mechanical,15,30,E/B,8426
2020-06-02,97,11:20:00,Tuesday,York Mill station,Investigation,30,60,S/B,1381
2020-06-02,133,11:24:00,Tuesday,Scarborough Centre Station,Utilized Off Route,11,22,N/B,3535
2020-06-02,133,11:34:00,Tuesday,Scarborough Centre Station,Utilized Off Route,10,21,N/B,3526
2020-06-02,79,11:57:00,Tuesday,Pine and lawrence,Mechanical,24,48,S/B,1423
2020-06-02,85,12:05:00,Tuesday,Mc Cowan and Sheppard Ave W,Mechanical,8,23,W/B,9083
2020-06-02,116,12:07:00,Tuesday,Kennedy Station,Utilized Off Route,11,22,W/B,8728
2020-06-02,34,12:30:00,Tuesday,eeeg and warden,Investigation,12,24,E/B,8809
2020-06-02,14,12:48:00,Tuesday,Eglinton and Chaplin,Investigation,22,44,E/B,1099
2020-06-02,20,13:15:00,Tuesday,Kennedy/Park,Diversion,20,40,B/W,
2020-06-02,7,13:30:00,Tuesday,Bathurst & Lawrence,Diversion,,106,S/B,
2020-06-02,70,13:55:00,Tuesday,Craigton and Pharmacy,Mechanical,18,36,,8902
2020-06-02,110,13:58:00,Tuesday,"On Islington, at Lakeshore",Mechanical,14,32,N/B,8433
2020-06-02,1,14:05:00,Tuesday,1,Mechanical,,,,1
2020-06-02,43,14:05:00,Tuesday,Kennedy Station,Utilized Off Route,15,30,N/B,8652
2020-06-02,75,14:08:00,Tuesday,SHERBOURNE and Bloor,Utilized Off Route,1,1,S/B,8126
2020-06-02,29,14:09:00,Tuesday,Wilson station,Mechanical,15,23,S/B,9031
2020-06-02,600,14:20:00,Tuesday,Finch Stn,Vision,1,1,W/B,3441
2020-06-02,29,15:00:00,Tuesday,Princess gates,Utilized Off Route,7,14,NB,9045
2020-06-02,124,15:00:00,Tuesday,lawrence statation,Mechanical,8,16,E/B,1317
2020-06-02,52,15:04:00,Tuesday,Avenue road and Lawrence.,Mechanical,12,24,W/B,8184
2020-06-02,7,15:05:00,Tuesday,Bathurst stn,Utilized Off Route,7,14,NB,1235
2020-06-02,32,15:06:00,Tuesday,Eglinton Stn,Utilized Off Route,10,19,W/B,1421
2020-06-02,35,15:10:00,Tuesday,Jane at Wilson,Investigation,6,12,S/B,3634
2020-06-02,600,15:12:00,Tuesday,Jane at Outlook,Investigation,1,1,N/B,1138
2020-06-02,53,15:40:00,Tuesday,Steeles / Markham,Utilized Off Route,8,16,E/B,9078
2020-06-02,52,15:43:00,Tuesday,Airport Terminal 3,Mechanical,16,32,E/B,8169
2020-06-02,32,15:47:00,Tuesday,Pine and Lawrence w,Utilized Off Route,10,19,E/B,1075
2020-06-02,16,16:00:00,Tuesday,Warden Station,Utilized Off Route,10,20,N/B,8964
2020-06-02,44,16:25:00,Tuesday,Kipling and Gardner Exp,Mechanical,5,10,N/B,7917
2020-06-02,109,16:31:00,Tuesday,Bathurst and Hotspur,Mechanical,11,20,S/B,8104
2020-06-02,36,16:32:00,Tuesday,Finch West Station,Investigation,7,14,EB,3263
2020-06-02,6,16:35:00,Tuesday,BAY - Gerrard and College,Diversion,40,55,B/W,
2020-06-02,133,16:50:00,Tuesday,Ellesmere and Mccowan,Mechanical,8,16,E/B,3422
2020-06-02,54,17:01:00,Tuesday,Eglinton Station,Utilized Off Route,12,25,E/B,8822
2020-06-02,91,17:07:00,Tuesday,Woodbine and Oconnor,Investigation,14,28,N/B,8884
2020-06-02,34,17:15:00,Tuesday,Eglinton and Leslie,Investigation,7,13,E/B,8849
2020-06-02,16,17:20:00,Tuesday,Warden Station,Utilized Off Route,10,20,N/B,8569
2020-06-02,54,17:26:00,Tuesday,Lawrence RT,Emergency Services,12,25,W/B,8886
2020-06-02,34,17:28:00,Tuesday,Eglinton and Swift,Investigation,7,14,W/B,8678
2020-06-02,52,17:31:00,Tuesday,Lawrence Station,Mechanical,16,32,W/B,8352
2020-06-02,21,17:36:00,Tuesday,STC,Mechanical,15,30,E/B,1657
2020-06-02,6,18:16:00,Tuesday,Eglinton Station,Utilized Off Route,12,25,W/B,8778
2020-06-02,105,18:33:00,Tuesday,Sheppard West Station,Mechanical,10,20,N/B,8127
2020-06-02,163,18:40:00,Tuesday,Lawrence and Marlee,Mechanical,12,25,S/B,8210
2020-06-02,7,18:54:00,Tuesday,Bathurst station,Utilized Off Route,8,15,N/B,1285
2020-06-02,165,19:07:00,Tuesday,Wilson and Clayson,Investigation,9,18,W/B,3346
2020-06-02,61,19:52:00,Tuesday,Bombay loop,Mechanical,20,40,S/B,1253
2020-06-02,89,20:45:00,Tuesday,High Park stn,Mechanical,10,20,N/B,9100
2020-06-02,23,21:14:00,Tuesday,Daws and Donor,Investigation,10,20,S/B,8963
2020-06-02,71,21:15:00,Tuesday,Runnymede stn,Utilized Off Route,15,30,S/B,1521
2020-06-02,900,21:25:00,Tuesday,Kipling stn,Late Leaving Garage - Mechanical,10,20,N/B,8001
2020-06-02,39,21:34:00,Tuesday,Finch station,Mechanical,16,32,E/B,1676
2020-06-02,95,21:57:00,Tuesday,Kingston / Ellesmere,Mechanical,14,28,W/B,3504
2020-06-02,43,22:00:00,Tuesday,Kennedy and Lawrence,Diversion,130,120,N/B,8628
2020-06-02,91,22:17:00,Tuesday,Hollinger and Bermonsey,Diversion,26,56,N/B,8814
2020-06-02,98,22:27:00,Tuesday,Sheppard and Doris (EB),Investigation,22,44,E/B,1355
2020-06-02,24,22:43:00,Tuesday,Victoria Park Stn,Mechanical,10,21,N/B,8484
2020-06-02,112,22:45:00,Tuesday,Kipling stn,Mechanical,30,60,N/B,8457
2020-06-02,32,22:54:00,Tuesday,Eglinton and keele,Vision,10,20,,1101
2020-06-02,32,23:05:00,Tuesday,Reforth Station,Mechanical,10,20,E/B,1090
2020-06-02,32,23:22:00,Tuesday,Renforth Stn,Mechanical,10,20,,1618
2020-06-02,63,23:40:00,Tuesday,Ossington Station,Utilized Off Route,10,20,NB,8153
2020-06-02,29,23:45:00,Tuesday,Dufferin and Bloor,Utilized Off Route,8,16,NB,9035
2020-06-02,86,23:55:00,Tuesday,Kennedy Station,Utilized Off Route,15,30,E/B,8912
2020-06-03,52,00:24:00,Wednesday,Lawrence and Brookview Dr,Investigation,14,31,E/B,8307
2020-06-03,102,00:56:00,Wednesday,Markham and Milner,Mechanical,5,10,S/B,8544
2020-06-03,35,01:55:00,Wednesday,Jane and Spenvalley,Investigation,15,30,N/B,3590
2020-06-03,320,02:04:00,Wednesday,Queens Quay and Yonge Street,Mechanical,4,7,N/B,1595
2020-06-03,335,02:19:00,Wednesday,Jane station,Investigation,30,60,RAD,3590
2020-06-03,300,02:48:00,Wednesday,Bloor and Landsdowne,Utilized Off Route,19,38,W/B,9227
2020-06-03,320,03:38:00,Wednesday,Yonge Street and Steeles Ave,Emergency Services,3,7,S/B,9200
2020-06-03,131,05:29:00,Wednesday,Morningview and Morningside,Late Leaving Garage - Operator,13,22,W/B,1341
2020-06-03,35,06:02:00,Wednesday,Jane Station,Late Leaving Garage - Management,5,14,N/B,3354
2020-06-03,43,06:09:00,Wednesday,Kennedy station,Mechanical,10,20,N/B,8917
2020-06-03,21,06:15:00,Wednesday,Scarborough Centre Station,Mechanical,20,35,N/B,3431
2020-06-03,36,06:18:00,Wednesday,Humberwood Loop,Late Leaving Garage - Management,6,12,E/B,
2020-06-03,36,06:20:00,Wednesday,Finch & weston,Mechanical,9,17,E/B,3705
2020-06-03,11,06:22:00,Wednesday,Davisville,Mechanical,10,19,N/B,8313
2020-06-03,36,06:25:00,Wednesday,Finch West Station,Late Leaving Garage - Operator,5,10,E/B,3601
2020-06-03,95,06:54:00,Wednesday,Ellesmere RT,Late Leaving Garage - Management,8,16,W/B,1239
2020-06-03,5,07:01:00,Wednesday,Queens Park,Mechanical,13,26,N/B,8102
2020-06-03,39,07:30:00,Wednesday,Neilson & Crow trail.,Mechanical,5,15,E/B,9073
2020-06-03,74,08:24:00,Wednesday,Teddington,Mechanical,14,29,S/B,1376
2020-06-03,123,08:43:00,Wednesday,EVANS AND SHERWAY GATE,Mechanical,19,38,N/B,7942
2020-06-03,54,08:45:00,Wednesday,LRT Station,Mechanical,11,21,E/B,8907
2020-06-03,86,08:54:00,Wednesday,Kennedy Station,Management,10,20,E/B,8700
2020-06-03,161,09:05:00,Wednesday,Jane and Alliance,Mechanical,30,60,E/B,1086
2020-06-03,52,09:20:00,Wednesday,Lawrence West Station,Mechanical,15,30,E/B,1399
2020-06-03,102,09:25:00,Wednesday,Warden Station,Utilized Off Route,10,20,N/B,3143
2020-06-03,88,09:28:00,Wednesday,St Clair and Yonge,Investigation,7,14,N/B,8332
2020-06-03,36,09:30:00,Wednesday,Finch west stn,Mechanical,5,10,E/B,3592
2020-06-03,102,09:35:00,Wednesday,Warden Station,Utilized Off Route,10,20,N/B,3125
2020-06-03,36,09:50:00,Wednesday,Finch west stn,Investigation,5,10,E/B,3198
2020-06-03,85,09:56:00,Wednesday,Malvern Gate,Mechanical,7,15,E/B,9006
2020-06-03,95,10:09:00,Wednesday,Kingston road loop,Utilized Off Route,20,40,W/B,1403
2020-06-03,16,10:10:00,Wednesday,Warden Station,Utilized Off Route,13,26,N/B,8490
2020-06-03,17,10:15:00,Wednesday,Warden Station,Utilized Off Route,13,26,N/B,8524
2020-06-03,126,10:25:00,Wednesday,St Clair west stn,Mechanical,15,30,S/B,1067
2020-06-03,133,10:29:00,Wednesday,Scarborough Centre Station,Utilized Off Route,11,22,N/B,3503
2020-06-03,90,10:30:00,Wednesday,St. Clair West Stn,Utilized Off Route,10,20,N/B,1257
2020-06-03,46,10:36:00,Wednesday,STEELES AND MARTINGROVE,Mechanical,19,38,S/B,3251
2020-06-03,32,10:36:00,Wednesday,Pine/Lawrence,Mechanical,11,22,N/B,1036
2020-06-03,133,10:40:00,Wednesday,Scarborough Centre Station,Utilized Off Route,11,22,N/B,3498
2020-06-03,17,10:41:00,Wednesday,Warden Station,Utilized Off Route,13,26,N/B,3110
2020-06-03,133,10:51:00,Wednesday,Scarborough Centre Station,Utilized Off Route,11,22,N/B,3408
2020-06-03,17,10:54:00,Wednesday,Warden Station,Utilized Off Route,13,26,N/B,3152
2020-06-03,32,10:58:00,Wednesday,Pine/Lawrence,Mechanical,11,22,E/B,1077
2020-06-03,133,11:02:00,Wednesday,Scarborough Centre Station,Utilized Off Route,11,22,N/B,3409
2020-06-03,102,11:05:00,Wednesday,Warden Station,Utilized Off Route,20,30,N/B,8489
2020-06-03,43,11:05:00,Wednesday,Kennedy Station,Utilized Off Route,15,30,N/B,8641
2020-06-03,133,11:13:00,Wednesday,Scarborough Centre Station,Utilized Off Route,11,22,N/B,3446
2020-06-03,133,11:24:00,Wednesday,scarborough Centre Station,Utilized Off Route,11,22,N/B,3562
2020-06-03,133,11:34:00,Wednesday,Scarborough Centre Station,Utilized Off Route,10,21,N/B,3551
2020-06-03,16,11:41:00,Wednesday,Warden Station,Utilized Off Route,13,26,N/B,9224
2020-06-03,102,11:55:00,Wednesday,Warden Station,Utilized Off Route,10,20,N/B,9221
2020-06-03,163,14:00:00,Wednesday,Lawrence West stn,Mechanical,11,22,S/B,8168
2020-06-03,75,14:03:00,Wednesday,SHERBOURNE and Bloor,Utilized Off Route,1,1,N/B,8173
2020-06-03,600,14:12:00,Wednesday,Pioneer Village Station,Mechanical,1,1,S/B,1124
2020-06-03,76,14:27:00,Wednesday,Royal York Station,Mechanical,10,20,S/B,8431
2020-06-03,54,14:29:00,Wednesday,Belleamy and Lawrence,Investigation,13,25,W/B,8628
2020-06-03,36,14:40:00,Wednesday,Finch / Kipling,Mechanical,5,10,E/B,3340
2020-06-03,42,14:48:00,Wednesday,Finch station,Vision,7,14,E/B,8197
2020-06-03,108,14:54:00,Wednesday,sheppard west station,Mechanical,17,34,W/B,3630
2020-06-03,35,15:22:00,Wednesday,Jane at Wilson,Emergency Services,10,20,N/B,3636
2020-06-03,67,15:30:00,Wednesday,Ellesmere and Pharmacy,Investigation,10,20,S/B,8870
2020-06-03,12,15:43:00,Wednesday,Victoria Park Stn,Investigation,23,46,E/B,8551
2020-06-03,39,15:49:00,Wednesday,Victoria park,Mechanical,8,16,W/B,3539
2020-06-03,44,16:00:00,Wednesday,Kipling and Horner,Mechanical,5,10,S/B,8084
2020-06-03,32,16:08:00,Wednesday,Eglinton Stn,Mechanical,8,16,W/B,1254
2020-06-03,135,16:11:00,Wednesday,Warden Station,Mechanical,20,40,S/B,8474
2020-06-03,84,16:29:00,Wednesday,Sheppard West Station,Mechanical,15,30,E/B,3197
2020-06-03,95,16:33:00,Wednesday,Ellesmere/Birchmount,Mechanical,6,11,W/B,3561
2020-06-03,97,16:36:00,Wednesday,Yonge and Sheppard,Investigation,30,60,N/B,8316
2020-06-03,16,16:39:00,Wednesday,Warden Station,Utilized Off Route,10,20,N/B,3149
2020-06-03,43,17:00:00,Wednesday,Kennedy and Progress,Investigation,15,30,S/B,8687
2020-06-03,54,17:01:00,Wednesday,Eglitnon Station,Utilized Off Route,12,25,E/B,8639
2020-06-03,126,17:08:00,Wednesday,St Clair W Stn,Investigation,17,34,,3726
2020-06-03,95,17:25:00,Wednesday,Yonge and Sandfield,Mechanical,10,20,E/B,3531
2020-06-03,90,17:36:00,Wednesday,Oakwood and Vaughan,Mechanical,6,12,W/B,1286
2020-06-03,92,18:08:00,Wednesday,Kingston aned Woodbine,Investigation,10,19,N/B,3109
2020-06-03,106,18:16:00,Wednesday,Sheppard West Station,Mechanical,12,24,N/B,1234
2020-06-03,41,18:20:00,Wednesday,keele station,Mechanical,16,31,N/B,9026
2020-06-03,11,18:45:00,Wednesday,Davisville Station,Mechanical,7,14,N/B,1382
2020-06-03,161,19:09:00,Wednesday,Jane and Alliance,Mechanical,23,45,W/B,1063
2020-06-03,165,19:17:00,Wednesday,Wilson Stn,Investigation,9,18,S/B,3266
2020-06-03,79,19:18:00,Wednesday,Runnymede Station,Mechanical,15,30,N/B,1273
2020-06-03,600,19:18:00,Wednesday,Jane at Firgrove Cresent,Mechanical,1,1,S/B,1273
2020-06-03,86,19:33:00,Wednesday,Eglinton and Markham,Mechanical,15,30,E/B,8730
2020-06-03,51,19:40:00,Wednesday,EGLINTON STATION,Mechanical,19,42,N/B,8183
2020-06-03,86,19:47:00,Wednesday,Eglinton and Midland,Investigation,15,30,E/B,8666
2020-06-03,116,19:51:00,Wednesday,Kennedy Station,Utilized Off Route,8,16,E/B,8720
2020-06-03,7,20:20:00,Wednesday,Greenwind Village and Bathurst,Mechanical,7,15,S/B,8178
2020-06-03,60,20:31:00,Wednesday,Pioneer Village Station,Mechanical,9,18,EB,3571
2020-06-03,133,20:35:00,Wednesday,STC,Utilized Off Route,9,18,S/B,3484
2020-06-03,36,21:00:00,Wednesday,Finch and Sentinel,Mechanical,8,16,EB,9129
2020-06-03,75,21:24:00,Wednesday,Jarvis Street and Queens Quay,Investigation,13,26,N/B,8212
2020-06-03,130,21:30:00,Wednesday,Finch and Middlefield,Diversion,242,220,B/W,1326
2020-06-03,95,23:13:00,Wednesday,York Mills Stn,Investigation,10,20,E/B,1530
2020-06-04,89,00:10:00,Thursday,Weston and Albion,Emergency Services,10,30,S/B,9031
2020-06-04,35,00:14:00,Thursday,Jane station,Investigation,9,18,N/B,3353
2020-06-04,320,02:50:00,Thursday,Yonge St. and York Mills Rd.,Mechanical,4,8,N/B,8313
2020-06-04,315,03:15:00,Thursday,Long branch loop.,Investigation,30,60,E/B,8087
2020-06-04,324,03:43:00,Thursday,Bingam loop,Investigation,,,N/B,8517
2020-06-04,600,05:10:00,Thursday,Pioneer Village Stn,Emergency Services,9,18,E/B,1341
2020-06-04,57,05:48:00,Thursday,Midland/Steeles,Mechanical,10,30,S/B,8757
2020-06-04,59,05:55:00,Thursday,Lawrence West Station,Late Leaving Garage - Vision,10,1,W/B,3221
2020-06-04,95,06:29:00,Thursday,Ellesmere and Military Trail,Mechanical,8,16,W/B,1414
2020-06-04,63,06:55:00,Thursday,Ossington station,Mechanical,6,12,N/B,8159
2020-06-04,94,07:21:00,Thursday,CASTLE FRANK STATION,Investigation,8,16,E/B,1614
2020-06-04,32,07:21:00,Thursday,Jane and Lawrence,Mechanical,7,14,E/B,1103
2020-06-04,600,07:44:00,Thursday,KIPLING AND STEELES,Investigation,1,1,S/B,8052
2020-06-04,89,07:45:00,Thursday,Weston and Lawrence,Mechanical,6,20,S/B,9021
2020-06-04,120,07:48:00,Thursday,Keele St and Kalvington Dr,Diversion,312,332,W/B,3275
2020-06-04,600,08:00:00,Thursday,Pioneer Village stn,Investigation,1,1,W/B,3426
2020-06-04,14,08:44:00,Thursday,Avenue Rd,Diversion,196,218,W/B,1105
2020-06-04,11,09:07:00,Thursday,Davisville station,Mechanical,8,16,N/B,1297
2020-06-04,20,09:38:00,Thursday,Kennedy Station,Mechanical,20,40,W/B,8529
2020-06-04,600,10:54:00,Thursday,Meadowvale Loop,Utilized Off Route,1,1,W/B,9207
2020-06-04,100,11:05:00,Thursday,DON MILLS & WYNFORD DR,Investigation,0,0,N/B,8818
2020-06-04,124,11:24:00,Thursday,Lawrence station,Mechanical,9,18,E/B,8212
2020-06-04,36,11:30:00,Thursday,Finch / Norfinch,Mechanical,5,10,W/B,3612
2020-06-04,75,11:45:00,Thursday,BLOOR & SHERBOURN,Mechanical,7,14,N/B,8174
2020-06-04,11,11:45:00,Thursday,Davisville station,Mechanical,13,26,N/B,1252
2020-06-04,116,11:56:00,Thursday,Kennedy station,Emergency Services,8,16,E/B,8791
2020-06-04,80,12:14:00,Thursday,High Park Station,Mechanical,20,40,S/B,8047
2020-06-04,53,12:17:00,Thursday,Steeles / Victoria park,Mechanical,6,11,E/B,9093
2020-06-04,91,12:46:00,Thursday,Woodbine station,Emergency Services,27,27,N/B,8794
2020-06-04,39,13:04:00,Thursday,Wilfred,Investigation,8,16,W/B,1534
2020-06-04,8,13:09:00,Thursday,Plains Rd & Coxwell,Mechanical,15,30,W/B,9202
2020-06-04,96,13:11:00,Thursday,Humberline loop,Mechanical,23,46,N/B,3311
2020-06-04,117,13:14:00,Thursday,Martin Ross and Flint,Mechanical,20,40,E/B,1236
2020-06-04,52,13:20:00,Thursday,Ledbury and Lawrence,Emergency Services,15,30,E/B,8166
2020-06-04,11,13:24:00,Thursday,Davisville Station,Utilized Off Route,13,26,S/B,8303
2020-06-04,88,13:25:00,Thursday,St. Clair at Mt. Pleasant,Diversion,20,40,W/B,
2020-06-04,74,13:25:00,Thursday,St. Clair and Mt. Pleasant,Diversion,20,17,W/B,
2020-06-04,14,13:30:00,Thursday,Chaplin at Avenue,Diversion,75,97,B/W,
2020-06-04,75,13:34:00,Thursday,SHERBOURNE and Bloor,Utilized Off Route,0,0,S/B,8169
2020-06-04,118,13:37:00,Thursday,wilson and petherhill,Investigation,30,60,E/B,3202
2020-06-04,165,13:50:00,Thursday,Old weston rd and Steeles,Investigation,12,24,S/B,3315
2020-06-04,52,13:54:00,Thursday,Lawrence Station,Mechanical,15,30,W/B,8176
2020-06-04,15,14:07:00,Thursday,Queensway Transport Office,Mechanical,25,50,W/B,7965
2020-06-04,70,14:08:00,Thursday,Coxwell station,Utilized Off Route,18,36,N/B,8895
2020-06-04,12,14:26:00,Thursday,Kennedy Station,Mechanical,25,34,W/B,8405
2020-06-04,96,14:30:00,Thursday,Humberline and Albion,Mechanical,25,50,N/B,3646
2020-06-04,84,14:37:00,Thursday,Hove St. on Sheppard,Investigation,8,18,W/B,3284
2020-06-04,11,14:37:00,Thursday,Bayview at Steels,Mechanical,12,24,S/B,1252
2020-06-04,133,14:38:00,Thursday,Morningside and Old Finch,Utilized Off Route,9,18,S/B,3471
2020-06-04,6,14:49:00,Thursday,BAY and Gerrard,Investigation,10,20,S/B,1001
2020-06-04,85,15:15:00,Thursday,Birchmount and Sheppard Ave E,Mechanical,9,21,E/B,9075
2020-06-04,117,15:15:00,Thursday,Sheppard West Station,Mechanical,13,30,N/B,1236
2020-06-04,110,15:35:00,Thursday,"On Islington, at Lakeshore",Mechanical,12,26,N/B,8429
2020-06-04,70,15:36:00,Thursday,Warden station,Utilized Off Route,17,36,W/B,8804
2020-06-04,161,15:40:00,Thursday,Humber blvd and weston,Diversion,125,154,E/B,1110
2020-06-04,35,15:41:00,Thursday,Pioneer Village Station,Late Leaving Garage - Mechanical,7,12,S/B,3704
2020-06-04,52,15:42:00,Thursday,Dufferin and Lawrence,Investigation,18,33,E/B,1375
2020-06-04,133,16:09:00,Thursday,Morningside and Old Finch,Utilized Off Route,7,14,S/B,3482
2020-06-04,5,16:10:00,Thursday,Avenue at Poplar Plains,Mechanical,20,40,N/B,1321
2020-06-04,29,16:28:00,Thursday,Manitoba & Nova Scotia 5run,Mechanical,8,15,E/B,9054
2020-06-04,41,16:30:00,Thursday,Pioneer Village Station,Mechanical,1,1,S/B,3229
2020-06-04,600,16:45:00,Thursday,Bathurst Station,Utilized Off Route,1,1,N/B,1060
2020-06-04,29,16:45:00,Thursday,Springhurst Loop,Utilized Off Route,8,15,N/B,9103
2020-06-04,54,17:01:00,Thursday,Eglinton Station,Utilized Off Route,13,25,E/B,8634
2020-06-04,69,17:03:00,Thursday,Warden Station,Mechanical,18,35,N/B,3148
2020-06-04,163,17:06:00,Thursday,Lawrence W Stn,Mechanical,12,24,S/B,1368
2020-06-04,70,17:10:00,Thursday,Pharmacy & Craigton,Utilized Off Route,17,34,W/B,8721
2020-06-04,47,17:32:00,Thursday,Lansdowne Station,Mechanical,7,14,S/B,1147
2020-06-04,7,18:07:00,Thursday,Greenwin & Bathurst,Mechanical,8,15,W/B,8163
2020-06-04,62,18:09:00,Thursday,Donland and Mortimer,Mechanical,22,44,W/B,8403
2020-06-04,89,18:11:00,Thursday,High Park Station,Mechanical,10,20,S/B,9042
2020-06-04,24,18:25:00,Thursday,Victoria Park Stn,Mechanical,18,36,N/B,3163
2020-06-04,35,18:32:00,Thursday,Jane and Steeles,Mechanical,5,10,S/B,3298
2020-06-04,34,18:34:00,Thursday,Eglinton at Wynford,Investigation,6,8,W/B,8796
2020-06-04,98,18:45:00,Thursday,Sheppard Ave E and Yonge St,Mechanical,18,35,N/B,8384
2020-06-04,124,18:53:00,Thursday,Lawrence Station,Utilized Off Route,12,24,E/B,8212
2020-06-04,32,18:55:00,Thursday,eglinton west station,Mechanical,10,20,W/B,1077
2020-06-04,95,19:05:00,Thursday,Kennedy/Ellesmere,Mechanical,10,20,E/B,1320
2020-06-04,11,19:46:00,Thursday,Bayview and Kilgour,Mechanical,17,33,N/B,8303
2020-06-04,116,19:51:00,Thursday,Kennedy Station,Utilized Off Route,8,16,E/B,8946
2020-06-04,133,20:03:00,Thursday,Morningside and Old Finch,Utilized Off Route,9,18,S/B,3518
2020-06-04,601,20:21:00,Thursday,Neilson and Crow trail.,Mechanical,1,1,S/B,8529
2020-06-04,133,20:44:00,Thursday,Scarborough Town Center,Utilized Off Route,8,16,E/B,1397
2020-06-04,47,20:52:00,Thursday,St Clair and Lansdowne,Investigation,20,40,S/B,1205
2020-06-04,29,21:29:00,Thursday,Springhurst loop,Mechanical,16,24,N/B,9148
2020-06-04,116,21:31:00,Thursday,Morningside and Ellesmere,Emergency Services,22,44,N/B,8851
2020-06-04,95,21:53:00,Thursday,Brimley and Ellesmere,Investigation,14,28,E/B,3520
2020-06-04,84,22:05:00,Thursday,Sheppard and Bathurst,Investigation,9,19,W/B,3356
2020-06-04,84,22:18:00,Thursday,Sheppard and Bathurst,Investigation,10,19,W/B,3297
2020-06-04,76,22:41:00,Thursday,Royal York and Judson,Diversion,240,255,S/B,
2020-06-04,107,22:47:00,Thursday,Keele and Finch,Mechanical,28,58,S/B,3335
2020-06-04,32,22:52:00,Thursday,Renforth Stn,Mechanical,11,22,E/B,1135
2020-06-05,6,00:08:00,Friday,Bay and College Street,Emergency Services,30,60,N/B,1044
2020-06-05,59,00:27:00,Friday,Oak and CN Rail (WB) west of Yelland,Diversion,30,60,W/B,3304
2020-06-05,121,00:40:00,Friday,Scott and The Esplanade,Diversion,60,90,B/W,8557
2020-06-05,42,01:00:00,Friday,Finch station,Mechanical,1,1,E/B,8110
2020-06-05,60,01:47:00,Friday,Steeles and Carpenter,Mechanical,28,56,EB,3341
2020-06-05,76,05:08:00,Friday,Islington and Judson,Diversion,1,20,S/B,8075
2020-06-05,600,05:15:00,Friday,Victoria Pk and Sheppard,Utilized Off Route,1,1,W/B,3551
2020-06-05,600,05:19:00,Friday,Warden and Ellesmere,Utilized Off Route,1,1,W/B,3407
2020-06-05,600,05:30:00,Friday,Finch Stn,Utilized Off Route,1,1,E/B,3540
2020-06-05,600,05:30:00,Friday,Meadowvale Loop,Utilized Off Route,1,1,W/B,1331
2020-06-05,84,05:54:00,Friday,Sheppard Station,Mechanical,17,34,W/B,3708
2020-06-05,105,06:31:00,Friday,Sheppard West Station,Mechanical,22,44,W/B,8175
2020-06-05,67,06:34:00,Friday,Pharmacy/Ellesmere,Investigation,17,34,N/B,8734
2020-06-05,106,06:45:00,Friday,Sheppard West Station,Utilized Off Route,9,18,W/B,8104
2020-06-05,35,06:45:00,Friday,jane and church,Mechanical,9,18,S/B,3182
2020-06-05,32,06:46:00,Friday,Eglinton & Islington,Investigation,9,16,E/B,1137
2020-06-05,96,06:47:00,Friday,Humberline Loop,Mechanical,19,38,E/B,3283
2020-06-05,32,06:53:00,Friday,Jane & Lawrence,Vision,12,40,E/B,1143
2020-06-05,79,06:54:00,Friday,Jane and Lawrence,Mechanical,4,8,N/B,1203
2020-06-05,42,07:05:00,Friday,Finch Station,Late Leaving Garage - Mechanical,14,28,E/B,8383
2020-06-05,600,07:44:00,Friday,Don Mills,Mechanical,0,0,E/B,8549
2020-06-05,63,07:55:00,Friday,Oakwood Loop,Mechanical,4,8,S/B,1314
2020-06-05,106,08:10:00,Friday,Sheppard West Station,Mechanical,9,18,W/B,8200
2020-06-05,29,08:20:00,Friday,College & Dufferin,Diversion,68,76,S/B,9026
2020-06-05,168,08:33:00,Friday,Dundas west Station,Investigation,10,20,N/B,1521
2020-06-05,26,08:58:00,Friday,Jane station,Investigation,24,48,N/B,1141
2020-06-05,40,09:23:00,Friday,Dundas and Prince Edward,Mechanical,19,36,W/B,7915
2020-06-05,96,09:25:00,Friday,Carrier Loop,Utilized Off Route,19,38,E/B,3253
2020-06-05,95,09:35:00,Friday,Ellesmere RT,Mechanical,11,22,W/B,3556
2020-06-05,54,09:41:00,Friday,Lawrence and Starspray,Mechanical,14,28,W/B,8689
2020-06-05,110,09:55:00,Friday,Islington Stn,Mechanical,18,36,W/B,8023
2020-06-05,36,10:04:00,Friday,Finch west stn,Mechanical,5,10,W/B,9113
2020-06-05,74,10:05:00,Friday,Erskine and Mt Pleasant,Diversion,25,40,B/W,8315
2020-06-05,97,10:05:00,Friday,North York Blvd and Yonge St,Investigation,30,60,S/B,8371
2020-06-05,57,10:10:00,Friday,Kennedy station,Utilized Off Route,0,0,N/B,8669
2020-06-05,52,10:13:00,Friday,Lawrence West Station,Mechanical,15,30,E/B,8350
2020-06-05,46,10:26:00,Friday,Martingrove and Westway,Investigation,19,38,N/B,3229
2020-06-05,17,10:28:00,Friday,Warden Station,Utilized Off Route,13,26,N/B,8538
2020-06-05,133,10:29:00,Friday,Scarborough Centre Station,Utilized Off Route,11,22,N/B,3441
2020-06-05,102,10:35:00,Friday,Warden Station,Utilized Off Route,10,20,N/B,9237
2020-06-05,133,10:40:00,Friday,Scarborough Centre Station,Utilized Off Route,11,22,N/B,3497
2020-06-05,17,10:41:00,Friday,Warden Station,Utilized Off Route,13,26,N/B,9220
2020-06-05,165,10:45:00,Friday,Weston and Finch,Mechanical,12,24,N/B,3305
2020-06-05,133,10:51:00,Friday,Scarborough Centre Station,Utilized Off Route,11,22,N/B,3448
2020-06-05,102,10:55:00,Friday,Warden Station,Utilized Off Route,10,30,N/B,8590
2020-06-05,133,11:02:00,Friday,Scarborough Centre Station,Utilized Off Route,11,22,N/B,3536
2020-06-05,86,11:18:00,Friday,Kenendy station,Mechanical,25,50,E/B,8735
2020-06-05,102,11:19:00,Friday,Bonnington Ave. / S.Clair Ave. E,Emergency Services,1,1,N/B,8555
2020-06-05,133,11:24:00,Friday,Scarborough Centre Station,Utilized Off Route,11,22,N/B,3444
2020-06-05,90,11:25:00,Friday,St. Claire west station,Mechanical,10,20,N/B,1373
2020-06-05,86,11:30:00,Friday,Kennedy station,Utilized Off Route,0,0,N/B,8729
2020-06-05,133,11:34:00,Friday,Scarborough Centre Station,Utilized Off Route,11,22,N/B,3513
2020-06-05,171,11:40:00,Friday,Mount Dennis Garage,Mechanical,20,40,W/B,1030
2020-06-05,43,11:44:00,Friday,kennedy station,Utilized Off Route,0,0,N/B,8760
2020-06-05,53,12:09:00,Friday,Steeles / Donmills,Mechanical,6,12,W/B,9087
2020-06-05,133,12:29:00,Friday,Scarborough Centre Station,Utilized Off Route,11,22,N/B,3560
2020-06-05,69,12:31:00,Friday,Warden Station,Investigation,17,34,S/B,8580
2020-06-05,11,12:45:00,Friday,Davisville Station,Utilized Off Route,13,26,N/B,8346
2020-06-05,53,12:55:00,Friday,Finch stn,Mechanical,6,12,E/B,9000
2020-06-05,47,13:00:00,Friday,Queen lansdowne,Mechanical,15,30,N/B,1130
2020-06-05,39,13:28:00,Friday,McCowan and Finch,Diversion,236,244,W/B,1238
2020-06-05,97,13:30:00,Friday,Yong and Finch to Sheppard Ave,General Delay,1,1,S/B,
2020-06-05,6,13:30:00,Friday,BAY and Queen,Diversion,76,82,B/W,
2020-06-05,94,13:30:00,Friday,WELLESLEY and Bay,General Delay,16,32,B/W,
2020-06-05,11,13:37:00,Friday,Davisville Station,Utilized Off Route,13,26,N/B,1257
2020-06-05,15,14:20:00,Friday,Queensway Traffic Office,Mechanical,24,49,S/B,8615
2020-06-05,11,14:29:00,Friday,Davisville Station,Utilized Off Route,13,26,N/B,8321
2020-06-05,97,14:30:00,Friday,Rosedale Stn to Queens Quay and Yonge,Diversion,1,1,B/W,
2020-06-05,63,14:45:00,Friday,Athlantic and Liberty,Diversion,49,53,N/B,8386
2020-06-05,40,14:45:00,Friday,"On Dundas, at High Park",Mechanical,15,30,W/B,7931
2020-06-05,97,14:52:00,Friday,Yonge and Bloor,Diversion,360,390,S/B,1384
2020-06-05,88,15:08:00,Friday,St. Clair Station,Mechanical,15,30,E/B,1315
2020-06-05,11,15:17:00,Friday,Davisville Station,Utilized Off Route,15,30,N/B,8367
2020-06-05,11,15:19:00,Friday,Bayview at Steels,Utilized Off Route,15,30,S/B,8338
2020-06-05,75,15:29:00,Friday,SHERBOURNE and Bloor,Investigation,8,16,N/B,8324
2020-06-05,75,15:29:00,Friday,SHERBOURNE - Jarvis and Queens Quay,Mechanical,9,18,N/B,8324
2020-06-05,59,15:30:00,Friday,Oak and Meadow Oak Pl,Diversion,59,74,W/B,3579
2020-06-05,53,15:35:00,Friday,Markham / Passmore,Mechanical,6,12,E/B,9069
2020-06-05,25,15:37:00,Friday,Pape station,Mechanical,5,11,N/B,8732
2020-06-05,29,15:40:00,Friday,Dufferin & Weller,Investigation,8,16,S/B,9143
2020-06-05,90,15:42:00,Friday,oakwood and vaughan,Late Leaving Garage - Mechanical,6,12,S/B,1387
2020-06-05,124,16:17:00,Friday,Lawrence Station,Utilized Off Route,8,16,E/B,8193
2020-06-05,91,16:20:00,Friday,Woodbine station,Mechanical,14,28,S/B,8724
2020-06-05,39,16:20:00,Friday,Finch Station,Mechanical,15,24,W/B,1393
2020-06-05,41,16:50:00,Friday,Ian MacDonald & Founders,Investigation,16,32,S/B,9104
2020-06-05,36,16:50:00,Friday,Finch Station,Mechanical,1,1,WB,3338
2020-06-05,54,17:01:00,Friday,Eglinton Station,Utilized Off Route,12,25,E/B,8950
2020-06-05,25,17:04:00,Friday,Don Mills station,Mechanical,6,17,N/B,8931
2020-06-05,32,17:09:00,Friday,eglinton station,Mechanical,10,20,W/B,1063
2020-06-05,11,17:10:00,Friday,Davisville Station,Utilized Off Route,15,30,N/B,8195
2020-06-05,23,18:00:00,Friday,Main station,Mechanical,10,20,E/B,3159
2020-06-05,133,18:00:00,Friday,Neilson and Oakmeadow,Mechanical,8,16,N/B,3558
2020-06-05,161,18:02:00,Friday,Ossington Station,Mechanical,23,46,N/B,1090
2020-06-05,85,18:05:00,Friday,Neilson and Sheppard West,Mechanical,13,26,W/B,9082
2020-06-05,36,18:10:00,Friday,on Finch Ave West at Tangiers Rd,Mechanical,7,13,EB,3273
2020-06-05,98,18:18:00,Friday,Peckham Ave and Cactus Ave,Mechanical,20,37,W/B,8114
2020-06-05,95,18:20:00,Friday,York Mills Station,Mechanical,5,10,E/B,1336
2020-06-05,67,18:20:00,Friday,Victoria Park stn,Mechanical,10,20,E/B,8656
2020-06-05,54,18:34:00,Friday,Lawrence RT station,Utilized Off Route,12,25,W/B,8836
2020-06-05,11,18:43:00,Friday,Bayview at Broadway,Mechanical,15,30,N/B,8338
2020-06-05,600,18:45:00,Friday,Lawrence West Station,Utilized Off Route,1,1,E/B,8137
2020-06-05,113,18:54:00,Friday,Main station,Investigation,11,22,E/B,9233
2020-06-05,60,19:38:00,Friday,Steeles Ave West Loop at Martin Grove,Mechanical,9,18,EB,3613
2020-06-05,600,19:45:00,Friday,Davisville Station,Utilized Off Route,1,1,E/B,1334
2020-06-05,600,19:59:00,Friday,Jane and Falstaff,Investigation,1,1,S/B,3603
2020-06-05,133,20:03:00,Friday,Morningside and Old Finch,Utilized Off Route,9,18,S/B,3537
2020-06-05,600,20:15:00,Friday,Kingston Rd and Pine Ridge Drive,Investigation,1,1,W/B,9226
2020-06-05,41,20:20:00,Friday,Keel & Wilson,Investigation,15,30,S/B,9101
2020-06-05,41,20:23:00,Friday,keele and wilson,Investigation,15,30,S/B,9101
2020-06-05,85,20:25:00,Friday,Sheppard and Shorting,Investigation,16,32,E/B,3523
2020-06-05,22,21:00:00,Friday,Coxwell station,Mechanical,10,20,S/B,8952
2020-06-05,32,21:01:00,Friday,Between Jane/Eglinton and Weston/Eglinton,Diversion,65,75,B/W,1625
2020-06-05,32,21:20:00,Friday,Pine and Wright,Mechanical,10,20,E/B,1329
2020-06-05,126,21:30:00,Friday,Christie Station,Investigation,30,60,S/B,1118
2020-06-05,25,22:05:00,Friday,DON MILLS and Finch,Diversion,95,105,N/B,
2020-06-05,121,22:45:00,Friday,FORT YORK/THE ESPLANADE - Yonge to Church,Diversion,110,140,B/W,
2020-06-05,29,23:02:00,Friday,Dufferin and Hope St,Emergency Services,10,20,N/B,9139
2020-06-06,41,00:29:00,Saturday,Keele and Calvington,Diversion,115,125,B/W,1022
2020-06-06,320,02:30:00,Saturday,Finch Station,Mechanical,3,8,N/B,1340
2020-06-06,354,02:50:00,Saturday,East Ave / Lawrence,Investigation,30,60,W/B,8790
2020-06-06,320,03:07:00,Saturday,Wellington and Yonge Street,Mechanical,4,7,S/B,8363
2020-06-06,66,06:05:00,Saturday,Old mill station,Late Leaving Garage - Mechanical,15,30,S/B,8612
2020-06-06,106,06:34:00,Saturday,Sentinel and Stilecroft,Mechanical,13,26,E/B,1243
2020-06-06,63,06:50:00,Saturday,Ossington Station,Mechanical,5,10,S/B,1236
2020-06-06,60,06:53:00,Saturday,FINCH STATION,Emergency Services,13,27,W/B,3352
2020-06-06,40,07:15:00,Saturday,Windermere and Dundas,Investigation,24,48,E/B,7971
2020-06-06,40,07:22:00,Saturday,Dundas and Runnymede,Utilized Off Route,1,1,S/B,7972
2020-06-06,80,07:58:00,Saturday,Kipling Station,Mechanical,10,20,N/B,8043
2020-06-06,60,08:47:00,Saturday,FINCH STATION,Mechanical,11,24,W/B,3352
2020-06-06,16,09:03:00,Saturday,warden Station,Late Leaving Garage - Mechanical,12,24,N/B,8561
2020-06-06,29,09:05:00,Saturday,Pricess Gate and newfoundland Blvd,Emergency Services,7,14,S/B,9103
2020-06-06,105,09:15:00,Saturday,Sheppard West Station,Late Leaving Garage - Management,15,30,N/B,8208
2020-06-06,94,09:20:00,Saturday,Ossington Station,Late Leaving Garage - Mechanical,12,24,E/B,3728
2020-06-06,60,09:32:00,Saturday,PIONEER VILLAGE STATION,Vision,11,22,W/B,3180
2020-06-06,17,09:33:00,Saturday,Sheppard,Mechanical,15,30,N/B,3173
2020-06-06,36,09:40:00,Saturday,FINCH WEST STATION,Late Leaving Garage - Mechanical,6,13,W/B,3332
2020-06-06,80,09:50:00,Saturday,Hight Park station,Mechanical,20,40,E/B,8030
2020-06-06,133,09:55:00,Saturday,Scarborough Town centre,Utilized Off Route,10,20,E/B,3484
2020-06-06,133,10:05:00,Saturday,Morningside and Finch,Utilized Off Route,10,20,W/B,3402
2020-06-06,133,10:15:00,Saturday,Scarborough Town Centre,Utilized Off Route,10,20,E/B,3419
2020-06-06,133,10:35:00,Saturday,Scarborough Town Centre,Utilized Off Route,10,20,E/B,3495
2020-06-06,38,10:40:00,Saturday,Scarorough Town Centre,Utilized Off Route,0,0,E/B,3481
2020-06-06,133,10:55:00,Saturday,Scarborough Town Centre,Utilized Off Route,10,20,E/B,1232
2020-06-06,927,10:57:00,Saturday,Steeles Loop.,Utilized Off Route,10,20,S/B,3249
2020-06-06,32,11:00:00,Saturday,Yonge and Eglinton,Mechanical,9,18,N/B,1378
2020-06-06,32,11:10:00,Saturday,caledonia and eglinton,Mechanical,9,18,E/B,3727
2020-06-06,9,11:15:00,Saturday,Warden Station,Mechanical,23,46,N/B,8547
2020-06-06,133,11:15:00,Saturday,Scarborough Town Centre,Utilized Off Route,10,20,E/B,1398
2020-06-06,25,11:21:00,Saturday,Freshmeadow/Don Mills,Mechanical,9,18,S/B,8641
2020-06-06,927,11:27:00,Saturday,Steeles Loop,Utilized Off Route,10,20,N/B,3598
2020-06-06,32,11:45:00,Saturday,Yonge and Eglinton,Mechanical,9,18,S/B,1264
2020-06-06,76,12:00:00,Saturday,Route 76,General Delay,14,26,BW,
2020-06-06,38,12:00:00,Saturday,Scarborough Town Centre,Utilized Off Route,10,20,E/B,3545
2020-06-06,95,12:00:00,Saturday,U of T,Utilized Off Route,13,26,W/B,3515
2020-06-06,89,12:00:00,Saturday,Route 89,General Delay,20,30,BW,
2020-06-06,165,12:15:00,Saturday,York Mills Station,Mechanical,10,20,S/B,3612
2020-06-06,47,12:25:00,Saturday,Queen and Lansdowne,Mechanical,18,36,S/B,1287
2020-06-06,120,12:29:00,Saturday,Keele and Calvington,Diversion,70,100,B/W,3652
2020-06-06,11,12:35:00,Saturday,Davisville Station,Utilized Off Route,30,60,N/B,8305
2020-06-06,11,12:50:00,Saturday,Davisville Station,Utilized Off Route,30,60,N/B,8157
2020-06-06,131,13:15:00,Saturday,McCowan Road from Sheppard to Nugget,Diversion,149,163,B/W,
2020-06-06,130,13:15:00,Saturday,McCowan Road from Sheppard to Nugget,Diversion,165,195,B/W,
2020-06-06,169,13:15:00,Saturday,McCowan Road from Sheppard to Nugget,Diversion,165,195,B/W,
2020-06-06,129,13:15:00,Saturday,McCowan Road from Sheppard to Nugget,Diversion,141,147,B/W,
2020-06-06,112,13:20:00,Saturday,Kipling Station,Diversion,15,25,S/B,8460
2020-06-06,6,13:45:00,Saturday,Bay between Elm and Adelaide,Diversion,1,1,B/W,
2020-06-06,94,13:51:00,Saturday,94 Wellesley route between Bathurst & Wellesley stn.,Diversion,5,10,B/W,
2020-06-06,36,13:57:00,Saturday,FINCH/ISLINGTON,Diversion,33,38,E/B,
2020-06-06,60,14:03:00,Saturday,PIONEER VILLAGE STATION,Utilized Off Route,10,19,E/B,3596
2020-06-06,102,14:32:00,Saturday,Warden Station,Mechanical,10,20,E/B,8522
2020-06-06,11,14:35:00,Saturday,Davisville Station,Utilized Off Route,30,60,N/B,8353
2020-06-06,116,14:48:00,Saturday,Brimley and Eglinton,Investigation,7,14,N/B,8731
2020-06-06,161,14:50:00,Saturday,Entire Line,General Delay,20,40,E/B,1605
2020-06-06,1,15:01:00,Saturday,Bloor and Yonge,Diversion,1,1,S/B,
2020-06-06,60,15:21:00,Saturday,PIONEER VILLAGE STATION,Utilized Off Route,9,18,E/B,3634
2020-06-06,5,15:25:00,Saturday,Queens Park Circle,Diversion,250,272,B/W,
2020-06-06,60,15:45:00,Saturday,PIONEER VILLAGE STATION,Mechanical,9,19,E/B,3196
2020-06-06,36,15:51:00,Saturday,FINCH STATION,Utilized Off Route,6,11,E/B,3601
2020-06-06,35,15:55:00,Saturday,Jane and Lawrence,Investigation,8,16,S/B,3279
2020-06-06,54,16:26:00,Saturday,Lawrence RT station,Mechanical,14,28,W/B,8826
2020-06-06,21,17:00:00,Saturday,Brimley and Gage,Investigation,15,30,S/B,3422
2020-06-06,133,17:31:00,Saturday,Neilson and Sheppard,Mechanical,9,18,S/B,1232
2020-06-06,11,17:42:00,Saturday,Sunnybrook Hospital,Utilized Off Route,30,60,S/B,8143
2020-06-06,96,18:29:00,Saturday,Carrier Drive,Mechanical,17,34,E/B,3283
2020-06-06,32,18:30:00,Saturday,scarlett and eglinton,Diversion,9,18,E/B,
2020-06-06,32,18:36:00,Saturday,eglinton and duncannon,Mechanical,24,48,E/B,1103
2020-06-06,47,18:44:00,Saturday,Earlscourt Loop,Mechanical,18,27,N/B,1132
2020-06-06,52,19:15:00,Saturday,Weston Road / Lawrence,Mechanical,20,0,W/B,8189
2020-06-06,60,19:23:00,Saturday,Finch Station,Utilized Off Route,6,12,NB,3273
2020-06-06,85,19:44:00,Saturday,Warden and Huntingwood,Diversion,29,51,W/B,9073
2020-06-06,60,19:46:00,Saturday,on Steeles Loop at Martin Grove,Late Leaving Garage - Management,13,27,EB,3600
2020-06-06,36,20:21:00,Saturday,Finch Station,Utilized Off Route,8,16,WB,3591
2020-06-06,900,20:40:00,Saturday,Highway 427 & Holliday In drive,Mechanical,10,20,S/B,8009
2020-06-06,98,20:59:00,Saturday,Grantbrook and Charlton,Diversion,42,72,B/W,8156
2020-06-06,86,22:18:00,Saturday,Meadowvale Loop,Investigation,10,20,SB,8877
2020-06-06,85,22:29:00,Saturday,Sheppard and Kennedy,Emergency Services,8,16,E/B,1333
2020-06-06,89,22:30:00,Saturday,Weston Rd & Annette,Investigation,10,20,S/B,1305
2020-06-06,25,22:34:00,Saturday,Pape Station,Utilized Off Route,10,20,N/B,8872
2020-06-06,96,23:09:00,Saturday,Wilson and Yonge Blvd,Mechanical,14,28,E/B,3223
2020-06-06,168,23:41:00,Saturday,Dundas west Station,Mechanical,18,36,S/B,1040
2020-06-07,52,00:10:00,Sunday,Lawrence Station,Mechanical,20,40,W/B,8351
2020-06-07,38,00:30:00,Sunday,Scarborough Town Centre,Mechanical,13,26,N/B,1298
2020-06-07,83,00:38:00,Sunday,580 Commissioners,Emergency Services,17,34,W/B,8557
2020-06-07,320,04:35:00,Sunday,Yonge Street/Sheldrake Blvd,Investigation,15,30,N/B,8768
2020-06-07,89,05:47:00,Sunday,High park,Late Leaving Garage - Mechanical,10,20,S/B,1421
2020-06-07,320,05:50:00,Sunday,Steeles Loop at Yonge Street,Late Leaving Garage - Mechanical,4,8,S/B,8133
2020-06-07,29,06:10:00,Sunday,St. Clair/Dufferin,Diversion,10,20,S/B,9046
2020-06-07,39,06:45:00,Sunday,Swells and Littles,Late Leaving Garage - Mechanical,17,34,W/B,1658
2020-06-07,320,07:02:00,Sunday,Yonge St/Bloor St,Investigation,3,6,S/B,8363
2020-06-07,307,07:34:00,Sunday,Exhibition Loop,Vision,12,24,N/B,8122
2020-06-07,63,07:40:00,Sunday,Oakwood Loop,Utilized Off Route,5,10,S/B,1231
2020-06-07,102,07:50:00,Sunday,Warden Station,Mechanical,10,20,N/B,8502
2020-06-07,900,07:50:00,Sunday,Terminal 3,Late Leaving Garage - Mechanical,8,16,S/B,8005
2020-06-07,32,07:57:00,Sunday,Eglinton/Wyncott,Mechanical,10,20,N/B,1096
2020-06-07,324,07:59:00,Sunday,Victoria Park and St Clair,Investigation,0,30,S/B,8593
2020-06-07,168,08:05:00,Sunday,Avon Loop,Mechanical,10,20,S/B,3727
2020-06-07,34,08:15:00,Sunday,EGLINTON STATION,Late Leaving Garage - Mechanical,10,20,E/B,8828
2020-06-07,75,08:30:00,Sunday,Queens Quay/Lower Jarvis,Investigation,20,40,N/B,1252
2020-06-07,106,08:30:00,Sunday,Sheppard West Station,Utilized Off Route,15,30,N/B,8182
2020-06-07,51,09:17:00,Sunday,FRESHMEADOW/DON MILLS,Late Leaving Garage - Mechanical,12,36,S/B,8120
2020-06-07,133,09:25:00,Sunday,Morningside and Finch,Utilized Off Route,12,24,W/B,1397
2020-06-07,927,09:35:00,Sunday,Kipling Station,Mechanical,10,20,N/B,3571
2020-06-07,20,09:38:00,Sunday,Kennedy stn,Mechanical,24,48,S/B,3110
2020-06-07,60,09:42:00,Sunday,Pionner Village Station,Mechanical,13,26,W/B,3238
2020-06-07,76,09:43:00,Sunday,Royal York Station,Emergency Services,12,24,S/B,8444
2020-06-07,133,10:01:00,Sunday,Morningside and Finch,Utilized Off Route,12,24,W/B,3405
2020-06-07,21,10:12:00,Sunday,Kennedy station,Mechanical,22,44,E/B,3523
2020-06-07,15,11:02:00,Sunday,Sherway Gardens,Mechanical,30,60,E/B,8608
2020-06-07,134,11:12:00,Sunday,Sheppard and Progress,Mechanical,22,44,E/B,3472
2020-06-07,130,11:20:00,Sunday,Finch/ Middlefield,Mechanical,30,60,E/B,3549
2020-06-07,108,11:23:00,Sunday,Sheppard West Stn,Mechanical,15,30,N/B,3344
2020-06-07,125,11:44:00,Sunday,Bathurst and Antibes,Late Leaving Garage - Mechanical,15,30,W/B,1280
2020-06-07,102,11:45:00,Sunday,Lawerence and Markham,Mechanical,10,20,N/B,8540
2020-06-07,38,11:54:00,Sunday,Scarborough Town Centre,Utilized Off Route,0,0,E/B,3477
2020-06-07,95,12:12:00,Sunday,Markham and Ellesmere rd,Mechanical,15,30,E/B,3520
2020-06-07,89,12:18:00,Sunday,Albion and Weston,Emergency Services,10,20,NB,1208
2020-06-07,11,12:20:00,Sunday,Davisville Station,Utilized Off Route,30,60,N/B,8184
2020-06-07,38,12:45:00,Sunday,Scarborough Town Centre,Utilized Off Route,0,0,E/B,3559
2020-06-07,24,12:45:00,Sunday,Victoria Park stn,Late Leaving Garage - Mechanical,7,14,N/B,3134
2020-06-07,39,13:10:00,Sunday,Finch and Midland,Mechanical,17,34,W/B,3486
2020-06-07,11,13:12:00,Sunday,Sunnybrook Hospital,Utilized Off Route,30,60,S/B,8321
2020-06-07,38,13:35:00,Sunday,Scarborough Town Centre,Utilized Off Route,0,0,E/B,1206
2020-06-07,927,13:57:00,Sunday,Martingrove and Steeles,Utilized Off Route,10,20,N/B,3308
2020-06-07,38,14:05:00,Sunday,Scarborugh Town centre,Utilized Off Route,0,0,E/B,1240
2020-06-07,6,14:09:00,Sunday,Pioneer Village station,Mechanical,10,20,E/B,3252
2020-06-07,102,14:34:00,Sunday,Markham and Steeles,Mechanical,10,20,S/B,8515
2020-06-07,75,14:45:00,Sunday,Lower Jarvis St & Queens Quay E,Mechanical,24,40,N/B,1252
2020-06-07,11,14:57:00,Sunday,Sunnybrook Hospital,Utilized Off Route,30,60,N/B,8141
2020-06-07,927,14:57:00,Sunday,Steeles Loop,Utilized Off Route,10,20,N/B,3287
2020-06-07,130,15:00:00,Sunday,Scarborough Town Centre,Mechanical,0,0,E/B,3404
2020-06-07,7,15:00:00,Sunday,Bathrust Station,Utilized Off Route,8,16,N/B,8190
2020-06-07,41,15:02:00,Sunday,keele and keelegate,Investigation,11,22,N/B,1521
2020-06-07,116,15:28:00,Sunday,Plantainway/ Morninside,Investigation,6,13,S/B,8620
2020-06-07,36,15:32:00,Sunday,Kipling,Mechanical,5,10,E/B,3234
2020-06-07,85,15:47:00,Sunday,Don Mills Station,Mechanical,20,40,W/B,3407
2020-06-07,94,15:50:00,Sunday,Castle Frank Station,Mechanical,7,14,W/B,1127
2020-06-07,163,16:01:00,Sunday,Ossington and Leeds,Emergency Services,11,22,S/B,1340
2020-06-07,14,16:30:00,Sunday,Entire Route,General Delay,15,35,B/W,
2020-06-07,11,16:35:00,Sunday,Davisville Station,Utilized Off Route,30,60,N/B,8191
2020-06-07,12,16:35:00,Sunday,on Kingston Road at Victoria Park,General Delay,15,30,WB,8473
2020-06-07,60,16:44:00,Sunday,Pioneer Village Station,Mechanical,5,10,EB,3195
2020-06-07,32,17:04:00,Sunday,renforth station,Mechanical,9,18,E/B,1202
2020-06-07,63,17:14:00,Sunday,Oakwood Loop,Mechanical,7,14,S/B,1229
2020-06-07,95,17:19:00,Sunday,Scarborough U of T,Utilized Off Route,15,30,W/B,3458
2020-06-07,36,17:25:00,Sunday,Finch West Station,Mechanical,5,10,WB,3244
2020-06-07,11,17:57:00,Sunday,Sunnybrook Hospital,Utilized Off Route,30,60,S/B,8126
2020-06-07,124,18:00:00,Sunday,Lawrence Station,Utilized Off Route,20,40,E/B,8349
2020-06-07,81,18:16:00,Sunday,49 Thorncliff Dr,Investigation,12,24,S/B,3138
2020-06-07,85,18:48:00,Sunday,Don Mills Station,Mechanical,6,11,E/B,1676
2020-06-07,33,19:12:00,Sunday,Bathurst and Roselawn,Mechanical,30,60,S/B,8153
2020-06-07,711,19:30:00,Sunday,Davisville Station,Utilized Off Route,1,1,E/B,8100
2020-06-07,60,19:35:00,Sunday,on Steeles Ave West at Weston Rd,Diversion,79,93,EB,3235
2020-06-07,106,21:47:00,Sunday,Sheppard West Station,Utilized Off Route,16,32,N/B,8145
2020-06-07,39,21:47:00,Sunday,Neilson & Crowtrail,Mechanical,20,40,S/B,3558
2020-06-07,927,22:24:00,Sunday,Highway 27 & Bethridge,Diversion,66,76,N/B,
2020-06-07,129,23:00:00,Sunday,Scarborought town centre,Utilized Off Route,10,20,NB,3467
2020-06-07,86,23:53:00,Sunday,Eglinton and Markham,Investigation,10,20,W/B,8642
2020-06-08,927,00:45:00,Monday,Dundas & Highway427,Diversion,75,89,N/B,
2020-06-08,900,00:45:00,Monday,Dundas & Highway 427,Diversion,101,111,N/B,
2020-06-08,29,02:10:00,Monday,Dufferin & Bloor,Mechanical,17,27,S/B,9050
2020-06-08,84,02:30:00,Monday,Sheppard & Wilson Heights,Investigation,30,60,E/B,3348
2020-06-08,307,03:02:00,Monday,Bathurst & Wilson,Mechanical,30,60,N/B,8190
2020-06-08,332,03:12:00,Monday,Eglinton Station,Emergency Services,30,50,W/B,1119
2020-06-08,300,03:19:00,Monday,Bloor and Ossington,Diversion,120,137,B/W,
2020-06-08,14,04:00:00,Monday,EGLINTON/CHAPLIN,Diversion,999,999,B/W,
2020-06-08,600,05:00:00,Monday,Malvern Gate,Late Leaving Garage - Vision,1,1,,3568
2020-06-08,600,05:00:00,Monday,Steeles and Markham,Late Leaving Garage - Operator,1,1,,1391
2020-06-08,113,05:05:00,Monday,main station,Late Leaving Garage - Management,14,28,,3153
2020-06-08,81,05:07:00,Monday,millwood and Overleas,Late Leaving Garage - Management,14,28,,8588
2020-06-08,54,05:48:00,Monday,EGLINTON STATION,Late Leaving Garage - Management,13,28,E/B,8870
2020-06-08,6,05:49:00,Monday,Dupont & Davenport,Late Leaving Garage - Operator,10,20,S/B,1605
2020-06-08,134,05:49:00,Monday,Tapscott and Crow Trail,Late Leaving Garage - Mechanical,18,36,E/B,3419
2020-06-08,43,06:19:00,Monday,Kennedy STN,Late Leaving Garage - Management,10,20,N/B,8664
2020-06-08,38,06:25:00,Monday,Scarborough Town Centre,Late Leaving Garage - Vision,10,18,E/B,3459
2020-06-08,36,06:37:00,Monday,Weston Road,Mechanical,9,17,E/B,3184
2020-06-08,11,06:42:00,Monday,SUNNYBROOK HOSPITAL,Mechanical,10,19,N/B,8638
2020-06-08,34,06:52:00,Monday,EGLINTON/MT PLEASANT,Mechanical,6,12,E/B,8789
2020-06-08,53,06:58:00,Monday,Tapscott,Mechanical,6,12,E/B,3546
2020-06-08,14,07:00:00,Monday,CHAPLIN/EGLINTON,General Delay,10,30,B/W,
2020-06-08,36,07:09:00,Monday,Finch West Station,Mechanical,5,10,W/B,3367
2020-06-08,600,07:28:00,Monday,Victoria Park stn,Mechanical,1,1,S/B,1333
2020-06-08,110,08:30:00,Monday,Lakeshore and 12th street,Diversion,15,30,N/B,8427
2020-06-08,112,08:31:00,Monday,Dundas and Kipling,Investigation,17,34,S/B,8097
2020-06-08,52,08:44:00,Monday,Chiswick and Lawrence,Diversion,208,218,B/W,
2020-06-08,52,08:45:00,Monday,Brookhaven Dr. and Lawrence,Emergency Services,18,36,W/B,8371
2020-06-08,52,08:45:00,Monday,Brookhaven and Lawrence,Emergency Services,20,38,W/B,8319
2020-06-08,168,08:59:00,Monday,Old Weston and Rogers rd,Mechanical,10,20,S/B,3726
2020-06-08,39,09:45:00,Monday,Neilson and Finch,Mechanical,11,22,E/B,9074
2020-06-08,51,09:57:00,Monday,FRESHMEADOW/DON MILLS,Mechanical,27,54,S/B,8372
2020-06-08,60,10:00:00,Monday,Pioneer Village sttaion,Mechanical,9,19,W/B,3252
2020-06-08,57,10:10:00,Monday,Kennedy STN,Utilized Off Route,1,1,N/B,8920
2020-06-08,36,10:22:00,Monday,Finch and Jane,Emergency Services,5,10,E/B,3615
2020-06-08,38,10:27:00,Monday,Rouge Hill GO Station,Emergency Services,12,24,W/B,3521
2020-06-08,133,10:29:00,Monday,Scarborough Centre Station,Utilized Off Route,11,22,N/B,3451
2020-06-08,133,10:40:00,Monday,Scarborough Centre Station,Utilized Off Route,11,22,N/B,3469
2020-06-08,57,10:45:00,Monday,Kennedy STN,Utilized Off Route,1,1,N/B,8787
2020-06-08,133,10:51:00,Monday,Scarborough Centre Station,Utilized Off Route,11,22,N/B,3524
2020-06-08,43,11:05:00,Monday,Kennedy STN,Utilized Off Route,1,1,N/B,8694
2020-06-08,133,11:13:00,Monday,Scarborough Centre Station,Utilized Off Route,11,22,N/B,3471
2020-06-08,927,11:14:00,Monday,Steeles Loop,Utilized Off Route,7,14,N/B,3312
2020-06-08,133,11:24:00,Monday,Scarborough Centre Station,Utilized Off Route,11,22,N/B,3512
2020-06-08,53,11:31:00,Monday,Finch Station,Mechanical,13,26,E/B,9083
2020-06-08,133,11:34:00,Monday,Scarborough Centre Station,Utilized Off Route,11,22,N/B,3519
2020-06-08,63,11:40:00,Monday,ossington stn,Mechanical,5,10,N/B,1218
2020-06-08,927,12:08:00,Monday,Steeles Loop,Utilized Off Route,7,14,N/B,3310
2020-06-08,73,12:16:00,Monday,"On Weston, at Dee (Knob Hill)",Investigation,17,34,S/B,8432
2020-06-08,163,12:17:00,Monday,lawrence wstn,Mechanical,12,24,S/B,8154
2020-06-08,133,12:18:00,Monday,Scarborough Centre Station,Utilized Off Route,11,22,N/B,3435
2020-06-08,126,12:20:00,Monday,St Clair W Station,Mechanical,30,30,S/B,1128
2020-06-08,17,12:25:00,Monday,Siverstar and Finch,Investigation,13,26,N/B,3148
2020-06-08,86,12:30:00,Monday,Kennedy STN,Utilized Off Route,1,1,E/B,8855
2020-06-08,108,12:32:00,Monday,Finch & Driftwood,Mechanical,17,34,NB,3196
2020-06-08,927,12:42:00,Monday,Steeles Loop,Utilized Off Route,7,14,N/B,3315
2020-06-08,75,12:50:00,Monday,SHERBOURNE and Bloor,Utilized Off Route,1,1,N/B,8320
2020-06-08,52,13:15:00,Monday,Kipling and Dixon,Investigation,15,30,E/B,1363
2020-06-08,129,13:24:00,Monday,Scarborough Town Centre,Mechanical,0,0,N/B,3446
2020-06-08,69,13:43:00,Monday,Danforth snd Birchmount,Mechanical,15,30,S/B,8549
2020-06-08,75,14:07:00,Monday,SHERBOURNE and Bloor,Utilized Off Route,1,1,N/B,1355
2020-06-08,63,14:16:00,Monday,King and Shaw,Mechanical,5,10,N/B,1218
2020-06-08,134,14:28:00,Monday,Progress and Centennial College,Mechanical,15,30,S/B,3404
2020-06-08,43,14:29:00,Monday,Midland Ave/Steeles Ave E,Mechanical,10,20,S/B,8664
2020-06-08,75,14:29:00,Monday,SHERBOURNE and Bloor,Utilized Off Route,1,1,N/B,8107
2020-06-08,7,14:35:00,Monday,Bathurst & Lawrence,Mechanical,16,23,SB,8179
2020-06-08,54,14:44:00,Monday,Orton Park and Brimorton,Mechanical,13,26,E/B,8834
2020-06-08,7,14:51:00,Monday,bathurst & Sheppard,Mechanical,8,15,NB,8355
2020-06-08,95,14:56:00,Monday,Ellesmere/ Principal,Investigation,3,6,W/B,3439
2020-06-08,45,15:03:00,Monday,Albian & Kipling,Mechanical,12,24,N/B,7922
2020-06-08,108,15:06:00,Monday,Arrow garage POD Sheppard west stn,Late Leaving Garage - Mechanical,17,34,WB,3192
2020-06-08,927,15:13:00,Monday,Steels Loop,Mechanical,9,18,S/B,3340
2020-06-08,89,15:15:00,Monday,"On Weston Road, at Rogers",Mechanical,11,22,N/B,9027
2020-06-08,129,15:26:00,Monday,Scarborough Town Centre,Late Leaving Garage - Mechanical,5,10,N/B,9086
2020-06-08,116,15:26:00,Monday,Morningside Ave/Nightstar Rd,Late Leaving Garage - Mechanical,3,11,S/B,8950
2020-06-08,112,16:15:00,Monday,Kipling Station,Mechanical,14,28,N/B,8097
2020-06-08,96,16:36:00,Monday,York Mills Station,Mechanical,25,50,W/B,3288
2020-06-08,34,16:55:00,Monday,Eglinton Station,Mechanical,12,24,E/B,8930
2020-06-08,600,16:56:00,Monday,Jane and John,Investigation,1,1,N/B,1421
2020-06-08,600,16:59:00,Monday,Eglinton and Falmouth,Investigation,1,1,E/B,8736
2020-06-08,54,17:01:00,Monday,Eglinton Station,Utilized Off Route,13,26,E/B,8772
2020-06-08,32,17:32:00,Monday,Eglinton w and fairleigh cres,Mechanical,8,16,W/B,1046
2020-06-08,122,17:45:00,Monday,York Mills and Fenn,Investigation,14,28,E/B,8204
2020-06-08,22,18:00:00,Monday,Coxwell Station,Mechanical,8,16,S/B,8581
2020-06-08,90,18:32:00,Monday,St Clair west stn,Mechanical,6,12,W/B,1304
2020-06-08,54,18:35:00,Monday,Lawrence RT staion,Mechanical,13,26,E/B,8879
2020-06-08,133,19:05:00,Monday,Scarborough Town Centre,Utilized Off Route,1,1,E/B,1240
2020-06-08,163,19:20:00,Monday,Lawrence West Station,Investigation,13,26,S/B,8300
2020-06-08,52,19:24:00,Monday,Goreway Drive / Morning Star,Investigation,11,22,E/B,8341
2020-06-08,133,19:32:00,Monday,Scarborough Town Centre,Utilized Off Route,1,1,E/B,3457
2020-06-08,133,19:50:00,Monday,Scarborough Town Centre,Utilized Off Route,1,1,E/B,3487
2020-06-08,24,19:50:00,Monday,Victoria Park and Eglinton,Investigation,8,28,N/B,9213
2020-06-08,70,20:19:00,Monday,Victoria Park and Craigton,Investigation,22,44,N/B,8707
2020-06-08,167,20:21:00,Monday,Don Mills Station,Mechanical,30,60,N/B,8551
2020-06-08,133,21:11:00,Monday,Scarborough Town Centre,Utilized Off Route,0,0,E/B,3487
2020-06-08,98,21:18:00,Monday,Finch and Grantbrook,Mechanical,22,44,S/B,8108
2020-06-08,50,21:40:00,Monday,West Mall and Burnhamthorpe,Diversion,140,155,B/W,
2020-06-08,73,21:45:00,Monday,Albian & Shendale,Mechanical,17,34,N/B,8417
2020-06-08,41,23:36:00,Monday,Pioneer Village Station,Mechanical,22,44,S/B,9052
2020-06-08,87,23:55:00,Monday,Cosburn and Donland,Mechanical,11,22,E/B,3115
2020-06-09,300,03:41:00,Tuesday,Danforth/Danforth,Mechanical,17,34,W/B,8440
2020-06-09,14,04:00:00,Tuesday,CHAPLIN/EGLINTON,Diversion,999,999,B/W,
2020-06-09,53,05:24:00,Tuesday,Markham and Passmore,Late Leaving Garage - Mechanical,9,18,W/B,9080
2020-06-09,60,05:33:00,Tuesday,Jane and Steeles,Vision,8,16,E/B,3271
2020-06-09,91,05:33:00,Tuesday,Valley woods  rd,Late Leaving Garage - Mechanical,12,24,,8654
2020-06-09,39,05:33:00,Tuesday,Baldoon and Finch,Late Leaving Garage - Operator,10,20,W/B,9090
2020-06-09,21,05:35:00,Tuesday,Brimley and Steeles,Late Leaving Garage - Management,20,37,S/B,3547
2020-06-09,43,05:49:00,Tuesday,Kennedy STN,Late Leaving Garage - Management,10,20,N/B,8638
2020-06-09,32,05:49:00,Tuesday,Emmet,Late Leaving Garage - Management,12,12,E/B,1106
2020-06-09,96,06:00:00,Tuesday,Weston & Wilson,Mechanical,8,16,E/B,3707
2020-06-09,67,06:01:00,Tuesday,RANNOCK ST & PHRAMACY,Management,23,46,S/B,
2020-06-09,43,06:19:00,Tuesday,Kennedy STN,Late Leaving Garage - Mechanical,10,20,N/B,8920
2020-06-09,39,06:20:00,Tuesday,Finch Station,Late Leaving Garage - Operator,10,15,E/B,9058
2020-06-09,120,06:35:00,Tuesday,Gilly and Ancaster,Diversion,999,999,W/B,3347
2020-06-09,39,06:40:00,Tuesday,Finch Station,Late Leaving Garage - Operator,15,30,E/B,9077
2020-06-09,113,06:53:00,Tuesday,Main Station,Mechanical,12,24,E/B,8519
2020-06-09,60,07:42:00,Tuesday,Pioneer Village stn,Mechanical,8,16,W/B,9130
2020-06-09,14,08:00:00,Tuesday,CHAPLIN/EGLINTON,General Delay,10,30,B/W,
2020-06-09,63,08:18:00,Tuesday,king / atlantic,Mechanical,4,8,N/B,1228
2020-06-09,11,08:23:00,Tuesday,BAYVIEW/LAWRENCE,Mechanical,16,32,N/B,8119
2020-06-09,53,08:28:00,Tuesday,Steeles / Birchmount,Mechanical,7,13,W/B,9074
2020-06-09,161,08:47:00,Tuesday,bloor / dovercourt,Diversion,1,1,NB,3733
2020-06-09,45,09:38:00,Tuesday,Kipling stn,Mechanical,14,28,N/B,3340
2020-06-09,32,09:53:00,Tuesday,Yonge,Mechanical,11,22,W/B,1092
2020-06-09,102,10:05:00,Tuesday,Warden Station,Utilized Off Route,20,30,N/B,8596
2020-06-09,23,10:09:00,Tuesday,Main Station,Mechanical,10,20,E/B,3100
2020-06-09,57,10:10:00,Tuesday,Kennedy STN,Utilized Off Route,1,1,N/B,8878
2020-06-09,17,10:28:00,Tuesday,Warden Station,Utilized Off Route,13,26,N/B,8590
2020-06-09,133,10:29:00,Tuesday,Scarborough Centre Station,Utilized Off Route,11,22,N/B,3503
2020-06-09,84,10:40:00,Tuesday,Jane and Sheppard,Mechanical,8,16,W/B,3280
2020-06-09,94,10:46:00,Tuesday,OSSINGTON STATION,Mechanical,15,30,E/B,1009
2020-06-09,43,10:49:00,Tuesday,Kennedy Rd/Ellesmere Rd,Diversion,15,30,N/B,
2020-06-09,165,10:49:00,Tuesday,yorkmills stn,Mechanical,12,24,W/B,3635
2020-06-09,133,10:51:00,Tuesday,Scarborough Centre Station,Utilized Off Route,11,22,N/B,3535
2020-06-09,60,10:59:00,Tuesday,Finch stn,Mechanical,8,16,W/B,3612
2020-06-09,95,11:02:00,Tuesday,York Mill station,Emergency Services,20,40,E/B,1339
2020-06-09,36,11:04:00,Tuesday,Finch west stn,Mechanical,5,10,W/B,3645
2020-06-09,43,11:05:00,Tuesday,Kennedy STN,Utilized Off Route,1,1,N/B,8783
2020-06-09,12,11:06:00,Tuesday,Kennedy Station,Mechanical,25,50,W/B,8575
2020-06-09,22,11:11:00,Tuesday,coxwell station,Mechanical,7,14,,8958
2020-06-09,133,11:13:00,Tuesday,Scarborough Centre Station,Utilized Off Route,11,22,N/B,3472
2020-06-09,162,11:30:00,Tuesday,LAWRENCE STATION,Mechanical,30,60,E/B,8126
2020-06-09,133,11:34:00,Tuesday,Scarborough Centre Station,Utilized Off Route,11,22,N/B,3455
2020-06-09,133,11:56:00,Tuesday,Scarborough Centre Station,Utilized Off Route,11,22,N/B,3567
2020-06-09,36,12:00:00,Tuesday,Finch / Hwy 27,Mechanical,5,10,W/B,9112
2020-06-09,84,12:11:00,Tuesday,Bradstock and Weston Road,Mechanical,8,16,E/B,3646
2020-06-09,84,12:20:00,Tuesday,Jane and Sheppard,Mechanical,8,16,W/B,3284
2020-06-09,80,12:37:00,Tuesday,Sherway Gardens,Mechanical,20,40,E/B,8054
2020-06-09,20,12:41:00,Tuesday,Kennedy Station,Mechanical,20,40,W/B,8550
2020-06-09,53,12:53:00,Tuesday,Steeles / Leslie,Mechanical,7,13,eb,9057
2020-06-09,133,13:26:00,Tuesday,Tapscott and finch,Utilized Off Route,9,18,S/B,3561
2020-06-09,43,13:34:00,Tuesday,Kennedy STN,Mechanical,10,20,N/B,8817
2020-06-09,53,14:05:00,Tuesday,Steeles / Markham,Mechanical,7,13,eb,9066
2020-06-09,54,14:15:00,Tuesday,LRT STATION,Utilized Off Route,14,28,W/B,8791
2020-06-09,927,14:16:00,Tuesday,HWY 27 AND HUMBER COLLEGE,Investigation,9,18,N/B,3333
2020-06-09,39,14:20:00,Tuesday,Finch station,Mechanical,8,16,E/B,1401
2020-06-09,66,14:25:00,Tuesday,Old Mill Station,Mechanical,24,48,S/B,8052
2020-06-09,47,14:37:00,Tuesday,Queen and Lansdowne,Mechanical,8,16,S/B,1133
2020-06-09,927,14:41:00,Tuesday,Kipling stn,Mechanical,9,18,N/B,3196
2020-06-09,97,14:45:00,Tuesday,Steeles and Hilda,Mechanical,30,60,S/B,8219
2020-06-09,25,14:48:00,Tuesday,Pape Station,Mechanical,10,20,N/B,8811
2020-06-09,73,14:51:00,Tuesday,"On La Rose, at Scarlett",Mechanical,24,52,E/B,8023
2020-06-09,75,14:58:00,Tuesday,SHERBOURNE and Lakeshore,Mechanical,10,20,S/B,8216
2020-06-09,6,15:04:00,Tuesday,BAY - Queens Quay and Lower Jarvis,Mechanical,15,30,N/B,1029
2020-06-09,97,15:20:00,Tuesday,Yong and Lawrence SB,Mechanical,30,60,E/B,1213
2020-06-09,102,15:29:00,Tuesday,Painted Post,Investigation,22,44,N/B,8964
2020-06-09,88,15:30:00,Tuesday,st clair station,Mechanical,6,12,W/B,1307
2020-06-09,122,16:19:00,Tuesday,York Mills Stn,Mechanical,14,28,E/B,8141
2020-06-09,47,16:50:00,Tuesday,Lansdowne Station,Mechanical,8,16,S/B,1267
2020-06-09,54,17:01:00,Tuesday,Eglinton Station,Utilized Off Route,12,25,E/B,8766
2020-06-09,85,17:17:00,Tuesday,Bay Mills Ave and Sheppard Ave E,Mechanical,13,26,W/B,9097
2020-06-09,24,17:24:00,Tuesday,Victoria Park and Steeles,Mechanical,10,29,S/B,3139
2020-06-09,39,18:20:00,Tuesday,Markham Road,Mechanical,8,16,W/B,9077
2020-06-09,97,18:37:00,Tuesday,Yonge and College,Diversion,30,30,S/B,8376
2020-06-09,73,18:45:00,Tuesday,"On Royal York, at Edgehill Road",Mechanical,17,34,N/B,7932
2020-06-09,6,18:45:00,Tuesday,BAY and Queen,Diversion,15,20,N/B,1132
2020-06-09,16,18:58:00,Tuesday,St.Clair and Danforth,Diversion,37,52,N/B,
2020-06-09,62,19:21:00,Tuesday,Mortimer/Leroy,Diversion,18,38,W/B,8502
2020-06-09,161,19:29:00,Tuesday,Keele and Rogers,Diversion,30,241,B/W,1149
2020-06-09,41,19:32:00,Tuesday,Old Weston & Rogers,Diversion,,,N/B,
2020-06-09,168,19:45:00,Tuesday,Old Weston and Rogers,Diversion,195,210,B/W,
2020-06-09,54,19:47:00,Tuesday,Lawrence and Kennedy,Emergency Services,16,28,E/B,8772
2020-06-09,54,20:00:00,Tuesday,Lawrence and DonMills,Investigation,15,31,E/B,8697
2020-06-09,163,20:32:00,Tuesday,Lawrence West Station,Mechanical,13,26,N/B,8196
2020-06-09,133,20:35:00,Tuesday,stc,Utilized Off Route,11,22,S/B,3523
2020-06-09,78,20:50:00,Tuesday,Upper Canada Drive and Lord Seaton,Mechanical,15,30,E/B,8305
2020-06-09,63,21:56:00,Tuesday,Atlantic and King,Mechanical,10,22,N/B,1399
2020-06-09,120,22:05:00,Tuesday,Wilson Station,Mechanical,30,60,EB,3613
2020-06-09,23,22:12:00,Tuesday,Main and Danforth,Diversion,110,125,S/B,9203
2020-06-09,113,22:15:00,Tuesday,Main and Danforth,Diversion,120,140,W/B,3157
2020-06-09,20,22:21:00,Tuesday,Main St and Danforth Ave,Diversion,110,130,W/B,9232
2020-06-09,12,22:21:00,Tuesday,Brimley and Comire Terrace,Diversion,230,253,E/B,8599
2020-06-09,85,22:42:00,Tuesday,Meadowvale Loop,Investigation,8,16,W/B,9075
2020-06-09,96,23:18:00,Tuesday,Albion and Humberline Loop,Diversion,23,35,S/B,3254
2020-06-10,133,00:18:00,Wednesday,Neilson and Sheppard,Investigation,13,26,W/B,3567
2020-06-10,89,00:40:00,Wednesday,High Park stn,Mechanical,10,20,N/B,1101
2020-06-10,307,01:35:00,Wednesday,Bathrust and College,Investigation,1,1,S/B,1122
2020-06-10,302,02:05:00,Wednesday,Anson and Brimley,Diversion,234,264,B/W,
2020-06-10,307,03:20:00,Wednesday,Bathrust and Dundas,Mechanical,30,60,N/B,1237
2020-06-10,395,04:00:00,Wednesday,York Mills Station,Investigation,30,60,E/B,8740
2020-06-10,36,05:20:00,Wednesday,Humberwood Loop,Mechanical,10,30,E/B,3214
2020-06-10,52,05:50:00,Wednesday,Avenue Road and Lawrence,Mechanical,29,29,W/B,1328
2020-06-10,52,06:10:00,Wednesday,Culford and Lawrence,Diversion,32,43,E/B,
2020-06-10,16,06:25:00,Wednesday,Birchmount/St.Clair,Mechanical,10,20,N/B,8555
2020-06-10,60,06:55:00,Wednesday,Finch stn,Mechanical,8,16,W/B,3312
2020-06-10,95,06:58:00,Wednesday,Kingston road cul -de-sac,Mechanical,8,16,E/B,1663
2020-06-10,74,07:15:00,Wednesday,St Clair Station,Mechanical,15,30,N/B,8159
2020-06-10,106,07:44:00,Wednesday,Sentinel and Grand Ravine,Mechanical,8,17,N/B,1395
2020-06-10,24,08:15:00,Wednesday,Steeles/Victoria Park,Mechanical,9,19,S/B,9229
2020-06-10,122,08:16:00,Wednesday,York Mills station,Mechanical,15,30,E/B,1372
2020-06-10,17,09:23:00,Wednesday,Warden Station,Utilized Off Route,13,26,N/B,3106
2020-06-10,102,09:25:00,Wednesday,Warden Station,Utilized Off Route,10,30,N/B,8469
2020-06-10,116,09:33:00,Wednesday,Kennedy STN,Utilized Off Route,1,1,E/B,8899
2020-06-10,102,09:35:00,Wednesday,Warden Station,Utilized Off Route,20,30,N/B,3131
2020-06-10,102,09:55:00,Wednesday,Warden Station,Utilized Off Route,10,30,N/B,3126
2020-06-10,57,10:10:00,Wednesday,Kennedy STN,Utilized Off Route,1,1,N/B,8796
2020-06-10,32,10:12:00,Wednesday,Pine and Lawrence,Mechanical,10,20,W/B,1042
2020-06-10,17,10:15:00,Wednesday,Warden Station,Utilized Off Route,13,26,N/B,8581
2020-06-10,22,10:24:00,Wednesday,coxwell station,Mechanical,7,14,,8493
2020-06-10,133,10:29:00,Wednesday,.Scarborough Centre Station,Utilized Off Route,11,22,N/B,3422
2020-06-10,133,10:40:00,Wednesday,Scarborough Centre Station,Utilized Off Route,11,22,N/B,3508
2020-06-10,57,10:45:00,Wednesday,Kennedy STN,Utilized Off Route,1,1,N/B,8831
2020-06-10,16,10:49:00,Wednesday,Warden Station,Utilized Off Route,13,26,N/B,8516
2020-06-10,133,10:51:00,Wednesday,Scarborough Centre Station,Utilized Off Route,11,22,N/B,3402
2020-06-10,133,11:02:00,Wednesday,Scarborough Centre Station,Utilized Off Route,11,22,N/B,3564
2020-06-10,43,11:05:00,Wednesday,Kennedy STN,Utilized Off Route,1,1,N/B,8790
2020-06-10,85,11:19:00,Wednesday,Sheppard and Birchmount,Utilized Off Route,15,22,E/B,9069
2020-06-10,133,11:24:00,Wednesday,Scarborough Centre Station,Utilized Off Route,11,22,N/B,3494
2020-06-10,16,11:28:00,Wednesday,Warden Station,Utilized Off Route,13,26,N/B,3150
2020-06-10,106,11:32:00,Wednesday,Sheppard West Station,Mechanical,13,26,N/B,8341
2020-06-10,96,11:32:00,Wednesday,Jane and Wilson,Mechanical,24,48,E/B,3582
2020-06-10,133,11:34:00,Wednesday,Scarborough Centre Station,Utilized Off Route,10,21,N/B,3432
2020-06-10,14,12:15:00,Wednesday,davisville stn,Mechanical,24,48,E/B,1625
2020-06-10,133,12:29:00,Wednesday,Scarborough Centre Station,Utilized Off Route,11,22,N/B,3452
2020-06-10,32,12:35:00,Wednesday,Jane and Trethewey,Mechanical,18,18,E/B,1089
2020-06-10,36,12:47:00,Wednesday,Humberwood Loop,Investigation,5,10,E/B,9121
2020-06-10,109,12:52:00,Wednesday,Bathurst and Hotspur,Investigation,15,30,W/B,8376
2020-06-10,84,13:32:00,Wednesday,Sheppard West Stn.,Mechanical,8,16,E/B,3646
2020-06-10,52,13:44:00,Wednesday,Lawrence West Stn.,Mechanical,15,30,E/B,8156
2020-06-10,29,13:45:00,Wednesday,Wilson  upper station,Mechanical,15,23,SB,9037
2020-06-10,112,14:00:00,Wednesday,DUNDAS AND EASTMALL,Mechanical,24,48,N/B,8045
2020-06-10,79,14:20:00,Wednesday,Chapman and Scarlett,Emergency Services,9,18,N/B,1127
2020-06-10,54,14:21:00,Wednesday,Lawrence and Warden,Mechanical,14,28,E/B,8787
2020-06-10,11,14:30:00,Wednesday,davisville station,Mechanical,13,26,W/B,1382
2020-06-10,169,14:32:00,Wednesday,Don Mills Station,Mechanical,30,60,E/B,8302
2020-06-10,39,14:35:00,Wednesday,Little/ swells,Mechanical,9,18,W/B,3509
2020-06-10,135,14:40:00,Wednesday,Warden Station,Mechanical,20,40,W/B,3163
2020-06-10,75,14:48:00,Wednesday,SHERBOURNE - South Drive and Glen Road,Utilized Off Route,1,1,S/B,1301
2020-06-10,41,14:50:00,Wednesday,Old Weston & St Clair W,Mechanical,12,24,NB,9018
2020-06-10,52,14:54:00,Wednesday,Lawrence Station,Mechanical,15,32,W/B,1282
2020-06-10,68,14:55:00,Wednesday,Warden and steels,Late Leaving Garage - Mechanical,24,48,S/B,8646
2020-06-10,102,15:13:00,Wednesday,Warden Station,Mechanical,15,32,E/B,8540
2020-06-10,161,15:19:00,Wednesday,jane and alliance,Late Leaving Garage - Vision,23,46,E/B,1000
2020-06-10,56,15:20:00,Wednesday,donlands stn,Mechanical,20,40,E/B,1234
2020-06-10,85,15:31:00,Wednesday,Don Mills Station,Mechanical,13,26,E/B,9012
2020-06-10,52,15:37:00,Wednesday,Lawrence West Station,Investigation,12,23,W/B,8136
2020-06-10,163,15:37:00,Wednesday,lawrence west station,Investigation,1,1,S/B,1275
2020-06-10,75,15:47:00,Wednesday,SHERBOURNE and Shuter,Investigation,9,18,N/B,8106
2020-06-10,32,15:55:00,Wednesday,Eglinton Stn,Mechanical,12,24,W/B,1033
2020-06-10,96,15:59:00,Wednesday,wilson station,Mechanical,1,1,W/B,3645
2020-06-10,32,16:05:00,Wednesday,Keele and eglinton w,Mechanical,8,16,E/B,1021
2020-06-10,6,16:06:00,Wednesday,BAY - Davenport and Dupont,Mechanical,10,20,S/B,3730
2020-06-10,88,16:08:00,Wednesday,st. clair station,Mechanical,7,15,E/B,1309
2020-06-10,85,16:17:00,Wednesday,Don Mills Station,Mechanical,17,34,E/B,3426
2020-06-10,32,16:18:00,Wednesday,Jane and Emmett,Mechanical,8,16,E/B,1147
2020-06-10,53,16:47:00,Wednesday,Passmore and Markham,Mechanical,6,12,WB,9009
2020-06-10,161,16:54:00,Wednesday,Ossington Station,Mechanical,23,46,N/B,1003
2020-06-10,70,16:57:00,Wednesday,Bexhill and St.Clair,Diversion,39,56,E/B,
2020-06-10,34,17:00:00,Wednesday,bayview & eglinton,Mechanical,14,28,E/B,8881
2020-06-10,54,17:01:00,Wednesday,Eglinton Station,Utilized Off Route,12,25,E/B,8640
2020-06-10,42,17:15:00,Wednesday,Finch station,Mechanical,7,14,W/B,8163
2020-06-10,52,17:56:00,Wednesday,Lawrence West,Mechanical,12,23,E/B,8156
2020-06-10,102,18:00:00,Wednesday,Markham and Major Mac,Investigation,22,44,S/B,8559
2020-06-10,57,18:08:00,Wednesday,Silverstone Blvd and Steeles,Emergency Services,14,24,S/B,8880
2020-06-10,102,18:10:00,Wednesday,Markham and Eglinton,Mechanical,22,44,N/B,3131
2020-06-10,89,18:11:00,Wednesday,"On Weston, at Oak",Investigation,11,22,N/B,9146
2020-06-10,116,18:18:00,Wednesday,Kennedy Station,Mechanical,34,68,E/B,8838
2020-06-10,52,18:35:00,Wednesday,Lawrence West,Mechanical,12,23,E/B,8140
2020-06-10,125,19:33:00,Wednesday,Finch station,Investigation,15,30,W/B,1226
2020-06-10,68,19:44:00,Wednesday,warden and steels,Investigation,12,24,S/B,8834
2020-06-10,67,20:14:00,Wednesday,Pharmacy and Ellesmere,Mechanical,17,34,S/B,8844
2020-06-10,133,20:35:00,Wednesday,STC,Utilized Off Route,11,22,S/B,1674
2020-06-10,53,21:11:00,Wednesday,Steeles and Birchmount,Mechanical,22,44,WB,9047
2020-06-10,36,21:26:00,Wednesday,Finch West Station,Late Leaving Garage - Mechanical,8,16,WB,3320
2020-06-10,14,22:40:00,Wednesday,Chaplin and Oriole Parkway,Investigation,40,80,E/B,1625
2020-06-10,14,22:40:00,Wednesday,Chaplin crescent and Oriole Pkwy,Diversion,166,206,B/W,
2020-06-10,39,22:50:00,Wednesday,Old Finch and Littles,Mechanical,18,36,W/B,3467
2020-06-10,20,22:58:00,Wednesday,Park and Anneke,Diversion,153,173,W/B,3169
2020-06-10,163,23:10:00,Wednesday,Glenhurst and Oakwood,Diversion,14,93,N/B,8122
2020-06-10,161,23:20:00,Wednesday,Glenhurst and Oakwood,Diversion,30,108,N/B,1406
2020-06-11,71,01:00:00,Thursday,Runnymede stn,Mechanical,20,40,S/B,1586
2020-06-11,329,04:32:00,Thursday,DUFFERIN ST & APEX DR,Investigation,30,60,S/B,9051
2020-06-11,307,04:40:00,Thursday,Dundas and Bathurst,Investigation,30,60,N/B,1237
2020-06-11,52,04:57:00,Thursday,Lawrence west station,Mechanical,28,28,W/B,8123
2020-06-11,29,05:13:00,Thursday,Dupont & Dufferin,Mechanical,8,16,S/B,9041
2020-06-11,76,05:22:00,Thursday,Evans and Royal York,Mechanical,20,38,S/B,7931
2020-06-11,9,05:48:00,Thursday,Lawrence /Bellamy,Emergency Services,18,36,N/B,9215
2020-06-11,60,06:19:00,Thursday,Signet Hill Dr,Mechanical,8,16,N/B,9111
2020-06-11,43,06:29:00,Thursday,Kennedy STN,Investigation,10,20,N/B,8904
2020-06-11,52,06:35:00,Thursday,Lawrence West Station,Mechanical,12,22,E/B,1222
2020-06-11,53,06:43:00,Thursday,Markham / Passmore,Mechanical,9,18,W/B,9097
2020-06-11,36,07:08:00,Thursday,Humberwood Loop,Mechanical,5,10,E/B,9105
2020-06-11,76,07:17:00,Thursday,Royal York Station,Mechanical,1,30,S/B,8456
2020-06-11,12,07:24:00,Thursday,Victoria Park Station,Mechanical,20,40,E/B,8552
2020-06-11,46,07:53:00,Thursday,Martingrove and Rexdale,Mechanical,11,22,N/B,3707
2020-06-11,66,07:55:00,Thursday,Old Mill Station,Mechanical,10,20,S/B,8029
2020-06-11,42,08:15:00,Thursday,Finch Station,Mechanical,16,32,E/B,8156
2020-06-11,72,08:25:00,Thursday,PAPE STATION,Utilized Off Route,0,0,N/B,8515
2020-06-11,88,08:29:00,Thursday,Wicksteed,Mechanical,14,28,W/B,1370
2020-06-11,36,08:30:00,Thursday,Finch / Arrow,Mechanical,5,10,E/B,9117
2020-06-11,76,08:40:00,Thursday,Royal York Station,Investigation,6,12,S/B,8054
2020-06-11,52,08:45:00,Thursday,Victoria Park and Lawrence,Diversion,35,45,W/B,
2020-06-11,54,08:48:00,Thursday,Bayview and Eglinton,Investigation,10,21,E/B,8848
2020-06-11,86,08:49:00,Thursday,Kennedy STN,Late Leaving Garage - Mechanical,10,17,E/B,8790
2020-06-11,76,08:58:00,Thursday,Royal York Station,Investigation,2,5,S/B,7953
2020-06-11,15,09:00:00,Thursday,royal york station,Investigation,15,30,S/B,7974
2020-06-11,48,09:00:00,Thursday,Royal york station,Investigation,17,32,S/B,7947
2020-06-11,95,09:22:00,Thursday,Ellesmere and Markham,Investigation,23,47,W/B,3464
2020-06-11,116,09:33:00,Thursday,Kennedy STN,Utilized Off Route,1,1,E/B,8764
2020-06-11,52,09:35:00,Thursday,Lawrence Station,Late Leaving Garage - Mechanical,15,30,W/B,8364
2020-06-11,95,10:09:00,Thursday,York Mills and Fenside,Investigation,1,1,E/B,1327
2020-06-11,57,10:10:00,Thursday,Kennedy STN,Utilized Off Route,1,1,N/B,8738
2020-06-11,16,10:10:00,Thursday,Warden Station,Utilized Off Route,13,26,N/B,8469
2020-06-11,20,10:15:00,Thursday,Kennedy Station,Investigation,20,40,W/B,3164
2020-06-11,16,10:28:00,Thursday,Warden Station,Utilized Off Route,13,26,N/B,3133
2020-06-11,133,10:29:00,Thursday,Scarborough Centre Station,Utilized Off Route,11,22,N/B,3519
2020-06-11,20,10:33:00,Thursday,Kennedy Station,Investigation,20,40,W/B,9201
2020-06-11,84,10:38:00,Thursday,Sheppard Station,Investigation,8,16,W/B,3212
2020-06-11,133,10:40:00,Thursday,Scarborough Centre Station,Utilized Off Route,11,22,N/B,3418
2020-06-11,57,10:45:00,Thursday,Kennedy STN,Utilized Off Route,1,1,N/B,8877
2020-06-11,133,10:51:00,Thursday,Scarborough Centre Station,Utilized Off Route,11,22,N/B,3465
2020-06-11,43,11:05:00,Thursday,Kennedy STN,Utilized Off Route,1,1,N/B,8729
2020-06-11,54,11:10:00,Thursday,Warden and Lawrence,Utilized Off Route,14,28,W/B,8856
2020-06-11,133,11:13:00,Thursday,Scarborough Centre Station,Utilized Off Route,11,22,N/B,3504
2020-06-11,54,11:25:00,Thursday,The Donway W. and Lawrence,Emergency Services,14,28,E/B,8629
2020-06-11,54,11:30:00,Thursday,The Donway West and Lawrence,Diversion,90,104,W/B,
2020-06-11,43,12:24:00,Thursday,Kennedy STN,Utilized Off Route,1,1,N/B,8904
2020-06-11,7,12:25:00,Thursday,Bathurst Station,Mechanical,8,16,N/B,8176
2020-06-11,102,12:33:00,Thursday,Markham rd and Pandora circle,Investigation,20,40,N/B,8591
2020-06-11,94,13:19:00,Thursday,WELLESLEY - Wellesley Station,Investigation,15,30,W/B,1614
2020-06-11,100,14:05:00,Thursday,FLEMINGDON PARK - Broadview Station,Utilized Off Route,9,18,N/B,8685
2020-06-11,133,14:08:00,Thursday,STC,Utilized Off Route,11,22,E/B,3538
2020-06-11,32,14:27:00,Thursday,keele and eglinton,Mechanical,10,20,W/B,1036
2020-06-11,20,14:30:00,Thursday,Main Station,Mechanical,20,40,E/B,3139
2020-06-11,45,14:45:00,Thursday,KIPLING AND RATHBURN,Diversion,50,40,B/W,
2020-06-11,46,14:45:00,Thursday,Kipling and Rathburn,Diversion,55,40,B/W,
2020-06-11,600,14:47:00,Thursday,Bathurst at Green,Mechanical,8,15,S/B,1103
2020-06-11,41,14:50:00,Thursday,Murray Rose at Leitch,Diversion,40,52,B/W,
2020-06-11,133,14:51:00,Thursday,STC,Utilized Off Route,10,20,E/B,3494
2020-06-11,61,15:00:00,Thursday,bombay loop,Mechanical,18,36,N/B,1277
2020-06-11,36,15:18:00,Thursday,Finch west stn,Mechanical,5,10,W/B,9131
2020-06-11,40,15:23:00,Thursday,"On Bloor, at Dunbloor",Diversion,262,277,B/W,
2020-06-11,75,15:37:00,Thursday,SHERBOURNE - South and Glen,Utilized Off Route,1,1,S/B,1362
2020-06-11,85,15:52:00,Thursday,Don Mills Station,Mechanical,13,26,E/B,3493
2020-06-11,133,16:01:00,Thursday,Morningside and Old Finch,Utilized Off Route,8,16,S/B,3516
2020-06-11,16,16:10:00,Thursday,Warden Station,Investigation,10,20,E/B,3166
2020-06-11,63,16:13:00,Thursday,Oakwood Loop at St.Clair and Oakwood,Mechanical,5,10,N/B,1346
2020-06-11,46,16:35:00,Thursday,Kipling stn,Investigation,11,22,N/B,3303
2020-06-11,24,16:39:00,Thursday,Victoria Park and Crescent Town,Investigation,10,30,N/B,8499
2020-06-11,50,16:59:00,Thursday,"Mill Road Loop, at Burnamthorpe",Mechanical,17,34,E/B,8611
2020-06-11,67,17:12:00,Thursday,Pharmacy and Ellesmere,Mechanical,10,20,S/B,8681
2020-06-11,63,17:31:00,Thursday,Ossington and College,Investigation,5,10,N/B,8376
2020-06-11,102,17:32:00,Thursday,Warden station,Mechanical,22,44,E/B,8957
2020-06-11,74,18:25:00,Thursday,St. Clair Station,Mechanical,17,34,E/B,8154
2020-06-11,69,18:30:00,Thursday,Birchmount and Mack,Mechanical,10,20,N/B,8571
2020-06-11,69,18:30:00,Thursday,Warden Station,Mechanical,10,20,S/B,3149
2020-06-11,54,18:32:00,Thursday,Orton Park and Lawrence,Mechanical,12,23,W/B,8845
2020-06-11,78,18:32:00,Thursday,Carluke and Fifeshire,Mechanical,15,30,W/B,8391
2020-06-11,102,18:38:00,Thursday,Warden Station,Mechanical,22,44,E/B,3110
2020-06-11,600,18:45:00,Thursday,Bathurst at Bedford park,Mechanical,8,15,S/B,1077
2020-06-11,108,18:57:00,Thursday,Driftwood at Jane,Mechanical,9,17,W/B,7250
2020-06-11,135,19:15:00,Thursday,Gerrard and Blantyre,Diversion,423,393,E/B,
2020-06-11,54,19:26:00,Thursday,StarSpray,Utilized Off Route,15,31,W/B,8805
2020-06-11,104,20:21:00,Thursday,Dufferin / Finch,Mechanical,22,44,N/B,8207
2020-06-11,56,20:36:00,Thursday,Eglinton Station,Mechanical,22,44,N/B,8331
2020-06-11,64,20:50:00,Thursday,Queen and Wineva,Investigation,10,20,N/B,8537
2020-06-11,17,20:58:00,Thursday,Warden Station,Utilized Off Route,15,30,E/B,3128
2020-06-11,96,21:08:00,Thursday,Carrier Loop,Mechanical,15,35,E/B,3606
2020-06-11,21,21:20:00,Thursday,Steeles and Brimley,Mechanical,14,24,S/B,3512
2020-06-11,59,21:26:00,Thursday,Gary and Yelland (CN Rail Track),Diversion,124,154,W/B,3649
2020-06-11,63,21:40:00,Thursday,Ossington Station,Investigation,6,12,N/B,8304
2020-06-11,122,22:45:00,Thursday,York Mills Station,Investigation,30,60,3e,8142
2020-06-11,98,23:13:00,Thursday,Drewry and Cactus,Mechanical,22,44,S/B,8114
2020-06-12,86,00:32:00,Friday,Kingston and Morningside,Mechanical,15,30,E/B,8806
2020-06-12,14,04:00:00,Friday,CHAPLIN/EGLINTON,Diversion,999,999,B/W,
2020-06-12,320,05:19:00,Friday,BAYST & HARBOUR ST,Mechanical,7,14,S/B,1395
2020-06-12,300,05:20:00,Friday,MAIN/DANFORTH,Investigation,17,37,E/B,8463
2020-06-12,135,05:30:00,Friday,Gerrard/Blantyre Ave.,Diversion,20,40,E/B,8400
2020-06-12,61,05:50:00,Friday,BOMBAY LOOP,Mechanical,12,24,N/B,8196
2020-06-12,129,05:52:00,Friday,McCowan/Finch,Mechanical,8,13,N/B,3493
2020-06-12,11,06:00:00,Friday,STEELES/BAYVIEW,Mechanical,16,16,S/B,1374
2020-06-12,109,06:14:00,Friday,Varna and Flemington,Diversion,16,25,B/W,
2020-06-12,7,06:18:00,Friday,Kenton & Bathurst,Mechanical,10,20,S/B,8106
2020-06-12,60,06:19:00,Friday,Signal Hill,Vision,9,18,E/B,9134
2020-06-12,97,06:20:00,Friday,Donwood and Yonge St,Diversion,145,205,B/W,
2020-06-12,36,06:31:00,Friday,Finch west stn,Investigation,9,18,W/B,3709
2020-06-12,32,06:34:00,Friday,Emmet Ave and Verona Ave,Mechanical,6,21,W/B,1553
2020-06-12,14,07:00:00,Friday,CHAPLIN/EGLINTON,General Delay,10,30,B/W,
2020-06-12,41,07:05:00,Friday,Keele & Finch,Mechanical,15,30,S/B,9055
2020-06-12,96,07:45:00,Friday,York Mills Station,Utilized Off Route,12,24,W/B,3199
2020-06-12,89,07:56:00,Friday,Keele and Dundas,Investigation,7,20,S/B,9025
2020-06-12,21,08:01:00,Friday,Brimley/Progress,Investigation,10,20,N/B,3407
2020-06-12,129,08:04:00,Friday,Major Mackenzie/Ridgecrest,Emergency Services,20,35,S/B,3532
2020-06-12,96,08:20:00,Friday,Humberline,Utilized Off Route,12,24,E/B,3238
2020-06-12,97,08:22:00,Friday,Yonge St and Queen Quay,Emergency Services,30,60,N/B,1314
2020-06-12,117,09:44:00,Friday,Sheppard and the Allen,Mechanical,20,40,W/B,1246
2020-06-12,96,09:55:00,Friday,York Mills Station,Utilized Off Route,12,24,W/B,3636
2020-06-12,133,10:29:00,Friday,Scarborough Centre Station,Utilized Off Route,11,22,N/B,3524
2020-06-12,105,10:47:00,Friday,Sheppard West Station,Mechanical,17,34,N/B,8197
2020-06-12,133,10:51:00,Friday,Scarborough Centre Station,Utilized Off Route,11,22,N/B,3498
2020-06-12,80,10:54:00,Friday,High Park Stn,Mechanical,20,40,W/B,8086
2020-06-12,32,10:59:00,Friday,Caledonia on Eglinton,Investigation,11,22,E/B,1053
2020-06-12,86,11:04:00,Friday,Meadowvale and Sheppard,Investigation,10,21,E/B,8760
2020-06-12,133,11:13:00,Friday,Scarborough Centre Station,Utilized Off Route,11,22,N/B,3522
2020-06-12,32,11:42:00,Friday,Pine and lawrence ave west,Mechanical,11,22,E/B,1027
2020-06-12,133,11:56:00,Friday,Scarborough Centre Station,Utilized Off Route,11,22,N/B,3425
2020-06-12,71,12:04:00,Friday,Windermere Place,Mechanical,10,20,S/B,1633
2020-06-12,600,12:20:00,Friday,SHERBOURNE and Shuter,Investigation,1,1,N/B,8137
2020-06-12,16,12:42:00,Friday,STc,Investigation,13,26,S/B,8477
2020-06-12,51,13:10:00,Friday,fresh meadow & steeles,Mechanical,257,54,E/B,8104
2020-06-12,131,13:16:00,Friday,Nugget and Markham,Mechanical,13,26,E/B,1336
2020-06-12,89,13:24:00,Friday,High Park Station,Mechanical,11,22,N/B,9027
2020-06-12,133,13:32:00,Friday,Morningside and Old Finch,Utilized Off Route,11,22,S/B,3541
2020-06-12,133,13:46:00,Friday,Neilson and Tapscott,Mechanical,11,22,N/B,3498
2020-06-12,44,13:54:00,Friday,Humber College Loop,Mechanical,7,14,N/B,7944
2020-06-12,108,13:58:00,Friday,Murray Ross at North of Shoreham,Investigation,17,34,N/B,3603
2020-06-12,110,13:58:00,Friday,"On Islington, at Lakeshore",Mechanical,14,32,N/B,8446
2020-06-12,36,14:00:00,Friday,Finch / Islington,Investigation,5,10,W/B,9132
2020-06-12,35,14:03:00,Friday,Pioneer Village Station,Mechanical,11,16,S/B,3230
2020-06-12,75,14:18:00,Friday,SHERBOURNE - South Drive and Glen,Utilized Off Route,1,1,S/B,8128
2020-06-12,89,14:19:00,Friday,"On Weston Road, at Highway 401",Mechanical,11,22,N/B,1078
2020-06-12,7,14:40:00,Friday,Bathurst at Dreary,Diversion,15,22,S/B,
2020-06-12,160,14:40:00,Friday,Bathurst at Drewry,Diversion,15,40,S/B,
2020-06-12,44,14:40:00,Friday,Humber College Loop,Late Leaving Garage - Mechanical,6,12,N/B,7950
2020-06-12,53,14:57:00,Friday,Steeles / Tapscott,Diversion,47,57,E/B,9005
2020-06-12,47,15:00:00,Friday,Earlscourt Loop,Mechanical,14,23,S/B,1140
2020-06-12,927,15:04:00,Friday,Royal Crest and Martingrove,Mechanical,17,34,S/B,3282
2020-06-12,35,15:10:00,Friday,Jane Station,Investigation,5,10,N/B,3597
2020-06-12,79,15:12:00,Friday,Runnymede Station,Late Leaving Garage - Mechanical,8,15,N/B,1078
2020-06-12,74,15:30:00,Friday,Mt pleasant & Merton,Investigation,18,36,E/B,8349
2020-06-12,56,15:45:00,Friday,Donlands and Gamble,Mechanical,31,60,E/B,1222
2020-06-12,41,15:50:00,Friday,Keele at Eglinton,Mechanical,15,30,N/B,9045
2020-06-12,32,15:53:00,Friday,eglinton station,Late Leaving Garage - Mechanical,10,20,W/B,1095
2020-06-12,133,16:01:00,Friday,Morningside and Old Finch,Utilized Off Route,8,16,S/B,3511
2020-06-12,89,16:11:00,Friday,High Park Station,Mechanical,10,30,N/B,9036
2020-06-12,84,16:20:00,Friday,Pioneer Village Station,Mechanical,15,30,S/B,3625
2020-06-12,106,16:21:00,Friday,Sentinel and Finch Ave W,Investigation,12,24,N/B,1271
2020-06-12,75,16:42:00,Friday,SHERBOURNE - South Drive and Glen,Mechanical,0,0,S/B,8128
2020-06-12,29,16:49:00,Friday,Dufferin at Lawrence,Mechanical,8,16,S/B,9144
2020-06-12,35,17:05:00,Friday,Hullmar and Kaiser,Investigation,5,12,S/B,3301
2020-06-12,86,17:07:00,Friday,Toronto Zoo Loop,Mechanical,16,32,W/B,8900
2020-06-12,113,17:27:00,Friday,Main Station,Investigation,11,22,W/B,8575
2020-06-12,36,17:55:00,Friday,on Finch Ave East at Arrow Road,Diversion,559,566,EB,9130
2020-06-12,17,18:10:00,Friday,Birchmount and Foxbridge,Mechanical,30,60,N/B,8485
2020-06-12,60,18:38:00,Friday,on Yonge St at Bishop Ave,Investigation,1,1,NB,3345
2020-06-12,72,19:20:00,Friday,PAPE - Carlaw and Gerrard,Investigation,18,36,S/B,8961
2020-06-12,116,19:51:00,Friday,Kennedy Station,Utilized Off Route,8,16,E/B,
2020-06-12,102,19:52:00,Friday,Markham and Finch,Mechanical,10,20,S/B,3173
2020-06-12,100,20:03:00,Friday,Broadview Station,Mechanical,9,18,N/B,8796
2020-06-12,86,20:32:00,Friday,Lawrence and Beechgrove,Mechanical,16,32,E/B,8760
2020-06-12,52,21:00:00,Friday,Terminal 3,Mechanical,12,33,E/B,8193
2020-06-12,116,21:03:00,Friday,Morningside and Nightstar,Mechanical,16,32,W/B,8840
2020-06-12,161,21:04:00,Friday,Jane / Alliance,Mechanical,23,46,E/B,1103
2020-06-12,120,21:05:00,Friday,Keele / Calvington,Diversion,28,88,B/W,
2020-06-12,116,21:06:00,Friday,Morningside and Ellesmere,Emergency Services,11,22,S/B,8833
2020-06-12,84,21:11:00,Friday,Sheppard West Station,Utilized Off Route,8,17,E/B,3649
2020-06-12,26,21:17:00,Friday,Dupont and Lansdowne,Investigation,24,48,E/B,1017
2020-06-12,106,21:20:00,Friday,Sheppard West Station,Mechanical,0,0,S/B,8120
2020-06-12,89,22:01:00,Friday,Weston and St Clair,Investigation,10,20,N/B,9046
2020-06-12,11,22:23:00,Friday,Sunnybrook Hospital,Mechanical,0,0,S/B,1270
2020-06-12,41,22:34:00,Friday,Keele / Lawrence,Diversion,29,51,S/B,
2020-06-12,89,22:35:00,Friday,Weston and Albion,Mechanical,10,20,S/B,1059
2020-06-12,73,22:45:00,Friday,Royal York stn,Mechanical,20,40,N/B,7930
2020-06-12,109,23:06:00,Friday,Lawrence and Varna,Diversion,160,190,B/W,1211
2020-06-12,600,23:44:00,Friday,Markham and Eglinton,Investigation,1,1,S/B,8599
2020-06-13,17,00:40:00,Saturday,Warden Station,Emergency Services,27,54,N/B,3111
2020-06-13,94,01:15:00,Saturday,Ossington Station,Mechanical,13,13,E/B,1118
2020-06-13,320,02:06:00,Saturday,Queens Quay and Yonge Street,Mechanical,4,8,N/B,1036
2020-06-13,320,02:11:00,Saturday,Steeles Loop,Utilized Off Route,3,7,S/B,8321
2020-06-13,116,02:30:00,Saturday,Kennedy Station,Investigation,9,14,E/B,8907
2020-06-13,307,03:00:00,Saturday,Bathrust and Front,General Delay,15,45,B/W,
2020-06-13,36,03:22:00,Saturday,"on Finch Ave West, from Arrow Rd to Oakdale",Diversion,1,1,BW,1
2020-06-13,395,03:35:00,Saturday,York mills station,Mechanical,30,60,E/B,1403
2020-06-13,14,04:00:00,Saturday,CHAPLIN/EGLINTON,Diversion,999,999,B/W,
2020-06-13,89,04:15:00,Saturday,Denison and lippinscott,Diversion,98,128,B/W,
2020-06-13,341,04:23:00,Saturday,Murray Ross PKWY/ Sentinel Rd East,Investigation,30,30,S/B,9047
2020-06-13,354,05:04:00,Saturday,EGLINTON/BAYVIEW,Mechanical,30,60,E/B,8818
2020-06-13,160,05:11:00,Saturday,Wilson Garage,Late Leaving Garage - Mechanical,1,1,,1213
2020-06-13,43,05:19:00,Saturday,Kenneyd station,Late Leaving Garage - Operator,10,20,N/B,8786
2020-06-13,79,05:23:00,Saturday,Mt.Dennis Garage,Late Leaving Garage - Operator,25,50,W/B,1205
2020-06-13,189,05:28:00,Saturday,High park stn,Late Leaving Garage - Mechanical,30,30,S/B,8436
2020-06-13,124,06:00:00,Saturday,LAWRENCE STATION,Late Leaving Garage - Mechanical,20,20,,8147
2020-06-13,104,06:11:00,Saturday,Wilson Garage,Late Leaving Garage - Operator,1,1,,8382
2020-06-13,21,06:12:00,Saturday,Kennedy station,Mechanical,30,40,N/B,1401
2020-06-13,129,06:12:00,Saturday,Scarborough Town Centre,Late Leaving Garage - Operator,12,20,N/B,3551
2020-06-13,73,06:15:00,Saturday,Lawrence and Royal York,Mechanical,15,30,S/B,8083
2020-06-13,52,06:15:00,Saturday,LAWRENCE STATION,Utilized Off Route,20,35,W/B,8372
2020-06-13,35,07:42:00,Saturday,Jane Stn,Emergency Services,10,20,N/B,3275
2020-06-13,106,07:50:00,Saturday,Howard Moscoe Street and NW Gate,Mechanical,11,22,E/B,8337
2020-06-13,9,08:33:00,Saturday,Warden Station,Mechanical,23,46,N/B,8520
2020-06-13,102,08:40:00,Saturday,Warden Station,Utilized Off Route,10,20,N/B,3146
2020-06-13,45,09:06:00,Saturday,Kipling Station,Investigation,10,20,N/B,8056
2020-06-13,71,09:09:00,Saturday,St Clair and Keele  st,Investigation,12,24,N/B,1068
2020-06-13,133,09:55:00,Saturday,Scarborough Town Centre,Utilized Off Route,10,20,E/B,3567
2020-06-13,120,10:05:00,Saturday,Magellan Dr Giltspur,Diversion,35,65,B/W,3632
2020-06-13,79,10:11:00,Saturday,Pine and Lawrence,Late Leaving Garage - Mechanical,12,24,S/B,1409
2020-06-13,133,10:15:00,Saturday,Scarborough Town centre,Utilized Off Route,10,20,E/B,1366
2020-06-13,37,10:16:00,Saturday,Rexdale and Bergamot,Investigation,13,26,S/B,8603
2020-06-13,133,10:35:00,Saturday,Scarborough Town centre,Utilized Off Route,10,20,E/B,3483
2020-06-13,75,10:50:00,Saturday,Queen St/Sherbourne St,Diversion,13,26,b/w,1382
2020-06-13,133,11:15:00,Saturday,Scarborough Town centre,Utilized Off Route,10,20,E/B,1327
2020-06-13,60,11:22:00,Saturday,Pioneer Village station,Investigation,6,11,E/B,3212
2020-06-13,133,11:25:00,Saturday,Morningside and Finch,Utilized Off Route,10,20,E/B,3453
2020-06-13,25,11:30:00,Saturday,Freshmeadow/Don Mills,Mechanical,9,18,S/B,8819
2020-06-13,50,12:00:00,Saturday,Route 50,General Delay,5,35,BW,
2020-06-13,89,12:00:00,Saturday,Route 89,General Delay,10,18,BW,
2020-06-13,66,12:00:00,Saturday,Route 66,General Delay,13,33,BW,
2020-06-13,84,12:06:00,Saturday,Sheppard Station,Late Leaving Garage - Mechanical,6,12,W/B,3222
2020-06-13,56,12:07:00,Saturday,Eglinton at Lillian,Investigation,24,48,E/B,8133
2020-06-13,927,12:07:00,Saturday,Steeles and Martingrove.,Utilized Off Route,10,20,S/B,3316
2020-06-13,89,12:12:00,Saturday,Weston & Oak,Mechanical,8,15,NB,1109
2020-06-13,121,12:30:00,Saturday,Princess Gate Loop,Mechanical,16,32,E/B,8580
2020-06-13,35,12:45:00,Saturday,Finch and Jane,General Delay,18,27,S/B,
2020-06-13,52,13:08:00,Saturday,Lawrence Station,Late Leaving Garage - Mechanical,17,34,W/B,8353
2020-06-13,54,13:08:00,Saturday,Eglinton Station,Late Leaving Garage - Management,14,28,EB,8661
2020-06-13,96,13:45:00,Saturday,York Mills Station,Mechanical,17,35,W/B,3631
2020-06-13,51,14:05:00,Saturday,Steeles and Don Mills,Emergency Services,24,48,E/B,8331
2020-06-13,47,14:18:00,Saturday,Earlscourt Loop,Mechanical,18,36,S/B,1267
2020-06-13,161,14:30:00,Saturday,Entire Line,General Delay,20,40,W/B,1128
2020-06-13,163,14:37:00,Saturday,Ossington and Manchester,Emergency Services,11,22,N/B,8106
2020-06-13,927,14:37:00,Saturday,Steeles and Martingrove.,Utilized Off Route,10,20,S/B,3366
2020-06-13,35,14:50:00,Saturday,Wilson and Jane,Mechanical,10,20,N/B,3176
2020-06-13,133,15:14:00,Saturday,STC,Utilized Off Route,9,18,E/B,3510
2020-06-13,102,15:29:00,Saturday,Warden Station,Mechanical,10,20,E/B,3167
2020-06-13,38,15:30:00,Saturday,Military Trail/ Kingston,Diversion,42,54,S/B,3515
2020-06-13,511,15:38:00,Saturday,Bathurst and Carr,Mechanical,4,8,N/B,1035
2020-06-13,95,15:52:00,Saturday,U of T,Utilized Off Route,13,26,W/B,3492
2020-06-13,87,16:05:00,Saturday,Main station,Mechanical,10,20,W/B,8574
2020-06-13,29,16:16:00,Saturday,princes gates,Mechanical,4,10,N/B,9100
2020-06-13,88,16:20:00,Saturday,St. Clair Station,Mechanical,30,60,E/B,8318
2020-06-13,87,16:35:00,Saturday,Main Station,Mechanical,10,20,W/B,8551
2020-06-13,68,16:40:00,Saturday,Warden Station,Mechanical,10,20,N/B,8795
2020-06-13,53,16:46:00,Saturday,on Passmore Ave at Markham Rd,Mechanical,6,12,WB,3456
2020-06-13,54,17:00:00,Saturday,Lawrence / Orton Park,Diversion,35,49,B/W,
2020-06-13,100,17:15:00,Saturday,Broadview Station,Utilized Off Route,9,18,N/B,8886
2020-06-13,36,18:00:00,Saturday,on Finch Ave West at Arrow Rd,Mechanical,5,9,WB,3199
2020-06-13,24,18:20:00,Saturday,Victoria park stn,Utilized Off Route,8,15,N/B,9209
2020-06-13,163,18:24:00,Saturday,Ossington Station,Mechanical,10,20,NB,8106
2020-06-13,511,19:17:00,Saturday,Bathurst and Nassau St.,Emergency Services,6,12,N/B,1035
2020-06-13,38,19:55:00,Saturday,Scarborough Centre,Mechanical,10,20,E/B,1298
2020-06-13,41,20:30:00,Saturday,Keele and Rotherham,Diversion,1,1,BW,1103
2020-06-13,96,20:40:00,Saturday,Islington and Elmhurst\,Diversion,45,55,E/B,3305
2020-06-13,100,20:59:00,Saturday,Don Mills/ Gateway Blvd,Investigation,9,18,E/B,8823
2020-06-13,53,21:14:00,Saturday,Finch Station,Mechanical,7,15,NB,1207
2020-06-13,100,21:18:00,Saturday,Broadview station,Mechanical,9,18,E/B,8886
2020-06-13,36,21:30:00,Saturday,Finch station,Utilized Off Route,7,14,W/B,3586
2020-06-13,21,21:48:00,Saturday,Brimley and Steeles,Mechanical,12,24,S/B,1312
2020-06-13,39,22:00:00,Saturday,Finch station,Utilized Off Route,15,30,E/B,3517
2020-06-13,39,22:00:00,Saturday,Finch station to Neilson,General Delay,10,20,B/W,
2020-06-13,85,22:32:00,Saturday,Don Mills Station,Mechanical,8,16,E/B,3457
2020-06-13,7,22:50:00,Saturday,Bathurst and Sheppard,Mechanical,10,20,SB,8143
2020-06-13,35,22:52:00,Saturday,Steeles and Murrary Ross,Investigation,9,18,E/B,3235
2020-06-13,6,23:36:00,Saturday,Queens Quay,Mechanical,7,31,N/B,1009
2020-06-13,94,23:40:00,Saturday,Wellesley station,Utilized Off Route,12,24,N/B,1560
2020-06-14,300,01:36:00,Sunday,Danforth & Danforth,Mechanical,7,7,W/B,1560
2020-06-14,300,03:00:00,Sunday,Kennedy Station,Vision,30,60,E/B,8014
2020-06-14,14,04:00:00,Sunday,CHAPLIN/EGLINTON,Diversion,999,999,B/W,
2020-06-14,300,04:58:00,Sunday,EAST MALL/ BLOOR,Late Leaving Garage - Management,30,60,W/B,8464
2020-06-14,36,05:04:00,Sunday,"on Finch Ave West, from Arrow Rd to Oakdale Rd",Diversion,1,1,BW,1
2020-06-14,300,05:09:00,Sunday,KENNEDY STATION,Late Leaving Garage - Operator,25,55,W/B,8734
2020-06-14,334,05:37:00,Sunday,FINCHDENE/FINCH,Late Leaving Garage - Operator,30,60,W/B,8888
2020-06-14,43,05:42:00,Sunday,Passmore,Late Leaving Garage - Operator,30,60,S/B,8722
2020-06-14,22,07:00:00,Sunday,Coxwell Station,Late Leaving Garage - Mechanical,40,40,S/B,3156
2020-06-14,105,07:49:00,Sunday,Sheppard West Station,Mechanical,15,30,N/B,8174
2020-06-14,79,08:00:00,Sunday,Runnymede Station,Late Leaving Garage - Mechanical,15,1,N/B,1015
2020-06-14,161,08:00:00,Sunday,Jane and Alliance,Mechanical,20,40,E/B,1030
2020-06-14,106,08:00:00,Sunday,Sheppard West Station,Utilized Off Route,15,30,W/B,1243
2020-06-14,94,08:02:00,Sunday,Castle Frank Station,Late Leaving Garage - Mechanical,13,25,W/B,1131
2020-06-14,79,08:14:00,Sunday,Pine and Lawrence,Late Leaving Garage - Mechanical,15,32,N/B,1422
2020-06-14,96,08:49:00,Sunday,York Mills Station,Late Leaving Garage - Mechanical,20,40,W/B,3277
2020-06-14,300,08:53:00,Sunday,COXWELL/DANFORTH,Mechanical,12,12,E/B,8811
2020-06-14,102,09:02:00,Sunday,Warden Station,Late Leaving Garage - Operator,10,20,N/B,8495
2020-06-14,24,09:07:00,Sunday,Victoria Park stn,Utilized Off Route,9,18,N/B,8482
2020-06-14,35,09:20:00,Sunday,Jane Stn,Investigation,10,20,N/B,3192
2020-06-14,133,09:25:00,Sunday,Morningside and Finch,Utilized Off Route,12,24,W/B,3404
2020-06-14,24,10:01:00,Sunday,Victoria Park st,Mechanical,9,18,N/B,3174
2020-06-14,85,10:05:00,Sunday,Rouge Hill Go Station,Mechanical,24,48,W/B,3555
2020-06-14,53,10:07:00,Sunday,Steeles and McCowan,Mechanical,18,27,W/B,9001
2020-06-14,38,10:30:00,Sunday,Scaroborugh Town Centre,Utilized Off Route,12,24,S/B,3514
2020-06-14,42,10:32:00,Sunday,Victoria park on McNicoll,Emergency Services,16,32,W/B,8346
2020-06-14,133,10:36:00,Sunday,Scarborough Town centre,Utilized Off Route,12,24,E/B,1400
2020-06-14,90,12:00:00,Sunday,St Clair West Station,Late Leaving Garage - Mechanical,8,16,W/B,1218
2020-06-14,161,12:10:00,Sunday,Bloor and Delaware,Emergency Services,16,32,W/B,1075
2020-06-14,927,12:15:00,Sunday,Martingrove and Steeles Loop.,Utilized Off Route,10,20,N/B,3647
2020-06-14,106,12:20:00,Sunday,Pioneer Village Station,Late Leaving Garage - Mechanical,10,20,S/B,8334
2020-06-14,38,12:25:00,Sunday,Rougehill GO station,Utilized Off Route,10,20,S/B,3563
2020-06-14,131,12:26:00,Sunday,Morningview Trail and Sewells,Mechanical,22,66,E/B,3482
2020-06-14,7,12:37:00,Sunday,greenwin village and bathurst,Mechanical,7,15,S/B,8217
2020-06-14,47,13:20:00,Sunday,Lansdowne and Seaforth,Mechanical,18,36,S/B,1350
2020-06-14,46,13:40:00,Sunday,Martingrove and Longbourne,Diversion,16,32,S/B,3311
2020-06-14,52,14:05:00,Sunday,Lawrence Station,Utilized Off Route,18,28,W/B,1286
2020-06-14,32,14:10:00,Sunday,emmett and jane,Mechanical,20,40,S/B,3730
2020-06-14,38,14:15:00,Sunday,Scarborough Town Centre,Utilized Off Route,10,20,S/B,3506
2020-06-14,46,14:30:00,Sunday,Steeles Loop and Martingrove,Utilized Off Route,15,30,S/B,3605
2020-06-14,927,14:33:00,Sunday,Martingrove and steeles loop,Diversion,10,20,S/B,3605
2020-06-14,927,14:33:00,Sunday,Martingrove and Steeles Loop,Utilized Off Route,10,20,S/B,3605
2020-06-14,47,14:36:00,Sunday,Earlscourt Loop,Mechanical,18,36,S/B,1119
2020-06-14,52,14:37:00,Sunday,The Westway and Royal York,Mechanical,7,14,W/B,8389
2020-06-14,95,14:40:00,Sunday,Parkwoods Village and Combermere Dr,Investigation,15,30,W/B,3521
2020-06-14,7,14:59:00,Sunday,greenwin village and bathurst,Mechanical,7,15,S/B,8386
2020-06-14,165,15:20:00,Sunday,Barmac and Weston,Mechanical,10,20,E/B,3336
2020-06-14,163,15:25:00,Sunday,Lawerence W Station,Mechanical,11,22,S/B,1342
2020-06-14,52,15:29:00,Sunday,Lawrence Station,Mechanical,14,28,W/B,8339
2020-06-14,52,15:30:00,Sunday,Tollington and Martin Grove,Mechanical,7,14,E/B,1370
2020-06-14,95,15:34:00,Sunday,Scarborough College Loop,Utilized Off Route,15,30,E/B,3431
2020-06-14,97,15:40:00,Sunday,Empress and Yonge,Investigation,30,60,N/B,8104
2020-06-14,72,15:46:00,Sunday,Pape station,Mechanical,18,36,N/B,8491
2020-06-14,94,15:50:00,Sunday,Castle Frank station,Mechanical,12,25,W/B,1017
2020-06-14,24,15:54:00,Sunday,Victoria Park/ Steeles,Mechanical,7,14,S/B,8530
2020-06-14,52,16:16:00,Sunday,Islington / Dixon,Mechanical,14,28,E/B,8175
2020-06-14,511,16:21:00,Sunday,Bathurst STN,Utilized Off Route,5,10,S/B,1380
2020-06-14,29,16:47:00,Sunday,dufferin and croatia,Investigation,4,10,S/B,9101
2020-06-14,23,16:50:00,Sunday,Main Station,Mechanical,10,20,NB,8468
2020-06-14,121,17:08:00,Sunday,Front and Bay,Mechanical,15,30,W/B,3173
2020-06-14,32,17:26:00,Sunday,Eglinton W Station,Utilized Off Route,10,20,W/B,1060
2020-06-14,116,17:28:00,Sunday,Kennedy station,Utilized Off Route,7,13,E/B,8771
2020-06-14,163,17:30:00,Sunday,Davenport Rd & Ossington Ave,Mechanical,11,22,S/B,8380
2020-06-14,38,17:35:00,Sunday,Scarborough Town Cneter,Mechanical,10,20,E/B,3514
2020-06-14,35,17:55:00,Sunday,Jane Station,Investigation,10,20,N/B,3214
2020-06-14,110,18:15:00,Sunday,POD:  EB lakeshore opposite  Longbranch loop,Mechanical,20,40,E/B,8419
2020-06-14,60,18:21:00,Sunday,"Steeles Loop, West of Martin Grove",Mechanical,10,20,EB,3649
2020-06-14,163,18:50:00,Sunday,Lawrence W Station,Mechanical,11,22,S/B,8182
2020-06-14,900,19:00:00,Sunday,Dundas W & Auckland,Investigation,9,18,W/B,8007
2020-06-14,43,19:31:00,Sunday,Kennedy Station,Mechanical,10,20,N/B,8728
2020-06-14,102,20:21:00,Sunday,Markham and Sheppard,Diversion,10,359,B/W,8584
2020-06-14,85,20:24:00,Sunday,Sheppard and Markham Rd.,Diversion,396,404,B/W,1401
2020-06-14,600,22:53:00,Sunday,Montgomery ave and Yonge,Emergency Services,1,1,S/B,9132
2020-06-14,36,23:10:00,Sunday,on Finch Ave West at Bathurst St,Mechanical,9,19,WB,3187
2020-06-14,35,23:12:00,Sunday,Jane and Lawrence,Emergency Services,10,20,N/B,3652
2020-06-15,44,00:20:00,Monday,Kipling & Birmingham,Mechanical,15,30,S/B,8445
2020-06-15,7,01:10:00,Monday,Bathurst & Wilson,Mechanical,10,20,N/B,8119
2020-06-15,34,01:18:00,Monday,Eglinton and Lebovic,Mechanical,11,22,EB,8658
2020-06-15,385,02:10:00,Monday,Shepperd and Markham,Diversion,180,210,E/B,
2020-06-15,343,03:42:00,Monday,Kennedy Station,Mechanical,30,60,N/B,8874
2020-06-15,85,04:00:00,Monday,Sheppard and Markham,Diversion,205,226,B/W,
2020-06-15,14,04:00:00,Monday,CHAPLIN/EGLINTON,Diversion,999,999,B/W,
2020-06-15,102,04:20:00,Monday,Markham/Sheppard Ave. E,Diversion,184,207,B/W,
2020-06-15,89,05:14:00,Monday,Weston Rd/Lawrence Ave,Mechanical,30,60,N/B,1130
2020-06-15,73,05:15:00,Monday,Clairport Cres/Albion Rd,Late Leaving Garage - Operator,25,50,W/B,7947
2020-06-15,600,05:17:00,Monday,Victoria Park and Sheppard,Mechanical,1,1,E/B,1650
2020-06-15,66,05:36:00,Monday,Humber Loop,Late Leaving Garage - Mechanical,16,37,N/B,7931
2020-06-15,95,05:36:00,Monday,Kingston Road Loop,Late Leaving Garage - Operator,8,15,W/B,3554
2020-06-15,40,05:44:00,Monday,Dundas West Station,Late Leaving Garage - Operator,16,28,W/B,8045
2020-06-15,100,05:44:00,Monday,Don mills and Wynford,Late Leaving Garage - Operator,5,10,W/B,8785
2020-06-15,353,05:49:00,Monday,IAN MACDONALD/CHIMNEYSTACK,Mechanical,27,27,E/B,9086
2020-06-15,104,06:03:00,Monday,Wilmington and Overbrook,Mechanical,18,1,N/B,8156
2020-06-15,353,06:15:00,Monday,Pioneer Village station,Mechanical,1,27,E/B,9086
2020-06-15,86,06:15:00,Monday,Kennedy STN,Late Leaving Garage - Mechanical,1,1,E/B,8902
2020-06-15,85,06:30:00,Monday,Sheppard and Progress,Investigation,7,14,E/B,9093
2020-06-15,121,06:33:00,Monday,The Esplande and Yonge,Diversion,16,30,W/B,
2020-06-15,34,06:39:00,Monday,EGLINTON/LAIRD,Mechanical,6,12,W/B,8908
2020-06-15,95,06:40:00,Monday,Malvern garage,Late Leaving Garage - Operator,1,1,,3482
2020-06-15,79,06:45:00,Monday,Mt.Dennis garage,Late Leaving Garage - Mechanical,4,8,S/B,1125
2020-06-15,14,07:00:00,Monday,CHAPLIN/EGLINTON,General Delay,10,30,B/W,
2020-06-15,124,07:08:00,Monday,LAWRENCE/BAYVIEW,Mechanical,6,12,E/B,8177
2020-06-15,11,07:28:00,Monday,SUNNYBROOK HOSPITAL,Mechanical,16,32,S/B,1309
2020-06-15,52,07:50:00,Monday,Dunstable pl. on the West way,Investigation,22,40,E/B,8152
2020-06-15,36,08:02:00,Monday,Finch West Station,Vision,6,12,W/B,9108
2020-06-15,88,08:17:00,Monday,WICKSTEED/BRENTCLIFFE,Mechanical,14,28,W/B,1286
2020-06-15,52,08:30:00,Monday,Lawrence West Stn.,Management,18,36,E/B,8144
2020-06-15,22,08:35:00,Monday,Coxwell Station,Mechanical,10,20,N/B,8541
2020-06-15,54,08:46:00,Monday,Eglinton Station,Mechanical,11,23,E/B,8921
2020-06-15,22,08:56:00,Monday,CoXwell Station,Late Leaving Garage - Mechanical,10,20,E/B,8583
2020-06-15,17,09:23:00,Monday,Warden Station,Utilized Off Route,13,26,N/B,3120
2020-06-15,102,09:25:00,Monday,Warden Station,Utilized Off Route,10,20,N/B,3110
2020-06-15,116,09:33:00,Monday,Kennedy STN,Utilized Off Route,1,1,E/B,8818
2020-06-15,102,09:35:00,Monday,,Utilized Off Route,20,30,N/B,8518
2020-06-15,34,09:40:00,Monday,KENNEDY STATION,Emergency Services,1,1,W/B,8726
2020-06-15,17,09:49:00,Monday,Warden Station,Utilized Off Route,13,26,N/B,8597
2020-06-15,76,09:49:00,Monday,Lakeshore Blvd W and Mimico,Mechanical,10,21,N/B,7954
2020-06-15,38,10:05:00,Monday,STC,Utilized Off Route,12,24,E/B,3463
2020-06-15,927,10:06:00,Monday,Martingrove and Steeles loop,Utilized Off Route,7,14,S/B,7979
2020-06-15,57,10:10:00,Monday,Kennedy STN,Utilized Off Route,1,1,N/B,8792
2020-06-15,133,10:18:00,Monday,Scarborough Centre Station,Utilized Off Route,11,22,N/B,3413
2020-06-15,133,10:29:00,Monday,Scarborough Centre Station,Utilized Off Route,11,22,N/B,3473
2020-06-15,47,10:30:00,Monday,Queen and lansdowne,Mechanical,7,14,N/B,1283
2020-06-15,133,10:40:00,Monday,Scarborough Centre Station,Utilized Off Route,11,22,N/B,3545
2020-06-15,600,10:40:00,Monday,Kennedy STN,Utilized Off Route,1,1,,8786
2020-06-15,85,10:44:00,Monday,Meadowvale Loop,Utilized Off Route,15,25,W/B,1337
2020-06-15,133,10:51:00,Monday,Scarborough Centre Station,Utilized Off Route,11,22,N/B,3450
2020-06-15,38,11:05:00,Monday,STC,Utilized Off Route,12,24,E/B,3496
2020-06-15,43,11:05:00,Monday,Kennedy STN,Utilized Off Route,1,1,N/B,8890
2020-06-15,102,11:05:00,Monday,Warden Station,Utilized Off Route,20,30,N/B,8575
2020-06-15,133,11:13:00,Monday,Scarborough Centre Station,Utilized Off Route,11,22,N/B,3412
2020-06-15,133,11:24:00,Monday,Scarborough Centre Station,Utilized Off Route,11,22,N/B,3458
2020-06-15,927,11:34:00,Monday,Martigrove and Steeles Loop.,Utilized Off Route,7,14,S/B,3600
2020-06-15,94,11:45:00,Monday,harbord/Barthurst,Diversion,140,155,W/B,1111
2020-06-15,22,12:03:00,Monday,Coxwell Station,Late Leaving Garage - Mechanical,10,20,E/B,3258
2020-06-15,89,12:04:00,Monday,"On Weston, at Lambton",Investigation,11,22,N/B,9026
2020-06-15,86,12:30:00,Monday,Kennedy STN,Utilized Off Route,1,1,E/B,8662
2020-06-15,43,12:50:00,Monday,Kennedy STN,Mechanical,15,30,N/B,8654
2020-06-15,121,13:20:00,Monday,FORT YORK/ESPLANADE - Jarvis and The Esplanade,Diversion,70,100,B/W,8500
2020-06-15,133,13:35:00,Monday,stc,Utilized Off Route,11,22,S/B,3543
2020-06-15,165,13:49:00,Monday,Wilson Stn,Mechanical,12,24,E/B,3242
2020-06-15,51,13:55:00,Monday,eglinton station,Mechanical,27,54,E/B,8212
2020-06-15,96,14:13:00,Monday,Finch and Humber College blvd,Mechanical,24,46,S/B,3239
2020-06-15,95,14:19:00,Monday,Ellesmere and Morningside,Investigation,20,40,W/B,1331
2020-06-15,68,14:49:00,Monday,warden and steels,Late Leaving Garage - Mechanical,17,34,S/B,8698
2020-06-15,63,15:08:00,Monday,Atlantic and king,Investigation,10,20,N/B,8140
2020-06-15,46,16:00:00,Monday,Martin Grove & Finch,Mechanical,9,18,N/B,3707
2020-06-15,96,16:03:00,Monday,Wilson Ave and Lady York,Investigation,12,25,W/B,3586
2020-06-15,73,16:06:00,Monday,Royal York Station,Mechanical,25,50,N/B,8050
2020-06-15,32,16:50:00,Monday,Eglinton Station,Mechanical,9,19,WB,1305
2020-06-15,54,17:01:00,Monday,Eglinton Station,Utilized Off Route,13,26,E/B,8689
2020-06-15,74,17:20:00,Monday,Lytton and Avenue,Mechanical,17,34,S/B,1372
2020-06-15,109,17:21:00,Monday,Rajah & Wasdale,Mechanical,5,10,E/B,1215
2020-06-15,85,17:38:00,Monday,Meadowvale and Sheppard Ave E,Mechanical,13,26,E/B,9074
2020-06-15,24,18:07:00,Monday,Victoria Park Stn,Mechanical,18,36,N/B,8557
2020-06-15,52,18:10:00,Monday,Morning Star / Airport Road,Diversion,15,33,B/W,
2020-06-15,91,18:15:00,Monday,Bermondsey and Eglinton,Mechanical,14,28,S/B,8859
2020-06-15,52,18:34:00,Monday,Lawrence Station,Investigation,14,28,W/B,8192
2020-06-15,36,18:37:00,Monday,Finch West Station,Mechanical,8,16,EB,3632
2020-06-15,36,18:49:00,Monday,Humberwood Loop,Mechanical,7,14,EB,3232
2020-06-15,87,18:49:00,Monday,COSBURN - Main Station,Investigation,9,18,W/B,8465
2020-06-15,113,18:55:00,Monday,Main Stn,Investigation,1,1,E/B,8519
2020-06-15,29,19:06:00,Monday,Wilson station,Investigation,8,16,NB,9044
2020-06-15,133,19:26:00,Monday,morningside and staines,Utilized Off Route,7,14,S/B,3545
2020-06-15,129,19:28:00,Monday,Denison and Mccowan,Diversion,42,68,S/B,
2020-06-15,96,19:34:00,Monday,Carrier loop,Mechanical,24,42,E/B,3641
2020-06-15,116,19:51:00,Monday,Kennedy Station,Utilized Off Route,8,16,E/B,8818
2020-06-15,11,19:53:00,Monday,Bayview at Hilldale,Mechanical,27,46,S/B,8303
2020-06-15,36,21:10:00,Monday,Humberwood Loop,Mechanical,8,16,EB,9108
2020-06-15,54,21:10:00,Monday,Starspray Loop,Investigation,15,30,W/B,8865
2020-06-15,32,21:25:00,Monday,Eglington,Mechanical,4,5,W/B,1048
2020-06-15,59,21:30:00,Monday,Weston and Oak,Mechanical,30,60,E/B,3276
2020-06-15,600,21:50:00,Monday,Finch Station,Utilized Off Route,1,1,E/B,3430
2020-06-15,61,21:58:00,Monday,Bombay Loop,Mechanical,20,40,S/B,1212
2020-06-15,32,22:37:00,Monday,Eglinton and Caledonia,Mechanical,10,21,E/B,1080
2020-06-15,73,23:30:00,Monday,Albian & Silverthrone,Mechanical,20,40,N/B,7947
2020-06-16,75,00:48:00,Tuesday,Sherbourne and Lakeshore,Diversion,1,1,S/B,7370
2020-06-16,14,04:00:00,Tuesday,CHAPLIN/EGLINTON,Diversion,999,999,B/W,
2020-06-16,300,04:10:00,Tuesday,DANFORTH/DANFORTH,Vision,13,38,W/B,8009
2020-06-16,600,05:15:00,Tuesday,Bathurst/Wilson,Investigation,1,1,W/B,3360
2020-06-16,85,05:47:00,Tuesday,Sheppard Station,Late Leaving Garage - Operator,27,42,E/B,3458
2020-06-16,60,05:55:00,Tuesday,Pioneer Village Station,Mechanical,12,24,W/B,3348
2020-06-16,39,06:08:00,Tuesday,McNicoll and Victoria Park,Late Leaving Garage - Operator,13,13,W/B,9064
2020-06-16,35,06:08:00,Tuesday,Pioneer Village Station,Late Leaving Garage - Management,9,9,S/B,3634
2020-06-16,84,06:37:00,Tuesday,Rivalada Rd and Sheppard Ave W,Late Leaving Garage - Management,14,34,W/B,3196
2020-06-16,36,06:40:00,Tuesday,Humberwood loop,Vision,5,10,E/B,9108
2020-06-16,14,07:00:00,Tuesday,CHAPLIN/EGLINTON,General Delay,10,30,B/W,
2020-06-16,35,07:02:00,Tuesday,Hullmar and shoreham,Diversion,151,161,B/W,
2020-06-16,31,08:02:00,Tuesday,Hiltz and Queen,Diversion,148,161,N/B,8517
2020-06-16,54,08:16:00,Tuesday,Orton park and Brimorton,Utilized Off Route,11,21,W/B,8909
2020-06-16,42,08:36:00,Tuesday,Finch Station,Mechanical,14,28,E/B,8302
2020-06-16,69,09:01:00,Tuesday,Warden Station,Mechanical,6,11,S/B,3162
2020-06-16,52,09:16:00,Tuesday,Lawrence Station,Late Leaving Garage - Mechanical,15,30,W/B,8140
2020-06-16,36,09:30:00,Tuesday,Finch west stn,Mechanical,5,10,E/B,3298
2020-06-16,116,09:33:00,Tuesday,Kennedy STN,Utilized Off Route,1,1,E/B,8854
2020-06-16,17,09:49:00,Tuesday,Warden Station,Utilized Off Route,13,26,N/B,8401
2020-06-16,102,09:55:00,Tuesday,Warden Station,Utilized Off Route,10,30,N/B,3114
2020-06-16,34,09:55:00,Tuesday,KENNEDY STATION,Mechanical,13,25,W/B,8688
2020-06-16,42,09:57:00,Tuesday,Finch Station,Mechanical,13,26,E/B,8194
2020-06-16,68,10:04:00,Tuesday,Warden /Bridletowne circle,Diversion,12,24,S/B,
2020-06-16,57,10:10:00,Tuesday,Kennedy STN,Utilized Off Route,1,1,N/B,8949
2020-06-16,32,10:25:00,Tuesday,Black Creek/Eglinton,Diversion,125,135,B/W,
2020-06-16,133,10:29:00,Tuesday,Scarborough Centre Station,Utilized Off Route,11,22,N/B,3400
2020-06-16,133,10:40:00,Tuesday,Scarborough Centre Station,Utilized Off Route,11,22,N/B,3537
2020-06-16,57,10:45:00,Tuesday,Kennedy STN,Utilized Off Route,1,1,N/B,8902
2020-06-16,133,10:51:00,Tuesday,Scarborough Centre Station,Utilized Off Route,11,22,N/B,3416
2020-06-16,87,11:00:00,Tuesday,Brroadview station,Mechanical,10,20,,8498
2020-06-16,43,11:05:00,Tuesday,Kennedy STN,Utilized Off Route,15,30,N/B,8727
2020-06-16,84,11:07:00,Tuesday,Weston and Bradstock,Mechanical,8,16,E/B,3196
2020-06-16,62,11:13:00,Tuesday,Chisholm/Lumsden,Investigation,22,44,W/B,3111
2020-06-16,168,11:25:00,Tuesday,DAVENPORT AND OSLER,Diversion,85,65,B/W,
2020-06-16,127,11:40:00,Tuesday,Davenport and Osler,Diversion,20,40,W/B,1269
2020-06-16,21,12:20:00,Tuesday,Scarborough Centre Station,Mechanical,26,52,S/B,1320
2020-06-16,85,12:26:00,Tuesday,Don Mills Station,Utilized Off Route,25,50,E/B,3493
2020-06-16,719,12:27:00,Tuesday,Eglinton Stn,Utilized Off Route,1,1,W/B,1065
2020-06-16,36,12:27:00,Tuesday,Finch stn,Utilized Off Route,5,10,W/B,3270
2020-06-16,600,12:28:00,Tuesday,Steeles and Signet,Utilized Off Route,1,1,N/B,8143
2020-06-16,133,12:29:00,Tuesday,Scarborough Centre Station,Utilized Off Route,11,22,S/B,3506
2020-06-16,36,12:31:00,Tuesday,Finch stn,Utilized Off Route,5,10,W/B,3232
2020-06-16,60,12:32:00,Tuesday,Finch stn,Utilized Off Route,5,10,W/B,3236
2020-06-16,7,12:32:00,Tuesday,Greenwin Village & Bathurst,Utilized Off Route,8,16,SB,8338
2020-06-16,32,12:32:00,Tuesday,Eglinton Stn,Utilized Off Route,10,20,W/B,1626
2020-06-16,36,12:39:00,Tuesday,Finch stn,Utilized Off Route,8,16,W/B,3617
2020-06-16,98,12:39:00,Tuesday,Sheppard Station,Utilized Off Route,25,50,wb,1239
2020-06-16,165,12:40:00,Tuesday,Wilson stn,Utilized Off Route,12,24,E/B,3302
2020-06-16,42,12:40:00,Tuesday,Finch Station,Utilized Off Route,13,27,S/B,8384
2020-06-16,39,12:40:00,Tuesday,Finch Station,Utilized Off Route,16,39,S/B,3544
2020-06-16,60,12:42:00,Tuesday,Finch stn,Utilized Off Route,8,16,W/B,3652
2020-06-16,41,12:42:00,Tuesday,Ian McDonald and Chimneystack,Utilized Off Route,12,24,NB,9042
2020-06-16,163,12:44:00,Tuesday,Lawrence West stn,Utilized Off Route,12,24,N/B,8118
2020-06-16,29,12:46:00,Tuesday,Wilson station,Utilized Off Route,7,15,NB,9046
2020-06-16,36,12:49:00,Tuesday,Finch stn,Utilized Off Route,5,10,W/B,3183
2020-06-16,29,12:50:00,Tuesday,Dufferin & Ranee,Investigation,8,15,NB,9151
2020-06-16,32,12:50:00,Tuesday,Eglinton Stn,Utilized Off Route,10,20,W/B,1325
2020-06-16,17,12:51:00,Tuesday,Warden Station,Investigation,13,26,N/B,8497
2020-06-16,600,12:52:00,Tuesday,Yonge & Sheppard,Utilized Off Route,0,0,NB,8126
2020-06-16,53,12:54:00,Tuesday,Finch stn,Utilized Off Route,9,18,E/B,9093
2020-06-16,81,12:54:00,Tuesday,Pape and Oconnor,Investigation,11,22,S/B,8473
2020-06-16,7,12:55:00,Tuesday,Greenwin Village,Mechanical,16,24,SB,1236
2020-06-16,84,12:55:00,Tuesday,Sheppard Station,Utilized Off Route,8,16,W/B,3296
2020-06-16,75,12:59:00,Tuesday,South Dr / Elm Ave,Utilized Off Route,9,18,N/B,8104
2020-06-16,75,12:59:00,Tuesday,South Dr/ Elm Ave,General Delay,9,18,N/B,8104
2020-06-16,100,13:03:00,Tuesday,Broadview station,Utilized Off Route,9,18,N/B,8735
2020-06-16,133,13:20:00,Tuesday,morningside and finch,Utilized Off Route,11,22,E/B,3411
2020-06-16,7,13:22:00,Tuesday,Greenwin Village & Bathurst,Utilized Off Route,16,24,S/B,1236
2020-06-16,124,13:30:00,Tuesday,lawrence station,Mechanical,9,18,E/B,8180
2020-06-16,17,13:39:00,Tuesday,Mc Nicol,Investigation,13,26,S/B,8470
2020-06-16,117,13:46:00,Tuesday,Sheppard West Station,Mechanical,17,37,N/B,1346
2020-06-16,7,14:24:00,Tuesday,Bathurst station,Mechanical,8,15,NB,8164
2020-06-16,165,14:25:00,Tuesday,Wilson stn,Mechanical,12,24,E/B,3311
2020-06-16,52,14:31:00,Tuesday,Lawrence West Station,Mechanical,15,38,E/B,8383
2020-06-16,600,14:40:00,Tuesday,Marlee and Lawrence,Investigation,1,1,W/B,8369
2020-06-16,102,15:01:00,Tuesday,Lawrence,Mechanical,10,20,N/B,8599
2020-06-16,84,16:11:00,Tuesday,Sheppard and Wilmington,Investigation,30,60,E/B,3296
2020-06-16,135,16:15:00,Tuesday,Warden Station,Mechanical,20,40,W/B,9220
2020-06-16,41,16:27:00,Tuesday,Bloor west and Indian Grove,Investigation,17,34,E/B,9136
2020-06-16,89,16:35:00,Tuesday,"On Weston Road, at Eglinton",Emergency Services,11,22,S/B,1521
2020-06-16,44,16:40:00,Tuesday,Kipling stn,Mechanical,5,10,S/B,8421
2020-06-16,24,16:46:00,Tuesday,Victoria Park Station,Investigation,9,19,N/B,8468
2020-06-16,168,17:10:00,Tuesday,Dundas west stn,Mechanical,12,24,N/B,1502
2020-06-16,35,17:27:00,Tuesday,Pioneer Village Station,Emergency Services,8,16,N/B,3198
2020-06-16,43,17:27:00,Tuesday,Kennedy and Lawrence,Investigation,9,18,N/B,8682
2020-06-16,50,17:33:00,Tuesday,Mill Rd Loop and Burhamthorpe,Mechanical,17,34,E/B,8444
2020-06-16,35,17:35:00,Tuesday,Jane and Trethewey,Investigation,1,1,N/B,3641
2020-06-16,52,17:49:00,Tuesday,Lawrence Station,Emergency Services,16,32,W/B,8119
2020-06-16,89,18:13:00,Tuesday,"On Weston Road, at Ray",Mechanical,11,22,S/B,9104
2020-06-16,600,18:22:00,Tuesday,Pioneer Village station,Investigation,0,0,NB,1137
2020-06-16,77,18:27:00,Tuesday,Windermere Place,Mechanical,10,20,N/B,1038
2020-06-16,131,18:52:00,Tuesday,Markham and nugget,Mechanical,9,18,E/B,3514
2020-06-16,108,18:52:00,Tuesday,Sheppard west station,Mechanical,20,37,W/B,3609
2020-06-16,123,18:55:00,Tuesday,Shorncliffe and Dundas west,Mechanical,10,20,N/B,7969
2020-06-16,109,18:58:00,Tuesday,Lawrence West Stn,Mechanical,9,18,N/B,1223
2020-06-16,32,19:06:00,Tuesday,Keele and Eglinton,Mechanical,2,13,W/B,1203
2020-06-16,38,19:44:00,Tuesday,STC,Mechanical,9,18,E/B,3552
2020-06-16,69,19:49:00,Tuesday,kingston and birchmount,Mechanical,15,30,N/B,9231
2020-06-16,116,19:51:00,Tuesday,Kennedy Station,Utilized Off Route,8,16,E/B,8857
2020-06-16,40,21:30:00,Tuesday,Dundas west and Royal York,Diversion,60,75,W/B,
2020-06-16,51,22:46:00,Tuesday,Eglinton and Forman,Mechanical,28,56,E/B,8218
2020-06-16,116,23:03:00,Tuesday,Mccowan and Eglinton,Mechanical,10,32,W/B,8788
2020-06-16,95,23:07:00,Tuesday,York Mills Stn,Investigation,12,24,E/B,3566
2020-06-16,24,23:56:00,Tuesday,Victoria Park and Steeles,Mechanical,9,19,S/B,8553
2020-06-17,7,00:04:00,Wednesday,Bathurst and Ridgegrove,Investigation,9,18,N/B,8380
2020-06-17,189,00:10:00,Wednesday,Keele and Humberside,Mechanical,30,60,N/B,8067
2020-06-17,29,00:18:00,Wednesday,Dufferin and King,Investigation,17,34,S/B,9146
2020-06-17,32,00:36:00,Wednesday,Keele and Eglinton,Vision,6,8,E/B,1016
2020-06-17,339,03:38:00,Wednesday,Finch and Birchmount,Investigation,30,60,E/B,3277
2020-06-17,171,04:00:00,Wednesday,Mt dennis Garage,Late Leaving Garage - Operator,20,20,S/B,1013
2020-06-17,47,05:46:00,Wednesday,Queen and lansdowne,Mechanical,18,41,N/B,1281
2020-06-17,110,06:08:00,Wednesday,Long Branch,Mechanical,11,22,E/B,7970
2020-06-17,54,06:34:00,Wednesday,LRT Stn.,Mechanical,15,28,E/B,8937
2020-06-17,11,06:53:00,Wednesday,bayview and York Mills,Mechanical,12,24,S/B,1210
2020-06-17,52,07:04:00,Wednesday,Lawrence Station,Emergency Services,18,36,W/B,8104
2020-06-17,126,07:15:00,Wednesday,Christy stn,Mechanical,17,34,S/B,1071
2020-06-17,54,09:02:00,Wednesday,LRT Stn.,Utilized Off Route,11,21,W/B,8949
2020-06-17,116,09:33:00,Wednesday,Kennedy STN,Utilized Off Route,1,1,E/B,8642
2020-06-17,134,09:39:00,Wednesday,Consilium/Progress,Mechanical,6,12,S/B,3423
2020-06-17,62,09:41:00,Wednesday,Main Station,Mechanical,22,44,W/B,8583
2020-06-17,57,10:10:00,Wednesday,Kennedy STN,Utilized Off Route,1,1,N/B,8668
2020-06-17,133,10:29:00,Wednesday,Scarborough Centre Station,Utilized Off Route,11,22,N/B,3555
2020-06-17,133,10:40:00,Wednesday,Scarborough Centre Station,Utilized Off Route,11,22,N/B,3511
2020-06-17,57,10:45:00,Wednesday,Kennedy STN,Utilized Off Route,1,1,N/B,8851
2020-06-17,165,10:50:00,Wednesday,Wilson stn,Utilized Off Route,12,24,E/B,3347
2020-06-17,133,10:51:00,Wednesday,Scarborough Centre Station,Utilized Off Route,11,22,N/B,3533
2020-06-17,35,10:55:00,Wednesday,Jane and bloor street,Diversion,33,40,N/B,
2020-06-17,26,10:55:00,Wednesday,jane and bloor,Diversion,33,45,N/B,
2020-06-17,124,10:57:00,Wednesday,Lawrence Station,Mechanical,9,18,W/B,8121
2020-06-17,36,11:00:00,Wednesday,Finch stn,Mechanical,5,10,W/B,3199
2020-06-17,133,11:02:00,Wednesday,Scarborough Centre Station,Utilized Off Route,11,22,N/B,3524
2020-06-17,43,11:05:00,Wednesday,Kennedy STN,Utilized Off Route,1,1,N/B,8731
2020-06-17,84,11:15:00,Wednesday,Bradstock and Weston Road,Mechanical,8,16,E/B,3178
2020-06-17,133,11:24:00,Wednesday,Scarborough Centre Station,Utilized Off Route,11,22,N/B,3496
2020-06-17,133,11:34:00,Wednesday,Scarborough Centre Station,Utilized Off Route,10,21,N/B,3556
2020-06-17,94,11:37:00,Wednesday,Castle  frank stn,Mechanical,11,22,,1614
2020-06-17,73,11:43:00,Wednesday,Royal York Station,Mechanical,30,60,N/B,7912
2020-06-17,21,11:54:00,Wednesday,Scarborough Centre Station,Mechanical,26,41,S/B,1336
2020-06-17,67,12:00:00,Wednesday,Pharmacy/Brian,Diversion,15,30,B/W,
2020-06-17,52,12:05:00,Wednesday,Lawrence West Stn.,Mechanical,15,30,E/B,1235
2020-06-17,9,12:11:00,Wednesday,Warden Station,Mechanical,26,51,E/B,8954
2020-06-17,35,12:16:00,Wednesday,Jane station,Mechanical,7,14,N/B,3236
2020-06-17,75,12:17:00,Wednesday,SHERBOURNE and Bloor,Investigation,1,1,S/B,1283
2020-06-17,60,12:20:00,Wednesday,Signal Hill / Steeles,Mechanical,8,16,E/B,3608
2020-06-17,29,12:23:00,Wednesday,Exhibition west loop,Utilized Off Route,7,15,NB,9048
2020-06-17,34,12:25:00,Wednesday,eglinton station,Utilized Off Route,12,24,E/B,8742
2020-06-17,133,12:29:00,Wednesday,Scarborough Centre Station,Utilized Off Route,11,22,S/B,3531
2020-06-17,63,12:30:00,Wednesday,Atlantic and King,Utilized Off Route,10,20,N/B,8338
2020-06-17,86,12:30:00,Wednesday,Kennedy STN,Utilized Off Route,1,1,E/B,8852
2020-06-17,125,12:30:00,Wednesday,Finch station,Mechanical,15,30,W/B,1317
2020-06-17,7,12:34:00,Wednesday,Bathurst and Davenport.,Utilized Off Route,8,15,S/B,1218
2020-06-17,600,12:40:00,Wednesday,Sherbourne - RAD extra,Utilized Off Route,1,1,B/W,8116
2020-06-17,69,13:19:00,Wednesday,Birchmount and St Clair,Diversion,81,98,S/B,8538
2020-06-17,36,13:30:00,Wednesday,Finch stn,Mechanical,5,10,W/B,3343
2020-06-17,60,13:40:00,Wednesday,Signalhill / Steeles,Mechanical,8,16,E/B,9121
2020-06-17,52,13:47:00,Wednesday,Lawrence West Stn.,Mechanical,15,30,E/B,8142
2020-06-17,60,13:50:00,Wednesday,Pioneer Village stn,Mechanical,8,16,W/B,3608
2020-06-17,39,13:56:00,Wednesday,Nielson,Mechanical,8,16,W/B,1360
2020-06-17,163,14:00:00,Wednesday,Marlee and lawrence,Investigation,13,26,S/B,1364
2020-06-17,165,14:05:00,Wednesday,Finch and Weston,Mechanical,12,24,S/B,3286
2020-06-17,29,14:12:00,Wednesday,Lawrence and Keele POD Dufferin & Lawrence,Mechanical,5,9,E/B,9017
2020-06-17,52,14:37:00,Wednesday,Westwood Mall,Mechanical,15,30,E/B,1282
2020-06-17,32,14:38:00,Wednesday,Eglinton Stn,Utilized Off Route,13,16,W/B,1081
2020-06-17,29,14:42:00,Wednesday,Exhibition west loop,Utilized Off Route,7,22,NB,9138
2020-06-17,84,14:43:00,Wednesday,Weston Road and Bradstock,Mechanical,8,16,E/B,3650
2020-06-17,63,14:45:00,Wednesday,Oakwood loop,Utilized Off Route,10,20,N/B,8115
2020-06-17,600,14:50:00,Wednesday,Wilson RAD bus,Utilized Off Route,1,1,B/W,8116
2020-06-17,163,14:52:00,Wednesday,Marlee and Eglinton,Utilized Off Route,13,26,S/B,1364
2020-06-17,94,14:52:00,Wednesday,WELLESLEY - Ossington Station,Utilized Off Route,15,30,E/B,1264
2020-06-17,163,14:56:00,Wednesday,Ossington stn,Utilized Off Route,12,24,N/B,8183
2020-06-17,7,15:09:00,Wednesday,Bathurst station,Utilized Off Route,8,15,NB,8165
2020-06-17,56,15:15:00,Wednesday,eglinton ave and mt pleasant,Mechanical,18,36,W/B,1296
2020-06-17,24,15:28:00,Wednesday,Victoria Park Station,Mechanical,10,29,N/B,3124
2020-06-17,108,15:42:00,Wednesday,Finch  & Driftwood,Investigation,14,28,S/B,3176
2020-06-17,84,15:44:00,Wednesday,Jane and Sheppard,Mechanical,6,16,E/B,3210
2020-06-17,29,15:54:00,Wednesday,Dufferin & Davenport,Mechanical,8,15,SB,9025
2020-06-17,95,16:09:00,Wednesday,Victoria Park and Ellesmere,Investigation,6,12,W/B,3475
2020-06-17,32,16:20:00,Wednesday,Eglinton Stn,Utilized Off Route,9,17,W/B,1361
2020-06-17,52,16:20:00,Wednesday,Lawrence Staiton,Utilized Off Route,16,31,W/B,8300
2020-06-17,34,16:20:00,Wednesday,Eglinton Station,Utilized Off Route,6,12,E/B,8746
2020-06-17,51,16:20:00,Wednesday,eglinton station,Utilized Off Route,21,42,E/B,8111
2020-06-17,34,16:20:00,Wednesday,eglinton station,Utilized Off Route,13,26,E/B,8631
2020-06-17,600,16:20:00,Wednesday,Wilson RAD bus,Utilized Off Route,1,1,B/W,8116
2020-06-17,54,16:22:00,Wednesday,Eglinton Station,Utilized Off Route,15,28,E/B,8658
2020-06-17,63,16:24:00,Wednesday,Oakwood loop,Diversion,5,10,S/B,815
2020-06-17,600,16:25:00,Wednesday,STC,Utilized Off Route,1,1,N/B,3504
2020-06-17,600,16:27:00,Wednesday,Warden stn,Utilized Off Route,1,1,N/B,8841
2020-06-17,600,16:29:00,Wednesday,Finch Station,Utilized Off Route,1,1,WB,3312
2020-06-17,7,16:29:00,Wednesday,Bathurst stn,Utilized Off Route,8,15,NB,1351
2020-06-17,122,16:30:00,Wednesday,York Mills Stn,Utilized Off Route,14,28,E/B,8160
2020-06-17,60,16:35:00,Wednesday,Finch Station,Utilized Off Route,9,18,WB,3310
2020-06-17,600,16:35:00,Wednesday,Islington Station,Utilized Off Route,1,2,S/B,8610
2020-06-17,85,16:36:00,Wednesday,Sheppard Station,Utilized Off Route,17,34,E/B,9098
2020-06-17,54,16:40:00,Wednesday,Eglinton Station,Utilized Off Route,13,25,E/B,8800
2020-06-17,95,16:44:00,Wednesday,York Mills Stn,Utilized Off Route,1,1,E/B,3515
2020-06-17,165,16:45:00,Wednesday,Weston Rd and Finch,Diversion,181,190,S/B,3634
2020-06-17,95,16:45:00,Wednesday,York Mills Stn,Utilized Off Route,11,22,E/B,3425
2020-06-17,95,16:45:00,Wednesday,York Mills Station,Utilized Off Route,1,1,E/B,3566
2020-06-17,54,16:54:00,Wednesday,Scarborough Golf and Lawrence,Emergency Services,13,25,W/B,8943
2020-06-17,7,16:55:00,Wednesday,Bathurst stn,Utilized Off Route,8,15,NB,8127
2020-06-17,6,16:57:00,Wednesday,BAY - Davenport and Duport,Utilized Off Route,10,20,S/B,1008
2020-06-17,600,16:59:00,Wednesday,STC,Utilized Off Route,1,1,N/B,8547
2020-06-17,600,17:00:00,Wednesday,Finch Station,Utilized Off Route,1,1,WB,3297
2020-06-17,600,17:02:00,Wednesday,Finch Station,Utilized Off Route,1,1,WB,3599
2020-06-17,135,17:05:00,Wednesday,Warden and Danforth Road,Diversion,164,184,S/B,3132
2020-06-17,69,17:05:00,Wednesday,Warden and Danforth Road,Diversion,164,189,S/B,9204
2020-06-17,32,17:10:00,Wednesday,Eglinton Stn,Utilized Off Route,10,19,W/B,1605
2020-06-17,600,17:13:00,Wednesday,stc,Utilized Off Route,1,1,N/B,3453
2020-06-17,41,17:21:00,Wednesday,Dundas west stn,Diversion,68,84,BW,
2020-06-17,113,17:49:00,Wednesday,Main Stn,Mechanical,11,22,E/B,8472
2020-06-17,113,17:53:00,Wednesday,Danforth and Warden,Diversion,7,15,W/B,8472
2020-06-17,50,18:06:00,Wednesday,Islington Station,Mechanical,17,34,W/B,7946
2020-06-17,22,18:30:00,Wednesday,Kingston and Dundas,Utilized Off Route,8,15,W/B,8591
2020-06-17,95,19:37:00,Wednesday,Kingston Cul De Sac,Investigation,14,28,E/B,3536
2020-06-17,116,19:51:00,Wednesday,Warden Station,Utilized Off Route,8,16,W/B,8642
2020-06-17,133,20:35:00,Wednesday,STC,Utilized Off Route,11,22,N/B,1391
2020-06-17,53,21:01:00,Wednesday,Steeles and Don Mills,Mechanical,5,10,WB,1579
2020-06-17,135,21:02:00,Wednesday,Warden Station,Emergency Services,30,60,W/B,8499
2020-06-17,87,21:55:00,Wednesday,Broadview and Fulton Ave,Investigation,11,22,S/B,8527
2020-06-17,7,21:58:00,Wednesday,Bathurst st and Roselawn,Emergency Services,9,18,N/B,8100
2020-06-17,84,22:22:00,Wednesday,Weston and Bradstock,Mechanical,30,60,E/B,3345
2020-06-17,54,22:26:00,Wednesday,Lawrence and Crockford,Mechanical,15,28,E/B,8737
2020-06-17,85,22:55:00,Wednesday,McCowan/Sheppard,Mechanical,11,22,E/B,3464
2020-06-18,53,00:47:00,Thursday,Finch Station,Investigation,20,40,EB,9005
2020-06-18,307,02:00:00,Thursday,Bathrust and Front,General Delay,15,45,B/W,
2020-06-18,32,04:32:00,Thursday,Steels Loop,Mechanical,16,32,S/B,1044
2020-06-18,53,05:15:00,Thursday,Markham and Passmore,Late Leaving Garage - Vision,9,18,W/B,9074
2020-06-18,60,05:35:00,Thursday,Finch Station,Late Leaving Garage - Operator,11,23,W/B,9107
2020-06-18,36,05:40:00,Thursday,Finch Station,Mechanical,10,35,W/B,9027
2020-06-18,47,06:12:00,Thursday,Lansdowne & Queen,Utilized Off Route,13,27,S/B,1138
2020-06-18,36,06:18:00,Thursday,Humberwood loop,Late Leaving Garage - Mechanical,6,12,E/B,3603
2020-06-18,84,06:34:00,Thursday,Norfinch and Finch,Diversion,48,66,N/B,
2020-06-18,927,06:40:00,Thursday,Kipling Station,Late Leaving Garage - Mechanical,10,20,N/B,3584
2020-06-18,79,06:50:00,Thursday,mt.dennis garage,Late Leaving Garage - Mechanical,8,16,S/B,1075
2020-06-18,11,07:00:00,Thursday,Davisville station,Investigation,16,32,N/B,8344
2020-06-18,14,07:00:00,Thursday,Entire route,General Delay,10,20,B/W,1097
2020-06-18,32,07:15:00,Thursday,Eglinton Ave W & Jane,Emergency Services,12,24,W/B,1079
2020-06-18,89,07:17:00,Thursday,Wilby Cres and Weston Rd,Diversion,103,110,B/W,
2020-06-18,17,07:24:00,Thursday,Birchmount/Steeles Ave. E,Mechanical,34,68,N/B,8407
2020-06-18,133,07:33:00,Thursday,Scarborough Centre Station,Mechanical,11,22,N/B,3430
2020-06-18,60,07:43:00,Thursday,Finch Station,Late Leaving Garage - Operator,8,16,W/B,3634
2020-06-18,32,07:45:00,Thursday,Eglinton Ave W and Jane,Utilized Off Route,12,22,W/B,1079
2020-06-18,85,07:48:00,Thursday,McCowan and Sheppard,Investigation,7,14,E/B,3529
2020-06-18,116,08:03:00,Thursday,Morningside Ave/Nightstar Rd,Emergency Services,8,16,S/B,8730
2020-06-18,45,08:20:00,Thursday,KIPLING AND FINCH,Diversion,66,40,S/B,
2020-06-18,134,08:30:00,Thursday,Finch/Markham,Investigation,18,36,N/B,1336
2020-06-18,123,08:35:00,Thursday,SHERWAY GARDENS,Mechanical,17,36,S/B,7970
2020-06-18,73,08:38:00,Thursday,Royal york station,Mechanical,3,5,S/B,8422
2020-06-18,102,09:05:00,Thursday,Warden Station,Utilized Off Route,20,30,N/B,9237
2020-06-18,17,09:10:00,Thursday,Warden Station,Utilized Off Route,13,26,N/B,8532
2020-06-18,35,09:18:00,Thursday,pioneer village station,Utilized Off Route,7,14,S/B,3633
2020-06-18,116,09:20:00,Thursday,Eglinton Ave E/Markham Rd,Mechanical,25,55,N/B,8776
2020-06-18,102,09:25:00,Thursday,Warden Station,Utilized Off Route,10,30,N/B,8409
2020-06-18,116,09:33:00,Thursday,Kennedy STN,Utilized Off Route,1,1,E/B,8832
2020-06-18,29,09:35:00,Thursday,Wilson Stn,Utilized Off Route,8,16,S/B,9151
2020-06-18,7,09:40:00,Thursday,Wilson & Bathurst,Utilized Off Route,12,24,S/B,1368
2020-06-18,25,09:41:00,Thursday,Pape Station,Utilized Off Route,10,20,N/B,8724
2020-06-18,16,09:44:00,Thursday,Warden Station,Utilized Off Route,13,26,N/B,8557
2020-06-18,29,09:45:00,Thursday,Wilson Stn,Utilized Off Route,1,1,S/B,3181
2020-06-18,35,09:46:00,Thursday,pioneer village station,Utilized Off Route,7,14,S/B,3211
2020-06-18,32,09:55:00,Thursday,Renforth Station,Utilized Off Route,11,22,E/B,1590
2020-06-18,25,09:57:00,Thursday,Don Mills and Sheppard,Investigation,10,20,S/B,8703
2020-06-18,49,10:01:00,Thursday,KIPLING STN,Mechanical,12,24,N/B,8417
2020-06-18,39,10:02:00,Thursday,Finch and Birchmount,Investigation,10,20,W/B,9079
2020-06-18,57,10:10:00,Thursday,Kennedy STN,Utilized Off Route,1,1,N/B,8743
2020-06-18,52,10:10:00,Thursday,Lawrence West Station\,Mechanical,15,30,W/B,8196
2020-06-18,92,10:12:00,Thursday,Woodbine and eastwood/Corley Ave,Diversion,180,192,B/W,8599
2020-06-18,39,10:15:00,Thursday,Birchmount and Kennedy,Diversion,30,46,W/B,3556
2020-06-18,102,10:23:00,Thursday,Markham/Ellesmere,Utilized Off Route,20,30,N/B,9234
2020-06-18,133,10:29:00,Thursday,Scarborough Centre Station,Utilized Off Route,11,22,N/B,3538
2020-06-18,17,10:41:00,Thursday,Warden Station,Utilized Off Route,13,26,N/B,8520
2020-06-18,57,10:45:00,Thursday,Kennedy STN,Utilized Off Route,1,1,N/B,8890
2020-06-18,54,10:49:00,Thursday,Lawrence and Warden,Utilized Off Route,14,28,W/B,8840
2020-06-18,165,10:50:00,Thursday,Wilson stn,Utilized Off Route,12,24,E/B,3615
2020-06-18,133,10:51:00,Thursday,Scarborough Centre Station,Utilized Off Route,11,22,N/B,3566
2020-06-18,43,11:05:00,Thursday,Kennedy STN,Utilized Off Route,1,1,N/B,8772
2020-06-18,124,11:06:00,Thursday,Lawrence station,Utilized Off Route,9,18,E/B,8156
2020-06-18,102,11:35:00,Thursday,Warden Station,Utilized Off Route,20,30,NB,3132
2020-06-18,100,11:36:00,Thursday,Broadview stn,Utilized Off Route,6,12,,8868
2020-06-18,60,11:45:00,Thursday,Finch stn,Mechanical,8,16,W/B,3367
2020-06-18,133,11:56:00,Thursday,Scarborough Centre Station,Utilized Off Route,11,22,N/B,3557
2020-06-18,84,12:03:00,Thursday,Weston Road and Bradstock,Mechanical,8,16,E/B,3353
2020-06-18,7,12:09:00,Thursday,Bathurst Station,Mechanical,8,16,N/B,8324
2020-06-18,17,12:12:00,Thursday,Warden Station,Utilized Off Route,13,26,N/B,3125
2020-06-18,34,12:20:00,Thursday,eglinton station,Utilized Off Route,12,24,W/B,8789
2020-06-18,133,12:29:00,Thursday,Scarborough Centre Station,Utilized Off Route,11,22,N/B,3486
2020-06-18,54,12:31:00,Thursday,Lawrence and Bennett Rd,Investigation,14,28,E/B,8802
2020-06-18,36,12:36:00,Thursday,Finch / Arrow,Vision,5,10,E/B,9132
2020-06-18,75,12:37:00,Thursday,SHERBOURNE South Drive and Glen Road,Utilized Off Route,1,1,S/B,8182
2020-06-18,71,12:45:00,Thursday,rockcliff and woolner,Diversion,195,210,S/B,
2020-06-18,65,12:50:00,Thursday,Front and Parliament,Utilized Off Route,13,26,N/B,3168
2020-06-18,56,13:00:00,Thursday,eglinton station,Utilized Off Route,20,40,W/B,1271
2020-06-18,72,13:00:00,Thursday,PAPE - Pape Station,Utilized Off Route,19,38,S/B,8555
2020-06-18,34,13:02:00,Thursday,eglinton Station,Utilized Off Route,12,24,W/B,8652
2020-06-18,165,13:24:00,Thursday,Wilson and Clayson,Mechanical,12,24,E/B,3614
2020-06-18,84,13:25:00,Thursday,Sheppard West Station,Mechanical,8,16,E/B,3183
2020-06-18,168,13:42:00,Thursday,DUNDAS WEST STN,Mechanical,20,40,N/B,1350
2020-06-18,165,13:57:00,Thursday,Wilson stn,Utilized Off Route,12,24,E/B,3585
2020-06-18,24,14:14:00,Thursday,Victoria Park Station,Utilized Off Route,10,30,N/B,3162
2020-06-18,54,14:15:00,Thursday,LRT Station,Utilized Off Route,14,28,W/B,8827
2020-06-18,7,14:17:00,Thursday,Fisherville at Bathurst,Mechanical,8,16,N/B,8327
2020-06-18,75,14:18:00,Thursday,SHERBOURNE - South Drive and Glen Road,Utilized Off Route,1,1,S/B,8157
2020-06-18,96,14:20:00,Thursday,Wilson stn,Utilized Off Route,14,28,E/B,3331
2020-06-18,11,14:20:00,Thursday,davisville station,Utilized Off Route,13,26,W/B,8169
2020-06-18,75,14:25:00,Thursday,SHERBOURNE - Glen Drive and Elm,Diversion,291,300,N/B,1252
2020-06-18,41,14:40:00,Thursday,Keele Station,Utilized Off Route,12,24,N/B,9138
2020-06-18,927,14:52:00,Thursday,FINCH AND MARTINGROVE,Mechanical,9,18,N/B,3607
2020-06-18,927,14:54:00,Thursday,KIPLING STN,Utilized Off Route,9,18,N/B,3311
2020-06-18,22,14:56:00,Thursday,Coxwell stn,Utilized Off Route,7,15,E/B,9216
2020-06-18,165,15:01:00,Thursday,Wilson stn,Utilized Off Route,12,24,E/B,3581
2020-06-18,34,15:10:00,Thursday,Eglinton Garage,Late Leaving Garage - Mechanical,6,12,W/B,8845
2020-06-18,100,15:14:00,Thursday,FLEMINGDON PARK - Don Mills and Wynford,Mechanical,9,18,S/B,8681
2020-06-18,86,15:36:00,Thursday,Kingston Rd/Galloway Rd,Mechanical,16,32,W/B,8850
2020-06-18,38,15:38:00,Thursday,Scarborough Town Centre,Utilized Off Route,1,1,E/B,3429
2020-06-18,36,15:55:00,Thursday,Finch / Norfinch,Mechanical,5,10,W/B,9122
2020-06-18,63,15:57:00,Thursday,Ossington stn,Mechanical,5,10,N/B,8168
2020-06-18,60,16:10:00,Thursday,Pioneer Village stn,Mechanical,8,16,W/B,3176
2020-06-18,96,16:14:00,Thursday,Humberline and Albion,Mechanical,25,50,E/B,3588
2020-06-18,163,16:25:00,Thursday,Oakwood and Rogers,Investigation,11,22,E/B,1215
2020-06-18,41,16:25:00,Thursday,Keele at Grandravine,Diversion,45,60,S/B,
2020-06-18,100,16:27:00,Thursday,FLEMINGDON PARK - Broadview Station,Vision,9,18,N/B,8875
2020-06-18,108,16:30:00,Thursday,Keele at Grandravine,Diversion,40,17,E/B,
2020-06-18,54,16:32:00,Thursday,Yonge and Eglinton,Utilized Off Route,11,22,W/B,8735
2020-06-18,24,16:34:00,Thursday,Victoria Park Stn,Utilized Off Route,10,19,N/B,9211
2020-06-18,133,16:39:00,Thursday,STC,Utilized Off Route,7,14,E/B,3462
2020-06-18,22,16:45:00,Thursday,kingston road and Waverly,Investigation,8,16,E/B,8587
2020-06-18,41,16:45:00,Thursday,Pioneer Village Station,Utilized Off Route,15,30,S/B,9147
2020-06-18,32,16:51:00,Thursday,renforth station,Mechanical,9,19,W/B,1419
2020-06-18,52,17:04:00,Thursday,Lawrence west station,Mechanical,13,26,W/B,8372
2020-06-18,38,17:08:00,Thursday,Scarborough Town Centre,Utilized Off Route,1,1,E/B,1579
2020-06-18,47,17:08:00,Thursday,Queen and Lansdowne,Utilized Off Route,14,27,N/B,1015
2020-06-18,45,17:10:00,Thursday,Kipling stn,Mechanical,17,33,N/B,8053
2020-06-18,161,17:14:00,Thursday,Jane and Alliance,Mechanical,23,46,E/B,1022
2020-06-18,161,17:16:00,Thursday,Ossington Stn,Investigation,23,46,N/B,1059
2020-06-18,600,17:16:00,Thursday,Brimley and St Clair Ave E.,Emergency Services,5,10,E/B,9200
2020-06-18,22,17:22:00,Thursday,1r,Utilized Off Route,7,15,E/B,9200
2020-06-18,927,17:25:00,Thursday,Hwy 27 and Queensplate,Investigation,5,10,N/B,3306
2020-06-18,85,17:26:00,Thursday,Morningside and Sheppard Ave E,Investigation,13,26,W/B,3551
2020-06-18,102,17:29:00,Thursday,Warden STN,Mechanical,1,1,S/B,3132
2020-06-18,68,17:50:00,Thursday,Warden and Tower,Diversion,55,64,N/B,8657
2020-06-18,42,17:55:00,Thursday,Cummer,Mechanical,15,29,E/B,8306
2020-06-18,63,18:00:00,Thursday,Oakwood loop,Mechanical,5,10,S/B,8216
2020-06-18,600,18:00:00,Thursday,Keele Station,Utilized Off Route,1,1,S/B,9149
2020-06-18,600,18:02:00,Thursday,Bathurst Station,Utilized Off Route,1,1,N/B,1354
2020-06-18,129,18:04:00,Thursday,STC,Mechanical,15,30,N/B,1239
2020-06-18,63,18:10:00,Thursday,King & Atlantic,Utilized Off Route,20,28,S,8168
2020-06-18,29,18:12:00,Thursday,Wilson Station,Mechanical,7,15,S/B,9151
2020-06-18,47,18:23:00,Thursday,Earlscourt Loop,Mechanical,13,26,S/B,1409
2020-06-18,62,18:52:00,Thursday,Main Stn,Utilized Off Route,22,44,N/B,
2020-06-18,32,18:54:00,Thursday,pine and lawrence,Mechanical,10,20,S/B,1057
2020-06-18,11,18:55:00,Thursday,steeles and bayview,Mechanical,15,30,N/B,1229
2020-06-18,32,19:01:00,Thursday,marlee and eglinton,Investigation,9,18,W/B,1113
2020-06-18,600,19:45:00,Thursday,Bloor & Ossington,Investigation,1,1,W/B,7963
2020-06-18,600,19:45:00,Thursday,Dundas west stn,Investigation,1,1,S/B,7963
2020-06-18,70,19:52:00,Thursday,Warden station,Utilized Off Route,7,14,W/B,8915
2020-06-18,70,19:52:00,Thursday,Warden station,Investigation,7,14,W/B,8915
2020-06-18,165,20:00:00,Thursday,Weston Rd and Steeles,Diversion,405,415,N/B,3619
2020-06-18,927,20:20:00,Thursday,Kipling stn,Utilized Off Route,14,28,N/B,3261
2020-06-18,133,20:35:00,Thursday,STC,Utilized Off Route,9,18,E/B,1327
2020-06-18,74,21:14:00,Thursday,St.Clair Stn,Mechanical,15,30,N/B,1270
2020-06-18,52,21:14:00,Thursday,Dixon and Kelfield,Mechanical,11,23,E/B,8378
2020-06-18,7,22:02:00,Thursday,Bathurst st and Ellerslie,Investigation,8,17,N/B,1213
2020-06-18,163,22:03:00,Thursday,Lawrence Stn,Mechanical,14,28,N/B,8140
2020-06-18,56,22:20:00,Thursday,Donlands Station,Utilized Off Route,19,38,N/B,8117
2020-06-18,11,23:05:00,Thursday,Steeles and Bayview,Mechanical,15,50,N/B,8143
2020-06-19,89,00:45:00,Friday,Weston and Albion,Investigation,10,20,S/B,9139
2020-06-19,14,04:00:00,Friday,EGLINTON/CHAPLIN,Diversion,999,999,B/W,
2020-06-19,600,05:04:00,Friday,Leslie and Sheppard,Utilized Off Route,1,1,E/B,1312
2020-06-19,23,05:06:00,Friday,Rexleigh and St clair,Late Leaving Garage - Operator,15,30,S/B,
2020-06-19,600,05:07:00,Friday,Midland and Sheppard,Utilized Off Route,1,1,W/B,3483
2020-06-19,25,05:14:00,Friday,York Mills Rd and Don Mills Rd,Investigation,10,20,N/B,8847
2020-06-19,21,05:25:00,Friday,Scarborough Centre Station,Mechanical,20,40,S/B,1238
2020-06-19,43,05:33:00,Friday,Scarborough Centre Station,Late Leaving Garage - Mechanical,20,40,S/B,8817
2020-06-19,320,05:46:00,Friday,yonge and Adelaide,Investigation,20,40,,1296
2020-06-19,23,06:02:00,Friday,Main stn,Mechanical,10,20,N/B,3154
2020-06-19,34,06:24:00,Friday,BAYVIEW/EGLINTON,Mechanical,6,12,W/B,8938
2020-06-19,25,06:24:00,Friday,Pape Station,Late Leaving Garage - Management,6,12,N/B,8654
2020-06-19,84,06:36:00,Friday,Sheppard Station,Mechanical,18,36,W/B,3716
2020-06-19,32,06:45:00,Friday,Caledonia and Eglinton,Mechanical,12,24,E/B,1021
2020-06-19,54,06:53:00,Friday,Lawrence and Starspray,Late Leaving Garage - Management,10,20,W/B,8782
2020-06-19,14,07:00:00,Friday,EGLINTON/CHAPLIN,General Delay,10,30,B/W,
2020-06-19,21,07:05:00,Friday,Brimley/Sheppard,Investigation,11,22,S/B,1339
2020-06-19,124,07:30:00,Friday,LAWRENCE STATION,Emergency Services,6,12,E/B,8361
2020-06-19,165,08:10:00,Friday,York Mills Station,Utilized Off Route,6,12,W/B,3616
2020-06-19,25,08:17:00,Friday,Don Mills station,Mechanical,7,14,N/B,8623
2020-06-19,87,08:22:00,Friday,main stn,Mechanical,5,10,,8554
2020-06-19,5,08:25:00,Friday,ORIOLE PKWY/ ANDERSON,Diversion,183,203,N/B,
2020-06-19,165,08:30:00,Friday,Barmac and Weston,Utilized Off Route,6,12,W/B,3206
2020-06-19,85,08:50:00,Friday,Sheppard and Kingston Road,Diversion,1,1,E/B,3403
2020-06-19,63,09:25:00,Friday,Atlantic and King,Utilized Off Route,4,8,N/B,8185
2020-06-19,95,09:49:00,Friday,Kingston Rd loop,Utilized Off Route,1,1,W/B,3558
2020-06-19,45,09:50:00,Friday,Westway and Kipling,Diversion,30,56,S/B,8440
2020-06-19,29,10:00:00,Friday,Wilson Stn,Investigation,8,16,S/B,9148
2020-06-19,57,10:10:00,Friday,Kennedy station,Utilized Off Route,18,34,N/B,8702
2020-06-19,17,10:15:00,Friday,Warden Station,Utilized Off Route,13,26,N/B,8547
2020-06-19,121,10:18:00,Friday,bathurst and Forth york,Mechanical,18,36,S/B,8587
2020-06-19,60,10:20:00,Friday,Finch stn,Mechanical,10,20,W/B,9126
2020-06-19,43,10:20:00,Friday,Kennedy station,Utilized Off Route,15,30,N/B,8702
2020-06-19,32,10:26:00,Friday,Renforth Stn,Utilized Off Route,1,1,E/B,3729
2020-06-19,133,10:29:00,Friday,Scarborough Centre Station,Utilized Off Route,11,22,N/B,3471
2020-06-19,76,10:32:00,Friday,Royal York Rd/Norseman St,Mechanical,10,20,S/B,8417
2020-06-19,95,10:39:00,Friday,Kingston Loop,Utilized Off Route,1,1,W/B,3477
2020-06-19,133,10:40:00,Friday,Scarborough Centre Station,Utilized Off Route,11,22,N/B,3532
2020-06-19,124,10:48:00,Friday,LAWRENCE STATION,Utilized Off Route,9,18,N/B,8346
2020-06-19,133,10:51:00,Friday,Scarborough Centre Station,Utilized Off Route,11,22,N/B,3565
2020-06-19,75,10:52:00,Friday,sherborne stn,Investigation,6,12,S/B,8382
2020-06-19,927,11:14:00,Friday,Steeles loop and Martingrove,Utilized Off Route,7,14,S/B,3591
2020-06-19,106,11:19:00,Friday,Sheppard West Station,Mechanical,13,26,W/B,8321
2020-06-19,32,11:21:00,Friday,Renforth Stn,Utilized Off Route,9,18,E/B,1043
2020-06-19,52,11:25:00,Friday,Lawrence West Station,Management,15,30,W/B,8337
2020-06-19,60,11:30:00,Friday,Pioneer Village stn,Mechanical,10,20,E/B,9115
2020-06-19,110,11:34:00,Friday,Islington/Lake Shore Blvd,Mechanical,18,36,N/B,8078
2020-06-19,51,11:35:00,Friday,ESTHER SHINER/OLD LESLIE,Diversion,35,62,B/W,8371
2020-06-19,43,11:44:00,Friday,Kenney station,Utilized Off Route,10,20,N/B,8927
2020-06-19,17,11:46:00,Friday,Warden Station,Utilized Off Route,13,26,N/B,8402
2020-06-19,51,12:02:00,Friday,EGLINTON STATION,Utilized Off Route,27,54,N/B,8314
2020-06-19,90,12:18:00,Friday,St. Clair West Stn,Utilized Off Route,10,20,N/B,1228
2020-06-19,47,12:19:00,Friday,Earls court loop,Utilized Off Route,15,30,S/B,1134
2020-06-19,6,12:25:00,Friday,BAY - College to Queen,Diversion,365,375,B/W,
2020-06-19,63,12:25:00,Friday,Oakwood Loop,Utilized Off Route,5,10,S/B,8140
2020-06-19,32,12:31:00,Friday,Pine/Lawrence,Utilized Off Route,11,22,E/B,1084
2020-06-19,63,12:35:00,Friday,Atlantic and King,Utilized Off Route,5,10,N/B,8395
2020-06-19,47,12:42:00,Friday,Queen and Lansdowne,Utilized Off Route,15,30,S/B,1055
2020-06-19,927,12:42:00,Friday,Martingrove and steeles loop,Utilized Off Route,7,14,S/B,3318
2020-06-19,34,13:15:00,Friday,eglinton stn,Utilized Off Route,12,24,E/B,8795
2020-06-19,17,13:17:00,Friday,Warden Station,Utilized Off Route,13,26,N/B,9200
2020-06-19,16,13:42:00,Friday,Warden STN,Mechanical,1,1,N/B,8480
2020-06-19,47,13:43:00,Friday,Earlscourt Loop,Utilized Off Route,15,30,S/B,1134
2020-06-19,63,14:20:00,Friday,Oakwood Loop,Utilized Off Route,4,8,S/B,8118
2020-06-19,63,14:40:00,Friday,Oakwood Loop,Utilized Off Route,4,8,S/B,8140
2020-06-19,38,14:41:00,Friday,Scarborough Town Centre,Utilized Off Route,1,1,E/B,3445
2020-06-19,6,14:44:00,Friday,BAY - Queens Quay and Jarvis,Mechanical,10,20,N/B,1021
2020-06-19,927,14:52:00,Friday,Martingrove and Steeles Loop.,Utilized Off Route,7,14,S/B,3583
2020-06-19,35,14:55:00,Friday,Jane Station,Mechanical,5,10,N/B,3366
2020-06-19,12,14:58:00,Friday,Kennedy stn,Investigation,23,46,S/B,8491
2020-06-19,67,15:00:00,Friday,Ellesmere/ Pharmacy,Mechanical,10,20,S/B,8942
2020-06-19,69,15:00:00,Friday,Warden and Kingston RD,Emergency Services,1,1,N/B,8488
2020-06-19,118,15:10:00,Friday,thistle down and albion,Utilized Off Route,30,60,E/B,3587
2020-06-19,32,15:18:00,Friday,keele and eglinton,Mechanical,9,18,E/B,1086
2020-06-19,36,15:25:00,Friday,Finch west stn,Mechanical,5,10,W/B,9109
2020-06-19,35,15:45:00,Friday,Jane and Driftwood,Investigation,5,14,N/B,3358
2020-06-19,47,15:54:00,Friday,Earlscourt Loop,Utilized Off Route,15,30,S/B,1055
2020-06-19,47,15:54:00,Friday,Yorkdale Station,Mechanical,14,28,S/B,1267
2020-06-19,63,16:03:00,Friday,Atlantic & King St,Investigation,5,10,N/B,1204
2020-06-19,161,16:09:00,Friday,Rogers Rd & Caledonia Rd,Mechanical,23,46,S/B,1115
2020-06-19,38,16:11:00,Friday,Scarborough Town Centre,Utilized Off Route,1,1,E/B,3419
2020-06-19,32,16:17:00,Friday,black creek and eglinton,Mechanical,9,18,W/B,1146
2020-06-19,53,16:25:00,Friday,Passmore / Markham,Mechanical,9,18,W/B,9084
2020-06-19,133,16:39:00,Friday,STC,Utilized Off Route,9,18,E/B,3548
2020-06-19,60,16:51:00,Friday,Finch Station,Emergency Services,4,9,NB,3188
2020-06-19,54,17:01:00,Friday,Eglinton Station,Utilized Off Route,13,25,E/B,8935
2020-06-19,52,17:20:00,Friday,Lawrence West Station,Mechanical,16,28,E/B,8357
2020-06-19,600,17:57:00,Friday,York Mills Station,Mechanical,1,1,E/B,1316
2020-06-19,36,17:58:00,Friday,"on Finch Ave West, from Arrow Rd to Oakdale Rd",Diversion,553,559,BW,1
2020-06-19,39,18:00:00,Friday,Markham Rd,Mechanical,8,16,W/B,
2020-06-19,6,18:21:00,Friday,BAY - Queens Quay and Jarvis,Mechanical,10,20,N/B,1068
2020-06-19,116,18:30:00,Friday,Eglinton and Markham,Investigation,26,50,E/B,8868
2020-06-19,160,18:31:00,Friday,Bathurst,Mechanical,23,46,N/B,8163
2020-06-19,53,19:04:00,Friday,Yonge St and Steeles Ave East,Diversion,51,58,WB,1
2020-06-19,94,19:38:00,Friday,Sherburne and  Wellesley,Investigation,14,28,W/B,1002
2020-06-19,116,19:51:00,Friday,Kennedy Station,Utilized Off Route,8,16,E/B,8666
2020-06-19,34,19:57:00,Friday,Bayview and Eglinton Ave,Investigation,7,14,W/B,8809
2020-06-19,47,20:15:00,Friday,Yorkdale Station,Mechanical,20,40,S/B,1273
2020-06-19,161,20:35:00,Friday,Rogers Rd & Kane Ave,Investigation,10,20,W/B,1019
2020-06-19,133,20:35:00,Friday,STC,Utilized Off Route,9,18,E/B,1313
2020-06-19,37,20:45:00,Friday,Islington and The Westway,Mechanical,23,46,N/B,8061
2020-06-19,133,20:58:00,Friday,Finch and Blackbird Gate,Investigation,9,18,W/B,3431
2020-06-19,116,21:02:00,Friday,Morningside and Sheppard,Mechanical,8,16,S/B,8834
2020-06-19,52,21:08:00,Friday,Lawrence West Station,Mechanical,12,23,E/B,8116
2020-06-19,75,21:10:00,Friday,Lower Jarvis and Lakeshore Blvd,Investigation,18,32,W/B,8382
2020-06-19,927,21:30:00,Friday,Hwy 27 and Queens Plate,Mechanical,14,28,N/B,3577
2020-06-19,134,21:31:00,Friday,Corporate Drive and Progress,Mechanical,24,48,E/B,3404
2020-06-19,32,21:45:00,Friday,Pine St & Wright Ave,Mechanical,10,20,N/B,1020
2020-06-19,102,22:11:00,Friday,Warden Station,Mechanical,11,22,E/B,8579
2020-06-19,7,23:35:00,Friday,Bathurst & Wilson,Mechanical,7,14,S/B,8384
2020-06-20,32,00:20:00,Saturday,High Park stn,Mechanical,10,20,N/B,1576
2020-06-20,36,00:26:00,Saturday,Humberwood Loop,Emergency Services,10,20,NB,9111
2020-06-20,16,00:52:00,Saturday,Warden Station,Utilized Off Route,15,30,N/B,8478
2020-06-20,63,01:50:00,Saturday,Atlantic and King,Mechanical,5,10,N/B,1236
2020-06-20,320,03:59:00,Saturday,Yonge Loop at Steeles,Utilized Off Route,4,7,S/B,8730
2020-06-20,14,04:00:00,Saturday,CHAPLIN/EGLINTON,Diversion,999,999,B/W,
2020-06-20,41,05:20:00,Saturday,Keele/Rogers,Mechanical,20,20,N/B,1121
2020-06-20,17,05:30:00,Saturday,Warden Stn,Late Leaving Garage - Operator,20,40,N/B,
2020-06-20,63,05:37:00,Saturday,St Clair & Oakwood,Mechanical,10,20,S/B,8106
2020-06-20,102,05:50:00,Saturday,Warden Station,Utilized Off Route,10,20,N/B,3125
2020-06-20,85,06:05:00,Saturday,Meadowvale Loop,Late Leaving Garage - Mechanical,8,20,W/B,3508
2020-06-20,106,06:14:00,Saturday,Sheppard West Station,Utilized Off Route,12,24,W/B,8203
2020-06-20,75,06:34:00,Saturday,Sherbourne/Queens quay to Lower Jarvis/Queens quay,Diversion,1114,1129,S/B,1340
2020-06-20,120,07:00:00,Saturday,Jane and Sheppard,Vision,30,60,W/B,3636
2020-06-20,102,07:40:00,Saturday,warden station,Utilized Off Route,10,20,N/B,9203
2020-06-20,9,07:47:00,Saturday,Warden Station,Mechanical,23,46,N/B,8498
2020-06-20,81,08:18:00,Saturday,Millwood Rd/Overlea Blvd,Late Leaving Garage - Mechanical,8,16,N/B,8489
2020-06-20,104,09:00:00,Saturday,Wilson Station,Vision,15,30,N/B,8101
2020-06-20,102,09:13:00,Saturday,Warden Station,Late Leaving Garage - Operator,10,20,N/B,3126
2020-06-20,54,09:13:00,Saturday,Lawrence and Victoria Park,Mechanical,19,38,E/B,8634
2020-06-20,171,09:20:00,Saturday,Mount Dennis Division,Vision,20,40,W/B,1033
2020-06-20,133,09:35:00,Saturday,Scarborough Town centre,Utilized Off Route,10,20,E/B,1207
2020-06-20,133,09:55:00,Saturday,Scarborough Town centre,Utilized Off Route,10,20,E/B,3531
2020-06-20,133,10:15:00,Saturday,Scarborough Town centre,Utilized Off Route,10,20,E/B,3514
2020-06-20,133,10:35:00,Saturday,Scarborough Town Centre,Utilized Off Route,10,20,E/B,1655
2020-06-20,116,10:39:00,Saturday,Kennedy station,Utilized Off Route,9,18,E/B,8859
2020-06-20,36,10:44:00,Saturday,Finch Station,Utilized Off Route,7,14,E/B,3189
2020-06-20,927,10:49:00,Saturday,Kipling station,Utilized Off Route,10,20,N/B,3608
2020-06-20,133,10:55:00,Saturday,Scarborough Town centre,Utilized Off Route,10,20,E/B,3495
2020-06-20,133,11:15:00,Saturday,Scarborough Town centre,Utilized Off Route,10,20,E/B,1238
2020-06-20,70,11:18:00,Saturday,Warden Station,Utilized Off Route,22,44,W/B,8915
2020-06-20,39,11:23:00,Saturday,Finch and Markham,Mechanical,10,20,E/B,3475
2020-06-20,53,11:45:00,Saturday,Malvern Garage,Utilized Off Route,10,15,E/B,1653
2020-06-20,52,11:53:00,Saturday,Lawrence Station,Late Leaving Garage - Mechanical,15,30,W/B,1374
2020-06-20,29,11:56:00,Saturday,Dufferin/Lawrence,Utilized Off Route,6,12,N/B,9020
2020-06-20,36,11:57:00,Saturday,Arrow Garage,Utilized Off Route,5,9,E/B,3339
2020-06-20,89,12:00:00,Saturday,Route 89,General Delay,10,20,BW,
2020-06-20,42,12:00:00,Saturday,Finch station,Mechanical,13,26,B/W,8300
2020-06-20,50,12:00:00,Saturday,Route 50,General Delay,10,40,BW,8463
2020-06-20,66,12:00:00,Saturday,Route 66,General Delay,14,34,BW,
2020-06-20,95,12:15:00,Saturday,U of T,Utilized Off Route,13,26,E/B,3349
2020-06-20,32,12:16:00,Saturday,renforth station,Mechanical,10,20,E/B,1605
2020-06-20,129,12:21:00,Saturday,Steeles/ McCowan,Mechanical,27,57,E/B,1414
2020-06-20,35,12:23:00,Saturday,Jane & Church,Investigation,8,17,S/B,3617
2020-06-20,35,12:30:00,Saturday,Pioneer Village to Jane Stn,General Delay,1,1,B/W,
2020-06-20,52,12:33:00,Saturday,Lawrence West Station,Investigation,10,20,E/B,8185
2020-06-20,32,12:33:00,Saturday,old forest and eglinton,Mechanical,10,20,E/B,1633
2020-06-20,927,12:35:00,Saturday,Kipling and Rexdale,Mechanical,10,20,N/B,3205
2020-06-20,129,13:01:00,Saturday,Alton Towers,Mechanical,6,12,E/B,3449
2020-06-20,116,13:10:00,Saturday,Kennedy Station,Mechanical,7,14,E/B,8741
2020-06-20,43,13:18:00,Saturday,Forbes,Mechanical,15,30,E/B,8723
2020-06-20,97,13:20:00,Saturday,Eglinton and Yonge,Mechanical,30,60,S/B,8305
2020-06-20,97,13:31:00,Saturday,York Mills and Yonge,Investigation,30,60,N/B,8164
2020-06-20,85,13:33:00,Saturday,Sheppard and Shorting,Mechanical,6,17,W/B,3553
2020-06-20,52,13:34:00,Saturday,Lawrence West Station,Mechanical,7,14,W/B,8176
2020-06-20,9,14:25:00,Saturday,Warden Station,Mechanical,24,48,E/B,8578
2020-06-20,35,14:30:00,Saturday,Jane and Finch,Mechanical,9,18,S/B,3225
2020-06-20,41,14:38:00,Saturday,keele station,Mechanical,9,17,N/B,1079
2020-06-20,23,14:41:00,Saturday,Danforth av/Guest,Investigation,10,20,N/B,3167
2020-06-20,129,14:44:00,Saturday,Kennedy station,Investigation,6,12,E/B,1650
2020-06-20,161,14:50:00,Saturday,Entire Line,General Delay,20,40,B/W,1048
2020-06-20,32,14:56:00,Saturday,eglinton station,Mechanical,9,18,W/B,3733
2020-06-20,20,15:00:00,Saturday,Birchmount/Danforth,Mechanical,20,40,E/B,8542
2020-06-20,73,15:16:00,Saturday,Royal York station,General Delay,15,30,N/B,8099
2020-06-20,168,15:23:00,Saturday,Avon Loop,Investigation,10,20,S/B,1626
2020-06-20,161,15:25:00,Saturday,Rogers and Chambers,Diversion,140,160,E/B,1048
2020-06-20,11,15:33:00,Saturday,Bayview at Manor,Investigation,30,60,S/B,8150
2020-06-20,53,15:41:00,Saturday,on Steeles Ave East at Kennedy Road,Mechanical,5,11,WB,1657
2020-06-20,32,15:41:00,Saturday,eglinton station,Mechanical,9,18,W/B,1024
2020-06-20,165,15:55:00,Saturday,Barmac and Weston,Mechanical,8,16,E/B,3350
2020-06-20,163,16:04:00,Saturday,St. Clair and Oakwood,Investigation,10,20,SB,8116
2020-06-20,36,16:12:00,Saturday,on Finch Ave West at Arrow Rd,Mechanical,4,9,EB,3716
2020-06-20,34,16:13:00,Saturday,Kennedy Station,Mechanical,9,18,W/B,8688
2020-06-20,1,16:35:00,Saturday,St. Clair Station,Mechanical,2,4,S/B,9200
2020-06-20,1,16:35:00,Saturday,St. Clair Station,Mechanical,2,4,S/B,8432
2020-06-20,129,16:44:00,Saturday,Milner and Mccowan,Mechanical,12,18,N/B,3458
2020-06-20,75,17:05:00,Saturday,Sherbourn stn,Mechanical,10,20,S/B,1340
2020-06-20,32,17:10:00,Saturday,speers and jane,Diversion,22,31,S/B,
2020-06-20,35,17:10:00,Saturday,Jane station,General Delay,20,27,N/B,3319
2020-06-20,73,17:36:00,Saturday,Clairport and Albion,Mechanical,15,30,E/B,7971
2020-06-20,32,17:51:00,Saturday,pine and lawrence,Mechanical,9,18,S/B,1101
2020-06-20,80,18:00:00,Saturday,High Park station,Mechanical,20,40,E/B,8077
2020-06-20,56,18:15:00,Saturday,Donland at Mortimer,Investigation,24,48,S/B,1247
2020-06-20,24,18:25:00,Saturday,Victoria Park Station,Utilized Off Route,7,14,N/B,3148
2020-06-20,86,18:34:00,Saturday,Kennedy Station,Utilized Off Route,7,14,E/B,8916
2020-06-20,52,18:46:00,Saturday,Royal York Road and Lawrence,Utilized Off Route,18,36,E/B,8125
2020-06-20,1,19:00:00,Saturday,St. Clair Station,Mechanical,1,2,S/B,1305
2020-06-20,63,19:50:00,Saturday,Queen and Strachan,Utilized Off Route,5,10,NB,8346
2020-06-20,7,19:55:00,Saturday,bathurst station,Utilized Off Route,7,15,N/B,8214
2020-06-20,52,20:05:00,Saturday,Islington / Dixon,Mechanical,20,40,W/B,8100
2020-06-20,65,20:45:00,Saturday,Parliament St & Shuter st,Diversion,15,30,N/B,3138
2020-06-20,53,21:15:00,Saturday,on Passmore Ave at Markham Rd,Mechanical,8,20,WB,3513
2020-06-20,53,21:22:00,Saturday,on Passmore Ave at Markham Rd,Utilized Off Route,7,15,WB,3561
2020-06-20,134,21:22:00,Saturday,Scarborough Town Center,Investigation,22,44,E/B,3493
2020-06-20,108,22:05:00,Saturday,Sheppard West Station,Mechanical,30,60,NB,3709
2020-06-20,54,22:15:00,Saturday,Eglinton Station,Mechanical,22,44,E/B,8734
2020-06-20,163,22:19:00,Saturday,Lawrence West Station,Mechanical,10,20,SB,8145
2020-06-20,86,22:25:00,Saturday,Kennedy Station,Investigation,10,19,E/B,8692
2020-06-20,36,22:30:00,Saturday,on Finch Ave West at Weston Rd,Mechanical,9,18,EB,3292
2020-06-20,36,22:36:00,Saturday,on Finch Ave West at Sentinel Rd,Investigation,8,17,EB,3220
2020-06-20,102,22:39:00,Saturday,Lawrence and Markham,Diversion,20,40,S/B,8554
2020-06-20,54,22:55:00,Saturday,Markham / Lawrence,Diversion,67,91,E/B,
2020-06-20,118,23:28:00,Saturday,Tandridge Crescent,Emergency Services,30,60,WB,3303
2020-06-21,165,01:00:00,Sunday,Yorkmills station,Mechanical,10,20,W/B,3619
2020-06-21,300,01:48:00,Sunday,Kipling Station,Utilized Off Route,15,30,N/B,8050
2020-06-21,320,02:18:00,Sunday,Steeles loop.,Utilized Off Route,3,7,S/B,1098
2020-06-21,300,02:31:00,Sunday,Kipling Station,Vision,22,22,W/B,1132
2020-06-21,927,04:50:00,Sunday,Kipling Station,Mechanical,10,20,N/B,3342
2020-06-21,395,05:47:00,Sunday,York Mills Station,Mechanical,30,60,E/B,3442
2020-06-21,320,06:55:00,Sunday,Yonge and steeles,Mechanical,5,10,,8533
2020-06-21,123,07:00:00,Sunday,SHERWAY GARDENS,Investigation,20,40,N/B,8416
2020-06-21,37,08:15:00,Sunday,Evans/ North Carson Ave.,Mechanical,13,25,W/B,8062
2020-06-21,24,08:28:00,Sunday,Victoria Park Station,Mechanical,9,18,N/B,9200
2020-06-21,98,08:30:00,Sunday,"On Willowdale, at Steeles",Mechanical,30,60,S/B,8358
2020-06-21,40,09:00:00,Sunday,Dundas West Station,Mechanical,30,60,E/B,7967
2020-06-21,96,09:23:00,Sunday,arrow garage,Late Leaving Garage - Operator,10,20,W/B,3335
2020-06-21,32,09:47:00,Sunday,Pine and Lawrence,Investigation,10,20,E/B,1052
2020-06-21,52,10:14:00,Sunday,Lawrence West Station,Mechanical,10,20,W/B,1271
2020-06-21,165,10:14:00,Sunday,yorkmills stn,Mechanical,10,20,W/B,3597
2020-06-21,6,10:28:00,Sunday,Queens Quay and Sherbourne,Mechanical,23,46,N/B,1145
2020-06-21,165,11:02:00,Sunday,steeles / old weston,Mechanical,10,20,s/e,3310
2020-06-21,927,11:07:00,Sunday,STEELES,Mechanical,10,20,S/B,3602
2020-06-21,36,11:35:00,Sunday,Finch west stn,Mechanical,5,10,W/B,3315
2020-06-21,32,11:36:00,Sunday,Renforth Station,Mechanical,10,20,E/B,1058
2020-06-21,84,11:45:00,Sunday,Weston Road and Sheppard,Mechanical,10,19,E/B,3612
2020-06-21,60,11:55:00,Sunday,Pioneeer Village stn,Mechanical,10,20,W/B,3609
2020-06-21,25,12:38:00,Sunday,DON Mills Station,Mechanical,10,20,S/B,8677
2020-06-21,41,12:49:00,Sunday,Rogers & Bicknell,Investigation,12,24,S/B,1258
2020-06-21,25,13:09:00,Sunday,Don Mills station,Utilized Off Route,10,20,S/B,8647
2020-06-21,60,13:15:00,Sunday,Pioneer Village stn,Mechanical,10,20,E/B,3613
2020-06-21,161,13:27:00,Sunday,rogers / dufferin,Mechanical,15,30,W/B,1161
2020-06-21,36,13:30:00,Sunday,Finch / Martingrove,Utilized Off Route,5,10,W/B,3304
2020-06-21,43,13:39:00,Sunday,Kennedy STN,Utilized Off Route,10,20,N/B,8690
2020-06-21,52,13:40:00,Sunday,Royal York and Lawrence,Utilized Off Route,10,20,W/B,8185
2020-06-21,29,13:48:00,Sunday,Springhurst Loop,Mechanical,6,12,N/B,9138
2020-06-21,84,13:53:00,Sunday,Jane and Sheppard,Utilized Off Route,8,15,W/B,3283
2020-06-21,34,14:00:00,Sunday,3600 kingston road,Utilized Off Route,12,24,E/B,8862
2020-06-21,7,14:00:00,Sunday,Spadina Station,Utilized Off Route,8,15,S/B,8150
2020-06-21,29,14:00:00,Sunday,1260 Dufferin St,Utilized Off Route,7,13,S/B,9136
2020-06-21,52,14:03:00,Sunday,Lawrence West Station,Mechanical,7,14,W/B,1212
2020-06-21,54,14:08:00,Sunday,LRT Station,Emergency Services,18,35,W/B,8716
2020-06-21,45,14:16:00,Sunday,KIPLING AND STEELES,Utilized Off Route,10,20,S/B,8011
2020-06-21,96,14:40:00,Sunday,yorkmills stn,Utilized Off Route,10,20,W/B,6310
2020-06-21,36,14:55:00,Sunday,Humberwood Loop,Mechanical,5,10,E/B,3700
2020-06-21,22,15:10:00,Sunday,COXWELL and Eastern Road,Mechanical,10,20,N/B,8582
2020-06-21,32,15:44:00,Sunday,Renforth Station,Mechanical,10,20,E/B,1590
2020-06-21,36,15:55:00,Sunday,Finch west stn,Utilized Off Route,5,10,E/B,3225
2020-06-21,33,15:56:00,Sunday,chaplin / eglinton,Diversion,30,60,S/B,8331
2020-06-21,54,15:59:00,Sunday,Lawrence RT E Station,Mechanical,17,35,E/B,8681
2020-06-21,73,16:15:00,Sunday,Eglinton and Royak York,Mechanical,30,60,S/B,8076
2020-06-21,76,16:20:00,Sunday,Royal york stn,Utilized Off Route,12,24,S/B,8614
2020-06-21,63,16:35:00,Sunday,Atlantic and King,Mechanical,7,13,N/B,8310
2020-06-21,7,16:59:00,Sunday,Greenwin & Bathurst,Mechanical,7,15,S/B,1248
2020-06-21,94,17:05:00,Sunday,WELLESLEY - Wellesley Station,Diversion,33,45,B/W,
2020-06-21,102,17:07:00,Sunday,Warden station,Utilized Off Route,7,14,N/B,3141
2020-06-21,75,17:23:00,Sunday,SHERBOURNE and Gerrard,Mechanical,20,40,N/B,1387
2020-06-21,927,17:37:00,Sunday,Steeles and Martin Grove Loop,Mechanical,10,20,S/B,3581
2020-06-21,52,17:42:00,Sunday,LAWRENCE WEST,Utilized Off Route,2,4,W/B,8136
2020-06-21,32,17:44:00,Sunday,Eglinton & Chaplin,Investigation,10,20,E/B,1325
2020-06-21,31,18:40:00,Sunday,GREENWOOD - Greenwood Station,Mechanical,20,40,S/B,8516
2020-06-21,72,18:55:00,Sunday,PAPE - Pape Station,Utilized Off Route,18,36,S/B,8490
2020-06-21,32,19:10:00,Sunday,Emmett,Emergency Services,20,40,E/B,1287
2020-06-21,24,19:22:00,Sunday,Victoria Park Stn,Utilized Off Route,9,18,N/B,8532
2020-06-21,57,20:42:00,Sunday,Midland and Eglinton,Investigation,30,60,S/B,8753
2020-06-21,36,21:57:00,Sunday,Finch West Station,Investigation,7,14,WB,3304
2020-06-21,22,22:26:00,Sunday,Kinston and Waverly,Mechanical,10,20,E/B,3102
2020-06-21,72,22:30:00,Sunday,Lakeshore and Carlaw,Diversion,66,84,S/B,8405
2020-06-21,36,23:14:00,Sunday,Humberwood Loop,Emergency Services,7,14,WB,3589
2020-06-22,87,00:25:00,Monday,Main Stn,Mechanical,10,20,W/B,9231
2020-06-22,108,00:50:00,Monday,Grandravine and Arleta,Diversion,85,115,N/B,3608
2020-06-22,116,02:15:00,Monday,Morningside to Sewells,Diversion,20,30,S/B,
2020-06-22,320,02:25:00,Monday,Eglinton station,Utilized Off Route,7,15,S/B,8720
2020-06-22,320,03:09:00,Monday,College / Yonge,Investigation,7,14,S/B,8180
2020-06-22,324,03:18:00,Monday,Victoria Park and Danforth,Investigation,30,60,,9215
2020-06-22,44,04:31:00,Monday,Kipling Station,Mechanical,5,10,S/B,8049
2020-06-22,52,05:00:00,Monday,Gore way and Morning Star,Diversion,720,738,B/W,8172
2020-06-22,41,05:25:00,Monday,Keele Station,Late Leaving Garage - Mechanical,17,34,N/B,1061
2020-06-22,48,05:36:00,Monday,Mill Road Loop,Late Leaving Garage - Operator,15,30,E/B,
2020-06-22,927,05:47:00,Monday,Martin Grove and Royal Crest,Late Leaving Garage - Operator,10,20,S/B,3622
2020-06-22,36,05:47:00,Monday,Finch west station,Vision,8,36,E/B,3345
2020-06-22,51,05:48:00,Monday,Eglinton Station,Late Leaving Garage - Mechanical,15,30,N/B,1365
2020-06-22,81,06:02:00,Monday,Danforth and Warden,Utilized Off Route,7,14,S/B,8470
2020-06-22,109,06:15:00,Monday,Lawrence West Station,Management,30,60,N/B,1289
2020-06-22,96,06:19:00,Monday,Finch and Humberline,Late Leaving Garage - Mechanical,16,32,E/B,3636
2020-06-22,927,06:40:00,Monday,Kipling Station,Late Leaving Garage - Operator,10,20,N/B,3238
2020-06-22,25,07:02:00,Monday,Pape stn,Mechanical,12,18,N/B,8864
2020-06-22,16,07:10:00,Monday,Midland Ave/Summer Drv.,Mechanical,1,1,S/B,3102
2020-06-22,84,07:13:00,Monday,SHEPPARD/OAKWDALE,Mechanical,18,36,E/B,3701
2020-06-22,29,07:28:00,Monday,Princes Gate,Mechanical,8,16,N/B,9054
2020-06-22,36,07:30:00,Monday,Finch west stn,Mechanical,5,10,E/B,9121
2020-06-22,121,08:10:00,Monday,cherry and lake shore,Diversion,15,30,N/B,3154
2020-06-22,52,08:12:00,Monday,T3 PEARSON AIRPORT,Mechanical,16,34,E/B,1282
2020-06-22,36,09:05:00,Monday,Finch west stn,Mechanical,5,1,W/B,3277
2020-06-22,16,09:05:00,Monday,Warden Station,Utilized Off Route,13,26,N/B,3151
2020-06-22,52,09:16:00,Monday,LAWRENCE STATION,Late Leaving Garage - Mechanical,15,30,W/B,8155
2020-06-22,122,09:19:00,Monday,York Mills Station,Investigation,17,34,E/B,8361
2020-06-22,32,09:22:00,Monday,weston and eglinton,Mechanical,10,20,W/B,1086
2020-06-22,75,09:30:00,Monday,418 sherborne ave,Investigation,11,22,,1230
2020-06-22,29,09:31:00,Monday,Exhibition West Loop,Utilized Off Route,9,18,N/B,1022
2020-06-22,17,09:36:00,Monday,Warden Station,Utilized Off Route,13,26,N/B,8591
2020-06-22,7,09:41:00,Monday,Spadina Station,Utilized Off Route,6,12,N/B,1214
2020-06-22,102,09:55:00,Monday,Warden Station,Utilized Off Route,10,20,N/B,8550
2020-06-22,133,10:18:00,Monday,Warden station,Utilized Off Route,11,22,N/B,3478
2020-06-22,68,10:20:00,Monday,Warden station,Utilized Off Route,12,24,N/B,8780
2020-06-22,16,10:23:00,Monday,Warden Station,Utilized Off Route,13,26,N/B,8516
2020-06-22,29,10:25:00,Monday,Exhibition Loop,Utilized Off Route,1,1,N/B,1354
2020-06-22,133,10:29:00,Monday,Scarborough Town Centre,Utilized Off Route,11,22,N/B,3487
2020-06-22,7,10:37:00,Monday,Bathurst and Dupont,Investigation,6,12,S/B,1370
2020-06-22,122,10:42:00,Monday,York Mills at Leslie,Mechanical,17,34,E/B,8160
2020-06-22,52,10:45:00,Monday,MARTIN GROVE/TOLLINGTON,Mechanical,15,30,E/B,8159
2020-06-22,34,10:50:00,Monday,Wynford Dr and Eglinton,Mechanical,8,16,E/B,8788
2020-06-22,600,11:01:00,Monday,Finch Station,Utilized Off Route,1,1,E/B,3438
2020-06-22,84,11:07:00,Monday,WESTON/BRADSTOCK,Mechanical,8,16,E/B,3707
2020-06-22,36,11:13:00,Monday,Finch / Kipling,Mechanical,5,10,W/B,9100
2020-06-22,163,11:15:00,Monday,Oakwood & Reggae Ln,Emergency Services,15,30,N/B,8393
2020-06-22,29,11:28:00,Monday,Dufferin and Rogers,Diversion,20,27,B/W,9027
2020-06-22,85,11:30:00,Monday,Don Mills Station,Utilized Off Route,22,44,W/B,3491
2020-06-22,35,11:33:00,Monday,Pioneer village station,Investigation,9,19,S/B,3209
2020-06-22,160,11:45:00,Monday,Bathurst and Clark,Diversion,25,30,N/B,8218
2020-06-22,23,11:47:00,Monday,Dawes/Danforth,Investigation,10,20,S/B,8401
2020-06-22,35,11:52:00,Monday,Pioneer village station,Investigation,9,19,S/B,3318
2020-06-22,133,11:56:00,Monday,Scaroborough Town centre,Utilized Off Route,11,22,N/B,3522
2020-06-22,63,11:58:00,Monday,Ossington stn,Utilized Off Route,5,10,N/B,8390
2020-06-22,102,12:05:00,Monday,Warden Station,Mechanical,20,40,N/B,3160
2020-06-22,25,12:09:00,Monday,Don mills stn,Mechanical,9,18,N/B,8627
2020-06-22,52,12:55:00,Monday,LAWRENCE WEST STATION,Mechanical,15,30,W/B,8358
2020-06-22,29,13:07:00,Monday,Wilson station,Utilized Off Route,8,16,S/B,9147
2020-06-22,29,13:07:00,Monday,Wilson Station,Utilized Off Route,7,14,S/B,9048
2020-06-22,32,13:10:00,Monday,pine and lawrence,Mechanical,11,22,S/B,1134
2020-06-22,45,13:12:00,Monday,STEELES LOOP,Mechanical,12,24,S/B,8090
2020-06-22,600,13:18:00,Monday,Finch STN,Utilized Off Route,1,1,,1366
2020-06-22,36,13:21:00,Monday,Finch west stn,Utilized Off Route,5,10,W/B,9131
2020-06-22,600,13:23:00,Monday,Finch STN,Utilized Off Route,1,1,,3412
2020-06-22,36,13:25:00,Monday,Finch west stn,Utilized Off Route,5,5,W/B,3338
2020-06-22,60,13:28:00,Monday,Pioneer Village,Utilized Off Route,10,19,E/B,3192
2020-06-22,36,13:32:00,Monday,Finch west stn,Utilized Off Route,5,10,E/B,3234
2020-06-22,42,13:37:00,Monday,Finch station,Utilized Off Route,13,26,E/B,8328
2020-06-22,97,13:41:00,Monday,Steels at Hilda,Utilized Off Route,33,66,S/B,8124
2020-06-22,36,13:43:00,Monday,Finch west stn,Utilized Off Route,5,10,E/B,3607
2020-06-22,32,13:43:00,Monday,Pine and Lawrence,Utilized Off Route,11,22,E/B,1083
2020-06-22,600,13:44:00,Monday,Finch STN,Utilized Off Route,1,1,,1393
2020-06-22,600,13:47:00,Monday,Finch STN,Utilized Off Route,1,1,,3497
2020-06-22,7,14:00:00,Monday,wilson Station,Utilized Off Route,8,16,N/B,8185
2020-06-22,43,14:00:00,Monday,Antrim and Kennedy,General Delay,12,1,N/B,
2020-06-22,36,14:04:00,Monday,Finch west stn,Utilized Off Route,5,10,W/B,3343
2020-06-22,75,14:18:00,Monday,South Dr/Glen Rd,Utilized Off Route,11,22,S/B,8135
2020-06-22,82,14:36:00,Monday,MacLennan Ave/ Edgar Ave,Diversion,38,58,S/B,8203
2020-06-22,8,14:44:00,Monday,O'CONNOR & NORTHBROOK RD,Investigation,15,0,N/B,9225
2020-06-22,25,14:46:00,Monday,PAPE STATION,Emergency Services,5,10,S/B,8850
2020-06-22,16,15:00:00,Monday,Warden Station,Mechanical,10,20,N/B,8526
2020-06-22,87,15:00:00,Monday,BROADVIEW STATION,Utilized Off Route,10,20,Service,9229
2020-06-22,133,15:02:00,Monday,Scarburough Town Center,Utilized Off Route,7,14,N/B,3563
2020-06-22,40,15:03:00,Monday,Kipling Station,Mechanical,15,30,E/B,8037
2020-06-22,165,15:04:00,Monday,York Mill stn,Late Leaving Garage - Mechanical,5,9,W/B,3309
2020-06-22,6,15:24:00,Monday,Sherbourne/Queens Quay,Late Leaving Garage - Vision,10,20,N/B,3729
2020-06-22,39,15:30:00,Monday,Neilson Rd/Crow Trail,Late Leaving Garage - Vision,1,7,W/B,3555
2020-06-22,29,15:30:00,Monday,wilson station,Mechanical,9,18,S/B,9048
2020-06-22,119,15:37:00,Monday,Wilson Station,Mechanical,25,50,W/B,3620
2020-06-22,122,15:38:00,Monday,York Mills at Lesmil,Mechanical,1,1,W/B,8205
2020-06-22,47,15:44:00,Monday,Queen and lansdowne,Utilized Off Route,8,13,N/B,1633
2020-06-22,29,15:45:00,Monday,Wilson garage,Vision,30,60,S/B,1106
2020-06-22,44,16:16:00,Monday,Kipling Station,Mechanical,5,10,S/B,8052
2020-06-22,53,16:19:00,Monday,Finch Station,Mechanical,6,12,E/B,9070
2020-06-22,123,16:20:00,Monday,Kipling Station,Mechanical,19,38,S/B,8433
2020-06-22,60,16:25:00,Monday,Finch station,Investigation,9,18,W/B,3332
2020-06-22,32,16:26:00,Monday,Eglinton Station,Mechanical,8,17,W/B,1358
2020-06-22,29,16:30:00,Monday,DUFFERIN AND LAWRENCE,Utilized Off Route,7,14,N/B,9034
2020-06-22,133,16:39:00,Monday,Scarburough Town Center,Utilized Off Route,7,14,E/B,3476
2020-06-22,37,16:46:00,Monday,Steeles/Islington Loop,Mechanical,15,30,S/B,8048
2020-06-22,600,16:51:00,Monday,Steeles and Irene mount,Mechanical,1,1,E/B,3480
2020-06-22,36,16:56:00,Monday,Finch and Arrow Road,Mechanical,12,24,E/B,3587
2020-06-22,34,16:56:00,Monday,Bermondsey and Eglinton,Investigation,8,16,E/B,8687
2020-06-22,52,17:08:00,Monday,Lawrence W Station,Mechanical,10,20,W/B,1278
2020-06-22,161,17:10:00,Monday,Oakwood and Rogers,Mechanical,23,46,W/B,1065
2020-06-22,87,17:35:00,Monday,Broadview Station,Investigation,10,20,E/B,9236
2020-06-22,52,17:38:00,Monday,Lawrence W Station,Utilized Off Route,12,24,W/B,8302
2020-06-22,52,17:38:00,Monday,Sheppard station,Investigation,8,16,W/B,8302
2020-06-22,108,17:40:00,Monday,pioneer village stn,Utilized Off Route,7,14,S/B,3365
2020-06-22,25,17:45:00,Monday,DON MILLS & LAWRENCE,Vision,12,24,N/B,8640
2020-06-22,7,18:10:00,Monday,steeles bathurst,Utilized Off Route,8,16,S/B,1246
2020-06-22,29,18:10:00,Monday,wilson station,Utilized Off Route,8,16,S/B,9146
2020-06-22,118,18:14:00,Monday,Wilson Station,Investigation,30,60,W/B,3609
2020-06-22,42,18:29:00,Monday,Finch station,Mechanical,15,31,E/B,8217
2020-06-22,52,18:52:00,Monday,Lawrence station,Utilized Off Route,14,28,W/B,8215
2020-06-22,53,18:52:00,Monday,Steeles and Tapscott,Utilized Off Route,5,17,E/B18:52,9027
2020-06-22,16,19:05:00,Monday,Law E RT,Utilized Off Route,7,13,W/B,8749
2020-06-22,59,19:15:00,Monday,Jane & Church,Diversion,105,120,W/B,
2020-06-22,47,19:22:00,Monday,orfus and caledonia,Diversion,248,258,B/W,
2020-06-22,35,19:40:00,Monday,Jane and sheppard,Investigation,5,10,S/B,3242
2020-06-22,34,19:50:00,Monday,Eglinton and Bermondsey,Mechanical,17,34,E/B,8880
2020-06-22,75,21:13:00,Monday,Lower Jarvis and Queens Quay,Mechanical,13,26,N/B,1382
2020-06-22,16,21:30:00,Monday,Brimley and Danforth,Diversion,91,106,S/B,
2020-06-22,129,21:45:00,Monday,Scarborough Town Center,Mechanical,6,12,N/B,3553
2020-06-22,12,22:03:00,Monday,Brimley and Danforth rd,Diversion,55,75,N/B,3139
2020-06-22,93,22:41:00,Monday,Woodbine and Oconnor,Diversion,39,59,B/W,9222
2020-06-22,91,22:41:00,Monday,Woodbine and Oconnor,Diversion,39,69,W/B,
2020-06-22,85,23:20:00,Monday,Sheppard & Nelson,Investigation,22,44,W/B,9077
2020-06-22,22,23:37:00,Monday,Bingham Loop,Mechanical,10,20,B/W,3153
2020-06-23,600,01:31:00,Tuesday,Queens Quay and Dockside Dr,Mechanical,1,1,W/B,8543
2020-06-23,300,01:54:00,Tuesday,Bathrust station,Utilized Off Route,17,34,W/B,9205
2020-06-23,320,02:13:00,Tuesday,Yonge and Queens quay,Utilized Off Route,3,7,N/B,8841
2020-06-23,320,02:14:00,Tuesday,Steeles loop,Utilized Off Route,3,7,N/B,8514
2020-06-23,322,04:27:00,Tuesday,Bingam Loop (Victoria Park and Kingston),Investigation,30,60,BW,9215
2020-06-23,108,04:56:00,Tuesday,Grandravine and Arleta,Diversion,20,40,B/W,3255
2020-06-23,96,05:24:00,Tuesday,Yorkmills Station,Late Leaving Garage - Mechanical,21,42,W/B,3194
2020-06-23,60,05:40:00,Tuesday,Signal Hill and steeles,Mechanical,11,22,E/B,3296
2020-06-23,50,05:40:00,Tuesday,Queensway Garage,Investigation,1,1,N/B,8601
2020-06-23,94,05:42:00,Tuesday,castle frank station,Late Leaving Garage - Mechanical,20,40,,8542
2020-06-23,53,05:44:00,Tuesday,Finch station,Mechanical,15,30,E/B,9084
2020-06-23,84,05:45:00,Tuesday,Sheppard Ave West and Arrow Road,Late Leaving Garage - Operator,6,12,E/B,3349
2020-06-23,52,06:00:00,Tuesday,GOREWAY/MORNING STAR,Diversion,999,999,B/W,
2020-06-23,11,06:05:00,Tuesday,Steele's Loop ( Bayview),Mechanical,8,16,S/B,8186
2020-06-23,7,06:07:00,Tuesday,Bathurst and Lawrence,Diversion,5,10,S/B,1237
2020-06-23,60,06:12:00,Tuesday,steeles and signal hill,Mechanical,8,16,E/B,9121
2020-06-23,927,06:23:00,Tuesday,Martin Grove and Royalcrest,Late Leaving Garage - Mechanical,10,20,S/B,3240
2020-06-23,29,06:42:00,Tuesday,Princes Gate,Mechanical,15,30,N/B,9050
2020-06-23,95,06:46:00,Tuesday,Ellesmere RT Station,Late Leaving Garage - Vision,8,16,W/B,3563
2020-06-23,95,07:02:00,Tuesday,Ellesmere Rt Station,Late Leaving Garage - Vision,8,16,W/B,3479
2020-06-23,39,07:12:00,Tuesday,on Finch Ave East at B,Late Leaving Garage - Vision,1,1,WB,3555
2020-06-23,63,07:13:00,Tuesday,Ossington stn,Mechanical,5,16,S/B,1280
2020-06-23,51,07:22:00,Tuesday,Steeles and Aspenwood,Mechanical,20,40,E/B,8383
2020-06-23,8,07:30:00,Tuesday,Cosburn and Broadview,Diversion,30,60,S/B,9208
2020-06-23,100,07:36:00,Tuesday,Broadview/ corburn,Diversion,220,230,,
2020-06-23,95,07:40:00,Tuesday,Ellesmere RT Station,Late Leaving Garage - Vision,7,14,W/B,3524
2020-06-23,122,07:45:00,Tuesday,York Mills Station,Mechanical,11,22,E/B,8312
2020-06-23,12,08:11:00,Tuesday,Kingston Rd and Birchmount,Investigation,20,60,W/B,8587
2020-06-23,600,08:55:00,Tuesday,York Mills at Don Valley Pkwy,Investigation,1,1,E/B,1391
2020-06-23,927,09:14:00,Tuesday,Martin Groove and Finch,Investigation,7,14,S/B,3278
2020-06-23,16,09:18:00,Tuesday,Warden Station,Utilized Off Route,13,26,N/B,8470
2020-06-23,85,09:23:00,Tuesday,Don Mills Station,Utilized Off Route,0,0,W/B,3407
2020-06-23,52,09:24:00,Tuesday,T3 PEARSON INTERNATIONAL AIRPORT,Mechanical,17,35,E/B,8341
2020-06-23,102,09:25:00,Tuesday,Warden Station,Utilized Off Route,10,20,N/B,3126
2020-06-23,121,09:30:00,Tuesday,Lake shore/ Cherry,Diversion,162,174,,9206
2020-06-23,133,09:34:00,Tuesday,Scaroborough Town Centre,Utilized Off Route,11,22,E/B,3547
2020-06-23,52,09:35:00,Tuesday,LAWRENCE STATION,Late Leaving Garage - Management,8,11,W/B,8102
2020-06-23,85,09:45:00,Tuesday,Don Mills Station,Utilized Off Route,0,0,W/B,3405
2020-06-23,5,10:00:00,Tuesday,Eglinton Station,Mechanical,15,30,S/B,1217
2020-06-23,44,10:10:00,Tuesday,Colonel Samuel Smith Loop,Mechanical,7,13,NB,8613
2020-06-23,89,10:17:00,Tuesday,High Park Station,Utilized Off Route,11,22,N/B,9145
2020-06-23,25,10:27:00,Tuesday,Pape stn,Mechanical,10,20,S/B,8845
2020-06-23,53,10:28:00,Tuesday,Steeles Between Kennedy and Silver star,Diversion,126,145,E/B,9084
2020-06-23,7,10:30:00,Tuesday,Bathurst and Sheppard,Mechanical,6,12,S/B,8388
2020-06-23,133,10:34:00,Tuesday,STC,Utilized Off Route,11,22,E/B,3411
2020-06-23,16,10:36:00,Tuesday,Warden Station,Utilized Off Route,13,26,N/B,3128
2020-06-23,129,10:50:00,Tuesday,Scaroborough Town Centre,Utilized Off Route,14,21,E/B,1245
2020-06-23,47,10:57:00,Tuesday,Lansdowne and St. Clair,Investigation,15,30,SB,1205
2020-06-23,72,11:05:00,Tuesday,Bay St/Wellington St W,Investigation,10,19,S/B,8407
2020-06-23,16,11:15:00,Tuesday,Warden Station,Utilized Off Route,13,26,N/B,3133
2020-06-23,927,11:25:00,Tuesday,Hwy 27 and dixon rd,Utilized Off Route,7,14,S/B,3236
2020-06-23,133,11:56:00,Tuesday,Scarborough Town Centre,Utilized Off Route,11,22,E/B,3540
2020-06-23,36,12:05:00,Tuesday,Finch west station,Utilized Off Route,5,10,wb,9105
2020-06-23,36,12:14:00,Tuesday,Finch w stn,Utilized Off Route,10,15,E/B,3627
2020-06-23,95,12:17:00,Tuesday,Ellesmere at Pharmacy,Diversion,142,162,B/W,
2020-06-23,21,12:18:00,Tuesday,Huntingwood,Investigation,17,34,N/B,1657
2020-06-23,77,12:26:00,Tuesday,Runnymede and Bloor,Mechanical,10,22,SB,1092
2020-06-23,35,12:33:00,Tuesday,Jane and Shoreham,Investigation,7,14,S/B,3622
2020-06-23,112,12:54:00,Tuesday,Renforth Station,Mechanical,24,48,SB,8431
2020-06-23,133,12:59:00,Tuesday,Morningside and Finch,Utilized Off Route,11,22,S/B,3564
2020-06-23,38,13:03:00,Tuesday,Rougge Hill Go Station,Mechanical,12,24,W/B,3445
2020-06-23,17,13:10:00,Tuesday,St.Clair and Birchmount,Mechanical,13,26,N/B,8515
2020-06-23,121,13:12:00,Tuesday,The Esplanade/Church St to The Esplanade/Market St,Diversion,18,41,B/W,3125
2020-06-23,107,13:31:00,Tuesday,Sheppard west station,Mechanical,30,60,N/B,3271
2020-06-23,53,13:35:00,Tuesday,Passmore & Markham,Utilized Off Route,1,1,E/B,3554
2020-06-23,53,13:56:00,Tuesday,Morningside & Finch,Utilized Off Route,1,1,W/B,1550
2020-06-23,133,14:08:00,Tuesday,Scarburough Town Center,Utilized Off Route,7,14,S/B,3469
2020-06-23,110,14:08:00,Tuesday,Garnett Janes Rd at Coin St,Investigation,18,32,E/B,8446
2020-06-23,116,14:10:00,Tuesday,kennedy stn,Mechanical,11,22,S/B,8927
2020-06-23,39,14:10:00,Tuesday,Finch and Titfield west of,Diversion,5,20,W/B,9004
2020-06-23,68,14:26:00,Tuesday,warden station,Mechanical,19,39,N/B,8810
2020-06-23,29,14:37:00,Tuesday,Dufferin gate,Mechanical,7,14,N/B,9035
2020-06-23,46,14:38:00,Tuesday,"On Steeles, at Martin Grove",Investigation,16,32,E/B,3332
2020-06-23,87,14:38:00,Tuesday,Cosburn Ave/Donland Ave,Investigation,11,22,E/B,3162
2020-06-23,52,15:05:00,Tuesday,WESTWOOD MALL,Vision,18,36,E/B,8120
2020-06-23,52,15:05:00,Tuesday,LAWRENCE WEST STATION,Mechanical,18,36,E/B,8153
2020-06-23,95,15:11:00,Tuesday,Ellesmere Cul-De-Sac,Late Leaving Garage - Vision,10,20,W/B,3444
2020-06-23,133,15:13:00,Tuesday,Morning Side and Finch,Utilized Off Route,7,14,W/B,3410
2020-06-23,34,15:26:00,Tuesday,Eglinton Station,Investigation,12,25,B/W,
2020-06-23,32,15:27:00,Tuesday,Eglinton Station,Late Leaving Garage - Operator,9,18,W/B,1033
2020-06-23,109,15:30:00,Tuesday,Lawrence West Station,Late Leaving Garage - Mechanical,20,40,N/B,8123
2020-06-23,29,15:40:00,Tuesday,Dufferin / Bowie Ave,Investigation,8,17,S/B,9152
2020-06-23,84,15:40:00,Tuesday,SHEPPARD YONGE STATION,Utilized Off Route,10,25,W/B,3320
2020-06-23,22,15:55:00,Tuesday,COXWELL  STATION,Mechanical,10,20,S/B,9235
2020-06-23,32,16:14:00,Tuesday,Eglinton West Station,Mechanical,9,18,E/B,1532
2020-06-23,116,16:26:00,Tuesday,Kennedy Station,Mechanical,8,16,E/B,8693
2020-06-23,87,16:36:00,Tuesday,Erindale Ave/Broadview Ave,Investigation,10,20,W/B,3162
2020-06-23,86,16:41:00,Tuesday,Kingston Road and Military Trail,Mechanical,11,22,S/B,8774
2020-06-23,85,16:56:00,Tuesday,Don Mills,Mechanical,6,12,E/B,9093
2020-06-23,52,17:37:00,Tuesday,Dixon at Martin Grove,Mechanical,16,32,W/B,8198
2020-06-23,133,17:46:00,Tuesday,Scarburough Town Center,Utilized Off Route,7,14,E/B,3511
2020-06-23,36,17:50:00,Tuesday,Finch West Station,Mechanical,7,14,W/B,9132
2020-06-23,54,17:50:00,Tuesday,Starspray Loop,Mechanical,14,28,E/B,8722
2020-06-23,163,18:00:00,Tuesday,Lawerence W Station,Mechanical,14,28,S/B,8114
2020-06-23,927,18:12:00,Tuesday,Kipling Station,Mechanical,9,18,N/B,3355
2020-06-23,53,18:49:00,Tuesday,Yonge and Cummer,Mechanical,7,14,E/B,9001
2020-06-23,75,18:57:00,Tuesday,Jarvis St/Queens Quay,Utilized Off Route,13,18,N/B,8148
2020-06-23,61,19:35:00,Tuesday,Wilson and Avenue,Emergency Services,15,30,N/B,8155
2020-06-23,133,19:36:00,Tuesday,Morning Side and Finch,Utilized Off Route,9,18,W/B,3547
2020-06-23,32,19:40:00,Tuesday,Jane and Lawrence,Diversion,10,36,E/B,
2020-06-23,79,19:41:00,Tuesday,Jane and lawrence,Diversion,35,44,S/B,
2020-06-23,52,19:50:00,Tuesday,Lawrence West Station,Utilized Off Route,11,23,W/B,8332
2020-06-23,52,20:03:00,Tuesday,Lawrence Station,Mechanical,11,23,W/B,8206
2020-06-23,52,20:10:00,Tuesday,Lawrence West Station,Utilized Off Route,11,23,E/B,8104
2020-06-23,107,20:45:00,Tuesday,Pioneer Village Station,Mechanical,30,60,S/B,3617
2020-06-23,86,21:33:00,Tuesday,Meadowvale Loop,Emergency Services,15,30,S/B,8865
2020-06-23,52,21:37:00,Tuesday,Lawrence West Station,Utilized Off Route,12,24,W/B,8140
2020-06-23,57,21:39:00,Tuesday,Kennedy Station,Mechanical,16,32,N/B,8777
2020-06-23,52,21:45:00,Tuesday,Lawrence at Gibson(Pine),Diversion,65,70,B/W,
2020-06-23,32,21:45:00,Tuesday,Lawerence and Pine,Diversion,70,100,E/B,1045
2020-06-23,26,22:10:00,Tuesday,Jane Station,Mechanical,20,40,W/B,1147
2020-06-23,79,22:20:00,Tuesday,Lawrence & Pine,Diversion,60,73,N/B,
2020-06-23,43,22:40:00,Tuesday,Kenndey and Steeles,Diversion,154,168,N/B,
2020-06-23,34,22:40:00,Tuesday,Eglinton and Ionview,Investigation,7,18,W/B,8832
2020-06-24,25,01:30:00,Wednesday,Overlea and Thorncliffe,Emergency Services,9,18,W/B,8888
2020-06-24,320,02:13:00,Wednesday,Yonge and Queens quay,Utilized Off Route,3,6,N/B,8744
2020-06-24,501,02:21:00,Wednesday,Queen and Broadview (North of Queen),Investigation,24,48,N/B,8561
2020-06-24,325,02:24:00,Wednesday,Donmills and Steeles,Emergency Services,30,60,S/B,8888
2020-06-24,320,02:28:00,Wednesday,Steeles loop,Utilized Off Route,3,7,S/B,8661
2020-06-24,320,02:52:00,Wednesday,Steeles Loop at Yonge,Mechanical,3,7,S/B,1044
2020-06-24,332,03:20:00,Wednesday,Eglinton & Braemar,Investigation,30,60,W/B,1529
2020-06-24,52,06:00:00,Wednesday,WESTWOOD MALL,Diversion,221,239,B/W,
2020-06-24,35,06:13:00,Wednesday,Jane Station,Mechanical,4,8,N/B,3180
2020-06-24,37,06:40:00,Wednesday,Albion and Islington,Mechanical,15,30,N/B,8018
2020-06-24,79,06:45:00,Wednesday,Pine and Lawrence,Late Leaving Garage - Mechanical,14,24,S/B,1149
2020-06-24,75,06:50:00,Wednesday,Elm Ave and Sherbourne St.,Diversion,237,248,S/B,1286
2020-06-24,14,07:00:00,Wednesday,Eglinton and Chaplin,General Delay,30,60,B/W,
2020-06-24,72,07:20:00,Wednesday,Yonge and Wellington,Diversion,1,1,S/B,3154
2020-06-24,78,07:20:00,Wednesday,York Mills Station,Mechanical,10,20,N/B,1342
2020-06-24,41,07:31:00,Wednesday,Keele Station,Mechanical,7,14,N/B,1026
2020-06-24,63,07:34:00,Wednesday,Ossington/Dupont,Mechanical,5,11,N/B,1216
2020-06-24,20,07:55:00,Wednesday,Main and Danforth,Investigation,20,40,E/B,3142
2020-06-24,95,08:26:00,Wednesday,York Mills Station,Mechanical,8,16,E/B,3562
2020-06-24,60,08:31:00,Wednesday,Steeles and Signet,Investigation,8,16,E/B,3597
2020-06-24,40,08:35:00,Wednesday,Dundas St and Maybelle ave,Diversion,520,531,E/B,8418
2020-06-24,52,08:40:00,Wednesday,LAWRENCE/WESTON RD,Investigation,18,36,W/B,8122
2020-06-24,39,09:04:00,Wednesday,on Finch Ave East at McCowan Rd,Mechanical,3,7,WB,1313
2020-06-24,85,09:23:00,Wednesday,Don Mills Station,Utilized Off Route,1,1,W/B,3479
2020-06-24,75,09:24:00,Wednesday,Bloor and Sherbourne,Utilized Off Route,1,1,N/B,1248
2020-06-24,32,09:29:00,Wednesday,emmett and eglinton,Mechanical,10,20,W/B,1017
2020-06-24,72,09:39:00,Wednesday,PAPE - Pape Station,Utilized Off Route,1,1,S/B,9217
2020-06-24,85,09:45:00,Wednesday,Don Mills Station,Utilized Off Route,1,1,W/B,3544
2020-06-24,133,09:45:00,Wednesday,Scarborough Town Centre,Utilized Off Route,11,22,N/B,3442
2020-06-24,133,09:53:00,Wednesday,Morningside and Finch,Utilized Off Route,11,22,N/B,3405
2020-06-24,26,10:00:00,Wednesday,Dupont and Bedford,Diversion,74,50,W/B,1586
2020-06-24,53,10:09:00,Wednesday,Yonge & Patricia,Mechanical,13,19,SB,9007
2020-06-24,89,10:28:00,Wednesday,High park station,Utilized Off Route,11,22,N/B,1083
2020-06-24,11,10:29:00,Wednesday,Davisville Station,Mechanical,10,20,N/B,1270
2020-06-24,501,10:36:00,Wednesday,Queen and Woodfield,Mechanical,12,22,W/B,4486
2020-06-24,133,11:00:00,Wednesday,Morningside and Finch,Utilized Off Route,11,22,N/B,3530
2020-06-24,117,11:00:00,Wednesday,Sheppard West Station,Mechanical,20,40,N/B,1212
2020-06-24,75,11:06:00,Wednesday,Bloor and Sherbourne,Utilized Off Route,1,1,N/B,8142
2020-06-24,53,11:06:00,Wednesday,Passmore and Markham,Utilized Off Route,1,1,W/B,9013
2020-06-24,133,11:13:00,Wednesday,STC,Utilized Off Route,11,11,N/B,3407
2020-06-24,133,11:24:00,Wednesday,Scarborough Town Centre,Utilized Off Route,11,22,N/B,3537
2020-06-24,32,11:32:00,Wednesday,renforth station,Mechanical,10,20,E/B,1042
2020-06-24,89,11:45:00,Wednesday,High park station,Utilized Off Route,11,22,N/B,9152
2020-06-24,72,12:00:00,Wednesday,Yonge Street/ Wellington Ave,Diversion,1,1,N/B,9217
2020-06-24,133,12:07:00,Wednesday,Scarborough Town Centre,Utilized Off Route,11,22,N/B,3487
2020-06-24,52,12:16:00,Wednesday,GOREWAY/MORNINGSTAR,Diversion,999,999,BW,
2020-06-24,52,12:44:00,Wednesday,LAWRENCE/DUFFERIN,Investigation,7,15,E/B,1227
2020-06-24,110,12:46:00,Wednesday,Islington at Lakeshore,Mechanical,18,36,N/B,8432
2020-06-24,133,12:51:00,Wednesday,Scarborough Town Centre,Utilized Off Route,11,22,E/B,3400
2020-06-24,161,12:53:00,Wednesday,Oakwood/St  Clair,Investigation,25,50,S/B,1090
2020-06-24,77,13:10:00,Wednesday,Windermere and Coe Hill,Mechanical,10,20,NB,1553
2020-06-24,71,13:16:00,Wednesday,Runnymede Station,Mechanical,10,20,NB,1553
2020-06-24,85,13:27:00,Wednesday,Meadowvale Loop,Utilized Off Route,15,30,W/B,9006
2020-06-24,60,14:00:00,Wednesday,Finch station,Mechanical,9,18,W/B,3618
2020-06-24,106,14:03:00,Wednesday,Sheppard West Station,Utilized Off Route,13,26,N/B,8152
2020-06-24,87,14:05:00,Wednesday,Cosburn Ave/Pape Ave,Diversion,50,61,W/B,8565
2020-06-24,38,14:17:00,Wednesday,Scarborough Town centre,Vision,11,22,E/B,3534
2020-06-24,87,14:21:00,Wednesday,Main Station,Mechanical,11,22,W/B,8957
2020-06-24,107,14:45:00,Wednesday,Pond,Diversion,90,120,N/B,3591
2020-06-24,32,14:55:00,Wednesday,Emmett and Verona,Mechanical,8,16,E/B,1128
2020-06-24,52,14:58:00,Wednesday,THE WESTWAY/ ROYAL YORK,Investigation,7,22,E/B,8391
2020-06-24,94,15:16:00,Wednesday,Castle Frank Station,Mechanical,18,36,W/B,1122
2020-06-24,72,15:25:00,Wednesday,Pape Station,Late Leaving Garage - Mechanical,23,44,S/B,8469
2020-06-24,89,15:30:00,Wednesday,High Park Station to Albion and Weston,General Delay,20,31,B/W,
2020-06-24,52,15:30:00,Wednesday,Lawrence at Gibson,Mechanical,3,14,W/B,8214
2020-06-24,32,15:40:00,Wednesday,Marlee and Eglinton,Investigation,9,18,W/B,1042
2020-06-24,23,15:41:00,Wednesday,Main Station- Rexleigh Drive,General Delay,15,30,B/W,8538
2020-06-24,62,15:56:00,Wednesday,Main Station,Mechanical,22,44,W/B,9233
2020-06-24,189,15:59:00,Wednesday,"On Keele, at West Toronto",Diversion,201,221,B/W,
2020-06-24,89,15:59:00,Wednesday,"On Keele, at West Toronto",Diversion,191,201,B/W,
2020-06-24,41,16:10:00,Wednesday,West Toronto,Diversion,168,183,N/B,1266
2020-06-24,20,16:29:00,Wednesday,Main Station,Investigation,20,40,E/B,8570
2020-06-24,131,16:30:00,Wednesday,Sheppard and McCowan,Investigation,10,20,N/B,1366
2020-06-24,97,16:55:00,Wednesday,York Mill Station,Mechanical,30,60,N/B,8147
2020-06-24,107,17:05:00,Wednesday,Finch,Investigation,30,60,N/B,3621
2020-06-24,52,17:30:00,Wednesday,Lawrence West Station,Utilized Off Route,4,13,E/B,8130
2020-06-24,29,17:30:00,Wednesday,Castlefield,Diversion,38,50,N/B,9038
2020-06-24,57,17:30:00,Wednesday,Midland and Eglinton,Investigation,14,28,S/B,8804
2020-06-24,127,17:45:00,Wednesday,Townsley Loop,General Delay,97,44,E/B,1084
2020-06-24,15,18:04:00,Wednesday,browns and evans,Investigation,16,32,E/B,8616
2020-06-24,6,18:06:00,Wednesday,Davenport Rd/ Dupont St,Mechanical,10,20,S/B,1010
2020-06-24,52,18:30:00,Wednesday,Lawrence West Station,Utilized Off Route,15,30,W/B,8350
2020-06-24,92,18:40:00,Wednesday,WOODBIENE & QUEEN ST,Investigation,9,18,S/B,9201
2020-06-24,29,18:45:00,Wednesday,Wilson station,Mechanical,5,10,N/B,1082
2020-06-24,32,18:53:00,Wednesday,Avenue Road and Eglinton,Investigation,12,24,E/B,3733
2020-06-24,36,19:10:00,Wednesday,Finch West Station,Utilized Off Route,8,16,E/B,9132
2020-06-24,116,19:51:00,Wednesday,Kennedy Station,Utilized Off Route,8,16,E/B,8681
2020-06-24,52,19:55:00,Wednesday,Lawrence at Dufferin,Utilized Off Route,11,23,W/B,8102
2020-06-24,32,20:04:00,Wednesday,Eglinton Station,Mechanical,10,20,W/B,1350
2020-06-24,52,20:30:00,Wednesday,Dixon at Islington,Mechanical,11,23,E/B,1342
2020-06-24,32,20:34:00,Wednesday,Pine and Lawrence,Mechanical,10,20,E/B,1088
2020-06-24,24,20:51:00,Wednesday,Steeles and Victoria Park,Mechanical,15,22,S/B,9214
2020-06-24,53,21:21:00,Wednesday,Steeles and Tapscott,Utilized Off Route,6,11,W/B,9011
2020-06-24,52,21:40:00,Wednesday,Lawrence West Station,Utilized Off Route,12,23,E/B,1399
2020-06-25,85,00:01:00,Thursday,Island Rd & Port Union Rd,Investigation,22,44,S/B,9007
2020-06-25,84,00:42:00,Thursday,555 Sheppard West,Investigation,9,18,W/B,3255
2020-06-25,161,00:55:00,Thursday,Jane and Alliance,Investigation,30,60,W/B,1329
2020-06-25,900,01:01:00,Thursday,Kipling Station,Utilized Off Route,10,20,S/B,8008
2020-06-25,83,01:26:00,Thursday,"Commisioner st, west of Leslie",Mechanical,17,34,N/B,8465
2020-06-25,320,02:28:00,Thursday,Steeles loop,Utilized Off Route,3,7,S/B,8826
2020-06-25,300,02:49:00,Thursday,Kennedy station,Vision,17,34,S/B,8440
2020-06-25,300,03:23:00,Thursday,Kennedy station,Vision,17,37,W/B,8443
2020-06-25,76,05:02:00,Thursday,Evans at Royal York,Late Leaving Garage - Operator,10,32,S/B,7926
2020-06-25,52,05:20:00,Thursday,Dixon and Attwell,Mechanical,12,24,W/B,8358
2020-06-25,167,05:35:00,Thursday,Pharmacy and Steeles,Late Leaving Garage - Vision,7,1,S/B,8570
2020-06-25,35,05:44:00,Thursday,PKAI,Late Leaving Garage - Mechanical,3,5,N/B,3224
2020-06-25,52,05:44:00,Thursday,MORNINGSTAR/GOREWAY,Diversion,999,999,B/W,
2020-06-25,53,05:45:00,Thursday,Finch Station,Mechanical,15,30,NB,9074
2020-06-25,35,05:50:00,Thursday,PKAI,Late Leaving Garage - Mechanical,3,12,S/B,3364
2020-06-25,48,05:50:00,Thursday,Mill Rd Loop at Rathburn,Late Leaving Garage - Operator,15,30,E/B,
2020-06-25,117,05:54:00,Thursday,Dufferin and Steeles,Mechanical,12,24,S/B,1278
2020-06-25,102,05:56:00,Thursday,Birchmount / St Clair,Mechanical,8,16,E/B,8555
2020-06-25,60,06:00:00,Thursday,Finch station,Mechanical,8,16,W/B,3189
2020-06-25,76,06:05:00,Thursday,lake Shore/Mimico,Vision,6,12,N/B,8029
2020-06-25,54,06:15:00,Thursday,Lawrence and Railside,Diversion,1,1,E/B,
2020-06-25,60,06:24:00,Thursday,Steeles and Keele,Investigation,8,16,E/B,3349
2020-06-25,36,06:30:00,Thursday,Finch West Station,Late Leaving Garage - Operator,17,34,W/B,3652
2020-06-25,91,06:35:00,Thursday,lawrence and Railside,Diversion,12,18,S/B,8709
2020-06-25,506,06:49:00,Thursday,Main Street Station,Mechanical,5,10,E/B,8030
2020-06-25,506,06:58:00,Thursday,Dundas West Station,Mechanical,5,10,E/B,7945
2020-06-25,42,07:00:00,Thursday,42 Cummer,Vision,15,30,B/W,8178
2020-06-25,84,07:19:00,Thursday,SHEPPARD/SENTINEL,Mechanical,18,36,W/B,3716
2020-06-25,506,08:15:00,Thursday,College and Yonge,Investigation,5,10,E/B,8901
2020-06-25,63,08:24:00,Thursday,Oakwood Loop,Mechanical,6,12,S/B,8205
2020-06-25,15,08:34:00,Thursday,Evans Rd and Browns Line,Investigation,15,30,W/B,7967
2020-06-25,7,09:20:00,Thursday,Bathurst and St Clair,Investigation,6,12,N/B,8185
2020-06-25,85,09:23:00,Thursday,Don Mills Station,Utilized Off Route,1,1,E/B,3524
2020-06-25,133,09:45:00,Thursday,Scarborough Town Centre,Utilized Off Route,11,22,E/B,3470
2020-06-25,133,09:54:00,Thursday,Morningside and Finch,Utilized Off Route,11,22,S/B,3456
2020-06-25,106,10:36:00,Thursday,Sheppard and Allen,Investigation,13,26,W/B,1271
2020-06-25,133,10:49:00,Thursday,Morningside and Finch,Utilized Off Route,11,22,S/B,3549
2020-06-25,116,10:49:00,Thursday,guildwood \ kennedy rd,Mechanical,5,10,W/B,8732
2020-06-25,133,11:13:00,Thursday,Scarborough Town Centre,Utilized Off Route,11,22,S/B,3423
2020-06-25,133,11:24:00,Thursday,Scarborough Town Centre,Utilized Off Route,11,22,E/B,3445
2020-06-25,117,11:48:00,Thursday,Sheppard and Allen,Investigation,20,40,N/B,1351
2020-06-25,108,11:55:00,Thursday,Driftwood and Yorkwoods gate,Diversion,16,16,B/W,3265
2020-06-25,49,11:56:00,Thursday,Kipling and Aukland,Investigation,13,25,WB,8057
2020-06-25,133,12:07:00,Thursday,Scarborough Town Centre,Utilized Off Route,11,22,E/B,3443
2020-06-25,45,12:14:00,Thursday,Kipling and Rexdale,Investigation,18,36,S/B,8434
2020-06-25,36,12:21:00,Thursday,Finch west stn,Investigation,5,10,E/B,3296
2020-06-25,68,12:37:00,Thursday,Hymus/ Warden,Diversion,50,75,B/W,8655
2020-06-25,39,12:39:00,Thursday,Sewell and Littles,Mechanical,16,32,W/B,1239
2020-06-25,600,12:49:00,Thursday,SHEPPARD/MIN,Investigation,1,1,E/B,3189
2020-06-25,94,12:56:00,Thursday,Castle Frank Station,Mechanical,7,15,W/B,1149
2020-06-25,133,13:02:00,Thursday,Scarborough Town Centre,Utilized Off Route,9,18,E,3569
2020-06-25,96,13:20:00,Thursday,Finch/Humber college`,Diversion,42,66,B/W,
2020-06-25,97,13:30:00,Thursday,Yonge at York Mills,Mechanical,30,60,S/B,8169
2020-06-25,85,13:43:00,Thursday,Donmills Station,Mechanical,30,60,E/B,9098
2020-06-25,102,13:55:00,Thursday,warden Station,Late Leaving Garage - Mechanical,2,4,N/B,8474
2020-06-25,96,13:56:00,Thursday,York Mills Station,Mechanical,24,48,W/B,3299
2020-06-25,40,14:00:00,Thursday,Cordova and Mabelle,Investigation,1,1,W/B,7919
2020-06-25,94,14:19:00,Thursday,Castle Frank Station,Mechanical,15,30,W/B,1614
2020-06-25,169,14:42:00,Thursday,Huntingwood amd Brimley,Investigation,30,60,W/B,8134
2020-06-25,900,14:45:00,Thursday,Kipling stn,Mechanical,12,24,N/B,7937
2020-06-25,44,14:46:00,Thursday,Colonel Samuel Smith Loop,Mechanical,3,9,NB,8415
2020-06-25,38,14:53:00,Thursday,Scarborough Town Centre,Utilized Off Route,12,24,E/B,3527
2020-06-25,84,14:53:00,Thursday,Donmills Station,Utilized Off Route,22,30,W/B,3502
2020-06-25,37,14:59:00,Thursday,Islington at Monogram,Investigation,18,39,N/B,8043
2020-06-25,54,15:10:00,Thursday,eglinton station,Utilized Off Route,12,24,W/B,8712
2020-06-25,52,15:23:00,Thursday,BRAECREST/THE WESTWAY,Late Leaving Garage - Mechanical,3,14,E/B,1279
2020-06-25,165,15:40:00,Thursday,Finch and Weston,Mechanical,4,8,W/B,330
2020-06-25,39,15:50:00,Thursday,Finch and McCowan,Mechanical,5,10,E/B,1338
2020-06-25,21,15:55:00,Thursday,Scarborough Town Centre,Mechanical,12,24,N/B,3566
2020-06-25,63,15:58:00,Thursday,Oakwood Loop,Utilized Off Route,10,20,S/B,1387
2020-06-25,84,16:01:00,Thursday,Sheppard Station,Investigation,15,30,E/B,3206
2020-06-25,47,16:10:00,Thursday,Earsclourt loop,Utilized Off Route,13,26,S/B,1045
2020-06-25,63,16:10:00,Thursday,Oakwood Loop,Utilized Off Route,10,20,S/B,8150
2020-06-25,6,16:11:00,Thursday,Bay St/Queen St W,Investigation,10,20,S/B,3730
2020-06-25,52,16:11:00,Thursday,Lawrence West Station,Utilized Off Route,16,32,E/B,8361
2020-06-25,36,16:12:00,Thursday,Finch West station,Mechanical,6,12,E/B,3633
2020-06-25,41,16:15:00,Thursday,St.Clair / Keele,Utilized Off Route,9,18,S/B,1026
2020-06-25,79,16:23:00,Thursday,Runnymede Station,Utilized Off Route,15,30,N/B,1088
2020-06-25,42,16:30:00,Thursday,Finch station,Mechanical,15,30,E/B,8156
2020-06-25,54,16:30:00,Thursday,Eglinton station,Utilized Off Route,12,24,E/B,8646
2020-06-25,126,16:40:00,Thursday,Christie Station,Investigation,15,30,N/B,1084
2020-06-25,52,16:41:00,Thursday,Bracrest Loop,Mechanical,11,16,E/B,8129
2020-06-25,54,17:00:00,Thursday,Eglinton Station,Utilized Off Route,12,24,E/B,8933
2020-06-25,63,17:00:00,Thursday,Shaw - King to Queen,Diversion,60,70,S/B,8199
2020-06-25,39,17:19:00,Thursday,Finch and Markham Road,Investigation,4,8,W/B,3543
2020-06-25,37,18:22:00,Thursday,Islington at Rathburn,Mechanical,15,30,N/B,8023
2020-06-25,23,18:25:00,Thursday,Dawes and Danforth,Diversion,76,86,B/W,
2020-06-25,20,18:25:00,Thursday,Dawes and Danforth,Diversion,76,96,W/B,
2020-06-25,113,18:25:00,Thursday,Dawes and Danforth,Diversion,76,87,W/B,
2020-06-25,39,18:38:00,Thursday,Finch and Markham rd.,Utilized Off Route,6,12,E/B,1653
2020-06-25,39,18:55:00,Thursday,Finch and Markham rd.,Utilized Off Route,6,12,E/B,3543
2020-06-25,36,19:06:00,Thursday,Finch West Station,Mechanical,8,16,W/B,9123
2020-06-25,36,19:09:00,Thursday,Finch and Humber College Drive,Mechanical,7,14,W/B,
2020-06-25,41,19:55:00,Thursday,Keele and Eglinton,Investigation,15,30,N/B,9138
2020-06-25,29,20:40:00,Thursday,Springhurst Loop,Diversion,50,58,B/W,1562
2020-06-25,16,20:57:00,Thursday,STC,Mechanical,15,30,S/B,8502
2020-06-25,6,21:00:00,Thursday,Bay & Queen,Diversion,281,311,BW,1041
2020-06-25,52,21:35:00,Thursday,Lawrence Station,Investigation,10,20,W/B,8205
2020-06-25,32,22:19:00,Thursday,Eglinton Ave W & Kirknewton,Investigation,14,28,W/B,1350
2020-06-25,95,23:15:00,Thursday,Ellesmere Loop,Investigation,10,20,E/B,3459
2020-06-25,89,23:15:00,Thursday,KEELE AND ST CLAIR,Investigation,10,20,N/B,9033
2020-06-25,89,23:15:00,Thursday,St clair and Weston rd,Investigation,10,20,N/B,1034
2020-06-25,24,23:30:00,Thursday,Vic Park and Sloane,Investigation,9,18,S/B,8539
2020-06-25,96,23:55:00,Thursday,York Mills Station,Emergency Services,20,40,W/B,3338
2020-06-26,6,00:38:00,Friday,Bay St & Elm St,Emergency Services,30,60,N/B,1020
2020-06-26,61,01:08:00,Friday,Bombay Loop,Mechanical,20,40,S/B,1219
2020-06-26,60,01:14:00,Friday,Steeles and Signet Drive,Emergency Services,9,18,WB,3362
2020-06-26,312,02:45:00,Friday,St Clair Station,Investigation,30,60,W,1420
2020-06-26,307,03:10:00,Friday,Exhibition,Mechanical,30,60,N/B,8145
2020-06-26,76,05:12:00,Friday,Royal York and Stanley rd,Emergency Services,20,38,S/B,8075
2020-06-26,52,05:25:00,Friday,Keele and Lawrence,Mechanical,18,18,E/B,1395
2020-06-26,52,05:44:00,Friday,Westwood Mall,Diversion,999,999,B/W,
2020-06-26,900,06:19:00,Friday,Kipling Station,Mechanical,12,24,N/B,8433
2020-06-26,132,06:25:00,Friday,Hupfield and Sewells,Mechanical,13,25,W/B,3514
2020-06-26,67,06:47:00,Friday,Reddina and Pharmacy,Mechanical,17,30,S/B,8901
2020-06-26,76,06:51:00,Friday,Royal York and Queensway,Late Leaving Garage - Mechanical,1,1,E/B,8606
2020-06-26,84,06:55:00,Friday,Beecroft and Sheppard,Mechanical,18,36,W/B,3213
2020-06-26,52,06:58:00,Friday,Lawrence Station,Late Leaving Garage - Mechanical,11,15,W/B,1389
2020-06-26,81,07:30:00,Friday,Thorncliff and Overlea,Investigation,7,14,S/B,8538
2020-06-26,68,07:37:00,Friday,Warden Station,Mechanical,17,28,N/B,8859
2020-06-26,88,07:40:00,Friday,Thorncille Park and Overlea,Investigation,14,28,N/B,1290
2020-06-26,79,07:50:00,Friday,Jane and St. Clair,Mechanical,4,8,N/B,1074
2020-06-26,39,08:16:00,Friday,on Finch Ave East at Don Mills Rd,Mechanical,5,10,WB,9061
2020-06-26,97,08:30:00,Friday,Yonge and Wellington,Diversion,84,114,S/B,1271
2020-06-26,7,08:41:00,Friday,Greenwin Village and Bathurst,Mechanical,5,10,S/B,8205
2020-06-26,94,08:48:00,Friday,Ossington Station,Investigation,15,30,E/B,1107
2020-06-26,36,09:00:00,Friday,Finch west stn,Mechanical,5,10,W/B,3606
2020-06-26,40,09:05:00,Friday,Dundas West Station,Investigation,11,30,E/B,8014
2020-06-26,34,09:08:00,Friday,Concorde Pl and Wynford Dr,Investigation,12,24,S/B,3707
2020-06-26,84,09:11:00,Friday,Beecroft and Sheppard,Investigation,9,18,W/B,3707
2020-06-26,927,09:15:00,Friday,Humber College,Utilized Off Route,6,13,sb,3249
2020-06-26,43,09:24:00,Friday,Kennedy STN,Utilized Off Route,10,20,N/B,8865
2020-06-26,927,09:25:00,Friday,Martin Grove & Finch,Utilized Off Route,6,12,NB,3307
2020-06-26,162,09:30:00,Friday,Lawrence Station,Investigation,30,60,E/B,8305
2020-06-26,32,09:40:00,Friday,bathurst and eglinton,Investigation,11,22,E/B,1264
2020-06-26,101,09:40:00,Friday,Sheppard West Station,Mechanical,1,1,W/B,3220
2020-06-26,75,09:43:00,Friday,Queen/Sherbourne,Investigation,10,20,N/B,1241
2020-06-26,165,09:43:00,Friday,Ormont and Weston,Utilized Off Route,1,6,sb,3603
2020-06-26,133,09:45:00,Friday,Scarborough Town Centre,Utilized Off Route,11,22,E/B,3464
2020-06-26,133,09:53:00,Friday,Morningside and Finch,Utilized Off Route,11,22,S/B,3531
2020-06-26,52,09:54:00,Friday,Lawrence West Station,Mechanical,18,36,E/B,5381
2020-06-26,41,10:04:00,Friday,Keele Station,Utilized Off Route,12,24,N/B,9020
2020-06-26,41,10:04:00,Friday,Dundas west stn,Utilized Off Route,12,17,NB,9020
2020-06-26,70,10:18:00,Friday,Craigton & Pharmacy,Utilized Off Route,18,36,SB,8695
2020-06-26,74,10:20:00,Friday,Mt. Pleasant and Heath st,Investigation,28,57,N/B,8123
2020-06-26,7,10:26:00,Friday,Spadina Station,Mechanical,5,10,N/B,1399
2020-06-26,8,10:30:00,Friday,Broadview stn,Mechanical,15,30,N/B,8516
2020-06-26,87,10:38:00,Friday,Broadview stn,Utilized Off Route,11,22,E/B,9210
2020-06-26,44,10:40:00,Friday,Kipling Station,Utilized Off Route,6,12,S/B,8600
2020-06-26,17,10:54:00,Friday,Warden station,Utilized Off Route,13,26,NB,8527
2020-06-26,32,10:58:00,Friday,pine and lawrence,Mechanical,11,22,S/B,1132
2020-06-26,133,11:00:00,Friday,Morningside and Finch,Utilized Off Route,11,22,SB,3563
2020-06-26,52,11:00:00,Friday,Lawrence and,Mechanical,5,11,W/B,8346
2020-06-26,133,11:13:00,Friday,Scarborough Town Centre,Utilized Off Route,11,22,E/B,3411
2020-06-26,165,11:13:00,Friday,Steeles & Barmac,Utilized Off Route,2,14,SB,3224
2020-06-26,71,11:25:00,Friday,Runnymede/Bloor,Investigation,12,24,S/B,1023
2020-06-26,37,11:29:00,Friday,Islingon Stn,Mechanical,23,45,N/B,8051
2020-06-26,29,11:30:00,Friday,Wilson Station,Mechanical,7,14,S/B,9033
2020-06-26,76,11:35:00,Friday,Royal York Station,Mechanical,10,20,S/B,7912
2020-06-26,165,11:49:00,Friday,Steeles & Barmac,Utilized Off Route,12,14,SB,3645
2020-06-26,35,12:02:00,Friday,Jane Station,Mechanical,7,14,N/B,3347
2020-06-26,133,12:07:00,Friday,Scarborough Town Centre,Utilized Off Route,11,22,E/B,3534
2020-06-26,54,12:20:00,Friday,outside lawrence station,Investigation,10,20,E/B,8651
2020-06-26,23,12:30:00,Friday,Main Station - Rexleigh,General Delay,15,30,S/B,7738
2020-06-26,60,12:35:00,Friday,Pioneer station,Mechanical,9,18,W/B,3325
2020-06-26,7,12:43:00,Friday,Bathurst and Viewmount,Investigation,12,24,SB,1301
2020-06-26,133,12:51:00,Friday,Scarborough Town Centre,Utilized Off Route,11,22,E/B,3502
2020-06-26,47,13:03:00,Friday,Queens and Lansdowne,Mechanical,15,30,N/B,1008
2020-06-26,126,13:11:00,Friday,st clair,Investigation,30,60,N/B,1625
2020-06-26,63,13:27:00,Friday,stranchan/king,Investigation,5,10,S/B,1217
2020-06-26,38,13:29:00,Friday,Scarborough Town centre,Utilized Off Route,12,24,E/B,3530
2020-06-26,34,13:32:00,Friday,Eglinton Station,Investigation,12,24,E/B,8747
2020-06-26,32,13:43:00,Friday,Pine & Lawrence,Mechanical,11,22,E/B,1088
2020-06-26,102,13:45:00,Friday,Warden Station,Management,30,60,N/B,3109
2020-06-26,86,13:47:00,Friday,Kingston Rd/Galloway Rd,Mechanical,10,20,W/B,8648
2020-06-26,62,14:06:00,Friday,Pape and Mortimer,Diversion,689,711,W/B,9207
2020-06-26,54,14:20:00,Friday,eglinton stn,Utilized Off Route,12,24,W/B,8744
2020-06-26,29,14:23:00,Friday,Dufferin and Bloor,Investigation,7,15,NB,9138
2020-06-26,52,14:26:00,Friday,Airport Terminal 3,Mechanical,15,30,E/B,1363
2020-06-26,29,14:33:00,Friday,Dufferin and Jane Osler,Investigation,7,15,SB,9048
2020-06-26,89,14:40:00,Friday,Weston and Sidney Belsey,Investigation,11,22,S/B,9042
2020-06-26,36,14:50:00,Friday,Finch west stn,Mechanical,5,10,W/B,9130
2020-06-26,38,14:53:00,Friday,STC,Utilized Off Route,12,24,E/B,3471
2020-06-26,59,15:00:00,Friday,Oak / Weston,Mechanical,15,30,E/B,3195
2020-06-26,121,15:03:00,Friday,Ontario Place,Mechanical,24,48,E/B,8578
2020-06-26,63,15:14:00,Friday,bloor,Investigation,10,20,S/B,8111
2020-06-26,88,15:17:00,Friday,St. Clair Station,Emergency Services,10,20,E/B,1290
2020-06-26,54,15:20:00,Friday,kennedy station,Mechanical,12,24,E/B,8774
2020-06-26,86,15:27:00,Friday,Kennedy STN,Late Leaving Garage - Management,11,22,E/B,8669
2020-06-26,47,15:35:00,Friday,Yorkdale Mall,Mechanical,26,52,S/B,1115
2020-06-26,46,15:40:00,Friday,Martin Grove and Belfield,Emergency Services,11,22,S/B,3301
2020-06-26,6,15:44:00,Friday,Sherbourne/Queens Quay,Late Leaving Garage - Mechanical,10,20,N/B,1015
2020-06-26,105,15:45:00,Friday,Sheppard West Station,Late Leaving Garage - Mechanical,17,29,N/B,8310
2020-06-26,63,16:06:00,Friday,Queen and Ossington,Utilized Off Route,1,1,N/B,1382
2020-06-26,34,16:15:00,Friday,Victoria Park and Eglinton,Diversion,112,120,W/B,8866
2020-06-26,24,16:15:00,Friday,Victoria Park and Eglinton,Diversion,116,125,S/B,8533
2020-06-26,52,16:19:00,Friday,Lawrence West Station,Utilized Off Route,16,32,E/B,8351
2020-06-26,36,16:36:00,Friday,Finch and Arrow,Mechanical,7,14,EB,9126
2020-06-26,53,16:58:00,Friday,Steeles and Markham Road,Investigation,6,12,WB,9004
2020-06-26,95,17:00:00,Friday,Ellesmere and Markham,Mechanical,10,20,W/B,3412
2020-06-26,120,17:00:00,Friday,Sheppard & Northover,Mechanical,30,60,E/B,3342
2020-06-26,125,17:05:00,Friday,Finch station,Mechanical,15,30,W/B,1289
2020-06-26,32,17:18:00,Friday,Eglinton & Farleigh,Investigation,8,16,W/B,1633
2020-06-26,53,17:33:00,Friday,Steeles past Bayview,Investigation,6,12,EB,9012
2020-06-26,86,17:45:00,Friday,Meadowvale and Ellesmere,Mechanical,12,24,S/B,8699
2020-06-26,98,17:58:00,Friday,Willowdale and Hillcrest,Mechanical,20,40,S/B,1314
2020-06-26,34,18:43:00,Friday,Wynford and Garamond,Investigation,10,20,W/B,8870
2020-06-26,29,18:59:00,Friday,Wilson Station,Mechanical,8,12,SB,9039
2020-06-26,97,19:59:00,Friday,Yonge Blvd and Wilson Ave,Diversion,219,249,B/W,
2020-06-26,39,20:25:00,Friday,Finch Station,Mechanical,17,34,E/B,3446
2020-06-26,63,20:25:00,Friday,Ossington Stn,Utilized Off Route,10,18,,8360
2020-06-26,63,21:00:00,Friday,Ossington Stn,Mechanical,8,18,N/B,8368
2020-06-26,94,21:11:00,Friday,Wellesley & Jarvis,Mechanical,12,24,W/B,1614
2020-06-26,24,21:32:00,Friday,Victoria Park and Bassett,Mechanical,13,26,N/B,3162
2020-06-26,7,21:52:00,Friday,Bathurst and Glencairn,Mechanical,5,9,S/B,8304
2020-06-26,32,22:02:00,Friday,Eglinton and Blackcreek,Mechanical,11,22,E/B,1119
2020-06-26,102,22:14:00,Friday,Major Mac and Markham,Investigation,30,60,S/B,3138
2020-06-26,108,22:53:00,Friday,Sheppard W Stn,Mechanical,15,30,E/B,3331
2020-06-26,89,23:15:00,Friday,Keele and st clair,Diversion,47,57,N/B,9033
2020-06-26,165,23:45:00,Friday,Wilson Ave and Dufferin,Mechanical,10,21,E/B,3289
2020-06-26,57,23:45:00,Friday,Kennedy Station,Mechanical,30,60,N/B,8858
2020-06-27,116,00:44:00,Saturday,Morningside and Night Star,Mechanical,11,22,S/B,8820
2020-06-27,12,00:55:00,Saturday,Victoria Park Stn,Investigation,15,38,E/B,8571
2020-06-27,165,01:50:00,Saturday,Wilson & Bathurst,Diversion,52,62,W/B,3292
2020-06-27,396,01:50:00,Saturday,Wilson & Bathurst,Diversion,106,136,W/B,3353
2020-06-27,320,03:25:00,Saturday,Yonge & Bloor,Mechanical,1,3,N/B,8150
2020-06-27,320,03:59:00,Saturday,Yonge / Steeles,Utilized Off Route,3,6,S/B,8800
2020-06-27,80,05:45:00,Saturday,Windmere and Queensway,Late Leaving Garage - Operator,9,0,W/B,7952
2020-06-27,7,06:00:00,Saturday,Spadina Stn,Utilized Off Route,10,20,N/B,8112
2020-06-27,61,06:33:00,Saturday,Avenue rd north of 401,Diversion,207,227,B/W,8393
2020-06-27,168,07:00:00,Saturday,DUNDAS WEST STN,Mechanical,15,30,N/B,1145
2020-06-27,7,07:05:00,Saturday,Drewry & Bathurst,Investigation,10,20,N/B,8179
2020-06-27,40,07:25:00,Saturday,Kipling Station,Mechanical,24,48,E/B,7975
2020-06-27,37,07:40:00,Saturday,Islington/Steeles,Emergency Services,25,50,S/B,8614
2020-06-27,83,08:03:00,Saturday,Jones/Queen,Investigation,15,30,S/B,3158
2020-06-27,60,08:26:00,Saturday,Pioneer Village Station,Late Leaving Garage - Operator,10,20,E/B,3330
2020-06-27,46,08:30:00,Saturday,KIPLING STN,Investigation,20,40,N/B,3301
2020-06-27,24,08:33:00,Saturday,Victoria Park station,Utilized Off Route,10,19,N/B,3155
2020-06-27,59,09:11:00,Saturday,Jane/Church,Mechanical,30,60,E/B,3328
2020-06-27,38,10:00:00,Saturday,Scarborough Centre STN,Utilized Off Route,1,1,E/B,3526
2020-06-27,52,10:03:00,Saturday,Lawrence West Station,Utilized Off Route,10,20,W/B,8172
2020-06-27,71,10:15:00,Saturday,Industry/Mt.Dennis,Mechanical,12,24,S/B,1036
2020-06-27,70,10:20:00,Saturday,St Clair and Oconnor,Investigation,10,20,,8929
2020-06-27,21,10:25:00,Saturday,Scarborough Centre STN,Mechanical,22,44,N/B,1306
2020-06-27,36,10:26:00,Saturday,Finch west stn,Mechanical,6,10,w,3704
2020-06-27,47,10:27:00,Saturday,Lansdowne and Davenport,Investigation,13,26,S/B,1039
2020-06-27,36,10:59:00,Saturday,Finch west stn,Mechanical,6,11,W/B,3297
2020-06-27,38,11:10:00,Saturday,Scarborough Centre STN,Utilized Off Route,1,1,E/B,3470
2020-06-27,36,11:30:00,Saturday,Finch west stn,Mechanical,6,11,W/B,3274
2020-06-27,89,11:50:00,Saturday,Weston and St Phillip,Mechanical,10,20,N/B,1139
2020-06-27,75,11:52:00,Saturday,SHERBOURNE and Bloor,Mechanical,10,20,N/B,1218
2020-06-27,97,12:04:00,Saturday,Yonge/York Mills,Mechanical,30,60,-,8199
2020-06-27,927,12:07:00,Saturday,STEELES LOOP,Mechanical,10,20,S/B,3577
2020-06-27,85,12:23:00,Saturday,Meadowvale and Sheppard Ave E,Mechanical,10,17,E/B,9006
2020-06-27,63,12:29:00,Saturday,Atlantic and King,Mechanical,5,10,N/B,1212
2020-06-27,75,12:40:00,Saturday,SHERBOURNE and Bloor,Mechanical,10,20,N/B,1236
2020-06-27,52,12:50:00,Saturday,Lawrence West Stn.,Mechanical,7,17,W/B,1220
2020-06-27,53,12:55:00,Saturday,Finch stn,Utilized Off Route,5,10,E/B,9060
2020-06-27,102,13:26:00,Saturday,Warden stn,Mechanical,19,28,N/B,8504
2020-06-27,85,13:47:00,Saturday,Don Mills Station,Mechanical,5,16,E/B,9070
2020-06-27,38,13:48:00,Saturday,Scarborough Centre STN,Utilized Off Route,1,1,E/B,1333
2020-06-27,53,14:00:00,Saturday,Finch stn,Mechanical,5,11,E/B,1324
2020-06-27,133,14:09:00,Saturday,Scarburough Town Center,Utilized Off Route,9,18,N/B,3429
2020-06-27,110,14:15:00,Saturday,Islington and Lakeshore,Mechanical,18,36,N/B,8077
2020-06-27,86,14:15:00,Saturday,Kingston Rd/Lawrence Ave E,Investigation,7,14,W/B,8658
2020-06-27,927,14:15:00,Saturday,STEELES AND MARTINGROVE,Investigation,10,20,S/B,3591
2020-06-27,54,14:38:00,Saturday,LRT Stn.,Utilized Off Route,14,29,E/B,8695
2020-06-27,39,14:38:00,Saturday,Don Mills,Mechanical,8,16,E/B,9086
2020-06-27,133,14:47:00,Saturday,Scarburough Town Center,Utilized Off Route,9,18,N/B,3509
2020-06-27,39,14:51:00,Saturday,Sewells,Mechanical,8,16,E/B,9066
2020-06-27,1,14:59:00,Saturday,SHEPPARD STATION,Mechanical,3,6,N/B,1240
2020-06-27,38,15:00:00,Saturday,Scarborough Centre STN,Utilized Off Route,1,1,E/B,3409
2020-06-27,16,15:10:00,Saturday,Danforth road and Weatherby dr,Diversion,720,730,N/B,8480
2020-06-27,1,15:38:00,Saturday,YONGE ST @ GLENGROVE AVE,Investigation,3,6,N/B,1290
2020-06-27,86,15:39:00,Saturday,Kennedy STN,Mechanical,7,14,E/B,8895
2020-06-27,133,15:39:00,Saturday,Scarburough Town Center,Utilized Off Route,9,18,N/B,3403
2020-06-27,60,15:50:00,Saturday,Steeles / Torresdale,Investigation,10,20,E/B,3179
2020-06-27,1,16:03:00,Saturday,YONGE ST @ ROSLIN AVE,Investigation,3,6,N/B,3362
2020-06-27,41,16:37:00,Saturday,Finch West Station,Mechanical,8,17,N/B,1059
2020-06-27,29,16:59:00,Saturday,Wilson Station,Mechanical,7,13,S/B,9038
2020-06-27,7,17:24:00,Saturday,Greenwin & Bathurst,Mechanical,7,15,S/B,8195
2020-06-27,36,17:28:00,Saturday,Finch and York Gate,Investigation,8,16,WB,3343
2020-06-27,63,17:40:00,Saturday,Ossington and Dewson,Investigation,5,10,N/B,1285
2020-06-27,63,17:40:00,Saturday,Ossington and Dewson,Diversion,49,54,B/W,1285
2020-06-27,6,17:45:00,Saturday,BAY - Davenport and Dupont,Mechanical,23,46,S/B,1103
2020-06-27,32,17:57:00,Saturday,Pine & Lawrence,Mechanical,9,18,E/B,1013
2020-06-27,96,19:05:00,Saturday,Humberline and Finch,Diversion,125,145,S/B,3278
2020-06-27,60,19:10:00,Saturday,Pioneer Village Station,Mechanical,9,18,EB,3715
2020-06-27,85,19:27:00,Saturday,Victoria Park and Sheppard Ave E,Mechanical,11,17,W/B,9097
2020-06-27,52,19:35:00,Saturday,Lawrence & Keele,Mechanical,10,20,W/B,8183
2020-06-27,46,20:20:00,Saturday,Martin Grove and Porterfield,Mechanical,20,40,S/B,3634
2020-06-27,53,20:35:00,Saturday,Morningside and Finch,Mechanical,22,44,WB,3444
2020-06-27,86,20:52:00,Saturday,Kennedy Station,Late Leaving Garage - Mechanical,10,19,E/B,8897
2020-06-27,927,21:00:00,Saturday,Kipling Station,Emergency Services,10,20,S/B,3227
2020-06-27,116,21:19:00,Saturday,Sheppard and Morningside,Mechanical,24,48,N/B,8737
2020-06-27,108,21:54:00,Saturday,Steeles and Murray Ross,Emergency Services,15,30,E/B,3329
2020-06-27,165,22:10:00,Saturday,Barmac and Steeles,Diversion,273,283,S/B,3256
2020-06-27,29,22:25:00,Saturday,Dufferin and Ascot,Emergency Services,9,18,NB,9018
2020-06-28,1,00:20:00,Sunday,Finch station,Utilized Off Route,1,1,E/B,1590
2020-06-28,36,00:37:00,Sunday,Finch West Station,Mechanical,9,18,EB,3278
2020-06-28,32,00:44:00,Sunday,Eglinton and Oakwood,Mechanical,7,15,W/B,1417
2020-06-28,109,01:11:00,Sunday,Lawrence west station,Mechanical,25,1,N/B,8341
2020-06-28,85,01:53:00,Sunday,Sheppard & Shorting,Investigation,20,40,E/B,9013
2020-06-28,320,02:25:00,Sunday,Yonge and Eglinton,Utilized Off Route,7,14,S/B,8786
2020-06-28,320,02:46:00,Sunday,Queens Quay & Yonge,Utilized Off Route,4,7,N/B,1009
2020-06-28,324,03:30:00,Sunday,Victoria Park and Ellesmere,Mechanical,30,60,N/B,8406
2020-06-28,24,03:30:00,Sunday,Victoria park Pajet,Mechanical,10,20,,8406
2020-06-28,300,03:35:00,Sunday,Terminal 3,Mechanical,30,60,E/B,8758
2020-06-28,300,03:42:00,Sunday,Danforth / Warden,Investigation,30,60,W/B,8006
2020-06-28,35,05:22:00,Sunday,Peter Kaiser and Steeles,Late Leaving Garage - Operator,30,61,E/B,3273
2020-06-28,600,06:30:00,Sunday,Eglinton Station,Vision,1,1,B/W,8744
2020-06-28,39,06:50:00,Sunday,Finch Station,Emergency Services,17,34,E/B,9076
2020-06-28,94,07:18:00,Sunday,castle frank station,Mechanical,5,10,,1037
2020-06-28,307,07:40:00,Sunday,Bathurst and Lawrence,Emergency Services,30,60,S/B,8302
2020-06-28,161,07:41:00,Sunday,ossington stn,Mechanical,10,20,N/B,1051
2020-06-28,116,08:13:00,Sunday,Morningside Ave/Staines Rd,Late Leaving Garage - Management,6,16,E/B,8920
2020-06-28,91,09:00:00,Sunday,sy clair and Oconnor,Mechanical,24,48,,8805
2020-06-28,36,09:14:00,Sunday,Finch stn,Mechanical,6,11,W/B,3708
2020-06-28,36,09:36:00,Sunday,Humberwood loop,Late Leaving Garage - Mechanical,6,11,W/B,3314
2020-06-28,54,10:01:00,Sunday,Scarborough Golf Club and Lawrence,Late Leaving Garage - Mechanical,17,33,W/B,8868
2020-06-28,57,10:27:00,Sunday,Silver Star Blvd/Steeles Ave E,Investigation,18,35,N/B,8686
2020-06-28,161,10:50:00,Sunday,jane,Mechanical,15,30,S/B,1349
2020-06-28,35,11:05:00,Sunday,Jane and Finch,Mechanical,10,20,N/B,3644
2020-06-28,165,11:10:00,Sunday,steeles,Mechanical,10,20,N/B,3638
2020-06-28,38,11:41:00,Sunday,Scarborough Centre STN,Investigation,12,24,E/B,3447
2020-06-28,40,12:06:00,Sunday,Dundas west stn,Investigation,10,20,W/B,7930
2020-06-28,163,12:07:00,Sunday,wilson garage,Late Leaving Garage - Mechanical,10,20,S/B,8334
2020-06-28,79,12:22:00,Sunday,Jane an St Clair St West,Mechanical,12,24,N/B,1265
2020-06-28,168,12:48:00,Sunday,DUNDAS WEST STN,Mechanical,9,18,N/B,3729
2020-06-28,45,13:40:00,Sunday,HENLEY CRES TO JOHN GARLAND,Diversion,25,15,B/W,
2020-06-28,51,13:50:00,Sunday,Eglinton and leslie,Mechanical,24,48,S/B,1216
2020-06-28,40,13:50:00,Sunday,Dundas west stn,Mechanical,10,20,W/B,8067
2020-06-28,89,14:00:00,Sunday,Weston and jane,Mechanical,10,20,S/B,1560
2020-06-28,53,14:05:00,Sunday,Steeles / McCowan,Vision,6,12,E/B,9012
2020-06-28,7,14:15:00,Sunday,Bathurst & Carscadden,Mechanical,8,15,S/B,8101
2020-06-28,108,14:15:00,Sunday,Keele & Grand Ravine,Diversion,18,36,E/B,3704
2020-06-28,45,14:32:00,Sunday,KIPLING STN,Mechanical,9,18,N/B,8063
2020-06-28,53,14:51:00,Sunday,Finch stn,Mechanical,6,12,E/B,3451
2020-06-28,79,14:53:00,Sunday,Pine and Lawrence Ave W,Utilized Off Route,24,48,S/B,1021
2020-06-28,35,15:00:00,Sunday,Jane and Church,Investigation,10,20,S/B,3582
2020-06-28,165,15:10:00,Sunday,weston rd,Mechanical,10,20,N/B,3590
2020-06-28,52,15:15:00,Sunday,Martin Grove and Lawrence,Mechanical,14,28,W/B,8333
2020-06-28,29,15:19:00,Sunday,Prince's Gate,Mechanical,5,9,N/B,9049
2020-06-28,112,15:22:00,Sunday,KIPLING STN,Mechanical,20,40,N/B,7973
2020-06-28,46,15:24:00,Sunday,REXDALE AND MARTINGROVE,Investigation,17,32,S/B,3367
2020-06-28,54,15:26:00,Sunday,Eglinton Station,Mechanical,18,35,E/B,8806
2020-06-28,165,15:28:00,Sunday,Jane and Wilson,Utilized Off Route,10,20,E/B,3175
2020-06-28,53,15:34:00,Sunday,Finch stn,Mechanical,6,12,E/B,9081
2020-06-28,40,15:35:00,Sunday,jane and St Clair,Utilized Off Route,10,20,E/B,8440
2020-06-28,168,16:10:00,Sunday,Avon Loop,Utilized Off Route,9,18,S/B,1360
2020-06-28,102,16:20:00,Sunday,St. Clair/Kennedy,Investigation,10,20,N/B,9210
2020-06-28,47,16:24:00,Sunday,Queen and Lansdowne,Utilized Off Route,18,36,E/B,1036
2020-06-28,96,16:35:00,Sunday,Jane and Wilson,Mechanical,10,20,E/B,9613
2020-06-28,927,16:50:00,Sunday,Kipling Station,Late Leaving Garage - Operator,10,20,S/B,3225
2020-06-28,63,16:55:00,Sunday,Dupont and Ossington,Utilized Off Route,6,13,N/B,8191
2020-06-28,41,16:56:00,Sunday,High Park Station,Utilized Off Route,9,20,N/B,1415
2020-06-28,29,16:56:00,Sunday,Prince's Gate,Utilized Off Route,4,8,N/B,9017
2020-06-28,7,16:58:00,Sunday,Spadina Station,Utilized Off Route,7,15,N/B,1275
2020-06-28,123,17:00:00,Sunday,Kipling Station,Utilized Off Route,20,40,S/B,8441
2020-06-28,37,17:00:00,Sunday,Islington Station,Utilized Off Route,20,40,N/B,7912
2020-06-28,1,17:02:00,Sunday,YONGE ST & CHURCH AVE.,Investigation,3,6,S/B,3356
2020-06-28,900,17:04:00,Sunday,Kipling Station,Utilized Off Route,10,20,N/B,8010
2020-06-28,168,17:09:00,Sunday,Dundas West Stn,Utilized Off Route,9,18,N/B,1117
2020-06-28,29,17:09:00,Sunday,Prince's Gate,Utilized Off Route,4,8,N/B,9045
2020-06-28,66,17:20:00,Sunday,Humber Loop,Emergency Services,20,40,N/B,8033
2020-06-28,165,17:29:00,Sunday,Barmac and Steeles,Mechanical,10,20,E/B,3590
2020-06-28,36,17:31:00,Sunday,Humberwood Loop,Mechanical,5,10,EB,3715
2020-06-28,53,18:09:00,Sunday,Finch Station,Mechanical,6,12,WB,9015
2020-06-28,41,18:20:00,Sunday,Keele Stn,Utilized Off Route,11,22,N/B,1093
2020-06-28,927,18:40:00,Sunday,Steeles and Kipling Loop,Late Leaving Garage - Operator,10,20,S/B,3227
2020-06-28,39,18:54:00,Sunday,Bayview,Mechanical,8,16,W/B,1654
2020-06-28,900,19:04:00,Sunday,Terminal 3,Utilized Off Route,9,17,S/B,8461
2020-06-28,36,19:13:00,Sunday,Finch West Station,Mechanical,4,8,WB,3339
2020-06-28,45,21:00:00,Sunday,Kipling and Steeles,Mechanical,10,20,S/B,7975
2020-06-28,47,22:22:00,Sunday,Earls Court Loop,Emergency Services,20,40,N/B,1625
2020-06-28,927,22:51:00,Sunday,Humber College,Emergency Services,10,20,S/B,3640
2020-06-28,1,23:07:00,Sunday,Eglinton Station,Mechanical,1,1,NB,3443
2020-06-28,94,23:20:00,Sunday,Castle Frank Stn,Investigation,14,28,W/B,1024
2020-06-29,320,01:23:00,Monday,Steeles Loop at Yonge,Utilized Off Route,20,40,E/B,8357
2020-06-29,32,01:30:00,Monday,Eglinton W Station,Mechanical,1,1,W/B,1408
2020-06-29,320,02:33:00,Monday,Steeles Loop at Yonge,Utilized Off Route,7,22,S/B,8184
2020-06-29,95,04:10:00,Monday,Meadowvale loop,Late Leaving Garage - Operator,8,16,W/B,3407
2020-06-29,600,05:00:00,Monday,Malvern garage,Late Leaving Garage - Operator,1,1,,1337
2020-06-29,600,05:00:00,Monday,Malvern garage,Late Leaving Garage - Operator,1,1,,3558
2020-06-29,85,05:01:00,Monday,Malvern gate,Late Leaving Garage - Operator,1,1,W/B,3505
2020-06-29,35,05:19:00,Monday,Jane Station,Mechanical,2,13,N/B,3243
2020-06-29,32,05:24:00,Monday,eglinton station,Late Leaving Garage - Mechanical,26,43,W/B,1287
2020-06-29,85,05:45:00,Monday,Meadowvale Loop,Late Leaving Garage - Operator,17,32,W/B,3508
2020-06-29,75,05:52:00,Monday,sherborn /bloor,Investigation,15,30,N/B,8194
2020-06-29,132,06:07:00,Monday,Sewell and Brenyon Way,Late Leaving Garage - Operator,25,30,N/B,3506
2020-06-29,56,06:08:00,Monday,Eglinton Station,Investigation,20,40,E/B,8343
2020-06-29,108,06:09:00,Monday,Sheppard and Chesswood,Investigation,15,30,E/B,3708
2020-06-29,85,06:20:00,Monday,Don Mills Station,Vision,15,30,E/B,9009
2020-06-29,95,06:30:00,Monday,Ellesmere RT,Late Leaving Garage - Operator,8,16,W/B,3538
2020-06-29,163,06:31:00,Monday,Lawrence W stn,Investigation,11,21,S/B,1355
2020-06-29,135,06:50:00,Monday,Main STN,Mechanical,20,40,E/B,8593
2020-06-29,40,07:02:00,Monday,Kipling station,Mechanical,11,22,E/B,7919
2020-06-29,39,07:10:00,Monday,Baldoon and Finch,Late Leaving Garage - Operator,7,14,W/B,3484
2020-06-29,37,07:23:00,Monday,Steeles Loop /Islington,Investigation,15,30,S/B,7930
2020-06-29,24,07:35:00,Monday,Victoria Park Station,Mechanical,10,19,N/B,8551
2020-06-29,59,07:38:00,Monday,Oak St at Weston Rd,Mechanical,24,48,W/B,3701
2020-06-29,67,08:04:00,Monday,Victoria Park Station,Mechanical,17,34,N/B,8838
2020-06-29,121,08:30:00,Monday,Front and Yonge,Diversion,255,271,W/B,8522
2020-06-29,106,08:53:00,Monday,Sheppard West Station,Utilized Off Route,8,16,N/B,1222
2020-06-29,36,08:54:00,Monday,Finch / Arrow,Vision,5,10,E/B,9106
2020-06-29,36,09:14:00,Monday,Finch stn,Vision,6,11,W/B,3278
2020-06-29,52,09:15:00,Monday,LAWRENCE WEST STATION,Mechanical,5,11,W/B,8124
2020-06-29,133,09:23:00,Monday,Scaroborugh Town Centre,Utilized Off Route,11,22,N/B,3527
2020-06-29,32,09:25:00,Monday,eglinton and ennerdale,Mechanical,10,20,W/B,1263
2020-06-29,106,09:27:00,Monday,Sheppard West Station,Utilized Off Route,9,18,N/B,1372
2020-06-29,16,09:31:00,Monday,Warden STN,Utilized Off Route,1,1,E/B,8955
2020-06-29,133,09:45:00,Monday,Scaroborugh Town Centre,Utilized Off Route,11,22,E/B,3542
2020-06-29,133,09:45:00,Monday,Scarborough Town Centre,Utilized Off Route,11,22,E/B,3542
2020-06-29,61,10:00:00,Monday,Wilson and Avenue,Mechanical,10,20,N/B,1252
2020-06-29,70,10:05:00,Monday,Warden stn,Investigation,18,36,E/B,8665
2020-06-29,165,10:10:00,Monday,Weston & Norris Pl,Mechanical,7,14,S/B,3215
2020-06-29,32,10:15:00,Monday,eglinton station,Investigation,10,20,W/B,1013
2020-06-29,16,10:23:00,Monday,Warden STN,Utilized Off Route,1,1,E/B,8539
2020-06-29,133,10:29:00,Monday,Scarborough Town Centre,Utilized Off Route,11,22,E/B,3405
2020-06-29,120,10:30:00,Monday,giltspur and jane,Mechanical,30,60,W/B,3347
2020-06-29,24,10:33:00,Monday,Victoria Park Station,Investigation,10,30,N/B,9234
2020-06-29,68,10:40:00,Monday,Hymus and Warden,Diversion,12,24,B/W,
2020-06-29,68,10:41:00,Monday,Warden and Comstock,Diversion,28,40,N/B,
2020-06-29,32,11:06:00,Monday,emmett and jane,Mechanical,10,20,W/B,1063
2020-06-29,46,11:08:00,Monday,Kipling and Bywood,Investigation,19,38,S/B,3218
2020-06-29,133,11:13:00,Monday,Scarboropugh Town Centre,Utilized Off Route,11,22,E/B,3463
2020-06-29,16,11:15:00,Monday,Warden STN,Utilized Off Route,1,1,E/B,3174
2020-06-29,79,11:35:00,Monday,Pine and Lawrence,Mechanical,12,24,S/B,1532
2020-06-29,39,11:39:00,Monday,Finch Station,Investigation,16,32,EB,3562
2020-06-29,42,12:00:00,Monday,McNicoll and Kennedy,Diversion,15,30,W/B,0
2020-06-29,133,12:07:00,Monday,Scarborough Town Centre,Utilized Off Route,11,22,E/B,3528
2020-06-29,52,12:14:00,Monday,LAWRENCE/CHISWICK,Investigation,15,30,W/B,8313
2020-06-29,133,12:15:00,Monday,Morningside and Finch,Utilized Off Route,11,22,E/B,3497
2020-06-29,52,12:16:00,Monday,LAWRENCE/KEELE,Utilized Off Route,15,30,W/B,8175
2020-06-29,67,12:18:00,Monday,Victoria Park Station,Mechanical,15,30,N/B,8904
2020-06-29,53,12:57:00,Monday,Steeles / McCowan,Mechanical,6,12,E/B,9087
2020-06-29,40,13:04:00,Monday,Kipling Station,Mechanical,15,30,E/B,8023
2020-06-29,133,13:23:00,Monday,Morningside and Finch,Utilized Off Route,11,22,E/B,3484
2020-06-29,41,13:51:00,Monday,St Clair and Keele,Investigation,12,24,S/B,9017
2020-06-29,24,13:58:00,Monday,Victoria Park Station,Mechanical,25,50,N/B,8589
2020-06-29,43,14:00:00,Monday,Lawrence to Ellesmere,General Delay,80,90,N/B,
2020-06-29,90,14:15:00,Monday,St.Clair West Station,Mechanical,10,20,N/B,8121
2020-06-29,29,14:20:00,Monday,St Clair and Dufferin,Utilized Off Route,7,15,S/B,9028
2020-06-29,36,14:25:00,Monday,Finch west stn,Mechanical,5,10,E/B,9127
2020-06-29,7,14:25:00,Monday,Greenwind and Bathurst,Mechanical,8,16,S/B,8142
2020-06-29,86,14:36:00,Monday,sheppard and meadowvale,Investigation,10,20,N/B,8694
2020-06-29,134,14:55:00,Monday,Centenial College,Mechanical,9,18,W/B,3564
2020-06-29,11,15:00:00,Monday,Yorkmills and Bayview,Mechanical,10,20,N/B,1317
2020-06-29,41,15:10:00,Monday,Sheppard and Keele,Mechanical,12,24,S/B,1009
2020-06-29,79,15:10:00,Monday,mt.dennis garage,Late Leaving Garage - Mechanical,33,47,N/B,1120
2020-06-29,95,15:11:00,Monday,Ellesmere Cul-De-Sac (Kingston),Late Leaving Garage - Operator,10,20,W/B,3514
2020-06-29,133,15:16:00,Monday,Scarborough Town Center,Utilized Off Route,8,15,N/B,3484
2020-06-29,85,15:26:00,Monday,Donmills Station,Mechanical,13,26,E/B,9013
2020-06-29,44,15:46:00,Monday,Kipling station,Utilized Off Route,7,12,S/B,8436
2020-06-29,32,15:48:00,Monday,Eglinton Station,Mechanical,19,28,W/B,1030
2020-06-29,160,15:55:00,Monday,Promenade Mall,Investigation,24,48,S/B,8218
2020-06-29,80,15:56:00,Monday,Sherway Gardens,Mechanical,20,40,E/B,7972
2020-06-29,38,16:11:00,Monday,Scarburough Town Center,Utilized Off Route,7,14,N/B,3550
2020-06-29,53,16:20:00,Monday,Briemly / Steeles,Mechanical,6,12,W/B,9097
2020-06-29,129,16:25:00,Monday,Scarborough Town Center,Mechanical,5,15,N/B,9086
2020-06-29,17,16:30:00,Monday,Birchmoungt and Rougeside Promenade,Investigation,10,20,S/B,8409
2020-06-29,92,16:30:00,Monday,WOODBINE & LAKESHORE,Investigation,9,18,N/B,8473
2020-06-29,32,16:32:00,Monday,Renforth Station,Mechanical,9,18,E/B,1020
2020-06-29,71,16:37:00,Monday,Windermere at Morningside,Mechanical,10,20,N/B,1420
2020-06-29,31,17:07:00,Monday,GREENWOOD AVE & QUEEN ST,Investigation,9,18,N/B,9212
2020-06-29,113,17:16:00,Monday,Danforth and Macey Ave,Investigation,11,22,E/B,8586
2020-06-29,35,17:23:00,Monday,Jane station,Mechanical,6,10,N/B,3650
2020-06-29,71,17:40:00,Monday,Runnymeade station,Mechanical,10,20,S/B,1102
2020-06-29,63,17:55:00,Monday,Ossington Station,Investigation,10,20,N/B,8204
2020-06-29,41,18:01:00,Monday,Keele and Sheppard,Mechanical,16,31,S/B,9024
2020-06-29,108,18:02:00,Monday,Pioneer Village Station,Mechanical,17,34,S/B,3316
2020-06-29,47,18:10:00,Monday,queen and lansdowne,Investigation,27,52,N/B,1024
2020-06-29,7,18:40:00,Monday,Spadina Station,Mechanical,7,14,S/B,8310
2020-06-29,53,19:15:00,Monday,Markham / Silver star,Mechanical,6,12,E/B,9066
2020-06-29,32,19:55:00,Monday,Winnett and Eglinton,Mechanical,14,28,E/B,1079
2020-06-29,32,19:58:00,Monday,Emmett and Verona,Mechanical,30,60,E/B,1553
2020-06-29,107,20:05:00,Monday,Sheppard West Station,Mechanical,30,60,N/B,3626
2020-06-29,29,20:06:00,Monday,Dufferin and Castlefield,Investigation,5,10,N/B,9031
2020-06-29,53,20:18:00,Monday,Steeles / Old English Ln,Diversion,18,23,W/B,
2020-06-29,52,20:34:00,Monday,Lawrence and Golfwood Heights,Mechanical,12,23,E/B,8217
2020-06-29,62,20:35:00,Monday,Broadview and Pottery rd,Diversion,41,61,W/B,
2020-06-29,100,20:35:00,Monday,Pottery Rd and Broadview,Diversion,41,50,S/B,
2020-06-29,87,20:35:00,Monday,Broadview and Pottery rd,Diversion,41,52,W/B,
2020-06-29,100,20:35:00,Monday,Broadview and Pottery Rd,Investigation,9,18,W/B,8795
2020-06-29,8,20:35:00,Monday,Broadview and Potter rd,Diversion,41,71,S/B,
2020-06-29,87,20:35:00,Monday,Broadview and Pottery Rd,Investigation,11,22,W/B,9222
2020-06-29,53,20:42:00,Monday,Steeles / yonge,Diversion,33,38,E/B,
2020-06-29,53,20:48:00,Monday,Finch Station.,Mechanical,5,10,E/B,3453
2020-06-29,43,20:50:00,Monday,Kennedy Station,Mechanical,15,30,N/B,8777
2020-06-29,32,21:04:00,Monday,Pine and Lawrence,Mechanical,10,20,E/B,1208
2020-06-29,54,22:25:00,Monday,Eglinton Station,Utilized Off Route,9,12,E/B,8947
2020-06-29,34,22:55:00,Monday,St dennis and Deauville Ln,Diversion,10,30,W/B,
2020-06-29,41,2020-06-29,Monday,Pioneer Village Station,Utilized Off Route,12,24,N/B,9140
2020-06-30,61,01:15:00,Tuesday,Avenue and Wilson,Mechanical,20,40,S/B,1227
2020-06-30,300,01:55:00,Tuesday,Danforth and August,Emergency Services,17,34,W/B,8921
2020-06-30,43,02:20:00,Tuesday,Kennedy station,Mechanical,14,24,N/B,8708
2020-06-30,341,03:03:00,Tuesday,High Park Station,Mechanical,30,30,N/B,1023
2020-06-30,332,03:29:00,Tuesday,Terminal #3 Pearson Airport,Mechanical,30,60,E/B,1022
2020-06-30,300,04:02:00,Tuesday,Danforth and Danforth,Late Leaving Garage - Operator,17,34,W/B,8030
2020-06-30,600,05:00:00,Tuesday,Malvern garage,Late Leaving Garage - Operator,1,1,,3477
2020-06-30,85,05:11:00,Tuesday,Malvern gate,Late Leaving Garage - Operator,1,1,,9062
2020-06-30,47,05:16:00,Tuesday,Queen and Lansdowne,Mechanical,8,16,N/B,1055
2020-06-30,117,05:30:00,Tuesday,Champagne and Chesswood,Diversion,390,410,B/W,1285
2020-06-30,25,05:47:00,Tuesday,Don Mills & Freshmeadow,Late Leaving Garage - Operator,11,23,S/B,8628
2020-06-30,54,05:49:00,Tuesday,Lawrence & Warden,Late Leaving Garage - Mechanical,7,15,E/B,8725
2020-06-30,68,05:49:00,Tuesday,Warden & Steeles,Late Leaving Garage - Operator,19,38,S/B,8694
2020-06-30,41,05:56:00,Tuesday,Keele Station,Mechanical,7,14,N/B,9137
2020-06-30,35,05:58:00,Tuesday,Jane Station,Late Leaving Garage - Mechanical,9,19,N/B,3258
2020-06-30,36,06:03:00,Tuesday,Finch and Weston Road,Late Leaving Garage - Operator,24,48,W/B,3586
2020-06-30,12,06:04:00,Tuesday,Victoria Park Station,Late Leaving Garage - Mechanical,20,40,S/B,8591
2020-06-30,12,06:07:00,Tuesday,Victoria Park and Danforth,Mechanical,20,40,E/B,3127
2020-06-30,12,06:13:00,Tuesday,Victoria Park Station,Late Leaving Garage - Mechanical,27,27,S/B,8501
2020-06-30,36,06:15:00,Tuesday,Finch Station,Mechanical,5,10,WB,3644
2020-06-30,506,06:22:00,Tuesday,Main Station,Late Leaving Garage - Mechanical,4,8,W/B,8561
2020-06-30,39,06:25:00,Tuesday,Finch Station,Late Leaving Garage - Operator,15,30,E/B,9086
2020-06-30,165,06:28:00,Tuesday,Wilson/Dufferin,Mechanical,3,6,E/B,3208
2020-06-30,11,06:30:00,Tuesday,Davisville Station,Mechanical,10,20,N/B,1219
2020-06-30,75,06:31:00,Tuesday,bloor St  and Sherbourne,Late Leaving Garage - Mechanical,12,24,,1252
2020-06-30,85,06:32:00,Tuesday,Sheppard Station,Mechanical,15,30,E/B,3553
2020-06-30,100,06:34:00,Tuesday,Concard  Place,Late Leaving Garage - Mechanical,5,10,,8631
2020-06-30,52,06:39:00,Tuesday,LAWRENCE WEST STATION,Mechanical,1,12,W/B,1237
2020-06-30,95,06:53:00,Tuesday,Ellesmere at McCowan,Mechanical,8,16,W/B,3546
2020-06-30,7,06:58:00,Tuesday,Bathurst and Lawrence,Mechanical,7,14,S/B,8395
2020-06-30,54,07:08:00,Tuesday,Lawrence and The Donway East,Investigation,11,22,W/B,8660
2020-06-30,67,07:30:00,Tuesday,Poharmacy and Ellesmere,Diversion,400,17,S/B,8891
2020-06-30,32,07:35:00,Tuesday,scarlett and eglinton,Mechanical,10,20,E/B,1078
2020-06-30,7,07:47:00,Tuesday,Spadina Station,Investigation,4,8,N/B,8166
2020-06-30,165,07:51:00,Tuesday,Weston/Ormont,Mechanical,5,9,E/B,3316
2020-06-30,116,08:15:00,Tuesday,lawrence and morningside,Mechanical,8,16,S/B,8858
2020-06-30,96,08:25:00,Tuesday,Clayson,Mechanical,20,39,E/B,3308
2020-06-30,113,08:47:00,Tuesday,Main Street Station,Vision,12,24,E/B,8544
2020-06-30,133,09:23:00,Tuesday,Scarborough Town Centre,Utilized Off Route,11,22,E/B,3542
2020-06-30,24,09:43:00,Tuesday,Victoria Park STN,Mechanical,11,12,N/B,8404
2020-06-30,133,09:45:00,Tuesday,Scarborough Town Centre,Utilized Off Route,11,22,E/B,3478
2020-06-30,122,09:55:00,Tuesday,Graydon Hall ( West of) Don Mills Rd,Emergency Services,17,34,W/B,8369
2020-06-30,122,09:55:00,Tuesday,Graydon Hall at Don Mills Rd,Emergency Services,17,34,E/B,8210
2020-06-30,29,10:00:00,Tuesday,Dufferin and Thorburn,Investigation,6,12,N/B,1409
2020-06-30,29,10:05:00,Tuesday,Wilson Station,Investigation,3,6,S/B,1051
2020-06-30,36,10:15:00,Tuesday,Finch Station,Vision,1,1,EB,9009
2020-06-30,32,10:29:00,Tuesday,pine and lawrence,Mechanical,10,20,S/B,1024
2020-06-30,75,10:30:00,Tuesday,Gleen street,Utilized Off Route,5,10,,8133
2020-06-30,82,10:30:00,Tuesday,rosedale station,Mechanical,20,40,,8154
2020-06-30,133,10:38:00,Tuesday,Morningside and Finch,Utilized Off Route,11,22,S/B,3493
2020-06-30,102,10:41:00,Tuesday,Hwy 7 & Markham Rd,Investigation,30,60,N/B,9203
2020-06-30,133,11:00:00,Tuesday,Morningside and Finch,Utilized Off Route,11,22,W/B,3518
2020-06-30,35,11:10:00,Tuesday,Jane and Sheppard,Mechanical,4,7,S/B,3589
2020-06-30,43,12:00:00,Tuesday,Kennedy route,General Delay,10,1,S/B,
2020-06-30,133,12:15:00,Tuesday,Morningside and Finch,Utilized Off Route,11,22,W/B,3422
2020-06-30,42,12:22:00,Tuesday,Finch station,Mechanical,14,28,E/B,8153
2020-06-30,133,12:29:00,Tuesday,Scarborough Town Centre,Utilized Off Route,11,22,W/B,3459
2020-06-30,117,12:30:00,Tuesday,Supertest Rd & Alness st,Mechanical,20,40,S/B,1285
2020-06-30,36,12:47:00,Tuesday,Finch w & Weston,Investigation,5,10,EB,9132
2020-06-30,133,12:50:00,Tuesday,Morningside and Finch,Utilized Off Route,11,22,W/B,3502
2020-06-30,53,13:14:00,Tuesday,Steeles east & Lillian,Investigation,6,19,W/B,9076
2020-06-30,41,13:16:00,Tuesday,Pioneer Village Stn,Utilized Off Route,12,24,N/B,9141
2020-06-30,46,13:36:00,Tuesday,Kipling Station,Mechanical,19,38,N/B,3623
2020-06-30,900,13:38:00,Tuesday,Pearson Airport (T3),Mechanical,12,24,S/B,7942
2020-06-30,29,14:06:00,Tuesday,Wilson Station,Mechanical,7,15,N/B,9031
2020-06-30,44,14:14:00,Tuesday,Colonel Samuel Smith Loop,Utilized Off Route,6,13,NB,8415
2020-06-30,80,14:37:00,Tuesday,High Park Station,Mechanical,20,40,E/B,7973
2020-06-30,32,14:40:00,Tuesday,Emmett and Verona,Mechanical,8,17,E/B,1087
2020-06-30,15,14:50:00,Tuesday,Queensway garage,Mechanical,15,30,S/B,
2020-06-30,24,14:55:00,Tuesday,Victoria Park and Craigton,Investigation,20,30,N/B,8517
2020-06-30,43,15:00:00,Tuesday,steels and midland,Mechanical,8,16,S/B,8847
2020-06-30,38,15:05:00,Tuesday,Scarburough Town Center,Utilized Off Route,9,18,E/B,3403
2020-06-30,39,15:20:00,Tuesday,McNIcoll and Victoria Park,Mechanical,15,30,N/B,3415
2020-06-30,32,15:22:00,Tuesday,Ronald and Eglinton,Investigation,10,20,W/B,1076
2020-06-30,165,15:39:00,Tuesday,Wilosn stn,Mechanical,9,21,E/B,3344
2020-06-30,92,15:50:00,Tuesday,WOODBINE AVE & QUEEN ST,Investigation,9,18,N/B,9239
2020-06-30,43,15:54:00,Tuesday,Kennedy Station,Mechanical,9,18,N/B,8790
2020-06-30,38,16:00:00,Tuesday,Scarburough Town Center,Utilized Off Route,9,18,E/B,3531
2020-06-30,165,16:06:00,Tuesday,Jane and Wilson,Mechanical,4,8,W/B,3262
2020-06-30,60,16:07:00,Tuesday,FSTN,Mechanical,9,18,W/B,3602
2020-06-30,54,16:11:00,Tuesday,Eglinton Stn,Mechanical,12,25,E/B,8705
2020-06-30,52,16:12:00,Tuesday,Lawrence West Station,Utilized Off Route,16,32,E/B,8125
2020-06-30,41,16:15:00,Tuesday,Pioneer Village Station,Utilized Off Route,8,24,N/B,9052
2020-06-30,165,16:31:00,Tuesday,Wilson and Lady York,Investigation,5,10,W/B,3600
2020-06-30,41,16:50:00,Tuesday,Bloor and High Park Stn,Investigation,17,25,,9042
2020-06-30,89,16:51:00,Tuesday,High Park Station,Investigation,10,20,N/B,9027
2020-06-30,110,17:17:00,Tuesday,Islington Station,Investigation,12,24,S/B,8434
2020-06-30,127,17:30:00,Tuesday,Townsley Loop,General Delay,30,60,E/B,1035
2020-06-30,600,18:00:00,Tuesday,Shadlock / Steeles,Mechanical,1,1,W/B,3516
2020-06-30,25,18:15:00,Tuesday,PAPE STATION,Mechanical,5,10,N/B,8888
2020-06-30,106,18:22:00,Tuesday,Sheppard W station,Investigation,12,24,N/B,1253
2020-06-30,165,18:25:00,Tuesday,Jethro and Wilson,Diversion,5,10,W/B,3573
2020-06-30,96,18:25:00,Tuesday,Jethro and Wilson,Diversion,12,24,W/B,3607
2020-06-30,87,18:25:00,Tuesday,Cosburn Ave/ Woodbine Ave,Diversion,27,37,B/W,3133
2020-06-30,35,19:00:00,Tuesday,Jane station,Mechanical,5,10,N/B,3638
2020-06-30,88,19:05:00,Tuesday,St Clair Station,Mechanical,35,70,E/B,8101
2020-06-30,90,19:26:00,Tuesday,St.Clair West Station,Investigation,9,18,N/B,8192
2020-06-30,52,19:50:00,Tuesday,Lawrence West Station,Utilized Off Route,11,23,W/B,8112
2020-06-30,14,20:00:00,Tuesday,Caledonia to Davisville station,General Delay,10,30,E/B,
2020-06-30,52,20:12:00,Tuesday,Lawrence West Station,Utilized Off Route,11,23,E/B,8182
2020-06-30,21,20:17:00,Tuesday,Brimley and Steeles,Mechanical,13,27,S/B,3444
2020-06-30,20,20:19:00,Tuesday,Danforth and Sneath,Investigation,23,46,E/B,8536
2020-06-30,34,20:20:00,Tuesday,Eglinton and Mt Pleasant,Mechanical,7,14,E/B,8939
2020-06-30,116,20:21:00,Tuesday,Moningside and Old Finch,Mechanical,9,18,S/B,8648
2020-06-30,129,20:37:00,Tuesday,Finch and Mccowan,Investigation,6,18,S/B,3486
2020-06-30,129,20:51:00,Tuesday,Scarborough Town Cneter,Utilized Off Route,6,12,N/B,3498
2020-06-30,69,21:00:00,Tuesday,Warden Station,Mechanical,20,40,S/B,9223
2020-06-30,121,21:16:00,Tuesday,Cherry Beach,Mechanical,22,46,N/B,3105
2020-06-30,70,21:33:00,Tuesday,Coxwell Station,Emergency Services,30,60,N/B,8860
2020-06-30,100,21:42:00,Tuesday,Broadview Station,Utilized Off Route,9,18,N/B,8624
2020-06-30,133,22:13:00,Tuesday,Morningside and Nightstar,Emergency Services,13,26,S/B,1239
2020-06-30,35,23:01:00,Tuesday,Pioneer Village Station,Mechanical,10,20,N/B,3593
2020-06-30,133,23:29:00,Tuesday,Centenary Hospital Loop,Emergency Services,13,26,N/B,3454
2020-06-30,53,23:32:00,Tuesday,Markham road / Select Ave,Investigation,20,40,W/B,9080
2020-06-30,17,23:45:00,Tuesday,Birchmount Road from Eglinton to Comstock,Diversion,62,88,B/W,
