Report Date,Route,Time,Day,Location,Incident,Delay,Gap,Direction,Vehicle
2020-07-05,34,01:21:00,Sunday,Eglinton station,Mechanical,11,22,E/B,8736
2020-07-05,900,01:35:00,Sunday,Kipling Station,Mechanical,10,20,N/B,8009
2020-07-05,320,02:15:00,Sunday,Steeles loop at Yonge,Utilized Off Route,4,7,S/B,9025
2020-07-05,320,02:28:00,Sunday,Yonge & Queens Quay,Utilized Off Route,3,7,N/B,1262
2020-07-05,300,02:40:00,Sunday,Kennedy station,Vision,30,60,W/B,8459
2020-07-05,320,03:18:00,Sunday,Steeles loop,Vision,8,23,S/B,1262
2020-07-05,123,06:04:00,Sunday,Longbranch loop,Late Leaving Garage - Mechanical,10,20,N/B,7920
2020-07-05,320,06:16:00,Sunday,steeles   Loop,Late Leaving Garage - Operator,10,20,,1212
2020-07-05,168,07:00:00,Sunday,OLD WESTON AND ST CLAIR,Investigation,20,40,N/B,3729
2020-07-05,100,07:28:00,Sunday,Don mills  and Windfrod,Late Leaving Garage - Mechanical,10,20,,8821
2020-07-05,44,07:35:00,Sunday,CSSL,Late Leaving Garage - Mechanical,17,,N/B,7913
2020-07-05,110,07:45:00,Sunday,Longbranch,Late Leaving Garage - Vision,20,40,N/B,8416
2020-07-05,52,07:54:00,Sunday,Lawrence and Unsworth,Mechanical,20,40,W/B,8178
2020-07-05,110,08:12:00,Sunday,Islington Station,Mechanical,12,24,N/B,8431
2020-07-05,89,09:16:00,Sunday,Albion/Westen Rd.,Mechanical,10,20,N/B,1031
2020-07-05,46,09:44:00,Sunday,Kipling stn,Mechanical,16,32,N/B,3205
2020-07-05,54,09:46:00,Sunday,Pharmacy and Lawrence,Investigation,22,36,E/B,8874
2020-07-05,134,09:46:00,Sunday,Finchdeen Square/Finch,Mechanical,22,44,S/B,9005
2020-07-05,25,10:33:00,Sunday,Don Mills and Van Horne,Investigation,10,20,N/B,8674
2020-07-05,25,10:55:00,Sunday,Pape Station,Mechanical,10,20,N/B,8851
2020-07-05,84,11:07:00,Sunday,Weston Road and Bradstock,Mechanical,10,19,E/B,3301
2020-07-05,29,11:07:00,Sunday,Springhurst Loop,Mechanical,9,17,N/B,9017
2020-07-05,36,11:50:00,Sunday,Finch / Weston,Investigation,5,11,W/B,3245
2020-07-05,52,12:21:00,Sunday,Martin Grove and Dixon,Mechanical,20,37,E/B,8158
2020-07-05,39,12:24:00,Sunday,Baldoon,Mechanical,8,16,W/B,9091
2020-07-05,95,12:32:00,Sunday,Ellesmere and Kennedy,Mechanical,11,21,E/B,1654
2020-07-05,34,12:45:00,Sunday,eglinton station,Utilized Off Route,9,18,W/B,8709
2020-07-05,51,13:00:00,Sunday,eglinton station,Utilized Off Route,24,48,W/B,8335
2020-07-05,52,13:09:00,Sunday,Lawrence Station,Mechanical,14,28,W/B,8171
2020-07-05,24,13:50:00,Sunday,Victoria Park Station,Mechanical,7,14,N/B,8405
2020-07-05,81,14:20:00,Sunday,THORNCLIFFE PARK - Pape Station,Mechanical,10,20,N/B,3129
2020-07-05,63,14:30:00,Sunday,oakwood loop,Mechanical,7,14,S/B,8357
2020-07-05,35,14:36:00,Sunday,Jane / Lawrence,Investigation,10,20,S/B,3618
2020-07-05,7,15:14:00,Sunday,Greenwin & Bathurst,Mechanical,7,15,S/B,8337
2020-07-05,7,15:17:00,Sunday,Greenwin & Bathurst,Investigation,8,15,S/B,8145
2020-07-05,75,15:43:00,Sunday,SHERBOURNE and Lake Shore,Diversion,1,1,S/B,1212
2020-07-05,7,16:10:00,Sunday,Bathurst & Finch,Mechanical,7,15,N/B,1384
2020-07-05,94,16:10:00,Sunday,WELLESLEY - Castle Frank Station,Mechanical,13,26,B/W,8583
2020-07-05,47,16:15:00,Sunday,Earlscourt loop,Investigation,18,36,S/B,1133
2020-07-05,39,16:19:00,Sunday,Baldoon,Vision,8,16,W/B,9082
2020-07-05,37,16:25:00,Sunday,Humberwood Loop,Mechanical,12,24,S/B,7973
2020-07-05,106,16:40:00,Sunday,Sheppard West Station,Mechanical,10,20,N/B,1223
2020-07-05,129,16:57:00,Sunday,Steeles and McCowan,Mechanical,18,27,S/B,9060
2020-07-05,36,17:15:00,Sunday,Finch West Station,Mechanical,5,10,EB,3715
2020-07-05,95,17:39:00,Sunday,York Mill station,Mechanical,8,16,W/B,3442
2020-07-05,53,17:46:00,Sunday,Passmore and Markham,Mechanical,12,24,W/B,3669
2020-07-05,47,17:58:00,Sunday,Yorkdale Station,Mechanical,15,33,S/B,1035
2020-07-05,106,18:10:00,Sunday,Pioneer Village Station,Mechanical,10,20,N/B,1223
2020-07-05,116,18:42:00,Sunday,North Service Rd.,Mechanical,7,13,W/B,8879
2020-07-05,96,18:47:00,Sunday,Yorkmills Stn,Mechanical,10,20,,3260
2020-07-05,52,18:53:00,Sunday,Lawrence West Station,Mechanical,12,25,W/B,1362
2020-07-05,900,19:06:00,Sunday,Kipling Station,Mechanical,10,20,N/B,8011
2020-07-05,134,19:10:00,Sunday,Sheppard to Griffen,Diversion,117,137,B/W,
2020-07-05,54,19:22:00,Sunday,Lawrence West Station,Mechanical,21,42,W/B,8935
2020-07-05,133,19:55:00,Sunday,Ellesmere and Scarborough Golf Club Road,Mechanical,13,26,E/B,1385
2020-07-05,110,20:02:00,Sunday,Queensway Garage,Investigation,30,60,N/B,8443
2020-07-05,87,20:20:00,Sunday,Broadview and ChesteorHill,Investigation,10,20,W/B,8465
2020-07-05,37,20:54:00,Sunday,Islington Stn,Late Leaving Garage - Mechanical,20,40,N/B,8413
2020-07-05,95,21:38:00,Sunday,York Mill and Don Mill,Mechanical,12,24,W/B,3560
2020-07-05,92,22:06:00,Sunday,Woodbine Stn,Investigation,1,1,S/B,9227
2020-07-05,927,22:21:00,Sunday,Kipling Station,Investigation,10,20,N/B,3201
2020-07-05,85,22:29:00,Sunday,Sheppard and Victoria Park,Mechanical,8,16,E/B,1396
2020-07-05,73,22:52:00,Sunday,Albion and Golfdown rd,Investigation,23,46,S/B,8450
2020-07-05,116,23:10:00,Sunday,Morningside and Nightstar,Mechanical,10,20,S/B,8706
2020-07-06,45,00:07:00,Monday,Kipling Station,Mechanical,10,20,N/B,8438
2020-07-06,116,01:43:00,Monday,Morningside and  Sheppard,Mechanical,10,26,S/B,8928
2020-07-06,600,02:34:00,Monday,Broadview and Pretoria Ave,Utilized Off Route,1,1,E/B,3525
2020-07-06,307,03:11:00,Monday,Greenwin Village Rd and Bathurst Street,Mechanical,30,60,S/B,8196
2020-07-06,320,03:18:00,Monday,Steeles loop,Mechanical,8,23,S/B,1262
2020-07-06,300,03:25:00,Monday,Bloor and Manning,Emergency Services,30,60,E/B,8008
2020-07-06,320,04:00:00,Monday,steeles and yonge,Mechanical,10,20,,1262
2020-07-06,24,05:43:00,Monday,Don mills station,Late Leaving Garage - Vision,15,30,,9205
2020-07-06,54,05:51:00,Monday,Eglinton Station,Late Leaving Garage - Management,10,20,E/B,8860
2020-07-06,119,06:20:00,Monday,wilson station,Late Leaving Garage - Mechanical,20,20,W/B,3702
2020-07-06,116,06:24:00,Monday,Bellamy and eglinton,Mechanical,8,16,N/B,8764
2020-07-06,113,06:24:00,Monday,Birchmount Garage,Mechanical,12,24,W/B,8574
2020-07-06,165,06:27:00,Monday,clayson and wilson,Mechanical,3,6,E/B,3254
2020-07-06,17,06:29:00,Monday,Warden Station,Late Leaving Garage - Mechanical,9,17,N/B,8575
2020-07-06,122,06:30:00,Monday,Yorkmills station,Utilized Off Route,12,22,W/B,8182
2020-07-06,506,06:44:00,Monday,Main Station,Late Leaving Garage - Operator,17,34,W/B,3107
2020-07-06,84,06:45:00,Monday,SHEPPARD-YONGE STATION,Utilized Off Route,12,25,W/B,3357
2020-07-06,32,07:07:00,Monday,pine and lawrence,Mechanical,7,19,S/B,1062
2020-07-06,35,07:15:00,Monday,Jane and Sheppard,Mechanical,4,8,N/B,3653
2020-07-06,40,07:20:00,Monday,Kipling Station,Mechanical,11,22,E/B,7909
2020-07-06,122,07:39:00,Monday,yorkmills station,Utilized Off Route,10,20,E/B,8182
2020-07-06,97,07:50:00,Monday,davisville station,Mechanical,30,60,S/B,1234
2020-07-06,7,07:56:00,Monday,Bathurst and Lawrence,Mechanical,6,12,N/B,1227
2020-07-06,52,08:03:00,Monday,LAWRENCE WEST STATION,Mechanical,18,36,W/B,8346
2020-07-06,85,08:26:00,Monday,Sheppard and Victoria Park,Mechanical,8,16,S/B,9093
2020-07-06,89,08:31:00,Monday,Westen/Lawrence,Mechanical,22,33,N/B,9034
2020-07-06,29,08:39:00,Monday,Dufferin and Eglinton,Mechanical,8,16,N/B,9040
2020-07-06,16,09:05:00,Monday,Warden Station,Utilized Off Route,13,26,N/B,9222
2020-07-06,6,09:05:00,Monday,Bay and Elizabeth,Mechanical,10,20,,1091
2020-07-06,6,09:05:00,Monday,Bay and Elizabeth,Mechanical,10,20,,1208
2020-07-06,17,09:10:00,Monday,Warden Station,Utilized Off Route,13,26,N/B,3116
2020-07-06,927,09:21:00,Monday,Humber College,Mechanical,7,14,S/B,3612
2020-07-06,133,09:23:00,Monday,Scaroborough Town Centre,Utilized Off Route,11,22,E/B,3545
2020-07-06,41,09:26:00,Monday,High Park Station,Emergency Services,7,14,N/B,9136
2020-07-06,36,09:44:00,Monday,Finch west stn,Utilized Off Route,6,13,E/B,9130
2020-07-06,60,09:45:00,Monday,Pioneer station,Utilized Off Route,9,18,E/B,3310
2020-07-06,133,09:45:00,Monday,Scarborough Town Centre,Utilized Off Route,11,22,E/B,3548
2020-07-06,106,09:48:00,Monday,Sheppard West Station,Utilized Off Route,13,26,N/B,8159
2020-07-06,36,09:48:00,Monday,Finch west stn,Utilized Off Route,6,13,W/B,9108
2020-07-06,39,09:48:00,Monday,Finch Station,Utilized Off Route,4,8,WB,3442
2020-07-06,36,09:54:00,Monday,Finch west stn,Utilized Off Route,6,13,W/B,3641
2020-07-06,39,09:56:00,Monday,Finch Station,Utilized Off Route,2,8,EB,3520
2020-07-06,600,09:57:00,Monday,eglinton station,Utilized Off Route,1,1,W/B,1287
2020-07-06,84,09:59:00,Monday,SHEPPARD-YONGE STATION,Utilized Off Route,8,16,W/B,3633
2020-07-06,29,10:00:00,Monday,Wilson Station,Utilized Off Route,7,14,S/B,9052
2020-07-06,104,10:00:00,Monday,Wilson Station,Utilized Off Route,20,40,N/B,8200
2020-07-06,165,10:02:00,Monday,Wilson Stn,Utilized Off Route,10,20,W/B,3181
2020-07-06,96,10:05:00,Monday,Wilson Stn,Utilized Off Route,10,20,W/B,3590
2020-07-06,36,10:06:00,Monday,Finch west stn,Utilized Off Route,6,13,S/B,3574
2020-07-06,35,10:07:00,Monday,Pioneer Village Station,Utilized Off Route,7,14,S/B,3635
2020-07-06,69,10:20:00,Monday,Danforth/Warden Ave.,Mechanical,11,22,N/B,8558
2020-07-06,16,10:23:00,Monday,Warden Station,Utilized Off Route,13,26,N/B,9231
2020-07-06,133,10:29:00,Monday,Scarborough Town Centre,Utilized Off Route,11,22,S/B,3541
2020-07-06,7,10:29:00,Monday,Bathurst and Wilson,Mechanical,6,12,N/B,8105
2020-07-06,7,10:35:00,Monday,Bathurst and Wilson,Mechanical,8,16,N/B,8320
2020-07-06,133,10:37:00,Monday,Morningside and Finch,Utilized Off Route,11,22,S/B,3494
2020-07-06,17,10:41:00,Monday,Warden Station,Utilized Off Route,13,26,N/B,8583
2020-07-06,135,10:50:00,Monday,Main Station,Mechanical,20,40,N/B,8405
2020-07-06,133,10:51:00,Monday,Scarborough Town Centre,Utilized Off Route,11,22,S/B,3539
2020-07-06,85,11:12:00,Monday,Meadowvale Loop,Mechanical,8,16,W/B,8537
2020-07-06,109,11:15:00,Monday,Lawrence west station,Mechanical,30,60,E/B,1221
2020-07-06,86,11:30:00,Monday,Kennedy stn,Investigation,11,22,N/B,8871
2020-07-06,133,11:34:00,Monday,Scarborough Town Centre,Utilized Off Route,11,22,E/B,3519
2020-07-06,133,11:44:00,Monday,Morningside and Finch,Utilized Off Route,11,22,S/B,3420
2020-07-06,82,12:00:00,Monday,Glen Rd/ Douglas Dr,Diversion,747,767,E/B,8347
2020-07-06,35,12:02:00,Monday,Jane Station,Mechanical,7,14,N/B,3230
2020-07-06,134,12:09:00,Monday,Mammoth Trail/ Washburn way,Diversion,,,S/B,3506
2020-07-06,108,12:35:00,Monday,Arleta and Grandravine,Diversion,73,104,B/W,3364
2020-07-06,22,12:42:00,Monday,Queen and Coxwell,Mechanical,9,18,N/B,8404
2020-07-06,7,12:45:00,Monday,Greenwin Village/Steeles,Mechanical,6,14,S/B,8335
2020-07-06,94,12:47:00,Monday,Wellesley St/ Queens Park Crescent,Mechanical,15,30,E/B,1071
2020-07-06,35,12:48:00,Monday,Pioneer Village Station,Mechanical,7,14,S/B,9122
2020-07-06,32,12:49:00,Monday,pine an lawrence,Mechanical,10,20,S/B,1031
2020-07-06,29,12:56:00,Monday,Lawrence/Dufferin,Mechanical,7,15,S/B,9151
2020-07-06,107,13:05:00,Monday,St Regis/Tuscan Gate,Diversion,200,230,B/W,
2020-07-06,108,13:05:00,Monday,St Regis/Tuscan Gate,Diversion,200,208,B/W,
2020-07-06,129,13:09:00,Monday,Sheppard and Mccowan,Investigation,28,56,N/B,3555
2020-07-06,12,13:20:00,Monday,Kingston and BrichCliffe,Diversion,23,48,W/B,9218
2020-07-06,69,13:20:00,Monday,Birchliffe ave and Kingston,Diversion,25,37,B/W,
2020-07-06,105,13:54:00,Monday,Sheppard West Station,Mechanical,17,34,N/B,8163
2020-07-06,32,13:55:00,Monday,Emmett and Verona,Utilized Off Route,13,26,E/B,1529
2020-07-06,106,13:55:00,Monday,Sheppard West Station,Utilized Off Route,13,26,W/B,8185
2020-07-06,168,14:01:00,Monday,"On Symington, at Bloor",Mechanical,20,40,N/B,1521
2020-07-06,35,14:10:00,Monday,Yorkgate and Jane,Investigation,11,16,N/B,3180
2020-07-06,36,14:10:00,Monday,Finch stn,Investigation,6,13,W/B,3351
2020-07-06,102,14:11:00,Monday,Warden station,Late Leaving Garage - Operator,16,32,N/B,
2020-07-06,36,14:24:00,Monday,Humberwood loop,Mechanical,6,13,E/B,9104
2020-07-06,17,14:45:00,Monday,Wintermute,Late Leaving Garage - Operator,10,20,N/B,
2020-07-06,81,14:55:00,Monday,MILLWOOD & OVERLEA BLV,Management,9,18,N/B,
2020-07-06,162,15:00:00,Monday,Lawrence ave east and Dinnick cres E,Investigation,30,60,E/B,8211
2020-07-06,6,15:06:00,Monday,Davenport Rd/Dupont St,Management,10,20,S/B,3728
2020-07-06,86,15:10:00,Monday,Barbados and eglinton,Mechanical,15,1,N/B,8646
2020-07-06,63,15:11:00,Monday,Ossington Station,Investigation,10,20,N/B,8368
2020-07-06,37,15:15:00,Monday,Islington and Steeles,Mechanical,15,30,S/B,8039
2020-07-06,63,15:20:00,Monday,Atlantic and King,Utilized Off Route,5,10,N/B,8207
2020-07-06,25,15:20:00,Monday,DON MILLS STATION,Mechanical,0,0,N/B,8722
2020-07-06,41,15:22:00,Monday,Keele Stn,Utilized Off Route,7,22,N/B,1146
2020-07-06,24,15:25:00,Monday,Victoria Park Station,Late Leaving Garage - Mechanical,11,22,N/B,3133
2020-07-06,63,15:25:00,Monday,Ossington and Queen,Utilized Off Route,8,16,S/B,8143
2020-07-06,76,15:30:00,Monday,Lakeshore and Mimico,Utilized Off Route,8,16,N/B,7972
2020-07-06,89,15:31:00,Monday,High Park Station,Utilized Off Route,10,20,N/B,9148
2020-07-06,29,15:41:00,Monday,Exhibition West Loop,Utilized Off Route,4,8,N/B,1146
2020-07-06,60,15:44:00,Monday,Pioneer Village,Mechanical,10,19,E/B,3262
2020-07-06,32,15:53:00,Monday,Eglinton Station,Late Leaving Garage - Mechanical,10,20,W/B,1081
2020-07-06,39,16:05:00,Monday,Finch and Warden,Mechanical,1,8,W/B,1322
2020-07-06,25,16:20:00,Monday,DON MILLS STATION,Mechanical,9,18,N/B,8905
2020-07-06,7,16:21:00,Monday,Greenwin Village at Bathurst,Mechanical,5,10,S/B,8130
2020-07-06,44,16:24:00,Monday,Kipling Station,Mechanical,5,10,N/B,8045
2020-07-06,54,16:30:00,Monday,eglinton station,Utilized Off Route,12,24,N/B,8640
2020-07-06,165,16:40:00,Monday,Weston and Jubilee Cresant,Investigation,8,16,N/B,3329
2020-07-06,54,16:40:00,Monday,scarboro golf course and lawrence,Mechanical,6,12,W/B,8869
2020-07-06,85,16:42:00,Monday,Malven Gate,Mechanical,13,26,W/B,9005
2020-07-06,37,16:45:00,Monday,Islington stn,Mechanical,23,57,N/B,8609
2020-07-06,44,17:54:00,Monday,Kipling Station,Mechanical,5,10,N/B,8414
2020-07-06,32,18:00:00,Monday,Northcliffe and Eglinton,Diversion,84,94,B/W,
2020-07-06,161,18:03:00,Monday,Jane and Alliance,Mechanical,23,46,E/B,1553
2020-07-06,70,18:09:00,Monday,WARDEN STATION,Vision,11,22,N/B,8847
2020-07-06,53,18:10:00,Monday,Steeles and Warden,Mechanical,6,12,W/B,1377
2020-07-06,121,18:14:00,Monday,The Esplanade/ Farquhars Ln,Diversion,5,29,B/W,3139
2020-07-06,50,18:30:00,Monday,Islington and Cordova,Diversion,170,184,B/W,
2020-07-06,37,18:30:00,Monday,Islington and Cordova,Diversion,170,195,S/B,
2020-07-06,50,18:39:00,Monday,Cordova and Central Park BlVD,Diversion,155,172,B/W,8014
2020-07-06,123,18:46:00,Monday,Long Branch,Mechanical,23,46,N/B,8044
2020-07-06,63,18:48:00,Monday,Ossington Station,Utilized Off Route,10,20,S/B,8366
2020-07-06,86,18:56:00,Monday,Kennedy Station,Mechanical,11,22,E/B,8763
2020-07-06,43,19:15:00,Monday,Kennedy and Eglinton,Investigation,8,17,S/B,8794
2020-07-06,11,19:18:00,Monday,Davisville Station,Emergency Services,28,59,N/B,8127
2020-07-06,60,19:25:00,Monday,Weston and Steeles,Diversion,45,51,W/B,3267
2020-07-06,165,19:30:00,Monday,Weston and Steels,Diversion,98,103,W/B,3207
2020-07-06,53,19:53:00,Monday,Steeles and Ashcott,Investigation,5,16,E/B,1657
2020-07-06,47,20:00:00,Monday,Queens and Lansdown,Mechanical,20,40,N/B,1004
2020-07-06,121,20:15:00,Monday,ESPLANADE & CHURCH,Diversion,325,349,W/B,
2020-07-06,9,20:17:00,Monday,Midland and St. Clair,Investigation,18,36,W/B,8577
2020-07-06,65,20:30:00,Monday,Castle Frank Station,Mechanical,18,36,S/B,3121
2020-07-06,23,20:32:00,Monday,Dawes and Goodwood park,Investigation,10,20,N/B,3172
2020-07-06,52,20:37:00,Monday,Dufferin and Lawrence,Mechanical,12,23,W/B,8361
2020-07-06,72,21:00:00,Monday,Pape station,Mechanical,18,36,S/B,3166
2020-07-06,54,21:20:00,Monday,Eglinton Station,Mechanical,10,21,E/B,8821
2020-07-07,320,02:13:00,Tuesday,Yonge and Queensquay,Utilized Off Route,3,6,N/B,8678
2020-07-07,320,02:14:00,Tuesday,Eglinton station,Utilized Off Route,3,7,S/B,8939
2020-07-07,35,04:51:00,Tuesday,Jane and Chalkfarm,Diversion,36,46,B/W,3190
2020-07-07,25,05:35:00,Tuesday,Don Mills & Freshmeadow,Late Leaving Garage - Management,12,27,S/B,8711
2020-07-07,68,05:44:00,Tuesday,Warden & Steeles,Late Leaving Garage - Operator,27,46,S/B,8833
2020-07-07,129,06:03:00,Tuesday,Steeles/ McCowan,Mechanical,15,20,S/B,3493
2020-07-07,76,06:10:00,Tuesday,Lakeshore & Minico,Mechanical,6,12,N/B,7961
2020-07-07,54,06:12:00,Tuesday,Lawrence & Scarborough Golf Club Rd.,Late Leaving Garage - Mechanical,11,20,E/B,8840
2020-07-07,10,06:15:00,Tuesday,Don Mills Station,Mechanical,30,60,E/B,1289
2020-07-07,25,06:49:00,Tuesday,Don Mills Station,Utilized Off Route,6,18,S/B,8640
2020-07-07,79,06:57:00,Tuesday,Pine and Lawrence,Late Leaving Garage - Mechanical,9,18,S/B,1265
2020-07-07,52,07:39:00,Tuesday,LAWRENCE/KEELE,Investigation,18,35,E/B,8350
2020-07-07,85,07:43:00,Tuesday,Rouge Hill Go Terminal,Mechanical,1,1,W/B,3405
2020-07-07,72,08:16:00,Tuesday,Commissioner and lake shore,Diversion,136,152,,8516
2020-07-07,87,09:00:00,Tuesday,East york acres,Diversion,10,20,,3160
2020-07-07,16,09:18:00,Tuesday,Warden Station,Utilized Off Route,13,26,N/B,8551
2020-07-07,133,09:23:00,Tuesday,Scarborough Town Centre,Utilized Off Route,11,22,S/B,3483
2020-07-07,41,09:29:00,Tuesday,Keele Station,Mechanical,11,22,N/B,3730
2020-07-07,38,09:29:00,Tuesday,STC,Mechanical,12,23,E/B,3459
2020-07-07,102,09:35:00,Tuesday,Warden Station,Utilized Off Route,10,20,N/B,3165
2020-07-07,34,09:40:00,Tuesday,Eglinton and Swift,Investigation,8,16,E/B,8946
2020-07-07,133,09:45:00,Tuesday,Scarborough Town Centre,Utilized Off Route,11,22,S/B,3452
2020-07-07,17,09:49:00,Tuesday,Warden Station,Utilized Off Route,13,26,N/B,8560
2020-07-07,133,10:29:00,Tuesday,Scarborough Town Centre,Utilized Off Route,11,22,E/B,3491
2020-07-07,16,10:36:00,Tuesday,Warden Station,Utilized Off Route,13,26,N/B,9214
2020-07-07,133,10:51:00,Tuesday,Scarborough Town Centre,Utilized Off Route,11,22,E/B,3456
2020-07-07,36,10:57:00,Tuesday,Finch and Weston,Investigation,5,10,E/B,9110
2020-07-07,133,11:13:00,Tuesday,Scarborough Town Centre,Utilized Off Route,11,22,E/B,3445
2020-07-07,16,11:15:00,Tuesday,Warden Station,Utilized Off Route,13,26,N/B,8556
2020-07-07,133,11:24:00,Tuesday,Scarborough Town Centre,Utilized Off Route,11,22,E/B,3486
2020-07-07,133,11:34:00,Tuesday,Scarborough Town Centre,Utilized Off Route,11,22,E/B,3489
2020-07-07,95,11:50:00,Tuesday,Ellesmere & Kingston Rd,Mechanical,20,40,W/B,3511
2020-07-07,29,12:07:00,Tuesday,Wilson Stn,Investigation,8,15,S/B,9137
2020-07-07,25,12:10:00,Tuesday,Don Mills stn,Mechanical,9,18,S/B,8758
2020-07-07,47,12:39:00,Tuesday,St. Clair and Lansdowne,Mechanical,20,40,E/B,1633
2020-07-07,25,12:43:00,Tuesday,DON MILLS & BARBER GREEN,Investigation,10,20,S/B,8731
2020-07-07,84,13:35:00,Tuesday,SHEPPARD/OAKDALE,Mechanical,8,16,W/B,3584
2020-07-07,117,14:07:00,Tuesday,Sheppard / Kodiak Ave,Mechanical,20,40,N/B,1277
2020-07-07,9,14:13:00,Tuesday,Scarborough Town centre,Late Leaving Garage - Mechanical,20,40,S/B,8580
2020-07-07,39,14:17:00,Tuesday,Malvern Garage,Mechanical,1,1,N/B,3560
2020-07-07,60,14:20:00,Tuesday,Dufferin and Steeles,Diversion,9,122,W/B,3647
2020-07-07,32,14:21:00,Tuesday,Emmett and Verona,Mechanical,9,18,E/B,1055
2020-07-07,165,14:25:00,Tuesday,Barmac/ Steeles,Utilized Off Route,4,8,S/B,3231
2020-07-07,36,14:25:00,Tuesday,Finch west and Stevenson rd,Investigation,5,10,WB,9123
2020-07-07,600,14:27:00,Tuesday,Steeles & Brimley,Mechanical,7,20,W/B,3530
2020-07-07,85,14:35:00,Tuesday,Malvern Garage,Mechanical,1,1,N/B,3424
2020-07-07,32,14:38:00,Tuesday,Emmett and Verona,Mechanical,9,18,E/B,1141
2020-07-07,98,14:39:00,Tuesday,Sheppard station,Mechanical,27,54,N/B,8178
2020-07-07,7,14:52:00,Tuesday,Bathurst/Lawrence,Mechanical,6,14,S/B,1384
2020-07-07,17,14:54:00,Tuesday,Warden Station,Mechanical,10,20,N/B,3130
2020-07-07,90,14:55:00,Tuesday,St.Clair West Station,Utilized Off Route,10,20,N/B,1293
2020-07-07,54,14:56:00,Tuesday,Lawrence and Starspray,Late Leaving Garage - Mechanical,12,24,W/B,8824
2020-07-07,44,15:05:00,Tuesday,Col Sam Smith Loop,Late Leaving Garage - Mechanical,5,10,N/B,8458
2020-07-07,68,15:12:00,Tuesday,Eglinton Garage,Investigation,18,26,N/B,8883
2020-07-07,131,15:17:00,Tuesday,Malrvern Garage,Mechanical,1,1,N/B,3538
2020-07-07,96,15:20:00,Tuesday,Jane/ Wilison,Utilized Off Route,20,40,W/B,3263
2020-07-07,113,15:27:00,Tuesday,Kennedy Station,Management,11,22,S/B,9218
2020-07-07,90,15:32:00,Tuesday,St.Clair West Station,Investigation,5,10,N/B,1290
2020-07-07,52,15:39:00,Tuesday,BATHURST/LAWRENCE,Investigation,4,16,W/B,8300
2020-07-07,20,15:41:00,Tuesday,Danforth and Leyton,Investigation,20,40,W/B,9208
2020-07-07,7,15:44:00,Tuesday,Spadina Stn,Diversion,20,26,S/B,
2020-07-07,32,15:48:00,Tuesday,Northcliffe and Eglinton,Investigation,17,33,E/B,1113
2020-07-07,54,15:49:00,Tuesday,Lawrence and Scarborough Golf Club,Mechanical,11,24,W/B,8623
2020-07-07,96,15:52:00,Tuesday,Jane/ Wilson,Mechanical,20,40,E/B,3276
2020-07-07,131,15:54:00,Tuesday,Sewells and Neilson,Mechanical,13,27,E/B,3517
2020-07-07,52,16:10:00,Tuesday,Lawrence West Station,Utilized Off Route,16,32,E/B,8385
2020-07-07,112,16:16:00,Tuesday,Dundas and Shaver ave,Investigation,16,32,E/B,7960
2020-07-07,29,16:16:00,Tuesday,Dufferin/Brandon,Investigation,8,15,S/B,9021
2020-07-07,86,16:26:00,Tuesday,Kennedy Station,Mechanical,11,22,E/B,8693
2020-07-07,163,16:27:00,Tuesday,Oakwood and Jesmond,Investigation,9,18,N/B,8151
2020-07-07,32,16:41:00,Tuesday,Renforth Station,Mechanical,10,20,E/B,1115
2020-07-07,39,16:43:00,Tuesday,Neilson and Crow trail,Mechanical,4,7,W/B,9007
2020-07-07,160,16:45:00,Tuesday,Centre St/Bathurst,Mechanical,24,48,N/B,1314
2020-07-07,52,17:17:00,Tuesday,Lawrence Station,Utilized Off Route,3,12,W/B,8118
2020-07-07,35,17:23:00,Tuesday,Pioneer Village STn,Mechanical,11,16,S/B,3216
2020-07-07,77,17:30:00,Tuesday,Windermere Ave and Windermere place.,Diversion,480,500,N/B,1409
2020-07-07,37,17:54:00,Tuesday,Islington Station,Emergency Services,15,30,N/B,8067
2020-07-07,47,18:09:00,Tuesday,Earlsloop,Mechanical,13,27,S/B,1056
2020-07-07,31,18:20:00,Tuesday,GREENWOOD & ATHLETIC AVE,Investigation,10,20,S/B,3168
2020-07-07,129,18:22:00,Tuesday,Scarborough Town Center,Mechanical,5,15,N/B,3417
2020-07-07,189,18:25:00,Tuesday,Gunn's Loop,Investigation,20,40,S/B,8048
2020-07-07,60,18:29:00,Tuesday,Bathurst and Steeles,Investigation,9,18,W/B,3198
2020-07-07,37,18:36:00,Tuesday,Islington Station,Mechanical,28,51,N/B,8451
2020-07-07,24,18:43:00,Tuesday,Victoria Park and Steeles Loop,Mechanical,9,18,S/B,8590
2020-07-07,95,18:51:00,Tuesday,York Mills & Fenn Ave,Investigation,13,26,E/B,3482
2020-07-07,41,19:05:00,Tuesday,Finch/Keele,Mechanical,15,21,N/B,9050
2020-07-07,122,19:19:00,Tuesday,York Mills & Fenn Ave,Investigation,22,44,E/B,1250
2020-07-07,65,19:30:00,Tuesday,,Investigation,12,24,S/B,8546
2020-07-07,85,19:41:00,Tuesday,Sheppard Ave & Bay Mills Blvd,Mechanical,21,42,E/B,3521
2020-07-07,165,20:50:00,Tuesday,Wilson Station,Mechanical,10,20,W/B,3599
2020-07-07,60,21:01:00,Tuesday,Yonge and Patricia,Investigation,9,18,W/B,3578
2020-07-07,41,21:14:00,Tuesday,Keele & Humberside Ave,Emergency Services,7,14,N/B,9032
2020-07-07,80,21:15:00,Tuesday,High Park station,Investigation,24,48,E/B,7935
2020-07-07,68,21:42:00,Tuesday,Warden Station,Mechanical,12,24,N/B,8638
2020-07-07,40,21:53:00,Tuesday,Dundas West STN,Utilized Off Route,15,30,W/B,8097
2020-07-07,96,22:10:00,Tuesday,Wilson and Oakland Ave,Investigation,20,40,W/B,3360
2020-07-07,21,23:10:00,Tuesday,STC,Mechanical,20,40,N/B,3559
2020-07-08,35,00:45:00,Wednesday,Jane & Weston,Investigation,9,18,N/B,3277
2020-07-08,320,02:14:00,Wednesday,Yonge and Eglinton,Utilized Off Route,3,7,S/B,8759
2020-07-08,57,04:48:00,Wednesday,Midland & Steeles,Late Leaving Garage - Management,20,20,S/B,8819
2020-07-08,116,04:48:00,Wednesday,Morningside & Staines,Late Leaving Garage - Operator,15,15,N/B,8645
2020-07-08,7,04:52:00,Wednesday,Wilson Garage,Late Leaving Garage - Operator,1,1,S/B,1229
2020-07-08,86,04:54:00,Wednesday,Meadowvale & Sheppard,Late Leaving Garage - Management,17,17,S/B,8900
2020-07-08,52,04:55:00,Wednesday,Wilson Garage,Late Leaving Garage - Operator,1,1,E/B,1384
2020-07-08,36,05:30:00,Wednesday,Humberwood loop,Investigation,10,20,E/B,9120
2020-07-08,84,05:45:00,Wednesday,Sheppard Ave W and Arrow Rd,Late Leaving Garage - Mechanical,6,18,E/B,3646
2020-07-08,42,05:50:00,Wednesday,Finch station,Mechanical,13,26,W/B,8355
2020-07-08,7,05:59:00,Wednesday,Bathurst and Wilson,Late Leaving Garage - Mechanical,6,12,N/B,1242
2020-07-08,122,06:08:00,Wednesday,Fenelon Dr.,Utilized Off Route,10,22,W/B,8122
2020-07-08,54,06:14:00,Wednesday,Eglinton Station,Late Leaving Garage - Mechanical,10,30,S/B,8801
2020-07-08,52,06:22:00,Wednesday,LAWRENCE STATION,Late Leaving Garage - Operator,18,33,W/B,8345
2020-07-08,107,06:30:00,Wednesday,Sheppard West Station,Mechanical,30,60,N/B,3628
2020-07-08,79,06:52:00,Wednesday,Pine and Lawrence,Late Leaving Garage - Mechanical,17,25,S/B,1205
2020-07-08,84,06:55:00,Wednesday,WESTON/BRADSTOCK,Mechanical,11,22,E/B,3257
2020-07-08,95,07:00:00,Wednesday,Ellesmere & Neilson,Mechanical,3,11,W/B,3456
2020-07-08,65,07:08:00,Wednesday,Parliament and King,Mechanical,12,25,S/B,8532
2020-07-08,169,07:27:00,Wednesday,Don Mills Station,Mechanical,20,40,E/B,8211
2020-07-08,35,07:51:00,Wednesday,Jane and Sheppard,Mechanical,4,8,S/B,3178
2020-07-08,59,08:15:00,Wednesday,Oakwood and Weston,Mechanical,11,24,E/B,3197
2020-07-08,129,08:53:00,Wednesday,Scarborough Town Centre,Utilized Off Route,5,11,N/B,3551
2020-07-08,25,09:17:00,Wednesday,Pape stn,Mechanical,6,12,S/B,8638
2020-07-08,133,09:24:00,Wednesday,Scarborough Town Centre,Utilized Off Route,11,22,E/B,3444
2020-07-08,52,09:42:00,Wednesday,LAWRENCE WEST STATION,Mechanical,5,11,E/B,8313
2020-07-08,133,09:45:00,Wednesday,Scarborough Town Centre,Utilized Off Route,11,22,E/B,3410
2020-07-08,106,09:48:00,Wednesday,Sheppard West Station,Utilized Off Route,13,26,N/B,8165
2020-07-08,134,09:59:00,Wednesday,Scarborough Town Centre,Mechanical,20,37,E/B,3494
2020-07-08,168,10:02:00,Wednesday,Avon loop,Investigation,20,40,W/B,1016
2020-07-08,39,10:05:00,Wednesday,on Finch at Victoria Park,Emergency Services,7,9,WB,1245
2020-07-08,133,10:07:00,Wednesday,Scarborough Town Centre,Utilized Off Route,11,22,E/B,3489
2020-07-08,71,10:09:00,Wednesday,runnymede station,Utilized Off Route,12,24,N/B,1408
2020-07-08,29,10:11:00,Wednesday,Dufferin and Lappin,Investigation,1,2,N/B,9017
2020-07-08,7,10:16:00,Wednesday,Bathurst and Lawrence,Mechanical,6,12,S/B,8361
2020-07-08,53,10:20:00,Wednesday,Passmore and  Markham,Utilized Off Route,7,20,W/B,9005
2020-07-08,6,10:40:00,Wednesday,BAY and Gerrard,Investigation,14,34,S/B,1605
2020-07-08,133,10:51:00,Wednesday,Scarborough Town Centre,Utilized Off Route,11,22,E/B,3478
2020-07-08,52,10:52:00,Wednesday,LAWRENCE WEST STATION,Mechanical,15,30,E/B,8338
2020-07-08,72,11:03:00,Wednesday,BAY - Yonge and Wellington,Diversion,1,1,N/B,8546
2020-07-08,165,11:10:00,Wednesday,barmac,Mechanical,1,1,S/B,3612
2020-07-08,133,11:13:00,Wednesday,Scarborough Town Centre,Utilized Off Route,11,22,E/B,3558
2020-07-08,53,11:25:00,Wednesday,Passmore & Markham,Utilized Off Route,13,19,W/B,9098
2020-07-08,133,11:34:00,Wednesday,Scaroborough Town Centre,Utilized Off Route,11,22,E/B,3544
2020-07-08,133,11:45:00,Wednesday,Scarborough Town Centre,Utilized Off Route,11,22,E/B,3539
2020-07-08,83,11:53:00,Wednesday,Donlands station,Utilized Off Route,22,44,S/B,9216
2020-07-08,52,11:55:00,Wednesday,LAWRENCE/CALEDONIA,Mechanical,15,30,W/B,8133
2020-07-08,168,12:02:00,Wednesday,Avon loop,Diversion,98,118,W/B,
2020-07-08,69,12:20:00,Wednesday,Birchmount and Danforth Ave,Mechanical,11,22,N/B,3157
2020-07-08,100,12:24:00,Wednesday,Broadview Station,Mechanical,9,18,N/B,8840
2020-07-08,38,12:33:00,Wednesday,Scarborough Town centre,Mechanical,12,24,E/B,3568
2020-07-08,22,13:22:00,Wednesday,COXWELL AVE & QUEEN ST.,Mechanical,8,16,S/B,9208
2020-07-08,32,13:29:00,Wednesday,Dufferin and Eglinton,Mechanical,13,26,E/B,1065
2020-07-08,75,13:34:00,Wednesday,South Dr/Glen Rd,Utilized Off Route,11,22,S/B,8130
2020-07-08,53,13:35:00,Wednesday,Passmore & Markham,Utilized Off Route,1,1,W/B,3424
2020-07-08,32,13:39:00,Wednesday,Eglinton Station,Mechanical,11,22,W/B,1092
2020-07-08,88,13:45:00,Wednesday,Wilson Garage,Late Leaving Garage - Mechanical,1,1,E/B,1228
2020-07-08,85,13:50:00,Wednesday,Markham and Sheppard,Utilized Off Route,8,16,E/B,3430
2020-07-08,97,14:03:00,Wednesday,Wilson Garage,Late Leaving Garage - Mechanical,1,1,S/B,1302
2020-07-08,17,14:49:00,Wednesday,Wintermute,Late Leaving Garage - Operator,10,20,S/B,8550
2020-07-08,52,14:50:00,Wednesday,LAWRENCE/CALEDONIA,General Delay,30,45,B/W,
2020-07-08,52,14:50:00,Wednesday,LAWRENCE/CALEDONIA,Diversion,151,159,B/W,
2020-07-08,90,14:55:00,Wednesday,St.Clair West Station,Mechanical,10,20,N/B,1296
2020-07-08,6,15:00:00,Wednesday,Davenport Rd/Dupont St to Sherbourne St/Queen Quay,General Delay,10,20,B/W,1089
2020-07-08,40,15:01:00,Wednesday,"On Mabelle, at Cordova",Diversion,75,95,B/W,
2020-07-08,73,15:02:00,Wednesday,Royal York/Kingsgrove,Diversion,538,563,B/W,8600
2020-07-08,55,15:10:00,Wednesday,Varsity and Crosby,Diversion,395,455,S/B,7910
2020-07-08,96,15:10:00,Wednesday,wilson / wendell,Diversion,20,35,E/B,3362
2020-07-08,165,15:10:00,Wednesday,wilson  wendell,Diversion,24,49,E/B,3629
2020-07-08,59,15:10:00,Wednesday,Sheffield and Ingram and Caledonia and Lawrence,General Delay,300,328,B/W,
2020-07-08,66,15:13:00,Wednesday,Stephen Drive at River Valley,Diversion,605,619,B/W,8606
2020-07-08,102,15:15:00,Wednesday,Warden Station,Late Leaving Garage - Management,16,32,N/B,3105
2020-07-08,52,15:15:00,Wednesday,Wilson Garage,Late Leaving Garage - Mechanical,1,1,E/B,8317
2020-07-08,79,15:15:00,Wednesday,Runnymede Station to Pine and Lawrence,General Delay,84,108,B/W,
2020-07-08,89,15:18:00,Wednesday,"On Keele, at Junction Road",Diversion,117,128,B/W,
2020-07-08,32,15:19:00,Wednesday,Emmett and Verona,Mechanical,8,17,W/B,1349
2020-07-08,189,15:20:00,Wednesday,"On Keele, at Junction",Diversion,115,135,B/W,
2020-07-08,41,15:30:00,Wednesday,Dundas/Keele,Diversion,86,94,B/W,
2020-07-08,32,15:30:00,Wednesday,Weston and Eglinton,Diversion,270,280,B/W,
2020-07-08,48,15:30:00,Wednesday,Royal York between dundas and bloor,Diversion,607,632,B/W,8049
2020-07-08,35,15:30:00,Wednesday,Jane from Jane station to Pioneer Village station,General Delay,5,10,B/W,0
2020-07-08,73,15:30:00,Wednesday,Royal York and Lingrove,Diversion,610,615,B/W,7923
2020-07-08,85,15:33:00,Wednesday,Malvern Gate,Mechanical,13,26,E/B,1313
2020-07-08,35,15:37:00,Wednesday,Pioneer Village Station,Late Leaving Garage - Mechanical,4,10,S/B,3361
2020-07-08,54,15:39:00,Wednesday,Lawrence Ave. E./Scarborough Golf Club,Late Leaving Garage - Operator,12,24,E/B,8848
2020-07-08,84,15:40:00,Wednesday,SHEPPARD-YONGE STATION,Mechanical,15,30,W/B,3343
2020-07-08,94,15:43:00,Wednesday,Castle Frank Station,Mechanical,18,35,W/B,1087
2020-07-08,32,15:44:00,Wednesday,Renforth Station,Late Leaving Garage - Operator,19,38,N/B,1057
2020-07-08,32,15:44:00,Wednesday,Eglinton Station,Late Leaving Garage - Operator,9,18,W/B,1052
2020-07-08,111,15:47:00,Wednesday,Martingrove and Willowridge,Mechanical,13,26,S/B,7960
2020-07-08,32,15:48:00,Wednesday,Eglinton Station,Late Leaving Garage - Operator,19,38,W/B,1127
2020-07-08,32,15:53:00,Wednesday,Renforth Station,Late Leaving Garage - Operator,10,20,E/B,1090
2020-07-08,171,15:56:00,Wednesday,Mount Dennis Garage,Diversion,304,324,S/B,1516
2020-07-08,29,15:56:00,Wednesday,Wilson Stn,Mechanical,4,8,S/B,9027
2020-07-08,52,16:10:00,Wednesday,Lawrence West Station,Utilized Off Route,4,16,W/B,8185
2020-07-08,32,16:15:00,Wednesday,Black Creek and Tretheway,Mechanical,10,20,W/B,1361
2020-07-08,6,16:21:00,Wednesday,George Brown Loop,Diversion,1,1,N/B,1089
2020-07-08,52,16:25:00,Wednesday,Lawrence West Station,Utilized Off Route,8,12,W/B,8184
2020-07-08,1,16:28:00,Wednesday,ERROR,Mechanical,1,1,N/B,1
2020-07-08,165,16:36:00,Wednesday,Barmac Drive / Ormont Drive,Mechanical,4,8,S/B,3266
2020-07-08,52,16:45:00,Wednesday,Lawrence Station,Utilized Off Route,1,12,W/B,8166
2020-07-08,102,17:11:00,Wednesday,Painted Post,Mechanical,6,12,S/B,3146
2020-07-08,32,17:14:00,Wednesday,Eglinton Station,Mechanical,9,18,W/B,1360
2020-07-08,45,17:19:00,Wednesday,Kipling Station,Investigation,15,30,N/B,8081
2020-07-08,79,17:38:00,Wednesday,Runnymede and Dundas,Diversion,41,65,B/W,
2020-07-08,52,17:55:00,Wednesday,Lawrence Station,Utilized Off Route,2,15,W/B,8180
2020-07-08,168,18:10:00,Wednesday,"On Rogers, at Weston",Investigation,12,24,W/B,3731
2020-07-08,68,18:23:00,Wednesday,Wareden and Fairfax,Investigation,8,17,N/B,8635
2020-07-08,86,19:12:00,Wednesday,Kennedy Station,Mechanical,13,26,E/B,8791
2020-07-08,96,19:16:00,Wednesday,Humberline Loop,Mechanical,24,48,E/B,3624
2020-07-08,41,19:21:00,Wednesday,Keele/Eglinton,Mechanical,8,15,N/B,1099
2020-07-08,80,19:25:00,Wednesday,"On High Park, at High Park Station",Diversion,210,240,B/W,
2020-07-08,52,19:26:00,Wednesday,Lawrence at Shermount,Mechanical,13,29,E/B,8333
2020-07-08,49,19:33:00,Wednesday,Kipling Station,Mechanical,13,26,W/B,7930
2020-07-08,37,19:55:00,Wednesday,Humberwood Loop,Mechanical,23,46,S/B,8072
2020-07-08,160,21:23:00,Wednesday,Bathurst / Clark,Mechanical,24,48,S/B,8124
2020-07-08,87,21:40:00,Wednesday,Cosburn & Greenwood,Mechanical,11,22,W/B,8784
2020-07-08,75,21:59:00,Wednesday,Sherbourne & Bloor,Investigation,10,20,N/B,8391
2020-07-08,35,22:30:00,Wednesday,Janme & Lambton,Investigation,9,18,0,3251
2020-07-08,95,23:50:00,Wednesday,York Mills & Fenn Ave,Diversion,100,110,B/W,
2020-07-08,122,23:50:00,Wednesday,York Mills & Fenn Ave,Diversion,100,130,B/W,
2020-07-09,130,01:10:00,Thursday,STC,Mechanical,20,1,N/B,1299
2020-07-09,129,01:20:00,Thursday,STC,Utilized Off Route,10,20,N/B,3416
2020-07-09,334,02:15:00,Thursday,Eglinto station,Mechanical,30,60,E/B,8919
2020-07-09,320,02:16:00,Thursday,Queens quay and Yonge,Utilized Off Route,3,7,N/B,1118
2020-07-09,324,02:40:00,Thursday,Victoria park and Lawrence,Emergency Services,30,60,N/B,8480
2020-07-09,320,03:15:00,Thursday,Yonge & Wilson,Mechanical,4,7,N/B,8167
2020-07-09,322,03:27:00,Thursday,Bingham loop,Emergency Services,30,60,W/B,8480
2020-07-09,329,04:20:00,Thursday,Bloor and Dufferin,Emergency Services,30,60,S/B,1098
2020-07-09,320,04:20:00,Thursday,Queens Quay and Yonge St,Emergency Services,15,30,,1000
2020-07-09,73,04:50:00,Thursday,Royal york & Lynngrove ave,Diversion,21,42,S/B,7941
2020-07-09,54,04:50:00,Thursday,Lawrence & Morningside,Late Leaving Garage - Mechanical,8,28,W/B,8932
2020-07-09,47,04:52:00,Thursday,Yorkdale Station,Mechanical,12,24,S/B,1051
2020-07-09,34,05:15:00,Thursday,Eglinton & Brimley,Late Leaving Garage - Mechanical,9,24,W/B,8642
2020-07-09,95,05:23:00,Thursday,Ellesmere and Markham,Mechanical,8,16,N/B,3556
2020-07-09,41,05:25:00,Thursday,keele station,Utilized Off Route,17,35,N/B,9150
2020-07-09,600,05:25:00,Thursday,Broadview Station,Utilized Off Route,1,1,WB,3110
2020-07-09,34,05:26:00,Thursday,Eglinton Station,Utilized Off Route,8,16,E/B,8800
2020-07-09,600,05:27:00,Thursday,Danforth and Broadview,Utilized Off Route,1,1,W/B,9222
2020-07-09,53,06:00:00,Thursday,Ian Macdonald and Chimneystack,Mechanical,15,30,E/B,9010
2020-07-09,68,06:16:00,Thursday,Warden Station,Late Leaving Garage - Operator,10,17,W/B,8777
2020-07-09,85,06:24:00,Thursday,Sheppard and Markham Rd.,Mechanical,19,38,E/B,9009
2020-07-09,52,06:28:00,Thursday,TOLLINGTON/MARTIN GROVE,Mechanical,18,35,E/B,8354
2020-07-09,506,06:29:00,Thursday,Main Station,Late Leaving Garage - Mechanical,14,8,W/B,8863
2020-07-09,48,07:15:00,Thursday,Royal York and Tremayne,Diversion,80,95,B/W,7954
2020-07-09,104,07:17:00,Thursday,Wilson Station,Mechanical,18,36,N/B,8188
2020-07-09,69,07:20:00,Thursday,Warden Station,Mechanical,13,26,S/B,8402
2020-07-09,29,07:36:00,Thursday,Princes' Gate,Mechanical,8,16,N/B,9142
2020-07-09,35,07:39:00,Thursday,Pioneer Village Station,Mechanical,2,3,S/B,3313
2020-07-09,34,08:10:00,Thursday,Kennedy Station,Utilized Off Route,8,16,W/B,8800
2020-07-09,24,08:15:00,Thursday,Victoria Park STN,Utilized Off Route,6,15,N/B,8955
2020-07-09,600,08:15:00,Thursday,eglinton and markham,Utilized Off Route,1,1,S/B,8841
2020-07-09,92,08:15:00,Thursday,Woodbine stn,Utilized Off Route,10,20,N/B,8480
2020-07-09,91,08:15:00,Thursday,Woodbine stn,Utilized Off Route,12,24,N/B,8639
2020-07-09,25,08:15:00,Thursday,Pape stn,Utilized Off Route,6,12,N/B,8627
2020-07-09,24,08:15:00,Thursday,Victoria Park STN,Utilized Off Route,5,10,N/B,8534
2020-07-09,600,08:15:00,Thursday,kennedy station,Utilized Off Route,1,1,S/B,8937
2020-07-09,113,08:15:00,Thursday,Victoria Park STN,Utilized Off Route,12,24,W/B,3173
2020-07-09,12,08:15:00,Thursday,Victoria Park STN,Utilized Off Route,20,40,W/B,3136
2020-07-09,12,08:15:00,Thursday,Victoria Park STN,Utilized Off Route,20,34,E/B,8552
2020-07-09,34,08:15:00,Thursday,Kennedy Station,Utilized Off Route,8,16,W/B,8711
2020-07-09,102,08:16:00,Thursday,Warden Station,Utilized Off Route,26,42,E/B,3106
2020-07-09,21,08:17:00,Thursday,Scarborough town Centre,Utilized Off Route,11,21,N/B,3536
2020-07-09,72,08:18:00,Thursday,Paper Stn,Utilized Off Route,18,36,S/B,8959
2020-07-09,54,08:18:00,Thursday,Lawrence SRT Station,Utilized Off Route,11,22,E/B,8830
2020-07-09,34,08:20:00,Thursday,Kennedy Station,Utilized Off Route,10,20,W/B,8642
2020-07-09,86,08:20:00,Thursday,kennedy station,Utilized Off Route,5,10,S/B,8722
2020-07-09,34,08:20:00,Thursday,Wynford and Don Mills,Mechanical,10,20,W/B,8750
2020-07-09,87,08:20:00,Thursday,main Station,Utilized Off Route,10,20,S/B,9226
2020-07-09,102,08:26:00,Thursday,Warden Station,Utilized Off Route,12,24,E/B,3714
2020-07-09,68,08:29:00,Thursday,Warden station,Utilized Off Route,6,12,N/B,8651
2020-07-09,102,08:30:00,Thursday,Warden Station,Utilized Off Route,12,24,E/B,8532
2020-07-09,54,08:30:00,Thursday,Lawrence SRT Station,Utilized Off Route,12,24,E/B,8747
2020-07-09,600,08:35:00,Thursday,Rouge Hill Go Station,Utilized Off Route,1,1,E/B,1341
2020-07-09,506,08:40:00,Thursday,Main Station,Utilized Off Route,5,10,W/B,8653
2020-07-09,14,08:40:00,Thursday,Glencarin and Caledonia,Mechanical,30,60,E/B,1132
2020-07-09,21,08:41:00,Thursday,Scaroborough Town Centre,Utilized Off Route,10,21,S/B,3476
2020-07-09,97,08:41:00,Thursday,Steeles at Hilda,Mechanical,30,60,S/B,8158
2020-07-09,35,08:42:00,Thursday,Pioneer Village Station,Mechanical,3,7,S/B,3619
2020-07-09,26,08:43:00,Thursday,Dupont and Dufferin,Investigation,14,28,E/B,1067
2020-07-09,600,08:45:00,Thursday,Ellesmere at Brimley,Utilized Off Route,1,1,E/B,1568
2020-07-09,86,08:47:00,Thursday,kennedy stn,Utilized Off Route,10,20,S/B,8673
2020-07-09,116,08:53:00,Thursday,kennedy station,Utilized Off Route,11,22,S/B,8949
2020-07-09,17,09:00:00,Thursday,Birchmount and Steeles,Diversion,223,226,N/B,
2020-07-09,85,09:00:00,Thursday,Meadowvale Loop,Utilized Off Route,8,16,W/B,3442
2020-07-09,68,09:00:00,Thursday,Warden station,Utilized Off Route,20,26,N/B,8940
2020-07-09,54,09:06:00,Thursday,Lawrence SRT Station,Utilized Off Route,12,24,E/B,8908
2020-07-09,133,09:23:00,Thursday,Scarborough Town Centre,Utilized Off Route,11,22,E/B,3479
2020-07-09,133,09:45:00,Thursday,Scarborough Town Centre,Utilized Off Route,11,22,E/B,3416
2020-07-09,32,09:54:00,Thursday,keele and eglinton,Mechanical,11,22,W/B,1618
2020-07-09,133,10:29:00,Thursday,Scarborough Town centre,Utilized Off Route,11,22,E/B,3560
2020-07-09,96,10:32:00,Thursday,humberline loop,Mechanical,24,48,E/B,3609
2020-07-09,133,10:38:00,Thursday,Morningside and Finch,Utilized Off Route,11,22,E/B,3529
2020-07-09,76,10:40:00,Thursday,Royal york rd & Meadowvale Dr,Diversion,10,20,B/W,8040
2020-07-09,15,10:40:00,Thursday,Royal York and Bloor,Investigation,15,30,S/B,8438
2020-07-09,15,10:40:00,Thursday,Royal York and Bloor,Diversion,65,80,S/B,8438
2020-07-09,927,10:40:00,Thursday,Martin Grove/Steeles,Mechanical,7,14,N/B,3577
2020-07-09,133,10:51:00,Thursday,Scarborough Town Centre,Utilized Off Route,11,22,E/B,3547
2020-07-09,927,11:09:00,Thursday,Kipling Station,Mechanical,7,13,N/B,3257
2020-07-09,133,11:13:00,Thursday,Scarborough Town Centre,Utilized Off Route,11,22,E/B,3430
2020-07-09,133,11:34:00,Thursday,Scaroborugh Town Centre,Utilized Off Route,11,22,E/B,3423
2020-07-09,32,11:43:00,Thursday,eglinton and flanders,Investigation,9,18,E/B,1553
2020-07-09,53,12:00:00,Thursday,Finch stn,Investigation,13,19,sb,3456
2020-07-09,52,12:10:00,Thursday,LAWRENCE/JANE,Mechanical,15,30,W/B,8110
2020-07-09,36,12:20:00,Thursday,Finch west stn,Mechanical,5,10,W/B,9125
2020-07-09,54,12:40:00,Thursday,Lawrence and Warden,Utilized Off Route,14,28,E/B,8855
2020-07-09,54,12:41:00,Thursday,Lawrence and Warden,Utilized Off Route,14,28,W/B,8855
2020-07-09,84,12:52:00,Thursday,Finch and Oakdale,Investigation,20,40,E/B,3253
2020-07-09,35,13:05:00,Thursday,Jane and Finch,Mechanical,7,14,S/B,3319
2020-07-09,36,13:30:00,Thursday,Route 36,General Delay,20,25,BW,
2020-07-09,54,13:30:00,Thursday,lawrence and brimley,Investigation,14,28,W/B,8917
2020-07-09,56,13:30:00,Thursday,donlands station,Mechanical,20,40,E/B,1362
2020-07-09,21,13:34:00,Thursday,Scarborough Centre Station,Mechanical,17,34,N/B,1311
2020-07-09,53,13:35:00,Thursday,Steeles east & Bluffwood,Investigation,6,19,E/B,9007
2020-07-09,56,13:35:00,Thursday,laird and eglinton,Mechanical,20,40,E/B,8181
2020-07-09,9,13:58:00,Thursday,Bellamy rd and Bellamy rd,Investigation,16,32,N/B,9207
2020-07-09,600,14:00:00,Thursday,Eglinton Garage,Late Leaving Garage - Operator,1,1,,8784
2020-07-09,60,14:08:00,Thursday,Pioneer Station,Mechanical,10,20,S/B,3278
2020-07-09,53,14:12:00,Thursday,Finch stn,Investigation,6,19,S/B,9060
2020-07-09,52,14:20:00,Thursday,LAWRENCE STATION,Utilized Off Route,15,30,W/B,8317
2020-07-09,12,14:22:00,Thursday,Bingham Loop,Mechanical,25,49,W/B,3136
2020-07-09,59,14:24:00,Thursday,Jane at Church,Late Leaving Garage - Mechanical,13,26,W/B,3252
2020-07-09,32,14:38:00,Thursday,Keele & Eglinton,Mechanical,11,22,W/B,3730
2020-07-09,76,14:40:00,Thursday,Royal York at Bloor,Diversion,120,128,B/W,
2020-07-09,24,14:47:00,Thursday,Victoria Park and Ivordale,Mechanical,24,45,N/B,8409
2020-07-09,15,14:59:00,Thursday,Brownsline and Evans Ave,Investigation,16,32,E/B,8024
2020-07-09,9,15:09:00,Thursday,Scarborough Town centre,Mechanical,20,40,S/B,9220
2020-07-09,15,15:10:00,Thursday,Royal York and Bloor St West,Diversion,90,106,B/W,
2020-07-09,45,15:11:00,Thursday,Kipling /Steeles,Mechanical,12,24,S/B,8073
2020-07-09,40,15:13:00,Thursday,Dundas and Islington,Investigation,14,29,W/B,7962
2020-07-09,21,15:25:00,Thursday,Brimley/Steeles,Mechanical,12,29,S/B,3480
2020-07-09,47,15:27:00,Thursday,Earlscourt loop,Mechanical,14,27,S/B,1119
2020-07-09,12,15:36:00,Thursday,Military Trail and Morningside Ave,Mechanical,30,30,E/B,8538
2020-07-09,21,15:37:00,Thursday,Brimley /Steeles,Investigation,12,24,S/B,1292
2020-07-09,52,15:40:00,Thursday,LAWRENCE WEST STATION,Mechanical,15,30,E/B,1210
2020-07-09,900,15:45:00,Thursday,Kipling stn,Mechanical,12,24,N/B,8075
2020-07-09,32,15:47:00,Thursday,Pine & Lawrence,Mechanical,10,19,W/B,1014
2020-07-09,110,16:00:00,Thursday,Islington Station,Mechanical,24,48,S/B,8013
2020-07-09,130,16:02:00,Thursday,Middlefield/McNicoll,Mechanical,16,32,S/B,3530
2020-07-09,109,16:03:00,Thursday,Naptune & Bathurst,Mechanical,9,10,S/B,1395
2020-07-09,85,16:03:00,Thursday,Malvern Gate,Mechanical,13,26,Wb,9066
2020-07-09,73,16:04:00,Thursday,Royal york Station,Utilized Off Route,25,50,N/B,8029
2020-07-09,110,16:11:00,Thursday,Lakeshore at Islington,Mechanical,12,24,N/B,7933
2020-07-09,52,16:19:00,Thursday,Lawrence West Station,Utilized Off Route,16,32,E/B,8154
2020-07-09,132,16:26:00,Thursday,219 Murison Blvd.,Mechanical,13,25,N/B,1393
2020-07-09,927,16:30:00,Thursday,Humber College,Utilized Off Route,5,10,S/B,3271
2020-07-09,52,16:30:00,Thursday,Lawrence at Pamlico,Mechanical,8,14,W/B,8104
2020-07-09,110,16:31:00,Thursday,Islington at Norseman,Investigation,12,24,N/B,8087
2020-07-09,14,16:40:00,Thursday,Tycos and Caledonia,Mechanical,20,40,W/B,1016
2020-07-09,104,16:50:00,Thursday,Wilson Station,Mechanical,18,36,N/B,1304
2020-07-09,37,16:58:00,Thursday,Islington Station,Mechanical,15,30,N/B,8452
2020-07-09,102,16:58:00,Thursday,Centennial College,Mechanical,6,12,S/B,3138
2020-07-09,85,17:00:00,Thursday,Ellesmere & Victoria Park,Investigation,13,26,W/B,3449
2020-07-09,9,17:05:00,Thursday,Scarborough Town centre,Mechanical,19,38,S/B,8572
2020-07-09,85,17:05:00,Thursday,Sheppard and Kennedy,Investigation,13,28,E/B,3449
2020-07-09,69,17:14:00,Thursday,Warden Station,Mechanical,16,32,S/B,3143
2020-07-09,95,17:20:00,Thursday,Ellesmere and Victoria Park,Mechanical,11,22,W/B,3436
2020-07-09,79,18:26:00,Thursday,Pine and Lawrence Ave W,Mechanical,15,30,B/W,1022
2020-07-09,53,18:42:00,Thursday,Steeles and Middlefield,Mechanical,6,12,W/B,9093
2020-07-09,34,18:50:00,Thursday,Eglinton Station,Investigation,6,13,E/B,8871
2020-07-09,16,18:50:00,Thursday,Scarborough Town centre,Mechanical,10,20,S/B,8549
2020-07-09,106,19:00:00,Thursday,Sheppard West Station,Utilized Off Route,20,40,W/B,8336
2020-07-09,52,19:05:00,Thursday,Lawrence at Marlee,Investigation,14,38,W/B,8151
2020-07-09,23,19:30:00,Thursday,Main Station,Mechanical,10,20,B/W,3146
2020-07-09,39,19:37:00,Thursday,Finch a and McCowan,Emergency Services,4,7,E/B,9064
2020-07-09,46,20:03:00,Thursday,kipling station,Mechanical,17,34,N/B,3286
2020-07-09,82,20:15:00,Thursday,Glen & South Drive,Mechanical,20,40,S/B,8513
2020-07-09,52,20:55:00,Thursday,Lawrence Station,Mechanical,10,20,W/B,8167
2020-07-09,86,20:57:00,Thursday,Kennedy Station,Mechanical,22,44,E/B,8809
2020-07-09,100,21:45:00,Thursday,Broadview Station,Mechanical,9,18,S/B,8662
2020-07-09,44,22:58:00,Thursday,Colonel Samuel,Investigation,6,12,N/B,7915
2020-07-09,24,23:04:00,Thursday,Vic park and Sheppard,Investigation,9,18,N/B,8579
2020-07-09,130,23:15:00,Thursday,Middlefield and McNicoll,Investigation,30,60,S/B,3490
2020-07-09,6,23:28:00,Thursday,Dockside & Queens Quay,Emergency Services,30,60,EB,1028
2020-07-09,70,23:48:00,Thursday,O'Connor & Sunrise,Investigation,30,60,EB,8645
2020-07-10,36,00:16:00,Friday,Finch and Differin,Diversion,10,20,WB,3494
2020-07-10,29,00:44:00,Friday,Dufferin and Eglinton,Diversion,8,14,B/W,1034
2020-07-10,32,00:44:00,Friday,Dufferin and Eglinton,Diversion,6,12,B/W,1081
2020-07-10,85,03:04:00,Friday,Rogue Hill Go Station,Emergency Services,1,1,W/B,3495
2020-07-10,320,03:07:00,Friday,Yonge & Steeles,Investigation,3,7,N/B,8108
2020-07-10,7,04:52:00,Friday,Wilson Garage,Late Leaving Garage - Operator,1,1,S/B,8201
2020-07-10,90,05:09:00,Friday,Wilson Garage,Late Leaving Garage - Management,1,1,S/B,1384
2020-07-10,63,05:11:00,Friday,Wilson Garage,Late Leaving Garage - Mechanical,1,1,S/B,8114
2020-07-10,163,05:31:00,Friday,Wilson Garage,Late Leaving Garage - Mechanical,1,1,S/B,8143
2020-07-10,117,05:42:00,Friday,Sheppard West Station,Late Leaving Garage - Management,5,1,N/B,1368
2020-07-10,97,05:51:00,Friday,Wilson Garage,Late Leaving Garage - Mechanical,1,1,N/B,8352
2020-07-10,67,06:00:00,Friday,Pharmacy and Rannock,Mechanical,26,43,S/B,8663
2020-07-10,51,06:03:00,Friday,Wilson Garage,Late Leaving Garage - Mechanical,1,1,N/B,8302
2020-07-10,123,06:04:00,Friday,LONG BRANCH LOOP,Mechanical,13,26,N/B,8075
2020-07-10,320,06:07:00,Friday,Yonge St at Queens Quay,Late Leaving Garage - Mechanical,1,1,N/B,8864
2020-07-10,54,06:08:00,Friday,Lawrence Ave at Starspray Blvd,Late Leaving Garage - Operator,11,21,W/B,8641
2020-07-10,116,06:15:00,Friday,Morningside and Staines,Late Leaving Garage - Operator,1,1,N/B,8711
2020-07-10,163,06:21:00,Friday,wilson garage,Late Leaving Garage - Mechanical,13,26,S/B,8143
2020-07-10,24,06:44:00,Friday,Victoria Park STN,Mechanical,19,29,N/B,8402
2020-07-10,36,06:45:00,Friday,Finch west stn,Mechanical,6,11,W/B,9118
2020-07-10,16,07:17:00,Friday,Danforth/Linden,Mechanical,10,20,N/B,8543
2020-07-10,52,07:26:00,Friday,Lawrence West Station,Mechanical,18,36,E/B,8163
2020-07-10,161,07:30:00,Friday,oakwood / st clair,Mechanical,20,40,N/B,1532
2020-07-10,52,07:42:00,Friday,Lawrence Station,Utilized Off Route,4,15,W/B,1270
2020-07-10,133,08:06:00,Friday,Scarborough Town Centre,Investigation,11,22,E/B,3461
2020-07-10,7,08:08:00,Friday,Spadina and Harbord,Investigation,9,18,N/B,8181
2020-07-10,38,08:18:00,Friday,STC,Investigation,12,25,E/B,3538
2020-07-10,35,08:42:00,Friday,Pioneer Village Station,Mechanical,3,7,S/B,3598
2020-07-10,75,09:00:00,Friday,Elm / south,Utilized Off Route,7,14,,1212
2020-07-10,34,09:00:00,Friday,Eglinton and Sutherland,Mechanical,8,16,E/B,8894
2020-07-10,56,09:04:00,Friday,Donlands Station,Mechanical,16,32,N/B,8313
2020-07-10,133,09:23:00,Friday,Scarborough Town Centre,Utilized Off Route,11,22,E/B,3461
2020-07-10,35,09:36:00,Friday,Pioneer Village Station,Mechanical,3,7,S/B,3219
2020-07-10,76,09:48:00,Friday,Royal York Station,Mechanical,10,20,S/B,7960
2020-07-10,16,09:57:00,Friday,Wardsen Station,Utilized Off Route,13,26,N/B,3170
2020-07-10,86,10:03:00,Friday,Kennedy STN,Late Leaving Garage - Operator,1,1,E/B,8710
2020-07-10,102,10:05:00,Friday,Warden Station,Utilized Off Route,10,20,N/B,3147
2020-07-10,133,10:15:00,Friday,Scarborough Town Centre,Utilized Off Route,11,22,E/B,3536
2020-07-10,108,10:22:00,Friday,St Regis and Tuscan Gate,Diversion,1,1,B/W,3584
2020-07-10,16,10:23:00,Friday,Warden Station,Utilized Off Route,13,26,N/B,9238
2020-07-10,133,10:29:00,Friday,Scarborough Town Centre,Utilized Off Route,11,22,E/B,3476
2020-07-10,133,10:37:00,Friday,Morningside and Finch,Utilized Off Route,11,22,S/B,3535
2020-07-10,35,10:41:00,Friday,Jane Station,Mechanical,4,8,N/B,3645
2020-07-10,37,10:44:00,Friday,Islington Garage,Mechanical,23,46,N/B,8608
2020-07-10,131,11:07:00,Friday,McCowan and Progress,Mechanical,13,27,E/B,1391
2020-07-10,52,11:09:00,Friday,Lawrence Station,Utilized Off Route,6,15,W/B,8312
2020-07-10,133,11:13:00,Friday,Scarborough Town Centre,Utilized Off Route,11,22,E/B,3413
2020-07-10,16,11:15:00,Friday,Warden Station.,Utilized Off Route,13,26,N/B,8491
2020-07-10,32,11:32:00,Friday,jane and eglinton,Mechanical,11,22,E/B,1037
2020-07-10,133,11:34:00,Friday,Scarborough Town,Utilized Off Route,11,22,E/B,3402
2020-07-10,104,11:50:00,Friday,Sheppard West Station,Mechanical,20,40,N/B,8112
2020-07-10,20,12:00:00,Friday,Midland and Danforth,Mechanical,20,40,E/B,8577
2020-07-10,133,12:07:00,Friday,Scarborough Town Centre,Utilized Off Route,11,22,S/B,3557
2020-07-10,113,12:16:00,Friday,Danforth Rd and Danforth Ave,Diversion,1,46,E/B,8408
2020-07-10,900,12:24:00,Friday,Kipling Station,Mechanical,12,24,E/B,7970
2020-07-10,17,12:40:00,Friday,Birchmount and Steeles,Diversion,45,58,N/B,
2020-07-10,51,12:43:00,Friday,Eglinton and Bayview,Mechanical,27,54,E/B,1374
2020-07-10,32,12:46:00,Friday,pine and lawrence,Mechanical,11,22,S/B,1070
2020-07-10,35,12:55:00,Friday,Pioneer Village Station,Mechanical,7,14,S/B,3623
2020-07-10,52,13:00:00,Friday,Entire Route,General Delay,25,35,B/W,
2020-07-10,36,13:11:00,Friday,Finch west stn,Vision,5,10,W/B,9124
2020-07-10,52,13:20:00,Friday,Lawrence Station,Mechanical,15,30,W/B,8102
2020-07-10,57,13:36:00,Friday,Kennedy  STN,Investigation,14,28,N/B,8696
2020-07-10,85,13:45:00,Friday,Warden and Sheppard,Investigation,7,14,E/B,3423
2020-07-10,29,13:49:00,Friday,Mt Dennis garage point of delay Dufferin & Lawrence,Late Leaving Garage - Mechanical,7,15,SB,9052
2020-07-10,165,14:09:00,Friday,keele / wilson,Mechanical,12,24,E/B,3605
2020-07-10,108,14:18:00,Friday,Driftwood & Finch west,Mechanical,17,34,NB,3296
2020-07-10,17,14:31:00,Friday,Warden Station,Late Leaving Garage - Mechanical,30,60,W/B,8588
2020-07-10,75,14:40:00,Friday,Lower Jarvis/ Queens Quay,Mechanical,11,22,N/B,8115
2020-07-10,84,14:50:00,Friday,Keele and Sheppard,Mechanical,8,16,E/B,3324
2020-07-10,171,15:00:00,Friday,Mount Dennis Division,Mechanical,20,40,W/B,1071
2020-07-10,39,15:02:00,Friday,Neilson Rd and Crow Trail,Late Leaving Garage - Mechanical,1,1,W/B,1255
2020-07-10,86,15:15:00,Friday,Meadowvale Loop,Mechanical,10,20,N/B,8907
2020-07-10,32,15:16:00,Friday,Keele & Eglinton,Mechanical,10,19,E/B,3726
2020-07-10,31,15:17:00,Friday,GREENWOOD - Post Office,Mechanical,10,20,N/B,8488
2020-07-10,32,15:18:00,Friday,Pine & Lawrence,Mechanical,9,18,E/B,1103
2020-07-10,102,15:20:00,Friday,Milner,Investigation,7,14,N/B,8471
2020-07-10,53,15:21:00,Friday,Markham / Passmore,Mechanical,6,13,W/B,9013
2020-07-10,6,15:26:00,Friday,Davenport Rd/ DuPont St,Late Leaving Garage - Mechanical,10,20,S/B,1269
2020-07-10,105,15:45:00,Friday,Sheppard West Station,Late Leaving Garage - Mechanical,17,34,N/B,1395
2020-07-10,17,16:27:00,Friday,Warden Station,Mechanical,20,40,N/B,8569
2020-07-10,52,16:35:00,Friday,Lawrence Station,Utilized Off Route,8,16,W/B,8201
2020-07-10,23,16:42:00,Friday,Main Stn,Mechanical,10,20,N/B,3112
2020-07-10,67,16:48:00,Friday,Pharmacy and Knightbridge,Mechanical,10,20,S/B,8714
2020-07-10,54,16:50:00,Friday,lawrence station,Mechanical,12,24,E/B,8700
2020-07-10,32,17:05:00,Friday,Eglinton Station,Investigation,8,17,E/B,1115
2020-07-10,32,17:05:00,Friday,Eglinton Station,Investigation,8,17,E/B,1125
2020-07-10,165,17:07:00,Friday,Barmac and Steeles,Vision,6,9,,3650
2020-07-10,75,17:12:00,Friday,Sherbourne St/ Wellesley St,Investigation,9,17,S/B,8167
2020-07-10,47,17:33:00,Friday,Queens and Lansdowne,Mechanical,27,54,N/B,1014
2020-07-10,47,17:35:00,Friday,Earlscourt Loop,Mechanical,14,27,N/B,1086
2020-07-10,25,17:42:00,Friday,DON MILLS - Pape Station,Mechanical,5,10,N/B,8887
2020-07-10,75,18:10:00,Friday,Sherbourne St/Shutter to Queen St,Diversion,12,21,B/W,8167
2020-07-10,65,18:15:00,Friday,PARLIAMENT - Berkeley at Front,Mechanical,13,26,N/B,8473
2020-07-10,52,18:16:00,Friday,Sheppard Station,Utilized Off Route,9,18,W/B,3318
2020-07-10,60,18:16:00,Friday,Finch Station,Utilized Off Route,9,18,E/B,3590
2020-07-10,113,18:17:00,Friday,Danforth Road and Danforth Ave,Diversion,494,502,E/B,3127
2020-07-10,53,18:20:00,Friday,Finch Station,Utilized Off Route,6,12,E/B,9007
2020-07-10,36,18:24:00,Friday,Finch Station,Utilized Off Route,6,12,E/B,3578
2020-07-10,79,18:26:00,Friday,Pine and Lawrence Ave W,Mechanical,15,30,S/B,1287
2020-07-10,7,18:26:00,Friday,Bathurst/ Finch,Utilized Off Route,6,12,S/B,1231
2020-07-10,53,18:29:00,Friday,Finch Station,Utilized Off Route,6,12,E/B,9006
2020-07-10,108,18:29:00,Friday,Pioneer Village Station,Utilized Off Route,18,36,E/B,3645
2020-07-10,54,18:30:00,Friday,eglinton station,Utilized Off Route,17,34,E/B,8833
2020-07-10,32,18:34:00,Friday,Eglinton Station,Mechanical,10,20,W/B,1076
2020-07-10,84,18:35:00,Friday,Sheppard Station,Utilized Off Route,8,18,W/B,3585
2020-07-10,165,18:37:00,Friday,Yorkmills Stn,Utilized Off Route,7,9,,3332
2020-07-10,84,18:39:00,Friday,Sheppard Station,Utilized Off Route,8,17,W/B,3634
2020-07-10,36,18:39:00,Friday,Finch Station,Utilized Off Route,6,12,E/B,3197
2020-07-10,35,18:42:00,Friday,Jane and Maple Leaf,Emergency Services,9,23,S/B,3351
2020-07-10,600,18:45:00,Friday,Rosedale Station,Investigation,1,1,E/B,8345
2020-07-10,7,18:48:00,Friday,Greenwin Village,Utilized Off Route,6,12,S/B,1302
2020-07-10,96,18:56:00,Friday,Humber College,Investigation,24,48,,3311
2020-07-10,47,19:46:00,Friday,Earlscourt Loop,Mechanical,20,40,S/B,1086
2020-07-10,36,19:59:00,Friday,Finch West Station,Mechanical,8,16,WB,3185
2020-07-10,25,20:16:00,Friday,DON MILLS - Pape Station,Investigation,9,18,N/B,8830
2020-07-10,52,20:17:00,Friday,Lawrence West Station,Mechanical,15,30,W/B,8104
2020-07-10,600,20:25:00,Friday,Lawrence West Station,Mechanical,1,1,E/B,8316
2020-07-10,36,20:41:00,Friday,Finch West Station,Mechanical,8,16,WB,3578
2020-07-10,53,20:58:00,Friday,Steeles and Victoria Park,Mechanical,8,16,WB,3578
2020-07-10,41,21:07:00,Friday,Keele Stn,Mechanical,15,22,,9041
2020-07-10,12,21:50:00,Friday,Victoria Park Stn,Investigation,24,44,E/B,3142
2020-07-10,42,22:13:00,Friday,Cummer and Leslie,Emergency Services,22,44,E/B,8198
2020-07-10,12,22:14:00,Friday,Victoria Park Stn,Investigation,1,1,E/B,9236
2020-07-10,34,22:20:00,Friday,Kennedy Station,Late Leaving Garage - Vision,11,22,W/B,8734
2020-07-10,56,22:37:00,Friday,Eglinton Station,Mechanical,30,60,EB,8142
2020-07-10,12,22:58:00,Friday,Brimley and Kingston,Investigation,23,46,E/B,8599
2020-07-10,100,23:18:00,Friday,Millwood Bridge,Emergency Services,10,20,N/B,8825
2020-07-10,52,23:57:00,Friday,Airport at American Dr,Mechanical,18,36,W/B,1296
2020-07-11,320,03:02:00,Saturday,Yonge & Queens Quay,Utilized Off Route,3,7,N/B,8184
2020-07-11,10,05:27:00,Saturday,Wilson Garage,Late Leaving Garage - Operator,1,1,E/B,8133
2020-07-11,343,05:30:00,Saturday,Brimley and eglitnon,Investigation,30,60,E/B,8734
2020-07-11,55,05:35:00,Saturday,Jane Station,Mechanical,30,60,S/B,8616
2020-07-11,106,05:42:00,Saturday,Wilson garage,Late Leaving Garage - Mechanical,1,1,E/B,8181
2020-07-11,600,05:49:00,Saturday,Bloor and Kingsway,Mechanical,1,1,W/B,1054
2020-07-11,123,06:10:00,Saturday,SHERWAY GARDENS,Mechanical,36,36,S/B,7961
2020-07-11,69,06:30:00,Saturday,Birchmount Rd./Danforth Rd.,Diversion,300,320,N/B,8559
2020-07-11,165,06:35:00,Saturday,York Mills Station,Late Leaving Garage - Mechanical,10,20,W/B,3187
2020-07-11,32,06:52:00,Saturday,Eglinton & The East Mall,Mechanical,10,20,W/B,1016
2020-07-11,39,07:00:00,Saturday,Morningside and Old Finch,Mechanical,14,28,W/B,1336
2020-07-11,600,07:25:00,Saturday,Kipling Station,Investigation,1,1,E/B,1321
2020-07-11,72,07:29:00,Saturday,pape / dundas,Mechanical,18,36,,9132
2020-07-11,72,08:25:00,Saturday,pae station,Mechanical,16,32,,8408
2020-07-11,600,08:27:00,Saturday,Jane Station,Mechanical,1,1,W/B,1321
2020-07-11,25,09:00:00,Saturday,Victoria Park Station,Investigation,9,19,S/B,8584
2020-07-11,56,09:06:00,Saturday,eglinton station,Mechanical,24,48,E/B,8354
2020-07-11,927,09:12:00,Saturday,STEELES,Mechanical,10,20,S/B,3651
2020-07-11,52,09:46:00,Saturday,Braecrest Loop,Mechanical,20,43,E/B,1320
2020-07-11,29,10:00:00,Saturday,Exhibition Loop,Utilized Off Route,8,16,N/B,9149
2020-07-11,927,10:00:00,Saturday,KIPLING STN,Mechanical,10,20,N/B,3296
2020-07-11,25,10:01:00,Saturday,Pape Station,Mechanical,9,18,S/B,8722
2020-07-11,29,10:10:00,Saturday,Exhibition Loop,Utilized Off Route,8,16,N/B,9036
2020-07-11,32,10:35:00,Saturday,Yonge & Eglinton (Eglinton Stn),Utilized Off Route,8,16,W/B,1034
2020-07-11,120,10:44:00,Saturday,"On Keele, at Wilson",Mechanical,30,60,N/B,3624
2020-07-11,133,10:45:00,Saturday,STC,Emergency Services,10,19,N/B,1311
2020-07-11,72,10:54:00,Saturday,pape  station,Mechanical,7,14,,8486
2020-07-11,80,11:04:00,Saturday,Sherway Gardens,Mechanical,20,40,W/B,8612
2020-07-11,69,11:30:00,Saturday,Warden Station,Mechanical,20,40,S/B,8557
2020-07-11,63,11:45:00,Saturday,oakwood loop,Utilized Off Route,6,11,S/B,1297
2020-07-11,108,12:30:00,Saturday,Sheppard West Stn,Investigation,10,20,N/B,3650
2020-07-11,25,12:40:00,Saturday,Pape Station,Utilized Off Route,8,15,S/B,8772
2020-07-11,600,12:46:00,Saturday,Sheppard / Markham,Utilized Off Route,1,1,W/B,3550
2020-07-11,600,12:52:00,Saturday,Sheppard / Markham,Utilized Off Route,1,1,W/B,3489
2020-07-11,24,14:05:00,Saturday,Victoria Park Station,Utilized Off Route,7,15,S/B,3146
2020-07-11,23,14:10:00,Saturday,Main Street Station,Mechanical,10,20,S/B,3100
2020-07-11,110,14:20:00,Saturday,Islington stn,Mechanical,18,36,S/B,8014
2020-07-11,96,14:45:00,Saturday,Kipling / Elmhurst,Investigation,17,34,W/B,3603
2020-07-11,29,15:15:00,Saturday,Wilson Station,Mechanical,4,10,S/B,9044
2020-07-11,60,15:20:00,Saturday,Steeles / Martingrove,Mechanical,10,20,E/B,3652
2020-07-11,60,15:40:00,Saturday,Pioneer Village stn,Mechanical,10,20,E/B,3601
2020-07-11,171,15:42:00,Saturday,Mt Dennis Division,Mechanical,20,40,W/B,1555
2020-07-11,36,16:08:00,Saturday,Finch West Station,Mechanical,6,12,EB.,3619
2020-07-11,167,16:14:00,Saturday,Pharmacy and Steeles Ave E,Mechanical,30,60,S/B,9201
2020-07-11,89,16:30:00,Saturday,Keele and Bloor,Mechanical,10,20,N/B,1503
2020-07-11,11,16:45:00,Saturday,Sunnybrook Hospital,Diversion,7,37,S/B,
2020-07-11,37,16:50:00,Saturday,Humberwood Loop,Mechanical,14,28,S/B,8446
2020-07-11,36,17:03:00,Saturday,Finch West Station,Mechanical,6,12,EB,3619
2020-07-11,29,17:08:00,Saturday,Princes' Gate,Mechanical,6,10,N/B,9139
2020-07-11,41,17:35:00,Saturday,Keele & Ingram,Mechanical,8,17,N/B,1073
2020-07-11,110,17:43:00,Saturday,Islington and New Toronto,Investigation,18,36,S/B,8424
2020-07-11,32,18:00:00,Saturday,Jane & Trethewey,Mechanical,9,18,E/B,3730
2020-07-11,36,18:35:00,Saturday,Finch and Arrow,Mechanical,4,8,EB,3715
2020-07-11,46,21:18:00,Saturday,Steeles and Martin Grove Loop,Late Leaving Garage - Mechanical,20,40,S/B,8594
2020-07-11,25,21:37:00,Saturday,DonMills Stn,Utilized Off Route,8,16,N/B,8801
2020-07-11,11,21:42:00,Saturday,Bayview and Steeles Ave,Utilized Off Route,22,46,S/B,8131
2020-07-11,34,21:42:00,Saturday,Don Mills and Eglinton Ave,Utilized Off Route,18,29,W/B,8699
2020-07-11,60,21:43:00,Saturday,Finch Station,Utilized Off Route,16,32,WB,3206
2020-07-11,53,22:03:00,Saturday,Passmore and Markham road,Mechanical,20,40,WB,3494
2020-07-11,53,22:03:00,Saturday,Finch Station,Utilized Off Route,20,40,WB,3494
2020-07-11,110,23:18:00,Saturday,Islington and Lakeshore,Diversion,30,60,S/B,8424
2020-07-11,87,23:55:00,Saturday,Main Stn,Utilized Off Route,10,20,W/B,8564
2020-07-12,22,00:00:00,Sunday,Bingham Loop,Utilized Off Route,10,20,W/B,3157
2020-07-12,161,00:48:00,Sunday,Dovercourt and Hallam,Mechanical,20,40,NB,1287
2020-07-12,100,00:50:00,Sunday,Grenoble Dr and Vandome Pl,Diversion,10,20,E/B,8928
2020-07-12,36,01:08:00,Sunday,Finch Station,Mechanical,10,20,WB,3606
2020-07-12,320,01:32:00,Sunday,Yonge and Eglinton,Utilized Off Route,17,34,S/B,8381
2020-07-12,300,02:05:00,Sunday,Bathurst Station,Emergency Services,15,30,E/B,8928
2020-07-12,52,02:06:00,Sunday,Lawrence Station,Mechanical,24,24,W/B,1247
2020-07-12,337,02:31:00,Sunday,Islington Station,Emergency Services,30,60,N/B,8047
2020-07-12,300,02:39:00,Sunday,Bathurst Station,Emergency Services,15,30,E/B,8023
2020-07-12,302,03:12:00,Sunday,Mccowan at Steeles,Emergency Services,14,,S/B,3145
2020-07-12,600,06:45:00,Sunday,Kipling stn,Late Leaving Garage - Mechanical,0,0,S/B,8053
2020-07-12,89,06:50:00,Sunday,Albion/Weston,Mechanical,10,20,N/B,1140
2020-07-12,29,07:00:00,Sunday,Dundas & Dufferin,Diversion,670,677,B/W,
2020-07-12,110,07:40:00,Sunday,Garnett Janes Rd/Etta Wylie Rd.,Diversion,425,445,E/B,8072
2020-07-12,5,07:42:00,Sunday,Queens Park and Treasury,Mechanical,20,40,N/B,8325
2020-07-12,353,07:43:00,Sunday,Steeles and Mount Castle Gate,Investigation,30,30,E/B,3463
2020-07-12,63,07:49:00,Sunday,oakwood loop,Utilized Off Route,10,20,S/B,8109
2020-07-12,73,07:51:00,Sunday,Evans/Wickmand Rd.,Investigation,30,57,W/B,8085
2020-07-12,6,09:02:00,Sunday,Bay and Queen,Mechanical,16,33,S/B,1126
2020-07-12,36,10:44:00,Sunday,Finch west stn,Investigation,6,12,E/B,3702
2020-07-12,7,10:59:00,Sunday,Spadina Station,Mechanical,10,19,N/B,8201
2020-07-12,102,11:10:00,Sunday,Warden Station,Investigation,10,20,N/B,8568
2020-07-12,34,11:22:00,Sunday,Davisville Station,Utilized Off Route,8,15,W/B,8671
2020-07-12,64,11:40:00,Sunday,Queen/Main,Mechanical,10,20,N/B,3124
2020-07-12,52,11:44:00,Sunday,Lawrence W.STN,Mechanical,10,20,W/B,1382
2020-07-12,53,12:16:00,Sunday,Steeles / Kennedy,Mechanical,9,18,W/B,9014
2020-07-12,123,13:04:00,Sunday,LONG BRANCH LOOP,Utilized Off Route,20,40,N/B,8436
2020-07-12,105,13:15:00,Sunday,Sheppard West Station,Mechanical,15,30,N/B,1234
2020-07-12,32,13:30:00,Sunday,Eglinton Station,Mechanical,10,20,W/B,1121
2020-07-12,29,13:37:00,Sunday,Princes' Gate,Mechanical,6,11,N/B,9152
2020-07-12,35,14:00:00,Sunday,"On Jane, at Sheppard",Investigation,10,20,N/B,3635
2020-07-12,54,14:06:00,Sunday,Lawrence RT STN,Mechanical,17,34,W/B,8928
2020-07-12,163,14:07:00,Sunday,lawrence wstn,Mechanical,1,1,S/B,8175
2020-07-12,63,14:10:00,Sunday,oakwood loop,Utilized Off Route,6,12,W/B,8142
2020-07-12,35,14:10:00,Sunday,Pioneer Village Station,Utilized Off Route,10,20,S/B,3284
2020-07-12,85,14:12:00,Sunday,Don Mills Station,Utilized Off Route,20,40,E/B,1240
2020-07-12,60,14:12:00,Sunday,Finch stn,Utilized Off Route,8,16,W/B,3264
2020-07-12,165,14:14:00,Sunday,yorkmills stn,Utilized Off Route,10,20,W/B,3650
2020-07-12,165,14:15:00,Sunday,sheppard / weston,Mechanical,1,1,N/B,3329
2020-07-12,60,14:15:00,Sunday,Finch stn,Utilized Off Route,8,16,W/B,3333
2020-07-12,53,14:16:00,Sunday,Finch stn,Utilized Off Route,9,18,E/B,3537
2020-07-12,85,14:16:00,Sunday,Consumers Rd and Sheppard Ave E,Utilized Off Route,28,56,E/B,9086
2020-07-12,60,14:18:00,Sunday,Finch stn,Utilized Off Route,8,16,W/B,3307
2020-07-12,36,14:19:00,Sunday,Finch stn,Utilized Off Route,8,16,W/B,3281
2020-07-12,60,14:25:00,Sunday,Finch stn,Utilized Off Route,8,16,W/B,3708
2020-07-12,600,14:26:00,Sunday,Jane Station,Mechanical,1,1,W/B,8207
2020-07-12,85,14:32:00,Sunday,Island Rd and Port Union Rd,Mechanical,28,56,W/B,1385
2020-07-12,84,14:59:00,Sunday,Sheppard W. STN,Mechanical,,,W/B,3616
2020-07-12,84,15:00:00,Sunday,Sheppard W. STN,Mechanical,8,15,W/B,3616
2020-07-12,96,15:10:00,Sunday,carrier loop,Mechanical,20,40,E/B,3311
2020-07-12,32,15:10:00,Sunday,Pine and Lawrence,Utilized Off Route,8,16,B/W,3726
2020-07-12,24,15:42:00,Sunday,Victoria Park/ St Clair,Mechanical,7,14,N/B,8491
2020-07-12,2,15:45:00,Sunday,KIPLING STATION,Mechanical,3,6,E/B,3506
2020-07-12,41,16:05:00,Sunday,Keele & Eglinton,Mechanical,11,22,N/B,1024
2020-07-12,34,16:50:00,Sunday,Spanbridge and Grenoble,Utilized Off Route,8,16,W/B,8869
2020-07-12,85,17:10:00,Sunday,Malvern gate,Mechanical,5,11,W/B,9086
2020-07-12,29,17:23:00,Sunday,Wilson Station,Investigation,5,11,S/B,9147
2020-07-12,108,17:30:00,Sunday,Finch and Driftwood,Mechanical,9,18,N/B,3587
2020-07-12,96,17:37:00,Sunday,Albion and Humberline,Emergency Services,20,40,,3300
2020-07-12,60,18:09:00,Sunday,Pioneer Village Station,Mechanical,10,20,EB,8666
2020-07-12,24,18:14:00,Sunday,Victoria Park Stn,Mechanical,7,14,N/B,9205
2020-07-12,163,18:17:00,Sunday,,Investigation,11,22,,1321
2020-07-12,165,18:17:00,Sunday,Barmac and Steeles,Emergency Services,10,20,,3623
2020-07-12,85,18:19:00,Sunday,Heron Hills Way and Sheppard Ave E,Mechanical,11,17,E/B,1397
2020-07-12,32,18:40:00,Sunday,Emmett & Verona,Mechanical,20,40,E/B,1555
2020-07-12,45,18:45:00,Sunday,Kipling Station,Mechanical,10,20,N/B,8603
2020-07-12,60,18:52:00,Sunday,Pioneer Village Station,Mechanical,10,20,EB,3270
2020-07-12,62,20:00:00,Sunday,Mortimer and Glebhill,Diversion,175,195,E/B,8409
2020-07-12,34,20:36:00,Sunday,Kennedy station,Mechanical,11,20,W/B,8916
2020-07-12,51,20:44:00,Sunday,Eglinto and Leslie,Mechanical,30,60,N/B,8200
2020-07-12,61,20:46:00,Sunday,Bombay loop,Mechanical,20,40,N/B,8341
2020-07-12,14,21:17:00,Sunday,Bathrust and Hillhurst,Investigation,20,40,N/B,3446
2020-07-12,20,22:00:00,Sunday,Birchmount and Highview,Mechanical,30,60,W/B,3100
2020-07-12,87,22:00:00,Sunday,Broadview Stn,Utilized Off Route,10,20,E/B,8545
2020-07-12,22,2020-07-12,Sunday,Bingham Loop,Late Leaving Garage - Operator,20,40,E/B,3149
2020-07-13,320,01:45:00,Monday,Queens Quay and Yonge Street,Utilized Off Route,7,17,N/B,8210
2020-07-13,300,02:30:00,Monday,Danforth and Danforth,Diversion,1,1,E/B,
2020-07-13,320,02:32:00,Monday,Yonge and Church Street,Utilized Off Route,15,35,S/B,8336
2020-07-13,300,02:40:00,Monday,Bloor and Yonge,Utilized Off Route,30,60,W/B,8553
2020-07-13,335,02:45:00,Monday,Jane Street and Wilson Ave,Investigation,30,60,S/B,3181
2020-07-13,300,05:06:00,Monday,Kennedy Station,Emergency Services,1,1,WB,8553
2020-07-13,113,05:15:00,Monday,Main Station,Late Leaving Garage - Management,14,14,E/B,8527
2020-07-13,167,05:35:00,Monday,Pharmacy and Steeles,Late Leaving Garage - Operator,25,25,S/B,3174
2020-07-13,40,05:50:00,Monday,Kipling Station,Mechanical,19,30,E/B,7964
2020-07-13,83,05:52:00,Monday,Lakeshore Garage,Late Leaving Garage - Mechanical,14,14,N/B,8540
2020-07-13,24,06:08:00,Monday,Victoria Park Station,Late Leaving Garage - Mechanical,9,15,N/B,8496
2020-07-13,82,06:16:00,Monday,Rosedale station,Mechanical,24,24,N/B,8218
2020-07-13,129,06:25:00,Monday,Major Mackenzie and Ridgecrest,Late Leaving Garage - Mechanical,15,32,S/B,1676
2020-07-13,129,06:26:00,Monday,Steeles and McCowan Loop,Utilized Off Route,11,16,N/B,1566
2020-07-13,79,06:44:00,Monday,Pine and Lawrence,Late Leaving Garage - Mechanical,4,7,S/B,1105
2020-07-13,927,07:15:00,Monday,Humber College,Mechanical,10,20,W/B,3632
2020-07-13,41,07:27:00,Monday,Sentinal and Assiniboine Rd,Investigation,1,2,S/B,9034
2020-07-13,56,07:34:00,Monday,Brentcliffe and Eglinton,Mechanical,40,80,S/B,8380
2020-07-13,124,08:36:00,Monday,Lawrence Station,Mechanical,6,12,E/B,8166
2020-07-13,87,08:45:00,Monday,Broadview stn,Utilized Off Route,10,20,W/B,9228
2020-07-13,26,09:00:00,Monday,Anette and Runnymede,Investigation,24,48,W/B,1268
2020-07-13,26,09:00:00,Monday,Runnymede and Annette,Diversion,386,410,B/W,1268
2020-07-13,79,09:14:00,Monday,Runnymede Station,Utilized Off Route,9,18,E/B,1422
2020-07-13,133,09:23:00,Monday,Scarborough Town Centre,Utilized Off Route,11,22,S/B,3485
2020-07-13,133,09:45:00,Monday,Scarborough Town Centre,Utilized Off Route,11,22,S/B,3480
2020-07-13,75,10:13:00,Monday,Bloor and Sherbourne,Utilized Off Route,7,13,S/B,8130
2020-07-13,75,10:28:00,Monday,Bloor and Sherbourne,Mechanical,7,13,S/B,1237
2020-07-13,133,10:29:00,Monday,Scarborough Town Centre,Utilized Off Route,11,22,S/B,3540
2020-07-13,133,10:29:00,Monday,Scarborough Town Centre,Utilized Off Route,11,22,S/B,3471
2020-07-13,59,10:33:00,Monday,Lawrence West Station,Investigation,45,90,W/B,3301
2020-07-13,133,10:51:00,Monday,Scarborough Town centre,Utilized Off Route,11,22,S/B,3495
2020-07-13,36,10:56:00,Monday,Finch west stn,Mechanical,5,11,W/B,9130
2020-07-13,97,10:57:00,Monday,Davisville Station,Mechanical,30,60,N/B,1201
2020-07-13,60,11:00:00,Monday,Pioneer station,Mechanical,10,20,W/B,3599
2020-07-13,5,11:00:00,Monday,University and College st,Mechanical,15,30,S/B,1367
2020-07-13,39,11:07:00,Monday,Finch Station,Mechanical,16,32,EB,9059
2020-07-13,29,11:12:00,Monday,Wilson Station,Mechanical,8,16,S/B,9018
2020-07-13,133,11:13:00,Monday,Scarborough Town Centre,Utilized Off Route,11,22,S/B,3568
2020-07-13,168,11:22:00,Monday,Dundas West Stn.,Investigation,1,1,E/B,1350
2020-07-13,133,11:24:00,Monday,Scarborough Town Centre,Utilized Off Route,11,22,S/B,3410
2020-07-13,133,11:34:00,Monday,Scarborough Town Centre,Utilized Off Route,11,22,S/B,3485
2020-07-13,100,11:39:00,Monday,St. Dennis at Flemington golf course entrance,Diversion,38,47,S/B,8706
2020-07-13,54,12:11:00,Monday,Lawrence SRT Station,Investigation,14,28,E/B,8852
2020-07-13,8,12:30:00,Monday,Broadview stn,Utilized Off Route,30,60,N/B,8525
2020-07-13,54,13:45:00,Monday,eglinton station,Utilized Off Route,13,26,W/B,8643
2020-07-13,59,14:24:00,Monday,Chruch at Jane St,Late Leaving Garage - Mechanical,13,26,W/B,3700
2020-07-13,88,14:30:00,Monday,Wilson Garage,Late Leaving Garage - Mechanical,1,1,E/B,1220
2020-07-13,32,14:50:00,Monday,Caledonia and Eglinton,Utilized Off Route,10,20,E/B,1423
2020-07-13,165,14:54:00,Monday,Arrow Garage,Late Leaving Garage - Mechanical,4,8,E/B,3351
2020-07-13,32,15:00:00,Monday,Caledonia and Eglinton,Utilized Off Route,10,20,W/B,1020
2020-07-13,97,15:27:00,Monday,Davisville Station,Mechanical,30,60,N/B,1372
2020-07-13,51,15:51:00,Monday,Freshmeadow/ Don Mills,Mechanical,31,62,S/B,8385
2020-07-13,57,15:54:00,Monday,401 and Midland,Investigation,14,28,N/B,8849
2020-07-13,86,16:22:00,Monday,Kennedy Station,Mechanical,11,22,E/B,8726
2020-07-13,95,16:28:00,Monday,York Mills Station,Mechanical,11,22,W/B,1579
2020-07-13,54,16:30:00,Monday,Lawrence RT,Investigation,12,24,E/B,8820
2020-07-13,122,16:30:00,Monday,York Mills & Bayview,Investigation,14,28,E/B,8365
2020-07-13,79,16:32:00,Monday,Pine and lawrence,Mechanical,15,30,S/B,1057
2020-07-13,12,16:36:00,Monday,Kingston Rd And Glen Everest,Mechanical,23,46,E/B,3171
2020-07-13,54,16:45:00,Monday,Lawrence RT,Investigation,16,32,E/B,8863
2020-07-13,5,17:13:00,Monday,Avenue and Davenport,Investigation,30,60,S/B,1283
2020-07-13,34,18:11:00,Monday,Eglinton and Victoria Park,Investigation,8,16,W/B,8833
2020-07-13,59,19:25:00,Monday,Jane & Church,Diversion,335,347,B/W,
2020-07-13,133,19:27:00,Monday,Finch and Morningside,Mechanical,9,18,S/B,3498
2020-07-13,102,20:50:00,Monday,Warden Station,Mechanical,20,30,N/B,9219
2020-07-13,34,21:41:00,Monday,Wynford dr and Wynford Heights,Emergency Services,22,38,S/B,8633
2020-07-14,320,02:14:00,Tuesday,Yonge and Eglinton.,Utilized Off Route,3,7,S/B,8711
2020-07-14,339,04:15:00,Tuesday,on Finch Ave East at Yonge St,Mechanical,30,60,EB,3180
2020-07-14,36,05:08:00,Tuesday,Finch and Arrow,Late Leaving Garage - Mechanical,10,20,E/B,9117
2020-07-14,40,05:28:00,Tuesday,Dundas Westt Station,Late Leaving Garage - Mechanical,16,32,W/B,8419
2020-07-14,47,05:34:00,Tuesday,Yorkdale Station,Mechanical,12,24,S/B,1112
2020-07-14,67,05:37:00,Tuesday,Crossland & Penworth,Late Leaving Garage - Mechanical,10,10,S/B,8689
2020-07-14,68,05:40:00,Tuesday,Warden Station,Late Leaving Garage - Mechanical,15,15,,8949
2020-07-14,54,05:40:00,Tuesday,Lawrence & Scarborough Golf Club Rd,Late Leaving Garage - Mechanical,11,41,E/B,8839
2020-07-14,79,05:40:00,Tuesday,Pine and Lawrence,Late Leaving Garage - Operator,17,37,S/B,1082
2020-07-14,32,05:42:00,Tuesday,eglinton station,Emergency Services,14,28,W/B,1422
2020-07-14,32,05:49:00,Tuesday,keele and eglinton,Late Leaving Garage - Mechanical,7,20,E/B,1054
2020-07-14,124,05:56:00,Tuesday,Lawrence Station,Late Leaving Garage - Mechanical,12,24,E/B,8218
2020-07-14,43,05:57:00,Tuesday,Kennedy & Passmore,Late Leaving Garage - Mechanical,6,16,N/B,8905
2020-07-14,68,05:59:00,Tuesday,Warden Station,Late Leaving Garage - Vision,23,42,N/B,8858
2020-07-14,165,06:10:00,Tuesday,Wilson & Wilson Heights,Mechanical,6,12,W/B,3702
2020-07-14,54,06:23:00,Tuesday,Lawrence & Scarborough Golf Club Rd.,Late Leaving Garage - Operator,13,24,E/B,8673
2020-07-14,37,06:28:00,Tuesday,Islington Statiton,Late Leaving Garage - Operator,24,49,N/B,8436
2020-07-14,29,06:30:00,Tuesday,Exhibition Place,Diversion,150,158,N/B,9049
2020-07-14,39,06:30:00,Tuesday,on Finch Ave East at Estelle Ave,Mechanical,5,10,EB,9004
2020-07-14,35,06:35:00,Tuesday,Jane Station,Late Leaving Garage - Mechanical,9,18,N/B,3268
2020-07-14,39,06:40:00,Tuesday,Finch Station,Mechanical,15,30,EB,9066
2020-07-14,32,06:41:00,Tuesday,pine and lawrence,Mechanical,7,14,S/B,1586
2020-07-14,89,06:57:00,Tuesday,Mt Dennis garage,Late Leaving Garage - Mechanical,6,19,N/B,9032
2020-07-14,927,07:25:00,Tuesday,Humber College Loop,Mechanical,10,20,N/B,3599
2020-07-14,165,08:07:00,Tuesday,Weston Road & Ormont Dr,Mechanical,5,10,E/B,3706
2020-07-14,60,08:21:00,Tuesday,Finch station,Investigation,8,16,W/B,3240
2020-07-14,84,08:57:00,Tuesday,SHEPPARD/JANE,Mechanical,11,22,W/B,3316
2020-07-14,134,08:59:00,Tuesday,McCowan and Triton,Investigation,6,12,N/B,3544
2020-07-14,80,09:00:00,Tuesday,Sherway Garden,Mechanical,20,40,N/B,8441
2020-07-14,133,09:23:00,Tuesday,Scarborough Town Centre,Utilized Off Route,11,22,E/B,3534
2020-07-14,900,09:40:00,Tuesday,Kipling Station,Mechanical,12,24,N/B,8004
2020-07-14,133,09:45:00,Tuesday,Scarborough Town Centre,Utilized Off Route,11,22,E/B,3488
2020-07-14,75,09:48:00,Tuesday,Sherbourne and Earl,Investigation,10,20,N/B,1276
2020-07-14,133,10:07:00,Tuesday,Scarborough Town Centre,Utilized Off Route,11,22,E/B,3499
2020-07-14,133,10:07:00,Tuesday,Scarborough Town Centre,Utilized Off Route,11,22,E/B,3499
2020-07-14,133,10:29:00,Tuesday,Scarborough Town Centre,Utilized Off Route,11,22,E/B,3555
2020-07-14,133,10:56:00,Tuesday,Scarborough Town centre,Utilized Off Route,11,22,E/B,3412
2020-07-14,68,10:56:00,Tuesday,Warden Station,Mechanical,24,36,E/B,8819
2020-07-14,60,11:06:00,Tuesday,Steeles and Cactus,Investigation,10,20,E/B,3263
2020-07-14,133,11:13:00,Tuesday,Scarborough Town Centre,Utilized Off Route,11,22,E/B,3485
2020-07-14,116,11:26:00,Tuesday,Kennedy stn,Investigation,11,22,S/B,8850
2020-07-14,133,11:34:00,Tuesday,Scarborough Town Centtre,Utilized Off Route,11,22,E/B,3436
2020-07-14,79,12:15:00,Tuesday,Runnymede Station,Mechanical,24,48,N/B,1603
2020-07-14,122,13:45:00,Tuesday,York Mills Station,Utilized Off Route,17,34,E/B,8130
2020-07-14,95,14:20:00,Tuesday,York Mills at Leslie,Mechanical,20,40,E/B,3525
2020-07-14,123,14:20:00,Tuesday,North Queen and The Queensway,Diversion,140,148,NB,7910
2020-07-14,97,14:21:00,Tuesday,York Mills Station,Mechanical,30,60,S/B,8309
2020-07-14,60,14:26:00,Tuesday,FSTN,Mechanical,10,20,W/B,3602
2020-07-14,165,15:02:00,Tuesday,York mills Station,Mechanical,5,10,N/B,3618
2020-07-14,126,15:10:00,Tuesday,Mount Dennis garage,Late Leaving Garage - Mechanical,17,34,S/B,1117
2020-07-14,79,16:00:00,Tuesday,Weston and Lawrence,General Delay,15,29,B/W,
2020-07-14,33,18:00:00,Tuesday,St Clair W Station,Investigation,30,60,sb,8217
2020-07-14,63,18:10:00,Tuesday,Oakwood Loop,Utilized Off Route,5,10,S/B,8375
2020-07-14,32,18:29:00,Tuesday,Eglinton Station,Utilized Off Route,10,20,W/B,1089
2020-07-14,96,19:52:00,Tuesday,York Mills Station,Mechanical,20,40,W/B,3337
2020-07-14,108,20:00:00,Tuesday,Sheppard West Station,Mechanical,22,44,N/B,3368
2020-07-14,86,20:10:00,Tuesday,Kingston Road and Beechgrove,Investigation,15,30,E/B,8819
2020-07-14,35,20:12:00,Tuesday,Jane station,Investigation,7,9,N/B,3585
2020-07-14,91,20:50:00,Tuesday,Valleywood & York Mills,Utilized Off Route,22,43,W/B,8818
2020-07-14,600,21:50:00,Tuesday,Victoria Park station,Emergency Services,1,1,B/W,3172
2020-07-14,12,22:43:00,Tuesday,Midland and Kingston,Mechanical,17,40,W/B,8534
2020-07-15,900,00:16:00,Wednesday,Kipling station,Investigation,10,20,N/B,8006
2020-07-15,80,00:21:00,Wednesday,Queensway and Milton street,Diversion,63,111,B/W,8093
2020-07-15,36,03:10:00,Wednesday,Finch & Signet,Investigation,1,1,E/B,9131
2020-07-15,320,03:16:00,Wednesday,Yonge & Queens Quay,Utilized Off Route,3,7,N/B,8378
2020-07-15,2,05:05:00,Wednesday,Birchmount Garage,Utilized Off Route,1,1,EB,8538
2020-07-15,2,05:07:00,Wednesday,Eglinton Division,Utilized Off Route,1,1,EB,8811
2020-07-15,34,05:15:00,Wednesday,Eglinton & Brimley,Late Leaving Garage - Mechanical,8,23,W/B,8931
2020-07-15,900,05:18:00,Wednesday,Kipling stn,Mechanical,22,44,N/B,8000
2020-07-15,94,05:20:00,Wednesday,Eglinton and Enerdale,Mechanical,15,30,S/B,1532
2020-07-15,133,05:20:00,Wednesday,Scarborough Town entre,Diversion,66,77,E/B,3423
2020-07-15,70,05:30:00,Wednesday,Coxwell Station,Late Leaving Garage - Mechanical,22,32,N/B,8891
2020-07-15,91,05:36:00,Wednesday,Woodbine Station,Late Leaving Garage - Mechanical,8,38,N/B,8816
2020-07-15,54,05:49:00,Wednesday,Lawrence and Kennedy,Investigation,15,30,W/B,867
2020-07-15,100,05:54:00,Wednesday,Broadview Station,Late Leaving Garage - Mechanical,13,19,N/B,8916
2020-07-15,84,05:56:00,Wednesday,SHEPPARD/ARROW,Late Leaving Garage - Mechanical,5,5,E/B,3574
2020-07-15,99,06:00:00,Wednesday,Eglinton Garage,Late Leaving Garage - Operator,1,1,S/B,1234
2020-07-15,165,06:08:00,Wednesday,finch and weston,Late Leaving Garage - Mechanical,5,11,S/B,3288
2020-07-15,89,06:27:00,Wednesday,High Park stn,Emergency Services,6,13,N/B,1549
2020-07-15,51,06:32:00,Wednesday,Leslie and York Mills,Vision,30,60,S/B,8361
2020-07-15,34,06:35:00,Wednesday,Eglinton and DVP,Mechanical,8,16,W/B,8693
2020-07-15,85,06:41:00,Wednesday,Don Mills Station,Mechanical,0,0,E/B,9060
2020-07-15,42,07:15:00,Wednesday,Finch station,Mechanical,14,28,E/B,8198
2020-07-15,56,07:45:00,Wednesday,Eglinton Station,Management,20,40,E/B,1321
2020-07-15,89,08:10:00,Wednesday,Keele and St Clair,Investigation,13,19,S/B,9046
2020-07-15,102,08:25:00,Wednesday,Centennial College Loop,Diversion,22,44,N/B,8476
2020-07-15,134,08:25:00,Wednesday,Cetennial College,Diversion,999,999,E/B,
2020-07-15,60,08:27:00,Wednesday,Signal Hill & Steeles,Mechanical,16,24,E/B,9109
2020-07-15,163,08:28:00,Wednesday,roselawn / marlee,Investigation,17,34,N/B,8116
2020-07-15,67,08:51:00,Wednesday,Victoria Park STN,Emergency Services,18,31,N/B,8804
2020-07-15,133,09:23:00,Wednesday,Scarborough Town Centre,Utilized Off Route,11,22,E/B,3543
2020-07-15,52,09:26:00,Wednesday,THE WESTWAY/ KIPLING,Diversion,24,39,W/B,
2020-07-15,53,09:42:00,Wednesday,Steeles & Midland,Mechanical,13,20,EB,9013
2020-07-15,133,09:45:00,Wednesday,scarborough Town centre,Utilized Off Route,11,22,E/B,3423
2020-07-15,37,09:47:00,Wednesday,Islington Stn,Vision,23,46,N/B,8441
2020-07-15,54,10:00:00,Wednesday,Yonge/Eglinton,Diversion,1,1,B/W,
2020-07-15,56,10:00:00,Wednesday,Yonge/Eglinton,Diversion,1,1,B/W,
2020-07-15,51,10:00:00,Wednesday,Yonge/Eglinton,Diversion,1,1,B/W,
2020-07-15,34,10:00:00,Wednesday,Yonge and Eglinton,Diversion,12,24,w,8723
2020-07-15,133,10:06:00,Wednesday,Scarborough Town Centre,Utilized Off Route,11,22,E/B,3561
2020-07-15,133,10:07:00,Wednesday,Scarborough Town Centre,Utilized Off Route,11,22,E/B,3561
2020-07-15,133,10:29:00,Wednesday,Scarborough Town Centre,Utilized Off Route,11,22,E/B,3482
2020-07-15,97,10:32:00,Wednesday,Yonge at Eglinton,Diversion,128,158,B/W,
2020-07-15,7,10:37:00,Wednesday,Greenwin Village and Bathurst,Mechanical,8,16,S/B,8356
2020-07-15,133,10:51:00,Wednesday,Scarborough Town Centre,Utilized Off Route,11,22,E/B,3414
2020-07-15,46,10:55:00,Wednesday,Martin Grove and Steeles,Mechanical,19,38,S/B,3651
2020-07-15,133,11:13:00,Wednesday,Scarborough Town Centre,Utilized Off Route,11,22,E/B,3459
2020-07-15,133,11:34:00,Wednesday,Scarborough Town Centre,Utilized Off Route,11,22,E/B,3566
2020-07-15,7,11:44:00,Wednesday,St.Clair / Bathurst,Mechanical,6,12,S/B,8300
2020-07-15,54,11:48:00,Wednesday,Lawrence and Warden,Utilized Off Route,14,28,E/B,8886
2020-07-15,105,11:50:00,Wednesday,Sheppard West Station,Mechanical,17,34,B/W,8219
2020-07-15,110,11:58:00,Wednesday,Islington Station,Investigation,1,1,S/B,8049
2020-07-15,9,12:15:00,Wednesday,Kingston and McCowan,Diversion,571,597,SB,
2020-07-15,102,12:15:00,Wednesday,Kingston and McCowan,Diversion,555,565,WB,
2020-07-15,24,12:18:00,Wednesday,Victoria Park and Dawes Rd,Investigation,11,20,c,9217
2020-07-15,113,12:30:00,Wednesday,Main Street STN,Mechanical,23,46,E/B,3162
2020-07-15,17,13:04:00,Wednesday,Warden Station,Mechanical,12,24,N/B,9224
2020-07-15,113,13:15:00,Wednesday,Kennedy Station,Mechanical,23,46,E/B,8587
2020-07-15,131,13:16:00,Wednesday,Tapscott and Neilson,Investigation,13,27,B/W,3516
2020-07-15,69,13:25:00,Wednesday,warden Station,Mechanical,11,22,S/B,8477
2020-07-15,20,13:31:00,Wednesday,Kennedy Station,Mechanical,20,40,E/B,8536
2020-07-15,38,13:40:00,Wednesday,Markham and Elesemere,Mechanical,8,16,W/B,3446
2020-07-15,33,14:12:00,Wednesday,st clair wstn,Emergency Services,15,30,N/B,8114
2020-07-15,37,14:15:00,Wednesday,Islington at Bergamot,Diversion,45,58,B/W,
2020-07-15,36,14:19:00,Wednesday,Humberwood loop,Mechanical,5,10,E/B,3188
2020-07-15,11,14:40:00,Wednesday,davisville station,Investigation,15,30,S/B,1276
2020-07-15,12,15:08:00,Wednesday,Kingston and McCowan,Diversion,277,307,W/B,8523
2020-07-15,32,15:12:00,Wednesday,Todd Baylis and Tretheway,Mechanical,9,18,E/B,1208
2020-07-15,34,15:20:00,Wednesday,eglinton garage,Late Leaving Garage - Mechanical,28,54,S/B,8919
2020-07-15,16,15:32:00,Wednesday,Warden Station,Late Leaving Garage - Operator,10,20,N/B,
2020-07-15,23,15:46:00,Wednesday,Main STN,Investigation,10,20,W/B,3118
2020-07-15,35,16:00:00,Wednesday,jane station,Utilized Off Route,9,14,N/B,3601
2020-07-15,41,16:01:00,Wednesday,Keele station,Utilized Off Route,16,32,N/B,9038
2020-07-15,52,16:02:00,Wednesday,Wilson at King High,Mechanical,8,16,E/B,1328
2020-07-15,32,16:03:00,Wednesday,Renforth Station,Utilized Off Route,10,20,E/B,1575
2020-07-15,73,16:04:00,Wednesday,Royal York Station,Utilized Off Route,16,32,N/B,8070
2020-07-15,76,16:05:00,Wednesday,Royal York Station,Utilized Off Route,8,16,S/B,8418
2020-07-15,35,16:08:00,Wednesday,Jane station,Utilized Off Route,12,24,N/B,3709
2020-07-15,79,16:09:00,Wednesday,runnymede station,Utilized Off Route,15,30,N/B,1576
2020-07-15,110,16:09:00,Wednesday,Islington Station,Utilized Off Route,12,24,S/B,8096
2020-07-15,45,16:13:00,Wednesday,Kipling station,Utilized Off Route,17,34,N/B,8440
2020-07-15,52,16:13:00,Wednesday,Lawrence West Station,Utilized Off Route,16,32,E/B,8369
2020-07-15,66,16:14:00,Wednesday,Old Mill Station,Utilized Off Route,10,20,S/B,7947
2020-07-15,63,16:15:00,Wednesday,Atlantic and King,Utilized Off Route,1,1,N/B,1367
2020-07-15,32,16:22:00,Wednesday,Renforth Station,Utilized Off Route,10,20,E/B,1415
2020-07-15,67,16:29:00,Wednesday,Pharmacy and Kellyvale Rd,Investigation,10,20,N/B,8923
2020-07-15,63,16:39:00,Wednesday,Spadina Station,Utilized Off Route,5,10,W/B,8333
2020-07-15,165,16:50:00,Wednesday,York Mills Station,Investigation,6,12,W/B,3700
2020-07-15,127,16:58:00,Wednesday,Spadina Station,Mechanical,30,60,W/B,1411
2020-07-15,24,16:59:00,Wednesday,Vic Park Station,Utilized Off Route,13,26,B/W,8585
2020-07-15,102,17:00:00,Wednesday,Warden Station,Utilized Off Route,22,44,N/B,3112
2020-07-15,11,17:00:00,Wednesday,bayview and eglinton,Mechanical,30,60,S/B,8302
2020-07-15,53,17:22:00,Wednesday,Passmore and Tapscott,Investigation,6,12,,9087
2020-07-15,52,17:22:00,Wednesday,Lawrence Station,Utilized Off Route,12,25,W/B,8326
2020-07-15,7,17:25:00,Wednesday,Greenvin / Bathurst,Mechanical,6,12,S/B,1309
2020-07-15,32,17:29:00,Wednesday,Keele and Eglinton,Investigation,10,20,E/B,1094
2020-07-15,29,17:37:00,Wednesday,Dufferin / Dundas,Mechanical,7,14,N/B,9142
2020-07-15,63,17:40:00,Wednesday,Townsley Loop,Utilized Off Route,5,10,W/B,8333
2020-07-15,161,17:40:00,Wednesday,Jane and Alliance,Investigation,23,46,W/B,1418
2020-07-15,16,17:50:00,Wednesday,Warden Station,Investigation,10,20,N/B,8519
2020-07-15,43,17:50:00,Wednesday,Midland and Steeles,Emergency Services,9,18,S/B,8944
2020-07-15,36,18:21:00,Wednesday,Finch West Station,Mechanical,7,27,W/B,9108
2020-07-15,7,18:33:00,Wednesday,Dupont / Bathurst,Mechanical,5,10,N/B,8335
2020-07-15,95,18:40:00,Wednesday,York Mills & Sandlewood,Diversion,95,108,W/B,
2020-07-15,24,18:59:00,Wednesday,Consumers rd and Sheppard,Mechanical,10,13,S/B,8403
2020-07-15,54,19:14:00,Wednesday,Lawrence East RT Station,Mechanical,10,13,W/B,8650
2020-07-15,85,19:50:00,Wednesday,SHEPPARD EAST and Markham,Mechanical,16,32,W/B,9063
2020-07-15,116,19:51:00,Wednesday,Kennedy Station,Utilized Off Route,8,16,E/B,8672
2020-07-15,168,19:57:00,Wednesday,"On Old Weston Road, at Turnberry",Mechanical,17,34,S/B,1422
2020-07-15,86,20:15:00,Wednesday,Eglinton and Markham,Investigation,15,30,W/B,8811
2020-07-15,98,20:40:00,Wednesday,Sheppard & Yonge,Mechanical,20,40,W/B,8363
2020-07-15,7,20:44:00,Wednesday,Spadina Station,Mechanical,8,16,W/B,8382
2020-07-15,34,21:34:00,Wednesday,Eglinton station,Mechanical,7,14,E/B,8668
2020-07-15,163,21:40:00,Wednesday,Lawerence W Stn,Mechanical,17,34,S/B,8380
2020-07-15,80,21:40:00,Wednesday,Milton Street and Queensway.,Diversion,62,82,W/B,3268
2020-07-15,80,21:48:00,Wednesday,Evans and Browns Line,Investigation,14,28,W/B,7930
2020-07-15,52,21:55:00,Wednesday,Keele at Lawrence,Mechanical,10,20,W/B,8364
2020-07-15,116,22:25:00,Wednesday,Eglinton and Markham,Emergency Services,11,22,E/B,8745
2020-07-15,121,22:26:00,Wednesday,Cherry Beach Loop,Investigation,24,48,N/B,9216
2020-07-15,54,22:33:00,Wednesday,Scarborough Golf Club at Lawrence,Emergency Services,23,46,W/B,8905
2020-07-15,96,22:55:00,Wednesday,York Mills Station,Mechanical,21,42,W/B,3616
2020-07-16,76,00:01:00,Thursday,Lakeshore and Mimimico,Investigation,15,30,N/B,8079
2020-07-16,165,01:15:00,Thursday,Weston and Finch,Mechanical,10,20,N/B,3287
2020-07-16,300,02:08:00,Thursday,Kipling station,Emergency Services,8,24,W/B,8045
2020-07-16,385,04:50:00,Thursday,Sheppard and Neilson Rd.,Mechanical,30,60,W/B,3569
2020-07-16,32,05:10:00,Thursday,royal york and eglinton,Mechanical,1,1,W/B,1205
2020-07-16,34,05:37:00,Thursday,Brimley and Eglinton,Mechanical,8,16,W/B,8756
2020-07-16,52,05:39:00,Thursday,T3 AIRPORT,Mechanical,10,22,E/B,1362
2020-07-16,116,06:20:00,Thursday,Kennedy Station,Late Leaving Garage - Management,10,40,E/B,8864
2020-07-16,63,06:22:00,Thursday,atlantic and king,Mechanical,12,24,n,8132
2020-07-16,91,06:24:00,Thursday,Woodbine Station,Late Leaving Garage - Operator,12,24,N/B,8800
2020-07-16,32,06:34:00,Thursday,eglinton station,Mechanical,11,22,W/B,1139
2020-07-16,32,06:43:00,Thursday,RENFORTH STATION,Late Leaving Garage - Mechanical,9,18,E/B,1575
2020-07-16,97,07:49:00,Thursday,Yonge at Bloor,Diversion,41,71,B/W,
2020-07-16,35,08:09:00,Thursday,Hullmar Drive and Bamford Crescent,Investigation,7,14,N/B,3187
2020-07-16,7,08:14:00,Thursday,Greenwin Village and Bathurst,Mechanical,9,18,S/B,8382
2020-07-16,56,08:25:00,Thursday,Eglinton Station,Investigation,20,40,E/B,8343
2020-07-16,39,08:26:00,Thursday,on Neilso Rd at Crow Trail,Investigation,1,1,SB,3462
2020-07-16,96,08:29:00,Thursday,Jane / Sheppard,Mechanical,10,20,S/B,3629
2020-07-16,133,09:23:00,Thursday,Scarborough Town Centre,Utilized Off Route,11,22,E/B,3568
2020-07-16,133,09:45:00,Thursday,Scarborough Town Centre,Utilized Off Route,11,22,E/B,3559
2020-07-16,115,09:56:00,Thursday,York Mills at Banbury Rd,Mechanical,20,40,W/B,8161
2020-07-16,108,09:57:00,Thursday,Sheppard West Station,Mechanical,17,34,N/B,3315
2020-07-16,122,10:04:00,Thursday,York Mills Station,Utilized Off Route,17,34,E/B,8179
2020-07-16,133,10:07:00,Thursday,Scarborough Town Centre,Utilized Off Route,11,22,E/B,3523
2020-07-16,165,10:11:00,Thursday,barmac / ormont,Mechanical,2,5,S/B,3708
2020-07-16,29,10:23:00,Thursday,Dufferin and Dundas,Investigation,15,30,S/B,9150
2020-07-16,87,10:25:00,Thursday,Main station,Mechanical,11,22,W/B,8468
2020-07-16,86,10:28:00,Thursday,Eglinton and Mccowan,Emergency Services,10,20,S/B,8675
2020-07-16,133,10:29:00,Thursday,Scarborough Town Centre,Utilized Off Route,11,22,E/B,3534
2020-07-16,84,10:47:00,Thursday,SHEPPARD-YONGE STATION,Mechanical,8,16,W/B,3188
2020-07-16,133,10:51:00,Thursday,Scarborough Town Centre,Utilized Off Route,11,22,E/B,3432
2020-07-16,133,11:13:00,Thursday,Scarborough Town Centre,Utilized Off Route,11,22,E/B,3423
2020-07-16,133,11:13:00,Thursday,Scarborough Town Centre,Utilized Off Route,11,22,E/B,3423
2020-07-16,53,11:21:00,Thursday,Morningside and Finch,Mechanical,20,42,WB,9011
2020-07-16,40,11:28:00,Thursday,High Park STN,Mechanical,15,30,W/B,7959
2020-07-16,121,11:30:00,Thursday,Front st. between York and Lower Simcoe,Diversion,625,635,B/W,9201
2020-07-16,133,11:34:00,Thursday,Scarborough Town Centre,Utilized Off Route,11,22,E/B,3458
2020-07-16,36,12:31:00,Thursday,Finch and Yonge,Mechanical,10,20,W/B,9108
2020-07-16,127,12:44:00,Thursday,bloor / spadina,Utilized Off Route,22,44,N/B,1262
2020-07-16,84,12:52:00,Thursday,Malvern Gate,Mechanical,7,14,W/B,9073
2020-07-16,32,13:35:00,Thursday,Eglinton & Dufferin,Mechanical,13,26,E/B,3728
2020-07-16,90,13:40:00,Thursday,Oakwood & Vaughan,Diversion,190,200,W/B,1236
2020-07-16,84,13:47:00,Thursday,WESTON/BRADSTOCK,Mechanical,8,16,E/B,3261
2020-07-16,102,14:22:00,Thursday,Kindston and Parkcrest,Mechanical,2,4,N/B,9235
2020-07-16,97,14:25:00,Thursday,Yonge at Berwick,Diversion,88,118,B/W,
2020-07-16,36,14:30:00,Thursday,Finch west stn,Mechanical,5,10,W/B,9109
2020-07-16,84,14:33:00,Thursday,SHEPPARD-YONGE STATION,Utilized Off Route,8,16,W/B,3242
2020-07-16,52,14:45:00,Thursday,LAWRENCE WEST STATION,Mechanical,15,30,E/B,8122
2020-07-16,34,14:46:00,Thursday,Kennedy,Late Leaving Garage - Management,17,44,W/B,8920
2020-07-16,32,14:50:00,Thursday,Eglinton West Station,Mechanical,11,27,E/B,1575
2020-07-16,54,15:00:00,Thursday,Lawrence SRT Station,Late Leaving Garage - Management,14,28,E/B,8655
2020-07-16,29,15:02:00,Thursday,College / Dufferin,Investigation,5,10,N/B,9030
2020-07-16,54,15:12:00,Thursday,Lawrence and Scar Golf Club Rd,Late Leaving Garage - Mechanical,12,28,W/B,8882
2020-07-16,314,15:16:00,Thursday,Kennedy Station,Late Leaving Garage - Management,27,1,W/B,8950
2020-07-16,102,15:23:00,Thursday,Centennial College,Diversion,446,458,N/B,8599
2020-07-16,29,15:27:00,Thursday,Dufferin / Muir Ave,Investigation,8,16,S/B,9049
2020-07-16,165,15:30:00,Thursday,arrow garage,Late Leaving Garage - Mechanical,1,1,S/B,3184
2020-07-16,53,15:32:00,Thursday,Finch East & Seneca College bus loop,Mechanical,6,12,W/B,3552
2020-07-16,34,15:37:00,Thursday,Kennedy Station,Late Leaving Garage - Mechanical,17,24,W/B,8902
2020-07-16,102,15:48:00,Thursday,warden station,Late Leaving Garage - Operator,14,28,N/B,
2020-07-16,54,15:55:00,Thursday,starspray loop,Mechanical,13,26,W/B,8698
2020-07-16,96,16:05:00,Thursday,Humber College and Tmarisk Dr,Mechanical,25,50,E/B,3620
2020-07-16,52,16:10:00,Thursday,Dixon at Carlingview,Mechanical,16,28,W/B,8211
2020-07-16,52,16:11:00,Thursday,Lawrence West Station,Utilized Off Route,16,32,E/B,8312
2020-07-16,95,16:11:00,Thursday,Ellesmere & Markham Rd,Mechanical,10,20,W/B,1338
2020-07-16,161,16:20:00,Thursday,Dovercourt and Northhumberland,Diversion,23,46,W/B,1082
2020-07-16,168,16:45:00,Thursday,Avon Loop,Mechanical,12,24,S/B,1101
2020-07-16,24,16:45:00,Thursday,Victoria Park and Terraview Cres,Mechanical,12,18,N/B,8559
2020-07-16,81,16:50:00,Thursday,THORNCLIFFE PARK - Pape and Cosburn,Investigation,9,18,N/B,8479
2020-07-16,25,17:07:00,Thursday,DON MILLS - Freshmeadow @ Don Mills,Mechanical,11,22,S/B,8761
2020-07-16,36,17:27:00,Thursday,Finch West Station,Mechanical,7,14,WB,3644
2020-07-16,7,18:10:00,Thursday,Wilson / Bathurst,Mechanical,8,16,S/B,8336
2020-07-16,123,18:44:00,Thursday,Sherway Gardens,Utilized Off Route,16,19,NB,8455
2020-07-16,42,19:02:00,Thursday,Finch station,Mechanical,10,20,E/B,8339
2020-07-16,41,19:09:00,Thursday,Clearview Heights / Keele Street,Investigation,8,16,S/B,1074
2020-07-16,117,19:12:00,Thursday,Sheppard West Station,Mechanical,13,26,W/B,8165
2020-07-16,116,19:51:00,Thursday,Kennedy Station,Utilized Off Route,8,16,E/B,8673
2020-07-16,32,20:13:00,Thursday,Keele & Eglinton,Mechanical,10,20,E/B,1064
2020-07-16,31,20:19:00,Thursday,GREENWOOD - Greenwood Station,Investigation,12,24,S/B,8964
2020-07-16,52,20:20:00,Thursday,The Westway at Braecrest,Mechanical,10,20,E/B,1296
2020-07-16,89,20:20:00,Thursday,Keele and St Clair,Mechanical,10,30,N/B,9050
2020-07-16,600,21:00:00,Thursday,Lawrence at Royal York,Mechanical,10,20,W/B,1297
2020-07-16,129,21:20:00,Thursday,STC,Mechanical,5,10,N/B,3445
2020-07-16,133,21:38:00,Thursday,STC,Utilized Off Route,9,18,E/B,3423
2020-07-16,84,21:45:00,Thursday,Sheppard at Bathurst,Mechanical,8,16,E/B,3624
2020-07-16,132,22:06:00,Thursday,Hupfield and Sewells,Mechanical,23,46,S/B,1225
2020-07-16,7,23:40:00,Thursday,Spadina sttaion,Utilized Off Route,11,22,N/B,8176
2020-07-17,320,01:28:00,Friday,Yonge and Eglinton,Utilized Off Route,5,10,S/B,8359
2020-07-17,320,02:13:00,Friday,Queensquay and Yonge,Utilized Off Route,3,6,N/B,8853
2020-07-17,332,03:30:00,Friday,Eglinton & Royal York,Diversion,47,77,W/B,1010
2020-07-17,332,03:54:00,Friday,Mt. Dennis gaarage,Vision,30,60,E/B,1052
2020-07-17,60,05:20:00,Friday,Dufferin and Steeles,Mechanical,8,16,E/B,3293
2020-07-17,506,05:40:00,Friday,Main Station,Late Leaving Garage - Operator,10,15,W/B,8932
2020-07-17,102,05:45:00,Friday,Warden Station,Mechanical,8,15,NB,3165
2020-07-17,7,05:54:00,Friday,Bathurst and Wilson,Mechanical,23,46,S/B,8367
2020-07-17,70,05:56:00,Friday,Coxwell Station,Late Leaving Garage - Vision,17,34,N/B,8928
2020-07-17,163,06:14:00,Friday,lawrence wstn,Mechanical,11,22,S/B,133
2020-07-17,506,06:18:00,Friday,Main Station,Late Leaving Garage - Mechanical,4,7,W/B,8961
2020-07-17,12,06:26:00,Friday,Kennedy STN,Utilized Off Route,20,40,E/B,3171
2020-07-17,129,06:27:00,Friday,Scarborough Town,Utilized Off Route,5,10,N/B,1341
2020-07-17,113,06:29:00,Friday,Kennedy STN,Utilized Off Route,12,24,E/B,3111
2020-07-17,54,06:30:00,Friday,Lawrence SRT Station,Utilized Off Route,12,24,E/B,8808
2020-07-17,39,06:33:00,Friday,on Finch Ave East at Victoria Park Ave,Mechanical,5,8,WB,1377
2020-07-17,72,06:33:00,Friday,Pape station,Mechanical,19,38,S/B,8964
2020-07-17,43,06:35:00,Friday,Kennedy STN,Utilized Off Route,15,30,N/B,8668
2020-07-17,133,06:38:00,Friday,Scarborough Town Centre,Utilized Off Route,11,22,S/B,3545
2020-07-17,67,06:40:00,Friday,NB Parmacy and Donside,Mechanical,17,34,N/B,8860
2020-07-17,54,06:42:00,Friday,Lawrence SRT Station,Utilized Off Route,12,24,E/B,8893
2020-07-17,42,06:45:00,Friday,Cummer & Don Mills,Mechanical,14,37,E/B,8206
2020-07-17,7,06:53:00,Friday,Spadina Station,Investigation,10,20,N/B,8347
2020-07-17,35,07:01:00,Friday,Pioneer Village Station,Mechanical,7,14,S/B,3240
2020-07-17,95,07:02:00,Friday,Ellesmere Station,Mechanical,3,7,W/B,3431
2020-07-17,7,07:03:00,Friday,Spadina Station,Investigation,8,16,N/B,8197
2020-07-17,134,07:06:00,Friday,Centennial College,Diversion,999,999,S/B,3442
2020-07-17,36,07:10:00,Friday,Finch stn,Vision,5,10,W/B,9115
2020-07-17,85,07:28:00,Friday,Sheppard and Palmdale,Investigation,7,14,E/B,9080
2020-07-17,32,07:43:00,Friday,eglinton station,Mechanical,11,22,N/B,1067
2020-07-17,165,07:47:00,Friday,barmac / ormont,Mechanical,1,7,S/B,3238
2020-07-17,116,09:11:00,Friday,Kennedy STN,Mechanical,11,22,E/B,8900
2020-07-17,133,09:23:00,Friday,Scarborough Town Centre,Utilized Off Route,11,22,E/B,3558
2020-07-17,101,09:40:00,Friday,Sheppard West Station,Mechanical,10,20,W/B,3314
2020-07-17,133,09:45:00,Friday,Scarborough Town Centre,Utilized Off Route,11,33,E/B,3548
2020-07-17,163,09:56:00,Friday,lawrence wstn,Mechanical,12,24,S/B,8357
2020-07-17,97,10:05:00,Friday,Finch station,Mechanical,30,60,N/B,8138
2020-07-17,133,10:07:00,Friday,Scarborough Town Centre,Utilized Off Route,11,22,E/B,3509
2020-07-17,600,10:09:00,Friday,Kennedy STN,Utilized Off Route,1,1,,8904
2020-07-17,600,10:10:00,Friday,Scarborough Town Centre,Utilized Off Route,0,0,S/B,3480
2020-07-17,12,10:12:00,Friday,Kennedy STN,Utilized Off Route,25,50,E/B,3163
2020-07-17,600,10:13:00,Friday,Pharmacy and St. Clair,Utilized Off Route,1,1,E/B,8558
2020-07-17,129,10:22:00,Friday,Scarborough Town Centre,Utilized Off Route,14,21,N/B,3516
2020-07-17,89,10:23:00,Friday,Albion/Weston,Mechanical,10,21,N/B,9052
2020-07-17,43,10:24:00,Friday,Kennedy STN,Utilized Off Route,10,20,N/B,8809
2020-07-17,34,10:26:00,Friday,Eglinton and Dunfield,Investigation,10,20,E/B,8858
2020-07-17,133,10:29:00,Friday,Scarborough Town Centre,Utilized Off Route,11,22,E/B,3545
2020-07-17,16,10:30:00,Friday,STC,Utilized Off Route,13,26,S/B,3143
2020-07-17,116,10:34:00,Friday,Eglinton Ave E/Falmouth Ave,Mechanical,11,22,E/B,8947
2020-07-17,60,11:07:00,Friday,Pioneer Village Station,Mechanical,14,28,E/B,3612
2020-07-17,133,11:13:00,Friday,Scarborough Town Centre,Utilized Off Route,11,22,N/B,3516
2020-07-17,52,11:18:00,Friday,Breacrest and The Westway,Mechanical,,,w/b,1230
2020-07-17,52,11:18:00,Friday,Breacrest and Lawrence,Mechanical,12,21,W/B,1230
2020-07-17,133,11:22:00,Friday,Scarborough Town Centre,Utilized Off Route,11,22,E/B,3499
2020-07-17,600,11:53:00,Friday,Kennedy STN,Utilized Off Route,1,1,,8637
2020-07-17,600,11:53:00,Friday,Scarbrough Town Centre,Utilized Off Route,0,0,N/B,1240
2020-07-17,20,11:56:00,Friday,Kennedy STN,Utilized Off Route,20,40,E/B,8544
2020-07-17,600,11:59:00,Friday,Kennedy STN,Utilized Off Route,1,1,E/B,8547
2020-07-17,43,12:04:00,Friday,Kennedy STN,Utilized Off Route,10,20,N/B,8637
2020-07-17,134,12:04:00,Friday,Scarborough Town Centre,Utilized Off Route,9,18,N/B,1657
2020-07-17,100,12:06:00,Friday,Overlea Blvd/ William Morgan Dr,Investigation,9,18,N/B,8664
2020-07-17,116,12:07:00,Friday,Kennedy STN,Utilized Off Route,11,22,E/B,8844
2020-07-17,12,12:16:00,Friday,Victoria Park STN,Mechanical,25,50,E/B,8408
2020-07-17,133,12:17:00,Friday,Scarborough Town Centre,Utilized Off Route,11,22,E/B,3535
2020-07-17,68,12:20:00,Friday,Warden station,Utilized Off Route,12,24,N/B,8769
2020-07-17,95,12:29:00,Friday,Kingston rd,Mechanical,20,40,W/B,1654
2020-07-17,54,12:35:00,Friday,eglinton hanna,Investigation,14,28,E/B,8631
2020-07-17,55,12:42:00,Friday,DUNDAS AND SCARLETT,Investigation,30,60,S/B,7937
2020-07-17,600,12:51:00,Friday,Kennedy STN,Utilized Off Route,1,1,E/B,8547
2020-07-17,600,12:55:00,Friday,Kennedy STN,Utilized Off Route,1,1,,8628
2020-07-17,113,12:59:00,Friday,Danforth and Sibley,Utilized Off Route,13,36,W/B,8556
2020-07-17,600,12:59:00,Friday,Midland and Sheppard,Utilized Off Route,1,1,W/B,3556
2020-07-17,25,13:01:00,Friday,DON MILLS - Pape Station,Utilized Off Route,10,20,N/B,8728
2020-07-17,29,13:01:00,Friday,College / Dufferin,Utilized Off Route,7,14,S/B,9030
2020-07-17,54,13:10:00,Friday,eglinton station,Utilized Off Route,14,28,E/B,8892
2020-07-17,32,13:10:00,Friday,Bathurst & Eglinton,Utilized Off Route,13,26,E/B,1354
2020-07-17,25,13:11:00,Friday,DON MILLS - Pape Station,Utilized Off Route,10,20,N/B,8700
2020-07-17,35,13:12:00,Friday,Jane Station,Utilized Off Route,7,14,N/B,3322
2020-07-17,70,13:13:00,Friday,O'CONNOR - Pape Station,Utilized Off Route,16,32,N/B,8862
2020-07-17,32,13:15:00,Friday,Keele & Eglinton,Utilized Off Route,13,26,E/B,1411
2020-07-17,76,13:15:00,Friday,Royal York Station,Utilized Off Route,10,20,S/B,8417
2020-07-17,600,13:15:00,Friday,Kennedy STN,Utilized Off Route,1,1,,8818
2020-07-17,600,13:16:00,Friday,Weston & Eglinton,Utilized Off Route,1,1,E/B,1013
2020-07-17,60,13:18:00,Friday,Finch station,Utilized Off Route,5,10,B/W,3257
2020-07-17,24,13:19:00,Friday,Victoria Park STN,Utilized Off Route,10,10,N/B,8523
2020-07-17,51,13:20:00,Friday,eglinton station,Utilized Off Route,26,52,E/B,8114
2020-07-17,22,13:22:00,Friday,COXWELL - Coxwell Station,Utilized Off Route,8,16,S/B,3130
2020-07-17,106,13:24:00,Friday,Sheppard West Station,Utilized Off Route,13,26,W/B,8146
2020-07-17,106,13:24:00,Friday,Avenue and Courtleigh,Utilized Off Route,13,26,E/B,8146
2020-07-17,79,13:27:00,Friday,Runnymeade Stn,Utilized Off Route,24,48,N/B,1026
2020-07-17,41,13:28:00,Friday,Keele Station,Utilized Off Route,12,24,N/B,9141
2020-07-17,165,13:30:00,Friday,yorkmills stn,Utilized Off Route,12,24,W/B,3642
2020-07-17,85,13:35:00,Friday,Don Mills Station,Utilized Off Route,15,30,E/B,9074
2020-07-17,600,13:35:00,Friday,Kennedy STN,Utilized Off Route,1,1,,8816
2020-07-17,32,13:35:00,Friday,Keele & Eglinton,Utilized Off Route,11,22,E/B,1112
2020-07-17,84,13:35:00,Friday,Sheppard Station,Utilized Off Route,8,16,W/B,3221
2020-07-17,53,13:36:00,Friday,Finch stn,Utilized Off Route,6,12,E/B,9087
2020-07-17,104,13:40:00,Friday,Wilson Station,Utilized Off Route,20,40,N/B,8132
2020-07-17,60,13:40:00,Friday,Dufferin,Diversion,76,85,B/W,3299
2020-07-17,7,13:40:00,Friday,Wilson /Bathurst,Late Leaving Garage - Mechanical,7,14,N/B,1210
2020-07-17,60,13:43:00,Friday,Finch station,Utilized Off Route,5,10,B/W,3310
2020-07-17,52,13:45:00,Friday,Lawrence Station,Utilized Off Route,16,30,W/B,8359
2020-07-17,600,13:45:00,Friday,PARLIAMENT RAD - Castle Frank Station,Utilized Off Route,1,1,B/W,8490
2020-07-17,36,13:50:00,Friday,Finch stn,Utilized Off Route,5,10,W/B,3237
2020-07-17,96,13:50:00,Friday,yorkmills stn,Utilized Off Route,10,20,W/B,3233
2020-07-17,123,13:52:00,Friday,SHERWAY GARDENS,Mechanical,21,42,N/B,8463
2020-07-17,32,13:54:00,Friday,Pine & Lawrence,Utilized Off Route,11,22,E/B,1005
2020-07-17,52,13:58:00,Friday,Lawrence w. stn,Mechanical,15,30,W/B,8212
2020-07-17,36,14:00:00,Friday,Finch stn,Mechanical,5,10,W/B,3638
2020-07-17,600,14:02:00,Friday,Birchmount Garage,Utilized Off Route,1,1,N/B,3170
2020-07-17,96,14:02:00,Friday,yorkmills stn,Utilized Off Route,12,24,W/B,3308
2020-07-17,36,14:07:00,Friday,Finch / Tobermory,Mechanical,6,11,W/B,9107
2020-07-17,82,14:11:00,Friday,Glen Rd/ Summerhill Ave,Diversion,28,48,E/B,8219
2020-07-17,102,14:20:00,Friday,Birchmount and St.Clair,Mechanical,10,20,N/B,3105
2020-07-17,60,14:21:00,Friday,Ossinginton stn,Utilized Off Route,5,10,B/W,3257
2020-07-17,17,14:26:00,Friday,Warden Station,Late Leaving Garage - Operator,30,60,N/B,8527
2020-07-17,102,14:27:00,Friday,Warden Station,Late Leaving Garage - Operator,10,20,N/B,
2020-07-17,75,14:29:00,Friday,South Dr/Glen Rd,Mechanical,11,22,S/B,8315
2020-07-17,122,14:36:00,Friday,Wilson Garage,Late Leaving Garage - Mechanical,1,1,E/B,1383
2020-07-17,15,14:42:00,Friday,Sherway Gardens,Late Leaving Garage - Mechanical,16,30,E/B,8051
2020-07-17,102,14:43:00,Friday,Warden Station,Late Leaving Garage - Operator,7,14,N/B,
2020-07-17,63,15:00:00,Friday,ossington stn,Mechanical,10,20,S/B,8203
2020-07-17,2,15:04:00,Friday,Pape stn,Investigation,1,1,E/B,3237
2020-07-17,54,15:04:00,Friday,Eglinton Garage,Late Leaving Garage - Management,1,1,E/B,8622
2020-07-17,102,15:07:00,Friday,warden station,Utilized Off Route,13,26,N/B,8562
2020-07-17,600,15:08:00,Friday,Eglinton Station,Utilized Off Route,1,1,W/B,1013
2020-07-17,54,15:10:00,Friday,kennedy and eglinton,Utilized Off Route,18,36,W/B,8622
2020-07-17,32,15:11:00,Friday,Keele & Eglinton,Utilized Off Route,9,17,W/B,1411
2020-07-17,104,15:12:00,Friday,Broadview Station,Utilized Off Route,20,40,E/B,8132
2020-07-17,25,15:13:00,Friday,Eglinton Garage,Late Leaving Garage - Vision,1,1,E/B,8942
2020-07-17,32,15:14:00,Friday,Keele & Eglinton,Utilized Off Route,9,19,W/B,1005
2020-07-17,32,15:15:00,Friday,Keele & Eglinton,Utilized Off Route,13,22,W/B,1354
2020-07-17,600,15:17:00,Friday,Pape Station,Utilized Off Route,1,1,E/B,3556
2020-07-17,169,15:20:00,Friday,Don Mills Station,Mechanical,30,60,E/B,8354
2020-07-17,16,15:22:00,Friday,Scarborough Town centre,Late Leaving Garage - Management,10,20,S/B,9127
2020-07-17,102,15:23:00,Friday,Centennial College,Diversion,446,458,N/B,3111
2020-07-17,110,15:30:00,Friday,Islington Station,Mechanical,12,24,S/B,7977
2020-07-17,85,15:44:00,Friday,Progress and Sheppard,Investigation,6,12,E/B,9073
2020-07-17,35,15:44:00,Friday,Jane and Weston,Emergency Services,5,10,N/B,9110
2020-07-17,25,15:46:00,Friday,Eglinton Garage,Late Leaving Garage - Operator,1,1,E/B,8795
2020-07-17,108,15:48:00,Friday,Driftwood / Jane,Investigation,8,16,N/B,3320
2020-07-17,52,16:02:00,Friday,Lawrence Station,Late Leaving Garage - Operator,8,16,W/B,
2020-07-17,52,16:16:00,Friday,Lawrence West Station,Utilized Off Route,16,32,E/B,8182
2020-07-17,52,16:22:00,Friday,Lawrence at Apex,Investigation,16,32,W/B,1302
2020-07-17,85,16:51:00,Friday,Dean Park and Sheppard,Utilized Off Route,13,26,W/B,3407
2020-07-17,85,16:53:00,Friday,Victoria Park and Sheppard,Investigation,13,26,E/B,9008
2020-07-17,106,17:12:00,Friday,Sheppard West Station,Mechanical,12,24,N/B,8379
2020-07-17,37,17:35:00,Friday,Islington at Summitcrest,Mechanical,15,30,N/B,8050
2020-07-17,41,17:36:00,Friday,Bloor / Indian Road,Investigation,16,32,N/B,9149
2020-07-17,35,17:53:00,Friday,Pioneer Stn,Mechanical,5,10,S/B,3591
2020-07-17,32,18:00:00,Friday,Weston & Eglinton,Mechanical,17,25,E/B,1002
2020-07-17,94,18:04:00,Friday,Harbord/Spadina Ave,Mechanical,14,31,E/B,1129
2020-07-17,56,18:32:00,Friday,Donlands Station,Mechanical,21,42,N/B,8325
2020-07-17,99,18:36:00,Friday,Bartor and Arrow,Diversion,41,61,N/B,3207
2020-07-17,63,18:48:00,Friday,Eglinton and Marlee,Vision,10,18,N/B,8194
2020-07-17,29,19:46:00,Friday,Dufferin and Liberty,Investigation,8,16,S/B,9034
2020-07-17,84,19:51:00,Friday,Sheppard at Yatescastle,Investigation,8,16,W/B,3641
2020-07-17,29,20:00:00,Friday,Wilson station,Diversion,395,405,B/W,
2020-07-17,43,20:00:00,Friday,Kennedy and Steeles,Diversion,95,105,N/B,
2020-07-17,53,20:09:00,Friday,Steeles and Kennedy,Diversion,39,44,W/B,3472
2020-07-17,37,20:15:00,Friday,Islington and Summitcrest,Investigation,1,1,N/B,8050
2020-07-17,133,20:30:00,Friday,Ellesmere and Bellamy,Investigation,9,18,E/B,3428
2020-07-17,900,20:35:00,Friday,Kipling station,Mechanical,10,20,N/B,8608
2020-07-17,55,21:34:00,Friday,Old Dundas and Varsity,Investigation,30,60,S/B,8027
2020-07-17,36,22:06:00,Friday,Finch and Arrow road,Mechanical,8,16,EB,3627
2020-07-17,71,22:30:00,Friday,Mt Dennis,Utilized Off Route,20,40,N/B,1089
2020-07-17,52,22:40:00,Friday,Lawrence at Keele,Mechanical,11,22,E/B,8130
2020-07-17,112,22:42:00,Friday,Rentfort Station,Utilized Off Route,30,60,EB,3448
2020-07-17,900,22:45:00,Friday,Terminal 1,Investigation,10,20,S/B,3445
2020-07-17,9,22:49:00,Friday,Bellamy and Eglinton,Investigation,30,60,N/B,8599
2020-07-17,110,23:33:00,Friday,Islington and Lakeshore,Mechanical,3,60,N/B,8043
2020-07-17,29,23:54:00,Friday,Exibition loop,Mechanical,8,17,N/B,1006
2020-07-18,28,00:30:00,Saturday,Davisville Station,Mechanical,60,60,S/B,8120
2020-07-18,96,01:06:00,Saturday,keele,Investigation,20,40,S/B,
2020-07-18,320,02:07:00,Saturday,Steeles & Yonge,Utilized Off Route,4,7,W/B,8377
2020-07-18,32,05:20:00,Saturday,Eglinton Stn,Late Leaving Garage - Mechanical,25,47,N/B,1590
2020-07-18,79,05:24:00,Saturday,Runnymede Stn,Late Leaving Garage - Mechanical,25,50,N/B,1281
2020-07-18,11,05:26:00,Saturday,Wilson Garage,Late Leaving Garage - Operator,1,1,E/B,8167
2020-07-18,106,05:29:00,Saturday,Wilson Garage,Late Leaving Garage - Operator,1,1,E/B,8145
2020-07-18,163,05:36:00,Saturday,Wilson Garage,Late Leaving Garage - Mechanical,1,1,E/B,8203
2020-07-18,52,06:00:00,Saturday,Wislon Garage,Late Leaving Garage - Operator,1,1,E/B,1390
2020-07-18,113,06:00:00,Saturday,St.Clair and Danforth,Diversion,336,366,N/B,9200
2020-07-18,22,06:15:00,Saturday,Victoria Park and Kingston,Diversion,1,1,E/B,8590
2020-07-18,54,06:20:00,Saturday,Eglinton STN,Mechanical,20,40,E/B,8909
2020-07-18,39,06:20:00,Saturday,Midland and Finch,Diversion,60,74,B/W,1312
2020-07-18,9,06:35:00,Saturday,Warden Station,Vision,25,25,N/B,8562
2020-07-18,53,06:41:00,Saturday,Finch stn,Investigation,10,20,E/B,1312
2020-07-18,57,06:59:00,Saturday,Midland Ave/Finch Ave E,Diversion,15,37,S/B,
2020-07-18,39,07:15:00,Saturday,Finch and McCowan,Mechanical,14,28,B/W,9085
2020-07-18,14,08:27:00,Saturday,Glencain Station,Mechanical,20,40,E/B,1606
2020-07-18,34,09:07:00,Saturday,Eglinton and Redpath,Investigation,9,18,E/B,8658
2020-07-18,9,09:19:00,Saturday,Warden Station,Mechanical,23,46,N/B,9206
2020-07-18,54,09:56:00,Saturday,Brimorton and Orton Park,Investigation,20,40,E/B,8850
2020-07-18,88,10:30:00,Saturday,St. Clair Station,Investigation,20,40,E/B,8198
2020-07-18,45,10:39:00,Saturday,Kipling Station,Utilized Off Route,10,20,N/B,8024
2020-07-18,1,10:40:00,Saturday,St. Clair and Yonge,Utilized Off Route,1,1,E/B,1375
2020-07-18,100,11:40:00,Saturday,Wynford and Concorde,Investigation,9,18,S/B,8888
2020-07-18,108,12:03:00,Saturday,Driftwood & Cobbler,Investigation,8,16,S/B,3704
2020-07-18,94,12:22:00,Saturday,Ossington Station,Mechanical,13,26,E/B,1121
2020-07-18,52,12:25:00,Saturday,Law. W Stn,Investigation,7,17,W/B,8100
2020-07-18,60,12:36:00,Saturday,Signalhill / Steeles,Vision,10,20,E/B,3242
2020-07-18,95,12:50:00,Saturday,yorkmills/  Victoria park,Mechanical,10,20,,3463
2020-07-18,53,13:10:00,Saturday,Markham Road,Mechanical,5,10,W/B,9075
2020-07-18,36,13:15:00,Saturday,Finch stn,Mechanical,5,10,W/B,3204
2020-07-18,71,13:45:00,Saturday,The Queensway and Windermere ave,Mechanical,10,20,N/B,1254
2020-07-18,47,14:06:00,Saturday,"On Yorkdale Road, at Dufferin",Mechanical,10,20,W/B,1086
2020-07-18,32,14:08:00,Saturday,Renforth Station,Mechanical,14,27,E/B,1380
2020-07-18,28,14:10:00,Saturday,Princes' gates,Utilized Off Route,6,9,N/B,1101
2020-07-18,32,14:30:00,Saturday,Keele & Eglinton,Mechanical,9,18,E/B,1025
2020-07-18,52,14:48:00,Saturday,Airport Rd. and Victory Crescent,Mechanical,17,34,E/B,8178
2020-07-18,41,15:04:00,Saturday,Keele & Eglinton,Mechanical,9,17,S/B,1070
2020-07-18,21,15:07:00,Saturday,Brimley Rd/Steeles Ave E,Mechanical,15,30,S/B,3500
2020-07-18,41,15:22:00,Saturday,Keele & Clearview Heights,Investigation,9,18,S/B,1325
2020-07-18,1,15:30:00,Saturday,LAWRENCE STATION,Mechanical,0,0,N/B,1226
2020-07-18,1,15:40:00,Saturday,YORK MILLS STATION,Mechanical,0,0,N/B,3426
2020-07-18,32,15:42:00,Saturday,Pine & Lawrence,Mechanical,9,18,E/B,3727
2020-07-18,43,15:45:00,Saturday,Kennedy Rd/Sheppard Ave E,Diversion,20,30,S/B,
2020-07-18,554,15:51:00,Saturday,Law RT Station,Mechanical,21,42,E/B,8937
2020-07-18,52,15:54:00,Saturday,Waterbury and Martin Grove,Mechanical,14,28,E/B,8164
2020-07-18,1,15:55:00,Saturday,LAWRENCE STATION,Mechanical,0,0,N/B,3400
2020-07-18,63,16:02:00,Saturday,Oakwood loop,Mechanical,5,10,S/B,1211
2020-07-18,94,16:40:00,Saturday,Castle Frank Station,Mechanical,13,26,W/B,1618
2020-07-18,108,16:54:00,Saturday,Finch and Driftwood,Mechanical,8,16,S/B,3244
2020-07-18,116,17:15:00,Saturday,Morningside and Nightstar,Mechanical,7,15,S/B,8852
2020-07-18,63,17:19:00,Saturday,Ossington stn,Utilized Off Route,5,10,S/B,8149
2020-07-18,41,17:25:00,Saturday,Pioneer Village Station,Mechanical,8,17,S/B,1133
2020-07-18,95,17:38:00,Saturday,Ellesmere and Midland,Diversion,18,32,W/B,
2020-07-18,1,17:45:00,Saturday,YORK MILLS & YONGE ST,Mechanical,0,0,N/B,1234
2020-07-18,123,17:45:00,Saturday,Sherway Gardens,Investigation,20,40,N/B,8616
2020-07-18,927,17:47:00,Saturday,Steeles and Martin Grove Loop,Late Leaving Garage - Operator,10,20,S/B,9999
2020-07-18,24,17:53:00,Saturday,Victoria Park Station,Mechanical,7,15,N/B,3147
2020-07-18,129,18:28:00,Saturday,Major Mackenzie and Ridgecrest,Mechanical,30,60,S/B,1652
2020-07-18,24,18:29:00,Saturday,Victoria Park Stn,Utilized Off Route,7,15,N/B,8469
2020-07-18,165,18:30:00,Saturday,Wilson Station,Mechanical,9,18,EB,3709
2020-07-18,52,18:37:00,Saturday,Kipling and Westway,Mechanical,8,17,W/B,1216
2020-07-18,43,18:48:00,Saturday,Kennedy Station,Mechanical,10,20,N/B,8709
2020-07-18,47,19:04:00,Saturday,"On Lansdowne, at Queen",Mechanical,10,20,N/B,1054
2020-07-18,52,19:28:00,Saturday,Lawrence West Station,Management,9,17,E/B,8100
2020-07-18,36,19:34:00,Saturday,Finch West Station,Mechanical,5,10,WB,3325
2020-07-18,63,19:55:00,Saturday,Dundas,Mechanical,8,16,S/B,8376
2020-07-18,32,20:27:00,Saturday,Keele,Diversion,8,16,S/B,1521
2020-07-18,42,20:36:00,Saturday,Finch Station,Mechanical,16,32,EB,8380
2020-07-18,22,20:45:00,Saturday,Kingston & Waverly,Mechanical,10,20,E/B,8555
2020-07-18,47,20:56:00,Saturday,Lansdowne and Dundas,Diversion,31,51,W/B,
2020-07-18,32,21:20:00,Saturday,Todd Baylis,Diversion,36,56,S/B,1140
2020-07-18,73,21:25:00,Saturday,Larose and Timothy,Emergency Services,30,60,N/B,8606
2020-07-18,46,21:43:00,Saturday,Steeles and Martin Grove Loop,Late Leaving Garage - Mechanical,25,50,S/B,3228
2020-07-18,34,23:16:00,Saturday,Concorde Place,Mechanical,21,42,S/B,8848
2020-07-18,43,23:18:00,Saturday,Kennedy Station,Investigation,10,20,N/B,8650
2020-07-18,86,23:43:00,Saturday,Meadowvale and Generation,Diversion,94,104,S/B,
2020-07-18,14,23:52:00,Saturday,Chaplin Crescent and Tarlton Rd,Mechanical,20,40,S/B,1011
2020-07-19,67,01:10:00,Sunday,St.Clair and Pharmacy,Investigation,1,1,N/B,8740
2020-07-19,34,01:48:00,Sunday,Eglinton and Lebovic Ave,Mechanical,25,40,E/B,8741
2020-07-19,334,02:15:00,Sunday,Eglinton Station,Mechanical,30,60,E/B,8777
2020-07-19,341,02:35:00,Sunday,Keele & Nashville,Diversion,95,105,S,1056
2020-07-19,395,02:51:00,Sunday,McCowan and Ellesmere Rd,Mechanical,30,60,E/B,1225
2020-07-19,334,03:15:00,Sunday,Eglinton Station,Mechanical,30,60,E/B,8806
2020-07-19,6,05:40:00,Sunday,Lower Jarvis and Queen Quay,Investigation,30,60,W/B,1133
2020-07-19,320,06:40:00,Sunday,Gerrard to Queen Street On Yonge,Diversion,120,123,S/B,9036
2020-07-19,36,07:09:00,Sunday,Finch / Islington,Investigation,8,18,W/B,3176
2020-07-19,129,07:48:00,Sunday,McCowan Rd/Steeles Ave E (Loop),Late Leaving Garage - Mechanical,12,24,S/B,9070
2020-07-19,16,07:49:00,Sunday,Warden Station,Mechanical,17,34,N/B,3137
2020-07-19,123,08:04:00,Sunday,LONG BRANCH LOOP,Late Leaving Garage - Mechanical,20,40,N/B,8020
2020-07-19,116,08:14:00,Sunday,Morningside Ave/McLevin Ave,Mechanical,10,20,S/B,8703
2020-07-19,42,08:15:00,Sunday,Finch stn,Utilized Off Route,16,32,E/B,8355
2020-07-19,125,08:20:00,Sunday,Drewry / Norwin,Investigation,30,60,E/B,8124
2020-07-19,125,08:34:00,Sunday,Drewry / Norwin,Diversion,226,256,E/B,8124
2020-07-19,83,08:45:00,Sunday,Myrtle/Jones,Diversion,15,30,B/W,8504
2020-07-19,12,08:53:00,Sunday,Victoria Park Station,Mechanical,15,30,E/B,3172
2020-07-19,43,08:54:00,Sunday,Kennedy STN,Utilized Off Route,10,20,N/B,8640
2020-07-19,86,09:07:00,Sunday,Kennedy STN,Utilized Off Route,8,16,E/B,8739
2020-07-19,6,09:14:00,Sunday,Bay and Bloor,Investigation,17,39,S/B,1133
2020-07-19,111,10:02:00,Sunday,KIPLING STN,Mechanical,17,34,N/B,8078
2020-07-19,163,10:08:00,Sunday,lawrence wstn,Mechanical,11,22,S/B,8311
2020-07-19,25,10:13:00,Sunday,Pape Station,Utilized Off Route,10,20,N/B,8751
2020-07-19,116,10:52:00,Sunday,Kennedy STN,Investigation,8,16,E/B,8734
2020-07-19,53,11:00:00,Sunday,Steeles / Middlefield,Utilized Off Route,9,18,E/B,9006
2020-07-19,102,11:10:00,Sunday,Warden Station,Mechanical,10,20,N/B,3166
2020-07-19,123,11:30:00,Sunday,KIPLING STN,Mechanical,20,40,S/B,8412
2020-07-19,32,11:30:00,Sunday,Emmett & Verona,Utilized Off Route,30,60,E/B,1082
2020-07-19,120,11:30:00,Sunday,wilson stn,Mechanical,30,60,E/B,3231
2020-07-19,125,11:56:00,Sunday,Antibis / Bathurst,Late Leaving Garage - Mechanical,15,30,E/B,8310
2020-07-19,87,12:00:00,Sunday,"On Secord, at Barrington",Investigation,10,20,W/B,8473
2020-07-19,45,12:00:00,Sunday,KIPLING STN,Utilized Off Route,9,18,N/B,8055
2020-07-19,32,12:01:00,Sunday,Keele & Eglinton,Investigation,10,30,W/B,1614
2020-07-19,52,12:05:00,Sunday,Law. West Stn.,Mechanical,15,31,W/B,8939
2020-07-19,32,12:24:00,Sunday,Renforth Station,Mechanical,10,20,E/B,1000
2020-07-19,100,12:26:00,Sunday,Broadview Station,Utilized Off Route,10,20,S/B,8656
2020-07-19,63,12:29:00,Sunday,oakwood loop,Mechanical,8,16,S/B,8157
2020-07-19,29,13:09:00,Sunday,Princes' gate,Mechanical,4,9,N/B,9049
2020-07-19,53,13:18:00,Sunday,Markharm,Mechanical,5,10,W/B,9059
2020-07-19,36,13:30:00,Sunday,Finch / Hwy 27,Mechanical,6,12,E/B,3576
2020-07-19,189,13:45:00,Sunday,ST CLAIR AND COBELT,Diversion,1,1,B/W,
2020-07-19,163,13:48:00,Sunday,lawrence wstn,Mechanical,11,22,S/B,1251
2020-07-19,175,14:00:00,Sunday,Bluffers Park Beach Loop,General Delay,20,35,N/B,
2020-07-19,123,14:54:00,Sunday,LONG BRANCH LOOP,Mechanical,20,40,N/B,8050
2020-07-19,74,15:00:00,Sunday,St Clair Station,Mechanical,18,36,E/B,8136
2020-07-19,113,15:13:00,Sunday,Kennedy Station,Mechanical,20,40,W/B,8575
2020-07-19,11,15:15:00,Sunday,Bayview & garnier park,Mechanical,30,60,E/B,8163
2020-07-19,96,15:15:00,Sunday,humberline dr,Mechanical,20,40,E/B,3342
2020-07-19,60,15:23:00,Sunday,Yonge / Cummer,Mechanical,10,20,W/B,3624
2020-07-19,96,15:54:00,Sunday,weston / walsh,Mechanical,10,20,E/B,3342
2020-07-19,52,16:09:00,Sunday,Law. W. Stn,Mechanical,14,28,E/B,8395
2020-07-19,1,16:15:00,Sunday,YONGE & GRAIGHURT,Investigation,3,6,S/B,8038
2020-07-19,116,16:42:00,Sunday,Kennedy Station,Mechanical,6,13,E/B,8737
2020-07-19,163,16:52:00,Sunday,Lawrence Stn,Mechanical,11,22,S/B,1251
2020-07-19,41,17:08:00,Sunday,Keele & Finch,Investigation,11,22,S/B,1002
2020-07-19,45,17:23:00,Sunday,Kipling station,Mechanical,10,20,N/B,8602
2020-07-19,39,17:23:00,Sunday,Markharm,Mechanical,5,10,W/B,3403
2020-07-19,43,17:25:00,Sunday,Scarborough Town Centre,Utilized Off Route,15,30,S/B,8901
2020-07-19,46,17:30:00,Sunday,Martin Grove and Westway,Mechanical,17,34,S/B,3247
2020-07-19,89,17:30:00,Sunday,Weston and Lawrence,Mechanical,10,20,S/B,1005
2020-07-19,29,18:01:00,Sunday,Dufferin & Lawrence,Utilized Off Route,4,8,S/B,
2020-07-19,54,18:12:00,Sunday,Beechgrove and Lawrence,Diversion,427,438,B/W,
2020-07-19,9,18:40:00,Sunday,Warden Station,Mechanical,2,43,N/B,8499
2020-07-19,36,18:44:00,Sunday,Humberwood drive and Topbank,Mechanical,5,10,WB,3709
2020-07-19,131,19:16:00,Sunday,Sewells and Morningview,Mechanical,26,52,S/B,1336
2020-07-19,11,20:00:00,Sunday,Davisville Station,Mechanical,24,48,S/B,8369
2020-07-19,116,20:34:00,Sunday,Morningside and Ellesmere,Investigation,8,16,S/B,8939
2020-07-19,116,20:43:00,Sunday,Morningside and Ellesmere,Investigation,8,16,S/B,8737
2020-07-19,73,22:25:00,Sunday,Albion and Kipling,Mechanical,20,40,S/B,8094
2020-07-19,29,22:36:00,Sunday,Exibition loop,Mechanical,1,1,N/B,9136
2020-07-20,320,02:18:00,Monday,Yonge Street and Steeles Ave,Utilized Off Route,15,30,S/B,8352
2020-07-20,320,04:45:00,Monday,Yonge Street/ Sheppard Ave. W,Investigation,4,8,N/B,1226
2020-07-20,302,05:07:00,Monday,Markham/Steeles,Mechanical,31,31,S/B,3134
2020-07-20,86,05:11:00,Monday,Meadowvale & Sheppard,Late Leaving Garage - Management,17,34,S/B,8926
2020-07-20,67,05:16:00,Monday,Danforth & Victoria Park,Late Leaving Garage - Management,24,24,N/B,8756
2020-07-20,110,05:18:00,Monday,Long Branch Loop,Late Leaving Garage - Mechanical,9,19,N/B,8010
2020-07-20,116,05:20:00,Monday,Eglinton & Kennedy,Late Leaving Garage - Operator,9,21,E/B,8749
2020-07-20,134,05:31:00,Monday,Tapscott and Crowtrail,Mechanical,18,36,N/B,3409
2020-07-20,20,05:50:00,Monday,Main Street Station,Mechanical,20,40,S/B,8500
2020-07-20,34,05:55:00,Monday,Kennedy Station,Late Leaving Garage - Mechanical,6,13,W/B,8740
2020-07-20,39,05:55:00,Monday,on Finch Ave East at McCowan Rd,Mechanical,5,7,WB,9080
2020-07-20,169,06:00:00,Monday,STC,Mechanical,30,60,W/B,8160
2020-07-20,117,06:02:00,Monday,Sheppard West Station,Mechanical,0,0,N/B,1388
2020-07-20,90,06:25:00,Monday,St Clair/Bathurst,Mechanical,8,15,W/B,8200
2020-07-20,54,06:38:00,Monday,Eglinton Station,Late Leaving Garage - Operator,10,20,E/B,8632
2020-07-20,68,06:51:00,Monday,Warden station,Utilized Off Route,17,24,N/B,8738
2020-07-20,122,06:53:00,Monday,York Mills Station,Mechanical,11,22,E/B,1371
2020-07-20,76,07:00:00,Monday,Lake Shore/Royal York,Utilized Off Route,18,24,N/B,7947
2020-07-20,52,07:00:00,Monday,BRAECREST/ THE WESTWAY,Diversion,999,999,B/W,
2020-07-20,44,07:02:00,Monday,COL SAM SMITH LOOP,Utilized Off Route,7,14,N/B,8444
2020-07-20,160,07:57:00,Monday,Promenade Circle,Investigation,30,60,S/B,8119
2020-07-20,600,08:00:00,Monday,Parkington Cresent and Ellesmere,Mechanical,1,1,E/B,3552
2020-07-20,75,08:10:00,Monday,Lower Sherbourne and Esplanade,Investigation,7,13,S/B,8207
2020-07-20,94,08:43:00,Monday,Wellesley and Parliament,Diversion,112,127,S/B,3732
2020-07-20,36,09:15:00,Monday,Finch West stn,Mechanical,5,11,W/B,9116
2020-07-20,133,09:23:00,Monday,Scarborough Town Centre,Utilized Off Route,11,22,E/B,3554
2020-07-20,41,09:28:00,Monday,Keele Station,Late Leaving Garage - Mechanical,1,2,N/B,9024
2020-07-20,133,09:31:00,Monday,Morningside and Finch,Utilized Off Route,11,22,E/B,3464
2020-07-20,95,09:45:00,Monday,Ellesmere Stn Station,Mechanical,20,40,W/B,1339
2020-07-20,133,09:45:00,Monday,Scarborough Town Centre,Utilized Off Route,11,22,E/B,3416
2020-07-20,16,09:57:00,Monday,Warden Station,Utilized Off Route,13,26,N/B,3121
2020-07-20,29,09:58:00,Monday,Dufferin and Lawrence,Mechanical,7,14,N/B,9050
2020-07-20,133,10:07:00,Monday,Scarborough Town Centre,Utilized Off Route,11,22,E/B,3568
2020-07-20,94,10:08:00,Monday,Castle Frank Station,Mechanical,15,30,S/B,3732
2020-07-20,42,10:10:00,Monday,Finch station,Investigation,13,26,E/B,8309
2020-07-20,42,10:10:00,Monday,Finch station,Investigation,13,26,E/B,8204
2020-07-20,51,10:14:00,Monday,Eglinton Station,Mechanical,27,54,E/B,8357
2020-07-20,133,10:29:00,Monday,Scarbrough Town Centre,Utilized Off Route,11,22,E/B,8738
2020-07-20,80,10:37:00,Monday,Sherway Gardens Mall,Mechanical,20,40,W/B,8071
2020-07-20,75,10:43:00,Monday,South Drive and Glen,Utilized Off Route,10,19,S/B,8390
2020-07-20,36,10:50:00,Monday,FINCH/ARROW,Mechanical,5,11,W/B,9132
2020-07-20,133,10:51:00,Monday,Scarborough Town Centre,Utilized Off Route,11,22,E/B,3444
2020-07-20,133,11:13:00,Monday,Scaroborugh Town Centre,Utilized Off Route,11,22,E/B,3484
2020-07-20,16,11:15:00,Monday,Warden Station,Utilized Off Route,13,26,N/B,8548
2020-07-20,36,11:38:00,Monday,Humberwood Loop,Vision,5,10,E/B,9110
2020-07-20,25,11:57:00,Monday,Pape stn,Mechanical,10,20,S/B,8678
2020-07-20,162,12:30:00,Monday,LAWRENCE STATION,Mechanical,30,60,E/B,8154
2020-07-20,35,13:00:00,Monday,jane and wilson,Mechanical,7,14,N/B,3624
2020-07-20,111,13:11:00,Monday,WEST DEANE AND EAST MALL,Mechanical,16,32,N/B,8024
2020-07-20,56,13:30:00,Monday,eglinton station,Mechanical,20,40,E/B,1317
2020-07-20,49,13:30:00,Monday,KIPLING STN,Mechanical,12,24,N/B,7973
2020-07-20,54,14:00:00,Monday,lawrence stn,Vision,13,26,E/B,8949
2020-07-20,39,14:14:00,Monday,Neilson Rd and Crow Trail,Late Leaving Garage - Operator,2,4,W/B,3511
2020-07-20,35,14:15:00,Monday,pioneer village station,Mechanical,7,14,S/B,3588
2020-07-20,95,14:17:00,Monday,York Mills Station,Late Leaving Garage - Mechanical,11,22,E/B,1238
2020-07-20,95,14:19:00,Monday,Parkwoods & Brookbanks,Investigation,20,40,E/B,3482
2020-07-20,79,14:26:00,Monday,mount dennis garage,Late Leaving Garage - Mechanical,14,29,S/B,1266
2020-07-20,54,14:30:00,Monday,eglinton station,Mechanical,13,26,E/B,8848
2020-07-20,16,14:32:00,Monday,Warden Station,Late Leaving Garage - Operator,10,20,N/B,
2020-07-20,131,14:37:00,Monday,Morningview Trail and Morningside Ave,Late Leaving Garage - Operator,11,13,E/B,3491
2020-07-20,32,14:38:00,Monday,Keele and Eglinton,Mechanical,11,22,W/B,3731
2020-07-20,39,14:42:00,Monday,Neilson Rd and Crow Trail,Late Leaving Garage - Operator,6,12,W/B,3443
2020-07-20,24,15:00:00,Monday,Victoria Park/Eglinton,Mechanical,24,33,N/B,8558
2020-07-20,35,15:13:00,Monday,arrow garage,Late Leaving Garage - Mechanical,12,12,S/B,3708
2020-07-20,34,15:16:00,Monday,Kennedy Station,Mechanical,6,12,W/B,8695
2020-07-20,39,15:17:00,Monday,Neilson Rd and Crow Trail,Late Leaving Garage - Operator,1,1,W/B,1207
2020-07-20,60,15:21:00,Monday,PVST,Mechanical,9,18,E/B,3291
2020-07-20,102,15:23:00,Monday,Centennial College,Diversion,446,458,N/B,3149
2020-07-20,112,15:50:00,Monday,Brockport and Belfield,Mechanical,24,48,N/B,8092
2020-07-20,34,15:51:00,Monday,Kennedy Station,Late Leaving Garage - Management,17,34,W/B,8716
2020-07-20,32,15:53:00,Monday,Eglinton Station,Late Leaving Garage - Operator,10,20,W/B,1361
2020-07-20,25,16:01:00,Monday,Don Mills and Lawrence,Mechanical,6,12,SB,8703
2020-07-20,86,16:05:00,Monday,Lawrence and Morningside,Investigation,16,32,W/B,8780
2020-07-20,102,16:10:00,Monday,Warden Station,Late Leaving Garage - Operator,22,44,N/B,
2020-07-20,86,16:15:00,Monday,Coronation Blvd,Mechanical,16,32,W/B,8760
2020-07-20,52,16:22:00,Monday,Airport and Silver Dart,Diversion,65,72,B/W,8121
2020-07-20,133,16:34:00,Monday,Morningside and Finch,Mechanical,8,15,S/B,1308
2020-07-20,35,16:45:00,Monday,jane and sheppard,Mechanical,4,15,N/B,3591
2020-07-20,52,16:48:00,Monday,Lawrence West Station,Mechanical,16,32,W/B,8347
2020-07-20,11,16:49:00,Monday,Steeles / Bayview,Late Leaving Garage - Mechanical,15,30,S/B,1250
2020-07-20,54,16:50:00,Monday,Lawrence and Don Mills,Mechanical,12,24,E/B,8776
2020-07-20,63,16:53:00,Monday,Ossington Station,Utilized Off Route,5,10,N/B,8215
2020-07-20,15,17:40:00,Monday,Royal york and queensway,Mechanical,16,32,S/B,7915
2020-07-20,63,18:15:00,Monday,Atlantic and King,Utilized Off Route,5,10,N/B,8311
2020-07-20,9,18:31:00,Monday,St.Clair and Warden,Mechanical,21,42,W/B,8486
2020-07-20,927,18:35:00,Monday,Humber College,Investigation,10,20,N/B,3314
2020-07-20,89,18:37:00,Monday,"On Weston Road, at Albion",Mechanical,11,22,E/B,9030
2020-07-20,52,18:54:00,Monday,Westwood Mall,Diversion,27,47,W/B,8342
2020-07-20,52,18:54:00,Monday,Westwood mall,Diversion,41,52,B/W,
2020-07-20,52,18:54:00,Monday,Westwood mall,Diversion,12,23,E/B,8172
2020-07-20,52,18:54:00,Monday,Westwood mall,Diversion,11,28,W/B,1309
2020-07-20,129,19:02:00,Monday,Mccowan and Milner,Mechanical,22,42,N/B,1335
2020-07-20,24,19:12:00,Monday,Victoria Park and Finch,Investigation,9,28,S/B,8581
2020-07-20,25,19:14:00,Monday,Freshmeadow and Don Mills,Investigation,9,18,NB,8677
2020-07-20,47,20:19:00,Monday,yorkdale station,Mechanical,20,40,S/B,1359
2020-07-20,80,21:07:00,Monday,High Park Station,Mechanical,20,40,W/B,8050
2020-07-20,52,21:12:00,Monday,Goreway and Morning star,Diversion,102,109,B/W,
2020-07-20,110,21:26:00,Monday,Islington and Birmingham,Mechanical,21,42,N/B,7950
2020-07-20,169,21:35:00,Monday,Sheppard and Milner,Mechanical,30,60,W/B,8320
2020-07-20,35,22:16:00,Monday,Pioneer Village Station,Investigation,9,18,N/B,3196
2020-07-20,40,22:54:00,Monday,Dundas and Keele,Diversion,20,40,E/B,8017
2020-07-20,86,23:08:00,Monday,Kingston and Military Trail,Investigation,15,30,E/B,8926
2020-07-21,600,01:52:00,Tuesday,Kennedy Station,Mechanical,1,1,B/W,3478
2020-07-21,320,02:28:00,Tuesday,Yonge Street and Steeles Ave,Utilized Off Route,5,8,S/B,8853
2020-07-21,116,04:48:00,Tuesday,Morningside & Staines,Late Leaving Garage - Operator,15,15,N/B,8624
2020-07-21,34,05:00:00,Tuesday,Eglinton & Brimley,Late Leaving Garage - Management,15,15,W/B,8750
2020-07-21,320,05:05:00,Tuesday,Yonge and Elmwood,Mechanical,15,30,N/B,8160
2020-07-21,91,05:05:00,Tuesday,Cassandra & Underhill,Late Leaving Garage - Vision,24,24,N/B,8868
2020-07-21,31,05:28:00,Tuesday,Greenwood and Danforth,Diversion,1,1,N/B,9220
2020-07-21,95,05:37:00,Tuesday,Kingston Road Loop,Mechanical,8,16,W/B,1225
2020-07-21,73,05:42:00,Tuesday,Royal York Station,Late Leaving Garage - Management,17,34,W/B,7967
2020-07-21,50,05:48:00,Tuesday,Mill Road Loop,Late Leaving Garage - Management,18,30,E/B,8034
2020-07-21,54,06:00:00,Tuesday,Starspray Loop,Late Leaving Garage - Management,12,24,W/B,8860
2020-07-21,52,06:00:00,Tuesday,BRAECREST/ THE WESTWAY,Diversion,999,999,B/W,
2020-07-21,29,06:01:00,Tuesday,Dufferin and McAdam,Investigation,6,12,S/B,9038
2020-07-21,97,06:15:00,Tuesday,Davisville Station,Mechanical,30,60,N/B,8160
2020-07-21,68,06:16:00,Tuesday,Warden Station,Late Leaving Garage - Mechanical,6,15,N/B,8675
2020-07-21,506,06:18:00,Tuesday,Main Station,Late Leaving Garage - Management,4,8,W/B,8635
2020-07-21,102,06:24:00,Tuesday,Warden Station,Mechanical,23,46,N/B,3136
2020-07-21,927,06:30:00,Tuesday,Arrow Garage,Late Leaving Garage - Mechanical,10,10,N/B,3222
2020-07-21,32,06:35:00,Tuesday,Eglinton stn,Mechanical,12,19,W/B,1272
2020-07-21,41,06:38:00,Tuesday,Keele Station,Mechanical,14,28,N/B,9029
2020-07-21,106,06:59:00,Tuesday,Pioneer Village Station,Mechanical,8,16,S/B,1218
2020-07-21,7,07:02:00,Tuesday,Greenwin Village and Bathurst,Mechanical,8,16,S/B,8154
2020-07-21,21,07:14:00,Tuesday,Scarborough Town Centre,Mechanical,20,37,N/B,1654
2020-07-21,33,07:24:00,Tuesday,St.Clair West Station,Mechanical,26,56,N/B,8314
2020-07-21,63,07:29:00,Tuesday,King/Atlantic,Utilized Off Route,11,17,N/B,8322
2020-07-21,52,07:32:00,Tuesday,LAWRENCE WEST STATION,Vision,17,35,E/B,8343
2020-07-21,42,08:05:00,Tuesday,Finch station,Management,13,26,E/B,8316
2020-07-21,81,08:21:00,Tuesday,Pape stn,Mechanical,7,14,S/B,8475
2020-07-21,20,08:47:00,Tuesday,Main Street STN,Mechanical,20,40,E/B,3122
2020-07-21,6,09:05:00,Tuesday,Bay and King,Investigation,10,20,S/B,1089
2020-07-21,16,09:05:00,Tuesday,Warden Station,Utilized Off Route,13,26,N/B,8595
2020-07-21,39,09:05:00,Tuesday,on Finch Ave East at McCowan Rd,Mechanical,3,7,WB,1398
2020-07-21,39,09:15:00,Tuesday,Finch Station,Mechanical,1,1,EB,1377
2020-07-21,600,09:19:00,Tuesday,Finch station,Mechanical,1,1,E/B,1201
2020-07-21,133,09:23:00,Tuesday,Scarborough Town Centre,Utilized Off Route,11,22,N/B,3548
2020-07-21,133,09:32:00,Tuesday,Morningside and Finch,Utilized Off Route,11,22,N/B,3533
2020-07-21,102,09:35:00,Tuesday,Warden Station,Utilized Off Route,20,30,N/B,8501
2020-07-21,52,09:43:00,Tuesday,LAWRENCE STATION,Mechanical,7,15,E/B,1220
2020-07-21,133,09:45:00,Tuesday,Scarborough Town Centre,Utilized Off Route,11,22,N/B,3549
2020-07-21,36,10:00:00,Tuesday,Route 36,General Delay,10,15,B/W,
2020-07-21,102,10:05:00,Tuesday,Warden Station,Utilized Off Route,20,30,N/B,8598
2020-07-21,133,10:07:00,Tuesday,Scarborough Town Centre,Utilized Off Route,11,22,N/B,3557
2020-07-21,36,10:14:00,Tuesday,Humberwood loop,Investigation,5,10,E/B,9110
2020-07-21,16,10:23:00,Tuesday,Warden Station,Utilized Off Route,13,26,N/B,8538
2020-07-21,133,10:29:00,Tuesday,Scarborough Town Centre,Utilized Off Route,11,22,N/B,3524
2020-07-21,60,10:50:00,Tuesday,Finch station,Mechanical,10,20,W/B,3313
2020-07-21,133,10:51:00,Tuesday,Scarborough Town Centre,Utilized Off Route,11,22,N/B,3563
2020-07-21,41,11:04:00,Tuesday,Keele Station,Mechanical,12,24,N/B,1140
2020-07-21,24,11:10:00,Tuesday,Victoria Park and Steeles Loop,Mechanical,10,20,S/B,8408
2020-07-21,133,11:13:00,Tuesday,Scarborough Town Centr,Utilized Off Route,11,22,E/B,3471
2020-07-21,135,11:24:00,Tuesday,Gerrard and Blantyre Ave,Mechanical,20,40,E/B,8471
2020-07-21,102,12:25:00,Tuesday,Warden station,Utilized Off Route,10,20,N/B,8960
2020-07-21,52,13:15:00,Tuesday,LAWRENCE/JANE,Mechanical,15,30,W/B,8178
2020-07-21,12,13:19:00,Tuesday,Victoeia Park and Gerrard,Diversion,54,12,S/B,3154
2020-07-21,135,13:20:00,Tuesday,Gerrard and Victoria park,Diversion,20,40,E/B,
2020-07-21,35,13:23:00,Tuesday,Treatheway and jane,Investigation,7,14,N/B,3332
2020-07-21,165,13:56:00,Tuesday,Barmac and Steeles,Utilized Off Route,12,24,S/B,3588
2020-07-21,110,14:25:00,Tuesday,Islington at Lakeshore,Utilized Off Route,12,24,N/B,8600
2020-07-21,95,14:44:00,Tuesday,VOID,Late Leaving Garage - Mechanical,1,1,W/B,3506
2020-07-21,38,14:50:00,Tuesday,Rouge Hill Go station,Late Leaving Garage - Operator,10,20,W/B,
2020-07-21,169,14:52:00,Tuesday,Don Mills Station,Mechanical,30,60,E/B,8383
2020-07-21,66,14:55:00,Tuesday,Old Mill Station,Late Leaving Garage - Mechanical,18,27,S/B,7944
2020-07-21,32,15:05:00,Tuesday,Dufferin and Eglinton,Investigation,11,22,E/B,1084
2020-07-21,37,15:06:00,Tuesday,Rexdale at Queens Plate,Investigation,23,46,S/B,8092
2020-07-21,45,15:20:00,Tuesday,Attwell dr. at Disco Rd.,Late Leaving Garage - Operator,16,33,S/B,
2020-07-21,102,15:23:00,Tuesday,Centennial College,Diversion,446,458,N/B,3107
2020-07-21,88,15:28:00,Tuesday,Thorncliffe park / Overlea Blvd,Mechanical,15,30,E/B,1319
2020-07-21,7,15:29:00,Tuesday,Steeles/Greenwin Village,Mechanical,5,11,S/B,8133
2020-07-21,49,15:40:00,Tuesday,Kipling Station,Investigation,13,26,W/B,8023
2020-07-21,41,15:41:00,Tuesday,Keele/Eglinton,Vision,15,22,N/B,9152
2020-07-21,32,15:44:00,Tuesday,Eglinton Station,Late Leaving Garage - Mechanical,9,18,W/B,1407
2020-07-21,52,16:12:00,Tuesday,Lawrence West Station,Utilized Off Route,16,32,E/B,8182
2020-07-21,70,16:25:00,Tuesday,ST CLAIR AVE EAST AT VICTORIA PARK AVE,Diversion,0,0,E/B,8654
2020-07-21,92,16:28:00,Tuesday,WOODBINE AVE AT CASSELS AVE,Investigation,9,18,N/B,8477
2020-07-21,52,16:30:00,Tuesday,Lawrence Station,Late Leaving Garage - Operator,16,32,W/B,1301
2020-07-21,37,16:33:00,Tuesday,Islington at Rexdale,Investigation,23,46,S/B,7979
2020-07-21,52,17:08:00,Tuesday,Lawrence West Station,Investigation,16,32,E/B,1314
2020-07-21,6,17:16:00,Tuesday,Davenport Rd/Dupont St,Investigation,10,20,S/B,1420
2020-07-21,52,17:30:00,Tuesday,Lawrence West Station,Mechanical,16,32,E/B,8171
2020-07-21,133,17:32:00,Tuesday,Morningside and Finch,Utilized Off Route,7,14,S/B,3533
2020-07-21,85,17:36:00,Tuesday,Don Mills station,Mechanical,7,13,E/B,9016
2020-07-21,37,17:43:00,Tuesday,Islington at Elmhurst,Mechanical,15,30,S/B,8099
2020-07-21,29,17:44:00,Tuesday,Dufferin/Preston,Investigation,7,15,S/B,9050
2020-07-21,35,17:45:00,Tuesday,jane and sheppard,Mechanical,8,12,S/B,40
2020-07-21,52,17:49:00,Tuesday,Lawrence at Keele,Investigation,16,32,W/B,8390
2020-07-21,96,17:50:00,Tuesday,York Mills Station,Mechanical,25,50,W/B,3571
2020-07-21,36,17:53:00,Tuesday,Finch and Driftwood,Investigation,7,14,W/B,3298
2020-07-21,55,17:55:00,Tuesday,Varsity,Investigation,1,1,W/B,7969
2020-07-21,52,17:59:00,Tuesday,Keele at Lawrence,Utilized Off Route,12,12,W/B,1286
2020-07-21,25,18:00:00,Tuesday,PAPE STATION,Mechanical,9,18,N/B,8836
2020-07-21,31,18:10:00,Tuesday,GREENWOOD STATION,Mechanical,9,18,N/B,8472
2020-07-21,163,18:30:00,Tuesday,Ossington Station,Emergency Services,11,22,N/B,8190
2020-07-21,95,18:53:00,Tuesday,Ellesmere Station,Mechanical,10,20,E/B,1311
2020-07-21,161,19:29:00,Tuesday,St Clair W and Oakwood,Mechanical,30,60,W/B,1361
2020-07-21,600,19:30:00,Tuesday,Wilson Garage,Late Leaving Garage - Operator,1,1,W/B,8175
2020-07-21,32,19:40:00,Tuesday,Keele and Eglinton,Diversion,13,23,B/W,
2020-07-21,32,20:11:00,Tuesday,Black Creek and Tretheway,Mechanical,10,20,W/B,1014
2020-07-21,63,20:55:00,Tuesday,Ossington Station,Investigation,8,16,S/B,1296
2020-07-21,40,21:50:00,Tuesday,Abel and Dundas st,Investigation,17,34,E/B,8463
2020-07-21,113,22:17:00,Tuesday,Kennedy Station,Mechanical,20,47,W/B,3162
2020-07-21,45,23:03:00,Tuesday,Kipling station,Utilized Off Route,18,36,N/B,8055
2020-07-21,98,23:06:00,Tuesday,Peckham Ave & Cactus Ave,Mechanical,22,44,N/B,1242
2020-07-22,51,00:26:00,Wednesday,Leslie and Coldwater,Mechanical,30,60,N/B,8388
2020-07-22,14,01:10:00,Wednesday,Chaplin and Duplex,Mechanical,20,20,W/B,1099
2020-07-22,320,01:33:00,Wednesday,Yonge & Eglinton,Mechanical,5,15,W/B,8388
2020-07-22,320,02:28:00,Wednesday,Steeles Loop at Yonge,Utilized Off Route,4,7,S/B,8660
2020-07-22,396,02:44:00,Wednesday,York Mills Station,Mechanical,30,60,W/B,3346
2020-07-22,54,02:45:00,Wednesday,Eglinton and Lillian,Emergency Services,10,20,,8665
2020-07-22,335,04:35:00,Wednesday,Jane Station,Investigation,13,0,N/B,3253
2020-07-22,1,05:00:00,Wednesday,Anywhere,Late Leaving Garage - Operator,1,1,N/B,
2020-07-22,52,05:40:00,Wednesday,Westwood Mall,Mechanical,20,40,E/B,8138
2020-07-22,506,05:40:00,Wednesday,Don Mills & Wynford Drive,Late Leaving Garage - Operator,10,15,W/B,8756
2020-07-22,92,05:41:00,Wednesday,Woodbine stn,Investigation,15,30,S/B,3164
2020-07-22,100,05:44:00,Wednesday,Don Millls & Wynford Drive,Late Leaving Garage - Operator,6,12,S/B,8851
2020-07-22,39,05:56:00,Wednesday,McNicoil Ave and Victoria Park Ave,Late Leaving Garage - Operator,13,26,B/W,
2020-07-22,25,05:56:00,Wednesday,Pape Station,Late Leaving Garage - Mechanical,6,18,N/B,8759
2020-07-22,52,06:00:00,Wednesday,BRAECREST/THE WESTWAY,Diversion,999,999,B/W,
2020-07-22,54,06:03:00,Wednesday,Lawrence and Scarborough Golf Club Rd.,Late Leaving Garage - Mechanical,10,20,E/B,8745
2020-07-22,81,06:09:00,Wednesday,Overlea at Thorncliffe,Mechanical,13,20,S/B,8555
2020-07-22,63,06:22:00,Wednesday,oakwood / eglinton,Mechanical,7,14,S/B,8187
2020-07-22,132,06:32:00,Wednesday,Sewells and Brenyon way,Mechanical,12,25,E/B,3518
2020-07-22,82,06:40:00,Wednesday,Rosedale station,Mechanical,20,40,E/B,8314
2020-07-22,36,06:52:00,Wednesday,Humberwood loop,Mechanical,6,12,E/B,9116
2020-07-22,116,06:55:00,Wednesday,Morningside & Sheppard,Investigation,7,14,N/B,8909
2020-07-22,75,06:57:00,Wednesday,South Dr/ Glen Rd,Utilized Off Route,10,20,S/B,1307
2020-07-22,53,07:05:00,Wednesday,Steeles E & Willowdale,Investigation,6,12,E/B,9080
2020-07-22,63,07:06:00,Wednesday,king / atlantic,Mechanical,6,12,N/B,8140
2020-07-22,38,07:09:00,Wednesday,Ellesmere and Markham,Investigation,12,25,E/B,3480
2020-07-22,36,07:10:00,Wednesday,Finch west stn,Mechanical,6,12,W/B,9132
2020-07-22,122,07:18:00,Wednesday,York Mills at Old Yonge St.,Mechanical,11,22,E/B,8344
2020-07-22,54,07:27:00,Wednesday,Eglinton Station,Late Leaving Garage - Operator,11,22,E/B,8892
2020-07-22,63,07:27:00,Wednesday,king / atlantic,Mechanical,8,16,N/B,1367
2020-07-22,60,07:35:00,Wednesday,Murray Ross and Steeles,Diversion,8,16,W/B,3293
2020-07-22,41,07:52:00,Wednesday,Keele Station,Mechanical,9,18,N/B,9024
2020-07-22,95,07:56:00,Wednesday,Ellesmere LRT Station,Late Leaving Garage - Mechanical,7,14,W/B,3564
2020-07-22,927,08:01:00,Wednesday,Hwy 27 and Humber College Rd,Investigation,5,10,N/B,3336
2020-07-22,85,08:35:00,Wednesday,Don Mills Station,Mechanical,0,0,E/B,9007
2020-07-22,7,08:41:00,Wednesday,Spadina Station,Utilized Off Route,6,12,N/B,1286
2020-07-22,97,08:48:00,Wednesday,Yonge at Bloor,Mechanical,30,60,N/B,8217
2020-07-22,165,09:14:00,Wednesday,yorkmills stn,Mechanical,10,20,W/B,3321
2020-07-22,133,09:23:00,Wednesday,Scarborought Town Center,Utilized Off Route,11,22,N/B,3523
2020-07-22,133,09:31:00,Wednesday,Morningside and Finch,Utilized Off Route,11,22,E/B,3496
2020-07-22,35,09:35:00,Wednesday,Jane Station,Investigation,7,14,N/B,3594
2020-07-22,85,09:35:00,Wednesday,Don Mills Station,Mechanical,8,16,E/B,9089
2020-07-22,133,09:45:00,Wednesday,Scarborouugh Town Centre,Utilized Off Route,11,22,E/B,3509
2020-07-22,133,10:07:00,Wednesday,Scarborough Town Centre,Utilized Off Route,11,22,E/B,3476
2020-07-22,6,10:24:00,Wednesday,Dupont/ Davenport,Mechanical,17,34,S/B,1502
2020-07-22,133,10:29:00,Wednesday,Scarborough Town Centre,Utilized Off Route,11,22,E/B,3496
2020-07-22,52,10:38:00,Wednesday,LAWRENCE STATION,Utilized Off Route,11,14,E/B,1231
2020-07-22,133,10:51:00,Wednesday,Scarborough Town Centre,Utilized Off Route,11,22,E/B,3521
2020-07-22,133,11:13:00,Wednesday,Scarborough Town Centre,Utilized Off Route,11,22,E/B,3562
2020-07-22,25,11:25:00,Wednesday,Don Mills at York Mills,Investigation,10,20,S/B,8772
2020-07-22,52,11:30:00,Wednesday,LAWRENCE/DUFFERIN,Investigation,15,30,E/B,8390
2020-07-22,600,12:30:00,Wednesday,Queensway Garage,Late Leaving Garage - Operator,0,0,B/W,
2020-07-22,96,12:46:00,Wednesday,albion / ormont,Emergency Services,24,48,W/B,3217
2020-07-22,40,12:54:00,Wednesday,"On Dundas, at Dunbloor",Diversion,91,111,B/W,
2020-07-22,85,12:55:00,Wednesday,Sheppard at Birchmount,Investigation,30,60,E/B,3539
2020-07-22,131,13:16:00,Wednesday,Mclevin and Tapscott,Investigation,13,27,W/B,3405
2020-07-22,84,13:23:00,Wednesday,WESTON/BRADSTOCK,Utilized Off Route,8,16,E/B,3315
2020-07-22,84,13:39:00,Wednesday,WESTON/BRADSTOCK,Utilized Off Route,8,16,E/B,3265
2020-07-22,600,14:00:00,Wednesday,Queensway Garage,Late Leaving Garage - Operator,0,0,B/W,
2020-07-22,600,14:00:00,Wednesday,Queensway Garage,Late Leaving Garage - Operator,0,0,B/W,
2020-07-22,60,14:05:00,Wednesday,Pioneer Village,Mechanical,9,18,W/B,3591
2020-07-22,36,14:07:00,Wednesday,Finch stn,Mechanical,6,13,W/B,3649
2020-07-22,123,14:10:00,Wednesday,Sherway Gardens,Late Leaving Garage - Operator,16,0,N/B,
2020-07-22,165,14:15:00,Wednesday,barmac,Mechanical,12,24,S/B,3285
2020-07-22,95,14:30:00,Wednesday,York Mills Station,Mechanical,20,40,E/B,3479
2020-07-22,66,15:03:00,Wednesday,58 Marine Parade Drive,Late Leaving Garage - Operator,10,20,N/B,
2020-07-22,44,15:05:00,Wednesday,Col Sam Smith Loop,Late Leaving Garage - Operator,5,10,N/B,
2020-07-22,161,15:06:00,Wednesday,mt dennis garage,Late Leaving Garage - Mechanical,7,14,S/B,1109
2020-07-22,37,15:13:00,Wednesday,Islington Station,Mechanical,20,40,N/B,8613
2020-07-22,102,15:23:00,Wednesday,Centennial College,Diversion,446,658,N/B,8468
2020-07-22,32,15:27:00,Wednesday,Eglinton Station,Late Leaving Garage - Operator,9,17,W/B,1134
2020-07-22,32,15:29:00,Wednesday,Eglinton Station,Late Leaving Garage - Operator,10,20,W/B,1005
2020-07-22,102,15:31:00,Wednesday,Warden Station,Late Leaving Garage - Operator,3,6,N/B,
2020-07-22,35,15:32:00,Wednesday,arrow garage,Late Leaving Garage - Operator,5,12,S/B,7221
2020-07-22,35,15:40:00,Wednesday,arrow garage,Late Leaving Garage - Operator,12,25,S/B,3333
2020-07-22,37,15:45:00,Wednesday,Islington Station,Investigation,20,40,N/B,8613
2020-07-22,68,16:03:00,Wednesday,Warden and Steeles,Investigation,9,26,S/B,8945
2020-07-22,53,16:05:00,Wednesday,Finch Station,Mechanical,6,12,E/B,9082
2020-07-22,161,16:08:00,Wednesday,Jane and Alliance,Mechanical,23,46,E/B,3730
2020-07-22,29,16:09:00,Wednesday,Dufferin/Dupont,Mechanical,8,15,N/B,9149
2020-07-22,102,16:14:00,Wednesday,Blakemanor,Mechanical,8,16,N/B,8581
2020-07-22,109,16:20:00,Wednesday,Neptune & Bathurst,Mechanical,20,40,N/B,1251
2020-07-22,73,16:35:00,Wednesday,Royal York Station,Mechanical,17,34,N/B,8028
2020-07-22,54,16:40:00,Wednesday,Dunfield and Eglinton,Mechanical,12,24,E/B,8818
2020-07-22,133,17:01:00,Wednesday,Neilson and Ellesmere,Mechanical,8,15,W/B,3521
2020-07-22,32,17:16:00,Wednesday,Emmett and Verona,Mechanical,9,17,E/B,1064
2020-07-22,72,17:19:00,Wednesday,Pape Station,Investigation,10,19,S/B,3112
2020-07-22,25,17:20:00,Wednesday,PAPE STATION,Investigation,6,12,S/B,8887
2020-07-22,52,17:30:00,Wednesday,Lawrence Station,Utilized Off Route,12,12,W/B,8303
2020-07-22,165,18:15:00,Wednesday,Weston & Sheppard,Diversion,521,530,E/B,3704
2020-07-22,102,18:15:00,Wednesday,Warden Station,Mechanical,22,44,N/B,8518
2020-07-22,60,18:28:00,Wednesday,FSTN,Mechanical,9,18,W/B,3311
2020-07-22,84,18:30:00,Wednesday,Sheppard Station,Mechanical,9,19,W/B,3606
2020-07-22,40,18:38:00,Wednesday,Dundas West Station,Mechanical,15,30,W/B,8605
2020-07-22,84,18:40:00,Wednesday,Sheppard at Weston,Diversion,450,465,W/B,
2020-07-22,39,18:42:00,Wednesday,Neilson and Crow Trail,Emergency Services,6,8,W/B,3421
2020-07-22,123,18:44:00,Wednesday,Sherway Gardens,Utilized Off Route,16,19,NB,8053
2020-07-22,7,18:44:00,Wednesday,Spadina Stn,Mechanical,9,15,N/B,8209
2020-07-22,37,19:05:00,Wednesday,Islington at Rowntree Hill,Mechanical,15,30,S/B,8443
2020-07-22,60,19:06:00,Wednesday,Murray Ross and Steeles,Investigation,9,17,W/B,3293
2020-07-22,35,19:23:00,Wednesday,Murray ross and steeles,Diversion,39,46,S/B,
2020-07-22,600,19:30:00,Wednesday,Queensway Garage,Late Leaving Garage - Operator,0,0,B/W,
2020-07-22,108,19:31:00,Wednesday,Steeles/Murray Ross,Diversion,52,63,S/B,3627
2020-07-22,34,19:50:00,Wednesday,Eglinton and Donmills,Mechanical,7,14,W/B,8806
2020-07-22,133,21:19:00,Wednesday,Neilson and Tapscott,Mechanical,9,18,S/B,3562
2020-07-22,165,21:25:00,Wednesday,Rivalda and Sheppard,Mechanical,5,10,E/B,3584
2020-07-22,72,22:55:00,Wednesday,Carlaw & Queen,Diversion,13,31,S/B,3136
2020-07-23,320,01:23:00,Thursday,Steeles Loop at Yonge,Mechanical,20,20,W/B,1223
2020-07-23,384,02:15:00,Thursday,Sheppard & Weston,Diversion,180,210,W/B,3606
2020-07-23,600,02:18:00,Thursday,Pioneer Village Station,Mechanical,1,1,S/B,3459
2020-07-23,320,02:28:00,Thursday,Steeles Loop at Yonge,Utilized Off Route,4,7,W/B,9136
2020-07-23,54,02:45:00,Thursday,Eglington and Lilian,Emergency Services,10,20,W/B,8665
2020-07-23,320,03:41:00,Thursday,Yonge & Steeles,Investigation,4,7,N/B,8559
2020-07-23,165,04:00:00,Thursday,Weston and Sheppard,Diversion,166,184,B/W,3255
2020-07-23,600,04:30:00,Thursday,Queensway Garage,Late Leaving Garage - Operator,1,1,b,
2020-07-23,600,04:30:00,Thursday,Eglinton Garage,Late Leaving Garage - Operator,1,1,E/B,
2020-07-23,600,04:30:00,Thursday,Eglinton Garage,Late Leaving Garage - Management,1,1,E/B,8687
2020-07-23,600,04:30:00,Thursday,Eglinton Garage,Late Leaving Garage - Operator,1,1,E/B,
2020-07-23,84,04:30:00,Thursday,Sheppard and Weston,Diversion,128,143,W/B,
2020-07-23,54,04:50:00,Thursday,Morningside/ Lawrence,Mechanical,36,72,W/B,8674
2020-07-23,52,04:53:00,Thursday,Lawrence and Dufferin,Mechanical,10,20,W/B,8388
2020-07-23,600,05:00:00,Thursday,Queensway Garage,Late Leaving Garage - Operator,1,1,,
2020-07-23,600,05:00:00,Thursday,Eglinton Garage,Late Leaving Garage - Operator,1,1,E/B,
2020-07-23,600,05:00:00,Thursday,Eglinton Garage,Late Leaving Garage - Management,1,1,E/B,8802
2020-07-23,600,05:00:00,Thursday,Eglinton Garage,Late Leaving Garage - Management,1,1,E/B,8715
2020-07-23,54,05:20:00,Thursday,Eglinton Garage,Late Leaving Garage - Operator,1,1,E/B,8683
2020-07-23,110,05:30:00,Thursday,Islington at Lakeshore,Late Leaving Garage - Operator,15,30,N/B,8014
2020-07-23,54,05:38:00,Thursday,Eglinton Garage,Late Leaving Garage - Operator,1,1,E/B,8668
2020-07-23,506,05:44:00,Thursday,Dundas West Station,Late Leaving Garage - Operator,12,23,E/B,7966
2020-07-23,54,05:48:00,Thursday,Eglinton Station,Late Leaving Garage - Vision,13,28,E/B,8824
2020-07-23,54,05:49:00,Thursday,Lawrence and Warden,Mechanical,11,22,E/B,8818
2020-07-23,37,05:52:00,Thursday,Steeles at Islington,Late Leaving Garage - Operator,15,31,S/B,7954
2020-07-23,52,06:00:00,Thursday,BRAECREST/ THE WESTWAY,Diversion,999,999,B/W,
2020-07-23,59,06:02:00,Thursday,Church and Jane ST,Late Leaving Garage - Operator,17,31,W/B,370
2020-07-23,86,06:03:00,Thursday,Kennedy station,Mechanical,10,34,E/B,8846
2020-07-23,100,06:12:00,Thursday,Broadview Station,Mechanical,6,12,N/B,8785
2020-07-23,60,06:18:00,Thursday,Finch station,Late Leaving Garage - Management,8,16,W/B,3584
2020-07-23,116,06:20:00,Thursday,Kennedy Station,Late Leaving Garage - Management,30,30,E/B,8884
2020-07-23,91,06:24:00,Thursday,Cassandra & Underhill,Late Leaving Garage - Management,12,24,N/B,8752
2020-07-23,7,07:17:00,Thursday,Spadina Station,Mechanical,6,12,N/B,1223
2020-07-23,75,07:21:00,Thursday,Sherbourne and Bloor,Mechanical,7,14,S/B,8382
2020-07-23,59,07:27:00,Thursday,Maple Leaf and Culford,Diversion,24,36,W/B,
2020-07-23,59,07:27:00,Thursday,Maple Leaf and Culford,Diversion,12,24,W/B,3605
2020-07-23,59,07:35:00,Thursday,Maple Leaf and Culford,Diversion,12,24,E/B,3705
2020-07-23,52,07:35:00,Thursday,LAWRENCE WEST STATION,Mechanical,8,18,E/B,1346
2020-07-23,34,07:38:00,Thursday,Kennedy Station,Utilized Off Route,8,16,W/B,8827
2020-07-23,91,08:00:00,Thursday,Woodbine stn,Mechanical,12,24,S/B,8725
2020-07-23,52,08:05:00,Thursday,LAWRENCE WEST STATION,Utilized Off Route,3,14,W/B,1293
2020-07-23,52,08:05:00,Thursday,LAWRENCE/DUFFERIN,Mechanical,18,35,W/B,8336
2020-07-23,35,08:05:00,Thursday,Jane and Church,Mechanical,7,14,S/B,3609
2020-07-23,6,08:24:00,Thursday,Avenue Rd-Dupont St,Investigation,10,20,S/B,1145
2020-07-23,85,09:10:00,Thursday,Sheppard and Victoria Park,Mechanical,30,60,E/B,3438
2020-07-23,95,09:22:00,Thursday,Ellesmere RT,Mechanical,10,16,W/B,1327
2020-07-23,133,09:23:00,Thursday,Scarborough Town Centre,Utilized Off Route,11,22,E/B,3462
2020-07-23,41,09:28:00,Thursday,Keele Station,Late Leaving Garage - Mechanical,1,2,N/B,9019
2020-07-23,133,09:45:00,Thursday,Scarborough Town Centre,Utilized Off Route,11,22,E/B,3482
2020-07-23,127,09:55:00,Thursday,townsley loop,Investigation,22,44,S/B,1516
2020-07-23,36,09:56:00,Thursday,on Neilson Rd at Crow Trail,Investigation,3,8,WB,1337
2020-07-23,89,09:58:00,Thursday,Weston and Ray Avenue,Mechanical,11,32,W/B,9044
2020-07-23,127,10:03:00,Thursday,townsley loop,Diversion,22,116,B/W,1633
2020-07-23,7,10:05:00,Thursday,Greenwin Village and Bathurst,Mechanical,6,12,N/B,8157
2020-07-23,133,10:07:00,Thursday,Scarborough Town Centre,Utilized Off Route,5,12,E/B,3476
2020-07-23,133,10:29:00,Thursday,Scarborough Town Centre,Utilized Off Route,11,22,E/B,3413
2020-07-23,54,10:45:00,Thursday,Lawrence and Victoria Park,Investigation,14,28,W/B,8622
2020-07-23,133,10:51:00,Thursday,Scaroborugh Town Centre,Utilized Off Route,11,22,E/B,3544
2020-07-23,116,11:12:00,Thursday,Kennedy Station,Utilized Off Route,11,22,N/B,8780
2020-07-23,133,11:13:00,Thursday,Scarborough Town Centre,Utilized Off Route,11,22,E/B,3509
2020-07-23,6,11:40:00,Thursday,College and Bay,Mechanical,17,34,S/B,1038
2020-07-23,80,11:40:00,Thursday,The Queensway east of North Queen,Investigation,20,40,E/B,8071
2020-07-23,600,12:30:00,Thursday,Queensway Garage,Late Leaving Garage - Operator,0,0,B/W,
2020-07-23,600,12:30:00,Thursday,Queensway Garage,Late Leaving Garage - Operator,0,0,B/W,
2020-07-23,133,12:39:00,Thursday,Scarborugh Town Centre,Utilized Off Route,11,22,S/B,3488
2020-07-23,74,12:39:00,Thursday,Doncliffe Loop,Mechanical,29,58,S/B,8335
2020-07-23,32,13:13:00,Thursday,Eglinton & Oakwood,Mechanical,13,26,E/B,1095
2020-07-23,42,13:15:00,Thursday,Finch station,Utilized Off Route,13,26,W/B,8316
2020-07-23,11,13:24:00,Thursday,Davisville Station,Utilized Off Route,13,26,N/B,8373
2020-07-23,102,13:29:00,Thursday,Finch,Mechanical,10,20,S/B,3168
2020-07-23,8,13:31:00,Thursday,WESTON AND BRADSTOCK,Utilized Off Route,8,16,E/B,3309
2020-07-23,36,13:42:00,Thursday,Finch west stn,Mechanical,5,10,E/B,3624
2020-07-23,32,13:45:00,Thursday,Eglinton Station,Utilized Off Route,13,26,E/B,1097
2020-07-23,36,13:46:00,Thursday,Finch and Bathurst,Utilized Off Route,6,12,E/B,9103
2020-07-23,97,13:46:00,Thursday,Yonge/Steeles,Utilized Off Route,30,60,N/B,8385
2020-07-23,7,13:48:00,Thursday,Steeles/Bathurst,Utilized Off Route,8,15,S/B,8212
2020-07-23,39,13:50:00,Thursday,Finch Station,Utilized Off Route,10,20,E/B,9089
2020-07-23,29,13:50:00,Thursday,Wilson Stn,Utilized Off Route,15,22,S/B,9026
2020-07-23,86,13:51:00,Thursday,Eglinton Garage,Late Leaving Garage - Operator,1,1,,
2020-07-23,53,13:52:00,Thursday,Finch stn,Utilized Off Route,19,39,E/B,9079
2020-07-23,600,13:52:00,Thursday,Jane & Eglinton,Utilized Off Route,1,1,E/B,1001
2020-07-23,165,13:54:00,Thursday,lawrence wstn,Utilized Off Route,12,24,S/B,1211
2020-07-23,60,13:54:00,Thursday,Finch station,Utilized Off Route,5,10,W/B,3239
2020-07-23,97,13:55:00,Thursday,Yonge/Finch,Utilized Off Route,30,60,N/B,8359
2020-07-23,25,13:57:00,Thursday,DonMills Stn,Utilized Off Route,10,20,S/B,8800
2020-07-23,25,13:58:00,Thursday,Don Mills Station,Utilized Off Route,25,50,W/B,8574
2020-07-23,84,13:59:00,Thursday,SHEPPARD-YONGE STATION,Utilized Off Route,8,16,W/B,3643
2020-07-23,36,13:59:00,Thursday,Finch stn,Utilized Off Route,5,10,W/B,3592
2020-07-23,96,14:00:00,Thursday,wilson stn,Utilized Off Route,12,24,W/B,3221
2020-07-23,25,14:00:00,Thursday,DonMills Stn,Utilized Off Route,9,18,S/B,8841
2020-07-23,600,14:00:00,Thursday,Queensway Garage,Late Leaving Garage - Operator,0,0,B/W,
2020-07-23,600,14:00:00,Thursday,Queensway Garage,Late Leaving Garage - Operator,0,0,B/W,
2020-07-23,39,14:04:00,Thursday,Finch Station,Utilized Off Route,10,20,E/B,1377
2020-07-23,95,14:05:00,Thursday,York Mills Stn,Utilized Off Route,10,20,W/B,1299
2020-07-23,96,14:08:00,Thursday,yorkmills stn,Utilized Off Route,12,24,W/B,3369
2020-07-23,123,14:10:00,Thursday,Sherway Gardens,Late Leaving Garage - Operator,16,0,N/B,
2020-07-23,96,14:12:00,Thursday,wilson stn,Utilized Off Route,12,24,W/B,3202
2020-07-23,34,14:12:00,Thursday,Eglinton Station,Utilized Off Route,12,24,E/B,8871
2020-07-23,60,14:12:00,Thursday,Finch station,Utilized Off Route,5,10,W/B,3349
2020-07-23,53,14:13:00,Thursday,Finch stn,Utilized Off Route,13,19,E/B,9065
2020-07-23,165,14:14:00,Thursday,yorkmills stn,Utilized Off Route,12,24,W/B,3599
2020-07-23,88,14:15:00,Thursday,St. Clair Station,Utilized Off Route,15,60,E/B,1215
2020-07-23,17,14:15:00,Thursday,Warden Station,Mechanical,13,26,N/B,8591
2020-07-23,54,14:18:00,Thursday,Eglinton Garage,Late Leaving Garage - Operator,1,1,,
2020-07-23,52,14:20:00,Thursday,LAWRENCE STATION,Utilized Off Route,15,30,W/B,8111
2020-07-23,54,14:21:00,Thursday,Eglinton Garage,Late Leaving Garage - Operator,1,1,,
2020-07-23,54,14:32:00,Thursday,Eglinton Garage,Late Leaving Garage - Operator,1,1,,
2020-07-23,34,14:44:00,Thursday,Eglinton Garage,Late Leaving Garage - Operator,1,1,,
2020-07-23,86,14:51:00,Thursday,Eglinton Garage,Late Leaving Garage - Operator,1,1,,
2020-07-23,927,15:00:00,Thursday,Entire Route,General Delay,35,40,B/W,
2020-07-23,14,15:01:00,Thursday,Davisville station,Mechanical,24,48,N/B,1354
2020-07-23,54,15:02:00,Thursday,Eglinton Garage,Late Leaving Garage - Operator,1,1,,
2020-07-23,44,15:05:00,Thursday,Col Sam Smith Loop,Late Leaving Garage - Operator,5,10,N/B,
2020-07-23,24,15:08:00,Thursday,Victoria Park and Steeles Loop,Utilized Off Route,10,20,S/B,8474
2020-07-23,44,15:10:00,Thursday,Colonel Samuel Smith Loop,Mechanical,5,10,NB,8055
2020-07-23,89,15:13:00,Thursday,Eglinton Garage,Late Leaving Garage - Operator,1,1,,
2020-07-23,53,15:15:00,Thursday,Finch Station,Late Leaving Garage - Operator,1,1,E/B,1306
2020-07-23,16,15:22:00,Thursday,Scarborough Town centre,Late Leaving Garage - Operator,10,20,S/B,
2020-07-23,102,15:23:00,Thursday,Centennial College,Diversion,446,658,S/B,3123
2020-07-23,34,15:26:00,Thursday,Eglinton Garage,Late Leaving Garage - Operator,1,1,,
2020-07-23,900,15:30:00,Thursday,Kipling stn,Mechanical,12,24,N/B,8011
2020-07-23,29,15:35:00,Thursday,Dufferin/St. Clair,Mechanical,11,19,N/B,9147
2020-07-23,7,16:02:00,Thursday,Steeles and Bathurst,Vision,5,11,S/B,8343
2020-07-23,122,16:11:00,Thursday,York Mills Stn,Mechanical,14,28,E/B,8119
2020-07-23,97,16:28:00,Thursday,Lawrence & Yonge,Mechanical,30,60,N/B,8356
2020-07-23,73,16:44:00,Thursday,Rexdale at Martingrove,Investigation,25,50,E/B,8049
2020-07-23,60,17:27:00,Thursday,Pioneer Village station,Mechanical,5,10,W/B,3364
2020-07-23,79,17:52:00,Thursday,Lawrence and Jane,Mechanical,7,14,S/B,1144
2020-07-23,74,18:01:00,Thursday,Doncliffe Loop,Mechanical,17,34,S/B,1370
2020-07-23,21,18:19:00,Thursday,Brimley/Ellesmere,Diversion,15,31,S/B,
2020-07-23,52,18:52:00,Thursday,Lawrence Station,Utilized Off Route,10,20,W/B,1277
2020-07-23,47,19:30:00,Thursday,Yorkdale rd and Dufferin,Diversion,1,1,S/B,1205
2020-07-23,89,19:40:00,Thursday,Albion and Weston,Mechanical,10,20,S/B,9143
2020-07-23,121,19:43:00,Thursday,Fort York and Fleet,Investigation,15,30,W/B,8406
2020-07-23,32,20:24:00,Thursday,Pine & Lawrence,Mechanical,10,20,E/B,1054
2020-07-23,36,21:15:00,Thursday,Finch west Station,Mechanical,8,16,W/B,9113
2020-07-23,100,21:29:00,Thursday,Don Mills & Eglinton,Mechanical,9,18,N/B,8815
2020-07-23,72,22:33:00,Thursday,Carlaw & Pape,Diversion,73,91,N/B,3174
2020-07-24,116,01:56:00,Friday,Morningside and Ellesmere,Mechanical,10,20,N/B,8932
2020-07-24,396,02:10:00,Friday,Wilson & Old Yonge,Mechanical,30,60,W/B,3340
2020-07-24,600,04:30:00,Friday,Eglinton Garage,Late Leaving Garage - Management,1,1,E/B,8731
2020-07-24,600,04:30:00,Friday,Eglinton Garage,Late Leaving Garage - Management,1,1,E/B,
2020-07-24,600,04:30:00,Friday,Eglinton Garage,Late Leaving Garage - Operator,1,1,E/B,
2020-07-24,600,04:30:00,Friday,Queensway Garage,Late Leaving Garage - Operator,1,1,B/W,
2020-07-24,73,04:55:00,Friday,Royal York Station,Late Leaving Garage - Operator,10,26,N/B,8031
2020-07-24,600,05:00:00,Friday,Eglinton Garage,Late Leaving Garage - Management,1,1,E/B,8641
2020-07-24,600,05:00:00,Friday,Eglinton Garage,Late Leaving Garage - Operator,1,1,E/B,
2020-07-24,600,05:00:00,Friday,Eglinton Garage,Late Leaving Garage - Operator,1,1,E/B,
2020-07-24,600,05:00:00,Friday,Queensway Garage,Late Leaving Garage - Operator,1,1,B/W,
2020-07-24,68,05:07:00,Friday,Warden & Danforth,Late Leaving Garage - Operator,19,19,N/B,8707
2020-07-24,87,05:12:00,Friday,BROADVIEW STATION,Late Leaving Garage - Operator,8,15,E/B,3134
2020-07-24,94,05:15:00,Friday,Castlefrank Station,Late Leaving Garage - Operator,10,21,W/B,1406
2020-07-24,45,05:22:00,Friday,Steeles Loop at Kipling,Late Leaving Garage - Mechanical,11,23,S/B,7967
2020-07-24,34,05:23:00,Friday,Eglinton Station,Late Leaving Garage - Management,12,25,E/B,8661
2020-07-24,17,05:24:00,Friday,WARDEN STATION,Vision,10,10,N/B,8956
2020-07-24,50,05:30:00,Friday,Mill Rd loop at Burnhamthorpe,Late Leaving Garage - Operator,1,19,E/B,
2020-07-24,110,05:30:00,Friday,Islington at Lakeshore,Late Leaving Garage - Mechanical,1,16,N/B,8601
2020-07-24,506,05:40:00,Friday,Main Station,Late Leaving Garage - Operator,10,15,E/B,8675
2020-07-24,32,05:45:00,Friday,Renforth Station,Late Leaving Garage - Operator,11,20,E/B,1075
2020-07-24,71,06:01:00,Friday,Industry St,Late Leaving Garage - Operator,15,36,S/B,1027
2020-07-24,32,06:03:00,Friday,Keele and Eglinton,Late Leaving Garage - Operator,2,4,E/B,1095
2020-07-24,66,06:05:00,Friday,Old Mill Station,Late Leaving Garage - Operator,9,24,S/B,8091
2020-07-24,34,06:12:00,Friday,Eglinton Garage,Late Leaving Garage - Operator,16,32,E/B,
2020-07-24,110,06:15:00,Friday,Islingon at Lakeshore,Late Leaving Garage - Operator,15,30,S/B,
2020-07-24,189,06:25:00,Friday,HIGH PARK STN,Mechanical,25,50,N/B,8601
2020-07-24,32,06:40:00,Friday,Pine and Lawrence,Late Leaving Garage - Operator,8,16,E/B,
2020-07-24,42,06:45:00,Friday,Dynamic and Mcnicol,Late Leaving Garage - Operator,12,24,W/B,8109
2020-07-24,168,06:53:00,Friday,DUNDAS WEST STN,Utilized Off Route,10,20,N/B,1005
2020-07-24,44,08:52:00,Friday,KIPLING STN,Utilized Off Route,7,14,N/B,8038
2020-07-24,86,13:51:00,Friday,eglinton div,Late Leaving Garage - Operator,1,1,E/B,
2020-07-24,600,14:18:00,Friday,eglinton,Late Leaving Garage - Operator,1,1,E/B,
2020-07-24,54,14:18:00,Friday,eglinton,Late Leaving Garage - Operator,1,1,E/B,
2020-07-24,119,14:31:00,Friday,Arrow Garage,Late Leaving Garage - Operator,1,1,N/B,3224
2020-07-24,54,14:32:00,Friday,eglinton,Late Leaving Garage - Operator,1,1,E/B,
2020-07-24,35,14:34:00,Friday,Pioneer Village,Late Leaving Garage - Operator,6,8,N/B,3185
2020-07-24,34,14:44:00,Friday,eglinton,Late Leaving Garage - Operator,1,1,E/B,
2020-07-24,34,14:44:00,Friday,eglinton,Late Leaving Garage - Operator,1,1,E/B,
2020-07-24,86,14:51:00,Friday,eglinton,Late Leaving Garage - Operator,1,1,E/B,
2020-07-24,109,15:01:00,Friday,Lawrence West Station,Late Leaving Garage - Operator,1,1,N/B,8316
2020-07-24,54,15:02:00,Friday,eglinton,Late Leaving Garage - Operator,1,1,E/B,
2020-07-24,86,15:02:00,Friday,eglinton,Late Leaving Garage - Operator,1,1,E/B,
2020-07-24,98,15:10:00,Friday,Steeles and Yonge,Late Leaving Garage - Operator,1,1,W/B,1326
2020-07-24,84,15:12:00,Friday,Arrow Garage,Late Leaving Garage - Operator,1,1,W/B,3711
2020-07-24,34,15:26:00,Friday,eglinton,Late Leaving Garage - Operator,1,1,E/B,
2020-07-24,35,15:28:00,Friday,Pioneer Village Station,Late Leaving Garage - Mechanical,6,9,S/B,3204
2020-07-24,165,15:29:00,Friday,Arrow Garage,Late Leaving Garage - Operator,1,1,W/B,3320
2020-07-25,89,05:02:00,Saturday,High Park Station,Late Leaving Garage - Operator,10,35,N/B,
2020-07-25,90,05:50:00,Saturday,St Calir West Station,Late Leaving Garage - Operator,12,12,W/B,8183
2020-07-25,112,05:57:00,Saturday,CANL,Late Leaving Garage - Operator,1,1,S/B,8461
2020-07-25,32,06:11:00,Saturday,Emmett & Eglinton,Late Leaving Garage - Operator,24,24,E/B,
2020-07-25,900,06:14:00,Saturday,Kipling stn,Late Leaving Garage - Operator,1,1,N/B,8007
2020-07-25,37,06:18:00,Saturday,Islington stn,Late Leaving Garage - Operator,1,1,N/B,8458
2020-07-25,29,08:53:00,Saturday,Dufferin & Lawrence,Late Leaving Garage - Operator,6,13,N/B,
2020-07-25,168,09:12:00,Saturday,Avon Loop,Late Leaving Garage - Operator,10,20,S/B,
2020-07-25,71,09:14:00,Saturday,Runnymede station,Late Leaving Garage - Operator,12,25,N/B,
2020-07-25,32,09:35:00,Saturday,Eglinton Station,Late Leaving Garage - Operator,24,45,W/B,
2020-07-25,32,09:42:00,Saturday,Pine & Lawrence,Late Leaving Garage - Operator,10,20,E/B,
2020-07-25,511,09:42:00,Saturday,Spadina Station,Late Leaving Garage - Operator,7,14,S/B,
2020-07-25,29,09:51:00,Saturday,Dufferin & Lawrence,Late Leaving Garage - Operator,5,10,S/B,
2020-07-25,41,09:52:00,Saturday,Pioneer Village station,Late Leaving Garage - Operator,10,20,S/B,
2020-07-25,32,10:00:00,Saturday,Eglinton Station,Late Leaving Garage - Operator,10,20,W/B,
2020-07-25,600,11:00:00,Saturday,Mt.Dennis Division,Late Leaving Garage - Operator,1,1,W/B,
2020-07-25,600,11:00:00,Saturday,Mt.Dennis Division,Late Leaving Garage - Operator,1,1,W/B,
2020-07-25,29,12:12:00,Saturday,Dufferin & Lawrence,Late Leaving Garage - Operator,4,10,N/B,
2020-07-25,92,20:15:00,Saturday,WOODBINE AVE AT KINGSTON RD,Investigation,9,18,N/B,8549
2020-07-26,40,05:08:00,Sunday,DUNDAS WEST STN,Late Leaving Garage - Operator,1,1,,8082
2020-07-26,506,05:43:00,Sunday,Dundas W stn,Late Leaving Garage - Operator,1,1,,7935
2020-07-26,123,06:04:00,Sunday,Longbranch,Late Leaving Garage - Operator,1,1,,8084
2020-07-26,161,06:10:00,Sunday,Ossington Station,Late Leaving Garage - Operator,20,40,W/B,
2020-07-26,161,06:10:00,Sunday,Ossington station,Late Leaving Garage - Operator,20,40,W/B,
2020-07-26,189,06:26:00,Sunday,JASC,Late Leaving Garage - Operator,1,1,,8055
2020-07-26,600,06:45:00,Sunday,Queensway Garage,Late Leaving Garage - Operator,1,1,,8019
2020-07-26,80,07:13:00,Sunday,HPST,Late Leaving Garage - Mechanical,0,42,W/B,8431
2020-07-26,49,07:15:00,Sunday,MARB,Late Leaving Garage - Mechanical,30,60,W/B,7931
2020-07-26,110,07:25:00,Sunday,EVIS,Late Leaving Garage - Operator,1,1,S/B,8458
2020-07-26,76,07:26:00,Sunday,Evry,Late Leaving Garage - Operator,1,1,S/B,8065
2020-07-26,73,07:51:00,Sunday,CPAL,Late Leaving Garage - Operator,1,1,S/B,8051
2020-07-26,900,07:54:00,Sunday,T1,Late Leaving Garage - Operator,1,1,S/B,7922
2020-07-26,32,07:54:00,Sunday,Eglinton Station,Late Leaving Garage - Operator,13,37,W/B,
2020-07-26,79,07:56:00,Sunday,Pine & Lawrence,Late Leaving Garage - Operator,18,36,S/B,
2020-07-26,127,07:57:00,Sunday,Townsley Loop,Late Leaving Garage - Operator,23,48,E/B,
2020-07-26,41,08:00:00,Sunday,Pioneer Village Station,Late Leaving Garage - Operator,12,24,S/B,
2020-07-26,511,08:01:00,Sunday,Exhibition Loop,Late Leaving Garage - Operator,7,7,N/B,1267
2020-07-26,94,08:02:00,Sunday,CastleFrank Station,Late Leaving Garage - Operator,12,25,W/B,
2020-07-26,32,08:07:00,Sunday,Eglinton Station,Late Leaving Garage - Operator,10,23,W/B,
2020-07-26,94,08:08:00,Sunday,CastleFrank Station,Late Leaving Garage - Operator,12,37,W/B,
2020-07-26,511,08:08:00,Sunday,Spadina Station,Late Leaving Garage - Operator,7,14,S/B,
2020-07-26,168,08:11:00,Sunday,Avon Loop,Late Leaving Garage - Operator,10,20,S/B,
2020-07-26,79,08:14:00,Sunday,Pine & Lawrence,Late Leaving Garage - Operator,15,33,S/B,
2020-07-26,96,08:20:00,Sunday,York Mill Station,Late Leaving Garage - Mechanical,20,56,W/B,3644
2020-07-26,511,08:22:00,Sunday,Exhibition Loop,Late Leaving Garage - Operator,8,15,N/B,
2020-07-26,32,08:27:00,Sunday,Eglinton Station,Late Leaving Garage - Operator,25,25,W/B,
2020-07-26,52,20:54:00,Sunday,6900 AIRPORT RD (INTERNATIONAL CENTR,Investigation,,,E/B,8189
2020-07-26,84,21:39:00,Sunday,SHEPPARD,Diversion,146,156,B/W,3179
2020-07-26,84,22:10:00,Sunday,SHEPPARD AVE WEST AT BATHURST ST,Investigation,10,20,W/B,3651
2020-07-27,43,00:19:00,Monday,Kennedy and Ellesmere,Mechanical,10,20,N/B,8811
2020-07-27,69,00:48:00,Monday,Warden Station,Mechanical,10,20,S/B,3108
2020-07-27,600,04:30:00,Monday,Eglinton Garage,Late Leaving Garage - Management,1,1,E/B,8699
2020-07-27,600,04:30:00,Monday,Eglinton Garage,Late Leaving Garage - Operator,1,1,E/B,
2020-07-27,54,04:50:00,Monday,Eglinton Garage,Late Leaving Garage - Operator,41,41,E/B,8678
2020-07-27,36,04:51:00,Monday,Finch and Arrow Rd,Late Leaving Garage - Mechanical,10,20,E/B,9126
2020-07-27,91,04:51:00,Monday,Eglinton Garage,Late Leaving Garage - Operator,24,49,E/B,8709
2020-07-27,600,05:00:00,Monday,Eglinton Garage,Late Leaving Garage - Management,1,1,E/B,8837
2020-07-27,600,05:00:00,Monday,Eglinton Garage,Late Leaving Garage - Operator,1,1,E/B,
2020-07-27,112,05:00:00,Monday,Renforth Station,Late Leaving Garage - Operator,1,16,S/B,8098
2020-07-27,600,05:00:00,Monday,Eglinton Garage,Late Leaving Garage - Management,1,1,E/B,8784
2020-07-27,34,05:03:00,Monday,Eglinton Garage,Late Leaving Garage - Operator,8,16,E/B,8781
2020-07-27,35,05:07:00,Monday,Peter Kaiser Gate and Steeles Ave W,Late Leaving Garage - Mechanical,25,35,N/B,3212
2020-07-27,54,05:20:00,Monday,Eglinton Garage,Late Leaving Garage - Operator,11,11,E/B,8626
2020-07-27,163,05:27:00,Monday,Lawrence West Station,Late Leaving Garage - Mechanical,1,1,S/B,8166
2020-07-27,90,05:29:00,Monday,St Claire Station,Late Leaving Garage - Operator,1,1,N/B,1328
2020-07-27,60,05:34:00,Monday,Peter Kaiser and Steeles Ave W,Late Leaving Garage - Operator,16,21,E/B,3315
2020-07-27,48,05:35:00,Monday,Mill Road Loop,Late Leaving Garage - Operator,15,30,E/B,8097
2020-07-27,66,05:36:00,Monday,Humber Loop,Late Leaving Garage - Operator,16,37,N/B,
2020-07-27,66,05:50:00,Monday,58 Marine Parade Drive,Late Leaving Garage - Operator,1,16,N/B,
2020-07-27,32,05:51:00,Monday,Pine & Lawrence,Late Leaving Garage - Operator,5,12,E/B,
2020-07-27,37,05:52:00,Monday,Steeles Loop,Late Leaving Garage - Operator,15,31,S/B,8442
2020-07-27,49,05:55:00,Monday,Bloor St at Markland Dr.,Late Leaving Garage - Operator,15,30,E/B,
2020-07-27,66,05:56:00,Monday,Old Mill station,Late Leaving Garage - Operator,9,18,S/B,8443
2020-07-27,66,06:05:00,Monday,Old Mill Station,Late Leaving Garage - Operator,9,24,S/B,
2020-07-27,52,06:15:00,Monday,Lawrence West Station,Late Leaving Garage - Operator,1,1,W/B,8135
2020-07-27,80,06:19:00,Monday,Sherway Gardens,Late Leaving Garage - Operator,20,40,E/B,
2020-07-27,7,06:29:00,Monday,Bathurst and Wilson,Late Leaving Garage - Mechanical,5,10,N/B,1231
2020-07-27,126,06:32:00,Monday,St.Clair West station,Late Leaving Garage - Operator,17,34,S/B,
2020-07-27,32,06:34:00,Monday,Eglinton Station,Late Leaving Garage - Operator,11,23,W/B,
2020-07-27,44,06:57:00,Monday,Kiopling station,Late Leaving Garage - Operator,5,10,S/B,
2020-07-27,42,07:05:00,Monday,Finch Station,Late Leaving Garage - Operator,1,1,E/B,8204
2020-07-27,29,07:11:00,Monday,Dufferin & Lawrence,Late Leaving Garage - Operator,7,15,N/B,
2020-07-27,42,11:19:00,Monday,Finch station,Mechanical,14,28,E/B,8396
2020-07-27,12,14:24:00,Monday,Kennedy Station,Late Leaving Garage - Operator,9,18,W/B,9210
2020-07-27,86,14:40:00,Monday,Kennedy Station,Late Leaving Garage - Operator,1,1,E/B,
2020-07-27,72,15:00:00,Monday,Pape Station,Late Leaving Garage - Operator,21,44,W/B,8953
2020-07-27,90,15:30:00,Monday,Duncan Shops,Late Leaving Garage - Operator,1,1,N/B,1382
2020-07-27,75,15:34:00,Monday,Bloor and Sherbourne,Late Leaving Garage - Operator,7,14,S/B,1321
2020-07-27,25,15:48:00,Monday,Pape Station,Late Leaving Garage - Operator,6,12,N/B,8722
2020-07-27,34,15:51:00,Monday,Kennedy Station,Late Leaving Garage - Operator,6,13,W/B,8770
2020-07-27,54,16:02:00,Monday,Lawrence Ave @ Scarborough Golf Club,Late Leaving Garage - Operator,1,1,W/B,
2020-07-27,96,16:51:00,Monday,Wilson and Ridge Rd,Mechanical,10,20,E/B,3574
2020-07-27,63,19:56:00,Monday,King and Atlantic,Mechanical,8,18,,8363
2020-07-28,600,04:30:00,Tuesday,Eglinton Garage,Late Leaving Garage - Operator,1,1,E/B,8784
2020-07-28,600,04:30:00,Tuesday,Eglinton Garage,Late Leaving Garage - Management,1,1,E/B,8778
2020-07-28,600,05:00:00,Tuesday,Eglinton Garage,Late Leaving Garage - Management,1,1,E/B,8926
2020-07-28,600,05:00:00,Tuesday,Eglinton Garage,Late Leaving Garage - Management,1,1,E/B,8764
2020-07-28,600,05:00:00,Tuesday,Eglinton Garage,Late Leaving Garage - Management,1,1,E/B,8913
2020-07-28,116,05:35:00,Tuesday,Eglinton Garage,Late Leaving Garage - Operator,8,24,E/B,8648
2020-07-28,34,06:12:00,Tuesday,Eglinton Garage,Late Leaving Garage - Operator,16,32,E/B,
2020-07-28,34,06:13:00,Tuesday,Eglinton Station,Late Leaving Garage - Management,12,25,E/B,8650
2020-07-28,42,07:51:00,Tuesday,Yonge and Cummer,Investigation,14,28,E/B,8214
2020-07-28,60,08:05:00,Tuesday,Pioneer station,Mechanical,8,16,W/B,3339
2020-07-28,600,12:30:00,Tuesday,Eglinton Garage,Late Leaving Garage - Operator,1,1,W/B,
2020-07-28,54,14:32:00,Tuesday,Lawrence SRT Station,Late Leaving Garage - Operator,1,1,E/B,
2020-07-28,86,14:40:00,Tuesday,Kennedy Station,Late Leaving Garage - Operator,1,1,E/B,
2020-07-28,34,14:44:00,Tuesday,Eglinton Station,Late Leaving Garage - Operator,1,1,E/B,
2020-07-28,54,15:05:00,Tuesday,Eglinton Station,Late Leaving Garage - Operator,1,1,E/B,
2020-07-28,91,15:07:00,Tuesday,Cassandra Blvd @ Underhill Dr,Late Leaving Garage - Operator,1,1,S/B,
2020-07-28,34,15:26:00,Tuesday,Grenoble Dr @ Spanbridge,Late Leaving Garage - Operator,1,1,W/B,
2020-07-28,54,15:39:00,Tuesday,Lawrence Ave @ Scarborough Golf Club,Late Leaving Garage - Operator,1,1,W/B,
2020-07-29,600,04:30:00,Wednesday,Eglinton Garage,Late Leaving Garage - Management,1,1,E/B,8803
2020-07-29,600,04:30:00,Wednesday,Eglinton Garage,Late Leaving Garage - Operator,1,1,E/B,8875
2020-07-29,600,04:30:00,Wednesday,Eglinton Garage,Late Leaving Garage - Operator,1,1,E/B,8664
2020-07-29,600,04:30:00,Wednesday,Queensway Garage,Late Leaving Garage - Operator,1,1,B/W,
2020-07-29,600,05:00:00,Wednesday,Eglinton Garage,Late Leaving Garage - Management,1,1,E/B,8937
2020-07-29,600,05:00:00,Wednesday,Eglinton Garage,Late Leaving Garage - Management,1,1,E/B,8696
2020-07-29,600,05:00:00,Wednesday,Eglinton Garage,Late Leaving Garage - Management,1,1,E/B,8808
2020-07-29,34,05:21:00,Wednesday,Kennedy Station,Late Leaving Garage - Mechanical,10,10,E/B,8642
2020-07-29,54,05:25:00,Wednesday,Eglinton Garage,Late Leaving Garage - Management,13,28,E/B,8735
2020-07-29,80,05:27:00,Wednesday,Queensway at Kipling,Late Leaving Garage - Operator,10,22,E/B,
2020-07-29,1,05:30:00,Wednesday,High Park Station,Late Leaving Garage - Operator,14,34,W/B,1
2020-07-29,80,05:30:00,Wednesday,High Park Station,Late Leaving Garage - Operator,14,34,W/B,
2020-07-29,48,05:35:00,Wednesday,Mill road loop,Late Leaving Garage - Operator,15,30,E/B,
2020-07-29,40,05:44:00,Wednesday,Dundas West station,Late Leaving Garage - Operator,16,28,W/B,
2020-07-29,66,05:56:00,Wednesday,Old Mill station,Late Leaving Garage - Operator,9,18,S/B,
2020-07-29,37,06:00:00,Wednesday,Humberwood Loop,Late Leaving Garage - Operator,25,50,S/B,8445
2020-07-29,66,06:05:00,Wednesday,Old Mill Station,Late Leaving Garage - Operator,9,24,S/B,
2020-07-29,67,06:09:00,Wednesday,Victoria Park Station,Late Leaving Garage - Operator,17,34,N/B,8877
2020-07-29,165,06:09:00,Wednesday,York Mills Stn.,Late Leaving Garage - Mechanical,6,12,W/B,3333
2020-07-29,34,06:12:00,Wednesday,Eglinton Garage,Late Leaving Garage - Operator,16,32,E/B,8839
2020-07-29,54,06:23:00,Wednesday,Lawrence & Scarborough Golf Club Rd.,Late Leaving Garage - Mechanical,13,24,E/B,8800
2020-07-29,506,06:43:00,Wednesday,Dundas West station,Late Leaving Garage - Management,5,10,E/B,7972
2020-07-29,76,06:51:00,Wednesday,Queensway at Royal York,Late Leaving Garage - Operator,30,60,S/B,
2020-07-29,165,07:04:00,Wednesday,Finch and Weston,Late Leaving Garage - Mechanical,2,6,N/B,3276
2020-07-29,110,14:19:00,Wednesday,Evans at Islington,Late Leaving Garage - Operator,11,16,S/B,187
2020-07-29,50,14:59:00,Wednesday,Islington Station,Late Leaving Garage - Operator,14,31,W/B,
2020-07-29,111,15:02:00,Wednesday,Martingrove a Eglinton,Late Leaving Garage - Operator,13,16,N/B,
2020-07-29,44,15:05:00,Wednesday,Col. Sam Smith Loop,Late Leaving Garage - Operator,5,10,N/B,
2020-07-29,45,15:20:00,Wednesday,Kipoling Station,Late Leaving Garage - Operator,16,33,S/B,
2020-07-30,600,04:30:00,Thursday,Queensway Garage,Late Leaving Garage - Operator,1,1,B/W,
2020-07-30,600,04:30:00,Thursday,Eglinton Garage,Late Leaving Garage - Management,1,1,E/B,8883
2020-07-30,600,04:30:00,Thursday,Eglinton Garage,Late Leaving Garage - Operator,1,1,E/B,
2020-07-30,600,04:30:00,Thursday,Eglinton Garage,Late Leaving Garage - Operator,1,1,E/B,
2020-07-30,600,05:00:00,Thursday,Eglinton Garage,Late Leaving Garage - Management,1,1,E/B,8627
2020-07-30,600,05:00:00,Thursday,Eglinton Garage,Late Leaving Garage - Operator,1,1,E/B,
2020-07-30,25,05:20:00,Thursday,Pape Station,Late Leaving Garage - Management,14,29,N/B,8657
2020-07-30,48,05:35:00,Thursday,Mill Road Loop,Late Leaving Garage - Operator,15,30,S/B,8614
2020-07-30,40,05:44:00,Thursday,Dundas West Station,Late Leaving Garage - Operator,16,28,W/B,
2020-07-30,123,05:50:00,Thursday,Sherway Gardens,Late Leaving Garage - Operator,24,31,N/B,
2020-07-30,101,06:00:00,Thursday,SWST,Late Leaving Garage - Operator,1,20,W/B,3180
2020-07-30,112,06:01:00,Thursday,Renforth Station,Late Leaving Garage - Operator,16,34,S/B,8602
2020-07-30,60,06:11:00,Thursday,Signal Hill and Steeles Ave,Late Leaving Garage - Mechanical,8,19,E/B,3175
2020-07-30,68,06:11:00,Thursday,Warden & Steeles,Late Leaving Garage - Vision,1,1,S/B,8907
2020-07-30,34,06:22:00,Thursday,Kennedy Station,Late Leaving Garage - Operator,16,32,W/B,
2020-07-30,68,06:45:00,Thursday,Warden Station,Late Leaving Garage - Operator,23,46,N/B,
2020-07-30,600,12:30:00,Thursday,Eglinton Yard,Late Leaving Garage - Operator,1,1,,
2020-07-30,600,14:00:00,Thursday,Eglinton Yard,Late Leaving Garage - Operator,1,1,,8725
2020-07-30,600,14:00:00,Thursday,Queensway Garage,Late Leaving Garage - Operator,1,1,,
2020-07-30,600,14:00:00,Thursday,Eglinton Yard,Late Leaving Garage - Operator,1,1,,8892
2020-07-30,39,14:14:00,Thursday,Neilson and Crow Trail,Late Leaving Garage - Operator,1,1,W/B,
2020-07-30,68,14:28:00,Thursday,Eglinton Garage,Late Leaving Garage - Operator,1,1,,
2020-07-30,54,14:32:00,Thursday,Eglinton Yard,Late Leaving Garage - Operator,1,1,,
2020-07-30,39,14:35:00,Thursday,Neilson and Crow Trail,Late Leaving Garage - Operator,1,1,W/B,
2020-07-30,86,14:40:00,Thursday,Eglinton Yard,Late Leaving Garage - Operator,1,1,,
2020-07-30,111,14:46:00,Thursday,MGEG,Late Leaving Garage - Operator,13,26,S/B,8614
2020-07-30,45,14:49:00,Thursday,DIAT,Late Leaving Garage - Operator,17,34,S/B,8020
2020-07-30,34,14:49:00,Thursday,Eglinton Yard,Late Leaving Garage - Operator,1,1,,
2020-07-30,44,14:56:00,Thursday,CSSL,Late Leaving Garage - Operator,10,20,N/B,
2020-07-30,54,15:02:00,Thursday,Eglinton Yard,Late Leaving Garage - Operator,1,1,,
2020-07-30,53,15:09:00,Thursday,Brereuf College - Steeles East,Late Leaving Garage - Operator,1,1,W/B,9009
2020-07-30,34,15:26:00,Thursday,Eglinton Yard,Late Leaving Garage - Operator,1,1,,
2020-07-30,53,15:29:00,Thursday,Finch Station,Late Leaving Garage - Operator,1,1,W/B,9001
2020-07-30,39,15:33:00,Thursday,Finch Station,Late Leaving Garage - Operator,1,1,E/B,
2020-07-30,54,15:39:00,Thursday,Eglinton Yard,Late Leaving Garage - Operator,1,1,,
2020-07-30,21,15:56:00,Thursday,Scarborough Town Centre,Late Leaving Garage - Operator,1,1,N/B,
2020-07-31,600,04:30:00,Friday,Eglinton Garage,Late Leaving Garage - Operator,1,1,E/B,8792
2020-07-31,600,04:30:00,Friday,Eglinton Garage,Late Leaving Garage - Management,1,1,E/B,8806
2020-07-31,600,04:30:00,Friday,Eglinton Garage,Late Leaving Garage - Operator,1,1,E/B,8817
2020-07-31,600,04:30:00,Friday,Queensway Garage,Late Leaving Garage - Operator,1,1,B/W,
2020-07-31,600,04:30:00,Friday,Queensway Garage,Late Leaving Garage - Operator,1,1,B/W,
2020-07-31,600,04:30:00,Friday,Queensway Garage,Late Leaving Garage - Operator,1,1,B/W,
2020-07-31,600,05:00:00,Friday,Eglinton Garage,Late Leaving Garage - Management,1,1,E/B,8896
2020-07-31,600,05:00:00,Friday,Eglinton Garage,Late Leaving Garage - Operator,1,1,E/B,8624
2020-07-31,116,05:10:00,Friday,Eglinton & Kennedy,Late Leaving Garage - Operator,9,21,E/B,8729
2020-07-31,73,05:15:00,Friday,Claireport at Albion,Late Leaving Garage - Operator,25,40,S/B,8014
2020-07-31,506,05:22:00,Friday,Main Station,Late Leaving Garage - Operator,10,15,W/B,8656
2020-07-31,25,05:35:00,Friday,Don Mills & Freshmeadow,Late Leaving Garage - Operator,12,27,S/B,8859
2020-07-31,73,05:42:00,Friday,Royal York station,Late Leaving Garage - Operator,0,17,N/B,
2020-07-31,76,05:44:00,Friday,Evans at Royal York,Late Leaving Garage - Operator,14,26,S/B,
2020-07-31,40,05:44:00,Friday,Dundas West Station,Late Leaving Garage - Operator,16,28,W/B,
2020-07-31,15,05:45:00,Friday,Sherway Gardens,Late Leaving Garage - Operator,1,21,E/B,
2020-07-31,50,05:48:00,Friday,Mill road loop,Late Leaving Garage - Mechanical,18,30,E/B,8417
2020-07-31,54,05:48:00,Friday,Eglinton Station,Late Leaving Garage - Operator,13,28,E/B,8693
2020-07-31,54,05:49:00,Friday,Lawrence & Warden,Late Leaving Garage - Operator,15,15,W/B,8728
2020-07-31,48,05:50:00,Friday,Mill road Loop,Late Leaving Garage - Operator,15,30,E/B,
2020-07-31,165,05:57:00,Friday,York Mills Station,Late Leaving Garage - Mechanical,6,12,W/B,3611
2020-07-31,112,06:19:00,Friday,Renforth Station,Late Leaving Garage - Operator,18,34,S/B,
2020-07-31,116,06:20:00,Friday,Kennedy Station,Late Leaving Garage - Mechanical,30,30,E/B,8650
2020-07-31,34,06:22:00,Friday,Kennedy Station,Late Leaving Garage - Operator,16,32,E/B,8803
2020-07-31,86,06:24:00,Friday,Lawrence & Manse,Late Leaving Garage - Operator,10,24,E/B,8680
2020-07-31,600,12:30:00,Friday,Eglinton Garage,Late Leaving Garage - Operator,1,1,B/W,
2020-07-31,54,13:41:00,Friday,Eglinton Garage,Late Leaving Garage - Operator,1,1,B/W,
2020-07-31,54,14:32:00,Friday,Eglinton Garage,Late Leaving Garage - Operator,1,1,B/W,
2020-07-31,86,14:40:00,Friday,Eglinton Garage,Late Leaving Garage - Operator,1,1,B/W,
2020-07-31,34,14:49:00,Friday,Eglinton Garage,Late Leaving Garage - Operator,1,1,B/W,
2020-07-31,54,15:02:00,Friday,Eglinton Garage,Late Leaving Garage - Operator,1,1,B/W,
2020-07-31,34,15:26:00,Friday,Eglinton Garage,Late Leaving Garage - Operator,1,1,B/W,
2020-07-31,54,15:39:00,Friday,Eglinton Garage,Late Leaving Garage - Operator,1,1,B/W,
2020-07-31,34,15:51:00,Friday,Kennedy Station,Late Leaving Garage - Operator,13,23,W/B,8777
2020-08-01,506,05:23:00,Saturday,DWST,Late Leaving Garage - Operator,10,20,N/B,8077
2020-08-01,112,05:57:00,Saturday,CANL,Late Leaving Garage - Operator,17,34,S/B,7948
2020-08-01,111,06:00:00,Saturday,Kipling stn,Late Leaving Garage - Operator,40,80,N/B,8039
2020-08-01,900,06:14:00,Saturday,Kipling stn,Late Leaving Garage - Operator,10,20,N/B,8009
2020-08-01,927,07:30:00,Saturday,Kipling Station,Late Leaving Garage - Operator,10,20,N/B,3359
2020-08-01,37,08:28:00,Saturday,ISLINGTON STN,Late Leaving Garage - Operator,21,42,N/B,8086
2020-08-01,111,08:29:00,Saturday,MGEG,Late Leaving Garage - Operator,20,40,S/B,8415
