Date,Route,Time,Day,Location,Incident,Min Delay,Min Gap,Direction,Vehicle
2020-09-01,26,02:00,Tuesday,ST GEORGE STATION,General Delay,20,20,,1471
2020-09-01,600,02:27,Tuesday,FINCH AND YONGE,Emergency Services,0,0,W,3230
2020-09-01,385,02:32,Tuesday,SHEPPARD AND MORNINGSI,Road Blocked - NON-TTC Collision,11,41,W,0
2020-09-01,32,04:16,Tuesday,EGLINTON STATION,Operations - Operator,30,30,,0
2020-09-01,95,04:30,Tuesday,MEADOWVALE LOOP,Mechanical,30,60,W,3477
2020-09-01,85,04:32,Tuesday,MEADOWVALE LOOP,Operations - Operator,29,45,W,0
2020-09-01,133,05:04,Tuesday,MORNINGSIDE AND FINCH,Operations - Operator,20,31,S,0
2020-09-01,102,05:22,Tuesday,WARDEN STATION,Mechanical,23,46,,8958
2020-09-01,35,05:30,Tuesday,JANE STATION,Operations - Operator,28,28,N,3598
2020-09-01,85,05:56,Tuesday,MALVERN DIVISION,Operations - Operator,15,30,,9004
2020-09-01,40,06:50,Tuesday,DUNDAS WEST STATION,Mechanical,11,22,,7921
2020-09-01,32,07:33,Tuesday,EGLINTON AND BICKNELL,Collision - TTC,11,22,E,1603
2020-09-01,110,08:00,Tuesday,ISLINGTON STATION,Cleaning,24,48,N,8450
2020-09-01,,08:08,Tuesday,DAVISVILLE GATEHOUSE,General Delay,0,0,,0
2020-09-01,17,08:20,Tuesday,BIRCHMOUNT AND MCNICOL,Emergency Services,10,20,N,3115
2020-09-01,108,08:35,Tuesday,STONG AND DRIFTWOOD,Operations - Operator,20,20,N,3363
2020-09-01,102,08:57,Tuesday,KINGSTON AND BELLAMY,Security,0,0,,9223
2020-09-01,97,08:59,Tuesday,YONGE AND GLENFOREST,Security,30,60,N,8111
2020-09-01,89,09:12,Tuesday,WESTON AND OAK,Security,11,22,S,9142
2020-09-01,163,10:02,Tuesday,OSSINGTON STATION,Emergency Services,12,24,,8354
2020-09-01,999,10:27,Tuesday,MORNINGSIDE AND FINCH,Mechanical,0,0,W,1200
2020-09-01,506,11:47,Tuesday,BROADVIEW AND GERRARD,Collision - TTC,5,10,W,8466
2020-09-01,24,12:27,Tuesday,VICTORIA PARK AND LAWR,Security,10,20,S,8479
2020-09-01,24,12:28,Tuesday,VICTORIA PARK AND LAWR,Collision - TTC,10,20,S,8528
2020-09-01,34,12:35,Tuesday,EGLINTON AND KENNEDY,Security,0,0,E,8664
2020-09-01,7,12:58,Tuesday,BATHURST AND INVERMAY,Collision - TTC,8,16,S,8333
2020-09-01,87,13:08,Tuesday,WESTLAKE AND WALLINGTO,Mechanical,11,22,N,8559
2020-09-01,100,13:27,Tuesday,OVERLEA AND THORNCLIFF,Investigation,9,18,W,8916
2020-09-01,927,14:01,Tuesday,MARTIN GROVE AND ALBIO,Emergency Services,7,14,N,3335
2020-09-01,133,14:08,Tuesday,SCARBOROUGH CENTRE STA,Cleaning,11,22,S,3484
2020-09-01,94,14:32,Tuesday,OSSINGTON STATION,Operations - Operator,15,30,W,3732
2020-09-01,102,14:42,Tuesday,MARKHAM AND FINCH,Mechanical,20,40,N,8544
2020-09-01,91,14:45,Tuesday,WOODBINE STATION,Operations - Operator,25,50,N,8922
2020-09-01,120,14:45,Tuesday,HEATHROW AND DATCHET,Collision - TTC,30,60,E,3589
2020-09-01,17,14:50,Tuesday,WARDEN STATION,Mechanical,10,20,,0
2020-09-01,17,14:51,Tuesday,WARDEN STATION,Mechanical,10,20,,3158
2020-09-01,37,15:06,Tuesday,ISLINGTON STATION,Operations - Operator,20,40,N,8604
2020-09-01,84,15:13,Tuesday,BRADSTOCK AND WESTON,Mechanical,15,25,E,3213
2020-09-01,39,15:20,Tuesday,FINCH STATION,Mechanical,14,28,W,1392
2020-09-01,95,15:31,Tuesday,YORK MILLS AND SCARSDA,Mechanical,10,20,E,1209
2020-09-01,23,15:35,Tuesday,ST CLAIR AND VICTORIA,Security,10,20,E,3107
2020-09-01,92,15:39,Tuesday,WOODBINE BEACH LOOP,Mechanical,9,18,N,9231
2020-09-01,927,15:53,Tuesday,STEELES AND MARTIN GRO,Security,58,73,B,0
2020-09-01,46,15:53,Tuesday,STEELES AND MARTIN GRO,Security,58,73,S,3302
2020-09-01,25,16:00,Tuesday,PAPE STATION,Operations - Operator,12,17,S,8810
2020-09-01,66,16:25,Tuesday,OLD MILL STATION,Operations - Operator,20,40,S,7950
2020-09-01,927,16:56,Tuesday,HUMBER COLLEGE AND HIG,Collision - TTC,9,18,W,3196
2020-09-01,122,16:56,Tuesday,ROYWOOD AND FENSIDE,Operations - Operator,14,28,W,1229
2020-09-01,37,17:05,Tuesday,HUMBERWOOD LOOP,Cleaning,23,47,S,8086
2020-09-01,32,17:40,Tuesday,EGLINTON STN - DUPLEX,Mechanical,10,20,N,1349
2020-09-01,72,17:43,Tuesday,COXWELL STATION,Mechanical,10,20,S,8497
2020-09-01,102,17:51,Tuesday,MARKHAM AND SHEPPARD,Security,16,32,S,9232
2020-09-01,102,18:05,Tuesday,MARKHAM AND ELLESMERE,Mechanical,22,46,N,8518
2020-09-01,85,18:14,Tuesday,SHEPPARD AND LESLIE,Security,17,34,W,1396
2020-09-01,52,18:22,Tuesday,LAWRENCE AND AVENUE,Investigation,16,32,W,8100
2020-09-01,52,18:24,Tuesday,LAWRENCE WEST STATION,Mechanical,16,32,,8169
2020-09-01,84,18:35,Tuesday,SHEPPARD AND ARROW,Operations - Operator,15,30,E,3351
2020-09-01,35,18:44,Tuesday,JANE AND LAWRENCE,Emergency Services,0,0,S,3314
2020-09-01,36,18:49,Tuesday,FINCH STATION,Security,7,14,,3343
2020-09-01,35,19:17,Tuesday,407 JANE STREET,Mechanical,6,14,S,3367
2020-09-01,81,19:28,Tuesday,PAPE AND COSBURN,Investigation,10,20,S,8597
2020-09-01,35,20:09,Tuesday,JANE AND GOLDWIN,Road Blocked - NON-TTC Collision,5,11,S,3297
2020-09-01,95,20:10,Tuesday,YORK MILLS STATION,Mechanical,14,28,E,3460
2020-09-01,37,20:52,Tuesday,ISLINGTON AND ABERFOLY,Investigation,22,46,N,8604
2020-09-01,47,21:03,Tuesday,YORKDALE RD BY ALLEN,General Delay,20,40,N,1006
2020-09-01,118,21:08,Tuesday,WILSON STATION,Mechanical,30,60,N,3266
2020-09-01,75,21:33,Tuesday,SHERBOURNE AND DUNDAS,General Delay,29,42,N,8334
2020-09-01,116,21:49,Tuesday,KENNEDY STATION,Mechanical,19,38,E,8648
2020-09-01,53,22:09,Tuesday,PASSMORE AND MARKHAM,Road Blocked - NON-TTC Collision,40,60,N,3402
2020-09-01,47,22:12,Tuesday,CALEDONIA AND CASTLEFI,Security,20,41,N,1263
2020-09-01,7,22:25,Tuesday,BATHURST STATION,Mechanical,6,13,N,8151
2020-09-01,32,22:29,Tuesday,BATHURST AND EGLINTON,Mechanical,11,22,W,1603
2020-09-01,47,22:40,Tuesday,YORKDALE ROAD (NORTH O,Security,20,40,N,1575
2020-09-01,25,22:41,Tuesday,PAPE STATION,Vision,10,19,N,8874
2020-09-01,129,22:53,Tuesday,MCCOWAN AND 16TH AVENU,Road Blocked - NON-TTC Collision,40,90,S,3427
2020-09-01,95,23:03,Tuesday,ELLESMERE AND MCCOWAN,Emergency Services,9,18,E,3542
2020-09-01,17,23:04,Tuesday,BIRCHMOUNT AND LAWRENC,Mechanical,22,44,N,8538
2020-09-01,102,23:07,Tuesday,ST CLAIR AND BIRCHMOUN,Mechanical,11,22,W,8953
2020-09-02,332,02:12,Wednesday,EGLINTON AND OAKWOOD,Investigation,180,240,,8312
2020-09-02,336,03:30,Wednesday,FINCH AND YONGE,Security,30,60,E,3356
2020-09-02,163,05:14,Wednesday,EGLINTON AND OAKWOOD,Road Blocked - NON-TTC Collision,0,0,,0
2020-09-02,73,05:21,Wednesday,EGLINTON AND WYNFORD,Emergency Services,17,34,E,7971
2020-09-02,165,05:57,Wednesday,ARROW DIVISION,Emergency Services,0,0,,3625
2020-09-02,32,06:35,Wednesday,EGLINTON AND ALLEN,Mechanical,11,22,E,1071
2020-09-02,32,07:03,Wednesday,EGLINTON AND OAKWOOD,Mechanical,7,14,E,1077
2020-09-02,81,07:41,Wednesday,PAPE STATION,Emergency Services,7,14,,8465
2020-09-02,77,08:05,Wednesday,WINDERMERE AND MORNING,General Delay,625,640,N,0
2020-09-02,32,08:17,Wednesday,EGLINTON AND ISLINGTON,Collision - TTC,11,22,E,3733
2020-09-02,5,08:42,Wednesday,AVENUE AND DAVENPORT,Emergency Services,20,159,,0
2020-09-02,54,09:05,Wednesday,EGLINTON STATION,Mechanical,14,28,,8927
2020-09-02,79,09:10,Wednesday,RUNNYMEDE AND ST CLAIR,Mechanical,9,26,S,1418
2020-09-02,88,09:34,Wednesday,LAIRD AND CONVARCO,Mechanical,7,14,,1367
2020-09-02,110,09:35,Wednesday,LAKESHORE AND 36,General Delay,60,84,E,8067
2020-09-02,6,09:53,Wednesday,BAY AND ADELAIDE,Investigation,10,62,S,1122
2020-09-02,132,10:09,Wednesday,SCARBOROUGH TOWN CENTR,Emergency Services,24,48,,3419
2020-09-02,21,11:40,Wednesday,BRIMELY AND FINCH,Emergency Services,18,35,S,3501
2020-09-02,45,12:47,Wednesday,KIPLING STATION,Mechanical,0,0,,8024
2020-09-02,25,14:37,Wednesday,PAPE STATION,Operations - Operator,10,20,S,8945
2020-09-02,25,15:30,Wednesday,DON MILLS STATION,Operations - Operator,12,19,S,8942
2020-09-02,67,15:36,Wednesday,VICTORIA PARK STATION,Collision - TTC,10,20,,8700
2020-09-02,96,15:42,Wednesday,WILSON AND JULIAN,Emergency Services,26,52,E,3230
2020-09-02,95,15:42,Wednesday,ELLESMERE AND KENNEDY,Mechanical,10,21,W,3471
2020-09-02,106,15:46,Wednesday,SHEPPARD WEST STATION,Investigation,12,24,,8129
2020-09-02,48,15:48,Wednesday,RATHBURN AT THE WEST M,Emergency Services,0,0,W,8449
2020-09-02,102,16:12,Wednesday,MARKHAM AND GREENCEDAR,Security,7,14,S,8486
2020-09-02,66,16:25,Wednesday,OLD MILL STATION,Operations - Operator,20,40,S,8611
2020-09-02,927,16:31,Wednesday,HUMBER COLLEGE,Mechanical,9,18,S,3583
2020-09-02,20,16:34,Wednesday,MIDLAND AND ST CLAIR,Emergency Services,20,40,N,8409
2020-09-02,32,16:45,Wednesday,EMMETT AND VERONA,Operations - Operator,6,12,E,1038
2020-09-02,32,16:57,Wednesday,EGLINTON AND WINCOTT,Mechanical,9,18,W,1281
2020-09-02,7,17:27,Wednesday,BATHURST AND DAVENPORT,Collision - TTC,5,10,S,8115
2020-09-02,72,17:27,Wednesday,PAPE STATION,Collision - TTC,0,0,,8595
2020-09-02,11,17:33,Wednesday,STEELES AND BAYVIEW,Collision - TTC,0,0,S,1368
2020-09-02,54,17:38,Wednesday,LAWRENCE AND SCARBOROU,Operations - Operator,13,25,S,8835
2020-09-02,52,17:54,Wednesday,LAWRENCE WEST STATION,Mechanical,13,16,E,8170
2020-09-02,56,17:57,Wednesday,EGLINTON AND BRENTCLIF,Operations - Operator,21,63,S,8345
2020-09-02,70,18:11,Wednesday,COXWELL AND O CONNOR,Road Blocked - NON-TTC Collision,1,1,E,8639
2020-09-02,110,18:15,Wednesday,ISLINGTON AND EVANS,Operations - Operator,24,48,S,8610
2020-09-02,96,18:27,Wednesday,WILSON AND BATHURST,Road Blocked - NON-TTC Collision,47,67,E,3217
2020-09-02,54,18:30,Wednesday,LAWRENCE AND COLLINSGR,Security,15,31,W,8875
2020-09-02,105,18:50,Wednesday,SHEPPARD WEST STATION,Mechanical,12,24,S,8308
2020-09-02,39,18:51,Wednesday,FINCH AND BAYVIEW,Mechanical,7,13,W,1255
2020-09-02,11,18:54,Wednesday,BAYVIEW AND STEELES,Mechanical,15,30,S,1219
2020-09-02,34,19:29,Wednesday,EGLINTON AND BIRCHMOUN,Road Blocked - NON-TTC Collision,0,0,E,0
2020-09-02,102,19:34,Wednesday,MARKHAM AND LAWRENCE,Collision - TTC,7,14,S,8486
2020-09-02,7,19:38,Wednesday,BATHURST AND EGLINTON,Mechanical,7,14,N,1342
2020-09-02,52,19:38,Wednesday,LAWRENCE WEST STATION,Emergency Services,13,26,,8330
2020-09-02,47,19:44,Wednesday,LANSDOWNE AND BRIDGELA,Investigation,241,262,N,1048
2020-09-02,69,19:57,Wednesday,BIRCHMOUNT AND NEWLAND,Road Blocked - NON-TTC Collision,15,30,S,3107
2020-09-02,131,20:16,Wednesday,LITTLES AND OLD FINCH,Security,13,26,N,1341
2020-09-02,39,20:52,Wednesday,FINCH AND KENNEDY,General Delay,95,105,B,1310
2020-09-02,47,21:17,Wednesday,YORKDALE STN,Mechanical,20,40,,1001
2020-09-02,999,21:20,Wednesday,QUEENSWAY GARAGE,Emergency Services,0,0,,0
2020-09-02,34,22:09,Wednesday,KENNEDY STATION,Security,18,29,,8881
2020-09-02,102,00:04,Wednesday,WARDEN STATION,Security,11,22,,8587
2020-09-03,395,04:04,Thursday,YORK MILLS AND YONGE,Mechanical,30,60,E,1396
2020-09-03,89,04:41,Thursday,HIGH PARK STATION,Operations - Operator,30,60,E,1305
2020-09-03,76,05:14,Thursday,ROYAL YORK AND EVANS,Operations - Operator,20,40,S,8609
2020-09-03,84,05:27,Thursday,SHEPPARD AND ARROW,Mechanical,6,12,E,3322
2020-09-03,84,05:27,Thursday,SHEPPARD AND ARROW,Mechanical,6,12,E,3322
2020-09-03,91,05:28,Thursday,WOODBINE STATION,Mechanical,40,60,,8741
2020-09-03,337,05:37,Thursday,ISLINGTON AND STEELES,Mechanical,15,30,S,8005
2020-09-03,17,05:46,Thursday,WARDEN STATION,Mechanical,22,31,S,8559
2020-09-03,32,05:54,Thursday,EGLINTON AND SPADINA,Mechanical,15,30,E,1036
2020-09-03,131,06:06,Thursday,MCLEVIN AND GREENSPIRE,Road Blocked - NON-TTC Collision,228,238,,0
2020-09-03,118,06:10,Thursday,WILSON STATION,Operations - Operator,30,60,,3610
2020-09-03,168,06:11,Thursday,DUNDAS WEST STATION,Collision - TTC,0,0,,1019
2020-09-03,85,06:30,Thursday,YONGE SHEPPARD STATION,Investigation,0,0,W,3497
2020-09-03,29,06:30,Thursday,PRINCES' GATE,Mechanical,6,12,N,9046
2020-09-03,97,06:44,Thursday,HILDA AND STEELES,Mechanical,30,60,N,1241
2020-09-03,43,06:52,Thursday,KENNEDY STATION,Mechanical,10,20,,8630
2020-09-03,79,07:08,Thursday,RUNNYMEDE STATION,Mechanical,0,0,,1072
2020-09-03,25,07:22,Thursday,DON MILLS AND LAWRENCE,Cleaning,0,0,S,8714
2020-09-03,77,07:52,Thursday,WINDERMERE AND MORNING,General Delay,630,645,N,0
2020-09-03,52,08:09,Thursday,THE WESTWAY AND BRAECR,Mechanical,3,14,E,1252
2020-09-03,161,08:09,Thursday,OSSINGTON STATION,Mechanical,20,40,W,1054
2020-09-03,36,08:21,Thursday,HUMBERLINE AND WOODLOT,Vision,8,16,W,9131
2020-09-03,52,08:33,Thursday,LAWRENCE WEST STATION,Mechanical,2,13,W,1283
2020-09-03,84,09:22,Thursday,BRADSTOCK AT WESTON,Mechanical,8,18,,3245
2020-09-03,85,09:36,Thursday,SHEPPARD AVE E AND COM,Emergency Services,7,15,E,9000
2020-09-03,53,09:38,Thursday,YONGE AND DREWRY,Mechanical,13,26,W,9065
2020-09-03,42,09:42,Thursday,FINCH STATION,Mechanical,13,26,,8347
2020-09-03,39,09:45,Thursday,FINCH STATION,Mechanical,6,9,,3537
2020-09-03,53,10:20,Thursday,FINCH STATION,Mechanical,13,26,,1391
2020-09-03,17,10:28,Thursday,WARDEN STATION,Mechanical,7,14,N,9208
2020-09-03,72,10:48,Thursday,CARLAW AND QUEEN,Collision - TTC,19,38,S,8472
2020-09-03,74,11:15,Thursday,ST CLAIR STATION,Operations - Operator,28,57,W,8354
2020-09-03,36,11:34,Thursday,JANE TO WESTON,General Delay,0,0,W,0
2020-09-03,927,11:44,Thursday,HUMBER COLLEGE,Mechanical,10,20,S,3649
2020-09-03,54,11:49,Thursday,LAWRENCE AND BELLAMY,Security,14,28,E,8634
2020-09-03,89,12:10,Thursday,HIGH PARK STATION,Utilized Off Route,20,30,S,1329
2020-09-03,133,12:43,Thursday,FINCH AND MORNINGSIDE,Security,11,22,W,3454
2020-09-03,29,13:10,Thursday,DUFFERIN AND LAWRENCE,Mechanical,7,15,S,9145
2020-09-03,79,13:48,Thursday,PINE AND LAWRENCE,Mechanical,24,28,N,1349
2020-09-03,28,13:52,Thursday,DAVISVILLE STATION,Emergency Services,0,0,N,8324
2020-09-03,51,13:59,Thursday,LESLIE STATION,Operations - Operator,27,54,,8192
2020-09-03,32,14:06,Thursday,EGLINTON AND WESTON,Mechanical,13,26,W,1258
2020-09-03,65,14:18,Thursday,CASTLE FRANK STATION,Diversion,13,170,,0
2020-09-03,165,14:26,Thursday,WILSON STATION,Security,10,25,E,3605
2020-09-03,102,14:43,Thursday,WARDEN STATION,Mechanical,20,40,W,8469
2020-09-03,116,14:55,Thursday,KENNEDY STATION,Operations - Operator,29,59,S,8626
2020-09-03,96,15:30,Thursday,YORK MILLS STATION,Utilized Off Route,25,50,W,3638
2020-09-03,102,15:34,Thursday,WARDEN STATION,Utilized Off Route,22,44,W,8482
2020-09-03,130,15:36,Thursday,PASSMORE AND MAYBROOK,Emergency Services,244,258,S,0
2020-09-03,7,15:41,Thursday,GREENWIN VILLAGE AND B,Mechanical,16,23,,8191
2020-09-03,2,16:06,Thursday,BLOOR AND YONGE,Security,0,0,W,8710
2020-09-03,119,16:06,Thursday,WILSON AND TRANSIT,Collision - TTC,25,50,W,3717
2020-09-03,34,16:08,Thursday,EGLINTON AND PHARMACY,Investigation,0,0,E,8849
2020-09-03,75,16:18,Thursday,LOWER JARVIS AND N OF,Mechanical,9,18,N,1364
2020-09-03,7,16:40,Thursday,BATHURST AND REINER,Mechanical,5,11,S,8325
2020-09-03,133,16:48,Thursday,SEASONS AND GROSBEAK,Collision - TTC,8,16,E,3478
2020-09-03,121,16:54,Thursday,MILL AND TRINITY,General Delay,24,48,W,3164
2020-09-03,102,17:09,Thursday,KINGSTON AND NEILSON A,Security,10,20,E,8474
2020-09-03,21,17:10,Thursday,BRIMLEY AND EGLINTON,Mechanical,11,22,W,1403
2020-09-03,161,17:13,Thursday,JANE AND ALLIANCE,Operations - Operator,23,60,W,1052
2020-09-03,32,18:28,Thursday,EGLINTON AND KEELE,Operations - Operator,10,20,W,1417
2020-09-03,10,18:30,Thursday,DON MILLS AND ESTERBRO,Mechanical,15,30,W,1384
2020-09-03,76,18:31,Thursday,LAKESHORE AND MIMICO,Emergency Services,60,70,N,0
2020-09-03,132,19:05,Thursday,SCARBOROUGH TOWN CENTR,Mechanical,7,14,E,3422
2020-09-03,86,19:14,Thursday,KENNEDY STATION,Mechanical,18,36,E,8916
2020-09-03,53,19:53,Thursday,STEELES AND LESLIE,Mechanical,6,12,,3539
2020-09-03,36,20:33,Thursday,FINCH AND BATHURST,Security,8,16,E,3337
2020-09-03,116,20:51,Thursday,NIGHTSTAR AND MORNINGS,Operations - Operator,11,22,S,8662
2020-09-03,79,20:55,Thursday,RUNNYMEDE AND DUNDAS,Road Blocked - NON-TTC Collision,24,48,N,1555
2020-09-03,79,21:00,Thursday,ST CLAIR WEST AND JANE,Emergency Services,12,24,W,1555
2020-09-03,36,21:23,Thursday,FINCH STATION,Emergency Services,0,0,S,3205
2020-09-03,62,22:05,Thursday,MORTIMER AND COXWELL,Emergency Services,0,0,W,3168
2020-09-03,57,22:18,Thursday,KENNEDY STATION,General Delay,25,50,N,8650
2020-09-03,29,23:26,Thursday,SPRINGHURST LOOP,Emergency Services,0,0,,9034
2020-09-03,24,23:28,Thursday,VICTORIA PARK STATION,Security,10,29,N,8488
2020-09-03,34,01:33,Thursday,KENNEDY STATION,Emergency Services,11,31,,8736
2020-09-04,300,03:28,Friday,BLOOR AND KINGSWAY,Investigation,17,34,W,8761
2020-09-04,53,04:01,Friday,MALVERN GARAGE,Operations - Operator,30,60,,0
2020-09-04,53,04:01,Friday,NEWGALE AND FINCHDENE,Operations - Operator,30,60,W,0
2020-09-04,123,04:20,Friday,DANFORTH AND DANFORTH,Mechanical,13,30,W,7934
2020-09-04,40,04:48,Friday,DUNDAS AND NOTTINGHAM,Road Blocked - NON-TTC Collision,10,20,,0
2020-09-04,84,05:11,Friday,SHEPPARD AND ARROW,Operations - Operator,25,31,E,3621
2020-09-04,76,05:14,Friday,ROYAL YORK AND EVANS,Operations - Operator,20,42,N,8450
2020-09-04,25,05:46,Friday,DON MILLS AND FRESHMEA,Mechanical,15,30,S,8934
2020-09-04,59,06:19,Friday,LAWRENCE WEST STATION,Mechanical,24,48,W,3270
2020-09-04,36,06:21,Friday,FINCH AND HWY 400,Road Blocked - NON-TTC Collision,240,250,W,0
2020-09-04,163,06:30,Friday,OAKWOOD AND ST CLAIR,Mechanical,11,22,N,8308
2020-09-04,37,06:48,Friday,ISLINGTON STATION,Operations - Operator,23,45,N,8023
2020-09-04,88,07:00,Friday,WICKSTEAD AND LAIRD,Mechanical,14,15,E,8107
2020-09-04,96,07:33,Friday,YORK MILLS STATION,Operations - Operator,20,40,,3344
2020-09-04,54,07:42,Friday,LAWRENCE EAST STATION,Vision,12,24,,8941
2020-09-04,112,08:24,Friday,THE WEST MALL AND BURN,Road Blocked - NON-TTC Collision,0,0,S,0
2020-09-04,59,08:53,Friday,WESTON AND OAK,Mechanical,21,42,E,3616
2020-09-04,129,08:59,Friday,SCARBOROUGH CENTRE STA,Operations - Operator,20,41,,1377
2020-09-04,122,09:15,Friday,ROYWOOD AND FENSIDE,Mechanical,11,22,W,8167
2020-09-04,5,09:44,Friday,EGLINTON STATION,Operations - Operator,30,60,,8368
2020-09-04,80,10:22,Friday,HIGH PARK STATION,Operations - Operator,20,40,,8049
2020-09-04,116,10:45,Friday,2495 EGLINTON AND MID,Security,11,22,E,8732
2020-09-04,165,11:22,Friday,WILSON STATION,Collision - TTC,10,20,,3637
2020-09-04,600,11:22,Friday,WILSON STATION,Collision - TTC,0,0,,3207
2020-09-04,600,12:02,Friday,KINGSTON AND HIGHLAND,Mechanical,0,0,W,8804
2020-09-04,29,12:33,Friday,DUFFERIN AND LAWRENCE,Operations - Operator,8,15,N,9143
2020-09-04,45,12:45,Friday,KIPLING AND BETHRIDGE,Collision - TTC,12,24,N,8444
2020-09-04,160,12:57,Friday,BATHURST AND DANBY,Operations - Operator,25,50,S,8350
2020-09-04,80,13:12,Friday,HIGH PARK STATION,Emergency Services,20,40,E,7943
2020-09-04,36,13:39,Friday,FINCH WEST STATION,Operations - Operator,5,10,,9127
2020-09-04,12,14:23,Friday,VICTORIA PARK STATION,Mechanical,10,20,,8584
2020-09-04,53,14:47,Friday,STEELES AND WILLOWDALE,Collision - TTC,6,12,W,9016
2020-09-04,29,15:25,Friday,WILSON STATION,Operations - Operator,8,15,N,0
2020-09-04,113,15:54,Friday,KENNEDY STATION,Emergency Services,11,22,,3169
2020-09-04,79,15:55,Friday,RUNNYMEDE STATION,Operations - Operator,8,14,N,0
2020-09-04,134,15:56,Friday,IRONSIDE AND MCNICOLL,Emergency Services,18,32,N,3540
2020-09-04,32,16:01,Friday,EMMETT AND VERONA,Operations - Operator,8,16,E,1115
2020-09-04,29,16:07,Friday,DUFFERIN AND LAWRENCE,Collision - TTC,0,0,S,1073
2020-09-04,29,16:07,Friday,DUFFERIN AND DUNDAS,Collision - TTC,8,15,N,9028
2020-09-04,129,16:07,Friday,MCCOWAN AND STEELES,Operations - Operator,15,30,N,3493
2020-09-04,35,16:08,Friday,PIONEER VILLAGE STATIO,Operations - Operator,4,12,S,0
2020-09-04,43,16:15,Friday,KENNEDY AND PROGRESS,General Delay,23,38,,0
2020-09-04,68,16:20,Friday,WARDEN STATION,Operations - Operator,8,16,N,8664
2020-09-04,73,16:20,Friday,ROYAL YORK STATION,Operations - Operator,17,33,N,0
2020-09-04,66,16:25,Friday,OLD MILL STATION,Operations - Operator,20,40,S,7942
2020-09-04,52,16:57,Friday,LAWRENCE WEST STATION,Operations - Operator,16,32,E,8117
2020-09-04,17,17:11,Friday,BIRCHMOUNT - SHEPPARD,Road Blocked - NON-TTC Collision,280,290,,0
2020-09-04,42,17:20,Friday,FINCH STATION,Operations - Operator,10,20,E,8320
2020-09-04,102,17:43,Friday,WARDEN STATION,Operations - Operator,14,30,,0
2020-09-04,85,18:18,Friday,SHEPPARD AND BRIMLEY,Collision - TTC,6,12,W,3563
2020-09-04,29,18:20,Friday,DUFFERIN AND DANE,Road Blocked - NON-TTC Collision,8,16,S,0
2020-09-04,52,18:23,Friday,LAWRENCE AND BOLINGBRO,Investigation,0,0,W,0
2020-09-04,100,18:40,Friday,BROADVIEW STATION,Security,9,18,N,8631
2020-09-04,85,18:48,Friday,SHEPPARD AND GRAND MAR,Collision - TTC,6,12,E,1676
2020-09-04,21,19:23,Friday,BRIMLEY AND STEELES,Emergency Services,13,26,N,3464
2020-09-04,53,19:34,Friday,PASSMORE AND MARKHAM,Emergency Services,5,26,E,9077
2020-09-04,29,19:37,Friday,DUFFERIN AND APEX,Investigation,8,16,S,9045
2020-09-04,117,19:48,Friday,ALNESS AND DOLOMITE,Emergency Services,24,0,N,8195
2020-09-04,43,19:57,Friday,MIDLAND AND STEELES,Collision - TTC,10,20,S,8876
2020-09-04,52,20:08,Friday,LAWRENCE WEST STATION,Operations - Operator,16,32,E,8117
2020-09-04,96,20:47,Friday,WILSON AND AVENUE ROAD,Road Blocked - NON-TTC Collision,25,35,W,3356
2020-09-04,165,20:47,Friday,WILSON AND AVENUE ROAD,Road Blocked - NON-TTC Collision,25,30,W,3322
2020-09-04,165,20:57,Friday,WILSON AND AVENUE,Road Blocked - NON-TTC Collision,25,30,E,3322
2020-09-04,88,21:15,Friday,ST CLAIR STATION,Emergency Services,15,36,,8162
2020-09-04,37,21:22,Friday,ISLINGTON STATION,Mechanical,23,46,N,8044
2020-09-04,84,21:25,Friday,SHEPPARD AND KEELE,Cleaning,9,17,W,3196
2020-09-04,165,21:25,Friday,YORK MILLS STATION,Emergency Services,10,15,,3357
2020-09-04,40,22:07,Friday,DUNDAS AND JANE,Security,15,30,W,8459
2020-09-04,5,22:15,Friday,AVENUE AND BLOOR,Road Blocked - NON-TTC Collision,22,44,N,8368
2020-09-04,161,22:31,Friday,ALLIANCE AND ROCKCLIFF,Mechanical,30,60,E,1349
2020-09-04,43,00:12,Friday,KENNEDY STATION,Operations - Operator,14,28,,8740
2020-09-04,129,01:31,Friday,STEELES AND MCCOWAN,Emergency Services,10,20,,3460
2020-09-05,320,03:29,Saturday,YONGE AND STEELES (SOU,Emergency Services,3,7,S,1051
2020-09-05,334,04:13,Saturday,FINCH AND TAPSCOTT,Security,15,30,W,8629
2020-09-05,46,05:46,Saturday,MARTIN GROVE AND BELFI,General Delay,691,711,,0
2020-09-05,20,05:59,Saturday,KENNEDY STATION,Emergency Services,15,28,,3113
2020-09-05,75,06:29,Saturday,SHERBOURNE AND GERRARD,Security,0,0,S,1210
2020-09-05,21,06:59,Saturday,KENNEDY STATION,Emergency Services,0,0,,3468
2020-09-05,102,08:20,Saturday,MARKHAM AND MILNER,Collision - TTC,10,20,N,8595
2020-09-05,54,08:54,Saturday,LAWRENCE AND MARKHAM,Emergency Services,20,40,W,8938
2020-09-05,113,09:18,Saturday,KENNEDY STATION,Emergency Services,30,50,,7768
2020-09-05,90,10:59,Saturday,VAUGHAN AND ST CLAIR,Investigation,8,16,S,8191
2020-09-05,129,12:32,Saturday,MCCOWAN AND MCNICOLL,Investigation,7,12,S,3431
2020-09-05,105,13:03,Saturday,DUFFERIN AND GERRY FIT,Mechanical,15,30,W,1222
2020-09-05,123,13:40,Saturday,KIPLING STATION,Operations - Operator,20,40,S,8412
2020-09-05,41,14:10,Saturday,OLD WESTON AND ST CLAI,Emergency Services,10,20,N,1098
2020-09-05,86,15:23,Saturday,EGLINTON AND MARKHAM,Security,7,14,W,8706
2020-09-05,102,17:04,Saturday,WARDEN STATION,Operations - Operator,57,114,N,9222
2020-09-05,161,17:05,Saturday,ROGERS AND OAKWOOD,Operations - Operator,20,40,E,1415
2020-09-05,34,17:08,Saturday,ROCHEFORT DRIVE AND FE,Security,18,36,,8772
2020-09-05,118,18:02,Saturday,WILSON AND TRANSIT,Operations - Operator,30,60,,3352
2020-09-05,110,18:20,Saturday,ISLINGTON STATION,Operations - Operator,20,40,S,0
2020-09-05,9,18:24,Saturday,WARDEN STATION,Cleaning,24,48,N,8589
2020-09-05,73,18:38,Saturday,ALBION AND CLAREPORT,Mechanical,25,50,S,8076
2020-09-05,73,18:48,Saturday,ROYAL YORK STATION,Operations - Operator,30,60,N,8332
2020-09-05,29,18:48,Saturday,DUFFERIN AND EGLINTON,Road Blocked - NON-TTC Collision,51,60,N,9043
2020-09-05,9,18:54,Saturday,SCARBOROUGH CENTRE STA,Operations - Operator,24,48,S,3165
2020-09-05,105,18:57,Saturday,DUFFERIN AND FINCH,Collision - TTC,0,0,S,8345
2020-09-05,66,19:00,Saturday,OLD MILL STATION,Operations - Operator,20,40,S,7913
2020-09-05,86,20:13,Saturday,KENNEDY STATION,Operations - Operator,7,14,,8923
2020-09-05,57,20:20,Saturday,KENNEDY STATION,Operations - Operator,14,28,,8647
2020-09-05,39,20:47,Saturday,FINCH AND MARKHAM RD,Road Blocked - NON-TTC Collision,46,56,W,9088
2020-09-05,52,20:55,Saturday,LAWRENCE AND ELM,Security,0,0,W,8161
2020-09-05,51,21:13,Saturday,LESLIE AND LESMILL,Security,30,60,N,8194
2020-09-05,42,21:57,Saturday,FINCH STATION,Mechanical,16,32,,8120
2020-09-05,54,21:57,Saturday,LAWRENCE AND VICTORIA,Investigation,20,40,W,8728
2020-09-05,14,22:00,Saturday,CHAPLIN AND BRAMERE,Investigation,20,175,,0
2020-09-06,165,04:18,Sunday,WESTON AND FINCH (SOUT,Diversion,55,65,S,0
2020-09-06,95,06:18,Sunday,ELLESMERE AND MORNINGS,Security,30,60,E,1255
2020-09-06,57,07:57,Sunday,EGLINTON AND KENNEDY (,Collision - TTC,17,34,W,8781
2020-09-06,20,07:57,Sunday,EGLINTON AND NORTH SER,Road Block - Non-TTC Collision,25,50,W,9223
2020-09-06,57,08:00,Sunday,EGLINTON AND KENNEDY,Road Block - Non-TTC Collision,90,117,,0
2020-09-06,116,08:00,Sunday,EGLINTON AND MORNINGSI,Road Block - Non-TTC Collision,90,130,,0
2020-09-06,175,08:00,Sunday,EGLINTON AND KENNEDY,Road Block - Non-TTC Collision,90,135,W,0
2020-09-06,927,08:14,Sunday,KIPLING STATION,Operations - Operator,10,20,,3270
2020-09-06,21,08:20,Sunday,EGLINTON AND KENNEDY,Road Blocked - NON-TTC Collision,90,112,W,0
2020-09-06,34,08:20,Sunday,KENNEDY STATION,Road Blocked - NON-TTC Collision,102,112,W,8645
2020-09-06,86,08:20,Sunday,EGLITNON AND KENNEDY,Road Blocked - NON-TTC Collision,90,138,W,0
2020-09-06,39,09:17,Sunday,FINCH AND WARDEN,Emergency Services,17,34,W,9006
2020-09-06,7,10:03,Sunday,BATHURST AND WILSON,Mechanical,10,20,S,8320
2020-09-06,133,10:04,Sunday,NEILSON AND ELLESMERE,Road Blocked - NON-TTC Collision,88,100,S,3521
2020-09-06,12,10:20,Sunday,KENNEDY STATION,Mechanical,10,20,,8562
2020-09-06,32,11:25,Sunday,EGLINTON AND FAIRLEIGH,Security,0,0,W,1380
2020-09-06,60,12:30,Sunday,FINCH STATION,Mechanical,10,20,W,3350
2020-09-06,54,12:43,Sunday,LAWRENCE E AND PHARMAC,Collision - TTC,18,36,E,8932
2020-09-06,43,13:49,Sunday,KENNEDY AND ELLESMERE,Security,15,30,S,8646
2020-09-06,36,13:52,Sunday,HUMBERWOOD LOOP,Mechanical,5,10,E,3724
2020-09-06,42,14:00,Sunday,FINCH STATION,Mechanical,16,32,,8386
2020-09-06,36,14:10,Sunday,HUMBERWOOD LOOP,Security,5,10,,3230
2020-09-06,52,14:15,Sunday,LAWRENCE AND WESTON,Investigation,0,0,E,8116
2020-09-06,927,14:37,Sunday,HUMBER COLLEGE AND FIN,Collision - TTC,0,0,W,3211
2020-09-06,87,14:45,Sunday,COSBURN AND PAPE,Security,10,20,E,3156
2020-09-06,92,15:07,Sunday,WOODBINE STATION,General Delay,0,0,,8470
2020-09-06,94,16:11,Sunday,WELLESLEY AND QUEENS P,Collision - TTC,0,0,W,3734
2020-09-06,113,16:12,Sunday,DANFORTH AVE AND LEYTO,Road Blocked - NON-TTC Collision,0,0,W,3106
2020-09-06,25,17:25,Sunday,DON MILLS AND FAIRVIEW,Mechanical,10,20,N,8748
2020-09-06,36,18:49,Sunday,HUMBERWOOD LOOP,Security,7,14,,3581
2020-09-06,86,18:52,Sunday,KENNEDY STATION,Mechanical,8,16,E,8874
2020-09-06,900,18:53,Sunday,KIPLING STATION,Mechanical,9,18,N,8008
2020-09-06,53,19:40,Sunday,STEELES AND KENNEDY,Collision - TTC,10,20,E,3553
2020-09-06,35,19:46,Sunday,PIONEER VILLAGE STATIO,Security,7,17,,3586
2020-09-06,89,20:50,Sunday,WESTON AND CRAYDON,Security,10,20,S,1104
2020-09-06,42,21:47,Sunday,MCNICOLL AND DON MILLS,Emergency Services,24,48,E,8141
2020-09-06,85,21:50,Sunday,SHEPPARD AND SCUNTHORP,Road Blocked - NON-TTC Collision,0,0,W,0
2020-09-06,25,21:56,Sunday,DON MILLS AND MCNICOLL,Diversion,89,99,S,8740
2020-09-06,54,23:21,Sunday,LAWRENCE AND MORNINGSI,Security,21,43,W,8814
2020-09-07,54,02:15,Monday,LAWRENCE AND EAST,Emergency Services,30,30,W,8883
2020-09-07,307,03:30,Monday,FORT YORK AND SPADINA,Road Blocked - NON-TTC Collision,130,160,W,0
2020-09-07,89,04:17,Monday,WESTON AND MCCORMACK,Road Blocked - NON-TTC Collision,72,57,N,0
2020-09-07,395,06:27,Monday,ELLESMERE AND MEADOWVA,Mechanical,30,60,W,3432
2020-09-07,68,06:57,Monday,WARDEN AND FINCH,Road Blocked - NON-TTC Collision,35,57,S,0
2020-09-07,51,07:36,Monday,LESLIE - STEELES TO EQ,Investigation,990,102,N,0
2020-09-07,112,08:15,Monday,QUEENSWAY DIVISION,Mechanical,20,40,,7967
2020-09-07,129,10:12,Monday,SCARBOROUGH CENRE STAT,Emergency Services,10,20,N,1310
2020-09-07,53,10:26,Monday,FINCH STATION,Mechanical,7,18,,9007
2020-09-07,97,10:48,Monday,DAVISVILLE STATION,General Delay,30,60,,8320
2020-09-07,95,11:32,Monday,YORK MILLS AND VALLEYW,Security,21,42,E,3453
2020-09-07,162,12:00,Monday,LAWRENCE STATION,Mechanical,30,60,S,1319
2020-09-07,34,12:17,Monday,EGLINTON AND WYNFORD,Vision,12,24,W,8687
2020-09-07,14,12:42,Monday,CALEDONIA AND GLENCAIR,Cleaning,20,40,N,1084
2020-09-07,54,13:16,Monday,ORTON PARK AND BRIMORT,Mechanical,15,31,W,8706
2020-09-07,161,13:33,Monday,OSSINGTON STATION,Security,11,22,,1105
2020-09-07,24,14:04,Monday,VICTORIA PARK AND STEE,Mechanical,7,17,S,9213
2020-09-07,14,15:20,Monday,GLENCAIRN AND LANSDOWN,Mechanical,20,40,E,1036
2020-09-07,102,15:40,Monday,WARDEN STATION,Mechanical,10,20,E,3143
2020-09-07,22,16:04,Monday,COXWELL STATION,Mechanical,10,20,S,8570
2020-09-07,124,16:24,Monday,LAWRENCE AND WEYBORUNE,Emergency Services,20,40,E,8212
2020-09-07,96,16:36,Monday,WEST HUMBER AND MOON V,Emergency Services,20,40,W,3589
2020-09-07,11,16:42,Monday,DAVISVILLE AND MT PLEA,Utilized Off Route,30,60,S,8371
2020-09-07,118,16:54,Monday,WESTON AND WALSH,Road Blocked - NON-TTC Collision,44,74,E,0
2020-09-07,165,16:54,Monday,WESTON AND WALSH,Road Blocked - NON-TTC Collision,44,54,E,3195
2020-09-07,96,16:55,Monday,WESTON AND WALSH,Road Blocked - NON-TTC Collision,54,64,E,3195
2020-09-07,111,17:21,Monday,KIPLING STATION,Mechanical,16,32,N,8416
2020-09-07,73,17:25,Monday,ROYAL YORK AND EGLINTO,Mechanical,15,30,N,8039
2020-09-07,126,18:20,Monday,ST. CLAIR AND WYCHWOOD,Investigation,30,60,E,1586
2020-09-07,43,18:45,Monday,KENNEDY STATION,Mechanical,10,20,N,8871
2020-09-07,89,19:11,Monday,WESTON AND EGLINTON,Mechanical,20,40,S,1532
2020-09-07,107,19:40,Monday,POINEER VILLAGE STATIO,Mechanical,30,60,W,3363
2020-09-07,32,20:22,Monday,EMMETT AND JANE,Mechanical,30,60,W,1069
2020-09-07,52,21:27,Monday,LAWRENCE STATION,Vision,20,40,W,8302
2020-09-07,135,21:57,Monday,MAIN STREET STATION,Mechanical,30,60,,9230
2020-09-07,52,00:05,Monday,AIRPORT AND SILVER DAR,Collision - TTC,20,40,E,8125
2020-09-08,300,04:10,Tuesday,BLOOR AND BATHURST,Vision,30,60,E,3160
2020-09-08,,05:13,Tuesday,MALVERN GARAGE,Collision - TTC,13,13,,3475
2020-09-08,34,05:56,Tuesday,WYNFORD AND DON MILLS,Mechanical,12,24,E,8671
2020-09-08,110,05:58,Tuesday,ISLINGTON AND LAKE SHO,Investigation,0,0,N,0
2020-09-08,59,06:02,Tuesday,JANE AND CHURCH,Mechanical,28,50,S,3711
2020-09-08,42,06:08,Tuesday,FINCH STATION,Mechanical,23,23,S,8183
2020-09-08,52,06:49,Tuesday,LAWRENCE AND ENGLEMOUN,Collision - TTC,17,37,E,8322
2020-09-08,121,07:37,Tuesday,MILL AND TRINITY ST,General Delay,30,60,W,8557
2020-09-08,26,08:10,Tuesday,JANE STATION,Operations - Operator,24,48,W,1007
2020-09-08,118,10:27,Tuesday,JANE AND WILSON,Operations - Operator,30,60,E,3303
2020-09-08,89,12:30,Tuesday,WESTON AND ERNEST DOCK,Collision - TTC,11,22,,9043
2020-09-08,34,12:36,Tuesday,EGLINTON AND LESLIE,General Delay,27,33,W,0
2020-09-08,60,13:30,Tuesday,PIONEER VILLAGE STATIO,Operations - Operator,10,20,E,3224
2020-09-08,24,14:10,Tuesday,VICTORIA PARK STATION,Security,10,20,N,9204
2020-09-08,100,14:55,Tuesday,O'CONNOR W OF PAPE,Road Blocked - NON-TTC Collision,110,119,W,8921
2020-09-08,8,14:57,Tuesday,O'CONNOR AND PAPE,Road Blocked - NON-TTC Collision,65,95,S,3108
2020-09-08,121,15:08,Tuesday,MILL STREET AND TRINIT,General Delay,30,60,W,8557
2020-09-08,37,15:36,Tuesday,REXDALE AND TIDEMORE,Mechanical,24,48,S,7961
2020-09-08,12,16:41,Tuesday,BIRCHMOUNT GARAGE,Operations - Operator,30,60,E,8470
2020-09-08,32,16:41,Tuesday,EGLINTON STATION,Collision - TTC,8,16,,1104
2020-09-08,117,16:42,Tuesday,WHITE HORSE AND STEEPR,Mechanical,13,26,N,8180
2020-09-08,68,17:51,Tuesday,WARDEN AND BRIDLETOWN,Emergency Services,9,17,S,8758
2020-09-08,32,18:15,Tuesday,EGLINTON WEST STATION,Mechanical,10,20,E,1549
2020-09-08,54,18:42,Tuesday,SCARBOROUGH GULF CLUB,Emergency Services,12,25,S,8732
2020-09-08,115,18:44,Tuesday,YORK MILLS AND BAYVIEW,Collision - TTC,24,48,E,8380
2020-09-08,54,18:55,Tuesday,EGLINTON AND DUPLEX,Collision - TTC,15,30,W,8755
2020-09-08,122,18:59,Tuesday,YORK MILLS JUST E OF Y,Investigation,22,36,W,8155
2020-09-08,35,19:32,Tuesday,JANE AND HIGHWAY 400,General Delay,25,0,,0
2020-09-08,39,20:46,Tuesday,NEILSON AND FINCH,Mechanical,9,24,S,9072
2020-09-08,97,20:49,Tuesday,YONGE AND CUMMER,Security,30,60,N,8108
2020-09-08,121,21:47,Tuesday,BAY AND FRONT,General Delay,214,236,,0
2020-09-08,100,22:23,Tuesday,PAPE AND O'CONNOR,Emergency Services,10,20,N,8868
2020-09-08,86,23:47,Tuesday,SHEPPARD AND MEADOWVAL,Emergency Services,15,30,N,8811
2020-09-08,9,01:08,Tuesday,ST CLAIR AND KINGSTON,Collision - TTC,20,20,E,9231
2020-09-09,29,04:52,Wednesday,DUFFERIN AND DANE,Mechanical,11,22,N,9139
2020-09-09,94,05:45,Wednesday,WELLESLEY STATION,Collision - TTC,16,16,,1111
2020-09-09,60,05:45,Wednesday,STEELES AND BATHURST,Mechanical,13,18,E,3317
2020-09-09,79,05:50,Wednesday,PINE AND LAWRENCE,Mechanical,17,34,S,1261
2020-09-09,59,06:19,Wednesday,LAWRENCE WEST STATION,Mechanical,24,48,W,3707
2020-09-09,47,06:39,Wednesday,LANSDOWNE AND DUPONT,Mechanical,12,24,N,3731
2020-09-09,102,06:41,Wednesday,MARKHAM AND NUGGET,Collision - TTC,3,10,S,8493
2020-09-09,72,06:51,Wednesday,PAPE STATION,Investigation,20,38,N,9204
2020-09-09,102,06:56,Wednesday,CENTENNIAL COLLEGE,Mechanical,0,23,S,3163
2020-09-09,36,06:57,Wednesday,FINCH WEST STATION,Mechanical,9,18,W,9122
2020-09-09,121,07:06,Wednesday,MILL AND TRINITY,General Delay,118,121,W,9224
2020-09-09,72,07:11,Wednesday,CARLAW AND EASTERN,Collision - TTC,9,18,N,8553
2020-09-09,24,07:47,Wednesday,VICTORIA PARK STATION,Mechanical,0,0,N,8402
2020-09-09,161,08:52,Wednesday,OSSINGTON STATION,General Delay,264,284,N,0
2020-09-09,59,08:57,Wednesday,CHURCH AND WESTON RD,Collision - TTC,21,42,E,3707
2020-09-09,84,09:53,Wednesday,SHEPPARD AND ALLEN,Mechanical,8,16,E,3345
2020-09-09,133,10:07,Wednesday,SCARBOROUGH CENTRE STA,Cleaning,11,22,E,3453
2020-09-09,133,10:28,Wednesday,SCARBOROUGH CENTRE STA,Cleaning,11,22,E,3447
2020-09-09,75,10:34,Wednesday,SHERBOURNE AND CARLTON,Security,7,15,S,1275
2020-09-09,107,10:42,Wednesday,SHEPPARD WEST STATION,Mechanical,30,60,N,3639
2020-09-09,35,10:43,Wednesday,JANE STATION,Cleaning,6,12,S,3722
2020-09-09,89,10:48,Wednesday,WESTON AND ALBION,Emergency Services,0,0,S,9039
2020-09-09,133,10:49,Wednesday,MORNINGSIDE AND FINCH,Cleaning,11,22,W,3467
2020-09-09,22,10:55,Wednesday,EASTERN AND QUEEN,General Delay,270,279,S,0
2020-09-09,20,11:13,Wednesday,MIDDLAND AND PARK ST,Security,20,40,N,9229
2020-09-09,133,11:22,Wednesday,MORNINGSIDE AND FINCH,Cleaning,11,22,W,3554
2020-09-09,134,11:36,Wednesday,PROGRESS AND BELLAMY,Road Blocked - NON-TTC Collision,76,81,W,0
2020-09-09,9,11:41,Wednesday,BELLAMY AND PROGRESS,Road Blocked - NON-TTC Collision,64,90,N,3108
2020-09-09,51,13:13,Wednesday,LESLIE AND CLANSMAN,Investigation,12,24,N,8139
2020-09-09,108,13:37,Wednesday,SHEPPARD AND W OF KEEL,Collision - TTC,17,38,E,3297
2020-09-09,37,13:39,Wednesday,ISLINGTON AND STEELES,Mechanical,23,46,N,8601
2020-09-09,24,14:07,Wednesday,VICTORIA PARK STATION,Security,10,20,N,9221
2020-09-09,32,14:08,Wednesday,EGLINTON AND SCOTT,Investigation,0,0,E,3730
2020-09-09,11,14:09,Wednesday,CHAPLAIN AND DUPLEX,Mechanical,10,20,W,8353
2020-09-09,129,14:26,Wednesday,MCCOWAN AND SANDHURST,Collision - TTC,7,14,N,3405
2020-09-09,39,14:47,Wednesday,NEILSON AND CROW TRAIL,Mechanical,7,13,S,1308
2020-09-09,73,15:04,Wednesday,ROYAL YORK STATION,Cleaning,24,48,S,7965
2020-09-09,53,15:04,Wednesday,MALVERN GARAGE,Mechanical,6,12,W,1402
2020-09-09,102,15:20,Wednesday,WARDEN STATION,Mechanical,2,4,N,8536
2020-09-09,52,15:29,Wednesday,LAWRENCE AND DUFFERIN,Mechanical,12,24,W,8127
2020-09-09,7,15:33,Wednesday,BATHURST AND CARIBOU,Collision - TTC,7,14,N,8129
2020-09-09,35,15:33,Wednesday,JANE AND SHEPPARD,Mechanical,11,22,S,3343
2020-09-09,74,15:50,Wednesday,ST CLAIR STATION,Security,10,20,,8148
2020-09-09,131,15:57,Wednesday,MCCOWAN AND SHEPPARD,Security,10,20,S,3462
2020-09-09,36,16:04,Wednesday,FINCH AND NORFINCH,Collision - TTC,5,10,E,9105
2020-09-09,47,16:15,Wednesday,ST CLAIR AND CALENDONI,Security,0,0,W,1264
2020-09-09,39,16:20,Wednesday,FINCH AND TAPSCOTT,Mechanical,2,7,W,1401
2020-09-09,129,16:45,Wednesday,MCCOWAN AND HIGHWAY 7,Mechanical,15,30,N,3516
2020-09-09,39,16:52,Wednesday,MALVERN GARAGE,Operations - Operator,5,10,E,0
2020-09-09,927,17:10,Wednesday,HIGHWAY 27 AND ROYALCR,Mechanical,9,18,S,3364
2020-09-09,54,17:17,Wednesday,LAWRENCE AND MARCOS,Road Blocked - NON-TTC Collision,15,30,E,8934
2020-09-09,47,18:12,Wednesday,YORKDALE ROAD ( NEAR Y,Mechanical,26,53,,1417
2020-09-09,110,18:15,Wednesday,ISLINGTON STATION,Security,24,48,S,8461
2020-09-09,96,18:16,Wednesday,WILSON AND JANE,Operations - Operator,23,50,W,3634
2020-09-09,35,18:24,Wednesday,YORK GATE AND JANE,Security,12,24,W,3355
2020-09-09,7,19:17,Wednesday,BATHURST AND GREENWIN,Mechanical,8,16,S,5358
2020-09-09,131,19:30,Wednesday,MORNINGSIDE AND JOHN S,Operations - Operator,9,17,E,3544
2020-09-09,106,19:36,Wednesday,PIONEER VILLAGE STATIO,Operations - Operator,18,36,,8166
2020-09-09,54,19:56,Wednesday,NEW EGLINTON GARAGE,Mechanical,15,30,,8798
2020-09-09,86,20:05,Wednesday,EGLINTON GARAGE,Mechanical,4,8,,8873
2020-09-09,110,20:11,Wednesday,ISLINGTON STATION,Mechanical,12,24,,8414
2020-09-09,76,20:16,Wednesday,ROYAL YORK STATION,Emergency Services,0,0,,0
2020-09-09,60,20:20,Wednesday,PIONEER VILLAGE STATIO,Mechanical,4,8,,3280
2020-09-09,133,20:44,Wednesday,SCARBROUGH CENTRE STAT,Cleaning,11,22,,3550
2020-09-09,96,20:49,Wednesday,ELMHURST AND ISLINGTON,Mechanical,20,40,E,3625
2020-09-09,36,20:58,Wednesday,FINCH AND YONGE,Operations - Operator,30,45,W,9113
2020-09-09,49,21:01,Wednesday,BLOOR AND MARKLAND,Mechanical,13,26,E,8050
2020-09-09,79,21:17,Wednesday,PINE AND LAWRENCE,Vision,14,29,,1532
2020-09-09,32,21:30,Wednesday,EGLINTON AND KEELE,Security,10,15,W,1553
2020-09-09,165,21:35,Wednesday,WILSON AND BATHURST,General Delay,133,143,,0
2020-09-09,96,21:35,Wednesday,WILSON AND BATHURST,General Delay,133,143,,0
2020-09-09,160,21:35,Wednesday,WILSON AND STADACONA,General Delay,55,79,W,8333
2020-09-09,7,22:19,Wednesday,BATHURST AND EGLINTON,Mechanical,7,15,N,8326
2020-09-09,1,22:29,Wednesday,FINCH STATION,General Delay,0,0,,3459
2020-09-09,86,23:19,Wednesday,MEADOWVALE AND SHEPPAR,Emergency Services,15,30,,8836
2020-09-10,116,04:22,Thursday,EGLINTON AND BIRCHMOUN,Mechanical,15,15,E,8786
2020-09-10,135,05:43,Thursday,BIRCHMOUNT GARAGE,Collision - TTC,20,40,,9206
2020-09-10,113,05:43,Thursday,BIRCHMOUNT GARAGE,Collision - TTC,0,0,,8400
2020-09-10,24,05:57,Thursday,DON MILLS STATION,Mechanical,15,15,,3110
2020-09-10,12,06:33,Thursday,VICTORIA PARK STATION,Mechanical,27,27,,9205
2020-09-10,59,06:37,Thursday,LAWRENCE AND CALEDONIA,Mechanical,24,48,W,3294
2020-09-10,35,07:20,Thursday,PIONEER VILLAGE STATIO,Mechanical,5,10,N,3209
2020-09-10,35,07:52,Thursday,JANE AND EAST,Mechanical,9,18,S,3193
2020-09-10,36,08:00,Thursday,FINCH AND JAYZEL,Emergency Services,9,18,W,9100
2020-09-10,999,08:41,Thursday,SCARBOROUGH CENTRE STA,Mechanical,0,0,,8495
2020-09-10,72,10:03,Thursday,PAPE STATION,Mechanical,19,38,S,8586
2020-09-10,41,10:08,Thursday,PIONEER VILLAGE STATIO,Emergency Services,10,20,,9033
2020-09-10,40,10:23,Thursday,DUNDAS AND DUNBLOOR,Collision - TTC,15,30,E,7945
2020-09-10,84,10:27,Thursday,SHEPPARD STATION,Mechanical,8,16,,3625
2020-09-10,85,11:00,Thursday,SHEPPARD AND ALANFORD,Security,30,60,W,3530
2020-09-10,104,11:34,Thursday,WILSON STATION,Mechanical,20,40,S,8191
2020-09-10,24,11:34,Thursday,VICTORIA PARK AND PARK,General Delay,20,30,S,8543
2020-09-10,34,12:10,Thursday,KENNEDY STATION,Utilized Off Route,22,33,E,8708
2020-09-10,116,12:44,Thursday,GUILDWOOD AND PRINCE P,Emergency Services,9,18,E,8636
2020-09-10,131,13:32,Thursday,MCLEVIN AND MARKHAM,Road Blocked - NON-TTC Collision,66,80,W,3541
2020-09-10,117,14:28,Thursday,SHEPPARD WEST STATION,Mechanical,20,40,,1248
2020-09-10,41,14:55,Thursday,PIONEER VILLAGE STATIO,Operations - Operator,7,14,,9147
2020-09-10,165,15:00,Thursday,YORK MILLS STATION,Mechanical,4,8,W,3281
2020-09-10,37,15:02,Thursday,REXDALE AND PRECISION,Security,22,44,W,7954
2020-09-10,24,15:05,Thursday,VICTORIA PARK STATION,Emergency Services,19,28,S,8543
2020-09-10,72,15:26,Thursday,PAPE AND HARCOURT,Investigation,0,0,S,3118
2020-09-10,35,16:06,Thursday,JANE AND EXBURY,Security,6,12,N,3229
2020-09-10,52,16:42,Thursday,LAWRENCE WEST STATION,Security,8,16,E,8347
2020-09-10,29,17:02,Thursday,DUFFERIN AND WALLACE (,Road Blocked - NON-TTC Collision,25,32,,0
2020-09-10,35,17:04,Thursday,JANE AND FLORENCE,Collision - TTC,5,10,N,9102
2020-09-10,37,17:28,Thursday,QUEENS PLATE AND REXDA,Security,23,46,S,7954
2020-09-10,163,17:55,Thursday,LAWRENCE WEST STATION,Mechanical,12,24,S,8206
2020-09-10,97,18:43,Thursday,YONGE AND POYNTZ,Security,30,60,N,8183
2020-09-10,26,19:24,Thursday,JANE AND WEATHERELL,Mechanical,24,48,N,1055
2020-09-10,126,19:26,Thursday,CHRISTIE STATION,Collision - TTC,30,42,,1075
2020-09-10,28,19:33,Thursday,EVERGREEN BRICKWORKS,Operations - Operator,15,30,,8343
2020-09-10,45,19:36,Thursday,KIPLING STATION,Security,15,30,N,8014
2020-09-10,40,19:38,Thursday,KIPLING STATION,Security,15,30,,8047
2020-09-10,999,19:48,Thursday,MOUNT DENNIS DIVISION,Emergency Services,0,0,,0
2020-09-10,160,19:50,Thursday,WILSON STATION,Mechanical,24,48,N,8114
2020-09-10,160,19:50,Thursday,WILSON STATION,Mechanical,24,48,N,8114
2020-09-10,47,20:22,Thursday,LANSDOWNE - WHYTOCK TO,Emergency Services,65,85,,0
2020-09-10,14,21:09,Thursday,GLENCAIRN AND MARLEE,Collision - TTC,20,40,E,1378
2020-09-10,47,21:38,Thursday,CALEDONIA AND BRIDGELA,General Delay,20,36,N,1261
2020-09-10,20,22:56,Thursday,DANFORTH AND DANFORTH,Emergency Services,30,60,W,8473
2020-09-10,24,23:41,Thursday,VICTORIA PARK AND STEE,Mechanical,19,28,,3139
2020-09-10,29,23:54,Thursday,WILSON STATION,Security,13,24,,9148
2020-09-10,60,00:58,Thursday,PIONEER VILLAGE STATIO,Security,0,0,,3351
2020-09-11,320,02:52,Friday,EAST MALL AND BLOOR,Security,0,0,S,1575
2020-09-11,300,03:23,Friday,DANFORTH AND GLENSHEPP,Vision,17,34,W,8453
2020-09-11,85,04:30,Friday,MEADOWVALE LOOP,Operations - Operator,20,34,W,3486
2020-09-11,320,05:17,Friday,YONGE AND WILSON,Mechanical,15,30,S,1045
2020-09-11,20,05:20,Friday,MAIN STREET STATION,Vision,20,40,E,3103
2020-09-11,7,06:28,Friday,BATHURST STATION,Mechanical,9,18,S,8113
2020-09-11,116,07:02,Friday,KENNEDY STATION,Mechanical,8,16,E,3750
2020-09-11,70,07:15,Friday,ST CLAIR AND PHARMACY,Mechanical,17,34,W,8911
2020-09-11,54,07:53,Friday,EGLINTON AND LESLIE,General Delay,97,102,W,8949
2020-09-11,73,08:00,Friday,ROYAL YORK AND STRATH,Mechanical,17,34,N,8414
2020-09-11,34,08:04,Friday,EGLINTON AND LESLIE,General Delay,102,109,W,8935
2020-09-11,51,08:04,Friday,LESLIE AND EGLINTON,General Delay,97,109,W,8219
2020-09-11,23,08:10,Friday,MAIN STATION,Collision - TTC,10,20,,8597
2020-09-11,59,08:16,Friday,CHURCH AND JANE,Mechanical,28,56,W,3710
2020-09-11,17,08:17,Friday,WARDEN STATION,Mechanical,0,27,S,3108
2020-09-11,32,08:59,Friday,EGLINTON AND JANE,Collision - TTC,0,0,E,1114
2020-09-11,86,09:06,Friday,KENNEDY STATION,Mechanical,11,22,E,8670
2020-09-11,59,09:31,Friday,LAWRENCE WEST STATION,Mechanical,32,71,E,3710
2020-09-11,133,09:32,Friday,SCARBOROUGH CENTRE STA,Cleaning,11,22,E,3559
2020-09-11,133,09:45,Friday,SCARBOROUGH CENTRE STA,Cleaning,11,22,E,3442
2020-09-11,122,09:47,Friday,ROYWOOD AND BILLINGTON,Collision - TTC,17,34,E,1373
2020-09-11,86,10:03,Friday,KENNEDY STATION,Operations - Operator,25,50,E,8708
2020-09-11,133,10:05,Friday,SCARBOROUGH CENTRE STA,Cleaning,11,22,N,3453
2020-09-11,100,10:17,Friday,WYNFORD AND DON MILLS,Mechanical,9,18,E,8656
2020-09-11,69,10:24,Friday,WARDEN STATION,Mechanical,4,9,S,9217
2020-09-11,69,10:25,Friday,WARDEN STATION,Utilized Off Route,20,22,S,9237
2020-09-11,133,10:27,Friday,SCARBOROUGH CENTRE STA,Cleaning,11,22,E,3424
2020-09-11,35,10:47,Friday,ARROW ROAD GARAGE,Collision - TTC,4,8,,3369
2020-09-11,63,10:47,Friday,OSSINGTON AND HALLAM,Mechanical,8,16,S,8336
2020-09-11,133,10:49,Friday,SCARBOROUGH CENTRE STA,Cleaning,11,22,E,3530
2020-09-11,133,10:49,Friday,MORNINGSIDE AND FINCH,Cleaning,11,22,W,3432
2020-09-11,121,11:08,Friday,REMEMBERANCE DRIVE,Operations - Operator,23,46,E,8568
2020-09-11,133,11:11,Friday,SCARBOROUGH CENTRE STA,Cleaning,11,22,E,3517
2020-09-11,91,12:51,Friday,WOODBINE STATION,Mechanical,25,50,S,8759
2020-09-11,32,13:24,Friday,EGLINTON AND BLACK CRE,Mechanical,11,22,E,1555
2020-09-11,63,13:31,Friday,OSSINGTON AND HALLAM,Collision - TTC,8,16,S,8139
2020-09-11,98,13:36,Friday,SHEPPARD YONGE STATION,Operations - Operator,25,50,N,8374
2020-09-11,32,13:47,Friday,EGLINTON AND CALEDONIA,Mechanical,8,25,E,1020
2020-09-11,129,14:13,Friday,SCARBOROUGH CENTRE STA,Mechanical,7,14,N,3497
2020-09-11,129,14:13,Friday,SCARBOROUGH CENTRE STA,Mechanical,7,14,N,3497
2020-09-11,129,14:13,Friday,SCARBOROUGH CENTRE STA,Mechanical,7,14,N,3497
2020-09-11,130,14:41,Friday,MCCOWAN AND SHEPPARD,Operations - Operator,21,42,N,1316
2020-09-11,12,15:14,Friday,VICTORIA PARK AND WOOD,Collision - TTC,23,46,S,8558
2020-09-11,36,15:28,Friday,FINCH AND SENTINEL,Collision - TTC,0,0,W,3358
2020-09-11,17,16:10,Friday,BIRCHMOUNT AND HUNTING,Mechanical,30,60,N,3111
2020-09-11,120,16:20,Friday,KEELE AND WILSON,Operations - Operator,30,60,E,319
2020-09-11,79,16:22,Friday,LAWRENCE AND SOUTH STA,Mechanical,8,15,W,1077
2020-09-11,59,16:24,Friday,OAK AND WESTON,Mechanical,34,94,E,73756
2020-09-11,37,16:24,Friday,ISLINGTON AND REXDALE,Security,23,46,N,7938
2020-09-11,29,16:27,Friday,DUFFERIN AND SHANLY,Emergency Services,4,8,S,1117
2020-09-11,84,16:30,Friday,SHEPPARD AND ARROW,Mechanical,5,10,W,3613
2020-09-11,600,18:21,Friday,KEELE AND JUNCTION,Collision - TTC,0,0,S,1246
2020-09-11,600,18:33,Friday,WARDEN AND BURNHILL,Security,0,0,S,9207
2020-09-11,163,18:39,Friday,OSSINGTON AND DUPONT,Investigation,13,26,N,8208
2020-09-11,25,18:58,Friday,PAPE AND LIPTON,Collision - TTC,6,12,N,8683
2020-09-11,94,19:24,Friday,CASTLE FRANK STATION,Mechanical,19,38,W,1410
2020-09-11,72,19:29,Friday,PAPE AND MORTIMER,Collision - TTC,0,0,N,3126
2020-09-11,72,19:37,Friday,PAPE AND RIVERDALE,Security,9,18,W,9233
2020-09-11,127,20:16,Friday,DAVENPORT AND LANSDOWN,Road Blocked - NON-TTC Collision,0,0,E,0
2020-09-11,41,20:27,Friday,HIGH PARK LOOP,Collision - TTC,15,22,,9045
2020-09-11,17,20:31,Friday,BIRCHMOUNT AND MODERN,Mechanical,12,24,S,8964
2020-09-11,86,23:47,Friday,KENNEDY STATION,Security,15,30,,8853
2020-09-11,600,01:12,Friday,ELLESMERE AND VICTORIA,Security,0,0,E,1320
2020-09-11,29,01:33,Friday,DUFFERIN AND BLOOR,Security,13,26,S,9139
2020-09-11,54,01:55,Friday,LAWRENCE AND WARDEN,Road Blocked - NON-TTC Collision,0,0,,0
2020-09-12,47,02:31,Saturday,EXHIBITION LOOP,Cleaning,30,60,S,1025
2020-09-12,95,02:33,Saturday,ELLESMERE AND MORNELLE,Security,30,60,W,3523
2020-09-12,365,03:15,Saturday,PARLIAMENT AND DUNDAS,Road Blocked - NON-TTC Collision,23,53,N,3102
2020-09-12,65,05:15,Saturday,PARLIAMENT AND DUNDAS,Road Blocked - NON-TTC Collision,263,278,,0
2020-09-12,320,05:39,Saturday,BAY AND FRONT,Emergency Services,15,30,S,8315
2020-09-12,12,06:21,Saturday,DANFORTH RD AND N WOOD,Collision - TTC,15,30,N,3138
2020-09-12,57,06:57,Saturday,KENNEDY STATION,Vision,22,44,N,8653
2020-09-12,54,07:14,Saturday,SCARBOROUGH GOLF CLUB,Mechanical,20,40,N,8883
2020-09-12,54,07:25,Saturday,LAWRENCE AND VICTORIA,Mechanical,20,40,W,8627
2020-09-12,44,07:48,Saturday,KIPLING AND LAKESHORE,General Delay,114,115,B,8412
2020-09-12,165,08:15,Saturday,BARMAC AND STEELES,Mechanical,10,20,S,3242
2020-09-12,131,08:18,Saturday,SCARBOROUGH CENTRE STA,Mechanical,18,36,E,3432
2020-09-12,97,08:19,Saturday,DAVISVILLE STATION,Mechanical,30,60,,1390
2020-09-12,165,08:25,Saturday,YORK MILLS STATION,Collision - TTC,10,20,,3227
2020-09-12,78,08:54,Saturday,YORK MILLS STATION,General Delay,30,60,N,8112
2020-09-12,129,09:16,Saturday,SCARBOROUGH CENTRE STA,Mechanical,13,26,N,1312
2020-09-12,163,10:00,Saturday,ROSELAWN AND MARLEE,General Delay,80,91,,0
2020-09-12,68,10:05,Saturday,WARDEN AND FAIRFAX,Mechanical,11,22,N,8635
2020-09-12,96,10:10,Saturday,YORK MILLS STATION,Mechanical,20,40,W,3272
2020-09-12,41,10:13,Saturday,HIGH PARK LOOP,Collision - TTC,13,26,N,3735
2020-09-12,32,10:20,Saturday,RENFORTH STATION,Mechanical,20,40,W,1062
2020-09-12,57,10:57,Saturday,MIDLAND AND PROGRESS,Emergency Services,150,165,S,0
2020-09-12,134,10:59,Saturday,WASHBURN WAY AND SHEPP,Vision,30,60,N,3564
2020-09-12,123,11:43,Saturday,KIPLING STATION,Mechanical,5,10,S,8605
2020-09-12,133,11:45,Saturday,SCARBOROUGH CENTRE STA,Cleaning,9,18,S,1240
2020-09-12,88,12:16,Saturday,MILLWOOD AND REDWAY,Mechanical,15,30,E,8218
2020-09-12,96,12:29,Saturday,HUMBERLINE AND ALBION,Mechanical,20,40,E,3178
2020-09-12,95,12:30,Saturday,PARKWOODS AND VICTORIA,Mechanical,6,12,W,1402
2020-09-12,,13:13,Saturday,LAKESHORE AND ELLIS,Emergency Services,0,0,,0
2020-09-12,36,13:21,Saturday,HUMBERWOOD LOOP,Mechanical,4,9,W,3711
2020-09-12,113,13:21,Saturday,KENNEDY AND CORVETTE,Road Blocked - NON-TTC Collision,10,30,S,8473
2020-09-12,41,13:37,Saturday,KEELE AND LAWRENCE,Mechanical,15,30,S,1134
2020-09-12,34,13:41,Saturday,EGLINTON AND WYNFORD,General Delay,20,40,E,8748
2020-09-12,169,13:43,Saturday,SCARBOROUGH CENTRE STA,Mechanical,30,60,,8142
2020-09-12,927,13:57,Saturday,HUMBER COLLEGE,Mechanical,10,20,S,3201
2020-09-12,112,14:31,Saturday,KIPLING STATION,Mechanical,15,30,W,8029
2020-09-12,75,14:41,Saturday,LAKESHORE AND LOWER JA,Road Blocked - NON-TTC Collision,110,134,E,0
2020-09-12,36,14:49,Saturday,FINCH AND WESTON,Security,5,9,W,3285
2020-09-12,63,14:58,Saturday,OSSINGTON STATION,Mechanical,6,12,N,1214
2020-09-12,85,15:08,Saturday,SHEPPARD AND BIRCHMOUN,Mechanical,6,11,E,9074
2020-09-12,52,15:13,Saturday,LAWRECE AND ROXALINE,General Delay,121,136,E,0
2020-09-12,35,15:24,Saturday,JANE AND FALSTAFF,Road Blocked - NON-TTC Collision,0,0,N,3322
2020-09-12,78,15:30,Saturday,YORK MILLS STATION,Mechanical,15,30,E,8112
2020-09-12,133,15:32,Saturday,SCARBOROUGH CENTRE STA,Cleaning,9,18,N,1579
2020-09-12,59,15:52,Saturday,CHURCH AND GEORGE,Investigation,0,0,E,0
2020-09-12,167,16:13,Saturday,WARDEN AND STEELES,Mechanical,30,60,S,8542
2020-09-12,32,17:01,Saturday,EGLINTON AND ENNERDALE,Mechanical,9,19,W,1205
2020-09-12,95,17:09,Saturday,YORK MILLS STATION,Collision - TTC,14,28,E,1225
2020-09-12,29,17:13,Saturday,DUFFERIN AND QUEEN,Collision - TTC,4,10,S,9049
2020-09-12,112,17:18,Saturday,KIPLING STATION,Security,15,30,,7964
2020-09-12,96,17:23,Saturday,380 ARROW,Vision,15,30,W,3315
2020-09-12,39,17:32,Saturday,FINCH AND KENNEDY,Mechanical,14,28,W,9073
2020-09-12,45,18:09,Saturday,KIPLING AND JOHN GARLA,Mechanical,10,20,N,7941
2020-09-12,53,18:18,Saturday,STEELES AND WILLOWDALE,Collision - TTC,6,12,W,3450
2020-09-12,34,18:29,Saturday,KENNEDY STATION,General Delay,20,40,W,8789
2020-09-12,80,18:33,Saturday,QUEENSWAY ROUTE,General Delay,20,40,W,8070
2020-09-12,22,19:03,Saturday,VICTORIA PARK AND KING,Mechanical,8,15,W,8484
2020-09-12,96,20:34,Saturday,HUMBERLINE LOOP,Emergency Services,20,40,,3362
2020-09-12,168,20:38,Saturday,WESTON AND LAMBTON,Collision - TTC,12,24,N,1416
2020-09-12,116,20:58,Saturday,MORNINGSIDE AND NIGHTS,Emergency Services,9,18,S,8911
2020-09-12,56,22:33,Saturday,EGLINTON STATION,Security,18,42,,8306
2020-09-12,133,22:40,Saturday,NEILSON AND KEELER,Security,13,26,N,1308
2020-09-12,110,23:18,Saturday,ISLINGTON STATION,Cleaning,10,20,S,8090
2020-09-12,63,23:18,Saturday,ATLANTIC AND KING,Security,0,0,N,8350
2020-09-12,35,23:19,Saturday,JANE AND CHALKFARM,Road Block - Non-TTC Collision,10,9,S,3239
2020-09-12,41,23:43,Saturday,KEELE STATION,Emergency Services,20,40,,1380
2020-09-12,41,00:01,Saturday,PIONEER VILLAGE,Emergency Services,20,40,N,1116
2020-09-12,32,00:26,Saturday,JANE AND WRIGHT,Collision - TTC,20,40,N,1030
2020-09-12,7,00:40,Saturday,FISHERVILLE AND BATHUR,Emergency Services,20,40,W,8392
2020-09-12,35,01:15,Saturday,JANE AND WRIGHT,Road Block - Non-TTC Collision,10,20,N,3199
2020-09-12,89,01:54,Saturday,KEELE STATION,Mechanical,10,20,S,1050
2020-09-13,300,02:44,Sunday,BLOOR AND BROCK,Road Blocked - NON-TTC Collision,28,43,E,8084
2020-09-13,32,02:46,Sunday,EGLINTON AND BLACK CRE,Operations - Operator,30,60,,1361
2020-09-13,396,02:55,Sunday,WILSON AND HIGHVIEW,Investigation,17,34,E,3362
2020-09-13,300,04:50,Sunday,BLOOR AND BAY,Security,12,24,W,1305
2020-09-13,54,05:25,Sunday,STEELES AND YONGE,Emergency Services,15,30,S,8878
2020-09-13,36,06:06,Sunday,FINCH AND KIPLING,Investigation,10,20,W,3298
2020-09-13,35,06:22,Sunday,JANE AND KASIER,Operations - Operator,20,40,N,3191
2020-09-13,320,06:28,Sunday,YONGE AND DAVENPORT,Emergency Services,0,0,N,8875
2020-09-13,97,06:36,Sunday,YONGE AND STEELES,Mechanical,3,6,S,8218
2020-09-13,39,08:58,Sunday,FINCH E OF BRIMLEY,Security,16,32,W,1579
2020-09-13,95,09:00,Sunday,ELLESMERE AND BIRCHMOU,Mechanical,10,20,E,3445
2020-09-13,63,10:41,Sunday,ST CLAIR AND OAKWOOD,Mechanical,8,16,S,8328
2020-09-13,60,11:26,Sunday,FINCH STATION,Mechanical,13,26,,3615
2020-09-13,63,11:46,Sunday,OAKWOOD AND ST CLAIR,Mechanical,9,18,S,1233
2020-09-13,83,12:52,Sunday,DONLANDS STATION,Emergency Services,0,0,,8468
2020-09-13,163,13:45,Sunday,LAWRENCE WEST STATION,Mechanical,11,22,S,8358
2020-09-13,35,14:18,Sunday,JANE AND WILSON,Collision - TTC,10,20,S,3350
2020-09-13,97,14:42,Sunday,YORK MILLS STATION,Mechanical,30,60,S,8334
2020-09-13,127,15:24,Sunday,DAVENPORT AND SYMINGTO,Mechanical,22,44,E,1113
2020-09-13,35,16:15,Sunday,JANE AND PRITCHARD,Security,10,20,N,3628
2020-09-13,89,17:04,Sunday,KEELE AND VINE (N OF D,Collision - TTC,10,20,S,1106
2020-09-13,32,18:08,Sunday,LAWRENCE AND JANE,Security,10,20,E,1625
2020-09-13,94,18:59,Sunday,CASTLE FRANK STATION,Mechanical,13,25,E,3731
2020-09-13,32,19:18,Sunday,EGLITNON AND ISLINGTON,Mechanical,10,22,E,1147
2020-09-13,7,20:36,Sunday,BATHURST AND WILSON,Cleaning,9,17,S,8147
2020-09-13,927,20:41,Sunday,DUNDAS AND EAST MALL,Emergency Services,10,20,E,3183
2020-09-13,37,21:46,Sunday,ISLINGTON AND RIDGEVAL,Mechanical,20,40,N,8082
2020-09-13,32,22:58,Sunday,ELGINTON AND ENNERDALE,Mechanical,10,18,E,1066
2020-09-13,47,23:07,Sunday,LANSDOWNE AND COLLEGE,Utilized Off Route,20,40,N,1606
2020-09-13,60,23:41,Sunday,FINCH STATION,Security,18,36,,3606
2020-09-13,43,00:27,Sunday,MIDLAND AND STEELES,Emergency Services,0,0,S,8858
2020-09-13,47,01:26,Sunday,COLLEGE STN AND LANSDO,Utilized Off Route,20,40,N,1606
2020-09-13,41,01:41,Sunday,KEELE STATION,Mechanical,24,49,S,1004
2020-09-14,365,04:17,Monday,CASTLE FRANK STATION,Cleaning,30,30,S,3147
2020-09-14,37,05:21,Monday,ISLINGTON AND REXDALE,Security,15,30,N,7953
2020-09-14,29,06:13,Monday,DUFFERIN AND ROGERS,Security,12,23,S,9144
2020-09-14,34,07:02,Monday,WYNFORD AND DON MILLS,Emergency Services,16,32,E,8683
2020-09-14,41,09:09,Monday,SENTINEL AND POND,Mechanical,6,12,S,1562
2020-09-14,81,10:09,Monday,THORNCLIFFE AND OVERLE,Investigation,11,22,N,3130
2020-09-14,120,10:55,Monday,SHEPPARD AND JANE,Operations - Operator,30,60,E,3208
2020-09-14,68,11:39,Monday,WARDEN AND ST CLAIR,Investigation,0,0,S,8819
2020-09-14,34,12:21,Monday,WYNFORD AND EGLINTON,Collision - TTC,13,26,,8908
2020-09-14,38,12:41,Monday,LAWSON AND PORT UNION,General Delay,303,315,E,0
2020-09-14,85,13:35,Monday,DON MILLS STATION,Mechanical,8,16,E,1396
2020-09-14,81,13:44,Monday,MILLWOOD BRIDGE ( PAPE,General Delay,30,46,S,9219
2020-09-14,25,14:09,Monday,MILLWOOD BRIDGE,General Delay,0,0,S,8631
2020-09-14,168,14:16,Monday,BLOOR AND INDIAN,Operations - Operator,0,0,W,1056
2020-09-14,117,14:22,Monday,GERRY FITZGERALD AND S,Mechanical,15,40,S,8209
2020-09-14,47,15:23,Monday,LANSDOWNE AND QUEEN,Vision,13,27,S,1054
2020-09-14,35,15:36,Monday,PIONEER VILLAGE STATIO,Mechanical,2,14,N,3234
2020-09-14,86,16:11,Monday,MEADOWVALE AND SHEPPAR,Mechanical,8,16,S,8780
2020-09-14,121,16:14,Monday,ONTARIO PLACE,Mechanical,24,48,E,8591
2020-09-14,95,16:18,Monday,KINGSTON ROAD LOOP ( E,Security,9,18,,3453
2020-09-14,72,16:27,Monday,CARLAW AND GERRARD,Collision - TTC,10,20,S,8959
2020-09-14,68,16:29,Monday,WARDEN AND HYMUS,Security,0,0,N,8850
2020-09-14,6,17:57,Monday,BAY AND GERRARD,Mechanical,10,20,S,3734
2020-09-14,60,18:00,Monday,STEELES AND DUFFERIN,General Delay,540,545,E,0
2020-09-14,927,18:02,Monday,ROYAL CREST AND HIGHWA,Collision - TTC,9,18,E,3592
2020-09-14,927,18:02,Monday,ROYAL CREST AND HIGHWA,Collision - TTC,9,18,E,3647
2020-09-14,12,19:01,Monday,BRIMLEY AND SKAGWAY,Emergency Services,20,40,S,9205
2020-09-14,7,19:05,Monday,BATHURST AND GREENWIN,Mechanical,8,16,W,1382
2020-09-14,32,19:15,Monday,EGLINTON AND KEELE,Collision - TTC,10,20,E,1359
2020-09-14,52,21:52,Monday,JETLINER AND AIRPORT R,Investigation,11,23,W,8181
2020-09-15,300,02:35,Tuesday,DANFORTH AND WOODBINE,Security,0,0,W,8692
2020-09-15,353,02:37,Tuesday,STEELES AND DUFFERIN,General Delay,163,193,E,1559
2020-09-15,60,05:21,Tuesday,STEELES AND DUFFERIN,General Delay,106,126,E,0
2020-09-15,92,05:35,Tuesday,WOODBINE AND DUVERNET,Road Blocked - NON-TTC Collision,31,56,,3114
2020-09-15,102,05:48,Tuesday,ST CLAIR AND MIDLAND,Mechanical,7,14,N,9227
2020-09-15,100,06:49,Tuesday,WYNFORD AND DON MILLS,Collision - TTC,6,12,E,8734
2020-09-15,84,06:54,Tuesday,SHEPPARD STATION,Mechanical,18,36,W,3283
2020-09-15,41,07:11,Tuesday,PIONEER VILLAGE STATIO,Mechanical,14,16,,9038
2020-09-15,106,08:12,Tuesday,SHEPPARD WEST STATION,Collision - TTC,9,17,,8127
2020-09-15,24,08:56,Tuesday,VICTORIA PARK STATION,Mechanical,2,15,,3110
2020-09-15,39,09:24,Tuesday,261 FINCH AVE E,Operations - Operator,7,12,W,3483
2020-09-15,5,09:30,Tuesday,ELIZABETH AND ELM,General Delay,330,360,N,8208
2020-09-15,133,09:54,Tuesday,MORNINGSIDE AND FINCH,Cleaning,10,20,S,3498
2020-09-15,72,10:05,Tuesday,EASTERN AND CARLAW,General Delay,216,226,N,3151
2020-09-15,506,10:24,Tuesday,CARLTON AND ONTARIO,Investigation,6,12,E,8489
2020-09-15,84,10:31,Tuesday,SHEPPARD AND JANE,Security,8,16,W,3329
2020-09-15,133,11:56,Tuesday,SCARBOROUGH CENTRE STA,Cleaning,11,22,E,3433
2020-09-15,91,12:11,Tuesday,THORNCLIFFE PARK AND O,Collision - TTC,11,22,N,8711
2020-09-15,133,12:28,Tuesday,MORNINGSIDE AND FINCH,Cleaning,11,22,N,3417
2020-09-15,97,12:41,Tuesday,STEELES AND HILDA,Operations - Operator,30,60,N,8374
2020-09-15,29,13:23,Tuesday,WILSON STATION,Mechanical,7,14,S,9034
2020-09-15,133,14:16,Tuesday,MORNINGSIDE AND FINCH,Cleaning,11,22,N,3495
2020-09-15,600,14:25,Tuesday,PARKSIDE AND GEOFFREY,Collision - TTC,0,0,N,8029
2020-09-15,7,14:57,Tuesday,BATHURST AND CARIBOU,Collision - TTC,8,16,N,8197
2020-09-15,115,15:00,Tuesday,YORK MILLS STATION,Operations - Operator,24,48,W,8197
2020-09-15,84,15:01,Tuesday,PIONEER VILLAGE STATIO,Operations - Operator,30,61,W,0
2020-09-15,115,15:04,Tuesday,YORK MILLS STATION,Operations - Operator,24,48,E,8105
2020-09-15,34,15:05,Tuesday,EGLINTON AND DON MILLS,Road Blocked - NON-TTC Collision,40,50,E,8677
2020-09-15,84,15:06,Tuesday,PIONEER VILLAGE STATIO,Operations - Operator,30,61,E,3328
2020-09-15,36,15:10,Tuesday,FINCH AND ARROW,Mechanical,27,54,E,3716
2020-09-15,25,15:14,Tuesday,DON MILLS AND EGLINTON,Road Blocked - NON-TTC Collision,48,58,N,8737
2020-09-15,115,15:24,Tuesday,YORK MILLS STATION,Operations - Operator,24,48,W,8177
2020-09-15,600,15:24,Tuesday,SHEPPARD AND ALLEN ROA,Mechanical,0,0,W,3343
2020-09-15,70,15:47,Tuesday,ST CLAIR AND WESTVIEW,Collision - TTC,17,34,W,8666
2020-09-15,26,16:00,Tuesday,DUPONT - CHRISTIE TO L,General Delay,0,0,B,0
2020-09-15,36,16:03,Tuesday,FINCH WEST STATION,Mechanical,7,14,W,9105
2020-09-15,71,16:16,Tuesday,WESTON AND EGLINTON,General Delay,9,18,N,1254
2020-09-15,59,16:30,Tuesday,CHURCH AND WESTON,General Delay,30,43,B,3240
2020-09-15,26,16:37,Tuesday,DUPONT AND RUNNYMEDE,General Delay,24,48,E,1349
2020-09-15,34,16:49,Tuesday,EGLINTON AND PHARMACY,Road Blocked - NON-TTC Collision,76,84,E,0
2020-09-15,67,16:52,Tuesday,PHARMACY AND EGLINTON,Road Blocked - NON-TTC Collision,41,51,S,8794
2020-09-15,134,17:23,Tuesday,CENTENNIAL COLLEGE LOO,Mechanical,7,14,N,3450
2020-09-15,66,17:24,Tuesday,OLD MILL STATION,Vision,10,20,S,8066
2020-09-15,600,18:26,Tuesday,ISLINGTON STATION,Mechanical,0,0,S,8443
2020-09-15,35,19:01,Tuesday,JANE AND HEATHROW,Security,10,20,N,3338
2020-09-15,6,19:10,Tuesday,DAVENPORT AND DUPONT,Operations - Operator,18,36,N,1089
2020-09-15,53,19:16,Tuesday,STEELES AND MIDDLEFIEL,Investigation,6,12,E,9064
2020-09-15,32,19:18,Tuesday,EGLINTON AND CALEDONIA,Mechanical,15,31,E,1122
2020-09-15,43,19:39,Tuesday,STEELES AND REDLEA,Investigation,7,14,E,8663
2020-09-15,95,21:30,Tuesday,ELLESMERE AND WYE VALL,Cleaning,10,20,E,3429
2020-09-15,32,22:16,Tuesday,EGLINTON AND SCOTT,Mechanical,10,20,W,1147
2020-09-15,71,22:32,Tuesday,TRETHEWEY AND BLACK CR,Road Blocked - NON-TTC Collision,17,34,,1079
2020-09-15,35,22:47,Tuesday,JANE AND FIRGROVE,General Delay,126,137,S,3224
2020-09-15,35,00:14,Tuesday,JANE AND CHURCH,Security,10,20,S,3580
2020-09-15,68,01:03,Tuesday,WARDEN AND FINCH,Road Blocked - NON-TTC Collision,32,49,N,8699
2020-09-15,36,01:03,Tuesday,FINCH STATION,Emergency Services,0,0,,3353
2020-09-15,24,01:23,Tuesday,VICTORIA PARK AND MCNI,Operations - Operator,10,30,N,8589
2020-09-15,35,01:42,Tuesday,JANE STATION,Operations - Operator,11,22,,3580
2020-09-16,300,03:33,Wednesday,WARDEN AND DANFORTH,Emergency Services,25,42,S,8007
2020-09-16,337,04:40,Wednesday,LAKE SHORE AND EIGHTH,Mechanical,15,30,N,7917
2020-09-16,73,05:04,Wednesday,ROYAL YORK STATION,Vision,21,39,N,8066
2020-09-16,16,05:27,Wednesday,WARDEN STATION,Operations - Operator,20,36,S,8480
2020-09-16,79,05:33,Wednesday,SCARLETT AND ST CLAIR,Operations - Operator,20,37,S,1536
2020-09-16,87,05:52,Wednesday,MAIN STATION,Mechanical,10,20,W,9232
2020-09-16,25,06:13,Wednesday,DON MILLS AND FINCH,Mechanical,9,16,N,8812
2020-09-16,39,06:30,Wednesday,MARKHAM AND SHEPPARD,Operations - Operator,4,6,,1335
2020-09-16,43,06:38,Wednesday,KENNEDY AND BERTRAND,Mechanical,15,30,S,8745
2020-09-16,47,06:59,Wednesday,LANSDOWNE AND WALLACE,Mechanical,12,24,S,1102
2020-09-16,89,07:23,Wednesday,WESTON AND LAWRENCE AV,Emergency Services,190,198,N,9043
2020-09-16,85,07:40,Wednesday,DON MILLS STATION,Mechanical,15,30,E,9072
2020-09-16,511,07:47,Wednesday,BATHURST AND QUEEN,Security,4,8,N,1411
2020-09-16,600,08:23,Wednesday,ELLESMERE AND MIDLAND,Mechanical,0,0,W,1397
2020-09-16,511,09:11,Wednesday,BATHURST STATION,Operations - Operator,4,8,S,1044
2020-09-16,506,09:27,Wednesday,GERRARD AND COXWELL,Cleaning,6,12,W,8957
2020-09-16,95,09:31,Wednesday,YORK MILLS STATION,Operations - Operator,20,40,W,3433
2020-09-16,52,10:18,Wednesday,LAWRENCE AND DUFFERIN,Mechanical,15,30,W,8197
2020-09-16,511,10:28,Wednesday,BATHURST STATION,Operations - Operator,4,8,N,1025
2020-09-16,39,10:31,Wednesday,FINCH AND MCCOWAN,Mechanical,6,15,E,3548
2020-09-16,95,10:39,Wednesday,ELLESMERE AND MCCOWAN,Operations - Operator,20,40,W,3473
2020-09-16,94,10:43,Wednesday,CASTLE FRANK STATION,Mechanical,15,30,W,3740
2020-09-16,36,10:46,Wednesday,FINCH AND DUFFERIN,Collision - TTC,5,10,W,9122
2020-09-16,133,10:51,Wednesday,SCARBOROUGH CENTRE STA,Cleaning,11,22,E,3479
2020-09-16,35,10:56,Wednesday,JANE AND CHURCH,Emergency Services,7,14,S,9112
2020-09-16,84,10:56,Wednesday,SHEPPARD STATION,Mechanical,8,16,,3571
2020-09-16,133,11:11,Wednesday,MORNINGSIDE AND FINCH,Cleaning,11,22,W,3558
2020-09-16,29,11:26,Wednesday,DUFFERIN AND DANE,Collision - TTC,8,16,N,9044
2020-09-16,29,11:32,Wednesday,DUFFERIN AND QUEEN,Emergency Services,0,0,S,9026
2020-09-16,133,11:33,Wednesday,MORNINGSIDE AND FINCH,Cleaning,11,22,W,3517
2020-09-16,133,12:28,Wednesday,MORNINGSIDE AND FINCH,Cleaning,11,22,W,3438
2020-09-16,133,12:29,Wednesday,SCARBOROUGH CENTRE STA,Cleaning,11,22,E,3467
2020-09-16,85,12:59,Wednesday,SHEPPARD AND SCUNTHORP,Collision - TTC,8,16,E,1662
2020-09-16,54,13:11,Wednesday,LAWRENCE AND GALLOWAY,Security,15,30,W,8898
2020-09-16,169,13:32,Wednesday,DON MILLS STATION,Operations - Operator,30,60,E,8205
2020-09-16,32,13:46,Wednesday,EGLINTON STATION,Mechanical,13,25,W,1053
2020-09-16,127,13:51,Wednesday,SPADINA BD STATION,General Delay,112,135,N,0
2020-09-16,52,13:53,Wednesday,THE WEST WAY AND MARTI,Mechanical,15,30,E,8212
2020-09-16,35,14:20,Wednesday,JANE AND FINCH,Mechanical,5,10,S,3705
2020-09-16,133,14:40,Wednesday,FINCH AND MORNINGSIDE,Cleaning,11,22,S,3490
2020-09-16,79,14:43,Wednesday,HENRIETTA AND CASTLETO,Mechanical,14,28,N,1068
2020-09-16,66,14:45,Wednesday,STEPHEN AND CLOVERHILL,General Delay,24,48,S,7940
2020-09-16,14,14:53,Wednesday,GLENCAIRN AND CALEDONI,Mechanical,15,30,E,1576
2020-09-16,76,14:57,Wednesday,ROYAL YORK STATION,Mechanical,12,24,S,7945
2020-09-16,45,14:58,Wednesday,KIPLING STATION,Investigation,34,48,,8033
2020-09-16,52,15:02,Wednesday,LAWRENCE AND DUFFERIN,Collision - TTC,6,21,W,8176
2020-09-16,165,15:16,Wednesday,WILSON AND MANIZA,Security,8,15,E,3365
2020-09-16,51,15:34,Wednesday,EGLINTON STATION,Mechanical,12,24,N,8307
2020-09-16,900,16:24,Wednesday,PEARSON AIRPORT,Mechanical,12,24,S,8035
2020-09-16,31,16:29,Wednesday,GREENWOOD STATION,Mechanical,10,20,,8513
2020-09-16,98,16:53,Wednesday,STEELES AND YONGE,Mechanical,20,33,E,8388
2020-09-16,29,16:55,Wednesday,DUFFERIN AND SPARROW,Collision - TTC,4,8,N,1103
2020-09-16,134,17:00,Wednesday,MARKHAM AND PROGRESS,Road Blocked - NON-TTC Collision,17,24,B,3156
2020-09-16,102,17:05,Wednesday,PROGRESS AND MARKHAM,Road Blocked - NON-TTC Collision,55,77,B,0
2020-09-16,29,17:09,Wednesday,WILSON STATION,Operations - Operator,4,8,,9035
2020-09-16,600,17:20,Wednesday,OVERLEA AND THORMCLIFF,General Delay,0,0,N,1307
2020-09-16,39,17:27,Wednesday,FINCH AND MCCOWAN,Mechanical,4,8,W,9061
2020-09-16,76,17:27,Wednesday,ROYAL YORK AND HILLSID,Security,8,16,S,7910
2020-09-16,39,17:27,Wednesday,FINCH AND MCCOWAN,Mechanical,4,8,W,9061
2020-09-16,168,17:39,Wednesday,OLD WESTON AND TURNBER,Emergency Services,12,24,N,1052
2020-09-16,39,17:40,Wednesday,FINCH AND LESLIE,Mechanical,7,9,E,3537
2020-09-16,98,18:05,Wednesday,WILLOWDALE AND STEELES,Road Blocked - NON-TTC Collision,69,93,N,0
2020-09-16,120,18:25,Wednesday,SHEPPARD AND JANE,Operations - Operator,30,60,E,3621
2020-09-16,24,18:25,Wednesday,VICTORIA PARK STATION,Mechanical,19,29,N,8543
2020-09-16,52,18:54,Wednesday,LAWRENCE AND KEELE,Mechanical,24,42,W,1252
2020-09-16,52,18:54,Wednesday,LAWRENCE AND KEELE,Mechanical,24,42,W,1252
2020-09-16,32,19:04,Wednesday,PINE AND LAWRENCE,Vision,10,20,E,1062
2020-09-16,25,19:51,Wednesday,PAPE STATION,Mechanical,10,20,S,8932
2020-09-16,25,19:51,Wednesday,PAPE STATION,Mechanical,10,20,N,8932
2020-09-16,121,20:33,Wednesday,MILL ST AND TRINITY,Operations - Operator,22,44,W,9212
2020-09-16,95,20:43,Wednesday,YORK MILLS STATION,Investigation,10,20,,3525
2020-09-16,31,21:02,Wednesday,GREENWOOD AND QUEEN,Investigation,12,24,S,8587
2020-09-16,68,23:21,Wednesday,WARDEN AND HUNTINGWOOD,Security,17,34,N,8921
2020-09-16,1,00:20,Wednesday,FINCH STATION,Mechanical,0,0,,8319
2020-09-16,161,01:27,Wednesday,DOVERCOURT AND SHANLY,Road Block - Non-TTC Collision,0,0,,1056
2020-09-17,65,02:20,Thursday,CASTLE FRANK STATION,Operations - Operator,13,26,S,8404
2020-09-17,300,02:42,Thursday,BRIMLEY AND DANFORTH,Emergency Services,0,0,S,8635
2020-09-17,506,03:10,Thursday,MAIN STATION,Cleaning,20,40,,1033
2020-09-17,320,03:30,Thursday,YONGE AND STEELES,Cleaning,3,6,W,8318
2020-09-17,7,04:41,Thursday,GREENWIN VILLAGE AND B,Mechanical,30,60,W,8161
2020-09-17,21,05:15,Thursday,SCARBOROUGH CENTRE STA,Operations - Operator,20,40,S,3443
2020-09-17,84,05:15,Thursday,SHEPPARD AND VITTI,Mechanical,6,12,E,3202
2020-09-17,47,05:20,Thursday,YORKDALE STATION,Operations - Operator,34,58,S,1415
2020-09-17,116,06:15,Thursday,MORNINGSIDE AND NIGHTS,Mechanical,13,26,N,8764
2020-09-17,116,06:20,Thursday,KENNEDY STATION,Operations - Operator,30,60,E,8862
2020-09-17,165,06:24,Thursday,WESTON AND ORMONT,Mechanical,5,6,E,3233
2020-09-17,116,06:35,Thursday,KENNEDY STATION,Mechanical,12,24,W,8812
2020-09-17,86,06:46,Thursday,KENNEDY STATION,Emergency Services,18,36,N,8755
2020-09-17,47,07:17,Thursday,LANSDOWNE AND QUEEN,Mechanical,24,48,S,1002
2020-09-17,100,07:22,Thursday,WYNFORD AND DON MILLS,Mechanical,14,30,E,8788
2020-09-17,48,07:40,Thursday,ROYAL YORK STATION,Operations - Operator,15,30,,7923
2020-09-17,95,07:42,Thursday,YORK MILLS AND LESLIE,Mechanical,8,16,E,3499
2020-09-17,11,08:26,Thursday,BAYVIEW AND LAWRENCE,Collision - TTC,18,36,S,8396
2020-09-17,160,08:57,Thursday,BATHURST AND TOWNSGATE,Cleaning,27,53,N,8201
2020-09-17,57,09:10,Thursday,MIDLAND AND SHEPPARD,Emergency Services,0,0,S,3116
2020-09-17,12,09:40,Thursday,VICTORIA PARK AND GERR,General Delay,21,29,E,8539
2020-09-17,17,10:19,Thursday,WARDEN AND STEELES,Mechanical,15,28,S,8964
2020-09-17,133,10:40,Thursday,SCARBOROUGH CENTRE STA,Cleaning,11,22,E,3469
2020-09-17,48,10:47,Thursday,ROYAL YORK STATION,General Delay,22,44,W,7972
2020-09-17,105,10:47,Thursday,SHEPPARD WEST STATION,Mechanical,17,34,N,8219
2020-09-17,133,10:49,Thursday,MORNINGSIDE AND FINCH,Cleaning,11,22,W,3447
2020-09-17,133,10:51,Thursday,SCARBOROUGH CENTRE STA,Cleaning,11,22,E,3461
2020-09-17,169,11:22,Thursday,DON MILLS STATION,Vision,30,60,W,8145
2020-09-17,133,11:33,Thursday,MORNINGSIDE AND FINCH,Cleaning,11,22,W,3452
2020-09-17,97,11:38,Thursday,MOORE PARK AND YONGE,Mechanical,30,60,W,8124
2020-09-17,32,11:46,Thursday,EGLINTON AND MARLEE,Mechanical,11,22,W,1576
2020-09-17,39,11:50,Thursday,FINCH AND KENNEDY,Emergency Services,16,32,E,9007
2020-09-17,79,12:00,Thursday,RUNNYMEDE STATION,Security,24,48,N,1254
2020-09-17,41,12:22,Thursday,KEELE AND TORO,Collision - TTC,8,15,N,9025
2020-09-17,133,12:28,Thursday,MORNINGSIDE AND FINCH,Cleaning,11,22,W,3559
2020-09-17,134,13:00,Thursday,SCARBOROUGH CENTRE STA,Mechanical,16,32,W,3446
2020-09-17,169,14:12,Thursday,DON MILLS STATION,Operations - Operator,30,60,W,1371
2020-09-17,102,14:25,Thursday,WARDEN STATION,Mechanical,5,10,,8546
2020-09-17,56,14:30,Thursday,EGLINTON STATION,Mechanical,20,40,N,1210
2020-09-17,115,14:33,Thursday,YORK MILLS STATION,Operations - Operator,24,48,E,8129
2020-09-17,72,14:57,Thursday,BIRCHMOUNT GARAGE,Operations - Operator,0,0,,8583
2020-09-17,43,15:04,Thursday,KENNEDY AND HUNTINGWOO,Emergency Services,10,20,S,8637
2020-09-17,41,15:19,Thursday,KEELE AND INGRAM,Security,8,15,N,9047
2020-09-17,76,15:28,Thursday,ROYAL YORK AND THE QUE,Emergency Services,30,60,N,8091
2020-09-17,927,15:30,Thursday,KIPLING STATION,Mechanical,9,18,S,3582
2020-09-17,25,15:41,Thursday,PAPE STATION,Mechanical,6,12,N,8654
2020-09-17,47,15:45,Thursday,CALEDONIA AND EGLINTON,Collision - TTC,13,27,S,1110
2020-09-17,84,15:54,Thursday,BRADSTOCK AND WESTON,Investigation,0,0,E,3632
2020-09-17,46,16:00,Thursday,MARTIN GROVE AND BELFI,General Delay,310,321,S,3176
2020-09-17,71,16:07,Thursday,RAY AND BARTONVILLE,Mechanical,9,18,N,1096
2020-09-17,54,16:11,Thursday,EGLINTON STATION,Mechanical,12,24,E,8908
2020-09-17,29,16:49,Thursday,DUFFERIN AND DUFFERIN,Collision - TTC,6,12,N,9140
2020-09-17,45,16:51,Thursday,BELFIELD AND MARTIN GR,Road Blocked - NON-TTC Collision,145,158,E,0
2020-09-17,84,17:37,Thursday,SHEPPARD AND WELBECK,Collision - TTC,30,60,W,3178
2020-09-17,116,17:44,Thursday,KENNEDY STATION,Emergency Services,8,16,,8651
2020-09-17,35,17:47,Thursday,JANE AND CHALKFARM,Mechanical,4,8,S,3581
2020-09-17,111,17:49,Thursday,EAST MALL AND EGLINTON,Road Blocked - NON-TTC Collision,13,26,S,8066
2020-09-17,32,18:25,Thursday,RENFORTH STATION,Mechanical,8,19,E,1048
2020-09-17,53,18:33,Thursday,STEELES AND VICTORIA P,Cleaning,6,12,W,9095
2020-09-17,86,18:33,Thursday,KINGSTON AND FAIRWOOD,Emergency Services,11,22,E,8922
2020-09-17,133,18:47,Thursday,FINCH AND MORNINGSIDE,Mechanical,11,22,W,3403
2020-09-17,29,18:48,Thursday,DUFFERIN AND ORFUS,Security,8,15,N,9054
2020-09-17,161,19:59,Thursday,ALLIANCE AND JANE,Vision,23,46,E,1011
2020-09-17,161,19:59,Thursday,ALLIANCE AND JANE,Vision,23,46,E,1011
2020-09-17,161,19:59,Thursday,ALLIANCE AND JANE,Vision,23,46,E,1011
2020-09-17,47,20:11,Thursday,CULFORD AND LAWRENCE,Operations - Operator,20,40,S,1146
2020-09-17,68,20:25,Thursday,WARDEN AND COMSTOCK,Operations - Operator,35,70,N,8659
2020-09-17,86,21:10,Thursday,EGLINTON AND TORRANCE,Emergency Services,11,22,W,8689
2020-09-17,76,21:13,Thursday,ROYAL YORK STATION,Security,0,0,,8610
2020-09-17,63,21:53,Thursday,OSSINGTON AND BLOOR,Collision - TTC,9,18,S,8349
2020-09-17,68,22:49,Thursday,WARDEN AND HWY 401,Road Block - Non-TTC Collision,174,197,,0
2020-09-17,35,00:50,Thursday,JANE AND YEWTREE,Road Block - Non-TTC Collision,0,0,,0
2020-09-17,63,00:51,Thursday,OSSINGTON AND DEWSON,Security,15,30,N,8360
2020-09-17,35,01:13,Thursday,JANE AND STEELES,General Delay,0,0,S,3252
2020-09-18,95,02:16,Friday,YORK MILLS AND OLD YOR,Mechanical,30,60,E,1652
2020-09-18,32,03:11,Friday,EGLINGTON AND KEELE,Mechanical,30,60,W,1073
2020-09-18,53,04:01,Friday,STEELES AND MARKHAM,Operations - Operator,30,60,W,0
2020-09-18,89,04:42,Friday,ST CLAIR STATION,Mechanical,30,60,E,1077
2020-09-18,71,05:51,Friday,ROCKCLIFF AND ALLIANCE,General Delay,80,100,W,0
2020-09-18,161,06:01,Friday,ST CLAIR AND BRIMLEY,Road Block - Non-TTC Collision,8,23,,3119
2020-09-18,102,06:01,Friday,ST CLAIR AND BRIMLEY,Road Blocked - NON-TTC Collision,248,256,B,0
2020-09-18,9,06:27,Friday,ST CLAIR AND BRIMLEY,Road Blocked - NON-TTC Collision,247,253,B,0
2020-09-18,102,06:52,Friday,CASTLE FRANK STATION,Mechanical,15,30,W,1135
2020-09-18,94,06:53,Friday,ST CLAIR AND BRIMLEY,Road Blocked - NON-TTC Collision,0,0,W,0
2020-09-18,12,07:50,Friday,GREENWIN AND REGATTA,Mechanical,8,16,W,8153
2020-09-18,7,08:07,Friday,PEARSON AIRPORT,Mechanical,18,36,E,8332
2020-09-18,52,08:45,Friday,MAPLE AND GLEN,General Delay,255,302,B,8146
2020-09-18,75,08:57,Friday,DANFORTH AND BARRINGTO,Emergency Services,10,20,W,8537
2020-09-18,23,09:56,Friday,MALVERN GARAGE,Collision - TTC,0,0,,1310
2020-09-18,95,10:06,Friday,SHEPPARD AND WARDEN,Cleaning,30,60,W,3432
2020-09-18,85,10:17,Friday,FINCH WEST STATION,Mechanical,6,11,W,3293
2020-09-18,36,10:25,Friday,SCARBOROUGH CENTRE STA,Cleaning,11,22,E,3434
2020-09-18,133,10:34,Friday,SHEPPARD AND ATRIUM,Mechanical,30,60,W,9005
2020-09-18,85,10:37,Friday,ELLESMERE AND MIDLAND,Security,10,20,W,3469
2020-09-18,95,10:47,Friday,BATHURST AND ARDMORE,Mechanical,8,16,N,8334
2020-09-18,7,10:52,Friday,MCCOWAN AND MILNER,Emergency Services,7,14,S,3456
2020-09-18,129,11:13,Friday,SCARBOROUGH CENTRE STA,Cleaning,11,22,E,3408
2020-09-18,133,11:28,Friday,KIPLING AND SNARESBROO,Security,12,24,S,8031
2020-09-18,45,11:34,Friday,SCARBOROUGH CENTRE STA,Cleaning,11,22,E,3467
2020-09-18,133,11:41,Friday,MORNINGSIDE AND FINCH,Cleaning,11,22,W,3502
2020-09-18,133,11:53,Friday,OAKWOOD AND ST. CLAIR,Mechanical,12,24,S,8345
2020-09-18,163,12:25,Friday,KING AND SHAW (EAST OF,Security,7,14,E,8214
2020-09-18,63,13:01,Friday,SCARBOROUGH CENTRE STA,Cleaning,11,22,E,3535
2020-09-18,133,13:48,Friday,MAIN STREET STATION,Emergency Services,20,40,W,8481
2020-09-18,20,13:59,Friday,BOMBAY LOOP,General Delay,20,40,S,1251
2020-09-18,61,14:00,Friday,BOMBAY LOOP,General Delay,20,40,S,1251
2020-09-18,61,14:02,Friday,VICTORIA PARK STATION,Operations - Operator,26,51,E,8582
2020-09-18,12,14:22,Friday,BATHURST STATION,Mechanical,8,16,N,8185
2020-09-18,7,14:40,Friday,EGLINTON WEST STATION,Mechanical,7,16,S,8100
2020-09-18,63,14:41,Friday,MARTIN GROVE AND TEDDI,Mechanical,16,32,W,8339
2020-09-18,52,14:44,Friday,KENNEDY STATION,Operations - Operator,29,59,W,8917
2020-09-18,116,14:44,Friday,EGLINTON GARAGE,Operations - Operator,30,60,,0
2020-09-18,116,15:04,Friday,MALVERN GARAGE,Mechanical,6,12,W,3540
2020-09-18,53,15:09,Friday,WILSON STATION,Mechanical,4,9,S,1028
2020-09-18,29,15:15,Friday,SCARBOROUGH CENTRE STA,Mechanical,7,15,S,3420
2020-09-18,134,15:20,Friday,DAVISVILLE STN / AVENU,Mechanical,0,0,N,1214
2020-09-18,600,15:31,Friday,CASTLE FRANK STATION,Collision - TTC,0,0,N,1079
2020-09-18,94,15:36,Friday,WARDEN AND HWY 401,Road Blocked - NON-TTC Collision,44,56,N,8940
2020-09-18,68,15:40,Friday,EGLINTON GARAGE,Operations - Operator,20,32,,0
2020-09-18,54,15:44,Friday,SAHEPPARD WEST STATION,Mechanical,17,34,N,1301
2020-09-18,117,15:46,Friday,WARDEN STATION,Security,20,40,,8542
2020-09-18,9,16:04,Friday,WESTON AND EGLINTON,General Delay,20,30,N,9140
2020-09-18,89,16:19,Friday,EGLINTON EAST OF KEELE,Mechanical,5,9,W,1088
2020-09-18,32,16:44,Friday,AVENUE AND JOICEY,Mechanical,14,28,S,8158
2020-09-18,61,16:57,Friday,1 BENVENUTO PLACE,Operations - Operator,30,60,N,1389
2020-09-18,5,16:57,Friday,GLENCAIRN STATION,Operations - Operator,24,48,E,1059
2020-09-18,14,17:19,Friday,ST CLAIR AND BRIMLEY,Mechanical,5,10,W,8561
2020-09-18,102,17:34,Friday,VAUGHAN AND ST CLAIR,Mechanical,6,12,N,1296
2020-09-18,90,17:46,Friday,YONGE AND GROVENOR,Collision - TTC,30,60,S,1283
2020-09-18,97,18:16,Friday,VICTORIA PARK AND STEE,Mechanical,10,29,,8957
2020-09-18,24,18:45,Friday,THORNCLIFFE PARK AND O,Collision - TTC,11,22,N,3121
2020-09-18,81,18:52,Friday,THORNCLIFFE PARK AND O,Collision - TTC,10,20,N,8541
2020-09-18,81,18:57,Friday,DAVISVILLE STATION,Mechanical,30,60,N,8218
2020-09-18,97,19:23,Friday,OSSINGTON STATION,Collision - TTC,29,59,W,1136
2020-09-18,161,20:03,Friday,MORNINGSIDE AND FINCH,Cleaning,9,18,N,1658
2020-09-18,133,20:04,Friday,MORTIMER AND LINSMORE,Emergency Services,20,40,E,3161
2020-09-18,62,20:11,Friday,KEELE AND LAWRENCE,Road Blocked - NON-TTC Collision,72,82,N,1503
2020-09-18,41,20:21,Friday,YORK MILLS STATION,Emergency Services,20,40,W,3584
2020-09-18,96,20:35,Friday,STRACHAN AND EAST LIBE,Road Block - Non-TTC Collision,363,384,S,0
2020-09-18,63,21:46,Friday,DUNDAS AND 427,Mechanical,14,28,E,3258
2020-09-18,927,22:06,Friday,TAPSCOTT AND BLACKWELL,Security,14,28,N,3474
2020-09-18,131,22:28,Friday,MAIN STREET STATION,Emergency Services,0,0,,9231
2020-09-18,62,23:14,Friday,KENNEDY AND VILLAGE GR,Road Blocked - NON-TTC Collision,49,63,N,0
2020-09-18,43,23:15,Friday,JANE AND CORNELL,Mechanical,9,18,N,3600
2020-09-18,35,23:41,Friday,BAYVIEW AND MILLWOOD,Emergency Services,25,50,N,8204
2020-09-18,11,00:44,Friday,SHERBOURNE AND LAKESHO,General Delay,38,55,S,8344
2020-09-18,75,01:22,Friday,JANE STATION,Emergency Services,0,0,,3232
2020-09-18,35,01:22,Friday,JANE STATION,Emergency Services,0,0,,3232
2020-09-19,61,02:51,Saturday,BOMBAY LOOP,General Delay,20,40,N,1251
2020-09-19,300,03:13,Saturday,THE WEST MALL AND BURN,Emergency Services,17,34,N,8872
2020-09-19,39,05:06,Saturday,NEILSON AND CROWTRAIL,Emergency Services,15,15,S,1239
2020-09-19,75,05:14,Saturday,SHERBOURNE AND LAKESHO,General Delay,118,120,S,0
2020-09-19,47,05:32,Saturday,MT DENNIS GARAGE,Mechanical,9,18,E,1133
2020-09-19,343,05:33,Saturday,BIRCHMOUNT AND MCNICOL,Investigation,0,0,S,8802
2020-09-19,45,06:25,Saturday,KIPLING BETWEEN FINCH,Road Blocked - NON-TTC Collision,230,241,B,0
2020-09-19,96,06:28,Saturday,YONGE AND YORK MILLS,Mechanical,20,40,,3611
2020-09-19,104,07:05,Saturday,FINCH AND WIMINGTON,Mechanical,15,30,W,8161
2020-09-19,999,07:06,Saturday,YONGE AND WANLESS,Collision - TTC,0,0,S,9145
2020-09-19,63,07:13,Saturday,OSSINGTON AND BLOOR,Mechanical,6,12,S,8210
2020-09-19,135,07:15,Saturday,WARDEN STATION,Mechanical,0,0,E,8587
2020-09-19,95,07:17,Saturday,YORK MILLS AND LAURENT,Mechanical,14,28,E,1225
2020-09-19,52,10:10,Saturday,LAWRENCE WEST STATION,Mechanical,10,20,W,8302
2020-09-19,64,10:58,Saturday,BIRCHMOUNT GARAGE,Operations - Operator,12,24,,8403
2020-09-19,32,11:16,Saturday,EGLINTON STATION,Investigation,0,0,,3725
2020-09-19,36,11:50,Saturday,HUMBERWOOD LOOP,Mechanical,7,14,E,3772
2020-09-19,90,12:00,Saturday,SCARBOROUGH TOWN CENTR,Mechanical,24,48,N,9201
2020-09-19,1,12:07,Saturday,ST CLAIR STATION,Mechanical,1,2,E,8390
2020-09-19,160,12:34,Saturday,ATKINSON AND SPRING GA,Investigation,36,72,S,1375
2020-09-19,52,12:48,Saturday,LAWRENCE AND KEELE (EA,Investigation,10,20,W,8147
2020-09-19,25,12:48,Saturday,DON MILLS AND LAWRENCE,Investigation,9,18,N,8785
2020-09-19,32,12:50,Saturday,EGLINTON AND GLENHOLM,Collision - TTC,6,10,W,1005
2020-09-19,17,13:38,Saturday,WARDEN STATION,Vision,15,30,S,8498
2020-09-19,32,14:08,Saturday,EGLINTON AND MUNICIPAL,Investigation,0,0,W,1100
2020-09-19,31,14:13,Saturday,GREENWOOD STATION,Security,20,40,N,3112
2020-09-19,53,14:24,Saturday,STEELES AND MCCOWAN,Investigation,6,11,W,3467
2020-09-19,600,14:28,Saturday,YONGE AND LAWRENCE,Emergency Services,0,0,N,3448
2020-09-19,36,14:55,Saturday,FINCH WEST STATION,Investigation,5,11,E,3269
2020-09-19,600,15:00,Saturday,YONGE NORTH OF CRANBRO,Mechanical,0,0,S,8332
2020-09-19,41,15:36,Saturday,ROGERS AND OLD WESTON,Mechanical,8,16,N,1012
2020-09-19,41,15:37,Saturday,ROGERS EAST OF SCOTT,Mechanical,8,16,W,7955
2020-09-19,94,15:42,Saturday,OSSINGTON STATION,Emergency Services,0,0,E,1031
2020-09-19,35,15:44,Saturday,JANE STATION,Security,0,0,N,3254
2020-09-19,52,15:46,Saturday,LAWRENCE WEST STATION,Mechanical,10,20,,8304
2020-09-19,600,16:06,Saturday,YONGE AND YORK MILLS,Mechanical,0,0,N,9016
2020-09-19,165,16:29,Saturday,WILSON AND BATHURST,Investigation,8,17,E,3626
2020-09-19,106,16:32,Saturday,PIONEER VILLAGE STATIO,Mechanical,11,22,E,1283
2020-09-19,7,16:51,Saturday,BATHURST AND HILLHURST,Collision - TTC,7,15,N,8314
2020-09-19,52,17:53,Saturday,LAWRENCE STATION,Security,17,32,S,8196
2020-09-19,39,17:57,Saturday,FINCH AND WILLOWDALE,Road Blocked - NON-TTC Collision,45,52,E,0
2020-09-19,69,18:10,Saturday,BIRCHMOUNT AND ST CLAI,Road Blocked - NON-TTC Collision,20,40,S,0
2020-09-19,37,18:51,Saturday,REXDALE AND BERGAMOT,Collision - TTC,14,28,E,7928
2020-09-19,37,18:55,Saturday,REXDALE AND BERGAMOT,Road Blocked - NON-TTC Collision,14,28,B,0
2020-09-19,24,19:47,Saturday,VICTORIA PARK AND YORK,Road Blocked - NON-TTC Collision,9,19,,3127
2020-09-19,111,19:48,Saturday,DUNDAS AND SUBWAY CRES,Security,20,40,E,8089
2020-09-19,165,20:51,Saturday,YORK MILLS STATION,Security,10,20,E,3589
2020-09-19,77,21:16,Saturday,RUNNYMEDE STATION,Emergency Services,0,0,,1006
2020-09-19,927,21:57,Saturday,STEELES AND MARTINGROV,Emergency Services,10,20,E,3652
2020-09-19,116,22:17,Saturday,KENNEDY STATION,Mechanical,9,18,,8942
2020-09-19,51,23:25,Saturday,EGLINTON AND BESSBOROU,Emergency Services,30,60,W,8324
2020-09-19,98,23:30,Saturday,GRANTBROOK AND FINCH,Mechanical,30,60,W,8312
2020-09-19,24,23:38,Saturday,VICTORIA PARK AND OCON,Emergency Services,0,0,S,8476
2020-09-19,63,01:19,Saturday,ATLANTIC AND KING,Security,0,0,N,8347
2020-09-20,511,02:58,Sunday,BATHURST AND KING,Emergency Services,8,15,N,1036
2020-09-20,325,04:00,Sunday,QUEEN AND CARLAW,Emergency Services,0,0,S,8687
2020-09-20,43,04:24,Sunday,KENNEDY STATION,Emergency Services,30,60,,8701
2020-09-20,86,06:35,Sunday,MEADOWVALE AND STEELES,Mechanical,10,20,S,8697
2020-09-20,127,07:57,Sunday,TOWNSLEY LOOP,Mechanical,25,50,E,1140
2020-09-20,32,08:06,Sunday,EGLINTON WEST STATION,Mechanical,24,37,W,1065
2020-09-20,35,08:45,Sunday,JANE AND CHALKFARM DRI,Security,10,20,N,3239
2020-09-20,63,09:01,Sunday,WILSON GARAGE,Mechanical,8,16,S,8209
2020-09-20,47,09:04,Sunday,LANSDOWNE AND RIDEAU,Road Blocked - NON-TTC Collision,38,48,B,0
2020-09-20,134,09:04,Sunday,FINCH AND FINCDENE SQU,Mechanical,18,36,N,3407
2020-09-20,42,09:19,Sunday,DON MILLS AND MC NICHO,General Delay,246,262,W,8330
2020-09-20,105,09:48,Sunday,SHEPPARD WEST STATION,Mechanical,15,30,N,1223
2020-09-20,85,10:27,Sunday,SHEPPARD AND GRAND MAR,Collision - TTC,7,15,E,9012
2020-09-20,160,10:42,Sunday,WILSON STATION,Vision,26,52,S,1307
2020-09-20,104,11:00,Sunday,DUFFERIN AND FINCH,Road Blocked - NON-TTC Collision,122,144,N,0
2020-09-20,105,11:00,Sunday,DUFFERIN AND FINCH,Road Blocked - NON-TTC Collision,113,128,S,0
2020-09-20,69,11:40,Sunday,WARDEN STATION,Mechanical,20,40,N,8498
2020-09-20,,11:47,Sunday,WILSON GARAGE,Mechanical,23,46,S,8143
2020-09-20,95,11:57,Sunday,YORK MILLS STATION,Mechanical,8,15,E,1366
2020-09-20,95,11:57,Sunday,YORK MILLS STATION,Mechanical,8,15,E,1366
2020-09-20,36,12:02,Sunday,HUMBERWOOD LOOP,Mechanical,5,10,E,3230
2020-09-20,74,12:19,Sunday,ST CLAIR STATION,Mechanical,18,36,N,8162
2020-09-20,32,12:45,Sunday,EGLINTON AND DUFFERIN,Investigation,0,0,E,1071
2020-09-20,134,13:22,Sunday,PROGRESS AND MARKHAM,Mechanical,15,30,S,3475
2020-09-20,108,14:29,Sunday,GRANDRAVINE AND DRIFTW,Collision - TTC,9,18,N,3237
2020-09-20,95,15:17,Sunday,YORK MILLS AND FENSIDE,Collision - TTC,8,15,E,3434
2020-09-20,73,15:41,Sunday,ALBION AND SILVERSTONE,Emergency Services,23,46,E,7943
2020-09-20,64,16:39,Sunday,MAIN STATION,Emergency Services,10,20,,3137
2020-09-20,65,16:50,Sunday,CASTLE FRANK STATION,Mechanical,15,30,N,8959
2020-09-20,65,16:50,Sunday,CASTLE FRANK STATION,Mechanical,15,30,N,8959
2020-09-20,52,17:08,Sunday,LAWRENCE AND WESTON,Mechanical,14,28,W,8212
2020-09-20,84,17:30,Sunday,SHEPPARD AND BRYANT,Road Blocked - NON-TTC Collision,50,58,W,0
2020-09-20,116,18:05,Sunday,KENNEDY STATION,Emergency Services,7,14,,8875
2020-09-20,70,18:10,Sunday,DANFORTH AND COXWELL,Security,10,20,W,8852
2020-09-20,24,18:25,Sunday,VICTORIA PARK STATION,Security,6,13,,9235
2020-09-20,39,20:57,Sunday,SEWELLS AND KENGATE,Road Blocked - NON-TTC Collision,85,105,W,1274
2020-09-20,47,21:00,Sunday,LANSDOWNE AND DUNDAS,Security,20,40,S,1614
2020-09-20,70,21:02,Sunday,COXWELL AND MORTIMER,Emergency Services,14,28,N,8921
2020-09-20,85,21:06,Sunday,SHEPPARD AND PROGRESS,Road Blocked - NON-TTC Collision,52,62,W,0
2020-09-20,63,21:35,Sunday,OAKWOOD LOOP- ST CLAIR,Emergency Services,10,20,W,8196
2020-09-20,95,22:07,Sunday,KINGSTON RD LOOP AND E,Mechanical,14,26,,3509
2020-09-20,24,23:07,Sunday,VICTORIA PARK AND LAWR,Security,0,0,N,8493
2020-09-21,329,02:33,Monday,EXHIBITION LOOP,Mechanical,30,60,,1412
2020-09-21,307,05:04,Monday,BATHURST AND QUEEN,General Delay,0,0,N,0
2020-09-21,54,06:35,Monday,LAWRENCE AND CROCKFORD,Road Blocked - NON-TTC Collision,131,141,W,0
2020-09-21,32,07:22,Monday,EGLINTON AND ENNERDALE,Security,3,11,E,1281
2020-09-21,32,07:27,Monday,EGLINTON AND ENNERDALE,Security,12,23,,1130
2020-09-21,927,08:52,Monday,KIPLING STATION,Mechanical,0,0,,3275
2020-09-21,43,09:36,Monday,KENNEDY AND SHEPPARD,Road Blocked - NON-TTC Collision,49,63,S,0
2020-09-21,,10:11,Monday,BLOOR AND LANSDOWNE,Collision - TTC,0,0,E,0
2020-09-21,24,10:21,Monday,VICTORIA PARK AND SLOA,Collision - TTC,12,24,S,8521
2020-09-21,94,10:31,Monday,WELLESLEY AND CHURCH,Security,15,30,,1097
2020-09-21,41,10:35,Monday,IAN MACDONALD ANDSHORE,Mechanical,0,0,S,1560
2020-09-21,29,10:47,Monday,DUFFERIN AND DUNDAS,Road Blocked - NON-TTC Collision,30,33,N,9142
2020-09-21,36,11:15,Monday,FINCH AND YONGE,Security,5,11,W,9133
2020-09-21,12,11:41,Monday,SWANWICK AND VICTORIA,General Delay,0,0,E,8576
2020-09-21,79,11:44,Monday,SCARLETT AND EAST,Emergency Services,24,48,S,1052
2020-09-21,116,11:51,Monday,MORNIGSIDE AND MILNER,Road Blocked - NON-TTC Collision,39,49,,8692
2020-09-21,100,12:55,Monday,GATEWAY AND DON MILLS,Investigation,9,18,S,8917
2020-09-21,95,13:04,Monday,YORK MILLS AND DON VAL,Collision - TTC,20,40,W,3535
2020-09-21,61,13:08,Monday,BOMBAY LOOP,General Delay,20,33,S,8218
2020-09-21,37,13:23,Monday,ISLINGTON STATION,Mechanical,22,44,N,8062
2020-09-21,21,13:26,Monday,BRIMLEY AND EGLINTON,Investigation,0,0,N,3486
2020-09-21,57,13:31,Monday,MIDLAND AND MARCOS,Investigation,14,28,S,8639
2020-09-21,111,14:23,Monday,EAST MALL AND BURNHAMT,Emergency Services,102,110,S,7976
2020-09-21,85,14:32,Monday,MEADOWVALE LOOP,Mechanical,7,14,,9072
2020-09-21,165,14:51,Monday,YORK MILLS STATION,Management,10,22,,3653
2020-09-21,95,15:00,Monday,U OF T SCARBOROUGH - M,Emergency Services,0,0,S,1333
2020-09-21,116,15:44,Monday,KENNEDY STATION,Operations - Operator,26,52,E,8823
2020-09-21,110,16:04,Monday,LONG BRANCH LOOP,Mechanical,22,44,,7966
2020-09-21,36,16:49,Monday,HUMBERWOOD AND PINECON,Collision - TTC,7,14,N,3356
2020-09-21,96,17:07,Monday,CARRIER AND HUMBER COL,Emergency Services,88,113,,3329
2020-09-21,25,17:20,Monday,DON MILLS AND SHEPPARD,Emergency Services,11,22,N,8679
2020-09-21,91,17:22,Monday,VALLEYWOODS AND BROOKB,Collision - TTC,14,28,N,8646
2020-09-21,85,17:35,Monday,SHEPPARD AND KENNEDY,Security,13,26,E,3524
2020-09-21,25,18:06,Monday,DON MILLS AND LAWRENCE,Mechanical,14,28,N,8812
2020-09-21,34,19:23,Monday,EGLINTON AND DON MILLS,Mechanical,7,43,E,8688
2020-09-21,78,00:17,Monday,UPPER HIGHLAND CRESCEN,Mechanical,30,60,S,8153
2020-09-21,39,01:23,Monday,FINCH AND SANDHURST,Operations - Operator,20,40,E,9006
2020-09-22,60,04:41,Tuesday,FINCH STATION,Operations - Operator,24,48,W,3235
2020-09-22,72,05:34,Tuesday,PAPE STATION,Mechanical,30,64,S,3158
2020-09-22,39,06:25,Tuesday,FINCH AND CHEROKEE,Road Blocked - NON-TTC Collision,13,18,W,0
2020-09-22,999,07:26,Tuesday,KIPLING STATION,Operations - Operator,0,0,,8606
2020-09-22,102,07:37,Tuesday,MARKHAM AND SCRANTON,Collision - TTC,14,23,N,3136
2020-09-22,35,07:38,Tuesday,JANE STATION,Collision - TTC,10,20,,3250
2020-09-22,35,08:09,Tuesday,JANE AND FRITH,Security,9,18,S,3629
2020-09-22,999,08:14,Tuesday,PAPE STATION,Collision - TTC,0,0,S,8666
2020-09-22,53,08:57,Tuesday,STEELES AND DUDLEY,Mechanical,11,22,W,9011
2020-09-22,116,10:15,Tuesday,MORNINGSIDE AND BEATH,Collision - TTC,11,22,N,8653
2020-09-22,24,10:32,Tuesday,VICTORIA PARK STATION,Mechanical,7,18,N,8523
2020-09-22,133,10:51,Tuesday,SCARBOROUGH CENTRE STA,Mechanical,11,22,E,3430
2020-09-22,44,10:55,Tuesday,KIPLING AND TORLAKE,Mechanical,7,14,W,7922
2020-09-22,130,10:55,Tuesday,SCARBOROUGH CENTRE STA,Operations - Operator,21,42,E,3449
2020-09-22,133,11:02,Tuesday,SCARBOROUGH TOWN CENTE,Mechanical,11,22,E,3489
2020-09-22,79,11:04,Tuesday,PINE AND LAWRENCE,Mechanical,24,48,N,1119
2020-09-22,133,11:24,Tuesday,SCARBOROUGH CENTRE STA,Mechanical,11,22,E,3475
2020-09-22,43,11:25,Tuesday,KENNEDY STATION,Mechanical,10,20,,8680
2020-09-22,39,11:30,Tuesday,FINCH AND PAGE,Collision - TTC,5,12,W,3401
2020-09-22,52,11:44,Tuesday,LAWRENCE WEST STATION,Mechanical,11,22,E,1213
2020-09-22,133,11:45,Tuesday,SCARBOROUGH CENTRE STA,Mechanical,11,22,E,3411
2020-09-22,133,11:56,Tuesday,SCARBOROUGH CENTRE STA,Mechanical,11,22,E,3413
2020-09-22,133,11:59,Tuesday,SCARBOROUGH CENTRE STA,Mechanical,11,22,E,3418
2020-09-22,129,12:48,Tuesday,MCCOWAN AND SHEPPARD,Security,0,0,S,3461
2020-09-22,133,12:51,Tuesday,SCARBOROUGH CENTRE STA,Mechanical,11,22,E,3462
2020-09-22,43,13:09,Tuesday,KENNEDY STATION,Operations - Operator,10,20,,8696
2020-09-22,34,13:17,Tuesday,ST DENNIS AND LINKWOOD,Emergency Services,12,24,S,8878
2020-09-22,54,13:21,Tuesday,EGLINTON AND REDPATH,Collision - TTC,12,24,E,8682
2020-09-22,82,13:21,Tuesday,ROSEDALE STATION,Operations - Operator,37,0,,0
2020-09-22,165,13:42,Tuesday,WILSON AND AGATE,Investigation,12,24,W,3361
2020-09-22,60,14:09,Tuesday,STEELES AND JANE,Collision - TTC,10,20,E,3179
2020-09-22,85,14:14,Tuesday,MALVERN GARAGE,Mechanical,7,14,E,1559
2020-09-22,17,14:25,Tuesday,WARDEN STATION,Collision - TTC,10,20,,8404
2020-09-22,11,14:40,Tuesday,BAYVIEW AND HEATHCOTE,Collision - TTC,10,12,S,1367
2020-09-22,600,14:49,Tuesday,MARKHAM AND KINGSTON,Security,5,10,N,8544
2020-09-22,104,15:04,Tuesday,WILSON STATION,Mechanical,20,40,N,8346
2020-09-22,75,15:45,Tuesday,LOWER JARVIS AND QUEEN,Emergency Services,0,0,N,1388
2020-09-22,52,16:17,Tuesday,LAWRENCE AND DUFFERIN,Collision - TTC,10,12,E,8328
2020-09-22,39,16:47,Tuesday,FINCH STATION,Investigation,7,8,,3443
2020-09-22,63,16:57,Tuesday,OSSINGTON AND BLOOR,Emergency Services,33,40,,8164
2020-09-22,94,17:04,Tuesday,OSSINGTON AND BLOOR,Emergency Services,26,41,,0
2020-09-22,102,17:16,Tuesday,ST CLAIR AND WATER WIL,Mechanical,10,20,E,9213
2020-09-22,85,17:27,Tuesday,SHEPPARD AND VICTORIA,Security,7,14,E,3455
2020-09-22,39,17:40,Tuesday,FINCH AND MIDDLEFIELD,Road Blocked - NON-TTC Collision,40,46,E,0
2020-09-22,41,17:52,Tuesday,1620 KEELE,Mechanical,7,23,S,9044
2020-09-22,60,17:53,Tuesday,FINCH STATION,Mechanical,10,20,W,3194
2020-09-22,52,17:55,Tuesday,LAWRENCE STATION,Mechanical,7,16,W,1382
2020-09-22,97,18:36,Tuesday,YONGE AND STEELES,Mechanical,3,6,S,8218
2020-09-22,95,19:02,Tuesday,KINGSTON ROAD LOOP,Emergency Services,9,18,,3437
2020-09-22,21,19:39,Tuesday,BRIMLEY AND PROGRESS,General Delay,14,27,S,3472
2020-09-22,113,20:19,Tuesday,DANFORTH AND LEYTON,Emergency Services,0,0,W,8534
2020-09-22,24,20:36,Tuesday,VICTORIA PARK AND O'C,Security,11,22,S,8470
2020-09-22,91,20:41,Tuesday,VALLEYWOODS AND BROOKB,Emergency Services,12,24,W,8693
2020-09-22,97,20:49,Tuesday,YONGE AND CASTLEFIELD,Road Blocked - NON-TTC Collision,24,39,N,8201
2020-09-22,24,21:09,Tuesday,VICTORIA PARK AND VAN,Road Blocked - NON-TTC Collision,15,30,S,3171
2020-09-22,169,21:38,Tuesday,VAN HORNE AND VICTORIA,Road Blocked - NON-TTC Collision,77,107,E,8348
2020-09-22,334,21:46,Tuesday,WARDEN AND EGLINTON,General Delay,0,0,,0
2020-09-22,39,22:08,Tuesday,FINCH AND MARKHAM,Emergency Services,0,0,S,3402
2020-09-22,24,22:48,Tuesday,VICTORIA PARK AND VAN,Road Block - Non-TTC Collision,117,125,S,0
2020-09-22,39,22:52,Tuesday,LITTLES AND SEWELLS,Security,0,0,N,3487
2020-09-22,52,23:04,Tuesday,LAWRENCE AND WESTON,General Delay,155,173,W,8139
2020-09-22,52,23:22,Tuesday,WESTON AND LAWRENCE,General Delay,155,173,,8350
2020-09-22,47,23:57,Tuesday,DAVENPORT AND LANSDOWN,Cleaning,10,20,W,1359
2020-09-22,79,00:55,Tuesday,WESTON AND LAWRENCE,General Delay,42,56,N,1305
2020-09-22,41,01:16,Tuesday,ST CLAIR AND OLD WESTO,Road Blocked - NON-TTC Collision,0,22,N,9020
2020-09-23,341,02:00,Wednesday,ST CLAIR AND WESTON,Road Blocked - NON-TTC Collision,0,0,,0
2020-09-23,52,05:03,Wednesday,LAWRENCE AND WESTON,General Delay,0,0,B,0
2020-09-23,300,05:28,Wednesday,BLOOR AND CASTLE FRANK,Mechanical,10,20,W,7919
2020-09-23,312,05:39,Wednesday,ST CLAIR AND KEELE,Road Blocked - NON-TTC Collision,63,83,E,1305
2020-09-23,79,05:40,Wednesday,LAWRENCE AND WESTON,General Delay,0,0,,1044
2020-09-23,24,05:45,Wednesday,VICTORIA PARK AND SLOA,Mechanical,10,19,S,8550
2020-09-23,29,06:38,Wednesday,DUFFERIN AND HALLAM,Security,8,16,N,9025
2020-09-23,79,06:41,Wednesday,LAWRENCE AND WESTON,General Delay,35,50,N,1044
2020-09-23,108,06:44,Wednesday,PIONEER VILLAGE STATIO,Mechanical,15,30,E,31878
2020-09-23,124,06:52,Wednesday,WILSON GARAGE,Mechanical,6,12,,1370
2020-09-23,7,07:16,Wednesday,BATHURST AND BAINBRIDG,Emergency Services,8,16,S,8208
2020-09-23,52,07:27,Wednesday,LAWRENCE WEST STATION,Mechanical,16,32,,8121
2020-09-23,51,08:23,Wednesday,EGLINTON STATION,Mechanical,12,24,,8162
2020-09-23,52,08:26,Wednesday,LAWRENCE STATION,Mechanical,11,22,E,1285
2020-09-23,51,08:29,Wednesday,EGLINTON STATION,Mechanical,12,24,N,8162
2020-09-23,123,08:58,Wednesday,DUNDAS AND SHORNCLIFFE,Mechanical,21,42,E,8092
2020-09-23,87,09:23,Wednesday,LUMSDEN AND BARRINGTON,Mechanical,10,20,E,8599
2020-09-23,,10:06,Wednesday,DON MILLS STATION,Operations - Operator,30,60,,0
2020-09-23,47,10:09,Wednesday,LANSDOWNE AND COLLEGE,Road Blocked - NON-TTC Collision,19,34,S,0
2020-09-23,11,10:29,Wednesday,BAYVIEW AND SHEPPARD,Cleaning,13,26,N,8115
2020-09-23,53,13:14,Wednesday,MARKHAM AND PASSMORE,Mechanical,11,22,S,9000
2020-09-23,91,13:30,Wednesday,VALLEY WOODS AND YORK,General Delay,14,28,N,8914
2020-09-23,89,13:31,Wednesday,WESTON AND WRIGHT,Investigation,14,29,N,9140
2020-09-23,116,13:34,Wednesday,MORNINGSIDE AND SEWELL,Mechanical,11,22,S,8732
2020-09-23,43,14:23,Wednesday,KENNEDY AND PERTHSHIRE,Collision - TTC,10,20,N,8741
2020-09-23,109,14:23,Wednesday,NEPTUNE AND BATHURST,Mechanical,30,60,E,8385
2020-09-23,161,14:27,Wednesday,ROGERS AND OAKWOOD,Diversion,32,45,N,0
2020-09-23,88,14:29,Wednesday,LAIRD AND ESANDER,Mechanical,10,20,N,1374
2020-09-23,124,14:51,Wednesday,LAWRENCE AND MILDENHAL,Emergency Services,9,18,E,8114
2020-09-23,72,14:52,Wednesday,PAPE STATION,Mechanical,23,46,,8960
2020-09-23,163,15:00,Wednesday,LAWRENCE WEST STATION,Mechanical,12,25,S,1286
2020-09-23,39,15:04,Wednesday,FINCH AND GASPE,Security,4,10,E,3461
2020-09-23,52,15:09,Wednesday,LAWRENCE STATION,Mechanical,15,30,,8354
2020-09-23,47,15:12,Wednesday,LANSDOWNE AND WADE,Mechanical,15,30,N,1263
2020-09-23,121,15:20,Wednesday,BERKELEY AND S OF FRON,Mechanical,24,48,N,8513
2020-09-23,23,15:50,Wednesday,MAIN STREET STATION,Investigation,10,20,S,8563
2020-09-23,37,16:24,Wednesday,ISLINGTON AND ANGLESEY,Collision - TTC,15,30,N,8087
2020-09-23,84,16:47,Wednesday,WESTON AND BRADSTOCK,Mechanical,15,30,E,3707
2020-09-23,52,17:00,Wednesday,LAWRENCE AND CALEDONIA,Mechanical,16,32,W,8219
2020-09-23,169,17:00,Wednesday,SHEPPARD AND HERON'S H,Collision - TTC,30,60,W,1382
2020-09-23,61,17:04,Wednesday,AVENUE AND DUNBLAINE,General Delay,1,14,N,8373
2020-09-23,34,17:11,Wednesday,EGLINTON AND FALCON,Mechanical,12,24,E,8807
2020-09-23,102,17:20,Wednesday,WARDEN STATION,Mechanical,10,20,,8475
2020-09-23,36,17:51,Wednesday,TORYORK AND MILVAN,Mechanical,25,50,W,3701
2020-09-23,12,18:36,Wednesday,MORNINGSIDE AND MILITA,Mechanical,30,60,,3110
2020-09-23,122,18:47,Wednesday,GRAYDON HALL AND DON M,Security,14,28,W,1288
2020-09-23,120,19:02,Wednesday,NORTHOVER AND SHEPPARD,Mechanical,30,60,S,3329
2020-09-23,65,19:16,Wednesday,PARLIAMENT AND QUEEN,General Delay,103,188,S,9226
2020-09-23,91,19:33,Wednesday,WOODBINE AND BARKER,Mechanical,23,46,S,8784
2020-09-23,165,19:34,Wednesday,WILSON AND JUST W OF J,Collision - TTC,9,17,W,3630
2020-09-23,53,20:00,Wednesday,TAPSCOTT AND SELECT,Mechanical,6,11,S,9058
2020-09-23,117,20:25,Wednesday,WILSON GARAGE,Operations - Operator,20,40,,1228
2020-09-23,35,20:28,Wednesday,PIONEER VILLAGE STATIO,Security,9,18,,9118
2020-09-23,74,20:52,Wednesday,GLEN ECHO LOOP ( MT P,Mechanical,18,36,,1234
2020-09-23,89,20:54,Wednesday,WESTON AND EGLINTON,Security,0,0,S,9140
2020-09-23,47,21:03,Wednesday,YORKDALE STATION,Mechanical,24,58,S,1412
2020-09-23,75,21:06,Wednesday,SOUTH DRIVE AND GLEN R,Operations - Operator,13,26,,1213
2020-09-23,12,22:10,Wednesday,KINGSTON AND WARDEN,Road Blocked - NON-TTC Collision,20,40,W,8527
2020-09-23,32,22:19,Wednesday,LAWRENCE AND PINE,Mechanical,11,22,E,3732
2020-09-23,82,23:30,Wednesday,ROSEDALE STATION,Operations - Operator,460,0,,0
2020-09-23,29,00:13,Wednesday,WILSON STATION,Cleaning,8,17,,1261
2020-09-24,52,04:55,Thursday,LAWRENCE AND WESTON,General Delay,0,0,B,0
2020-09-24,79,05:05,Thursday,LAWRENCE AND WESTON,General Delay,0,0,B,1079
2020-09-24,24,05:15,Thursday,VICTORIA PARK AND STEE,Mechanical,101,20,,3122
2020-09-24,84,05:27,Thursday,SHEPPARD AND ARROW,Mechanical,6,12,W,3323
2020-09-24,2,05:37,Thursday,KEELE STATION,Collision - TTC,0,0,,0
2020-09-24,95,05:38,Thursday,ELLESMERE AND WARDEN,Operations - Operator,30,60,E,1550
2020-09-24,26,05:40,Thursday,ST GEORGE STATION,Mechanical,30,60,W,1406
2020-09-24,90,05:50,Thursday,ST CLAIR WEST STATION,Mechanical,8,15,W,8124
2020-09-24,161,06:12,Thursday,OSSINGTON STATION,Mechanical,20,40,W,1085
2020-09-24,35,06:42,Thursday,PIONEER VILLAGE STATIO,Mechanical,4,10,N,9131
2020-09-24,60,07:05,Thursday,STEELES AND ISLINGTON,Collision - TTC,7,14,E,3181
2020-09-24,15,07:11,Thursday,ROYAL YORK AND NORSEMA,Collision - TTC,15,30,N,7934
2020-09-24,169,07:14,Thursday,HUNTINGWOOD AND BELGRE,Emergency Services,20,40,W,8305
2020-09-24,129,07:15,Thursday,MAJOR MACKENZIE AND MC,Road Block - Non-TTC Collision,90,105,N,0
2020-09-24,109,07:24,Thursday,VARNA AND RANEE,General Delay,103,133,,0
2020-09-24,163,07:27,Thursday,OAKWOOD AND ST CLAIR,Security,12,25,S,1212
2020-09-24,42,07:37,Thursday,FINCH STATION,Mechanical,14,28,E,8393
2020-09-24,121,07:38,Thursday,MILL AND TRINITY,Vision,13,28,W,3146
2020-09-24,29,07:39,Thursday,WILSON AND DUFFERIN,Mechanical,7,14,W,1107
2020-09-24,60,07:40,Thursday,STEELES AND KIPLING,Road Block - Non-TTC Collision,58,65,B,3335
2020-09-24,76,07:42,Thursday,CALEDONIA AND LAWRENCE,Mechanical,0,0,N,1242
2020-09-24,11,07:46,Thursday,BAYVIEW AND BROADWAY,Operations - Operator,18,36,S,8170
2020-09-24,98,08:15,Thursday,SHEPPARD STATION,Operations - Operator,21,42,E,8114
2020-09-24,71,08:39,Thursday,INDUSTRY AND TODD BAYL,General Delay,61,70,S,1106
2020-09-24,171,08:40,Thursday,TODD BAYLIS AND INDRUS,Road Blocked - NON-TTC Collision,60,80,E,0
2020-09-24,35,08:45,Thursday,JANE AND WOOLNER,Mechanical,10,20,N,3357
2020-09-24,129,09:48,Thursday,SCARBOROUGH CENTRE STA,Operations - Operator,28,56,,1663
2020-09-24,24,10:40,Thursday,VICTORIA PARK STATION,Operations - Operator,20,30,N,9204
2020-09-24,133,10:51,Thursday,SCARBOROUGH CENTRE STA,Cleaning,11,22,E,3400
2020-09-24,133,11:13,Thursday,SCARBOROUGH CENTRE STA,Cleaning,11,22,E,3415
2020-09-24,133,11:34,Thursday,SCARBOROUGH CENTRE STA,Cleaning,11,22,E,3486
2020-09-24,52,11:38,Thursday,LAWRENCE AND JEDBURGH,Mechanical,15,30,W,8198
2020-09-24,163,11:44,Thursday,LAWRENCE WEST STATION,Security,12,25,N,8131
2020-09-24,133,11:55,Thursday,MORNINGSIDE AND FINCH,Cleaning,11,22,W,3554
2020-09-24,133,11:56,Thursday,SCARBOROUGH CENTRE STA,Cleaning,11,22,E,3421
2020-09-24,97,12:17,Thursday,EGLINTON AND YONGE,Investigation,191,221,B,8370
2020-09-24,133,12:18,Thursday,SCARBOROUGH CENTRE STA,Cleaning,11,22,E,3531
2020-09-24,95,12:30,Thursday,ELLESMERE AND KINGSTON,Operations - Operator,0,0,E,1341
2020-09-24,98,12:42,Thursday,SHEPPARD STATION,Operations - Operator,25,50,W,8395
2020-09-24,133,13:02,Thursday,SCARBOROUGH CENTRE STA,Cleaning,11,22,E,3462
2020-09-24,97,13:11,Thursday,HILDA AND STEELES,Operations - Operator,30,60,S,8370
2020-09-24,63,13:34,Thursday,STRACHAN AND EAST LIBE,Road Blocked - NON-TTC Collision,16,22,S,8338
2020-09-24,160,13:42,Thursday,BATHURST AND FINCH,Mechanical,25,50,N,8325
2020-09-24,165,13:49,Thursday,WESTON AND STEELES,Mechanical,5,10,E,3254
2020-09-24,7,13:53,Thursday,BATHURST AND WILSON,Mechanical,8,16,S,8316
2020-09-24,15,13:54,Thursday,THE WEST MALL AND SHER,Collision - TTC,25,50,,8092
2020-09-24,7,13:59,Thursday,BATHURST AND WILSON,Mechanical,8,16,S,8316
2020-09-24,36,14:20,Thursday,FINCH AND WESTON,Mechanical,5,10,W,9104
2020-09-24,108,14:25,Thursday,JANE AND DRIFTWOOD,Collision - TTC,17,34,N,3278
2020-09-24,89,15:00,Thursday,WESTON AND HUMBER,General Delay,0,0,S,0
2020-09-24,44,15:14,Thursday,KIPLING STATION,Vision,5,10,S,8606
2020-09-24,165,15:15,Thursday,FENMAR AND WESTON,Investigation,199,211,B,3318
2020-09-24,900,15:24,Thursday,KIPLING STATION,Mechanical,12,24,S,8000
2020-09-24,999,15:25,Thursday,KENHAR AND WESTON,Utilized Off Route,0,0,E,3253
2020-09-24,110,15:32,Thursday,ISLINGTON STATION,Mechanical,24,48,N,7978
2020-09-24,32,15:49,Thursday,EGLINTON AND DUFFERIN,Investigation,115,119,B,1037
2020-09-24,47,15:54,Thursday,LANSDOWNE AND COLLEGE,Mechanical,13,26,S,1083
2020-09-24,52,16:00,Thursday,WESTON AND LAWRENCE,General Delay,0,0,B,0
2020-09-24,85,16:17,Thursday,SHEPPARD AND BRIMLEY,Mechanical,13,26,W,1550
2020-09-24,89,16:32,Thursday,WESTON AND OXFORD,Mechanical,10,25,N,9050
2020-09-24,7,16:43,Thursday,BATHURST STATION,Mechanical,7,15,N,1211
2020-09-24,54,16:48,Thursday,MCCOWAN STATION -,Security,2,13,W,8884
2020-09-24,84,17:04,Thursday,FENMAR AND SIGNET,Investigation,195,215,N,3231
2020-09-24,56,17:16,Thursday,EGLINTON STATION,Operations - Operator,21,42,S,8147
2020-09-24,60,17:33,Thursday,STEELES AND KEELE,Mechanical,11,22,E,3603
2020-09-24,36,17:37,Thursday,WESTON AND FENMAR,Investigation,56,68,W,3711
2020-09-24,35,17:40,Thursday,JANE AND SHEPPARD,Emergency Services,6,12,N,3267
2020-09-24,36,17:44,Thursday,FINCH - KEELE TO HWY 4,Investigation,0,0,B,0
2020-09-24,108,18:39,Thursday,DRIFTWOOD AND JANE,Investigation,0,0,,0
2020-09-24,86,18:51,Thursday,MEADOWVALE LOOP,Security,16,32,W,8946
2020-09-24,32,19:11,Thursday,EGLINTON STATION,Emergency Services,5,10,W,1120
2020-09-24,161,19:40,Thursday,OSSINGTON STATION,Collision - TTC,23,46,E,1055
2020-09-24,100,19:48,Thursday,BROADVIEW STATION @ 8:,Operations - Operator,0,0,,8934
2020-09-24,26,20:17,Thursday,DUPONT AND JANE,Operations - Operator,24,48,E,0
2020-09-24,95,20:20,Thursday,YORK MILLS STATION,Cleaning,10,20,W,1207
2020-09-24,26,20:21,Thursday,DUPONT AND JANE,Operations - Operator,24,48,E,0
2020-09-24,45,20:22,Thursday,KIPLING AND TABER,Emergency Services,10,20,S,8608
2020-09-24,7,20:56,Thursday,BATHURST STATION,Emergency Services,0,0,N,8109
2020-09-24,54,22:06,Thursday,SCARBOROUGH GOLF CLUB,Emergency Services,4,20,S,8824
2020-09-24,15,22:07,Thursday,EVANS AND HORNER,Road Blocked - NON-TTC Collision,199,229,W,8603
2020-09-24,35,22:12,Thursday,JANE AND MAPLE LEAF,Mechanical,9,18,N,3262
2020-09-24,52,23:28,Thursday,AIRPORT AND RIPON,Operations - Operator,11,23,,8355
2020-09-24,35,23:48,Thursday,JANE AND SHOREHAM,Operations - Operator,9,18,N,3360
2020-09-24,29,00:44,Thursday,SPRINGHURST LOOP,Emergency Services,0,0,,9017
2020-09-25,334,02:00,Friday,WARDEN AND EGLINTON,Diversion,180,210,,0
2020-09-25,163,02:15,Friday,OAKWOOD AND EGLINTON,Operations - Operator,30,60,S,8319
2020-09-25,312,02:41,Friday,ST CLAIR AND YONGE,Emergency Services,26,0,E,1406
2020-09-25,110,03:20,Friday,ISLINGTON STATION,Security,30,60,W,8464
2020-09-25,53,03:38,Friday,FINCH STATION,Operations - Operator,30,60,W,1653
2020-09-25,300,04:02,Friday,BLOOR AND ISLINGTON,Security,17,34,W,8443
2020-09-25,52,04:56,Friday,LAWRENCE AND WESTON,General Delay,0,0,,0
2020-09-25,79,05:01,Friday,LAWRENCE AND WESTON,General Delay,0,0,,0
2020-09-25,108,06:18,Friday,KEELE AND ST REGIS,Investigation,246,263,,0
2020-09-25,300,06:38,Friday,DANFORTH AND COXWELL,Vision,17,32,E,8924
2020-09-25,61,06:39,Friday,BOMBAY LOOP,Operations - Operator,14,28,,1355
2020-09-25,43,06:48,Friday,KENNEDY STATION,Vision,10,20,N,8924
2020-09-25,7,06:54,Friday,BATHURST AND DON LAKE,Mechanical,7,14,S,8336
2020-09-25,12,06:54,Friday,VICTORIA PARK STATION,Operations - Operator,20,30,S,8497
2020-09-25,12,06:55,Friday,BINGHAM LOOP,General Delay,0,0,N,0
2020-09-25,112,07:02,Friday,WELLESWORTH AND WEST M,Mechanical,18,35,W,8452
2020-09-25,53,07:05,Friday,STEELES AND BAYVIEW,Mechanical,9,18,W,9068
2020-09-25,17,07:13,Friday,BIRCHMOUNT AND EGLINTO,Cleaning,9,17,N,8561
2020-09-25,26,07:44,Friday,JANE STATION,Cleaning,30,60,W,1073
2020-09-25,160,08:01,Friday,BATHURST AND SHEPPARD,Investigation,27,53,S,8129
2020-09-25,37,08:20,Friday,ISLINGTON AND DIXON,Road Blocked - NON-TTC Collision,60,75,,0
2020-09-25,41,08:53,Friday,PIONEER VILLAGE STATIO,Collision - TTC,14,28,N,9032
2020-09-25,79,08:58,Friday,PINE AND LAWRENCE,General Delay,30,45,E,1120
2020-09-25,37,09:00,Friday,QUEEN'S PLATE AND TRIP,Road Blocked - NON-TTC Collision,23,46,N,8072
2020-09-25,129,09:00,Friday,SCARBOROUGH CENTRE STA,Operations - Operator,20,40,N,3423
2020-09-25,102,09:21,Friday,MARKHAM AND LAWRENCE,Mechanical,8,17,N,8559
2020-09-25,101,10:20,Friday,CARL HALL,Mechanical,0,0,E,3299
2020-09-25,133,10:51,Friday,SCARBOROUGH CENTRE STA,Cleaning,11,22,E,3413
2020-09-25,130,10:55,Friday,SCARBOROUGH CENTRE STA,Operations - Operator,21,42,N,3403
2020-09-25,133,11:13,Friday,SCARBOROUGH CENTRE STA,Cleaning,11,22,E,3531
2020-09-25,133,11:34,Friday,SCARBROUGH CENTRE STAT,Cleaning,11,22,E,3546
2020-09-25,133,11:45,Friday,SCARBOROUGH CENTRE STA,Cleaning,11,22,E,3405
2020-09-25,118,11:58,Friday,WILSON AND JANE,Operations - Operator,30,60,E,3190
2020-09-25,110,12:10,Friday,ISLINGTON STATION,Mechanical,18,36,S,7920
2020-09-25,53,12:33,Friday,STEELES AND VICTORIA P,Collision - TTC,7,15,W,9010
2020-09-25,33,12:36,Friday,ST CLAIR WEST STATION,Mechanical,15,30,N,8348
2020-09-25,80,12:49,Friday,BLOOR AND HIGH PARK AV,Investigation,20,40,W,7966
2020-09-25,54,13:00,Friday,LAWRENCE AND MORNINGSI,Collision - TTC,14,28,W,8864
2020-09-25,51,13:33,Friday,FRESHMEADOW AND DON MI,Mechanical,27,44,S,8167
2020-09-25,34,13:35,Friday,EGLINTON AND DON MILLS,Mechanical,12,24,W,8836
2020-09-25,56,13:40,Friday,EGLINTON STATION,Operations - Operator,20,40,E,8202
2020-09-25,59,13:41,Friday,CHURCH AND WESTON,General Delay,26,45,E,3590
2020-09-25,45,13:48,Friday,KIPLING STATION,Mechanical,12,34,N,7914
2020-09-25,89,13:50,Friday,WESTON AND ST PHILIPS,General Delay,36,50,S,9024
2020-09-25,59,14:15,Friday,WESTON AND COULTER,General Delay,25,57,,3590
2020-09-25,96,14:42,Friday,WILSON AND JANE,Mechanical,24,48,W,3210
2020-09-25,96,14:54,Friday,WILSON AND JANE,Operations - Operator,24,48,W,3305
2020-09-25,11,15:01,Friday,DAVISVILLE STATION,Mechanical,9,17,N,8365
2020-09-25,57,15:16,Friday,MIDLAND AND ARTILLERY,Road Blocked - NON-TTC Collision,64,79,,0
2020-09-25,107,15:20,Friday,BAKERSFIELD AND ST REG,Road Block - Non-TTC Collision,30,60,,0
2020-09-25,39,15:21,Friday,FINCH AND MAXOME,Emergency Services,3,7,W,3416
2020-09-25,32,15:27,Friday,EGLINTON AND JANE,Mechanical,16,27,E,1409
2020-09-25,44,15:32,Friday,KIPLING STATION,Mechanical,11,17,,8079
2020-09-25,165,15:34,Friday,BARMAC AND STEELES,Mechanical,4,8,S,3625
2020-09-25,41,15:42,Friday,KEELE AND WILSON,Security,7,24,S,9020
2020-09-25,35,15:43,Friday,JANE AND WILSON,Security,0,0,S,3367
2020-09-25,34,15:48,Friday,EGLINTON STATION,Collision - TTC,6,12,,8716
2020-09-25,54,15:48,Friday,EGLINTON STATION,Collision - TTC,13,25,E,8738
2020-09-25,927,15:51,Friday,HUMBER COLLEGE AND HWY,Collision - TTC,9,18,N,3624
2020-09-25,73,16:02,Friday,ROYAL YORK STATION,Operations - Operator,25,50,N,0
2020-09-25,36,16:03,Friday,ARROW RD TO KEELE,General Delay,0,0,,0
2020-09-25,112,16:15,Friday,KIPLING STATION,Operations - Operator,20,40,N,0
2020-09-25,36,16:40,Friday,FINCH WEST STATION,Mechanical,7,14,W,9117
2020-09-25,32,17:35,Friday,EGLINTON AND MARTIN GR,Mechanical,7,11,E,3725
2020-09-25,60,17:35,Friday,1301 STEELES AVE WEST,Mechanical,9,18,W,3634
2020-09-25,96,17:47,Friday,WILSON AND JANE,Operations - Operator,30,60,E,3623
2020-09-25,100,17:54,Friday,WYNFORD AND ST DENNIS,Security,9,18,S,8892
2020-09-25,89,18:12,Friday,WESTON AND DEE,Mechanical,10,25,S,1001
2020-09-25,,18:13,Friday,MT DENNIS GARAGE,Mechanical,0,0,,0
2020-09-25,165,18:52,Friday,STEELES AND SIGNET,Mechanical,5,10,W,3583
2020-09-25,120,18:55,Friday,JANE AND SHEPPARD,Operations - Operator,30,60,E,3249
2020-09-25,62,19:01,Friday,MORTIMER AND COXWELL,General Delay,0,0,,0
2020-09-25,45,19:01,Friday,KIPLING AND LONGFIELD,Security,0,0,S,7928
2020-09-25,52,19:06,Friday,ROYAL YORK AND DIXON,Cleaning,16,32,W,8210
2020-09-25,900,19:16,Friday,KIPLING STATION,Mechanical,10,20,,8003
2020-09-25,88,19:22,Friday,WILSON GARAGE,Collision - TTC,0,0,,1226
2020-09-25,81,19:46,Friday,PAPE AND MORTIMER,General Delay,0,0,S,0
2020-09-25,25,19:46,Friday,PAPE AND MORTIMER,Road Block - Non-TTC Collision,0,0,S,8883
2020-09-25,52,20:38,Friday,WESTON AND VICTORIA (S,General Delay,12,25,S,8137
2020-09-25,121,21:06,Friday,FRONT AND BAY,Emergency Services,0,0,W,8598
2020-09-25,12,21:06,Friday,VICTORIA PARK STN,Mechanical,20,40,,8582
2020-09-25,54,22:02,Friday,EGLINTON AND BAYVIEW,Investigation,23,38,E,8662
2020-09-25,100,22:11,Friday,OVERLEA AND WILLIAM MO,Security,10,10,N,8812
2020-09-25,89,22:17,Friday,WESTON AND CHURCH,General Delay,266,276,N,0
2020-09-25,54,22:57,Friday,LAWRENCE AND WARDEN,Operations - Operator,23,45,E,8646
2020-09-25,53,23:51,Friday,MORNINGSIDE AND FINCH,Cleaning,20,40,W,9083
2020-09-25,34,23:52,Friday,KENNEDY STATION,Cleaning,10,20,W,8870
2020-09-25,133,00:39,Friday,ELLESMERE AND MARKHAM,Mechanical,13,26,E,1209
2020-09-25,54,01:31,Friday,STARSPRAY LOOP,Operations - Operator,30,60,,0
2020-09-25,89,01:42,Friday,WESTON AND JANE,Securitty,10,25,N,1119
2020-09-26,337,04:03,Saturday,STEELES AND ISLINGTON,Diversion,0,0,W,8028
2020-09-26,100,04:29,Saturday,GATEWAY AND GRENOBLE,Operations - Operator,10,10,,8812
2020-09-26,329,04:30,Saturday,PRINCES' GATE,Mechanical,30,60,N,1112
2020-09-26,102,04:33,Saturday,MARKHAM AND STEELES,Mechanical,30,60,S,3154
2020-09-26,59,05:40,Saturday,LAWRENCE WEST STATION,Operations - Operator,30,60,W,3289
2020-09-26,14,06:13,Saturday,CALEDONIA AND GLENCAIR,Mechanical,20,40,E,1112
2020-09-26,39,06:45,Saturday,FINCH STATION,Security,14,28,,1392
2020-09-26,52,07:43,Saturday,LAWRENCE AND ST PHILLI,General Delay,0,0,B,0
2020-09-26,77,07:44,Saturday,RUNNYMEDE AND DEFOREST,General Delay,426,443,,1026
2020-09-26,63,08:18,Saturday,LIBERTY AND PIRANDELLO,Collision - TTC,5,10,S,8349
2020-09-26,11,09:28,Saturday,DAVISVILLE STATION,Mechanical,15,30,N,1251
2020-09-26,39,09:29,Saturday,NEILSON AND CROW TRAIL,Mechanical,14,28,W,9094
2020-09-26,163,09:31,Saturday,OAKWOOD AND EARLSDALE,Mechanical,11,22,N,8360
2020-09-26,98,09:45,Saturday,SHEPPARD YONGE STATION,Mechanical,30,60,N,8169
2020-09-26,43,09:59,Saturday,KENNEDY AND VILLAGE GR,Security,10,20,S,8903
2020-09-26,12,10:15,Saturday,BRIMLEY AND ST CLAIR,Road Blocked - NON-TTC Collision,145,160,S,0
2020-09-26,9,10:20,Saturday,ST CLAIR AND BRIMLEY,Road Block - Non-TTC Collision,150,173,,0
2020-09-26,79,10:21,Saturday,RUNNYMEDE STATION,Mechanical,13,27,N,1137
2020-09-26,175,10:26,Saturday,BRIMLEY AND ST CLAIR,Road Blocked - NON-TTC Collision,138,153,,0
2020-09-26,102,10:29,Saturday,ST. CLAIR AND BRIMLEY,Road Block - Non-TTC Collision,111,122,E,0
2020-09-26,26,10:35,Saturday,JANE AND FOLKES,Security,30,60,N,1626
2020-09-26,189,11:05,Saturday,ST CLAIR AND OLD STOCK,Mechanical,20,40,E,8410
2020-09-26,96,11:09,Saturday,JANE AND WILSON,Operations - Operator,20,40,E,3216
2020-09-26,52,11:18,Saturday,LAWRENCE WEST STATION,Mechanical,21,42,E,8108
2020-09-26,52,11:30,Saturday,LAWRENCE WEST STATION,Mechanical,18,36,E,8308
2020-09-26,54,11:31,Saturday,LAWRENCE AND WARDEN,Mechanical,20,40,W,8883
2020-09-26,47,12:15,Saturday,CALEDONIA AND KITCHENE,Collision - TTC,9,18,N,1350
2020-09-26,43,12:17,Saturday,BRIMLEY AND PROGRESS,Road Blocked - NON-TTC Collision,15,30,S,0
2020-09-26,85,12:35,Saturday,ROUGE HILL GO,Operations - Operator,22,44,W,3497
2020-09-26,22,12:38,Saturday,KINGSTON AND VICTORIA,Emergency Services,8,16,E,8596
2020-09-26,21,14:13,Saturday,BRIMLEY AND PROGRESS,Road Block - Non-TTC Collision,0,0,,0
2020-09-26,116,14:20,Saturday,MORNINGSIDE AND NIGHTS,Vision,7,14,S,8829
2020-09-26,124,14:20,Saturday,LAWRENCE STATION,Operations - Operator,20,40,E,8137
2020-09-26,22,14:21,Saturday,COXWELL STATION,Emergency Services,0,0,N,8581
2020-09-26,84,14:44,Saturday,SHEPPARD STATION,Mechanical,6,12,W,3596
2020-09-26,133,14:49,Saturday,SCARBOROUGH CENTRE STA,Cleaning,9,18,N,3413
2020-09-26,16,14:55,Saturday,SCARBOROUGH CENTRE STA,Mechanical,10,20,S,8556
2020-09-26,96,14:56,Saturday,WILSON AND JULIAN,Mechanical,17,34,E,3593
2020-09-26,32,14:58,Saturday,EGLINTON STATION,Mechanical,4,9,W,1208
2020-09-26,36,14:59,Saturday,FINCH STATION,Mechanical,5,11,W,3344
2020-09-26,53,14:59,Saturday,MARKHAM AND PASSMORE,Mechanical,6,11,W,3552
2020-09-26,70,15:26,Saturday,ST CLAIR AND PLAXTON,Investigation,0,0,W,8762
2020-09-26,21,15:42,Saturday,BRIMLEY AND PROGRESS,Road Blocked - NON-TTC Collision,10,20,,0
2020-09-26,16,15:43,Saturday,DANFORTH AND HUNTINGTO,Mechanical,10,20,N,3117
2020-09-26,34,15:46,Saturday,KENNEDY STATION,Cleaning,9,18,W,8876
2020-09-26,133,15:48,Saturday,SCARBOROUGH CENTRE STA,Cleaning,9,18,N,3479
2020-09-26,96,16:07,Saturday,HUMBERLINE AND ALBION,Mechanical,17,34,E,3298
2020-09-26,108,16:16,Saturday,DRIFTWOOD AND JANE,General Delay,13,29,S,3635
2020-09-26,53,16:49,Saturday,STEELES AND MIDDLEFIEL,Operations - Operator,21,42,E,0
2020-09-26,97,16:50,Saturday,YONGE AND LAWRENCE,General Delay,30,60,S,8376
2020-09-26,124,18:00,Saturday,LAWRENCE STATION,Operations - Operator,20,40,E,0
2020-09-26,97,18:00,Saturday,YONGE AND FINCH,General Delay,0,0,,0
2020-09-26,133,18:20,Saturday,SCARBOROUGH CENTRE STA,Cleaning,9,18,N,3539
2020-09-26,85,18:54,Saturday,DON MILLS STATION,Operations - Operator,20,40,E,1397
2020-09-26,133,19:02,Saturday,SCARBOROUGH CENTRE STA,Cleaning,10,20,N,3545
2020-09-26,96,19:06,Saturday,BATHURST AND WILSON,Mechanical,17,34,N,3714
2020-09-26,161,19:25,Saturday,ROGERS AND BICKNELL,Mechanical,20,40,E,1034
2020-09-26,165,19:35,Saturday,WILSON AND JANE,Mechanical,10,20,E,3309
2020-09-26,68,19:59,Saturday,WARDEN AND ASHTONBEE,Emergency Services,14,28,S,8908
2020-09-26,600,20:07,Saturday,HIGHWAY 401 - BAYVIEW,Mechanical,0,0,W,1403
2020-09-26,23,20:09,Saturday,ST CLAIR AND SQUIRES,Operations - Operator,10,20,E,3147
2020-09-26,43,20:16,Saturday,KENNEDY STATION,Emergency Services,10,20,S,8777
2020-09-26,116,20:19,Saturday,GUILDWOOD PKWY AND LIV,Emergency Services,0,0,E,8753
2020-09-26,34,20:31,Saturday,EGLINTON AND LEBOVIC,Cleaning,8,16,W,8669
2020-09-26,89,21:10,Saturday,WESTON AND HOLLEY,Collision - TTC,10,20,N,1087
2020-09-26,70,21:36,Saturday,COXWELL AND COSBURN AV,Mechanical,23,46,S,8644
2020-09-26,35,21:52,Saturday,JANE AND WILSON,Security,7,14,N,3600
2020-09-26,60,22:13,Saturday,PIONEER VILLAGE STATIO,Security,0,0,,3202
2020-09-26,71,22:17,Saturday,ROCKCLIFFE AND ALLIANC,Road Blocked - NON-TTC Collision,160,178,N,1019
2020-09-26,86,22:46,Saturday,KINGSTON AND CELEST,Security,10,20,S,8623
2020-09-26,35,23:40,Saturday,JANE AND FINCH,Investigation,9,18,N,3349
2020-09-26,94,23:56,Saturday,CASTLE FRANK STATION,Mechanical,12,24,,1149
2020-09-26,89,00:02,Saturday,WESTON AND WILSON,Securitty,10,20,N,1067
2020-09-26,85,00:14,Saturday,SHEPPARD AND DEAN PARK,Security,0,0,E,1326
2020-09-26,111,01:54,Saturday,KIPLING STATION,Operations - Operator,20,40,,8057
2020-09-27,,05:51,Sunday,QUEENSWAY GARAGE,Emergency Services,0,0,,7969
2020-09-27,395,06:05,Sunday,YORK MILLS AND HARRISO,Mechanical,30,60,E,3516
2020-09-27,324,06:22,Sunday,WARDEN LOOP N OF STEEL,Security,30,60,S,8510
2020-09-27,307,06:31,Sunday,BATHURST AND BLOOR,Collision - TTC,15,30,S,8111
2020-09-27,11,07:38,Sunday,DAVISVILLE STATION,Mechanical,18,36,N,1346
2020-09-27,64,08:21,Sunday,DANFORTH AND DUNSTAN,Mechanical,20,20,S,3148
2020-09-27,95,08:27,Sunday,KINGSTON RD LOOP,Mechanical,21,42,W,3516
2020-09-27,34,09:26,Sunday,KENNEDY STATION,Mechanical,12,14,W,88136
2020-09-27,32,09:41,Sunday,EGLINTON STATION,Mechanical,8,16,E,1137
2020-09-27,29,09:49,Sunday,WILSON STATION,Operations - Operator,8,16,,9050
2020-09-27,32,10:12,Sunday,EGLINTON AND RENFORTH,Emergency Services,0,0,W,1205
2020-09-27,95,10:23,Sunday,ELLESMERE LOOP,Operations - Operator,21,42,W,3403
2020-09-27,35,10:37,Sunday,JANE AND WILSON,Emergency Services,10,20,N,3308
2020-09-27,45,10:58,Sunday,KIPLING AND WINGROVE H,Emergency Services,10,21,,8072
2020-09-27,110,11:16,Sunday,LONG BRANCH LOOP,Mechanical,20,40,N,8607
2020-09-27,29,11:21,Sunday,DUFFERIN AND HALLAM ST,Security,0,0,N,9147
2020-09-27,123,12:10,Sunday,KIPLING STATION,Mechanical,20,40,S,8446
2020-09-27,56,12:15,Sunday,DONLANDS AND ELMSDALE,Road Blocked - NON-TTC Collision,100,130,,0
2020-09-27,163,13:01,Sunday,LAWRENCE WEST STATION,Mechanical,11,22,S,1293
2020-09-27,86,13:34,Sunday,KINGSTON AND MORNINGSI,Collision - TTC,8,16,W,8800
2020-09-27,133,13:41,Sunday,SCARBOROUGH CENTRE STA,Cleaning,10,20,S,3475
2020-09-27,112,14:12,Sunday,DUNDAS AND EAST MALL,Emergency Services,20,40,E,8433
2020-09-27,133,14:31,Sunday,TRITION AND MCCOWAN,Cleaning,10,20,N,1401
2020-09-27,133,15:06,Sunday,SCARBOROUGH CENTRE STA,Cleaning,10,20,N,3497
2020-09-27,133,15:47,Sunday,SCARBOROUGH CENTRE STA,Cleaning,10,20,N,3404
2020-09-27,74,16:07,Sunday,BAYVIEW AND MERTON,Mechanical,12,24,S,1233
2020-09-27,133,16:27,Sunday,SCARBOROUGH CENTRE STA,Cleaning,10,20,N,1322
2020-09-27,7,16:42,Sunday,BATHURST AND YORK DOWN,Collision - TTC,7,15,S,8386
2020-09-27,41,16:50,Sunday,KEELE AND ROTHERHAM (S,Road Blocked - NON-TTC Collision,126,137,S,1148
2020-09-27,133,17:05,Sunday,SCARBOROUGH CENTRE STA,Cleaning,10,20,S,3460
2020-09-27,133,17:05,Sunday,SCARBOROUGH CENTRE STA,Cleaning,10,20,N,3460
2020-09-27,43,17:06,Sunday,KENNEDY AND MCNICOLL,Mechanical,10,20,S,8931
2020-09-27,65,17:35,Sunday,PARLIAMENT AND CARLTON,Security,0,0,E,8532
2020-09-27,52,17:40,Sunday,PEARSON AIRPORT TERMIN,Mechanical,7,14,,8330
2020-09-27,133,17:46,Sunday,SCARBOROUGH CENTRE STA,Cleaning,10,20,N,3468
2020-09-27,116,19:09,Sunday,MORNINGSIDE AND NEILSO,Emergency Services,6,13,S,8713
2020-09-27,36,19:41,Sunday,FINCH AND ISLINGTON,Security,14,24,W,3269
2020-09-27,52,19:57,Sunday,LAWRENCE STATION,Vision,20,40,E,8141
2020-09-27,52,19:57,Sunday,LAWERENCE STATION,Vision,20,40,W,8141
2020-09-27,40,20:31,Sunday,DUNDAS WEST STATION,Investigation,0,0,,8030
2020-09-27,927,20:36,Sunday,MARTIN GROVE LOOP AND,Emergency Services,10,20,,3346
2020-09-27,45,22:10,Sunday,KIPLING AND NORTHCREST,Operations - Operator,10,20,N,8040
2020-09-27,900,23:11,Sunday,DUNDAS AND SHORNCLIFFE,Mechanical,8,16,E,8602
2020-09-27,52,23:35,Sunday,DIXON AND KIPLING,Operations - Operator,20,40,E,8393
2020-09-27,53,00:09,Sunday,STEELES AND LESLIE,Emergency Services,24,48,W,3565
2020-09-27,45,00:32,Sunday,KIPLING STATION,Operations - Operator,14,28,N,8423
2020-09-27,52,01:55,Sunday,PEARSON - TERMINAL 3,Emergency Services,0,0,,8160
2020-09-28,97,02:12,Monday,STEELES AND YONGE (LOO,Mechanical,15,23,,8387
2020-09-28,320,02:16,Monday,STEELES AND YONGE,Cleaning,20,35,,1346
2020-09-28,300,03:55,Monday,BLOOR AND DUNDAS WEST,Operations - Operator,25,55,W,7920
2020-09-28,60,05:52,Monday,STEELES AND MARTIN GRO,Security,10,20,E,3329
2020-09-28,94,06:40,Monday,NORTHUMBERLAND AND OSS,Mechanical,17,32,W,1329
2020-09-28,45,06:48,Monday,KIPLING AND STEELES,Operations - Operator,12,24,,8428
2020-09-28,86,07:20,Monday,EGLINTON AND BARBADOS,Security,5,10,W,8693
2020-09-28,35,08:02,Monday,JANE AND FIRGROVE,Collision - TTC,8,13,S,3638
2020-09-28,52,08:12,Monday,LAWRENCE WEST STATION,Operations - Operator,0,0,,1204
2020-09-28,88,08:18,Monday,SUTHERLAND AND BAYVIEW,Collision - TTC,14,28,W,8115
2020-09-28,88,08:32,Monday,SUTHERLAND AND BAYVIEW,Road Blocked - NON-TTC Collision,14,85,,0
2020-09-28,95,08:37,Monday,ELLESMERE AND MORNINGS,Mechanical,8,16,W,3499
2020-09-28,112,09:10,Monday,RANGOON AND ERINGATE,Mechanical,17,35,S,7977
2020-09-28,95,09:25,Monday,BIRCHMOUNT AND HARLEYF,Mechanical,8,16,N,1310
2020-09-28,119,09:40,Monday,WILSON AND JANE,Mechanical,20,40,E,3275
2020-09-28,97,10:38,Monday,YONGE AND YORK MILLS,Operations - Operator,30,60,N,8364
2020-09-28,44,10:45,Monday,KIPLING AND HORNER,Mechanical,7,13,S,7921
2020-09-28,25,10:48,Monday,DON MILLS STATION,Emergency Services,0,0,,8825
2020-09-28,45,11:00,Monday,KIPLING AND STEELES,Mechanical,12,24,S,8428
2020-09-28,7,11:00,Monday,BATHURST AND GLENGROVE,Collision - TTC,8,16,N,1346
2020-09-28,37,11:15,Monday,ISLINGTON STATION,Cleaning,22,44,S,8039
2020-09-28,35,11:20,Monday,JANE AND STEELES,Emergency Services,4,7,N,3617
2020-09-28,40,11:34,Monday,DUNDAS WEST STATION,Operations - Operator,22,33,W,8019
2020-09-28,40,11:40,Monday,KIPLING STATION,Mechanical,11,23,E,7954
2020-09-28,98,12:46,Monday,SHEPPARD STATION,Operations - Operator,25,50,N,8318
2020-09-28,115,13:10,Monday,YORK MILLS STATION,Operations - Operator,20,40,E,8200
2020-09-28,29,13:19,Monday,DUFFERIN AND DUPONT,Emergency Services,8,16,S,9141
2020-09-28,20,13:28,Monday,BIRCHMOUNT AND HIGHVIE,Operations - Operator,20,40,W,8489
2020-09-28,600,13:33,Monday,MORNINGSIDE AND DANZIG,Collision - TTC,0,0,S,8902
2020-09-28,84,13:40,Monday,SHEPPARD AND ALLEN,Security,13,26,W,3648
2020-09-28,8,13:46,Monday,LANKIN AND O'CONNOR,Security,30,60,N,8587
2020-09-28,110,14:02,Monday,ISLINGTON STATION,Collision - TTC,22,44,S,8601
2020-09-28,102,14:15,Monday,MARKHAM AND LAWRENCE,Mechanical,20,30,N,8539
2020-09-28,133,14:30,Monday,SCARBOROUGH CENTRE STA,Cleaning,11,22,N,3405
2020-09-28,112,15:27,Monday,KIPLING STATION,Operations - Operator,20,40,N,8063
2020-09-28,73,15:29,Monday,LAROSE AND SCARLETT,Emergency Services,17,37,E,8072
2020-09-28,45,15:36,Monday,KIPLING STATION,Emergency Services,12,24,N,7978
2020-09-28,116,15:41,Monday,KENNEDY STATION,Mechanical,6,12,N,8811
2020-09-28,15,16:00,Monday,ROYAL YORK STATION,Investigation,16,32,,8039
2020-09-28,95,16:08,Monday,ELLESMERE STATION,Mechanical,9,18,E,3428
2020-09-28,111,16:12,Monday,ST ALBANS BY KIPLING S,Mechanical,13,26,W,8014
2020-09-28,21,16:26,Monday,BRIMLEY AND JUST S OF,Road Blocked - NON-TTC Collision,132,144,S,1331
2020-09-28,60,16:30,Monday,FINCH STATION,Mechanical,9,18,W,3262
2020-09-28,927,16:30,Monday,KIPLING STATION,Mechanical,5,10,N,3343
2020-09-28,85,16:50,Monday,DON MILLS STATION,Mechanical,0,0,E,3411
2020-09-28,91,17:38,Monday,WOODBINE STATION,Emergency Services,14,28,,8877
2020-09-28,36,18:04,Monday,FINCH WEST STATION,Collision - TTC,12,24,,3583
2020-09-28,36,18:14,Monday,FINCH WEST STATION,Collision - TTC,7,14,W,9110
2020-09-28,20,18:48,Monday,KENNEDY STATION,Security,0,0,,8525
2020-09-28,39,19:31,Monday,NEILSON AND CROW TRAIL,Mechanical,0,0,W,9006
2020-09-28,135,19:33,Monday,MAIN STREET STATION,Security,20,40,,3137
2020-09-28,509,19:41,Monday,FLEET AND STRACHAN,Mechanical,11,15,E,4509
2020-09-28,43,20:06,Monday,BIRCHMOUNT AND LAWRENC,Mechanical,0,0,S,8700
2020-09-28,91,20:53,Monday,VICTORIA PARK AND LAWR,Road Blocked - NON-TTC Collision,53,75,S,8808
2020-09-28,38,21:02,Monday,SCARBOROUGH TOWN CENTR,Emergency Services,9,18,,3560
2020-09-28,106,21:35,Monday,SHEPPARD AND JOHN DRUR,Mechanical,20,40,E,8204
2020-09-28,35,21:45,Monday,JANE AND EDDYSTONE,Security,9,18,N,3369
2020-09-28,29,22:51,Monday,WILSON STATION,Mechanical,8,16,S,9022
2020-09-28,32,23:50,Monday,EGLINTON AND GLENHOLME,Cleaning,30,56,E,1625
2020-09-28,85,23:58,Monday,DON MILLS STATION,Mechanical,20,40,,3496
2020-09-28,84,00:28,Monday,SHEPPARD AND BANGOR,Mechanical,9,19,W,3416
2020-09-28,60,01:07,Monday,STEELES AND ALNESS,Road Blocked - NON-TTC Collision,17,34,W,3201
2020-09-28,39,01:15,Monday,FINCH STATION,General Delay,20,40,E,9010
2020-09-29,168,02:10,Tuesday,SYMINGTON AND WALLACE,Security,0,0,N,1536
2020-09-29,43,02:52,Tuesday,STEELES AND KENNEDY,Emergency Services,30,60,E,8787
2020-09-29,395,03:11,Tuesday,YORK MILLS AND BANBURY,Road Blocked - NON-TTC Collision,129,159,B,3442
2020-09-29,17,04:53,Tuesday,BIRCHMOUNT AT WINTER -,Mechanical,20,55,S,3142
2020-09-29,108,05:43,Tuesday,STONG AND DRIFTWOOD,Operations - Operator,20,35,N,3615
2020-09-29,320,05:47,Tuesday,YONGE AND SOUDAN,Emergency Services,15,30,N,1093
2020-09-29,36,05:50,Tuesday,FINCH AND ROMFIELD,Mechanical,10,20,S,9102
2020-09-29,300,06:02,Tuesday,DANFORTH AND WARDEN,Emergency Services,12,24,W,9230
2020-09-29,17,06:37,Tuesday,BIRCHMOUNT AND ELLESME,Mechanical,9,17,S,8467
2020-09-29,11,06:40,Tuesday,LONG BRANCH LOOP,Mechanical,11,22,N,8080
2020-09-29,100,07:32,Tuesday,DON MILLS AND WYNFORD,Vision,6,12,N,8880
2020-09-29,600,07:44,Tuesday,ELLESMERE AND VICTORIA,Collision - TTC,0,0,W,1291
2020-09-29,600,08:18,Tuesday,EGLINTON AND LITTLE,Investigation,0,0,W,1026
2020-09-29,129,08:39,Tuesday,MCCOWAN AND STEELES,Mechanical,20,35,S,3459
2020-09-29,42,08:55,Tuesday,MCNICOLL AND HAROLD EV,Road Blocked - NON-TTC Collision,33,43,W,0
2020-09-29,76,10:19,Tuesday,ROYAL YORK AND MIMICO,Investigation,10,20,S,8062
2020-09-29,53,10:22,Tuesday,STEELES AND YONGE,Mechanical,7,14,E,9010
2020-09-29,62,10:26,Tuesday,MAIN STREET STATION,Cleaning,0,0,E,3140
2020-09-29,29,10:48,Tuesday,DUFFERIN AND DUNDAS,General Delay,30,35,W,0
2020-09-29,39,11:02,Tuesday,FINCH STATION,General Delay,222,227,,0
2020-09-29,68,11:02,Tuesday,WARDEN STATION,Operations - Operator,30,42,N,8675
2020-09-29,52,12:16,Tuesday,REDGRAVE AND WATERBURY,Mechanical,15,30,W,8337
2020-09-29,62,12:16,Tuesday,MAIN STREET STATION,Cleaning,0,0,N,8523
2020-09-29,26,12:27,Tuesday,ANNETTE AND KEELE,Mechanical,24,48,E,1265
2020-09-29,43,12:31,Tuesday,KENNEDY AND SHEPPARD,Emergency Services,10,20,S,8683
2020-09-29,32,12:58,Tuesday,EGLINTON AND DUPLEX,Collision - TTC,11,22,E,1422
2020-09-29,16,13:00,Tuesday,DANFROTH AND WOLFE,Road Blocked - NON-TTC Collision,257,270,,8495
2020-09-29,600,13:31,Tuesday,FINCH STATION,Emergency Services,0,0,,3444
2020-09-29,108,13:48,Tuesday,SHEPPARD WEST STATION,Security,17,34,W,3279
2020-09-29,189,14:15,Tuesday,ST CLAIR AND RUNNYMEDE,Investigation,20,40,W,8443
2020-09-29,133,14:18,Tuesday,MORNINGSIDE AND FINCH,Cleaning,11,22,S,3464
2020-09-29,927,14:30,Tuesday,HUMBER COLLEGE,Investigation,5,10,S,3584
2020-09-29,133,14:30,Tuesday,SCARBOROUGH CENTRE STA,Cleaning,11,22,N,3537
2020-09-29,927,14:30,Tuesday,HUMBER COLLEGE,Investigation,5,10,S,3584
2020-09-29,120,14:30,Tuesday,SHEPPARD AND NORTHOVER,Security,30,60,E,3597
2020-09-29,35,14:40,Tuesday,PIONEER VILLAGE STATIO,Investigation,6,12,N,3596
2020-09-29,102,14:50,Tuesday,ST CLAIR AND FERMOY,Security,7,14,E,9212
2020-09-29,46,15:00,Tuesday,MARTIN GROVE AND FINCH,Investigation,11,27,S,3639
2020-09-29,106,15:24,Tuesday,SHEPPARD WEST STATION,Cleaning,12,24,,8166
2020-09-29,168,15:33,Tuesday,SYMINGTON AND DAVENPOR,Emergency Services,0,0,S,1031
2020-09-29,84,15:35,Tuesday,OAKDALE AND TORBARRIE,Cleaning,30,60,S,3215
2020-09-29,39,16:05,Tuesday,NEILSON AND CROW TRAIL,Mechanical,6,13,W,9091
2020-09-29,165,16:13,Tuesday,STEELES AND BARMAC,Investigation,3,8,S,3193
2020-09-29,112,16:23,Tuesday,RENFORTH AND SILVER DA,Road Block - Non-TTC Collision,55,75,,8461
2020-09-29,63,16:28,Tuesday,OSSINGTON AND COLLEGE,Collision - TTC,7,14,N,8353
2020-09-29,24,17:02,Tuesday,VICTORIA PARK AND CONS,Investigation,19,38,S,8581
2020-09-29,24,17:22,Tuesday,VICTORIA PARK AND CONS,Security,10,20,,8403
2020-09-29,79,17:47,Tuesday,PINE AND LAWRENCE,Security,18,36,N,1084
2020-09-29,32,17:49,Tuesday,PINE AND LAWRENCE,Investigation,12,22,E,3732
2020-09-29,118,17:53,Tuesday,THISTLEDOWNE CRES,General Delay,30,60,E,3210
2020-09-29,53,17:55,Tuesday,FINCH STATION,Mechanical,6,12,,9000
2020-09-29,52,17:57,Tuesday,LAWRENCE WEST STATION,Operations - Operator,24,42,E,8301
2020-09-29,54,18:44,Tuesday,LAWRENCE AND GREENCEDA,Emergency Services,14,28,W,8897
2020-09-29,24,18:53,Tuesday,VICTORIA PARK STATION,Operations - Operator,13,26,N,3134
2020-09-29,116,19:06,Tuesday,MORNINGSIDE AND KINGST,Road Blocked - NON-TTC Collision,0,0,S,8871
2020-09-29,86,19:33,Tuesday,KINGSTON AND MORNINGSI,Road Blocked - NON-TTC Collision,29,41,W,0
2020-09-29,41,21:16,Tuesday,ST CLAIR AND OLD WESTO,General Delay,37,44,W,0
2020-09-29,32,22:07,Tuesday,TRETHEWEY AND CLEARVIE,General Delay,7,17,S,1502
2020-09-29,37,22:30,Tuesday,ISLINGTON AND THE WEST,Road Blocked - NON-TTC Collision,150,170,S,0
2020-09-29,47,22:53,Tuesday,SEAFORTH AND MACDONELL,Cleaning,10,20,E,1038
2020-09-29,32,23:14,Tuesday,EGLINTON AND CALEDONIA,Emergency Services,11,33,E,1073
2020-09-29,84,23:45,Tuesday,SHEPPARD AND SENTINEL,Mechanical,9,19,E,36312
2020-09-29,52,00:46,Tuesday,DIXON AND MARTIN GROVE,Mechanical,18,36,W,8128
2020-09-30,300,02:26,Wednesday,BATHURST STATION,Mechanical,8,16,,8896
2020-09-30,45,02:26,Wednesday,KIPLING AND DIXON,Emergency Services,10,20,S,8428
2020-09-30,41,02:37,Wednesday,KEELE AND FOUR WINDS,Operations - Operator,21,42,S,9146
2020-09-30,21,05:15,Wednesday,SHEPPARD AND MARKHAM,Mechanical,20,40,S,3532
2020-09-30,130,06:07,Wednesday,MCCOWAN AND SHEPPARD,Mechanical,20,40,N,1579
2020-09-30,134,06:31,Wednesday,SHEPPARD AND PROGRESS,Mechanical,15,30,W,1396
2020-09-30,25,06:33,Wednesday,PAPE STATION,Security,0,0,,8721
2020-09-30,29,06:52,Wednesday,WILSON STATION,Mechanical,5,10,S,1126
2020-09-30,36,07:00,Wednesday,FINCH WEST STATION,Cleaning,5,10,N,9119
2020-09-30,163,07:06,Wednesday,OAKWOOD AND EARLSDALE,Investigation,12,24,S,8336
2020-09-30,52,07:28,Wednesday,LAWRENCE AND ELM,Mechanical,18,36,W,8124
2020-09-30,116,07:42,Wednesday,KENNEDY STATION,Vision,10,20,E,8864
2020-09-30,100,07:56,Wednesday,BROADVIEW AND CHESTER,Collision - TTC,6,12,S,8937
2020-09-30,84,08:24,Wednesday,SHEPPARD AND ARROW,Operations - Operator,21,26,W,3642
2020-09-30,168,08:30,Wednesday,DUNDAS WETS STATION,Vision,10,20,S,1016
2020-09-30,24,08:57,Wednesday,VICTORIA PARK AND ST C,Security,19,29,N,8499
2020-09-30,37,09:22,Wednesday,WOODBINE RACE TRACK,Security,0,0,S,8070
2020-09-30,89,10:11,Wednesday,KEELE AND DUNDAS,Collision - TTC,11,22,S,1119
2020-09-30,75,11:02,Wednesday,SHERBOURNE AND BLOOR,Mechanical,8,15,N,1297
2020-09-30,6,11:07,Wednesday,SHERBOURNE AND QUEENS,Mechanical,17,34,S,1380
2020-09-30,62,11:10,Wednesday,MAIN STREET STATION,Cleaning,22,44,N,3134
2020-09-30,133,11:26,Wednesday,SCARBOROUGH CENTRE STA,Cleaning,11,22,S,3462
2020-09-30,95,11:36,Wednesday,ELLESMERE AND WARDEN,Investigation,0,0,E,3485
2020-09-30,62,12:16,Wednesday,MAIN STATION,Cleaning,22,44,E,8559
2020-09-30,85,12:42,Wednesday,MEADOWVALE LOOP,Mechanical,8,16,W,9069
2020-09-30,32,13:09,Wednesday,EGLINTON WEST STATION,Operations - Operator,11,22,W,1052
2020-09-30,95,13:36,Wednesday,ELLESMERE AND MARKHAM,Operations - Operator,20,40,E,1579
2020-09-30,95,14:00,Wednesday,ELLESMERE AND MARKHAM,Operations - Operator,20,40,E,3433
2020-09-30,133,14:08,Wednesday,SCARBOROUGH CENTRE STA,Cleaning,11,22,S,3477
2020-09-30,133,14:22,Wednesday,SCARBOROUGH CENTRE STA,Cleaning,11,22,W,3414
2020-09-30,133,14:22,Wednesday,SCARBOROUGH CENTRE STA,Cleaning,11,22,S,3414
2020-09-30,12,14:38,Wednesday,VICTORIA PARK STATION,Cleaning,23,48,N,3150
2020-09-30,97,14:49,Wednesday,YORK MILLS STATION,Operations - Operator,30,60,N,8318
2020-09-30,106,15:12,Wednesday,SHEPPARD WEST STATION,Mechanical,12,24,N,8327
2020-09-30,102,16:36,Wednesday,MARKHAM AND RAMONA,General Delay,22,30,N,102
2020-09-30,133,16:37,Wednesday,SCARBROUGH CENTRE STAT,Cleaning,11,22,S,3477
2020-09-30,79,16:49,Wednesday,RUNNYMEDE STATION,Collision - TTC,15,29,W,1418
2020-09-30,51,17:05,Wednesday,EGLINTON STATION,Operations - Operator,12,24,N,8386
2020-09-30,52,17:21,Wednesday,LAWRENCE WEST STATION,Operations - Operator,24,42,W,8374
2020-09-30,24,17:23,Wednesday,VICTORIA PARK STATION,Mechanical,10,19,N,3121
2020-09-30,52,18:00,Wednesday,LAWRENCE WEST STATION,Cleaning,17,33,E,8154
2020-09-30,127,18:30,Wednesday,OLD WESTON ROAD LOOP,Mechanical,23,45,E,1068
2020-09-30,52,18:33,Wednesday,LAWRENCE AND BLACK CRE,Road Blocked - NON-TTC Collision,22,37,W,1317
2020-09-30,16,18:49,Wednesday,SCARBOROUGH CENTRE STA,Emergency Services,10,25,,8582
2020-09-30,85,18:53,Wednesday,DON MILLS STATION,Emergency Services,11,22,,3547
2020-09-30,89,19:03,Wednesday,WESTON AND EGLINTON,Security,15,30,N,9024
2020-09-30,169,19:23,Wednesday,DON MILLS STATION,Operations - Operator,30,60,E,8354
2020-09-30,169,19:34,Wednesday,DON MILLS STATION,Operations - Operator,30,60,E,8384
2020-09-30,47,19:54,Wednesday,LANSDOWNE AND ST. CLAI,Mechanical,20,40,W,1065
2020-09-30,113,19:58,Wednesday,DANFORTH AND BIRCHMOUN,Collision - TTC,20,40,W,3102
2020-09-30,52,20:11,Wednesday,DIXON AND HWY 27,Collision - TTC,11,23,W,8108
2020-09-30,38,20:28,Wednesday,SCARBOROUGH CENTRE STA,Mechanical,9,18,E,3467
2020-09-30,52,20:44,Wednesday,THE WESTWAY AND ISLING,Mechanical,11,24,W,8126
2020-09-30,113,20:58,Wednesday,DANFORTH AND W OF BIRC,Road Blocked - NON-TTC Collision,0,0,W,0
2020-09-30,94,21:35,Wednesday,CASTLE FRANK STATION,Mechanical,12,24,W,1024
2020-09-30,54,23:57,Wednesday,LAWRENCE AND BRIMLEY,Road Blocked - NON-TTC Collision,34,56,E,0
2020-09-30,21,00:10,Wednesday,BRIMLEY AND LAWRENCE,Road Block - Non-TTC Collision,57,77,S,0
