Date,Route,Time,Day,Location,Incident,Min Delay,Min Gap,Direction,Vehicle
2020-12-01,300,03:14,Tuesday,DANFORTH AND GORDONRID,General Delay,20,40,N,8600
2020-12-01,112,03:45,Tuesday,DANFORTH AND DANFORTH,Vision,20,40,E,7919
2020-12-01,53,04:16,Tuesday,MARKHAM AND SHEPPARD,Mechanical,21,51,N,1674
2020-12-01,116,04:34,Tuesday,EGLINTON AND KENNEDY,Security,8,16,E,8732
2020-12-01,116,04:36,Tuesday,EGLINTON AND KENNEDY,Security,15,30,,8894
2020-12-01,320,05:25,Tuesday,STEELES AND WILLOWDALE,Security,0,0,E,8564
2020-12-01,161,06:26,Tuesday,ALLIANCE AND JANE,Mechanical,20,40,E,1046
2020-12-01,36,06:28,Tuesday,FINCH AND JANE,Mechanical,6,12,W,9123
2020-12-01,929,06:35,Tuesday,DUFFERIN AND ROGERS,Collision - TTC,0,0,S,1006
2020-12-01,32,06:38,Tuesday,EGLINTON AND MIRANDA,General Delay,0,0,E,3745
2020-12-01,116,06:41,Tuesday,EGLINTON AND MIDLAND,Vision,23,49,E,8753
2020-12-01,941,06:47,Tuesday,TODD BAYLIS AND BLACK,Emergency Services,0,0,S,1329
2020-12-01,33,06:50,Tuesday,ST CLAIR WEST STATION,General Delay,235,262,N,1347
2020-12-01,54,06:57,Tuesday,EGLINTON AND BAYVIEW,Road Blocked - NON-TTC Collision,76,86,W,8665
2020-12-01,41,06:59,Tuesday,KEELE AND MARYPORT,General Delay,0,0,S,9147
2020-12-01,34,07:02,Tuesday,EGLINTON AND BAYVIEW,General Delay,71,79,W,8868
2020-12-01,59,07:11,Tuesday,LAWRENCE AND,Mechanical,24,48,E,3229
2020-12-01,108,07:19,Tuesday,SHEPPARD AND SENTINAL,General Delay,0,0,B,3252
2020-12-01,108,07:24,Tuesday,ARLETA AND GRANDRAVINE,Collision - TTC,0,0,N,3226
2020-12-01,935,07:24,Tuesday,JANE AND SHEPPARED,Mechanical,7,14,N,3328
2020-12-01,84,07:30,Tuesday,SENTINEL AND GRAND RAV,General Delay,60,84,,0
2020-12-01,54,07:35,Tuesday,LAWRENCE AND MARKHAM,Mechanical,10,20,E,8774
2020-12-01,36,07:37,Tuesday,FOUR WINDS AND KEELE,Collision - TTC,6,12,E,9119
2020-12-01,77,07:43,Tuesday,RUNNYMEDE AND DEFOREST,General Delay,80,98,N,1013
2020-12-01,32,07:51,Tuesday,EGLINTON AND EMMETT,Road Blocked - NON-TTC Collision,176,187,W,1072
2020-12-01,60,08:04,Tuesday,STEELES AND MARKBROOK,Collision - TTC,8,16,E,3344
2020-12-01,53,08:22,Tuesday,STEELES AND LESLIE,Collision - TTC,5,10,E,9057
2020-12-01,29,08:26,Tuesday,DUFFERIN AND ROGERS,General Delay,21,29,,0
2020-12-01,55,08:27,Tuesday,OLD DUNDAS AND VARSITY,General Delay,30,60,E,8051
2020-12-01,97,08:50,Tuesday,DAVISVILLE STATION,Operations - Operator,30,60,N,1280
2020-12-01,111,08:59,Tuesday,KIPLING STATION,Operations - Operator,12,24,,8065
2020-12-01,945,09:14,Tuesday,KIPLING AND STEELES,Mechanical,7,14,S,8452
2020-12-01,60,09:28,Tuesday,STEELES AND JERRY FITZ,Collision - TTC,6,8,E,3178
2020-12-01,82,09:41,Tuesday,MACLENNAN AND EDGAR,General Delay,20,40,,8385
2020-12-01,96,09:43,Tuesday,WILSON AND JANE,Operations - Operator,24,48,E,3580
2020-12-01,43,09:44,Tuesday,KENNEDY STATION,Cleaning,3,10,E,8752
2020-12-01,43,10:05,Tuesday,KENNEDY STATION,Cleaning,15,30,S,8945
2020-12-01,43,10:34,Tuesday,KENNEDY STATION,Cleaning,11,20,S,8672
2020-12-01,45,10:44,Tuesday,KIPLING AND DIXON,Road Blocked - NON-TTC Collision,13,19,N,8446
2020-12-01,104,10:50,Tuesday,WILSON STATION,Operations - Operator,20,40,N,8371
2020-12-01,32,10:50,Tuesday,EGLINTON AND KEELE,Collision - TTC,0,0,E,1073
2020-12-01,56,10:55,Tuesday,DONLANDS STATION,Emergency Services,0,0,,1241
2020-12-01,95,10:57,Tuesday,ELLESMERE AND CONLINS,Mechanical,5,12,E,3542
2020-12-01,47,11:05,Tuesday,CALEDONIA AND EGLINTON,Mechanical,3,6,S,3742
2020-12-01,39,11:12,Tuesday,FINCH AND KENNETH,Collision - TTC,7,14,W,1255
2020-12-01,929,11:22,Tuesday,DUFFERIN AND ROGER,Collision - TTC,10,20,N,1020
2020-12-01,43,11:34,Tuesday,KENNEDY STATION,Cleaning,10,20,S,8714
2020-12-01,59,11:36,Tuesday,JANE AND CHURCH,Mechanical,45,90,S,3316
2020-12-01,36,11:42,Tuesday,HUMBERWOOD LOOP,Mechanical,6,12,E,9124
2020-12-01,999,11:46,Tuesday,ROGERS AND DUFFERIN,Collision - TTC,0,0,E,1415
2020-12-01,96,11:51,Tuesday,WILSON AND JANE,Operations - Operator,24,48,E,3623
2020-12-01,927,11:52,Tuesday,HUMBER COLLEGE - TERMI,Collision - TTC,0,0,S,3329
2020-12-01,43,12:24,Tuesday,KENNEDY STATION,Cleaning,10,20,S,8637
2020-12-01,43,12:34,Tuesday,KENNEDY STATION,Cleaning,10,20,S,8733
2020-12-01,34,12:37,Tuesday,EGLINTON AND LEBOVIC,Operations - Operator,8,20,W,8798
2020-12-01,122,12:42,Tuesday,YORK MILLS STATION,Cleaning,17,34,W,8148
2020-12-01,32,12:43,Tuesday,EGLINTON AND OAKWOOD,Security,11,22,W,1359
2020-12-01,59,12:51,Tuesday,OAK AND WESTON,Cleaning,44,90,W,3224
2020-12-01,95,12:57,Tuesday,MARKHAM AND MILNER,Mechanical,5,20,S,3497
2020-12-01,95,12:57,Tuesday,MILNER AND MARKHAM,Mechanical,5,20,S,3497
2020-12-01,34,12:58,Tuesday,KENNEDY STATION,Cleaning,12,24,E,8867
2020-12-01,29,13:01,Tuesday,DUFFERIN AND SPRINGHUR,Cleaning,8,16,S,9026
2020-12-01,37,13:01,Tuesday,ISLINGTON STATION,Operations - Operator,23,46,N,8426
2020-12-01,29,13:04,Tuesday,WILSON STATION,Cleaning,8,16,S,9029
2020-12-01,,13:06,Tuesday,ARROW GARAGE,Collision - TTC,0,0,,3266
2020-12-01,50,13:14,Tuesday,ISLINGTON STATION,Operations - Operator,30,60,N,8469
2020-12-01,25,13:20,Tuesday,DON MILLS STATION,Operations - Operator,1,2,S,8654
2020-12-01,43,13:24,Tuesday,KENNEDY STATION,Cleaning,10,20,W,8840
2020-12-01,108,13:27,Tuesday,JANE AND SHOREHAM,Mechanical,17,34,N,3624
2020-12-01,21,13:29,Tuesday,SCARBOROUGH CENTRE STA,Emergency Services,26,52,,3420
2020-12-01,32,13:39,Tuesday,EGLINTON AND EMMETT,Mechanical,13,26,W,3749
2020-12-01,73,13:40,Tuesday,ROYAL YORK STATION,Operations - Operator,17,34,N,8017
2020-12-01,163,13:48,Tuesday,LAWRENCE WEST STATION,Operations - Operator,12,24,S,8110
2020-12-01,996,13:52,Tuesday,HUMBER COLLEGE,Operations - Operator,12,24,W,3327
2020-12-01,112,13:58,Tuesday,DUNDAS AND THE WEST MA,Operations - Operator,24,48,E,7919
2020-12-01,995,13:59,Tuesday,HUMBER COLLEGE,Operations - Operator,12,24,W,3191
2020-12-01,29,14:09,Tuesday,DUFFERIN AND KING,Security,8,16,S,9141
2020-12-01,100,14:10,Tuesday,BROADVIEW STATION,Operations - Operator,9,18,E,8622
2020-12-01,32,14:21,Tuesday,RENFORTH STATION,Cleaning,11,22,W,1529
2020-12-01,76,14:34,Tuesday,ROYAL YORK STATON,Mechanical,10,20,S,8459
2020-12-01,929,14:38,Tuesday,DUFFERIN AND DUNDAS,Cleaning,10,20,S,1503
2020-12-01,95,14:39,Tuesday,ELLESMERE AND BIRCHMOU,Mechanical,12,13,W,3435
2020-12-01,59,15:05,Tuesday,WESTON AND OAK,Operations - Operator,27,54,S,3609
2020-12-01,35,15:10,Tuesday,JANE AND PRITCHARD,Investigation,7,14,S,3241
2020-12-01,39,15:10,Tuesday,FINCH AND NEILSON,Mechanical,7,14,W,3516
2020-12-01,43,15:12,Tuesday,KENNEDY STATION,Cleaning,9,17,S,8795
2020-12-01,7,15:24,Tuesday,BATHURST AND WILSON,Operations - Operator,30,60,N,0
2020-12-01,78,15:26,Tuesday,YORK MILLS STATION,Mechanical,30,60,W,8140
2020-12-01,39,15:29,Tuesday,NEILSON AND CROW TRAIL,Cleaning,7,9,S,3568
2020-12-01,47,15:40,Tuesday,MACDONELL AND QUEEN,Collision - TTC,14,28,N,1008
2020-12-01,94,15:40,Tuesday,OSSINGTON STATION,Mechanical,15,31,E,3739
2020-12-01,75,16:30,Tuesday,SHERBOURNE AND ISBELLA,General Delay,70,24,N,8310
2020-12-01,189,16:32,Tuesday,KEELE AND ANNETTE,Collision - TTC,20,40,S,8454
2020-12-01,39,16:46,Tuesday,FINCH AND NEILSON,Cleaning,4,7,E,9094
2020-12-01,165,16:50,Tuesday,WESTON AND FINCH,Collision - TTC,8,17,N,3721
2020-12-01,6,17:04,Tuesday,DAVENPORT AND DUPONT,Mechanical,10,20,S,1095
2020-12-01,6,17:07,Tuesday,JARVIS AND QUEEN'S QUA,Mechanical,10,20,S,3737
2020-12-01,39,17:11,Tuesday,FINCH AND NEILSON,Mechanical,7,10,E,3412
2020-12-01,32,17:15,Tuesday,EGLINTON STATION,Operations - Operator,9,18,,1057
2020-12-01,70,17:18,Tuesday,WARDEN STATION,Cleaning,17,34,W,8911
2020-12-01,72,17:22,Tuesday,PAPE STATION,Mechanical,10,20,W,3140
2020-12-01,52,17:22,Tuesday,TREEHORN AND ROYAL YOR,Mechanical,15,31,E,1234
2020-12-01,123,17:31,Tuesday,KIPLING STATION,Security,16,32,S,7932
2020-12-01,92,17:31,Tuesday,WOODBINE STATION,Mechanical,9,18,S,8798
2020-12-01,89,17:33,Tuesday,KEELE AND DUNDAS,Collision - TTC,1,1,S,9046
2020-12-01,39,17:47,Tuesday,FINCH AND BAYVIEW,Mechanical,8,15,E,9086
2020-12-01,96,17:49,Tuesday,WILSON AND JANE,Operations - Operator,20,40,W,0
2020-12-01,25,17:51,Tuesday,DON MILLS STATION,Security,6,12,E,8655
2020-12-01,29,17:52,Tuesday,WILSON STATION,Cleaning,7,14,N,9141
2020-12-01,39,18:04,Tuesday,MCCOWAN AND FINCH,Cleaning,2,7,S,9013
2020-12-01,29,18:11,Tuesday,CANADA AND PRINCESS,Cleaning,7,14,S,9043
2020-12-01,84,18:35,Tuesday,SHEPPARD AND DON RIVER,Road Blocked - NON-TTC Collision,90,99,B,0
2020-12-01,95,18:35,Tuesday,ELLESMERE AND WARDEN,Security,10,21,W,3433
2020-12-01,111,18:38,Tuesday,EAST MALL AND BLOOR,Security,13,26,N,8423
2020-12-01,96,18:51,Tuesday,WILSON AND JANE,Operations - Operator,20,40,W,0
2020-12-01,95,19:05,Tuesday,ELLESMERE RT STATION,Emergency Services,0,0,W,3549
2020-12-01,118,19:14,Tuesday,THISTLE DOWN AND KENHI,Operations - Operator,30,60,W,3654
2020-12-01,600,19:24,Tuesday,PIONEER VILLAGE STATIO,Cleaning,9,18,W,3215
2020-12-01,97,19:33,Tuesday,YONGE AND YORK MILLS,General Delay,118,148,S,8122
2020-12-01,85,19:35,Tuesday,SHEPPARD AND ALLANFORD,Security,16,32,W,9078
2020-12-01,165,19:45,Tuesday,WILSON AND YONGE,General Delay,90,98,,0
2020-12-01,96,19:45,Tuesday,WILSON AND YONGE,General Delay,90,110,,0
2020-12-01,96,20:32,Tuesday,CARRIER LOOP,Cleaning,20,40,E,3649
2020-12-01,75,21:03,Tuesday,SHERBOURNE STATION,Emergency Services,0,0,,8103
2020-12-01,112,21:40,Tuesday,WEST MALL AND RATHBURN,Collision - TTC,17,34,N,8075
2020-12-01,121,21:56,Tuesday,FORT YORK AND DAN LECK,Road Blocked - NON-TTC Collision,135,195,E,8555
2020-12-01,35,22:30,Tuesday,JANE AND DUNDAS,Collision - TTC,9,17,N,3274
2020-12-01,79,23:15,Tuesday,RUNNYMEDE AND BLOOR,Mechanical,30,60,N,1019
2020-12-01,38,00:30,Tuesday,BELLAMY AND ELLESMERE,Road Blocked - NON-TTC Collision,98,111,E,0
2020-12-01,95,00:31,Tuesday,ELLESMERE AND BELLAMY,Road Blocked - NON-TTC Collision,110,120,E,0
2020-12-01,133,00:44,Tuesday,ELLESMERE AND BELLAMY,Road Blocked - NON-TTC Collision,93,106,E,0
2020-12-01,165,01:14,Tuesday,YORK MILLS STATION,Security,10,20,,3595
2020-12-01,395,01:35,Tuesday,ELLESMERE AND BELLAMY,Road Blocked - NON-TTC Collision,65,95,E,0
2020-12-02,335,02:06,Wednesday,JANE STATION,Mechanical,30,60,N,3623
2020-12-02,95,02:41,Wednesday,ELLESMERE AND MORNINGS,Security,30,60,E,3453
2020-12-02,52,05:18,Wednesday,PEARSON AIRPORT TERMIN,Mechanical,9,9,E,8321
2020-12-02,47,05:51,Wednesday,LANSDOWNE AND DUPONT,Mechanical,6,12,S,3736
2020-12-02,28,06:15,Wednesday,EVERGREEN BRICKWORKS,General Delay,30,0,N,8358
2020-12-02,61,06:56,Wednesday,EGLINTON STATION,Mechanical,15,30,S,8106
2020-12-02,131,07:12,Wednesday,SCARBOROUGH CENTER STA,Mechanical,10,20,W,1550
2020-12-02,94,08:35,Wednesday,CASTLE FRANK STATION,Mechanical,6,12,S,1603
2020-12-02,9,08:37,Wednesday,SCARBOROUGH CENTRE STA,Collision - TTC,18,32,,9237
2020-12-02,96,08:44,Wednesday,HUMBERLINE LOOP,Operations - Operator,20,39,E,3283
2020-12-02,927,08:44,Wednesday,ARROW ROAD GARAGE,Collision - TTC,0,0,,3367
2020-12-02,43,08:50,Wednesday,KENNEDY AND PROGRESS,Collision - TTC,25,50,N,8654
2020-12-02,34,09:06,Wednesday,WARDEN AND EGLINTON,Mechanical,12,23,W,8724
2020-12-02,11,09:09,Wednesday,DAVISVILLE STATION,Cleaning,13,26,N,8345
2020-12-02,34,09:31,Wednesday,KENNEDY STATION,Cleaning,12,23,E,8806
2020-12-02,95,09:41,Wednesday,ELLESMERE STATION,Cleaning,20,40,E,1225
2020-12-02,65,09:43,Wednesday,PARLIAMENT AND WINCHES,Security,13,26,S,8560
2020-12-02,11,09:43,Wednesday,DAVISVILLE STATION,Cleaning,13,26,N,8202
2020-12-02,43,09:44,Wednesday,KENNEDY STATION,Cleaning,3,13,W,8786
2020-12-02,87,09:46,Wednesday,MAIN STATON,Emergency Services,11,22,,9210
2020-12-02,43,10:05,Wednesday,KENNEDY STATION,Cleaning,15,30,W,8780
2020-12-02,36,10:11,Wednesday,FINCH AND WESTON,Cleaning,5,10,E,9118
2020-12-02,36,10:11,Wednesday,FINCH STATION TO HUMBE,General Delay,30,60,W,9100
2020-12-02,43,10:15,Wednesday,KENNEDY STATION,Cleaning,10,20,S,8794
2020-12-02,129,10:16,Wednesday,SCARBOROUGH CENTER STA,Collision - TTC,5,10,,3448
2020-12-02,59,10:17,Wednesday,OAK AND WESTON,Cleaning,35,67,E,3626
2020-12-02,133,10:18,Wednesday,SCARBOROUGH CENTRE STA,Cleaning,11,22,N,3539
2020-12-02,117,10:20,Wednesday,SHEPPARD WEST STATION,Operations - Operator,20,40,N,0
2020-12-02,43,10:44,Wednesday,KENNEDY STATION,Cleaning,10,20,S,8682
2020-12-02,95,10:44,Wednesday,ELLESMERE STATION,Cleaning,20,40,E,1322
2020-12-02,115,10:44,Wednesday,YORK MILLS STATION,Cleaning,20,40,N,8363
2020-12-02,95,11:04,Wednesday,ELLESMERE STATION,Cleaning,20,40,E,3435
2020-12-02,86,11:12,Wednesday,KENNEDY STATION,Cleaning,10,20,N,8850
2020-12-02,100,11:15,Wednesday,BROADVIEW AND MORTIMER,Collision - TTC,9,18,N,8882
2020-12-02,43,11:20,Wednesday,KENNEDY STATION,Cleaning,15,20,W,8634
2020-12-02,43,11:25,Wednesday,KENNEDY AND SHEPPARD,Security,10,20,S,8794
2020-12-02,36,11:29,Wednesday,FINCH AND WESTON,Cleaning,5,10,N,9134
2020-12-02,43,11:34,Wednesday,KENNEDY STATION,Cleaning,10,20,S,8713
2020-12-02,927,11:41,Wednesday,KIPLING STATION,Mechanical,9,18,S,3601
2020-12-02,67,11:43,Wednesday,PHARMACY AND ELLESMERE,Road Blocked - NON-TTC Collision,37,52,S,8703
2020-12-02,59,11:48,Wednesday,OAK AND WESTON,Cleaning,45,90,N,3654
2020-12-02,36,11:50,Wednesday,HUMBERWOOD LOOP,Cleaning,5,10,S,9123
2020-12-02,96,11:51,Wednesday,JANE AND WILSON,Operations - Operator,24,48,E,0
2020-12-02,168,11:54,Wednesday,SYMINGTON ROUTE,General Delay,30,30,N,1502
2020-12-02,29,12:00,Wednesday,SPRINGHURST LOOP,Emergency Services,0,0,,9036
2020-12-02,133,12:04,Wednesday,SCARBOROUGH CENTER STA,Cleaning,11,22,N,3421
2020-12-02,36,12:17,Wednesday,HUMBERWOOD LOOP,Cleaning,5,10,S,9100
2020-12-02,87,12:19,Wednesday,COSBURN AND GREENWOOD,Road Blocked - NON-TTC Collision,79,101,E,3117
2020-12-02,39,12:19,Wednesday,25 BALDOON,Mechanical,4,8,N,3436
2020-12-02,39,12:19,Wednesday,FINCH AND BALDOON,Mechanical,4,8,N,3436
2020-12-02,43,12:24,Wednesday,KENNEDY STATION,Cleaning,10,20,W,8874
2020-12-02,90,12:25,Wednesday,ST CLAIR WEST STATION,Mechanical,10,20,N,1289
2020-12-02,39,12:34,Wednesday,CROW TRAIL AND NEILSON,Mechanical,6,11,W,3415
2020-12-02,34,12:42,Wednesday,EGLINTON STATION,Cleaning,12,24,E,8776
2020-12-02,63,12:44,Wednesday,OAKWOOD LOOP,Mechanical,8,12,S,8180
2020-12-02,63,12:44,Wednesday,OAKWOOD LOOP,Cleaning,4,12,S,8152
2020-12-02,43,12:54,Wednesday,KENNEDY STATION,Cleaning,10,20,W,8880
2020-12-02,123,12:55,Wednesday,KIPLING STATION,Operations - Operator,21,42,N,0
2020-12-02,36,13:12,Wednesday,HUMBERWOOD AND MORNING,Cleaning,5,10,E,9103
2020-12-02,43,13:20,Wednesday,KENNEDY STATION,Cleaning,15,30,W,8884
2020-12-02,81,13:21,Wednesday,PAPE STATION,Mechanical,11,22,N,3140
2020-12-02,43,13:24,Wednesday,KENNEDY STATION,Cleaning,10,20,E,8681
2020-12-02,59,13:27,Wednesday,CHURCH AND JANE,Cleaning,35,80,N,3652
2020-12-02,43,13:34,Wednesday,KENNEDY STATION,Cleaning,10,20,E,8888
2020-12-02,39,13:35,Wednesday,FINCH AND DON MILLS,Cleaning,16,30,E,9075
2020-12-02,7,13:48,Wednesday,BATHURST AND SHEPPARD,Emergency Services,8,16,N,1215
2020-12-02,75,13:53,Wednesday,GLENN AND SOUTH,Cleaning,11,22,W,8374
2020-12-02,71,14:00,Wednesday,RAY AND INDUSTRY,Cleaning,14,27,S,1380
2020-12-02,25,14:14,Wednesday,DON MILLS AND FINCH,Security,9,18,S,8889
2020-12-02,47,14:26,Wednesday,LANSDOWNE AND QUEEN,Security,15,30,S,1273
2020-12-02,29,14:28,Wednesday,WILSON STATION,Cleaning,7,14,W,9140
2020-12-02,34,14:31,Wednesday,EGLINTON AND LEBOVIC,Cleaning,12,24,W,8626
2020-12-02,11,14:35,Wednesday,SUNNYBROOK HOSPITAL,Cleaning,13,26,N,8320
2020-12-02,29,14:39,Wednesday,10 FORT ROUILLE,Cleaning,7,14,E,9145
2020-12-02,32,14:39,Wednesday,EGLINTON AND KEELE,Mechanical,11,22,W,3745
2020-12-02,70,14:40,Wednesday,WARDEN STATION,Cleaning,18,36,N,8872
2020-12-02,41,14:43,Wednesday,KEELE STATION,Cleaning,12,24,S,9037
2020-12-02,57,14:46,Wednesday,KENNEDY STATION,Cleaning,14,28,W,8894
2020-12-02,112,14:47,Wednesday,KIPLING STATION,Operations - Operator,24,48,N,0
2020-12-02,32,15:23,Wednesday,RENFORTH STATION,Cleaning,9,18,S,1006
2020-12-02,41,15:27,Wednesday,IAN MACDONALD AND POND,Cleaning,12,24,S,9040
2020-12-02,109,15:31,Wednesday,BATHURST AND NEPTUNE,Mechanical,20,40,N,8147
2020-12-02,35,15:36,Wednesday,JANE AND STEELES,Investigation,6,10,S,3249
2020-12-02,32,15:47,Wednesday,JANE AND WRIGHT,Cleaning,11,22,W,1062
2020-12-02,47,15:49,Wednesday,LANSDOWNE AND QUEEN,Mechanical,0,0,S,1028
2020-12-02,32,15:51,Wednesday,RENFORTH STATION,Cleaning,9,18,S,1562
2020-12-02,52,15:52,Wednesday,LAWRENCE AND DUFFERIN,Mechanical,6,12,E,8331
2020-12-02,32,16:00,Wednesday,TRETHEWEY AND CLEARVIE,Security,5,10,E,3744
2020-12-02,115,16:06,Wednesday,YORK MILLS STATION,Operations - Operator,24,48,S,8363
2020-12-02,,16:12,Wednesday,MCBRIEN BUILDING,Security,0,0,,0
2020-12-02,122,16:30,Wednesday,YORK MILLS STATION,Collision - TTC,14,28,,8189
2020-12-02,41,16:34,Wednesday,EGLINTON AND KEELE,Cleaning,12,24,S,1133
2020-12-02,165,16:36,Wednesday,YORK MILLS STATION,Collision - TTC,8,17,,3225
2020-12-02,11,16:41,Wednesday,BAYVIEW STATION,Cleaning,17,34,N,8353
2020-12-02,84,17:00,Wednesday,SHEPPARD AND NORTHWOOD,Collision - TTC,30,60,W,3177
2020-12-02,118,17:15,Wednesday,WILSON AND JANE,Operations - Operator,30,60,W,3337
2020-12-02,110,17:21,Wednesday,ISLINGTON STATION,Mechanical,12,24,S,7923
2020-12-02,11,17:33,Wednesday,BAYVIEW AND STEELES,Cleaning,17,34,S,1285
2020-12-02,102,18:09,Wednesday,MARKHAM AND KINGSTON,Security,5,10,S,8580
2020-12-02,37,18:14,Wednesday,ISLINGTON AND SUMMITTC,Security,15,30,N,8087
2020-12-02,929,18:31,Wednesday,DUFFERIN AND SYLVAN,Road Blocked - NON-TTC Collision,220,228,S,1605
2020-12-02,22,19:12,Wednesday,COXWELL AND HANSON,Investigation,28,43,N,0
2020-12-02,52,19:14,Wednesday,LAWRENCE STATION,Security,13,27,,8332
2020-12-02,,19:27,Wednesday,DAVISVILLE YARD,Operations - Operator,0,0,,0
2020-12-02,16,19:44,Wednesday,DANFORTH AND SEMINOLE,Road Blocked - NON-TTC Collision,86,94,N,8510
2020-12-02,46,19:54,Wednesday,KIPLING STATION,Security,18,35,,3223
2020-12-02,12,20:19,Wednesday,VICTORIA PARK STATION,Emergency Services,20,40,,9233
2020-12-02,54,20:33,Wednesday,LAWRENCE AND MORNINGSI,Emergency Services,0,0,E,8804
2020-12-02,39,21:07,Wednesday,1575 NEILSON,Mechanical,4,8,S,3562
2020-12-02,26,22:26,Wednesday,JANE STATION,Investigation,24,48,,1090
2020-12-02,26,23:46,Wednesday,JANE STATION,Mechanical,30,60,,1090
2020-12-02,9,00:04,Wednesday,ST. CLAIR AND COTTON,Emergency Services,30,60,E,3128
2020-12-02,32,00:33,Wednesday,EGLINTON STATION,Mechanical,11,22,,1125
2020-12-02,62,01:11,Wednesday,MORTIMER AND BROADVIEW,General Delay,0,0,W,8500
2020-12-02,54,01:15,Wednesday,3947 LAWRENCE AVE E (,Utilized Off Route,15,38,W,8841
2020-12-02,35,01:37,Wednesday,PIONEER VILLAGE STATIO,Investigation,15,30,,3319
2020-12-03,34,05:29,Thursday,KENNEDY STATION,Mechanical,2,4,,8637
2020-12-03,100,05:39,Thursday,EGLINTON AND DON MILLS,Investigation,6,12,W,8911
2020-12-03,39,05:43,Thursday,CROW TRAIL AND NEILSON,Security,2,4,W,3547
2020-12-03,41,06:18,Thursday,KEELE AND FINCH,Investigation,15,30,W,9055
2020-12-03,43,06:31,Thursday,KENNEDY STATION,Security,30,60,,8873
2020-12-03,127,06:35,Thursday,DAVENPORT AND BATHURST,Investigation,22,44,W,1357
2020-12-03,41,06:52,Thursday,KEELE AND ANNETTE,Collision - TTC,15,30,S,9056
2020-12-03,96,08:36,Thursday,HUMBER COLLEGE AMD WES,Collision - TTC,20,39,E,3339
2020-12-03,21,08:48,Thursday,BRIMLEY AND BRIMORTON,Collision - TTC,0,0,N,1333
2020-12-03,85,08:49,Thursday,SHEPPARD AND VICTORIA,Operations - Operator,15,30,E,3459
2020-12-03,112,09:21,Thursday,THE WEST MALL CRES AND,Operations - Operator,21,37,S,8433
2020-12-03,34,09:23,Thursday,EGLINTON AND WYNFORD,Collision - TTC,6,12,E,8936
2020-12-03,60,09:47,Thursday,FINCH STATION,Cleaning,0,0,N,3260
2020-12-03,43,09:50,Thursday,KENNEDY STATION,Cleaning,10,20,S,8767
2020-12-03,999,10:09,Thursday,SCARBOROUGH CENTRER ST,Cleaning,11,22,,3465
2020-12-03,59,10:14,Thursday,OAK AND WESTON,Cleaning,45,90,W,3317
2020-12-03,43,10:14,Thursday,KENNEDY STATION,Cleaning,10,20,S,8858
2020-12-03,95,10:21,Thursday,ELLESMERE STATION,Cleaning,20,40,E,3554
2020-12-03,96,10:23,Thursday,JANE AND WILSON,Operations - Operator,24,48,W,3285
2020-12-03,53,10:53,Thursday,STEELES AVE E AND IREN,Cleaning,7,14,W,3496
2020-12-03,133,11:00,Thursday,ELLESMERE AND MCCOWAN,Cleaning,11,22,S,3555
2020-12-03,95,11:02,Thursday,YORK MILLS AND CHIPSTE,Cleaning,20,40,E,3534
2020-12-03,36,11:17,Thursday,FINCH AND OAKDALE,Security,5,10,E,9101
2020-12-03,11,11:18,Thursday,SUNNYBROOK HOSPITAL,Cleaning,13,26,S,8130
2020-12-03,43,11:21,Thursday,KENNEDY STATION,Cleaning,10,20,,8636
2020-12-03,36,11:38,Thursday,FINCH AND WESTON,Cleaning,5,10,E,9134
2020-12-03,34,11:46,Thursday,EGLINTON STATION,Mechanical,12,24,W,8706
2020-12-03,67,11:53,Thursday,ELLESMERE AND PHARMACY,Collision - TTC,15,30,S,8716
2020-12-03,133,11:56,Thursday,ELLESMERE AND DOLLY VA,Cleaning,11,22,S,3419
2020-12-03,36,12:33,Thursday,HUMBERLINE AND HUMBER,Cleaning,5,10,W,9101
2020-12-03,95,12:38,Thursday,ELLESMERE AND MUIRBANK,Emergency Services,15,35,E,1392
2020-12-03,44,12:55,Thursday,KIPLING AND HORNER,General Delay,107,124,S,0
2020-12-03,123,13:01,Thursday,SHORNCLIFFE AND NORTH,General Delay,245,266,E,8425
2020-12-03,30,13:05,Thursday,DUNDAS AND QUEBEC,Collision - TTC,20,40,,8087
2020-12-03,130,13:08,Thursday,MIDDLEFIELD AND ARBOR,Investigation,21,42,S,3474
2020-12-03,95,13:25,Thursday,KINGSTON ROAD LOOP,Cleaning,5,10,W,3526
2020-12-03,54,13:32,Thursday,LAWRENCE AND MORNINGSI,Investigation,14,28,E,8862
2020-12-03,,13:38,Thursday,CALEDONIA AND LAWRENCE,Emergency Services,0,0,,0
2020-12-03,11,13:38,Thursday,DAVISVILLE STATION,Emergency Services,0,0,,8104
2020-12-03,60,13:47,Thursday,STEELES AND SIGNAL HIL,Cleaning,9,18,W,3594
2020-12-03,77,13:59,Thursday,RUNNYMEDE STATION,Collision - TTC,17,34,,1633
2020-12-03,52,14:18,Thursday,LAWRENCE AND BATHURST,Security,17,34,E,8170
2020-12-03,59,14:39,Thursday,LAWRENCE WEST STATION,Mechanical,45,90,,3587
2020-12-03,21,14:45,Thursday,WARDEN STATION,Mechanical,17,24,,3412
2020-12-03,7,14:59,Thursday,WILSON GARAGE,Collision - TTC,6,9,,8180
2020-12-03,43,15:05,Thursday,KENNEDY STATION,Cleaning,10,20,,8927
2020-12-03,104,15:24,Thursday,FINCH AND DUFFERIN,Mechanical,20,40,,8327
2020-12-03,21,15:32,Thursday,BRIMLEY AND EGLINTON,Investigation,17,34,N,3486
2020-12-03,43,15:38,Thursday,KENNEDY STATION,Cleaning,10,20,,8759
2020-12-03,43,15:48,Thursday,KENNEDY STN,Cleaning,10,20,,8667
2020-12-03,117,15:53,Thursday,ALNESS AND FINCH,Security,13,26,S,8173
2020-12-03,43,16:13,Thursday,KENNEDY STATION,Cleaning,10,20,,8790
2020-12-03,57,16:15,Thursday,KENNEDY STATION,Cleaning,16,32,,8865
2020-12-03,57,16:18,Thursday,KENNEDY STATION,Cleaning,14,28,,8685
2020-12-03,905,16:21,Thursday,KENNEDY STATION,Cleaning,8,16,,8840
2020-12-03,996,16:21,Thursday,YORK MILLS STATION,Emergency Services,11,22,,3266
2020-12-03,43,16:23,Thursday,KENNEDY STATION,Cleaning,15,30,,8655
2020-12-03,129,16:35,Thursday,SCARBOROUGH CENTRE STA,Operations - Operator,10,20,,1404
2020-12-03,68,16:50,Thursday,WARDEN AND TOWER,Investigation,280,288,,0
2020-12-03,11,17:14,Thursday,STEELES LOOP,Cleaning,17,34,,8366
2020-12-03,115,17:26,Thursday,BAYVIEW AND YORK MILLS,Cleaning,20,40,,8300
2020-12-03,39,17:33,Thursday,FINCH AND MCCOWAN,Cleaning,2,7,E,9072
2020-12-03,11,18:05,Thursday,DAVISVILLE STATION,Cleaning,13,26,,8347
2020-12-03,132,18:11,Thursday,MILNER AND MARKHAM,Cleaning,13,26,,3545
2020-12-03,11,18:18,Thursday,DAVISVILLE STATION,Cleaning,17,34,,1227
2020-12-03,133,18:21,Thursday,SCARBOROUGH CENTRE STA,Cleaning,11,22,,3557
2020-12-03,905,18:36,Thursday,U OF T SCARBOROUGH CAM,Investigation,8,16,S,8646
2020-12-03,122,18:46,Thursday,DON MILLS STATION,Cleaning,17,34,,1211
2020-12-03,169,19:03,Thursday,HUNTINGWOOD AND WARDEN,Road Blocked - NON-TTC Collision,97,127,E,0
2020-12-03,42,19:04,Thursday,FINCH STATION,Cleaning,15,30,,8364
2020-12-03,72,19:04,Thursday,DANFORTH AND WOODYCRES,Collision - TTC,0,0,E,9214
2020-12-03,35,19:13,Thursday,PIONEER VILLAGE NORTH,Mechanical,10,20,N,3175
2020-12-03,95,19:15,Thursday,ELLESMERE AND PARKINGT,Security,6,10,E,3407
2020-12-03,35,19:28,Thursday,JANE AND FINCH,Mechanical,9,18,S,3364
2020-12-03,927,19:28,Thursday,HUMBER COLLEGE BUS TER,Collision - TTC,14,19,,3272
2020-12-03,37,19:43,Thursday,ISLINGTON STATION,Mechanical,23,46,,8042
2020-12-03,34,19:51,Thursday,KENNEDY STATION,Mechanical,12,24,,8835
2020-12-03,11,20:02,Thursday,DAVISVAILLE STATION,Cleaning,17,34,,8126
2020-12-03,21,20:06,Thursday,KENNEDY STATION,Cleaning,17,34,,3486
2020-12-03,21,20:17,Thursday,KENNEDY STATION,Cleaning,17,34,,3486
2020-12-03,41,20:23,Thursday,KEELE AND ST CLAIR,General Delay,227,243,N,9143
2020-12-03,60,20:50,Thursday,DUFFERIN AND STEELES,Cleaning,9,18,,3301
2020-12-03,34,20:56,Thursday,EGLINTON AND BIRCHMOUN,Cleaning,6,13,,8638
2020-12-03,39,20:58,Thursday,MARKHAM AND FINCH,Cleaning,4,7,,9065
2020-12-03,85,21:04,Thursday,YORK MILLS STATION,Mechanical,16,32,E,9068
2020-12-03,21,21:08,Thursday,SCARBROUGH CENTRE STAT,Cleaning,15,30,,1403
2020-12-03,73,00:23,Thursday,ROYAL YORK STATION,Security,12,12,E,8056
2020-12-03,95,00:32,Thursday,KINGSTON ROAD LOOP,Security,10,20,E,3526
2020-12-03,165,00:38,Thursday,YORK MILLS STATION,Mechanical,11,22,W,3287
2020-12-03,,01:45,Thursday,VICTORIA PARK AND LYNV,Utilized Off Route,0,0,N,8543
2020-12-04,32,02:03,Friday,EGLINTON STATION,Mechanical,9,17,W,1305
2020-12-04,320,02:45,Friday,STEELES LOOP,Emergency Services,3,7,,1097
2020-12-04,320,04:01,Friday,YONGE STEELES LOOP,Emergency Services,0,0,,1226
2020-12-04,385,04:40,Friday,MALVERN GARAGE,Operations - Operator,30,30,W,3486
2020-12-04,39,05:18,Friday,CROWTRAIL,Mechanical,10,20,E,9067
2020-12-04,52,05:49,Friday,LAWRENCE AND KEELE,Road Blocked - NON-TTC Collision,0,0,E,8112
2020-12-04,41,06:02,Friday,KEELE AND LAWRENCE,General Delay,111,124,,0
2020-12-04,67,06:24,Friday,PHARMACY AND COMSTOCK,Road Blocked - NON-TTC Collision,112,129,B,8796
2020-12-04,100,06:30,Friday,BROADVIEW STN,Operations - Operator,1,1,,8892
2020-12-04,47,06:37,Friday,CALEDONIA AND GLENCARI,Road Blocked - NON-TTC Collision,9,18,N,1084
2020-12-04,41,06:46,Friday,KEELE AND ST CLAIR,Road Blocked - NON-TTC Collision,111,124,N,9047
2020-12-04,127,07:20,Friday,SPADINA AND BRENARD,Collision - TTC,23,45,N,1418
2020-12-04,52,08:21,Friday,LAWRENCE AND BATHURST,Mechanical,27,54,W,8206
2020-12-04,60,08:24,Friday,STEELES AND 400,Road Blocked - NON-TTC Collision,124,134,W,0
2020-12-04,35,08:42,Friday,JANE AND STEELES,Investigation,106,118,,3245
2020-12-04,36,09:16,Friday,PENN AND MILVAN,Security,0,0,S,3584
2020-12-04,935,09:17,Friday,JANE AND SHORHAM,Road Blocked - NON-TTC Collision,50,56,N,3343
2020-12-04,85,09:28,Friday,ROUGE HILL GO SATION,Security,30,60,,3469
2020-12-04,108,09:30,Friday,JANE AND STEELES,General Delay,217,234,S,3210
2020-12-04,52,09:37,Friday,LAWRENCE STATION,Mechanical,0,0,,1227
2020-12-04,52,09:45,Friday,DIXON AND ISLINGTON,Mechanical,18,36,W,8177
2020-12-04,102,09:58,Friday,MARKHAM AND LAWRENCE,Investigation,83,93,,0
2020-12-04,85,10:31,Friday,ROUGE HILL GO STATION,General Delay,30,60,E,9075
2020-12-04,84,10:33,Friday,SHEPPARD WEST STATION,Emergency Services,0,0,,3611
2020-12-04,129,10:53,Friday,MCCOWN AND SANDHURST C,Collision - TTC,7,14,N,3498
2020-12-04,96,11:25,Friday,WILSON AND BATHURST,Vision,24,48,W,3203
2020-12-04,44,12:00,Friday,KIPLING AND LAKESHORE,Security,7,14,S,8094
2020-12-04,161,12:23,Friday,OSSINGTON STATION,Mechanical,25,50,W,1516
2020-12-04,34,12:44,Friday,KENNEDY STATION,Cleaning,12,24,W,8720
2020-12-04,165,12:53,Friday,WESTON AND FINCH,Operations - Operator,12,24,S,3265
2020-12-04,60,13:24,Friday,PIONEER VILLAGE STATIO,Cleaning,10,20,W,3347
2020-12-04,60,13:27,Friday,PIONEER VILLAGE STATIO,Cleaning,9,18,W,3277
2020-12-04,927,13:32,Friday,STEELES LOOP AND MARTI,Emergency Services,9,17,S,3250
2020-12-04,168,13:33,Friday,DUNDAS WEST STATION,Collision - TTC,20,40,,1035
2020-12-04,39,13:35,Friday,NEILSON AND CROW TRAIL,Cleaning,16,32,W,9002
2020-12-04,20,13:39,Friday,KENNEDY STATION,Operations - Operator,20,40,W,8956
2020-12-04,20,13:39,Friday,KENNEDY STATION,Operations - Operator,20,40,W,8956
2020-12-04,34,13:44,Friday,EGLINTON AND DON MILLS,Cleaning,12,24,E,8768
2020-12-04,34,13:47,Friday,KENNEDY STATION,Cleaning,12,24,E,8931
2020-12-04,11,14:04,Friday,SUNNYBROOK HOSPITAL,Cleaning,23,36,N,8201
2020-12-04,161,14:05,Friday,OSSINGTON STATION,Operations - Operator,25,50,N,1409
2020-12-04,127,14:08,Friday,SPADINA STATION,Operations - Operator,23,45,W,1418
2020-12-04,96,14:11,Friday,YORK MILLS STATION,Operations - Operator,24,48,N,3304
2020-12-04,165,14:16,Friday,WESTON AND FINCH,Operations - Operator,12,24,E,3336
2020-12-04,47,14:22,Friday,LANDOWNE AND QUEEN,Collision - TTC,0,0,S,1202
2020-12-04,47,14:45,Friday,EARLSCOURT LOOP,Operations - Operator,0,0,,1406
2020-12-04,24,14:47,Friday,VICTORIA PARK STATION,Operations - Operator,11,18,N,8595
2020-12-04,941,14:50,Friday,KEELE AND HWY 401,Mechanical,14,28,N,1029
2020-12-04,11,15:03,Friday,SUNNYBROOK HOSPITAL,Cleaning,17,34,N,8305
2020-12-04,24,15:14,Friday,VICTORIA PARK STATION,Operations - Operator,3,9,N,8407
2020-12-04,76,15:27,Friday,ROYAL YORK AND MANITOB,Security,8,16,S,8427
2020-12-04,39,15:28,Friday,FINCH AND MORNINGSIDE,Cleaning,14,23,E,1392
2020-12-04,11,15:42,Friday,DAVISVILLE STATION,Cleaning,17,34,W,8374
2020-12-04,116,15:42,Friday,EGLINTON AND KINGSTON,Operations - Operator,0,0,W,8853
2020-12-04,87,15:47,Friday,MAIN STREET STATION,Mechanical,10,20,W,8574
2020-12-04,69,15:51,Friday,ST CLAIR AND BIRCHMOUN,Road Blocked - NON-TTC Collision,50,61,N,3112
2020-12-04,34,15:52,Friday,EGLINTON STATION,Operations - Operator,7,13,E,8804
2020-12-04,88,16:04,Friday,ST CLAIR STATION,Operations - Operator,20,40,E,8354
2020-12-04,60,16:24,Friday,PIONEER VILLAGE STATIO,Cleaning,9,18,W,3335
2020-12-04,75,16:45,Friday,SHERBOURNE AND WELLESL,Emergency Services,80,20,N,8189
2020-12-04,81,16:51,Friday,FERRIER AND BROWNING,General Delay,9,18,N,9235
2020-12-04,129,17:02,Friday,MCCOWAN AND NUGGET,Collision - TTC,1,2,S,3417
2020-12-04,6,17:08,Friday,DAVENPORT AND DUPONT,Mechanical,10,20,W,3739
2020-12-04,14,17:09,Friday,GLENCAIRN STATION,Operations - Operator,24,48,E,1420
2020-12-04,39,17:21,Friday,FINCH STATION,Cleaning,15,29,,1366
2020-12-04,161,17:24,Friday,JANE AND ALLIANCE,Mechanical,23,46,N,1147
2020-12-04,14,17:31,Friday,GLENCAIRN STATION,Operations - Operator,24,48,E,1420
2020-12-04,42,17:35,Friday,FINCH STATION,Cleaning,15,30,S,8194
2020-12-04,63,17:42,Friday,SHAW AND QUEEN,Mechanical,9,18,N,8303
2020-12-04,96,17:51,Friday,WILSON AND JANE,Operations - Operator,20,40,,0
2020-12-04,134,18:07,Friday,CENTENNIAL COLLEGE - P,Cleaning,8,16,W,3427
2020-12-04,503,18:08,Friday,QUEEN AND CONNAUGHT,Security,10,20,,4565
2020-12-04,39,18:29,Friday,FINCH AND MCCOWAN,Mechanical,1,7,E,9011
2020-12-04,89,19:11,Friday,KEELE STATION,Mechanical,14,29,N,1063
2020-12-04,161,21:03,Friday,ROGERS AND KEELE,Cleaning,23,46,E,1037
2020-12-04,12,21:12,Friday,KENNEDY STN,Emergency Services,0,0,,8540
2020-12-04,86,21:32,Friday,MEADOWVALE LOOP,Emergency Services,9,18,,8786
2020-12-04,32,23:47,Friday,RENFORTH STATION,Mechanical,11,22,E,1287
2020-12-05,329,02:09,Saturday,DUFFERIN AND DAVENPORT,Security,30,60,S,1061
2020-12-05,320,03:09,Saturday,STEELES LOOP,Mechanical,3,7,N,8304
2020-12-05,63,03:44,Saturday,OSSINGTON AND DAVENPOR,Emergency Services,0,0,S,8121
2020-12-05,302,03:51,Saturday,MCCOWAN AND ALTON TOWE,Emergency Services,0,0,N,9203
2020-12-05,320,04:40,Saturday,STEELES LOOP,Mechanical,3,7,N,8304
2020-12-05,302,05:45,Saturday,VICTORIA PARK AND KING,Mechanical,20,35,S,8951
2020-12-05,112,05:54,Saturday,88 INDUSTRY ST,Mechanical,10,20,E,1067
2020-12-05,60,06:35,Saturday,STEELES AND MURRAY ROS,Road Blocked - NON-TTC Collision,20,70,W,0
2020-12-05,35,06:41,Saturday,STEELES AND MURRAY ROS,Road Blocked - NON-TTC Collision,101,112,W,0
2020-12-05,600,06:42,Saturday,ADELAIDE AND YORK (EAS,Operations - Operator,6,12,E,7922
2020-12-05,35,07:10,Saturday,JANE ST AND PATIKA AVE,Investigation,8,17,N,3354
2020-12-05,97,07:49,Saturday,HILDA AND STEELES,Mechanical,30,60,N,8128
2020-12-05,52,07:52,Saturday,LAWRENCE AND WESTON,Cleaning,20,19,E,8204
2020-12-05,905,08:38,Saturday,KENNEDY STATION,Mechanical,10,20,W,8631
2020-12-05,36,08:45,Saturday,FINCH AND WESTON,Mechanical,10,20,E,3346
2020-12-05,60,09:00,Saturday,STEELES AND CARPENTER,Collision - TTC,14,28,E,3356
2020-12-05,105,09:21,Saturday,WILSON DIV JUST OUTSID,Mechanical,15,30,N,1309
2020-12-05,108,09:40,Saturday,ARROW GARAGE,Mechanical,7,14,E,3267
2020-12-05,162,09:56,Saturday,THE DONWAY WEST AND DO,Collision - TTC,30,60,E,8135
2020-12-05,70,10:31,Saturday,COXWELL STATION,Mechanical,22,44,N,3750
2020-12-05,109,10:44,Saturday,BIRCHMOUNT GARAGE,Mechanical,7,14,S,8407
2020-12-05,86,11:10,Saturday,KENNEDY STATION,Mechanical,20,40,E,8767
2020-12-05,52,11:16,Saturday,LAWRENCE STATION,Cleaning,20,40,W,8305
2020-12-05,125,11:29,Saturday,ANTIBIES AND TORRESDAL,Mechanical,15,30,E,1234
2020-12-05,11,11:34,Saturday,BAYVIEW AND POST,Road Blocked - NON-TTC Collision,0,0,N,0
2020-12-05,125,11:51,Saturday,ANTIBES AND TORRESDALE,Mechanical,15,30,E,1234
2020-12-05,41,11:52,Saturday,KEELE STATION,Mechanical,10,20,N,1049
2020-12-05,52,12:05,Saturday,LAWRENCE STATION,Cleaning,19,20,E,1319
2020-12-05,43,12:20,Saturday,MIDLAND AND STEELES,Mechanical,10,20,S,8782
2020-12-05,43,12:21,Saturday,MIDLAND AND STEELES,Mechanical,10,20,S,8782
2020-12-05,57,12:51,Saturday,MIDLAND AND PRUDENTIAL,Mechanical,13,25,S,3756
2020-12-05,127,12:52,Saturday,TOWNSLEY LOOP,Operations - Operator,23,46,,1503
2020-12-05,52,12:59,Saturday,LAWRENCE AND CALEDONIA,Cleaning,10,20,E,8209
2020-12-05,46,13:00,Saturday,MARTIN GROVE AND JEFFC,Mechanical,15,30,N,3219
2020-12-05,85,13:58,Saturday,SHEPPARD AND HARRISFAR,Mechanical,9,18,W,9075
2020-12-05,32,13:59,Saturday,EGLINTON AND LITTLE,Cleaning,9,18,E,3741
2020-12-05,108,14:09,Saturday,GRANDRAVINE AND SENTIN,Security,16,32,E,3183
2020-12-05,96,14:12,Saturday,CLAIRVILLE DRIVE JUST,Emergency Services,17,34,S,3274
2020-12-05,97,14:13,Saturday,YORK MILLS,Mechanical,30,60,,8155
2020-12-05,6,14:20,Saturday,BAY AND BLOOR,General Delay,90,113,N,1626
2020-12-05,6,14:21,Saturday,BAY AND BLOOR,General Delay,90,113,N,1626
2020-12-05,122,14:22,Saturday,YORK MILLS STATION,General Delay,30,60,,8137
2020-12-05,73,14:38,Saturday,ROYAL YORK AND BELVEDE,Emergency Services,15,30,N,8424
2020-12-05,86,14:42,Saturday,MEADOWVALE AT SHEPPARD,Mechanical,7,14,E,8870
2020-12-05,85,14:52,Saturday,SHEPPARD AND BRIMLEY,Mechanical,9,18,,9075
2020-12-05,124,15:15,Saturday,LAWRENCE STATION,Cleaning,20,40,E,8174
2020-12-05,37,15:19,Saturday,ISLINGTON STATION,Mechanical,14,28,,7912
2020-12-05,60,15:50,Saturday,STEELES AND MARTINGROV,Road Blocked - NON-TTC Collision,20,79,W,0
2020-12-05,95,16:18,Saturday,ELLESMERE AND VICTORIA,Security,7,14,E,3566
2020-12-05,95,16:58,Saturday,UTSC LOOP,Security,13,26,W,3482
2020-12-05,47,17:10,Saturday,LANSDOWNE AND DAVENPOR,Mechanical,9,18,S,1358
2020-12-05,5,17:20,Saturday,ORIOLE PKWY AND TRANME,Collision - TTC,22,44,S,1222
2020-12-05,102,17:30,Saturday,MARKHAM ROAD JUST S OF,Road Blocked - NON-TTC Collision,218,228,N,8530
2020-12-05,129,17:33,Saturday,MCCOWAN AND CARLTON (,General Delay,87,117,S,1240
2020-12-05,32,17:57,Saturday,PINE AND LAWRENCE,Mechanical,11,22,E,3742
2020-12-05,45,17:58,Saturday,KIPLING STATION,Operations - Operator,10,20,N,8471
2020-12-05,102,18:01,Saturday,WARDEN STATION,Operations - Operator,59,118,E,3102
2020-12-05,34,18:17,Saturday,GRENOBLE AND SPANBRIDG,Emergency Services,10,20,E,8795
2020-12-05,29,18:20,Saturday,DUFFERIN AND DUNDAS,Collision - TTC,6,12,N,9040
2020-12-05,96,18:22,Saturday,WILSON AND JANE,Operations - Operator,27,54,W,3348
2020-12-05,124,18:27,Saturday,LAWRENCE STATION,Cleaning,20,40,E,8174
2020-12-05,32,18:46,Saturday,EGLINTON AND KEELE,Mechanical,9,18,W,3737
2020-12-05,32,18:46,Saturday,EGLINTON STATION,Cleaning,10,20,S,1109
2020-12-05,32,18:58,Saturday,EGLINTON AND GABIAN WA,Mechanical,12,24,E,3745
2020-12-05,900,19:02,Saturday,KIPLING STATION,Mechanical,10,20,,8608
2020-12-05,41,19:08,Saturday,KEELE AND ST CLAIR,Road Blocked - NON-TTC Collision,470,478,N,3728
2020-12-05,95,20:18,Saturday,U OF T SCARBOROUOGH CA,Mechanical,14,28,,1403
2020-12-05,86,20:21,Saturday,EGLINTON AND MARKHAM,Security,10,20,W,8950
2020-12-05,163,20:24,Saturday,LAWRENCE WEST STATION,Investigation,13,26,,8353
2020-12-05,600,20:41,Saturday,FINCH STATION,Operations - Operator,0,0,S,3313
2020-12-05,165,21:29,Saturday,BARMAC AND STEELES,Mechanical,10,20,N,3633
2020-12-05,39,22:41,Saturday,FINCH AND DUDLEY,Investigation,139,149,,9009
2020-12-05,133,22:42,Saturday,170 STAINES ROAD,Collision - TTC,13,26,S,8485
2020-12-05,95,01:14,Saturday,ELLESMERE AND NEILSON,Road Blocked - NON-TTC Collision,58,62,W,3559
2020-12-05,133,01:15,Saturday,ELLESMERE AND NEILSON,Road Blocked - NON-TTC Collision,19,49,W,0
2020-12-05,1,01:39,Saturday,401 AND MARTINGROVE (E,Mechanical,0,0,W,7974
2020-12-05,1,01:52,Saturday,SHEPPARD-YONGE STATION,Security,0,0,W,1050
2020-12-05,43,01:59,Saturday,KENNEDY AND HUNTINGWOO,Emergency Services,10,20,N,8656
2020-12-06,300,02:34,Sunday,EGLINTON AND MIDLAND,Security,30,60,E,3170
2020-12-06,320,04:10,Sunday,YONGE AND DUNDAS,Security,15,30,N,8168
2020-12-06,300,04:44,Sunday,EGLINTON AND MIDLAND (,Security,0,0,E,8425
2020-12-06,29,06:55,Sunday,WILSON STATION,Vision,10,20,S,9022
2020-12-06,,07:10,Sunday,DANFORTH GARAGE,Collision - TTC,0,0,,0
2020-12-06,113,07:29,Sunday,MALVERN GARAGE,Mechanical,5,27,,9004
2020-12-06,324,07:44,Sunday,VICTORIA PARK AND DENT,Emergency Services,30,0,S,3107
2020-12-06,108,08:02,Sunday,SIGNET AND STEELES,Mechanical,13,26,N,3204
2020-12-06,29,08:26,Sunday,WILSON STATION,Vision,6,12,S,9032
2020-12-06,75,08:38,Sunday,LOWER SHERBOURNE AND Q,General Delay,20,40,S,8379
2020-12-06,60,09:00,Sunday,PIONEER VILLAGE STATIO,Mechanical,13,26,E,3346
2020-12-06,74,09:20,Sunday,ST. CLAIR STATION,Vision,20,38,N,1275
2020-12-06,34,09:34,Sunday,EGLINTON STATION,Cleaning,9,18,E,8742
2020-12-06,11,09:35,Sunday,DAVISVILLE STATION,Cleaning,20,40,N,8121
2020-12-06,11,09:42,Sunday,SUNNYBROOK HOSPITAL,Cleaning,15,30,N,8363
2020-12-06,,10:18,Sunday,525 BIRCHMOUNT AND NEW,Collision - TTC,0,0,,0
2020-12-06,97,10:52,Sunday,YONGE AND SHEPPARD,Mechanical,30,60,N,8390
2020-12-06,62,10:58,Sunday,MAIN STATION,Security,20,40,,9221
2020-12-06,95,11:02,Sunday,YORK MILLS AND DON MIL,Mechanical,21,42,E,3564
2020-12-06,53,13:45,Sunday,FINCH STATION,Mechanical,6,12,E,3488
2020-12-06,94,14:33,Sunday,WELLESLEY STATION,Mechanical,13,25,W,3747
2020-12-06,24,14:35,Sunday,VICTORIA PARK AND O'CO,Emergency Services,7,14,N,3101
2020-12-06,35,15:07,Sunday,SPENVALLEY AND JANE,General Delay,10,20,E,3350
2020-12-06,16,15:12,Sunday,SCARBOROUGH CENTRE STA,Mechanical,12,24,S,3107
2020-12-06,32,15:38,Sunday,EMMETT AND VERONA,Mechanical,20,40,E,3745
2020-12-06,41,16:10,Sunday,KEELE AND LAWRENCE,Mechanical,10,19,N,3741
2020-12-06,53,17:01,Sunday,STEELES AND MARKHAM,Mechanical,6,12,W,1335
2020-12-06,85,17:38,Sunday,MEADOWVALE LOOP,Mechanical,6,11,W,3483
2020-12-06,53,17:44,Sunday,STEELES AND BAYVIEW,Mechanical,6,12,W,3411
2020-12-06,32,18:05,Sunday,EGLINTON AND SPADINA,Mechanical,10,20,W,3739
2020-12-06,32,18:05,Sunday,EGLINTON AND SPADINA,Mechanical,10,20,W,3739
2020-12-06,37,18:35,Sunday,ISLINGTON STATION,Mechanical,20,35,N,7912
2020-12-06,68,19:04,Sunday,WARDEN STATION,Operations - Operator,34,68,N,8800
2020-12-06,54,19:20,Sunday,EGLINTON STATION,Emergency Services,0,0,,8846
2020-12-06,24,19:41,Sunday,GREENWOOD STATION,Mechanical,15,30,N,8571
2020-12-06,36,20:06,Sunday,FINCH AND MARTIN GROVE,Road Blocked - NON-TTC Collision,14,28,W,3193
2020-12-06,600,21:09,Sunday,SHEPPARD STATION,Operations - Operator,0,0,S,1059
2020-12-06,120,21:22,Sunday,HEATHROW AND JANE,Mechanical,30,60,E,3572
2020-12-06,32,21:29,Sunday,EGLINTON AND KEELE,Mechanical,10,20,W,1267
2020-12-06,96,22:05,Sunday,WILSON AND JANE,Mechanical,19,38,S,3287
2020-12-06,34,22:12,Sunday,KENNEDY STATION,Operations - Operator,11,22,E,8824
2020-12-06,118,22:22,Sunday,ALBION AND THISTLE DOW,Mechanical,30,60,W,3294
2020-12-06,113,22:24,Sunday,DANFORTH AND KENNEDY,Road Blocked - NON-TTC Collision,0,0,S,3138
2020-12-06,23,23:10,Sunday,DAWS AND FERRIS,Cleaning,0,0,N,9216
2020-12-06,85,23:22,Sunday,SHEPPARD STATION,Operations - Operator,15,30,N,3519
2020-12-06,927,23:23,Sunday,STEELES AND MARTIN GRO,Operations - Operator,10,20,,3355
2020-12-06,112,00:05,Sunday,KIPLING STATION,Emergency Services,20,40,N,8610
2020-12-06,,00:20,Sunday,HILLCREST YARD,Mechanical,0,0,,70
2020-12-07,65,05:37,Monday,FRONT AND BERKLEY,Mechanical,18,18,W,8542
2020-12-07,189,05:54,Monday,KEELE AND ANNETTE,Collision - TTC,0,0,S,7920
2020-12-07,47,07:19,Monday,CALEDONIA AND ST CLAIR,Mechanical,3,6,S,3749
2020-12-07,68,07:28,Monday,WARDEN AND CALVERT,Operations - Operator,39,62,N,8895
2020-12-07,116,07:59,Monday,GUILDWOOD PKWY AND FOR,Road Blocked - NON-TTC Collision,8,72,,0
2020-12-07,32,08:56,Monday,EGLINTON AND LOCKSLEY,Collision - TTC,11,22,W,1144
2020-12-07,34,09:11,Monday,EGLINTON AND CREDIT UN,Mechanical,22,28,E,0
2020-12-07,43,09:45,Monday,KENNEDY STATION,Cleaning,3,13,E,8854
2020-12-07,100,09:48,Monday,BERMONDSEY AND OLD EGL,Mechanical,9,15,S,8684
2020-12-07,43,10:05,Monday,KENNEDY STATION,Cleaning,15,30,N,8923
2020-12-07,11,10:07,Monday,BAYVIEW AND CRAIG CRES,Collision - TTC,13,26,S,1217
2020-12-07,43,10:08,Monday,KENNEDY STATION,Cleaning,10,20,N,8880
2020-12-07,39,10:26,Monday,FINCH AND GASPE,Investigation,2,9,W,3439
2020-12-07,53,10:28,Monday,STEELES AND MIDLAND,Mechanical,4,7,E,9078
2020-12-07,43,10:44,Monday,KENNEDY STATION,Cleaning,10,20,N,8761
2020-12-07,42,10:54,Monday,KENNEDY STATION,Cleaning,11,21,E,8885
2020-12-07,43,11:04,Monday,KENNEDY STATION,Cleaning,3,13,E,8892
2020-12-07,24,11:12,Monday,BIRCHMOUNT GARAGE,Collision - TTC,0,0,,8488
2020-12-07,41,11:14,Monday,KEELE AND ST CLAIR,General Delay,52,67,N,0
2020-12-07,86,11:21,Monday,MEADOWVALE AND SHEPPAR,Mechanical,10,20,W,8631
2020-12-07,133,11:48,Monday,SCARBOROUGH CENTRE STA,Cleaning,0,0,S,3487
2020-12-07,32,11:49,Monday,EGLINTON STATION,Mechanical,13,26,W,1118
2020-12-07,80,11:51,Monday,PARKSIDE AND HOWARD PA,Collision - TTC,30,60,S,8443
2020-12-07,72,12:17,Monday,PAPE STATION,Mechanical,19,38,,8585
2020-12-07,97,12:20,Monday,YORK MILLS STATION,Mechanical,30,60,S,1390
2020-12-07,79,12:29,Monday,LAWRENCE AND WESTON,Operations - Operator,24,48,W,1030
2020-12-07,34,12:43,Monday,KENNEDY STATION,Cleaning,12,24,W,8656
2020-12-07,32,13:13,Monday,EGLINTON AND KEELE,Collision - TTC,18,29,E,1012
2020-12-07,95,13:24,Monday,ELLESMERE STATION,Cleaning,20,40,W,3418
2020-12-07,7,13:34,Monday,GREEWIN VILLAGE AND BA,Mechanical,8,16,W,1381
2020-12-07,39,13:35,Monday,FINCH AND BIRCHMOUNT,Emergency Services,2,7,E,1392
2020-12-07,39,13:37,Monday,NEILSON AND CROW TRAIL,Cleaning,16,32,W,9065
2020-12-07,94,13:41,Monday,CASTLE FRANK STATION,Security,8,15,,1138
2020-12-07,17,13:43,Monday,WARDEN STATION,Mechanical,13,26,N,3113
2020-12-07,34,13:54,Monday,EGINTON STATION,Cleaning,12,24,W,8671
2020-12-07,86,14:03,Monday,BRIMLEY AND EGLINTON,Security,10,20,W,8638
2020-12-07,11,14:07,Monday,BAYVIEW AND YORK MILLS,Cleaning,13,26,N,8374
2020-12-07,6,14:07,Monday,DAVENPORT AND DUPONT,Mechanical,17,34,S,3742
2020-12-07,11,14:11,Monday,DAVISVILLE STATION,Cleaning,13,26,N,8378
2020-12-07,43,14:15,Monday,KENNEDY STATION,Cleaning,15,30,S,8945
2020-12-07,11,14:16,Monday,DAVISVILLE STATION,Cleaning,13,26,N,8378
2020-12-07,59,14:25,Monday,OAK AND WESTON,Cleaning,40,80,W,3309
2020-12-07,43,14:33,Monday,KENNEDY STATION,Cleaning,3,7,N,8635
2020-12-07,929,14:43,Monday,DUFFERIN AND SHANLY,Security,10,20,N,1097
2020-12-07,70,14:48,Monday,CRAIGHTON AND PHARMACY,Cleaning,18,36,E,8780
2020-12-07,32,14:48,Monday,EGLINTON AND KEELE,Mechanical,13,26,W,3745
2020-12-07,11,14:51,Monday,DAVISVILLE STATION,Cleaning,17,34,S,8373
2020-12-07,39,15:13,Monday,FINCH AND MCCOWAN,Cleaning,7,9,E,3441
2020-12-07,108,15:21,Monday,DRIFTWOOD AND FINCH,Road Blocked - NON-TTC Collision,57,74,S,0
2020-12-07,60,15:24,Monday,STEELES AND SIGNET HIL,Operations - Operator,9,18,E,3227
2020-12-07,163,15:24,Monday,OSSINGTON STATION,Security,0,0,,8312
2020-12-07,7,15:24,Monday,BATHURST AND BAYCREST,Security,7,14,S,1243
2020-12-07,43,15:32,Monday,KENNEDY STATION,Emergency Services,0,0,,0
2020-12-07,70,15:49,Monday,WARDEN STATION,Cleaning,17,34,E,8658
2020-12-07,90,16:07,Monday,VAUGHAN AND WINONA,Road Blocked - NON-TTC Collision,313,321,S,1215
2020-12-07,38,16:11,Monday,SCARBOROUGH CENTRE STA,Mechanical,10,20,E,3552
2020-12-07,29,16:21,Monday,EXHIBITION LOOP,Cleaning,9,18,S,9144
2020-12-07,161,16:26,Monday,JANE AND ALLIANCE,Operations - Operator,23,46,N,0
2020-12-07,11,16:28,Monday,SUNNYBROOK HOSPITAL,Cleaning,17,34,N,1334
2020-12-07,35,16:28,Monday,JANE AND STEELES,Road Blocked - NON-TTC Collision,0,0,W,3715
2020-12-07,29,16:34,Monday,WILSON STATION,Cleaning,7,14,N,9039
2020-12-07,11,16:45,Monday,SUNNYBROOK HOSPITAL,Cleaning,17,34,N,8355
2020-12-07,7,16:46,Monday,BATHURST AND JOICEY,Security,7,14,N,1243
2020-12-07,935,17:02,Monday,JANE AND FRITH,Mechanical,5,10,S,3251
2020-12-07,100,17:20,Monday,WYNFORD AND DON MILLS,Operations - Operator,0,3,E,8792
2020-12-07,929,17:22,Monday,WILSON STATION,Mechanical,10,20,S,1005
2020-12-07,96,17:54,Monday,WILSON AND JANE,Operations - Operator,20,40,E,0
2020-12-07,127,17:54,Monday,TOWNSLEY LOOP,Operations - Operator,23,45,E,0
2020-12-07,96,18:01,Monday,WILSON AND JANE,Operations - Operator,20,40,W,0
2020-12-07,25,18:02,Monday,DON MILLS STATION,Cleaning,6,12,S,8936
2020-12-07,102,18:14,Monday,MARKHAM ROAD AND RAMON,Road Blocked - NON-TTC Collision,40,68,S,0
2020-12-07,941,18:15,Monday,KEELE AND LAWRENCE,Mechanical,14,28,S,1084
2020-12-07,68,18:41,Monday,WARDEN STATION,Mechanical,9,26,,8744
2020-12-07,95,18:53,Monday,ELLESMERE AND ORTON PA,Mechanical,5,10,E,3449
2020-12-07,48,19:18,Monday,ROYAL YORK AND ASHLEY,Collision - TTC,17,34,N,8428
2020-12-07,100,19:32,Monday,DON MILLS AND WYNFORD,Cleaning,9,18,E,8874
2020-12-07,91,19:53,Monday,SLOANE AND SWEENEY,Emergency Services,22,44,N,3756
2020-12-07,72,20:02,Monday,EASTERN AND CARLAW,General Delay,36,18,N,3123
2020-12-07,935,20:04,Monday,SHEPPARD AND JANE,Mechanical,9,18,S,3203
2020-12-07,127,20:08,Monday,DAVENPORT AND LANSDOWN,Mechanical,30,60,E,1119
2020-12-07,131,20:19,Monday,MCLEVIN AND FAWCETT,Road Blocked - NON-TTC Collision,31,43,E,3547
2020-12-07,72,20:53,Monday,PAPE STATION,Mechanical,18,36,S,8962
2020-12-07,102,21:28,Monday,MARKHAM AND STEELES,Emergency Services,20,40,S,8956
2020-12-07,163,22:12,Monday,OSSINGTON STATION,Cleaning,15,31,N,8312
2020-12-07,95,22:17,Monday,KINGSTON AND ELLESMERE,Emergency Services,12,40,,3435
2020-12-07,74,23:15,Monday,DONCLIFFE LOOP,Mechanical,21,42,N,8125
2020-12-07,24,23:44,Monday,EGLINTON AND LESLIE,Operations - Operator,22,44,W,8811
2020-12-07,88,01:02,Monday,THORNCLIFFE AND OVERLE,Mechanical,40,55,N,8197
2020-12-08,48,06:14,Tuesday,RATHURN AND MARTIN GRO,Mechanical,15,30,E,7977
2020-12-08,25,06:18,Tuesday,DANFORTH AND FENWICK,Collision - TTC,0,0,E,8798
2020-12-08,97,06:52,Tuesday,YONGE AND ROEHAMPTON,Collision - TTC,30,60,S,8355
2020-12-08,89,07:02,Tuesday,KEELE ST AND ST CLAIR,Emergency Services,6,9,N,1016
2020-12-08,41,07:25,Tuesday,MOUNT DENNIS GARAGE,Mechanical,15,30,N,1028
2020-12-08,45,07:42,Tuesday,KIPLING STATION,Mechanical,26,52,,8064
2020-12-08,135,07:48,Tuesday,WARDEN STATION,Collision - TTC,22,44,,8581
2020-12-08,108,08:22,Tuesday,SHEPPARD AND YUKON,Operations - Operator,7,14,E,3238
2020-12-08,97,08:36,Tuesday,DAVISVILLE STATION,Operations - Operator,30,60,N,8324
2020-12-08,84,08:50,Tuesday,SHEPPARD AND JANE,Collision - TTC,6,11,W,3274
2020-12-08,39,08:53,Tuesday,FINCH AND WILFRED AVE,Collision - TTC,4,5,E,3542
2020-12-08,53,09:10,Tuesday,STEELES AND KELVIN GRO,Road Blocked - NON-TTC Collision,205,212,E,9001
2020-12-08,26,09:12,Tuesday,DUPONT STATION,Operations - Operator,24,48,,1019
2020-12-08,133,09:40,Tuesday,SCARBOROUGH TOWN CENTR,Cleaning,11,22,,3501
2020-12-08,79,09:42,Tuesday,SCARLETT AND FOXWELL,Cleaning,24,48,N,1105
2020-12-08,59,10:02,Tuesday,OAK AND WESTON,Cleaning,45,90,N,3603
2020-12-08,59,10:02,Tuesday,WESTON AND OAK,Cleaning,45,90,N,3603
2020-12-08,95,10:14,Tuesday,ELLESMERE AND KENNEDY,Cleaning,20,40,E,1559
2020-12-08,75,10:18,Tuesday,SHERBOURNE AND ADLELAI,Emergency Services,8,15,S,8158
2020-12-08,94,10:22,Tuesday,HARBORD AND SPADINA,General Delay,51,56,E,0
2020-12-08,14,10:25,Tuesday,BATHURST AND ST CLEMEN,Operations - Operator,20,40,N,1263
2020-12-08,134,10:31,Tuesday,MCCOWAN AND BUSHBY,Cleaning,13,26,N,3503
2020-12-08,133,10:32,Tuesday,SCARBOROUGH CENTRE STA,Cleaning,11,22,N,3447
2020-12-08,133,10:34,Tuesday,MORNINGSIDE AND FINCH,Cleaning,11,22,E,3469
2020-12-08,134,10:56,Tuesday,BUSHBY AND MCCOWAN,Cleaning,13,26,W,1398
2020-12-08,133,10:56,Tuesday,SCARBOROUGH CENTRE STA,Cleaning,13,26,W,3453
2020-12-08,40,11:06,Tuesday,KIPLING STATION,Mechanical,15,30,,8041
2020-12-08,62,11:10,Tuesday,MAIN STREET STATION,Cleaning,22,44,W,8585
2020-12-08,24,11:14,Tuesday,VICTORIA PARK STATION,Mechanical,14,24,,9204
2020-12-08,43,11:14,Tuesday,STEELS AND KENNEDY,Investigation,8,14,,8865
2020-12-08,1,11:24,Tuesday,FINCH STATION,Investigation,0,0,,9042
2020-12-08,43,11:40,Tuesday,MIDLAND AND STEELES,Operations - Operator,10,21,S,8813
2020-12-08,67,12:09,Tuesday,PHARMACY AND DENTON,Collision - TTC,15,30,S,8628
2020-12-08,116,12:15,Tuesday,EGLINTON AND MIDLAND,Mechanical,11,22,E,8854
2020-12-08,11,12:19,Tuesday,DAVISVILLE STATION,Cleaning,13,26,N,8368
2020-12-08,35,12:28,Tuesday,JANE AND FINCH,Security,7,14,S,3607
2020-12-08,123,12:34,Tuesday,KIPLING STATION,Operations - Operator,21,42,S,7944
2020-12-08,34,12:43,Tuesday,KENNEDY STATION,Cleaning,12,24,W,8620
2020-12-08,6,12:46,Tuesday,QUEEN'S QUAY AND DOCKS,General Delay,17,34,S,1361
2020-12-08,135,12:50,Tuesday,GERRARD AND CLONMORE D,Mechanical,20,40,E,8539
2020-12-08,29,12:52,Tuesday,WILSON STATION,Cleaning,8,16,S,9140
2020-12-08,59,12:55,Tuesday,OAK AND WESTON,Cleaning,45,90,E,3265
2020-12-08,62,12:59,Tuesday,MAIN STREET STATION,Cleaning,22,44,E,8533
2020-12-08,41,13:00,Tuesday,KEELE STATION,Cleaning,12,24,N,9030
2020-12-08,53,13:10,Tuesday,YONGE AND MADAWASKA,Mechanical,7,14,W,9009
2020-12-08,29,13:10,Tuesday,WILSON STATION,Cleaning,7,14,S,9039
2020-12-08,95,13:24,Tuesday,ELLESMERE STATION,Cleaning,20,40,E,3471
2020-12-08,32,13:29,Tuesday,EGLINTON STATION,Mechanical,11,22,W,1077
2020-12-08,53,13:37,Tuesday,TAPSCOTT AND SELECT,Cleaning,10,20,E,9075
2020-12-08,39,13:37,Tuesday,FINCH AND NEILSON,Cleaning,16,32,W,9082
2020-12-08,38,13:41,Tuesday,SCARBOROUGH CENTRE STA,Cleaning,12,24,E,3492
2020-12-08,35,13:51,Tuesday,JANE STATOIN,Mechanical,2,12,N,3321
2020-12-08,34,13:55,Tuesday,KENNEDY STATION,Cleaning,12,24,W,8787
2020-12-08,11,13:57,Tuesday,SUNNYBROOK HOSPITAL,Cleaning,12,24,S,8170
2020-12-08,118,13:58,Tuesday,WILSON AND JANE,Operations - Operator,30,60,E,3585
2020-12-08,70,14:09,Tuesday,WARDEN STATION,Cleaning,18,36,W,8888
2020-12-08,51,14:20,Tuesday,EGLINTON STATION,Operations - Operator,28,55,N,8318
2020-12-08,29,14:30,Tuesday,WILSON STATION,Cleaning,7,14,S,9029
2020-12-08,34,14:30,Tuesday,EGLINTON STATION,Cleaning,12,24,W,8879
2020-12-08,34,14:30,Tuesday,EGLINTON STATION,Cleaning,12,24,E,8879
2020-12-08,41,14:34,Tuesday,KEELE STATION,Cleaning,12,24,N,9053
2020-12-08,84,14:36,Tuesday,SHEPPARD AND ARROW,Road Blocked - NON-TTC Collision,24,33,W,3278
2020-12-08,7,14:52,Tuesday,CARPENTER AND STEELES,Investigation,8,16,N,8115
2020-12-08,34,14:56,Tuesday,EGLINTON STATION,Cleaning,12,24,E,8927
2020-12-08,59,14:58,Tuesday,LAWRENCE WEST STATION,General Delay,30,60,W,3356
2020-12-08,6,15:01,Tuesday,DAVENPORT AND DUPONT,Mechanical,10,20,S,3745
2020-12-08,39,15:08,Tuesday,FINCH AND MIDLAND,Emergency Services,4,8,E,1674
2020-12-08,29,15:10,Tuesday,WILSON STATION,Cleaning,7,14,S,9144
2020-12-08,70,15:24,Tuesday,COXWELL STATION,Cleaning,17,34,N,8707
2020-12-08,90,15:42,Tuesday,OAKWOOD AND VAUGHAN,Mechanical,6,12,S,1304
2020-12-08,29,15:47,Tuesday,CANADA BLVD AND PRINCE,Cleaning,7,14,S,9148
2020-12-08,954,15:48,Tuesday,LAWRENCE AND BATHGATE,Mechanical,9,18,W,8826
2020-12-08,52,16:01,Tuesday,PEARSON AIRPORT TERMIN,Mechanical,16,24,E,1371
2020-12-08,11,16:24,Tuesday,DAVISVILLE STATION,Cleaning,17,34,N,8352
2020-12-08,161,16:26,Tuesday,JANE AND ALLIANCE,Operations - Operator,23,46,N,0
2020-12-08,56,16:36,Tuesday,DONLANDS AND MEMORIAL,Security,17,34,N,1248
2020-12-08,70,16:44,Tuesday,WARDEN STATION,Cleaning,17,34,W,8653
2020-12-08,60,16:50,Tuesday,PIONEER VILLAGE STATIO,Collision - TTC,9,18,,3592
2020-12-08,,16:54,Tuesday,DUNCAN SHOP BRAKE SECT,Operations - Operator,0,0,,0
2020-12-08,7,17:27,Tuesday,BATHURST AND BRENTHALL,Investigation,8,16,N,8160
2020-12-08,23,17:37,Tuesday,DANFORTH AND MAIN,Security,10,20,E,8496
2020-12-08,35,17:38,Tuesday,PIONEER VILLAGE STATIO,Collision - TTC,0,0,,8055
2020-12-08,97,17:45,Tuesday,YONGE AND ROEHAMPTON,Investigation,165,180,S,1399
2020-12-08,96,17:50,Tuesday,WILSON AND CLAYSON,Operations - Operator,20,40,,0
2020-12-08,16,18:03,Tuesday,MCCOWAN AND N OF LAWRE,Road Blocked - NON-TTC Collision,210,220,N,3130
2020-12-08,79,18:21,Tuesday,SCARLETT AND ST CLAIR,Mechanical,7,15,S,1105
2020-12-08,29,18:38,Tuesday,DUFFERIN AND DUNDAS,Mechanical,8,16,S,9140
2020-12-08,100,18:50,Tuesday,BROADVIEW STATION,Vision,2,4,N,3757
2020-12-08,35,19:16,Tuesday,PIONEER VILLAGE STATIO,Mechanical,9,18,,3307
2020-12-08,50,19:31,Tuesday,DUNDAS AND CORDOVA,Road Blocked - NON-TTC Collision,163,180,N,8024
2020-12-08,927,20:00,Tuesday,HIGHWAY 427 AND BURNHA,General Delay,0,0,,3351
2020-12-08,54,20:00,Tuesday,LAWRENCE AND MCCOWAN,Investigation,13,25,W,8938
2020-12-08,929,20:02,Tuesday,DUFFERIN AND DUNDAS,Collision - TTC,7,10,N,1037
2020-12-08,72,20:48,Tuesday,PAPE STATION,Mechanical,9,18,,8516
2020-12-08,21,21:09,Tuesday,KENNEDY STATION,Mechanical,13,26,N,1306
2020-12-08,102,21:39,Tuesday,MARKHAM AND FINCH,Security,30,60,N,3129
2020-12-08,52,22:24,Tuesday,LAWRENCE STATION,Operations - Operator,20,40,,1347
2020-12-08,79,23:19,Tuesday,SCARLETT AND LAWRENCE,Mechanical,15,30,S,1521
2020-12-08,999,23:40,Tuesday,FINCH STATION,Security,0,0,,0
2020-12-08,121,23:54,Tuesday,BREMNER AND SPADINA,Emergency Services,30,60,E,3134
2020-12-08,72,00:19,Tuesday,EASTERN AND CARLAW,General Delay,98,116,N,8527
2020-12-08,107,01:52,Tuesday,PIONEER VILLAGE STATIO,Emergency Services,0,0,,3587
2020-12-08,60,01:55,Tuesday,FINCH STATION,Mechanical,26,52,N,3574
2020-12-09,69,02:03,Wednesday,WARDEN AND DANFORTH RD,Security,0,0,N,8565
2020-12-09,339,03:28,Wednesday,FINCH AND DON MILLS,General Delay,30,60,E,3619
2020-12-09,89,04:36,Wednesday,WESTON AND DENNIS,Collision - TTC,0,0,N,9034
2020-12-09,,04:57,Wednesday,KENNEDY STATION,Security,0,0,,8942
2020-12-09,109,05:42,Wednesday,FLEMINGTON AND RANEE,General Delay,26,52,S,1257
2020-12-09,6,05:49,Wednesday,DUFFERIN AND DAVENPORT,Collision - TTC,12,32,E,3744
2020-12-09,300,05:59,Wednesday,WARDEN AND DANFORTH,Collision - TTC,3,6,S,9144
2020-12-09,134,05:59,Wednesday,FINCHDENE SQUARE AND T,Collision - TTC,15,30,,1398
2020-12-09,927,06:01,Wednesday,MARTINGROVE LOOP,Mechanical,10,20,S,3365
2020-12-09,34,06:14,Wednesday,EGLINTON AND DON MILLS,General Delay,21,28,W,8721
2020-12-09,39,06:19,Wednesday,FINCH AND MIDDLEFIELD,Collision - TTC,15,30,W,3458
2020-12-09,6,06:32,Wednesday,SHERBOURNE AND QUEENS,Collision - TTC,10,20,N,1555
2020-12-09,45,06:50,Wednesday,DISCO AND ATWELL,Operations - Operator,26,52,S,7954
2020-12-09,45,06:50,Wednesday,KIPLING AND RATHBURN,Operations - Operator,26,52,N,7954
2020-12-09,96,07:02,Wednesday,HUMBER COLLEGE AND HUM,Mechanical,27,27,E,3260
2020-12-09,105,07:10,Wednesday,SHEPPARD WEST STATION,Operations - Operator,22,44,S,8122
2020-12-09,129,07:11,Wednesday,MCCOWAN AND STEELES,Mechanical,7,14,N,1312
2020-12-09,134,07:23,Wednesday,TAPSCOTT AND NEWGALE G,Collision - TTC,15,30,N,1398
2020-12-09,39,07:34,Wednesday,FINCH AND ALAMOSA DR,Collision - TTC,6,9,E,3541
2020-12-09,91,07:54,Wednesday,UNDERHILL AND CASSANDR,Mechanical,24,0,N,8730
2020-12-09,130,08:04,Wednesday,SCARBOROUGH TOWN CENTR,Investigation,0,0,,3522
2020-12-09,7,08:08,Wednesday,WILSON STATION,Operations - Operator,26,52,,8331
2020-12-09,88,08:12,Wednesday,WELLAND AND HEATH,General Delay,14,28,N,8346
2020-12-09,39,08:17,Wednesday,FINCH AND NEILSON,General Delay,15,30,W,9081
2020-12-09,11,08:28,Wednesday,STEELES LOOP,General Delay,0,18,,0
2020-12-09,33,09:00,Wednesday,MAYFAIR AVE AND EGLINT,General Delay,35,0,N,8142
2020-12-09,50,09:11,Wednesday,EGLINTON STATION,Operations - Operator,30,60,S,1275
2020-12-09,109,09:12,Wednesday,HOTSPUR AND BATHURST,General Delay,30,60,W,1221
2020-12-09,59,09:27,Wednesday,OAK AND WESTON,Cleaning,45,90,W,3186
2020-12-09,39,09:30,Wednesday,KENNETH AND PEMBERTON,Collision - TTC,5,12,S,3426
2020-12-09,45,09:37,Wednesday,KIPLING STATION,Cleaning,33,57,N,8605
2020-12-09,95,09:40,Wednesday,ELLESMERE AND KENNEDY,Cleaning,20,40,E,3463
2020-12-09,57,09:42,Wednesday,MIDLAND AND BROADBENT,Mechanical,10,20,N,8916
2020-12-09,96,09:49,Wednesday,JOHN GARLAND AND KIPLI,Mechanical,24,48,N,3261
2020-12-09,43,09:53,Wednesday,KENNEDY STATION,Cleaning,10,20,,8745
2020-12-09,11,10:23,Wednesday,BAYVIEW AND NEWTON,Mechanical,13,26,S,1314
2020-12-09,133,10:25,Wednesday,ELLESMERE AND PARKINGT,Cleaning,11,22,W,3439
2020-12-09,133,10:29,Wednesday,NEILSON AND SEWELLS,Cleaning,11,22,N,3473
2020-12-09,32,10:46,Wednesday,EGLINTON AND NAIRN,General Delay,290,297,E,0
2020-12-09,122,10:52,Wednesday,YORK MILLS STATION,Cleaning,17,34,E,8376
2020-12-09,,10:53,Wednesday,ARROW GARAGE,Investigation,0,0,,3706
2020-12-09,167,10:53,Wednesday,SHEPPARD AND CONSUMERS,Investigation,30,60,W,3155
2020-12-09,123,10:56,Wednesday,DUNDAS AND WILMAR,Operations - Operator,21,42,W,7927
2020-12-09,11,11:00,Wednesday,SUNNYBROOK HOSPITAL,Emergency Services,13,26,,8316
2020-12-09,59,11:02,Wednesday,WESTON AND OAK,Cleaning,45,90,W,3360
2020-12-09,43,11:20,Wednesday,KENNEDY STATION,Cleaning,15,30,W,8917
2020-12-09,34,11:23,Wednesday,EGLINTON AND DON MILLS,General Delay,0,12,W,8901
2020-12-09,29,11:25,Wednesday,SPRINGHURST LOOP,Collision - TTC,8,16,,9038
2020-12-09,41,11:29,Wednesday,KEELE AND TORO,Mechanical,12,24,S,9035
2020-12-09,36,11:34,Wednesday,FINCH AND NORFINCH,General Delay,25,50,W,0
2020-12-09,70,11:39,Wednesday,COXWELL AND MORTIMER,Investigation,18,36,N,8621
2020-12-09,59,11:44,Wednesday,ELLESMERE STATION,Cleaning,20,40,S,1318
2020-12-09,133,11:45,Wednesday,SCARBOROUGH TOWN CENTR,Cleaning,11,22,S,3534
2020-12-09,112,11:49,Wednesday,KIPLING STATION,Operations - Operator,24,48,N,8427
2020-12-09,133,12:07,Wednesday,SCARBOROUGH TOWN CENTR,Cleaning,11,22,S,3416
2020-12-09,39,12:14,Wednesday,NEILSON AND FINCH,Mechanical,7,8,E,3472
2020-12-09,122,12:20,Wednesday,YORK MILLS STATION,Cleaning,17,37,W,8127
2020-12-09,32,12:28,Wednesday,EGLINTON AND CASTLE KN,Mechanical,11,22,W,1135
2020-12-09,112,12:33,Wednesday,KIPLING STATION,Operations - Operator,24,48,S,7944
2020-12-09,122,12:52,Wednesday,YORK MILLS AT BANBURY,Mechanical,17,34,W,8173
2020-12-09,43,13:14,Wednesday,KENNEDY STATION,Cleaning,10,20,E,8923
2020-12-09,62,13:20,Wednesday,MAIN STREET STATION,Cleaning,22,44,W,9221
2020-12-09,89,13:20,Wednesday,KEELE STATION,Mechanical,14,25,N,9056
2020-12-09,169,13:26,Wednesday,DON MILLS STATION,Mechanical,30,60,E,8114
2020-12-09,59,13:40,Wednesday,OAK AND WESTON,Cleaning,45,90,W,3214
2020-12-09,57,13:48,Wednesday,KENNEDY STATION,Cleaning,14,28,N,8741
2020-12-09,25,14:01,Wednesday,DON MILLS AND FINCH,Security,9,18,N,8941
2020-12-09,39,14:02,Wednesday,NEILSON AND CROW TRAIL,Cleaning,16,32,W,9074
2020-12-09,51,14:05,Wednesday,EGLINTON STATION,Operations - Operator,28,55,N,8366
2020-12-09,29,14:18,Wednesday,MT DENNIS GARAGE,Mechanical,7,14,S,9042
2020-12-09,69,14:31,Wednesday,BIRCHMOUNT AND DANFORT,Cleaning,11,22,S,8576
2020-12-09,54,14:33,Wednesday,LAWRENCE AND GALLOWAY,Emergency Services,13,25,W,8705
2020-12-09,21,14:38,Wednesday,BRIMLEY AND LAWRENCE,Emergency Services,26,42,S,3443
2020-12-09,95,14:50,Wednesday,ELLESMERE AND WARDEN,Investigation,10,20,S,3525
2020-12-09,39,15:14,Wednesday,FINCH AND MCCOWAN,Cleaning,4,8,E,9008
2020-12-09,34,15:19,Wednesday,EGLINTON STATION,Investigation,1,2,,8721
2020-12-09,927,15:25,Wednesday,ROYAL CREST AND HIGHWA,Collision - TTC,9,18,E,3264
2020-12-09,39,15:47,Wednesday,FINCH AND SANDHURST,Emergency Services,12,28,E,9081
2020-12-09,44,16:14,Wednesday,WEST SERVICE ROAD AND,Mechanical,5,10,S,8090
2020-12-09,53,16:15,Wednesday,YONGE AND BISHOP,Collision - TTC,6,12,S,9010
2020-12-09,108,16:42,Wednesday,SHEPPARD WEST STATION,Mechanical,17,34,W,3271
2020-12-09,96,17:12,Wednesday,HWY 27 AND ALBION,Operations - Operator,20,40,,0
2020-12-09,126,17:25,Wednesday,CHRISTIE AND BLOOR,Investigation,30,60,,0
2020-12-09,,17:32,Wednesday,LESLIE BARNS,Emergency Services,0,0,,0
2020-12-09,96,17:36,Wednesday,JANE AND WILSON,Operations - Operator,20,40,,0
2020-12-09,935,17:42,Wednesday,JANE AND FRITH,Mechanical,9,18,S,3287
2020-12-09,96,18:01,Wednesday,JANE AND WILSON,Operations - Operator,20,40,W,0
2020-12-09,52,18:06,Wednesday,LAWRENCE WEST STATION,Operations - Operator,22,44,W,0
2020-12-09,6,18:16,Wednesday,DAVENPORT AND DUPONT,Mechanical,10,20,S,3747
2020-12-09,52,18:22,Wednesday,LAWRENCE WEST STATION,Mechanical,15,31,E,1373
2020-12-09,116,18:43,Wednesday,WILSON STATION,Operations - Operator,24,48,S,8206
2020-12-09,96,18:47,Wednesday,WILSON AND CHAMPLAIN,Investigation,30,50,,0
2020-12-09,165,18:50,Wednesday,WILSON AND CHAMPLAIN,Investigation,30,38,,0
2020-12-09,160,19:00,Wednesday,BATHURST AND YORK DOWN,Investigation,24,48,N,8305
2020-12-09,102,19:35,Wednesday,WARDEN STATION,Mechanical,20,40,N,8524
2020-12-09,35,19:51,Wednesday,JANE STATION,Collision - TTC,9,18,N,3262
2020-12-09,106,20:32,Wednesday,SENTINEL AND SHEPPARD,Security,20,40,N,8343
2020-12-09,914,20:38,Wednesday,CASTLE FRANK STATION,Operations - Operator,12,24,W,1133
2020-12-09,132,21:15,Wednesday,SEWELLS AND HUPFIELD T,Security,23,46,W,3557
2020-12-09,35,21:48,Wednesday,JANE STATION,Cleaning,10,20,,3257
2020-12-09,51,22:04,Wednesday,EGLINTON AVE E AT MT P,Operations - Operator,26,52,S,3484
2020-12-09,74,22:07,Wednesday,ST CLAIR WEST STATION,Utilized Off Route,20,40,W,8307
2020-12-09,94,22:09,Wednesday,WELLESLEY AND CHURCH,Mechanical,15,30,W,3748
2020-12-10,91,05:40,Thursday,CASSANDRA AND UNDERHIL,Operations - Operator,24,48,W,8626
2020-12-10,91,05:40,Thursday,CASSANDRA AND UNDERHIL,Operations - Operator,24,48,W,8626
2020-12-10,38,05:59,Thursday,EGLINTON AND RENFORTH,Emergency Services,9,18,S,3738
2020-12-10,36,06:04,Thursday,ARROW AND DEERHIDE,Mechanical,10,20,N,9108
2020-12-10,34,06:08,Thursday,EGLINTON AND DON MILLS,General Delay,34,42,W,0
2020-12-10,47,06:11,Thursday,LANSDOWNE AND QUEEN,Emergency Services,6,12,S,3748
2020-12-10,123,06:48,Thursday,KIPLING STATION,Operations - Operator,21,42,E,8035
2020-12-10,75,07:05,Thursday,BLOOR AND TED ROGERS,Collision - TTC,8,15,E,8119
2020-12-10,36,07:17,Thursday,FINCH AND KEELE,Mechanical,5,10,S,3709
2020-12-10,53,07:22,Thursday,MARKHAM AND MCNICOLL,Operations - Operator,30,60,N,9057
2020-12-10,86,07:31,Thursday,EGLINTON AND DANFORTH,Operations - Operator,20,37,E,8708
2020-12-10,108,07:34,Thursday,DRIFTWOOD AND FINCH,General Delay,27,35,S,0
2020-12-10,32,08:01,Thursday,EGLINTON STATION,Security,0,0,E,1595
2020-12-10,11,08:46,Thursday,DSAVISVILLE STATION,Cleaning,13,26,S,8300
2020-12-10,109,08:56,Thursday,LAWRENCE WEST,Mechanical,30,60,,1342
2020-12-10,36,08:57,Thursday,FINCH AND OAKDALE,General Delay,30,60,N,3367
2020-12-10,900,08:59,Thursday,TERMINAL 1 DEPARTURES,Collision - TTC,12,24,,8458
2020-12-10,34,09:03,Thursday,KENNEDY STATION,Cleaning,12,23,E,8621
2020-12-10,47,09:18,Thursday,EARLSCOURT LOOP,Cleaning,0,0,E,1009
2020-12-10,29,09:20,Thursday,WILSON STATION,Cleaning,7,15,S,1036
2020-12-10,1,09:23,Thursday,YONGE AND FINCH,Mechanical,0,0,S,9144
2020-12-10,133,09:26,Thursday,SHEPPARD AND MARKHAM,Cleaning,11,22,E,3477
2020-12-10,122,09:30,Thursday,YORK MILLS STATION,Cleaning,17,34,N,8210
2020-12-10,79,09:33,Thursday,PINE AND WRIGHT,Cleaning,9,18,S,1000
2020-12-10,60,09:33,Thursday,PIONEER VILLAGE STATIO,Cleaning,9,19,E,3323
2020-12-10,133,09:40,Thursday,NEILSON AND SHEPPARD,Cleaning,11,22,E,3402
2020-12-10,79,09:42,Thursday,PINE AND WRIGHT,Cleaning,9,18,S,1000
2020-12-10,59,09:43,Thursday,OAK AND WESTON,Cleaning,45,90,W,3219
2020-12-10,43,09:44,Thursday,KENNEDY STATION,Cleaning,3,13,,8867
2020-12-10,7,09:47,Thursday,GREENWIN VILLAGE AND B,Cleaning,8,17,S,8359
2020-12-10,78,10:00,Thursday,YORK MILLS STATION,Cleaning,30,60,E,8168
2020-12-10,95,10:04,Thursday,MARKHAM AND ELLESMERE,Cleaning,20,40,E,1326
2020-12-10,95,10:12,Thursday,MARKHAM AND ELLESMERE,Cleaning,20,40,W,3455
2020-12-10,47,10:15,Thursday,EARLSCOURT LOOP,Cleaning,8,16,S,1359
2020-12-10,133,10:16,Thursday,NEILSON AND FINCH,Cleaning,11,22,E,3407
2020-12-10,63,10:18,Thursday,OAKWOOD AND ST CLAIR,Cleaning,6,12,N,8114
2020-12-10,165,10:18,Thursday,OLD WESTON AND STEELES,Cleaning,12,24,W,3316
2020-12-10,63,10:18,Thursday,OAKWOOD AND ST CLAIR,Cleaning,6,12,N,8114
2020-12-10,5,10:20,Thursday,QUEENS PARK CIRCLE,General Delay,109,129,,0
2020-12-10,43,10:21,Thursday,KENNEDY STATION,Cleaning,15,30,W,8883
2020-12-10,32,10:29,Thursday,EGLINTON AND KEELE,Operations - Operator,13,26,W,1095
2020-12-10,43,10:35,Thursday,KENNEDY STATION,Cleaning,15,30,S,8674
2020-12-10,929,10:36,Thursday,WILSON STATION,Cleaning,10,20,N,1421
2020-12-10,996,10:38,Thursday,WILSON AND KEELE,Cleaning,12,24,W,3642
2020-12-10,133,10:39,Thursday,NEILSON AND SHEPPARD,Cleaning,11,22,N,3494
2020-12-10,163,10:41,Thursday,LAWRENCE WEST STATION,Cleaning,12,24,N,8218
2020-12-10,43,10:45,Thursday,KENNEDY STATION,Cleaning,10,20,S,8837
2020-12-10,165,10:50,Thursday,YORK MILLS AND YONGE,Cleaning,12,24,E,3326
2020-12-10,165,10:50,Thursday,YORK MILLS STATION,Cleaning,12,24,E,3326
2020-12-10,60,10:54,Thursday,PIONEER VILLAGE STATIO,Cleaning,0,0,E,3650
2020-12-10,43,10:58,Thursday,KENNEDY STATION,Cleaning,10,20,S,8729
2020-12-10,133,11:02,Thursday,NEILSON AND SHEPPARD,Cleaning,11,22,N,3539
2020-12-10,7,11:05,Thursday,GREENWIN VILLAGE AND B,Cleaning,8,19,S,8175
2020-12-10,43,11:09,Thursday,KENNEDY STATION,Cleaning,10,20,E,8863
2020-12-10,109,11:12,Thursday,LAWRENCE WEST STATION,Cleaning,30,60,E,1276
2020-12-10,996,11:13,Thursday,WILSON STATION,Investigation,12,24,,3193
2020-12-10,34,11:13,Thursday,EGLINTON AND DON MILLS,General Delay,145,157,W,8715
2020-12-10,108,11:15,Thursday,SHEPPARD WEST STATION,Cleaning,8,16,E,3571
2020-12-10,57,11:20,Thursday,KENNEDY STATION,Cleaning,18,16,E,8748
2020-12-10,59,11:26,Thursday,OAK AND WESTON,Cleaning,45,90,S,3617
2020-12-10,133,11:28,Thursday,NEILSON AND SHEPPARD,Cleaning,11,22,N,3494
2020-12-10,79,11:35,Thursday,PINE AND WRIGHT,Cleaning,24,48,N,1048
2020-12-10,71,11:41,Thursday,MOUNT DENNIS GARAGE,Mechanical,14,27,S,1149
2020-12-10,32,11:43,Thursday,RENFORTH STATION,Cleaning,11,22,E,1103
2020-12-10,133,11:50,Thursday,SHEPPARD AND SCUNTHORP,Cleaning,11,22,S,3537
2020-12-10,43,11:50,Thursday,KENNEDY STATION,Cleaning,15,30,,8635
2020-12-10,92,11:54,Thursday,WOODBINE AND CASSELS,Collision - TTC,12,24,S,8539
2020-12-10,996,12:03,Thursday,WILSON AND JANE,Operations - Operator,12,24,W,3193
2020-12-10,53,12:15,Thursday,FINCH STATION,Security,5,10,,9016
2020-12-10,123,12:21,Thursday,LONG BRANCH,Operations - Operator,21,42,N,8094
2020-12-10,59,12:23,Thursday,LAWRENCE WEST STATION,Cleaning,45,90,W,3354
2020-12-10,45,12:28,Thursday,KIPLING AND EGLINTON,Mechanical,12,24,N,8092
2020-12-10,117,12:29,Thursday,STEEELS AND DUFFERIN,Mechanical,20,40,E,1388
2020-12-10,59,12:55,Thursday,OAK AND WESTON,Cleaning,45,90,W,3354
2020-12-10,189,12:57,Thursday,WEST TORONTO AND KEELE,Collision - TTC,25,50,W,7978
2020-12-10,95,13:10,Thursday,ELLESMERE LOOP,Cleaning,5,10,,3558
2020-12-10,11,13:11,Thursday,SUNNYBROOK HOSPITAL,Cleaning,13,26,E,8123
2020-12-10,43,13:14,Thursday,KENNEDY STATION,Cleaning,10,20,N,8762
2020-12-10,88,13:28,Thursday,ST CLAIR STATION,Operations - Operator,20,60,W,8201
2020-12-10,8,13:31,Thursday,BROADVIEW STATION,Mechanical,10,20,N,8585
2020-12-10,16,13:31,Thursday,WARDEN STATION,Cleaning,13,26,N,8411
2020-12-10,86,13:32,Thursday,KENNEDY STATION,Cleaning,10,20,W,8707
2020-12-10,60,13:34,Thursday,PIONEER VILLAGE STATIO,Cleaning,9,18,W,3582
2020-12-10,63,13:42,Thursday,OSSINGTON STATION,Mechanical,7,14,N,8114
2020-12-10,85,13:42,Thursday,SHEPPARD AND VICTORIA,Security,30,60,S,3427
2020-12-10,116,13:45,Thursday,KENNEDY STATION,Investigation,24,48,,8698
2020-12-10,127,14:04,Thursday,SPADINA STATION,Emergency Services,23,45,E,1138
2020-12-10,39,14:05,Thursday,NEILSON AND CROW TRAIL,Cleaning,16,32,W,9010
2020-12-10,46,14:25,Thursday,ARROW ROAD GARAGE,Collision - TTC,11,26,E,3220
2020-12-10,11,14:29,Thursday,SUNNYBROOK HOSPITAL,Cleaning,13,24,N,8320
2020-12-10,169,14:30,Thursday,SCARBOROUGH TOWN CENTR,Mechanical,30,60,W,8138
2020-12-10,97,14:38,Thursday,YONGE AND WILSON,Mechanical,30,60,S,8108
2020-12-10,79,14:45,Thursday,RUNNYMEDE AND ST JOHN',Security,7,14,S,1536
2020-12-10,935,14:58,Thursday,JANE AND EDDYSTONE,Collision - TTC,9,18,S,3210
2020-12-10,29,15:05,Thursday,SPRINGHURST LOOP,Mechanical,8,16,S,1033
2020-12-10,37,15:12,Thursday,ISLINGTON STATION,Mechanical,15,30,N,7942
2020-12-10,34,15:13,Thursday,EGLINTON AND DON MILLS,Vision,7,13,W,8846
2020-12-10,15,15:17,Thursday,EVANS AND HORNER,Road Blocked - NON-TTC Collision,72,89,E,8452
2020-12-10,39,15:19,Thursday,FINCH STATION,Cleaning,14,23,E,9008
2020-12-10,44,15:29,Thursday,KIPLING AND QUEENSWAY,Mechanical,6,11,S,8446
2020-12-10,97,15:30,Thursday,DAVISVILLE STATION,Emergency Services,30,60,,8106
2020-12-10,32,15:34,Thursday,EGLINTON AND BLACKTHOR,Investigation,0,0,W,1012
2020-12-10,134,15:38,Thursday,PROGRESS AND ESTATE,Mechanical,7,14,E,1324
2020-12-10,39,15:38,Thursday,NEILSON AND CROW TRAIL,Mechanical,7,9,W,1534
2020-12-10,41,15:58,Thursday,PIONEER VILLAGE STATIO,Cleaning,12,23,W,9045
2020-12-10,72,16:05,Thursday,SAULTER AND VILLIERS,Mechanical,19,29,S,8416
2020-12-10,52,16:45,Thursday,LAWRENCE AND DUPLEX,Road Blocked - NON-TTC Collision,97,105,E,0
2020-12-10,34,16:45,Thursday,EGLINTON AND DON MILLS,General Delay,71,83,W,3750
2020-12-10,112,16:51,Thursday,GENTIAN AND RENFORTH,Mechanical,10,20,W,8051
2020-12-10,52,16:51,Thursday,LAWRENCE STATION,Road Blocked - NON-TTC Collision,15,30,W,8161
2020-12-10,116,16:52,Thursday,KENNEDY STATION,Mechanical,8,16,E,8743
2020-12-10,94,16:56,Thursday,WELLESLEY STATION,Mechanical,17,34,W,3741
2020-12-10,16,17:40,Thursday,SCARBOROUGH CENTRE STA,Investigation,10,25,N,8418
2020-12-10,21,17:40,Thursday,SCARBOROUGH TOWN CENTR,Security,25,37,,0
2020-12-10,134,17:40,Thursday,SCARBOROUGH TOWN CENTR,Security,25,33,,0
2020-12-10,130,17:40,Thursday,SCARBOROUGH TOWN CENTR,Security,25,41,,0
2020-12-10,9,17:40,Thursday,SCARBOROUGH CENTRE STA,Investigation,25,45,N,3164
2020-12-10,38,17:40,Thursday,SCARBOROUGH CENTRE STA,Investigation,25,36,E,3499
2020-12-10,102,17:46,Thursday,WARDEN STATION,Operations - Operator,22,44,N,8536
2020-12-10,67,17:48,Thursday,REDDINS AND CROSLANDS,Security,10,20,E,8702
2020-12-10,160,18:22,Thursday,WILSON STATION,Operations - Operator,24,48,,0
2020-12-10,134,18:22,Thursday,CROW TRAIL AND BRADSTO,Security,15,30,,3535
2020-12-10,6,18:30,Thursday,SHERBOURNE AND QUEENS,Mechanical,10,21,S,3739
2020-12-10,50,18:38,Thursday,BURNHAMTHORPE AND MART,Road Blocked - NON-TTC Collision,17,34,E,7920
2020-12-10,35,18:45,Thursday,JANE AND BEVERLY HILLS,Investigation,10,20,S,3280
2020-12-10,1,18:54,Thursday,SHEPPARD AND YONGE,Emergency Services,0,0,,1146
2020-12-10,941,19:07,Thursday,KEELE AND KING GEORGES,Cleaning,15,30,S,1345
2020-12-10,37,19:22,Thursday,ISLINGTON STATION,Operations - Operator,22,44,N,0
2020-12-10,54,19:24,Thursday,ORTON PARK AND LADY'S,Road Blocked - NON-TTC Collision,12,25,N,8827
2020-12-10,129,19:44,Thursday,MALVERN DIVISION,Security,5,10,,3544
2020-12-10,57,19:58,Thursday,MIDLAND AND TARA,Mechanical,16,32,S,8818
2020-12-10,111,20:07,Thursday,EAST MALL AND KEANE,Emergency Services,19,36,S,8059
2020-12-10,132,20:12,Thursday,SCARBOROUGH TOWN CENTR,Security,25,37,,0
2020-12-10,161,20:33,Thursday,OSSINGTON STATION,Mechanical,23,46,N,1089
2020-12-10,,20:49,Thursday,6250 BATHURST STREET,Emergency Services,0,0,,3636
2020-12-10,94,20:50,Thursday,OSSGINGTON STATION,Mechanical,12,24,,1137
2020-12-10,93,20:57,Thursday,WOODBINE STATION,Security,20,40,,8597
2020-12-10,41,21:00,Thursday,KEELE BET RUSTIC AND M,Road Blocked - NON-TTC Collision,60,76,S,0
2020-12-10,85,21:08,Thursday,SHEPPARD AND MARKHAM,Mechanical,16,32,,1397
2020-12-10,7,21:30,Thursday,BATHURST AND STEELES,Emergency Services,60,68,N,0
2020-12-10,160,21:33,Thursday,BATHURST AND STEELES,Emergency Services,97,121,N,8206
2020-12-10,52,21:47,Thursday,TERMINAL 3,Mechanical,13,26,,1283
2020-12-10,7,22:08,Thursday,BATHURST STATION,Security,8,13,,8368
2020-12-10,47,22:40,Thursday,MACDONELL AND QUEEN,Mechanical,20,40,N,1131
2020-12-10,102,23:15,Thursday,MARKHAM AND LAWRENCE,Collision - TTC,11,22,N,8584
2020-12-10,102,23:22,Thursday,MARKHAM AND ELLESMERE,Utilized Off Route,22,44,N,3148
2020-12-10,35,23:34,Thursday,JANE STATION,Mechanical,9,18,S,3213
2020-12-10,46,00:02,Thursday,MARTIN GROVE AND ROYAL,Road Blocked - NON-TTC Collision,127,157,N,3584
2020-12-10,927,00:04,Thursday,MATRIN GROVE AND ROYAL,Road Blocked - NON-TTC Collision,109,127,N,3331
2020-12-11,,02:10,Friday,223 LEYTON AVE/ WARDEN,Utilized Off Route,1,1,,3569
2020-12-11,300,02:34,Friday,BLOOR AND AVENUE RD,Security,13,23,W,8777
2020-12-11,927,04:31,Friday,MARTIN GROVE AND BRUNE,Road Blocked - NON-TTC Collision,0,0,,0
2020-12-11,29,06:10,Friday,DUFFERIN AND WILSON (,Mechanical,8,16,N,9043
2020-12-11,61,06:22,Friday,BOMBAY LOOP,Mechanical,14,28,S,8133
2020-12-11,84,06:27,Friday,SHEPPARD AND OAKDALE,Mechanical,5,10,W,3227
2020-12-11,96,06:33,Friday,CARRIER LOOP,Operations - Operator,24,48,E,3312
2020-12-11,36,06:41,Friday,FINCH AND HWY 27,Road Blocked - NON-TTC Collision,0,0,E,9120
2020-12-11,163,06:43,Friday,OSSINGTON STATION,Operations - Operator,12,24,S,8111
2020-12-11,35,08:01,Friday,JANE STATION,Mechanical,10,20,N,3346
2020-12-11,7,08:03,Friday,GREENWIN VILLAGE AND B,Mechanical,8,16,W,8345
2020-12-11,77,08:56,Friday,SOUTH KINGSWAY AND QUE,Mechanical,9,18,S,3725
2020-12-11,46,09:10,Friday,MARTIN GROVE AND ROYAL,Road Blocked - NON-TTC Collision,127,157,,0
2020-12-11,53,09:19,Friday,STEELES AND MARKHAM,Mechanical,6,12,E,9059
2020-12-11,47,09:20,Friday,LANSDOWNE AND DAVENPOR,Cleaning,6,12,S,1067
2020-12-11,47,09:20,Friday,LANSDOWNE AND DAVENPOR,Cleaning,6,12,S,1067
2020-12-11,133,09:21,Friday,SCARBOROUGH CENTRE STA,Cleaning,11,22,S,3407
2020-12-11,60,09:24,Friday,PIONEER VILLAGE STATIO,Cleaning,9,18,E,3604
2020-12-11,35,09:29,Friday,JANE AND FINCH,Cleaning,7,14,S,3319
2020-12-11,935,09:30,Friday,PIONEER VILLAGE STATIO,Cleaning,10,20,E,3254
2020-12-11,60,09:46,Friday,PIONEER VILLAGE STATIO,Cleaning,0,0,W,3241
2020-12-11,34,09:52,Friday,KENNEDY STATION,Cleaning,12,24,W,8742
2020-12-11,43,09:54,Friday,KENNEDY STATION,Cleaning,15,30,N,8704
2020-12-11,161,09:55,Friday,OSSIGNTON STATION,Operations - Operator,23,46,W,0
2020-12-11,43,10:00,Friday,KENNEDY STATION,Cleaning,15,30,N,8667
2020-12-11,11,10:00,Friday,DAVISVILLE STATION,Cleaning,13,26,N,1252
2020-12-11,96,10:00,Friday,WILSON STATION,Operations - Operator,24,48,E,3359
2020-12-11,60,10:01,Friday,PIONEER VILLAGE STATIO,Cleaning,9,19,E,3269
2020-12-11,39,10:11,Friday,FINCH AND LONGMORE,Investigation,3,10,E,1401
2020-12-11,133,10:17,Friday,NEILSON AND SHEPPARD,Cleaning,11,22,N,3549
2020-12-11,43,10:17,Friday,KENNEDY STATION,Cleaning,15,30,N,8637
2020-12-11,34,10:19,Friday,KENNEDY STATION,Cleaning,12,24,W,8742
2020-12-11,133,10:21,Friday,NEILSON AND FINCH,Cleaning,11,22,N,3525
2020-12-11,24,10:27,Friday,VICTORIA PARK AND LAWR,Emergency Services,7,21,N,3131
2020-12-11,999,10:28,Friday,MCCOWAN AND COMMANDER,Collision - TTC,0,0,N,3489
2020-12-11,43,10:29,Friday,KENNEDY STATION,Cleaning,10,20,W,8627
2020-12-11,43,10:32,Friday,KENNEDY STATION,Cleaning,10,20,W,8627
2020-12-11,43,10:34,Friday,KENNEDY STATION,Cleaning,10,20,S,8647
2020-12-11,68,10:35,Friday,WARDEN AND CALVERT,Mechanical,36,62,N,8638
2020-12-11,935,10:35,Friday,PIONEER VILLAGE STATIO,Cleaning,9,18,S,3650
2020-12-11,43,10:39,Friday,KENNEDY STATION,Cleaning,10,20,S,8820
2020-12-11,34,11:07,Friday,KENNEDY STATION,Cleaning,12,24,E,8945
2020-12-11,133,11:10,Friday,SCARBOROUGH CENTRE STA,Cleaning,11,22,S,3447
2020-12-11,117,11:13,Friday,SHEPPARD WEST STATION,Operations - Operator,20,40,N,1249
2020-12-11,41,11:13,Friday,KEELE AND ST REGIS,Collision - TTC,12,24,S,9056
2020-12-11,64,11:20,Friday,MAIN AND DANFORTH,Security,0,0,S,3161
2020-12-11,102,11:25,Friday,MARKHAM AND EGLINTON,Security,20,40,N,9222
2020-12-11,43,11:29,Friday,KENNEDY STATION,Cleaning,10,20,N,8939
2020-12-11,47,11:30,Friday,EARLSCOURT LOOP,Cleaning,7,14,S,1562
2020-12-11,47,11:46,Friday,EARLSCOURT LOOP,Cleaning,7,14,S,1562
2020-12-11,72,11:46,Friday,FRONT AND BAY,Security,19,38,E,3128
2020-12-11,52,11:55,Friday,LAWRENCE WEST STATION,Cleaning,0,0,E,8141
2020-12-11,133,12:10,Friday,NEILSON AND FINCH,Cleaning,11,22,S,3538
2020-12-11,165,12:15,Friday,BARMAC AND STEELES,Collision - TTC,12,24,S,3217
2020-12-11,133,12:24,Friday,NEILSON AND SHEPPARD,Cleaning,11,22,S,3504
2020-12-11,53,12:33,Friday,MARKHAM AND PASSMORE,Cleaning,5,10,S,9070
2020-12-11,133,12:39,Friday,SEASONS AND CANOE,Cleaning,11,22,N,3534
2020-12-11,90,12:42,Friday,VAUGHAN AND WINONA,Mechanical,10,20,S,1389
2020-12-11,57,12:43,Friday,MIDLAND AND STEELES,Operations - Operator,13,26,N,8918
2020-12-11,29,12:56,Friday,DUFFERIN AND WILSON,Cleaning,8,16,N,9026
2020-12-11,39,13:02,Friday,FINCH AND SANDHURST,Emergency Services,6,7,E,3539
2020-12-11,41,13:04,Friday,KEELE AND DUNDAS,Cleaning,12,24,S,1050
2020-12-11,102,13:05,Friday,WARDEN STATION,Operations - Operator,20,40,N,8496
2020-12-11,29,13:07,Friday,DUFFERIN AND WILSON,Cleaning,8,16,N,1048
2020-12-11,39,13:18,Friday,FINCH AND NEILSON,Cleaning,16,32,E,9062
2020-12-11,95,13:27,Friday,ELLESMERE AND MARKHAM,Mechanical,20,40,E,1291
2020-12-11,53,13:34,Friday,FINCH STATION,Cleaning,5,10,W,9007
2020-12-11,1,13:38,Friday,BISHOP AND YONGE,Collision - TTC,0,0,,3431
2020-12-11,29,13:39,Friday,WILSON STATION - UPPER,Mechanical,7,14,S,1133
2020-12-11,15,13:42,Friday,EVANS AND KIPLING,Operations - Operator,25,50,E,7946
2020-12-11,52,13:47,Friday,LAWRENCE STATION,Mechanical,4,8,E,8165
2020-12-11,52,13:54,Friday,LAWRENCE AND SCARLETT,Cleaning,4,8,W,8209
2020-12-11,91,13:59,Friday,YORK MILLS AND VALLEYW,Collision - TTC,25,50,N,8676
2020-12-11,96,14:00,Friday,YORK MILLS STATION,Mechanical,24,48,W,3286
2020-12-11,60,14:10,Friday,PIONEER VILLAGE STATIO,Cleaning,10,20,W,3632
2020-12-11,94,14:14,Friday,MOUNT DENNIS GARAGE,Operations - Operator,15,30,W,1101
2020-12-11,34,14:18,Friday,EGLINTON AND DON MILLS,Operations - Operator,8,16,W,8664
2020-12-11,34,14:19,Friday,KENNEDY STATION,Operations - Operator,12,24,E,8705
2020-12-11,94,14:20,Friday,CASTLE FRANK STATION,Operations - Operator,15,30,W,1092
2020-12-11,7,14:28,Friday,BATHURST AND WILSON,Operations - Operator,8,16,N,0
2020-12-11,25,14:29,Friday,PAPE STATION,Emergency Services,1,2,,8923
2020-12-11,43,14:31,Friday,KENNEDY STATION,Operations - Operator,15,30,S,8667
2020-12-11,29,14:32,Friday,WILSON STATION,Cleaning,8,16,S,9045
2020-12-11,929,14:35,Friday,WILSON STATION,Operations - Operator,10,20,N,1119
2020-12-11,86,14:41,Friday,KENNEDY STATION,Operations - Operator,16,35,E,8783
2020-12-11,34,14:55,Friday,EGLINTON AND WARDEN,Operations - Operator,7,14,W,8742
2020-12-11,28,15:03,Friday,DAVISVILLE STATION,Mechanical,20,40,W,8335
2020-12-11,75,15:06,Friday,SHERBOURNE AND CARLTON,Security,11,22,N,1270
2020-12-11,39,15:14,Friday,FINCH AND MCCOWAN,Cleaning,16,22,W,9008
2020-12-11,34,15:15,Friday,EGLINTON AND DON MILLS,Operations - Operator,7,14,W,8742
2020-12-11,60,15:23,Friday,FINCH STATION,Cleaning,9,18,E,3287
2020-12-11,39,15:25,Friday,NEILSON AND CROW TRAIL,Mechanical,7,9,E,1402
2020-12-11,102,15:31,Friday,ST CLAIR AND WOODROW,Security,22,44,E,8565
2020-12-11,36,15:32,Friday,WESTON TO FINCH W STAT,General Delay,0,0,W,9134
2020-12-11,112,15:46,Friday,KIPLING STATION,Operations - Operator,20,40,,8093
2020-12-11,94,15:54,Friday,WELLESLEY STATION,Mechanical,17,37,E,1305
2020-12-11,102,16:05,Friday,ST CLAIR AND GIDLEY,Emergency Services,0,0,,8417
2020-12-11,133,16:07,Friday,NEILSON AND MCLEVIN,Cleaning,8,16,N,3538
2020-12-11,41,16:09,Friday,KEELE STATION,Mechanical,15,30,W,9152
2020-12-11,60,16:22,Friday,FINCH STATION,Cleaning,9,18,E,3287
2020-12-11,72,16:25,Friday,CARLAW AND LAKESHORE,General Delay,10,20,N,8525
2020-12-11,36,16:31,Friday,ARROW AND JANE,Mechanical,11,22,E,9129
2020-12-11,35,16:40,Friday,JANE AND WILSON,Investigation,0,0,E,0
2020-12-11,24,16:57,Friday,VICTORIA PARK STATION,Mechanical,3,6,S,8959
2020-12-11,7,17:07,Friday,BATHURST AND STEELES,Collision - TTC,8,16,E,8377
2020-12-11,135,17:32,Friday,WARDEN STATION,Emergency Services,20,40,E,8585
2020-12-11,84,17:34,Friday,SHEPPARD AND WESTON,Road Blocked - NON-TTC Collision,15,30,N,3578
2020-12-11,131,17:40,Friday,SCARBOROUGH TOWN CENTR,Security,25,37,,0
2020-12-11,94,17:49,Friday,OSSINGTON STATION,Mechanical,17,34,W,3749
2020-12-11,929,18:02,Friday,DUFFERIN AND GIBSON,Collision - TTC,10,20,S,1262
2020-12-11,60,18:03,Friday,FINCH STATION,Cleaning,8,16,E,3294
2020-12-11,41,18:13,Friday,MURRAY ROSS AND LEITCH,Road Blocked - NON-TTC Collision,156,168,W,9051
2020-12-11,506,18:14,Friday,CARLTON AND SHERBOURNE,Security,7,14,W,8588
2020-12-11,35,18:26,Friday,JANE AND EXBURY,Emergency Services,0,0,N,3222
2020-12-11,941,18:39,Friday,KEELE AND INGRAM,Investigation,56,71,,1041
2020-12-11,165,19:00,Friday,WESTON AND HABITANT,Mechanical,9,17,N,3635
2020-12-11,73,19:00,Friday,SHEPPARD STATION,General Delay,1,1,N,7938
2020-12-11,41,19:03,Friday,KEELE AND INGRAM DR,Investigation,56,71,N,0
2020-12-11,59,19:36,Friday,CULFORD AND LAWRENCE,Mechanical,10,29,N,3643
2020-12-11,168,19:40,Friday,AVON LOOP,Security,17,34,,1068
2020-12-11,14,19:53,Friday,CHAPLIN AND EGLINTON,Mechanical,20,40,N,1013
2020-12-11,70,19:54,Friday,COXWELL STATION,Security,22,44,,8720
2020-12-11,1,19:56,Friday,FINCH STATION,Security,1,2,,1060
2020-12-11,935,20:04,Friday,JANE AND EAST DR,Road Blocked - NON-TTC Collision,10,61,S,3281
2020-12-11,935,20:04,Friday,JANE AND WILSON,Emergency Services,10,61,S,0
2020-12-11,40,20:59,Friday,CORDOVA AND MABELLE,Road Blocked - NON-TTC Collision,15,30,S,8424
2020-12-11,40,21:00,Friday,CORDOVA AND MABELLA,Road Blocked - NON-TTC Collision,49,62,W,7930
2020-12-11,38,21:13,Friday,LAWRENCE AND EAST,Security,9,18,E,3408
2020-12-11,86,21:39,Friday,KINGSTON AND OLD KINGS,General Delay,309,318,W,8806
2020-12-11,52,21:53,Friday,LAWRENCE AND BROOKHAVE,Emergency Services,13,26,E,1342
2020-12-11,47,22:18,Friday,MACDONNEL AND QUEEN,Security,10,20,N,1516
2020-12-11,102,22:54,Friday,MAJOR MAC AND MARKHAM,Mechanical,1,39,W,8493
2020-12-11,72,23:07,Friday,PAPE STATION,Security,0,0,W,3128
2020-12-11,102,23:30,Friday,MARKHAM AND PASSMORE,Road Blocked - NON-TTC Collision,9,18,N,8531
2020-12-11,89,23:50,Friday,WESTON AND ALBION,Mechanical,15,30,S,9047
2020-12-11,32,23:54,Friday,EGLINTON STATION,Emergency Services,0,0,,1208
2020-12-11,63,00:19,Friday,OSSINGTON STATION,Mechanical,9,17,S,8156
2020-12-11,86,01:18,Friday,KINGSTON AND DALE,Investigation,10,20,S,8747
2020-12-12,343,02:58,Saturday,KENNEDY STATION,Security,30,60,,8716
2020-12-12,300,03:41,Saturday,KENNEDY STATION,Security,26,1,,7917
2020-12-12,32,05:30,Saturday,EGLINTON AND GILBERT A,Mechanical,20,40,E,1056
2020-12-12,29,07:27,Saturday,DUFFERIN AND LIVINGSTO,Mechanical,8,16,N,9029
2020-12-12,92,07:42,Saturday,WOODBINE AND QUEEN,Mechanical,10,20,N,3128
2020-12-12,129,09:21,Saturday,MCCOWAN AND STEELES,Emergency Services,7,14,N,3485
2020-12-12,92,09:37,Saturday,BIRCHMOUNT DIVISION,Mechanical,5,25,E,3123
2020-12-12,32,10:03,Saturday,EGLINTON AND RENFORTH,Mechanical,5,11,N,3736
2020-12-12,123,10:09,Saturday,THE QUEENSWAY AND NORT,Road Blocked - NON-TTC Collision,28,40,N,0
2020-12-12,124,10:21,Saturday,LAWRENCE STATION,Operations - Operator,20,40,E,8102
2020-12-12,43,10:27,Saturday,KENNEDY AND MUNHAM GAT,Operations - Operator,10,20,N,8627
2020-12-12,72,10:29,Saturday,GERRARD AND CARLAW,Emergency Services,18,36,N,9202
2020-12-12,43,11:21,Saturday,KENNEDY STATION,Operations - Operator,0,0,,8723
2020-12-12,122,11:45,Saturday,YORK MILLS STATION,Utilized Off Route,30,60,E,8307
2020-12-12,36,12:02,Saturday,FINCH AND SIGNET,Mechanical,6,12,E,3618
2020-12-12,36,12:02,Saturday,FINCH AND SIGNET,Mechanical,6,12,E,3618
2020-12-12,999,12:46,Saturday,YONGE AND BELMONT,Emergency Services,0,0,S,9079
2020-12-12,900,12:53,Saturday,KIPLING STATION,Cleaning,10,20,N,8010
2020-12-12,29,13:25,Saturday,DUFFERIN AND LIBERTY,Emergency Services,7,14,N,9037
2020-12-12,54,13:29,Saturday,LAWRENCE AND WARDEN,Cleaning,24,47,W,8882
2020-12-12,129,14:01,Saturday,MCCOWAN AND HERITAGE,Mechanical,60,120,S,3542
2020-12-12,39,15:10,Saturday,FINCH STATION,Mechanical,14,28,W,9073
2020-12-12,26,16:27,Saturday,DUPONT AND LANSDOWNE,Security,30,60,E,1116
2020-12-12,47,16:28,Saturday,LANSDOWNE AND ST CLAIR,Mechanical,9,18,S,1137
2020-12-12,65,17:26,Saturday,CASTLE FRANK STATION,Mechanical,16,32,S,9228
2020-12-12,47,17:32,Saturday,YORKDALE STATION,Security,20,40,,1358
2020-12-12,11,17:33,Saturday,BAYVIEW LOOP N OF STEE,Security,15,30,,8367
2020-12-12,87,17:59,Saturday,EAST YORK ACRES,Investigation,63,73,,0
2020-12-12,25,18:04,Saturday,PAPE STATION,Operations - Operator,8,16,,8784
2020-12-12,63,18:08,Saturday,OSSINGTON AND NORTHUMB,Mechanical,0,0,N,8219
2020-12-12,94,18:27,Saturday,CASTLE FRANK STATION,Mechanical,13,26,E,3749
2020-12-12,50,18:29,Saturday,BURNHAMTHROPE AND RENF,Road Blocked - NON-TTC Collision,194,254,B,0
2020-12-12,85,18:37,Saturday,SHEPPARD AND DON MILLS,Collision - TTC,20,40,E,3443
2020-12-12,25,18:40,Saturday,DON MILLS AND SHEPPARD,Road Blocked - NON-TTC Collision,8,16,S,8865
2020-12-12,165,19:26,Saturday,STEELES AND BARMAC,Mechanical,10,19,W,3623
2020-12-12,65,19:44,Saturday,PARLIAMENT AND CARLTON,Security,15,30,S,3148
2020-12-12,74,20:00,Saturday,ST CLAIR STATION,Emergency Services,0,0,,1252
2020-12-12,135,20:06,Saturday,WARDEN STATION,Emergency Services,30,60,,8544
2020-12-12,45,20:25,Saturday,STEELES LOOP,Security,10,20,,7928
2020-12-12,47,20:34,Saturday,LANSDOWNE AND BLOOR,Investigation,20,40,S,1027
2020-12-12,35,20:39,Saturday,JANE STATION,Emergency Services,7,14,,3333
2020-12-12,32,20:49,Saturday,EGLINTON AND KEELE,Mechanical,10,20,W,1094
2020-12-12,999,20:50,Saturday,WILSON CARHOUSE,Emergency Services,0,0,,0
2020-12-12,999,20:57,Saturday,JANE STATION,Investigation,0,0,,3647
2020-12-12,7,22:10,Saturday,BATHURST STATION,Utilized Off Route,8,16,S,8120
2020-12-12,94,22:32,Saturday,CASTLE FRANK STATION,Mechanical,15,30,,1145
2020-12-12,47,23:04,Saturday,LANSDOWNE AND QUEEN,Security,20,40,S,1305
2020-12-12,106,23:46,Saturday,MURRAY ROSS AND COLUMB,Mechanical,13,25,E,8326
2020-12-12,102,00:00,Saturday,MARKHAM AND LAWRENCE,Road Blocked - NON-TTC Collision,148,158,N,9221
2020-12-12,36,00:35,Saturday,FINCH WEST STATION,Operations - Operator,9,18,W,3622
2020-12-12,106,01:49,Saturday,SHEPPARD WEST STATION,Security,0,0,,8119
2020-12-13,600,02:37,Sunday,YONGE AND STEELES,Security,0,0,N,9016
2020-12-13,59,08:30,Sunday,WESTON AND OAK,Mechanical,30,60,S,3654
2020-12-13,86,08:31,Sunday,TORONTO ZOO LOOP,Mechanical,10,20,,8770
2020-12-13,14,10:20,Sunday,GLENCAIRN AND CALEDONI,Emergency Services,20,40,E,1137
2020-12-13,39,10:37,Sunday,FINCH AND BIRCHMOUNT R,Investigation,0,0,E,3530
2020-12-13,123,11:09,Sunday,QUEENSWAY GARAGE,Operations - Operator,20,40,,7946
2020-12-13,36,11:46,Sunday,FINCH WEST STATION,Mechanical,6,12,W,3330
2020-12-13,116,12:07,Sunday,KENNEDY STATION,Operations - Operator,7,15,,8816
2020-12-13,116,12:11,Sunday,EGLINTON AND MIDLAND,Mechanical,7,13,W,8761
2020-12-13,102,12:27,Sunday,WARDEN STATION,Mechanical,10,20,S,8544
2020-12-13,29,12:28,Sunday,WILSON STATION,Mechanical,6,12,S,9149
2020-12-13,95,12:58,Sunday,ELLESMERE AND KINGSTON,Cleaning,15,30,W,1652
2020-12-13,37,13:38,Sunday,ISLINGTON STATION,Operations - Operator,20,40,N,8458
2020-12-13,36,13:44,Sunday,FINCH WEST STATION,Mechanical,5,10,E,3365
2020-12-13,111,14:00,Sunday,EAST MALL AND BURNHAMT,Mechanical,16,32,S,8473
2020-12-13,927,14:08,Sunday,STEELES AND MARTIN GRO,Mechanical,10,20,S,3623
2020-12-13,36,14:30,Sunday,FINCH WEST STATION,Mechanical,5,10,W,3639
2020-12-13,169,14:36,Sunday,DON MILLS STATION,Operations - Operator,30,60,E,8193
2020-12-13,112,14:42,Sunday,KIPLING STATION,Operations - Operator,20,40,W,8425
2020-12-13,75,14:45,Sunday,SHERBOURNE AND BLOOR,Mechanical,20,40,N,8321
2020-12-13,102,14:50,Sunday,MARKHAM AND ELLESMERE,Emergency Services,20,40,N,8582
2020-12-13,32,14:58,Sunday,EGLINTON AND SPADINA,Collision - TTC,7,14,E,1089
2020-12-13,42,15:37,Sunday,FINCH STATION,Utilized Off Route,16,32,S,8300
2020-12-13,29,15:43,Sunday,DUFFERIN AND RANEE,Collision - TTC,0,0,N,9033
2020-12-13,45,15:52,Sunday,KIPLING STATION,Mechanical,10,20,N,8617
2020-12-13,25,15:59,Sunday,DON MILLS STATION,Cleaning,10,20,S,8695
2020-12-13,79,16:05,Sunday,PINE AND LAWRENCE,Mechanical,12,24,S,1101
2020-12-13,94,16:18,Sunday,CASTLE FRANK STATION,Mechanical,6,12,W,3739
2020-12-13,66,16:20,Sunday,OLD MILL STATION,Operations - Operator,20,40,S,8030
2020-12-13,24,16:25,Sunday,VICTORIA PARK AND STEE,Cleaning,10,20,S,3117
2020-12-13,85,16:41,Sunday,SHEPPARD AND MALVERN G,Vision,5,11,W,9091
2020-12-13,38,17:29,Sunday,ELLESMERE AND DOLLY VA,Emergency Services,10,20,W,1654
2020-12-13,,17:38,Sunday,WILSON CARHOUSE PLANT,General Delay,0,0,,0
2020-12-13,121,17:38,Sunday,FRONT AND BAY,Mechanical,15,30,W,3138
2020-12-13,1,17:50,Sunday,YONGE AND BLOOR,Mechanical,0,0,N,1049
2020-12-13,1,18:15,Sunday,ST. CLAIR AND YONGE,Mechanical,0,0,W,1248
2020-12-13,169,18:20,Sunday,SCARBOROUGH CENTRE STA,Operations - Operator,30,60,E,8193
2020-12-13,165,18:33,Sunday,BARMAC AND STEELES,Mechanical,10,20,S,3312
2020-12-13,37,18:38,Sunday,ISLINGTON STATION,Operations - Operator,23,43,N,8465
2020-12-13,165,18:59,Sunday,WILSON AND TRANSIT,Collision - TTC,10,20,W,3230
2020-12-13,86,19:39,Sunday,KINGSTON AND HWY 2,General Delay,600,610,W,0
2020-12-13,36,20:14,Sunday,HUMBERWOOD LOOP,Emergency Services,7,14,,3247
2020-12-13,96,20:44,Sunday,YORK MILLS STATION,Mechanical,19,38,N,3253
2020-12-13,35,20:55,Sunday,JANE AND DUNDAS,Mechanical,10,20,N,3646
2020-12-13,52,21:16,Sunday,THE WESTWAY AND KIPLIN,Security,20,40,W,8323
2020-12-13,52,21:30,Sunday,LAWRENCE AND DUFFLAW,Mechanical,20,40,,8323
2020-12-13,1,21:30,Sunday,YONGE AND PONYTZ,Collision - TTC,0,0,S,8503
2020-12-13,39,21:50,Sunday,NEILSON AND CROW TRAIL,Utilized Off Route,20,40,S,3402
2020-12-13,29,22:03,Sunday,WILSON STATION,Cleaning,10,20,S,9041
2020-12-13,86,23:02,Sunday,EGLINTON AND KINGSTON,Diversion,0,0,E,0
2020-12-13,39,23:47,Sunday,FINCH AND LESLIE,Road Blocked - NON-TTC Collision,58,78,E,3447
2020-12-13,1,00:18,Sunday,YONGE AND SHEPPARD,Mechanical,0,0,N,8013
2020-12-13,24,00:30,Sunday,VICCTORIA PARK AND DEN,Investigation,51,71,N,3136
2020-12-13,24,00:33,Sunday,VICTORIA PARK STATION,Investigation,70,94,N,3136
2020-12-13,12,00:49,Sunday,VICTORIA PARK AND DENT,Investigation,64,108,N,8511
2020-12-13,37,01:12,Sunday,ISLINGTON STATION,Investigation,0,0,,7954
2020-12-14,36,02:33,Monday,HUMBERWOOD BLVD AND V,Security,0,0,E,3650
2020-12-14,96,05:14,Monday,FINCH AND WESTMORE,Road Blocked - NON-TTC Collision,43,53,W,3296
2020-12-14,,05:45,Monday,EGLINTON DIVISION,Operations - Operator,0,0,,0
2020-12-14,,06:30,Monday,WILSON GARAGE,Investigation,0,0,,8333
2020-12-14,106,06:37,Monday,SENTINEL AND SHEPPARD,Mechanical,8,16,N,8192
2020-12-14,47,06:47,Monday,CALEDONIA AND LAWRENCE,Road Blocked - NON-TTC Collision,33,45,S,1536
2020-12-14,952,07:16,Monday,LAWRENCE WEST STATION,Emergency Services,0,0,,1293
2020-12-14,162,07:38,Monday,DONWAY EAST AND BRIARF,General Delay,900,930,S,0
2020-12-14,112,08:05,Monday,DUNDAS AND THE WEST MA,Emergency Services,0,0,E,7909
2020-12-14,72,08:22,Monday,QUEEN AND CARLAW,General Delay,344,363,E,3144
2020-12-14,97,08:23,Monday,YORK MILLS STATION,Vision,30,60,S,1340
2020-12-14,59,08:31,Monday,LAWRENCE WEST STATION,Mechanical,24,48,W,3710
2020-12-14,41,08:45,Monday,KEELE AND DOVEHOUSE,Mechanical,14,29,S,9043
2020-12-14,133,09:19,Monday,SCARBOROUGH CENTRE STA,Cleaning,11,22,N,3451
2020-12-14,97,09:24,Monday,YORK MILLS STATION,Mechanical,30,60,N,1389
2020-12-14,117,09:30,Monday,CHESSWOOD AND CHAMPAGN,Operations - Operator,20,40,N,1395
2020-12-14,95,09:34,Monday,ELLESMERE CUL DE SAC,Cleaning,20,40,E,3406
2020-12-14,38,09:41,Monday,SCARBOROUGH CENTER STA,Cleaning,12,24,E,3509
2020-12-14,79,09:42,Monday,PINE AND WRIGHT,Cleaning,9,18,S,1003
2020-12-14,95,09:43,Monday,ELLESMERE AND KENNEDY,Cleaning,20,40,W,3483
2020-12-14,35,09:44,Monday,PIONEER VILLAGE STATIO,Cleaning,7,14,S,3203
2020-12-14,95,09:49,Monday,ELLESMERE CUL DE SAC,Cleaning,20,40,E,3406
2020-12-14,61,09:56,Monday,EGLINTON STATION,Operations - Operator,30,40,N,8370
2020-12-14,59,09:56,Monday,OAK AND WESTON,Cleaning,45,90,N,3249
2020-12-14,43,09:59,Monday,PROGRESS AND MIDLAND,Security,0,0,E,8900
2020-12-14,47,10:17,Monday,LANSDOWNE AND QUEEN,Cleaning,15,30,N,1536
2020-12-14,122,10:21,Monday,YORK MILLS STATION,Cleaning,17,34,W,8388
2020-12-14,83,10:41,Monday,JONES AND DUNDAS,General Delay,22,25,N,3155
2020-12-14,88,10:44,Monday,ST CLAIR STATION,Mechanical,40,80,,1342
2020-12-14,24,10:48,Monday,VICTORIA PARK STATION,Mechanical,4,8,,8581
2020-12-14,97,11:02,Monday,YONGE AND YORK MILLS,Operations - Operator,30,60,N,8184
2020-12-14,133,11:17,Monday,TRITON AND MCCOWAN,Cleaning,11,22,S,3552
2020-12-14,59,11:21,Monday,MAPLE LEAF AND CULFORD,Operations - Operator,45,90,S,3249
2020-12-14,,11:25,Monday,LONG BRANCH LOOP,Collision - TTC,0,0,,0
2020-12-14,59,11:26,Monday,OAK AND WESTON,Cleaning,45,90,E,3654
2020-12-14,11,11:39,Monday,STEELES AND BAYVIEW (,Investigation,13,26,,8311
2020-12-14,115,11:40,Monday,YORK MILLS STATION,Cleaning,20,40,N,8122
2020-12-14,133,11:48,Monday,NEILSON AND FINCH,Cleaning,11,22,W,3539
2020-12-14,133,12:22,Monday,MILNER AND NEILSON,Cleaning,11,22,N,3516
2020-12-14,23,12:27,Monday,DAWES AND DANFORTH,Investigation,0,0,,3147
2020-12-14,63,12:34,Monday,OSSINGTON STATION,Operations - Operator,7,15,,8173
2020-12-14,115,12:40,Monday,YORK MILLS STATION,Cleaning,20,40,S,8172
2020-12-14,929,12:44,Monday,WILSON STATION,Operations - Operator,10,20,S,1086
2020-12-14,14,12:45,Monday,GLENCAIRN STATION,Operations - Operator,24,62,W,1419
2020-12-14,87,13:08,Monday,MAIN STREET STATION,Cleaning,11,22,W,3117
2020-12-14,36,13:09,Monday,HUMBERWOOD LOOP,Operations - Operator,5,10,E,9119
2020-12-14,41,13:10,Monday,KEELE STATION,Security,0,0,,1407
2020-12-14,102,13:18,Monday,CENTENNIAL COLLEGE,Mechanical,5,10,S,3158
2020-12-14,41,13:33,Monday,PIONEER VILLAGE STATIO,Mechanical,12,24,N,9032
2020-12-14,600,13:41,Monday,ELLESMERE LOOP,Cleaning,1,1,E,1337
2020-12-14,39,13:47,Monday,FINCH STATION,Security,0,0,E,9059
2020-12-14,51,13:52,Monday,EGLINTON STATION,Operations - Operator,32,55,N,8163
2020-12-14,75,13:52,Monday,LOWER JARVIS AND THE E,Operations - Operator,11,22,N,8321
2020-12-14,160,13:54,Monday,BATHURST AND STEELES,Cleaning,20,40,N,8324
2020-12-14,59,14:01,Monday,OAK AND WESTON,Cleaning,29,74,W,3595
2020-12-14,11,14:33,Monday,BAYVIEW AND YORK MILLS,Cleaning,13,24,S,8134
2020-12-14,34,14:53,Monday,EGLINTON AND LEBOVIC,Operations - Operator,4,13,E,8846
2020-12-14,105,14:57,Monday,SHEPPARD WEST STATION,Operations - Operator,16,32,N,8216
2020-12-14,89,15:08,Monday,WESTON AND ST PHILLIPS,Collision - TTC,0,0,S,9028
2020-12-14,41,15:09,Monday,KEELE AND WHITBURN,Collision - TTC,12,24,S,9029
2020-12-14,54,15:28,Monday,LAWRENCE AND WARDEN,Operations - Operator,13,26,E,8790
2020-12-14,945,15:29,Monday,KIPLING LOOP,Security,10,20,,8443
2020-12-14,61,15:29,Monday,AVENUE AND LAWRENCE,Collision - TTC,16,60,N,1278
2020-12-14,102,15:32,Monday,ST CLAIR AND ELFRESDA,Mechanical,11,22,N,9207
2020-12-14,6,15:38,Monday,BAY AND KING,Collision - TTC,10,20,N,1007
2020-12-14,39,15:46,Monday,NEILSON AND CROW TRAIL,Cleaning,6,7,W,9079
2020-12-14,106,15:59,Monday,PIONEER VILLAGE STATIO,Emergency Services,12,24,N,8146
2020-12-14,25,16:06,Monday,OVERLEA AND THORNCLIFF,Collision - TTC,10,19,W,8706
2020-12-14,34,16:27,Monday,EGLINTON AND BAYVIEW,Mechanical,7,13,E,8893
2020-12-14,39,16:38,Monday,NEILSON AND CROW TRAIL,Cleaning,4,7,S,9073
2020-12-14,65,17:12,Monday,CASTLE FRANK STATION,Security,13,26,,3149
2020-12-14,60,17:33,Monday,PIONEER VILLAGE STATIO,Mechanical,9,18,E,3263
2020-12-14,60,17:42,Monday,PIONEER VILLAGE STATIO,Operations - Operator,9,18,E,3244
2020-12-14,60,17:43,Monday,PIONEER VILLAGE STATIO,Operations - Operator,9,18,E,3609
2020-12-14,20,17:44,Monday,MIDLAND AND TOWN HAVEN,Road Blocked - NON-TTC Collision,65,85,,9229
2020-12-14,63,17:58,Monday,EAST LIBERTY AND PIRAN,Investigation,7,14,W,1275
2020-12-14,112,18:00,Monday,DUNDAS AND WILMAR,Collision - TTC,10,20,W,7920
2020-12-14,952,18:19,Monday,LAWRENCE AND WESTON,Collision - TTC,12,24,E,8126
2020-12-14,100,18:32,Monday,OVERLEA AND DON MILLS,Operations - Operator,2,4,N,0
2020-12-14,87,18:33,Monday,MAIN STREET STATION,Operations - Operator,11,22,E,8596
2020-12-14,63,18:44,Monday,OSSINGTON AND HUMBERLA,Mechanical,15,30,N,8104
2020-12-14,34,18:47,Monday,EGLINTON AND ROSEMOUNT,Security,0,0,W,8762
2020-12-14,935,18:51,Monday,ARROW GARAGE,Mechanical,10,20,S,3329
2020-12-14,41,19:20,Monday,KEELE STATION,Emergency Services,12,24,,9053
2020-12-14,100,19:50,Monday,DON MILLS AND WYNFORD,Cleaning,9,18,E,8741
2020-12-14,,20:11,Monday,LAKESHORE GARAGE (WHEE,Emergency Services,0,0,,0
2020-12-14,51,20:46,Monday,EGLINTON AND RUMSEY,Operations - Operator,26,52,W,8332
2020-12-14,929,21:40,Monday,EXHIBITION LOOP,Mechanical,10,20,S,1063
2020-12-14,,22:12,Monday,BIRCHMOUNT GARAGE,Operations - Operator,0,0,,0
2020-12-14,165,22:46,Monday,WILSON AND KEELE,Mechanical,9,19,N,3578
2020-12-14,7,00:17,Monday,BATHURST AND MCALLISTE,Road Blocked - NON-TTC Collision,71,81,S,0
2020-12-14,62,00:32,Monday,MAIN STREET STATION (J,Security,20,40,S,8549
2020-12-15,116,05:25,Tuesday,KENNEDY STATION,Emergency Services,0,0,,8764
2020-12-15,34,06:32,Tuesday,EGLINTON STATION,Emergency Services,1,1,,8665
2020-12-15,95,06:34,Tuesday,YORK MILLS AND UPJOHN,Operations - Operator,2,7,,1393
2020-12-15,32,06:58,Tuesday,EGLINTON STATION,Emergency Services,0,0,,3739
2020-12-15,28,07:05,Tuesday,BAYVIEW AND DAVISVILLE,Road Blocked - NON-TTC Collision,46,66,S,0
2020-12-15,935,07:17,Tuesday,SIGNET AND FENMAR,Collision - TTC,7,14,N,3618
2020-12-15,77,07:42,Tuesday,QUEENSWAY AND COEHILL,General Delay,676,685,S,1205
2020-12-15,45,07:59,Tuesday,STEELES AND KIPLING,Operations - Operator,26,52,S,8038
2020-12-15,54,08:03,Tuesday,EGLINTON AND REDPATH,Collision - TTC,8,16,W,8802
2020-12-15,35,08:07,Tuesday,STEELES AND NORTH WEST,Mechanical,10,20,S,3591
2020-12-15,35,08:26,Tuesday,JANE STATION,Operations - Operator,7,14,,3361
2020-12-15,85,09:09,Tuesday,SHEPPARD AND LESLIE,Security,23,46,W,3453
2020-12-15,79,09:30,Tuesday,RUNNYMEDE STATION,Operations - Operator,17,34,S,1263
2020-12-15,43,09:44,Tuesday,KENNEDY STATION,Cleaning,3,13,E,8776
2020-12-15,133,09:45,Tuesday,SCARBOROUGH CENTRE STA,Cleaning,11,22,N,3450
2020-12-15,95,10:04,Tuesday,ELLESMERE STATION,Cleaning,20,40,E,3568
2020-12-15,122,10:04,Tuesday,YORK MILLS STATION,Cleaning,17,34,N,8394
2020-12-15,43,10:05,Tuesday,KENNEDY STATION,Cleaning,15,30,W,8822
2020-12-15,75,10:18,Tuesday,BLOOR AND SHERBOURNE,Cleaning,1,1,N,1234
2020-12-15,43,10:20,Tuesday,KENNEDY STATION,Cleaning,15,30,N,8657
2020-12-15,133,10:29,Tuesday,NEILSON AND CROW TRAIL,Cleaning,11,22,,3502
2020-12-15,132,10:32,Tuesday,SCARBOROUGH CENTRE STA,Operations - Operator,24,48,E,1385
2020-12-15,132,10:32,Tuesday,SCARBOROUGH CENTRE STA,Cleaning,24,48,E,1385
2020-12-15,7,10:41,Tuesday,BATHURST AND DAVENPORT,Collision - TTC,8,17,S,8344
2020-12-15,43,10:44,Tuesday,KENNEDY STATION,Cleaning,10,20,S,8867
2020-12-15,59,10:44,Tuesday,OAK AND WESTON,Cleaning,45,90,S,3273
2020-12-15,95,10:44,Tuesday,ELLESMERE STATION,Cleaning,20,40,E,1662
2020-12-15,162,11:00,Tuesday,LAWRENCE AND DONWAY EA,General Delay,900,930,S,8372
2020-12-15,43,11:04,Tuesday,KENNEDY STATION,Cleaning,6,10,S,8671
2020-12-15,43,11:11,Tuesday,KENNEDY STATION,Cleaning,10,20,,8762
2020-12-15,122,11:12,Tuesday,YORK MILLS STATION,Cleaning,17,34,E,8306
2020-12-15,109,11:17,Tuesday,LAWRENCE WEST STATION,Operations - Operator,30,60,E,1218
2020-12-15,133,11:18,Tuesday,SCARBOROUGH CENTRE STA,Cleaning,11,22,,3404
2020-12-15,54,11:23,Tuesday,LAWRENCE EAST STATION,Mechanical,12,24,,8855
2020-12-15,7,11:34,Tuesday,BATHURST AND WELLS,Cleaning,8,17,N,8134
2020-12-15,133,11:34,Tuesday,SCARBOROUGH CENTRE STA,Cleaning,11,22,N,3537
2020-12-15,43,11:34,Tuesday,KENNEDY STATION,Cleaning,10,20,S,8758
2020-12-15,47,11:47,Tuesday,EARLSCOURT LOOP,Cleaning,8,16,,1354
2020-12-15,122,11:57,Tuesday,YORK MILLS STATION,Cleaning,17,34,,8364
2020-12-15,59,12:00,Tuesday,OAK AND WESTON,Cleaning,45,90,W,3328
2020-12-15,45,12:03,Tuesday,KIPLING STATION,Mechanical,12,24,,8466
2020-12-15,929,12:05,Tuesday,DUFFERIN AND DUNDAS,Cleaning,10,20,S,1075
2020-12-15,905,12:17,Tuesday,UNIVERSITY OF TORONTO,Vision,8,16,W,8935
2020-12-15,43,12:24,Tuesday,KENNEDY STATION,Cleaning,10,20,N,8732
2020-12-15,86,12:52,Tuesday,KENNEDY STATION,Operations - Operator,20,40,W,8692
2020-12-15,116,13:01,Tuesday,MORNINGSIDE AND PIXLEY,Security,8,11,N,8704
2020-12-15,36,13:07,Tuesday,FINCH AND DUNCANWOODS,General Delay,30,60,W,3576
2020-12-15,34,13:09,Tuesday,EGLINTON AND BERMONDSE,Mechanical,12,24,W,8884
2020-12-15,39,13:37,Tuesday,FINCH AND NEILSON,Cleaning,16,32,E,9079
2020-12-15,59,13:41,Tuesday,WESTON AND OAK,Cleaning,45,90,S,3597
2020-12-15,7,14:03,Tuesday,GREENWIN VILLAGE AND B,Cleaning,8,15,W,8195
2020-12-15,102,14:03,Tuesday,WARDEN STATION,Utilized Off Route,22,44,N,3113
2020-12-15,927,14:08,Tuesday,STEELES AND MARTIN GRO,Mechanical,8,16,E,3271
2020-12-15,39,14:15,Tuesday,OLD FINCH AND HARVEST,Emergency Services,12,32,W,9078
2020-12-15,7,14:34,Tuesday,BATHURST AND SOUTHBOUR,Mechanical,7,15,N,8355
2020-12-15,57,14:46,Tuesday,KENNEDY STATION,Cleaning,14,28,N,8738
2020-12-15,905,15:08,Tuesday,MORNINGSIDE AND KINGST,Collision - TTC,8,16,S,8900
2020-12-15,100,15:38,Tuesday,BRAODVIEW AND POTTERY,Collision - TTC,0,8,S,8705
2020-12-15,39,15:40,Tuesday,FINCH AND MARKHAM,Cleaning,16,23,S,3421
2020-12-15,37,16:09,Tuesday,ISLINGTON AND ALBION,Road Blocked - NON-TTC Collision,160,175,,0
2020-12-15,39,16:15,Tuesday,NEILSON AND FINCH,Operations - Operator,2,9,S,3468
2020-12-15,112,16:24,Tuesday,WEST MALL AND BURNHAMT,Security,20,40,S,8422
2020-12-15,167,16:30,Tuesday,PHARMACY AND S OF GORD,Mechanical,30,60,S,8493
2020-12-15,167,16:30,Tuesday,PHARMACY AND STEELES,Mechanical,30,60,S,8493
2020-12-15,32,16:41,Tuesday,RENFORTH STATION,Vision,10,20,E,3276
2020-12-15,85,16:45,Tuesday,SHEPPARD AND SHORTING,Mechanical,13,26,W,9086
2020-12-15,124,17:27,Tuesday,LAWRENCE STATION,Cleaning,11,22,E,8380
2020-12-15,112,17:39,Tuesday,KIPLING STATION,Operations - Operator,20,40,N,8023
2020-12-15,96,17:44,Tuesday,WILSON AND JANE,Operations - Operator,20,40,,0
2020-12-15,73,17:45,Tuesday,ROYAL YORK STATION,Operations - Operator,25,50,,7927
2020-12-15,913,17:58,Tuesday,LEE CENTRE DRIVE AT CO,Emergency Services,7,15,W,3486
2020-12-15,117,18:07,Tuesday,SHEPPARD WEST STATION,Operations - Operator,20,40,,1227
2020-12-15,73,18:18,Tuesday,NORTH YORK STATION,Operations - Operator,25,50,N,0
2020-12-15,32,18:20,Tuesday,EGLINTON AND KEELE,Mechanical,9,18,W,1141
2020-12-15,100,18:32,Tuesday,OVERLEA AND DON MILLS,Security,2,6,W,3757
2020-12-15,84,18:47,Tuesday,SHEPPARD AND KEELE,Investigation,10,20,W,3300
2020-12-15,12,18:48,Tuesday,VICTORIA PARK STATION,Operations - Operator,23,46,,8553
2020-12-15,101,18:54,Tuesday,CARL HALL ROAD AND CHE,Security,20,40,W,3369
2020-12-15,131,19:14,Tuesday,SEWELLS AND MORNINGSID,Vision,10,20,E,3521
2020-12-15,43,19:20,Tuesday,KENNEDY AND PROGRESS,Emergency Services,8,16,S,8906
2020-12-15,54,19:37,Tuesday,LAWRENCE STATION,Vision,12,25,W,8931
2020-12-15,39,19:54,Tuesday,NEILSON AND CROW TRAIL,Mechanical,4,7,S,3446
2020-12-15,52,19:57,Tuesday,LAWRENCE AND PINE,Mechanical,10,20,N,1606
2020-12-15,120,20:06,Tuesday,MANIZA AND PLEWERS,Collision - TTC,30,60,N,3596
2020-12-15,52,20:20,Tuesday,LAWRENCE WEST STATION,Mechanical,13,26,E,8372
2020-12-15,79,22:40,Tuesday,PINE AND LAWRENCE,Mechanical,15,28,N,1023
2020-12-15,2,22:49,Tuesday,BLOOR AND CASTLE FRANK,Investigation,0,0,E,8527
2020-12-15,71,00:03,Tuesday,MT DENNIS GARAGE,Collision - TTC,17,34,,1144
2020-12-15,41,00:25,Tuesday,KEELE STATION,Mechanical,25,50,N,9147
2020-12-15,123,01:06,Tuesday,LONG BRANCH LOOP,Security,20,40,E,7934
2020-12-15,133,01:15,Tuesday,ELLESMERE AND MARKHAM,Security,13,26,E,3423
2020-12-15,72,01:18,Tuesday,CARLAW AND EASTERN,Road Blocked - NON-TTC Collision,52,70,,3120
2020-12-15,36,01:46,Tuesday,FINCH AND WESTON,Security,30,60,W,3218
2020-12-16,162,05:36,Wednesday,THE DOWNWAY AND LAWREN,General Delay,69,89,S,0
2020-12-16,163,05:44,Wednesday,MARLEE AND VIEWMOUNT,Investigation,30,43,S,8310
2020-12-16,35,06:26,Wednesday,JANE AND SHEPPARD,Emergency Services,5,10,S,3332
2020-12-16,77,06:27,Wednesday,RUNNYMEDE STATION,Mechanical,9,18,,1102
2020-12-16,26,06:37,Wednesday,JANE STATION,Emergency Services,16,32,,1011
2020-12-16,36,06:42,Wednesday,FINCH AND WESTON,Vision,5,10,W,9129
2020-12-16,11,06:57,Wednesday,DAVISVILLE STATION,Vision,16,32,W,1252
2020-12-16,32,07:00,Wednesday,EGLINTON AND STRATHEAR,Collision - TTC,7,14,E,1005
2020-12-16,130,07:02,Wednesday,SCARBOROUGH CENTRE STA,Mechanical,20,40,S,3538
2020-12-16,42,09:29,Wednesday,FINCH STATION,Cleaning,0,0,,8356
2020-12-16,42,09:29,Wednesday,DYNAMIC DR AND MCNICOL,Cleaning,0,0,W,8132
2020-12-16,88,09:41,Wednesday,WICKSTEED AND BETH NEL,General Delay,35,85,,0
2020-12-16,25,09:42,Wednesday,FINCH STATION,Cleaning,0,0,,8204
2020-12-16,60,09:43,Wednesday,FINCH STATION,Cleaning,0,0,,9115
2020-12-16,43,09:44,Wednesday,KENNEDY STATION,Cleaning,3,13,E,8673
2020-12-16,54,09:55,Wednesday,EGLINTON AND MOUNT PLE,Collision - TTC,12,24,W,8777
2020-12-16,61,09:56,Wednesday,EGLINTON STATION,Operations - Operator,20,40,S,8349
2020-12-16,43,10:05,Wednesday,KENNEDY STATION,Cleaning,15,30,N,8742
2020-12-16,43,10:14,Wednesday,KENNEDY STATION,Cleaning,10,20,S,8895
2020-12-16,17,10:17,Wednesday,BIRCHMOUNT GARAGE,Collision - TTC,13,26,,8541
2020-12-16,95,10:24,Wednesday,ELLESMERE STATION,Cleaning,20,40,E,1392
2020-12-16,89,10:28,Wednesday,LAWRENCE AND WESTON,Emergency Services,11,17,E,9025
2020-12-16,95,10:29,Wednesday,ELLESMERE CUL DE SAC,Cleaning,20,40,E,3401
2020-12-16,125,10:30,Wednesday,FINCH STATION,Cleaning,0,0,E,8209
2020-12-16,43,10:34,Wednesday,KENNEDY STATION,Cleaning,10,20,N,8671
2020-12-16,53,10:37,Wednesday,STEELES AND SHADLOCK,Security,18,36,,9097
2020-12-16,122,10:38,Wednesday,YORK MILLS STATION,Cleaning,17,34,S,8389
2020-12-16,59,10:40,Wednesday,OAK AND WESTON,Cleaning,45,90,N,3645
2020-12-16,34,10:48,Wednesday,EGLINTON AND MT PLEASA,Collision - TTC,12,23,E,8859
2020-12-16,131,10:49,Wednesday,MCCOWAN AND PROGRESS,Operations - Operator,13,26,N,1401
2020-12-16,43,10:54,Wednesday,KENNEDY STATION,Cleaning,11,15,E,8834
2020-12-16,35,10:54,Wednesday,PIONEER VILLAGE STATIO,Cleaning,7,14,N,3350
2020-12-16,41,10:56,Wednesday,KEELE STATION,Cleaning,12,25,N,9029
2020-12-16,109,10:57,Wednesday,LAWRENCE WEST STATION,Operations - Operator,30,60,E,1246
2020-12-16,110,11:12,Wednesday,ISLINGTON AND NORSEMAN,Road Blocked - NON-TTC Collision,23,41,N,0
2020-12-16,69,11:15,Wednesday,KINGSTON ROAD AND BIRC,Operations - Operator,11,22,W,8516
2020-12-16,43,11:24,Wednesday,KENNEDY STATION,Cleaning,10,20,E,8828
2020-12-16,47,11:37,Wednesday,QUEEN AND LANSDOWNE,Cleaning,15,30,N,1086
2020-12-16,999,11:45,Wednesday,SCARBOROUGH CENTRE STA,Operations - Operator,0,0,,8414
2020-12-16,935,11:48,Wednesday,JANE AND WILSON,Mechanical,10,20,N,3647
2020-12-16,43,11:50,Wednesday,KENNEDY STATION,Cleaning,15,30,S,8721
2020-12-16,73,11:57,Wednesday,ROYAL YORK STATION,Operations - Operator,20,40,,0
2020-12-16,112,12:11,Wednesday,KIPLING STATION,Cleaning,24,47,,8425
2020-12-16,43,12:14,Wednesday,KENNEDY STATION,Cleaning,10,20,N,8940
2020-12-16,61,12:34,Wednesday,BOMBAY LOOP,Mechanical,20,20,S,8349
2020-12-16,40,12:39,Wednesday,DUNDAS WEST STATION,Cleaning,15,30,W,8037
2020-12-16,189,12:40,Wednesday,HIGH PARK STATION,Operations - Operator,25,50,W,1121
2020-12-16,54,13:11,Wednesday,LAWRENCE RT STATION,Cleaning,14,28,E,8752
2020-12-16,167,13:11,Wednesday,VICTORIA PARK AND ESQU,Collision - TTC,30,60,N,3159
2020-12-16,32,13:20,Wednesday,EGLINTON STATION,Mechanical,13,26,E,3739
2020-12-16,86,13:37,Wednesday,KINGSTON AND GALLOWAY,Collision - TTC,10,20,E,8887
2020-12-16,133,13:42,Wednesday,SHEPPARD AND NEILSON,Cleaning,11,22,W,1240
2020-12-16,29,13:43,Wednesday,DUFFERIN AND MELBOURNE,Cleaning,7,15,S,9056
2020-12-16,133,13:45,Wednesday,SCARBOROUGH CENTRE STA,Cleaning,11,22,S,1403
2020-12-16,133,13:53,Wednesday,SCARBOROUGH CENTRE STA,Cleaning,11,22,S,1404
2020-12-16,900,14:00,Wednesday,KIPLING STATION,Mechanical,12,24,N,8089
2020-12-16,133,14:02,Wednesday,SCARBOROUGH CENTRE STA,Cleaning,11,22,S,1207
2020-12-16,20,14:13,Wednesday,KENNEDY AND FOXRIDGE,Operations - Operator,20,40,E,8958
2020-12-16,89,14:14,Wednesday,WESTON AND ALBION,Mechanical,11,22,S,9026
2020-12-16,68,14:14,Wednesday,WARDEN AND SHEPPARD,Mechanical,12,25,S,8902
2020-12-16,87,14:18,Wednesday,BROADVIEW STATION,Mechanical,11,22,W,8556
2020-12-16,59,14:25,Wednesday,OAK AND WESTON,Cleaning,25,50,W,3214
2020-12-16,89,14:25,Wednesday,WESTON AND WALSH,Emergency Services,11,22,N,9141
2020-12-16,935,14:29,Wednesday,JANE STATION,Cleaning,9,18,N,3572
2020-12-16,29,14:30,Wednesday,DUFFERIN AND LAWRENCE,Security,0,0,N,9037
2020-12-16,29,14:32,Wednesday,DUFFERIN AND LAWRENCE,Cleaning,7,15,N,9037
2020-12-16,72,14:43,Wednesday,PAPE STATION,Mechanical,19,38,E,3101
2020-12-16,35,14:46,Wednesday,PIONEER VILLAGE STATIO,Mechanical,10,20,S,3250
2020-12-16,37,14:51,Wednesday,ISLINGTON STATION,Investigation,15,30,,8067
2020-12-16,133,14:55,Wednesday,MORNINGSIDE AND FINCH,Cleaning,11,22,N,1209
2020-12-16,89,15:18,Wednesday,KEELE STATION,Mechanical,11,22,N,9025
2020-12-16,89,15:18,Wednesday,KEELE STATION,Mechanical,11,22,N,9025
2020-12-16,112,15:28,Wednesday,THE WEST MALL AND BLOO,Security,20,40,N,8039
2020-12-16,133,15:48,Wednesday,SCARBOROUGH CENTRE STA,Cleaning,7,15,S,1339
2020-12-16,45,15:51,Wednesday,KIPLING AND KIDRON VAL,Mechanical,13,26,S,8617
2020-12-16,42,16:20,Wednesday,MCNICOLL AND MOGUL,Security,13,26,W,8214
2020-12-16,16,16:25,Wednesday,DANFORTH AND BRIMLEY,Mechanical,5,10,S,8586
2020-12-16,36,16:29,Wednesday,FINCH WEST STATION,Emergency Services,6,12,S,9132
2020-12-16,66,16:30,Wednesday,MARINE PARADE DRIVE,Mechanical,10,20,N,1019
2020-12-16,986,16:57,Wednesday,EGLINTON AND BELLAMY,Collision - TTC,10,20,W,8927
2020-12-16,29,17:06,Wednesday,WILSON STATION,Cleaning,7,15,S,9140
2020-12-16,112,17:22,Wednesday,RENFORTH AND KIPLING,Operations - Operator,20,40,N,8032
2020-12-16,29,17:24,Wednesday,DUFFERIN AND DUNDAS,Emergency Services,0,0,S,9043
2020-12-16,36,17:27,Wednesday,FINCH WEST STATION,Security,6,12,,9125
2020-12-16,941,17:29,Wednesday,KEELE AND INGRAM,Cleaning,7,15,N,1595
2020-12-16,133,17:36,Wednesday,SCARBOROUGH CENTRE STA,Cleaning,7,15,N,1322
2020-12-16,929,17:59,Wednesday,DUFFERIN AND KING,Cleaning,10,20,S,1146
2020-12-16,63,18:12,Wednesday,OAKWOOD LOOP,Mechanical,7,14,,8182
2020-12-16,100,18:52,Wednesday,WYNFORD AND WYNFORD HE,Cleaning,9,18,S,8723
2020-12-16,34,19:17,Wednesday,KENNEDY STATION,Cleaning,7,14,W,8669
2020-12-16,84,19:25,Wednesday,SHEPPARD STATION,Mechanical,8,16,E,3203
2020-12-16,52,19:43,Wednesday,THE WEST WAY AND ISLIN,Cleaning,13,26,W,8198
2020-12-16,52,20:02,Wednesday,LAWRENCE WEST STATION,Investigation,13,26,E,8183
2020-12-16,32,20:24,Wednesday,PINE AND LAWRENCE,Mechanical,10,20,S,1134
2020-12-16,52,20:30,Wednesday,AIRPORT AND DERRY,Security,13,26,W,8129
2020-12-16,54,21:10,Wednesday,EGLINTON STATION,Cleaning,15,30,E,8663
2020-12-16,2,00:57,Wednesday,DANFORTH AND WOODBINE,Collision - TTC,0,0,W,3621
2020-12-16,131,01:10,Wednesday,MORNINGSIDE AND MCLEVI,Security,15,30,N,3438
2020-12-17,35,03:29,Thursday,IAN MACDONALD AND CHIM,Operations - Operator,30,60,S,0
2020-12-17,332,04:31,Thursday,PEARSON AIRPORT T 1 AR,Security,15,30,,1415
2020-12-17,34,05:21,Thursday,KENNEDY STATION,Mechanical,2,8,,8944
2020-12-17,34,06:29,Thursday,MT PLEASANT AND EGLINT,Security,17,23,E,8623
2020-12-17,44,06:38,Thursday,COLONEL SAMUEL SMITH P,Mechanical,7,16,W,8433
2020-12-17,600,06:40,Thursday,MALVERN GARAGE,Security,0,0,,3471
2020-12-17,165,06:50,Thursday,WESTON AND FENMAR,General Delay,36,42,S,0
2020-12-17,905,07:01,Thursday,KENNEDY STATION,Mechanical,10,21,E,8835
2020-12-17,129,07:04,Thursday,MCCOWAN AND OPPOSITE M,Mechanical,7,14,N,3401
2020-12-17,7,07:09,Thursday,BATHURST AND DOUGLAS A,Emergency Services,8,17,N,8328
2020-12-17,123,07:11,Thursday,KIPLING STATION,Operations - Operator,21,42,S,7925
2020-12-17,100,07:12,Thursday,WYNFORD AND DON MILLS,Security,6,12,E,8770
2020-12-17,36,07:14,Thursday,FINCH WEST STATION,Mechanical,5,10,N,3351
2020-12-17,29,07:25,Thursday,DUFFERIN AND DUPONT,Security,8,17,N,9022
2020-12-17,95,07:27,Thursday,BIRCHMOUNT AND ELLESME,Mechanical,2,8,N,3549
2020-12-17,111,08:10,Thursday,THE EAST MALL AND CAPR,Collision - TTC,12,24,N,7968
2020-12-17,60,08:13,Thursday,PIONEER VILLAGE STATIO,Vision,0,0,E,3313
2020-12-17,54,08:14,Thursday,LAWRENCE AND PHARMACY,Collision - TTC,12,24,E,8806
2020-12-17,45,08:25,Thursday,STEELES AND KIPLING,Operations - Operator,26,51,S,8074
2020-12-17,34,08:51,Thursday,EGLINTON AND HOYLE,Collision - TTC,6,12,E,8865
2020-12-17,123,09:00,Thursday,KIPLING STATION,Operations - Operator,21,42,W,7949
2020-12-17,11,09:04,Thursday,DAVISVILLE STATION,Cleaning,13,26,W,8318
2020-12-17,133,09:23,Thursday,FINCH AND MORNINGSIDE,Cleaning,11,22,N,1679
2020-12-17,43,09:33,Thursday,KENNEDY STATION,Emergency Services,0,0,,8672
2020-12-17,133,09:36,Thursday,STAINES AND POINT ROUG,Cleaning,11,22,S,1403
2020-12-17,34,09:43,Thursday,EGLINTON AND REDPATH,Security,12,24,E,8738
2020-12-17,43,09:44,Thursday,KENNEDY STATION,Cleaning,3,13,N,8640
2020-12-17,86,10:09,Thursday,HIGHLAND CREEK AND KIN,Mechanical,10,20,N,8768
2020-12-17,73,10:10,Thursday,ALBION AND ISLINGTON,Investigation,17,34,W,8448
2020-12-17,60,10:15,Thursday,FINCH STATION,Cleaning,9,19,W,3300
2020-12-17,116,10:19,Thursday,EGLINTON AND BRIMLEY,Mechanical,11,22,E,8786
2020-12-17,97,10:24,Thursday,AVENUE AND BRIAR HILL,Collision - TTC,0,0,N,8123
2020-12-17,123,10:34,Thursday,KIPLING STATION,Operations - Operator,21,42,E,8025
2020-12-17,43,10:41,Thursday,KENNEDY STATION,Cleaning,10,20,N,8853
2020-12-17,12,10:48,Thursday,VICTORIA PARK STATION,Operations - Operator,25,50,E,8491
2020-12-17,36,11:03,Thursday,ARROW RD GARAGE,Collision - TTC,0,0,,3279
2020-12-17,59,11:03,Thursday,OAK AND WESTON,Cleaning,45,90,E,3305
2020-12-17,74,11:10,Thursday,ST. CLAIR STATION,Mechanical,25,50,N,7369
2020-12-17,122,11:10,Thursday,YORK MILLS STATION,Cleaning,17,34,W,8163
2020-12-17,64,11:13,Thursday,MAIN STREET STATION,Cleaning,10,20,S,8504
2020-12-17,133,11:19,Thursday,NEILSON AND TAPSCOTT,Cleaning,11,22,E,1240
2020-12-17,133,11:23,Thursday,SCARBOROUGH CENTRE STA,Cleaning,11,22,W,1209
2020-12-17,935,11:24,Thursday,JANE AND BRADLEY,Emergency Services,9,18,S,3622
2020-12-17,43,11:34,Thursday,KENNEDY STATION,Cleaning,10,20,N,8725
2020-12-17,76,11:37,Thursday,ROYAL YORK STATION,Collision - TTC,30,60,S,8460
2020-12-17,133,11:41,Thursday,FINCH AND FINCHDENE,Cleaning,11,22,W,1676
2020-12-17,54,11:45,Thursday,LAWRENCE BETWEEN WARDE,Road Blocked - NON-TTC Collision,12,212,W,0
2020-12-17,109,12:00,Thursday,LAWRENCE WEST STATION,Operations - Operator,30,60,N,1365
2020-12-17,60,12:11,Thursday,FINCH STATION,Mechanical,9,18,W,3337
2020-12-17,117,12:13,Thursday,SHEPPARD WEST STATION,Operations - Operator,20,40,N,1362
2020-12-17,133,12:15,Thursday,FINCH AND MORNINGSIDE,Cleaning,11,22,S,3479
2020-12-17,51,12:32,Thursday,EGLINTON AND DUNFIELD,General Delay,26,128,E,0
2020-12-17,34,12:33,Thursday,EGLINTON AND DUNFIELD,Investigation,12,24,E,8818
2020-12-17,122,12:37,Thursday,YORK MILLS STATION,Cleaning,17,34,E,8339
2020-12-17,122,12:37,Thursday,YORK MILLS STATION,Cleaning,17,34,E,8339
2020-12-17,29,12:47,Thursday,DUFFERIN AND SYLVAN,Collision - TTC,6,12,S,9022
2020-12-17,53,12:55,Thursday,FINCH STATION,Security,18,36,,9068
2020-12-17,72,13:08,Thursday,PAPE STATION,Operations - Operator,19,38,,8574
2020-12-17,67,13:09,Thursday,PHARMACY AND ELLESMERE,Mechanical,15,30,S,8654
2020-12-17,165,13:23,Thursday,WESTON AND KENHAR,Emergency Services,12,24,S,3598
2020-12-17,39,13:36,Thursday,FINCH AND NEILSON,Cleaning,8,16,W,9058
2020-12-17,112,13:39,Thursday,KIPLING STATION,Mechanical,24,48,N,8471
2020-12-17,17,13:43,Thursday,WARDEN STATION,Mechanical,13,26,N,8591
2020-12-17,86,13:44,Thursday,CORONATION AND MANSE,Collision - TTC,5,10,W,8828
2020-12-17,95,13:44,Thursday,ELLESMERE STATION,Cleaning,20,40,W,3543
2020-12-17,34,13:54,Thursday,EGLINTON STATION,Security,0,0,E,8637
2020-12-17,54,13:59,Thursday,EGLINTON STATION,Operations - Operator,12,25,E,8929
2020-12-17,11,14:00,Thursday,DAVISVILLE STATION,Operations - Operator,13,26,N,8122
2020-12-17,35,14:03,Thursday,PIONEER VILLAGE STATIO,Operations - Operator,10,20,S,0
2020-12-17,36,14:04,Thursday,FINCH AND ARROW,Cleaning,5,10,W,3238
2020-12-17,68,14:08,Thursday,WARDEN STATION,Utilized Off Route,31,62,N,8800
2020-12-17,20,14:13,Thursday,KENNEDY STATION,Operations - Operator,20,40,W,8576
2020-12-17,123,14:25,Thursday,NORTH QUEEN AND INDEX,Security,0,0,E,7925
2020-12-17,112,14:47,Thursday,KIPLING STATION,Operations - Operator,24,48,S,8601
2020-12-17,133,14:53,Thursday,MORNINGSIDE AND FINCH,Cleaning,11,22,E,1322
2020-12-17,112,15:11,Thursday,KIPLING STATION,Operations - Operator,24,44,E,8069
2020-12-17,133,15:14,Thursday,SCARBOROUGH TOWN CENTR,Cleaning,11,22,E,1320
2020-12-17,163,15:20,Thursday,LAWRENCE AND MARLEE,Road Blocked - NON-TTC Collision,29,41,S,8192
2020-12-17,935,15:33,Thursday,JANE AND FINCH,Mechanical,10,20,E,3363
2020-12-17,39,15:40,Thursday,FINCH AND MARKHAM,Cleaning,14,23,E,9061
2020-12-17,75,15:58,Thursday,SHERBOURNE AND HOWARD,Investigation,10,20,N,8351
2020-12-17,60,16:02,Thursday,YONGE AND MOORE PARK,Road Blocked - NON-TTC Collision,28,38,S,0
2020-12-17,135,16:03,Thursday,QUEENSBURY AND CLONMOR,Road Blocked - NON-TTC Collision,282,302,E,9200
2020-12-17,53,16:07,Thursday,YONGE AND MOORE PARK,Road Blocked - NON-TTC Collision,0,0,S,9078
2020-12-17,36,16:10,Thursday,FINCH WEST STATION,Mechanical,5,10,W,3641
2020-12-17,43,16:12,Thursday,KENNEDY AND FINCH,Collision - TTC,8,16,N,8640
2020-12-17,60,16:23,Thursday,YONGE AND MOORE PARK,Road Blocked - NON-TTC Collision,9,18,,3344
2020-12-17,86,16:45,Thursday,KENNDY STN,Emergency Services,16,32,,8736
2020-12-17,93,16:45,Thursday,ROYAL YORK STATION,Operations - Operator,31,62,N,0
2020-12-17,94,17:02,Thursday,CASTLE FRANK STATION,Mechanical,17,34,W,3749
2020-12-17,52,17:02,Thursday,LAWRENCE AND UNSWORTH,Mechanical,7,14,W,1230
2020-12-17,102,17:23,Thursday,KINGSTON AND CATHERDRI,Security,22,44,E,3125
2020-12-17,36,17:30,Thursday,FINCH WEST STATION,Emergency Services,6,12,,3227
2020-12-17,42,18:19,Thursday,FINCH STATION,Mechanical,15,30,E,8333
2020-12-17,24,18:19,Thursday,VICTORIA PARK STATION,Collision - TTC,9,14,,8566
2020-12-17,24,18:31,Thursday,VICTORIA PARK STATION,Collision - TTC,10,19,,3105
2020-12-17,31,18:44,Thursday,GREENWOOD STATION,Security,12,24,,8485
2020-12-17,8,18:51,Thursday,DON MILLS AND O'CONNOR,Collision - TTC,30,60,W,8534
2020-12-17,113,18:59,Thursday,DANFORTH AVENUE AT MAI,Investigation,0,0,W,3174
2020-12-17,60,19:04,Thursday,QUEENS QUAY AND DOCKSI,Mechanical,25,35,,3726
2020-12-17,,19:06,Thursday,BIRCHMOUNT GARAGE,Collision - TTC,0,0,,8546
2020-12-17,41,19:36,Thursday,KEELE AND ST REGIS,Road Blocked - NON-TTC Collision,55,67,N,9024
2020-12-17,34,19:40,Thursday,EGLINTON STATION,Mechanical,2,7,,8706
2020-12-17,108,20:05,Thursday,KEELE AND ST REGIS,Road Blocked - NON-TTC Collision,28,50,E,0
2020-12-17,929,20:09,Thursday,TRANSIT AND WILSON,Security,10,20,,1050
2020-12-17,41,20:31,Thursday,KEELE AND SHEPPARD,Mechanical,16,32,N,0
2020-12-17,126,20:38,Thursday,ST CLAIR WEST STATION,Operations - Operator,30,30,,1208
2020-12-17,,20:48,Thursday,DANFORTH AND PARKMOUNT,Collision - TTC,0,0,W,0
2020-12-17,75,20:57,Thursday,SHERBOURNE AND BLOOR,Security,13,26,N,1293
2020-12-17,90,21:07,Thursday,VAUGHAN AND OAKWOOD,Emergency Services,9,18,,1210
2020-12-17,14,21:30,Thursday,ROSELAWN AND CHAPLIN,General Delay,20,40,,1099
2020-12-17,24,22:03,Thursday,VICTORIA PARK STATION,Collision - TTC,10,19,,3105
2020-12-17,36,23:07,Thursday,FINCH STATION,Operations - Operator,10,20,E,3289
2020-12-17,126,23:10,Thursday,VAUGHAN AND ST CLAIR,Investigation,32,62,W,0
2020-12-17,126,00:08,Thursday,ST CLAIR AND CHRISTIE,Road Blocked - NON-TTC Collision,67,97,S,0
2020-12-17,12,00:27,Thursday,VICTORIA PARK STATION,Security,23,46,S,9232
2020-12-17,600,01:54,Thursday,WOODBINE STATION,Mechanical,0,2,,1107
2020-12-18,7,05:18,Friday,BATHURST AND DAVENPORT,Cleaning,11,22,N,8326
2020-12-18,96,05:46,Friday,HUMBER COLLEGE AND HUM,Mechanical,42,42,N,3651
2020-12-18,96,05:46,Friday,HUMBER COLLEGE AND HUM,Mechanical,42,42,N,3651
2020-12-18,14,06:03,Friday,CALEDONIA AND GLENCAIR,Mechanical,20,40,E,1065
2020-12-18,24,06:29,Friday,VICTORIA PARK STATION,Collision - TTC,1,12,,8530
2020-12-18,160,06:41,Friday,PROMENADE TERMINAL,Mechanical,26,32,S,8390
2020-12-18,34,07:26,Friday,EGLINTON STATION,Operations - Operator,12,24,E,8806
2020-12-18,75,07:26,Friday,JARVIS AND QUEENS QUAY,Mechanical,6,15,N,1364
2020-12-18,52,07:30,Friday,LAWRENCE WEST STATION,Vision,5,10,E,1252
2020-12-18,95,07:57,Friday,ELLESMERE AND KINGSTON,Mechanical,8,16,E,3448
2020-12-18,52,08:10,Friday,LAWRENCE STATION,Mechanical,5,10,N,8365
2020-12-18,108,08:11,Friday,ARLETA AND MEDAL,Mechanical,8,16,E,3590
2020-12-18,95,08:12,Friday,ELLESMERE RT,Mechanical,10,14,W,3425
2020-12-18,36,08:22,Friday,FINCH WEST STATION,Operations - Operator,5,10,W,9114
2020-12-18,36,08:25,Friday,FINCH WEST STATION @ 0,Mechanical,5,10,,3600
2020-12-18,116,08:28,Friday,MORNINGSIDE AND NIGHTS,Collision - TTC,7,14,S,8866
2020-12-18,11,08:29,Friday,DAVISVILLE STATION,Cleaning,13,26,W,8317
2020-12-18,7,08:40,Friday,BATHURST AND GREENWIN,Security,8,16,N,1246
2020-12-18,,08:45,Friday,40 CARL HALL,Security,0,0,,0
2020-12-18,133,09:15,Friday,SHEPPARD AND MORNINGSI,Cleaning,11,22,E,1658
2020-12-18,133,09:26,Friday,MCCOWAN AND TRITON,Cleaning,11,22,N,3543
2020-12-18,125,09:42,Friday,FINCH STATION,Mechanical,8,16,S,1236
2020-12-18,106,09:54,Friday,SHEPPARD WEST STATION,Mechanical,13,26,N,8191
2020-12-18,133,10:05,Friday,SCARBOROUGH CENTRE STA,Cleaning,11,22,S,3520
2020-12-18,929,10:08,Friday,DUFFERIN AND AUBURN,Mechanical,10,20,N,1015
2020-12-18,133,10:09,Friday,NEILSON AND FINCH,Cleaning,11,22,W,3555
2020-12-18,36,10:13,Friday,HUMBERWOOD LOOP,Operations - Operator,5,10,W,9102
2020-12-18,106,10:15,Friday,SHEPPARD WEST STATION,Cleaning,13,26,N,8111
2020-12-18,905,10:43,Friday,KENNEDY STATION,Mechanical,8,16,,8636
2020-12-18,133,10:49,Friday,SCARBOROUGH CENTRE STA,Cleaning,11,22,W,3418
2020-12-18,133,10:49,Friday,SCARBOROUGH CENTRE STA,Cleaning,11,22,W,3418
2020-12-18,133,10:58,Friday,FINCH AND MORNINGSIDE,Cleaning,11,22,W,3564
2020-12-18,133,11:20,Friday,STAINES AND MANTIS,Cleaning,11,22,S,1392
2020-12-18,74,11:23,Friday,MT PLESASANT AND ROEHA,Investigation,25,50,S,8102
2020-12-18,92,11:40,Friday,WOODBINE AND QUEEN,Road Blocked - NON-TTC Collision,10,20,N,3113
2020-12-18,117,11:51,Friday,STEELES AND DUFFERIN,Operations - Operator,20,40,E,1251
2020-12-18,81,11:53,Friday,PAPE STATION,Security,11,22,,8960
2020-12-18,25,12:06,Friday,PAPE AND O'CONNOR,Security,10,20,N,8701
2020-12-18,24,12:20,Friday,VICTORIA PARK STATION,Collision - TTC,3,11,N,8561
2020-12-18,34,12:23,Friday,EGLINTON STATION,Operations - Operator,12,24,E,8744
2020-12-18,76,12:27,Friday,ROYAL YORK AND QUEENSW,Management,10,20,N,8077
2020-12-18,54,12:32,Friday,EGLINTON AND DUNCLIFFE,General Delay,25,127,,0
2020-12-18,56,12:32,Friday,EGLINTON AND DUNCLIFFE,General Delay,12,114,E,0
2020-12-18,39,12:41,Friday,FINCH STATION,Cleaning,16,32,W,9084
2020-12-18,85,12:53,Friday,SHEPPARD AND MCCOWAN,Mechanical,6,16,W,3456
2020-12-18,,13:04,Friday,ST CLAIR WEST STATION,Mechanical,134,149,N,8358
2020-12-18,6,13:06,Friday,BAY AND BLOOR,Mechanical,17,34,S,3739
2020-12-18,161,13:11,Friday,ROGERS AND SILVERTHORN,Security,0,0,W,1005
2020-12-18,600,13:32,Friday,FINCH STATION,Operations - Operator,1,1,,3560
2020-12-18,34,13:43,Friday,KENNEDY STATION,Operations - Operator,8,20,E,8792
2020-12-18,106,13:45,Friday,SHEPPARD WEST STATION,Operations - Operator,13,26,N,1367
2020-12-18,927,14:01,Friday,STEELES LOOP,Mechanical,8,16,S,3275
2020-12-18,,14:10,Friday,SHEPPARD WEST STATION,Mechanical,20,40,S,1234
2020-12-18,79,14:16,Friday,EGLINTON STATION,Operations - Operator,6,13,E,8878
2020-12-18,34,14:16,Friday,SCARLETT AND JANE,Mechanical,13,26,N,1057
2020-12-18,94,14:18,Friday,WELLESLEY STATION,General Delay,15,30,E,1007
2020-12-18,32,14:19,Friday,EGLINTON AND BLACK CRE,General Delay,0,0,E,1028
2020-12-18,84,14:22,Friday,SHEPPARD AND ARROW,Operations - Operator,8,16,W,3367
2020-12-18,29,14:29,Friday,DUFFERIN AND EGLINTON,Collision - TTC,7,14,N,9025
2020-12-18,68,14:55,Friday,WARDEN AND COMSTOCK,Operations - Operator,24,48,N,0
2020-12-18,54,15:01,Friday,EGLINTON DIVISION,Collision - TTC,0,0,,3755
2020-12-18,32,15:05,Friday,EGLINTON AND MARLEE,Mechanical,11,22,E,3742
2020-12-18,36,15:25,Friday,FINCH WEST STATION,Operations - Operator,6,12,E,3589
2020-12-18,7,15:35,Friday,BATHURST AND WILSON,Collision - TTC,7,14,N,8217
2020-12-18,32,15:40,Friday,BATHURST AND EGLINTON,Mechanical,8,16,W,1135
2020-12-18,39,15:42,Friday,FINCH AND MARKHAM,Cleaning,6,7,W,9072
2020-12-18,52,15:44,Friday,LAWRENCE AND SCARLETT,Operations - Operator,7,14,E,8322
2020-12-18,79,15:45,Friday,ST. CLAIR AND JANE,Mechanical,7,14,W,1110
2020-12-18,165,16:19,Friday,WESTON AND FINCH,Mechanical,9,17,N,3629
2020-12-18,68,16:28,Friday,WARDEN STATION,Operations - Operator,17,34,N,8823
2020-12-18,73,16:32,Friday,ROYAL YORK STATION,Operations - Operator,0,0,,8030
2020-12-18,32,17:04,Friday,EGLINTON STATION,Mechanical,7,14,W,1208
2020-12-18,60,17:23,Friday,PIONEER VILLAGE STATIO,Mechanical,9,27,W,3361
2020-12-18,5,17:57,Friday,EGLINTON STATION,Operations - Operator,30,60,S,8380
2020-12-18,86,18:04,Friday,EGLINTON AND DANFORTH,Emergency Services,16,32,E,8700
2020-12-18,134,18:05,Friday,FINCHDENE SQUARE,Mechanical,15,30,S,1291
2020-12-18,127,18:07,Friday,TOWNSLEY LOOP,Mechanical,22,45,S,1380
2020-12-18,135,18:58,Friday,GERRARD AND WAYLAND,Collision - TTC,20,40,W,8496
2020-12-18,52,19:09,Friday,WESTWOOD MALL,Operations - Operator,13,26,E,8391
2020-12-18,125,19:30,Friday,FINCH STATION,Mechanical,15,30,W,8120
2020-12-18,41,19:58,Friday,KEELE AND DUNDAS,Collision - TTC,12,24,N,9030
2020-12-18,116,20:00,Friday,EGLINTON AND MARKHAM,Collision - TTC,7,14,E,8786
2020-12-18,51,20:01,Friday,EGLINTON STATION,Mechanical,30,60,N,1334
2020-12-18,104,20:23,Friday,FINCH AND WILMINGTON,Security,22,41,N,8376
2020-12-18,43,20:32,Friday,KENNEDY STATION,Cleaning,7,14,N,8769
2020-12-18,165,21:14,Friday,WESTON RD AND FINCH,Mechanical,10,20,W,3287
2020-12-18,116,22:46,Friday,MORNING SIDE AND LAWRE,Security,10,20,N,8887
2020-12-18,95,23:12,Friday,YORK MILLS AND DVP,Road Blocked - NON-TTC Collision,68,78,E,3438
2020-12-19,43,02:38,Saturday,BAYMILLS AND SHEPPARD,Security,0,0,S,8880
2020-12-19,,03:21,Saturday,MT DENNIS DIVISION,Emergency Services,0,0,,9017
2020-12-19,320,04:26,Saturday,YONGE AND STEELES,Emergency Services,0,0,S,8333
2020-12-19,41,04:55,Saturday,KEELE STATION,Operations - Operator,20,40,,1001
2020-12-19,41,04:55,Saturday,KEELE AND GLENLAKE AVE,Operations - Operator,20,40,N,1001
2020-12-19,35,05:55,Saturday,JANE AND DRIFTWOOD,Road Blocked - NON-TTC Collision,10,20,N,3357
2020-12-19,41,06:08,Saturday,KEELE STATION,Mechanical,18,36,,1143
2020-12-19,63,06:29,Saturday,OAKWOOD AND ST CLAIR,Mechanical,6,12,N,1382
2020-12-19,165,06:31,Saturday,WILSON AND CLYDE AVE,Security,10,20,W,3287
2020-12-19,1,06:32,Saturday,YONGE AND YORK MILLS,Operations - Operator,2,4,N,3491
2020-12-19,75,06:42,Saturday,SHERBOURNE AND CARLTON,Emergency Services,15,30,N,1270
2020-12-19,41,06:43,Saturday,IAN MACDONALD AND CHIM,Mechanical,15,30,N,1098
2020-12-19,85,07:14,Saturday,SHEPPARD AND PROGRESS,Mechanical,7,14,W,9075
2020-12-19,,07:26,Saturday,WILSON GARAGE,Collision - TTC,0,0,,1250
2020-12-19,165,07:35,Saturday,338 FINCH AVE W,Mechanical,10,20,W,3652
2020-12-19,63,08:37,Saturday,LIBERTY ST AND ATLANTI,Mechanical,6,12,S,8106
2020-12-19,116,09:07,Saturday,MORNINGSIDE AND NIGHTS,General Delay,9,19,S,8808
2020-12-19,96,09:12,Saturday,263 CARRIER DR,Mechanical,20,40,E,3369
2020-12-19,96,09:14,Saturday,CARRIER LOOP,Mechanical,20,40,,3369
2020-12-19,52,09:28,Saturday,AVENUE RD AND FAIRLAWN,Mechanical,5,10,E,8174
2020-12-19,51,10:20,Saturday,EGLINTON STATION,Cleaning,24,48,N,8147
2020-12-19,39,10:30,Saturday,FINCH STATION,Mechanical,14,28,,3509
2020-12-19,124,11:04,Saturday,LAWRENCE STATION,Collision - TTC,20,40,E,8127
2020-12-19,63,11:10,Saturday,OSSINGTON STATION,Mechanical,5,10,,8142
2020-12-19,7,11:13,Saturday,BATHURST AND WILSON,Security,9,19,S,8192
2020-12-19,41,11:21,Saturday,KEELE STATION,Cleaning,10,20,S,3742
2020-12-19,36,11:33,Saturday,FINCH AND DUFFERIN,Security,0,0,,3240
2020-12-19,108,12:04,Saturday,DRIFTWOOD AND FINCH,General Delay,137,147,N,3707
2020-12-19,999,12:20,Saturday,EGLINTON GARAGE,Collision - TTC,0,0,,8639
2020-12-19,89,12:20,Saturday,WESTON AND WRIGHT,Mechanical,10,20,N,1356
2020-12-19,36,13:05,Saturday,HUMBERWOOD LOOP,Mechanical,5,10,E,3718
2020-12-19,96,13:07,Saturday,HUMBER COLLEGE BUS TER,Vision,17,34,E,3275
2020-12-19,39,13:50,Saturday,FINCH STATION,Mechanical,14,28,E,3527
2020-12-19,79,13:54,Saturday,LAWRENCE AND PINE,Mechanical,12,24,S,1576
2020-12-19,85,14:05,Saturday,SHEPPARD AND BRIMLEY,Mechanical,9,18,W,9093
2020-12-19,26,14:23,Saturday,JANE STATION,Mechanical,30,60,E,1017
2020-12-19,102,14:40,Saturday,KINGSTON AND ST CLAIR,Mechanical,53,66,E,8574
2020-12-19,97,14:43,Saturday,YONGE AND WILSON,Operations - Operator,30,60,S,8157
2020-12-19,999,14:52,Saturday,YORK MILLS STATION,Operations - Operator,0,0,S,1260
2020-12-19,60,14:58,Saturday,STEELES AND MARKBROOK,Mechanical,9,18,E,3358
2020-12-19,85,15:30,Saturday,DON MILLS STATION,Vision,5,10,E,9097
2020-12-19,6,15:34,Saturday,DOCKSIDE DR AND QUEEN',Collision - TTC,23,46,N,1521
2020-12-19,6,15:50,Saturday,BAY AND QUEEN,General Delay,80,103,S,1133
2020-12-19,36,15:53,Saturday,FINCH AND SIGNET,Investigation,5,10,E,3715
2020-12-19,127,16:03,Saturday,SPADINA STATION,Mechanical,23,45,,1127
2020-12-19,85,16:03,Saturday,SHEPPARD AND MALVERN G,Cleaning,5,10,E,3487
2020-12-19,25,16:04,Saturday,DON MILLS STATION,Emergency Services,12,24,,8797
2020-12-19,54,16:34,Saturday,LAWRENCE EAST RT STATI,Emergency Services,14,29,,8921
2020-12-19,51,17:17,Saturday,LESLIE AND YORK MILLS,Emergency Services,24,48,S,8133
2020-12-19,,17:34,Saturday,1580 SANDHURST CIRCLE,Utilized Off Route,14,28,,3527
2020-12-19,168,17:42,Saturday,WESTON AND ST CLAIR,Collision - TTC,9,18,S,1018
2020-12-19,79,18:08,Saturday,RUNNYMDED STATION,Mechanical,12,24,N,1007
2020-12-19,41,19:17,Saturday,PIONEER VILLAGE STATIO,Security,10,20,,1603
2020-12-19,36,19:22,Saturday,MILADY AND ISLINGTON,Mechanical,8,16,W,3715
2020-12-19,86,20:00,Saturday,KINGSTON AND POPLAR,Security,0,0,E,8816
2020-12-19,52,20:11,Saturday,LAWRENCE AND OLYMPIA,Security,11,22,E,8206
2020-12-19,52,20:14,Saturday,MARTINGROVE AND TOLLIN,Emergency Services,0,0,S,8344
2020-12-19,123,20:19,Saturday,DUNDAS WEST AND SHORNC,Road Blocked - NON-TTC Collision,30,60,,0
2020-12-19,57,20:21,Saturday,MIDLAND AND FINCH,Road Blocked - NON-TTC Collision,15,30,S,8898
2020-12-19,123,20:23,Saturday,LONG BRANCH LOOP,Emergency Services,30,60,W,7964
2020-12-19,41,20:37,Saturday,KEELE AND EGLINTON,Cleaning,16,22,N,1350
2020-12-19,32,20:52,Saturday,EGLINTON STATION,Mechanical,20,40,W,3728
2020-12-19,927,22:06,Saturday,HUMBER COLLEGE,Security,0,0,,3297
2020-12-19,36,23:10,Saturday,FINCH WEST STATION,Security,10,20,,3285
2020-12-19,57,23:18,Saturday,MIDLAND AND MCNICOLL,Mechanical,0,0,N,8927
2020-12-19,54,00:52,Saturday,EGLINTON STATION,Cleaning,22,44,,8715
2020-12-19,44,01:29,Saturday,KIPLING STATION,Collision - TTC,20,35,,8038
2020-12-19,36,01:38,Saturday,FINCH WEST STATION,Cleaning,11,22,,3594
2020-12-19,46,01:42,Saturday,MARTIN GROVE AND STEEL,General Delay,0,0,,3227
2020-12-20,320,02:42,Sunday,YONGE AND BLOOR,Cleaning,4,9,N,0
2020-12-20,36,02:45,Sunday,FINCH STATION,Security,0,0,,3258
2020-12-20,300,03:24,Sunday,KENNEDY AND EGLINTON,Mechanical,0,0,N,8014
2020-12-20,337,04:16,Sunday,ISLINGTON AND DUNDAS,Road Blocked - NON-TTC Collision,94,124,S,8423
2020-12-20,320,04:27,Sunday,WELLINGTON AND YONGE,Emergency Services,4,4,W,8126
2020-12-20,37,05:53,Sunday,ISLINGTON AND CORDOVA,Road Blocked - NON-TTC Collision,240,264,N,8464
2020-12-20,32,07:38,Sunday,EGLINTON WEST AND WEST,Mechanical,30,60,E,1035
2020-12-20,40,07:49,Sunday,DUNDAS AND PRINCE EDWA,Road Blocked - NON-TTC Collision,133,166,W,8430
2020-12-20,52,08:35,Sunday,MCNAUGHTON AND VICTORY,Operations - Operator,20,40,W,8377
2020-12-20,86,09:10,Sunday,KENNEDY STATION,Mechanical,8,16,E,8938
2020-12-20,124,10:00,Sunday,LAWRENCE STATION,Cleaning,20,40,W,8109
2020-12-20,102,10:30,Sunday,MARKHAM AND SCRANTON,Collision - TTC,10,20,N,3106
2020-12-20,54,10:58,Sunday,LAWRENCE RT STATION,Mechanical,17,34,W,8646
2020-12-20,9,11:16,Sunday,SCARBOROUGH CENTRE STA,Mechanical,22,44,S,3111
2020-12-20,168,11:37,Sunday,WESTON AND ROCKWELL,Security,9,18,S,3742
2020-12-20,97,12:32,Sunday,YORK MILLS STATION,Mechanical,30,60,N,1235
2020-12-20,39,12:42,Sunday,FINCH AND MORNINGSIDE,Mechanical,16,32,E,9095
2020-12-20,95,12:47,Sunday,KINGSTON ROAD LOOP,Cleaning,15,30,W,3491
2020-12-20,94,13:18,Sunday,WELLSEY AND YONGE,General Delay,8,18,E,1107
2020-12-20,98,13:22,Sunday,SHEPPARD STATION,Mechanical,30,60,,8179
2020-12-20,105,14:40,Sunday,SHEPPARD WEST STATION,Mechanical,15,30,,8340
2020-12-20,70,14:46,Sunday,ST CLAIR AND O'CONNOR,Cleaning,10,20,E,8624
2020-12-20,98,15:15,Sunday,SHEPPARD-YONGE STATION,General Delay,30,60,E,1389
2020-12-20,26,15:43,Sunday,DUPONT AND CHRISTIE,Security,24,48,W,1086
2020-12-20,29,15:54,Sunday,DUFFERIN AND LAWRENCE,Mechanical,8,16,S,9037
2020-12-20,94,16:43,Sunday,WELLESLEY STATION,Mechanical,6,12,E,3734
2020-12-20,11,16:51,Sunday,DAVISVILLE STATION,Operations - Operator,24,49,N,8150
2020-12-20,16,17:04,Sunday,DANFORTH AND MIDLAND,Cleaning,12,24,N,8599
2020-12-20,129,17:08,Sunday,MCCOWAN AND STEELES,Mechanical,46,92,S,1656
2020-12-20,53,17:32,Sunday,STEELES AND MIDLAND,Mechanical,6,12,W,9078
2020-12-20,41,17:41,Sunday,KEELE AND WEST TORONTO,Investigation,0,0,S,1354
2020-12-20,24,18:04,Sunday,VICTORIA PARK AND PAWN,Security,12,25,S,9227
2020-12-20,47,18:28,Sunday,LANSDOWNE AND DUPONT,Mechanical,10,20,S,1145
2020-12-20,94,18:54,Sunday,QUEEN'S PARK AND HOSKI,Mechanical,13,25,E,3737
2020-12-20,86,19:34,Sunday,KINGSTON AND GALLOWAY,Mechanical,10,20,W,8769
2020-12-20,35,20:40,Sunday,PIONEER VILLAGE STATIO,Emergency Services,0,0,S,3230
2020-12-20,7,21:04,Sunday,GRENWIN VILLAGE AND BA,Mechanical,9,17,W,8143
2020-12-20,96,22:15,Sunday,CARRIER LOOP,Cleaning,19,38,,3303
2020-12-20,81,22:26,Sunday,PAPE STATION,Emergency Services,15,30,,8586
2020-12-20,77,23:28,Sunday,RUNNYMEDE AND DEFOREST,Mechanical,30,60,S,1082
2020-12-20,35,00:24,Sunday,JANE AND BLOOR,Operations - Operator,10,20,N,3595
2020-12-20,927,00:27,Sunday,MARTIN GROVE AND GARFE,Mechanical,10,20,N,3240
2020-12-20,63,01:09,Sunday,DAVENPORT AND OAKWOOD,Cleaning,10,20,W,8370
2020-12-20,116,01:27,Sunday,MORNINGSIDE AND GUILDW,General Delay,33,43,N,8929
2020-12-20,300,01:33,Sunday,KIPLING STATION,Mechanical,15,30,,8617
2020-12-21,334,02:45,Monday,EGLINTON AND HOYLE,Investigation,30,60,E,8620
2020-12-21,325,03:09,Monday,DON MILLS AND THE DONW,General Delay,30,60,S,8723
2020-12-21,396,05:13,Monday,YORK MILLS STATION,Emergency Services,0,0,,3273
2020-12-21,320,05:35,Monday,STEELES LOOP,Emergency Services,0,0,,8144
2020-12-21,21,05:53,Monday,BRIMLEY AND STEELES,Mechanical,10,20,N,1255
2020-12-21,72,05:53,Monday,PAPE STATION,Mechanical,53,11,S,8483
2020-12-21,100,06:30,Monday,BROADVIEW STATION,Cleaning,1,7,W,8636
2020-12-21,89,06:54,Monday,WESTON AND MCCORMACK,Mechanical,5,10,N,9143
2020-12-21,130,07:01,Monday,81 MIDDLEFIELD RD,Investigation,57,77,,0
2020-12-21,36,07:37,Monday,FINCH AND YONGE,Road Blocked - NON-TTC Collision,42,52,,3304
2020-12-21,53,08:06,Monday,MARKHAM AND PASSMORE,Mechanical,5,10,E,9088
2020-12-21,86,08:53,Monday,KENNEDY STATION,Operations - Operator,20,40,E,8752
2020-12-21,167,09:12,Monday,VICTORIA PARK AND CONS,Collision - TTC,30,60,S,3117
2020-12-21,51,09:20,Monday,EGLINTON STATION,Cleaning,27,54,N,8134
2020-12-21,133,09:21,Monday,SCARBOROUGH CENTRE STA,Cleaning,11,22,W,3439
2020-12-21,133,09:24,Monday,SCARBOROUGH CENTRE STA,Cleaning,11,22,W,3440
2020-12-21,29,09:27,Monday,WILSON STATION,Mechanical,7,15,S,9042
2020-12-21,11,09:43,Monday,DAVISVILLE STATION,Cleaning,13,26,W,8363
2020-12-21,34,09:48,Monday,EGLINTON AND REDPATH,Cleaning,12,24,E,8788
2020-12-21,54,10:09,Monday,LAWRENCE AND WARDEN,Cleaning,10,21,E,8808
2020-12-21,54,10:09,Monday,LAWRENCE AND WARDEN,Cleaning,10,21,E,8808
2020-12-21,94,10:27,Monday,JARVIS AND WELLESLEY,Road Blocked - NON-TTC Collision,1,1,B,1203
2020-12-21,133,10:28,Monday,SCARBOROUGH CENTRE STA,Cleaning,11,22,E,3486
2020-12-21,133,10:28,Monday,FINCH AND MORNINGSIDE,Cleaning,11,22,S,3494
2020-12-21,124,11:24,Monday,LAWRENCE STATION,Cleaning,9,18,E,8331
2020-12-21,600,11:39,Monday,VICTORIA PARK STATION,Vision,1,1,N,8477
2020-12-21,133,11:40,Monday,TRITON AND MCCOWAN,Cleaning,11,22,E,3537
2020-12-21,124,11:42,Monday,LAWRENCE STATION,Cleaning,9,18,E,8135
2020-12-21,133,11:54,Monday,TRITON AND MCCOWAN,Cleaning,11,22,E,1214
2020-12-21,108,12:02,Monday,SHEPPARD WEST STATION,Security,9,18,,3202
2020-12-21,59,12:14,Monday,LAWRENCE AND DUFFLAW,Operations - Operator,22,44,E,3215
2020-12-21,90,12:30,Monday,VAUGHAN AND WINONA,Mechanical,10,20,W,8126
2020-12-21,133,12:47,Monday,SCARBOROUGH CENTRE STA,Cleaning,11,22,N,1559
2020-12-21,45,13:11,Monday,KIPLING STATION,Operations - Operator,24,48,W,7950
2020-12-21,41,13:18,Monday,PIONEER VILLAGE STATIO,Cleaning,12,24,S,9032
2020-12-21,29,13:27,Monday,WILSON STATION,Cleaning,8,16,S,9020
2020-12-21,97,13:33,Monday,YORK MILLS STATION,Operations - Operator,30,60,S,8218
2020-12-21,51,13:33,Monday,DON MILLS AND FRESH ME,Operations - Operator,27,54,S,8182
2020-12-21,7,13:54,Monday,BATHURST AND LAWRENCE,Cleaning,8,16,N,8319
2020-12-21,7,14:06,Monday,BATHURST AND WILSON,Cleaning,8,16,S,8101
2020-12-21,116,14:36,Monday,KENNEDY STATION,Mechanical,8,16,E,8824
2020-12-21,36,15:17,Monday,FINCH AND WESTON,General Delay,50,60,W,0
2020-12-21,60,15:30,Monday,PIONEER VILLAGE STATIO,Vision,9,18,W,3633
2020-12-21,34,15:33,Monday,EGLINTON STATION,Cleaning,13,26,W,8735
2020-12-21,35,15:38,Monday,JANE STATION,Collision - TTC,5,10,S,3324
2020-12-21,81,15:39,Monday,PAPE STATION,Cleaning,9,18,N,3115
2020-12-21,94,15:44,Monday,OSSINGTON STATION,Mechanical,17,34,,1203
2020-12-21,85,15:45,Monday,SHEPPARD AND LAPSLEY,Cleaning,13,26,W,9012
2020-12-21,34,15:47,Monday,EGLINTON STATION,Cleaning,7,14,W,8646
2020-12-21,11,15:50,Monday,DAVISVILLE STATION,Cleaning,17,34,E,8389
2020-12-21,25,16:29,Monday,DON MILLS STATION,Mechanical,0,0,S,8770
2020-12-21,29,16:44,Monday,MANITOBA AND NOVA SCOT,Mechanical,8,16,E,9152
2020-12-21,96,16:46,Monday,WILSON AND JANE,Operations - Operator,20,40,W,0
2020-12-21,85,16:57,Monday,DON MILLS STATION,Mechanical,13,26,E,9088
2020-12-21,81,17:14,Monday,PAPE STATION,Cleaning,9,18,N,9219
2020-12-21,96,18:16,Monday,WILSON AND JANE,Operations - Operator,20,40,W,0
2020-12-21,51,18:21,Monday,EGLINTON STATION,Collision - TTC,27,55,,8134
2020-12-21,132,18:25,Monday,MILNER AND BURROW HALL,Road Blocked - NON-TTC Collision,195,208,W,3504
2020-12-21,43,18:27,Monday,SCARBOROUGH CENTRE STA,Security,15,30,E,8693
2020-12-21,72,18:44,Monday,PAPE STATION,Operations - Operator,22,47,N,8569
2020-12-21,,18:45,Monday,65 ROSELAWN AVE,Utilized Off Route,0,0,,1503
2020-12-21,14,19:20,Monday,CHAPLIN AND ROSELAWN,Investigation,86,106,,1083
2020-12-21,14,19:33,Monday,ROSELAWN AND CHAPLIN,Emergency Services,20,40,E,1503
2020-12-21,33,19:45,Monday,CHAPLIN AND EGLINTON,Road Blocked - NON-TTC Collision,91,121,N,0
2020-12-21,85,19:52,Monday,SHEPPARD AND MORNINGSI,Mechanical,5,10,W,3542
2020-12-21,121,20:10,Monday,STRACHAN AND LIBERTY,Mechanical,24,48,,3166
2020-12-21,171,20:15,Monday,MT DENNIS GARAGE,Operations - Operator,20,40,,1026
2020-12-21,42,20:26,Monday,MCNICOLL AND MIDLAND,Road Blocked - NON-TTC Collision,44,59,E,8351
2020-12-21,52,23:27,Monday,PEARSON AIRPORT,Security,20,40,W,8357
2020-12-21,90,23:56,Monday,VAUGHAN AND MAPLE WOOD,Mechanical,11,22,N,8387
2020-12-21,32,00:11,Monday,EGLINTON AND CALEDONIA,Mechanical,11,22,E,0
2020-12-21,165,00:44,Monday,WILSON AND YONGE,Collision - TTC,11,21,E,3305
2020-12-21,70,01:01,Monday,WARDEN STATION,Cleaning,30,60,E,8656
2020-12-21,36,01:50,Monday,HUMBERWOOD LOOP,Security,0,0,,9114
2020-12-22,395,03:44,Tuesday,YORK MILLS AND DON MIL,Cleaning,30,60,E,3412
2020-12-22,,05:41,Tuesday,WILSON GARAGE,Mechanical,0,0,,8390
2020-12-22,122,05:45,Tuesday,FENELON LOOP,Mechanical,12,12,N,8340
2020-12-22,300,05:47,Tuesday,TERMINAL 3 - ARRIVALS,Security,0,0,,8466
2020-12-22,122,05:56,Tuesday,DON MILLS AND GRAYDON,Mechanical,12,12,N,8340
2020-12-22,11,06:17,Tuesday,BAYVIEW AND DAWLISH,Operations - Operator,21,36,S,1364
2020-12-22,900,06:30,Tuesday,KIPLING STATION TO PEA,General Delay,30,42,,0
2020-12-22,89,06:36,Tuesday,WESTON AND DENNISON,Vision,3,11,,9021
2020-12-22,35,06:43,Tuesday,JANE STATION,Mechanical,0,0,N,3571
2020-12-22,35,06:46,Tuesday,JANE AND DRIFTWOOD,Mechanical,0,0,N,3266
2020-12-22,117,06:48,Tuesday,SHEPPARD WEST STATION,Operations - Operator,12,24,S,1388
2020-12-22,86,07:30,Tuesday,EGLINTON AND MASON,Operations - Operator,20,40,W,8727
2020-12-22,37,07:45,Tuesday,ISLINGTON STATION,Emergency Services,15,30,,7920
2020-12-22,130,08:38,Tuesday,SCARBOROUGH CENTRE STA,Cleaning,16,32,E,1559
2020-12-22,88,08:57,Tuesday,ST CLAIR STATION,Mechanical,15,30,W,1375
2020-12-22,129,09:42,Tuesday,MALVERN GARAGE,Collision - TTC,0,0,E,3437
2020-12-22,34,09:43,Tuesday,KENNEDY STATION,Cleaning,12,23,S,8626
2020-12-22,12,09:48,Tuesday,DANFORTH AND BIRCHMOUN,Cleaning,20,40,,3171
2020-12-22,109,09:57,Tuesday,NEPTUNE AND BATHURST,Cleaning,40,80,N,8314
2020-12-22,39,10:02,Tuesday,FINCH AND MIDDLEFIELD,Emergency Services,1,8,E,1292
2020-12-22,900,10:18,Tuesday,KIPLING STATION,Cleaning,12,24,N,8005
2020-12-22,112,10:29,Tuesday,KIPLING STATION,Management,24,48,N,8441
2020-12-22,11,10:35,Tuesday,DAVISVILLE STATION,Cleaning,13,26,S,8142
2020-12-22,34,10:43,Tuesday,KENNEDY STATION,Cleaning,12,23,S,8684
2020-12-22,36,10:48,Tuesday,FINCH WEST STATION,Cleaning,5,10,N,3315
2020-12-22,62,10:50,Tuesday,MAIN STATION,Cleaning,22,44,E,9232
2020-12-22,43,10:55,Tuesday,STEELES AND SILVER STA,Investigation,10,20,E,8908
2020-12-22,29,10:57,Tuesday,WILSON STATION,Cleaning,7,15,N,9152
2020-12-22,97,10:57,Tuesday,YORK MILLS STATION,Mechanical,30,60,S,1374
2020-12-22,34,11:13,Tuesday,GRENOBLE AND SPANBRIDG,Cleaning,12,24,E,8758
2020-12-22,34,11:18,Tuesday,EGLINTON STATION,Cleaning,12,24,W,8629
2020-12-22,929,11:18,Tuesday,WILSON STATION,Cleaning,10,20,N,1075
2020-12-22,60,11:27,Tuesday,STEINWAY AND STEELES,Cleaning,9,18,S,3584
2020-12-22,109,11:37,Tuesday,NEPTUNE AND BATHURST,Cleaning,40,80,N,1235
2020-12-22,72,11:38,Tuesday,PAPE STATION,Mechanical,19,38,N,9220
2020-12-22,11,11:40,Tuesday,DAVISVILLE STATION,Cleaning,13,26,N,8154
2020-12-22,996,11:43,Tuesday,BROOKMERE AND KIPLING,Emergency Services,12,24,,3633
2020-12-22,900,11:45,Tuesday,KIPLING STATION,Cleaning,12,24,N,8011
2020-12-22,53,11:53,Tuesday,MARKHAM AND PASSMORE,Cleaning,5,10,S,9084
2020-12-22,60,11:55,Tuesday,PIONEER VILLAGE STATIO,Cleaning,9,18,N,3302
2020-12-22,43,12:00,Tuesday,KENNEDY STATION,Cleaning,10,20,S,8674
2020-12-22,17,12:38,Tuesday,WARDEN STATION,Mechanical,13,26,S,8529
2020-12-22,7,12:43,Tuesday,BATHURST AND BRIDGMAN,Operations - Operator,8,16,N,8316
2020-12-22,97,12:47,Tuesday,STEELES AND HILDA,Mechanical,30,60,E,8176
2020-12-22,109,12:50,Tuesday,EGLINTON WEST STATION,General Delay,40,80,E,8314
2020-12-22,45,13:11,Tuesday,KIPLING STATION,Operations - Operator,24,48,N,8083
2020-12-22,97,13:11,Tuesday,HILDA AND STEELES,Operations - Operator,30,60,S,8209
2020-12-22,90,13:25,Tuesday,ST. CLAIR WEST STATION,Mechanical,10,20,W,1340
2020-12-22,47,13:37,Tuesday,LANSDOWNE AND QUEEN,Mechanical,15,30,N,1145
2020-12-22,59,13:41,Tuesday,OAK AND WESTON,Cleaning,45,90,E,3600
2020-12-22,43,13:50,Tuesday,KENNEDY STATION,Cleaning,15,30,N,8828
2020-12-22,45,13:59,Tuesday,KIPLING STATION,Operations - Operator,24,48,E,8439
2020-12-22,129,14:08,Tuesday,MCCOWAN AND CASTLEMORE,Mechanical,28,56,S,3509
2020-12-22,25,14:11,Tuesday,PAPE STATION,Mechanical,1,2,N,8886
2020-12-22,12,14:21,Tuesday,VICTORIA PARK STATION,Operations - Operator,25,49,E,9237
2020-12-22,7,14:22,Tuesday,BATHURST AND DAVENPORT,Security,0,0,S,8205
2020-12-22,43,14:30,Tuesday,KENNEDY AND LAWRENCE,Cleaning,10,20,S,8908
2020-12-22,43,14:30,Tuesday,KENNEDY STATION,Cleaning,10,20,N,8908
2020-12-22,133,14:32,Tuesday,SCARBOROUGH CENTRE STA,Cleaning,11,22,E,3494
2020-12-22,29,14:33,Tuesday,WILSON STATION,Cleaning,7,14,S,9024
2020-12-22,41,14:42,Tuesday,KEELE STATION,Cleaning,12,24,N,9136
2020-12-22,12,14:45,Tuesday,VICTORIA PARK STATION,Operations - Operator,25,49,,8489
2020-12-22,53,14:46,Tuesday,MARKHAM AND PASSMORE,Cleaning,5,10,W,9086
2020-12-22,38,14:53,Tuesday,SCARBOROUGH CENTRE STA,Cleaning,12,24,E,3489
2020-12-22,29,14:57,Tuesday,WILSON STATION,Cleaning,7,14,S,9146
2020-12-22,34,15:02,Tuesday,GRENOBLE AND SPANBRIDG,Cleaning,8,16,E,8689
2020-12-22,34,15:09,Tuesday,KENNEDY STATION,Cleaning,7,14,W,8684
2020-12-22,88,15:09,Tuesday,ST. CLAIR STATION,Cleaning,10,20,E,1251
2020-12-22,41,15:10,Tuesday,KEELE STATION,Mechanical,12,24,N,9040
2020-12-22,26,15:10,Tuesday,ST. GEORGE STATION,Mechanical,24,48,W,1260
2020-12-22,60,15:16,Tuesday,YONGE AND ATHABASKA,Emergency Services,9,18,S,3300
2020-12-22,87,15:20,Tuesday,EAST YORK ACRES,Cleaning,10,20,W,3134
2020-12-22,133,15:26,Tuesday,MORNINGSIDE AND FINCH,Cleaning,11,22,S,3513
2020-12-22,941,15:31,Tuesday,KEELE AND ANNETTE,Collision - TTC,14,28,S,3749
2020-12-22,109,15:43,Tuesday,EGLINTON WEST STATION,General Delay,26,52,N,8314
2020-12-22,36,15:57,Tuesday,FINCH WEST STATION,Cleaning,5,10,E,3605
2020-12-22,952,16:28,Tuesday,LAWRENCE AND BATHURST,Mechanical,12,24,W,1362
2020-12-22,14,16:30,Tuesday,CHAPLIN AND EGLINTON,General Delay,0,0,,1595
2020-12-22,10,16:45,Tuesday,DON MILLS STATION,Mechanical,15,30,E,8138
2020-12-22,10,16:45,Tuesday,DON MILLS STATION,Mechanical,15,30,E,8138
2020-12-22,85,16:57,Tuesday,DON MILLS STATION,Mechanical,13,26,E,9088
2020-12-22,75,17:11,Tuesday,JARVIS AND LAKE SHORE,Security,10,20,N,8218
2020-12-22,17,17:26,Tuesday,WARDEN STATION,Mechanical,10,25,N,8502
2020-12-22,168,17:36,Tuesday,AVON LOOP,Security,12,24,S,1080
2020-12-22,92,17:37,Tuesday,WOODBINE AND KINGSTON,Emergency Services,10,20,N,8535
2020-12-22,62,18:55,Tuesday,MORTIMER AND INWOOD,Road Blocked - NON-TTC Collision,25,45,E,9232
2020-12-22,98,18:57,Tuesday,SHEPPARD STATION,Mechanical,22,44,E,8376
2020-12-22,38,18:58,Tuesday,MCCOWAN AND ELLESMERE,Road Blocked - NON-TTC Collision,31,39,E,3489
2020-12-22,133,18:58,Tuesday,ELLESMERE AND MCCOWAN,Road Blocked - NON-TTC Collision,31,40,E,0
2020-12-22,16,19:11,Tuesday,MCCOWAN AND ELLESMERE,Road Blocked - NON-TTC Collision,14,24,S,0
2020-12-22,38,19:12,Tuesday,SCARBOROUGH CENTRE STA,Vision,12,24,E,3489
2020-12-22,95,19:14,Tuesday,MCCOWAN AND ELLESMERE,Road Blocked - NON-TTC Collision,10,37,W,3467
2020-12-22,67,19:21,Tuesday,VICTORIA PARK STATION,Mechanical,17,34,N,3753
2020-12-22,16,19:45,Tuesday,SCARBOROUGH CENTRE STA,Cleaning,15,22,W,8964
2020-12-22,35,20:00,Tuesday,JANE AND WILSON,Cleaning,5,10,N,3363
2020-12-22,12,20:15,Tuesday,VICTORIA PARK STATION,Emergency Services,20,40,E,8511
2020-12-22,68,20:32,Tuesday,WARDEN STATION,Mechanical,9,12,N,3757
2020-12-22,90,21:55,Tuesday,KIPLING STATION,Mechanical,10,20,N,8454
2020-12-22,96,22:01,Tuesday,HUMBER COLLEGE BUS TER,Security,20,40,,3326
2020-12-22,64,22:11,Tuesday,WINEVA AND QUEEN,Security,20,40,S,8530
2020-12-22,89,23:02,Tuesday,WESTON SOUTH OF ALBION,Emergency Services,10,20,S,1208
2020-12-23,320,04:01,Wednesday,STEELES LOOP,Emergency Services,15,30,,1250
2020-12-23,95,04:40,Wednesday,MEADOWVALE LOOP,Mechanical,30,30,E,3434
2020-12-23,320,04:47,Wednesday,YONGE AND STEELES,Security,1,1,N,8378
2020-12-23,22,05:34,Wednesday,COXWELL STATION,Operations - Operator,20,20,S,3142
2020-12-23,300,05:53,Wednesday,BLOOR AND ST GEORGE,General Delay,8,0,E,1132
2020-12-23,43,06:00,Wednesday,EGLINTON GARAGE,Vision,10,20,N,8762
2020-12-23,7,06:36,Wednesday,BATHURST AND LAWRENCE,Mechanical,5,10,S,8332
2020-12-23,941,06:47,Wednesday,KEELE AND HWY 401,Security,14,29,N,1009
2020-12-23,47,06:56,Wednesday,LANSDOWNE STATION,Mechanical,6,12,S,3736
2020-12-23,125,07:01,Wednesday,TORRESDALE AND ANTIBES,Mechanical,11,22,E,8106
2020-12-23,88,07:06,Wednesday,BAYVIEW AND MOORE AVE,Mechanical,14,28,N,1289
2020-12-23,34,07:49,Wednesday,KENNEDY STATION,Mechanical,6,12,W,8660
2020-12-23,47,08:30,Wednesday,LANSDOWN AND DUNDAS,General Delay,8,14,,1095
2020-12-23,60,09:02,Wednesday,YONGE AND GOULDING,Collision - TTC,9,18,E,3192
2020-12-23,53,09:08,Wednesday,TAPSCOTT AND SELECT,Mechanical,7,20,W,3435
2020-12-23,43,09:14,Wednesday,KENNEDY AND MARILYN,Cleaning,10,20,S,8816
2020-12-23,43,09:49,Wednesday,KENNEDY AND ANTRIM,Cleaning,10,20,N,8936
2020-12-23,25,09:56,Wednesday,DON MILLS AND CLIFFWOO,Mechanical,9,18,N,8744
2020-12-23,96,10:04,Wednesday,YORK MILLS STATION,Emergency Services,0,0,,3265
2020-12-23,39,10:18,Wednesday,FINCH STATION,Security,0,0,,3430
2020-12-23,60,10:27,Wednesday,YONGE AND STEELES,Emergency Services,10,20,S,3201
2020-12-23,115,10:35,Wednesday,YORK MILLS STATION,Operations - Operator,20,40,S,8363
2020-12-23,72,10:55,Wednesday,PAPE STATION,Cleaning,1,1,N,8517
2020-12-23,11,11:01,Wednesday,DAVISVILLE STATION,Cleaning,13,26,S,8116
2020-12-23,63,11:07,Wednesday,OSSINGTON AND CHURCHIL,Emergency Services,10,20,N,8365
2020-12-23,100,11:20,Wednesday,DON MILLS AND WYNFORD,Cleaning,1,1,S,8663
2020-12-23,62,11:32,Wednesday,MAIN STREET STATION,Cleaning,22,44,E,8538
2020-12-23,72,11:38,Wednesday,PAPE STATION,Cleaning,1,1,E,8417
2020-12-23,115,11:40,Wednesday,YORK MILLS STATION,Mechanical,20,40,E,8318
2020-12-23,62,12:38,Wednesday,MAIN STATION,Cleaning,22,44,S,3135
2020-12-23,34,12:44,Wednesday,EGLINTON STATION,Mechanical,8,16,W,8715
2020-12-23,43,12:55,Wednesday,PASSMORE AND SILVER ST,Collision - TTC,10,20,W,8762
2020-12-23,133,13:17,Wednesday,SCARBOROUGH CENTRE STA,Cleaning,11,22,N,1663
2020-12-23,35,13:26,Wednesday,JANE STATION,Mechanical,7,14,N,3175
2020-12-23,107,13:29,Wednesday,SHEPPARD WEST STATION,Operations - Operator,30,60,E,0
2020-12-23,97,13:38,Wednesday,YONGE AND YORK MILLS,Operations - Operator,30,60,S,8129
2020-12-23,38,13:41,Wednesday,SCARBOROUGH CENTRE STA,Cleaning,0,0,E,3516
2020-12-23,133,13:43,Wednesday,SCARBOROUGH CENTRE STA,Cleaning,11,22,W,3552
2020-12-23,109,13:45,Wednesday,EGLINTON WEST STATION,General Delay,26,52,E,8204
2020-12-23,35,13:51,Wednesday,JANE STATION,Mechanical,7,14,,3175
2020-12-23,118,13:54,Wednesday,WILSON AND JANE,Operations - Operator,30,60,W,3643
2020-12-23,94,14:01,Wednesday,CASTLE FRANK STATION,Mechanical,15,30,W,1014
2020-12-23,32,14:02,Wednesday,EGLINTON WEST STATION,Mechanical,13,26,W,1080
2020-12-23,59,14:08,Wednesday,CHURCH AND JANE,Operations - Operator,45,90,E,3247
2020-12-23,12,14:08,Wednesday,VICTORIA PARK STATION,Operations - Operator,25,51,E,8400
2020-12-23,24,14:09,Wednesday,VICTORIA PARK STATION,Security,0,0,,8485
2020-12-23,32,14:11,Wednesday,EGLINTON AND AVENUE,Collision - TTC,11,22,W,1084
2020-12-23,133,14:39,Wednesday,SCARBOROUGH CENTRE STA,Cleaning,11,22,W,3421
2020-12-23,61,14:44,Wednesday,AVENUE AND ROSELAWN,Emergency Services,14,28,S,8171
2020-12-23,96,15:02,Wednesday,WILSON STATION,Mechanical,20,40,E,3367
2020-12-23,999,15:13,Wednesday,KENNEDY AND VILLIAGE G,Security,0,0,N,8827
2020-12-23,935,15:23,Wednesday,JANE AND TRETHEWEY,Security,10,20,N,3194
2020-12-23,929,15:27,Wednesday,EXHIBITION LOOP,Mechanical,10,20,S,1114
2020-12-23,38,15:27,Wednesday,SCARBOROUGH CENTRE STA,Cleaning,0,0,E,3473
2020-12-23,929,15:49,Wednesday,QUEENSWAY AND PARKSIDE,Investigation,7,14,N,1114
2020-12-23,16,15:53,Wednesday,DANFORTH AND CARSLAKE,Collision - TTC,5,15,N,9218
2020-12-23,34,15:56,Wednesday,EGLINTON AND PHARMACY,Investigation,6,12,W,8849
2020-12-23,32,16:06,Wednesday,EGLINTON WEST STATION,Vision,10,20,S,1625
2020-12-23,39,16:30,Wednesday,FINCH AND NEILSON,Mechanical,4,7,S,9075
2020-12-23,75,16:33,Wednesday,SHERBOURNE AND QUEEN,Collision - TTC,11,22,S,1235
2020-12-23,39,16:34,Wednesday,FINCH AND MCCOWAN,Road Blocked - NON-TTC Collision,36,39,E,9098
2020-12-23,165,16:36,Wednesday,YORK MILLS AND YONGE,Mechanical,9,18,W,3312
2020-12-23,32,16:44,Wednesday,LAWRENCE AND PINE,Mechanical,9,19,E,3739
2020-12-23,129,16:56,Wednesday,MCCOWAN AND FINCH,Road Blocked - NON-TTC Collision,28,29,,0
2020-12-23,52,16:58,Wednesday,LAWRENCE AND VARNA,Mechanical,23,47,W,8386
2020-12-23,20,17:10,Wednesday,MAIN STATION,Mechanical,10,20,W,8483
2020-12-23,36,17:20,Wednesday,FINCH AND TOPCLIFF,Collision - TTC,7,14,E,9120
2020-12-23,927,17:27,Wednesday,KIPLING STATION,Mechanical,10,20,N,3336
2020-12-23,53,17:33,Wednesday,PASSMORE AND MARKHAM,Mechanical,6,18,W,3490
2020-12-23,161,17:39,Wednesday,ROGERS AND KANE,Security,23,46,W,1007
2020-12-23,36,17:44,Wednesday,FINCH AND TOPCLIFFE,Collision - TTC,47,54,E,0
2020-12-23,53,17:53,Wednesday,FINCH STATION,Mechanical,6,12,E,9086
2020-12-23,85,18:04,Wednesday,2201 BRIMLEY RD,Mechanical,13,26,W,9088
2020-12-23,39,18:20,Wednesday,FINCH AND WARDEN,Collision - TTC,5,7,E,9083
2020-12-23,165,18:33,Wednesday,WESTON AND FINCH,Mechanical,9,18,N,3641
2020-12-23,986,18:37,Wednesday,KENNEDY STATION,Security,10,20,,8822
2020-12-23,22,18:37,Wednesday,COXWELL AND QUEEN,Security,10,20,N,9234
2020-12-23,123,18:55,Wednesday,DUNDAS AND SHORNCLIFFE,Investigation,16,16,E,7915
2020-12-23,76,19:10,Wednesday,ROYAL YORK AND HILLSID,Security,15,30,S,8436
2020-12-23,32,20:01,Wednesday,EGLINTON AND KEELE,Investigation,10,20,W,1079
2020-12-23,96,20:35,Wednesday,WILSON AND MORTON SHUL,Investigation,20,40,W,3209
2020-12-23,52,20:41,Wednesday,DIXON AND MARTIN GROVE,Road Blocked - NON-TTC Collision,28,33,E,0
2020-12-23,75,20:49,Wednesday,SHERBOURNE AND BLOOR,Security,13,26,S,1235
2020-12-23,32,20:52,Wednesday,JANE AND EMMETT,Mechanical,30,60,W,1000
2020-12-23,38,21:00,Wednesday,SCARBOROUGH CENTRE STA,Security,9,18,,3516
2020-12-23,32,21:09,Wednesday,PINE AND WRIGHT,Mechanical,10,20,N,1413
2020-12-23,96,21:19,Wednesday,CARRIER LOOP,Mechanical,20,40,E,3571
2020-12-23,36,21:20,Wednesday,HUMBERWOOD BLVD AND VI,Operations - Operator,8,16,,9110
2020-12-23,53,21:54,Wednesday,STEELES AND BIRCHMOUNT,Road Blocked - NON-TTC Collision,49,61,E,3555
2020-12-23,17,22:16,Wednesday,STEELES AND BIRCHMOUNT,Road Blocked - NON-TTC Collision,82,104,E,8550
2020-12-23,129,22:32,Wednesday,MALVERN GARAGE,Collision - TTC,0,0,,1404
2020-12-23,7,22:40,Wednesday,BATHURST STATION,Mechanical,9,18,N,9011
2020-12-23,100,23:19,Wednesday,BROADVIEW STATION,Emergency Services,10,20,,8663
2020-12-23,25,23:54,Wednesday,OVERLEA AND THORNCLIFF,Emergency Services,10,20,S,8744
2020-12-23,29,00:15,Wednesday,DUFFERIN NORTH OF HOPE,Collision - TTC,8,17,N,9021
2020-12-23,86,01:54,Wednesday,EGLINTON AND DANFORTH,Securitty,8,19,E,8833
2020-12-24,39,02:08,Thursday,FINCH AND BRIDLETOWN (,Cleaning,20,40,E,3534
2020-12-24,110,02:10,Thursday,KIPLING STATION,Mechanical,12,26,W,8608
2020-12-24,45,02:14,Thursday,KIPLING AND STEELES,Emergency Services,0,0,N,8027
2020-12-24,320,03:00,Thursday,YONGE AND BLOOR,Security,4,7,S,8166
2020-12-24,29,03:19,Thursday,DUFFERIN AND ROGERS,Road Blocked - NON-TTC Collision,90,120,,0
2020-12-24,39,03:25,Thursday,NEILSON AND CROW TRAIL,Operations - Operator,30,60,W,3534
2020-12-24,329,03:28,Thursday,DUFFERIN AND HOPE,Road Blocked - NON-TTC Collision,36,50,N,9024
2020-12-24,320,04:18,Thursday,BAY AND HARBOUR,Emergency Services,0,0,S,8318
2020-12-24,161,05:14,Thursday,DUFFERIN AND ROGERS,Road Blocked - NON-TTC Collision,40,66,,0
2020-12-24,23,06:05,Thursday,DAWES AND GOODWOOD PAR,Emergency Services,10,20,S,8528
2020-12-24,53,06:21,Thursday,STEELES AND WAGGONERS,Security,6,12,,9097
2020-12-24,25,06:29,Thursday,DON MILLS STATION,Mechanical,9,18,S,8707
2020-12-24,60,06:46,Thursday,PIONEER VILLAGE STATIO,Mechanical,8,16,W,3297
2020-12-24,113,08:20,Thursday,2666 DANFORTH AVE,Mechanical,12,24,W,3133
2020-12-24,43,08:46,Thursday,KENNEDY AND PASSMORE,Cleaning,10,20,N,8788
2020-12-24,11,09:04,Thursday,DAVISVILLE STATION,Cleaning,13,26,S,8211
2020-12-24,35,09:20,Thursday,JANE AND ARDAGH,Emergency Services,3,6,N,3244
2020-12-24,43,09:31,Thursday,KENNEDY AND MARILYN,Cleaning,8,16,N,8662
2020-12-24,97,09:41,Thursday,HILDA AND STEELES,Mechanical,30,60,N,8106
2020-12-24,165,09:42,Thursday,YORK MILLS STATION,Mechanical,12,24,E,3348
2020-12-24,49,09:55,Thursday,KIPLING STATION,Security,12,24,,7928
2020-12-24,117,10:00,Thursday,SHEPPARD WEST STATION,Operations - Operator,20,40,N,8392
2020-12-24,25,10:06,Thursday,DON MILLS STATION,Collision - TTC,7,14,,3754
2020-12-24,11,10:18,Thursday,STEELES AND BAYVIEW,Cleaning,13,26,E,1395
2020-12-24,37,10:19,Thursday,ISLINGTON AND STEELES,General Delay,21,31,N,8093
2020-12-24,39,10:21,Thursday,FINCH AND DON MILLS,Mechanical,10,26,E,909
2020-12-24,43,10:24,Thursday,KENNEDY AND FINCH,Cleaning,10,20,N,8894
2020-12-24,43,10:30,Thursday,KENNEDY AND RANSTONE,Cleaning,15,30,S,8627
2020-12-24,902,11:04,Thursday,WARDEN STATION,Security,10,20,,3167
2020-12-24,43,11:20,Thursday,KENNEDY STATION,Cleaning,15,30,E,8642
2020-12-24,100,11:24,Thursday,DON MILLS AND WYNFORD,Cleaning,1,1,N,8805
2020-12-24,62,11:32,Thursday,MAIN STREET STATION,Cleaning,22,44,E,9232
2020-12-24,7,11:40,Thursday,BATHURST STATION,Mechanical,8,16,N,1277
2020-12-24,89,11:51,Thursday,WESTON AND WALSH,Mechanical,8,16,N,9038
2020-12-24,75,11:52,Thursday,BLOOR AND SHERBOURNE,Cleaning,1,1,N,8366
2020-12-24,41,11:53,Thursday,KEELE AND EGLINTON,Collision - TTC,12,24,N,9052
2020-12-24,20,12:06,Thursday,MAIN STREET STATION,Operations - Operator,20,40,E,8400
2020-12-24,935,12:09,Thursday,PIONEER VILLAGE STATIO,Mechanical,10,20,S,3286
2020-12-24,44,12:30,Thursday,KIPLING STATION,Security,6,13,S,8068
2020-12-24,62,12:38,Thursday,MAIN STREET STATION,Cleaning,22,44,W,8551
2020-12-24,80,13:15,Thursday,1204 THE QUEENSWAY,Mechanical,30,60,E,8060
2020-12-24,38,14:17,Thursday,SCARBOROUGH CENTRE STA,Cleaning,0,0,W,3455
2020-12-24,38,14:17,Thursday,SCARBOROUGH CENTRE STA,Cleaning,11,22,W,3455
2020-12-24,168,14:23,Thursday,ROGERS AND WESTON,Security,20,40,S,1021
2020-12-24,135,14:36,Thursday,MAIN AND DANFORTH,Mechanical,20,40,E,3147
2020-12-24,32,14:59,Thursday,EGLINTON AND DUFFERIN,Mechanical,16,25,E,1102
2020-12-24,84,15:06,Thursday,PIONEER VILLAGE STATIO,Operations - Operator,30,60,E,3271
2020-12-24,999,15:09,Thursday,EGLINTON DIVISION,Emergency Services,0,0,,0
2020-12-24,79,15:16,Thursday,PINE AND LAWRENCE,Mechanical,18,36,S,1356
2020-12-24,905,15:32,Thursday,EGLINTON AND MCCOWAN,Emergency Services,8,16,E,8883
2020-12-24,80,15:49,Thursday,QUEENSWAY AND DORCHEST,Collision - TTC,30,60,W,8421
2020-12-24,38,16:11,Thursday,SCARBOROUGH CENTRE STA,Cleaning,0,0,W,1676
2020-12-24,38,16:11,Thursday,SCARBOROUGH CENTRE STA,Cleaning,11,22,W,1676
2020-12-24,25,16:14,Thursday,DON MILLS AND GATEWAY,Mechanical,15,30,N,8863
2020-12-24,900,16:21,Thursday,PEARSON AIRPORT - TERM,Collision - TTC,12,24,E,8009
2020-12-24,32,17:03,Thursday,EGLINTON AND CHAMBERLA,Security,22,33,W,1001
2020-12-24,14,17:18,Thursday,ROSELAWN AND CHAPLIN,General Delay,0,0,B,0
2020-12-24,89,17:25,Thursday,KEELE STATION,Security,12,24,S,9147
2020-12-24,12,17:39,Thursday,VICTORIA PARK AND MEAD,Road Blocked - NON-TTC Collision,23,66,B,9217
2020-12-24,52,18:09,Thursday,LAWRENCE AND AVENUE,Security,16,31,E,8377
2020-12-24,11,18:27,Thursday,SUNNYBROOK HOSPITAL,Mechanical,13,26,S,8365
2020-12-24,39,18:28,Thursday,FINCH AND NEILSON,Mechanical,8,11,E,9073
2020-12-24,29,19:01,Thursday,DUFFERIN AND EVANSFIEL,Mechanical,8,16,S,9049
2020-12-24,95,19:09,Thursday,ELLESMERE LOOP,Mechanical,14,30,W,1222
2020-12-24,133,19:20,Thursday,SCARBOROUGH CENTRE STA,Cleaning,9,18,S,3483
2020-12-24,85,19:27,Thursday,EAST AND MASTWOOD,Mechanical,1,2,N,3489
2020-12-24,89,19:35,Thursday,WESTON AND LAWRENCE,Mechanical,8,22,N,9029
2020-12-24,86,19:40,Thursday,KENNEDY STATION,Vision,9,18,E,8741
2020-12-24,38,19:42,Thursday,ELLESMERE AND MORNINGS,Road Blocked - NON-TTC Collision,5,10,E,76134
2020-12-24,53,20:22,Thursday,STAINES AND MORNINGSID,Mechanical,22,44,W,3433
2020-12-24,12,20:57,Thursday,VICTORIA PARK STATION,Security,10,20,,3162
2020-12-24,15,20:58,Thursday,RATHBURN AND CENTENNIA,Mechanical,30,60,E,8473
2020-12-24,24,21:25,Thursday,VICTORIA PARK STATION,Emergency Services,0,0,,8598
2020-12-24,165,22:02,Thursday,BARMAC AND STEELES,Emergency Services,10,20,S,3177
2020-12-24,36,22:48,Thursday,FINCH AND WILMINGTON,Collision - TTC,10,20,W,9106
2020-12-24,77,23:08,Thursday,MORNINGSIDE RD AND RUN,General Delay,20,40,N,1139
2020-12-24,47,23:30,Thursday,CALEDONIA AND EGLINTON,General Delay,20,40,N,1127
2020-12-24,100,23:42,Thursday,MILLWOOD AND OVERLEA,Collision - TTC,10,20,S,8939
2020-12-24,73,23:52,Thursday,ROYAL YORK AND EGLINTO,Collision - TTC,20,40,S,8430
2020-12-24,77,23:54,Thursday,RUNNYMEDE AND MORNINGS,General Delay,107,137,,8461
2020-12-24,11,23:59,Thursday,BAYVIEW AND LAWRENCE,General Delay,20,40,S,8358
2020-12-24,130,00:09,Thursday,MILNER AND MCCOWAN,Collision - TTC,30,60,W,1225
2020-12-24,24,00:30,Thursday,VICTORIA PARK AND ERNE,Investigation,16,26,S,8592
2020-12-24,9,00:56,Thursday,MCCOWAN AND MARTINDALE,General Delay,30,60,S,8414
2020-12-24,95,01:18,Thursday,YORK MILLS AND YONGE,General Delay,10,20,E,3403
2020-12-24,129,01:40,Thursday,MCCOWAN AND STEELES LO,Mechanical,10,20,,3492
2020-12-24,85,01:46,Thursday,SHEPPARD AND MC COWAN,Emergency Services,30,60,E,9071
2020-12-24,52,01:46,Thursday,LAWRENCE WEST STATION,Security,20,40,W,8143
2020-12-25,86,02:23,Friday,MEADOWVALE LOOP,Emergency Services,0,0,,8739
2020-12-25,53,03:40,Friday,FINCHDENE AND NEWGALE,General Delay,0,0,,3497
2020-12-25,300,03:50,Friday,KENNEDY STATION,Operations - Operator,17,34,N,8610
2020-12-25,25,05:39,Friday,DON MILLS AND FRESHMEA,Operations - Operator,20,20,S,8884
2020-12-25,300,06:36,Friday,KENNEDY STATION,Emergency Services,12,24,,8036
2020-12-25,7,07:11,Friday,BATHURST AND KENTON,Road Blocked - NON-TTC Collision,60,90,S,0
2020-12-25,320,07:33,Friday,YONGE AND QUEENS QUAY,Emergency Services,15,30,,8218
2020-12-25,72,07:58,Friday,PAPE STATION,Mechanical,21,39,S,3130
2020-12-25,44,07:58,Friday,COLONEL SAMUEL SMITH P,Mechanical,17,34,S,7945
2020-12-25,34,08:00,Friday,SPANBRIDGE AND GRENOBL,Security,12,24,E,8674
2020-12-25,100,08:00,Friday,BROADVIEW STATION,Mechanical,10,20,N,8844
2020-12-25,92,08:12,Friday,WODDBINE STATION,Mechanical,5,10,E,3135
2020-12-25,94,08:12,Friday,OSSINGTON STATION,Mechanical,12,25,E,1073
2020-12-25,47,08:17,Friday,WESTON AND ROGERS,Mechanical,20,40,S,1202
2020-12-25,52,08:22,Friday,LAWRENCE AND GLEN RUSH,Mechanical,27,54,W,8206
2020-12-25,47,08:23,Friday,BRIDGELAND AND CALEDON,Mechanical,20,40,S,1045
2020-12-25,55,08:33,Friday,OLD DUNDAS ST,General Delay,327,357,,7912
2020-12-25,11,09:00,Friday,BAYVIEW AND HILLCREST,Road Blocked - NON-TTC Collision,177,207,,8155
2020-12-25,91,09:12,Friday,VICTORIA PARK AND LAWR,Security,24,48,S,8890
2020-12-25,97,09:49,Friday,DAVISVILLE STATION,Mechanical,30,60,S,1293
2020-12-25,85,10:38,Friday,SHEPPARD AND IDAGROVE,Mechanical,8,16,W,3473
2020-12-25,26,10:42,Friday,JANE STATION,Mechanical,36,44,E,1586
2020-12-25,927,10:47,Friday,HUMBER COLLEGE BUS TER,Security,30,60,,3611
2020-12-25,7,11:10,Friday,BATHURST AND STEELES,Mechanical,10,20,N,8314
2020-12-25,29,11:19,Friday,WILSON STATION,Mechanical,6,12,S,9035
2020-12-25,168,11:34,Friday,DUNDAS WEST STATION,Mechanical,9,18,E,1040
2020-12-25,52,12:20,Friday,LAWRENCE STATION,Cleaning,14,28,W,8389
2020-12-25,39,12:30,Friday,FINCH STATION,Mechanical,16,32,E,3404
2020-12-25,41,12:35,Friday,PIONEER VILLAGE STATIO,Mechanical,12,24,S,1060
2020-12-25,41,12:45,Friday,KEELE STATION,Mechanical,9,18,N,1606
2020-12-25,39,12:55,Friday,FINCH AND MARKHAM,Mechanical,14,31,W,1579
2020-12-25,133,13:00,Friday,SCARBOROUGH CENTRE STA,Cleaning,10,20,N,3475
2020-12-25,133,13:20,Friday,SCARBOROUGH CENTRE STA,Cleaning,10,20,N,3424
2020-12-25,73,13:37,Friday,ROYAL YORK STATION,General Delay,23,46,N,8434
2020-12-25,60,14:38,Friday,PIONEER VILLAGE STATIO,Mechanical,5,10,W,3577
2020-12-25,32,14:40,Friday,EGLINTON AND CALEDONIA,Mechanical,10,20,W,1109
2020-12-25,77,15:33,Friday,WINDEMERE PLACE AND WI,General Delay,24,48,,1043
2020-12-25,41,17:07,Friday,KEELE AND MURRAY ROSS,Road Blocked - NON-TTC Collision,63,83,N,1618
2020-12-25,7,17:29,Friday,BATHURST AND GREENWIN,Cleaning,7,14,S,8195
2020-12-25,63,18:22,Friday,EGLINTON WEST STATION,Mechanical,7,13,,8310
2020-12-25,17,19:24,Friday,ST CLAIR AND BIRCHMOUN,Mechanical,16,34,E,3145
2020-12-25,32,19:33,Friday,EGLINTON STATION,Utilized Off Route,20,40,W,1112
2020-12-25,32,19:42,Friday,EGLINTON WEST STATION,Collision - TTC,17,34,W,1055
2020-12-25,36,20:54,Friday,FINCH AND OAKDALE,Security,9,18,E,3216
2020-12-25,16,21:18,Friday,DANFORTH RD AND ST CLA,Investigation,24,48,N,8496
2020-12-25,89,22:32,Friday,KEELE AND ANNETTE,Collision - TTC,10,20,S,1423
2020-12-25,63,22:51,Friday,ALTANTIC AND KING,Mechanical,10,20,N,1307
2020-12-25,53,00:36,Friday,STAINES SOUTH SEASON D,Mechanical,20,40,S,1337
2020-12-25,25,00:48,Friday,PAPE STATION,Mechanical,10,20,,8852
2020-12-25,39,01:16,Friday,NEILSON AND CROW TRAIL,General Delay,0,0,S,3454
2020-12-25,,01:56,Friday,ARROW GARAGE,Collision - TTC,0,0,,3176
2020-12-26,363,02:14,Saturday,EGLINTON WEST STATION,Emergency Services,30,60,,1342
2020-12-26,45,02:58,Saturday,DANFORTH AND MEDFORD,Mechanical,30,60,W,8038
2020-12-26,300,03:06,Saturday,DANFORTH AND DANFORTH,Mechanical,30,60,W,8038
2020-12-26,353,05:13,Saturday,STEELES AND PHARMACY,Collision - TTC,30,60,E,3539
2020-12-26,396,05:13,Saturday,WILSON AND BATHURST,Collision - TTC,0,0,W,3631
2020-12-26,54,05:16,Saturday,EGLINTON STATION,Mechanical,24,0,E,8871
2020-12-26,109,05:49,Saturday,VARNA AND BAGOT COURT,Operations - Operator,10,20,N,8135
2020-12-26,61,06:05,Saturday,EGLINTON STATION,Mechanical,25,50,N,8347
2020-12-26,39,06:09,Saturday,FINCH STATION,Mechanical,14,28,E,9074
2020-12-26,67,07:00,Saturday,VICTORIA PARK STATION,Operations - Operator,24,48,S,8622
2020-12-26,89,07:28,Saturday,KEELE STATION,Mechanical,10,20,N,1090
2020-12-26,95,07:55,Saturday,MCCOWAN AND ELLESMERE,Mechanical,12,24,S,1402
2020-12-26,14,08:04,Saturday,GLENCAIRN STATION TO D,General Delay,15,35,B,0
2020-12-26,57,08:18,Saturday,MIDLAND AND STEELES,Mechanical,30,60,S,8791
2020-12-26,29,08:28,Saturday,DUFFERIN AND WILSON,Mechanical,9,18,S,9141
2020-12-26,116,08:30,Saturday,MORNINGSIDE AND PANAM,Collision - TTC,10,20,N,8746
2020-12-26,29,08:33,Saturday,DUFFERIN AND QUEEN,Investigation,5,10,N,1091
2020-12-26,900,08:37,Saturday,PEARSON AIRPORT TERMIN,Mechanical,6,12,S,8001
2020-12-26,95,08:53,Saturday,YORK MILLS STATION,Mechanical,21,42,E,1658
2020-12-26,86,09:07,Saturday,KINGSTON AND GALLOWAY,Mechanical,8,16,E,8861
2020-12-26,40,09:41,Saturday,DUNDAS WEST STATION,Operations - Operator,10,30,W,7921
2020-12-26,36,09:54,Saturday,FINCH WEST STATION,Mechanical,6,12,W,3212
2020-12-26,60,09:55,Saturday,PIONEER VILLAGE STATIO,Mechanical,5,10,E,3641
2020-12-26,89,10:01,Saturday,KEELE STATION,Mechanical,10,20,N,1044
2020-12-26,124,10:20,Saturday,LAWRENCE STATION,Cleaning,20,40,E,8345
2020-12-26,54,10:21,Saturday,EGLINTON STATION,Mechanical,16,32,E,8890
2020-12-26,53,10:46,Saturday,FINCH STATION,Mechanical,5,10,E,3520
2020-12-26,133,10:52,Saturday,1397 NEILSON,Mechanical,10,20,S,1398
2020-12-26,133,10:52,Saturday,NEILSON AND SHEPPARD,Mechanical,10,21,S,1398
2020-12-26,34,10:57,Saturday,KENNEDY STATION,Mechanical,9,17,W,8833
2020-12-26,36,11:03,Saturday,FINCH AND ARROW,Mechanical,5,10,E,3251
2020-12-26,52,11:04,Saturday,LAWRENCE STATION,Mechanical,20,40,W,8136
2020-12-26,29,11:04,Saturday,DUFFERIN AND CASTLEFIE,Mechanical,7,14,S,9151
2020-12-26,36,11:10,Saturday,FINCH WEST STATION,Mechanical,6,12,W,3609
2020-12-26,60,11:14,Saturday,FINCH STATION,Mechanical,5,10,W,3641
2020-12-26,600,11:50,Saturday,ST CLAIR AND PLAXTON,Investigation,0,0,E,8579
2020-12-26,85,12:10,Saturday,KENNEDY AND SHEPPARD,Mechanical,28,56,E,9071
2020-12-26,133,12:20,Saturday,SCARBOROUGH CENTRE STA,Mechanical,10,20,N,1534
2020-12-26,94,12:24,Saturday,WELLESLEY AND ONTARIO,Emergency Services,50,65,,0
2020-12-26,52,12:27,Saturday,LAWRENCE WEST STATION,Mechanical,14,28,W,1315
2020-12-26,116,12:30,Saturday,GUILDWOOD AND PARKWAY,Mechanical,7,14,E,8803
2020-12-26,9,12:36,Saturday,WARDEN STATION,Cleaning,22,44,N,8517
2020-12-26,116,13:16,Saturday,KINGSTON AND GUILDWOOD,Mechanical,7,14,S,8865
2020-12-26,34,13:27,Saturday,EGLINTON AND DON MILLS,Mechanical,9,17,W,8770
2020-12-26,41,14:05,Saturday,KEELE AND EGLINTON,Cleaning,11,22,N,1110
2020-12-26,89,14:05,Saturday,WESTON AND ALBION,Cleaning,10,20,S,1350
2020-12-26,116,14:35,Saturday,MORNINGSIDE AND KINGST,Security,7,14,N,8943
2020-12-26,53,14:47,Saturday,STEELES AND MIDDLEFIEL,Operations - Operator,24,48,W,9081
2020-12-26,6,15:04,Saturday,DAVENPORT AND DUPONT,Mechanical,14,28,S,3744
2020-12-26,29,15:18,Saturday,DUFFERIN AND BRIAR HIL,Mechanical,5,9,S,9024
2020-12-26,169,15:25,Saturday,SCARBOROUGH CENTRE STA,Mechanical,30,60,W,8328
2020-12-26,73,15:46,Saturday,ROYAL YORK STATION,Operations - Operator,23,46,N,8453
2020-12-26,51,16:01,Saturday,LESLIE STATION,Mechanical,24,48,N,8119
2020-12-26,32,16:45,Saturday,EGLINTON STATION,Mechanical,10,20,W,3738
2020-12-26,32,17:04,Saturday,EGLINTON AND WESTON,Mechanical,13,21,W,1030
2020-12-26,73,17:14,Saturday,ROYAL YORK AND DIXON,Road Blocked - NON-TTC Collision,47,70,S,8448
2020-12-26,62,17:16,Saturday,MORTIMER AND DONLANDS,Security,15,30,W,8542
2020-12-26,96,17:40,Saturday,WILSON STATION,Mechanical,20,40,E,3185
2020-12-26,52,18:05,Saturday,DIXON AND CITYVIEW,Mechanical,14,28,E,8389
2020-12-26,85,18:10,Saturday,SHEPPARD AND NEILSON,General Delay,55,65,W,0
2020-12-26,85,18:20,Saturday,SHEPPARD AND KENNEDY,Security,5,10,E,9093
2020-12-26,86,18:27,Saturday,KENNEDY STATION,Mechanical,8,16,E,8878
2020-12-26,111,18:32,Saturday,MARTIN GROVE AND SEDGE,Mechanical,15,30,N,8089
2020-12-26,41,18:37,Saturday,KEELE STATION,Mechanical,10,21,S,1000
2020-12-26,32,19:55,Saturday,TRETHEWEY AND JANE,Security,22,45,E,1503
2020-12-26,32,20:11,Saturday,LAWRENCE AND PINE,Mechanical,10,20,E,1633
2020-12-26,17,20:22,Saturday,BIRCHMOUNT AND STEELES,Emergency Services,22,44,S,3141
2020-12-26,169,20:25,Saturday,SCARBOROUGH CENTRE STA,Cleaning,30,60,W,8186
2020-12-26,97,21:38,Saturday,DAVISVILLE STATION,Mechanical,30,60,N,8103
2020-12-26,42,21:47,Saturday,MCNICOLL AND MIDLAND,Road Blocked - NON-TTC Collision,67,87,,8383
2020-12-26,52,22:24,Saturday,LAWRENCE WEST STATION,Mechanical,20,40,E,8179
2020-12-26,600,22:44,Saturday,JANE AND QUEENS DR,Mechanical,0,0,N,3632
2020-12-26,106,23:59,Saturday,SENTINEL AND COOK RD,Investigation,72,87,S,8318
2020-12-26,60,01:48,Saturday,STEELES AND YONGE,Cleaning,18,36,W,3622
2020-12-27,900,02:47,Sunday,KIPLING STN,Emergency Services,0,0,,8611
2020-12-27,339,03:43,Sunday,FINCH AND FINCHDENE,Emergency Services,30,60,E,3607
2020-12-27,96,04:25,Sunday,WILSON GARAGE,Mechanical,76,0,W,3630
2020-12-27,113,07:42,Sunday,MALVERN GARAGE,Mechanical,17,24,N,1657
2020-12-27,160,08:18,Sunday,BATHURST AND DREWRY,Operations - Operator,20,0,N,1351
2020-12-27,32,08:51,Sunday,EGLINTON GARAGE,Mechanical,24,0,W,1606
2020-12-27,87,09:22,Sunday,BROADVIEW STATION,Emergency Services,10,20,,8542
2020-12-27,32,09:39,Sunday,LAWRENCE AND PINE,Mechanical,20,40,E,1111
2020-12-27,53,10:26,Sunday,STEELES AND MARKHAM,Cleaning,10,20,W,3488
2020-12-27,124,10:40,Sunday,LAWRENCE STATION,Cleaning,20,40,W,8156
2020-12-27,26,10:44,Sunday,JANE STATION,Mechanical,24,48,E,1555
2020-12-27,107,11:03,Sunday,SHEPPARD WEST STATION,General Delay,30,60,,3318
2020-12-27,73,11:14,Sunday,ALBION AND CLAIREPORT,Mechanical,23,46,S,8047
2020-12-27,47,11:41,Sunday,LANSDOWNE AND BRANDON,Mechanical,10,20,N,1007
2020-12-27,29,11:42,Sunday,WILSON STATION,Mechanical,8,17,S,9020
2020-12-27,53,12:48,Sunday,PASSMORE AND MARKHAM,Mechanical,5,10,W,9092
2020-12-27,38,12:53,Sunday,LAWSON AND CENTENNIAL,Cleaning,10,20,E,3444
2020-12-27,47,13:24,Sunday,LANSDOWNE AND ST. CLAI,Cleaning,9,18,S,1078
2020-12-27,40,13:38,Sunday,KIPLING STATION,Mechanical,30,60,E,8082
2020-12-27,47,13:46,Sunday,ST CLAIR AND LANSDOWNE,Operations - Operator,9,18,S,1360
2020-12-27,32,14:04,Sunday,EMMETT AND VERONA,Mechanical,10,20,E,1048
2020-12-27,40,14:15,Sunday,DUNDAS WEST STATION,Cleaning,20,30,W,7910
2020-12-27,106,16:10,Sunday,SHEPPARD WEST STATION,Mechanical,10,20,W,8328
2020-12-27,92,16:32,Sunday,STHRATHMORE AND WOODBI,Mechanical,6,12,W,9203
2020-12-27,9,17:11,Sunday,WARDEN STATION,Operations - Operator,22,44,N,8412
2020-12-27,87,17:21,Sunday,COSBURN AND LOGAN,Investigation,10,20,W,3164
2020-12-27,97,17:29,Sunday,YONGE BLVD AND FELBRIG,General Delay,435,465,N,8183
2020-12-27,39,17:38,Sunday,SEWELLS AND LITTLES,Cleaning,16,32,W,1676
2020-12-27,927,17:53,Sunday,HWY 27 AND BELFIELD,Collision - TTC,10,20,N,3356
2020-12-27,116,18:04,Sunday,EGLINTON AND CENTRE,Collision - TTC,6,12,E,8703
2020-12-27,12,18:29,Sunday,KINGSTON AND BRIMLEY,Emergency Services,17,34,E,8487
2020-12-27,25,18:45,Sunday,PAPE STATION,Emergency Services,10,20,,8799
2020-12-27,34,19:07,Sunday,EGLINTON AND VICTORIA,Security,7,13,E,8627
2020-12-27,16,19:20,Sunday,DANFORTH AND HUNTINGTO,Emergency Services,24,48,E,9209
2020-12-27,52,19:21,Sunday,LAWRENCE AND DUFFERIN,Operations - Operator,20,40,W,8381
2020-12-27,65,20:09,Sunday,PARLIAMENT AND SHUTER,Emergency Services,15,30,S,9213
2020-12-27,81,20:52,Sunday,PAPE AND COSBURN,Cleaning,12,24,N,8593
2020-12-27,169,21:00,Sunday,SCARBOROUGH CENTRE,Mechanical,30,60,,8192
2020-12-27,7,22:14,Sunday,GREENWIN VILLAGE,Mechanical,10,20,N,8348
2020-12-27,320,01:42,Sunday,YONGE AND FRICHOT AVE,Emergency Services,3,7,S,8114
2020-12-27,109,01:49,Sunday,LAWRENCE AND VARNA,Emergency Services,50,59,N,8315
2020-12-27,52,01:55,Sunday,LAWRENCE STATION,Emergency Services,30,60,,8323
2020-12-27,35,01:58,Sunday,JANE AND SHEPPARD,Security,13,20,S,3203
2020-12-28,41,02:49,Monday,IAN MACDONALD AND YORK,Mechanical,30,60,,1113
2020-12-28,72,04:34,Monday,WILSON DIVISION,Late Leaving Garage - Operator,30,0,,8174
2020-12-28,97,05:28,Monday,STEELES AND YONGE LOOP,Emergency Services,0,0,,1384
2020-12-28,106,06:11,Monday,SHEPPARD WEST STATION,Vision,13,26,N,1395
2020-12-28,85,06:15,Monday,MEADOWVALE LOOP,Mechanical,15,30,W,1653
2020-12-28,929,06:34,Monday,DUFFERIN AND LAWRENCE,Mechanical,9,19,N,1502
2020-12-28,131,06:40,Monday,SCARBOROUGH CENTRE STA,Mechanical,10,20,N,1232
2020-12-28,74,06:46,Monday,ST. CLAIR STATION,General Delay,18,36,,8361
2020-12-28,43,07:24,Monday,KENNEDY AND FINCH,Emergency Services,10,20,N,8720
2020-12-28,986,07:32,Monday,KENNEDY STATION,Mechanical,5,10,E,8909
2020-12-28,168,08:23,Monday,DUNDAS WEST STATION,Mechanical,10,20,N,1086
2020-12-28,168,08:23,Monday,DUNDAS WEST STATION,Mechanical,10,20,,1086
2020-12-28,89,08:25,Monday,WESTON AND EGLINTON,Cleaning,1,9,N,9150
2020-12-28,7,08:44,Monday,BATHURST AND LAUREL CR,Security,8,17,S,1260
2020-12-28,76,09:22,Monday,ROYAL YORK AND FRANKWO,Mechanical,9,18,S,8424
2020-12-28,90,09:38,Monday,ST CLAIR WEST STATION,Collision - TTC,11,22,,8356
2020-12-28,11,09:43,Monday,DAVISVILLE STATION,Cleaning,13,26,N,8339
2020-12-28,133,09:45,Monday,SCARBOROUGH CENTRE STA,Cleaning,11,22,N,3421
2020-12-28,11,09:56,Monday,DAVISVILLE STATION,Cleaning,13,26,N,8145
2020-12-28,89,10:16,Monday,ALBION AND WALSH,Mechanical,5,17,S,1264
2020-12-28,34,10:19,Monday,KENNEDY STATION,Cleaning,12,24,W,8890
2020-12-28,133,10:32,Monday,FINCH AND MORNINGSIDE,Cleaning,11,22,N,3529
2020-12-28,996,10:48,Monday,HUMBER COLLEGE,Vision,12,24,N,3203
2020-12-28,133,10:55,Monday,SCARBOROUGH TOWN CENTR,Cleaning,11,22,,3438
2020-12-28,7,10:58,Monday,925 BATHURST ST,Collision - TTC,58,64,N,9016
2020-12-28,43,11:05,Monday,KENNEDY STATION,Cleaning,15,30,N,8858
2020-12-28,62,11:34,Monday,MAIN STREET STATION,Cleaning,0,0,W,55992
2020-12-28,133,11:34,Monday,SCARBOROUGH CENTRE STA,Cleaning,11,22,W,3534
2020-12-28,43,11:44,Monday,KENNEDY STATION,Cleaning,10,20,N,8661
2020-12-28,75,11:52,Monday,BLOOR AND SHERBOURNE,Cleaning,1,1,N,8154
2020-12-28,133,12:07,Monday,SCARBOROUGHT CENTRE ST,Cleaning,11,22,E,3438
2020-12-28,47,12:30,Monday,LANSDOWNE AND QUEEN,Mechanical,7,14,S,1039
2020-12-28,109,12:30,Monday,LAWRENCE WEST STATION,Operations - Operator,40,80,S,8305
2020-12-28,39,12:33,Monday,FINCH AND NEILSON,Cleaning,16,32,E,3475
2020-12-28,52,12:39,Monday,LAWRENCE WEST STATION,Cleaning,17,35,E,8385
2020-12-28,999,13:00,Monday,WILSON GARAGE,Collision - TTC,0,0,,0
2020-12-28,39,13:23,Monday,FINCH AND NEILSON,Cleaning,16,32,E,9098
2020-12-28,41,13:38,Monday,KEELE AND ANNETTE,Collision - TTC,12,23,S,9056
2020-12-28,54,13:41,Monday,LAWRENCE AND CARNFORTH,Mechanical,14,28,W,8805
2020-12-28,935,13:42,Monday,PIONEER VILLAGE STATIO,Mechanical,10,20,S,3224
2020-12-28,62,14:05,Monday,MAIN STREET STATION,Cleaning,0,0,W,8504
2020-12-28,52,14:34,Monday,LAWRENCE WEST STATION,Cleaning,17,34,E,8366
2020-12-28,124,15:10,Monday,LAWRENCE STATION,Cleaning,11,22,W,8102
2020-12-28,36,15:23,Monday,FINCH WEST STATION,Mechanical,6,12,W,3229
2020-12-28,54,15:34,Monday,LAWRENCE AND STARSPRAY,Mechanical,13,26,W,3755
2020-12-28,54,15:35,Monday,LAWRENCE AND STARSPRAY,Mechanical,13,16,E,3750
2020-12-28,34,15:55,Monday,KENNEDY STATION,Mechanical,6,13,E,8791
2020-12-28,38,16:00,Monday,SCARBOROUGH CENTRE STA,Cleaning,11,22,W,3450
2020-12-28,929,16:15,Monday,DUFFERIN GATE LOOP,Cleaning,10,20,N,1075
2020-12-28,37,16:19,Monday,ISLINGTON STATION,Mechanical,24,47,,8023
2020-12-28,35,16:20,Monday,JANE AND HULLMAR,Investigation,10,20,S,3212
2020-12-28,15,16:38,Monday,EVANS AND GARROCH,Security,16,30,W,8057
2020-12-28,41,16:39,Monday,KEELE STATION,Security,16,32,,9028
2020-12-28,43,16:50,Monday,MIDLAND AND STEELES,Mechanical,4,7,S,8685
2020-12-28,47,16:52,Monday,LANSDOWNE STATION,Mechanical,13,27,S,3744
2020-12-28,935,17:21,Monday,JANE AND SHOREHAM,Mechanical,10,19,S,3247
2020-12-28,78,18:06,Monday,14 CARLUKE CRES,Mechanical,15,30,W,8332
2020-12-28,37,18:31,Monday,ISLINGTON STATION,Operations - Operator,24,47,N,8018
2020-12-28,927,18:37,Monday,HUMBER COLLEGE LOOP,Mechanical,9,18,S,3355
2020-12-28,52,18:41,Monday,LAWRENCE STATION,Mechanical,4,8,W,8108
2020-12-28,70,18:42,Monday,COXWELL AND MORTIMER,Emergency Services,11,22,N,8640
2020-12-28,85,19:09,Monday,DON MILLS STATION,Security,16,32,W,1246
2020-12-28,97,19:52,Monday,YONGE AND FINCH,Security,27,54,S,1288
2020-12-28,35,20:03,Monday,JANE AND QUEENS,Security,9,18,N,3303
2020-12-28,169,20:22,Monday,DON MILLS STATION,Mechanical,60,60,E,1301
2020-12-28,29,20:51,Monday,DUFFERIN AND WILSON,Emergency Services,8,16,,9137
2020-12-28,96,21:42,Monday,WILSON AND BATHURST,Security,22,42,W,0
2020-12-28,102,21:54,Monday,WARDEN STATION,Security,30,60,,9218
2020-12-28,302,01:54,Monday,MCCOWAN AND STEELES,Emergency Services,30,60,N,8546
2020-12-29,300,02:09,Tuesday,DANFORTH AND CHISHOLM,Security,17,34,W,8848
2020-12-29,116,02:58,Tuesday,EGLINTON AND BRIMLEY,Security,10,20,W,8802
2020-12-29,300,03:05,Tuesday,KENNEDY STATION,Security,17,34,,8438
2020-12-29,320,04:32,Tuesday,YONGE AND WELLINGTON,Investigation,95,110,,0
2020-12-29,,04:46,Tuesday,56 YONGE ST,Utilized Off Route,0,0,N,1276
2020-12-29,54,05:10,Tuesday,LAWRENCE AND SCARBOROU,Mechanical,30,30,N,8845
2020-12-29,87,05:25,Tuesday,MAIN STREET STATION,Mechanical,10,25,W,8412
2020-12-29,113,05:29,Tuesday,MAIN STREET STATION,Mechanical,12,36,S,3166
2020-12-29,100,05:39,Tuesday,DON MILLS AND WYNFORD,Mechanical,6,12,W,8729
2020-12-29,929,06:05,Tuesday,DUFFERIN AND ROWAN AVE,Collision - TTC,8,18,S,9055
2020-12-29,47,06:05,Tuesday,EARLSCOURT LOOP,Mechanical,6,12,S,1070
2020-12-29,88,06:20,Tuesday,ST CLAIR STATION,Mechanical,10,27,E,1307
2020-12-29,97,06:30,Tuesday,DAVISVILLE STATION,Mechanical,30,60,S,1286
2020-12-29,108,06:57,Tuesday,PIONEER VILLAGE STATIO,Mechanical,7,14,N,3257
2020-12-29,52,08:26,Tuesday,AIRPORT AND DERRY,General Delay,18,36,S,1250
2020-12-29,171,08:40,Tuesday,MOUNT DENNIS DIVISION,Mechanical,20,40,S,1106
2020-12-29,11,09:04,Tuesday,DAVISVILLE STATION,Cleaning,13,25,N,8353
2020-12-29,36,09:09,Tuesday,FINCH AND ARDWICK,Mechanical,6,12,E,9122
2020-12-29,91,09:17,Tuesday,UNDERHILL AND DOONAREE,Cleaning,12,24,N,8942
2020-12-29,41,09:23,Tuesday,KEELE AND FOUR WINDS,Cleaning,12,24,N,9051
2020-12-29,11,09:30,Tuesday,DAVISVILLE STATION,Cleaning,13,26,S,8314
2020-12-29,935,09:37,Tuesday,PIONEER VILLAGE STATIO,Cleaning,10,20,N,3314
2020-12-29,133,09:45,Tuesday,SCARBOROUGH CENTRE STA,Cleaning,11,22,W,3558
2020-12-29,95,09:49,Tuesday,ELLESMERE CUL DE SAC,Cleaning,20,40,N,3551
2020-12-29,87,09:55,Tuesday,COSBURN AND WOODBINE,Road Blocked - NON-TTC Collision,13,22,W,8565
2020-12-29,42,09:57,Tuesday,FINCH STATION,Cleaning,14,27,N,8120
2020-12-29,95,10:04,Tuesday,ELLESMERE STATION,Cleaning,20,40,N,3442
2020-12-29,133,10:07,Tuesday,SCARBOROUGH CENTRE STA,Cleaning,11,22,E,3567
2020-12-29,11,10:18,Tuesday,STEELES AND BAYVIEW,Cleaning,13,26,S,8145
2020-12-29,34,10:19,Tuesday,KENNEDY STATION,Cleaning,12,24,W,8822
2020-12-29,62,10:26,Tuesday,MAIN STREET STATION,Cleaning,22,44,E,9239
2020-12-29,122,10:27,Tuesday,YORK MILLS STATION,Cleaning,17,34,W,8189
2020-12-29,11,10:44,Tuesday,STEELES LOOP AND BAYVI,Cleaning,13,26,S,8323
2020-12-29,89,10:46,Tuesday,KEELE STATION,Mechanical,11,12,N,9136
2020-12-29,24,10:47,Tuesday,VICTORIA PK AND MEDHUR,Investigation,38,48,S,9231
2020-12-29,85,10:51,Tuesday,DON MILLS STATION,Mechanical,22,44,W,3463
2020-12-29,133,11:14,Tuesday,SCARBOROUGH CENTRE STA,Cleaning,11,22,W,3482
2020-12-29,59,11:25,Tuesday,OAK AND WESTON,Cleaning,45,90,W,3332
2020-12-29,134,11:35,Tuesday,FINCHDENE SQUARE AND F,Security,7,14,S,1550
2020-12-29,36,11:37,Tuesday,FINCH AND KEELE,Cleaning,5,10,N,9107
2020-12-29,72,11:42,Tuesday,PAPE STATION,Cleaning,1,1,S,8526
2020-12-29,122,11:43,Tuesday,YORK MILLS STATION,Cleaning,17,34,E,8322
2020-12-29,133,11:45,Tuesday,SCARBOROUGH CENTRE STA,Cleaning,11,22,W,3562
2020-12-29,39,11:47,Tuesday,FINCH STATION,Mechanical,4,7,,1229
2020-12-29,75,11:52,Tuesday,BLOOR AND SHERBOURNE,Cleaning,1,1,N,8318
2020-12-29,53,11:55,Tuesday,PASSMORE AND MARKHAM,Cleaning,13,26,S,9089
2020-12-29,65,11:55,Tuesday,CASTLE FRANK STATION,Mechanical,15,30,N,8590
2020-12-29,600,11:58,Tuesday,ELLESMERE AND MARKHAM,Investigation,11,22,E,3503
2020-12-29,123,12:00,Tuesday,LONG BRANCH LOOP,Operations - Operator,21,42,E,8609
2020-12-29,35,12:16,Tuesday,JANE AND EGLINTON,Mechanical,7,14,N,3643
2020-12-29,53,12:37,Tuesday,PASSMORE AND MARKHAM,Cleaning,6,12,E,9065
2020-12-29,116,12:41,Tuesday,KENNEDY STATION,Mechanical,11,22,E,8625
2020-12-29,62,12:58,Tuesday,MAIN STREET STATION,Cleaning,22,44,E,3132
2020-12-29,94,13:00,Tuesday,CASTLE FRANK STATION,Mechanical,15,30,N,3742
2020-12-29,102,13:15,Tuesday,WARDEN STATION,Operations - Operator,30,60,S,8954
2020-12-29,71,13:20,Tuesday,MOUNT DENNIS GARAGE,Mechanical,13,27,S,1124
2020-12-29,600,13:21,Tuesday,LAWRENCE AND THE DONWA,Mechanical,1,1,W,8821
2020-12-29,168,13:40,Tuesday,DUNDAS WEST STATION,Mechanical,20,40,W,1078
2020-12-29,38,14:00,Tuesday,SCARBOROUGH CENTRE STA,Cleaning,12,24,E,3461
2020-12-29,64,14:00,Tuesday,MAIN STREET STATION,Cleaning,10,20,E,8533
2020-12-29,86,14:02,Tuesday,KENNEDY STATION,Cleaning,10,20,E,8831
2020-12-29,36,14:02,Tuesday,FINCH WEST STATION,Cleaning,6,12,N,3224
2020-12-29,102,14:15,Tuesday,WARDEN STATION,Mechanical,30,39,N,3107
2020-12-29,100,14:26,Tuesday,DON MILLS AND WYNFORD,Cleaning,9,18,N,8636
2020-12-29,52,14:28,Tuesday,YONGE AND LAWRENCE,Cleaning,18,36,N,8357
2020-12-29,124,14:33,Tuesday,LAWRENCE STATION,Cleaning,10,20,N,8337
2020-12-29,11,14:51,Tuesday,DAVISVILLE STATION,Cleaning,17,34,S,8353
2020-12-29,34,15:01,Tuesday,EGLINTON STATION,Cleaning,7,13,S,8771
2020-12-29,97,15:03,Tuesday,HILDA AND STEELES,Cleaning,30,60,S,8208
2020-12-29,37,15:06,Tuesday,ISLINGTON AND BERGAMOT,Road Blocked - NON-TTC Collision,40,55,,0
2020-12-29,189,15:11,Tuesday,HIGH PARK STN,Operations - Operator,25,50,,8464
2020-12-29,36,15:27,Tuesday,FINCH WEST STATION,Cleaning,6,12,W,3186
2020-12-29,905,15:41,Tuesday,EGLINTON AND TORRENCE,Collision - TTC,8,16,E,8747
2020-12-29,43,15:46,Tuesday,KENNEDY STATION,Security,2,10,,8671
2020-12-29,28,15:48,Tuesday,BAYVIEW AND DAVISVILLE,Emergency Services,20,40,N,8215
2020-12-29,62,16:00,Tuesday,MORTIMER AND BURLEY,Road Blocked - NON-TTC Collision,22,44,W,9239
2020-12-29,62,16:02,Tuesday,MORTIMER AND BROADVIEW,Road Blocked - NON-TTC Collision,24,48,W,9239
2020-12-29,134,16:10,Tuesday,SCARBOROUGH TOWN CTR S,Mechanical,15,30,,1674
2020-12-29,124,16:11,Tuesday,LAWRENCE STATION,Cleaning,11,22,W,8309
2020-12-29,98,16:37,Tuesday,SHEPPARD STATION,Mechanical,20,40,S,8217
2020-12-29,96,16:59,Tuesday,WILSON AND JANE,Operations - Operator,20,40,W,0
2020-12-29,124,17:03,Tuesday,LAWRENCE STATION,Cleaning,10,20,S,8205
2020-12-29,47,17:22,Tuesday,LANSDOWNE AND QUEEN,Collision - TTC,21,48,S,1060
2020-12-29,135,17:29,Tuesday,WARDEN STATION,General Delay,20,40,N,8553
2020-12-29,35,17:36,Tuesday,PIONEER VILLAGE,Emergency Services,10,20,N,3202
2020-12-29,66,18:18,Tuesday,OLD MILL STATION,Operations - Operator,20,40,S,8423
2020-12-29,37,18:44,Tuesday,ISLINGTON STATION,Operations - Operator,24,48,S,7942
2020-12-29,97,19:16,Tuesday,YONGE BLVD AND FELBRIG,General Delay,326,356,N,0
2020-12-29,935,19:18,Tuesday,JANE STATION,Mechanical,9,18,N,3574
2020-12-29,100,19:38,Tuesday,WYNFORD AND E ON DON M,Operations - Operator,9,18,E,8839
2020-12-29,84,20:02,Tuesday,SHEPPARD WEST STATION,Operations - Operator,30,60,W,0
2020-12-29,89,22:57,Tuesday,WESTON AND ALBION,Mechanical,10,20,,9137
2020-12-29,86,00:33,Tuesday,KENNEDY STATION,Security,10,20,,8701
2020-12-29,36,00:46,Tuesday,FINCH STATION,Emergency Services,10,20,,3278
2020-12-29,63,01:15,Tuesday,ATLANTIC AND KING,Utilized Off Route,10,20,N,8333
2020-12-29,102,01:24,Tuesday,MARKHAM AND GREENHOME,Road Blocked - NON-TTC Collision,11,22,N,5886
2020-12-30,300,03:00,Wednesday,DANFORTH AND SIBLEY,Mechanical,17,34,E,1263
2020-12-30,337,05:15,Wednesday,ISLINGTON AND LAKESHOR,Investigation,0,0,N,8055
2020-12-30,7,05:30,Wednesday,BATHURST AND FINCH,Mechanical,23,50,N,9006
2020-12-30,39,05:44,Wednesday,NEILSON AND CROW TRAIL,Mechanical,8,20,E,3465
2020-12-30,300,05:56,Wednesday,KIPLING STATION,Emergency Services,0,0,E,8840
2020-12-30,81,06:01,Wednesday,MILLWOOD ROAD,Mechanical,5,10,S,9213
2020-12-30,34,06:07,Wednesday,CONCORD PLACE AND WYNF,Emergency Services,13,26,S,8936
2020-12-30,134,06:13,Wednesday,WARDEN STATION,Mechanical,3,6,S,1232
2020-12-30,71,06:36,Wednesday,LAMBTON AND WESTON,General Delay,61,79,E,3745
2020-12-30,26,06:40,Wednesday,JANE STATION,Mechanical,0,0,N,1087
2020-12-30,7,06:42,Wednesday,BATHURST AND WILSON,Mechanical,8,17,S,8183
2020-12-30,94,06:43,Wednesday,OSSINGTON STATION,Investigation,15,30,,1202
2020-12-30,12,07:14,Wednesday,VICTORIA PARK STATION,Mechanical,20,40,N,8563
2020-12-30,89,07:23,Wednesday,KEELE AND GLENLAKE,Mechanical,9,18,S,9049
2020-12-30,86,07:37,Wednesday,KENNEDY STATION,General Delay,20,40,E,3759
2020-12-30,41,08:32,Wednesday,KEELE AND EGLINTON,Investigation,12,24,S,9035
2020-12-30,122,08:37,Wednesday,DUNCAN MILLS AND DON M,Road Blocked - NON-TTC Collision,24,36,W,1370
2020-12-30,25,08:50,Wednesday,PAPE STATION,Emergency Services,5,10,S,8852
2020-12-30,125,08:57,Wednesday,FINCH STATION,Mechanical,8,16,N,1293
2020-12-30,165,09:04,Wednesday,WESTON AND STEELES,Cleaning,12,24,W,3259
2020-12-30,39,09:05,Wednesday,FINCH AND SCOTTFIELD,Mechanical,5,10,E,3428
2020-12-30,39,09:10,Wednesday,FINCH AND MIDDLEFIELD,Mechanical,2,5,E,3412
2020-12-30,36,09:17,Wednesday,FINCH WEST STATION,Cleaning,6,12,W,3342
2020-12-30,41,09:22,Wednesday,KEELE STATION,Investigation,13,26,N,9038
2020-12-30,63,09:23,Wednesday,OAKWOOD LOOP,Cleaning,6,12,S,8160
2020-12-30,119,09:26,Wednesday,BARTOR AND ARROW,Cleaning,0,0,W,3720
2020-12-30,36,09:26,Wednesday,FINCH WEST STATION,Cleaning,5,10,E,9131
2020-12-30,119,09:35,Wednesday,WILSON STATION,Cleaning,0,0,E,3607
2020-12-30,39,09:38,Wednesday,LESLIE AND FINCH,Road Blocked - NON-TTC Collision,30,34,B,3509
2020-12-30,96,09:38,Wednesday,YORK MILLS STATION,Cleaning,0,0,E,3242
2020-12-30,53,09:39,Wednesday,MARKHAM AND PASSMORE,Cleaning,7,14,E,1241
2020-12-30,17,09:42,Wednesday,WARDEN STATION,Cleaning,1,26,S,9217
2020-12-30,39,09:44,Wednesday,FINCH AND LESLIE,Road Blocked - NON-TTC Collision,30,34,W,3509
2020-12-30,133,09:45,Wednesday,SCARBOROUGH CENTRE STA,Cleaning,11,22,W,3444
2020-12-30,51,09:47,Wednesday,LESLIE AND FINCH,Road Blocked - NON-TTC Collision,41,56,S,8187
2020-12-30,39,09:55,Wednesday,LESLIE AND VAN HORNE,Collision - TTC,16,32,S,9069
2020-12-30,53,09:56,Wednesday,PASSMORE AND MARKHAM,Cleaning,13,19,E,9068
2020-12-30,39,10:01,Wednesday,FINCH AND LESLIE,Collision - TTC,1,8,E,3466
2020-12-30,11,10:03,Wednesday,STEELES LOOP,Cleaning,13,26,W,8394
2020-12-30,39,10:05,Wednesday,MARKHAM AND FINCH,Cleaning,16,32,W,1299
2020-12-30,996,10:06,Wednesday,YORK MILLS STATION,Cleaning,0,0,E,3309
2020-12-30,133,10:07,Wednesday,SCARBOROUGHT CENTRE ST,Cleaning,11,22,W,3516
2020-12-30,11,10:07,Wednesday,STEELES LOOP,Cleaning,13,26,N,1382
2020-12-30,135,10:08,Wednesday,WARDEN STATION,Operations - Operator,20,40,E,3158
2020-12-30,88,10:08,Wednesday,ST CLAIR STATION,Operations - Operator,40,80,W,1286
2020-12-30,95,10:09,Wednesday,ELLESMERE CUL DE SAC,Vision,20,40,E,3485
2020-12-30,35,10:12,Wednesday,PIONEER VILLAGE STATIO,Cleaning,0,0,S,3227
2020-12-30,122,10:12,Wednesday,YORK MILLS STATION,Cleaning,17,34,W,8392
2020-12-30,54,10:13,Wednesday,EGLINTON STATION,Cleaning,12,24,E,8906
2020-12-30,165,10:13,Wednesday,YORK MILLS STATION,Cleaning,0,0,E,3579
2020-12-30,34,10:15,Wednesday,EGLINTON STATION,Cleaning,12,24,S,8730
2020-12-30,54,10:16,Wednesday,EGLINTON STATION,Cleaning,12,24,W,8836
2020-12-30,75,10:16,Wednesday,SHERBOURNE AND BLOOR,Cleaning,1,1,N,1301
2020-12-30,11,10:16,Wednesday,DAVSIVILLE STATION,Cleaning,13,26,S,8365
2020-12-30,53,10:18,Wednesday,MARKHAM AND PASSMORE,Cleaning,13,20,E,9094
2020-12-30,905,10:19,Wednesday,KENNEDY STATION,Cleaning,8,16,E,8731
2020-12-30,95,10:24,Wednesday,ELLESMERE STATION,Cleaning,20,40,E,1226
2020-12-30,131,10:26,Wednesday,NUGGET AND MARKHAM,Mechanical,14,28,E,1663
2020-12-30,11,10:26,Wednesday,YORK MILLS,Cleaning,13,26,W,8383
2020-12-30,85,10:26,Wednesday,SHEPPARD AND ALLANFORD,Cleaning,7,14,E,9063
2020-12-30,905,10:27,Wednesday,KENNEDY STATION,Cleaning,8,16,E,8849
2020-12-30,72,10:29,Wednesday,PAPE STATION,Cleaning,19,37,N,8584
2020-12-30,54,10:30,Wednesday,EGLINTON STATION,Cleaning,12,24,W,8864
2020-12-30,36,10:33,Wednesday,FINCH WEST STATION,Cleaning,5,10,W,3226
2020-12-30,47,10:35,Wednesday,YORKDALE STATION,Cleaning,15,30,S,1113
2020-12-30,34,10:40,Wednesday,KENNEDY STATION,Cleaning,12,24,E,8767
2020-12-30,36,10:45,Wednesday,FINCH WEST STATION,Cleaning,5,10,E,9118
2020-12-30,5,10:49,Wednesday,QUEENS PARK LOOP,General Delay,88,118,B,8132
2020-12-30,927,10:54,Wednesday,STEELES AND MARTIN GRO,Mechanical,8,17,E,3333
2020-12-30,32,10:54,Wednesday,YONGE AND HILLDALE,Mechanical,11,22,S,1416
2020-12-30,70,10:56,Wednesday,WARDEN STATION,Cleaning,0,0,E,8802
2020-12-30,131,10:56,Wednesday,TAPSCOTT AND NEILSON,Cleaning,13,26,W,1215
2020-12-30,7,10:57,Wednesday,WILSON AND BATHURST,Operations - Operator,23,31,,0
2020-12-30,79,10:59,Wednesday,PINE AND WRIGHT,Cleaning,24,48,S,1356
2020-12-30,905,10:59,Wednesday,KENNEDY STATION,Cleaning,8,16,E,8660
2020-12-30,115,11:00,Wednesday,YORK MILLS STATION,Mechanical,20,40,,8354
2020-12-30,59,11:03,Wednesday,OAK AND WESTON,Cleaning,45,90,W,3258
2020-12-30,24,11:04,Wednesday,VICTORIA PARK STATION,Cleaning,10,11,N,8546
2020-12-30,62,11:10,Wednesday,MAIN STREET STATION,Cleaning,22,44,W,9214
2020-12-30,53,11:22,Wednesday,PASSMORE AND MARKHAM,Cleaning,6,20,E,3423
2020-12-30,104,11:23,Wednesday,WILLMINGTON AND COMBE,Security,20,40,S,8356
2020-12-30,935,11:31,Wednesday,PIONNER VILLAGE STATIO,Cleaning,10,20,S,3647
2020-12-30,24,11:40,Wednesday,VICTORIA PARK STATION,Cleaning,5,15,N,8525
2020-12-30,122,11:43,Wednesday,YORK MILLS STATION,Cleaning,17,34,N,1367
2020-12-30,43,11:44,Wednesday,KENNEDY STATION,Cleaning,10,20,N,8769
2020-12-30,53,11:45,Wednesday,TAPSCOTT AND MARKHAM,Cleaning,13,20,E,9070
2020-12-30,26,11:46,Wednesday,JANE STATION,Cleaning,24,48,E,1263
2020-12-30,60,11:49,Wednesday,FINCH STATION,Cleaning,9,18,N,3232
2020-12-30,189,11:50,Wednesday,HIGH PARK STATION,Operations - Operator,25,50,W,7945
2020-12-30,36,11:59,Wednesday,FINCH WEST STATION,Cleaning,6,12,E,3320
2020-12-30,7,12:28,Wednesday,BATHURST AND RANEE,Emergency Services,8,16,S,9012
2020-12-30,60,12:37,Wednesday,FINCH STATION,Investigation,9,18,N,3329
2020-12-30,927,12:39,Wednesday,KIPLING STATION,Mechanical,8,17,N,3345
2020-12-30,64,12:40,Wednesday,MAIN STREET STATION,Cleaning,10,20,S,3170
2020-12-30,122,12:51,Wednesday,YORK MILLS STATION,Cleaning,17,34,W,8306
2020-12-30,42,13:02,Wednesday,FINCH STATION,Cleaning,15,30,,1365
2020-12-30,42,13:02,Wednesday,FINCH STATION,Mechanical,0,0,N,8111
2020-12-30,63,13:17,Wednesday,OAKWOOD LOOP,Cleaning,6,12,N,1290
2020-12-30,38,13:29,Wednesday,SCARBOROUGH CENTRE STA,Cleaning,12,24,W,3480
2020-12-30,100,13:36,Wednesday,DON MILLS AND WYNFORD,Cleaning,0,0,N,8828
2020-12-30,11,13:37,Wednesday,DAVISVILLE STATION,Cleaning,13,26,N,8185
2020-12-30,109,13:37,Wednesday,NEPTUNE AND BATHURST,Cleaning,40,80,N,1297
2020-12-30,127,13:39,Wednesday,TOWNSLEY LOOP,Emergency Services,23,46,E,1076
2020-12-30,72,13:43,Wednesday,PAPE STATION,Cleaning,19,38,N,3137
2020-12-30,124,13:48,Wednesday,LAWRENCE STATION,Cleaning,9,18,E,8174
2020-12-30,39,13:48,Wednesday,FINCH AND LESLIE,Cleaning,2,7,E,9083
2020-12-30,54,13:49,Wednesday,LAWRENCE AND MORNING D,General Delay,39,46,E,8797
2020-12-30,51,13:50,Wednesday,EGLINTON STATION,Cleaning,27,54,N,8375
2020-12-30,134,13:50,Wednesday,SCARBOROUGH CENTRE STA,Cleaning,13,26,S,3442
2020-12-30,7,13:54,Wednesday,BATHURST AND LAWRENCE,Cleaning,8,16,W,9020
2020-12-30,935,13:54,Wednesday,PIONEER VILLAGE STATIO,Cleaning,9,19,N,3368
2020-12-30,905,13:55,Wednesday,KENNEDY STATION,Cleaning,8,16,E,8899
2020-12-30,134,13:59,Wednesday,SCARBOROUGH CENTRE STA,Cleaning,13,26,S,1242
2020-12-30,35,14:02,Wednesday,JANE STATION,Cleaning,7,14,N,3573
2020-12-30,122,14:02,Wednesday,YORK MILLS STATION,Cleaning,17,34,W,8215
2020-12-30,59,14:03,Wednesday,OAK AND WESTON,Cleaning,29,74,W,3280
2020-12-30,67,14:05,Wednesday,VICTORIA PARK STATION,Cleaning,15,30,N,8904
2020-12-30,29,14:06,Wednesday,WILSON STATION,Cleaning,7,14,N,9037
2020-12-30,134,14:11,Wednesday,FINCHDENE SQUARE,Cleaning,13,26,S,3562
2020-12-30,100,14:14,Wednesday,OVERLEA AND THORNCLIFF,Emergency Services,9,18,E,8655
2020-12-30,79,14:15,Wednesday,RUNNYMEDE STATION,Cleaning,24,48,S,1353
2020-12-30,35,14:15,Wednesday,JANE STATION,Cleaning,10,20,S,3263
2020-12-30,134,14:17,Wednesday,SCARBOROUGH CENTRE STA,Cleaning,13,26,S,3554
2020-12-30,65,14:18,Wednesday,CASTLE FRANK STATION,Cleaning,13,26,S,8589
2020-12-30,29,14:21,Wednesday,WILSON STATION,Cleaning,7,14,N,9146
2020-12-30,90,14:25,Wednesday,ST CLAIR AND BATHURST,Mechanical,10,20,W,1369
2020-12-30,29,14:32,Wednesday,DUFFERIN AND QUEEN,Cleaning,7,14,N,9139
2020-12-30,935,14:50,Wednesday,PIONEER VILLAGE STATIO,Cleaning,9,18,S,3313
2020-12-30,29,14:55,Wednesday,WILSON STATION,Cleaning,7,14,S,9056
2020-12-30,24,14:58,Wednesday,VICTORIA PARK STATION,Cleaning,24,33,N,3129
2020-12-30,35,15:05,Wednesday,JANE STATION,Cleaning,10,20,S,3254
2020-12-30,84,15:06,Wednesday,PIONEER VILLAGE STATIO,Operations - Operator,30,61,E,0
2020-12-30,12,15:08,Wednesday,VICTORIA PARK STATION,Cleaning,23,46,,8961
2020-12-30,25,15:08,Wednesday,DON MILLS AND GREEN BE,Mechanical,10,20,N,8788
2020-12-30,39,15:08,Wednesday,FINCH AND NEILSON,Cleaning,7,14,E,3466
2020-12-30,79,15:09,Wednesday,RUNNYMEDE STATION,Cleaning,14,29,N,1266
2020-12-30,35,15:11,Wednesday,PIONEER VILLAGE STATIO,Mechanical,10,20,,3719
2020-12-30,134,15:14,Wednesday,SCARBOROUGH CENTRE STA,Cleaning,8,16,E,3489
2020-12-30,75,15:23,Wednesday,SHERBOURNE AND QUEEN,Cleaning,11,23,N,8384
2020-12-30,165,15:24,Wednesday,WILSON STATION,Operations - Operator,9,18,W,0
2020-12-30,29,15:28,Wednesday,DUFFERIN AND WILSON,Cleaning,7,14,S,9055
2020-12-30,124,15:37,Wednesday,LAWRENCE STATION,Operations - Operator,11,21,,8363
2020-12-30,88,15:40,Wednesday,ST CLAIR STATION,Cleaning,20,40,,8219
2020-12-30,47,15:48,Wednesday,YORKDALE STATION,Operations - Operator,20,27,,3738
2020-12-30,37,15:51,Wednesday,ISLINGTON STATION,Operations - Operator,24,48,S,7948
2020-12-30,131,16:15,Wednesday,SCARBOROUGH CENTRE STA,Cleaning,10,20,,1308
2020-12-30,34,16:40,Wednesday,EGLINTON AND IONVIEW,Investigation,6,6,W,8893
2020-12-30,131,16:40,Wednesday,LITTLES AND SEWELLS,Mechanical,10,20,E,1654
2020-12-30,35,16:40,Wednesday,JANE STATION,Cleaning,10,20,,3601
2020-12-30,116,16:44,Wednesday,LAWRENCE AND MORNINGSI,Mechanical,8,16,E,8811
2020-12-30,96,16:59,Wednesday,WILSON AND JANE,Operations - Operator,20,40,W,0
2020-12-30,47,17:02,Wednesday,LANSDOWNE AND ST CLAIR,Cleaning,27,47,S,1113
2020-12-30,34,17:05,Wednesday,EGLINTON STATION,Cleaning,12,24,,8931
2020-12-30,999,17:09,Wednesday,VICTORIA PARK AND SURR,Security,0,0,S,8482
2020-12-30,79,17:12,Wednesday,SCARLETT AND EGLINTON,Road Blocked - NON-TTC Collision,24,31,S,0
2020-12-30,72,17:19,Wednesday,PAPE STATION,Operations - Operator,25,47,,8400
2020-12-30,47,17:21,Wednesday,EARLSCOURT LOOP,Emergency Services,14,28,,1109
2020-12-30,32,17:33,Wednesday,EGLINTON AND SCARLETT,Road Blocked - NON-TTC Collision,25,36,W,1132
2020-12-30,73,17:38,Wednesday,SCARLETT AND EGLINTON,Road Blocked - NON-TTC Collision,87,102,S,8004
2020-12-30,65,17:38,Wednesday,BERKELEY AND FRONT ST,Cleaning,13,26,N,3161
2020-12-30,32,17:46,Wednesday,EGLINTON STATION,Collision - TTC,10,33,E,1110
2020-12-30,54,17:46,Wednesday,EGLINTON STATION,Collision - TTC,13,26,,8946
2020-12-30,43,17:55,Wednesday,KENNEDY AND SHEPPPARD,Road Blocked - NON-TTC Collision,219,228,B,8816
2020-12-30,11,17:57,Wednesday,BAYVIEW AND FINCH,Road Blocked - NON-TTC Collision,72,89,S,8383
2020-12-30,35,18:00,Wednesday,PIONEER VILLAGE STATIO,Investigation,10,20,,3254
2020-12-30,99,18:00,Wednesday,PIONEER VILLAGE STATIO,Investigation,0,0,S,3634
2020-12-30,29,18:05,Wednesday,WILSON STATION,Mechanical,7,14,N,9039
2020-12-30,85,18:07,Wednesday,SHEPPARD AND KENNEDY,Road Blocked - NON-TTC Collision,214,227,,0
2020-12-30,34,18:43,Wednesday,EGLINTON AND KENNEDY,Collision - TTC,2,6,W,8742
2020-12-30,12,19:43,Wednesday,KINGSTON AND CLIFFSIDE,Investigation,20,40,E,8570
2020-12-30,7,20:02,Wednesday,BATHURST AND DUPONT,Security,8,15,N,9016
2020-12-30,133,20:14,Wednesday,BELLAMY AND ELLESMERS,Mechanical,9,18,S,3515
2020-12-30,24,20:15,Wednesday,VICTORIA PARK AND ROWE,Investigation,11,24,S,8550
2020-12-30,129,20:22,Wednesday,SCARBOROUGH CENTRE STA,Cleaning,6,12,N,3408
2020-12-30,12,20:38,Wednesday,KINGSTON AND SANDOWN,Mechanical,20,40,S,8586
2020-12-30,63,20:40,Wednesday,OSSINGTON AND OAKWOOD,Investigation,25,33,N,0
2020-12-30,110,21:12,Wednesday,ISLINGTON STATION,Security,30,53,,8466
2020-12-30,102,21:32,Wednesday,CENTENNIAL COLLEGE - P,Security,17,34,,3119
2020-12-30,90,22:21,Wednesday,KIPLING STATION,Mechanical,13,26,,8011
2020-12-30,36,22:30,Wednesday,FINCH AND YONGE,Security,10,20,E,9128
2020-12-30,25,22:36,Wednesday,PAPE STATION,Operations - Operator,12,24,E,8910
2020-12-30,85,22:43,Wednesday,SHEPPARD AND BAYVIEW,Emergency Services,20,40,E,3564
2020-12-30,51,22:51,Wednesday,EGLNTON STATION,Cleaning,30,60,N,8201
2020-12-30,24,22:54,Wednesday,VICTORIA PARK AND FARM,Mechanical,3,13,S,3133
2020-12-30,32,23:09,Wednesday,EGLINTON AND SCOTT,Security,10,20,E,1021
2020-12-30,34,23:34,Wednesday,EGLINTON AND WARDEN,Security,10,20,W,8689
2020-12-30,32,23:55,Wednesday,EGLINTON STATION,Security,11,22,E,1269
2020-12-30,32,00:30,Wednesday,EGLINTON WEST STATION,Operations - Operator,11,22,,1021
2020-12-30,127,01:35,Wednesday,TODD BAYLIS AND INDUST,Investigation,0,0,,1076
2020-12-31,384,02:49,Thursday,SHEPPARD AND LAURA,Road Blocked - NON-TTC Collision,41,71,B,3212
2020-12-31,325,04:47,Thursday,DVP AND HIGHWAY 401,Operations - Operator,22,22,E,8859
2020-12-31,60,05:12,Thursday,SIGNET AND STEELES,Mechanical,6,19,E,3345
2020-12-31,37,05:25,Thursday,KIPLING AND STEELES,Mechanical,15,30,N,7959
2020-12-31,107,05:30,Thursday,ARROW GARAGE,Mechanical,20,0,N,3293
2020-12-31,24,06:00,Thursday,VICTORIA PARK AND MEIG,General Delay,120,121,N,8585
2020-12-31,86,06:13,Thursday,KENNEDY STATION,Mechanical,9,18,E,8872
2020-12-31,21,06:18,Thursday,BRIMLEY AND SHEPPARD,Operations - Operator,20,37,S,3436
2020-12-31,53,06:21,Thursday,FINCH STATION,Operations - Operator,30,60,E,9068
2020-12-31,929,06:28,Thursday,MOUNT DENNIS GARAGE,Vision,8,0,N,1066
2020-12-31,82,06:30,Thursday,ROSEDALE STATION,Operations - Operator,20,40,N,8351
2020-12-31,927,07:15,Thursday,HIGHWAY 27 AND STEELES,Mechanical,10,18,S,3205
2020-12-31,29,07:24,Thursday,1620 LAWRENCE AVE W,Mechanical,8,17,N,9027
2020-12-31,129,08:11,Thursday,SCARBOROUGH CENTRE STA,Vision,6,12,W,3475
2020-12-31,98,08:15,Thursday,SHEPPARD STATION,Mechanical,20,40,S,8309
2020-12-31,,08:35,Thursday,6087 KINGSTON ROAD,Utilized Off Route,0,0,,1308
2020-12-31,49,08:52,Thursday,KIPLING STATION,Mechanical,13,26,E,8044
2020-12-31,47,08:58,Thursday,YORKDALE STATION,Mechanical,0,0,S,1005
2020-12-31,36,09:02,Thursday,FINCH WEST STATION,Cleaning,6,12,N,3244
2020-12-31,165,09:03,Thursday,STEELES AND BARMAC,Cleaning,12,24,W,3586
2020-12-31,39,09:05,Thursday,FINCH AND MCCOWAN,Cleaning,6,12,E,9086
2020-12-31,53,09:20,Thursday,MARKHAM AND PASSMORE,Cleaning,7,14,N,9085
2020-12-31,30,09:24,Thursday,HIGH PARK STATION,Cleaning,20,40,N,8084
2020-12-31,6,09:27,Thursday,DAVENPORT AND DUPONT,Cleaning,0,0,N,1379
2020-12-31,36,09:29,Thursday,FINCH WEST STATION,Cleaning,6,12,E,9131
2020-12-31,67,09:48,Thursday,VICTORIA PARK STATION,Cleaning,15,30,N,8885
2020-12-31,133,09:56,Thursday,SCARBOROUGH CENTRE STA,Cleaning,11,22,E,3554
2020-12-31,39,09:57,Thursday,FINCH AND MCCOWAN,Cleaning,6,12,E,3535
2020-12-31,35,09:58,Thursday,PIONEER VILLAGE STATIO,Cleaning,0,0,N,3266
2020-12-31,106,09:59,Thursday,SHEPPARD WEST STATION,Cleaning,13,26,E,8187
2020-12-31,36,09:59,Thursday,FINCH AND ALBION,Mechanical,5,10,E,3247
2020-12-31,53,10:00,Thursday,PASSMORE AND MARKHAM,Cleaning,13,19,W,9072
2020-12-31,95,10:04,Thursday,ELLESMERE STATION,Cleaning,20,40,E,3487
2020-12-31,39,10:12,Thursday,FINCH AND MCCOWAN,Cleaning,6,12,E,3470
2020-12-31,59,10:17,Thursday,OAK AND WESTON,Cleaning,45,90,W,3282
2020-12-31,53,10:17,Thursday,PASSMORE AND MARKHAM,Cleaning,13,20,W,9076
2020-12-31,927,10:19,Thursday,STEELES LOOP AND MARTI,Mechanical,8,17,S,3280
2020-12-31,39,10:22,Thursday,FINCH AND MCCOWAN,Cleaning,6,12,E,1318
2020-12-31,85,10:27,Thursday,MEADOWVALE AND SHEPPAR,Cleaning,15,22,E,9080
2020-12-31,85,10:27,Thursday,MEADOWVALE AND SHEPPAR,Cleaning,15,22,E,9080
2020-12-31,133,10:29,Thursday,SCARBOROUGH CENTRE STA,Cleaning,11,22,W,3566
2020-12-31,36,10:34,Thursday,HUMBERWOOD LOOP,Operations - Operator,5,10,W,9103
2020-12-31,47,10:35,Thursday,YORKDALE STATION,Cleaning,0,0,S,1202
2020-12-31,122,10:38,Thursday,YORK MILLS STATION,Cleaning,17,34,W,8205
2020-12-31,39,10:42,Thursday,FINCH AND MCCOWAN,Cleaning,6,12,E,1331
2020-12-31,39,10:47,Thursday,FINCH AND MCCOWAN,Cleaning,6,12,E,3478
2020-12-31,133,10:51,Thursday,SCARBOROUGH CENTRE STA,Cleaning,11,22,W,3541
2020-12-31,52,10:53,Thursday,LAWRENCE WEST STATION,Cleaning,5,10,W,8108
2020-12-31,36,10:53,Thursday,FINCH WEST STATION,Mechanical,5,10,S,9100
2020-12-31,165,10:56,Thursday,BARMAC AND STEELES,Cleaning,12,24,S,3634
2020-12-31,67,10:57,Thursday,PHARMACY AND ST CLAIR,Cleaning,15,30,N,8802
2020-12-31,6,10:58,Thursday,DAVENPORT AND DUPONT,Cleaning,0,0,N,1502
2020-12-31,905,10:59,Thursday,KENNEDY STATION,Cleaning,8,16,E,8642
2020-12-31,95,11:04,Thursday,ELLESMERE STATION,Cleaning,20,40,E,1234
2020-12-31,122,11:12,Thursday,160 DUNCAN MILLS,Cleaning,17,34,W,8364
2020-12-31,935,11:22,Thursday,PIONEER VILLAGE STATIO,Cleaning,9,18,S,3185
2020-12-31,36,11:32,Thursday,FINCH AND MCCOWAN,Cleaning,6,12,E,3494
2020-12-31,95,11:44,Thursday,ELLESMERE STATION,Cleaning,20,40,E,3479
2020-12-31,905,11:49,Thursday,KENNEDY STATION,Cleaning,8,16,E,8807
2020-12-31,62,11:54,Thursday,MAIN STREET STATION,Cleaning,22,44,W,8512
2020-12-31,133,11:56,Thursday,SCARBOROUGH CENTRE STA,Cleaning,11,22,W,3544
2020-12-31,86,11:58,Thursday,KENNEDY STATION,Cleaning,10,20,E,8664
2020-12-31,86,12:06,Thursday,KENNEDY STATION,Operations - Operator,20,40,E,8851
2020-12-31,134,12:06,Thursday,TAPSCOTT AND WASHBURN,Mechanical,13,26,S,3409
2020-12-31,7,12:19,Thursday,BATHURST AND WILSON,Cleaning,8,16,S,9012
2020-12-31,11,12:34,Thursday,BAYVIEW AND STEELES,Mechanical,13,26,N,8219
2020-12-31,122,12:34,Thursday,YORK MILLS STATION,Cleaning,17,34,E,8115
2020-12-31,29,12:48,Thursday,WILSON STATION,Cleaning,7,14,N,9031
2020-12-31,34,12:55,Thursday,KENNEDY STATION,Cleaning,12,24,W,8840
2020-12-31,29,13:04,Thursday,DUFFERIN GATE LOOP,Cleaning,7,14,N,9150
2020-12-31,29,13:05,Thursday,WILSON STATION,Cleaning,7,14,N,9046
2020-12-31,60,13:06,Thursday,PIONEER VILLAGE STATIO,Cleaning,9,18,W,3321
2020-12-31,59,13:27,Thursday,JANE AND CHURCH,Mechanical,45,90,E,3649
2020-12-31,97,13:34,Thursday,HILDA AND STEELES,Vision,30,60,S,8101
2020-12-31,39,13:37,Thursday,FINCH AND NEILSON,Cleaning,16,32,E,9067
2020-12-31,72,13:37,Thursday,PAPE STATION,Mechanical,19,38,N,8579
2020-12-31,38,13:41,Thursday,SCARBOROUGH CENTRE STA,Cleaning,12,24,W,3435
2020-12-31,62,13:44,Thursday,DONCASTER AND MAIN,Cleaning,22,44,W,8591
2020-12-31,100,13:50,Thursday,DON MILLS AND WYNFORD,Cleaning,0,0,N,8919
2020-12-31,70,13:54,Thursday,PHARMACY AND CRAIGHTON,Cleaning,18,36,W,8686
2020-12-31,69,13:58,Thursday,WARDEN STATION,Emergency Services,6,11,S,8544
2020-12-31,11,14:02,Thursday,STEELES LOOP,Cleaning,12,24,N,8132
2020-12-31,927,14:08,Thursday,MARTIN GROVE AND LEXIN,Security,8,17,S,3601
2020-12-31,29,14:09,Thursday,WILSON STATION,Cleaning,7,14,N,9024
2020-12-31,67,14:18,Thursday,VICTORIA PARK STATION,Cleaning,15,30,E,8655
2020-12-31,54,14:22,Thursday,LAWRENCE RT STATION,Cleaning,12,25,W,8710
2020-12-31,64,14:30,Thursday,MAIN STREET STATION,Cleaning,10,20,S,9221
2020-12-31,36,14:36,Thursday,FINCH WEST STATION,Cleaning,5,10,E,9110
2020-12-31,900,14:38,Thursday,KIPLING STATION,Security,12,24,N,8007
2020-12-31,29,14:46,Thursday,DUFFERIN AND LAWRENCE,Cleaning,7,14,S,9038
2020-12-31,70,15:02,Thursday,PHARMACY AND CRAIGTON,Cleaning,19,38,W,8786
2020-12-31,34,15:05,Thursday,SPANBRIDGE AND GRENOBL,Cleaning,13,26,E,8770
2020-12-31,29,15:12,Thursday,DUFFERIN AND YORKDALE,Collision - TTC,7,14,N,9148
2020-12-31,42,15:41,Thursday,FINCH STATION,Operations - Operator,15,30,E,8343
2020-12-31,11,15:58,Thursday,DAVISVILLE STATION,Cleaning,17,34,S,8395
2020-12-31,134,16:14,Thursday,PROGRESS AND SHEPPARD,Mechanical,15,30,N,1217
2020-12-31,96,16:18,Thursday,HUMBERLINE LOOP,Operations - Operator,20,40,E,0
2020-12-31,115,16:36,Thursday,YORK MILLS STATION,Mechanical,24,48,E,8315
2020-12-31,88,16:42,Thursday,ST CLAIR STATION,Operations - Operator,20,40,W,8346
2020-12-31,11,16:51,Thursday,DAVISVILLE STATION,Operations - Operator,17,34,E,8395
2020-12-31,53,17:24,Thursday,STEELES AND MCCOWAN,Road Blocked - NON-TTC Collision,41,47,E,9096
2020-12-31,36,17:54,Thursday,HUMBERWOOD LOOP,Mechanical,7,14,E,3203
2020-12-31,11,18:10,Thursday,DAVISVILLE STATION,Operations - Operator,28,56,E,8219
2020-12-31,86,18:17,Thursday,KENNEDY STATION,Mechanical,16,32,E,8664
2020-12-31,952,18:23,Thursday,DIXON AND ROYAL YORK,Security,12,24,W,1372
2020-12-31,75,18:40,Thursday,LOWER SHERBOURNE AND T,Security,7,14,S,8129
2020-12-31,7,19:13,Thursday,GREENWIN VILLAGE,Mechanical,9,18,S,9001
2020-12-31,75,19:32,Thursday,SHERBOURNE AND BLOOR,Operations - Operator,8,15,N,8148
2020-12-31,108,19:46,Thursday,SHEPPARD WEST STATION,Mechanical,17,34,S,3226
2020-12-31,12,20:14,Thursday,KENNEDY STATION,Security,20,40,,3146
2020-12-31,70,20:20,Thursday,COXWELL STATION,Cleaning,22,44,E,8881
2020-12-31,98,20:26,Thursday,SENLAC AND FINCH,Operations - Operator,22,44,E,8312
2020-12-31,12,20:57,Thursday,2665 KINGSTON ROAD,Security,20,40,E,8550
2020-12-31,34,21:55,Thursday,EGLINTON AND BRENTCLIF,Security,0,0,W,8840
2020-12-31,22,21:56,Thursday,COXWELL AND GERRARD,Mechanical,0,0,S,8483
2020-12-31,116,23:22,Thursday,KENNEDY STATION,Mechanical,10,20,W,8760
2020-12-31,32,23:26,Thursday,EGLINTON STATION,Mechanical,11,33,W,1606
2020-12-31,36,23:44,Thursday,FINCH AND ISLINGTON,Security,10,20,W,3298
2020-12-31,43,00:32,Thursday,KENNEDY STATION,Security,14,28,,8706
2020-12-31,86,01:08,Thursday,MEADOWVALE AND SHEPPAR,Emergency Services,10,20,E,8899
2020-12-31,76,01:23,Thursday,LAKE SHORE AND MIMICO,Road Blocked - NON-TTC Collision,86,101,,0
2020-12-31,65,01:59,Thursday,CASTLE FRANK STATION,Investigation,0,0,,9231
